make_model,Actual Price,Predicted Price,Error,Squared Error,Absolute Error
Audi A1,15770.0,14357,-1413.0,1996569.0,1413.0
Audi A1,14500.0,19631,5131.0,26327161.0,5131.0
Audi A1,14640.0,15574,934.0,872356.0,934.0
Audi A1,14500.0,12913,-1587.0,2518569.0,1587.0
Audi A1,16790.0,15994,-796.0,633616.0,796.0
Audi A1,15090.0,16056,966.0,933156.0,966.0
Audi A1,16422.0,16160,-262.0,68644.0,262.0
Audi A1,14480.0,16333,1853.0,3433609.0,1853.0
Audi A1,16700.0,16479,-221.0,48841.0,221.0
Audi A1,17990.0,18542,552.0,304704.0,552.0
Audi A1,18500.0,21286,2786.0,7761796.0,2786.0
Audi A1,17990.0,18146,156.0,24336.0,156.0
Audi A1,18380.0,17825,-555.0,308025.0,555.0
Audi A1,18399.0,19007,608.0,369664.0,608.0
Audi A1,17990.0,16518,-1472.0,2166784.0,1472.0
Audi A1,18700.0,17837,-863.0,744769.0,863.0
Audi A1,18900.0,20920,2020.0,4080400.0,2020.0
Audi A1,18500.0,17432,-1068.0,1140624.0,1068.0
Audi A1,18400.0,18367,-33.0,1089.0,33.0
Audi A1,18500.0,21594,3094.0,9572836.0,3094.0
Audi A1,18500.0,18303,-197.0,38809.0,197.0
Audi A1,18500.0,18844,344.0,118336.0,344.0
Audi A1,18900.0,18019,-881.0,776161.0,881.0
Audi A1,18850.0,22907,4057.0,16459249.0,4057.0
Audi A1,18500.0,19824,1324.0,1752976.0,1324.0
Audi A1,8999.0,9981,982.0,964324.0,982.0
Audi A1,11444.0,11363,-81.0,6561.0,81.0
Audi A1,11300.0,11126,-174.0,30276.0,174.0
Audi A1,18900.0,20330,1430.0,2044900.0,1430.0
Audi A1,11290.0,13079,1789.0,3200521.0,1789.0
Audi A1,11440.0,10326,-1114.0,1240996.0,1114.0
Audi A1,11445.0,12152,707.0,499849.0,707.0
Audi A1,11700.0,14077,2377.0,5650129.0,2377.0
Audi A1,11900.0,9827,-2073.0,4297329.0,2073.0
Audi A1,11949.0,11429,-520.0,270400.0,520.0
Audi A1,11890.0,11678,-212.0,44944.0,212.0
Audi A1,11600.0,11745,145.0,21025.0,145.0
Audi A1,11900.0,11141,-759.0,576081.0,759.0
Audi A1,11630.0,10608,-1022.0,1044484.0,1022.0
Audi A1,11880.0,11796,-84.0,7056.0,84.0
Audi A1,11800.0,11351,-449.0,201601.0,449.0
Audi A1,11850.0,11824,-26.0,676.0,26.0
Audi A1,11569.0,10637,-932.0,868624.0,932.0
Audi A1,11490.0,12470,980.0,960400.0,980.0
Audi A1,11490.0,10246,-1244.0,1547536.0,1244.0
Audi A1,11500.0,10833,-667.0,444889.0,667.0
Audi A1,11790.0,13207,1417.0,2007889.0,1417.0
Audi A1,11490.0,10962,-528.0,278784.0,528.0
Audi A1,11470.0,9367,-2103.0,4422609.0,2103.0
Audi A1,11480.0,10977,-503.0,253009.0,503.0
Audi A1,11180.0,12284,1104.0,1218816.0,1104.0
Audi A1,11450.0,13890,2440.0,5953600.0,2440.0
Audi A1,11100.0,11479,379.0,143641.0,379.0
Audi A1,10900.0,12419,1519.0,2307361.0,1519.0
Audi A1,10999.0,13418,2419.0,5851561.0,2419.0
Audi A1,10900.0,11905,1005.0,1010025.0,1005.0
Audi A1,10950.0,13095,2145.0,4601025.0,2145.0
Audi A1,10800.0,10873,73.0,5329.0,73.0
Audi A1,10600.0,12324,1724.0,2972176.0,1724.0
Audi A1,10800.0,10553,-247.0,61009.0,247.0
Audi A1,9950.0,9273,-677.0,458329.0,677.0
Audi A1,10300.0,10817,517.0,267289.0,517.0
Audi A1,10000.0,8162,-1838.0,3378244.0,1838.0
Audi A1,18900.0,19406,506.0,256036.0,506.0
Audi A1,18900.0,20166,1266.0,1602756.0,1266.0
Audi A1,18900.0,19858,958.0,917764.0,958.0
Audi A1,18900.0,18537,-363.0,131769.0,363.0
Audi A1,18890.0,20158,1268.0,1607824.0,1268.0
Audi A1,18890.0,17937,-953.0,908209.0,953.0
Audi A1,18890.0,18922,32.0,1024.0,32.0
Audi A1,18880.0,18702,-178.0,31684.0,178.0
Audi A1,18880.0,18199,-681.0,463761.0,681.0
Audi A1,18880.0,18923,43.0,1849.0,43.0
Audi A1,18880.0,16584,-2296.0,5271616.0,2296.0
Audi A1,18880.0,18845,-35.0,1225.0,35.0
Audi A1,18880.0,19337,457.0,208849.0,457.0
Audi A1,18880.0,18907,27.0,729.0,27.0
Audi A1,18870.0,16955,-1915.0,3667225.0,1915.0
Audi A1,18850.0,22278,3428.0,11751184.0,3428.0
Audi A1,18500.0,21594,3094.0,9572836.0,3094.0
Audi A1,18870.0,20054,1184.0,1401856.0,1184.0
Audi A1,18497.0,16205,-2292.0,5253264.0,2292.0
Audi A1,18490.0,17720,-770.0,592900.0,770.0
Audi A1,18490.0,17541,-949.0,900601.0,949.0
Audi A1,18490.0,18545,55.0,3025.0,55.0
Audi A1,18500.0,15699,-2801.0,7845601.0,2801.0
Audi A1,18490.0,18800,310.0,96100.0,310.0
Audi A1,18490.0,17030,-1460.0,2131600.0,1460.0
Audi A1,18480.0,18539,59.0,3481.0,59.0
Audi A1,18480.0,20037,1557.0,2424249.0,1557.0
Audi A1,18470.0,20725,2255.0,5085025.0,2255.0
Audi A1,18444.0,16518,-1926.0,3709476.0,1926.0
Audi A1,18400.0,19081,681.0,463761.0,681.0
Audi A1,18400.0,21757,3357.0,11269449.0,3357.0
Audi A1,18900.0,20822,1922.0,3694084.0,1922.0
Audi A1,18900.0,19830,930.0,864900.0,930.0
Audi A1,18900.0,20483,1583.0,2505889.0,1583.0
Audi A1,18900.0,19565,665.0,442225.0,665.0
Audi A1,18900.0,20822,1922.0,3694084.0,1922.0
Audi A1,18900.0,20616,1716.0,2944656.0,1716.0
Audi A1,18900.0,20641,1741.0,3031081.0,1741.0
Audi A1,18900.0,20952,2052.0,4210704.0,2052.0
Audi A1,18900.0,21040,2140.0,4579600.0,2140.0
Audi A1,18900.0,21021,2121.0,4498641.0,2121.0
Audi A1,18900.0,21577,2677.0,7166329.0,2677.0
Audi A1,18900.0,20467,1567.0,2455489.0,1567.0
Audi A1,18900.0,21585,2685.0,7209225.0,2685.0
Audi A1,18900.0,19550,650.0,422500.0,650.0
Audi A1,18900.0,21424,2524.0,6370576.0,2524.0
Audi A1,18900.0,20100,1200.0,1440000.0,1200.0
Audi A1,18900.0,21189,2289.0,5239521.0,2289.0
Audi A1,18900.0,19188,288.0,82944.0,288.0
Audi A1,18850.0,19776,926.0,857476.0,926.0
Audi A1,18850.0,19511,661.0,436921.0,661.0
Audi A1,18850.0,16976,-1874.0,3511876.0,1874.0
Audi A1,18850.0,19805,955.0,912025.0,955.0
Audi A1,18840.0,19627,787.0,619369.0,787.0
Audi A1,18800.0,20865,2065.0,4264225.0,2065.0
Audi A1,18750.0,19489,739.0,546121.0,739.0
Audi A1,18730.0,23038,4308.0,18558864.0,4308.0
Audi A1,18700.0,17815,-885.0,783225.0,885.0
Audi A1,18690.0,18924,234.0,54756.0,234.0
Audi A1,18600.0,18149,-451.0,203401.0,451.0
Audi A1,18500.0,15755,-2745.0,7535025.0,2745.0
Audi A1,18500.0,19136,636.0,404496.0,636.0
Audi A1,18620.0,18811,191.0,36481.0,191.0
Audi A1,18500.0,18332,-168.0,28224.0,168.0
Audi A1,18500.0,15977,-2523.0,6365529.0,2523.0
Audi A1,18500.0,20341,1841.0,3389281.0,1841.0
Audi A1,18500.0,19071,571.0,326041.0,571.0
Audi A1,18333.0,18960,627.0,393129.0,627.0
Audi A1,18350.0,18425,75.0,5625.0,75.0
Audi A1,18349.0,20796,2447.0,5987809.0,2447.0
Audi A1,18333.0,18960,627.0,393129.0,627.0
Audi A1,18333.0,18871,538.0,289444.0,538.0
Audi A1,18300.0,18562,262.0,68644.0,262.0
Audi A1,18300.0,19965,1665.0,2772225.0,1665.0
Audi A1,18290.0,19188,898.0,806404.0,898.0
Audi A1,18250.0,21065,2815.0,7924225.0,2815.0
Audi A1,18200.0,21039,2839.0,8059921.0,2839.0
Audi A1,18185.0,17135,-1050.0,1102500.0,1050.0
Audi A1,18150.0,17690,-460.0,211600.0,460.0
Audi A1,18000.0,20004,2004.0,4016016.0,2004.0
Audi A1,17998.0,19163,1165.0,1357225.0,1165.0
Audi A1,17998.0,15374,-2624.0,6885376.0,2624.0
Audi A1,17990.0,16861,-1129.0,1274641.0,1129.0
Audi A1,17990.0,17058,-932.0,868624.0,932.0
Audi A1,17990.0,17925,-65.0,4225.0,65.0
Audi A1,17990.0,18683,693.0,480249.0,693.0
Audi A1,17989.0,15000,-2989.0,8934121.0,2989.0
Audi A1,17980.0,17517,-463.0,214369.0,463.0
Audi A1,17980.0,13568,-4412.0,19465744.0,4412.0
Audi A1,17970.0,20009,2039.0,4157521.0,2039.0
Audi A1,17980.0,20301,2321.0,5387041.0,2321.0
Audi A1,17970.0,18981,1011.0,1022121.0,1011.0
Audi A1,17950.0,17896,-54.0,2916.0,54.0
Audi A1,17950.0,19485,1535.0,2356225.0,1535.0
Audi A1,17950.0,21301,3351.0,11229201.0,3351.0
Audi A1,17950.0,18795,845.0,714025.0,845.0
Audi A1,17950.0,17983,33.0,1089.0,33.0
Audi A1,17944.0,19273,1329.0,1766241.0,1329.0
Audi A1,17940.0,18409,469.0,219961.0,469.0
Audi A1,17950.0,13161,-4789.0,22934521.0,4789.0
Audi A1,17500.0,17467,-33.0,1089.0,33.0
Audi A1,17500.0,15369,-2131.0,4541161.0,2131.0
Audi A1,17500.0,18584,1084.0,1175056.0,1084.0
Audi A1,17500.0,17714,214.0,45796.0,214.0
Audi A1,17450.0,16426,-1024.0,1048576.0,1024.0
Audi A1,17500.0,16979,-521.0,271441.0,521.0
Audi A1,17930.0,19132,1202.0,1444804.0,1202.0
Audi A1,17500.0,16160,-1340.0,1795600.0,1340.0
Audi A1,17495.0,17064,-431.0,185761.0,431.0
Audi A1,17490.0,17161,-329.0,108241.0,329.0
Audi A1,17490.0,17278,-212.0,44944.0,212.0
Audi A1,17490.0,20686,3196.0,10214416.0,3196.0
Audi A1,17449.0,16693,-756.0,571536.0,756.0
Audi A1,17445.0,18200,755.0,570025.0,755.0
Audi A1,17440.0,19523,2083.0,4338889.0,2083.0
Audi A1,17420.0,18618,1198.0,1435204.0,1198.0
Audi A1,17450.0,14794,-2656.0,7054336.0,2656.0
Audi A1,17445.0,19028,1583.0,2505889.0,1583.0
Audi A1,17370.0,18046,676.0,456976.0,676.0
Audi A1,17350.0,15567,-1783.0,3179089.0,1783.0
Audi A1,17900.0,15426,-2474.0,6120676.0,2474.0
Audi A1,17930.0,19471,1541.0,2374681.0,1541.0
Audi A1,17920.0,17072,-848.0,719104.0,848.0
Audi A1,17900.0,17786,-114.0,12996.0,114.0
Audi A1,17900.0,16731,-1169.0,1366561.0,1169.0
Audi A1,17900.0,19640,1740.0,3027600.0,1740.0
Audi A1,17900.0,20680,2780.0,7728400.0,2780.0
Audi A1,17900.0,18052,152.0,23104.0,152.0
Audi A1,17900.0,17774,-126.0,15876.0,126.0
Audi A1,17900.0,15573,-2327.0,5414929.0,2327.0
Audi A1,17900.0,19029,1129.0,1274641.0,1129.0
Audi A1,17900.0,17646,-254.0,64516.0,254.0
Audi A1,17900.0,18999,1099.0,1207801.0,1099.0
Audi A1,17900.0,15338,-2562.0,6563844.0,2562.0
Audi A1,17890.0,17850,-40.0,1600.0,40.0
Audi A1,16900.0,16166,-734.0,538756.0,734.0
Audi A1,17900.0,19870,1970.0,3880900.0,1970.0
Audi A1,16900.0,17669,769.0,591361.0,769.0
Audi A1,16900.0,13484,-3416.0,11669056.0,3416.0
Audi A1,17890.0,17054,-836.0,698896.0,836.0
Audi A1,17900.0,19153,1253.0,1570009.0,1253.0
Audi A1,17900.0,17859,-41.0,1681.0,41.0
Audi A1,16900.0,15690,-1210.0,1464100.0,1210.0
Audi A1,16890.0,17296,406.0,164836.0,406.0
Audi A1,16890.0,16936,46.0,2116.0,46.0
Audi A1,16880.0,15717,-1163.0,1352569.0,1163.0
Audi A1,16880.0,17308,428.0,183184.0,428.0
Audi A1,16880.0,18218,1338.0,1790244.0,1338.0
Audi A1,16880.0,17297,417.0,173889.0,417.0
Audi A1,16879.0,17994,1115.0,1243225.0,1115.0
Audi A1,16870.0,16994,124.0,15376.0,124.0
Audi A1,16850.0,18661,1811.0,3279721.0,1811.0
Audi A1,16840.0,18176,1336.0,1784896.0,1336.0
Audi A1,16830.0,16636,-194.0,37636.0,194.0
Audi A1,16876.0,17136,260.0,67600.0,260.0
Audi A1,16820.0,16419,-401.0,160801.0,401.0
Audi A1,16800.0,15878,-922.0,850084.0,922.0
Audi A1,16790.0,17598,808.0,652864.0,808.0
Audi A1,16780.0,17860,1080.0,1166400.0,1080.0
Audi A1,16530.0,17776,1246.0,1552516.0,1246.0
Audi A1,16500.0,18441,1941.0,3767481.0,1941.0
Audi A1,16500.0,18498,1998.0,3992004.0,1998.0
Audi A1,16500.0,17378,878.0,770884.0,878.0
Audi A1,16500.0,18547,2047.0,4190209.0,2047.0
Audi A1,16500.0,15618,-882.0,777924.0,882.0
Audi A1,16490.0,13618,-2872.0,8248384.0,2872.0
Audi A1,16490.0,15348,-1142.0,1304164.0,1142.0
Audi A1,16490.0,15540,-950.0,902500.0,950.0
Audi A1,16480.0,17264,784.0,614656.0,784.0
Audi A1,16480.0,15549,-931.0,866761.0,931.0
Audi A1,16450.0,16808,358.0,128164.0,358.0
Audi A1,16480.0,17571,1091.0,1190281.0,1091.0
Audi A1,16480.0,14849,-1631.0,2660161.0,1631.0
Audi A1,16444.0,16288,-156.0,24336.0,156.0
Audi A1,16430.0,16273,-157.0,24649.0,157.0
Audi A1,16443.0,18744,2301.0,5294601.0,2301.0
Audi A1,17300.0,16724,-576.0,331776.0,576.0
Audi A1,17240.0,17205,-35.0,1225.0,35.0
Audi A1,17150.0,16300,-850.0,722500.0,850.0
Audi A1,17000.0,18858,1858.0,3452164.0,1858.0
Audi A1,16999.0,17473,474.0,224676.0,474.0
Audi A1,16999.0,19036,2037.0,4149369.0,2037.0
Audi A1,16995.0,14640,-2355.0,5546025.0,2355.0
Audi A1,16990.0,17014,24.0,576.0,24.0
Audi A1,16990.0,17895,905.0,819025.0,905.0
Audi A1,16980.0,17121,141.0,19881.0,141.0
Audi A1,16970.0,18315,1345.0,1809025.0,1345.0
Audi A1,16950.0,18664,1714.0,2937796.0,1714.0
Audi A1,16975.0,16404,-571.0,326041.0,571.0
Audi A1,16950.0,18000,1050.0,1102500.0,1050.0
Audi A1,16930.0,14914,-2016.0,4064256.0,2016.0
Audi A1,16900.0,17488,588.0,345744.0,588.0
Audi A1,16900.0,18175,1275.0,1625625.0,1275.0
Audi A1,16900.0,16809,-91.0,8281.0,91.0
Audi A1,16900.0,19289,2389.0,5707321.0,2389.0
Audi A1,17890.0,17069,-821.0,674041.0,821.0
Audi A1,17890.0,17728,-162.0,26244.0,162.0
Audi A1,17880.0,19349,1469.0,2157961.0,1469.0
Audi A1,17880.0,19059,1179.0,1390041.0,1179.0
Audi A1,17850.0,16085,-1765.0,3115225.0,1765.0
Audi A1,17750.0,18693,943.0,889249.0,943.0
Audi A1,17820.0,19887,2067.0,4272489.0,2067.0
Audi A1,17790.0,14436,-3354.0,11249316.0,3354.0
Audi A1,17777.0,17690,-87.0,7569.0,87.0
Audi A1,17820.0,21019,3199.0,10233601.0,3199.0
Audi A1,17770.0,18575,805.0,648025.0,805.0
Audi A1,17700.0,18205,505.0,255025.0,505.0
Audi A1,17700.0,18792,1092.0,1192464.0,1092.0
Audi A1,17700.0,19011,1311.0,1718721.0,1311.0
Audi A1,17700.0,17536,-164.0,26896.0,164.0
Audi A1,17650.0,19902,2252.0,5071504.0,2252.0
Audi A1,17650.0,18057,407.0,165649.0,407.0
Audi A1,17530.0,16073,-1457.0,2122849.0,1457.0
Audi A1,17500.0,16976,-524.0,274576.0,524.0
Audi A1,15420.0,17459,2039.0,4157521.0,2039.0
Audi A1,15250.0,16183,933.0,870489.0,933.0
Audi A1,15250.0,13913,-1337.0,1787569.0,1337.0
Audi A1,15190.0,17736,2546.0,6482116.0,2546.0
Audi A1,15090.0,16056,966.0,933156.0,966.0
Audi A1,15200.0,16069,869.0,755161.0,869.0
Audi A1,15180.0,13822,-1358.0,1844164.0,1358.0
Audi A1,15380.0,15733,353.0,124609.0,353.0
Audi A1,15090.0,16056,966.0,933156.0,966.0
Audi A1,15090.0,15804,714.0,509796.0,714.0
Audi A1,15090.0,15843,753.0,567009.0,753.0
Audi A1,15090.0,15729,639.0,408321.0,639.0
Audi A1,15090.0,15843,753.0,567009.0,753.0
Audi A1,15090.0,15804,714.0,509796.0,714.0
Audi A1,15090.0,15729,639.0,408321.0,639.0
Audi A1,15090.0,15729,639.0,408321.0,639.0
Audi A1,14250.0,17095,2845.0,8094025.0,2845.0
Audi A1,15090.0,16056,966.0,933156.0,966.0
Audi A1,14450.0,13214,-1236.0,1527696.0,1236.0
Audi A1,15090.0,15789,699.0,488601.0,699.0
Audi A1,14470.0,13999,-471.0,221841.0,471.0
Audi A1,14350.0,14146,-204.0,41616.0,204.0
Audi A1,14210.0,16114,1904.0,3625216.0,1904.0
Audi A1,14300.0,14510,210.0,44100.0,210.0
Audi A1,13892.0,12936,-956.0,913936.0,956.0
Audi A1,13990.0,15443,1453.0,2111209.0,1453.0
Audi A1,13950.0,16971,3021.0,9126441.0,3021.0
Audi A1,13900.0,13323,-577.0,332929.0,577.0
Audi A1,15090.0,15789,699.0,488601.0,699.0
Audi A1,15090.0,16056,966.0,933156.0,966.0
Audi A1,15090.0,15843,753.0,567009.0,753.0
Audi A1,15090.0,15789,699.0,488601.0,699.0
Audi A1,15090.0,15789,699.0,488601.0,699.0
Audi A1,15090.0,15843,753.0,567009.0,753.0
Audi A1,15090.0,15804,714.0,509796.0,714.0
Audi A1,15090.0,15789,699.0,488601.0,699.0
Audi A1,15090.0,15789,699.0,488601.0,699.0
Audi A1,15090.0,15843,753.0,567009.0,753.0
Audi A1,15090.0,15804,714.0,509796.0,714.0
Audi A1,15090.0,15729,639.0,408321.0,639.0
Audi A1,14990.0,15159,169.0,28561.0,169.0
Audi A1,15090.0,15729,639.0,408321.0,639.0
Audi A1,15090.0,15789,699.0,488601.0,699.0
Audi A1,15090.0,15843,753.0,567009.0,753.0
Audi A1,15000.0,16455,1455.0,2117025.0,1455.0
Audi A1,14998.0,11065,-3933.0,15468489.0,3933.0
Audi A1,14990.0,17857,2867.0,8219689.0,2867.0
Audi A1,13880.0,12612,-1268.0,1607824.0,1268.0
Audi A1,13500.0,15481,1981.0,3924361.0,1981.0
Audi A1,13480.0,12105,-1375.0,1890625.0,1375.0
Audi A1,13450.0,18422,4972.0,24720784.0,4972.0
Audi A1,13250.0,14162,912.0,831744.0,912.0
Audi A1,14990.0,14225,-765.0,585225.0,765.0
Audi A1,14990.0,14104,-886.0,784996.0,886.0
Audi A1,13599.0,14501,902.0,813604.0,902.0
Audi A1,14990.0,14049,-941.0,885481.0,941.0
Audi A1,14990.0,14104,-886.0,784996.0,886.0
Audi A1,14990.0,14051,-939.0,881721.0,939.0
Audi A1,14990.0,14104,-886.0,784996.0,886.0
Audi A1,14990.0,13977,-1013.0,1026169.0,1013.0
Audi A1,14990.0,14049,-941.0,885481.0,941.0
Audi A1,14990.0,14225,-765.0,585225.0,765.0
Audi A1,14990.0,14104,-886.0,784996.0,886.0
Audi A1,15700.0,16366,666.0,443556.0,666.0
Audi A1,15680.0,15047,-633.0,400689.0,633.0
Audi A1,14990.0,13977,-1013.0,1026169.0,1013.0
Audi A1,15750.0,15692,-58.0,3364.0,58.0
Audi A1,14990.0,14051,-939.0,881721.0,939.0
Audi A1,14990.0,14225,-765.0,585225.0,765.0
Audi A1,15660.0,16355,695.0,483025.0,695.0
Audi A1,15750.0,16182,432.0,186624.0,432.0
Audi A1,11000.0,15915,4915.0,24157225.0,4915.0
Audi A1,14990.0,14051,-939.0,881721.0,939.0
Audi A1,14990.0,14049,-941.0,885481.0,941.0
Audi A1,14990.0,14104,-886.0,784996.0,886.0
Audi A1,14990.0,14225,-765.0,585225.0,765.0
Audi A1,14990.0,14104,-886.0,784996.0,886.0
Audi A1,14990.0,15049,59.0,3481.0,59.0
Audi A1,14990.0,14049,-941.0,885481.0,941.0
Audi A1,14959.0,14650,-309.0,95481.0,309.0
Audi A1,14959.0,14703,-256.0,65536.0,256.0
Audi A1,14930.0,14384,-546.0,298116.0,546.0
Audi A1,14930.0,13070,-1860.0,3459600.0,1860.0
Audi A1,14950.0,14541,-409.0,167281.0,409.0
Audi A1,14930.0,14797,-133.0,17689.0,133.0
Audi A1,14900.0,15037,137.0,18769.0,137.0
Audi A1,14850.0,16241,1391.0,1934881.0,1391.0
Audi A1,14890.0,16738,1848.0,3415104.0,1848.0
Audi A1,14700.0,16626,1926.0,3709476.0,1926.0
Audi A1,14640.0,15470,830.0,688900.0,830.0
Audi A1,14799.0,13013,-1786.0,3189796.0,1786.0
Audi A1,14990.0,14051,-939.0,881721.0,939.0
Audi A1,14990.0,13977,-1013.0,1026169.0,1013.0
Audi A1,14990.0,13977,-1013.0,1026169.0,1013.0
Audi A1,14990.0,13977,-1013.0,1026169.0,1013.0
Audi A1,14990.0,14049,-941.0,885481.0,941.0
Audi A1,16395.0,16251,-144.0,20736.0,144.0
Audi A1,16400.0,17451,1051.0,1104601.0,1051.0
Audi A1,14990.0,14049,-941.0,885481.0,941.0
Audi A1,16290.0,15391,-899.0,808201.0,899.0
Audi A1,14990.0,14049,-941.0,885481.0,941.0
Audi A1,16199.0,16648,449.0,201601.0,449.0
Audi A1,15998.0,17410,1412.0,1993744.0,1412.0
Audi A1,15990.0,16965,975.0,950625.0,975.0
Audi A1,16000.0,17421,1421.0,2019241.0,1421.0
Audi A1,16150.0,18469,2319.0,5377761.0,2319.0
Audi A1,16000.0,18614,2614.0,6832996.0,2614.0
Audi A1,15993.0,16446,453.0,205209.0,453.0
Audi A1,15990.0,16234,244.0,59536.0,244.0
Audi A1,15990.0,15930,-60.0,3600.0,60.0
Audi A1,15980.0,16102,122.0,14884.0,122.0
Audi A1,15590.0,14597,-993.0,986049.0,993.0
Audi A1,15990.0,14451,-1539.0,2368521.0,1539.0
Audi A1,15980.0,16798,818.0,669124.0,818.0
Audi A1,15990.0,18653,2663.0,7091569.0,2663.0
Audi A1,15980.0,15064,-916.0,839056.0,916.0
Audi A1,15990.0,17649,1659.0,2752281.0,1659.0
Audi A1,15580.0,17921,2341.0,5480281.0,2341.0
Audi A1,15490.0,16095,605.0,366025.0,605.0
Audi A1,15500.0,16150,650.0,422500.0,650.0
Audi A1,15490.0,17489,1999.0,3996001.0,1999.0
Audi A1,15500.0,12450,-3050.0,9302500.0,3050.0
Audi A1,15500.0,16171,671.0,450241.0,671.0
Audi A1,15490.0,20029,4539.0,20602521.0,4539.0
Audi A1,15480.0,17748,2268.0,5143824.0,2268.0
Audi A1,15450.0,17086,1636.0,2676496.0,1636.0
Audi A1,15450.0,14881,-569.0,323761.0,569.0
Audi A1,15450.0,20344,4894.0,23951236.0,4894.0
Audi A1,15450.0,16265,815.0,664225.0,815.0
Audi A1,15444.0,15930,486.0,236196.0,486.0
Audi A1,15960.0,15802,-158.0,24964.0,158.0
Audi A1,15960.0,15970,10.0,100.0,10.0
Audi A1,15930.0,15825,-105.0,11025.0,105.0
Audi A1,15900.0,15906,6.0,36.0,6.0
Audi A1,15900.0,17049,1149.0,1320201.0,1149.0
Audi A1,15900.0,15658,-242.0,58564.0,242.0
Audi A1,15425.0,14689,-736.0,541696.0,736.0
Audi A1,14990.0,14051,-939.0,881721.0,939.0
Audi A1,15889.0,14530,-1359.0,1846881.0,1359.0
Audi A1,15970.0,15703,-267.0,71289.0,267.0
Audi A1,15889.0,14127,-1762.0,3104644.0,1762.0
Audi A1,15880.0,15373,-507.0,257049.0,507.0
Audi A1,15850.0,15312,-538.0,289444.0,538.0
Audi A1,15850.0,15175,-675.0,455625.0,675.0
Audi A1,15800.0,16703,903.0,815409.0,903.0
Audi A1,15790.0,14911,-879.0,772641.0,879.0
Audi A1,15840.0,16534,694.0,481636.0,694.0
Audi A1,15830.0,15899,69.0,4761.0,69.0
Audi A1,15790.0,16054,264.0,69696.0,264.0
Audi A1,15789.0,16723,934.0,872356.0,934.0
Audi A1,15784.0,15005,-779.0,606841.0,779.0
Audi A1,15780.0,16196,416.0,173056.0,416.0
Audi A1,12170.0,11018,-1152.0,1327104.0,1152.0
Audi A1,12490.0,12109,-381.0,145161.0,381.0
Audi A1,12820.0,11512,-1308.0,1710864.0,1308.0
Audi A1,11950.0,13675,1725.0,2975625.0,1725.0
Audi A1,12480.0,11913,-567.0,321489.0,567.0
Audi A1,12480.0,12054,-426.0,181476.0,426.0
Audi A1,12480.0,10894,-1586.0,2515396.0,1586.0
Audi A1,12900.0,13220,320.0,102400.0,320.0
Audi A1,13420.0,12468,-952.0,906304.0,952.0
Audi A1,13490.0,10938,-2552.0,6512704.0,2552.0
Audi A1,13490.0,14348,858.0,736164.0,858.0
Audi A1,12900.0,12470,-430.0,184900.0,430.0
Audi A1,13680.0,11996,-1684.0,2835856.0,1684.0
Audi A1,13640.0,11264,-2376.0,5645376.0,2376.0
Audi A1,13650.0,13472,-178.0,31684.0,178.0
Audi A1,13490.0,13977,487.0,237169.0,487.0
Audi A1,13660.0,13174,-486.0,236196.0,486.0
Audi A1,13680.0,15792,2112.0,4460544.0,2112.0
Audi A1,13750.0,13242,-508.0,258064.0,508.0
Audi A1,13900.0,13669,-231.0,53361.0,231.0
Audi A1,13900.0,14000,100.0,10000.0,100.0
Audi A1,13900.0,12796,-1104.0,1218816.0,1104.0
Audi A1,13890.0,14037,147.0,21609.0,147.0
Audi A1,13890.0,14188,298.0,88804.0,298.0
Audi A1,13890.0,13878,-12.0,144.0,12.0
Audi A1,13890.0,10654,-3236.0,10471696.0,3236.0
Audi A1,13890.0,11392,-2498.0,6240004.0,2498.0
Audi A1,13900.0,15710,1810.0,3276100.0,1810.0
Audi A1,13890.0,12970,-920.0,846400.0,920.0
Audi A1,13890.0,15971,2081.0,4330561.0,2081.0
Audi A1,13890.0,15934,2044.0,4177936.0,2044.0
Audi A1,13890.0,15931,2041.0,4165681.0,2041.0
Audi A1,13940.0,10511,-3429.0,11758041.0,3429.0
Audi A1,13940.0,11826,-2114.0,4468996.0,2114.0
Audi A1,13940.0,11685,-2255.0,5085025.0,2255.0
Audi A1,13900.0,13214,-686.0,470596.0,686.0
Audi A1,13900.0,11047,-2853.0,8139609.0,2853.0
Audi A1,13900.0,13657,-243.0,59049.0,243.0
Audi A1,13900.0,11982,-1918.0,3678724.0,1918.0
Audi A1,13900.0,15860,1960.0,3841600.0,1960.0
Audi A1,13900.0,16335,2435.0,5929225.0,2435.0
Audi A1,13900.0,12580,-1320.0,1742400.0,1320.0
Audi A1,13900.0,12009,-1891.0,3575881.0,1891.0
Audi A1,13900.0,13795,-105.0,11025.0,105.0
Audi A1,13900.0,14036,136.0,18496.0,136.0
Audi A1,13900.0,16206,2306.0,5317636.0,2306.0
Audi A1,13900.0,16544,2644.0,6990736.0,2644.0
Audi A1,13900.0,16364,2464.0,6071296.0,2464.0
Audi A1,13900.0,13133,-767.0,588289.0,767.0
Audi A1,13900.0,12894,-1006.0,1012036.0,1006.0
Audi A1,13900.0,14040,140.0,19600.0,140.0
Audi A1,13880.0,12020,-1860.0,3459600.0,1860.0
Audi A1,13880.0,11383,-2497.0,6235009.0,2497.0
Audi A1,13880.0,12898,-982.0,964324.0,982.0
Audi A1,13880.0,12849,-1031.0,1062961.0,1031.0
Audi A1,13880.0,13497,-383.0,146689.0,383.0
Audi A1,13750.0,13127,-623.0,388129.0,623.0
Audi A1,13750.0,17514,3764.0,14167696.0,3764.0
Audi A1,13750.0,10143,-3607.0,13010449.0,3607.0
Audi A1,13720.0,11587,-2133.0,4549689.0,2133.0
Audi A1,13719.0,13166,-553.0,305809.0,553.0
Audi A1,13700.0,12550,-1150.0,1322500.0,1150.0
Audi A1,13710.0,12241,-1469.0,2157961.0,1469.0
Audi A1,13700.0,12107,-1593.0,2537649.0,1593.0
Audi A1,13700.0,11362,-2338.0,5466244.0,2338.0
Audi A1,13700.0,11312,-2388.0,5702544.0,2388.0
Audi A1,13700.0,14359,659.0,434281.0,659.0
Audi A1,13700.0,11872,-1828.0,3341584.0,1828.0
Audi A1,13700.0,12512,-1188.0,1411344.0,1188.0
Audi A1,13700.0,13873,173.0,29929.0,173.0
Audi A1,13700.0,13539,-161.0,25921.0,161.0
Audi A1,13690.0,14561,871.0,758641.0,871.0
Audi A1,13685.0,11097,-2588.0,6697744.0,2588.0
Audi A1,13680.0,13357,-323.0,104329.0,323.0
Audi A1,13880.0,12590,-1290.0,1664100.0,1290.0
Audi A1,13000.0,13758,758.0,574564.0,758.0
Audi A1,13000.0,11483,-1517.0,2301289.0,1517.0
Audi A1,13000.0,13178,178.0,31684.0,178.0
Audi A1,13000.0,13178,178.0,31684.0,178.0
Audi A1,13000.0,13263,263.0,69169.0,263.0
Audi A1,13000.0,14208,1208.0,1459264.0,1208.0
Audi A1,13000.0,12992,-8.0,64.0,8.0
Audi A1,12999.0,13392,393.0,154449.0,393.0
Audi A1,12999.0,13097,98.0,9604.0,98.0
Audi A1,12999.0,11981,-1018.0,1036324.0,1018.0
Audi A1,12990.0,14192,1202.0,1444804.0,1202.0
Audi A1,12990.0,12223,-767.0,588289.0,767.0
Audi A1,12990.0,12556,-434.0,188356.0,434.0
Audi A1,12990.0,11761,-1229.0,1510441.0,1229.0
Audi A1,13680.0,10961,-2719.0,7392961.0,2719.0
Audi A1,13680.0,12818,-862.0,743044.0,862.0
Audi A1,12990.0,9883,-3107.0,9653449.0,3107.0
Audi A1,12990.0,12457,-533.0,284089.0,533.0
Audi A1,13680.0,13151,-529.0,279841.0,529.0
Audi A1,12990.0,32443,19453.0,378419209.0,19453.0
Audi A1,13860.0,12253,-1607.0,2582449.0,1607.0
Audi A1,13840.0,13507,-333.0,110889.0,333.0
Audi A1,13850.0,13837,-13.0,169.0,13.0
Audi A1,13850.0,12903,-947.0,896809.0,947.0
Audi A1,13850.0,12903,-947.0,896809.0,947.0
Audi A1,13850.0,13287,-563.0,316969.0,563.0
Audi A1,13850.0,13062,-788.0,620944.0,788.0
Audi A1,13830.0,13484,-346.0,119716.0,346.0
Audi A1,13820.0,14015,195.0,38025.0,195.0
Audi A1,13820.0,12636,-1184.0,1401856.0,1184.0
Audi A1,13800.0,12717,-1083.0,1172889.0,1083.0
Audi A1,13800.0,12419,-1381.0,1907161.0,1381.0
Audi A1,13800.0,12081,-1719.0,2954961.0,1719.0
Audi A1,13799.0,15141,1342.0,1800964.0,1342.0
Audi A1,13794.0,14371,577.0,332929.0,577.0
Audi A1,13790.0,12956,-834.0,695556.0,834.0
Audi A1,13790.0,12365,-1425.0,2030625.0,1425.0
Audi A1,13790.0,12452,-1338.0,1790244.0,1338.0
Audi A1,12990.0,11879,-1111.0,1234321.0,1111.0
Audi A1,13780.0,13354,-426.0,181476.0,426.0
Audi A1,13640.0,10936,-2704.0,7311616.0,2704.0
Audi A1,13560.0,12906,-654.0,427716.0,654.0
Audi A1,13550.0,11827,-1723.0,2968729.0,1723.0
Audi A1,13770.0,14233,463.0,214369.0,463.0
Audi A1,13400.0,12366,-1034.0,1069156.0,1034.0
Audi A1,13400.0,12430,-970.0,940900.0,970.0
Audi A1,13400.0,14500,1100.0,1210000.0,1100.0
Audi A1,13400.0,15038,1638.0,2683044.0,1638.0
Audi A1,13400.0,13897,497.0,247009.0,497.0
Audi A1,13400.0,16659,3259.0,10621081.0,3259.0
Audi A1,13400.0,15525,2125.0,4515625.0,2125.0
Audi A1,13390.0,15593,2203.0,4853209.0,2203.0
Audi A1,13390.0,13242,-148.0,21904.0,148.0
Audi A1,13290.0,14950,1660.0,2755600.0,1660.0
Audi A1,13380.0,12375,-1005.0,1010025.0,1005.0
Audi A1,13360.0,13717,357.0,127449.0,357.0
Audi A1,13300.0,14825,1525.0,2325625.0,1525.0
Audi A1,13295.0,13544,249.0,62001.0,249.0
Audi A1,13290.0,12244,-1046.0,1094116.0,1046.0
Audi A1,13260.0,13701,441.0,194481.0,441.0
Audi A1,13200.0,13094,-106.0,11236.0,106.0
Audi A1,13550.0,14776,1226.0,1503076.0,1226.0
Audi A1,13500.0,14390,890.0,792100.0,890.0
Audi A1,13500.0,17507,4007.0,16056049.0,4007.0
Audi A1,13500.0,12338,-1162.0,1350244.0,1162.0
Audi A1,13500.0,15985,2485.0,6175225.0,2485.0
Audi A1,13500.0,10548,-2952.0,8714304.0,2952.0
Audi A1,13500.0,13226,-274.0,75076.0,274.0
Audi A1,13500.0,13224,-276.0,76176.0,276.0
Audi A1,13500.0,10726,-2774.0,7695076.0,2774.0
Audi A1,13200.0,11361,-1839.0,3381921.0,1839.0
Audi A1,12989.0,13226,237.0,56169.0,237.0
Audi A1,12985.0,11034,-1951.0,3806401.0,1951.0
Audi A1,12980.0,11364,-1616.0,2611456.0,1616.0
Audi A1,12980.0,12437,-543.0,294849.0,543.0
Audi A1,12980.0,12462,-518.0,268324.0,518.0
Audi A1,12980.0,11582,-1398.0,1954404.0,1398.0
Audi A1,12980.0,11578,-1402.0,1965604.0,1402.0
Audi A1,12950.0,11451,-1499.0,2247001.0,1499.0
Audi A1,12960.0,13345,385.0,148225.0,385.0
Audi A1,12950.0,13304,354.0,125316.0,354.0
Audi A1,12950.0,14810,1860.0,3459600.0,1860.0
Audi A1,12950.0,14345,1395.0,1946025.0,1395.0
Audi A1,12950.0,11777,-1173.0,1375929.0,1173.0
Audi A1,12950.0,9337,-3613.0,13053769.0,3613.0
Audi A1,12950.0,12569,-381.0,145161.0,381.0
Audi A1,12930.0,10547,-2383.0,5678689.0,2383.0
Audi A1,12900.0,10716,-2184.0,4769856.0,2184.0
Audi A1,12920.0,12722,-198.0,39204.0,198.0
Audi A1,12920.0,12689,-231.0,53361.0,231.0
Audi A1,13490.0,14148,658.0,432964.0,658.0
Audi A1,13490.0,10406,-3084.0,9511056.0,3084.0
Audi A1,13480.0,13214,-266.0,70756.0,266.0
Audi A1,13480.0,13554,74.0,5476.0,74.0
Audi A1,13480.0,14811,1331.0,1771561.0,1331.0
Audi A1,13490.0,14666,1176.0,1382976.0,1176.0
Audi A1,13475.0,13483,8.0,64.0,8.0
Audi A1,13470.0,12805,-665.0,442225.0,665.0
Audi A1,13470.0,11599,-1871.0,3500641.0,1871.0
Audi A1,13450.0,12741,-709.0,502681.0,709.0
Audi A1,13450.0,11035,-2415.0,5832225.0,2415.0
Audi A1,13450.0,15036,1586.0,2515396.0,1586.0
Audi A1,13430.0,11825,-1605.0,2576025.0,1605.0
Audi A1,13430.0,13413,-17.0,289.0,17.0
Audi A1,13430.0,13112,-318.0,101124.0,318.0
Audi A1,12790.0,10985,-1805.0,3258025.0,1805.0
Audi A1,12788.0,12492,-296.0,87616.0,296.0
Audi A1,12780.0,13107,327.0,106929.0,327.0
Audi A1,12740.0,10430,-2310.0,5336100.0,2310.0
Audi A1,12736.0,13632,896.0,802816.0,896.0
Audi A1,12720.0,12696,-24.0,576.0,24.0
Audi A1,12750.0,11333,-1417.0,2007889.0,1417.0
Audi A1,12750.0,13249,499.0,249001.0,499.0
Audi A1,12700.0,13298,598.0,357604.0,598.0
Audi A1,12700.0,8894,-3806.0,14485636.0,3806.0
Audi A1,12550.0,13201,651.0,423801.0,651.0
Audi A1,12500.0,11551,-949.0,900601.0,949.0
Audi A1,12699.0,12157,-542.0,293764.0,542.0
Audi A1,12600.0,13255,655.0,429025.0,655.0
Audi A1,12600.0,12713,113.0,12769.0,113.0
Audi A1,12699.0,9663,-3036.0,9217296.0,3036.0
Audi A1,12900.0,13103,203.0,41209.0,203.0
Audi A1,12900.0,9903,-2997.0,8982009.0,2997.0
Audi A1,12900.0,10367,-2533.0,6416089.0,2533.0
Audi A1,12500.0,12273,-227.0,51529.0,227.0
Audi A1,12500.0,12596,96.0,9216.0,96.0
Audi A1,12900.0,13796,896.0,802816.0,896.0
Audi A1,12900.0,10773,-2127.0,4524129.0,2127.0
Audi A1,12900.0,12547,-353.0,124609.0,353.0
Audi A1,12899.0,13728,829.0,687241.0,829.0
Audi A1,12890.0,12511,-379.0,143641.0,379.0
Audi A1,12888.0,12478,-410.0,168100.0,410.0
Audi A1,12890.0,13781,891.0,793881.0,891.0
Audi A1,12890.0,11914,-976.0,952576.0,976.0
Audi A1,12888.0,12613,-275.0,75625.0,275.0
Audi A1,12880.0,12252,-628.0,394384.0,628.0
Audi A1,12500.0,13210,710.0,504100.0,710.0
Audi A1,12860.0,14461,1601.0,2563201.0,1601.0
Audi A1,12850.0,12790,-60.0,3600.0,60.0
Audi A1,12840.0,14006,1166.0,1359556.0,1166.0
Audi A1,12820.0,12616,-204.0,41616.0,204.0
Audi A1,12000.0,9625,-2375.0,5640625.0,2375.0
Audi A1,12000.0,13663,1663.0,2765569.0,1663.0
Audi A1,12000.0,11246,-754.0,568516.0,754.0
Audi A1,11999.0,10592,-1407.0,1979649.0,1407.0
Audi A1,11990.0,13636,1646.0,2709316.0,1646.0
Audi A1,11990.0,13122,1132.0,1281424.0,1132.0
Audi A1,11990.0,11039,-951.0,904401.0,951.0
Audi A1,11999.0,12277,278.0,77284.0,278.0
Audi A1,11993.0,12936,943.0,889249.0,943.0
Audi A1,11990.0,13866,1876.0,3519376.0,1876.0
Audi A1,11990.0,11525,-465.0,216225.0,465.0
Audi A1,11990.0,13021,1031.0,1062961.0,1031.0
Audi A1,11990.0,13671,1681.0,2825761.0,1681.0
Audi A1,11982.0,12035,53.0,2809.0,53.0
Audi A1,11950.0,12383,433.0,187489.0,433.0
Audi A1,11950.0,9674,-2276.0,5180176.0,2276.0
Audi A1,12500.0,12913,413.0,170569.0,413.0
Audi A1,11990.0,11134,-856.0,732736.0,856.0
Audi A1,11980.0,10635,-1345.0,1809025.0,1345.0
Audi A1,12479.0,11253,-1226.0,1503076.0,1226.0
Audi A1,12400.0,11777,-623.0,388129.0,623.0
Audi A1,12470.0,11880,-590.0,348100.0,590.0
Audi A1,12499.0,10962,-1537.0,2362369.0,1537.0
Audi A1,12451.0,13205,754.0,568516.0,754.0
Audi A1,12440.0,15447,3007.0,9042049.0,3007.0
Audi A1,12400.0,13042,642.0,412164.0,642.0
Audi A1,12390.0,12928,538.0,289444.0,538.0
Audi A1,12380.0,13493,1113.0,1238769.0,1113.0
Audi A1,12380.0,12740,360.0,129600.0,360.0
Audi A1,12350.0,13025,675.0,455625.0,675.0
Audi A1,12200.0,12560,360.0,129600.0,360.0
Audi A1,12200.0,13674,1474.0,2172676.0,1474.0
Audi A1,13945.0,14558,613.0,375769.0,613.0
Audi A1,13979.0,14487,508.0,258064.0,508.0
Audi A1,13980.0,16742,2762.0,7628644.0,2762.0
Audi A1,13980.0,11427,-2553.0,6517809.0,2553.0
Audi A1,13980.0,13817,-163.0,26569.0,163.0
Audi A1,13990.0,15902,1912.0,3655744.0,1912.0
Audi A1,13990.0,16244,2254.0,5080516.0,2254.0
Audi A1,13990.0,14755,765.0,585225.0,765.0
Audi A1,13990.0,11150,-2840.0,8065600.0,2840.0
Audi A1,13990.0,10143,-3847.0,14799409.0,3847.0
Audi A1,14340.0,12219,-2121.0,4498641.0,2121.0
Audi A1,22150.0,22837,687.0,471969.0,687.0
Audi A1,32000.0,26135,-5865.0,34398225.0,5865.0
Audi A1,17999.0,20251,2252.0,5071504.0,2252.0
Audi A1,22090.0,23190,1100.0,1210000.0,1100.0
Audi A1,31990.0,26946,-5044.0,25441936.0,5044.0
Audi A1,13990.0,11298,-2692.0,7246864.0,2692.0
Audi A1,14200.0,13084,-1116.0,1245456.0,1116.0
Audi A1,37900.0,29489,-8411.0,70744921.0,8411.0
Audi A1,14340.0,13954,-386.0,148996.0,386.0
Audi A1,14330.0,14318,-12.0,144.0,12.0
Audi A1,14330.0,11913,-2417.0,5841889.0,2417.0
Audi A1,14300.0,11806,-2494.0,6220036.0,2494.0
Audi A1,14300.0,12230,-2070.0,4284900.0,2070.0
Audi A1,14300.0,12834,-1466.0,2149156.0,1466.0
Audi A1,14295.0,15309,1014.0,1028196.0,1014.0
Audi A1,14280.0,13433,-847.0,717409.0,847.0
Audi A1,14280.0,13381,-899.0,808201.0,899.0
Audi A1,14275.0,14685,410.0,168100.0,410.0
Audi A1,14250.0,14381,131.0,17161.0,131.0
Audi A1,14240.0,12587,-1653.0,2732409.0,1653.0
Audi A1,14220.0,16533,2313.0,5349969.0,2313.0
Audi A1,14220.0,15321,1101.0,1212201.0,1101.0
Audi A1,14200.0,14686,486.0,236196.0,486.0
Audi A1,14200.0,11511,-2689.0,7230721.0,2689.0
Audi A1,14200.0,12256,-1944.0,3779136.0,1944.0
Audi A1,14200.0,13705,-495.0,245025.0,495.0
Audi A1,35900.0,24838,-11062.0,122367844.0,11062.0
Audi A1,33900.0,23505,-10395.0,108056025.0,10395.0
Audi A1,30000.0,27482,-2518.0,6340324.0,2518.0
Audi A1,26400.0,25552,-848.0,719104.0,848.0
Audi A1,26500.0,25846,-654.0,427716.0,654.0
Audi A1,26500.0,26948,448.0,200704.0,448.0
Audi A1,27900.0,25119,-2781.0,7733961.0,2781.0
Audi A1,26900.0,25797,-1103.0,1216609.0,1103.0
Audi A1,28290.0,27503,-787.0,619369.0,787.0
Audi A1,26900.0,25707,-1193.0,1423249.0,1193.0
Audi A1,25900.0,33446,7546.0,56942116.0,7546.0
Audi A1,23490.0,25269,1779.0,3164841.0,1779.0
Audi A1,22500.0,19907,-2593.0,6723649.0,2593.0
Audi A1,14200.0,12948,-1252.0,1567504.0,1252.0
Audi A1,14200.0,15228,1028.0,1056784.0,1028.0
Audi A1,14200.0,13459,-741.0,549081.0,741.0
Audi A1,22500.0,24286,1786.0,3189796.0,1786.0
Audi A1,14199.0,11236,-2963.0,8779369.0,2963.0
Audi A1,14200.0,13076,-1124.0,1263376.0,1124.0
Audi A1,14000.0,15102,1102.0,1214404.0,1102.0
Audi A1,14000.0,13060,-940.0,883600.0,940.0
Audi A1,14000.0,14924,924.0,853776.0,924.0
Audi A1,14000.0,15093,1093.0,1194649.0,1093.0
Audi A1,14000.0,13373,-627.0,393129.0,627.0
Audi A1,14000.0,14251,251.0,63001.0,251.0
Audi A1,14000.0,13970,-30.0,900.0,30.0
Audi A1,14000.0,12283,-1717.0,2948089.0,1717.0
Audi A1,14000.0,14230,230.0,52900.0,230.0
Audi A1,13999.0,12925,-1074.0,1153476.0,1074.0
Audi A1,13999.0,12997,-1002.0,1004004.0,1002.0
Audi A1,13990.0,18788,4798.0,23020804.0,4798.0
Audi A1,14000.0,15171,1171.0,1371241.0,1171.0
Audi A1,21000.0,19302,-1698.0,2883204.0,1698.0
Audi A1,20900.0,21132,232.0,53824.0,232.0
Audi A1,20800.0,22835,2035.0,4141225.0,2035.0
Audi A1,20000.0,25400,5400.0,29160000.0,5400.0
Audi A1,19900.0,19218,-682.0,465124.0,682.0
Audi A1,19000.0,20366,1366.0,1865956.0,1366.0
Audi A1,20500.0,23289,2789.0,7778521.0,2789.0
Audi A1,19000.0,17315,-1685.0,2839225.0,1685.0
Audi A1,18900.0,22273,3373.0,11377129.0,3373.0
Audi A1,18500.0,19448,948.0,898704.0,948.0
Audi A1,18500.0,22119,3619.0,13097161.0,3619.0
Audi A1,18500.0,21041,2541.0,6456681.0,2541.0
Audi A1,18000.0,20838,2838.0,8054244.0,2838.0
Audi A1,18000.0,23287,5287.0,27952369.0,5287.0
Audi A1,18300.0,23696,5396.0,29116816.0,5396.0
Audi A1,18000.0,16803,-1197.0,1432809.0,1197.0
Audi A1,18000.0,19603,1603.0,2569609.0,1603.0
Audi A1,17945.0,20190,2245.0,5040025.0,2245.0
Audi A1,17500.0,18530,1030.0,1060900.0,1030.0
Audi A1,17000.0,20770,3770.0,14212900.0,3770.0
Audi A1,16900.0,17882,982.0,964324.0,982.0
Audi A1,16800.0,22742,5942.0,35307364.0,5942.0
Audi A1,16500.0,17822,1322.0,1747684.0,1322.0
Audi A1,16500.0,17556,1056.0,1115136.0,1056.0
Audi A1,16500.0,16656,156.0,24336.0,156.0
Audi A1,15999.0,20732,4733.0,22401289.0,4733.0
Audi A1,15980.0,19522,3542.0,12545764.0,3542.0
Audi A1,15950.0,16152,202.0,40804.0,202.0
Audi A1,15900.0,19081,3181.0,10118761.0,3181.0
Audi A1,15900.0,18884,2984.0,8904256.0,2984.0
Audi A1,15900.0,18494,2594.0,6728836.0,2594.0
Audi A1,15800.0,18184,2384.0,5683456.0,2384.0
Audi A1,15500.0,19059,3559.0,12666481.0,3559.0
Audi A1,14440.0,13749,-691.0,477481.0,691.0
Audi A1,14300.0,17047,2747.0,7546009.0,2747.0
Audi A1,12999.0,16694,3695.0,13653025.0,3695.0
Audi A1,15000.0,17353,2353.0,5536609.0,2353.0
Audi A1,14450.0,14157,-293.0,85849.0,293.0
Audi A1,14440.0,14072,-368.0,135424.0,368.0
Audi A1,15000.0,17451,2451.0,6007401.0,2451.0
Audi A1,14450.0,13431,-1019.0,1038361.0,1019.0
Audi A1,14430.0,14273,-157.0,24649.0,157.0
Audi A1,14430.0,14146,-284.0,80656.0,284.0
Audi A1,14405.0,13904,-501.0,251001.0,501.0
Audi A1,14400.0,16442,2042.0,4169764.0,2042.0
Audi A1,14391.0,15815,1424.0,2027776.0,1424.0
Audi A1,14430.0,15861,1431.0,2047761.0,1431.0
Audi A1,14390.0,14196,-194.0,37636.0,194.0
Audi A1,14390.0,12266,-2124.0,4511376.0,2124.0
Audi A1,14390.0,13620,-770.0,592900.0,770.0
Audi A1,14390.0,11532,-2858.0,8168164.0,2858.0
Audi A1,14390.0,16143,1753.0,3073009.0,1753.0
Audi A1,14388.0,14086,-302.0,91204.0,302.0
Audi A1,14380.0,14685,305.0,93025.0,305.0
Audi A1,14350.0,14533,183.0,33489.0,183.0
Audi A1,13990.0,13802,-188.0,35344.0,188.0
Audi A1,13990.0,12595,-1395.0,1946025.0,1395.0
Audi A1,13990.0,11598,-2392.0,5721664.0,2392.0
Audi A1,13990.0,12943,-1047.0,1096209.0,1047.0
Audi A1,13989.0,13479,-510.0,260100.0,510.0
Audi A1,13980.0,14060,80.0,6400.0,80.0
Audi A1,13990.0,15025,1035.0,1071225.0,1035.0
Audi A1,13990.0,12913,-1077.0,1159929.0,1077.0
Audi A1,13990.0,13037,-953.0,908209.0,953.0
Audi A1,13980.0,14287,307.0,94249.0,307.0
Audi A1,13970.0,11958,-2012.0,4048144.0,2012.0
Audi A1,13970.0,12150,-1820.0,3312400.0,1820.0
Audi A1,13950.0,13552,-398.0,158404.0,398.0
Audi A1,13960.0,11655,-2305.0,5313025.0,2305.0
Audi A1,13960.0,14789,829.0,687241.0,829.0
Audi A1,13955.0,13031,-924.0,853776.0,924.0
Audi A1,13950.0,12481,-1469.0,2157961.0,1469.0
Audi A1,13950.0,12905,-1045.0,1092025.0,1045.0
Audi A1,13950.0,13455,-495.0,245025.0,495.0
Audi A1,13950.0,13643,-307.0,94249.0,307.0
Audi A1,13950.0,16939,2989.0,8934121.0,2989.0
Audi A1,13950.0,10643,-3307.0,10936249.0,3307.0
Audi A1,13950.0,12519,-1431.0,2047761.0,1431.0
Audi A1,13950.0,13437,-513.0,263169.0,513.0
Audi A1,13950.0,13332,-618.0,381924.0,618.0
Audi A1,13950.0,12645,-1305.0,1703025.0,1305.0
Audi A1,13950.0,11917,-2033.0,4133089.0,2033.0
Audi A1,13980.0,11304,-2676.0,7160976.0,2676.0
Audi A1,13950.0,12991,-959.0,919681.0,959.0
Audi A1,13950.0,13052,-898.0,806404.0,898.0
Audi A1,18990.0,17679,-1311.0,1718721.0,1311.0
Audi A1,18980.0,20015,1035.0,1071225.0,1035.0
Audi A1,18990.0,20713,1723.0,2968729.0,1723.0
Audi A1,19120.0,18132,-988.0,976144.0,988.0
Audi A1,19875.0,20513,638.0,407044.0,638.0
Audi A1,19890.0,17330,-2560.0,6553600.0,2560.0
Audi A1,19887.0,19816,-71.0,5041.0,71.0
Audi A1,20450.0,18249,-2201.0,4844401.0,2201.0
Audi A1,20500.0,19280,-1220.0,1488400.0,1220.0
Audi A1,20500.0,19353,-1147.0,1315609.0,1147.0
Audi A1,20500.0,17963,-2537.0,6436369.0,2537.0
Audi A1,20900.0,21782,882.0,777924.0,882.0
Audi A1,20790.0,19727,-1063.0,1129969.0,1063.0
Audi A1,20990.0,19407,-1583.0,2505889.0,1583.0
Audi A1,21350.0,21708,358.0,128164.0,358.0
Audi A1,21400.0,20714,-686.0,470596.0,686.0
Audi A1,20900.0,20979,79.0,6241.0,79.0
Audi A1,21300.0,25717,4417.0,19509889.0,4417.0
Audi A1,21300.0,23604,2304.0,5308416.0,2304.0
Audi A1,21380.0,18861,-2519.0,6345361.0,2519.0
Audi A1,20900.0,20307,-593.0,351649.0,593.0
Audi A1,14890.0,15436,546.0,298116.0,546.0
Audi A1,14950.0,17683,2733.0,7469289.0,2733.0
Audi A1,14950.0,14238,-712.0,506944.0,712.0
Audi A1,14950.0,13371,-1579.0,2493241.0,1579.0
Audi A1,14950.0,13584,-1366.0,1865956.0,1366.0
Audi A1,21500.0,20638,-862.0,743044.0,862.0
Audi A1,14950.0,14102,-848.0,719104.0,848.0
Audi A1,14950.0,14834,-116.0,13456.0,116.0
Audi A1,21500.0,19891,-1609.0,2588881.0,1609.0
Audi A1,14931.0,14584,-347.0,120409.0,347.0
Audi A1,14931.0,14479,-452.0,204304.0,452.0
Audi A1,14910.0,13974,-936.0,876096.0,936.0
Audi A1,14900.0,15794,894.0,799236.0,894.0
Audi A1,14900.0,16461,1561.0,2436721.0,1561.0
Audi A1,14900.0,14832,-68.0,4624.0,68.0
Audi A1,14900.0,17748,2848.0,8111104.0,2848.0
Audi A1,14900.0,16261,1361.0,1852321.0,1361.0
Audi A1,14900.0,12643,-2257.0,5094049.0,2257.0
Audi A1,14900.0,14784,-116.0,13456.0,116.0
Audi A1,14900.0,20394,5494.0,30184036.0,5494.0
Audi A1,14899.0,17408,2509.0,6295081.0,2509.0
Audi A1,14885.0,14371,-514.0,264196.0,514.0
Audi A1,14880.0,16870,1990.0,3960100.0,1990.0
Audi A1,14900.0,15696,796.0,633616.0,796.0
Audi A1,14880.0,15486,606.0,367236.0,606.0
Audi A1,14500.0,15474,974.0,948676.0,974.0
Audi A1,14500.0,17749,3249.0,10556001.0,3249.0
Audi A1,14880.0,14994,114.0,12996.0,114.0
Audi A1,14879.0,17003,2124.0,4511376.0,2124.0
Audi A1,14500.0,16387,1887.0,3560769.0,1887.0
Audi A1,14500.0,15977,1477.0,2181529.0,1477.0
Audi A1,14500.0,12486,-2014.0,4056196.0,2014.0
Audi A1,14500.0,15861,1361.0,1852321.0,1361.0
Audi A1,14500.0,14150,-350.0,122500.0,350.0
Audi A1,14500.0,14618,118.0,13924.0,118.0
Audi A1,14500.0,17444,2944.0,8667136.0,2944.0
Audi A1,14500.0,18174,3674.0,13498276.0,3674.0
Audi A1,21500.0,17834,-3666.0,13439556.0,3666.0
Audi A1,21490.0,19326,-2164.0,4682896.0,2164.0
Audi A1,21490.0,20777,-713.0,508369.0,713.0
Audi A1,21490.0,21063,-427.0,182329.0,427.0
Audi A1,21480.0,20551,-929.0,863041.0,929.0
Audi A1,21460.0,19978,-1482.0,2196324.0,1482.0
Audi A1,21460.0,19179,-2281.0,5202961.0,2281.0
Audi A1,14790.0,18159,3369.0,11350161.0,3369.0
Audi A1,14790.0,12498,-2292.0,5253264.0,2292.0
Audi A1,21480.0,21388,-92.0,8464.0,92.0
Audi A1,14790.0,14836,46.0,2116.0,46.0
Audi A1,14780.0,17017,2237.0,5004169.0,2237.0
Audi A1,14780.0,16979,2199.0,4835601.0,2199.0
Audi A1,14780.0,13005,-1775.0,3150625.0,1775.0
Audi A1,14750.0,14374,-376.0,141376.0,376.0
Audi A1,14700.0,15617,917.0,840889.0,917.0
Audi A1,14750.0,15194,444.0,197136.0,444.0
Audi A1,14750.0,13386,-1364.0,1860496.0,1364.0
Audi A1,14730.0,16576,1846.0,3407716.0,1846.0
Audi A1,14680.0,16425,1745.0,3045025.0,1745.0
Audi A1,14499.0,14851,352.0,123904.0,352.0
Audi A1,14551.0,16103,1552.0,2408704.0,1552.0
Audi A1,14500.0,15539,1039.0,1079521.0,1039.0
Audi A1,14490.0,17721,3231.0,10439361.0,3231.0
Audi A1,14490.0,16089,1599.0,2556801.0,1599.0
Audi A1,14490.0,17748,3258.0,10614564.0,3258.0
Audi A1,14490.0,17895,3405.0,11594025.0,3405.0
Audi A1,14490.0,17924,3434.0,11792356.0,3434.0
Audi A1,14490.0,17740,3250.0,10562500.0,3250.0
Audi A1,14490.0,17740,3250.0,10562500.0,3250.0
Audi A1,21460.0,19614,-1846.0,3407716.0,1846.0
Audi A1,21460.0,20913,-547.0,299209.0,547.0
Audi A1,21450.0,22198,748.0,559504.0,748.0
Audi A1,21445.0,19278,-2167.0,4695889.0,2167.0
Audi A1,21430.0,23799,2369.0,5612161.0,2369.0
Audi A1,21406.0,27059,5653.0,31956409.0,5653.0
Audi A1,21420.0,19345,-2075.0,4305625.0,2075.0
Audi A1,21400.0,20090,-1310.0,1716100.0,1310.0
Audi A1,21400.0,19791,-1609.0,2588881.0,1609.0
Audi A1,14500.0,13925,-575.0,330625.0,575.0
Audi A1,14490.0,11259,-3231.0,10439361.0,3231.0
Audi A1,20990.0,18096,-2894.0,8375236.0,2894.0
Audi A1,20990.0,20926,-64.0,4096.0,64.0
Audi A1,20990.0,19612,-1378.0,1898884.0,1378.0
Audi A1,20990.0,19105,-1885.0,3553225.0,1885.0
Audi A1,20990.0,18165,-2825.0,7980625.0,2825.0
Audi A1,20990.0,19321,-1669.0,2785561.0,1669.0
Audi A1,20985.0,20847,-138.0,19044.0,138.0
Audi A1,20985.0,19932,-1053.0,1108809.0,1053.0
Audi A1,20980.0,24727,3747.0,14040009.0,3747.0
Audi A1,20950.0,21379,429.0,184041.0,429.0
Audi A1,20950.0,22118,1168.0,1364224.0,1168.0
Audi A1,20950.0,19425,-1525.0,2325625.0,1525.0
Audi A1,20950.0,19870,-1080.0,1166400.0,1080.0
Audi A1,20950.0,20682,-268.0,71824.0,268.0
Audi A1,20950.0,25460,4510.0,20340100.0,4510.0
Audi A1,20950.0,19248,-1702.0,2896804.0,1702.0
Audi A1,20940.0,21577,637.0,405769.0,637.0
Audi A1,20940.0,20375,-565.0,319225.0,565.0
Audi A1,20939.0,18118,-2821.0,7958041.0,2821.0
Audi A1,20900.0,22543,1643.0,2699449.0,1643.0
Audi A1,21300.0,18518,-2782.0,7739524.0,2782.0
Audi A1,21290.0,24256,2966.0,8797156.0,2966.0
Audi A1,21290.0,22920,1630.0,2656900.0,1630.0
Audi A1,21285.0,19812,-1473.0,2169729.0,1473.0
Audi A1,21275.0,19136,-2139.0,4575321.0,2139.0
Audi A1,21200.0,22974,1774.0,3147076.0,1774.0
Audi A1,21200.0,20252,-948.0,898704.0,948.0
Audi A1,21140.0,19978,-1162.0,1350244.0,1162.0
Audi A1,21100.0,26463,5363.0,28761769.0,5363.0
Audi A1,20999.0,20442,-557.0,310249.0,557.0
Audi A1,20999.0,20503,-496.0,246016.0,496.0
Audi A1,20999.0,20319,-680.0,462400.0,680.0
Audi A1,20995.0,19443,-1552.0,2408704.0,1552.0
Audi A1,20990.0,19139,-1851.0,3426201.0,1851.0
Audi A1,20990.0,18340,-2650.0,7022500.0,2650.0
Audi A1,20900.0,20288,-612.0,374544.0,612.0
Audi A1,20900.0,20371,-529.0,279841.0,529.0
Audi A1,20900.0,19945,-955.0,912025.0,955.0
Audi A1,20900.0,22510,1610.0,2592100.0,1610.0
Audi A1,20900.0,18953,-1947.0,3790809.0,1947.0
Audi A1,20900.0,21627,727.0,528529.0,727.0
Audi A1,20890.0,19875,-1015.0,1030225.0,1015.0
Audi A1,20890.0,18044,-2846.0,8099716.0,2846.0
Audi A1,20885.0,25248,4363.0,19035769.0,4363.0
Audi A1,20879.0,19816,-1063.0,1129969.0,1063.0
Audi A1,20840.0,20743,-97.0,9409.0,97.0
Audi A1,20860.0,17639,-3221.0,10374841.0,3221.0
Audi A1,20800.0,21587,787.0,619369.0,787.0
Audi A1,20500.0,18830,-1670.0,2788900.0,1670.0
Audi A1,20500.0,20092,-408.0,166464.0,408.0
Audi A1,20500.0,21156,656.0,430336.0,656.0
Audi A1,20800.0,19390,-1410.0,1988100.0,1410.0
Audi A1,20500.0,20226,-274.0,75076.0,274.0
Audi A1,20500.0,20986,486.0,236196.0,486.0
Audi A1,20800.0,21444,644.0,414736.0,644.0
Audi A1,20490.0,19994,-496.0,246016.0,496.0
Audi A1,20490.0,18408,-2082.0,4334724.0,2082.0
Audi A1,20490.0,22666,2176.0,4734976.0,2176.0
Audi A1,20500.0,21156,656.0,430336.0,656.0
Audi A1,20490.0,18360,-2130.0,4536900.0,2130.0
Audi A1,20480.0,19149,-1331.0,1771561.0,1331.0
Audi A1,20488.0,18482,-2006.0,4024036.0,2006.0
Audi A1,20480.0,19164,-1316.0,1731856.0,1316.0
Audi A1,20479.0,20136,-343.0,117649.0,343.0
Audi A1,20457.0,19339,-1118.0,1249924.0,1118.0
Audi A1,20457.0,19223,-1234.0,1522756.0,1234.0
Audi A1,20780.0,22017,1237.0,1530169.0,1237.0
Audi A1,20750.0,20255,-495.0,245025.0,495.0
Audi A1,20730.0,19445,-1285.0,1651225.0,1285.0
Audi A1,20700.0,23600,2900.0,8410000.0,2900.0
Audi A1,20700.0,19116,-1584.0,2509056.0,1584.0
Audi A1,20700.0,19436,-1264.0,1597696.0,1264.0
Audi A1,20700.0,20903,203.0,41209.0,203.0
Audi A1,20669.0,21186,517.0,267289.0,517.0
Audi A1,20685.0,19998,-687.0,471969.0,687.0
Audi A1,20680.0,21197,517.0,267289.0,517.0
Audi A1,20650.0,21203,553.0,305809.0,553.0
Audi A1,20570.0,19536,-1034.0,1069156.0,1034.0
Audi A1,20550.0,22395,1845.0,3404025.0,1845.0
Audi A1,20550.0,21604,1054.0,1110916.0,1054.0
Audi A1,20500.0,19841,-659.0,434281.0,659.0
Audi A1,20500.0,21368,868.0,753424.0,868.0
Audi A1,20500.0,21166,666.0,443556.0,666.0
Audi A1,20500.0,19051,-1449.0,2099601.0,1449.0
Audi A1,20500.0,21342,842.0,708964.0,842.0
Audi A1,20582.0,27059,6477.0,41951529.0,6477.0
Audi A1,19950.0,21696,1746.0,3048516.0,1746.0
Audi A1,19950.0,21618,1668.0,2782224.0,1668.0
Audi A1,19900.0,19357,-543.0,294849.0,543.0
Audi A1,19930.0,18528,-1402.0,1965604.0,1402.0
Audi A1,19900.0,18534,-1366.0,1865956.0,1366.0
Audi A1,19900.0,21063,1163.0,1352569.0,1163.0
Audi A1,19900.0,21410,1510.0,2280100.0,1510.0
Audi A1,19900.0,19340,-560.0,313600.0,560.0
Audi A1,19900.0,20950,1050.0,1102500.0,1050.0
Audi A1,19900.0,19538,-362.0,131044.0,362.0
Audi A1,19900.0,21400,1500.0,2250000.0,1500.0
Audi A1,19900.0,19747,-153.0,23409.0,153.0
Audi A1,19900.0,19152,-748.0,559504.0,748.0
Audi A1,19900.0,20515,615.0,378225.0,615.0
Audi A1,19890.0,18882,-1008.0,1016064.0,1008.0
Audi A1,19900.0,19489,-411.0,168921.0,411.0
Audi A1,19890.0,20673,783.0,613089.0,783.0
Audi A1,19890.0,19523,-367.0,134689.0,367.0
Audi A1,19890.0,19018,-872.0,760384.0,872.0
Audi A1,19890.0,19626,-264.0,69696.0,264.0
Audi A1,20450.0,19828,-622.0,386884.0,622.0
Audi A1,20444.0,18575,-1869.0,3493161.0,1869.0
Audi A1,20441.0,21038,597.0,356409.0,597.0
Audi A1,20400.0,20698,298.0,88804.0,298.0
Audi A1,20400.0,18576,-1824.0,3326976.0,1824.0
Audi A1,20380.0,23848,3468.0,12027024.0,3468.0
Audi A1,20350.0,22050,1700.0,2890000.0,1700.0
Audi A1,20290.0,20197,-93.0,8649.0,93.0
Audi A1,20090.0,20406,316.0,99856.0,316.0
Audi A1,20000.0,22901,2901.0,8415801.0,2901.0
Audi A1,20000.0,18336,-1664.0,2768896.0,1664.0
Audi A1,20000.0,21190,1190.0,1416100.0,1190.0
Audi A1,20080.0,23143,3063.0,9381969.0,3063.0
Audi A1,19999.0,16754,-3245.0,10530025.0,3245.0
Audi A1,19999.0,19429,-570.0,324900.0,570.0
Audi A1,19999.0,20147,148.0,21904.0,148.0
Audi A1,19999.0,20334,335.0,112225.0,335.0
Audi A1,19999.0,20490,491.0,241081.0,491.0
Audi A1,19990.0,18614,-1376.0,1893376.0,1376.0
Audi A1,19990.0,19308,-682.0,465124.0,682.0
Audi A1,19990.0,20565,575.0,330625.0,575.0
Audi A1,19990.0,20028,38.0,1444.0,38.0
Audi A1,19990.0,18748,-1242.0,1542564.0,1242.0
Audi A1,19990.0,20271,281.0,78961.0,281.0
Audi A1,19990.0,18923,-1067.0,1138489.0,1067.0
Audi A1,19990.0,19358,-632.0,399424.0,632.0
Audi A1,19990.0,18574,-1416.0,2005056.0,1416.0
Audi A1,19990.0,19792,-198.0,39204.0,198.0
Audi A1,19990.0,19723,-267.0,71289.0,267.0
Audi A1,19990.0,19473,-517.0,267289.0,517.0
Audi A1,19990.0,19837,-153.0,23409.0,153.0
Audi A1,19990.0,20364,374.0,139876.0,374.0
Audi A1,19988.0,19150,-838.0,702244.0,838.0
Audi A1,19980.0,20754,774.0,599076.0,774.0
Audi A1,19980.0,18920,-1060.0,1123600.0,1060.0
Audi A1,19980.0,18433,-1547.0,2393209.0,1547.0
Audi A1,19700.0,19336,-364.0,132496.0,364.0
Audi A1,19977.0,22001,2024.0,4096576.0,2024.0
Audi A1,19990.0,22709,2719.0,7392961.0,2719.0
Audi A1,19700.0,20833,1133.0,1283689.0,1133.0
Audi A1,19690.0,19950,260.0,67600.0,260.0
Audi A1,19959.0,19688,-271.0,73441.0,271.0
Audi A1,19640.0,21257,1617.0,2614689.0,1617.0
Audi A1,19600.0,19803,203.0,41209.0,203.0
Audi A1,19640.0,19611,-29.0,841.0,29.0
Audi A1,19560.0,19971,411.0,168921.0,411.0
Audi A1,19550.0,19552,2.0,4.0,2.0
Audi A1,19500.0,20194,694.0,481636.0,694.0
Audi A1,19500.0,20034,534.0,285156.0,534.0
Audi A1,19500.0,17198,-2302.0,5299204.0,2302.0
Audi A1,19500.0,20841,1341.0,1798281.0,1341.0
Audi A1,19490.0,22521,3031.0,9186961.0,3031.0
Audi A1,19450.0,19195,-255.0,65025.0,255.0
Audi A1,19449.0,20081,632.0,399424.0,632.0
Audi A1,19449.0,20342,893.0,797449.0,893.0
Audi A1,19449.0,18909,-540.0,291600.0,540.0
Audi A1,19440.0,20969,1529.0,2337841.0,1529.0
Audi A1,19880.0,19510,-370.0,136900.0,370.0
Audi A1,19878.0,20118,240.0,57600.0,240.0
Audi A1,19400.0,18177,-1223.0,1495729.0,1223.0
Audi A1,19870.0,21204,1334.0,1779556.0,1334.0
Audi A1,19850.0,18338,-1512.0,2286144.0,1512.0
Audi A1,19840.0,18813,-1027.0,1054729.0,1027.0
Audi A1,19840.0,21582,1742.0,3034564.0,1742.0
Audi A1,19840.0,21263,1423.0,2024929.0,1423.0
Audi A1,19838.0,25186,5348.0,28601104.0,5348.0
Audi A1,19800.0,20621,821.0,674041.0,821.0
Audi A1,19800.0,19190,-610.0,372100.0,610.0
Audi A1,19780.0,19523,-257.0,66049.0,257.0
Audi A1,19770.0,20279,509.0,259081.0,509.0
Audi A1,19779.0,20001,222.0,49284.0,222.0
Audi A1,19700.0,19649,-51.0,2601.0,51.0
Audi A1,19770.0,19318,-452.0,204304.0,452.0
Audi A1,19700.0,19275,-425.0,180625.0,425.0
Audi A1,19390.0,20049,659.0,434281.0,659.0
Audi A1,19388.0,23292,3904.0,15241216.0,3904.0
Audi A1,19388.0,22241,2853.0,8139609.0,2853.0
Audi A1,19700.0,19357,-343.0,117649.0,343.0
Audi A1,19377.0,18054,-1323.0,1750329.0,1323.0
Audi A1,19350.0,19979,629.0,395641.0,629.0
Audi A1,19214.0,25107,5893.0,34727449.0,5893.0
Audi A1,19190.0,18690,-500.0,250000.0,500.0
Audi A1,19100.0,19275,175.0,30625.0,175.0
Audi A1,19229.0,18911,-318.0,101124.0,318.0
Audi A1,19200.0,21869,2669.0,7123561.0,2669.0
Audi A1,19300.0,21403,2103.0,4422609.0,2103.0
Audi A1,19100.0,20637,1537.0,2362369.0,1537.0
Audi A1,19000.0,21330,2330.0,5428900.0,2330.0
Audi A1,18990.0,19749,759.0,576081.0,759.0
Audi A1,19000.0,18631,-369.0,136161.0,369.0
Audi A1,18980.0,19423,443.0,196249.0,443.0
Audi A1,18980.0,17196,-1784.0,3182656.0,1784.0
Audi A1,19000.0,17992,-1008.0,1016064.0,1008.0
Audi A1,18990.0,20653,1663.0,2765569.0,1663.0
Audi A1,18980.0,18622,-358.0,128164.0,358.0
Audi A1,18970.0,19016,46.0,2116.0,46.0
Audi A1,18950.0,21373,2423.0,5870929.0,2423.0
Audi A1,18970.0,19238,268.0,71824.0,268.0
Audi A1,18950.0,19908,958.0,917764.0,958.0
Audi A1,18910.0,19342,432.0,186624.0,432.0
Audi A1,18900.0,18492,-408.0,166464.0,408.0
Audi A1,15300.0,16169,869.0,755161.0,869.0
Audi A1,14950.0,16501,1551.0,2405601.0,1551.0
Audi A1,15450.0,16725,1275.0,1625625.0,1275.0
Audi A1,15450.0,16889,1439.0,2070721.0,1439.0
Audi A1,15450.0,16212,762.0,580644.0,762.0
Audi A1,15290.0,14705,-585.0,342225.0,585.0
Audi A1,15188.0,16908,1720.0,2958400.0,1720.0
Audi A1,15000.0,14760,-240.0,57600.0,240.0
Audi A1,15450.0,16484,1034.0,1069156.0,1034.0
Audi A1,15290.0,14444,-846.0,715716.0,846.0
Audi A1,15799.0,19122,3323.0,11042329.0,3323.0
Audi A1,15740.0,16436,696.0,484416.0,696.0
Audi A1,15679.0,19227,3548.0,12588304.0,3548.0
Audi A1,15799.0,19402,3603.0,12981609.0,3603.0
Audi A1,15690.0,17043,1353.0,1830609.0,1353.0
Audi A1,15690.0,15787,97.0,9409.0,97.0
Audi A1,15690.0,14689,-1001.0,1002001.0,1001.0
Audi A1,15890.0,13415,-2475.0,6125625.0,2475.0
Audi A1,15900.0,16015,115.0,13225.0,115.0
Audi A1,15900.0,16132,232.0,53824.0,232.0
Audi A1,15900.0,17413,1513.0,2289169.0,1513.0
Audi A1,15850.0,16655,805.0,648025.0,805.0
Audi A1,15850.0,16791,941.0,885481.0,941.0
Audi A1,15900.0,16891,991.0,982081.0,991.0
Audi A1,15900.0,15973,73.0,5329.0,73.0
Audi A1,15920.0,15646,-274.0,75076.0,274.0
Audi A1,15900.0,20446,4546.0,20666116.0,4546.0
Audi A1,15900.0,16108,208.0,43264.0,208.0
Audi A1,15900.0,19227,3327.0,11068929.0,3327.0
Audi A1,15900.0,13261,-2639.0,6964321.0,2639.0
Audi A1,15900.0,15171,-729.0,531441.0,729.0
Audi A1,15900.0,12655,-3245.0,10530025.0,3245.0
Audi A1,15900.0,14175,-1725.0,2975625.0,1725.0
Audi A1,15900.0,17786,1886.0,3556996.0,1886.0
Audi A1,15900.0,17062,1162.0,1350244.0,1162.0
Audi A1,15900.0,16239,339.0,114921.0,339.0
Audi A1,15900.0,16968,1068.0,1140624.0,1068.0
Audi A1,15900.0,17202,1302.0,1695204.0,1302.0
Audi A1,15900.0,15021,-879.0,772641.0,879.0
Audi A1,15900.0,16782,882.0,777924.0,882.0
Audi A1,15900.0,14679,-1221.0,1490841.0,1221.0
Audi A1,15900.0,16552,652.0,425104.0,652.0
Audi A1,15900.0,16490,590.0,348100.0,590.0
Audi A1,15900.0,16866,966.0,933156.0,966.0
Audi A1,15900.0,18280,2380.0,5664400.0,2380.0
Audi A1,15900.0,16390,490.0,240100.0,490.0
Audi A1,15900.0,16881,981.0,962361.0,981.0
Audi A1,15900.0,16226,326.0,106276.0,326.0
Audi A1,15900.0,16861,961.0,923521.0,961.0
Audi A1,15889.0,17805,1916.0,3671056.0,1916.0
Audi A1,15888.0,15619,-269.0,72361.0,269.0
Audi A1,15880.0,17272,1392.0,1937664.0,1392.0
Audi A1,15880.0,14981,-899.0,808201.0,899.0
Audi A1,15880.0,16212,332.0,110224.0,332.0
Audi A1,15880.0,17653,1773.0,3143529.0,1773.0
Audi A1,15880.0,15941,61.0,3721.0,61.0
Audi A1,15880.0,15935,55.0,3025.0,55.0
Audi A1,15880.0,17240,1360.0,1849600.0,1360.0
Audi A1,15875.0,16716,841.0,707281.0,841.0
Audi A1,15870.0,17281,1411.0,1990921.0,1411.0
Audi A1,15870.0,16975,1105.0,1221025.0,1105.0
Audi A1,15870.0,16963,1093.0,1194649.0,1093.0
Audi A1,15870.0,15762,-108.0,11664.0,108.0
Audi A1,15860.0,14938,-922.0,850084.0,922.0
Audi A1,15850.0,16338,488.0,238144.0,488.0
Audi A1,15850.0,16469,619.0,383161.0,619.0
Audi A1,15850.0,16655,805.0,648025.0,805.0
Audi A1,15850.0,16655,805.0,648025.0,805.0
Audi A1,15850.0,16649,799.0,638401.0,799.0
Audi A1,15869.0,18373,2504.0,6270016.0,2504.0
Audi A1,15850.0,16791,941.0,885481.0,941.0
Audi A1,15850.0,16680,830.0,688900.0,830.0
Audi A1,15850.0,16655,805.0,648025.0,805.0
Audi A1,15850.0,16844,994.0,988036.0,994.0
Audi A1,15850.0,16655,805.0,648025.0,805.0
Audi A1,15850.0,16655,805.0,648025.0,805.0
Audi A1,15850.0,16680,830.0,688900.0,830.0
Audi A1,15850.0,16649,799.0,638401.0,799.0
Audi A1,15850.0,16844,994.0,988036.0,994.0
Audi A1,15850.0,16791,941.0,885481.0,941.0
Audi A1,15850.0,16680,830.0,688900.0,830.0
Audi A1,15850.0,16649,799.0,638401.0,799.0
Audi A1,15850.0,16844,994.0,988036.0,994.0
Audi A1,15850.0,16844,994.0,988036.0,994.0
Audi A1,15850.0,16655,805.0,648025.0,805.0
Audi A1,15850.0,16844,994.0,988036.0,994.0
Audi A1,15900.0,17857,1957.0,3829849.0,1957.0
Audi A1,15900.0,14099,-1801.0,3243601.0,1801.0
Audi A1,15500.0,16899,1399.0,1957201.0,1399.0
Audi A1,15500.0,16036,536.0,287296.0,536.0
Audi A1,15900.0,17507,1607.0,2582449.0,1607.0
Audi A1,15890.0,17676,1786.0,3189796.0,1786.0
Audi A1,15890.0,17112,1222.0,1493284.0,1222.0
Audi A1,15900.0,18024,2124.0,4511376.0,2124.0
Audi A1,15890.0,16880,990.0,980100.0,990.0
Audi A1,15500.0,15405,-95.0,9025.0,95.0
Audi A1,15700.0,17196,1496.0,2238016.0,1496.0
Audi A1,15500.0,14879,-621.0,385641.0,621.0
Audi A1,15700.0,16021,321.0,103041.0,321.0
Audi A1,15700.0,18007,2307.0,5322249.0,2307.0
Audi A1,15500.0,14809,-691.0,477481.0,691.0
Audi A1,15500.0,14627,-873.0,762129.0,873.0
Audi A1,15495.0,17391,1896.0,3594816.0,1896.0
Audi A1,15499.0,19805,4306.0,18541636.0,4306.0
Audi A1,15499.0,16455,956.0,913936.0,956.0
Audi A1,15500.0,14097,-1403.0,1968409.0,1403.0
Audi A1,15500.0,17623,2123.0,4507129.0,2123.0
Audi A1,15490.0,14661,-829.0,687241.0,829.0
Audi A1,15490.0,14291,-1199.0,1437601.0,1199.0
Audi A1,15490.0,15512,22.0,484.0,22.0
Audi A1,15490.0,15980,490.0,240100.0,490.0
Audi A1,15490.0,15641,151.0,22801.0,151.0
Audi A1,15490.0,14916,-574.0,329476.0,574.0
Audi A1,15480.0,15166,-314.0,98596.0,314.0
Audi A1,15480.0,16226,746.0,556516.0,746.0
Audi A1,15690.0,15943,253.0,64009.0,253.0
Audi A1,15690.0,15548,-142.0,20164.0,142.0
Audi A1,15690.0,15113,-577.0,332929.0,577.0
Audi A1,15690.0,15488,-202.0,40804.0,202.0
Audi A1,15689.0,15234,-455.0,207025.0,455.0
Audi A1,15680.0,16399,719.0,516961.0,719.0
Audi A1,15680.0,14731,-949.0,900601.0,949.0
Audi A1,15680.0,16459,779.0,606841.0,779.0
Audi A1,15680.0,20018,4338.0,18818244.0,4338.0
Audi A1,15680.0,18044,2364.0,5588496.0,2364.0
Audi A1,15680.0,19392,3712.0,13778944.0,3712.0
Audi A1,15680.0,17374,1694.0,2869636.0,1694.0
Audi A1,15480.0,15763,283.0,80089.0,283.0
Audi A1,15670.0,15218,-452.0,204304.0,452.0
Audi A1,15679.0,17651,1972.0,3888784.0,1972.0
Audi A1,15667.0,16722,1055.0,1113025.0,1055.0
Audi A1,15620.0,16056,436.0,190096.0,436.0
Audi A1,15790.0,17342,1552.0,2408704.0,1552.0
Audi A1,15780.0,17075,1295.0,1677025.0,1295.0
Audi A1,15770.0,16623,853.0,727609.0,853.0
Audi A1,15780.0,16103,323.0,104329.0,323.0
Audi A1,15600.0,16387,787.0,619369.0,787.0
Audi A1,15750.0,14938,-812.0,659344.0,812.0
Audi A1,15750.0,16131,381.0,145161.0,381.0
Audi A1,15750.0,15700,-50.0,2500.0,50.0
Audi A1,15750.0,14275,-1475.0,2175625.0,1475.0
Audi A1,15750.0,16899,1149.0,1320201.0,1149.0
Audi A1,15750.0,14060,-1690.0,2856100.0,1690.0
Audi A1,15740.0,15592,-148.0,21904.0,148.0
Audi A1,15740.0,16510,770.0,592900.0,770.0
Audi A1,15600.0,16812,1212.0,1468944.0,1212.0
Audi A1,15600.0,16622,1022.0,1044484.0,1022.0
Audi A1,15600.0,16591,991.0,982081.0,991.0
Audi A1,15600.0,16894,1294.0,1674436.0,1294.0
Audi A1,15600.0,16431,831.0,690561.0,831.0
Audi A1,15590.0,16749,1159.0,1343281.0,1159.0
Audi A1,15599.0,16432,833.0,693889.0,833.0
Audi A1,15585.0,15407,-178.0,31684.0,178.0
Audi A1,15555.0,15668,113.0,12769.0,113.0
Audi A1,15580.0,15494,-86.0,7396.0,86.0
Audi A1,15580.0,15946,366.0,133956.0,366.0
Audi A1,15550.0,16877,1327.0,1760929.0,1327.0
Audi A1,15550.0,21422,5872.0,34480384.0,5872.0
Audi A1,15740.0,16112,372.0,138384.0,372.0
Audi A1,15740.0,16430,690.0,476100.0,690.0
Audi A1,15850.0,16680,830.0,688900.0,830.0
Audi A1,15700.0,19290,3590.0,12888100.0,3590.0
Audi A1,15700.0,14730,-970.0,940900.0,970.0
Audi A1,15700.0,15157,-543.0,294849.0,543.0
Audi A1,15550.0,15709,159.0,25281.0,159.0
Audi A1,15850.0,16655,805.0,648025.0,805.0
Audi A1,15850.0,17347,1497.0,2241009.0,1497.0
Audi A1,15850.0,16649,799.0,638401.0,799.0
Audi A1,15850.0,16745,895.0,801025.0,895.0
Audi A1,15850.0,16649,799.0,638401.0,799.0
Audi A1,15850.0,16791,941.0,885481.0,941.0
Audi A1,15850.0,17064,1214.0,1473796.0,1214.0
Audi A1,15850.0,17247,1397.0,1951609.0,1397.0
Audi A1,15844.0,14872,-972.0,944784.0,972.0
Audi A1,15840.0,16474,634.0,401956.0,634.0
Audi A1,15838.0,17089,1251.0,1565001.0,1251.0
Audi A1,15840.0,20970,5130.0,26316900.0,5130.0
Audi A1,15834.0,16399,565.0,319225.0,565.0
Audi A1,15834.0,16245,411.0,168921.0,411.0
Audi A1,15700.0,15097,-603.0,363609.0,603.0
Audi A1,15834.0,16537,703.0,494209.0,703.0
Audi A1,15834.0,16526,692.0,478864.0,692.0
Audi A1,15834.0,16635,801.0,641601.0,801.0
Audi A1,15290.0,15137,-153.0,23409.0,153.0
Audi A1,15834.0,16670,836.0,698896.0,836.0
Audi A1,15290.0,15065,-225.0,50625.0,225.0
Audi A1,15290.0,14705,-585.0,342225.0,585.0
Audi A1,15290.0,16642,1352.0,1827904.0,1352.0
Audi A1,15280.0,16124,844.0,712336.0,844.0
Audi A1,15250.0,14525,-725.0,525625.0,725.0
Audi A1,15249.0,12964,-2285.0,5221225.0,2285.0
Audi A1,15199.0,16920,1721.0,2961841.0,1721.0
Audi A1,15200.0,16499,1299.0,1687401.0,1299.0
Audi A1,15180.0,14348,-832.0,692224.0,832.0
Audi A1,15100.0,16355,1255.0,1575025.0,1255.0
Audi A1,15000.0,13491,-1509.0,2277081.0,1509.0
Audi A1,15000.0,11869,-3131.0,9803161.0,3131.0
Audi A1,15000.0,14762,-238.0,56644.0,238.0
Audi A1,15000.0,15219,219.0,47961.0,219.0
Audi A1,15450.0,16121,671.0,450241.0,671.0
Audi A1,15450.0,16264,814.0,662596.0,814.0
Audi A1,15450.0,17869,2419.0,5851561.0,2419.0
Audi A1,15450.0,16860,1410.0,1988100.0,1410.0
Audi A1,15444.0,17486,2042.0,4169764.0,2042.0
Audi A1,15400.0,15345,-55.0,3025.0,55.0
Audi A1,15440.0,15494,54.0,2916.0,54.0
Audi A1,15400.0,14563,-837.0,700569.0,837.0
Audi A1,15400.0,18761,3361.0,11296321.0,3361.0
Audi A1,15400.0,16658,1258.0,1582564.0,1258.0
Audi A1,15390.0,15926,536.0,287296.0,536.0
Audi A1,15350.0,15109,-241.0,58081.0,241.0
Audi A1,15000.0,15148,148.0,21904.0,148.0
Audi A1,14999.0,16135,1136.0,1290496.0,1136.0
Audi A1,14999.0,15220,221.0,48841.0,221.0
Audi A1,14999.0,16231,1232.0,1517824.0,1232.0
Audi A1,14999.0,14616,-383.0,146689.0,383.0
Audi A1,14990.0,15516,526.0,276676.0,526.0
Audi A1,14990.0,16639,1649.0,2719201.0,1649.0
Audi A1,14990.0,16081,1091.0,1190281.0,1091.0
Audi A1,14990.0,17196,2206.0,4866436.0,2206.0
Audi A1,14990.0,16734,1744.0,3041536.0,1744.0
Audi A1,14990.0,16487,1497.0,2241009.0,1497.0
Audi A1,14990.0,16462,1472.0,2166784.0,1472.0
Audi A1,14990.0,16050,1060.0,1123600.0,1060.0
Audi A1,14990.0,14966,-24.0,576.0,24.0
Audi A1,14980.0,14130,-850.0,722500.0,850.0
Audi A1,14980.0,15366,386.0,148996.0,386.0
Audi A1,14970.0,15175,205.0,42025.0,205.0
Audi A1,14960.0,16685,1725.0,2975625.0,1725.0
Audi A1,14980.0,15693,713.0,508369.0,713.0
Audi A1,15970.0,17301,1331.0,1771561.0,1331.0
Audi A1,15990.0,18285,2295.0,5267025.0,2295.0
Audi A1,15990.0,16196,206.0,42436.0,206.0
Audi A1,15990.0,16386,396.0,156816.0,396.0
Audi A1,15990.0,16050,60.0,3600.0,60.0
Audi A1,15990.0,14844,-1146.0,1313316.0,1146.0
Audi A1,15990.0,14830,-1160.0,1345600.0,1160.0
Audi A1,15990.0,14341,-1649.0,2719201.0,1649.0
Audi A1,15949.0,14085,-1864.0,3474496.0,1864.0
Audi A1,15990.0,15334,-656.0,430336.0,656.0
Audi A1,15990.0,18794,2804.0,7862416.0,2804.0
Audi A1,15960.0,14461,-1499.0,2247001.0,1499.0
Audi A1,15970.0,17197,1227.0,1505529.0,1227.0
Audi A1,15960.0,14857,-1103.0,1216609.0,1103.0
Audi A1,15960.0,15436,-524.0,274576.0,524.0
Audi A1,15960.0,17493,1533.0,2350089.0,1533.0
Audi A1,15960.0,15018,-942.0,887364.0,942.0
Audi A1,15950.0,16371,421.0,177241.0,421.0
Audi A1,15950.0,16639,689.0,474721.0,689.0
Audi A1,15950.0,17350,1400.0,1960000.0,1400.0
Audi A1,15950.0,17228,1278.0,1633284.0,1278.0
Audi A1,15950.0,17280,1330.0,1768900.0,1330.0
Audi A1,15950.0,17269,1319.0,1739761.0,1319.0
Audi A1,15950.0,17532,1582.0,2502724.0,1582.0
Audi A1,15950.0,14248,-1702.0,2896804.0,1702.0
Audi A1,15950.0,15848,-102.0,10404.0,102.0
Audi A1,15990.0,16155,165.0,27225.0,165.0
Audi A1,15950.0,14785,-1165.0,1357225.0,1165.0
Audi A1,15950.0,15457,-493.0,243049.0,493.0
Audi A1,15990.0,13987,-2003.0,4012009.0,2003.0
Audi A1,15950.0,14920,-1030.0,1060900.0,1030.0
Audi A1,15985.0,16926,941.0,885481.0,941.0
Audi A1,15985.0,16866,881.0,776161.0,881.0
Audi A1,15983.0,16580,597.0,356409.0,597.0
Audi A1,15980.0,15009,-971.0,942841.0,971.0
Audi A1,15980.0,16695,715.0,511225.0,715.0
Audi A1,15980.0,17794,1814.0,3290596.0,1814.0
Audi A1,15980.0,19450,3470.0,12040900.0,3470.0
Audi A1,15980.0,15596,-384.0,147456.0,384.0
Audi A1,15980.0,16156,176.0,30976.0,176.0
Audi A1,15980.0,14529,-1451.0,2105401.0,1451.0
Audi A1,15980.0,16960,980.0,960400.0,980.0
Audi A1,15980.0,13400,-2580.0,6656400.0,2580.0
Audi A1,15980.0,15621,-359.0,128881.0,359.0
Audi A1,15980.0,16826,846.0,715716.0,846.0
Audi A1,15980.0,14597,-1383.0,1912689.0,1383.0
Audi A1,15976.0,17136,1160.0,1345600.0,1160.0
Audi A1,15975.0,16012,37.0,1369.0,37.0
Audi A1,15972.0,16474,502.0,252004.0,502.0
Audi A1,15972.0,16674,702.0,492804.0,702.0
Audi A1,15972.0,16384,412.0,169744.0,412.0
Audi A1,15972.0,16575,603.0,363609.0,603.0
Audi A1,15970.0,16228,258.0,66564.0,258.0
Audi A1,15970.0,14952,-1018.0,1036324.0,1018.0
Audi A1,15970.0,17550,1580.0,2496400.0,1580.0
Audi A1,15970.0,16388,418.0,174724.0,418.0
Audi A1,15970.0,16900,930.0,864900.0,930.0
Audi A1,21550.0,22103,553.0,305809.0,553.0
Audi A1,21900.0,21245,-655.0,429025.0,655.0
Audi A1,21999.0,21023,-976.0,952576.0,976.0
Audi A1,21995.0,22196,201.0,40401.0,201.0
Audi A1,21990.0,19829,-2161.0,4669921.0,2161.0
Audi A1,22000.0,24046,2046.0,4186116.0,2046.0
Audi A1,22980.0,25830,2850.0,8122500.0,2850.0
Audi A1,23550.0,23047,-503.0,253009.0,503.0
Audi A1,22980.0,25362,2382.0,5673924.0,2382.0
Audi A1,23880.0,25797,1917.0,3674889.0,1917.0
Audi A1,23880.0,24486,606.0,367236.0,606.0
Audi A1,22950.0,22431,-519.0,269361.0,519.0
Audi A1,23540.0,23327,-213.0,45369.0,213.0
Audi A1,23500.0,20412,-3088.0,9535744.0,3088.0
Audi A1,16261.0,16168,-93.0,8649.0,93.0
Audi A1,16000.0,17335,1335.0,1782225.0,1335.0
Audi A1,16249.0,13947,-2302.0,5299204.0,2302.0
Audi A1,16240.0,16032,-208.0,43264.0,208.0
Audi A1,16370.0,17042,672.0,451584.0,672.0
Audi A1,16000.0,17233,1233.0,1520289.0,1233.0
Audi A1,16370.0,16857,487.0,237169.0,487.0
Audi A1,16400.0,17918,1518.0,2304324.0,1518.0
Audi A1,16400.0,17968,1568.0,2458624.0,1568.0
Audi A1,16400.0,16175,-225.0,50625.0,225.0
Audi A1,16380.0,16931,551.0,303601.0,551.0
Audi A1,16390.0,17482,1092.0,1192464.0,1092.0
Audi A1,16390.0,16553,163.0,26569.0,163.0
Audi A1,16445.0,16590,145.0,21025.0,145.0
Audi A1,16445.0,16129,-316.0,99856.0,316.0
Audi A1,16445.0,16451,6.0,36.0,6.0
Audi A1,16430.0,18257,1827.0,3337929.0,1827.0
Audi A1,16430.0,15599,-831.0,690561.0,831.0
Audi A1,16440.0,16031,-409.0,167281.0,409.0
Audi A1,16430.0,15210,-1220.0,1488400.0,1220.0
Audi A1,16430.0,17302,872.0,760384.0,872.0
Audi A1,16440.0,17744,1304.0,1700416.0,1304.0
Audi A1,16430.0,15467,-963.0,927369.0,963.0
Audi A1,16430.0,15603,-827.0,683929.0,827.0
Audi A1,16470.0,16747,277.0,76729.0,277.0
Audi A1,16405.0,16460,55.0,3025.0,55.0
Audi A1,16472.0,16859,387.0,149769.0,387.0
Audi A1,16470.0,18050,1580.0,2496400.0,1580.0
Audi A1,16470.0,17080,610.0,372100.0,610.0
Audi A1,16450.0,20953,4503.0,20277009.0,4503.0
Audi A1,16450.0,17594,1144.0,1308736.0,1144.0
Audi A1,16450.0,16744,294.0,86436.0,294.0
Audi A1,16450.0,18023,1573.0,2474329.0,1573.0
Audi A1,16450.0,16620,170.0,28900.0,170.0
Audi A1,16448.0,17383,935.0,874225.0,935.0
Audi A1,16445.0,16171,-274.0,75076.0,274.0
Audi A1,16390.0,16060,-330.0,108900.0,330.0
Audi A1,16445.0,16401,-44.0,1936.0,44.0
Audi A1,16445.0,16180,-265.0,70225.0,265.0
Audi A1,16445.0,16317,-128.0,16384.0,128.0
Audi A1,16445.0,16360,-85.0,7225.0,85.0
Audi A1,16445.0,16387,-58.0,3364.0,58.0
Audi A1,16445.0,16012,-433.0,187489.0,433.0
Audi A1,16445.0,16156,-289.0,83521.0,289.0
Audi A1,16445.0,15782,-663.0,439569.0,663.0
Audi A1,16445.0,17337,892.0,795664.0,892.0
Audi A1,15990.0,16291,301.0,90601.0,301.0
Audi A1,15990.0,16894,904.0,817216.0,904.0
Audi A1,15990.0,16710,720.0,518400.0,720.0
Audi A1,15990.0,17265,1275.0,1625625.0,1275.0
Audi A1,15990.0,16240,250.0,62500.0,250.0
Audi A1,15990.0,16605,615.0,378225.0,615.0
Audi A1,16360.0,16926,566.0,320356.0,566.0
Audi A1,16321.0,16317,-4.0,16.0,4.0
Audi A1,16321.0,16344,23.0,529.0,23.0
Audi A1,16300.0,17837,1537.0,2362369.0,1537.0
Audi A1,16300.0,17624,1324.0,1752976.0,1324.0
Audi A1,16370.0,17372,1002.0,1004004.0,1002.0
Audi A1,16300.0,18097,1797.0,3229209.0,1797.0
Audi A1,16300.0,17656,1356.0,1838736.0,1356.0
Audi A1,16290.0,16789,499.0,249001.0,499.0
Audi A1,16290.0,16611,321.0,103041.0,321.0
Audi A1,16280.0,17071,791.0,625681.0,791.0
Audi A1,16261.0,16596,335.0,112225.0,335.0
Audi A1,16261.0,16129,-132.0,17424.0,132.0
Audi A1,16261.0,16565,304.0,92416.0,304.0
Audi A1,16270.0,17140,870.0,756900.0,870.0
Audi A1,16261.0,16474,213.0,45369.0,213.0
Audi A1,16261.0,16516,255.0,65025.0,255.0
Audi A1,16261.0,16400,139.0,19321.0,139.0
Audi A1,16261.0,16392,131.0,17161.0,131.0
Audi A1,16250.0,19748,3498.0,12236004.0,3498.0
Audi A1,16240.0,15970,-270.0,72900.0,270.0
Audi A1,16240.0,16152,-88.0,7744.0,88.0
Audi A1,16220.0,21377,5157.0,26594649.0,5157.0
Audi A1,16220.0,21375,5155.0,26574025.0,5155.0
Audi A1,16210.0,16881,671.0,450241.0,671.0
Audi A1,16200.0,16361,161.0,25921.0,161.0
Audi A1,16200.0,16849,649.0,421201.0,649.0
Audi A1,16200.0,18026,1826.0,3334276.0,1826.0
Audi A1,16200.0,17929,1729.0,2989441.0,1729.0
Audi A1,16200.0,17901,1701.0,2893401.0,1701.0
Audi A1,16200.0,17945,1745.0,3045025.0,1745.0
Audi A1,16140.0,19640,3500.0,12250000.0,3500.0
Audi A1,16135.0,16825,690.0,476100.0,690.0
Audi A1,16135.0,16874,739.0,546121.0,739.0
Audi A1,23500.0,20306,-3194.0,10201636.0,3194.0
Audi A1,23500.0,20306,-3194.0,10201636.0,3194.0
Audi A1,23500.0,20120,-3380.0,11424400.0,3380.0
Audi A1,23500.0,21744,-1756.0,3083536.0,1756.0
Audi A1,23500.0,21623,-1877.0,3523129.0,1877.0
Audi A1,23500.0,21900,-1600.0,2560000.0,1600.0
Audi A1,23480.0,25425,1945.0,3783025.0,1945.0
Audi A1,23475.0,23427,-48.0,2304.0,48.0
Audi A1,23450.0,23219,-231.0,53361.0,231.0
Audi A1,23475.0,23338,-137.0,18769.0,137.0
Audi A1,23467.0,22161,-1306.0,1705636.0,1306.0
Audi A1,23475.0,23269,-206.0,42436.0,206.0
Audi A1,23467.0,22261,-1206.0,1454436.0,1206.0
Audi A1,23450.0,21136,-2314.0,5354596.0,2314.0
Audi A1,23440.0,19832,-3608.0,13017664.0,3608.0
Audi A1,23400.0,23389,-11.0,121.0,11.0
Audi A1,23300.0,23852,552.0,304704.0,552.0
Audi A1,22950.0,21879,-1071.0,1147041.0,1071.0
Audi A1,23300.0,23562,262.0,68644.0,262.0
Audi A1,22940.0,25510,2570.0,6604900.0,2570.0
Audi A1,22940.0,21402,-1538.0,2365444.0,1538.0
Audi A1,22930.0,20600,-2330.0,5428900.0,2330.0
Audi A1,22930.0,21416,-1514.0,2292196.0,1514.0
Audi A1,23880.0,20723,-3157.0,9966649.0,3157.0
Audi A1,22900.0,25572,2672.0,7139584.0,2672.0
Audi A1,22900.0,24366,1466.0,2149156.0,1466.0
Audi A1,22900.0,20526,-2374.0,5635876.0,2374.0
Audi A1,23880.0,20486,-3394.0,11519236.0,3394.0
Audi A1,23829.0,23139,-690.0,476100.0,690.0
Audi A1,23880.0,20849,-3031.0,9186961.0,3031.0
Audi A1,23800.0,21858,-1942.0,3771364.0,1942.0
Audi A1,23800.0,24979,1179.0,1390041.0,1179.0
Audi A1,23777.0,23105,-672.0,451584.0,672.0
Audi A1,23750.0,25413,1663.0,2765569.0,1663.0
Audi A1,23750.0,25824,2074.0,4301476.0,2074.0
Audi A1,23700.0,20057,-3643.0,13271449.0,3643.0
Audi A1,23700.0,24281,581.0,337561.0,581.0
Audi A1,23700.0,24422,722.0,521284.0,722.0
Audi A1,23660.0,24465,805.0,648025.0,805.0
Audi A1,22900.0,22835,-65.0,4225.0,65.0
Audi A1,22900.0,22115,-785.0,616225.0,785.0
Audi A1,23690.0,21643,-2047.0,4190209.0,2047.0
Audi A1,23660.0,24727,1067.0,1138489.0,1067.0
Audi A1,23630.0,21485,-2145.0,4601025.0,2145.0
Audi A1,22900.0,25113,2213.0,4897369.0,2213.0
Audi A1,22830.0,21342,-1488.0,2214144.0,1488.0
Audi A1,22805.0,21168,-1637.0,2679769.0,1637.0
Audi A1,22880.0,21225,-1655.0,2739025.0,1655.0
Audi A1,22800.0,21930,-870.0,756900.0,870.0
Audi A1,22800.0,22034,-766.0,586756.0,766.0
Audi A1,22840.0,25071,2231.0,4977361.0,2231.0
Audi A1,22830.0,20023,-2807.0,7879249.0,2807.0
Audi A1,22450.0,22525,75.0,5625.0,75.0
Audi A1,22444.0,21472,-972.0,944784.0,972.0
Audi A1,22440.0,22555,115.0,13225.0,115.0
Audi A1,22440.0,20645,-1795.0,3222025.0,1795.0
Audi A1,22400.0,23344,944.0,891136.0,944.0
Audi A1,22400.0,22023,-377.0,142129.0,377.0
Audi A1,22400.0,22493,93.0,8649.0,93.0
Audi A1,22400.0,22089,-311.0,96721.0,311.0
Audi A1,22400.0,21603,-797.0,635209.0,797.0
Audi A1,22300.0,22371,71.0,5041.0,71.0
Audi A1,22260.0,25472,3212.0,10316944.0,3212.0
Audi A1,22399.0,22995,596.0,355216.0,596.0
Audi A1,22390.0,19478,-2912.0,8479744.0,2912.0
Audi A1,22330.0,21378,-952.0,906304.0,952.0
Audi A1,22330.0,22437,107.0,11449.0,107.0
Audi A1,22200.0,25505,3305.0,10923025.0,3305.0
Audi A1,22247.0,19940,-2307.0,5322249.0,2307.0
Audi A1,23250.0,23020,-230.0,52900.0,230.0
Audi A1,22000.0,21308,-692.0,478864.0,692.0
Audi A1,23250.0,23164,-86.0,7396.0,86.0
Audi A1,23250.0,22418,-832.0,692224.0,832.0
Audi A1,23200.0,21468,-1732.0,2999824.0,1732.0
Audi A1,22000.0,21358,-642.0,412164.0,642.0
Audi A1,23200.0,22161,-1039.0,1079521.0,1039.0
Audi A1,23200.0,21920,-1280.0,1638400.0,1280.0
Audi A1,23200.0,25055,1855.0,3441025.0,1855.0
Audi A1,23090.0,26837,3747.0,14040009.0,3747.0
Audi A1,23200.0,21920,-1280.0,1638400.0,1280.0
Audi A1,23000.0,18134,-4866.0,23677956.0,4866.0
Audi A1,23200.0,22248,-952.0,906304.0,952.0
Audi A1,23200.0,21395,-1805.0,3258025.0,1805.0
Audi A1,23032.0,27059,4027.0,16216729.0,4027.0
Audi A1,23000.0,27496,4496.0,20214016.0,4496.0
Audi A1,21990.0,20677,-1313.0,1723969.0,1313.0
Audi A1,22991.0,21774,-1217.0,1481089.0,1217.0
Audi A1,22990.0,25180,2190.0,4796100.0,2190.0
Audi A1,22990.0,23228,238.0,56644.0,238.0
Audi A1,21980.0,18561,-3419.0,11689561.0,3419.0
Audi A1,22990.0,22775,-215.0,46225.0,215.0
Audi A1,21980.0,19786,-2194.0,4813636.0,2194.0
Audi A1,22990.0,24257,1267.0,1605289.0,1267.0
Audi A1,21950.0,20816,-1134.0,1285956.0,1134.0
Audi A1,21950.0,23985,2035.0,4141225.0,2035.0
Audi A1,21950.0,20431,-1519.0,2307361.0,1519.0
Audi A1,21949.0,18616,-3333.0,11108889.0,3333.0
Audi A1,21949.0,18532,-3417.0,11675889.0,3417.0
Audi A1,21940.0,23028,1088.0,1183744.0,1088.0
Audi A1,21940.0,20104,-1836.0,3370896.0,1836.0
Audi A1,21900.0,22702,802.0,643204.0,802.0
Audi A1,21900.0,19619,-2281.0,5202961.0,2281.0
Audi A1,21900.0,25802,3902.0,15225604.0,3902.0
Audi A1,21890.0,22059,169.0,28561.0,169.0
Audi A1,21900.0,21676,-224.0,50176.0,224.0
Audi A1,21900.0,20178,-1722.0,2965284.0,1722.0
Audi A1,21900.0,20887,-1013.0,1026169.0,1013.0
Audi A1,21900.0,21499,-401.0,160801.0,401.0
Audi A1,21888.0,21049,-839.0,703921.0,839.0
Audi A1,21880.0,19757,-2123.0,4507129.0,2123.0
Audi A1,21790.0,22464,674.0,454276.0,674.0
Audi A1,21790.0,27265,5475.0,29975625.0,5475.0
Audi A1,21780.0,21427,-353.0,124609.0,353.0
Audi A1,21790.0,21396,-394.0,155236.0,394.0
Audi A1,21770.0,21100,-670.0,448900.0,670.0
Audi A1,21770.0,20728,-1042.0,1085764.0,1042.0
Audi A1,21750.0,21649,-101.0,10201.0,101.0
Audi A1,21700.0,21570,-130.0,16900.0,130.0
Audi A1,21690.0,20691,-999.0,998001.0,999.0
Audi A1,21670.0,20671,-999.0,998001.0,999.0
Audi A1,21664.0,25186,3522.0,12404484.0,3522.0
Audi A1,21660.0,19142,-2518.0,6340324.0,2518.0
Audi A1,22790.0,21569,-1221.0,1490841.0,1221.0
Audi A1,22789.0,19134,-3655.0,13359025.0,3655.0
Audi A1,22750.0,26143,3393.0,11512449.0,3393.0
Audi A1,22690.0,19048,-3642.0,13264164.0,3642.0
Audi A1,22690.0,25431,2741.0,7513081.0,2741.0
Audi A1,22731.0,20790,-1941.0,3767481.0,1941.0
Audi A1,22730.0,20515,-2215.0,4906225.0,2215.0
Audi A1,22683.0,24969,2286.0,5225796.0,2286.0
Audi A1,22595.0,20017,-2578.0,6646084.0,2578.0
Audi A1,22570.0,22429,-141.0,19881.0,141.0
Audi A1,22568.0,22792,224.0,50176.0,224.0
Audi A1,22560.0,19545,-3015.0,9090225.0,3015.0
Audi A1,22500.0,21102,-1398.0,1954404.0,1398.0
Audi A1,22500.0,20868,-1632.0,2663424.0,1632.0
Audi A1,22491.0,24890,2399.0,5755201.0,2399.0
Audi A1,22490.0,23431,941.0,885481.0,941.0
Audi A1,22490.0,25870,3380.0,11424400.0,3380.0
Audi A1,22480.0,21194,-1286.0,1653796.0,1286.0
Audi A1,22480.0,21166,-1314.0,1726596.0,1314.0
Audi A1,22450.0,23482,1032.0,1065024.0,1032.0
Audi A1,16480.0,17727,1247.0,1555009.0,1247.0
Audi A1,16490.0,17009,519.0,269361.0,519.0
Audi A1,16485.0,16083,-402.0,161604.0,402.0
Audi A1,16490.0,17818,1328.0,1763584.0,1328.0
Audi A1,16480.0,17630,1150.0,1322500.0,1150.0
Audi A1,16490.0,17342,852.0,725904.0,852.0
Audi A1,16490.0,16495,5.0,25.0,5.0
Audi A1,16480.0,16872,392.0,153664.0,392.0
Audi A1,16499.0,16442,-57.0,3249.0,57.0
Audi A1,16490.0,17540,1050.0,1102500.0,1050.0
Audi A1,16490.0,17869,1379.0,1901641.0,1379.0
Audi A1,16480.0,17549,1069.0,1142761.0,1069.0
Audi A1,16480.0,17021,541.0,292681.0,541.0
Audi A1,16480.0,16616,136.0,18496.0,136.0
Audi A1,16480.0,16488,8.0,64.0,8.0
Audi A1,16669.0,16292,-377.0,142129.0,377.0
Audi A1,16500.0,15824,-676.0,456976.0,676.0
Audi A1,16550.0,16752,202.0,40804.0,202.0
Audi A1,16500.0,16081,-419.0,175561.0,419.0
Audi A1,16500.0,17372,872.0,760384.0,872.0
Audi A1,16500.0,16219,-281.0,78961.0,281.0
Audi A1,16500.0,17688,1188.0,1411344.0,1188.0
Audi A1,16500.0,15853,-647.0,418609.0,647.0
Audi A1,16650.0,16376,-274.0,75076.0,274.0
Audi A1,16950.0,17053,103.0,10609.0,103.0
Audi A1,16950.0,16578,-372.0,138384.0,372.0
Audi A1,16950.0,16201,-749.0,561001.0,749.0
Audi A1,16950.0,16553,-397.0,157609.0,397.0
Audi A1,16950.0,16544,-406.0,164836.0,406.0
Audi A1,16950.0,17524,574.0,329476.0,574.0
Audi A1,16950.0,16540,-410.0,168100.0,410.0
Audi A1,16980.0,16282,-698.0,487204.0,698.0
Audi A1,16985.0,20688,3703.0,13712209.0,3703.0
Audi A1,16985.0,20585,3600.0,12960000.0,3600.0
Audi A1,16985.0,16475,-510.0,260100.0,510.0
Audi A1,16980.0,18640,1660.0,2755600.0,1660.0
Audi A1,16980.0,16834,-146.0,21316.0,146.0
Audi A1,16980.0,17509,529.0,279841.0,529.0
Audi A1,16980.0,16167,-813.0,660969.0,813.0
Audi A1,16980.0,15875,-1105.0,1221025.0,1105.0
Audi A1,16980.0,15919,-1061.0,1125721.0,1061.0
Audi A1,16980.0,16036,-944.0,891136.0,944.0
Audi A1,16980.0,15655,-1325.0,1755625.0,1325.0
Audi A1,16980.0,17806,826.0,682276.0,826.0
Audi A1,16978.0,16842,-136.0,18496.0,136.0
Audi A1,16960.0,16677,-283.0,80089.0,283.0
Audi A1,16950.0,16647,-303.0,91809.0,303.0
Audi A1,16950.0,17696,746.0,556516.0,746.0
Audi A1,16960.0,15773,-1187.0,1408969.0,1187.0
Audi A1,16949.0,16336,-613.0,375769.0,613.0
Audi A1,16950.0,17724,774.0,599076.0,774.0
Audi A1,16950.0,16382,-568.0,322624.0,568.0
Audi A1,16949.0,16728,-221.0,48841.0,221.0
Audi A1,16650.0,16135,-515.0,265225.0,515.0
Audi A1,16649.0,17718,1069.0,1142761.0,1069.0
Audi A1,16649.0,17506,857.0,734449.0,857.0
Audi A1,16649.0,17552,903.0,815409.0,903.0
Audi A1,16600.0,17911,1311.0,1718721.0,1311.0
Audi A1,16594.0,15814,-780.0,608400.0,780.0
Audi A1,16630.0,16653,23.0,529.0,23.0
Audi A1,16559.0,16494,-65.0,4225.0,65.0
Audi A1,16590.0,16764,174.0,30276.0,174.0
Audi A1,16900.0,16131,-769.0,591361.0,769.0
Audi A1,16900.0,17870,970.0,940900.0,970.0
Audi A1,16900.0,18066,1166.0,1359556.0,1166.0
Audi A1,16900.0,18553,1653.0,2732409.0,1653.0
Audi A1,16900.0,19350,2450.0,6002500.0,2450.0
Audi A1,16900.0,19075,2175.0,4730625.0,2175.0
Audi A1,16900.0,16907,7.0,49.0,7.0
Audi A1,16900.0,15211,-1689.0,2852721.0,1689.0
Audi A1,16920.0,15337,-1583.0,2505889.0,1583.0
Audi A1,16949.0,16593,-356.0,126736.0,356.0
Audi A1,16949.0,16394,-555.0,308025.0,555.0
Audi A1,16940.0,15892,-1048.0,1098304.0,1048.0
Audi A1,16940.0,15948,-992.0,984064.0,992.0
Audi A1,16940.0,16856,-84.0,7056.0,84.0
Audi A1,16940.0,17144,204.0,41616.0,204.0
Audi A1,16920.0,17539,619.0,383161.0,619.0
Audi A1,16920.0,17905,985.0,970225.0,985.0
Audi A1,16500.0,17548,1048.0,1098304.0,1048.0
Audi A1,16500.0,16962,462.0,213444.0,462.0
Audi A1,16900.0,17524,624.0,389376.0,624.0
Audi A1,16900.0,17553,653.0,426409.0,653.0
Audi A1,16900.0,17417,517.0,267289.0,517.0
Audi A1,16920.0,18121,1201.0,1442401.0,1201.0
Audi A1,16900.0,18052,1152.0,1327104.0,1152.0
Audi A1,16900.0,17469,569.0,323761.0,569.0
Audi A1,16900.0,18088,1188.0,1411344.0,1188.0
Audi A1,16900.0,17774,874.0,763876.0,874.0
Audi A1,16900.0,17113,213.0,45369.0,213.0
Audi A1,16800.0,17274,474.0,224676.0,474.0
Audi A1,16790.0,16402,-388.0,150544.0,388.0
Audi A1,16788.0,17880,1092.0,1192464.0,1092.0
Audi A1,16750.0,16389,-361.0,130321.0,361.0
Audi A1,16750.0,18338,1588.0,2521744.0,1588.0
Audi A1,16900.0,15532,-1368.0,1871424.0,1368.0
Audi A1,16900.0,17654,754.0,568516.0,754.0
Audi A1,16900.0,19560,2660.0,7075600.0,2660.0
Audi A1,16900.0,19623,2723.0,7414729.0,2723.0
Audi A1,16900.0,18873,1973.0,3892729.0,1973.0
Audi A1,16889.0,16074,-815.0,664225.0,815.0
Audi A1,16880.0,17410,530.0,280900.0,530.0
Audi A1,16880.0,17156,276.0,76176.0,276.0
Audi A1,16880.0,18090,1210.0,1464100.0,1210.0
Audi A1,16880.0,18232,1352.0,1827904.0,1352.0
Audi A1,16881.0,17556,675.0,455625.0,675.0
Audi A1,16850.0,18407,1557.0,2424249.0,1557.0
Audi A1,16920.0,17508,588.0,345744.0,588.0
Audi A1,16850.0,16957,107.0,11449.0,107.0
Audi A1,16700.0,17732,1032.0,1065024.0,1032.0
Audi A1,16850.0,17434,584.0,341056.0,584.0
Audi A1,16900.0,16331,-569.0,323761.0,569.0
Audi A1,16750.0,18210,1460.0,2131600.0,1460.0
Audi A1,16700.0,17549,849.0,720801.0,849.0
Audi A1,16700.0,17896,1196.0,1430416.0,1196.0
Audi A1,16690.0,15870,-820.0,672400.0,820.0
Audi A1,16690.0,17605,915.0,837225.0,915.0
Audi A1,16690.0,16308,-382.0,145924.0,382.0
Audi A1,16689.0,16011,-678.0,459684.0,678.0
Audi A1,16680.0,16673,-7.0,49.0,7.0
Audi A1,16680.0,17235,555.0,308025.0,555.0
Audi A1,16680.0,17812,1132.0,1281424.0,1132.0
Audi A1,16680.0,15989,-691.0,477481.0,691.0
Audi A1,16670.0,17743,1073.0,1151329.0,1073.0
Audi A1,16900.0,20008,3108.0,9659664.0,3108.0
Audi A1,16899.0,16335,-564.0,318096.0,564.0
Audi A1,16895.0,16796,-99.0,9801.0,99.0
Audi A1,16890.0,16337,-553.0,305809.0,553.0
Audi A1,16890.0,18598,1708.0,2917264.0,1708.0
Audi A1,16900.0,17149,249.0,62001.0,249.0
Audi A1,16899.0,17908,1009.0,1018081.0,1009.0
Audi A1,16890.0,16198,-692.0,478864.0,692.0
Audi A1,16890.0,18365,1475.0,2175625.0,1475.0
Audi A1,16890.0,15017,-1873.0,3508129.0,1873.0
Audi A1,16890.0,17097,207.0,42849.0,207.0
Audi A1,16880.0,17533,653.0,426409.0,653.0
Audi A1,16890.0,16738,-152.0,23104.0,152.0
Audi A1,16890.0,17068,178.0,31684.0,178.0
Audi A1,16890.0,18016,1126.0,1267876.0,1126.0
Audi A1,16880.0,17091,211.0,44521.0,211.0
Audi A1,16879.0,19720,2841.0,8071281.0,2841.0
Audi A1,16876.0,18100,1224.0,1498176.0,1224.0
Audi A1,16871.0,16748,-123.0,15129.0,123.0
Audi A1,16871.0,16741,-130.0,16900.0,130.0
Audi A1,16871.0,16923,52.0,2704.0,52.0
Audi A1,16871.0,17024,153.0,23409.0,153.0
Audi A1,16870.0,18036,1166.0,1359556.0,1166.0
Audi A1,16869.0,16489,-380.0,144400.0,380.0
Audi A1,16860.0,18909,2049.0,4198401.0,2049.0
Audi A1,16856.0,18091,1235.0,1525225.0,1235.0
Audi A1,16850.0,17930,1080.0,1166400.0,1080.0
Audi A1,16850.0,18199,1349.0,1819801.0,1349.0
Audi A1,16845.0,17088,243.0,59049.0,243.0
Audi A1,16845.0,17231,386.0,148996.0,386.0
Audi A1,16844.0,21544,4700.0,22090000.0,4700.0
Audi A1,16844.0,21375,4531.0,20529961.0,4531.0
Audi A1,16840.0,17521,681.0,463761.0,681.0
Audi A1,16820.0,18328,1508.0,2274064.0,1508.0
Audi A1,16814.0,16847,33.0,1089.0,33.0
Audi A1,16810.0,17998,1188.0,1411344.0,1188.0
Audi A1,16800.0,17442,642.0,412164.0,642.0
Audi A1,16800.0,17915,1115.0,1243225.0,1115.0
Audi A1,16800.0,16537,-263.0,69169.0,263.0
Audi A1,16800.0,16877,77.0,5929.0,77.0
Audi A1,16800.0,17919,1119.0,1252161.0,1119.0
Audi A1,16800.0,20432,3632.0,13191424.0,3632.0
Audi A1,16800.0,17876,1076.0,1157776.0,1076.0
Audi A1,16889.0,16719,-170.0,28900.0,170.0
Audi A1,16800.0,18781,1981.0,3924361.0,1981.0
Audi A1,16500.0,16537,37.0,1369.0,37.0
Audi A1,16500.0,18478,1978.0,3912484.0,1978.0
Audi A1,16490.0,19770,3280.0,10758400.0,3280.0
Audi A1,16490.0,17482,992.0,984064.0,992.0
Audi A1,16500.0,17084,584.0,341056.0,584.0
Audi A1,16445.0,16337,-108.0,11664.0,108.0
Audi A1,23900.0,25124,1224.0,1498176.0,1224.0
Audi A1,23900.0,24418,518.0,268324.0,518.0
Audi A1,23900.0,26479,2579.0,6651241.0,2579.0
Audi A1,23950.0,25868,1918.0,3678724.0,1918.0
Audi A1,24706.0,27072,2366.0,5597956.0,2366.0
Audi A1,23950.0,23750,-200.0,40000.0,200.0
Audi A1,24990.0,25189,199.0,39601.0,199.0
Audi A1,24970.0,21358,-3612.0,13046544.0,3612.0
Audi A1,25190.0,24561,-629.0,395641.0,629.0
Audi A1,26680.0,27036,356.0,126736.0,356.0
Audi A1,26660.0,25656,-1004.0,1008016.0,1004.0
Audi A1,26500.0,23563,-2937.0,8625969.0,2937.0
Audi A1,26500.0,26259,-241.0,58081.0,241.0
Audi A1,26500.0,23559,-2941.0,8649481.0,2941.0
Audi A1,27380.0,25873,-1507.0,2271049.0,1507.0
Audi A1,27380.0,25907,-1473.0,2169729.0,1473.0
Audi A1,27200.0,23876,-3324.0,11048976.0,3324.0
Audi A1,27700.0,21514,-6186.0,38266596.0,6186.0
Audi A1,27650.0,24676,-2974.0,8844676.0,2974.0
Audi A1,27650.0,23718,-3932.0,15460624.0,3932.0
Audi A1,27650.0,24541,-3109.0,9665881.0,3109.0
Audi A1,27650.0,23671,-3979.0,15832441.0,3979.0
Audi A1,28500.0,24915,-3585.0,12852225.0,3585.0
Audi A1,28280.0,25928,-2352.0,5531904.0,2352.0
Audi A1,28240.0,25094,-3146.0,9897316.0,3146.0
Audi A1,28780.0,26548,-2232.0,4981824.0,2232.0
Audi A1,28750.0,26852,-1898.0,3602404.0,1898.0
Audi A1,28755.0,26505,-2250.0,5062500.0,2250.0
Audi A1,28755.0,26624,-2131.0,4541161.0,2131.0
Audi A1,28800.0,24419,-4381.0,19193161.0,4381.0
Audi A1,28750.0,26190,-2560.0,6553600.0,2560.0
Audi A1,28710.0,26755,-1955.0,3822025.0,1955.0
Audi A1,28690.0,24382,-4308.0,18558864.0,4308.0
Audi A1,28600.0,25089,-3511.0,12327121.0,3511.0
Audi A1,28690.0,26346,-2344.0,5494336.0,2344.0
Audi A1,28690.0,27789,-901.0,811801.0,901.0
Audi A1,28650.0,25864,-2786.0,7761796.0,2786.0
Audi A1,28650.0,26559,-2091.0,4372281.0,2091.0
Audi A1,28600.0,26653,-1947.0,3790809.0,1947.0
Audi A1,28600.0,25017,-3583.0,12837889.0,3583.0
Audi A1,28560.0,30961,2401.0,5764801.0,2401.0
Audi A1,28500.0,23878,-4622.0,21362884.0,4622.0
Audi A1,28200.0,30287,2087.0,4355569.0,2087.0
Audi A1,28190.0,26157,-2033.0,4133089.0,2033.0
Audi A1,28515.0,25785,-2730.0,7452900.0,2730.0
Audi A1,28515.0,24700,-3815.0,14554225.0,3815.0
Audi A1,28500.0,25747,-2753.0,7579009.0,2753.0
Audi A1,28500.0,22901,-5599.0,31348801.0,5599.0
Audi A1,28499.0,23833,-4666.0,21771556.0,4666.0
Audi A1,28150.0,25599,-2551.0,6507601.0,2551.0
Audi A1,28150.0,26411,-1739.0,3024121.0,1739.0
Audi A1,28490.0,27206,-1284.0,1648656.0,1284.0
Audi A1,27980.0,25697,-2283.0,5212089.0,2283.0
Audi A1,27930.0,25305,-2625.0,6890625.0,2625.0
Audi A1,27995.0,25137,-2858.0,8168164.0,2858.0
Audi A1,27990.0,25842,-2148.0,4613904.0,2148.0
Audi A1,27990.0,23731,-4259.0,18139081.0,4259.0
Audi A1,27990.0,22340,-5650.0,31922500.0,5650.0
Audi A1,27980.0,25539,-2441.0,5958481.0,2441.0
Audi A1,27980.0,21046,-6934.0,48080356.0,6934.0
Audi A1,27980.0,25441,-2539.0,6446521.0,2539.0
Audi A1,27980.0,25304,-2676.0,7160976.0,2676.0
Audi A1,27980.0,25304,-2676.0,7160976.0,2676.0
Audi A1,27980.0,25233,-2747.0,7546009.0,2747.0
Audi A1,27980.0,25938,-2042.0,4169764.0,2042.0
Audi A1,27980.0,27243,-737.0,543169.0,737.0
Audi A1,27980.0,28307,327.0,106929.0,327.0
Audi A1,28490.0,27330,-1160.0,1345600.0,1160.0
Audi A1,28490.0,23265,-5225.0,27300625.0,5225.0
Audi A1,28480.0,27947,-533.0,284089.0,533.0
Audi A1,28480.0,24190,-4290.0,18404100.0,4290.0
Audi A1,28475.0,24874,-3601.0,12967201.0,3601.0
Audi A1,28460.0,31599,3139.0,9853321.0,3139.0
Audi A1,28460.0,29832,1372.0,1882384.0,1372.0
Audi A1,28427.0,26489,-1938.0,3755844.0,1938.0
Audi A1,28400.0,24312,-4088.0,16711744.0,4088.0
Audi A1,28400.0,24062,-4338.0,18818244.0,4338.0
Audi A1,28400.0,24231,-4169.0,17380561.0,4169.0
Audi A1,28400.0,24272,-4128.0,17040384.0,4128.0
Audi A1,28400.0,23210,-5190.0,26936100.0,5190.0
Audi A1,27900.0,24681,-3219.0,10361961.0,3219.0
Audi A1,27900.0,24291,-3609.0,13024881.0,3609.0
Audi A1,27878.0,24861,-3017.0,9102289.0,3017.0
Audi A1,27870.0,26871,-999.0,998001.0,999.0
Audi A1,27845.0,24658,-3187.0,10156969.0,3187.0
Audi A1,27800.0,24048,-3752.0,14077504.0,3752.0
Audi A1,27800.0,23831,-3969.0,15752961.0,3969.0
Audi A1,27800.0,26896,-904.0,817216.0,904.0
Audi A1,27780.0,26258,-1522.0,2316484.0,1522.0
Audi A1,27780.0,26081,-1699.0,2886601.0,1699.0
Audi A1,27780.0,26081,-1699.0,2886601.0,1699.0
Audi A1,27600.0,21589,-6011.0,36132121.0,6011.0
Audi A1,27550.0,25201,-2349.0,5517801.0,2349.0
Audi A1,27500.0,25358,-2142.0,4588164.0,2142.0
Audi A1,27500.0,27641,141.0,19881.0,141.0
Audi A1,27500.0,24431,-3069.0,9418761.0,3069.0
Audi A1,27490.0,26734,-756.0,571536.0,756.0
Audi A1,27490.0,25890,-1600.0,2560000.0,1600.0
Audi A1,27450.0,25295,-2155.0,4644025.0,2155.0
Audi A1,27450.0,25490,-1960.0,3841600.0,1960.0
Audi A1,27400.0,24639,-2761.0,7623121.0,2761.0
Audi A1,27400.0,24874,-2526.0,6380676.0,2526.0
Audi A1,27380.0,26306,-1074.0,1153476.0,1074.0
Audi A1,27380.0,25826,-1554.0,2414916.0,1554.0
Audi A1,27380.0,25828,-1552.0,2408704.0,1552.0
Audi A1,27380.0,25906,-1474.0,2172676.0,1474.0
Audi A1,27380.0,26016,-1364.0,1860496.0,1364.0
Audi A1,27380.0,26044,-1336.0,1784896.0,1336.0
Audi A1,27380.0,26174,-1206.0,1454436.0,1206.0
Audi A1,27370.0,22789,-4581.0,20985561.0,4581.0
Audi A1,27370.0,22283,-5087.0,25877569.0,5087.0
Audi A1,27300.0,24871,-2429.0,5900041.0,2429.0
Audi A1,27200.0,26216,-984.0,968256.0,984.0
Audi A1,28380.0,28488,108.0,11664.0,108.0
Audi A1,27290.0,24491,-2799.0,7834401.0,2799.0
Audi A1,27980.0,25631,-2349.0,5517801.0,2349.0
Audi A1,28390.0,25483,-2907.0,8450649.0,2907.0
Audi A1,27777.0,25304,-2473.0,6115729.0,2473.0
Audi A1,27777.0,25427,-2350.0,5522500.0,2350.0
Audi A1,27750.0,25871,-1879.0,3530641.0,1879.0
Audi A1,27777.0,25304,-2473.0,6115729.0,2473.0
Audi A1,27750.0,26167,-1583.0,2505889.0,1583.0
Audi A1,27200.0,23561,-3639.0,13242321.0,3639.0
Audi A1,27200.0,24306,-2894.0,8375236.0,2894.0
Audi A1,27200.0,23556,-3644.0,13278736.0,3644.0
Audi A1,27175.0,26388,-787.0,619369.0,787.0
Audi A1,27175.0,26433,-742.0,550564.0,742.0
Audi A1,27040.0,24355,-2685.0,7209225.0,2685.0
Audi A1,28380.0,28156,-224.0,50176.0,224.0
Audi A1,27200.0,23574,-3626.0,13147876.0,3626.0
Audi A1,26990.0,26459,-531.0,281961.0,531.0
Audi A1,26990.0,25794,-1196.0,1430416.0,1196.0
Audi A1,27000.0,24252,-2748.0,7551504.0,2748.0
Audi A1,26980.0,26263,-717.0,514089.0,717.0
Audi A1,26990.0,25307,-1683.0,2832489.0,1683.0
Audi A1,27720.0,24658,-3062.0,9375844.0,3062.0
Audi A1,26980.0,26309,-671.0,450241.0,671.0
Audi A1,26980.0,26144,-836.0,698896.0,836.0
Audi A1,27000.0,23229,-3771.0,14220441.0,3771.0
Audi A1,26930.0,24713,-2217.0,4915089.0,2217.0
Audi A1,27380.0,25996,-1384.0,1915456.0,1384.0
Audi A1,26680.0,26821,141.0,19881.0,141.0
Audi A1,26990.0,25657,-1333.0,1776889.0,1333.0
Audi A1,26990.0,25962,-1028.0,1056784.0,1028.0
Audi A1,26990.0,24297,-2693.0,7252249.0,2693.0
Audi A1,26990.0,26116,-874.0,763876.0,874.0
Audi A1,26980.0,26046,-934.0,872356.0,934.0
Audi A1,26980.0,26263,-717.0,514089.0,717.0
Audi A1,26990.0,24046,-2944.0,8667136.0,2944.0
Audi A1,26980.0,26241,-739.0,546121.0,739.0
Audi A1,26980.0,26105,-875.0,765625.0,875.0
Audi A1,26980.0,26143,-837.0,700569.0,837.0
Audi A1,26980.0,26044,-936.0,876096.0,936.0
Audi A1,26980.0,26401,-579.0,335241.0,579.0
Audi A1,26980.0,26186,-794.0,630436.0,794.0
Audi A1,26980.0,26046,-934.0,872356.0,934.0
Audi A1,26980.0,26241,-739.0,546121.0,739.0
Audi A1,26900.0,22235,-4665.0,21762225.0,4665.0
Audi A1,26900.0,25590,-1310.0,1716100.0,1310.0
Audi A1,26900.0,28066,1166.0,1359556.0,1166.0
Audi A1,26900.0,27257,357.0,127449.0,357.0
Audi A1,26900.0,24083,-2817.0,7935489.0,2817.0
Audi A1,26890.0,25532,-1358.0,1844164.0,1358.0
Audi A1,26890.0,25532,-1358.0,1844164.0,1358.0
Audi A1,26890.0,25284,-1606.0,2579236.0,1606.0
Audi A1,26890.0,25305,-1585.0,2512225.0,1585.0
Audi A1,26850.0,24772,-2078.0,4318084.0,2078.0
Audi A1,26830.0,24870,-1960.0,3841600.0,1960.0
Audi A1,26830.0,24505,-2325.0,5405625.0,2325.0
Audi A1,26890.0,26421,-469.0,219961.0,469.0
Audi A1,26800.0,24531,-2269.0,5148361.0,2269.0
Audi A1,26740.0,27370,630.0,396900.0,630.0
Audi A1,26500.0,22969,-3531.0,12467961.0,3531.0
Audi A1,26494.0,23256,-3238.0,10484644.0,3238.0
Audi A1,26450.0,23709,-2741.0,7513081.0,2741.0
Audi A1,26500.0,24549,-1951.0,3806401.0,1951.0
Audi A1,26450.0,24950,-1500.0,2250000.0,1500.0
Audi A1,26490.0,26265,-225.0,50625.0,225.0
Audi A1,26450.0,25441,-1009.0,1018081.0,1009.0
Audi A1,26450.0,25336,-1114.0,1240996.0,1114.0
Audi A1,26300.0,24052,-2248.0,5053504.0,2248.0
Audi A1,26300.0,23687,-2613.0,6827769.0,2613.0
Audi A1,26400.0,25596,-804.0,646416.0,804.0
Audi A1,26360.0,23947,-2413.0,5822569.0,2413.0
Audi A1,25490.0,23358,-2132.0,4545424.0,2132.0
Audi A1,26300.0,29292,2992.0,8952064.0,2992.0
Audi A1,25490.0,25163,-327.0,106929.0,327.0
Audi A1,26200.0,23437,-2763.0,7634169.0,2763.0
Audi A1,26100.0,24546,-1554.0,2414916.0,1554.0
Audi A1,26200.0,23876,-2324.0,5400976.0,2324.0
Audi A1,26100.0,22906,-3194.0,10201636.0,3194.0
Audi A1,25900.0,23715,-2185.0,4774225.0,2185.0
Audi A1,26200.0,24115,-2085.0,4347225.0,2085.0
Audi A1,26130.0,27080,950.0,902500.0,950.0
Audi A1,25880.0,25226,-654.0,427716.0,654.0
Audi A1,24700.0,24889,189.0,35721.0,189.0
Audi A1,26980.0,26258,-722.0,521284.0,722.0
Audi A1,26700.0,23410,-3290.0,10824100.0,3290.0
Audi A1,24690.0,26015,1325.0,1755625.0,1325.0
Audi A1,26300.0,23687,-2613.0,6827769.0,2613.0
Audi A1,25490.0,23043,-2447.0,5987809.0,2447.0
Audi A1,24660.0,25937,1277.0,1630729.0,1277.0
Audi A1,25490.0,22981,-2509.0,6295081.0,2509.0
Audi A1,25490.0,23205,-2285.0,5221225.0,2285.0
Audi A1,25200.0,23549,-1651.0,2725801.0,1651.0
Audi A1,25400.0,24066,-1334.0,1779556.0,1334.0
Audi A1,25190.0,24413,-777.0,603729.0,777.0
Audi A1,25256.0,23845,-1411.0,1990921.0,1411.0
Audi A1,25200.0,23415,-1785.0,3186225.0,1785.0
Audi A1,25190.0,24304,-886.0,784996.0,886.0
Audi A1,26040.0,24027,-2013.0,4052169.0,2013.0
Audi A1,26000.0,23773,-2227.0,4959529.0,2227.0
Audi A1,25990.0,24946,-1044.0,1089936.0,1044.0
Audi A1,25990.0,26091,101.0,10201.0,101.0
Audi A1,25990.0,26856,866.0,749956.0,866.0
Audi A1,25900.0,25224,-676.0,456976.0,676.0
Audi A1,25900.0,24559,-1341.0,1798281.0,1341.0
Audi A1,25900.0,25463,-437.0,190969.0,437.0
Audi A1,25900.0,23486,-2414.0,5827396.0,2414.0
Audi A1,25900.0,26156,256.0,65536.0,256.0
Audi A1,25900.0,25841,-59.0,3481.0,59.0
Audi A1,25900.0,23793,-2107.0,4439449.0,2107.0
Audi A1,25900.0,22926,-2974.0,8844676.0,2974.0
Audi A1,25800.0,25203,-597.0,356409.0,597.0
Audi A1,25800.0,26497,697.0,485809.0,697.0
Audi A1,25780.0,23546,-2234.0,4990756.0,2234.0
Audi A1,25750.0,23853,-1897.0,3598609.0,1897.0
Audi A1,25700.0,24245,-1455.0,2117025.0,1455.0
Audi A1,25690.0,24046,-1644.0,2702736.0,1644.0
Audi A1,25600.0,27011,1411.0,1990921.0,1411.0
Audi A1,25550.0,25321,-229.0,52441.0,229.0
Audi A1,25690.0,25477,-213.0,45369.0,213.0
Audi A1,25500.0,24824,-676.0,456976.0,676.0
Audi A1,25500.0,23831,-1669.0,2785561.0,1669.0
Audi A1,25500.0,23931,-1569.0,2461761.0,1569.0
Audi A1,25500.0,23752,-1748.0,3055504.0,1748.0
Audi A1,25500.0,27125,1625.0,2640625.0,1625.0
Audi A1,24540.0,23654,-886.0,784996.0,886.0
Audi A1,24500.0,24269,-231.0,53361.0,231.0
Audi A1,25500.0,23812,-1688.0,2849344.0,1688.0
Audi A1,24490.0,25290,800.0,640000.0,800.0
Audi A1,24450.0,23324,-1126.0,1267876.0,1126.0
Audi A1,24500.0,23078,-1422.0,2022084.0,1422.0
Audi A1,24490.0,22563,-1927.0,3713329.0,1927.0
Audi A1,24480.0,25959,1479.0,2187441.0,1479.0
Audi A1,24490.0,22300,-2190.0,4796100.0,2190.0
Audi A1,24490.0,22759,-1731.0,2996361.0,1731.0
Audi A1,24490.0,22693,-1797.0,3229209.0,1797.0
Audi A1,24300.0,25924,1624.0,2637376.0,1624.0
Audi A1,24200.0,26837,2637.0,6953769.0,2637.0
Audi A1,24240.0,25997,1757.0,3087049.0,1757.0
Audi A1,24059.0,27300,3241.0,10504081.0,3241.0
Audi A1,24290.0,23321,-969.0,938961.0,969.0
Audi A1,25190.0,24389,-801.0,641601.0,801.0
Audi A1,23980.0,27376,3396.0,11532816.0,3396.0
Audi A1,25190.0,24561,-629.0,395641.0,629.0
Audi A1,25100.0,23329,-1771.0,3136441.0,1771.0
Audi A1,25100.0,22986,-2114.0,4468996.0,2114.0
Audi A1,25000.0,22873,-2127.0,4524129.0,2127.0
Audi A1,24999.0,22953,-2046.0,4186116.0,2046.0
Audi A1,24990.0,23354,-1636.0,2676496.0,1636.0
Audi A1,24990.0,24913,-77.0,5929.0,77.0
Audi A1,25900.0,23192,-2708.0,7333264.0,2708.0
Audi A1,25500.0,24103,-1397.0,1951609.0,1397.0
Audi A1,23950.0,25608,1658.0,2748964.0,1658.0
Audi A1,24950.0,23284,-1666.0,2775556.0,1666.0
Audi A1,24900.0,23432,-1468.0,2155024.0,1468.0
Audi A1,24930.0,24856,-74.0,5476.0,74.0
Audi A1,24900.0,23547,-1353.0,1830609.0,1353.0
Audi A1,24900.0,23432,-1468.0,2155024.0,1468.0
Audi A1,24900.0,22432,-2468.0,6091024.0,2468.0
Audi A1,24900.0,24154,-746.0,556516.0,746.0
Audi A1,24800.0,24096,-704.0,495616.0,704.0
Audi A1,24900.0,24201,-699.0,488601.0,699.0
Audi A1,24900.0,26204,1304.0,1700416.0,1304.0
Audi A1,24880.0,23976,-904.0,817216.0,904.0
Audi A1,24900.0,23992,-908.0,824464.0,908.0
Audi A1,24800.0,24470,-330.0,108900.0,330.0
Audi A1,24870.0,26747,1877.0,3523129.0,1877.0
Audi A1,24800.0,26768,1968.0,3873024.0,1968.0
Audi A1,24799.0,24570,-229.0,52441.0,229.0
Audi A1,24750.0,23504,-1246.0,1552516.0,1246.0
Audi A1,28800.0,26470,-2330.0,5428900.0,2330.0
Audi A1,28880.0,23444,-5436.0,29550096.0,5436.0
Audi A1,28880.0,26482,-2398.0,5750404.0,2398.0
Audi A1,28880.0,26264,-2616.0,6843456.0,2616.0
Audi A1,28880.0,29282,402.0,161604.0,402.0
Audi A1,28860.0,31220,2360.0,5569600.0,2360.0
Audi A1,28875.0,25250,-3625.0,13140625.0,3625.0
Audi A1,28880.0,31349,2469.0,6095961.0,2469.0
Audi A1,19450.0,18974,-476.0,226576.0,476.0
Audi A1,28880.0,24191,-4689.0,21986721.0,4689.0
Audi A1,28990.0,25583,-3407.0,11607649.0,3407.0
Audi A1,19850.0,21828,1978.0,3912484.0,1978.0
Audi A1,19990.0,21632,1642.0,2696164.0,1642.0
Audi A1,19870.0,22061,2191.0,4800481.0,2191.0
Audi A1,19990.0,22237,2247.0,5049009.0,2247.0
Audi A1,19999.0,22358,2359.0,5564881.0,2359.0
Audi A1,19995.0,19163,-832.0,692224.0,832.0
Audi A1,19999.0,21744,1745.0,3045025.0,1745.0
Audi A1,21390.0,22023,633.0,400689.0,633.0
Audi A1,20900.0,24540,3640.0,13249600.0,3640.0
Audi A1,21490.0,21152,-338.0,114244.0,338.0
Audi A1,21490.0,23868,2378.0,5654884.0,2378.0
Audi A1,21490.0,21638,148.0,21904.0,148.0
Audi A1,21490.0,21717,227.0,51529.0,227.0
Audi A1,21490.0,21643,153.0,23409.0,153.0
Audi A1,21390.0,21052,-338.0,114244.0,338.0
Audi A1,20990.0,23401,2411.0,5812921.0,2411.0
Audi A1,21390.0,21445,55.0,3025.0,55.0
Audi A1,21700.0,22528,828.0,685584.0,828.0
Audi A1,21700.0,24264,2564.0,6574096.0,2564.0
Audi A1,21670.0,21889,219.0,47961.0,219.0
Audi A1,21620.0,20554,-1066.0,1136356.0,1066.0
Audi A1,20990.0,22632,1642.0,2696164.0,1642.0
Audi A1,21500.0,21793,293.0,85849.0,293.0
Audi A1,21590.0,23781,2191.0,4800481.0,2191.0
Audi A1,21590.0,21680,90.0,8100.0,90.0
Audi A1,21500.0,18799,-2701.0,7295401.0,2701.0
Audi A1,21500.0,19847,-1653.0,2732409.0,1653.0
Audi A1,21500.0,18799,-2701.0,7295401.0,2701.0
Audi A1,21499.0,20065,-1434.0,2056356.0,1434.0
Audi A1,21330.0,23643,2313.0,5349969.0,2313.0
Audi A1,21280.0,22456,1176.0,1382976.0,1176.0
Audi A1,21200.0,20982,-218.0,47524.0,218.0
Audi A1,21222.0,19665,-1557.0,2424249.0,1557.0
Audi A1,21200.0,19959,-1241.0,1540081.0,1241.0
Audi A1,21190.0,21627,437.0,190969.0,437.0
Audi A1,21190.0,21558,368.0,135424.0,368.0
Audi A1,21190.0,21655,465.0,216225.0,465.0
Audi A1,21190.0,20123,-1067.0,1138489.0,1067.0
Audi A1,21090.0,23029,1939.0,3759721.0,1939.0
Audi A1,21000.0,20201,-799.0,638401.0,799.0
Audi A1,21000.0,20321,-679.0,461041.0,679.0
Audi A1,21000.0,19975,-1025.0,1050625.0,1025.0
Audi A1,20990.0,20753,-237.0,56169.0,237.0
Audi A1,20990.0,24646,3656.0,13366336.0,3656.0
Audi A1,20990.0,19464,-1526.0,2328676.0,1526.0
Audi A1,20990.0,21334,344.0,118336.0,344.0
Audi A1,20990.0,24280,3290.0,10824100.0,3290.0
Audi A1,20988.0,21050,62.0,3844.0,62.0
Audi A1,20990.0,20299,-691.0,477481.0,691.0
Audi A1,20988.0,22405,1417.0,2007889.0,1417.0
Audi A1,20988.0,21134,146.0,21316.0,146.0
Audi A1,20988.0,20951,-37.0,1369.0,37.0
Audi A1,20988.0,20951,-37.0,1369.0,37.0
Audi A1,20985.0,22077,1092.0,1192464.0,1092.0
Audi A1,20980.0,18589,-2391.0,5716881.0,2391.0
Audi A1,20980.0,22375,1395.0,1946025.0,1395.0
Audi A1,21490.0,22977,1487.0,2211169.0,1487.0
Audi A1,20980.0,21019,39.0,1521.0,39.0
Audi A1,21490.0,24336,2846.0,8099716.0,2846.0
Audi A1,21490.0,24336,2846.0,8099716.0,2846.0
Audi A1,21490.0,20631,-859.0,737881.0,859.0
Audi A1,21490.0,21681,191.0,36481.0,191.0
Audi A1,21490.0,22658,1168.0,1364224.0,1168.0
Audi A1,21490.0,22601,1111.0,1234321.0,1111.0
Audi A1,21000.0,19992,-1008.0,1016064.0,1008.0
Audi A1,20990.0,23495,2505.0,6275025.0,2505.0
Audi A1,21490.0,21968,478.0,228484.0,478.0
Audi A1,20990.0,19155,-1835.0,3367225.0,1835.0
Audi A1,20990.0,19142,-1848.0,3415104.0,1848.0
Audi A1,20900.0,19035,-1865.0,3478225.0,1865.0
Audi A1,20900.0,21659,759.0,576081.0,759.0
Audi A1,20900.0,19933,-967.0,935089.0,967.0
Audi A1,20900.0,19931,-969.0,938961.0,969.0
Audi A1,20900.0,19845,-1055.0,1113025.0,1055.0
Audi A1,20900.0,21431,531.0,281961.0,531.0
Audi A1,20885.0,21045,160.0,25600.0,160.0
Audi A1,21490.0,20787,-703.0,494209.0,703.0
Audi A1,20900.0,19219,-1681.0,2825761.0,1681.0
Audi A1,21490.0,20427,-1063.0,1129969.0,1063.0
Audi A1,21490.0,23814,2324.0,5400976.0,2324.0
Audi A1,21480.0,23658,2178.0,4743684.0,2178.0
Audi A1,21450.0,21280,-170.0,28900.0,170.0
Audi A1,21435.0,21130,-305.0,93025.0,305.0
Audi A1,21435.0,21043,-392.0,153664.0,392.0
Audi A1,21435.0,21157,-278.0,77284.0,278.0
Audi A1,21435.0,21166,-269.0,72361.0,269.0
Audi A1,21390.0,22015,625.0,390625.0,625.0
Audi A1,21390.0,22093,703.0,494209.0,703.0
Audi A1,21390.0,22061,671.0,450241.0,671.0
Audi A1,20900.0,22111,1211.0,1466521.0,1211.0
Audi A1,20900.0,23012,2112.0,4460544.0,2112.0
Audi A1,21400.0,20896,-504.0,254016.0,504.0
Audi A1,21490.0,23814,2324.0,5400976.0,2324.0
Audi A1,21390.0,21998,608.0,369664.0,608.0
Audi A1,20400.0,18970,-1430.0,2044900.0,1430.0
Audi A1,20388.0,21028,640.0,409600.0,640.0
Audi A1,20990.0,22835,1845.0,3404025.0,1845.0
Audi A1,20881.0,21385,504.0,254016.0,504.0
Audi A1,20880.0,23619,2739.0,7502121.0,2739.0
Audi A1,20388.0,21006,618.0,381924.0,618.0
Audi A1,20440.0,18931,-1509.0,2277081.0,1509.0
Audi A1,20420.0,19735,-685.0,469225.0,685.0
Audi A1,20344.0,21377,1033.0,1067089.0,1033.0
Audi A1,20388.0,22533,2145.0,4601025.0,2145.0
Audi A1,20388.0,20923,535.0,286225.0,535.0
Audi A1,20388.0,20923,535.0,286225.0,535.0
Audi A1,20380.0,19286,-1094.0,1196836.0,1094.0
Audi A1,20344.0,21544,1200.0,1440000.0,1200.0
Audi A1,20299.0,18878,-1421.0,2019241.0,1421.0
Audi A1,20288.0,21611,1323.0,1750329.0,1323.0
Audi A1,20288.0,21496,1208.0,1459264.0,1208.0
Audi A1,20288.0,21484,1196.0,1430416.0,1196.0
Audi A1,20288.0,22574,2286.0,5225796.0,2286.0
Audi A1,20000.0,17883,-2117.0,4481689.0,2117.0
Audi A1,20850.0,21844,994.0,988036.0,994.0
Audi A1,20288.0,21484,1196.0,1430416.0,1196.0
Audi A1,20750.0,22531,1781.0,3171961.0,1781.0
Audi A1,20700.0,22968,2268.0,5143824.0,2268.0
Audi A1,20690.0,22936,2246.0,5044516.0,2246.0
Audi A1,20690.0,22813,2123.0,4507129.0,2123.0
Audi A1,20690.0,21023,333.0,110889.0,333.0
Audi A1,20653.0,23133,2480.0,6150400.0,2480.0
Audi A1,20590.0,22008,1418.0,2010724.0,1418.0
Audi A1,20590.0,19101,-1489.0,2217121.0,1489.0
Audi A1,20500.0,21700,1200.0,1440000.0,1200.0
Audi A1,19990.0,21680,1690.0,2856100.0,1690.0
Audi A1,19990.0,23807,3817.0,14569489.0,3817.0
Audi A1,19990.0,21697,1707.0,2913849.0,1707.0
Audi A1,19990.0,23600,3610.0,13032100.0,3610.0
Audi A1,19990.0,21576,1586.0,2515396.0,1586.0
Audi A1,19990.0,21754,1764.0,3111696.0,1764.0
Audi A1,19950.0,21090,1140.0,1299600.0,1140.0
Audi A1,19949.0,22308,2359.0,5564881.0,2359.0
Audi A1,19900.0,20102,202.0,40804.0,202.0
Audi A1,19900.0,21276,1376.0,1893376.0,1376.0
Audi A1,19890.0,19637,-253.0,64009.0,253.0
Audi A1,19890.0,21502,1612.0,2598544.0,1612.0
Audi A1,19890.0,21964,2074.0,4301476.0,2074.0
Audi A1,19888.0,21844,1956.0,3825936.0,1956.0
Audi A1,19888.0,21844,1956.0,3825936.0,1956.0
Audi A1,19850.0,23723,3873.0,15000129.0,3873.0
Audi A1,19826.0,23285,3459.0,11964681.0,3459.0
Audi A1,19690.0,20598,908.0,824464.0,908.0
Audi A1,19650.0,20566,916.0,839056.0,916.0
Audi A1,19588.0,22421,2833.0,8025889.0,2833.0
Audi A1,19588.0,21425,1837.0,3374569.0,1837.0
Audi A1,19588.0,21313,1725.0,2975625.0,1725.0
Audi A1,19588.0,21299,1711.0,2927521.0,1711.0
Audi A1,19588.0,21306,1718.0,2951524.0,1718.0
Audi A1,19500.0,19746,246.0,60516.0,246.0
Audi A1,19500.0,19494,-6.0,36.0,6.0
Audi A1,19550.0,21683,2133.0,4549689.0,2133.0
Audi A1,19497.0,21377,1880.0,3534400.0,1880.0
Audi A1,19497.0,21375,1878.0,3526884.0,1878.0
Audi A1,19490.0,23428,3938.0,15507844.0,3938.0
Audi A1,19490.0,21116,1626.0,2643876.0,1626.0
Audi A1,19550.0,23734,4184.0,17505856.0,4184.0
Audi A1,19490.0,23839,4349.0,18913801.0,4349.0
Audi A1,18800.0,21473,2673.0,7144929.0,2673.0
Audi A1,18775.0,19231,456.0,207936.0,456.0
Audi A1,28990.0,25330,-3660.0,13395600.0,3660.0
Audi A1,18900.0,22636,3736.0,13957696.0,3736.0
Audi A1,28990.0,24626,-4364.0,19044496.0,4364.0
Audi A1,18880.0,22561,3681.0,13549761.0,3681.0
Audi A1,18680.0,21527,2847.0,8105409.0,2847.0
Audi A1,28990.0,24626,-4364.0,19044496.0,4364.0
Audi A1,28980.0,26615,-2365.0,5593225.0,2365.0
Audi A1,28990.0,31940,2950.0,8702500.0,2950.0
Audi A1,28980.0,25493,-3487.0,12159169.0,3487.0
Audi A1,28990.0,24780,-4210.0,17724100.0,4210.0
Audi A1,28990.0,26799,-2191.0,4800481.0,2191.0
Audi A1,28980.0,24885,-4095.0,16769025.0,4095.0
Audi A1,28980.0,27531,-1449.0,2099601.0,1449.0
Audi A1,28980.0,26977,-2003.0,4012009.0,2003.0
Audi A1,28960.0,26954,-2006.0,4024036.0,2006.0
Audi A1,28960.0,27716,-1244.0,1547536.0,1244.0
Audi A1,28950.0,23365,-5585.0,31192225.0,5585.0
Audi A1,28940.0,32417,3477.0,12089529.0,3477.0
Audi A1,28900.0,24544,-4356.0,18974736.0,4356.0
Audi A1,28960.0,27711,-1249.0,1560001.0,1249.0
Audi A1,28900.0,25360,-3540.0,12531600.0,3540.0
Audi A1,18670.0,21377,2707.0,7327849.0,2707.0
Audi A1,18670.0,21375,2705.0,7317025.0,2705.0
Audi A1,18400.0,18939,539.0,290521.0,539.0
Audi A1,18325.0,19835,1510.0,2280100.0,1510.0
Audi A1,18288.0,21931,3643.0,13271449.0,3643.0
Audi A1,18288.0,20707,2419.0,5851561.0,2419.0
Audi A1,18200.0,21687,3487.0,12159169.0,3487.0
Audi A1,18480.0,19171,691.0,477481.0,691.0
Audi A1,18300.0,22294,3994.0,15952036.0,3994.0
Audi A1,17999.0,20746,2747.0,7546009.0,2747.0
Audi A1,17880.0,22192,4312.0,18593344.0,4312.0
Audi A1,29197.0,25727,-3470.0,12040900.0,3470.0
Audi A1,18175.0,21240,3065.0,9394225.0,3065.0
Audi A1,29190.0,26347,-2843.0,8082649.0,2843.0
Audi A1,18000.0,23285,5285.0,27931225.0,5285.0
Audi A1,29181.0,30545,1364.0,1860496.0,1364.0
Audi A1,17900.0,19831,1931.0,3728761.0,1931.0
Audi A1,29137.0,25837,-3300.0,10890000.0,3300.0
Audi A1,29179.0,33049,3870.0,14976900.0,3870.0
Audi A1,29150.0,27038,-2112.0,4460544.0,2112.0
Audi A1,29000.0,23625,-5375.0,28890625.0,5375.0
Audi A1,29000.0,26073,-2927.0,8567329.0,2927.0
Audi A1,28999.0,26794,-2205.0,4862025.0,2205.0
Audi A1,28999.0,23475,-5524.0,30514576.0,5524.0
Audi A1,28990.0,22880,-6110.0,37332100.0,6110.0
Audi A1,28998.0,32598,3600.0,12960000.0,3600.0
Audi A1,28990.0,23082,-5908.0,34904464.0,5908.0
Audi A1,28990.0,25583,-3407.0,11607649.0,3407.0
Audi A1,28997.0,30386,1389.0,1929321.0,1389.0
Audi A1,28990.0,25583,-3407.0,11607649.0,3407.0
Audi A1,28990.0,25582,-3408.0,11614464.0,3408.0
Audi A1,28990.0,25366,-3624.0,13133376.0,3624.0
Audi A1,17600.0,22538,4938.0,24383844.0,4938.0
Audi A1,17600.0,20712,3112.0,9684544.0,3112.0
Audi A1,17399.0,20900,3501.0,12257001.0,3501.0
Audi A1,17376.0,23255,5879.0,34562641.0,5879.0
Audi A1,17330.0,21201,3871.0,14984641.0,3871.0
Audi A1,17250.0,20896,3646.0,13293316.0,3646.0
Audi A1,17173.0,20899,3726.0,13883076.0,3726.0
Audi A1,28890.0,24164,-4726.0,22335076.0,4726.0
Audi A1,17780.0,20420,2640.0,6969600.0,2640.0
Audi A1,19388.0,20785,1397.0,1951609.0,1397.0
Audi A1,19388.0,20868,1480.0,2190400.0,1480.0
Audi A1,19388.0,22064,2676.0,7160976.0,2676.0
Audi A1,19388.0,21621,2233.0,4986289.0,2233.0
Audi A1,28990.0,25583,-3407.0,11607649.0,3407.0
Audi A1,19400.0,18909,-491.0,241081.0,491.0
Audi A1,19388.0,21359,1971.0,3884841.0,1971.0
Audi A1,19388.0,21559,2171.0,4713241.0,2171.0
Audi A1,19388.0,21559,2171.0,4713241.0,2171.0
Audi A1,19388.0,20785,1397.0,1951609.0,1397.0
Audi A1,19364.0,22875,3511.0,12327121.0,3511.0
Audi A1,19250.0,21701,2451.0,6007401.0,2451.0
Audi A1,19388.0,21621,2233.0,4986289.0,2233.0
Audi A1,19000.0,19188,188.0,35344.0,188.0
Audi A1,19388.0,20754,1366.0,1865956.0,1366.0
Audi A1,18999.0,21812,2813.0,7912969.0,2813.0
Audi A1,18990.0,18530,-460.0,211600.0,460.0
Audi A1,18950.0,19795,845.0,714025.0,845.0
Audi A1,18950.0,21876,2926.0,8561476.0,2926.0
Audi A1,28890.0,24899,-3991.0,15928081.0,3991.0
Audi A1,18990.0,22813,3823.0,14615329.0,3823.0
Audi A1,28840.0,27300,-1540.0,2371600.0,1540.0
Audi A1,28820.0,27149,-1671.0,2792241.0,1671.0
Audi A1,28820.0,27103,-1717.0,2948089.0,1717.0
Audi A1,28820.0,27148,-1672.0,2795584.0,1672.0
Audi A1,28820.0,27103,-1717.0,2948089.0,1717.0
Audi A1,28820.0,27285,-1535.0,2356225.0,1535.0
Audi A1,28820.0,27285,-1535.0,2356225.0,1535.0
Audi A1,28819.0,27248,-1571.0,2468041.0,1571.0
Audi A1,28819.0,27031,-1788.0,3196944.0,1788.0
Audi A1,28800.0,26317,-2483.0,6165289.0,2483.0
Audi A1,22250.0,21869,-381.0,145161.0,381.0
Audi A1,21990.0,24149,2159.0,4661281.0,2159.0
Audi A1,21900.0,19282,-2618.0,6853924.0,2618.0
Audi A1,21740.0,19201,-2539.0,6446521.0,2539.0
Audi A1,22300.0,21328,-972.0,944784.0,972.0
Audi A1,22300.0,21328,-972.0,944784.0,972.0
Audi A1,22300.0,21278,-1022.0,1044484.0,1022.0
Audi A1,22290.0,23722,1432.0,2050624.0,1432.0
Audi A1,22290.0,24136,1846.0,3407716.0,1846.0
Audi A1,22290.0,23887,1597.0,2550409.0,1597.0
Audi A1,22289.0,23163,874.0,763876.0,874.0
Audi A1,22400.0,20972,-1428.0,2039184.0,1428.0
Audi A1,22400.0,21209,-1191.0,1418481.0,1191.0
Audi A1,22048.0,23523,1475.0,2175625.0,1475.0
Audi A1,22028.0,23627,1599.0,2556801.0,1599.0
Audi A1,22400.0,20973,-1427.0,2036329.0,1427.0
Audi A1,22400.0,20937,-1463.0,2140369.0,1463.0
Audi A1,22590.0,23696,1106.0,1223236.0,1106.0
Audi A1,22490.0,25025,2535.0,6426225.0,2535.0
Audi A1,22900.0,19906,-2994.0,8964036.0,2994.0
Audi A1,22900.0,23555,655.0,429025.0,655.0
Audi A1,22800.0,21044,-1756.0,3083536.0,1756.0
Audi A1,22900.0,21210,-1690.0,2856100.0,1690.0
Audi A1,22700.0,21466,-1234.0,1522756.0,1234.0
Audi A1,22700.0,20169,-2531.0,6405961.0,2531.0
Audi A1,22900.0,21784,-1116.0,1245456.0,1116.0
Audi A1,22980.0,22039,-941.0,885481.0,941.0
Audi A1,22980.0,23104,124.0,15376.0,124.0
Audi A1,22970.0,26125,3155.0,9954025.0,3155.0
Audi A1,22970.0,26276,3306.0,10929636.0,3306.0
Audi A1,22990.0,22240,-750.0,562500.0,750.0
Audi A1,22990.0,22284,-706.0,498436.0,706.0
Audi A1,22990.0,20444,-2546.0,6482116.0,2546.0
Audi A1,22990.0,21893,-1097.0,1203409.0,1097.0
Audi A1,22980.0,24911,1931.0,3728761.0,1931.0
Audi A1,22959.0,24009,1050.0,1102500.0,1050.0
Audi A1,22950.0,23669,719.0,516961.0,719.0
Audi A1,22919.0,21084,-1835.0,3367225.0,1835.0
Audi A1,22989.0,25385,2396.0,5740816.0,2396.0
Audi A1,22989.0,25432,2443.0,5968249.0,2443.0
Audi A1,22950.0,20714,-2236.0,4999696.0,2236.0
Audi A1,22990.0,21687,-1303.0,1697809.0,1303.0
Audi A1,22919.0,21162,-1757.0,3087049.0,1757.0
Audi A1,22900.0,23660,760.0,577600.0,760.0
Audi A1,22900.0,23819,919.0,844561.0,919.0
Audi A1,22900.0,22191,-709.0,502681.0,709.0
Audi A1,22900.0,21693,-1207.0,1456849.0,1207.0
Audi A1,22900.0,21459,-1441.0,2076481.0,1441.0
Audi A1,22900.0,21227,-1673.0,2798929.0,1673.0
Audi A1,22900.0,21434,-1466.0,2149156.0,1466.0
Audi A1,22880.0,22927,47.0,2209.0,47.0
Audi A1,22880.0,22910,30.0,900.0,30.0
Audi A1,22800.0,21919,-881.0,776161.0,881.0
Audi A1,22900.0,21843,-1057.0,1117249.0,1057.0
Audi A1,22900.0,24761,1861.0,3463321.0,1861.0
Audi A1,22890.0,25446,2556.0,6533136.0,2556.0
Audi A1,22850.0,23881,1031.0,1062961.0,1031.0
Audi A1,22800.0,21467,-1333.0,1776889.0,1333.0
Audi A1,22800.0,21510,-1290.0,1664100.0,1290.0
Audi A1,22800.0,21484,-1316.0,1731856.0,1316.0
Audi A1,22790.0,22558,-232.0,53824.0,232.0
Audi A1,22720.0,23422,702.0,492804.0,702.0
Audi A1,22730.0,23720,990.0,980100.0,990.0
Audi A1,22790.0,22360,-430.0,184900.0,430.0
Audi A1,22785.0,22787,2.0,4.0,2.0
Audi A1,22750.0,21561,-1189.0,1413721.0,1189.0
Audi A1,22720.0,23472,752.0,565504.0,752.0
Audi A1,22720.0,24117,1397.0,1951609.0,1397.0
Audi A1,22720.0,24275,1555.0,2418025.0,1555.0
Audi A1,22690.0,23369,679.0,461041.0,679.0
Audi A1,22650.0,22810,160.0,25600.0,160.0
Audi A1,22600.0,21479,-1121.0,1256641.0,1121.0
Audi A1,22530.0,22451,-79.0,6241.0,79.0
Audi A1,22600.0,21797,-803.0,644809.0,803.0
Audi A1,22550.0,23231,681.0,463761.0,681.0
Audi A1,22590.0,22225,-365.0,133225.0,365.0
Audi A1,22590.0,22894,304.0,92416.0,304.0
Audi A1,22590.0,23641,1051.0,1104601.0,1051.0
Audi A1,22490.0,21951,-539.0,290521.0,539.0
Audi A1,22490.0,20904,-1586.0,2515396.0,1586.0
Audi A1,22500.0,19616,-2884.0,8317456.0,2884.0
Audi A1,22590.0,23520,930.0,864900.0,930.0
Audi A1,22500.0,20141,-2359.0,5564881.0,2359.0
Audi A1,22500.0,22150,-350.0,122500.0,350.0
Audi A1,22500.0,19971,-2529.0,6395841.0,2529.0
Audi A1,22500.0,20070,-2430.0,5904900.0,2430.0
Audi A1,22490.0,23069,579.0,335241.0,579.0
Audi A1,22490.0,20816,-1674.0,2802276.0,1674.0
Audi A1,22490.0,19936,-2554.0,6522916.0,2554.0
Audi A1,22490.0,22090,-400.0,160000.0,400.0
Audi A1,22490.0,23017,527.0,277729.0,527.0
Audi A1,22490.0,20835,-1655.0,2739025.0,1655.0
Audi A1,22490.0,20816,-1674.0,2802276.0,1674.0
Audi A1,22220.0,19461,-2759.0,7612081.0,2759.0
Audi A1,22499.0,21844,-655.0,429025.0,655.0
Audi A1,22494.0,24784,2290.0,5244100.0,2290.0
Audi A1,22490.0,22668,178.0,31684.0,178.0
Audi A1,22499.0,26619,4120.0,16974400.0,4120.0
Audi A1,22499.0,25943,3444.0,11861136.0,3444.0
Audi A1,22490.0,22654,164.0,26896.0,164.0
Audi A1,22490.0,21872,-618.0,381924.0,618.0
Audi A1,22490.0,20761,-1729.0,2989441.0,1729.0
Audi A1,22490.0,21732,-758.0,574564.0,758.0
Audi A1,22490.0,22492,2.0,4.0,2.0
Audi A1,22490.0,21739,-751.0,564001.0,751.0
Audi A1,22400.0,24961,2561.0,6558721.0,2561.0
Audi A1,22398.0,20728,-1670.0,2788900.0,1670.0
Audi A1,22390.0,18410,-3980.0,15840400.0,3980.0
Audi A1,22380.0,22539,159.0,25281.0,159.0
Audi A1,22490.0,21985,-505.0,255025.0,505.0
Audi A1,22360.0,22964,604.0,364816.0,604.0
Audi A1,22350.0,21574,-776.0,602176.0,776.0
Audi A1,22350.0,22706,356.0,126736.0,356.0
Audi A1,22329.0,22483,154.0,23716.0,154.0
Audi A1,22300.0,21524,-776.0,602176.0,776.0
Audi A1,22490.0,19446,-3044.0,9265936.0,3044.0
Audi A1,22489.0,25724,3235.0,10465225.0,3235.0
Audi A1,22480.0,22592,112.0,12544.0,112.0
Audi A1,22450.0,22604,154.0,23716.0,154.0
Audi A1,22450.0,22456,6.0,36.0,6.0
Audi A1,22400.0,21173,-1227.0,1505529.0,1227.0
Audi A1,22400.0,21976,-424.0,179776.0,424.0
Audi A1,22400.0,21209,-1191.0,1418481.0,1191.0
Audi A1,22400.0,21209,-1191.0,1418481.0,1191.0
Audi A1,22200.0,23837,1637.0,2679769.0,1637.0
Audi A1,22200.0,22080,-120.0,14400.0,120.0
Audi A1,22200.0,22239,39.0,1521.0,39.0
Audi A1,22150.0,23283,1133.0,1283689.0,1133.0
Audi A1,22140.0,20575,-1565.0,2449225.0,1565.0
Audi A1,22100.0,22464,364.0,132496.0,364.0
Audi A1,22100.0,19726,-2374.0,5635876.0,2374.0
Audi A1,22080.0,22000,-80.0,6400.0,80.0
Audi A1,21990.0,22040,50.0,2500.0,50.0
Audi A1,21990.0,23772,1782.0,3175524.0,1782.0
Audi A1,21990.0,23857,1867.0,3485689.0,1867.0
Audi A1,21990.0,23957,1967.0,3869089.0,1967.0
Audi A1,21990.0,23898,1908.0,3640464.0,1908.0
Audi A1,21990.0,25080,3090.0,9548100.0,3090.0
Audi A1,21990.0,23957,1967.0,3869089.0,1967.0
Audi A1,21900.0,19262,-2638.0,6959044.0,2638.0
Audi A1,21900.0,21913,13.0,169.0,13.0
Audi A1,21890.0,23435,1545.0,2387025.0,1545.0
Audi A1,21880.0,24631,2751.0,7568001.0,2751.0
Audi A1,21880.0,21839,-41.0,1681.0,41.0
Audi A1,21877.0,22000,123.0,15129.0,123.0
Audi A1,22490.0,22103,-387.0,149769.0,387.0
Audi A1,22000.0,23784,1784.0,3182656.0,1784.0
Audi A1,22000.0,21015,-985.0,970225.0,985.0
Audi A1,22000.0,21689,-311.0,96721.0,311.0
Audi A1,22000.0,20349,-1651.0,2725801.0,1651.0
Audi A1,21999.0,23088,1089.0,1185921.0,1089.0
Audi A1,21999.0,22946,947.0,896809.0,947.0
Audi A1,21999.0,23009,1010.0,1020100.0,1010.0
Audi A1,21990.0,21566,-424.0,179776.0,424.0
Audi A1,21980.0,20400,-1580.0,2496400.0,1580.0
Audi A1,21980.0,21085,-895.0,801025.0,895.0
Audi A1,21920.0,24729,2809.0,7890481.0,2809.0
Audi A1,21900.0,19777,-2123.0,4507129.0,2123.0
Audi A1,21900.0,22922,1022.0,1044484.0,1022.0
Audi A1,21920.0,25238,3318.0,11009124.0,3318.0
Audi A1,21900.0,22185,285.0,81225.0,285.0
Audi A1,21900.0,21294,-606.0,367236.0,606.0
Audi A1,21900.0,19564,-2336.0,5456896.0,2336.0
Audi A1,21900.0,19262,-2638.0,6959044.0,2638.0
Audi A1,21850.0,22027,177.0,31329.0,177.0
Audi A1,21850.0,20921,-929.0,863041.0,929.0
Audi A1,21850.0,22685,835.0,697225.0,835.0
Audi A1,21800.0,21183,-617.0,380689.0,617.0
Audi A1,21800.0,21627,-173.0,29929.0,173.0
Audi A1,21900.0,20445,-1455.0,2117025.0,1455.0
Audi A1,21800.0,21839,39.0,1521.0,39.0
Audi A1,21800.0,22045,245.0,60025.0,245.0
Audi A1,21800.0,22964,1164.0,1354896.0,1164.0
Audi A1,21800.0,22299,499.0,249001.0,499.0
Audi A1,21789.0,22813,1024.0,1048576.0,1024.0
Audi A1,21750.0,21757,7.0,49.0,7.0
Audi A1,21760.0,18907,-2853.0,8139609.0,2853.0
Audi A1,21750.0,21626,-124.0,15376.0,124.0
Audi A3,10893.0,30071,19178.0,367795684.0,19178.0
Audi A3,13000.0,19045,6045.0,36542025.0,6045.0
Audi A3,15680.0,17235,1555.0,2418025.0,1555.0
Audi A3,16490.0,21257,4767.0,22724289.0,4767.0
Audi A3,16900.0,18601,1701.0,2893401.0,1701.0
Audi A3,16490.0,17167,677.0,458329.0,677.0
Audi A3,16900.0,18569,1669.0,2785561.0,1669.0
Audi A3,17490.0,21420,3930.0,15444900.0,3930.0
Audi A3,17690.0,21337,3647.0,13300609.0,3647.0
Audi A3,17640.0,19622,1982.0,3928324.0,1982.0
Audi A3,17900.0,18744,844.0,712336.0,844.0
Audi A3,17950.0,19655,1705.0,2907025.0,1705.0
Audi A3,17930.0,17237,-693.0,480249.0,693.0
Audi A3,17930.0,18130,200.0,40000.0,200.0
Audi A3,17900.0,15552,-2348.0,5513104.0,2348.0
Audi A3,17900.0,20884,2984.0,8904256.0,2984.0
Audi A3,18500.0,17455,-1045.0,1092025.0,1045.0
Audi A3,18500.0,22106,3606.0,13003236.0,3606.0
Audi A3,18000.0,17018,-982.0,964324.0,982.0
Audi A3,18322.0,18432,110.0,12100.0,110.0
Audi A3,18300.0,17677,-623.0,388129.0,623.0
Audi A3,18290.0,18435,145.0,21025.0,145.0
Audi A3,18280.0,19899,1619.0,2621161.0,1619.0
Audi A3,18229.0,18280,51.0,2601.0,51.0
Audi A3,18222.0,17863,-359.0,128881.0,359.0
Audi A3,18200.0,18406,206.0,42436.0,206.0
Audi A3,18200.0,16563,-1637.0,2679769.0,1637.0
Audi A3,18000.0,17431,-569.0,323761.0,569.0
Audi A3,18000.0,19916,1916.0,3671056.0,1916.0
Audi A3,18000.0,18810,810.0,656100.0,810.0
Audi A3,18000.0,20616,2616.0,6843456.0,2616.0
Audi A3,18000.0,17174,-826.0,682276.0,826.0
Audi A3,18000.0,18038,38.0,1444.0,38.0
Audi A3,18460.0,17136,-1324.0,1752976.0,1324.0
Audi A3,18460.0,19382,922.0,850084.0,922.0
Audi A3,18500.0,17071,-1429.0,2042041.0,1429.0
Audi A3,18500.0,18632,132.0,17424.0,132.0
Audi A3,18500.0,17377,-1123.0,1261129.0,1123.0
Audi A3,18500.0,18379,-121.0,14641.0,121.0
Audi A3,18500.0,18300,-200.0,40000.0,200.0
Audi A3,18500.0,15966,-2534.0,6421156.0,2534.0
Audi A3,18500.0,18039,-461.0,212521.0,461.0
Audi A3,18500.0,17158,-1342.0,1800964.0,1342.0
Audi A3,18450.0,18937,487.0,237169.0,487.0
Audi A3,18450.0,21264,2814.0,7918596.0,2814.0
Audi A3,18450.0,18406,-44.0,1936.0,44.0
Audi A3,18450.0,19099,649.0,421201.0,649.0
Audi A3,18415.0,15643,-2772.0,7683984.0,2772.0
Audi A3,18420.0,17568,-852.0,725904.0,852.0
Audi A3,18444.0,17140,-1304.0,1700416.0,1304.0
Audi A3,18400.0,20446,2046.0,4186116.0,2046.0
Audi A3,18400.0,17918,-482.0,232324.0,482.0
Audi A3,18390.0,19624,1234.0,1522756.0,1234.0
Audi A3,18400.0,18147,-253.0,64009.0,253.0
Audi A3,18380.0,21478,3098.0,9597604.0,3098.0
Audi A3,18376.0,17720,-656.0,430336.0,656.0
Audi A3,18360.0,17855,-505.0,255025.0,505.0
Audi A3,18500.0,19830,1330.0,1768900.0,1330.0
Audi A3,18499.0,18843,344.0,118336.0,344.0
Audi A3,18499.0,17150,-1349.0,1819801.0,1349.0
Audi A3,18495.0,18377,-118.0,13924.0,118.0
Audi A3,18490.0,18683,193.0,37249.0,193.0
Audi A3,18490.0,22309,3819.0,14584761.0,3819.0
Audi A3,18490.0,18021,-469.0,219961.0,469.0
Audi A3,18339.0,18509,170.0,28900.0,170.0
Audi A3,18000.0,17337,-663.0,439569.0,663.0
Audi A3,18000.0,18038,38.0,1444.0,38.0
Audi A3,18480.0,18347,-133.0,17689.0,133.0
Audi A3,18000.0,20983,2983.0,8898289.0,2983.0
Audi A3,18000.0,20755,2755.0,7590025.0,2755.0
Audi A3,18000.0,17471,-529.0,279841.0,529.0
Audi A3,17999.0,22272,4273.0,18258529.0,4273.0
Audi A3,17999.0,19568,1569.0,2461761.0,1569.0
Audi A3,17990.0,17157,-833.0,693889.0,833.0
Audi A3,17990.0,21563,3573.0,12766329.0,3573.0
Audi A3,17990.0,18778,788.0,620944.0,788.0
Audi A3,17990.0,19370,1380.0,1904400.0,1380.0
Audi A3,17990.0,18155,165.0,27225.0,165.0
Audi A3,17990.0,16742,-1248.0,1557504.0,1248.0
Audi A3,17980.0,19594,1614.0,2604996.0,1614.0
Audi A3,17980.0,18868,888.0,788544.0,888.0
Audi A3,17980.0,20282,2302.0,5299204.0,2302.0
Audi A3,17969.0,17377,-592.0,350464.0,592.0
Audi A3,17965.0,19494,1529.0,2337841.0,1529.0
Audi A3,17960.0,21306,3346.0,11195716.0,3346.0
Audi A3,17900.0,21644,3744.0,14017536.0,3744.0
Audi A3,17900.0,16257,-1643.0,2699449.0,1643.0
Audi A3,17900.0,19012,1112.0,1236544.0,1112.0
Audi A3,17900.0,17489,-411.0,168921.0,411.0
Audi A3,17950.0,18659,709.0,502681.0,709.0
Audi A3,17900.0,19146,1246.0,1552516.0,1246.0
Audi A3,17900.0,19177,1277.0,1630729.0,1277.0
Audi A3,17490.0,18694,1204.0,1449616.0,1204.0
Audi A3,17490.0,17133,-357.0,127449.0,357.0
Audi A3,17480.0,19300,1820.0,3312400.0,1820.0
Audi A3,17470.0,16519,-951.0,904401.0,951.0
Audi A3,17470.0,16158,-1312.0,1721344.0,1312.0
Audi A3,17450.0,16759,-691.0,477481.0,691.0
Audi A3,17450.0,19073,1623.0,2634129.0,1623.0
Audi A3,17444.0,18888,1444.0,2085136.0,1444.0
Audi A3,17444.0,19243,1799.0,3236401.0,1799.0
Audi A3,17440.0,18529,1089.0,1185921.0,1089.0
Audi A3,17410.0,16668,-742.0,550564.0,742.0
Audi A3,17400.0,16479,-921.0,848241.0,921.0
Audi A3,17389.0,17980,591.0,349281.0,591.0
Audi A3,17300.0,15866,-1434.0,2056356.0,1434.0
Audi A3,17440.0,17900,460.0,211600.0,460.0
Audi A3,17380.0,16829,-551.0,303601.0,551.0
Audi A3,17380.0,18142,762.0,580644.0,762.0
Audi A3,17300.0,18792,1492.0,2226064.0,1492.0
Audi A3,17250.0,17042,-208.0,43264.0,208.0
Audi A3,17900.0,17161,-739.0,546121.0,739.0
Audi A3,17900.0,18718,818.0,669124.0,818.0
Audi A3,17900.0,16249,-1651.0,2725801.0,1651.0
Audi A3,17900.0,18987,1087.0,1181569.0,1087.0
Audi A3,17900.0,18256,356.0,126736.0,356.0
Audi A3,17900.0,17095,-805.0,648025.0,805.0
Audi A3,17900.0,17022,-878.0,770884.0,878.0
Audi A3,17899.0,19915,2016.0,4064256.0,2016.0
Audi A3,17894.0,19043,1149.0,1320201.0,1149.0
Audi A3,17200.0,19625,2425.0,5880625.0,2425.0
Audi A3,17895.0,17424,-471.0,221841.0,471.0
Audi A3,17890.0,18475,585.0,342225.0,585.0
Audi A3,17890.0,17561,-329.0,108241.0,329.0
Audi A3,17890.0,18988,1098.0,1205604.0,1098.0
Audi A3,17890.0,17852,-38.0,1444.0,38.0
Audi A3,17890.0,18470,580.0,336400.0,580.0
Audi A3,17890.0,18649,759.0,576081.0,759.0
Audi A3,17888.0,17995,107.0,11449.0,107.0
Audi A3,17880.0,18292,412.0,169744.0,412.0
Audi A3,17880.0,22244,4364.0,19044496.0,4364.0
Audi A3,17880.0,18158,278.0,77284.0,278.0
Audi A3,17800.0,17689,-111.0,12321.0,111.0
Audi A3,17800.0,20703,2903.0,8427409.0,2903.0
Audi A3,17800.0,16528,-1272.0,1617984.0,1272.0
Audi A3,17800.0,18086,286.0,81796.0,286.0
Audi A3,17790.0,16845,-945.0,893025.0,945.0
Audi A3,17789.0,17090,-699.0,488601.0,699.0
Audi A3,17740.0,18068,328.0,107584.0,328.0
Audi A3,17690.0,21126,3436.0,11806096.0,3436.0
Audi A3,17600.0,18977,1377.0,1896129.0,1377.0
Audi A3,17640.0,19706,2066.0,4268356.0,2066.0
Audi A3,17600.0,16638,-962.0,925444.0,962.0
Audi A3,17600.0,18276,676.0,456976.0,676.0
Audi A3,17580.0,19182,1602.0,2566404.0,1602.0
Audi A3,17550.0,17358,-192.0,36864.0,192.0
Audi A3,17500.0,19740,2240.0,5017600.0,2240.0
Audi A3,17500.0,19333,1833.0,3359889.0,1833.0
Audi A3,17500.0,18419,919.0,844561.0,919.0
Audi A3,17500.0,16949,-551.0,303601.0,551.0
Audi A3,17500.0,14929,-2571.0,6610041.0,2571.0
Audi A3,17500.0,22170,4670.0,21808900.0,4670.0
Audi A3,17500.0,18095,595.0,354025.0,595.0
Audi A3,17499.0,18977,1478.0,2184484.0,1478.0
Audi A3,17490.0,17590,100.0,10000.0,100.0
Audi A3,17490.0,21173,3683.0,13564489.0,3683.0
Audi A3,17490.0,21420,3930.0,15444900.0,3930.0
Audi A3,17690.0,21402,3712.0,13778944.0,3712.0
Audi A3,17150.0,17917,767.0,588289.0,767.0
Audi A3,17000.0,19312,2312.0,5345344.0,2312.0
Audi A3,17000.0,16409,-591.0,349281.0,591.0
Audi A3,17000.0,18052,1052.0,1106704.0,1052.0
Audi A3,17000.0,15459,-1541.0,2374681.0,1541.0
Audi A3,17000.0,15899,-1101.0,1212201.0,1101.0
Audi A3,16999.0,21737,4738.0,22448644.0,4738.0
Audi A3,16999.0,17500,501.0,251001.0,501.0
Audi A3,16999.0,20064,3065.0,9394225.0,3065.0
Audi A3,16999.0,16947,-52.0,2704.0,52.0
Audi A3,16999.0,17049,50.0,2500.0,50.0
Audi A3,16999.0,17818,819.0,670761.0,819.0
Audi A3,16999.0,19029,2030.0,4120900.0,2030.0
Audi A3,16990.0,16316,-674.0,454276.0,674.0
Audi A3,16990.0,17915,925.0,855625.0,925.0
Audi A3,16990.0,19399,2409.0,5803281.0,2409.0
Audi A3,16990.0,18449,1459.0,2128681.0,1459.0
Audi A3,16990.0,20405,3415.0,11662225.0,3415.0
Audi A3,16990.0,18308,1318.0,1737124.0,1318.0
Audi A3,16990.0,18401,1411.0,1990921.0,1411.0
Audi A3,16990.0,17434,444.0,197136.0,444.0
Audi A3,16980.0,18409,1429.0,2042041.0,1429.0
Audi A3,16980.0,18812,1832.0,3356224.0,1832.0
Audi A3,16950.0,17939,989.0,978121.0,989.0
Audi A3,16900.0,17361,461.0,212521.0,461.0
Audi A3,16900.0,14358,-2542.0,6461764.0,2542.0
Audi A3,16900.0,17289,389.0,151321.0,389.0
Audi A3,16900.0,19658,2758.0,7606564.0,2758.0
Audi A3,16900.0,17496,596.0,355216.0,596.0
Audi A3,16500.0,15532,-968.0,937024.0,968.0
Audi A3,16500.0,15864,-636.0,404496.0,636.0
Audi A3,16500.0,14456,-2044.0,4177936.0,2044.0
Audi A3,16500.0,19943,3443.0,11854249.0,3443.0
Audi A3,16500.0,17857,1357.0,1841449.0,1357.0
Audi A3,16499.0,13695,-2804.0,7862416.0,2804.0
Audi A3,16900.0,17427,527.0,277729.0,527.0
Audi A3,16900.0,14937,-1963.0,3853369.0,1963.0
Audi A3,16900.0,15912,-988.0,976144.0,988.0
Audi A3,16900.0,19982,3082.0,9498724.0,3082.0
Audi A3,16895.0,18300,1405.0,1974025.0,1405.0
Audi A3,16760.0,17128,368.0,135424.0,368.0
Audi A3,16890.0,16760,-130.0,16900.0,130.0
Audi A3,16890.0,18617,1727.0,2982529.0,1727.0
Audi A3,16820.0,17143,323.0,104329.0,323.0
Audi A3,16780.0,18203,1423.0,2024929.0,1423.0
Audi A3,16750.0,17111,361.0,130321.0,361.0
Audi A3,16739.0,16990,251.0,63001.0,251.0
Audi A3,16730.0,19032,2302.0,5299204.0,2302.0
Audi A3,16690.0,18131,1441.0,2076481.0,1441.0
Audi A3,16670.0,15968,-702.0,492804.0,702.0
Audi A3,16720.0,18877,2157.0,4652649.0,2157.0
Audi A3,16490.0,18320,1830.0,3348900.0,1830.0
Audi A3,16490.0,17885,1395.0,1946025.0,1395.0
Audi A3,16480.0,17202,722.0,521284.0,722.0
Audi A3,16450.0,15435,-1015.0,1030225.0,1015.0
Audi A3,16450.0,17838,1388.0,1926544.0,1388.0
Audi A3,16450.0,15881,-569.0,323761.0,569.0
Audi A3,16400.0,15430,-970.0,940900.0,970.0
Audi A3,16400.0,19330,2930.0,8584900.0,2930.0
Audi A3,16400.0,16317,-83.0,6889.0,83.0
Audi A3,16400.0,18713,2313.0,5349969.0,2313.0
Audi A3,16399.0,16005,-394.0,155236.0,394.0
Audi A3,16380.0,15978,-402.0,161604.0,402.0
Audi A3,16400.0,17806,1406.0,1976836.0,1406.0
Audi A3,16280.0,17833,1553.0,2411809.0,1553.0
Audi A3,16280.0,14474,-1806.0,3261636.0,1806.0
Audi A3,16255.0,16992,737.0,543169.0,737.0
Audi A3,16250.0,17586,1336.0,1784896.0,1336.0
Audi A3,15669.0,15188,-481.0,231361.0,481.0
Audi A3,15500.0,17029,1529.0,2337841.0,1529.0
Audi A3,15500.0,15379,-121.0,14641.0,121.0
Audi A3,15500.0,14829,-671.0,450241.0,671.0
Audi A3,15500.0,22784,7284.0,53056656.0,7284.0
Audi A3,15490.0,16719,1229.0,1510441.0,1229.0
Audi A3,15490.0,17770,2280.0,5198400.0,2280.0
Audi A3,15490.0,16590,1100.0,1210000.0,1100.0
Audi A3,15480.0,16509,1029.0,1058841.0,1029.0
Audi A3,15480.0,16839,1359.0,1846881.0,1359.0
Audi A3,15490.0,16496,1006.0,1012036.0,1006.0
Audi A3,16245.0,16642,397.0,157609.0,397.0
Audi A3,16225.0,17387,1162.0,1350244.0,1162.0
Audi A3,15290.0,15989,699.0,488601.0,699.0
Audi A3,15200.0,19493,4293.0,18429849.0,4293.0
Audi A3,16000.0,18362,2362.0,5579044.0,2362.0
Audi A3,16210.0,16777,567.0,321489.0,567.0
Audi A3,16210.0,16194,-16.0,256.0,16.0
Audi A3,15999.0,16233,234.0,54756.0,234.0
Audi A3,15990.0,17609,1619.0,2621161.0,1619.0
Audi A3,15990.0,18464,2474.0,6120676.0,2474.0
Audi A3,15990.0,14045,-1945.0,3783025.0,1945.0
Audi A3,16000.0,15932,-68.0,4624.0,68.0
Audi A3,15985.0,17532,1547.0,2393209.0,1547.0
Audi A3,15980.0,18285,2305.0,5313025.0,2305.0
Audi A3,15980.0,18059,2079.0,4322241.0,2079.0
Audi A3,15980.0,18598,2618.0,6853924.0,2618.0
Audi A3,15940.0,16174,234.0,54756.0,234.0
Audi A3,15980.0,16437,457.0,208849.0,457.0
Audi A3,15980.0,16450,470.0,220900.0,470.0
Audi A3,15940.0,17323,1383.0,1912689.0,1383.0
Audi A3,15930.0,14646,-1284.0,1648656.0,1284.0
Audi A3,15900.0,17629,1729.0,2989441.0,1729.0
Audi A3,15900.0,15460,-440.0,193600.0,440.0
Audi A3,15900.0,19949,4049.0,16394401.0,4049.0
Audi A3,15900.0,14628,-1272.0,1617984.0,1272.0
Audi A3,15900.0,15965,65.0,4225.0,65.0
Audi A3,15900.0,16119,219.0,47961.0,219.0
Audi A3,15900.0,18255,2355.0,5546025.0,2355.0
Audi A3,15900.0,14562,-1338.0,1790244.0,1338.0
Audi A3,15900.0,16246,346.0,119716.0,346.0
Audi A3,15900.0,18622,2722.0,7409284.0,2722.0
Audi A3,15899.0,16080,181.0,32761.0,181.0
Audi A3,15890.0,14792,-1098.0,1205604.0,1098.0
Audi A3,15899.0,16085,186.0,34596.0,186.0
Audi A3,15880.0,18922,3042.0,9253764.0,3042.0
Audi A3,15700.0,16836,1136.0,1290496.0,1136.0
Audi A3,15800.0,17866,2066.0,4268356.0,2066.0
Audi A3,15780.0,17945,2165.0,4687225.0,2165.0
Audi A3,15690.0,17009,1319.0,1739761.0,1319.0
Audi A3,14999.0,16493,1494.0,2232036.0,1494.0
Audi A3,14980.0,15312,332.0,110224.0,332.0
Audi A3,14990.0,14101,-889.0,790321.0,889.0
Audi A3,14950.0,14892,-58.0,3364.0,58.0
Audi A3,14980.0,14302,-678.0,459684.0,678.0
Audi A3,14950.0,15728,778.0,605284.0,778.0
Audi A3,14900.0,17237,2337.0,5461569.0,2337.0
Audi A3,14900.0,15425,525.0,275625.0,525.0
Audi A3,14980.0,16030,1050.0,1102500.0,1050.0
Audi A3,14890.0,16127,1237.0,1530169.0,1237.0
Audi A3,14490.0,16134,1644.0,2702736.0,1644.0
Audi A3,14888.0,14624,-264.0,69696.0,264.0
Audi A3,14600.0,17378,2778.0,7717284.0,2778.0
Audi A3,14590.0,13863,-727.0,528529.0,727.0
Audi A3,14500.0,15387,887.0,786769.0,887.0
Audi A3,14500.0,19374,4874.0,23755876.0,4874.0
Audi A3,14450.0,18420,3970.0,15760900.0,3970.0
Audi A3,13990.0,14441,451.0,203401.0,451.0
Audi A3,13950.0,15954,2004.0,4016016.0,2004.0
Audi A3,13950.0,15838,1888.0,3564544.0,1888.0
Audi A3,13900.0,16660,2760.0,7617600.0,2760.0
Audi A3,13500.0,15562,2062.0,4251844.0,2062.0
Audi A3,13950.0,15673,1723.0,2968729.0,1723.0
Audi A3,13680.0,14094,414.0,171396.0,414.0
Audi A3,13500.0,13595,95.0,9025.0,95.0
Audi A3,13500.0,12714,-786.0,617796.0,786.0
Audi A3,13500.0,16488,2988.0,8928144.0,2988.0
Audi A3,14350.0,15028,678.0,459684.0,678.0
Audi A3,12880.0,13689,809.0,654481.0,809.0
Audi A3,12999.0,15031,2032.0,4129024.0,2032.0
Audi A3,12995.0,14434,1439.0,2070721.0,1439.0
Audi A3,12850.0,13894,1044.0,1089936.0,1044.0
Audi A3,12680.0,14576,1896.0,3594816.0,1896.0
Audi A3,12500.0,16490,3990.0,15920100.0,3990.0
Audi A3,11980.0,14680,2700.0,7290000.0,2700.0
Audi A3,13500.0,13404,-96.0,9216.0,96.0
Audi A3,12990.0,13021,31.0,961.0,31.0
Audi A3,14890.0,14772,-118.0,13924.0,118.0
Audi A3,13730.0,13619,-111.0,12321.0,111.0
Audi A3,14920.0,14232,-688.0,473344.0,688.0
Audi A3,14920.0,16065,1145.0,1311025.0,1145.0
Audi A3,14960.0,14911,-49.0,2401.0,49.0
Audi A3,12400.0,11507,-893.0,797449.0,893.0
Audi A3,14980.0,9663,-5317.0,28270489.0,5317.0
Audi A3,14000.0,13807,-193.0,37249.0,193.0
Audi A3,15000.0,17895,2895.0,8381025.0,2895.0
Audi A3,14999.0,12139,-2860.0,8179600.0,2860.0
Audi A3,14999.0,14213,-786.0,617796.0,786.0
Audi A3,14999.0,14535,-464.0,215296.0,464.0
Audi A3,14999.0,14694,-305.0,93025.0,305.0
Audi A3,15065.0,15811,746.0,556516.0,746.0
Audi A3,15500.0,16114,614.0,376996.0,614.0
Audi A3,15500.0,14681,-819.0,670761.0,819.0
Audi A3,15499.0,16817,1318.0,1737124.0,1318.0
Audi A3,15480.0,15641,161.0,25921.0,161.0
Audi A3,15500.0,17318,1818.0,3305124.0,1818.0
Audi A3,15620.0,17836,2216.0,4910656.0,2216.0
Audi A3,15600.0,15220,-380.0,144400.0,380.0
Audi A3,15600.0,15499,-101.0,10201.0,101.0
Audi A3,15600.0,15812,212.0,44944.0,212.0
Audi A3,15500.0,16199,699.0,488601.0,699.0
Audi A3,15500.0,14361,-1139.0,1297321.0,1139.0
Audi A3,15500.0,15422,-78.0,6084.0,78.0
Audi A3,15500.0,14674,-826.0,682276.0,826.0
Audi A3,15500.0,15066,-434.0,188356.0,434.0
Audi A3,15333.0,16335,1002.0,1004004.0,1002.0
Audi A3,15490.0,16493,1003.0,1006009.0,1003.0
Audi A3,15320.0,14303,-1017.0,1034289.0,1017.0
Audi A3,15376.0,13906,-1470.0,2160900.0,1470.0
Audi A3,15499.0,13533,-1966.0,3865156.0,1966.0
Audi A3,15490.0,15616,126.0,15876.0,126.0
Audi A3,15490.0,15146,-344.0,118336.0,344.0
Audi A3,15490.0,15595,105.0,11025.0,105.0
Audi A3,15490.0,15859,369.0,136161.0,369.0
Audi A3,15480.0,14657,-823.0,677329.0,823.0
Audi A3,15490.0,16938,1448.0,2096704.0,1448.0
Audi A3,15480.0,17541,2061.0,4247721.0,2061.0
Audi A3,15310.0,15176,-134.0,17956.0,134.0
Audi A3,15260.0,15992,732.0,535824.0,732.0
Audi A3,15250.0,15579,329.0,108241.0,329.0
Audi A3,15145.0,15694,549.0,301401.0,549.0
Audi A3,15115.0,15957,842.0,708964.0,842.0
Audi A3,15105.0,15316,211.0,44521.0,211.0
Audi A3,15105.0,15678,573.0,328329.0,573.0
Audi A3,15105.0,15936,831.0,690561.0,831.0
Audi A3,15105.0,15921,816.0,665856.0,816.0
Audi A3,15100.0,13854,-1246.0,1552516.0,1246.0
Audi A3,15065.0,15732,667.0,444889.0,667.0
Audi A3,15065.0,15526,461.0,212521.0,461.0
Audi A3,15065.0,14808,-257.0,66049.0,257.0
Audi A3,15065.0,15026,-39.0,1521.0,39.0
Audi A3,15470.0,16798,1328.0,1763584.0,1328.0
Audi A3,15475.0,15829,354.0,125316.0,354.0
Audi A3,15065.0,15129,64.0,4096.0,64.0
Audi A3,15460.0,15141,-319.0,101761.0,319.0
Audi A3,15470.0,16682,1212.0,1468944.0,1212.0
Audi A3,15450.0,16711,1261.0,1590121.0,1261.0
Audi A3,15450.0,16978,1528.0,2334784.0,1528.0
Audi A3,15445.0,13800,-1645.0,2706025.0,1645.0
Audi A3,15430.0,15156,-274.0,75076.0,274.0
Audi A3,15430.0,15251,-179.0,32041.0,179.0
Audi A3,15400.0,15043,-357.0,127449.0,357.0
Audi A3,15400.0,14797,-603.0,363609.0,603.0
Audi A3,15380.0,14884,-496.0,246016.0,496.0
Audi A3,15390.0,18452,3062.0,9375844.0,3062.0
Audi A3,15380.0,17677,2297.0,5276209.0,2297.0
Audi A3,14995.0,13446,-1549.0,2399401.0,1549.0
Audi A3,14990.0,15285,295.0,87025.0,295.0
Audi A3,14990.0,16521,1531.0,2343961.0,1531.0
Audi A3,14990.0,16716,1726.0,2979076.0,1726.0
Audi A3,14990.0,18483,3493.0,12201049.0,3493.0
Audi A3,14990.0,14778,-212.0,44944.0,212.0
Audi A3,14990.0,15283,293.0,85849.0,293.0
Audi A3,14990.0,15353,363.0,131769.0,363.0
Audi A3,14990.0,18648,3658.0,13380964.0,3658.0
Audi A3,14990.0,14907,-83.0,6889.0,83.0
Audi A3,14980.0,17084,2104.0,4426816.0,2104.0
Audi A3,14980.0,15310,330.0,108900.0,330.0
Audi A3,14990.0,15806,816.0,665856.0,816.0
Audi A3,15380.0,15120,-260.0,67600.0,260.0
Audi A3,14980.0,15763,783.0,613089.0,783.0
Audi A3,15030.0,14940,-90.0,8100.0,90.0
Audi A3,15030.0,14396,-634.0,401956.0,634.0
Audi A3,15025.0,14832,-193.0,37249.0,193.0
Audi A3,15060.0,15114,54.0,2916.0,54.0
Audi A3,15025.0,15279,254.0,64516.0,254.0
Audi A3,15050.0,15243,193.0,37249.0,193.0
Audi A3,15030.0,15107,77.0,5929.0,77.0
Audi A3,15020.0,15660,640.0,409600.0,640.0
Audi A3,15000.0,12086,-2914.0,8491396.0,2914.0
Audi A3,15000.0,15702,702.0,492804.0,702.0
Audi A3,15020.0,15329,309.0,95481.0,309.0
Audi A3,15000.0,17432,2432.0,5914624.0,2432.0
Audi A3,15000.0,12733,-2267.0,5139289.0,2267.0
Audi A3,15000.0,16092,1092.0,1192464.0,1092.0
Audi A3,15020.0,14973,-47.0,2209.0,47.0
Audi A3,15000.0,16611,1611.0,2595321.0,1611.0
Audi A3,15000.0,15890,890.0,792100.0,890.0
Audi A3,15000.0,15813,813.0,660969.0,813.0
Audi A3,13990.0,18105,4115.0,16933225.0,4115.0
Audi A3,13990.0,14950,960.0,921600.0,960.0
Audi A3,13990.0,16095,2105.0,4431025.0,2105.0
Audi A3,13950.0,15590,1640.0,2689600.0,1640.0
Audi A3,13980.0,12931,-1049.0,1100401.0,1049.0
Audi A3,13950.0,15049,1099.0,1207801.0,1099.0
Audi A3,13900.0,15334,1434.0,2056356.0,1434.0
Audi A3,13900.0,15722,1822.0,3319684.0,1822.0
Audi A3,13900.0,15708,1808.0,3268864.0,1808.0
Audi A3,13900.0,12745,-1155.0,1334025.0,1155.0
Audi A3,13900.0,12694,-1206.0,1454436.0,1206.0
Audi A3,13900.0,14484,584.0,341056.0,584.0
Audi A3,13900.0,13923,23.0,529.0,23.0
Audi A3,13850.0,14392,542.0,293764.0,542.0
Audi A3,13800.0,16060,2260.0,5107600.0,2260.0
Audi A3,13790.0,13190,-600.0,360000.0,600.0
Audi A3,13780.0,16397,2617.0,6848689.0,2617.0
Audi A3,13780.0,15634,1854.0,3437316.0,1854.0
Audi A3,14888.0,13952,-936.0,876096.0,936.0
Audi A3,13890.0,16643,2753.0,7579009.0,2753.0
Audi A3,14880.0,14586,-294.0,86436.0,294.0
Audi A3,14880.0,13961,-919.0,844561.0,919.0
Audi A3,14880.0,13882,-998.0,996004.0,998.0
Audi A3,14850.0,16016,1166.0,1359556.0,1166.0
Audi A3,14850.0,13413,-1437.0,2064969.0,1437.0
Audi A3,14844.0,16090,1246.0,1552516.0,1246.0
Audi A3,14840.0,15561,721.0,519841.0,721.0
Audi A3,14850.0,14292,-558.0,311364.0,558.0
Audi A3,14800.0,16770,1970.0,3880900.0,1970.0
Audi A3,14840.0,14393,-447.0,199809.0,447.0
Audi A3,14800.0,15453,653.0,426409.0,653.0
Audi A3,14800.0,15652,852.0,725904.0,852.0
Audi A3,14700.0,16871,2171.0,4713241.0,2171.0
Audi A3,14780.0,13394,-1386.0,1920996.0,1386.0
Audi A3,14750.0,14204,-546.0,298116.0,546.0
Audi A3,14700.0,14639,-61.0,3721.0,61.0
Audi A3,14500.0,15102,602.0,362404.0,602.0
Audi A3,14530.0,14872,342.0,116964.0,342.0
Audi A3,14500.0,13687,-813.0,660969.0,813.0
Audi A3,14490.0,17675,3185.0,10144225.0,3185.0
Audi A3,14550.0,16789,2239.0,5013121.0,2239.0
Audi A3,14499.0,14082,-417.0,173889.0,417.0
Audi A3,14480.0,12565,-1915.0,3667225.0,1915.0
Audi A3,14400.0,13384,-1016.0,1032256.0,1016.0
Audi A3,14470.0,17231,2761.0,7623121.0,2761.0
Audi A3,14440.0,14216,-224.0,50176.0,224.0
Audi A3,14400.0,12862,-1538.0,2365444.0,1538.0
Audi A3,14440.0,14613,173.0,29929.0,173.0
Audi A3,14300.0,13172,-1128.0,1272384.0,1128.0
Audi A3,14180.0,14043,-137.0,18769.0,137.0
Audi A3,14000.0,15119,1119.0,1252161.0,1119.0
Audi A3,14950.0,14785,-165.0,27225.0,165.0
Audi A3,14950.0,15748,798.0,636804.0,798.0
Audi A3,14290.0,15089,799.0,638401.0,799.0
Audi A3,14250.0,16782,2532.0,6411024.0,2532.0
Audi A3,14250.0,24604,10354.0,107205316.0,10354.0
Audi A3,14950.0,15195,245.0,60025.0,245.0
Audi A3,14900.0,15133,233.0,54289.0,233.0
Audi A3,14900.0,14490,-410.0,168100.0,410.0
Audi A3,14900.0,13444,-1456.0,2119936.0,1456.0
Audi A3,14900.0,15414,514.0,264196.0,514.0
Audi A3,14940.0,14408,-532.0,283024.0,532.0
Audi A3,14920.0,14240,-680.0,462400.0,680.0
Audi A3,14900.0,17214,2314.0,5354596.0,2314.0
Audi A3,13690.0,14335,645.0,416025.0,645.0
Audi A3,14890.0,13056,-1834.0,3363556.0,1834.0
Audi A3,14890.0,15413,523.0,273529.0,523.0
Audi A3,14890.0,15841,951.0,904401.0,951.0
Audi A3,14890.0,15876,986.0,972196.0,986.0
Audi A3,14890.0,15725,835.0,697225.0,835.0
Audi A3,13690.0,15436,1746.0,3048516.0,1746.0
Audi A3,14890.0,15161,271.0,73441.0,271.0
Audi A3,13650.0,13131,-519.0,269361.0,519.0
Audi A3,13590.0,14158,568.0,322624.0,568.0
Audi A3,13680.0,15320,1640.0,2689600.0,1640.0
Audi A3,13500.0,12042,-1458.0,2125764.0,1458.0
Audi A3,12900.0,9313,-3587.0,12866569.0,3587.0
Audi A3,12900.0,16523,3623.0,13126129.0,3623.0
Audi A3,12900.0,12529,-371.0,137641.0,371.0
Audi A3,12900.0,14335,1435.0,2059225.0,1435.0
Audi A3,12890.0,12245,-645.0,416025.0,645.0
Audi A3,12880.0,12837,-43.0,1849.0,43.0
Audi A3,12500.0,14550,2050.0,4202500.0,2050.0
Audi A3,12480.0,11330,-1150.0,1322500.0,1150.0
Audi A3,11999.0,11819,-180.0,32400.0,180.0
Audi A3,11790.0,8545,-3245.0,10530025.0,3245.0
Audi A3,11790.0,8653,-3137.0,9840769.0,3137.0
Audi A3,11990.0,12915,925.0,855625.0,925.0
Audi A3,11990.0,10691,-1299.0,1687401.0,1299.0
Audi A3,10990.0,12967,1977.0,3908529.0,1977.0
Audi A3,10950.0,13069,2119.0,4490161.0,2119.0
Audi A3,5555.0,22915,17360.0,301369600.0,17360.0
Audi A3,18790.0,18645,-145.0,21025.0,145.0
Audi A3,18790.0,16948,-1842.0,3392964.0,1842.0
Audi A3,10550.0,19038,8488.0,72046144.0,8488.0
Audi A3,18790.0,18916,126.0,15876.0,126.0
Audi A3,18790.0,19705,915.0,837225.0,915.0
Audi A3,18780.0,17533,-1247.0,1555009.0,1247.0
Audi A3,18780.0,18324,-456.0,207936.0,456.0
Audi A3,18750.0,18540,-210.0,44100.0,210.0
Audi A3,18750.0,17274,-1476.0,2178576.0,1476.0
Audi A3,18750.0,18747,-3.0,9.0,3.0
Audi A3,18750.0,22876,4126.0,17023876.0,4126.0
Audi A3,18750.0,16206,-2544.0,6471936.0,2544.0
Audi A3,18720.0,17678,-1042.0,1085764.0,1042.0
Audi A3,18700.0,20554,1854.0,3437316.0,1854.0
Audi A3,18700.0,19351,651.0,423801.0,651.0
Audi A3,18500.0,14243,-4257.0,18122049.0,4257.0
Audi A3,18700.0,16930,-1770.0,3132900.0,1770.0
Audi A3,18700.0,19037,337.0,113569.0,337.0
Audi A3,18640.0,20360,1720.0,2958400.0,1720.0
Audi A3,18500.0,15982,-2518.0,6340324.0,2518.0
Audi A3,18500.0,20969,2469.0,6095961.0,2469.0
Audi A3,13480.0,16144,2664.0,7096896.0,2664.0
Audi A3,13479.0,15443,1964.0,3857296.0,1964.0
Audi A3,13450.0,13012,-438.0,191844.0,438.0
Audi A3,13444.0,14335,891.0,793881.0,891.0
Audi A3,13400.0,15180,1780.0,3168400.0,1780.0
Audi A3,13280.0,12082,-1198.0,1435204.0,1198.0
Audi A3,13000.0,16804,3804.0,14470416.0,3804.0
Audi A3,12980.0,14469,1489.0,2217121.0,1489.0
Audi A3,13250.0,14421,1171.0,1371241.0,1171.0
Audi A3,13100.0,12765,-335.0,112225.0,335.0
Audi A3,13100.0,15302,2202.0,4848804.0,2202.0
Audi A3,12990.0,11523,-1467.0,2152089.0,1467.0
Audi A3,12960.0,14021,1061.0,1125721.0,1061.0
Audi A3,12950.0,11822,-1128.0,1272384.0,1128.0
Audi A3,12950.0,11611,-1339.0,1792921.0,1339.0
Audi A3,12949.0,12894,-55.0,3025.0,55.0
Audi A3,15980.0,15317,-663.0,439569.0,663.0
Audi A3,15840.0,18341,2501.0,6255001.0,2501.0
Audi A3,15950.0,14160,-1790.0,3204100.0,1790.0
Audi A3,15990.0,16071,81.0,6561.0,81.0
Audi A3,15980.0,15599,-381.0,145161.0,381.0
Audi A3,15980.0,16023,43.0,1849.0,43.0
Audi A3,15830.0,17596,1766.0,3118756.0,1766.0
Audi A3,15990.0,15392,-598.0,357604.0,598.0
Audi A3,15680.0,15426,-254.0,64516.0,254.0
Audi A3,15820.0,16643,823.0,677329.0,823.0
Audi A3,22500.0,21990,-510.0,260100.0,510.0
Audi A3,19000.0,22309,3309.0,10949481.0,3309.0
Audi A3,17600.0,22124,4524.0,20466576.0,4524.0
Audi A3,20000.0,20591,591.0,349281.0,591.0
Audi A3,20000.0,23361,3361.0,11296321.0,3361.0
Audi A3,20000.0,20253,253.0,64009.0,253.0
Audi A3,24900.0,23740,-1160.0,1345600.0,1160.0
Audi A3,23500.0,25782,2282.0,5207524.0,2282.0
Audi A3,24900.0,25916,1016.0,1032256.0,1016.0
Audi A3,24900.0,23112,-1788.0,3196944.0,1788.0
Audi A3,24860.0,25862,1002.0,1004004.0,1002.0
Audi A3,24700.0,26697,1997.0,3988009.0,1997.0
Audi A3,24500.0,25772,1272.0,1617984.0,1272.0
Audi A3,24500.0,24652,152.0,23104.0,152.0
Audi A3,24500.0,28240,3740.0,13987600.0,3740.0
Audi A3,28300.0,24311,-3989.0,15912121.0,3989.0
Audi A3,28300.0,33983,5683.0,32296489.0,5683.0
Audi A3,27900.0,28124,224.0,50176.0,224.0
Audi A3,28000.0,26354,-1646.0,2709316.0,1646.0
Audi A3,27900.0,24223,-3677.0,13520329.0,3677.0
Audi A3,26900.0,24578,-2322.0,5391684.0,2322.0
Audi A3,28000.0,25287,-2713.0,7360369.0,2713.0
Audi A3,27500.0,23894,-3606.0,13003236.0,3606.0
Audi A3,27000.0,27151,151.0,22801.0,151.0
Audi A3,27500.0,25263,-2237.0,5004169.0,2237.0
Audi A3,27500.0,21732,-5768.0,33269824.0,5768.0
Audi A3,27150.0,27206,56.0,3136.0,56.0
Audi A3,27000.0,22947,-4053.0,16426809.0,4053.0
Audi A3,27000.0,26585,-415.0,172225.0,415.0
Audi A3,27000.0,25996,-1004.0,1008016.0,1004.0
Audi A3,27000.0,23008,-3992.0,15936064.0,3992.0
Audi A3,26990.0,25913,-1077.0,1159929.0,1077.0
Audi A3,26990.0,27963,973.0,946729.0,973.0
Audi A3,26900.0,25552,-1348.0,1817104.0,1348.0
Audi A3,26900.0,21506,-5394.0,29095236.0,5394.0
Audi A3,26500.0,25781,-719.0,516961.0,719.0
Audi A3,26500.0,22756,-3744.0,14017536.0,3744.0
Audi A3,26890.0,31455,4565.0,20839225.0,4565.0
Audi A3,26490.0,25845,-645.0,416025.0,645.0
Audi A3,26200.0,26277,77.0,5929.0,77.0
Audi A3,26100.0,28181,2081.0,4330561.0,2081.0
Audi A3,26000.0,22362,-3638.0,13235044.0,3638.0
Audi A3,26000.0,22166,-3834.0,14699556.0,3834.0
Audi A3,25890.0,28764,2874.0,8259876.0,2874.0
Audi A3,26000.0,23892,-2108.0,4443664.0,2108.0
Audi A3,26000.0,24103,-1897.0,3598609.0,1897.0
Audi A3,25500.0,25334,-166.0,27556.0,166.0
Audi A3,25500.0,24761,-739.0,546121.0,739.0
Audi A3,25400.0,24287,-1113.0,1238769.0,1113.0
Audi A3,25000.0,25618,618.0,381924.0,618.0
Audi A3,25000.0,25631,631.0,398161.0,631.0
Audi A3,25000.0,26278,1278.0,1633284.0,1278.0
Audi A3,25000.0,22258,-2742.0,7518564.0,2742.0
Audi A3,24950.0,21268,-3682.0,13557124.0,3682.0
Audi A3,24950.0,30320,5370.0,28836900.0,5370.0
Audi A3,24000.0,24882,882.0,777924.0,882.0
Audi A3,23900.0,26942,3042.0,9253764.0,3042.0
Audi A3,23900.0,22333,-1567.0,2455489.0,1567.0
Audi A3,24500.0,23292,-1208.0,1459264.0,1208.0
Audi A3,24000.0,23519,-481.0,231361.0,481.0
Audi A3,24000.0,21982,-2018.0,4072324.0,2018.0
Audi A3,23900.0,23411,-489.0,239121.0,489.0
Audi A3,23900.0,22523,-1377.0,1896129.0,1377.0
Audi A3,22500.0,21464,-1036.0,1073296.0,1036.0
Audi A3,23900.0,28338,4438.0,19695844.0,4438.0
Audi A3,23700.0,28613,4913.0,24137569.0,4913.0
Audi A3,22500.0,26172,3672.0,13483584.0,3672.0
Audi A3,23500.0,20880,-2620.0,6864400.0,2620.0
Audi A3,22500.0,25415,2915.0,8497225.0,2915.0
Audi A3,22500.0,22344,-156.0,24336.0,156.0
Audi A3,22500.0,23110,610.0,372100.0,610.0
Audi A3,22500.0,20632,-1868.0,3489424.0,1868.0
Audi A3,22300.0,23597,1297.0,1682209.0,1297.0
Audi A3,22400.0,28684,6284.0,39488656.0,6284.0
Audi A3,22000.0,22438,438.0,191844.0,438.0
Audi A3,22250.0,23745,1495.0,2235025.0,1495.0
Audi A3,22100.0,25464,3364.0,11316496.0,3364.0
Audi A3,22400.0,23716,1316.0,1731856.0,1316.0
Audi A3,22000.0,21493,-507.0,257049.0,507.0
Audi A3,22000.0,22049,49.0,2401.0,49.0
Audi A3,22000.0,27677,5677.0,32228329.0,5677.0
Audi A3,22000.0,21544,-456.0,207936.0,456.0
Audi A3,23500.0,21888,-1612.0,2598544.0,1612.0
Audi A3,22000.0,21163,-837.0,700569.0,837.0
Audi A3,22000.0,20390,-1610.0,2592100.0,1610.0
Audi A3,22000.0,21109,-891.0,793881.0,891.0
Audi A3,23490.0,24272,782.0,611524.0,782.0
Audi A3,23500.0,23448,-52.0,2704.0,52.0
Audi A3,23400.0,22596,-804.0,646416.0,804.0
Audi A3,23000.0,22930,-70.0,4900.0,70.0
Audi A3,23000.0,25324,2324.0,5400976.0,2324.0
Audi A3,23000.0,23432,432.0,186624.0,432.0
Audi A3,23000.0,20485,-2515.0,6325225.0,2515.0
Audi A3,23000.0,20485,-2515.0,6325225.0,2515.0
Audi A3,22950.0,22786,-164.0,26896.0,164.0
Audi A3,22900.0,23925,1025.0,1050625.0,1025.0
Audi A3,22900.0,25512,2612.0,6822544.0,2612.0
Audi A3,22900.0,23900,1000.0,1000000.0,1000.0
Audi A3,22900.0,24705,1805.0,3258025.0,1805.0
Audi A3,22900.0,24777,1877.0,3523129.0,1877.0
Audi A3,22900.0,24242,1342.0,1800964.0,1342.0
Audi A3,22800.0,22113,-687.0,471969.0,687.0
Audi A3,20000.0,18934,-1066.0,1136356.0,1066.0
Audi A3,20000.0,21239,1239.0,1535121.0,1239.0
Audi A3,20000.0,22585,2585.0,6682225.0,2585.0
Audi A3,20000.0,22480,2480.0,6150400.0,2480.0
Audi A3,19980.0,22131,2151.0,4626801.0,2151.0
Audi A3,20000.0,22092,2092.0,4376464.0,2092.0
Audi A3,20000.0,20330,330.0,108900.0,330.0
Audi A3,19500.0,19327,-173.0,29929.0,173.0
Audi A3,19800.0,23499,3699.0,13682601.0,3699.0
Audi A3,19500.0,19924,424.0,179776.0,424.0
Audi A3,19900.0,21542,1642.0,2696164.0,1642.0
Audi A3,19500.0,20594,1094.0,1196836.0,1094.0
Audi A3,19300.0,20280,980.0,960400.0,980.0
Audi A3,19370.0,22013,2643.0,6985449.0,2643.0
Audi A3,19200.0,22111,2911.0,8473921.0,2911.0
Audi A3,19000.0,19911,911.0,829921.0,911.0
Audi A3,19000.0,21835,2835.0,8037225.0,2835.0
Audi A3,21500.0,20560,-940.0,883600.0,940.0
Audi A3,21500.0,26141,4641.0,21538881.0,4641.0
Audi A3,21500.0,20632,-868.0,753424.0,868.0
Audi A3,21500.0,23281,1781.0,3171961.0,1781.0
Audi A3,21500.0,21471,-29.0,841.0,29.0
Audi A3,21500.0,21895,395.0,156025.0,395.0
Audi A3,21500.0,25986,4486.0,20124196.0,4486.0
Audi A3,21499.0,22868,1369.0,1874161.0,1369.0
Audi A3,21400.0,21544,144.0,20736.0,144.0
Audi A3,21000.0,20179,-821.0,674041.0,821.0
Audi A3,20999.0,22707,1708.0,2917264.0,1708.0
Audi A3,20900.0,21160,260.0,67600.0,260.0
Audi A3,20900.0,24263,3363.0,11309769.0,3363.0
Audi A3,20500.0,20419,-81.0,6561.0,81.0
Audi A3,20400.0,24584,4184.0,17505856.0,4184.0
Audi A3,20500.0,21786,1286.0,1653796.0,1286.0
Audi A3,20009.0,22667,2658.0,7064964.0,2658.0
Audi A3,19000.0,22473,3473.0,12061729.0,3473.0
Audi A3,19000.0,20595,1595.0,2544025.0,1595.0
Audi A3,18900.0,19181,281.0,78961.0,281.0
Audi A3,20200.0,24765,4565.0,20839225.0,4565.0
Audi A3,18900.0,20000,1100.0,1210000.0,1100.0
Audi A3,18500.0,19562,1062.0,1127844.0,1062.0
Audi A3,18490.0,16669,-1821.0,3316041.0,1821.0
Audi A3,18500.0,21911,3411.0,11634921.0,3411.0
Audi A3,18500.0,19446,946.0,894916.0,946.0
Audi A3,18500.0,20550,2050.0,4202500.0,2050.0
Audi A3,18500.0,21118,2618.0,6853924.0,2618.0
Audi A3,18500.0,19562,1062.0,1127844.0,1062.0
Audi A3,18300.0,21083,2783.0,7745089.0,2783.0
Audi A3,18200.0,20516,2316.0,5363856.0,2316.0
Audi A3,18000.0,20032,2032.0,4129024.0,2032.0
Audi A3,18000.0,22121,4121.0,16982641.0,4121.0
Audi A3,17800.0,19877,2077.0,4313929.0,2077.0
Audi A3,18000.0,20454,2454.0,6022116.0,2454.0
Audi A3,17899.0,18855,956.0,913936.0,956.0
Audi A3,17890.0,20297,2407.0,5793649.0,2407.0
Audi A3,17590.0,18915,1325.0,1755625.0,1325.0
Audi A3,17500.0,20552,3052.0,9314704.0,3052.0
Audi A3,17500.0,17618,118.0,13924.0,118.0
Audi A3,17490.0,20665,3175.0,10080625.0,3175.0
Audi A3,17000.0,22527,5527.0,30547729.0,5527.0
Audi A3,16800.0,20511,3711.0,13771521.0,3711.0
Audi A3,16800.0,20489,3689.0,13608721.0,3689.0
Audi A3,16700.0,18904,2204.0,4857616.0,2204.0
Audi A3,16500.0,20812,4312.0,18593344.0,4312.0
Audi A3,16500.0,20666,4166.0,17355556.0,4166.0
Audi A3,16350.0,19998,3648.0,13307904.0,3648.0
Audi A3,16200.0,18951,2751.0,7568001.0,2751.0
Audi A3,16000.0,20294,4294.0,18438436.0,4294.0
Audi A3,15900.0,15759,-141.0,19881.0,141.0
Audi A3,15890.0,16250,360.0,129600.0,360.0
Audi A3,15500.0,17280,1780.0,3168400.0,1780.0
Audi A3,15500.0,17929,2429.0,5900041.0,2429.0
Audi A3,15450.0,15612,162.0,26244.0,162.0
Audi A3,14800.0,17333,2533.0,6416089.0,2533.0
Audi A3,14000.0,16743,2743.0,7524049.0,2743.0
Audi A3,15790.0,17010,1220.0,1488400.0,1220.0
Audi A3,15800.0,16210,410.0,168100.0,410.0
Audi A3,15799.0,14746,-1053.0,1108809.0,1053.0
Audi A3,15780.0,15739,-41.0,1681.0,41.0
Audi A3,15780.0,14697,-1083.0,1172889.0,1083.0
Audi A3,15750.0,14295,-1455.0,2117025.0,1455.0
Audi A3,15750.0,15028,-722.0,521284.0,722.0
Audi A3,15700.0,14278,-1422.0,2022084.0,1422.0
Audi A3,15750.0,15504,-246.0,60516.0,246.0
Audi A3,15700.0,14824,-876.0,767376.0,876.0
Audi A3,15700.0,15779,79.0,6241.0,79.0
Audi A3,15700.0,16101,401.0,160801.0,401.0
Audi A3,15700.0,15356,-344.0,118336.0,344.0
Audi A3,15700.0,14584,-1116.0,1245456.0,1116.0
Audi A3,15680.0,19142,3462.0,11985444.0,3462.0
Audi A3,15930.0,15678,-252.0,63504.0,252.0
Audi A3,15930.0,15117,-813.0,660969.0,813.0
Audi A3,15930.0,15200,-730.0,532900.0,730.0
Audi A3,15990.0,16643,653.0,426409.0,653.0
Audi A3,15990.0,14000,-1990.0,3960100.0,1990.0
Audi A3,15990.0,18175,2185.0,4774225.0,2185.0
Audi A3,15930.0,15338,-592.0,350464.0,592.0
Audi A3,15900.0,14936,-964.0,929296.0,964.0
Audi A3,15900.0,15743,-157.0,24649.0,157.0
Audi A3,15900.0,14449,-1451.0,2105401.0,1451.0
Audi A3,15900.0,16272,372.0,138384.0,372.0
Audi A3,15900.0,17505,1605.0,2576025.0,1605.0
Audi A3,15900.0,15531,-369.0,136161.0,369.0
Audi A3,15900.0,14858,-1042.0,1085764.0,1042.0
Audi A3,15900.0,13311,-2589.0,6702921.0,2589.0
Audi A3,15900.0,17224,1324.0,1752976.0,1324.0
Audi A3,15900.0,15597,-303.0,91809.0,303.0
Audi A3,15900.0,14886,-1014.0,1028196.0,1014.0
Audi A3,15900.0,16748,848.0,719104.0,848.0
Audi A3,15900.0,18036,2136.0,4562496.0,2136.0
Audi A3,15900.0,16454,554.0,306916.0,554.0
Audi A3,15990.0,17421,1431.0,2047761.0,1431.0
Audi A3,15990.0,17630,1640.0,2689600.0,1640.0
Audi A3,15990.0,15952,-38.0,1444.0,38.0
Audi A3,15990.0,13096,-2894.0,8375236.0,2894.0
Audi A3,15990.0,16706,716.0,512656.0,716.0
Audi A3,16000.0,15271,-729.0,531441.0,729.0
Audi A3,16000.0,16669,669.0,447561.0,669.0
Audi A3,16000.0,20219,4219.0,17799961.0,4219.0
Audi A3,15900.0,14336,-1564.0,2446096.0,1564.0
Audi A3,16000.0,15379,-621.0,385641.0,621.0
Audi A3,16000.0,16182,182.0,33124.0,182.0
Audi A3,15999.0,16254,255.0,65025.0,255.0
Audi A3,16000.0,16082,82.0,6724.0,82.0
Audi A3,16000.0,14607,-1393.0,1940449.0,1393.0
Audi A3,15999.0,15695,-304.0,92416.0,304.0
Audi A3,15999.0,13337,-2662.0,7086244.0,2662.0
Audi A3,15999.0,13907,-2092.0,4376464.0,2092.0
Audi A3,15999.0,17707,1708.0,2917264.0,1708.0
Audi A3,15995.0,13920,-2075.0,4305625.0,2075.0
Audi A3,15980.0,14823,-1157.0,1338649.0,1157.0
Audi A3,15999.0,15164,-835.0,697225.0,835.0
Audi A3,15990.0,15401,-589.0,346921.0,589.0
Audi A3,15980.0,15145,-835.0,697225.0,835.0
Audi A3,15900.0,16916,1016.0,1032256.0,1016.0
Audi A3,15980.0,10896,-5084.0,25847056.0,5084.0
Audi A3,15890.0,15882,-8.0,64.0,8.0
Audi A3,15890.0,15758,-132.0,17424.0,132.0
Audi A3,15899.0,16620,721.0,519841.0,721.0
Audi A3,15890.0,12842,-3048.0,9290304.0,3048.0
Audi A3,15890.0,16003,113.0,12769.0,113.0
Audi A3,15890.0,15925,35.0,1225.0,35.0
Audi A3,15890.0,16171,281.0,78961.0,281.0
Audi A3,15890.0,15832,-58.0,3364.0,58.0
Audi A3,15880.0,15895,15.0,225.0,15.0
Audi A3,15880.0,17632,1752.0,3069504.0,1752.0
Audi A3,15870.0,15785,-85.0,7225.0,85.0
Audi A3,15850.0,15834,-16.0,256.0,16.0
Audi A3,15850.0,15707,-143.0,20449.0,143.0
Audi A3,15850.0,15543,-307.0,94249.0,307.0
Audi A3,15850.0,14603,-1247.0,1555009.0,1247.0
Audi A3,15850.0,16151,301.0,90601.0,301.0
Audi A3,15850.0,15487,-363.0,131769.0,363.0
Audi A3,15990.0,12864,-3126.0,9771876.0,3126.0
Audi A3,15990.0,16550,560.0,313600.0,560.0
Audi A3,15980.0,13790,-2190.0,4796100.0,2190.0
Audi A3,15980.0,17133,1153.0,1329409.0,1153.0
Audi A3,15980.0,16338,358.0,128164.0,358.0
Audi A3,15850.0,16758,908.0,824464.0,908.0
Audi A3,15975.0,18035,2060.0,4243600.0,2060.0
Audi A3,15970.0,17029,1059.0,1121481.0,1059.0
Audi A3,15950.0,16710,760.0,577600.0,760.0
Audi A3,15950.0,15291,-659.0,434281.0,659.0
Audi A3,15950.0,18759,2809.0,7890481.0,2809.0
Audi A3,15950.0,15321,-629.0,395641.0,629.0
Audi A3,15950.0,18013,2063.0,4255969.0,2063.0
Audi A3,15950.0,13525,-2425.0,5880625.0,2425.0
Audi A3,15950.0,13056,-2894.0,8375236.0,2894.0
Audi A3,15950.0,15680,-270.0,72900.0,270.0
Audi A3,30500.0,26272,-4228.0,17875984.0,4228.0
Audi A3,34000.0,26263,-7737.0,59861169.0,7737.0
Audi A3,32000.0,29366,-2634.0,6937956.0,2634.0
Audi A3,64900.0,44758,-20142.0,405700164.0,20142.0
Audi A3,28390.0,26320,-2070.0,4284900.0,2070.0
Audi A3,39959.0,32738,-7221.0,52142841.0,7221.0
Audi A3,62900.0,47511,-15389.0,236821321.0,15389.0
Audi A3,39575.0,34361,-5214.0,27185796.0,5214.0
Audi A3,56900.0,49673,-7227.0,52229529.0,7227.0
Audi A3,58500.0,47613,-10887.0,118526769.0,10887.0
Audi A3,58990.0,43064,-15926.0,253637476.0,15926.0
Audi A3,63900.0,48697,-15203.0,231131209.0,15203.0
Audi A3,57400.0,44847,-12553.0,157577809.0,12553.0
Audi A3,56100.0,41627,-14473.0,209467729.0,14473.0
Audi A3,55000.0,44926,-10074.0,101485476.0,10074.0
Audi A3,55000.0,46238,-8762.0,76772644.0,8762.0
Audi A3,53000.0,47993,-5007.0,25070049.0,5007.0
Audi A3,51900.0,46742,-5158.0,26604964.0,5158.0
Audi A3,51900.0,47779,-4121.0,16982641.0,4121.0
Audi A3,52000.0,49539,-2461.0,6056521.0,2461.0
Audi A3,50000.0,46264,-3736.0,13957696.0,3736.0
Audi A3,51999.0,48266,-3733.0,13935289.0,3733.0
Audi A3,49900.0,46572,-3328.0,11075584.0,3328.0
Audi A3,41495.0,35461,-6034.0,36409156.0,6034.0
Audi A3,42500.0,40300,-2200.0,4840000.0,2200.0
Audi A3,41000.0,41928,928.0,861184.0,928.0
Audi A3,45890.0,46901,1011.0,1022121.0,1011.0
Audi A3,38495.0,36361,-2134.0,4553956.0,2134.0
Audi A3,38450.0,31035,-7415.0,54982225.0,7415.0
Audi A3,38725.0,34353,-4372.0,19114384.0,4372.0
Audi A3,38000.0,29133,-8867.0,78623689.0,8867.0
Audi A3,35899.0,32011,-3888.0,15116544.0,3888.0
Audi A3,36840.0,34353,-2487.0,6185169.0,2487.0
Audi A3,38000.0,32306,-5694.0,32421636.0,5694.0
Audi A3,35500.0,27422,-8078.0,65254084.0,8078.0
Audi A3,37998.0,34583,-3415.0,11662225.0,3415.0
Audi A3,35495.0,34125,-1370.0,1876900.0,1370.0
Audi A3,35495.0,34497,-998.0,996004.0,998.0
Audi A3,35000.0,23179,-11821.0,139736041.0,11821.0
Audi A3,35000.0,28429,-6571.0,43178041.0,6571.0
Audi A3,35000.0,25883,-9117.0,83119689.0,9117.0
Audi A3,34738.0,29638,-5100.0,26010000.0,5100.0
Audi A3,34000.0,26120,-7880.0,62094400.0,7880.0
Audi A3,34500.0,27262,-7238.0,52388644.0,7238.0
Audi A3,30000.0,26284,-3716.0,13808656.0,3716.0
Audi A3,30000.0,28420,-1580.0,2496400.0,1580.0
Audi A3,30000.0,24347,-5653.0,31956409.0,5653.0
Audi A3,30000.0,27488,-2512.0,6310144.0,2512.0
Audi A3,29980.0,27014,-2966.0,8797156.0,2966.0
Audi A3,29990.0,29760,-230.0,52900.0,230.0
Audi A3,29900.0,28937,-963.0,927369.0,963.0
Audi A3,29500.0,23633,-5867.0,34421689.0,5867.0
Audi A3,29500.0,25105,-4395.0,19316025.0,4395.0
Audi A3,29500.0,28578,-922.0,850084.0,922.0
Audi A3,28990.0,25452,-3538.0,12517444.0,3538.0
Audi A3,28900.0,24392,-4508.0,20322064.0,4508.0
Audi A3,28900.0,22625,-6275.0,39375625.0,6275.0
Audi A3,28500.0,22978,-5522.0,30492484.0,5522.0
Audi A3,28500.0,28403,-97.0,9409.0,97.0
Audi A3,28490.0,29729,1239.0,1535121.0,1239.0
Audi A3,34000.0,26791,-7209.0,51969681.0,7209.0
Audi A3,28490.0,25026,-3464.0,11999296.0,3464.0
Audi A3,74600.0,55362,-19238.0,370100644.0,19238.0
Audi A3,67600.0,51389,-16211.0,262796521.0,16211.0
Audi A3,33000.0,28783,-4217.0,17783089.0,4217.0
Audi A3,33800.0,35969,2169.0,4704561.0,2169.0
Audi A3,32900.0,27165,-5735.0,32890225.0,5735.0
Audi A3,32500.0,27053,-5447.0,29669809.0,5447.0
Audi A3,33250.0,27999,-5251.0,27573001.0,5251.0
Audi A3,32200.0,27836,-4364.0,19044496.0,4364.0
Audi A3,32950.0,30184,-2766.0,7650756.0,2766.0
Audi A3,31950.0,30711,-1239.0,1535121.0,1239.0
Audi A3,31900.0,29949,-1951.0,3806401.0,1951.0
Audi A3,31900.0,25060,-6840.0,46785600.0,6840.0
Audi A3,31900.0,26679,-5221.0,27258841.0,5221.0
Audi A3,30900.0,27090,-3810.0,14516100.0,3810.0
Audi A3,30900.0,25635,-5265.0,27720225.0,5265.0
Audi A3,30500.0,25097,-5403.0,29192409.0,5403.0
Audi A3,30900.0,27305,-3595.0,12924025.0,3595.0
Audi A3,19890.0,21688,1798.0,3232804.0,1798.0
Audi A3,19890.0,19818,-72.0,5184.0,72.0
Audi A3,18900.0,19154,254.0,64516.0,254.0
Audi A3,19890.0,20057,167.0,27889.0,167.0
Audi A3,18800.0,18098,-702.0,492804.0,702.0
Audi A3,18800.0,20486,1686.0,2842596.0,1686.0
Audi A3,19900.0,20640,740.0,547600.0,740.0
Audi A3,19900.0,20486,586.0,343396.0,586.0
Audi A3,20900.0,22163,1263.0,1595169.0,1263.0
Audi A3,20990.0,18493,-2497.0,6235009.0,2497.0
Audi A3,21400.0,21488,88.0,7744.0,88.0
Audi A3,21500.0,21472,-28.0,784.0,28.0
Audi A3,21579.0,20633,-946.0,894916.0,946.0
Audi A3,21550.0,23224,1674.0,2802276.0,1674.0
Audi A3,21600.0,21263,-337.0,113569.0,337.0
Audi A3,21600.0,22217,617.0,380689.0,617.0
Audi A3,21890.0,22300,410.0,168100.0,410.0
Audi A3,21490.0,22699,1209.0,1461681.0,1209.0
Audi A3,21900.0,21587,-313.0,97969.0,313.0
Audi A3,21900.0,20440,-1460.0,2131600.0,1460.0
Audi A3,21990.0,22873,883.0,779689.0,883.0
Audi A3,22290.0,22263,-27.0,729.0,27.0
Audi A3,21990.0,21089,-901.0,811801.0,901.0
Audi A3,21900.0,22138,238.0,56644.0,238.0
Audi A3,21900.0,22755,855.0,731025.0,855.0
Audi A3,21900.0,20193,-1707.0,2913849.0,1707.0
Audi A3,21900.0,22915,1015.0,1030225.0,1015.0
Audi A3,21900.0,22852,952.0,906304.0,952.0
Audi A3,21900.0,22404,504.0,254016.0,504.0
Audi A3,21900.0,22174,274.0,75076.0,274.0
Audi A3,21900.0,23313,1413.0,1996569.0,1413.0
Audi A3,21900.0,22896,996.0,992016.0,996.0
Audi A3,21900.0,24777,2877.0,8277129.0,2877.0
Audi A3,21900.0,21849,-51.0,2601.0,51.0
Audi A3,21900.0,25671,3771.0,14220441.0,3771.0
Audi A3,21900.0,22241,341.0,116281.0,341.0
Audi A3,21900.0,24157,2257.0,5094049.0,2257.0
Audi A3,21900.0,19756,-2144.0,4596736.0,2144.0
Audi A3,21900.0,24654,2754.0,7584516.0,2754.0
Audi A3,21900.0,21774,-126.0,15876.0,126.0
Audi A3,21900.0,23562,1662.0,2762244.0,1662.0
Audi A3,21900.0,24182,2282.0,5207524.0,2282.0
Audi A3,22290.0,24903,2613.0,6827769.0,2613.0
Audi A3,22290.0,22224,-66.0,4356.0,66.0
Audi A3,22290.0,22220,-70.0,4900.0,70.0
Audi A3,22280.0,17557,-4723.0,22306729.0,4723.0
Audi A3,22250.0,21318,-932.0,868624.0,932.0
Audi A3,22222.0,21621,-601.0,361201.0,601.0
Audi A3,22200.0,22315,115.0,13225.0,115.0
Audi A3,22200.0,22630,430.0,184900.0,430.0
Audi A3,22150.0,21245,-905.0,819025.0,905.0
Audi A3,22150.0,23156,1006.0,1012036.0,1006.0
Audi A3,22000.0,20977,-1023.0,1046529.0,1023.0
Audi A3,22000.0,17266,-4734.0,22410756.0,4734.0
Audi A3,22000.0,22101,101.0,10201.0,101.0
Audi A3,22000.0,22028,28.0,784.0,28.0
Audi A3,22000.0,19868,-2132.0,4545424.0,2132.0
Audi A3,22000.0,29351,7351.0,54037201.0,7351.0
Audi A3,21990.0,18807,-3183.0,10131489.0,3183.0
Audi A3,21980.0,20614,-1366.0,1865956.0,1366.0
Audi A3,21890.0,23509,1619.0,2621161.0,1619.0
Audi A3,21980.0,22570,590.0,348100.0,590.0
Audi A3,21950.0,23218,1268.0,1607824.0,1268.0
Audi A3,21950.0,22670,720.0,518400.0,720.0
Audi A3,21950.0,21345,-605.0,366025.0,605.0
Audi A3,21950.0,22630,680.0,462400.0,680.0
Audi A3,21950.0,21071,-879.0,772641.0,879.0
Audi A3,21950.0,23430,1480.0,2190400.0,1480.0
Audi A3,21950.0,24075,2125.0,4515625.0,2125.0
Audi A3,21900.0,20915,-985.0,970225.0,985.0
Audi A3,21900.0,22232,332.0,110224.0,332.0
Audi A3,21900.0,18585,-3315.0,10989225.0,3315.0
Audi A3,21900.0,18422,-3478.0,12096484.0,3478.0
Audi A3,21900.0,22203,303.0,91809.0,303.0
Audi A3,21900.0,20201,-1699.0,2886601.0,1699.0
Audi A3,21900.0,23313,1413.0,1996569.0,1413.0
Audi A3,21999.0,23574,1575.0,2480625.0,1575.0
Audi A3,21999.0,21787,-212.0,44944.0,212.0
Audi A3,22000.0,23218,1218.0,1483524.0,1218.0
Audi A3,21999.0,24203,2204.0,4857616.0,2204.0
Audi A3,21999.0,23611,1612.0,2598544.0,1612.0
Audi A3,21999.0,21320,-679.0,461041.0,679.0
Audi A3,21999.0,21831,-168.0,28224.0,168.0
Audi A3,21999.0,24867,2868.0,8225424.0,2868.0
Audi A3,21996.0,20955,-1041.0,1083681.0,1041.0
Audi A3,21999.0,23147,1148.0,1317904.0,1148.0
Audi A3,21990.0,22960,970.0,940900.0,970.0
Audi A3,21999.0,23156,1157.0,1338649.0,1157.0
Audi A3,21990.0,22308,318.0,101124.0,318.0
Audi A3,21990.0,20479,-1511.0,2283121.0,1511.0
Audi A3,21990.0,25227,3237.0,10478169.0,3237.0
Audi A3,21990.0,21339,-651.0,423801.0,651.0
Audi A3,21990.0,20767,-1223.0,1495729.0,1223.0
Audi A3,21990.0,25346,3356.0,11262736.0,3356.0
Audi A3,21990.0,22654,664.0,440896.0,664.0
Audi A3,21990.0,22690,700.0,490000.0,700.0
Audi A3,21900.0,22194,294.0,86436.0,294.0
Audi A3,21900.0,22983,1083.0,1172889.0,1083.0
Audi A3,21900.0,20643,-1257.0,1580049.0,1257.0
Audi A3,21900.0,20342,-1558.0,2427364.0,1558.0
Audi A3,21900.0,25082,3182.0,10125124.0,3182.0
Audi A3,21900.0,23596,1696.0,2876416.0,1696.0
Audi A3,21900.0,23100,1200.0,1440000.0,1200.0
Audi A3,21900.0,23287,1387.0,1923769.0,1387.0
Audi A3,21900.0,23066,1166.0,1359556.0,1166.0
Audi A3,21900.0,22676,776.0,602176.0,776.0
Audi A3,21900.0,22002,102.0,10404.0,102.0
Audi A3,21900.0,21037,-863.0,744769.0,863.0
Audi A3,21900.0,22707,807.0,651249.0,807.0
Audi A3,21900.0,20888,-1012.0,1024144.0,1012.0
Audi A3,21900.0,23235,1335.0,1782225.0,1335.0
Audi A3,21900.0,22099,199.0,39601.0,199.0
Audi A3,21990.0,22425,435.0,189225.0,435.0
Audi A3,21900.0,21444,-456.0,207936.0,456.0
Audi A3,21900.0,21903,3.0,9.0,3.0
Audi A3,21500.0,22462,962.0,925444.0,962.0
Audi A3,21500.0,21518,18.0,324.0,18.0
Audi A3,21500.0,21862,362.0,131044.0,362.0
Audi A3,21500.0,19796,-1704.0,2903616.0,1704.0
Audi A3,21500.0,21330,-170.0,28900.0,170.0
Audi A3,21500.0,21066,-434.0,188356.0,434.0
Audi A3,21500.0,20313,-1187.0,1408969.0,1187.0
Audi A3,21500.0,22316,816.0,665856.0,816.0
Audi A3,21499.0,21132,-367.0,134689.0,367.0
Audi A3,21499.0,20017,-1482.0,2196324.0,1482.0
Audi A3,21499.0,20928,-571.0,326041.0,571.0
Audi A3,21499.0,23471,1972.0,3888784.0,1972.0
Audi A3,21490.0,22953,1463.0,2140369.0,1463.0
Audi A3,21490.0,20402,-1088.0,1183744.0,1088.0
Audi A3,21490.0,22520,1030.0,1060900.0,1030.0
Audi A3,21490.0,20234,-1256.0,1577536.0,1256.0
Audi A3,21490.0,21749,259.0,67081.0,259.0
Audi A3,21490.0,21932,442.0,195364.0,442.0
Audi A3,21490.0,21700,210.0,44100.0,210.0
Audi A3,21890.0,23680,1790.0,3204100.0,1790.0
Audi A3,21890.0,22049,159.0,25281.0,159.0
Audi A3,21888.0,21576,-312.0,97344.0,312.0
Audi A3,21880.0,23598,1718.0,2951524.0,1718.0
Audi A3,21800.0,22475,675.0,455625.0,675.0
Audi A3,21850.0,21529,-321.0,103041.0,321.0
Audi A3,21850.0,23447,1597.0,2550409.0,1597.0
Audi A3,21880.0,22001,121.0,14641.0,121.0
Audi A3,21800.0,22017,217.0,47089.0,217.0
Audi A3,21790.0,23005,1215.0,1476225.0,1215.0
Audi A3,21780.0,21323,-457.0,208849.0,457.0
Audi A3,21790.0,21484,-306.0,93636.0,306.0
Audi A3,21790.0,22239,449.0,201601.0,449.0
Audi A3,21750.0,22252,502.0,252004.0,502.0
Audi A3,21790.0,22425,635.0,403225.0,635.0
Audi A3,21790.0,23093,1303.0,1697809.0,1303.0
Audi A3,21700.0,23460,1760.0,3097600.0,1760.0
Audi A3,21690.0,20001,-1689.0,2852721.0,1689.0
Audi A3,21550.0,22446,896.0,802816.0,896.0
Audi A3,21550.0,22861,1311.0,1718721.0,1311.0
Audi A3,21500.0,22328,828.0,685584.0,828.0
Audi A3,21500.0,22943,1443.0,2082249.0,1443.0
Audi A3,21500.0,22887,1387.0,1923769.0,1387.0
Audi A3,21500.0,22918,1418.0,2010724.0,1418.0
Audi A3,21500.0,21224,-276.0,76176.0,276.0
Audi A3,21500.0,21285,-215.0,46225.0,215.0
Audi A3,21500.0,20965,-535.0,286225.0,535.0
Audi A3,21500.0,20331,-1169.0,1366561.0,1169.0
Audi A3,21500.0,19090,-2410.0,5808100.0,2410.0
Audi A3,21500.0,20565,-935.0,874225.0,935.0
Audi A3,21500.0,21411,-89.0,7921.0,89.0
Audi A3,21500.0,21050,-450.0,202500.0,450.0
Audi A3,21500.0,22466,966.0,933156.0,966.0
Audi A3,21490.0,22420,930.0,864900.0,930.0
Audi A3,21480.0,23926,2446.0,5982916.0,2446.0
Audi A3,21450.0,20493,-957.0,915849.0,957.0
Audi A3,21450.0,19837,-1613.0,2601769.0,1613.0
Audi A3,21600.0,22566,966.0,933156.0,966.0
Audi A3,21480.0,24635,3155.0,9954025.0,3155.0
Audi A3,21450.0,19704,-1746.0,3048516.0,1746.0
Audi A3,21450.0,19657,-1793.0,3214849.0,1793.0
Audi A3,21450.0,19706,-1744.0,3041536.0,1744.0
Audi A3,21450.0,19855,-1595.0,2544025.0,1595.0
Audi A3,21450.0,19483,-1967.0,3869089.0,1967.0
Audi A3,21450.0,19523,-1927.0,3713329.0,1927.0
Audi A3,21450.0,19585,-1865.0,3478225.0,1865.0
Audi A3,21450.0,20423,-1027.0,1054729.0,1027.0
Audi A3,21450.0,23468,2018.0,4072324.0,2018.0
Audi A3,21400.0,21559,159.0,25281.0,159.0
Audi A3,21450.0,20307,-1143.0,1306449.0,1143.0
Audi A3,21400.0,22694,1294.0,1674436.0,1294.0
Audi A3,21400.0,21291,-109.0,11881.0,109.0
Audi A3,20750.0,22378,1628.0,2650384.0,1628.0
Audi A3,21400.0,22729,1329.0,1766241.0,1329.0
Audi A3,20750.0,22379,1629.0,2653641.0,1629.0
Audi A3,20750.0,24591,3841.0,14753281.0,3841.0
Audi A3,20750.0,20531,-219.0,47961.0,219.0
Audi A3,20750.0,22367,1617.0,2614689.0,1617.0
Audi A3,20750.0,21803,1053.0,1108809.0,1053.0
Audi A3,20750.0,19578,-1172.0,1373584.0,1172.0
Audi A3,20700.0,21649,949.0,900601.0,949.0
Audi A3,20690.0,20349,-341.0,116281.0,341.0
Audi A3,20600.0,19959,-641.0,410881.0,641.0
Audi A3,20550.0,21380,830.0,688900.0,830.0
Audi A3,20500.0,21664,1164.0,1354896.0,1164.0
Audi A3,20500.0,21375,875.0,765625.0,875.0
Audi A3,20500.0,20006,-494.0,244036.0,494.0
Audi A3,20500.0,21055,555.0,308025.0,555.0
Audi A3,20500.0,21491,991.0,982081.0,991.0
Audi A3,20500.0,20529,29.0,841.0,29.0
Audi A3,20500.0,19848,-652.0,425104.0,652.0
Audi A3,21300.0,22218,918.0,842724.0,918.0
Audi A3,21400.0,21489,89.0,7921.0,89.0
Audi A3,21400.0,21273,-127.0,16129.0,127.0
Audi A3,21300.0,25369,4069.0,16556761.0,4069.0
Audi A3,21300.0,23751,2451.0,6007401.0,2451.0
Audi A3,21400.0,20645,-755.0,570025.0,755.0
Audi A3,21290.0,21643,353.0,124609.0,353.0
Audi A3,21200.0,20679,-521.0,271441.0,521.0
Audi A3,21000.0,24325,3325.0,11055625.0,3325.0
Audi A3,20985.0,20457,-528.0,278784.0,528.0
Audi A3,20980.0,22172,1192.0,1420864.0,1192.0
Audi A3,20950.0,21981,1031.0,1062961.0,1031.0
Audi A3,21000.0,21129,129.0,16641.0,129.0
Audi A3,20990.0,26035,5045.0,25452025.0,5045.0
Audi A3,20990.0,20293,-697.0,485809.0,697.0
Audi A3,20950.0,20423,-527.0,277729.0,527.0
Audi A3,20950.0,20825,-125.0,15625.0,125.0
Audi A3,20900.0,20114,-786.0,617796.0,786.0
Audi A3,20900.0,20200,-700.0,490000.0,700.0
Audi A3,20900.0,21248,348.0,121104.0,348.0
Audi A3,20900.0,21001,101.0,10201.0,101.0
Audi A3,20950.0,21278,328.0,107584.0,328.0
Audi A3,20900.0,21221,321.0,103041.0,321.0
Audi A3,20900.0,19590,-1310.0,1716100.0,1310.0
Audi A3,20900.0,21452,552.0,304704.0,552.0
Audi A3,20500.0,21749,1249.0,1560001.0,1249.0
Audi A3,20900.0,21795,895.0,801025.0,895.0
Audi A3,20900.0,21506,606.0,367236.0,606.0
Audi A3,20500.0,20903,403.0,162409.0,403.0
Audi A3,20500.0,22133,1633.0,2666689.0,1633.0
Audi A3,20500.0,21436,936.0,876096.0,936.0
Audi A3,20900.0,22387,1487.0,2211169.0,1487.0
Audi A3,20490.0,19675,-815.0,664225.0,815.0
Audi A3,20498.0,22032,1534.0,2353156.0,1534.0
Audi A3,20500.0,20940,440.0,193600.0,440.0
Audi A3,20490.0,19978,-512.0,262144.0,512.0
Audi A3,20480.0,19503,-977.0,954529.0,977.0
Audi A3,20450.0,19266,-1184.0,1401856.0,1184.0
Audi A3,20495.0,19347,-1148.0,1317904.0,1148.0
Audi A3,20440.0,20433,-7.0,49.0,7.0
Audi A3,20300.0,21467,1167.0,1361889.0,1167.0
Audi A3,20300.0,22250,1950.0,3802500.0,1950.0
Audi A3,20300.0,22696,2396.0,5740816.0,2396.0
Audi A3,20300.0,21335,1035.0,1071225.0,1035.0
Audi A3,20400.0,20647,247.0,61009.0,247.0
Audi A3,20000.0,20646,646.0,417316.0,646.0
Audi A3,20900.0,20068,-832.0,692224.0,832.0
Audi A3,20400.0,24313,3913.0,15311569.0,3913.0
Audi A3,20900.0,21665,765.0,585225.0,765.0
Audi A3,20900.0,21178,278.0,77284.0,278.0
Audi A3,20900.0,20850,-50.0,2500.0,50.0
Audi A3,20900.0,21883,983.0,966289.0,983.0
Audi A3,20900.0,22108,1208.0,1459264.0,1208.0
Audi A3,20900.0,22918,2018.0,4072324.0,2018.0
Audi A3,20900.0,23387,2487.0,6185169.0,2487.0
Audi A3,20870.0,23993,3123.0,9753129.0,3123.0
Audi A3,20850.0,20586,-264.0,69696.0,264.0
Audi A3,20850.0,21801,951.0,904401.0,951.0
Audi A3,20810.0,20856,46.0,2116.0,46.0
Audi A3,20810.0,20800,-10.0,100.0,10.0
Audi A3,20810.0,20995,185.0,34225.0,185.0
Audi A3,20810.0,20591,-219.0,47961.0,219.0
Audi A3,20810.0,20777,-33.0,1089.0,33.0
Audi A3,20850.0,21913,1063.0,1129969.0,1063.0
Audi A3,20800.0,22480,1680.0,2822400.0,1680.0
Audi A3,20999.0,19981,-1018.0,1036324.0,1018.0
Audi A3,20999.0,19939,-1060.0,1123600.0,1060.0
Audi A3,21000.0,20216,-784.0,614656.0,784.0
Audi A3,20999.0,21985,986.0,972196.0,986.0
Audi A3,20800.0,19105,-1695.0,2873025.0,1695.0
Audi A3,21000.0,21364,364.0,132496.0,364.0
Audi A3,20999.0,24330,3331.0,11095561.0,3331.0
Audi A3,20990.0,22549,1559.0,2430481.0,1559.0
Audi A3,20990.0,20545,-445.0,198025.0,445.0
Audi A3,20000.0,21602,1602.0,2566404.0,1602.0
Audi A3,20800.0,21237,437.0,190969.0,437.0
Audi A3,20000.0,21331,1331.0,1771561.0,1331.0
Audi A3,20990.0,19743,-1247.0,1555009.0,1247.0
Audi A3,20000.0,20911,911.0,829921.0,911.0
Audi A3,20990.0,23441,2451.0,6007401.0,2451.0
Audi A3,20000.0,25069,5069.0,25694761.0,5069.0
Audi A3,19999.0,23031,3032.0,9193024.0,3032.0
Audi A3,19999.0,18737,-1262.0,1592644.0,1262.0
Audi A3,19999.0,22982,2983.0,8898289.0,2983.0
Audi A3,20000.0,27915,7915.0,62647225.0,7915.0
Audi A3,19999.0,19319,-680.0,462400.0,680.0
Audi A3,19999.0,23031,3032.0,9193024.0,3032.0
Audi A3,19999.0,22982,2983.0,8898289.0,2983.0
Audi A3,19990.0,20935,945.0,893025.0,945.0
Audi A3,19990.0,21731,1741.0,3031081.0,1741.0
Audi A3,19990.0,20070,80.0,6400.0,80.0
Audi A3,19990.0,20182,192.0,36864.0,192.0
Audi A3,19990.0,17926,-2064.0,4260096.0,2064.0
Audi A3,19990.0,21611,1621.0,2627641.0,1621.0
Audi A3,19990.0,21218,1228.0,1507984.0,1228.0
Audi A3,19990.0,21892,1902.0,3617604.0,1902.0
Audi A3,19990.0,18633,-1357.0,1841449.0,1357.0
Audi A3,19980.0,19694,-286.0,81796.0,286.0
Audi A3,19980.0,20590,610.0,372100.0,610.0
Audi A3,19950.0,18534,-1416.0,2005056.0,1416.0
Audi A3,19950.0,18618,-1332.0,1774224.0,1332.0
Audi A3,19950.0,21702,1752.0,3069504.0,1752.0
Audi A3,19900.0,21562,1662.0,2762244.0,1662.0
Audi A3,19900.0,19903,3.0,9.0,3.0
Audi A3,19900.0,23034,3134.0,9821956.0,3134.0
Audi A3,19900.0,21468,1568.0,2458624.0,1568.0
Audi A3,19900.0,20655,755.0,570025.0,755.0
Audi A3,19900.0,20407,507.0,257049.0,507.0
Audi A3,19900.0,21423,1523.0,2319529.0,1523.0
Audi A3,19900.0,20719,819.0,670761.0,819.0
Audi A3,19900.0,20765,865.0,748225.0,865.0
Audi A3,19900.0,20425,525.0,275625.0,525.0
Audi A3,19900.0,22856,2956.0,8737936.0,2956.0
Audi A3,19800.0,20767,967.0,935089.0,967.0
Audi A3,19890.0,20231,341.0,116281.0,341.0
Audi A3,19899.0,21134,1235.0,1525225.0,1235.0
Audi A3,19750.0,20400,650.0,422500.0,650.0
Audi A3,19800.0,19507,-293.0,85849.0,293.0
Audi A3,19770.0,19869,99.0,9801.0,99.0
Audi A3,19800.0,20848,1048.0,1098304.0,1048.0
Audi A3,19750.0,20334,584.0,341056.0,584.0
Audi A3,19700.0,22964,3264.0,10653696.0,3264.0
Audi A3,19700.0,23993,4293.0,18429849.0,4293.0
Audi A3,19750.0,20190,440.0,193600.0,440.0
Audi A3,19750.0,16214,-3536.0,12503296.0,3536.0
Audi A3,19600.0,20904,1304.0,1700416.0,1304.0
Audi A3,19500.0,22305,2805.0,7868025.0,2805.0
Audi A3,19500.0,19525,25.0,625.0,25.0
Audi A3,19500.0,21952,2452.0,6012304.0,2452.0
Audi A3,19490.0,20969,1479.0,2187441.0,1479.0
Audi A3,19480.0,18306,-1174.0,1378276.0,1174.0
Audi A3,19450.0,19390,-60.0,3600.0,60.0
Audi A3,19500.0,20032,532.0,283024.0,532.0
Audi A3,19400.0,21240,1840.0,3385600.0,1840.0
Audi A3,19400.0,18909,-491.0,241081.0,491.0
Audi A3,19400.0,20765,1365.0,1863225.0,1365.0
Audi A3,19400.0,20532,1132.0,1281424.0,1132.0
Audi A3,19370.0,21161,1791.0,3207681.0,1791.0
Audi A3,19100.0,22734,3634.0,13205956.0,3634.0
Audi A3,19000.0,22332,3332.0,11102224.0,3332.0
Audi A3,19400.0,20794,1394.0,1943236.0,1394.0
Audi A3,19000.0,22313,3313.0,10975969.0,3313.0
Audi A3,19000.0,23010,4010.0,16080100.0,4010.0
Audi A3,19000.0,19599,599.0,358801.0,599.0
Audi A3,18999.0,18656,-343.0,117649.0,343.0
Audi A3,19000.0,20048,1048.0,1098304.0,1048.0
Audi A3,18999.0,18739,-260.0,67600.0,260.0
Audi A3,18999.0,18739,-260.0,67600.0,260.0
Audi A3,19000.0,20709,1709.0,2920681.0,1709.0
Audi A3,18990.0,21482,2492.0,6210064.0,2492.0
Audi A3,18990.0,21383,2393.0,5726449.0,2393.0
Audi A3,18990.0,20031,1041.0,1083681.0,1041.0
Audi A3,18990.0,20922,1932.0,3732624.0,1932.0
Audi A3,16700.0,16272,-428.0,183184.0,428.0
Audi A3,16990.0,20949,3959.0,15673681.0,3959.0
Audi A3,16750.0,17936,1186.0,1406596.0,1186.0
Audi A3,17990.0,17694,-296.0,87616.0,296.0
Audi A3,17990.0,21674,3684.0,13571856.0,3684.0
Audi A3,17650.0,18191,541.0,292681.0,541.0
Audi A3,17990.0,16054,-1936.0,3748096.0,1936.0
Audi A3,17990.0,17800,-190.0,36100.0,190.0
Audi A3,18000.0,14785,-3215.0,10336225.0,3215.0
Audi A3,18980.0,19001,21.0,441.0,21.0
Audi A3,18500.0,19255,755.0,570025.0,755.0
Audi A3,18500.0,18689,189.0,35721.0,189.0
Audi A3,18100.0,18826,726.0,527076.0,726.0
Audi A3,18910.0,19705,795.0,632025.0,795.0
Audi A3,18900.0,18241,-659.0,434281.0,659.0
Audi A3,18997.0,19093,96.0,9216.0,96.0
Audi A3,19194.0,19614,420.0,176400.0,420.0
Audi A3,19400.0,20116,716.0,512656.0,716.0
Audi A3,19078.0,20318,1240.0,1537600.0,1240.0
Audi A3,19090.0,20085,995.0,990025.0,995.0
Audi A3,18900.0,19189,289.0,83521.0,289.0
Audi A3,19690.0,18351,-1339.0,1792921.0,1339.0
Audi A3,19700.0,19122,-578.0,334084.0,578.0
Audi A3,19400.0,19264,-136.0,18496.0,136.0
Audi A3,19700.0,20265,565.0,319225.0,565.0
Audi A3,19700.0,18885,-815.0,664225.0,815.0
Audi A3,19700.0,20518,818.0,669124.0,818.0
Audi A3,19690.0,19796,106.0,11236.0,106.0
Audi A3,19600.0,20103,503.0,253009.0,503.0
Audi A3,19650.0,19622,-28.0,784.0,28.0
Audi A3,19600.0,19387,-213.0,45369.0,213.0
Audi A3,19600.0,19959,359.0,128881.0,359.0
Audi A3,19565.0,19999,434.0,188356.0,434.0
Audi A3,19590.0,18318,-1272.0,1617984.0,1272.0
Audi A3,19550.0,20125,575.0,330625.0,575.0
Audi A3,19508.0,20718,1210.0,1464100.0,1210.0
Audi A3,19500.0,17918,-1582.0,2502724.0,1582.0
Audi A3,19500.0,17896,-1604.0,2572816.0,1604.0
Audi A3,19500.0,19827,327.0,106929.0,327.0
Audi A3,19500.0,20517,1017.0,1034289.0,1017.0
Audi A3,19490.0,19350,-140.0,19600.0,140.0
Audi A3,19500.0,20177,677.0,458329.0,677.0
Audi A3,19490.0,15494,-3996.0,15968016.0,3996.0
Audi A3,19490.0,18057,-1433.0,2053489.0,1433.0
Audi A3,19490.0,18134,-1356.0,1838736.0,1356.0
Audi A3,19490.0,19608,118.0,13924.0,118.0
Audi A3,19480.0,16608,-2872.0,8248384.0,2872.0
Audi A3,19480.0,20585,1105.0,1221025.0,1105.0
Audi A3,19450.0,20141,691.0,477481.0,691.0
Audi A3,19450.0,20863,1413.0,1996569.0,1413.0
Audi A3,19450.0,18857,-593.0,351649.0,593.0
Audi A3,19450.0,20657,1207.0,1456849.0,1207.0
Audi A3,19450.0,20344,894.0,799236.0,894.0
Audi A3,19450.0,20499,1049.0,1100401.0,1049.0
Audi A3,19440.0,19362,-78.0,6084.0,78.0
Audi A3,19400.0,20402,1002.0,1004004.0,1002.0
Audi A3,19400.0,23030,3630.0,13176900.0,3630.0
Audi A3,19500.0,20465,965.0,931225.0,965.0
Audi A3,19444.0,18781,-663.0,439569.0,663.0
Audi A3,19440.0,16533,-2907.0,8450649.0,2907.0
Audi A3,19500.0,18953,-547.0,299209.0,547.0
Audi A3,19500.0,20483,983.0,966289.0,983.0
Audi A3,19500.0,19213,-287.0,82369.0,287.0
Audi A3,19500.0,19288,-212.0,44944.0,212.0
Audi A3,19500.0,16825,-2675.0,7155625.0,2675.0
Audi A3,19500.0,20064,564.0,318096.0,564.0
Audi A3,19500.0,19121,-379.0,143641.0,379.0
Audi A3,19500.0,18890,-610.0,372100.0,610.0
Audi A3,19500.0,20055,555.0,308025.0,555.0
Audi A3,19500.0,21844,2344.0,5494336.0,2344.0
Audi A3,19500.0,18518,-982.0,964324.0,982.0
Audi A3,19499.0,20183,684.0,467856.0,684.0
Audi A3,19499.0,19903,404.0,163216.0,404.0
Audi A3,19499.0,20084,585.0,342225.0,585.0
Audi A3,19500.0,19816,316.0,99856.0,316.0
Audi A3,19499.0,19233,-266.0,70756.0,266.0
Audi A3,19490.0,18766,-724.0,524176.0,724.0
Audi A3,19490.0,17929,-1561.0,2436721.0,1561.0
Audi A3,19397.0,17574,-1823.0,3323329.0,1823.0
Audi A3,19390.0,19068,-322.0,103684.0,322.0
Audi A3,19390.0,21482,2092.0,4376464.0,2092.0
Audi A3,19350.0,19423,73.0,5329.0,73.0
Audi A3,19078.0,20429,1351.0,1825201.0,1351.0
Audi A3,19490.0,17310,-2180.0,4752400.0,2180.0
Audi A3,19000.0,20302,1302.0,1695204.0,1302.0
Audi A3,19000.0,19376,376.0,141376.0,376.0
Audi A3,19000.0,17803,-1197.0,1432809.0,1197.0
Audi A3,19000.0,20834,1834.0,3363556.0,1834.0
Audi A3,19000.0,21499,2499.0,6245001.0,2499.0
Audi A3,19000.0,21720,2720.0,7398400.0,2720.0
Audi A3,19000.0,19244,244.0,59536.0,244.0
Audi A3,19000.0,22017,3017.0,9102289.0,3017.0
Audi A3,18999.0,20535,1536.0,2359296.0,1536.0
Audi A3,19000.0,20967,1967.0,3869089.0,1967.0
Audi A3,18999.0,19532,533.0,284089.0,533.0
Audi A3,19000.0,20517,1517.0,2301289.0,1517.0
Audi A3,19000.0,17387,-1613.0,2601769.0,1613.0
Audi A3,19000.0,21476,2476.0,6130576.0,2476.0
Audi A3,18999.0,16232,-2767.0,7656289.0,2767.0
Audi A3,18999.0,19146,147.0,21609.0,147.0
Audi A3,19334.0,18874,-460.0,211600.0,460.0
Audi A3,19310.0,20947,1637.0,2679769.0,1637.0
Audi A3,19300.0,20546,1246.0,1552516.0,1246.0
Audi A3,19290.0,18625,-665.0,442225.0,665.0
Audi A3,19290.0,19325,35.0,1225.0,35.0
Audi A3,19290.0,18256,-1034.0,1069156.0,1034.0
Audi A3,19290.0,19261,-29.0,841.0,29.0
Audi A3,19290.0,19279,-11.0,121.0,11.0
Audi A3,19250.0,17733,-1517.0,2301289.0,1517.0
Audi A3,19200.0,20568,1368.0,1871424.0,1368.0
Audi A3,19199.0,20025,826.0,682276.0,826.0
Audi A3,19290.0,16287,-3003.0,9018009.0,3003.0
Audi A3,19200.0,18103,-1097.0,1203409.0,1097.0
Audi A3,19250.0,18724,-526.0,276676.0,526.0
Audi A3,19199.0,19556,357.0,127449.0,357.0
Audi A3,18900.0,18186,-714.0,509796.0,714.0
Audi A3,18900.0,17974,-926.0,857476.0,926.0
Audi A3,18900.0,17855,-1045.0,1092025.0,1045.0
Audi A3,18900.0,17974,-926.0,857476.0,926.0
Audi A3,18900.0,18072,-828.0,685584.0,828.0
Audi A3,18900.0,17855,-1045.0,1092025.0,1045.0
Audi A3,18900.0,17873,-1027.0,1054729.0,1027.0
Audi A3,18900.0,17910,-990.0,980100.0,990.0
Audi A3,18900.0,21256,2356.0,5550736.0,2356.0
Audi A3,18900.0,18396,-504.0,254016.0,504.0
Audi A3,18900.0,16848,-2052.0,4210704.0,2052.0
Audi A3,18900.0,19351,451.0,203401.0,451.0
Audi A3,18900.0,18728,-172.0,29584.0,172.0
Audi A3,18900.0,18952,52.0,2704.0,52.0
Audi A3,18900.0,18774,-126.0,15876.0,126.0
Audi A3,18899.0,21310,2411.0,5812921.0,2411.0
Audi A3,18980.0,17908,-1072.0,1149184.0,1072.0
Audi A3,18980.0,18335,-645.0,416025.0,645.0
Audi A3,18980.0,19902,922.0,850084.0,922.0
Audi A3,18980.0,19478,498.0,248004.0,498.0
Audi A3,18980.0,20361,1381.0,1907161.0,1381.0
Audi A3,18980.0,20102,1122.0,1258884.0,1122.0
Audi A3,18980.0,19173,193.0,37249.0,193.0
Audi A3,18977.0,17823,-1154.0,1331716.0,1154.0
Audi A3,18960.0,18213,-747.0,558009.0,747.0
Audi A3,18950.0,17080,-1870.0,3496900.0,1870.0
Audi A3,18950.0,20404,1454.0,2114116.0,1454.0
Audi A3,18950.0,20398,1448.0,2096704.0,1448.0
Audi A3,18950.0,16571,-2379.0,5659641.0,2379.0
Audi A3,18950.0,16941,-2009.0,4036081.0,2009.0
Audi A3,18950.0,19424,474.0,224676.0,474.0
Audi A3,18950.0,17965,-985.0,970225.0,985.0
Audi A3,18945.0,20397,1452.0,2108304.0,1452.0
Audi A3,18930.0,16839,-2091.0,4372281.0,2091.0
Audi A3,18930.0,20138,1208.0,1459264.0,1208.0
Audi A3,18995.0,19786,791.0,625681.0,791.0
Audi A3,18995.0,19974,979.0,958441.0,979.0
Audi A3,18990.0,18807,-183.0,33489.0,183.0
Audi A3,18990.0,19165,175.0,30625.0,175.0
Audi A3,18990.0,19368,378.0,142884.0,378.0
Audi A3,18920.0,18756,-164.0,26896.0,164.0
Audi A3,18990.0,19625,635.0,403225.0,635.0
Audi A3,18990.0,23255,4265.0,18190225.0,4265.0
Audi A3,18990.0,19659,669.0,447561.0,669.0
Audi A3,18990.0,19578,588.0,345744.0,588.0
Audi A3,18899.0,19398,499.0,249001.0,499.0
Audi A3,18990.0,17793,-1197.0,1432809.0,1197.0
Audi A3,18990.0,17690,-1300.0,1690000.0,1300.0
Audi A3,18990.0,16730,-2260.0,5107600.0,2260.0
Audi A3,18990.0,22630,3640.0,13249600.0,3640.0
Audi A3,18990.0,19366,376.0,141376.0,376.0
Audi A3,18990.0,18466,-524.0,274576.0,524.0
Audi A3,18990.0,19647,657.0,431649.0,657.0
Audi A3,18990.0,17627,-1363.0,1857769.0,1363.0
Audi A3,18990.0,18738,-252.0,63504.0,252.0
Audi A3,18980.0,20552,1572.0,2471184.0,1572.0
Audi A3,18499.0,17637,-862.0,743044.0,862.0
Audi A3,18499.0,18613,114.0,12996.0,114.0
Audi A3,18500.0,22925,4425.0,19580625.0,4425.0
Audi A3,18500.0,18460,-40.0,1600.0,40.0
Audi A3,18500.0,19113,613.0,375769.0,613.0
Audi A3,18500.0,18779,279.0,77841.0,279.0
Audi A3,18490.0,19063,573.0,328329.0,573.0
Audi A3,18490.0,19467,977.0,954529.0,977.0
Audi A3,18490.0,19478,988.0,976144.0,988.0
Audi A3,18480.0,17418,-1062.0,1127844.0,1062.0
Audi A3,18470.0,18654,184.0,33856.0,184.0
Audi A3,18460.0,19033,573.0,328329.0,573.0
Audi A3,18450.0,18109,-341.0,116281.0,341.0
Audi A3,18460.0,19267,807.0,651249.0,807.0
Audi A3,18310.0,15070,-3240.0,10497600.0,3240.0
Audi A3,18300.0,20508,2208.0,4875264.0,2208.0
Audi A3,18890.0,20532,1642.0,2696164.0,1642.0
Audi A3,18420.0,21791,3371.0,11363641.0,3371.0
Audi A3,18890.0,19545,655.0,429025.0,655.0
Audi A3,18890.0,17074,-1816.0,3297856.0,1816.0
Audi A3,18400.0,17997,-403.0,162409.0,403.0
Audi A3,18890.0,18870,-20.0,400.0,20.0
Audi A3,18890.0,19671,781.0,609961.0,781.0
Audi A3,18890.0,21465,2575.0,6630625.0,2575.0
Audi A3,18879.0,22018,3139.0,9853321.0,3139.0
Audi A3,18850.0,18024,-826.0,682276.0,826.0
Audi A3,18849.0,19591,742.0,550564.0,742.0
Audi A3,18840.0,17174,-1666.0,2775556.0,1666.0
Audi A3,18820.0,20985,2165.0,4687225.0,2165.0
Audi A3,18840.0,20097,1257.0,1580049.0,1257.0
Audi A3,18800.0,18481,-319.0,101761.0,319.0
Audi A3,18800.0,19046,246.0,60516.0,246.0
Audi A3,18800.0,19307,507.0,257049.0,507.0
Audi A3,18799.0,18778,-21.0,441.0,21.0
Audi A3,18799.0,18716,-83.0,6889.0,83.0
Audi A3,18790.0,18881,91.0,8281.0,91.0
Audi A3,18298.0,20708,2410.0,5808100.0,2410.0
Audi A3,18200.0,19839,1639.0,2686321.0,1639.0
Audi A3,18200.0,18916,716.0,512656.0,716.0
Audi A3,18200.0,18738,538.0,289444.0,538.0
Audi A3,18790.0,16384,-2406.0,5788836.0,2406.0
Audi A3,18000.0,18483,483.0,233289.0,483.0
Audi A3,18000.0,17375,-625.0,390625.0,625.0
Audi A3,18000.0,15509,-2491.0,6205081.0,2491.0
Audi A3,18000.0,18159,159.0,25281.0,159.0
Audi A3,18000.0,17603,-397.0,157609.0,397.0
Audi A3,18000.0,17683,-317.0,100489.0,317.0
Audi A3,18000.0,18629,629.0,395641.0,629.0
Audi A3,17999.0,18349,350.0,122500.0,350.0
Audi A3,17996.0,20334,2338.0,5466244.0,2338.0
Audi A3,17999.0,18128,129.0,16641.0,129.0
Audi A3,17995.0,17594,-401.0,160801.0,401.0
Audi A3,17995.0,16637,-1358.0,1844164.0,1358.0
Audi A3,17990.0,18418,428.0,183184.0,428.0
Audi A3,18750.0,16900,-1850.0,3422500.0,1850.0
Audi A3,18700.0,20215,1515.0,2295225.0,1515.0
Audi A3,18700.0,18078,-622.0,386884.0,622.0
Audi A3,18700.0,17816,-884.0,781456.0,884.0
Audi A3,18700.0,16987,-1713.0,2934369.0,1713.0
Audi A3,18700.0,20494,1794.0,3218436.0,1794.0
Audi A3,18700.0,19707,1007.0,1014049.0,1007.0
Audi A3,18666.0,18995,329.0,108241.0,329.0
Audi A3,18650.0,17802,-848.0,719104.0,848.0
Audi A3,18645.0,17877,-768.0,589824.0,768.0
Audi A3,18600.0,17245,-1355.0,1836025.0,1355.0
Audi A3,18690.0,19510,820.0,672400.0,820.0
Audi A3,18680.0,18651,-29.0,841.0,29.0
Audi A3,17960.0,15632,-2328.0,5419584.0,2328.0
Audi A3,18600.0,18670,70.0,4900.0,70.0
Audi A3,17960.0,17409,-551.0,303601.0,551.0
Audi A3,18500.0,18779,279.0,77841.0,279.0
Audi A3,18530.0,16889,-1641.0,2692881.0,1641.0
Audi A3,18500.0,17663,-837.0,700569.0,837.0
Audi A3,18500.0,19378,878.0,770884.0,878.0
Audi A3,17950.0,17753,-197.0,38809.0,197.0
Audi A3,17945.0,17949,4.0,16.0,4.0
Audi A3,18550.0,18032,-518.0,268324.0,518.0
Audi A3,17900.0,19550,1650.0,2722500.0,1650.0
Audi A3,17900.0,16646,-1254.0,1572516.0,1254.0
Audi A3,17900.0,19658,1758.0,3090564.0,1758.0
Audi A3,17890.0,16802,-1088.0,1183744.0,1088.0
Audi A3,17900.0,17799,-101.0,10201.0,101.0
Audi A3,17899.0,18825,926.0,857476.0,926.0
Audi A3,17900.0,18963,1063.0,1129969.0,1063.0
Audi A3,17860.0,17083,-777.0,603729.0,777.0
Audi A3,17840.0,16901,-939.0,881721.0,939.0
Audi A3,17700.0,19924,2224.0,4946176.0,2224.0
Audi A3,17840.0,17266,-574.0,329476.0,574.0
Audi A3,17810.0,18826,1016.0,1032256.0,1016.0
Audi A3,17780.0,18053,273.0,74529.0,273.0
Audi A3,17731.0,15887,-1844.0,3400336.0,1844.0
Audi A3,17990.0,18054,64.0,4096.0,64.0
Audi A3,17990.0,16667,-1323.0,1750329.0,1323.0
Audi A3,17990.0,17618,-372.0,138384.0,372.0
Audi A3,17990.0,17660,-330.0,108900.0,330.0
Audi A3,17990.0,19267,1277.0,1630729.0,1277.0
Audi A3,17990.0,19467,1477.0,2181529.0,1477.0
Audi A3,17990.0,18342,352.0,123904.0,352.0
Audi A3,17990.0,18061,71.0,5041.0,71.0
Audi A3,17990.0,21112,3122.0,9746884.0,3122.0
Audi A3,17990.0,20803,2813.0,7912969.0,2813.0
Audi A3,17980.0,15426,-2554.0,6522916.0,2554.0
Audi A3,17980.0,19818,1838.0,3378244.0,1838.0
Audi A3,17980.0,19407,1427.0,2036329.0,1427.0
Audi A3,17980.0,19776,1796.0,3225616.0,1796.0
Audi A3,17980.0,19226,1246.0,1552516.0,1246.0
Audi A3,17980.0,17779,-201.0,40401.0,201.0
Audi A3,17500.0,16246,-1254.0,1572516.0,1254.0
Audi A3,17650.0,17451,-199.0,39601.0,199.0
Audi A3,17500.0,19915,2415.0,5832225.0,2415.0
Audi A3,17500.0,15967,-1533.0,2350089.0,1533.0
Audi A3,17500.0,16771,-729.0,531441.0,729.0
Audi A3,17500.0,16651,-849.0,720801.0,849.0
Audi A3,17590.0,20442,2852.0,8133904.0,2852.0
Audi A3,17550.0,17261,-289.0,83521.0,289.0
Audi A3,17480.0,16731,-749.0,561001.0,749.0
Audi A3,17490.0,16940,-550.0,302500.0,550.0
Audi A3,17500.0,17951,451.0,203401.0,451.0
Audi A3,17500.0,18333,833.0,693889.0,833.0
Audi A3,17490.0,18729,1239.0,1535121.0,1239.0
Audi A3,17500.0,18501,1001.0,1002001.0,1001.0
Audi A3,17490.0,18294,804.0,646416.0,804.0
Audi A3,17490.0,18669,1179.0,1390041.0,1179.0
Audi A3,17440.0,18213,773.0,597529.0,773.0
Audi A3,17430.0,16019,-1411.0,1990921.0,1411.0
Audi A3,17428.0,16968,-460.0,211600.0,460.0
Audi A3,17445.0,18195,750.0,562500.0,750.0
Audi A3,17400.0,19311,1911.0,3651921.0,1911.0
Audi A3,17390.0,19824,2434.0,5924356.0,2434.0
Audi A3,17440.0,15616,-1824.0,3326976.0,1824.0
Audi A3,17390.0,20633,3243.0,10517049.0,3243.0
Audi A3,17300.0,17761,461.0,212521.0,461.0
Audi A3,17300.0,19707,2407.0,5793649.0,2407.0
Audi A3,17300.0,18072,772.0,595984.0,772.0
Audi A3,17250.0,17408,158.0,24964.0,158.0
Audi A3,17250.0,17803,553.0,305809.0,553.0
Audi A3,17220.0,17361,141.0,19881.0,141.0
Audi A3,17200.0,18314,1114.0,1240996.0,1114.0
Audi A3,17200.0,14939,-2261.0,5112121.0,2261.0
Audi A3,17000.0,17420,420.0,176400.0,420.0
Audi A3,17000.0,18386,1386.0,1920996.0,1386.0
Audi A3,16999.0,15591,-1408.0,1982464.0,1408.0
Audi A3,16999.0,18010,1011.0,1022121.0,1011.0
Audi A3,16990.0,17116,126.0,15876.0,126.0
Audi A3,16990.0,14868,-2122.0,4502884.0,2122.0
Audi A3,16990.0,17337,347.0,120409.0,347.0
Audi A3,16990.0,16824,-166.0,27556.0,166.0
Audi A3,16690.0,17313,623.0,388129.0,623.0
Audi A3,16600.0,18078,1478.0,2184484.0,1478.0
Audi A3,16550.0,17768,1218.0,1483524.0,1218.0
Audi A3,16690.0,14835,-1855.0,3441025.0,1855.0
Audi A3,16550.0,17104,554.0,306916.0,554.0
Audi A3,16500.0,16940,440.0,193600.0,440.0
Audi A3,16500.0,17147,647.0,418609.0,647.0
Audi A3,16500.0,18862,2362.0,5579044.0,2362.0
Audi A3,16500.0,17358,858.0,736164.0,858.0
Audi A3,16300.0,16403,103.0,10609.0,103.0
Audi A3,16499.0,15932,-567.0,321489.0,567.0
Audi A3,16490.0,16835,345.0,119025.0,345.0
Audi A3,16000.0,17878,1878.0,3526884.0,1878.0
Audi A3,16990.0,18584,1594.0,2540836.0,1594.0
Audi A3,16990.0,16594,-396.0,156816.0,396.0
Audi A3,16290.0,16319,29.0,841.0,29.0
Audi A3,16990.0,16709,-281.0,78961.0,281.0
Audi A3,16985.0,18841,1856.0,3444736.0,1856.0
Audi A3,16980.0,17888,908.0,824464.0,908.0
Audi A3,16980.0,17240,260.0,67600.0,260.0
Audi A3,16900.0,16200,-700.0,490000.0,700.0
Audi A3,16950.0,17721,771.0,594441.0,771.0
Audi A3,16900.0,18137,1237.0,1530169.0,1237.0
Audi A3,16950.0,16179,-771.0,594441.0,771.0
Audi A3,16900.0,13649,-3251.0,10569001.0,3251.0
Audi A3,16888.0,16953,65.0,4225.0,65.0
Audi A3,16888.0,16739,-149.0,22201.0,149.0
Audi A3,16880.0,15718,-1162.0,1350244.0,1162.0
Audi A3,16900.0,15698,-1202.0,1444804.0,1202.0
Audi A3,16900.0,14397,-2503.0,6265009.0,2503.0
Audi A3,16900.0,16660,-240.0,57600.0,240.0
Audi A3,16780.0,18001,1221.0,1490841.0,1221.0
Audi A3,16750.0,18866,2116.0,4477456.0,2116.0
Audi A3,19700.0,20799,1099.0,1207801.0,1099.0
Audi A3,19800.0,19964,164.0,26896.0,164.0
Audi A3,19800.0,19261,-539.0,290521.0,539.0
Audi A3,19800.0,19876,76.0,5776.0,76.0
Audi A3,19799.0,18874,-925.0,855625.0,925.0
Audi A3,19800.0,22110,2310.0,5336100.0,2310.0
Audi A3,19797.0,18010,-1787.0,3193369.0,1787.0
Audi A3,19800.0,20671,871.0,758641.0,871.0
Audi A3,19790.0,19295,-495.0,245025.0,495.0
Audi A3,19800.0,19964,164.0,26896.0,164.0
Audi A3,19800.0,19531,-269.0,72361.0,269.0
Audi A3,19790.0,19714,-76.0,5776.0,76.0
Audi A3,19780.0,19909,129.0,16641.0,129.0
Audi A3,19790.0,18448,-1342.0,1800964.0,1342.0
Audi A3,19770.0,18336,-1434.0,2056356.0,1434.0
Audi A3,19750.0,18855,-895.0,801025.0,895.0
Audi A3,19790.0,18323,-1467.0,2152089.0,1467.0
Audi A3,19780.0,20443,663.0,439569.0,663.0
Audi A3,19750.0,21088,1338.0,1790244.0,1338.0
Audi A3,19740.0,20697,957.0,915849.0,957.0
Audi A3,22500.0,23515,1015.0,1030225.0,1015.0
Audi A3,22599.0,22192,-407.0,165649.0,407.0
Audi A3,22450.0,22398,-52.0,2704.0,52.0
Audi A3,23200.0,21655,-1545.0,2387025.0,1545.0
Audi A3,22971.0,23071,100.0,10000.0,100.0
Audi A3,22990.0,22425,-565.0,319225.0,565.0
Audi A3,22990.0,21863,-1127.0,1270129.0,1127.0
Audi A3,22990.0,23571,581.0,337561.0,581.0
Audi A3,23200.0,22920,-280.0,78400.0,280.0
Audi A3,22990.0,22917,-73.0,5329.0,73.0
Audi A3,22990.0,23078,88.0,7744.0,88.0
Audi A3,22980.0,24817,1837.0,3374569.0,1837.0
Audi A3,19900.0,20598,698.0,487204.0,698.0
Audi A3,19900.0,20448,548.0,300304.0,548.0
Audi A3,23700.0,24603,903.0,815409.0,903.0
Audi A3,23690.0,24066,376.0,141376.0,376.0
Audi A3,23680.0,23781,101.0,10201.0,101.0
Audi A3,23640.0,23456,-184.0,33856.0,184.0
Audi A3,23700.0,24436,736.0,541696.0,736.0
Audi A3,23700.0,22904,-796.0,633616.0,796.0
Audi A3,19900.0,20097,197.0,38809.0,197.0
Audi A3,20300.0,24187,3887.0,15108769.0,3887.0
Audi A3,20250.0,20653,403.0,162409.0,403.0
Audi A3,20300.0,20369,69.0,4761.0,69.0
Audi A3,20300.0,23926,3626.0,13147876.0,3626.0
Audi A3,19900.0,20210,310.0,96100.0,310.0
Audi A3,20299.0,22306,2007.0,4028049.0,2007.0
Audi A3,20290.0,21479,1189.0,1413721.0,1189.0
Audi A3,19990.0,22086,2096.0,4393216.0,2096.0
Audi A3,19990.0,22698,2708.0,7333264.0,2708.0
Audi A3,19990.0,20532,542.0,293764.0,542.0
Audi A3,19989.0,18619,-1370.0,1876900.0,1370.0
Audi A3,19980.0,20047,67.0,4489.0,67.0
Audi A3,19980.0,20496,516.0,266256.0,516.0
Audi A3,19980.0,20480,500.0,250000.0,500.0
Audi A3,19950.0,20294,344.0,118336.0,344.0
Audi A3,19950.0,21051,1101.0,1212201.0,1101.0
Audi A3,19950.0,20155,205.0,42025.0,205.0
Audi A3,19950.0,21141,1191.0,1418481.0,1191.0
Audi A3,19950.0,20425,475.0,225625.0,475.0
Audi A3,19950.0,20168,218.0,47524.0,218.0
Audi A3,19940.0,20231,291.0,84681.0,291.0
Audi A3,19930.0,19981,51.0,2601.0,51.0
Audi A3,19900.0,19224,-676.0,456976.0,676.0
Audi A3,19900.0,20804,904.0,817216.0,904.0
Audi A3,19900.0,21390,1490.0,2220100.0,1490.0
Audi A3,19900.0,21091,1191.0,1418481.0,1191.0
Audi A3,19900.0,20137,237.0,56169.0,237.0
Audi A3,19900.0,19220,-680.0,462400.0,680.0
Audi A3,19900.0,24475,4575.0,20930625.0,4575.0
Audi A3,19900.0,20421,521.0,271441.0,521.0
Audi A3,19900.0,20397,497.0,247009.0,497.0
Audi A3,19900.0,20879,979.0,958441.0,979.0
Audi A3,19900.0,20399,499.0,249001.0,499.0
Audi A3,19900.0,21350,1450.0,2102500.0,1450.0
Audi A3,19900.0,22251,2351.0,5527201.0,2351.0
Audi A3,19900.0,20400,500.0,250000.0,500.0
Audi A3,19900.0,22682,2782.0,7739524.0,2782.0
Audi A3,19900.0,22580,2680.0,7182400.0,2680.0
Audi A3,19900.0,22201,2301.0,5294601.0,2301.0
Audi A3,19900.0,22126,2226.0,4955076.0,2226.0
Audi A3,19900.0,22185,2285.0,5221225.0,2285.0
Audi A3,19900.0,20781,881.0,776161.0,881.0
Audi A3,19900.0,20912,1012.0,1024144.0,1012.0
Audi A3,20250.0,20576,326.0,106276.0,326.0
Audi A3,20200.0,20303,103.0,10609.0,103.0
Audi A3,20000.0,21986,1986.0,3944196.0,1986.0
Audi A3,19999.0,20311,312.0,97344.0,312.0
Audi A3,19999.0,20958,959.0,919681.0,959.0
Audi A3,20200.0,18515,-1685.0,2839225.0,1685.0
Audi A3,19999.0,20400,401.0,160801.0,401.0
Audi A3,20200.0,22868,2668.0,7118224.0,2668.0
Audi A3,20000.0,20619,619.0,383161.0,619.0
Audi A3,19999.0,20328,329.0,108241.0,329.0
Audi A3,19990.0,23553,3563.0,12694969.0,3563.0
Audi A3,19990.0,20645,655.0,429025.0,655.0
Audi A3,23800.0,24432,632.0,399424.0,632.0
Audi A3,19990.0,20676,686.0,470596.0,686.0
Audi A3,19999.0,20311,312.0,97344.0,312.0
Audi A3,23800.0,24655,855.0,731025.0,855.0
Audi A3,23800.0,24362,562.0,315844.0,562.0
Audi A3,23840.0,23064,-776.0,602176.0,776.0
Audi A3,23800.0,23088,-712.0,506944.0,712.0
Audi A3,23800.0,22559,-1241.0,1540081.0,1241.0
Audi A3,23800.0,22755,-1045.0,1092025.0,1045.0
Audi A3,23800.0,22574,-1226.0,1503076.0,1226.0
Audi A3,23800.0,22876,-924.0,853776.0,924.0
Audi A3,23800.0,23208,-592.0,350464.0,592.0
Audi A3,23800.0,23627,-173.0,29929.0,173.0
Audi A3,23800.0,22458,-1342.0,1800964.0,1342.0
Audi A3,23800.0,22265,-1535.0,2356225.0,1535.0
Audi A3,23800.0,22137,-1663.0,2765569.0,1663.0
Audi A3,23780.0,23808,28.0,784.0,28.0
Audi A3,23770.0,25014,1244.0,1547536.0,1244.0
Audi A3,23800.0,22664,-1136.0,1290496.0,1136.0
Audi A3,23770.0,24690,920.0,846400.0,920.0
Audi A3,23750.0,25825,2075.0,4305625.0,2075.0
Audi A3,23700.0,25268,1568.0,2458624.0,1568.0
Audi A3,23630.0,23607,-23.0,529.0,23.0
Audi A3,23600.0,26144,2544.0,6471936.0,2544.0
Audi A3,23600.0,23638,38.0,1444.0,38.0
Audi A3,23600.0,26074,2474.0,6120676.0,2474.0
Audi A3,23600.0,22882,-718.0,515524.0,718.0
Audi A3,23600.0,21258,-2342.0,5484964.0,2342.0
Audi A3,23600.0,24469,869.0,755161.0,869.0
Audi A3,23600.0,23203,-397.0,157609.0,397.0
Audi A3,23600.0,21509,-2091.0,4372281.0,2091.0
Audi A3,23530.0,23281,-249.0,62001.0,249.0
Audi A3,23400.0,25139,1739.0,3024121.0,1739.0
Audi A3,23550.0,23380,-170.0,28900.0,170.0
Audi A3,19900.0,20337,437.0,190969.0,437.0
Audi A3,23400.0,24649,1249.0,1560001.0,1249.0
Audi A3,23572.0,23855,283.0,80089.0,283.0
Audi A3,23500.0,22141,-1359.0,1846881.0,1359.0
Audi A3,19900.0,22633,2733.0,7469289.0,2733.0
Audi A3,23400.0,24346,946.0,894916.0,946.0
Audi A3,23360.0,23033,-327.0,106929.0,327.0
Audi A3,23400.0,22502,-898.0,806404.0,898.0
Audi A3,23400.0,23126,-274.0,75076.0,274.0
Audi A3,23389.0,22876,-513.0,263169.0,513.0
Audi A3,23300.0,22886,-414.0,171396.0,414.0
Audi A3,23370.0,23449,79.0,6241.0,79.0
Audi A3,23350.0,25924,2574.0,6625476.0,2574.0
Audi A3,23300.0,22919,-381.0,145161.0,381.0
Audi A3,23240.0,22804,-436.0,190096.0,436.0
Audi A3,23300.0,22985,-315.0,99225.0,315.0
Audi A3,23290.0,23482,192.0,36864.0,192.0
Audi A3,23300.0,23500,200.0,40000.0,200.0
Audi A3,23200.0,23294,94.0,8836.0,94.0
Audi A3,23280.0,22975,-305.0,93025.0,305.0
Audi A3,23250.0,23832,582.0,338724.0,582.0
Audi A3,23500.0,23270,-230.0,52900.0,230.0
Audi A3,23500.0,23886,386.0,148996.0,386.0
Audi A3,23500.0,24869,1369.0,1874161.0,1369.0
Audi A3,23500.0,25274,1774.0,3147076.0,1774.0
Audi A3,23500.0,24840,1340.0,1795600.0,1340.0
Audi A3,23500.0,22598,-902.0,813604.0,902.0
Audi A3,23500.0,22714,-786.0,617796.0,786.0
Audi A3,23500.0,24195,695.0,483025.0,695.0
Audi A3,23500.0,25406,1906.0,3632836.0,1906.0
Audi A3,23500.0,22399,-1101.0,1212201.0,1101.0
Audi A3,23500.0,24174,674.0,454276.0,674.0
Audi A3,23500.0,24639,1139.0,1297321.0,1139.0
Audi A3,23500.0,25708,2208.0,4875264.0,2208.0
Audi A3,23500.0,23563,63.0,3969.0,63.0
Audi A3,23500.0,23320,-180.0,32400.0,180.0
Audi A3,23200.0,23639,439.0,192721.0,439.0
Audi A3,23500.0,25117,1617.0,2614689.0,1617.0
Audi A3,23500.0,22691,-809.0,654481.0,809.0
Audi A3,23200.0,23634,434.0,188356.0,434.0
Audi A3,23500.0,24981,1481.0,2193361.0,1481.0
Audi A3,23500.0,20621,-2879.0,8288641.0,2879.0
Audi A3,23500.0,23229,-271.0,73441.0,271.0
Audi A3,23500.0,21604,-1896.0,3594816.0,1896.0
Audi A3,23499.0,21799,-1700.0,2890000.0,1700.0
Audi A3,23490.0,25099,1609.0,2588881.0,1609.0
Audi A3,23490.0,24480,990.0,980100.0,990.0
Audi A3,23490.0,22233,-1257.0,1580049.0,1257.0
Audi A3,23480.0,23947,467.0,218089.0,467.0
Audi A3,23490.0,22830,-660.0,435600.0,660.0
Audi A3,23480.0,23620,140.0,19600.0,140.0
Audi A3,23480.0,21691,-1789.0,3200521.0,1789.0
Audi A3,23470.0,22985,-485.0,235225.0,485.0
Audi A3,23450.0,24597,1147.0,1315609.0,1147.0
Audi A3,23444.0,23880,436.0,190096.0,436.0
Audi A3,23440.0,22749,-691.0,477481.0,691.0
Audi A3,23440.0,22788,-652.0,425104.0,652.0
Audi A3,23440.0,22241,-1199.0,1437601.0,1199.0
Audi A3,23430.0,23003,-427.0,182329.0,427.0
Audi A3,23430.0,23523,93.0,8649.0,93.0
Audi A3,23420.0,23269,-151.0,22801.0,151.0
Audi A3,23400.0,23709,309.0,95481.0,309.0
Audi A3,22950.0,22634,-316.0,99856.0,316.0
Audi A3,22940.0,23982,1042.0,1085764.0,1042.0
Audi A3,22930.0,22059,-871.0,758641.0,871.0
Audi A3,22900.0,23269,369.0,136161.0,369.0
Audi A3,22960.0,23787,827.0,683929.0,827.0
Audi A3,22900.0,23418,518.0,268324.0,518.0
Audi A3,22900.0,23276,376.0,141376.0,376.0
Audi A3,22900.0,23258,358.0,128164.0,358.0
Audi A3,22900.0,25291,2391.0,5716881.0,2391.0
Audi A3,22900.0,23516,616.0,379456.0,616.0
Audi A3,22900.0,25243,2343.0,5489649.0,2343.0
Audi A3,22900.0,22846,-54.0,2916.0,54.0
Audi A3,22900.0,21580,-1320.0,1742400.0,1320.0
Audi A3,22900.0,22720,-180.0,32400.0,180.0
Audi A3,22900.0,24566,1666.0,2775556.0,1666.0
Audi A3,22900.0,23264,364.0,132496.0,364.0
Audi A3,22900.0,24391,1491.0,2223081.0,1491.0
Audi A3,22900.0,24557,1657.0,2745649.0,1657.0
Audi A3,22900.0,23759,859.0,737881.0,859.0
Audi A3,22900.0,23788,888.0,788544.0,888.0
Audi A3,22900.0,22743,-157.0,24649.0,157.0
Audi A3,22900.0,24194,1294.0,1674436.0,1294.0
Audi A3,22900.0,22739,-161.0,25921.0,161.0
Audi A3,22900.0,24616,1716.0,2944656.0,1716.0
Audi A3,22900.0,24616,1716.0,2944656.0,1716.0
Audi A3,22900.0,24798,1898.0,3602404.0,1898.0
Audi A3,22900.0,23075,175.0,30625.0,175.0
Audi A3,22800.0,23173,373.0,139129.0,373.0
Audi A3,22800.0,23125,325.0,105625.0,325.0
Audi A3,22900.0,21573,-1327.0,1760929.0,1327.0
Audi A3,22900.0,21520,-1380.0,1904400.0,1380.0
Audi A3,22900.0,24616,1716.0,2944656.0,1716.0
Audi A3,22900.0,20923,-1977.0,3908529.0,1977.0
Audi A3,22812.0,23411,599.0,358801.0,599.0
Audi A3,22800.0,23364,564.0,318096.0,564.0
Audi A3,22788.0,24159,1371.0,1879641.0,1371.0
Audi A3,22700.0,22852,152.0,23104.0,152.0
Audi A3,22700.0,22179,-521.0,271441.0,521.0
Audi A3,22788.0,24056,1268.0,1607824.0,1268.0
Audi A3,22700.0,22282,-418.0,174724.0,418.0
Audi A3,22790.0,25090,2300.0,5290000.0,2300.0
Audi A3,22750.0,24733,1983.0,3932289.0,1983.0
Audi A3,22750.0,22692,-58.0,3364.0,58.0
Audi A3,22690.0,24039,1349.0,1819801.0,1349.0
Audi A3,22600.0,22439,-161.0,25921.0,161.0
Audi A3,22690.0,22598,-92.0,8464.0,92.0
Audi A3,22675.0,22967,292.0,85264.0,292.0
Audi A3,22650.0,23560,910.0,828100.0,910.0
Audi A3,22650.0,23219,569.0,323761.0,569.0
Audi A3,22640.0,22926,286.0,81796.0,286.0
Audi A3,22600.0,23633,1033.0,1067089.0,1033.0
Audi A3,23200.0,22902,-298.0,88804.0,298.0
Audi A3,23200.0,24557,1357.0,1841449.0,1357.0
Audi A3,23150.0,23203,53.0,2809.0,53.0
Audi A3,23100.0,24028,928.0,861184.0,928.0
Audi A3,23000.0,23309,309.0,95481.0,309.0
Audi A3,23200.0,22860,-340.0,115600.0,340.0
Audi A3,23000.0,23610,610.0,372100.0,610.0
Audi A3,22999.0,24828,1829.0,3345241.0,1829.0
Audi A3,22999.0,21882,-1117.0,1247689.0,1117.0
Audi A3,23000.0,24811,1811.0,3279721.0,1811.0
Audi A3,22999.0,21747,-1252.0,1567504.0,1252.0
Audi A3,22999.0,22233,-766.0,586756.0,766.0
Audi A3,22999.0,24220,1221.0,1490841.0,1221.0
Audi A3,22999.0,22112,-887.0,786769.0,887.0
Audi A3,22999.0,21870,-1129.0,1274641.0,1129.0
Audi A3,22900.0,22204,-696.0,484416.0,696.0
Audi A3,22900.0,23375,475.0,225625.0,475.0
Audi A3,22900.0,22533,-367.0,134689.0,367.0
Audi A3,22900.0,24489,1589.0,2524921.0,1589.0
Audi A3,22990.0,23705,715.0,511225.0,715.0
Audi A3,22995.0,23105,110.0,12100.0,110.0
Audi A3,22900.0,22117,-783.0,613089.0,783.0
Audi A3,22900.0,23273,373.0,139129.0,373.0
Audi A3,22900.0,21965,-935.0,874225.0,935.0
Audi A3,22900.0,21742,-1158.0,1340964.0,1158.0
Audi A3,22900.0,23455,555.0,308025.0,555.0
Audi A3,22900.0,23803,903.0,815409.0,903.0
Audi A3,22900.0,24449,1549.0,2399401.0,1549.0
Audi A3,22900.0,22606,-294.0,86436.0,294.0
Audi A3,22900.0,22304,-596.0,355216.0,596.0
Audi A3,22900.0,22085,-815.0,664225.0,815.0
Audi A3,22900.0,23628,728.0,529984.0,728.0
Audi A3,22550.0,23491,941.0,885481.0,941.0
Audi A3,22890.0,22155,-735.0,540225.0,735.0
Audi A3,22890.0,23562,672.0,451584.0,672.0
Audi A3,22820.0,23669,849.0,720801.0,849.0
Audi A3,22590.0,22449,-141.0,19881.0,141.0
Audi A3,22880.0,22005,-875.0,765625.0,875.0
Audi A3,22895.0,25003,2108.0,4443664.0,2108.0
Audi A3,22500.0,22273,-227.0,51529.0,227.0
Audi A3,22500.0,22833,333.0,110889.0,333.0
Audi A3,22500.0,22496,-4.0,16.0,4.0
Audi A3,22500.0,22524,24.0,576.0,24.0
Audi A3,22500.0,22377,-123.0,15129.0,123.0
Audi A3,22500.0,22712,212.0,44944.0,212.0
Audi A3,22500.0,23346,846.0,715716.0,846.0
Audi A3,22500.0,23287,787.0,619369.0,787.0
Audi A3,22500.0,22361,-139.0,19321.0,139.0
Audi A3,22500.0,22972,472.0,222784.0,472.0
Audi A3,22500.0,22137,-363.0,131769.0,363.0
Audi A3,22500.0,22299,-201.0,40401.0,201.0
Audi A3,22500.0,22113,-387.0,149769.0,387.0
Audi A3,22500.0,22454,-46.0,2116.0,46.0
Audi A3,22500.0,22076,-424.0,179776.0,424.0
Audi A3,22500.0,22356,-144.0,20736.0,144.0
Audi A3,22500.0,22267,-233.0,54289.0,233.0
Audi A3,22500.0,19558,-2942.0,8655364.0,2942.0
Audi A3,22500.0,23716,1216.0,1478656.0,1216.0
Audi A3,22500.0,21757,-743.0,552049.0,743.0
Audi A3,22500.0,25196,2696.0,7268416.0,2696.0
Audi A3,22500.0,25305,2805.0,7868025.0,2805.0
Audi A3,22500.0,23562,1062.0,1127844.0,1062.0
Audi A3,22500.0,22287,-213.0,45369.0,213.0
Audi A3,22500.0,22286,-214.0,45796.0,214.0
Audi A3,22500.0,23787,1287.0,1656369.0,1287.0
Audi A3,22499.0,28567,6068.0,36820624.0,6068.0
Audi A3,22499.0,21312,-1187.0,1408969.0,1187.0
Audi A3,22499.0,24736,2237.0,5004169.0,2237.0
Audi A3,22499.0,21192,-1307.0,1708249.0,1307.0
Audi A3,22500.0,22187,-313.0,97969.0,313.0
Audi A3,22490.0,22391,-99.0,9801.0,99.0
Audi A3,22490.0,22854,364.0,132496.0,364.0
Audi A3,22490.0,21668,-822.0,675684.0,822.0
Audi A3,22490.0,23201,711.0,505521.0,711.0
Audi A3,22450.0,22398,-52.0,2704.0,52.0
Audi A3,22450.0,22800,350.0,122500.0,350.0
Audi A3,22450.0,22800,350.0,122500.0,350.0
Audi A3,22450.0,23322,872.0,760384.0,872.0
Audi A3,22440.0,25263,2823.0,7969329.0,2823.0
Audi A3,22350.0,22476,126.0,15876.0,126.0
Audi A3,22440.0,23145,705.0,497025.0,705.0
Audi A3,22400.0,23867,1467.0,2152089.0,1467.0
Audi A3,22350.0,22294,-56.0,3136.0,56.0
Audi A3,20341.0,20517,176.0,30976.0,176.0
Audi A3,20450.0,20802,352.0,123904.0,352.0
Audi A3,20450.0,19657,-793.0,628849.0,793.0
Audi A3,20450.0,20799,349.0,121801.0,349.0
Audi A3,20450.0,20735,285.0,81225.0,285.0
Audi A3,20450.0,20883,433.0,187489.0,433.0
Audi A3,20450.0,20834,384.0,147456.0,384.0
Audi A3,20450.0,19885,-565.0,319225.0,565.0
Audi A3,20450.0,20747,297.0,88209.0,297.0
Audi A3,20900.0,19969,-931.0,866761.0,931.0
Audi A3,20450.0,20453,3.0,9.0,3.0
Audi A3,20550.0,26464,5914.0,34975396.0,5914.0
Audi A3,20990.0,18758,-2232.0,4981824.0,2232.0
Audi A3,21350.0,20782,-568.0,322624.0,568.0
Audi A3,21000.0,18782,-2218.0,4919524.0,2218.0
Audi A3,20989.0,21499,510.0,260100.0,510.0
Audi A3,20990.0,24063,3073.0,9443329.0,3073.0
Audi A3,21450.0,21731,281.0,78961.0,281.0
Audi A3,21450.0,21308,-142.0,20164.0,142.0
Audi A3,21000.0,21623,623.0,388129.0,623.0
Audi A3,21490.0,21416,-74.0,5476.0,74.0
Audi A3,21299.0,21036,-263.0,69169.0,263.0
Audi A3,21295.0,21830,535.0,286225.0,535.0
Audi A3,21220.0,20677,-543.0,294849.0,543.0
Audi A3,21500.0,20892,-608.0,369664.0,608.0
Audi A3,21500.0,21222,-278.0,77284.0,278.0
Audi A3,21500.0,20553,-947.0,896809.0,947.0
Audi A3,21500.0,21546,46.0,2116.0,46.0
Audi A3,21500.0,21319,-181.0,32761.0,181.0
Audi A3,21500.0,22521,1021.0,1042441.0,1021.0
Audi A3,21500.0,23802,2302.0,5299204.0,2302.0
Audi A3,21500.0,21052,-448.0,200704.0,448.0
Audi A3,21500.0,21140,-360.0,129600.0,360.0
Audi A3,21500.0,22172,672.0,451584.0,672.0
Audi A3,21500.0,21788,288.0,82944.0,288.0
Audi A3,21500.0,21020,-480.0,230400.0,480.0
Audi A3,21500.0,21500,0.0,0.0,0.0
Audi A3,21500.0,21047,-453.0,205209.0,453.0
Audi A3,21500.0,21723,223.0,49729.0,223.0
Audi A3,21500.0,23251,1751.0,3066001.0,1751.0
Audi A3,21500.0,23298,1798.0,3232804.0,1798.0
Audi A3,21500.0,20910,-590.0,348100.0,590.0
Audi A3,21500.0,21620,120.0,14400.0,120.0
Audi A3,21500.0,21543,43.0,1849.0,43.0
Audi A3,21500.0,19880,-1620.0,2624400.0,1620.0
Audi A3,21500.0,21585,85.0,7225.0,85.0
Audi A3,21500.0,23746,2246.0,5044516.0,2246.0
Audi A3,21500.0,21241,-259.0,67081.0,259.0
Audi A3,21500.0,20220,-1280.0,1638400.0,1280.0
Audi A3,21500.0,22139,639.0,408321.0,639.0
Audi A3,21500.0,20225,-1275.0,1625625.0,1275.0
Audi A3,21495.0,21117,-378.0,142884.0,378.0
Audi A3,21500.0,20398,-1102.0,1214404.0,1102.0
Audi A3,21490.0,19495,-1995.0,3980025.0,1995.0
Audi A3,21490.0,20960,-530.0,280900.0,530.0
Audi A3,21500.0,20704,-796.0,633616.0,796.0
Audi A3,21490.0,20840,-650.0,422500.0,650.0
Audi A3,21490.0,21508,18.0,324.0,18.0
Audi A3,21490.0,20904,-586.0,343396.0,586.0
Audi A3,21490.0,23519,2029.0,4116841.0,2029.0
Audi A3,21490.0,21246,-244.0,59536.0,244.0
Audi A3,21490.0,21440,-50.0,2500.0,50.0
Audi A3,21490.0,21493,3.0,9.0,3.0
Audi A3,21300.0,19777,-1523.0,2319529.0,1523.0
Audi A3,21490.0,20089,-1401.0,1962801.0,1401.0
Audi A3,21490.0,22512,1022.0,1044484.0,1022.0
Audi A3,21480.0,21251,-229.0,52441.0,229.0
Audi A3,21200.0,21121,-79.0,6241.0,79.0
Audi A3,21200.0,20233,-967.0,935089.0,967.0
Audi A3,21200.0,21630,430.0,184900.0,430.0
Audi A3,21480.0,20296,-1184.0,1401856.0,1184.0
Audi A3,21200.0,20837,-363.0,131769.0,363.0
Audi A3,21150.0,20574,-576.0,331776.0,576.0
Audi A3,21150.0,21548,398.0,158404.0,398.0
Audi A3,21100.0,22612,1512.0,2286144.0,1512.0
Audi A3,21100.0,22122,1022.0,1044484.0,1022.0
Audi A3,21150.0,20627,-523.0,273529.0,523.0
Audi A3,21000.0,20225,-775.0,600625.0,775.0
Audi A3,21200.0,21116,-84.0,7056.0,84.0
Audi A3,21000.0,22484,1484.0,2202256.0,1484.0
Audi A3,21000.0,20522,-478.0,228484.0,478.0
Audi A3,21480.0,22567,1087.0,1181569.0,1087.0
Audi A3,21000.0,21347,347.0,120409.0,347.0
Audi A3,21000.0,21176,176.0,30976.0,176.0
Audi A3,21480.0,19627,-1853.0,3433609.0,1853.0
Audi A3,21480.0,22265,785.0,616225.0,785.0
Audi A3,21480.0,21813,333.0,110889.0,333.0
Audi A3,21480.0,20140,-1340.0,1795600.0,1340.0
Audi A3,21461.0,20136,-1325.0,1755625.0,1325.0
Audi A3,21480.0,21634,154.0,23716.0,154.0
Audi A3,21478.0,22768,1290.0,1664100.0,1290.0
Audi A3,21480.0,21832,352.0,123904.0,352.0
Audi A3,21463.0,20676,-787.0,619369.0,787.0
Audi A3,21461.0,20257,-1204.0,1449616.0,1204.0
Audi A3,21461.0,19991,-1470.0,2160900.0,1470.0
Audi A3,21450.0,21131,-319.0,101761.0,319.0
Audi A3,21450.0,21732,282.0,79524.0,282.0
Audi A3,21450.0,21046,-404.0,163216.0,404.0
Audi A3,21449.0,21705,256.0,65536.0,256.0
Audi A3,21449.0,21795,346.0,119716.0,346.0
Audi A3,21444.0,20846,-598.0,357604.0,598.0
Audi A3,21400.0,21392,-8.0,64.0,8.0
Audi A3,21400.0,21336,-64.0,4096.0,64.0
Audi A3,21415.0,21630,215.0,46225.0,215.0
Audi A3,21400.0,21200,-200.0,40000.0,200.0
Audi A3,21388.0,22738,1350.0,1822500.0,1350.0
Audi A3,21400.0,21166,-234.0,54756.0,234.0
Audi A3,21388.0,22332,944.0,891136.0,944.0
Audi A3,21386.0,22870,1484.0,2202256.0,1484.0
Audi A3,21380.0,20225,-1155.0,1334025.0,1155.0
Audi A3,21370.0,20956,-414.0,171396.0,414.0
Audi A3,21350.0,21807,457.0,208849.0,457.0
Audi A3,21375.0,21021,-354.0,125316.0,354.0
Audi A3,21000.0,20337,-663.0,439569.0,663.0
Audi A3,21000.0,20526,-474.0,224676.0,474.0
Audi A3,21000.0,22539,1539.0,2368521.0,1539.0
Audi A3,20999.0,20450,-549.0,301401.0,549.0
Audi A3,20999.0,19985,-1014.0,1028196.0,1014.0
Audi A3,20999.0,20520,-479.0,229441.0,479.0
Audi A3,20999.0,20508,-491.0,241081.0,491.0
Audi A3,20999.0,20580,-419.0,175561.0,419.0
Audi A3,20995.0,22166,1171.0,1371241.0,1171.0
Audi A3,20990.0,20780,-210.0,44100.0,210.0
Audi A3,20999.0,20068,-931.0,866761.0,931.0
Audi A3,20990.0,19568,-1422.0,2022084.0,1422.0
Audi A3,20999.0,19950,-1049.0,1100401.0,1049.0
Audi A3,20990.0,21279,289.0,83521.0,289.0
Audi A3,20990.0,20497,-493.0,243049.0,493.0
Audi A3,20990.0,20828,-162.0,26244.0,162.0
Audi A3,20990.0,22584,1594.0,2540836.0,1594.0
Audi A3,20800.0,21040,240.0,57600.0,240.0
Audi A3,20990.0,21247,257.0,66049.0,257.0
Audi A3,20800.0,22290,1490.0,2220100.0,1490.0
Audi A3,20800.0,22268,1468.0,2155024.0,1468.0
Audi A3,20800.0,20765,-35.0,1225.0,35.0
Audi A3,20799.0,22604,1805.0,3258025.0,1805.0
Audi A3,20793.0,19775,-1018.0,1036324.0,1018.0
Audi A3,20750.0,21594,844.0,712336.0,844.0
Audi A3,20790.0,20185,-605.0,366025.0,605.0
Audi A3,20750.0,21185,435.0,189225.0,435.0
Audi A3,20750.0,21126,376.0,141376.0,376.0
Audi A3,20750.0,21384,634.0,401956.0,634.0
Audi A3,20750.0,21446,696.0,484416.0,696.0
Audi A3,20750.0,20751,1.0,1.0,1.0
Audi A3,20700.0,21461,761.0,579121.0,761.0
Audi A3,20700.0,20033,-667.0,444889.0,667.0
Audi A3,20750.0,21124,374.0,139876.0,374.0
Audi A3,20750.0,19965,-785.0,616225.0,785.0
Audi A3,20690.0,20164,-526.0,276676.0,526.0
Audi A3,20700.0,21304,604.0,364816.0,604.0
Audi A3,20980.0,21584,604.0,364816.0,604.0
Audi A3,20980.0,23342,2362.0,5579044.0,2362.0
Audi A3,20550.0,23882,3332.0,11102224.0,3332.0
Audi A3,20950.0,19846,-1104.0,1218816.0,1104.0
Audi A3,20950.0,20938,-12.0,144.0,12.0
Audi A3,20950.0,20415,-535.0,286225.0,535.0
Audi A3,20950.0,20412,-538.0,289444.0,538.0
Audi A3,20950.0,21042,92.0,8464.0,92.0
Audi A3,20950.0,21672,722.0,521284.0,722.0
Audi A3,20950.0,20610,-340.0,115600.0,340.0
Audi A3,20950.0,20721,-229.0,52441.0,229.0
Audi A3,20950.0,20721,-229.0,52441.0,229.0
Audi A3,20940.0,20960,20.0,400.0,20.0
Audi A3,20920.0,20852,-68.0,4624.0,68.0
Audi A3,20500.0,24163,3663.0,13417569.0,3663.0
Audi A3,20500.0,21090,590.0,348100.0,590.0
Audi A3,20500.0,21726,1226.0,1503076.0,1226.0
Audi A3,20500.0,20845,345.0,119025.0,345.0
Audi A3,20500.0,23398,2898.0,8398404.0,2898.0
Audi A3,20500.0,20886,386.0,148996.0,386.0
Audi A3,20500.0,21209,709.0,502681.0,709.0
Audi A3,20500.0,20467,-33.0,1089.0,33.0
Audi A3,20500.0,21184,684.0,467856.0,684.0
Audi A3,20500.0,24414,3914.0,15319396.0,3914.0
Audi A3,20499.0,21051,552.0,304704.0,552.0
Audi A3,20490.0,19458,-1032.0,1065024.0,1032.0
Audi A3,20900.0,21610,710.0,504100.0,710.0
Audi A3,20490.0,19792,-698.0,487204.0,698.0
Audi A3,20500.0,20684,184.0,33856.0,184.0
Audi A3,20466.0,23007,2541.0,6456681.0,2541.0
Audi A3,20490.0,21966,1476.0,2178576.0,1476.0
Audi A3,20900.0,21106,206.0,42436.0,206.0
Audi A3,20900.0,20169,-731.0,534361.0,731.0
Audi A3,20900.0,18470,-2430.0,5904900.0,2430.0
Audi A3,20900.0,20934,34.0,1156.0,34.0
Audi A3,20900.0,20012,-888.0,788544.0,888.0
Audi A3,20900.0,20017,-883.0,779689.0,883.0
Audi A3,20900.0,20836,-64.0,4096.0,64.0
Audi A3,20900.0,20558,-342.0,116964.0,342.0
Audi A3,20900.0,20539,-361.0,130321.0,361.0
Audi A3,20900.0,22760,1860.0,3459600.0,1860.0
Audi A3,20900.0,20499,-401.0,160801.0,401.0
Audi A3,20900.0,19896,-1004.0,1008016.0,1004.0
Audi A3,20900.0,22508,1608.0,2585664.0,1608.0
Audi A3,20900.0,20158,-742.0,550564.0,742.0
Audi A3,20900.0,21559,659.0,434281.0,659.0
Audi A3,20900.0,23025,2125.0,4515625.0,2125.0
Audi A3,20899.0,19733,-1166.0,1359556.0,1166.0
Audi A3,20900.0,19604,-1296.0,1679616.0,1296.0
Audi A3,20890.0,21367,477.0,227529.0,477.0
Audi A3,20890.0,20877,-13.0,169.0,13.0
Audi A3,20900.0,20267,-633.0,400689.0,633.0
Audi A3,20890.0,22382,1492.0,2226064.0,1492.0
Audi A3,20890.0,19273,-1617.0,2614689.0,1617.0
Audi A3,20890.0,19571,-1319.0,1739761.0,1319.0
Audi A3,20890.0,22155,1265.0,1600225.0,1265.0
Audi A3,20889.0,21048,159.0,25281.0,159.0
Audi A3,20890.0,20151,-739.0,546121.0,739.0
Audi A3,20890.0,20760,-130.0,16900.0,130.0
Audi A3,20880.0,20483,-397.0,157609.0,397.0
Audi A3,20880.0,20068,-812.0,659344.0,812.0
Audi A3,20800.0,20906,106.0,11236.0,106.0
Audi A3,20845.0,21467,622.0,386884.0,622.0
Audi A3,20840.0,20183,-657.0,431649.0,657.0
Audi A3,20830.0,22551,1721.0,2961841.0,1721.0
Audi A3,20450.0,20883,433.0,187489.0,433.0
Audi A3,20854.0,20986,132.0,17424.0,132.0
Audi A3,20800.0,20492,-308.0,94864.0,308.0
Audi A3,20450.0,20878,428.0,183184.0,428.0
Audi A3,20450.0,20834,384.0,147456.0,384.0
Audi A3,20400.0,21974,1574.0,2477476.0,1574.0
Audi A3,20400.0,21525,1125.0,1265625.0,1125.0
Audi A3,20398.0,21974,1576.0,2483776.0,1576.0
Audi A3,20400.0,19859,-541.0,292681.0,541.0
Audi A3,20400.0,20514,114.0,12996.0,114.0
Audi A3,20445.0,19580,-865.0,748225.0,865.0
Audi A3,20390.0,21439,1049.0,1100401.0,1049.0
Audi A3,20360.0,21290,930.0,864900.0,930.0
Audi A3,21520.0,22035,515.0,265225.0,515.0
Audi A3,21700.0,21267,-433.0,187489.0,433.0
Audi A3,21700.0,21280,-420.0,176400.0,420.0
Audi A3,21700.0,21318,-382.0,145924.0,382.0
Audi A3,21700.0,21252,-448.0,200704.0,448.0
Audi A3,21700.0,21267,-433.0,187489.0,433.0
Audi A3,21700.0,22982,1282.0,1643524.0,1282.0
Audi A3,21695.0,21709,14.0,196.0,14.0
Audi A3,21690.0,21691,1.0,1.0,1.0
Audi A3,21690.0,21562,-128.0,16384.0,128.0
Audi A3,21790.0,21591,-199.0,39601.0,199.0
Audi A3,21790.0,19476,-2314.0,5354596.0,2314.0
Audi A3,21790.0,19985,-1805.0,3258025.0,1805.0
Audi A3,21790.0,19849,-1941.0,3767481.0,1941.0
Audi A3,21800.0,21384,-416.0,173056.0,416.0
Audi A3,21800.0,21316,-484.0,234256.0,484.0
Audi A3,21800.0,20714,-1086.0,1179396.0,1086.0
Audi A3,21800.0,20465,-1335.0,1782225.0,1335.0
Audi A3,21800.0,23184,1384.0,1915456.0,1384.0
Audi A3,21790.0,19505,-2285.0,5221225.0,2285.0
Audi A3,21790.0,19777,-2013.0,4052169.0,2013.0
Audi A3,21762.0,20474,-1288.0,1658944.0,1288.0
Audi A3,21750.0,19569,-2181.0,4756761.0,2181.0
Audi A3,21750.0,22004,254.0,64516.0,254.0
Audi A3,21740.0,21858,118.0,13924.0,118.0
Audi A3,21729.0,21467,-262.0,68644.0,262.0
Audi A3,21700.0,21388,-312.0,97344.0,312.0
Audi A3,21700.0,21672,-28.0,784.0,28.0
Audi A3,21700.0,21826,126.0,15876.0,126.0
Audi A3,21680.0,22352,672.0,451584.0,672.0
Audi A3,21680.0,22364,684.0,467856.0,684.0
Audi A3,21650.0,20209,-1441.0,2076481.0,1441.0
Audi A3,21650.0,20538,-1112.0,1236544.0,1112.0
Audi A3,21550.0,21947,397.0,157609.0,397.0
Audi A3,21640.0,20887,-753.0,567009.0,753.0
Audi A3,21600.0,21311,-289.0,83521.0,289.0
Audi A3,21535.0,22505,970.0,940900.0,970.0
Audi A3,21600.0,21620,20.0,400.0,20.0
Audi A3,21600.0,21414,-186.0,34596.0,186.0
Audi A3,23900.0,25349,1449.0,2099601.0,1449.0
Audi A3,23900.0,25325,1425.0,2030625.0,1425.0
Audi A3,23900.0,25205,1305.0,1703025.0,1305.0
Audi A3,23900.0,26274,2374.0,5635876.0,2374.0
Audi A3,23900.0,25007,1107.0,1225449.0,1107.0
Audi A3,23900.0,25807,1907.0,3636649.0,1907.0
Audi A3,24500.0,24831,331.0,109561.0,331.0
Audi A3,25800.0,25130,-670.0,448900.0,670.0
Audi A3,25740.0,23079,-2661.0,7080921.0,2661.0
Audi A3,25600.0,28986,3386.0,11464996.0,3386.0
Audi A3,26825.0,26699,-126.0,15876.0,126.0
Audi A3,26188.0,25446,-742.0,550564.0,742.0
Audi A3,26290.0,22942,-3348.0,11209104.0,3348.0
Audi A3,26188.0,25117,-1071.0,1147041.0,1071.0
Audi A3,26900.0,25228,-1672.0,2795584.0,1672.0
Audi A3,26900.0,21294,-5606.0,31427236.0,5606.0
Audi A3,26990.0,25153,-1837.0,3374569.0,1837.0
Audi A3,26980.0,26621,-359.0,128881.0,359.0
Audi A3,26590.0,26270,-320.0,102400.0,320.0
Audi A3,26290.0,22738,-3552.0,12616704.0,3552.0
Audi A3,26990.0,26483,-507.0,257049.0,507.0
Audi A3,27400.0,26473,-927.0,859329.0,927.0
Audi A3,27410.0,27301,-109.0,11881.0,109.0
Audi A3,27450.0,27159,-291.0,84681.0,291.0
Audi A3,27470.0,24263,-3207.0,10284849.0,3207.0
Audi A3,27400.0,26093,-1307.0,1708249.0,1307.0
Audi A3,27488.0,27437,-51.0,2601.0,51.0
Audi A3,27488.0,27449,-39.0,1521.0,39.0
Audi A3,27450.0,27378,-72.0,5184.0,72.0
Audi A3,27449.0,23603,-3846.0,14791716.0,3846.0
Audi A3,27410.0,27618,208.0,43264.0,208.0
Audi A3,27410.0,27396,-14.0,196.0,14.0
Audi A3,27410.0,27618,208.0,43264.0,208.0
Audi A3,27410.0,27367,-43.0,1849.0,43.0
Audi A3,27410.0,27683,273.0,74529.0,273.0
Audi A3,27410.0,27683,273.0,74529.0,273.0
Audi A3,27410.0,27623,213.0,45369.0,213.0
Audi A3,27410.0,27708,298.0,88804.0,298.0
Audi A3,27410.0,27367,-43.0,1849.0,43.0
Audi A3,27350.0,25754,-1596.0,2547216.0,1596.0
Audi A3,27400.0,25192,-2208.0,4875264.0,2208.0
Audi A3,26800.0,26721,-79.0,6241.0,79.0
Audi A3,27410.0,27344,-66.0,4356.0,66.0
Audi A3,27400.0,25512,-1888.0,3564544.0,1888.0
Audi A3,27370.0,25989,-1381.0,1907161.0,1381.0
Audi A3,27410.0,27683,273.0,74529.0,273.0
Audi A3,26800.0,25129,-1671.0,2792241.0,1671.0
Audi A3,27350.0,25511,-1839.0,3381921.0,1839.0
Audi A3,27318.0,24832,-2486.0,6180196.0,2486.0
Audi A3,27300.0,24470,-2830.0,8008900.0,2830.0
Audi A3,27300.0,24588,-2712.0,7354944.0,2712.0
Audi A3,27300.0,25608,-1692.0,2862864.0,1692.0
Audi A3,27300.0,24975,-2325.0,5405625.0,2325.0
Audi A3,27288.0,26374,-914.0,835396.0,914.0
Audi A3,27300.0,24724,-2576.0,6635776.0,2576.0
Audi A3,27250.0,23595,-3655.0,13359025.0,3655.0
Audi A3,27230.0,25021,-2209.0,4879681.0,2209.0
Audi A3,27225.0,26390,-835.0,697225.0,835.0
Audi A3,27250.0,24933,-2317.0,5368489.0,2317.0
Audi A3,27200.0,24760,-2440.0,5953600.0,2440.0
Audi A3,27200.0,24960,-2240.0,5017600.0,2240.0
Audi A3,26800.0,24649,-2151.0,4626801.0,2151.0
Audi A3,27116.0,27285,169.0,28561.0,169.0
Audi A3,26800.0,24744,-2056.0,4227136.0,2056.0
Audi A3,26800.0,24744,-2056.0,4227136.0,2056.0
Audi A3,26790.0,25835,-955.0,912025.0,955.0
Audi A3,26770.0,26237,-533.0,284089.0,533.0
Audi A3,26750.0,29834,3084.0,9511056.0,3084.0
Audi A3,26750.0,25177,-1573.0,2474329.0,1573.0
Audi A3,26700.0,25292,-1408.0,1982464.0,1408.0
Audi A3,26790.0,25903,-887.0,786769.0,887.0
Audi A3,26700.0,25375,-1325.0,1755625.0,1325.0
Audi A3,27089.0,24637,-2452.0,6012304.0,2452.0
Audi A3,26970.0,25595,-1375.0,1890625.0,1375.0
Audi A3,26980.0,26567,-413.0,170569.0,413.0
Audi A3,26980.0,26670,-310.0,96100.0,310.0
Audi A3,26700.0,26851,151.0,22801.0,151.0
Audi A3,26970.0,25996,-974.0,948676.0,974.0
Audi A3,26970.0,26933,-37.0,1369.0,37.0
Audi A3,26970.0,27006,36.0,1296.0,36.0
Audi A3,26950.0,23937,-3013.0,9078169.0,3013.0
Audi A3,26950.0,25580,-1370.0,1876900.0,1370.0
Audi A3,26950.0,25603,-1347.0,1814409.0,1347.0
Audi A3,26950.0,25553,-1397.0,1951609.0,1397.0
Audi A3,26950.0,25069,-1881.0,3538161.0,1881.0
Audi A3,26950.0,24712,-2238.0,5008644.0,2238.0
Audi A3,26950.0,25668,-1282.0,1643524.0,1282.0
Audi A3,26950.0,25618,-1332.0,1774224.0,1332.0
Audi A3,26940.0,24432,-2508.0,6290064.0,2508.0
Audi A3,27025.0,27023,-2.0,4.0,2.0
Audi A3,26940.0,24531,-2409.0,5803281.0,2409.0
Audi A3,27000.0,25239,-1761.0,3101121.0,1761.0
Audi A3,26940.0,24309,-2631.0,6922161.0,2631.0
Audi A3,27025.0,27553,528.0,278784.0,528.0
Audi A3,27000.0,25315,-1685.0,2839225.0,1685.0
Audi A3,26999.0,25317,-1682.0,2829124.0,1682.0
Audi A3,27000.0,25377,-1623.0,2634129.0,1623.0
Audi A3,27000.0,24653,-2347.0,5508409.0,2347.0
Audi A3,26999.0,25469,-1530.0,2340900.0,1530.0
Audi A3,26999.0,23745,-3254.0,10588516.0,3254.0
Audi A3,26998.0,25187,-1811.0,3279721.0,1811.0
Audi A3,26999.0,25752,-1247.0,1555009.0,1247.0
Audi A3,26998.0,25987,-1011.0,1022121.0,1011.0
Audi A3,26995.0,25286,-1709.0,2920681.0,1709.0
Audi A3,26990.0,26151,-839.0,703921.0,839.0
Audi A3,26990.0,31121,4131.0,17065161.0,4131.0
Audi A3,26990.0,24153,-2837.0,8048569.0,2837.0
Audi A3,26995.0,25197,-1798.0,3232804.0,1798.0
Audi A3,26990.0,25259,-1731.0,2996361.0,1731.0
Audi A3,26990.0,26066,-924.0,853776.0,924.0
Audi A3,26700.0,24002,-2698.0,7279204.0,2698.0
Audi A3,26690.0,24180,-2510.0,6300100.0,2510.0
Audi A3,26690.0,24267,-2423.0,5870929.0,2423.0
Audi A3,26625.0,26135,-490.0,240100.0,490.0
Audi A3,26549.0,24669,-1880.0,3534400.0,1880.0
Audi A3,26590.0,23988,-2602.0,6770404.0,2602.0
Audi A3,26600.0,27609,1009.0,1018081.0,1009.0
Audi A3,26548.0,24720,-1828.0,3341584.0,1828.0
Audi A3,26500.0,25543,-957.0,915849.0,957.0
Audi A3,26500.0,25323,-1177.0,1385329.0,1177.0
Audi A3,26500.0,25434,-1066.0,1136356.0,1066.0
Audi A3,26500.0,25690,-810.0,656100.0,810.0
Audi A3,26500.0,25373,-1127.0,1270129.0,1127.0
Audi A3,26500.0,24931,-1569.0,2461761.0,1569.0
Audi A3,26500.0,25631,-869.0,755161.0,869.0
Audi A3,26500.0,25457,-1043.0,1087849.0,1043.0
Audi A3,26499.0,25062,-1437.0,2064969.0,1437.0
Audi A3,26499.0,25164,-1335.0,1782225.0,1335.0
Audi A3,26500.0,25571,-929.0,863041.0,929.0
Audi A3,26488.0,25177,-1311.0,1718721.0,1311.0
Audi A3,26488.0,25246,-1242.0,1542564.0,1242.0
Audi A3,26490.0,24452,-2038.0,4153444.0,2038.0
Audi A3,26600.0,24090,-2510.0,6300100.0,2510.0
Audi A3,26488.0,25335,-1153.0,1329409.0,1153.0
Audi A3,26250.0,24926,-1324.0,1752976.0,1324.0
Audi A3,26200.0,25414,-786.0,617796.0,786.0
Audi A3,26290.0,22809,-3481.0,12117361.0,3481.0
Audi A3,26200.0,25560,-640.0,409600.0,640.0
Audi A3,26200.0,25560,-640.0,409600.0,640.0
Audi A3,26200.0,25465,-735.0,540225.0,735.0
Audi A3,26200.0,25240,-960.0,921600.0,960.0
Audi A3,26200.0,25373,-827.0,683929.0,827.0
Audi A3,26190.0,25048,-1142.0,1304164.0,1142.0
Audi A3,26188.0,25353,-835.0,697225.0,835.0
Audi A3,26200.0,25391,-809.0,654481.0,809.0
Audi A3,26188.0,25353,-835.0,697225.0,835.0
Audi A3,26188.0,25577,-611.0,373321.0,611.0
Audi A3,26200.0,25206,-994.0,988036.0,994.0
Audi A3,26188.0,25442,-746.0,556516.0,746.0
Audi A3,26188.0,25442,-746.0,556516.0,746.0
Audi A3,26900.0,26219,-681.0,463761.0,681.0
Audi A3,26900.0,24338,-2562.0,6563844.0,2562.0
Audi A3,26900.0,25626,-1274.0,1623076.0,1274.0
Audi A3,26488.0,24997,-1491.0,2223081.0,1491.0
Audi A3,26450.0,25017,-1433.0,2053489.0,1433.0
Audi A3,26188.0,25547,-641.0,410881.0,641.0
Audi A3,26488.0,25181,-1307.0,1708249.0,1307.0
Audi A3,26450.0,24812,-1638.0,2683044.0,1638.0
Audi A3,26450.0,24815,-1635.0,2673225.0,1635.0
Audi A3,26440.0,24872,-1568.0,2458624.0,1568.0
Audi A3,26400.0,25819,-581.0,337561.0,581.0
Audi A3,26400.0,25483,-917.0,840889.0,917.0
Audi A3,26400.0,25690,-710.0,504100.0,710.0
Audi A3,26400.0,25590,-810.0,656100.0,810.0
Audi A3,26400.0,24974,-1426.0,2033476.0,1426.0
Audi A3,26400.0,25554,-846.0,715716.0,846.0
Audi A3,26900.0,27558,658.0,432964.0,658.0
Audi A3,26900.0,27627,727.0,528529.0,727.0
Audi A3,26900.0,26290,-610.0,372100.0,610.0
Audi A3,26900.0,26356,-544.0,295936.0,544.0
Audi A3,26900.0,25311,-1589.0,2524921.0,1589.0
Audi A3,26900.0,23652,-3248.0,10549504.0,3248.0
Audi A3,26900.0,25258,-1642.0,2696164.0,1642.0
Audi A3,26900.0,27258,358.0,128164.0,358.0
Audi A3,26900.0,26406,-494.0,244036.0,494.0
Audi A3,26900.0,24116,-2784.0,7750656.0,2784.0
Audi A3,26890.0,23065,-3825.0,14630625.0,3825.0
Audi A3,26890.0,26663,-227.0,51529.0,227.0
Audi A3,26880.0,26602,-278.0,77284.0,278.0
Audi A3,26880.0,28063,1183.0,1399489.0,1183.0
Audi A3,26850.0,26167,-683.0,466489.0,683.0
Audi A3,26400.0,28681,2281.0,5202961.0,2281.0
Audi A3,26300.0,26056,-244.0,59536.0,244.0
Audi A3,26300.0,25214,-1086.0,1179396.0,1086.0
Audi A3,26300.0,26190,-110.0,12100.0,110.0
Audi A3,26290.0,23937,-2353.0,5536609.0,2353.0
Audi A3,26300.0,26636,336.0,112896.0,336.0
Audi A3,26290.0,22986,-3304.0,10916416.0,3304.0
Audi A3,26300.0,26471,171.0,29241.0,171.0
Audi A3,26300.0,26892,592.0,350464.0,592.0
Audi A3,26188.0,25442,-746.0,556516.0,746.0
Audi A3,26188.0,25353,-835.0,697225.0,835.0
Audi A3,26090.0,24183,-1907.0,3636649.0,1907.0
Audi A3,26015.0,25175,-840.0,705600.0,840.0
Audi A3,26000.0,25600,-400.0,160000.0,400.0
Audi A3,26000.0,24524,-1476.0,2178576.0,1476.0
Audi A3,26000.0,25123,-877.0,769129.0,877.0
Audi A3,26100.0,23375,-2725.0,7425625.0,2725.0
Audi A3,26000.0,25382,-618.0,381924.0,618.0
Audi A3,25998.0,24782,-1216.0,1478656.0,1216.0
Audi A3,25990.0,25168,-822.0,675684.0,822.0
Audi A3,25990.0,26260,270.0,72900.0,270.0
Audi A3,25990.0,24132,-1858.0,3452164.0,1858.0
Audi A3,25990.0,23687,-2303.0,5303809.0,2303.0
Audi A3,25990.0,25575,-415.0,172225.0,415.0
Audi A3,25990.0,26492,502.0,252004.0,502.0
Audi A3,25980.0,24111,-1869.0,3493161.0,1869.0
Audi A3,25990.0,25459,-531.0,281961.0,531.0
Audi A3,25950.0,26831,881.0,776161.0,881.0
Audi A3,25900.0,25454,-446.0,198916.0,446.0
Audi A3,25900.0,24037,-1863.0,3470769.0,1863.0
Audi A3,25950.0,25363,-587.0,344569.0,587.0
Audi A3,25900.0,25268,-632.0,399424.0,632.0
Audi A3,25900.0,25041,-859.0,737881.0,859.0
Audi A3,25900.0,24439,-1461.0,2134521.0,1461.0
Audi A3,25900.0,25224,-676.0,456976.0,676.0
Audi A3,25900.0,25677,-223.0,49729.0,223.0
Audi A3,25900.0,25136,-764.0,583696.0,764.0
Audi A3,25900.0,25231,-669.0,447561.0,669.0
Audi A3,25900.0,25334,-566.0,320356.0,566.0
Audi A3,25900.0,26099,199.0,39601.0,199.0
Audi A3,25900.0,25282,-618.0,381924.0,618.0
Audi A3,25900.0,23565,-2335.0,5452225.0,2335.0
Audi A3,25800.0,25273,-527.0,277729.0,527.0
Audi A3,25600.0,25393,-207.0,42849.0,207.0
Audi A3,25539.0,24249,-1290.0,1664100.0,1290.0
Audi A3,25899.0,25002,-897.0,804609.0,897.0
Audi A3,25539.0,24265,-1274.0,1623076.0,1274.0
Audi A3,25899.0,25002,-897.0,804609.0,897.0
Audi A3,25884.0,25112,-772.0,595984.0,772.0
Audi A3,25539.0,24394,-1145.0,1311025.0,1145.0
Audi A3,25500.0,25271,-229.0,52441.0,229.0
Audi A3,25500.0,26614,1114.0,1240996.0,1114.0
Audi A3,25500.0,24814,-686.0,470596.0,686.0
Audi A3,25490.0,24019,-1471.0,2163841.0,1471.0
Audi A3,25420.0,25141,-279.0,77841.0,279.0
Audi A3,25420.0,25109,-311.0,96721.0,311.0
Audi A3,25500.0,27820,2320.0,5382400.0,2320.0
Audi A3,25500.0,25439,-61.0,3721.0,61.0
Audi A3,25420.0,26024,604.0,364816.0,604.0
Audi A3,25800.0,24943,-857.0,734449.0,857.0
Audi A3,24900.0,24898,-2.0,4.0,2.0
Audi A3,25400.0,24424,-976.0,952576.0,976.0
Audi A3,25400.0,26548,1148.0,1317904.0,1148.0
Audi A3,25400.0,26160,760.0,577600.0,760.0
Audi A3,25400.0,25289,-111.0,12321.0,111.0
Audi A3,24900.0,25667,767.0,588289.0,767.0
Audi A3,24900.0,26102,1202.0,1444804.0,1202.0
Audi A3,24890.0,23274,-1616.0,2611456.0,1616.0
Audi A3,24890.0,23127,-1763.0,3108169.0,1763.0
Audi A3,24890.0,25687,797.0,635209.0,797.0
Audi A3,24900.0,26026,1126.0,1267876.0,1126.0
Audi A3,24900.0,25543,643.0,413449.0,643.0
Audi A3,24900.0,25214,314.0,98596.0,314.0
Audi A3,24900.0,25250,350.0,122500.0,350.0
Audi A3,24800.0,25716,916.0,839056.0,916.0
Audi A3,24890.0,25667,777.0,603729.0,777.0
Audi A3,24800.0,24242,-558.0,311364.0,558.0
Audi A3,24800.0,25959,1159.0,1343281.0,1159.0
Audi A3,24800.0,25293,493.0,243049.0,493.0
Audi A3,24800.0,24308,-492.0,242064.0,492.0
Audi A3,24600.0,25393,793.0,628849.0,793.0
Audi A3,24800.0,25300,500.0,250000.0,500.0
Audi A3,25390.0,28639,3249.0,10556001.0,3249.0
Audi A3,25390.0,21848,-3542.0,12545764.0,3542.0
Audi A3,25390.0,22087,-3303.0,10909809.0,3303.0
Audi A3,25300.0,23988,-1312.0,1721344.0,1312.0
Audi A3,25288.0,25304,16.0,256.0,16.0
Audi A3,25385.0,24988,-397.0,157609.0,397.0
Audi A3,25288.0,25336,48.0,2304.0,48.0
Audi A3,25250.0,26332,1082.0,1170724.0,1082.0
Audi A3,25288.0,25304,16.0,256.0,16.0
Audi A3,25250.0,24907,-343.0,117649.0,343.0
Audi A3,25288.0,25204,-84.0,7056.0,84.0
Audi A3,25200.0,26077,877.0,769129.0,877.0
Audi A3,25288.0,25194,-94.0,8836.0,94.0
Audi A3,25228.0,26188,960.0,921600.0,960.0
Audi A3,24990.0,24500,-490.0,240100.0,490.0
Audi A3,24500.0,25273,773.0,597529.0,773.0
Audi A3,24990.0,22466,-2524.0,6370576.0,2524.0
Audi A3,25200.0,24599,-601.0,361201.0,601.0
Audi A3,25000.0,27007,2007.0,4028049.0,2007.0
Audi A3,24500.0,25052,552.0,304704.0,552.0
Audi A3,24990.0,24641,-349.0,121801.0,349.0
Audi A3,24500.0,25374,874.0,763876.0,874.0
Audi A3,24500.0,24557,57.0,3249.0,57.0
Audi A3,24490.0,25960,1470.0,2160900.0,1470.0
Audi A3,24490.0,25765,1275.0,1625625.0,1275.0
Audi A3,24490.0,25860,1370.0,1876900.0,1370.0
Audi A3,24490.0,25491,1001.0,1002001.0,1001.0
Audi A3,24450.0,23123,-1327.0,1760929.0,1327.0
Audi A3,24425.0,25219,794.0,630436.0,794.0
Audi A3,24490.0,25767,1277.0,1630729.0,1277.0
Audi A3,24400.0,25386,986.0,972196.0,986.0
Audi A3,24300.0,26260,1960.0,3841600.0,1960.0
Audi A3,24300.0,25402,1102.0,1214404.0,1102.0
Audi A3,24350.0,24472,122.0,14884.0,122.0
Audi A3,24200.0,27434,3234.0,10458756.0,3234.0
Audi A3,24542.0,26063,1521.0,2313441.0,1521.0
Audi A3,24100.0,25107,1007.0,1014049.0,1007.0
Audi A3,24100.0,25185,1085.0,1177225.0,1085.0
Audi A3,24000.0,24715,715.0,511225.0,715.0
Audi A3,24000.0,24898,898.0,806404.0,898.0
Audi A3,24990.0,24500,-490.0,240100.0,490.0
Audi A3,24000.0,24323,323.0,104329.0,323.0
Audi A3,24000.0,24595,595.0,354025.0,595.0
Audi A3,24000.0,25254,1254.0,1572516.0,1254.0
Audi A3,23988.0,23152,-836.0,698896.0,836.0
Audi A3,23990.0,25550,1560.0,2433600.0,1560.0
Audi A3,23988.0,23152,-836.0,698896.0,836.0
Audi A3,23990.0,25597,1607.0,2582449.0,1607.0
Audi A3,23988.0,23152,-836.0,698896.0,836.0
Audi A3,23988.0,23152,-836.0,698896.0,836.0
Audi A3,23988.0,23242,-746.0,556516.0,746.0
Audi A3,23900.0,25530,1630.0,2656900.0,1630.0
Audi A3,23900.0,25780,1880.0,3534400.0,1880.0
Audi A3,23900.0,25490,1590.0,2528100.0,1590.0
Audi A3,23900.0,25376,1476.0,2178576.0,1476.0
Audi A3,23900.0,25532,1632.0,2663424.0,1632.0
Audi A3,23900.0,25376,1476.0,2178576.0,1476.0
Audi A3,23900.0,25087,1187.0,1408969.0,1187.0
Audi A3,24990.0,24445,-545.0,297025.0,545.0
Audi A3,23900.0,25512,1612.0,2598544.0,1612.0
Audi A3,24990.0,25144,154.0,23716.0,154.0
Audi A3,24980.0,23296,-1684.0,2835856.0,1684.0
Audi A3,24989.0,23674,-1315.0,1729225.0,1315.0
Audi A3,24970.0,27066,2096.0,4393216.0,2096.0
Audi A3,24970.0,24954,-16.0,256.0,16.0
Audi A3,24960.0,25399,439.0,192721.0,439.0
Audi A3,24950.0,25399,449.0,201601.0,449.0
Audi A3,24925.0,25151,226.0,51076.0,226.0
Audi A3,24900.0,23793,-1107.0,1225449.0,1107.0
Audi A3,24900.0,26197,1297.0,1682209.0,1297.0
Audi A3,24900.0,21352,-3548.0,12588304.0,3548.0
Audi A3,24900.0,26435,1535.0,2356225.0,1535.0
Audi A3,24900.0,26435,1535.0,2356225.0,1535.0
Audi A3,24900.0,25227,327.0,106929.0,327.0
Audi A3,24900.0,26126,1226.0,1503076.0,1226.0
Audi A3,24900.0,25758,858.0,736164.0,858.0
Audi A3,24900.0,26040,1140.0,1299600.0,1140.0
Audi A3,24900.0,26102,1202.0,1444804.0,1202.0
Audi A3,23900.0,24644,744.0,553536.0,744.0
Audi A3,24900.0,26277,1377.0,1896129.0,1377.0
Audi A3,23900.0,24540,640.0,409600.0,640.0
Audi A3,23900.0,23446,-454.0,206116.0,454.0
Audi A3,23850.0,24652,802.0,643204.0,802.0
Audi A3,23900.0,25987,2087.0,4355569.0,2087.0
Audi A3,23900.0,25576,1676.0,2808976.0,1676.0
Audi A3,21900.0,23974,2074.0,4301476.0,2074.0
Audi A3,21900.0,23186,1286.0,1653796.0,1286.0
Audi A3,22375.0,21483,-892.0,795664.0,892.0
Audi A3,21854.0,21948,94.0,8836.0,94.0
Audi A3,23450.0,22337,-1113.0,1238769.0,1113.0
Audi A3,22943.0,22327,-616.0,379456.0,616.0
Audi A3,21854.0,21862,8.0,64.0,8.0
Audi A3,22990.0,21962,-1028.0,1056784.0,1028.0
Audi A3,22588.0,21824,-764.0,583696.0,764.0
Audi A3,23500.0,23075,-425.0,180625.0,425.0
Audi A3,23650.0,23262,-388.0,150544.0,388.0
Audi A3,23900.0,25694,1794.0,3218436.0,1794.0
Audi A3,23990.0,22250,-1740.0,3027600.0,1740.0
Audi A3,23990.0,23544,-446.0,198916.0,446.0
Audi A3,23990.0,23263,-727.0,528529.0,727.0
Audi A3,24590.0,21467,-3123.0,9753129.0,3123.0
Audi A3,24850.0,22923,-1927.0,3713329.0,1927.0
Audi A3,24800.0,23611,-1189.0,1413721.0,1189.0
Audi A3,23990.0,26359,2369.0,5612161.0,2369.0
Audi A3,24900.0,23348,-1552.0,2408704.0,1552.0
Audi A3,24420.0,25344,924.0,853776.0,924.0
Audi A3,24970.0,21350,-3620.0,13104400.0,3620.0
Audi A3,24590.0,21284,-3306.0,10929636.0,3306.0
Audi A3,24980.0,21915,-3065.0,9394225.0,3065.0
Audi A3,24970.0,23602,-1368.0,1871424.0,1368.0
Audi A3,24950.0,23460,-1490.0,2220100.0,1490.0
Audi A3,24950.0,23615,-1335.0,1782225.0,1335.0
Audi A3,24590.0,21453,-3137.0,9840769.0,3137.0
Audi A3,24590.0,21453,-3137.0,9840769.0,3137.0
Audi A3,24590.0,21424,-3166.0,10023556.0,3166.0
Audi A3,24590.0,21195,-3395.0,11526025.0,3395.0
Audi A3,24590.0,21424,-3166.0,10023556.0,3166.0
Audi A3,24590.0,21370,-3220.0,10368400.0,3220.0
Audi A3,24500.0,26351,1851.0,3426201.0,1851.0
Audi A3,24510.0,23154,-1356.0,1838736.0,1356.0
Audi A3,24500.0,23614,-886.0,784996.0,886.0
Audi A3,24500.0,23706,-794.0,630436.0,794.0
Audi A3,24490.0,25364,874.0,763876.0,874.0
Audi A3,24500.0,25484,984.0,968256.0,984.0
Audi A3,24490.0,22006,-2484.0,6170256.0,2484.0
Audi A3,24490.0,22457,-2033.0,4133089.0,2033.0
Audi A3,24450.0,22912,-1538.0,2365444.0,1538.0
Audi A3,24444.0,25399,955.0,912025.0,955.0
Audi A3,24440.0,26335,1895.0,3591025.0,1895.0
Audi A3,24420.0,24857,437.0,190969.0,437.0
Audi A3,24980.0,26525,1545.0,2387025.0,1545.0
Audi A3,24980.0,22601,-2379.0,5659641.0,2379.0
Audi A3,24980.0,22717,-2263.0,5121169.0,2263.0
Audi A3,24375.0,22265,-2110.0,4452100.0,2110.0
Audi A3,24300.0,23288,-1012.0,1024144.0,1012.0
Audi A3,24950.0,25512,562.0,315844.0,562.0
Audi A3,24980.0,26167,1187.0,1408969.0,1187.0
Audi A3,24950.0,24400,-550.0,302500.0,550.0
Audi A3,24950.0,24400,-550.0,302500.0,550.0
Audi A3,24950.0,25643,693.0,480249.0,693.0
Audi A3,24950.0,23291,-1659.0,2752281.0,1659.0
Audi A3,24950.0,24315,-635.0,403225.0,635.0
Audi A3,24920.0,25628,708.0,501264.0,708.0
Audi A3,24900.0,23623,-1277.0,1630729.0,1277.0
Audi A3,24900.0,25977,1077.0,1159929.0,1077.0
Audi A3,24900.0,23200,-1700.0,2890000.0,1700.0
Audi A3,24900.0,24108,-792.0,627264.0,792.0
Audi A3,24900.0,23210,-1690.0,2856100.0,1690.0
Audi A3,24900.0,24746,-154.0,23716.0,154.0
Audi A3,24900.0,23457,-1443.0,2082249.0,1443.0
Audi A3,24900.0,23748,-1152.0,1327104.0,1152.0
Audi A3,24900.0,23261,-1639.0,2686321.0,1639.0
Audi A3,24900.0,24547,-353.0,124609.0,353.0
Audi A3,24900.0,23150,-1750.0,3062500.0,1750.0
Audi A3,24900.0,23110,-1790.0,3204100.0,1790.0
Audi A3,24900.0,21210,-3690.0,13616100.0,3690.0
Audi A3,24900.0,22853,-2047.0,4190209.0,2047.0
Audi A3,24900.0,24012,-888.0,788544.0,888.0
Audi A3,24890.0,22687,-2203.0,4853209.0,2203.0
Audi A3,24890.0,23030,-1860.0,3459600.0,1860.0
Audi A3,24880.0,22923,-1957.0,3829849.0,1957.0
Audi A3,24870.0,25426,556.0,309136.0,556.0
Audi A3,24890.0,25457,567.0,321489.0,567.0
Audi A3,24890.0,25798,908.0,824464.0,908.0
Audi A3,24879.0,24799,-80.0,6400.0,80.0
Audi A3,24300.0,23007,-1293.0,1671849.0,1293.0
Audi A3,24300.0,23317,-983.0,966289.0,983.0
Audi A3,24200.0,23678,-522.0,272484.0,522.0
Audi A3,24200.0,22970,-1230.0,1512900.0,1230.0
Audi A3,24150.0,23117,-1033.0,1067089.0,1033.0
Audi A3,24075.0,22633,-1442.0,2079364.0,1442.0
Audi A3,24200.0,23148,-1052.0,1106704.0,1052.0
Audi A3,24100.0,23182,-918.0,842724.0,918.0
Audi A3,24150.0,23117,-1033.0,1067089.0,1033.0
Audi A3,24000.0,22763,-1237.0,1530169.0,1237.0
Audi A3,24000.0,23321,-679.0,461041.0,679.0
Audi A3,23999.0,22447,-1552.0,2408704.0,1552.0
Audi A3,23999.0,22518,-1481.0,2193361.0,1481.0
Audi A3,23999.0,22363,-1636.0,2676496.0,1636.0
Audi A3,24000.0,23666,-334.0,111556.0,334.0
Audi A3,23999.0,22234,-1765.0,3115225.0,1765.0
Audi A3,23996.0,23364,-632.0,399424.0,632.0
Audi A3,23995.0,22328,-1667.0,2778889.0,1667.0
Audi A3,23990.0,23469,-521.0,271441.0,521.0
Audi A3,23990.0,23370,-620.0,384400.0,620.0
Audi A3,24850.0,22897,-1953.0,3814209.0,1953.0
Audi A3,24300.0,23394,-906.0,820836.0,906.0
Audi A3,24300.0,23868,-432.0,186624.0,432.0
Audi A3,23995.0,23654,-341.0,116281.0,341.0
Audi A3,24300.0,23131,-1169.0,1366561.0,1169.0
Audi A3,24300.0,22728,-1572.0,2471184.0,1572.0
Audi A3,24290.0,25564,1274.0,1623076.0,1274.0
Audi A3,24288.0,23927,-361.0,130321.0,361.0
Audi A3,24300.0,23018,-1282.0,1643524.0,1282.0
Audi A3,24288.0,23711,-577.0,332929.0,577.0
Audi A3,24288.0,24016,-272.0,73984.0,272.0
Audi A3,24288.0,23871,-417.0,173889.0,417.0
Audi A3,24288.0,23754,-534.0,285156.0,534.0
Audi A3,24288.0,23754,-534.0,285156.0,534.0
Audi A3,24288.0,23693,-595.0,354025.0,595.0
Audi A3,24288.0,23664,-624.0,389376.0,624.0
Audi A3,24288.0,23797,-491.0,241081.0,491.0
Audi A3,24288.0,23754,-534.0,285156.0,534.0
Audi A3,24800.0,23472,-1328.0,1763584.0,1328.0
Audi A3,24800.0,23353,-1447.0,2093809.0,1447.0
Audi A3,24800.0,23023,-1777.0,3157729.0,1777.0
Audi A3,24790.0,22951,-1839.0,3381921.0,1839.0
Audi A3,24700.0,25642,942.0,887364.0,942.0
Audi A3,24800.0,22477,-2323.0,5396329.0,2323.0
Audi A3,24688.0,23873,-815.0,664225.0,815.0
Audi A3,24688.0,23700,-988.0,976144.0,988.0
Audi A3,24688.0,23904,-784.0,614656.0,784.0
Audi A3,24790.0,23120,-1670.0,2788900.0,1670.0
Audi A3,24688.0,23863,-825.0,680625.0,825.0
Audi A3,24600.0,28695,4095.0,16769025.0,4095.0
Audi A3,23990.0,24013,23.0,529.0,23.0
Audi A3,24688.0,23700,-988.0,976144.0,988.0
Audi A3,24675.0,22390,-2285.0,5221225.0,2285.0
Audi A3,24671.0,21569,-3102.0,9622404.0,3102.0
Audi A3,24650.0,23283,-1367.0,1868689.0,1367.0
Audi A3,23990.0,27029,3039.0,9235521.0,3039.0
Audi A3,24650.0,23460,-1190.0,1416100.0,1190.0
Audi A3,23988.0,23840,-148.0,21904.0,148.0
Audi A3,23988.0,23561,-427.0,182329.0,427.0
Audi A3,23988.0,23652,-336.0,112896.0,336.0
Audi A3,23988.0,23482,-506.0,256036.0,506.0
Audi A3,23980.0,25392,1412.0,1993744.0,1412.0
Audi A3,23980.0,21247,-2733.0,7469289.0,2733.0
Audi A3,23988.0,23807,-181.0,32761.0,181.0
Audi A3,23980.0,25122,1142.0,1304164.0,1142.0
Audi A3,23950.0,22662,-1288.0,1658944.0,1288.0
Audi A3,23950.0,23313,-637.0,405769.0,637.0
Audi A3,23950.0,23442,-508.0,258064.0,508.0
Audi A3,23930.0,25755,1825.0,3330625.0,1825.0
Audi A3,23925.0,22897,-1028.0,1056784.0,1028.0
Audi A3,23920.0,19872,-4048.0,16386304.0,4048.0
Audi A3,23900.0,26079,2179.0,4748041.0,2179.0
Audi A3,23900.0,25923,2023.0,4092529.0,2023.0
Audi A3,23900.0,25722,1822.0,3319684.0,1822.0
Audi A3,23900.0,22561,-1339.0,1792921.0,1339.0
Audi A3,23900.0,25036,1136.0,1290496.0,1136.0
Audi A3,23900.0,25605,1705.0,2907025.0,1705.0
Audi A3,23900.0,23442,-458.0,209764.0,458.0
Audi A3,23900.0,23496,-404.0,163216.0,404.0
Audi A3,23900.0,22258,-1642.0,2696164.0,1642.0
Audi A3,23880.0,25212,1332.0,1774224.0,1332.0
Audi A3,23900.0,23019,-881.0,776161.0,881.0
Audi A3,23880.0,25927,2047.0,4190209.0,2047.0
Audi A3,23700.0,23301,-399.0,159201.0,399.0
Audi A3,23800.0,22599,-1201.0,1442401.0,1201.0
Audi A3,23650.0,22214,-1436.0,2062096.0,1436.0
Audi A3,23800.0,23695,-105.0,11025.0,105.0
Audi A3,23800.0,23867,67.0,4489.0,67.0
Audi A3,23710.0,20874,-2836.0,8042896.0,2836.0
Audi A3,23850.0,23509,-341.0,116281.0,341.0
Audi A3,22990.0,21925,-1065.0,1134225.0,1065.0
Audi A3,22980.0,25122,2142.0,4588164.0,2142.0
Audi A3,22990.0,22970,-20.0,400.0,20.0
Audi A3,22990.0,23678,688.0,473344.0,688.0
Audi A3,22990.0,23370,380.0,144400.0,380.0
Audi A3,22990.0,23737,747.0,558009.0,747.0
Audi A3,22990.0,26864,3874.0,15007876.0,3874.0
Audi A3,22950.0,22093,-857.0,734449.0,857.0
Audi A3,22950.0,22942,-8.0,64.0,8.0
Audi A3,22950.0,22611,-339.0,114921.0,339.0
Audi A3,22330.0,21948,-382.0,145924.0,382.0
Audi A3,22311.0,20979,-1332.0,1774224.0,1332.0
Audi A3,22311.0,20806,-1505.0,2265025.0,1505.0
Audi A3,22300.0,23681,1381.0,1907161.0,1381.0
Audi A3,22300.0,24540,2240.0,5017600.0,2240.0
Audi A3,22300.0,26731,4431.0,19633761.0,4431.0
Audi A3,22290.0,21377,-913.0,833569.0,913.0
Audi A3,22200.0,22093,-107.0,11449.0,107.0
Audi A3,21978.0,21734,-244.0,59536.0,244.0
Audi A3,22200.0,22659,459.0,210681.0,459.0
Audi A3,21978.0,21803,-175.0,30625.0,175.0
Audi A3,21980.0,21209,-771.0,594441.0,771.0
Audi A3,21978.0,21806,-172.0,29584.0,172.0
Audi A3,21978.0,21847,-131.0,17161.0,131.0
Audi A3,21978.0,21623,-355.0,126025.0,355.0
Audi A3,21978.0,21803,-175.0,30625.0,175.0
Audi A3,21978.0,21803,-175.0,30625.0,175.0
Audi A3,21978.0,21817,-161.0,25921.0,161.0
Audi A3,21978.0,21806,-172.0,29584.0,172.0
Audi A3,22930.0,23993,1063.0,1129969.0,1063.0
Audi A3,22925.0,21854,-1071.0,1147041.0,1071.0
Audi A3,22925.0,21780,-1145.0,1311025.0,1145.0
Audi A3,22900.0,23394,494.0,244036.0,494.0
Audi A3,22925.0,21764,-1161.0,1347921.0,1161.0
Audi A3,22900.0,23205,305.0,93025.0,305.0
Audi A3,22900.0,23494,594.0,352836.0,594.0
Audi A3,21978.0,21734,-244.0,59536.0,244.0
Audi A3,22900.0,23494,594.0,352836.0,594.0
Audi A3,23300.0,23594,294.0,86436.0,294.0
Audi A3,23290.0,22579,-711.0,505521.0,711.0
Audi A3,23289.0,21588,-1701.0,2893401.0,1701.0
Audi A3,23289.0,20987,-2302.0,5299204.0,2302.0
Audi A3,23279.0,21546,-1733.0,3003289.0,1733.0
Audi A3,23200.0,23132,-68.0,4624.0,68.0
Audi A3,23250.0,23944,694.0,481636.0,694.0
Audi A3,23279.0,21094,-2185.0,4774225.0,2185.0
Audi A3,23250.0,23740,490.0,240100.0,490.0
Audi A3,23139.0,20873,-2266.0,5134756.0,2266.0
Audi A3,23139.0,21561,-1578.0,2490084.0,1578.0
Audi A3,23139.0,21329,-1810.0,3276100.0,1810.0
Audi A3,23139.0,21289,-1850.0,3422500.0,1850.0
Audi A3,23100.0,23452,352.0,123904.0,352.0
Audi A3,23139.0,21111,-2028.0,4112784.0,2028.0
Audi A3,23100.0,23705,605.0,366025.0,605.0
Audi A3,23044.0,23851,807.0,651249.0,807.0
Audi A3,22900.0,23489,589.0,346921.0,589.0
Audi A3,23650.0,23262,-388.0,150544.0,388.0
Audi A3,23044.0,23342,298.0,88804.0,298.0
Audi A3,23639.0,22506,-1133.0,1283689.0,1133.0
Audi A3,22999.0,21837,-1162.0,1350244.0,1162.0
Audi A3,22900.0,23212,312.0,97344.0,312.0
Audi A3,23639.0,22012,-1627.0,2647129.0,1627.0
Audi A3,23639.0,22460,-1179.0,1390041.0,1179.0
Audi A3,23044.0,22617,-427.0,182329.0,427.0
Audi A3,23600.0,23018,-582.0,338724.0,582.0
Audi A3,23600.0,23268,-332.0,110224.0,332.0
Audi A3,23590.0,24085,495.0,245025.0,495.0
Audi A3,23600.0,23446,-154.0,23716.0,154.0
Audi A3,23550.0,20952,-2598.0,6749604.0,2598.0
Audi A3,23590.0,23637,47.0,2209.0,47.0
Audi A3,23590.0,23725,135.0,18225.0,135.0
Audi A3,23525.0,22041,-1484.0,2202256.0,1484.0
Audi A3,23504.0,22750,-754.0,568516.0,754.0
Audi A3,23500.0,22067,-1433.0,2053489.0,1433.0
Audi A3,23525.0,22038,-1487.0,2211169.0,1487.0
Audi A3,23525.0,22041,-1484.0,2202256.0,1484.0
Audi A3,23520.0,22318,-1202.0,1444804.0,1202.0
Audi A3,23504.0,22817,-687.0,471969.0,687.0
Audi A3,23500.0,21522,-1978.0,3912484.0,1978.0
Audi A3,22900.0,26521,3621.0,13111641.0,3621.0
Audi A3,22900.0,22619,-281.0,78961.0,281.0
Audi A3,22890.0,22898,8.0,64.0,8.0
Audi A3,22850.0,21894,-956.0,913936.0,956.0
Audi A3,22800.0,23163,363.0,131769.0,363.0
Audi A3,22790.0,22974,184.0,33856.0,184.0
Audi A3,22750.0,22530,-220.0,48400.0,220.0
Audi A3,22790.0,22743,-47.0,2209.0,47.0
Audi A3,22730.0,21260,-1470.0,2160900.0,1470.0
Audi A3,22730.0,20975,-1755.0,3080025.0,1755.0
Audi A3,22700.0,23004,304.0,92416.0,304.0
Audi A3,22680.0,21133,-1547.0,2393209.0,1547.0
Audi A3,22590.0,21031,-1559.0,2430481.0,1559.0
Audi A3,22590.0,21260,-1330.0,1768900.0,1330.0
Audi A3,22675.0,22337,-338.0,114244.0,338.0
Audi A3,22590.0,20861,-1729.0,2989441.0,1729.0
Audi A3,22590.0,21512,-1078.0,1162084.0,1078.0
Audi A3,23500.0,21329,-2171.0,4713241.0,2171.0
Audi A3,23500.0,21498,-2002.0,4008004.0,2002.0
Audi A3,23490.0,23355,-135.0,18225.0,135.0
Audi A3,23490.0,23262,-228.0,51984.0,228.0
Audi A3,23485.0,23316,-169.0,28561.0,169.0
Audi A3,23490.0,22432,-1058.0,1119364.0,1058.0
Audi A3,23490.0,22484,-1006.0,1012036.0,1006.0
Audi A3,23490.0,25162,1672.0,2795584.0,1672.0
Audi A3,23475.0,22378,-1097.0,1203409.0,1097.0
Audi A3,23401.0,22341,-1060.0,1123600.0,1060.0
Audi A3,23401.0,22097,-1304.0,1700416.0,1304.0
Audi A3,23449.0,25241,1792.0,3211264.0,1792.0
Audi A3,23444.0,21627,-1817.0,3301489.0,1817.0
Audi A3,23400.0,24003,603.0,363609.0,603.0
Audi A3,22590.0,21215,-1375.0,1890625.0,1375.0
Audi A3,23330.0,21996,-1334.0,1779556.0,1334.0
Audi A3,23300.0,23434,134.0,17956.0,134.0
Audi A3,23300.0,23055,-245.0,60025.0,245.0
Audi A3,23300.0,23594,294.0,86436.0,294.0
Audi A3,22588.0,21756,-832.0,692224.0,832.0
Audi A3,22588.0,21756,-832.0,692224.0,832.0
Audi A3,22588.0,21673,-915.0,837225.0,915.0
Audi A3,23300.0,23403,103.0,10609.0,103.0
Audi A3,22550.0,22870,320.0,102400.0,320.0
Audi A3,22500.0,23235,735.0,540225.0,735.0
Audi A3,22588.0,21805,-783.0,613089.0,783.0
Audi A3,22529.0,21545,-984.0,968256.0,984.0
Audi A3,22490.0,22046,-444.0,197136.0,444.0
Audi A3,22450.0,23433,983.0,966289.0,983.0
Audi A3,22449.0,22066,-383.0,146689.0,383.0
Audi A3,22490.0,22332,-158.0,24964.0,158.0
Audi A3,22400.0,23109,709.0,502681.0,709.0
Audi A3,22388.0,21773,-615.0,378225.0,615.0
Audi A3,22388.0,21641,-747.0,558009.0,747.0
Audi A3,22388.0,21723,-665.0,442225.0,665.0
Audi A3,22388.0,21403,-985.0,970225.0,985.0
Audi A3,21854.0,22048,194.0,37636.0,194.0
Audi A3,21854.0,21926,72.0,5184.0,72.0
Audi A3,22388.0,21723,-665.0,442225.0,665.0
Audi A3,21854.0,22630,776.0,602176.0,776.0
Audi A3,21854.0,22150,296.0,87616.0,296.0
Audi A3,25487.0,25527,40.0,1600.0,40.0
Audi A3,25489.0,23059,-2430.0,5904900.0,2430.0
Audi A3,25487.0,25348,-139.0,19321.0,139.0
Audi A3,25490.0,26073,583.0,339889.0,583.0
Audi A3,25490.0,22592,-2898.0,8398404.0,2898.0
Audi A3,25475.0,22483,-2992.0,8952064.0,2992.0
Audi A3,25490.0,28403,2913.0,8485569.0,2913.0
Audi A3,25475.0,21872,-3603.0,12981609.0,3603.0
Audi A3,25470.0,21978,-3492.0,12194064.0,3492.0
Audi A3,25470.0,23508,-1962.0,3849444.0,1962.0
Audi A3,25460.0,25501,41.0,1681.0,41.0
Audi A3,25460.0,28071,2611.0,6817321.0,2611.0
Audi A3,25430.0,22698,-2732.0,7463824.0,2732.0
Audi A3,25409.0,24278,-1131.0,1279161.0,1131.0
Audi A3,25410.0,25469,59.0,3481.0,59.0
Audi A3,25410.0,25501,91.0,8281.0,91.0
Audi A3,25400.0,22842,-2558.0,6543364.0,2558.0
Audi A3,25410.0,25663,253.0,64009.0,253.0
Audi A3,25410.0,25466,56.0,3136.0,56.0
Audi A3,25400.0,23963,-1437.0,2064969.0,1437.0
Audi A3,25400.0,22626,-2774.0,7695076.0,2774.0
Audi A3,25400.0,24695,-705.0,497025.0,705.0
Audi A3,25400.0,23766,-1634.0,2669956.0,1634.0
Audi A3,25340.0,22970,-2370.0,5616900.0,2370.0
Audi A3,25369.0,22709,-2660.0,7075600.0,2660.0
Audi A3,25300.0,23248,-2052.0,4210704.0,2052.0
Audi A3,25355.0,23346,-2009.0,4036081.0,2009.0
Audi A3,25340.0,23070,-2270.0,5152900.0,2270.0
Audi A3,25375.0,22218,-3157.0,9966649.0,3157.0
Audi A3,25290.0,25013,-277.0,76729.0,277.0
Audi A3,25290.0,22203,-3087.0,9529569.0,3087.0
Audi A3,25272.0,24164,-1108.0,1227664.0,1108.0
Audi A3,25200.0,21950,-3250.0,10562500.0,3250.0
Audi A3,25175.0,22548,-2627.0,6901129.0,2627.0
Audi A3,25300.0,22920,-2380.0,5664400.0,2380.0
Audi A3,25300.0,22970,-2330.0,5428900.0,2330.0
Audi A3,25125.0,21976,-3149.0,9916201.0,3149.0
Audi A3,24995.0,22602,-2393.0,5726449.0,2393.0
Audi A3,25059.0,23417,-1642.0,2696164.0,1642.0
Audi A3,24999.0,26840,1841.0,3389281.0,1841.0
Audi A3,24999.0,22379,-2620.0,6864400.0,2620.0
Audi A3,24990.0,22873,-2117.0,4481689.0,2117.0
Audi A3,24990.0,23574,-1416.0,2005056.0,1416.0
Audi A3,25090.0,24866,-224.0,50176.0,224.0
Audi A3,24990.0,23570,-1420.0,2016400.0,1420.0
Audi A3,24990.0,24453,-537.0,288369.0,537.0
Audi A3,24990.0,23620,-1370.0,1876900.0,1370.0
Audi A3,24990.0,25727,737.0,543169.0,737.0
Audi A3,24990.0,25917,927.0,859329.0,927.0
Audi A3,24990.0,21961,-3029.0,9174841.0,3029.0
Audi A3,24990.0,27014,2024.0,4096576.0,2024.0
Audi A3,24990.0,22277,-2713.0,7360369.0,2713.0
Audi A3,24990.0,23430,-1560.0,2433600.0,1560.0
Audi A3,24987.0,20804,-4183.0,17497489.0,4183.0
Audi A3,24980.0,21996,-2984.0,8904256.0,2984.0
Audi A3,25000.0,25335,335.0,112225.0,335.0
Audi A3,24980.0,25581,601.0,361201.0,601.0
Audi A3,24980.0,25043,63.0,3969.0,63.0
Audi A3,24980.0,21972,-3008.0,9048064.0,3008.0
Audi A3,24980.0,22250,-2730.0,7452900.0,2730.0
Opel Astra,6000.0,5089,-911.0,829921.0,911.0
Opel Astra,10600.0,11690,1090.0,1188100.0,1090.0
Opel Astra,12450.0,13722,1272.0,1617984.0,1272.0
Opel Astra,12999.0,14156,1157.0,1338649.0,1157.0
Opel Astra,12990.0,14300,1310.0,1716100.0,1310.0
Opel Astra,12990.0,13254,264.0,69696.0,264.0
Opel Astra,14450.0,13468,-982.0,964324.0,982.0
Opel Astra,14434.0,17846,3412.0,11641744.0,3412.0
Opel Astra,14979.0,15110,131.0,17161.0,131.0
Opel Astra,15000.0,15231,231.0,53361.0,231.0
Opel Astra,15500.0,15976,476.0,226576.0,476.0
Opel Astra,15490.0,16369,879.0,772641.0,879.0
Opel Astra,14980.0,15097,117.0,13689.0,117.0
Opel Astra,15700.0,15018,-682.0,465124.0,682.0
Opel Astra,15900.0,16829,929.0,863041.0,929.0
Opel Astra,14999.0,16256,1257.0,1580049.0,1257.0
Opel Astra,15700.0,14081,-1619.0,2621161.0,1619.0
Opel Astra,14999.0,17460,2461.0,6056521.0,2461.0
Opel Astra,15900.0,17788,1888.0,3564544.0,1888.0
Opel Astra,15900.0,14373,-1527.0,2331729.0,1527.0
Opel Astra,15890.0,14913,-977.0,954529.0,977.0
Opel Astra,15900.0,14251,-1649.0,2719201.0,1649.0
Opel Astra,15980.0,15722,-258.0,66564.0,258.0
Opel Astra,15980.0,16288,308.0,94864.0,308.0
Opel Astra,15980.0,15311,-669.0,447561.0,669.0
Opel Astra,15980.0,18439,2459.0,6046681.0,2459.0
Opel Astra,15980.0,14528,-1452.0,2108304.0,1452.0
Opel Astra,15980.0,18251,2271.0,5157441.0,2271.0
Opel Astra,15970.0,13514,-2456.0,6031936.0,2456.0
Opel Astra,15970.0,15357,-613.0,375769.0,613.0
Opel Astra,15970.0,15490,-480.0,230400.0,480.0
Opel Astra,15950.0,18312,2362.0,5579044.0,2362.0
Opel Astra,15950.0,13522,-2428.0,5895184.0,2428.0
Opel Astra,15950.0,16542,592.0,350464.0,592.0
Opel Astra,15950.0,14703,-1247.0,1555009.0,1247.0
Opel Astra,15950.0,14966,-984.0,968256.0,984.0
Opel Astra,15950.0,16717,767.0,588289.0,767.0
Opel Astra,15950.0,16149,199.0,39601.0,199.0
Opel Astra,15950.0,15990,40.0,1600.0,40.0
Opel Astra,15945.0,14645,-1300.0,1690000.0,1300.0
Opel Astra,15950.0,15456,-494.0,244036.0,494.0
Opel Astra,15990.0,17019,1029.0,1058841.0,1029.0
Opel Astra,15990.0,17877,1887.0,3560769.0,1887.0
Opel Astra,15990.0,17908,1918.0,3678724.0,1918.0
Opel Astra,15990.0,16931,941.0,885481.0,941.0
Opel Astra,15990.0,13416,-2574.0,6625476.0,2574.0
Opel Astra,15990.0,14278,-1712.0,2930944.0,1712.0
Opel Astra,15990.0,12385,-3605.0,12996025.0,3605.0
Opel Astra,15990.0,17893,1903.0,3621409.0,1903.0
Opel Astra,15990.0,16136,146.0,21316.0,146.0
Opel Astra,15990.0,18322,2332.0,5438224.0,2332.0
Opel Astra,15990.0,16711,721.0,519841.0,721.0
Opel Astra,15990.0,15817,-173.0,29929.0,173.0
Opel Astra,15989.0,18101,2112.0,4460544.0,2112.0
Opel Astra,15980.0,16570,590.0,348100.0,590.0
Opel Astra,15900.0,18547,2647.0,7006609.0,2647.0
Opel Astra,15989.0,16257,268.0,71824.0,268.0
Opel Astra,15980.0,14942,-1038.0,1077444.0,1038.0
Opel Astra,15980.0,19310,3330.0,11088900.0,3330.0
Opel Astra,15985.0,15798,-187.0,34969.0,187.0
Opel Astra,15980.0,15414,-566.0,320356.0,566.0
Opel Astra,15900.0,17114,1214.0,1473796.0,1214.0
Opel Astra,15900.0,16275,375.0,140625.0,375.0
Opel Astra,15940.0,17748,1808.0,3268864.0,1808.0
Opel Astra,15980.0,16591,611.0,373321.0,611.0
Opel Astra,15890.0,15767,-123.0,15129.0,123.0
Opel Astra,15890.0,15360,-530.0,280900.0,530.0
Opel Astra,15850.0,16790,940.0,883600.0,940.0
Opel Astra,15800.0,17873,2073.0,4297329.0,2073.0
Opel Astra,15790.0,15815,25.0,625.0,25.0
Opel Astra,15770.0,14812,-958.0,917764.0,958.0
Opel Astra,15750.0,14324,-1426.0,2033476.0,1426.0
Opel Astra,15850.0,17122,1272.0,1617984.0,1272.0
Opel Astra,15790.0,18826,3036.0,9217296.0,3036.0
Opel Astra,15750.0,13892,-1858.0,3452164.0,1858.0
Opel Astra,15750.0,13652,-2098.0,4401604.0,2098.0
Opel Astra,15750.0,15862,112.0,12544.0,112.0
Opel Astra,15900.0,14337,-1563.0,2442969.0,1563.0
Opel Astra,15925.0,16249,324.0,104976.0,324.0
Opel Astra,15900.0,14184,-1716.0,2944656.0,1716.0
Opel Astra,15900.0,14435,-1465.0,2146225.0,1465.0
Opel Astra,15900.0,14308,-1592.0,2534464.0,1592.0
Opel Astra,15900.0,14500,-1400.0,1960000.0,1400.0
Opel Astra,15900.0,14328,-1572.0,2471184.0,1572.0
Opel Astra,15900.0,14035,-1865.0,3478225.0,1865.0
Opel Astra,15900.0,14245,-1655.0,2739025.0,1655.0
Opel Astra,15900.0,13699,-2201.0,4844401.0,2201.0
Opel Astra,15900.0,14310,-1590.0,2528100.0,1590.0
Opel Astra,15900.0,16212,312.0,97344.0,312.0
Opel Astra,15900.0,15723,-177.0,31329.0,177.0
Opel Astra,15900.0,16435,535.0,286225.0,535.0
Opel Astra,15900.0,16163,263.0,69169.0,263.0
Opel Astra,15900.0,12113,-3787.0,14341369.0,3787.0
Opel Astra,14995.0,15823,828.0,685584.0,828.0
Opel Astra,15900.0,17495,1595.0,2544025.0,1595.0
Opel Astra,15900.0,15959,59.0,3481.0,59.0
Opel Astra,14990.0,14817,-173.0,29929.0,173.0
Opel Astra,14990.0,13929,-1061.0,1125721.0,1061.0
Opel Astra,14990.0,17155,2165.0,4687225.0,2165.0
Opel Astra,14990.0,11496,-3494.0,12208036.0,3494.0
Opel Astra,14990.0,16889,1899.0,3606201.0,1899.0
Opel Astra,14990.0,16307,1317.0,1734489.0,1317.0
Opel Astra,14990.0,12881,-2109.0,4447881.0,2109.0
Opel Astra,14990.0,14774,-216.0,46656.0,216.0
Opel Astra,14990.0,15869,879.0,772641.0,879.0
Opel Astra,14990.0,14430,-560.0,313600.0,560.0
Opel Astra,14980.0,16322,1342.0,1800964.0,1342.0
Opel Astra,14980.0,14789,-191.0,36481.0,191.0
Opel Astra,14980.0,13841,-1139.0,1297321.0,1139.0
Opel Astra,15700.0,16350,650.0,422500.0,650.0
Opel Astra,15700.0,16808,1108.0,1227664.0,1108.0
Opel Astra,14980.0,14177,-803.0,644809.0,803.0
Opel Astra,15700.0,17946,2246.0,5044516.0,2246.0
Opel Astra,15690.0,16517,827.0,683929.0,827.0
Opel Astra,15690.0,15670,-20.0,400.0,20.0
Opel Astra,15600.0,14362,-1238.0,1532644.0,1238.0
Opel Astra,15590.0,15359,-231.0,53361.0,231.0
Opel Astra,15650.0,18338,2688.0,7225344.0,2688.0
Opel Astra,15625.0,13885,-1740.0,3027600.0,1740.0
Opel Astra,15555.0,15510,-45.0,2025.0,45.0
Opel Astra,15550.0,16290,740.0,547600.0,740.0
Opel Astra,15550.0,14353,-1197.0,1432809.0,1197.0
Opel Astra,15500.0,16539,1039.0,1079521.0,1039.0
Opel Astra,15500.0,16571,1071.0,1147041.0,1071.0
Opel Astra,15492.0,15175,-317.0,100489.0,317.0
Opel Astra,15550.0,17701,2151.0,4626801.0,2151.0
Opel Astra,15500.0,14523,-977.0,954529.0,977.0
Opel Astra,15495.0,15734,239.0,57121.0,239.0
Opel Astra,15490.0,13978,-1512.0,2286144.0,1512.0
Opel Astra,15492.0,15155,-337.0,113569.0,337.0
Opel Astra,15490.0,15586,96.0,9216.0,96.0
Opel Astra,15480.0,16031,551.0,303601.0,551.0
Opel Astra,15400.0,15517,117.0,13689.0,117.0
Opel Astra,15490.0,13169,-2321.0,5387041.0,2321.0
Opel Astra,15480.0,16164,684.0,467856.0,684.0
Opel Astra,15480.0,15880,400.0,160000.0,400.0
Opel Astra,15400.0,15927,527.0,277729.0,527.0
Opel Astra,15360.0,14129,-1231.0,1515361.0,1231.0
Opel Astra,15150.0,15448,298.0,88804.0,298.0
Opel Astra,15325.0,14724,-601.0,361201.0,601.0
Opel Astra,15249.0,13618,-1631.0,2660161.0,1631.0
Opel Astra,14970.0,17477,2507.0,6285049.0,2507.0
Opel Astra,14950.0,13681,-1269.0,1610361.0,1269.0
Opel Astra,15000.0,12975,-2025.0,4100625.0,2025.0
Opel Astra,15110.0,15341,231.0,53361.0,231.0
Opel Astra,14950.0,15751,801.0,641601.0,801.0
Opel Astra,14950.0,15702,752.0,565504.0,752.0
Opel Astra,14900.0,8988,-5912.0,34951744.0,5912.0
Opel Astra,14900.0,16270,1370.0,1876900.0,1370.0
Opel Astra,14950.0,14258,-692.0,478864.0,692.0
Opel Astra,14950.0,15910,960.0,921600.0,960.0
Opel Astra,14900.0,14019,-881.0,776161.0,881.0
Opel Astra,14900.0,13468,-1432.0,2050624.0,1432.0
Opel Astra,14900.0,15270,370.0,136900.0,370.0
Opel Astra,14900.0,16057,1157.0,1338649.0,1157.0
Opel Astra,14900.0,15805,905.0,819025.0,905.0
Opel Astra,14900.0,15902,1002.0,1004004.0,1002.0
Opel Astra,14890.0,13623,-1267.0,1605289.0,1267.0
Opel Astra,14900.0,15978,1078.0,1162084.0,1078.0
Opel Astra,14890.0,13534,-1356.0,1838736.0,1356.0
Opel Astra,14380.0,13553,-827.0,683929.0,827.0
Opel Astra,14150.0,13947,-203.0,41209.0,203.0
Opel Astra,14300.0,17952,3652.0,13337104.0,3652.0
Opel Astra,14280.0,16373,2093.0,4380649.0,2093.0
Opel Astra,14250.0,17934,3684.0,13571856.0,3684.0
Opel Astra,14000.0,17254,3254.0,10588516.0,3254.0
Opel Astra,14250.0,15912,1662.0,2762244.0,1662.0
Opel Astra,14000.0,17254,3254.0,10588516.0,3254.0
Opel Astra,14000.0,16800,2800.0,7840000.0,2800.0
Opel Astra,13999.0,13657,-342.0,116964.0,342.0
Opel Astra,14000.0,14534,534.0,285156.0,534.0
Opel Astra,13999.0,16126,2127.0,4524129.0,2127.0
Opel Astra,13999.0,13744,-255.0,65025.0,255.0
Opel Astra,14000.0,13224,-776.0,602176.0,776.0
Opel Astra,13999.0,14747,748.0,559504.0,748.0
Opel Astra,13990.0,14183,193.0,37249.0,193.0
Opel Astra,14500.0,13258,-1242.0,1542564.0,1242.0
Opel Astra,13995.0,15058,1063.0,1129969.0,1063.0
Opel Astra,13990.0,11871,-2119.0,4490161.0,2119.0
Opel Astra,14495.0,14385,-110.0,12100.0,110.0
Opel Astra,14500.0,12567,-1933.0,3736489.0,1933.0
Opel Astra,14500.0,14266,-234.0,54756.0,234.0
Opel Astra,14499.0,12465,-2034.0,4137156.0,2034.0
Opel Astra,14490.0,14347,-143.0,20449.0,143.0
Opel Astra,14490.0,12694,-1796.0,3225616.0,1796.0
Opel Astra,14490.0,16719,2229.0,4968441.0,2229.0
Opel Astra,14490.0,16809,2319.0,5377761.0,2319.0
Opel Astra,14490.0,16749,2259.0,5103081.0,2259.0
Opel Astra,14490.0,15824,1334.0,1779556.0,1334.0
Opel Astra,14490.0,12646,-1844.0,3400336.0,1844.0
Opel Astra,14490.0,16865,2375.0,5640625.0,2375.0
Opel Astra,14490.0,14206,-284.0,80656.0,284.0
Opel Astra,14490.0,17103,2613.0,6827769.0,2613.0
Opel Astra,14450.0,15217,767.0,588289.0,767.0
Opel Astra,14450.0,15089,639.0,408321.0,639.0
Opel Astra,14490.0,14838,348.0,121104.0,348.0
Opel Astra,14480.0,13958,-522.0,272484.0,522.0
Opel Astra,14490.0,17073,2583.0,6671889.0,2583.0
Opel Astra,14850.0,13995,-855.0,731025.0,855.0
Opel Astra,14850.0,13770,-1080.0,1166400.0,1080.0
Opel Astra,14799.0,14692,-107.0,11449.0,107.0
Opel Astra,14780.0,13720,-1060.0,1123600.0,1060.0
Opel Astra,14850.0,15072,222.0,49284.0,222.0
Opel Astra,14799.0,14727,-72.0,5184.0,72.0
Opel Astra,14820.0,14317,-503.0,253009.0,503.0
Opel Astra,14800.0,12380,-2420.0,5856400.0,2420.0
Opel Astra,14750.0,13129,-1621.0,2627641.0,1621.0
Opel Astra,14740.0,16104,1364.0,1860496.0,1364.0
Opel Astra,14750.0,15534,784.0,614656.0,784.0
Opel Astra,14740.0,16192,1452.0,2108304.0,1452.0
Opel Astra,14690.0,14292,-398.0,158404.0,398.0
Opel Astra,14650.0,13036,-1614.0,2604996.0,1614.0
Opel Astra,14690.0,14362,-328.0,107584.0,328.0
Opel Astra,14650.0,14663,13.0,169.0,13.0
Opel Astra,12990.0,12539,-451.0,203401.0,451.0
Opel Astra,14600.0,14695,95.0,9025.0,95.0
Opel Astra,14590.0,12832,-1758.0,3090564.0,1758.0
Opel Astra,14500.0,14596,96.0,9216.0,96.0
Opel Astra,12990.0,13964,974.0,948676.0,974.0
Opel Astra,12990.0,16062,3072.0,9437184.0,3072.0
Opel Astra,12990.0,14459,1469.0,2157961.0,1469.0
Opel Astra,12980.0,13559,579.0,335241.0,579.0
Opel Astra,12980.0,14235,1255.0,1575025.0,1255.0
Opel Astra,12980.0,15664,2684.0,7203856.0,2684.0
Opel Astra,12980.0,15706,2726.0,7431076.0,2726.0
Opel Astra,12980.0,15332,2352.0,5531904.0,2352.0
Opel Astra,12980.0,14235,1255.0,1575025.0,1255.0
Opel Astra,12974.0,15648,2674.0,7150276.0,2674.0
Opel Astra,12950.0,13923,973.0,946729.0,973.0
Opel Astra,12900.0,11724,-1176.0,1382976.0,1176.0
Opel Astra,12900.0,14136,1236.0,1527696.0,1236.0
Opel Astra,13980.0,13696,-284.0,80656.0,284.0
Opel Astra,13980.0,14786,806.0,649636.0,806.0
Opel Astra,13990.0,12866,-1124.0,1263376.0,1124.0
Opel Astra,13987.0,11719,-2268.0,5143824.0,2268.0
Opel Astra,13945.0,16117,2172.0,4717584.0,2172.0
Opel Astra,13930.0,12919,-1011.0,1022121.0,1011.0
Opel Astra,13900.0,12975,-925.0,855625.0,925.0
Opel Astra,13900.0,14147,247.0,61009.0,247.0
Opel Astra,13900.0,13916,16.0,256.0,16.0
Opel Astra,12870.0,13320,450.0,202500.0,450.0
Opel Astra,13900.0,15357,1457.0,2122849.0,1457.0
Opel Astra,13895.0,13778,-117.0,13689.0,117.0
Opel Astra,13890.0,14210,320.0,102400.0,320.0
Opel Astra,13888.0,13262,-626.0,391876.0,626.0
Opel Astra,13800.0,15178,1378.0,1898884.0,1378.0
Opel Astra,13800.0,15184,1384.0,1915456.0,1384.0
Opel Astra,13800.0,14199,399.0,159201.0,399.0
Opel Astra,13790.0,13931,141.0,19881.0,141.0
Opel Astra,13790.0,14532,742.0,550564.0,742.0
Opel Astra,13685.0,15066,1381.0,1907161.0,1381.0
Opel Astra,13650.0,14836,1186.0,1406596.0,1186.0
Opel Astra,13600.0,14649,1049.0,1100401.0,1049.0
Opel Astra,13500.0,12393,-1107.0,1225449.0,1107.0
Opel Astra,13499.0,13035,-464.0,215296.0,464.0
Opel Astra,13490.0,13955,465.0,216225.0,465.0
Opel Astra,13650.0,13767,117.0,13689.0,117.0
Opel Astra,13600.0,12082,-1518.0,2304324.0,1518.0
Opel Astra,13490.0,14865,1375.0,1890625.0,1375.0
Opel Astra,13699.0,13590,-109.0,11881.0,109.0
Opel Astra,13450.0,13559,109.0,11881.0,109.0
Opel Astra,13450.0,11200,-2250.0,5062500.0,2250.0
Opel Astra,13490.0,11569,-1921.0,3690241.0,1921.0
Opel Astra,13450.0,14101,651.0,423801.0,651.0
Opel Astra,13450.0,15964,2514.0,6320196.0,2514.0
Opel Astra,13450.0,11737,-1713.0,2934369.0,1713.0
Opel Astra,13300.0,14830,1530.0,2340900.0,1530.0
Opel Astra,13100.0,13898,798.0,636804.0,798.0
Opel Astra,12390.0,14565,2175.0,4730625.0,2175.0
Opel Astra,12360.0,12559,199.0,39601.0,199.0
Opel Astra,13270.0,10940,-2330.0,5428900.0,2330.0
Opel Astra,13300.0,13850,550.0,302500.0,550.0
Opel Astra,12390.0,14822,2432.0,5914624.0,2432.0
Opel Astra,13750.0,13156,-594.0,352836.0,594.0
Opel Astra,12290.0,13388,1098.0,1205604.0,1098.0
Opel Astra,12350.0,10559,-1791.0,3207681.0,1791.0
Opel Astra,11990.0,12634,644.0,414736.0,644.0
Opel Astra,12340.0,11628,-712.0,506944.0,712.0
Opel Astra,11990.0,11964,-26.0,676.0,26.0
Opel Astra,12000.0,9546,-2454.0,6022116.0,2454.0
Opel Astra,11980.0,13877,1897.0,3598609.0,1897.0
Opel Astra,11890.0,11986,96.0,9216.0,96.0
Opel Astra,11850.0,13090,1240.0,1537600.0,1240.0
Opel Astra,11600.0,12520,920.0,846400.0,920.0
Opel Astra,11600.0,12094,494.0,244036.0,494.0
Opel Astra,11600.0,11164,-436.0,190096.0,436.0
Opel Astra,11600.0,11385,-215.0,46225.0,215.0
Opel Astra,12690.0,13386,696.0,484416.0,696.0
Opel Astra,12690.0,11203,-1487.0,2211169.0,1487.0
Opel Astra,12750.0,15336,2586.0,6687396.0,2586.0
Opel Astra,12500.0,12959,459.0,210681.0,459.0
Opel Astra,12490.0,15465,2975.0,8850625.0,2975.0
Opel Astra,12480.0,12806,326.0,106276.0,326.0
Opel Astra,12540.0,13912,1372.0,1882384.0,1372.0
Opel Astra,12490.0,11269,-1221.0,1490841.0,1221.0
Opel Astra,12450.0,14118,1668.0,2782224.0,1668.0
Opel Astra,11600.0,11129,-471.0,221841.0,471.0
Opel Astra,12400.0,12189,-211.0,44521.0,211.0
Opel Astra,12400.0,13618,1218.0,1483524.0,1218.0
Opel Astra,12399.0,12356,-43.0,1849.0,43.0
Opel Astra,12450.0,12156,-294.0,86436.0,294.0
Opel Astra,11600.0,12807,1207.0,1456849.0,1207.0
Opel Astra,11490.0,11061,-429.0,184041.0,429.0
Opel Astra,11600.0,12156,556.0,309136.0,556.0
Opel Astra,11480.0,11395,-85.0,7225.0,85.0
Opel Astra,11600.0,12158,558.0,311364.0,558.0
Opel Astra,11400.0,11247,-153.0,23409.0,153.0
Opel Astra,11290.0,11649,359.0,128881.0,359.0
Opel Astra,11490.0,9675,-1815.0,3294225.0,1815.0
Opel Astra,11250.0,10633,-617.0,380689.0,617.0
Opel Astra,10990.0,11603,613.0,375769.0,613.0
Opel Astra,10800.0,11605,805.0,648025.0,805.0
Opel Astra,10990.0,11253,263.0,69169.0,263.0
Opel Astra,10980.0,11585,605.0,366025.0,605.0
Opel Astra,10950.0,12190,1240.0,1537600.0,1240.0
Opel Astra,10950.0,12091,1141.0,1301881.0,1141.0
Opel Astra,10800.0,10531,-269.0,72361.0,269.0
Opel Astra,10950.0,11445,495.0,245025.0,495.0
Opel Astra,10750.0,8901,-1849.0,3418801.0,1849.0
Opel Astra,10500.0,10298,-202.0,40804.0,202.0
Opel Astra,10450.0,9603,-847.0,717409.0,847.0
Opel Astra,10350.0,8801,-1549.0,2399401.0,1549.0
Opel Astra,10680.0,9118,-1562.0,2439844.0,1562.0
Opel Astra,10300.0,10838,538.0,289444.0,538.0
Opel Astra,10200.0,13427,3227.0,10413529.0,3227.0
Opel Astra,9990.0,11179,1189.0,1413721.0,1189.0
Opel Astra,9890.0,9530,-360.0,129600.0,360.0
Opel Astra,9680.0,11131,1451.0,2105401.0,1451.0
Opel Astra,9700.0,8768,-932.0,868624.0,932.0
Opel Astra,9480.0,9838,358.0,128164.0,358.0
Opel Astra,9450.0,7916,-1534.0,2353156.0,1534.0
Opel Astra,9480.0,9479,-1.0,1.0,1.0
Opel Astra,8980.0,8897,-83.0,6889.0,83.0
Opel Astra,6500.0,12298,5798.0,33616804.0,5798.0
Opel Astra,8980.0,9728,748.0,559504.0,748.0
Opel Astra,15287.5,16512,1224.5,1499400.25,1224.5
Opel Astra,7690.0,9298,1608.0,2585664.0,1608.0
Opel Astra,9490.0,9660,170.0,28900.0,170.0
Opel Astra,15990.0,17949,1959.0,3837681.0,1959.0
Opel Astra,15999.0,19009,3010.0,9060100.0,3010.0
Opel Astra,9490.0,8430,-1060.0,1123600.0,1060.0
Opel Astra,8700.0,9487,787.0,619369.0,787.0
Opel Astra,9900.0,6968,-2932.0,8596624.0,2932.0
Opel Astra,9700.0,8744,-956.0,913936.0,956.0
Opel Astra,9895.0,7652,-2243.0,5031049.0,2243.0
Opel Astra,9900.0,7738,-2162.0,4674244.0,2162.0
Opel Astra,9900.0,7851,-2049.0,4198401.0,2049.0
Opel Astra,9900.0,6713,-3187.0,10156969.0,3187.0
Opel Astra,10452.0,7939,-2513.0,6315169.0,2513.0
Opel Astra,10480.0,9949,-531.0,281961.0,531.0
Opel Astra,10480.0,9956,-524.0,274576.0,524.0
Opel Astra,10390.0,9922,-468.0,219024.0,468.0
Opel Astra,10400.0,11156,756.0,571536.0,756.0
Opel Astra,10350.0,8502,-1848.0,3415104.0,1848.0
Opel Astra,10350.0,10381,31.0,961.0,31.0
Opel Astra,10375.0,11277,902.0,813604.0,902.0
Opel Astra,10480.0,9165,-1315.0,1729225.0,1315.0
Opel Astra,10680.0,10283,-397.0,157609.0,397.0
Opel Astra,10500.0,8672,-1828.0,3341584.0,1828.0
Opel Astra,10500.0,9754,-746.0,556516.0,746.0
Opel Astra,10595.0,8708,-1887.0,3560769.0,1887.0
Opel Astra,10590.0,9271,-1319.0,1739761.0,1319.0
Opel Astra,10590.0,9732,-858.0,736164.0,858.0
Opel Astra,10580.0,9482,-1098.0,1205604.0,1098.0
Opel Astra,10650.0,8670,-1980.0,3920400.0,1980.0
Opel Astra,10580.0,11773,1193.0,1423249.0,1193.0
Opel Astra,10500.0,9688,-812.0,659344.0,812.0
Opel Astra,10553.0,8174,-2379.0,5659641.0,2379.0
Opel Astra,10650.0,8728,-1922.0,3694084.0,1922.0
Opel Astra,10598.0,12286,1688.0,2849344.0,1688.0
Opel Astra,10500.0,12849,2349.0,5517801.0,2349.0
Opel Astra,10500.0,9462,-1038.0,1077444.0,1038.0
Opel Astra,10500.0,11596,1096.0,1201216.0,1096.0
Opel Astra,10500.0,9343,-1157.0,1338649.0,1157.0
Opel Astra,10500.0,10082,-418.0,174724.0,418.0
Opel Astra,10500.0,9814,-686.0,470596.0,686.0
Opel Astra,10500.0,11783,1283.0,1646089.0,1283.0
Opel Astra,10500.0,10497,-3.0,9.0,3.0
Opel Astra,10490.0,9165,-1325.0,1755625.0,1325.0
Opel Astra,10490.0,9940,-550.0,302500.0,550.0
Opel Astra,10490.0,9222,-1268.0,1607824.0,1268.0
Opel Astra,10490.0,7821,-2669.0,7123561.0,2669.0
Opel Astra,10490.0,10135,-355.0,126025.0,355.0
Opel Astra,10499.0,11272,773.0,597529.0,773.0
Opel Astra,10495.0,9739,-756.0,571536.0,756.0
Opel Astra,10490.0,7873,-2617.0,6848689.0,2617.0
Opel Astra,10480.0,9574,-906.0,820836.0,906.0
Opel Astra,10490.0,8809,-1681.0,2825761.0,1681.0
Opel Astra,10490.0,10898,408.0,166464.0,408.0
Opel Astra,10480.0,8457,-2023.0,4092529.0,2023.0
Opel Astra,10490.0,11505,1015.0,1030225.0,1015.0
Opel Astra,10480.0,9978,-502.0,252004.0,502.0
Opel Astra,10480.0,8649,-1831.0,3352561.0,1831.0
Opel Astra,10480.0,8288,-2192.0,4804864.0,2192.0
Opel Astra,10790.0,9239,-1551.0,2405601.0,1551.0
Opel Astra,10760.0,10013,-747.0,558009.0,747.0
Opel Astra,10760.0,10051,-709.0,502681.0,709.0
Opel Astra,10770.0,11281,511.0,261121.0,511.0
Opel Astra,10750.0,11085,335.0,112225.0,335.0
Opel Astra,10750.0,9621,-1129.0,1274641.0,1129.0
Opel Astra,10750.0,8300,-2450.0,6002500.0,2450.0
Opel Astra,10750.0,8386,-2364.0,5588496.0,2364.0
Opel Astra,10750.0,11022,272.0,73984.0,272.0
Opel Astra,10750.0,8691,-2059.0,4239481.0,2059.0
Opel Astra,10750.0,11022,272.0,73984.0,272.0
Opel Astra,10740.0,9712,-1028.0,1056784.0,1028.0
Opel Astra,10740.0,10968,228.0,51984.0,228.0
Opel Astra,10750.0,10734,-16.0,256.0,16.0
Opel Astra,10701.0,9034,-1667.0,2778889.0,1667.0
Opel Astra,10740.0,10973,233.0,54289.0,233.0
Opel Astra,10700.0,8874,-1826.0,3334276.0,1826.0
Opel Astra,10690.0,11498,808.0,652864.0,808.0
Opel Astra,10680.0,10259,-421.0,177241.0,421.0
Opel Astra,10350.0,5095,-5255.0,27615025.0,5255.0
Opel Astra,10340.0,8882,-1458.0,2125764.0,1458.0
Opel Astra,10300.0,7203,-3097.0,9591409.0,3097.0
Opel Astra,10300.0,9726,-574.0,329476.0,574.0
Opel Astra,10300.0,9332,-968.0,937024.0,968.0
Opel Astra,10300.0,9196,-1104.0,1218816.0,1104.0
Opel Astra,10300.0,9026,-1274.0,1623076.0,1274.0
Opel Astra,10300.0,8112,-2188.0,4787344.0,2188.0
Opel Astra,10290.0,9261,-1029.0,1058841.0,1029.0
Opel Astra,10290.0,9472,-818.0,669124.0,818.0
Opel Astra,10290.0,9227,-1063.0,1129969.0,1063.0
Opel Astra,10280.0,8721,-1559.0,2430481.0,1559.0
Opel Astra,10250.0,8499,-1751.0,3066001.0,1751.0
Opel Astra,10234.0,5948,-4286.0,18369796.0,4286.0
Opel Astra,10480.0,8106,-2374.0,5635876.0,2374.0
Opel Astra,10480.0,9280,-1200.0,1440000.0,1200.0
Opel Astra,10480.0,8792,-1688.0,2849344.0,1688.0
Opel Astra,10234.0,7097,-3137.0,9840769.0,3137.0
Opel Astra,10450.0,8859,-1591.0,2531281.0,1591.0
Opel Astra,10450.0,10384,-66.0,4356.0,66.0
Opel Astra,10450.0,10320,-130.0,16900.0,130.0
Opel Astra,10450.0,10111,-339.0,114921.0,339.0
Opel Astra,10450.0,8881,-1569.0,2461761.0,1569.0
Opel Astra,10450.0,10445,-5.0,25.0,5.0
Opel Astra,10450.0,13396,2946.0,8678916.0,2946.0
Opel Astra,10445.0,9625,-820.0,672400.0,820.0
Opel Astra,10400.0,8617,-1783.0,3179089.0,1783.0
Opel Astra,10400.0,7468,-2932.0,8596624.0,2932.0
Opel Astra,10400.0,9832,-568.0,322624.0,568.0
Opel Astra,9690.0,11451,1761.0,3101121.0,1761.0
Opel Astra,10400.0,7123,-3277.0,10738729.0,3277.0
Opel Astra,9630.0,9135,-495.0,245025.0,495.0
Opel Astra,9600.0,12035,2435.0,5929225.0,2435.0
Opel Astra,10400.0,7175,-3225.0,10400625.0,3225.0
Opel Astra,9650.0,9568,-82.0,6724.0,82.0
Opel Astra,10400.0,9606,-794.0,630436.0,794.0
Opel Astra,9600.0,9332,-268.0,71824.0,268.0
Opel Astra,9500.0,9821,321.0,103041.0,321.0
Opel Astra,9580.0,9163,-417.0,173889.0,417.0
Opel Astra,9540.0,6896,-2644.0,6990736.0,2644.0
Opel Astra,9500.0,10615,1115.0,1243225.0,1115.0
Opel Astra,9500.0,6430,-3070.0,9424900.0,3070.0
Opel Astra,9570.0,6487,-3083.0,9504889.0,3083.0
Opel Astra,9500.0,10636,1136.0,1290496.0,1136.0
Opel Astra,9500.0,10078,578.0,334084.0,578.0
Opel Astra,9500.0,7798,-1702.0,2896804.0,1702.0
Opel Astra,9500.0,7297,-2203.0,4853209.0,2203.0
Opel Astra,9499.0,7299,-2200.0,4840000.0,2200.0
Opel Astra,9495.0,7604,-1891.0,3575881.0,1891.0
Opel Astra,9490.0,8781,-709.0,502681.0,709.0
Opel Astra,9500.0,9433,-67.0,4489.0,67.0
Opel Astra,9490.0,9202,-288.0,82944.0,288.0
Opel Astra,10200.0,8039,-2161.0,4669921.0,2161.0
Opel Astra,10200.0,12755,2555.0,6528025.0,2555.0
Opel Astra,10040.0,11028,988.0,976144.0,988.0
Opel Astra,10000.0,8146,-1854.0,3437316.0,1854.0
Opel Astra,10000.0,7882,-2118.0,4485924.0,2118.0
Opel Astra,10000.0,10455,455.0,207025.0,455.0
Opel Astra,9999.0,9616,-383.0,146689.0,383.0
Opel Astra,9996.0,8797,-1199.0,1437601.0,1199.0
Opel Astra,9990.0,5698,-4292.0,18421264.0,4292.0
Opel Astra,9990.0,10178,188.0,35344.0,188.0
Opel Astra,9990.0,8899,-1091.0,1190281.0,1091.0
Opel Astra,9990.0,7580,-2410.0,5808100.0,2410.0
Opel Astra,9995.0,6495,-3500.0,12250000.0,3500.0
Opel Astra,9990.0,8816,-1174.0,1378276.0,1174.0
Opel Astra,9990.0,8982,-1008.0,1016064.0,1008.0
Opel Astra,9895.0,7018,-2877.0,8277129.0,2877.0
Opel Astra,9990.0,9565,-425.0,180625.0,425.0
Opel Astra,9990.0,7863,-2127.0,4524129.0,2127.0
Opel Astra,9990.0,9587,-403.0,162409.0,403.0
Opel Astra,9890.0,8164,-1726.0,2979076.0,1726.0
Opel Astra,9890.0,6393,-3497.0,12229009.0,3497.0
Opel Astra,9890.0,10162,272.0,73984.0,272.0
Opel Astra,9800.0,1160,-8640.0,74649600.0,8640.0
Opel Astra,9800.0,9941,141.0,19881.0,141.0
Opel Astra,9790.0,9442,-348.0,121104.0,348.0
Opel Astra,9790.0,9758,-32.0,1024.0,32.0
Opel Astra,9790.0,8177,-1613.0,2601769.0,1613.0
Opel Astra,9800.0,5464,-4336.0,18800896.0,4336.0
Opel Astra,9780.0,11496,1716.0,2944656.0,1716.0
Opel Astra,9780.0,9728,-52.0,2704.0,52.0
Opel Astra,9750.0,8260,-1490.0,2220100.0,1490.0
Opel Astra,9700.0,7250,-2450.0,6002500.0,2450.0
Opel Astra,9280.0,6626,-2654.0,7043716.0,2654.0
Opel Astra,9280.0,6867,-2413.0,5822569.0,2413.0
Opel Astra,9250.0,9542,292.0,85264.0,292.0
Opel Astra,9290.0,14514,5224.0,27290176.0,5224.0
Opel Astra,9200.0,5130,-4070.0,16564900.0,4070.0
Opel Astra,9000.0,7837,-1163.0,1352569.0,1163.0
Opel Astra,9000.0,6055,-2945.0,8673025.0,2945.0
Opel Astra,9100.0,9009,-91.0,8281.0,91.0
Opel Astra,9190.0,8848,-342.0,116964.0,342.0
Opel Astra,9199.0,6298,-2901.0,8415801.0,2901.0
Opel Astra,8999.0,7827,-1172.0,1373584.0,1172.0
Opel Astra,8995.0,6182,-2813.0,7912969.0,2813.0
Opel Astra,8990.0,8372,-618.0,381924.0,618.0
Opel Astra,8990.0,5873,-3117.0,9715689.0,3117.0
Opel Astra,8990.0,9575,585.0,342225.0,585.0
Opel Astra,8990.0,6611,-2379.0,5659641.0,2379.0
Opel Astra,8990.0,6393,-2597.0,6744409.0,2597.0
Opel Astra,8990.0,8645,-345.0,119025.0,345.0
Opel Astra,8690.0,8931,241.0,58081.0,241.0
Opel Astra,8690.0,7003,-1687.0,2845969.0,1687.0
Opel Astra,8680.0,6577,-2103.0,4422609.0,2103.0
Opel Astra,8680.0,5031,-3649.0,13315201.0,3649.0
Opel Astra,8650.0,6966,-1684.0,2835856.0,1684.0
Opel Astra,8590.0,6317,-2273.0,5166529.0,2273.0
Opel Astra,8500.0,5464,-3036.0,9217296.0,3036.0
Opel Astra,8590.0,9994,1404.0,1971216.0,1404.0
Opel Astra,8500.0,8577,77.0,5929.0,77.0
Opel Astra,8499.0,10826,2327.0,5414929.0,2327.0
Opel Astra,8495.0,6188,-2307.0,5322249.0,2307.0
Opel Astra,8490.0,5620,-2870.0,8236900.0,2870.0
Opel Astra,8500.0,6144,-2356.0,5550736.0,2356.0
Opel Astra,8490.0,3364,-5126.0,26275876.0,5126.0
Opel Astra,8490.0,7087,-1403.0,1968409.0,1403.0
Opel Astra,8480.0,8447,-33.0,1089.0,33.0
Opel Astra,8480.0,6925,-1555.0,2418025.0,1555.0
Opel Astra,9990.0,8839,-1151.0,1324801.0,1151.0
Opel Astra,8450.0,9719,1269.0,1610361.0,1269.0
Opel Astra,9980.0,9893,-87.0,7569.0,87.0
Opel Astra,9980.0,8191,-1789.0,3200521.0,1789.0
Opel Astra,9990.0,9742,-248.0,61504.0,248.0
Opel Astra,9980.0,7159,-2821.0,7958041.0,2821.0
Opel Astra,9980.0,7759,-2221.0,4932841.0,2221.0
Opel Astra,9980.0,9618,-362.0,131044.0,362.0
Opel Astra,9950.0,10094,144.0,20736.0,144.0
Opel Astra,9950.0,10161,211.0,44521.0,211.0
Opel Astra,9900.0,10680,780.0,608400.0,780.0
Opel Astra,9900.0,9741,-159.0,25281.0,159.0
Opel Astra,9900.0,8954,-946.0,894916.0,946.0
Opel Astra,9900.0,9056,-844.0,712336.0,844.0
Opel Astra,9900.0,9111,-789.0,622521.0,789.0
Opel Astra,9900.0,9284,-616.0,379456.0,616.0
Opel Astra,9900.0,8122,-1778.0,3161284.0,1778.0
Opel Astra,9900.0,9183,-717.0,514089.0,717.0
Opel Astra,9490.0,9812,322.0,103684.0,322.0
Opel Astra,9900.0,9742,-158.0,24964.0,158.0
Opel Astra,9490.0,9621,131.0,17161.0,131.0
Opel Astra,9490.0,8593,-897.0,804609.0,897.0
Opel Astra,9490.0,9254,-236.0,55696.0,236.0
Opel Astra,9480.0,9305,-175.0,30625.0,175.0
Opel Astra,9480.0,7914,-1566.0,2452356.0,1566.0
Opel Astra,9479.0,9733,254.0,64516.0,254.0
Opel Astra,9450.0,9065,-385.0,148225.0,385.0
Opel Astra,9430.0,6087,-3343.0,11175649.0,3343.0
Opel Astra,9440.0,10185,745.0,555025.0,745.0
Opel Astra,9400.0,10602,1202.0,1444804.0,1202.0
Opel Astra,9400.0,7084,-2316.0,5363856.0,2316.0
Opel Astra,9400.0,8391,-1009.0,1018081.0,1009.0
Opel Astra,9380.0,8573,-807.0,651249.0,807.0
Opel Astra,9350.0,9661,311.0,96721.0,311.0
Opel Astra,9300.0,8005,-1295.0,1677025.0,1295.0
Opel Astra,9300.0,10286,986.0,972196.0,986.0
Opel Astra,9290.0,8295,-995.0,990025.0,995.0
Opel Astra,8980.0,8873,-107.0,11449.0,107.0
Opel Astra,8980.0,9691,711.0,505521.0,711.0
Opel Astra,8980.0,9677,697.0,485809.0,697.0
Opel Astra,8980.0,10087,1107.0,1225449.0,1107.0
Opel Astra,8980.0,10587,1607.0,2582449.0,1607.0
Opel Astra,8950.0,7850,-1100.0,1210000.0,1100.0
Opel Astra,8950.0,8673,-277.0,76729.0,277.0
Opel Astra,8950.0,6526,-2424.0,5875776.0,2424.0
Opel Astra,8900.0,9977,1077.0,1159929.0,1077.0
Opel Astra,8950.0,7612,-1338.0,1790244.0,1338.0
Opel Astra,8900.0,8692,-208.0,43264.0,208.0
Opel Astra,8900.0,10502,1602.0,2566404.0,1602.0
Opel Astra,8899.0,7933,-966.0,933156.0,966.0
Opel Astra,8890.0,8151,-739.0,546121.0,739.0
Opel Astra,15990.0,17949,1959.0,3837681.0,1959.0
Opel Astra,8860.0,13406,4546.0,20666116.0,4546.0
Opel Astra,8800.0,5166,-3634.0,13205956.0,3634.0
Opel Astra,8800.0,12759,3959.0,15673681.0,3959.0
Opel Astra,8790.0,7204,-1586.0,2515396.0,1586.0
Opel Astra,8740.0,10012,1272.0,1617984.0,1272.0
Opel Astra,15990.0,17893,1903.0,3621409.0,1903.0
Opel Astra,15990.0,17908,1918.0,3678724.0,1918.0
Opel Astra,15990.0,17908,1918.0,3678724.0,1918.0
Opel Astra,15990.0,17908,1918.0,3678724.0,1918.0
Opel Astra,15990.0,17965,1975.0,3900625.0,1975.0
Opel Astra,15990.0,17949,1959.0,3837681.0,1959.0
Opel Astra,15990.0,17893,1903.0,3621409.0,1903.0
Opel Astra,15990.0,17908,1918.0,3678724.0,1918.0
Opel Astra,15990.0,17965,1975.0,3900625.0,1975.0
Opel Astra,15990.0,17877,1887.0,3560769.0,1887.0
Opel Astra,15990.0,17908,1918.0,3678724.0,1918.0
Opel Astra,15990.0,17893,1903.0,3621409.0,1903.0
Opel Astra,15990.0,17908,1918.0,3678724.0,1918.0
Opel Astra,15990.0,17877,1887.0,3560769.0,1887.0
Opel Astra,15990.0,17908,1918.0,3678724.0,1918.0
Opel Astra,15990.0,17965,1975.0,3900625.0,1975.0
Opel Astra,15990.0,17965,1975.0,3900625.0,1975.0
Opel Astra,15990.0,17949,1959.0,3837681.0,1959.0
Opel Astra,15999.0,15228,-771.0,594441.0,771.0
Opel Astra,15999.0,13321,-2678.0,7171684.0,2678.0
Opel Astra,15999.0,16689,690.0,476100.0,690.0
Opel Astra,15999.0,16594,595.0,354025.0,595.0
Opel Astra,15990.0,11413,-4577.0,20948929.0,4577.0
Opel Astra,15990.0,16558,568.0,322624.0,568.0
Opel Astra,15990.0,16531,541.0,292681.0,541.0
Opel Astra,15990.0,15497,-493.0,243049.0,493.0
Opel Astra,15990.0,17191,1201.0,1442401.0,1201.0
Opel Astra,15990.0,14867,-1123.0,1261129.0,1123.0
Opel Astra,15990.0,18767,2777.0,7711729.0,2777.0
Opel Astra,15990.0,16362,372.0,138384.0,372.0
Opel Astra,15990.0,17877,1887.0,3560769.0,1887.0
Opel Astra,15990.0,17908,1918.0,3678724.0,1918.0
Opel Astra,8450.0,6125,-2325.0,5405625.0,2325.0
Opel Astra,15990.0,17908,1918.0,3678724.0,1918.0
Opel Astra,15990.0,17908,1918.0,3678724.0,1918.0
Opel Astra,8450.0,5757,-2693.0,7252249.0,2693.0
Opel Astra,8440.0,8786,346.0,119716.0,346.0
Opel Astra,8250.0,5827,-2423.0,5870929.0,2423.0
Opel Astra,7999.0,5925,-2074.0,4301476.0,2074.0
Opel Astra,8200.0,5845,-2355.0,5546025.0,2355.0
Opel Astra,8000.0,8531,531.0,281961.0,531.0
Opel Astra,7990.0,6591,-1399.0,1957201.0,1399.0
Opel Astra,7990.0,6979,-1011.0,1022121.0,1011.0
Opel Astra,7999.0,5992,-2007.0,4028049.0,2007.0
Opel Astra,7990.0,6118,-1872.0,3504384.0,1872.0
Opel Astra,7990.0,7304,-686.0,470596.0,686.0
Opel Astra,7990.0,5604,-2386.0,5692996.0,2386.0
Opel Astra,7980.0,7576,-404.0,163216.0,404.0
Opel Astra,7800.0,13596,5796.0,33593616.0,5796.0
Opel Astra,7980.0,8821,841.0,707281.0,841.0
Opel Astra,7780.0,5031,-2749.0,7557001.0,2749.0
Opel Astra,7680.0,7981,301.0,90601.0,301.0
Opel Astra,7900.0,6196,-1704.0,2903616.0,1704.0
Opel Astra,7680.0,6044,-1636.0,2676496.0,1636.0
Opel Astra,7500.0,4678,-2822.0,7963684.0,2822.0
Opel Astra,7480.0,7058,-422.0,178084.0,422.0
Opel Astra,7479.0,7611,132.0,17424.0,132.0
Opel Astra,7479.0,7667,188.0,35344.0,188.0
Opel Astra,7380.0,7341,-39.0,1521.0,39.0
Opel Astra,7480.0,7680,200.0,40000.0,200.0
Opel Astra,7280.0,7264,-16.0,256.0,16.0
Opel Astra,7280.0,5955,-1325.0,1755625.0,1325.0
Opel Astra,6999.0,7628,629.0,395641.0,629.0
Opel Astra,6950.0,13894,6944.0,48219136.0,6944.0
Opel Astra,6480.0,5238,-1242.0,1542564.0,1242.0
Opel Astra,6990.0,3872,-3118.0,9721924.0,3118.0
Opel Astra,6900.0,8681,1781.0,3171961.0,1781.0
Opel Astra,6690.0,3385,-3305.0,10923025.0,3305.0
Opel Astra,6990.0,5511,-1479.0,2187441.0,1479.0
Opel Astra,10900.0,9239,-1661.0,2758921.0,1661.0
Opel Astra,10900.0,12200,1300.0,1690000.0,1300.0
Opel Astra,10890.0,8844,-2046.0,4186116.0,2046.0
Opel Astra,10890.0,10128,-762.0,580644.0,762.0
Opel Astra,10890.0,10163,-727.0,528529.0,727.0
Opel Astra,10870.0,8971,-1899.0,3606201.0,1899.0
Opel Astra,10900.0,13465,2565.0,6579225.0,2565.0
Opel Astra,10980.0,11121,141.0,19881.0,141.0
Opel Astra,10990.0,12524,1534.0,2353156.0,1534.0
Opel Astra,10860.0,10622,-238.0,56644.0,238.0
Opel Astra,10990.0,10418,-572.0,327184.0,572.0
Opel Astra,17750.0,17968,218.0,47524.0,218.0
Opel Astra,12900.0,14687,1787.0,3193369.0,1787.0
Opel Astra,10880.0,11514,634.0,401956.0,634.0
Opel Astra,10990.0,16958,5968.0,35617024.0,5968.0
Opel Astra,17690.0,19820,2130.0,4536900.0,2130.0
Opel Astra,10950.0,12509,1559.0,2430481.0,1559.0
Opel Astra,10950.0,9501,-1449.0,2099601.0,1449.0
Opel Astra,17360.0,19989,2629.0,6911641.0,2629.0
Opel Astra,10980.0,10621,-359.0,128881.0,359.0
Opel Astra,10950.0,11368,418.0,174724.0,418.0
Opel Astra,10950.0,11959,1009.0,1018081.0,1009.0
Opel Astra,10950.0,10119,-831.0,690561.0,831.0
Opel Astra,10950.0,9011,-1939.0,3759721.0,1939.0
Opel Astra,10950.0,8789,-2161.0,4669921.0,2161.0
Opel Astra,10950.0,9147,-1803.0,3250809.0,1803.0
Opel Astra,10950.0,8082,-2868.0,8225424.0,2868.0
Opel Astra,10900.0,9695,-1205.0,1452025.0,1205.0
Opel Astra,10950.0,9660,-1290.0,1664100.0,1290.0
Opel Astra,10945.0,9265,-1680.0,2822400.0,1680.0
Opel Astra,10945.0,9659,-1286.0,1653796.0,1286.0
Opel Astra,10950.0,11613,663.0,439569.0,663.0
Opel Astra,10900.0,12479,1579.0,2493241.0,1579.0
Opel Astra,10980.0,8692,-2288.0,5234944.0,2288.0
Opel Astra,10980.0,7946,-3034.0,9205156.0,3034.0
Opel Astra,10980.0,9088,-1892.0,3579664.0,1892.0
Opel Astra,10980.0,10894,-86.0,7396.0,86.0
Opel Astra,10980.0,8587,-2393.0,5726449.0,2393.0
Opel Astra,10980.0,12677,1697.0,2879809.0,1697.0
Opel Astra,10980.0,11365,385.0,148225.0,385.0
Opel Astra,10980.0,9402,-1578.0,2490084.0,1578.0
Opel Astra,10979.0,7672,-3307.0,10936249.0,3307.0
Opel Astra,10960.0,10826,-134.0,17956.0,134.0
Opel Astra,10960.0,9571,-1389.0,1929321.0,1389.0
Opel Astra,10960.0,9467,-1493.0,2229049.0,1493.0
Opel Astra,10979.0,11170,191.0,36481.0,191.0
Opel Astra,10950.0,10686,-264.0,69696.0,264.0
Opel Astra,10950.0,10514,-436.0,190096.0,436.0
Opel Astra,10950.0,11658,708.0,501264.0,708.0
Opel Astra,10900.0,8825,-2075.0,4305625.0,2075.0
Opel Astra,18950.0,21576,2626.0,6895876.0,2626.0
Opel Astra,16990.0,21255,4265.0,18190225.0,4265.0
Opel Astra,10950.0,9462,-1488.0,2214144.0,1488.0
Opel Astra,15950.0,17789,1839.0,3381921.0,1839.0
Opel Astra,15870.0,17232,1362.0,1855044.0,1362.0
Opel Astra,15900.0,16282,382.0,145924.0,382.0
Opel Astra,15750.0,14864,-886.0,784996.0,886.0
Opel Astra,14490.0,13391,-1099.0,1207801.0,1099.0
Opel Astra,15500.0,15258,-242.0,58564.0,242.0
Opel Astra,14990.0,17722,2732.0,7463824.0,2732.0
Opel Astra,14900.0,15748,848.0,719104.0,848.0
Opel Astra,18450.0,19872,1422.0,2022084.0,1422.0
Opel Astra,10990.0,11229,239.0,57121.0,239.0
Opel Astra,10990.0,12200,1210.0,1464100.0,1210.0
Opel Astra,10989.0,10714,-275.0,75625.0,275.0
Opel Astra,13500.0,15717,2217.0,4915089.0,2217.0
Opel Astra,13499.0,14265,766.0,586756.0,766.0
Opel Astra,10989.0,10996,7.0,49.0,7.0
Opel Astra,10989.0,9538,-1451.0,2105401.0,1451.0
Opel Astra,10980.0,10371,-609.0,370881.0,609.0
Opel Astra,10980.0,10226,-754.0,568516.0,754.0
Opel Astra,10980.0,11463,483.0,233289.0,483.0
Opel Astra,10980.0,9437,-1543.0,2380849.0,1543.0
Opel Astra,10980.0,10744,-236.0,55696.0,236.0
Opel Astra,10980.0,10876,-104.0,10816.0,104.0
Opel Astra,10980.0,8278,-2702.0,7300804.0,2702.0
Opel Astra,10980.0,9719,-1261.0,1590121.0,1261.0
Opel Astra,10900.0,12297,1397.0,1951609.0,1397.0
Opel Astra,10900.0,10299,-601.0,361201.0,601.0
Opel Astra,10900.0,14118,3218.0,10355524.0,3218.0
Opel Astra,10900.0,11099,199.0,39601.0,199.0
Opel Astra,10900.0,10239,-661.0,436921.0,661.0
Opel Astra,10980.0,10167,-813.0,660969.0,813.0
Opel Astra,10980.0,9368,-1612.0,2598544.0,1612.0
Opel Astra,10900.0,8936,-1964.0,3857296.0,1964.0
Opel Astra,10900.0,9524,-1376.0,1893376.0,1376.0
Opel Astra,10900.0,9944,-956.0,913936.0,956.0
Opel Astra,10900.0,8409,-2491.0,6205081.0,2491.0
Opel Astra,10900.0,7965,-2935.0,8614225.0,2935.0
Opel Astra,10900.0,7854,-3046.0,9278116.0,3046.0
Opel Astra,10900.0,6974,-3926.0,15413476.0,3926.0
Opel Astra,10900.0,10345,-555.0,308025.0,555.0
Opel Astra,10900.0,7891,-3009.0,9054081.0,3009.0
Opel Astra,10900.0,9459,-1441.0,2076481.0,1441.0
Opel Astra,10900.0,10932,32.0,1024.0,32.0
Opel Astra,10900.0,9931,-969.0,938961.0,969.0
Opel Astra,10900.0,10159,-741.0,549081.0,741.0
Opel Astra,10850.0,8575,-2275.0,5175625.0,2275.0
Opel Astra,10900.0,8773,-2127.0,4524129.0,2127.0
Opel Astra,10850.0,8731,-2119.0,4490161.0,2119.0
Opel Astra,10850.0,10986,136.0,18496.0,136.0
Opel Astra,10800.0,13450,2650.0,7022500.0,2650.0
Opel Astra,10840.0,10011,-829.0,687241.0,829.0
Opel Astra,10800.0,7666,-3134.0,9821956.0,3134.0
Opel Astra,10800.0,11897,1097.0,1203409.0,1097.0
Opel Astra,10790.0,10465,-325.0,105625.0,325.0
Opel Astra,10800.0,10125,-675.0,455625.0,675.0
Opel Astra,10795.0,8397,-2398.0,5750404.0,2398.0
Opel Astra,10791.0,12069,1278.0,1633284.0,1278.0
Opel Astra,16000.0,15408,-592.0,350464.0,592.0
Opel Astra,16300.0,16561,261.0,68121.0,261.0
Opel Astra,16300.0,16755,455.0,207025.0,455.0
Opel Astra,16450.0,18923,2473.0,6115729.0,2473.0
Opel Astra,16450.0,18939,2489.0,6195121.0,2489.0
Opel Astra,16290.0,17041,751.0,564001.0,751.0
Opel Astra,16299.0,16722,423.0,178929.0,423.0
Opel Astra,16370.0,15272,-1098.0,1205604.0,1098.0
Opel Astra,16200.0,18208,2008.0,4032064.0,2008.0
Opel Astra,16990.0,19642,2652.0,7033104.0,2652.0
Opel Astra,16990.0,20113,3123.0,9753129.0,3123.0
Opel Astra,16990.0,16611,-379.0,143641.0,379.0
Opel Astra,16990.0,19579,2589.0,6702921.0,2589.0
Opel Astra,16990.0,16886,-104.0,10816.0,104.0
Opel Astra,16990.0,16044,-946.0,894916.0,946.0
Opel Astra,16990.0,17542,552.0,304704.0,552.0
Opel Astra,17900.0,21089,3189.0,10169721.0,3189.0
Opel Astra,17890.0,17122,-768.0,589824.0,768.0
Opel Astra,17890.0,17392,-498.0,248004.0,498.0
Opel Astra,17890.0,15870,-2020.0,4080400.0,2020.0
Opel Astra,17890.0,16834,-1056.0,1115136.0,1056.0
Opel Astra,10990.0,12346,1356.0,1838736.0,1356.0
Opel Astra,17890.0,18053,163.0,26569.0,163.0
Opel Astra,10990.0,12524,1534.0,2353156.0,1534.0
Opel Astra,10990.0,12455,1465.0,2146225.0,1465.0
Opel Astra,10990.0,12409,1419.0,2013561.0,1419.0
Opel Astra,10999.0,9673,-1326.0,1758276.0,1326.0
Opel Astra,10990.0,12309,1319.0,1739761.0,1319.0
Opel Astra,10990.0,12346,1356.0,1838736.0,1356.0
Opel Astra,10990.0,12524,1534.0,2353156.0,1534.0
Opel Astra,10990.0,9539,-1451.0,2105401.0,1451.0
Opel Astra,10990.0,12455,1465.0,2146225.0,1465.0
Opel Astra,10990.0,9768,-1222.0,1493284.0,1222.0
Opel Astra,10990.0,12309,1319.0,1739761.0,1319.0
Opel Astra,10990.0,12524,1534.0,2353156.0,1534.0
Opel Astra,10990.0,12455,1465.0,2146225.0,1465.0
Opel Astra,10990.0,12455,1465.0,2146225.0,1465.0
Opel Astra,10990.0,12309,1319.0,1739761.0,1319.0
Opel Astra,10990.0,12346,1356.0,1838736.0,1356.0
Opel Astra,10990.0,12524,1534.0,2353156.0,1534.0
Opel Astra,10990.0,12524,1534.0,2353156.0,1534.0
Opel Astra,10990.0,12455,1465.0,2146225.0,1465.0
Opel Astra,10990.0,12455,1465.0,2146225.0,1465.0
Opel Astra,10990.0,12455,1465.0,2146225.0,1465.0
Opel Astra,10990.0,12309,1319.0,1739761.0,1319.0
Opel Astra,10990.0,12309,1319.0,1739761.0,1319.0
Opel Astra,10990.0,12648,1658.0,2748964.0,1658.0
Opel Astra,10990.0,12309,1319.0,1739761.0,1319.0
Opel Astra,10990.0,11496,506.0,256036.0,506.0
Opel Astra,10990.0,12524,1534.0,2353156.0,1534.0
Opel Astra,10990.0,9534,-1456.0,2119936.0,1456.0
Opel Astra,10990.0,12455,1465.0,2146225.0,1465.0
Opel Astra,10990.0,14249,3259.0,10621081.0,3259.0
Opel Astra,10990.0,10096,-894.0,799236.0,894.0
Opel Astra,10990.0,12409,1419.0,2013561.0,1419.0
Opel Astra,17880.0,18103,223.0,49729.0,223.0
Opel Astra,17870.0,17183,-687.0,471969.0,687.0
Opel Astra,17850.0,19035,1185.0,1404225.0,1185.0
Opel Astra,17850.0,18742,892.0,795664.0,892.0
Opel Astra,17850.0,18813,963.0,927369.0,963.0
Opel Astra,17850.0,17815,-35.0,1225.0,35.0
Opel Astra,17850.0,17963,113.0,12769.0,113.0
Opel Astra,17850.0,17147,-703.0,494209.0,703.0
Opel Astra,17850.0,19213,1363.0,1857769.0,1363.0
Opel Astra,17850.0,18096,246.0,60516.0,246.0
Opel Astra,17850.0,18190,340.0,115600.0,340.0
Opel Astra,17850.0,19159,1309.0,1713481.0,1309.0
Opel Astra,17840.0,17720,-120.0,14400.0,120.0
Opel Astra,17790.0,18309,519.0,269361.0,519.0
Opel Astra,17780.0,17566,-214.0,45796.0,214.0
Opel Astra,17750.0,16523,-1227.0,1505529.0,1227.0
Opel Astra,17725.0,17732,7.0,49.0,7.0
Opel Astra,17700.0,18248,548.0,300304.0,548.0
Opel Astra,17690.0,18270,580.0,336400.0,580.0
Opel Astra,17680.0,17377,-303.0,91809.0,303.0
Opel Astra,17680.0,17263,-417.0,173889.0,417.0
Opel Astra,17675.0,17858,183.0,33489.0,183.0
Opel Astra,17650.0,15903,-1747.0,3052009.0,1747.0
Opel Astra,17640.0,18636,996.0,992016.0,996.0
Opel Astra,17600.0,15961,-1639.0,2686321.0,1639.0
Opel Astra,17600.0,18894,1294.0,1674436.0,1294.0
Opel Astra,17590.0,17137,-453.0,205209.0,453.0
Opel Astra,17500.0,18791,1291.0,1666681.0,1291.0
Opel Astra,17500.0,14919,-2581.0,6661561.0,2581.0
Opel Astra,17495.0,16573,-922.0,850084.0,922.0
Opel Astra,17490.0,16756,-734.0,538756.0,734.0
Opel Astra,16990.0,17574,584.0,341056.0,584.0
Opel Astra,17290.0,18117,827.0,683929.0,827.0
Opel Astra,17840.0,17075,-765.0,585225.0,765.0
Opel Astra,17280.0,19184,1904.0,3625216.0,1904.0
Opel Astra,17250.0,17687,437.0,190969.0,437.0
Opel Astra,17300.0,18657,1357.0,1841449.0,1357.0
Opel Astra,17260.0,17373,113.0,12769.0,113.0
Opel Astra,17250.0,16745,-505.0,255025.0,505.0
Opel Astra,17250.0,16826,-424.0,179776.0,424.0
Opel Astra,17250.0,17560,310.0,96100.0,310.0
Opel Astra,17199.0,17594,395.0,156025.0,395.0
Opel Astra,17190.0,16604,-586.0,343396.0,586.0
Opel Astra,17190.0,17581,391.0,152881.0,391.0
Opel Astra,17000.0,16807,-193.0,37249.0,193.0
Opel Astra,17100.0,17091,-9.0,81.0,9.0
Opel Astra,17000.0,18252,1252.0,1567504.0,1252.0
Opel Astra,16990.0,16934,-56.0,3136.0,56.0
Opel Astra,16999.0,16609,-390.0,152100.0,390.0
Opel Astra,16999.0,17991,992.0,984064.0,992.0
Opel Astra,16999.0,19468,2469.0,6095961.0,2469.0
Opel Astra,16990.0,18264,1274.0,1623076.0,1274.0
Opel Astra,16998.0,17648,650.0,422500.0,650.0
Opel Astra,17000.0,16369,-631.0,398161.0,631.0
Opel Astra,16990.0,18531,1541.0,2374681.0,1541.0
Opel Astra,16990.0,18687,1697.0,2879809.0,1697.0
Opel Astra,16989.0,19683,2694.0,7257636.0,2694.0
Opel Astra,16989.0,19551,2562.0,6563844.0,2562.0
Opel Astra,16980.0,17326,346.0,119716.0,346.0
Opel Astra,16980.0,17323,343.0,117649.0,343.0
Opel Astra,16989.0,17948,959.0,919681.0,959.0
Opel Astra,16980.0,17282,302.0,91204.0,302.0
Opel Astra,17490.0,18575,1085.0,1177225.0,1085.0
Opel Astra,17490.0,18574,1084.0,1175056.0,1084.0
Opel Astra,17489.0,15745,-1744.0,3041536.0,1744.0
Opel Astra,17489.0,18116,627.0,393129.0,627.0
Opel Astra,17490.0,18624,1134.0,1285956.0,1134.0
Opel Astra,17490.0,17180,-310.0,96100.0,310.0
Opel Astra,16980.0,17312,332.0,110224.0,332.0
Opel Astra,16980.0,16908,-72.0,5184.0,72.0
Opel Astra,16980.0,18677,1697.0,2879809.0,1697.0
Opel Astra,16980.0,18595,1615.0,2608225.0,1615.0
Opel Astra,16998.0,17365,367.0,134689.0,367.0
Opel Astra,16900.0,17882,982.0,964324.0,982.0
Opel Astra,16900.0,16477,-423.0,178929.0,423.0
Opel Astra,16899.0,15256,-1643.0,2699449.0,1643.0
Opel Astra,16900.0,19131,2231.0,4977361.0,2231.0
Opel Astra,16890.0,18093,1203.0,1447209.0,1203.0
Opel Astra,16890.0,17445,555.0,308025.0,555.0
Opel Astra,16890.0,18668,1778.0,3161284.0,1778.0
Opel Astra,16980.0,17252,272.0,73984.0,272.0
Opel Astra,17489.0,20110,2621.0,6869641.0,2621.0
Opel Astra,17480.0,19088,1608.0,2585664.0,1608.0
Opel Astra,17480.0,17596,116.0,13456.0,116.0
Opel Astra,17470.0,16594,-876.0,767376.0,876.0
Opel Astra,17450.0,18225,775.0,600625.0,775.0
Opel Astra,17450.0,17935,485.0,235225.0,485.0
Opel Astra,17440.0,19224,1784.0,3182656.0,1784.0
Opel Astra,17400.0,16761,-639.0,408321.0,639.0
Opel Astra,17400.0,17808,408.0,166464.0,408.0
Opel Astra,17400.0,15278,-2122.0,4502884.0,2122.0
Opel Astra,17350.0,17391,41.0,1681.0,41.0
Opel Astra,17350.0,18113,763.0,582169.0,763.0
Opel Astra,16980.0,16528,-452.0,204304.0,452.0
Opel Astra,16980.0,19141,2161.0,4669921.0,2161.0
Opel Astra,16979.0,18930,1951.0,3806401.0,1951.0
Opel Astra,16970.0,16030,-940.0,883600.0,940.0
Opel Astra,16950.0,16565,-385.0,148225.0,385.0
Opel Astra,16950.0,17458,508.0,258064.0,508.0
Opel Astra,16950.0,18305,1355.0,1836025.0,1355.0
Opel Astra,16950.0,18481,1531.0,2343961.0,1531.0
Opel Astra,16925.0,16559,-366.0,133956.0,366.0
Opel Astra,16900.0,16472,-428.0,183184.0,428.0
Opel Astra,16900.0,16672,-228.0,51984.0,228.0
Opel Astra,16900.0,17775,875.0,765625.0,875.0
Opel Astra,16900.0,16933,33.0,1089.0,33.0
Opel Astra,16900.0,18944,2044.0,4177936.0,2044.0
Opel Astra,16890.0,18701,1811.0,3279721.0,1811.0
Opel Astra,16880.0,15342,-1538.0,2365444.0,1538.0
Opel Astra,16880.0,17194,314.0,98596.0,314.0
Opel Astra,16800.0,16231,-569.0,323761.0,569.0
Opel Astra,16790.0,17637,847.0,717409.0,847.0
Opel Astra,16790.0,17877,1087.0,1181569.0,1087.0
Opel Astra,16770.0,18383,1613.0,2601769.0,1613.0
Opel Astra,16750.0,17951,1201.0,1442401.0,1201.0
Opel Astra,16750.0,18647,1897.0,3598609.0,1897.0
Opel Astra,16725.0,17368,643.0,413449.0,643.0
Opel Astra,16690.0,18518,1828.0,3341584.0,1828.0
Opel Astra,16690.0,15976,-714.0,509796.0,714.0
Opel Astra,16900.0,17747,847.0,717409.0,847.0
Opel Astra,17300.0,17541,241.0,58081.0,241.0
Opel Astra,16690.0,16337,-353.0,124609.0,353.0
Opel Astra,16680.0,16742,62.0,3844.0,62.0
Opel Astra,16666.0,17492,826.0,682276.0,826.0
Opel Astra,16590.0,16002,-588.0,345744.0,588.0
Opel Astra,16580.0,16682,102.0,10404.0,102.0
Opel Astra,16580.0,17803,1223.0,1495729.0,1223.0
Opel Astra,16500.0,15578,-922.0,850084.0,922.0
Opel Astra,16500.0,15481,-1019.0,1038361.0,1019.0
Opel Astra,16500.0,15646,-854.0,729316.0,854.0
Opel Astra,16500.0,17224,724.0,524176.0,724.0
Opel Astra,16500.0,15267,-1233.0,1520289.0,1233.0
Opel Astra,16500.0,17363,863.0,744769.0,863.0
Opel Astra,16499.0,16988,489.0,239121.0,489.0
Opel Astra,16495.0,16856,361.0,130321.0,361.0
Opel Astra,16490.0,18405,1915.0,3667225.0,1915.0
Opel Astra,16495.0,17241,746.0,556516.0,746.0
Opel Astra,16490.0,15070,-1420.0,2016400.0,1420.0
Opel Astra,16690.0,16297,-393.0,154449.0,393.0
Opel Astra,16489.0,17358,869.0,755161.0,869.0
Opel Astra,16490.0,16237,-253.0,64009.0,253.0
Opel Astra,16480.0,17861,1381.0,1907161.0,1381.0
Opel Astra,16474.0,19050,2576.0,6635776.0,2576.0
Opel Astra,16000.0,16024,24.0,576.0,24.0
Opel Astra,16000.0,16408,408.0,166464.0,408.0
Opel Astra,16000.0,16294,294.0,86436.0,294.0
Opel Astra,16050.0,16419,369.0,136161.0,369.0
Opel Astra,16000.0,16707,707.0,499849.0,707.0
Opel Astra,16190.0,14573,-1617.0,2614689.0,1617.0
Opel Astra,16000.0,16597,597.0,356409.0,597.0
Opel Astra,16000.0,16582,582.0,338724.0,582.0
Opel Astra,16000.0,17613,1613.0,2601769.0,1613.0
Opel Astra,16000.0,17812,1812.0,3283344.0,1812.0
Opel Astra,11790.0,11116,-674.0,454276.0,674.0
Opel Astra,11840.0,10239,-1601.0,2563201.0,1601.0
Opel Astra,11790.0,11141,-649.0,421201.0,649.0
Opel Astra,11500.0,10705,-795.0,632025.0,795.0
Opel Astra,11600.0,13215,1615.0,2608225.0,1615.0
Opel Astra,12450.0,13697,1247.0,1555009.0,1247.0
Opel Astra,11990.0,10425,-1565.0,2449225.0,1565.0
Opel Astra,11870.0,11246,-624.0,389376.0,624.0
Opel Astra,12500.0,12705,205.0,42025.0,205.0
Opel Astra,12300.0,11827,-473.0,223729.0,473.0
Opel Astra,12500.0,11735,-765.0,585225.0,765.0
Opel Astra,12900.0,12597,-303.0,91809.0,303.0
Opel Astra,12500.0,11719,-781.0,609961.0,781.0
Opel Astra,12945.0,11474,-1471.0,2163841.0,1471.0
Opel Astra,12940.0,11359,-1581.0,2499561.0,1581.0
Opel Astra,12950.0,12049,-901.0,811801.0,901.0
Opel Astra,12950.0,13231,281.0,78961.0,281.0
Opel Astra,12740.0,11742,-998.0,996004.0,998.0
Opel Astra,12985.0,11484,-1501.0,2253001.0,1501.0
Opel Astra,12900.0,14818,1918.0,3678724.0,1918.0
Opel Astra,12900.0,16756,3856.0,14868736.0,3856.0
Opel Astra,12900.0,12375,-525.0,275625.0,525.0
Opel Astra,12900.0,13873,973.0,946729.0,973.0
Opel Astra,12990.0,11812,-1178.0,1387684.0,1178.0
Opel Astra,12980.0,11373,-1607.0,2582449.0,1607.0
Opel Astra,12980.0,13827,847.0,717409.0,847.0
Opel Astra,12980.0,11061,-1919.0,3682561.0,1919.0
Opel Astra,12980.0,11969,-1011.0,1022121.0,1011.0
Opel Astra,12980.0,12036,-944.0,891136.0,944.0
Opel Astra,12980.0,13827,847.0,717409.0,847.0
Opel Astra,12980.0,13573,593.0,351649.0,593.0
Opel Astra,12978.0,11851,-1127.0,1270129.0,1127.0
Opel Astra,12990.0,16068,3078.0,9474084.0,3078.0
Opel Astra,12990.0,12472,-518.0,268324.0,518.0
Opel Astra,12990.0,12704,-286.0,81796.0,286.0
Opel Astra,12990.0,11827,-1163.0,1352569.0,1163.0
Opel Astra,12990.0,11127,-1863.0,3470769.0,1863.0
Opel Astra,12990.0,12266,-724.0,524176.0,724.0
Opel Astra,12990.0,12478,-512.0,262144.0,512.0
Opel Astra,12990.0,9723,-3267.0,10673289.0,3267.0
Opel Astra,12990.0,10145,-2845.0,8094025.0,2845.0
Opel Astra,12990.0,11152,-1838.0,3378244.0,1838.0
Opel Astra,12990.0,12341,-649.0,421201.0,649.0
Opel Astra,12990.0,10672,-2318.0,5373124.0,2318.0
Opel Astra,12990.0,10589,-2401.0,5764801.0,2401.0
Opel Astra,12990.0,10048,-2942.0,8655364.0,2942.0
Opel Astra,12990.0,16858,3868.0,14961424.0,3868.0
Opel Astra,12990.0,12209,-781.0,609961.0,781.0
Opel Astra,12990.0,13224,234.0,54756.0,234.0
Opel Astra,12974.0,13153,179.0,32041.0,179.0
Opel Astra,12990.0,12183,-807.0,651249.0,807.0
Opel Astra,12970.0,13660,690.0,476100.0,690.0
Opel Astra,12970.0,13785,815.0,664225.0,815.0
Opel Astra,12900.0,13598,698.0,487204.0,698.0
Opel Astra,12890.0,10984,-1906.0,3632836.0,1906.0
Opel Astra,12880.0,12985,105.0,11025.0,105.0
Opel Astra,12864.0,10679,-2185.0,4774225.0,2185.0
Opel Astra,12880.0,13882,1002.0,1004004.0,1002.0
Opel Astra,12799.0,10051,-2748.0,7551504.0,2748.0
Opel Astra,12850.0,13135,285.0,81225.0,285.0
Opel Astra,12800.0,12900,100.0,10000.0,100.0
Opel Astra,12800.0,13884,1084.0,1175056.0,1084.0
Opel Astra,12770.0,9572,-3198.0,10227204.0,3198.0
Opel Astra,12750.0,11767,-983.0,966289.0,983.0
Opel Astra,12950.0,12127,-823.0,677329.0,823.0
Opel Astra,12950.0,10728,-2222.0,4937284.0,2222.0
Opel Astra,12925.0,12506,-419.0,175561.0,419.0
Opel Astra,12900.0,11802,-1098.0,1205604.0,1098.0
Opel Astra,12940.0,14842,1902.0,3617604.0,1902.0
Opel Astra,12900.0,9799,-3101.0,9616201.0,3101.0
Opel Astra,12900.0,12729,-171.0,29241.0,171.0
Opel Astra,12900.0,10448,-2452.0,6012304.0,2452.0
Opel Astra,12900.0,13019,119.0,14161.0,119.0
Opel Astra,12900.0,13399,499.0,249001.0,499.0
Opel Astra,12900.0,14099,1199.0,1437601.0,1199.0
Opel Astra,12900.0,12796,-104.0,10816.0,104.0
Opel Astra,12900.0,10601,-2299.0,5285401.0,2299.0
Opel Astra,12500.0,11719,-781.0,609961.0,781.0
Opel Astra,12500.0,14424,1924.0,3701776.0,1924.0
Opel Astra,12500.0,9376,-3124.0,9759376.0,3124.0
Opel Astra,12495.0,10989,-1506.0,2268036.0,1506.0
Opel Astra,12495.0,12747,252.0,63504.0,252.0
Opel Astra,12500.0,12394,-106.0,11236.0,106.0
Opel Astra,12500.0,12037,-463.0,214369.0,463.0
Opel Astra,12500.0,14023,1523.0,2319529.0,1523.0
Opel Astra,12490.0,11779,-711.0,505521.0,711.0
Opel Astra,12490.0,10253,-2237.0,5004169.0,2237.0
Opel Astra,12490.0,12061,-429.0,184041.0,429.0
Opel Astra,12490.0,12131,-359.0,128881.0,359.0
Opel Astra,12480.0,11889,-591.0,349281.0,591.0
Opel Astra,12489.0,13002,513.0,263169.0,513.0
Opel Astra,12490.0,10264,-2226.0,4955076.0,2226.0
Opel Astra,12480.0,10693,-1787.0,3193369.0,1787.0
Opel Astra,12680.0,10944,-1736.0,3013696.0,1736.0
Opel Astra,12700.0,12433,-267.0,71289.0,267.0
Opel Astra,12700.0,16064,3364.0,11316496.0,3364.0
Opel Astra,12460.0,12332,-128.0,16384.0,128.0
Opel Astra,12690.0,12310,-380.0,144400.0,380.0
Opel Astra,12680.0,11364,-1316.0,1731856.0,1316.0
Opel Astra,12700.0,12869,169.0,28561.0,169.0
Opel Astra,12680.0,11712,-968.0,937024.0,968.0
Opel Astra,12670.0,12163,-507.0,257049.0,507.0
Opel Astra,12670.0,11562,-1108.0,1227664.0,1108.0
Opel Astra,12660.0,12859,199.0,39601.0,199.0
Opel Astra,12670.0,11327,-1343.0,1803649.0,1343.0
Opel Astra,12660.0,12859,199.0,39601.0,199.0
Opel Astra,12650.0,11728,-922.0,850084.0,922.0
Opel Astra,12299.0,13345,1046.0,1094116.0,1046.0
Opel Astra,12290.0,11158,-1132.0,1281424.0,1132.0
Opel Astra,12290.0,11153,-1137.0,1292769.0,1137.0
Opel Astra,12250.0,13230,980.0,960400.0,980.0
Opel Astra,12250.0,13212,962.0,925444.0,962.0
Opel Astra,12250.0,12923,673.0,452929.0,673.0
Opel Astra,12250.0,13099,849.0,720801.0,849.0
Opel Astra,12200.0,11391,-809.0,654481.0,809.0
Opel Astra,12280.0,11950,-330.0,108900.0,330.0
Opel Astra,12250.0,12595,345.0,119025.0,345.0
Opel Astra,12190.0,12159,-31.0,961.0,31.0
Opel Astra,11999.0,12273,274.0,75076.0,274.0
Opel Astra,11999.0,11228,-771.0,594441.0,771.0
Opel Astra,12190.0,10374,-1816.0,3297856.0,1816.0
Opel Astra,11999.0,11959,-40.0,1600.0,40.0
Opel Astra,12130.0,11471,-659.0,434281.0,659.0
Opel Astra,12000.0,9581,-2419.0,5851561.0,2419.0
Opel Astra,12000.0,14266,2266.0,5134756.0,2266.0
Opel Astra,12000.0,13042,1042.0,1085764.0,1042.0
Opel Astra,12625.0,11682,-943.0,889249.0,943.0
Opel Astra,12600.0,11884,-716.0,512656.0,716.0
Opel Astra,12590.0,11208,-1382.0,1909924.0,1382.0
Opel Astra,11990.0,10898,-1092.0,1192464.0,1092.0
Opel Astra,12550.0,12111,-439.0,192721.0,439.0
Opel Astra,12540.0,10739,-1801.0,3243601.0,1801.0
Opel Astra,12530.0,11591,-939.0,881721.0,939.0
Opel Astra,12530.0,11249,-1281.0,1640961.0,1281.0
Opel Astra,12590.0,12417,-173.0,29929.0,173.0
Opel Astra,12590.0,12433,-157.0,24649.0,157.0
Opel Astra,12570.0,13850,1280.0,1638400.0,1280.0
Opel Astra,12570.0,13859,1289.0,1661521.0,1289.0
Opel Astra,12500.0,9297,-3203.0,10259209.0,3203.0
Opel Astra,12500.0,12203,-297.0,88209.0,297.0
Opel Astra,12500.0,11035,-1465.0,2146225.0,1465.0
Opel Astra,12500.0,11182,-1318.0,1737124.0,1318.0
Opel Astra,12500.0,10995,-1505.0,2265025.0,1505.0
Opel Astra,12460.0,12202,-258.0,66564.0,258.0
Opel Astra,12445.0,14772,2327.0,5414929.0,2327.0
Opel Astra,12411.0,15010,2599.0,6754801.0,2599.0
Opel Astra,12400.0,11838,-562.0,315844.0,562.0
Opel Astra,12400.0,11824,-576.0,331776.0,576.0
Opel Astra,12450.0,12166,-284.0,80656.0,284.0
Opel Astra,12400.0,12104,-296.0,87616.0,296.0
Opel Astra,12400.0,12024,-376.0,141376.0,376.0
Opel Astra,12399.0,12527,128.0,16384.0,128.0
Opel Astra,12395.0,10853,-1542.0,2377764.0,1542.0
Opel Astra,11990.0,12124,134.0,17956.0,134.0
Opel Astra,12395.0,11208,-1187.0,1408969.0,1187.0
Opel Astra,12350.0,12078,-272.0,73984.0,272.0
Opel Astra,12340.0,13689,1349.0,1819801.0,1349.0
Opel Astra,12300.0,12067,-233.0,54289.0,233.0
Opel Astra,11990.0,11909,-81.0,6561.0,81.0
Opel Astra,11990.0,11426,-564.0,318096.0,564.0
Opel Astra,11990.0,12072,82.0,6724.0,82.0
Opel Astra,11990.0,10351,-1639.0,2686321.0,1639.0
Opel Astra,11990.0,11633,-357.0,127449.0,357.0
Opel Astra,11990.0,9933,-2057.0,4231249.0,2057.0
Opel Astra,11990.0,14637,2647.0,7006609.0,2647.0
Opel Astra,11990.0,11721,-269.0,72361.0,269.0
Opel Astra,11990.0,11467,-523.0,273529.0,523.0
Opel Astra,11990.0,11684,-306.0,93636.0,306.0
Opel Astra,11990.0,11652,-338.0,114244.0,338.0
Opel Astra,11990.0,11596,-394.0,155236.0,394.0
Opel Astra,11990.0,11500,-490.0,240100.0,490.0
Opel Astra,11990.0,11506,-484.0,234256.0,484.0
Opel Astra,11982.0,10247,-1735.0,3010225.0,1735.0
Opel Astra,11990.0,11452,-538.0,289444.0,538.0
Opel Astra,11950.0,11585,-365.0,133225.0,365.0
Opel Astra,11980.0,11343,-637.0,405769.0,637.0
Opel Astra,11950.0,10379,-1571.0,2468041.0,1571.0
Opel Astra,11950.0,13151,1201.0,1442401.0,1201.0
Opel Astra,11950.0,9577,-2373.0,5631129.0,2373.0
Opel Astra,11940.0,12745,805.0,648025.0,805.0
Opel Astra,11940.0,12793,853.0,727609.0,853.0
Opel Astra,11900.0,13324,1424.0,2027776.0,1424.0
Opel Astra,11900.0,11591,-309.0,95481.0,309.0
Opel Astra,11900.0,13176,1276.0,1628176.0,1276.0
Opel Astra,11900.0,12143,243.0,59049.0,243.0
Opel Astra,11900.0,11212,-688.0,473344.0,688.0
Opel Astra,11900.0,11847,-53.0,2809.0,53.0
Opel Astra,11900.0,12675,775.0,600625.0,775.0
Opel Astra,11890.0,12443,553.0,305809.0,553.0
Opel Astra,11890.0,13041,1151.0,1324801.0,1151.0
Opel Astra,11880.0,11910,30.0,900.0,30.0
Opel Astra,11870.0,10785,-1085.0,1177225.0,1085.0
Opel Astra,11570.0,12870,1300.0,1690000.0,1300.0
Opel Astra,11890.0,13038,1148.0,1317904.0,1148.0
Opel Astra,11590.0,10423,-1167.0,1361889.0,1167.0
Opel Astra,11590.0,13947,2357.0,5555449.0,2357.0
Opel Astra,11599.0,10315,-1284.0,1648656.0,1284.0
Opel Astra,11560.0,12618,1058.0,1119364.0,1058.0
Opel Astra,11570.0,12942,1372.0,1882384.0,1372.0
Opel Astra,11500.0,11522,22.0,484.0,22.0
Opel Astra,11500.0,12141,641.0,410881.0,641.0
Opel Astra,11500.0,15483,3983.0,15864289.0,3983.0
Opel Astra,11500.0,14853,3353.0,11242609.0,3353.0
Opel Astra,11490.0,12296,806.0,649636.0,806.0
Opel Astra,11490.0,12257,767.0,588289.0,767.0
Opel Astra,11470.0,11121,-349.0,121801.0,349.0
Opel Astra,11980.0,11551,-429.0,184041.0,429.0
Opel Astra,11980.0,11320,-660.0,435600.0,660.0
Opel Astra,11980.0,9833,-2147.0,4609609.0,2147.0
Opel Astra,11980.0,12870,890.0,792100.0,890.0
Opel Astra,11980.0,12870,890.0,792100.0,890.0
Opel Astra,11980.0,8791,-3189.0,10169721.0,3189.0
Opel Astra,11980.0,11710,-270.0,72900.0,270.0
Opel Astra,11470.0,11064,-406.0,164836.0,406.0
Opel Astra,11975.0,10048,-1927.0,3713329.0,1927.0
Opel Astra,11950.0,10874,-1076.0,1157776.0,1076.0
Opel Astra,11450.0,12232,782.0,611524.0,782.0
Opel Astra,11450.0,10280,-1170.0,1368900.0,1170.0
Opel Astra,11450.0,13114,1664.0,2768896.0,1664.0
Opel Astra,11440.0,11794,354.0,125316.0,354.0
Opel Astra,11400.0,12308,908.0,824464.0,908.0
Opel Astra,11400.0,9456,-1944.0,3779136.0,1944.0
Opel Astra,11400.0,10847,-553.0,305809.0,553.0
Opel Astra,11400.0,11654,254.0,64516.0,254.0
Opel Astra,11390.0,12210,820.0,672400.0,820.0
Opel Astra,11370.0,9221,-2149.0,4618201.0,2149.0
Opel Astra,11340.0,12723,1383.0,1912689.0,1383.0
Opel Astra,11340.0,12723,1383.0,1912689.0,1383.0
Opel Astra,11320.0,10567,-753.0,567009.0,753.0
Opel Astra,11300.0,12627,1327.0,1760929.0,1327.0
Opel Astra,11300.0,10705,-595.0,354025.0,595.0
Opel Astra,11270.0,11414,144.0,20736.0,144.0
Opel Astra,11270.0,11385,115.0,13225.0,115.0
Opel Astra,11230.0,9262,-1968.0,3873024.0,1968.0
Opel Astra,11200.0,9844,-1356.0,1838736.0,1356.0
Opel Astra,11190.0,10058,-1132.0,1281424.0,1132.0
Opel Astra,11730.0,10460,-1270.0,1612900.0,1270.0
Opel Astra,11740.0,10877,-863.0,744769.0,863.0
Opel Astra,11700.0,13948,2248.0,5053504.0,2248.0
Opel Astra,11700.0,12176,476.0,226576.0,476.0
Opel Astra,11700.0,14167,2467.0,6086089.0,2467.0
Opel Astra,11700.0,13329,1629.0,2653641.0,1629.0
Opel Astra,11700.0,14450,2750.0,7562500.0,2750.0
Opel Astra,11700.0,12519,819.0,670761.0,819.0
Opel Astra,11700.0,12662,962.0,925444.0,962.0
Opel Astra,11700.0,12369,669.0,447561.0,669.0
Opel Astra,11700.0,12265,565.0,319225.0,565.0
Opel Astra,11700.0,12465,765.0,585225.0,765.0
Opel Astra,11700.0,12320,620.0,384400.0,620.0
Opel Astra,11700.0,12398,698.0,487204.0,698.0
Opel Astra,11700.0,12063,363.0,131769.0,363.0
Opel Astra,11680.0,10878,-802.0,643204.0,802.0
Opel Astra,11670.0,11011,-659.0,434281.0,659.0
Opel Astra,17940.0,19803,1863.0,3470769.0,1863.0
Opel Astra,17990.0,17366,-624.0,389376.0,624.0
Opel Astra,17990.0,19420,1430.0,2044900.0,1430.0
Opel Astra,17985.0,18596,611.0,373321.0,611.0
Opel Astra,17980.0,17475,-505.0,255025.0,505.0
Opel Astra,17980.0,18758,778.0,605284.0,778.0
Opel Astra,17980.0,19281,1301.0,1692601.0,1301.0
Opel Astra,17980.0,19965,1985.0,3940225.0,1985.0
Opel Astra,18350.0,17826,-524.0,274576.0,524.0
Opel Astra,18525.0,18707,182.0,33124.0,182.0
Opel Astra,18350.0,17256,-1094.0,1196836.0,1094.0
Opel Astra,18250.0,17768,-482.0,232324.0,482.0
Opel Astra,18350.0,19293,943.0,889249.0,943.0
Opel Astra,18461.0,18633,172.0,29584.0,172.0
Opel Astra,18490.0,17880,-610.0,372100.0,610.0
Opel Astra,18790.0,18623,-167.0,27889.0,167.0
Opel Astra,18950.0,17339,-1611.0,2595321.0,1611.0
Opel Astra,18950.0,19211,261.0,68121.0,261.0
Opel Astra,18900.0,16267,-2633.0,6932689.0,2633.0
Opel Astra,18950.0,18371,-579.0,335241.0,579.0
Opel Astra,18950.0,19310,360.0,129600.0,360.0
Opel Astra,18950.0,18029,-921.0,848241.0,921.0
Opel Astra,18989.0,20310,1321.0,1745041.0,1321.0
Opel Astra,18989.0,19994,1005.0,1010025.0,1005.0
Opel Astra,18989.0,20317,1328.0,1763584.0,1328.0
Opel Astra,18990.0,18937,-53.0,2809.0,53.0
Opel Astra,18990.0,20248,1258.0,1582564.0,1258.0
Opel Astra,18989.0,19580,591.0,349281.0,591.0
Opel Astra,18989.0,18366,-623.0,388129.0,623.0
Opel Astra,18990.0,17670,-1320.0,1742400.0,1320.0
Opel Astra,18990.0,17284,-1706.0,2910436.0,1706.0
Opel Astra,18990.0,18663,-327.0,106929.0,327.0
Opel Astra,18990.0,20233,1243.0,1545049.0,1243.0
Opel Astra,18990.0,17317,-1673.0,2798929.0,1673.0
Opel Astra,18990.0,21239,2249.0,5058001.0,2249.0
Opel Astra,18990.0,18226,-764.0,583696.0,764.0
Opel Astra,18990.0,18596,-394.0,155236.0,394.0
Opel Astra,18990.0,20009,1019.0,1038361.0,1019.0
Opel Astra,18990.0,18666,-324.0,104976.0,324.0
Opel Astra,18990.0,17939,-1051.0,1104601.0,1051.0
Opel Astra,18990.0,18658,-332.0,110224.0,332.0
Opel Astra,18989.0,20324,1335.0,1782225.0,1335.0
Opel Astra,18990.0,20208,1218.0,1483524.0,1218.0
Opel Astra,18989.0,19525,536.0,287296.0,536.0
Opel Astra,18990.0,22677,3687.0,13593969.0,3687.0
Opel Astra,18990.0,19445,455.0,207025.0,455.0
Opel Astra,18990.0,17752,-1238.0,1532644.0,1238.0
Opel Astra,18980.0,18765,-215.0,46225.0,215.0
Opel Astra,18980.0,19046,66.0,4356.0,66.0
Opel Astra,18980.0,19379,399.0,159201.0,399.0
Opel Astra,18980.0,19765,785.0,616225.0,785.0
Opel Astra,18980.0,20780,1800.0,3240000.0,1800.0
Opel Astra,18980.0,19652,672.0,451584.0,672.0
Opel Astra,18975.0,18979,4.0,16.0,4.0
Opel Astra,18975.0,17432,-1543.0,2380849.0,1543.0
Opel Astra,18975.0,18245,-730.0,532900.0,730.0
Opel Astra,18970.0,17833,-1137.0,1292769.0,1137.0
Opel Astra,18780.0,18967,187.0,34969.0,187.0
Opel Astra,18975.0,18721,-254.0,64516.0,254.0
Opel Astra,18975.0,17445,-1530.0,2340900.0,1530.0
Opel Astra,18950.0,18181,-769.0,591361.0,769.0
Opel Astra,18780.0,17969,-811.0,657721.0,811.0
Opel Astra,18750.0,17789,-961.0,923521.0,961.0
Opel Astra,18750.0,20564,1814.0,3290596.0,1814.0
Opel Astra,18750.0,18734,-16.0,256.0,16.0
Opel Astra,18750.0,22634,3884.0,15085456.0,3884.0
Opel Astra,18730.0,19967,1237.0,1530169.0,1237.0
Opel Astra,18700.0,19233,533.0,284089.0,533.0
Opel Astra,18690.0,17619,-1071.0,1147041.0,1071.0
Opel Astra,18690.0,20232,1542.0,2377764.0,1542.0
Opel Astra,18680.0,18732,52.0,2704.0,52.0
Opel Astra,18590.0,19905,1315.0,1729225.0,1315.0
Opel Astra,18680.0,19669,989.0,978121.0,989.0
Opel Astra,18590.0,20179,1589.0,2524921.0,1589.0
Opel Astra,18599.0,21935,3336.0,11128896.0,3336.0
Opel Astra,18599.0,21983,3384.0,11451456.0,3384.0
Opel Astra,18590.0,20770,2180.0,4752400.0,2180.0
Opel Astra,18580.0,19054,474.0,224676.0,474.0
Opel Astra,18950.0,17931,-1019.0,1038361.0,1019.0
Opel Astra,18950.0,19513,563.0,316969.0,563.0
Opel Astra,18950.0,18869,-81.0,6561.0,81.0
Opel Astra,18950.0,18709,-241.0,58081.0,241.0
Opel Astra,18950.0,19996,1046.0,1094116.0,1046.0
Opel Astra,18950.0,18771,-179.0,32041.0,179.0
Opel Astra,18950.0,17363,-1587.0,2518569.0,1587.0
Opel Astra,18939.0,21517,2578.0,6646084.0,2578.0
Opel Astra,18950.0,18747,-203.0,41209.0,203.0
Opel Astra,18900.0,17489,-1411.0,1990921.0,1411.0
Opel Astra,18900.0,19041,141.0,19881.0,141.0
Opel Astra,18900.0,18090,-810.0,656100.0,810.0
Opel Astra,18900.0,18817,-83.0,6889.0,83.0
Opel Astra,18900.0,18115,-785.0,616225.0,785.0
Opel Astra,18900.0,18575,-325.0,105625.0,325.0
Opel Astra,18900.0,18932,32.0,1024.0,32.0
Opel Astra,18900.0,18618,-282.0,79524.0,282.0
Opel Astra,18550.0,18287,-263.0,69169.0,263.0
Opel Astra,18890.0,18196,-694.0,481636.0,694.0
Opel Astra,18890.0,18116,-774.0,599076.0,774.0
Opel Astra,18890.0,19204,314.0,98596.0,314.0
Opel Astra,18900.0,22264,3364.0,11316496.0,3364.0
Opel Astra,18890.0,18685,-205.0,42025.0,205.0
Opel Astra,18888.0,19319,431.0,185761.0,431.0
Opel Astra,18880.0,19735,855.0,731025.0,855.0
Opel Astra,18880.0,18932,52.0,2704.0,52.0
Opel Astra,18875.0,16884,-1991.0,3964081.0,1991.0
Opel Astra,18870.0,20486,1616.0,2611456.0,1616.0
Opel Astra,18864.0,18330,-534.0,285156.0,534.0
Opel Astra,18850.0,17971,-879.0,772641.0,879.0
Opel Astra,18850.0,17764,-1086.0,1179396.0,1086.0
Opel Astra,18790.0,18738,-52.0,2704.0,52.0
Opel Astra,18450.0,18032,-418.0,174724.0,418.0
Opel Astra,18450.0,18155,-295.0,87025.0,295.0
Opel Astra,18850.0,18848,-2.0,4.0,2.0
Opel Astra,18800.0,18866,66.0,4356.0,66.0
Opel Astra,18790.0,18354,-436.0,190096.0,436.0
Opel Astra,18450.0,19831,1381.0,1907161.0,1381.0
Opel Astra,18450.0,21281,2831.0,8014561.0,2831.0
Opel Astra,18450.0,18568,118.0,13924.0,118.0
Opel Astra,18450.0,18244,-206.0,42436.0,206.0
Opel Astra,18450.0,19029,579.0,335241.0,579.0
Opel Astra,18450.0,18785,335.0,112225.0,335.0
Opel Astra,18450.0,18121,-329.0,108241.0,329.0
Opel Astra,18450.0,18959,509.0,259081.0,509.0
Opel Astra,18450.0,18155,-295.0,87025.0,295.0
Opel Astra,18380.0,16892,-1488.0,2214144.0,1488.0
Opel Astra,18379.0,17552,-827.0,683929.0,827.0
Opel Astra,18500.0,18477,-23.0,529.0,23.0
Opel Astra,18500.0,18921,421.0,177241.0,421.0
Opel Astra,18380.0,18977,597.0,356409.0,597.0
Opel Astra,18490.0,17600,-890.0,792100.0,890.0
Opel Astra,18490.0,20180,1690.0,2856100.0,1690.0
Opel Astra,18490.0,19010,520.0,270400.0,520.0
Opel Astra,18490.0,18708,218.0,47524.0,218.0
Opel Astra,18490.0,19069,579.0,335241.0,579.0
Opel Astra,18490.0,18358,-132.0,17424.0,132.0
Opel Astra,18490.0,19446,956.0,913936.0,956.0
Opel Astra,18490.0,17817,-673.0,452929.0,673.0
Opel Astra,18490.0,19749,1259.0,1585081.0,1259.0
Opel Astra,18480.0,18680,200.0,40000.0,200.0
Opel Astra,18490.0,17135,-1355.0,1836025.0,1355.0
Opel Astra,18480.0,17240,-1240.0,1537600.0,1240.0
Opel Astra,18480.0,18326,-154.0,23716.0,154.0
Opel Astra,18480.0,20092,1612.0,2598544.0,1612.0
Opel Astra,18489.0,19776,1287.0,1656369.0,1287.0
Opel Astra,18200.0,18989,789.0,622521.0,789.0
Opel Astra,18220.0,18462,242.0,58564.0,242.0
Opel Astra,18350.0,18752,402.0,161604.0,402.0
Opel Astra,18350.0,18552,202.0,40804.0,202.0
Opel Astra,18100.0,19727,1627.0,2647129.0,1627.0
Opel Astra,17999.0,17797,-202.0,40804.0,202.0
Opel Astra,17999.0,18413,414.0,171396.0,414.0
Opel Astra,17999.0,21072,3073.0,9443329.0,3073.0
Opel Astra,18290.0,16295,-1995.0,3980025.0,1995.0
Opel Astra,18290.0,19498,1208.0,1459264.0,1208.0
Opel Astra,18290.0,18623,333.0,110889.0,333.0
Opel Astra,18290.0,18002,-288.0,82944.0,288.0
Opel Astra,18290.0,18117,-173.0,29929.0,173.0
Opel Astra,18290.0,18020,-270.0,72900.0,270.0
Opel Astra,18289.0,19399,1110.0,1232100.0,1110.0
Opel Astra,18260.0,18644,384.0,147456.0,384.0
Opel Astra,18250.0,19192,942.0,887364.0,942.0
Opel Astra,18250.0,18970,720.0,518400.0,720.0
Opel Astra,18250.0,19397,1147.0,1315609.0,1147.0
Opel Astra,18250.0,19445,1195.0,1428025.0,1195.0
Opel Astra,18250.0,19234,984.0,968256.0,984.0
Opel Astra,18250.0,18921,671.0,450241.0,671.0
Opel Astra,18250.0,17452,-798.0,636804.0,798.0
Opel Astra,18480.0,18586,106.0,11236.0,106.0
Opel Astra,17994.0,18672,678.0,459684.0,678.0
Opel Astra,17990.0,15794,-2196.0,4822416.0,2196.0
Opel Astra,17990.0,17848,-142.0,20164.0,142.0
Opel Astra,17990.0,17032,-958.0,917764.0,958.0
Opel Astra,17990.0,16716,-1274.0,1623076.0,1274.0
Opel Astra,17990.0,18563,573.0,328329.0,573.0
Opel Astra,17990.0,18480,490.0,240100.0,490.0
Opel Astra,17990.0,17720,-270.0,72900.0,270.0
Opel Astra,17990.0,16562,-1428.0,2039184.0,1428.0
Opel Astra,17990.0,18014,24.0,576.0,24.0
Opel Astra,17990.0,18571,581.0,337561.0,581.0
Opel Astra,17990.0,17748,-242.0,58564.0,242.0
Opel Astra,17940.0,17753,-187.0,34969.0,187.0
Opel Astra,17990.0,17979,-11.0,121.0,11.0
Opel Astra,17940.0,17783,-157.0,24649.0,157.0
Opel Astra,17990.0,19022,1032.0,1065024.0,1032.0
Opel Astra,17978.0,18200,222.0,49284.0,222.0
Opel Astra,17970.0,19460,1490.0,2220100.0,1490.0
Opel Astra,17970.0,19549,1579.0,2493241.0,1579.0
Opel Astra,17970.0,19697,1727.0,2982529.0,1727.0
Opel Astra,17970.0,19562,1592.0,2534464.0,1592.0
Opel Astra,17950.0,17394,-556.0,309136.0,556.0
Opel Astra,17950.0,19120,1170.0,1368900.0,1170.0
Opel Astra,17950.0,18483,533.0,284089.0,533.0
Opel Astra,17930.0,19441,1511.0,2283121.0,1511.0
Opel Astra,17925.0,18073,148.0,21904.0,148.0
Opel Astra,17940.0,18682,742.0,550564.0,742.0
Opel Astra,17925.0,17627,-298.0,88804.0,298.0
Opel Astra,17924.0,17749,-175.0,30625.0,175.0
Opel Astra,17900.0,22513,4613.0,21279769.0,4613.0
Opel Astra,17900.0,22425,4525.0,20475625.0,4525.0
Opel Astra,17900.0,18987,1087.0,1181569.0,1087.0
Opel Astra,17900.0,21590,3690.0,13616100.0,3690.0
Opel Astra,17900.0,21473,3573.0,12766329.0,3573.0
Opel Astra,17900.0,18563,663.0,439569.0,663.0
Opel Astra,17900.0,20531,2631.0,6922161.0,2631.0
Opel Astra,13400.0,13859,459.0,210681.0,459.0
Opel Astra,13899.0,15242,1343.0,1803649.0,1343.0
Opel Astra,14490.0,17731,3241.0,10504081.0,3241.0
Opel Astra,14200.0,14656,456.0,207936.0,456.0
Opel Astra,14450.0,14605,155.0,24025.0,155.0
Opel Astra,14550.0,12901,-1649.0,2719201.0,1649.0
Opel Astra,14750.0,13838,-912.0,831744.0,912.0
Opel Astra,13990.0,17067,3077.0,9467929.0,3077.0
Opel Astra,14700.0,14488,-212.0,44944.0,212.0
Opel Astra,14700.0,15012,312.0,97344.0,312.0
Opel Astra,14990.0,15543,553.0,305809.0,553.0
Opel Astra,14970.0,14355,-615.0,378225.0,615.0
Opel Astra,14900.0,15446,546.0,298116.0,546.0
Opel Astra,14990.0,14549,-441.0,194481.0,441.0
Opel Astra,14990.0,12103,-2887.0,8334769.0,2887.0
Opel Astra,15150.0,16234,1084.0,1175056.0,1084.0
Opel Astra,14999.0,14512,-487.0,237169.0,487.0
Opel Astra,15190.0,15786,596.0,355216.0,596.0
Opel Astra,15280.0,14598,-682.0,465124.0,682.0
Opel Astra,15380.0,11909,-3471.0,12047841.0,3471.0
Opel Astra,15350.0,16025,675.0,455625.0,675.0
Opel Astra,15350.0,12707,-2643.0,6985449.0,2643.0
Opel Astra,15300.0,15153,-147.0,21609.0,147.0
Opel Astra,15380.0,15723,343.0,117649.0,343.0
Opel Astra,15350.0,14318,-1032.0,1065024.0,1032.0
Opel Astra,15450.0,15367,-83.0,6889.0,83.0
Opel Astra,15450.0,16934,1484.0,2202256.0,1484.0
Opel Astra,15450.0,16092,642.0,412164.0,642.0
Opel Astra,15450.0,16147,697.0,485809.0,697.0
Opel Astra,15450.0,15513,63.0,3969.0,63.0
Opel Astra,15450.0,13987,-1463.0,2140369.0,1463.0
Opel Astra,15450.0,11924,-3526.0,12432676.0,3526.0
Opel Astra,15450.0,13454,-1996.0,3984016.0,1996.0
Opel Astra,15450.0,17021,1571.0,2468041.0,1571.0
Opel Astra,15450.0,16008,558.0,311364.0,558.0
Opel Astra,15450.0,15298,-152.0,23104.0,152.0
Opel Astra,15450.0,14555,-895.0,801025.0,895.0
Opel Astra,15450.0,17847,2397.0,5745609.0,2397.0
Opel Astra,15449.0,14777,-672.0,451584.0,672.0
Opel Astra,15449.0,12620,-2829.0,8003241.0,2829.0
Opel Astra,15440.0,16244,804.0,646416.0,804.0
Opel Astra,15350.0,17137,1787.0,3193369.0,1787.0
Opel Astra,15350.0,16683,1333.0,1776889.0,1333.0
Opel Astra,15425.0,15876,451.0,203401.0,451.0
Opel Astra,15445.0,17573,2128.0,4528384.0,2128.0
Opel Astra,15422.0,13468,-1954.0,3818116.0,1954.0
Opel Astra,15400.0,15524,124.0,15376.0,124.0
Opel Astra,15400.0,15364,-36.0,1296.0,36.0
Opel Astra,15400.0,15172,-228.0,51984.0,228.0
Opel Astra,15400.0,14615,-785.0,616225.0,785.0
Opel Astra,15400.0,15217,-183.0,33489.0,183.0
Opel Astra,15400.0,14612,-788.0,620944.0,788.0
Opel Astra,15400.0,15445,45.0,2025.0,45.0
Opel Astra,15400.0,16578,1178.0,1387684.0,1178.0
Opel Astra,15390.0,15264,-126.0,15876.0,126.0
Opel Astra,15390.0,16216,826.0,682276.0,826.0
Opel Astra,15400.0,17030,1630.0,2656900.0,1630.0
Opel Astra,15400.0,15923,523.0,273529.0,523.0
Opel Astra,15390.0,13304,-2086.0,4351396.0,2086.0
Opel Astra,15390.0,15295,-95.0,9025.0,95.0
Opel Astra,15390.0,17061,1671.0,2792241.0,1671.0
Opel Astra,15440.0,17234,1794.0,3218436.0,1794.0
Opel Astra,15299.0,14036,-1263.0,1595169.0,1263.0
Opel Astra,15300.0,14770,-530.0,280900.0,530.0
Opel Astra,15300.0,14794,-506.0,256036.0,506.0
Opel Astra,15300.0,15495,195.0,38025.0,195.0
Opel Astra,15285.0,16053,768.0,589824.0,768.0
Opel Astra,15290.0,13900,-1390.0,1932100.0,1390.0
Opel Astra,15290.0,13293,-1997.0,3988009.0,1997.0
Opel Astra,15290.0,14101,-1189.0,1413721.0,1189.0
Opel Astra,15390.0,13916,-1474.0,2172676.0,1474.0
Opel Astra,14990.0,18719,3729.0,13905441.0,3729.0
Opel Astra,14990.0,14330,-660.0,435600.0,660.0
Opel Astra,14990.0,15032,42.0,1764.0,42.0
Opel Astra,14990.0,17639,2649.0,7017201.0,2649.0
Opel Astra,14990.0,17080,2090.0,4368100.0,2090.0
Opel Astra,14990.0,15347,357.0,127449.0,357.0
Opel Astra,14990.0,15581,591.0,349281.0,591.0
Opel Astra,14990.0,15233,243.0,59049.0,243.0
Opel Astra,14990.0,15200,210.0,44100.0,210.0
Opel Astra,14990.0,15407,417.0,173889.0,417.0
Opel Astra,14990.0,15230,240.0,57600.0,240.0
Opel Astra,14990.0,14309,-681.0,463761.0,681.0
Opel Astra,14990.0,14316,-674.0,454276.0,674.0
Opel Astra,14990.0,12983,-2007.0,4028049.0,2007.0
Opel Astra,15270.0,14415,-855.0,731025.0,855.0
Opel Astra,15250.0,14225,-1025.0,1050625.0,1025.0
Opel Astra,15250.0,16682,1432.0,2050624.0,1432.0
Opel Astra,15250.0,15731,481.0,231361.0,481.0
Opel Astra,14990.0,13475,-1515.0,2295225.0,1515.0
Opel Astra,15241.0,16444,1203.0,1447209.0,1203.0
Opel Astra,15240.0,14627,-613.0,375769.0,613.0
Opel Astra,15222.0,15075,-147.0,21609.0,147.0
Opel Astra,15200.0,15068,-132.0,17424.0,132.0
Opel Astra,15200.0,14966,-234.0,54756.0,234.0
Opel Astra,15200.0,14511,-689.0,474721.0,689.0
Opel Astra,15200.0,15845,645.0,416025.0,645.0
Opel Astra,15200.0,14869,-331.0,109561.0,331.0
Opel Astra,15200.0,14945,-255.0,65025.0,255.0
Opel Astra,15200.0,14648,-552.0,304704.0,552.0
Opel Astra,15190.0,18221,3031.0,9186961.0,3031.0
Opel Astra,15200.0,14859,-341.0,116281.0,341.0
Opel Astra,15190.0,16329,1139.0,1297321.0,1139.0
Opel Astra,15190.0,14097,-1093.0,1194649.0,1093.0
Opel Astra,15180.0,19465,4285.0,18361225.0,4285.0
Opel Astra,15150.0,15827,677.0,458329.0,677.0
Opel Astra,15190.0,16900,1710.0,2924100.0,1710.0
Opel Astra,15100.0,16747,1647.0,2712609.0,1647.0
Opel Astra,15150.0,13856,-1294.0,1674436.0,1294.0
Opel Astra,15150.0,16531,1381.0,1907161.0,1381.0
Opel Astra,15100.0,15374,274.0,75076.0,274.0
Opel Astra,15000.0,15613,613.0,375769.0,613.0
Opel Astra,15000.0,17776,2776.0,7706176.0,2776.0
Opel Astra,15000.0,14737,-263.0,69169.0,263.0
Opel Astra,15000.0,14005,-995.0,990025.0,995.0
Opel Astra,15000.0,14099,-901.0,811801.0,901.0
Opel Astra,15000.0,13828,-1172.0,1373584.0,1172.0
Opel Astra,15000.0,14651,-349.0,121801.0,349.0
Opel Astra,14999.0,13842,-1157.0,1338649.0,1157.0
Opel Astra,14970.0,17528,2558.0,6543364.0,2558.0
Opel Astra,14958.0,16711,1753.0,3073009.0,1753.0
Opel Astra,14950.0,16151,1201.0,1442401.0,1201.0
Opel Astra,14950.0,15826,876.0,767376.0,876.0
Opel Astra,14955.0,15718,763.0,582169.0,763.0
Opel Astra,14950.0,13827,-1123.0,1261129.0,1123.0
Opel Astra,14958.0,16659,1701.0,2893401.0,1701.0
Opel Astra,14950.0,16274,1324.0,1752976.0,1324.0
Opel Astra,14950.0,16171,1221.0,1490841.0,1221.0
Opel Astra,14950.0,12574,-2376.0,5645376.0,2376.0
Opel Astra,14950.0,16211,1261.0,1590121.0,1261.0
Opel Astra,14950.0,16782,1832.0,3356224.0,1832.0
Opel Astra,14950.0,12296,-2654.0,7043716.0,2654.0
Opel Astra,14950.0,12746,-2204.0,4857616.0,2204.0
Opel Astra,14950.0,14749,-201.0,40401.0,201.0
Opel Astra,14900.0,14864,-36.0,1296.0,36.0
Opel Astra,14900.0,16092,1192.0,1420864.0,1192.0
Opel Astra,14900.0,15512,612.0,374544.0,612.0
Opel Astra,14940.0,13969,-971.0,942841.0,971.0
Opel Astra,14900.0,17824,2924.0,8549776.0,2924.0
Opel Astra,14900.0,16786,1886.0,3556996.0,1886.0
Opel Astra,14900.0,15613,713.0,508369.0,713.0
Opel Astra,14900.0,15103,203.0,41209.0,203.0
Opel Astra,14900.0,15009,109.0,11881.0,109.0
Opel Astra,14900.0,15336,436.0,190096.0,436.0
Opel Astra,14900.0,15490,590.0,348100.0,590.0
Opel Astra,14900.0,15304,404.0,163216.0,404.0
Opel Astra,14900.0,14922,22.0,484.0,22.0
Opel Astra,14900.0,15067,167.0,27889.0,167.0
Opel Astra,14900.0,15191,291.0,84681.0,291.0
Opel Astra,14900.0,15512,612.0,374544.0,612.0
Opel Astra,14900.0,14680,-220.0,48400.0,220.0
Opel Astra,14900.0,15091,191.0,36481.0,191.0
Opel Astra,14900.0,14975,75.0,5625.0,75.0
Opel Astra,14900.0,15012,112.0,12544.0,112.0
Opel Astra,14990.0,13584,-1406.0,1976836.0,1406.0
Opel Astra,14990.0,14837,-153.0,23409.0,153.0
Opel Astra,14999.0,18190,3191.0,10182481.0,3191.0
Opel Astra,14990.0,11443,-3547.0,12581209.0,3547.0
Opel Astra,14990.0,15190,200.0,40000.0,200.0
Opel Astra,14900.0,14183,-717.0,514089.0,717.0
Opel Astra,14990.0,14313,-677.0,458329.0,677.0
Opel Astra,14990.0,12826,-2164.0,4682896.0,2164.0
Opel Astra,14990.0,12064,-2926.0,8561476.0,2926.0
Opel Astra,14900.0,16471,1571.0,2468041.0,1571.0
Opel Astra,14990.0,16059,1069.0,1142761.0,1069.0
Opel Astra,14990.0,15433,443.0,196249.0,443.0
Opel Astra,14990.0,13920,-1070.0,1144900.0,1070.0
Opel Astra,14990.0,15975,985.0,970225.0,985.0
Opel Astra,14990.0,13244,-1746.0,3048516.0,1746.0
Opel Astra,14990.0,16741,1751.0,3066001.0,1751.0
Opel Astra,14990.0,13558,-1432.0,2050624.0,1432.0
Opel Astra,14990.0,17332,2342.0,5484964.0,2342.0
Opel Astra,14990.0,16484,1494.0,2232036.0,1494.0
Opel Astra,14990.0,13851,-1139.0,1297321.0,1139.0
Opel Astra,14990.0,15101,111.0,12321.0,111.0
Opel Astra,14980.0,13884,-1096.0,1201216.0,1096.0
Opel Astra,14990.0,15131,141.0,19881.0,141.0
Opel Astra,14980.0,12989,-1991.0,3964081.0,1991.0
Opel Astra,14990.0,14434,-556.0,309136.0,556.0
Opel Astra,14980.0,13707,-1273.0,1620529.0,1273.0
Opel Astra,14980.0,14997,17.0,289.0,17.0
Opel Astra,14980.0,14724,-256.0,65536.0,256.0
Opel Astra,14980.0,15398,418.0,174724.0,418.0
Opel Astra,14980.0,15302,322.0,103684.0,322.0
Opel Astra,14980.0,15249,269.0,72361.0,269.0
Opel Astra,14980.0,15328,348.0,121104.0,348.0
Opel Astra,14979.0,15363,384.0,147456.0,384.0
Opel Astra,14975.0,17406,2431.0,5909761.0,2431.0
Opel Astra,14978.0,15157,179.0,32041.0,179.0
Opel Astra,14900.0,16996,2096.0,4393216.0,2096.0
Opel Astra,14900.0,14818,-82.0,6724.0,82.0
Opel Astra,14900.0,16397,1497.0,2241009.0,1497.0
Opel Astra,14900.0,17325,2425.0,5880625.0,2425.0
Opel Astra,14970.0,13525,-1445.0,2088025.0,1445.0
Opel Astra,14900.0,18011,3111.0,9678321.0,3111.0
Opel Astra,14900.0,15944,1044.0,1089936.0,1044.0
Opel Astra,14900.0,17116,2216.0,4910656.0,2216.0
Opel Astra,14900.0,16720,1820.0,3312400.0,1820.0
Opel Astra,14900.0,17377,2477.0,6135529.0,2477.0
Opel Astra,14900.0,16679,1779.0,3164841.0,1779.0
Opel Astra,14900.0,16552,1652.0,2729104.0,1652.0
Opel Astra,14890.0,13446,-1444.0,2085136.0,1444.0
Opel Astra,14890.0,13375,-1515.0,2295225.0,1515.0
Opel Astra,14890.0,14667,-223.0,49729.0,223.0
Opel Astra,14890.0,14542,-348.0,121104.0,348.0
Opel Astra,14890.0,14657,-233.0,54289.0,233.0
Opel Astra,14700.0,14895,195.0,38025.0,195.0
Opel Astra,14890.0,15123,233.0,54289.0,233.0
Opel Astra,14880.0,14505,-375.0,140625.0,375.0
Opel Astra,14879.0,14271,-608.0,369664.0,608.0
Opel Astra,14870.0,15952,1082.0,1170724.0,1082.0
Opel Astra,14700.0,14659,-41.0,1681.0,41.0
Opel Astra,14700.0,16924,2224.0,4946176.0,2224.0
Opel Astra,14700.0,15525,825.0,680625.0,825.0
Opel Astra,14700.0,16981,2281.0,5202961.0,2281.0
Opel Astra,14693.0,13087,-1606.0,2579236.0,1606.0
Opel Astra,14690.0,14503,-187.0,34969.0,187.0
Opel Astra,14690.0,15075,385.0,148225.0,385.0
Opel Astra,14690.0,18546,3856.0,14868736.0,3856.0
Opel Astra,14660.0,14546,-114.0,12996.0,114.0
Opel Astra,14650.0,14155,-495.0,245025.0,495.0
Opel Astra,14590.0,14494,-96.0,9216.0,96.0
Opel Astra,14555.0,16511,1956.0,3825936.0,1956.0
Opel Astra,14579.0,15222,643.0,413449.0,643.0
Opel Astra,14590.0,14254,-336.0,112896.0,336.0
Opel Astra,14800.0,15033,233.0,54289.0,233.0
Opel Astra,14800.0,15331,531.0,281961.0,531.0
Opel Astra,14800.0,15009,209.0,43681.0,209.0
Opel Astra,14800.0,15636,836.0,698896.0,836.0
Opel Astra,14800.0,14936,136.0,18496.0,136.0
Opel Astra,14800.0,14948,148.0,21904.0,148.0
Opel Astra,14800.0,15348,548.0,300304.0,548.0
Opel Astra,14800.0,15205,405.0,164025.0,405.0
Opel Astra,14800.0,15135,335.0,112225.0,335.0
Opel Astra,14800.0,17209,2409.0,5803281.0,2409.0
Opel Astra,14800.0,17026,2226.0,4955076.0,2226.0
Opel Astra,14800.0,17071,2271.0,5157441.0,2271.0
Opel Astra,14790.0,14772,-18.0,324.0,18.0
Opel Astra,14790.0,18036,3246.0,10536516.0,3246.0
Opel Astra,14790.0,13536,-1254.0,1572516.0,1254.0
Opel Astra,14785.0,17925,3140.0,9859600.0,3140.0
Opel Astra,14100.0,13710,-390.0,152100.0,390.0
Opel Astra,14750.0,11657,-3093.0,9566649.0,3093.0
Opel Astra,14150.0,17297,3147.0,9903609.0,3147.0
Opel Astra,14750.0,12493,-2257.0,5094049.0,2257.0
Opel Astra,13999.0,14708,709.0,502681.0,709.0
Opel Astra,14770.0,14605,-165.0,27225.0,165.0
Opel Astra,13998.0,13554,-444.0,197136.0,444.0
Opel Astra,13990.0,13405,-585.0,342225.0,585.0
Opel Astra,13990.0,13674,-316.0,99856.0,316.0
Opel Astra,13990.0,13473,-517.0,267289.0,517.0
Opel Astra,13990.0,14921,931.0,866761.0,931.0
Opel Astra,13990.0,12520,-1470.0,2160900.0,1470.0
Opel Astra,13990.0,13557,-433.0,187489.0,433.0
Opel Astra,13990.0,14423,433.0,187489.0,433.0
Opel Astra,13990.0,14640,650.0,422500.0,650.0
Opel Astra,13990.0,12042,-1948.0,3794704.0,1948.0
Opel Astra,13990.0,17102,3112.0,9684544.0,3112.0
Opel Astra,13990.0,14753,763.0,582169.0,763.0
Opel Astra,14390.0,13338,-1052.0,1106704.0,1052.0
Opel Astra,14430.0,19185,4755.0,22610025.0,4755.0
Opel Astra,14440.0,14364,-76.0,5776.0,76.0
Opel Astra,14400.0,12239,-2161.0,4669921.0,2161.0
Opel Astra,14400.0,16700,2300.0,5290000.0,2300.0
Opel Astra,14300.0,13900,-400.0,160000.0,400.0
Opel Astra,14300.0,14463,163.0,26569.0,163.0
Opel Astra,14300.0,14404,104.0,10816.0,104.0
Opel Astra,14300.0,14004,-296.0,87616.0,296.0
Opel Astra,14300.0,16506,2206.0,4866436.0,2206.0
Opel Astra,14299.0,13559,-740.0,547600.0,740.0
Opel Astra,14290.0,13438,-852.0,725904.0,852.0
Opel Astra,14300.0,14927,627.0,393129.0,627.0
Opel Astra,14290.0,14094,-196.0,38416.0,196.0
Opel Astra,14275.0,15310,1035.0,1071225.0,1035.0
Opel Astra,13400.0,14209,809.0,654481.0,809.0
Opel Astra,14250.0,15095,845.0,714025.0,845.0
Opel Astra,13400.0,13497,97.0,9409.0,97.0
Opel Astra,13300.0,13752,452.0,204304.0,452.0
Opel Astra,13300.0,15785,2485.0,6175225.0,2485.0
Opel Astra,13400.0,13939,539.0,290521.0,539.0
Opel Astra,13300.0,13761,461.0,212521.0,461.0
Opel Astra,13250.0,12977,-273.0,74529.0,273.0
Opel Astra,13000.0,15213,2213.0,4897369.0,2213.0
Opel Astra,13100.0,13968,868.0,753424.0,868.0
Opel Astra,13200.0,14009,809.0,654481.0,809.0
Opel Astra,13980.0,12603,-1377.0,1896129.0,1377.0
Opel Astra,13980.0,13205,-775.0,600625.0,775.0
Opel Astra,13100.0,13776,676.0,456976.0,676.0
Opel Astra,13979.0,14571,592.0,350464.0,592.0
Opel Astra,13950.0,14797,847.0,717409.0,847.0
Opel Astra,13929.0,17871,3942.0,15539364.0,3942.0
Opel Astra,13950.0,15434,1484.0,2202256.0,1484.0
Opel Astra,13945.0,17258,3313.0,10975969.0,3313.0
Opel Astra,13900.0,14030,130.0,16900.0,130.0
Opel Astra,13900.0,19526,5626.0,31651876.0,5626.0
Opel Astra,13900.0,14274,374.0,139876.0,374.0
Opel Astra,13900.0,14800,900.0,810000.0,900.0
Opel Astra,13900.0,16369,2469.0,6095961.0,2469.0
Opel Astra,13900.0,12552,-1348.0,1817104.0,1348.0
Opel Astra,13900.0,14223,323.0,104329.0,323.0
Opel Astra,13899.0,15115,1216.0,1478656.0,1216.0
Opel Astra,13900.0,16218,2318.0,5373124.0,2318.0
Opel Astra,13899.0,15115,1216.0,1478656.0,1216.0
Opel Astra,13899.0,15242,1343.0,1803649.0,1343.0
Opel Astra,13899.0,15156,1257.0,1580049.0,1257.0
Opel Astra,14500.0,14422,-78.0,6084.0,78.0
Opel Astra,14500.0,15255,755.0,570025.0,755.0
Opel Astra,14499.0,13219,-1280.0,1638400.0,1280.0
Opel Astra,14490.0,14634,144.0,20736.0,144.0
Opel Astra,14490.0,14914,424.0,179776.0,424.0
Opel Astra,14490.0,12873,-1617.0,2614689.0,1617.0
Opel Astra,14490.0,14154,-336.0,112896.0,336.0
Opel Astra,14490.0,14614,124.0,15376.0,124.0
Opel Astra,14490.0,17310,2820.0,7952400.0,2820.0
Opel Astra,14490.0,14996,506.0,256036.0,506.0
Opel Astra,14490.0,16962,2472.0,6110784.0,2472.0
Opel Astra,14480.0,13673,-807.0,651249.0,807.0
Opel Astra,14489.0,13389,-1100.0,1210000.0,1100.0
Opel Astra,14480.0,13728,-752.0,565504.0,752.0
Opel Astra,14490.0,18196,3706.0,13734436.0,3706.0
Opel Astra,14480.0,14417,-63.0,3969.0,63.0
Opel Astra,14450.0,14232,-218.0,47524.0,218.0
Opel Astra,13850.0,13426,-424.0,179776.0,424.0
Opel Astra,14450.0,15734,1284.0,1648656.0,1284.0
Opel Astra,13850.0,14337,487.0,237169.0,487.0
Opel Astra,13770.0,15194,1424.0,2027776.0,1424.0
Opel Astra,13750.0,14091,341.0,116281.0,341.0
Opel Astra,13700.0,15972,2272.0,5161984.0,2272.0
Opel Astra,13700.0,14397,697.0,485809.0,697.0
Opel Astra,13700.0,14128,428.0,183184.0,428.0
Opel Astra,13690.0,14485,795.0,632025.0,795.0
Opel Astra,13700.0,14145,445.0,198025.0,445.0
Opel Astra,13700.0,13991,291.0,84681.0,291.0
Opel Astra,13690.0,14332,642.0,412164.0,642.0
Opel Astra,13690.0,14136,446.0,198916.0,446.0
Opel Astra,13490.0,14462,972.0,944784.0,972.0
Opel Astra,13479.0,13745,266.0,70756.0,266.0
Opel Astra,13400.0,13973,573.0,328329.0,573.0
Opel Astra,13480.0,13072,-408.0,166464.0,408.0
Opel Astra,19865.0,24955,5090.0,25908100.0,5090.0
Opel Astra,19710.0,21587,1877.0,3523129.0,1877.0
Opel Astra,19825.0,21575,1750.0,3062500.0,1750.0
Opel Astra,19500.0,22192,2692.0,7246864.0,2692.0
Opel Astra,19500.0,21164,1664.0,2768896.0,1664.0
Opel Astra,20715.0,26122,5407.0,29235649.0,5407.0
Opel Astra,25490.0,19725,-5765.0,33235225.0,5765.0
Opel Astra,25365.0,21275,-4090.0,16728100.0,4090.0
Opel Astra,19940.0,21940,2000.0,4000000.0,2000.0
Opel Astra,25345.0,22450,-2895.0,8381025.0,2895.0
Opel Astra,25345.0,26023,678.0,459684.0,678.0
Opel Astra,25500.0,25286,-214.0,45796.0,214.0
Opel Astra,27350.0,26749,-601.0,361201.0,601.0
Opel Astra,32950.0,29468,-3482.0,12124324.0,3482.0
Opel Astra,32590.0,28376,-4214.0,17757796.0,4214.0
Opel Astra,30950.0,30437,-513.0,263169.0,513.0
Opel Astra,31990.0,27056,-4934.0,24344356.0,4934.0
Opel Astra,31990.0,31305,-685.0,469225.0,685.0
Opel Astra,32440.0,28757,-3683.0,13564489.0,3683.0
Opel Astra,32302.0,29392,-2910.0,8468100.0,2910.0
Opel Astra,29824.0,28736,-1088.0,1183744.0,1088.0
Opel Astra,30390.0,27156,-3234.0,10458756.0,3234.0
Opel Astra,30850.0,31343,493.0,243049.0,493.0
Opel Astra,30750.0,29056,-1694.0,2869636.0,1694.0
Opel Astra,30169.0,30472,303.0,91809.0,303.0
Opel Astra,30950.0,27689,-3261.0,10634121.0,3261.0
Opel Astra,30650.0,31368,718.0,515524.0,718.0
Opel Astra,30887.0,30393,-494.0,244036.0,494.0
Opel Astra,30900.0,29689,-1211.0,1466521.0,1211.0
Opel Astra,30895.0,26253,-4642.0,21548164.0,4642.0
Opel Astra,29990.0,23822,-6168.0,38044224.0,6168.0
Opel Astra,29990.0,30819,829.0,687241.0,829.0
Opel Astra,30125.0,24675,-5450.0,29702500.0,5450.0
Opel Astra,29990.0,23084,-6906.0,47692836.0,6906.0
Opel Astra,29990.0,26291,-3699.0,13682601.0,3699.0
Opel Astra,29990.0,24018,-5972.0,35664784.0,5972.0
Opel Astra,29989.0,28547,-1442.0,2079364.0,1442.0
Opel Astra,29900.0,32635,2735.0,7480225.0,2735.0
Opel Astra,29900.0,30008,108.0,11664.0,108.0
Opel Astra,39433.0,34677,-4756.0,22619536.0,4756.0
Opel Astra,37995.0,31751,-6244.0,38987536.0,6244.0
Opel Astra,29950.0,26341,-3609.0,13024881.0,3609.0
Opel Astra,37995.0,31913,-6082.0,36990724.0,6082.0
Opel Astra,36950.0,29883,-7067.0,49942489.0,7067.0
Opel Astra,36950.0,31877,-5073.0,25735329.0,5073.0
Opel Astra,34900.0,30404,-4496.0,20214016.0,4496.0
Opel Astra,34580.0,30288,-4292.0,18421264.0,4292.0
Opel Astra,34411.0,29840,-4571.0,20894041.0,4571.0
Opel Astra,33945.0,31001,-2944.0,8667136.0,2944.0
Opel Astra,33995.0,32439,-1556.0,2421136.0,1556.0
Opel Astra,33950.0,30448,-3502.0,12264004.0,3502.0
Opel Astra,33795.0,31381,-2414.0,5827396.0,2414.0
Opel Astra,33780.0,31981,-1799.0,3236401.0,1799.0
Opel Astra,29750.0,26509,-3241.0,10504081.0,3241.0
Opel Astra,33597.0,32034,-1563.0,2442969.0,1563.0
Opel Astra,33470.0,27864,-5606.0,31427236.0,5606.0
Opel Astra,33390.0,30009,-3381.0,11431161.0,3381.0
Opel Astra,33390.0,29930,-3460.0,11971600.0,3460.0
Opel Astra,29750.0,26458,-3292.0,10837264.0,3292.0
Opel Astra,29526.0,30216,690.0,476100.0,690.0
Opel Astra,29475.0,26158,-3317.0,11002489.0,3317.0
Opel Astra,28998.0,24571,-4427.0,19598329.0,4427.0
Opel Astra,28989.0,30462,1473.0,2169729.0,1473.0
Opel Astra,28980.0,31539,2559.0,6548481.0,2559.0
Opel Astra,28950.0,27174,-1776.0,3154176.0,1776.0
Opel Astra,28940.0,25792,-3148.0,9909904.0,3148.0
Opel Astra,28900.0,25175,-3725.0,13875625.0,3725.0
Opel Astra,28900.0,27386,-1514.0,2292196.0,1514.0
Opel Astra,28890.0,27666,-1224.0,1498176.0,1224.0
Opel Astra,28790.0,26455,-2335.0,5452225.0,2335.0
Opel Astra,28680.0,22196,-6484.0,42042256.0,6484.0
Opel Astra,28625.0,24753,-3872.0,14992384.0,3872.0
Opel Astra,28590.0,23148,-5442.0,29615364.0,5442.0
Opel Astra,28590.0,24869,-3721.0,13845841.0,3721.0
Opel Astra,28590.0,31852,3262.0,10640644.0,3262.0
Opel Astra,33095.0,26176,-6919.0,47872561.0,6919.0
Opel Astra,28590.0,25524,-3066.0,9400356.0,3066.0
Opel Astra,31950.0,25419,-6531.0,42653961.0,6531.0
Opel Astra,31890.0,30401,-1489.0,2217121.0,1489.0
Opel Astra,31840.0,28503,-3337.0,11135569.0,3337.0
Opel Astra,31940.0,29355,-2585.0,6682225.0,2585.0
Opel Astra,31250.0,29515,-1735.0,3010225.0,1735.0
Opel Astra,29850.0,26393,-3457.0,11950849.0,3457.0
Opel Astra,31246.0,23542,-7704.0,59351616.0,7704.0
Opel Astra,31246.0,24355,-6891.0,47485881.0,6891.0
Opel Astra,31246.0,24324,-6922.0,47914084.0,6922.0
Opel Astra,31125.0,30195,-930.0,864900.0,930.0
Opel Astra,30990.0,27905,-3085.0,9517225.0,3085.0
Opel Astra,30980.0,32420,1440.0,2073600.0,1440.0
Opel Astra,30950.0,31700,750.0,562500.0,750.0
Opel Astra,30995.0,28800,-2195.0,4818025.0,2195.0
Opel Astra,27150.0,28111,961.0,923521.0,961.0
Opel Astra,27450.0,22238,-5212.0,27164944.0,5212.0
Opel Astra,26990.0,28248,1258.0,1582564.0,1258.0
Opel Astra,27453.0,22639,-4814.0,23174596.0,4814.0
Opel Astra,26990.0,25086,-1904.0,3625216.0,1904.0
Opel Astra,26990.0,28259,1269.0,1610361.0,1269.0
Opel Astra,26990.0,28259,1269.0,1610361.0,1269.0
Opel Astra,26990.0,28248,1258.0,1582564.0,1258.0
Opel Astra,26990.0,26166,-824.0,678976.0,824.0
Opel Astra,26990.0,25615,-1375.0,1890625.0,1375.0
Opel Astra,26990.0,24176,-2814.0,7918596.0,2814.0
Opel Astra,26990.0,25648,-1342.0,1800964.0,1342.0
Opel Astra,26970.0,27428,458.0,209764.0,458.0
Opel Astra,26950.0,26524,-426.0,181476.0,426.0
Opel Astra,26980.0,25493,-1487.0,2211169.0,1487.0
Opel Astra,26990.0,25666,-1324.0,1752976.0,1324.0
Opel Astra,26900.0,22197,-4703.0,22118209.0,4703.0
Opel Astra,26900.0,22859,-4041.0,16329681.0,4041.0
Opel Astra,26899.0,22656,-4243.0,18003049.0,4243.0
Opel Astra,26899.0,22690,-4209.0,17715681.0,4209.0
Opel Astra,26791.0,25443,-1348.0,1817104.0,1348.0
Opel Astra,26800.0,28113,1313.0,1723969.0,1313.0
Opel Astra,26799.0,20786,-6013.0,36156169.0,6013.0
Opel Astra,26790.0,26348,-442.0,195364.0,442.0
Opel Astra,26780.0,25632,-1148.0,1317904.0,1148.0
Opel Astra,26590.0,25466,-1124.0,1263376.0,1124.0
Opel Astra,26580.0,24697,-1883.0,3545689.0,1883.0
Opel Astra,26540.0,23321,-3219.0,10361961.0,3219.0
Opel Astra,26490.0,21552,-4938.0,24383844.0,4938.0
Opel Astra,26490.0,24104,-2386.0,5692996.0,2386.0
Opel Astra,26490.0,20926,-5564.0,30958096.0,5564.0
Opel Astra,26441.0,26284,-157.0,24649.0,157.0
Opel Astra,26290.0,21375,-4915.0,24157225.0,4915.0
Opel Astra,26195.0,22887,-3308.0,10942864.0,3308.0
Opel Astra,25990.0,24307,-1683.0,2832489.0,1683.0
Opel Astra,25990.0,24926,-1064.0,1132096.0,1064.0
Opel Astra,26441.0,26411,-30.0,900.0,30.0
Opel Astra,26341.0,26130,-211.0,44521.0,211.0
Opel Astra,26899.0,22637,-4262.0,18164644.0,4262.0
Opel Astra,25950.0,31933,5983.0,35796289.0,5983.0
Opel Astra,25999.0,21942,-4057.0,16459249.0,4057.0
Opel Astra,25990.0,26446,456.0,207936.0,456.0
Opel Astra,25900.0,23693,-2207.0,4870849.0,2207.0
Opel Astra,25940.0,22920,-3020.0,9120400.0,3020.0
Opel Astra,25980.0,25448,-532.0,283024.0,532.0
Opel Astra,25899.0,26714,815.0,664225.0,815.0
Opel Astra,25850.0,26109,259.0,67081.0,259.0
Opel Astra,25850.0,25335,-515.0,265225.0,515.0
Opel Astra,25750.0,25543,-207.0,42849.0,207.0
Opel Astra,25740.0,23741,-1999.0,3996001.0,1999.0
Opel Astra,25700.0,24163,-1537.0,2362369.0,1537.0
Opel Astra,25575.0,26697,1122.0,1258884.0,1122.0
Opel Astra,25575.0,22610,-2965.0,8791225.0,2965.0
Opel Astra,25560.0,22135,-3425.0,11730625.0,3425.0
Opel Astra,25550.0,25581,31.0,961.0,31.0
Opel Astra,28541.0,25924,-2617.0,6848689.0,2617.0
Opel Astra,28500.0,26542,-1958.0,3833764.0,1958.0
Opel Astra,28490.0,28972,482.0,232324.0,482.0
Opel Astra,28489.0,25396,-3093.0,9566649.0,3093.0
Opel Astra,28489.0,24877,-3612.0,13046544.0,3612.0
Opel Astra,25550.0,25838,288.0,82944.0,288.0
Opel Astra,28435.0,21238,-7197.0,51796809.0,7197.0
Opel Astra,28390.0,23121,-5269.0,27762361.0,5269.0
Opel Astra,28300.0,26725,-1575.0,2480625.0,1575.0
Opel Astra,28225.0,24252,-3973.0,15784729.0,3973.0
Opel Astra,28300.0,26453,-1847.0,3411409.0,1847.0
Opel Astra,27990.0,26651,-1339.0,1792921.0,1339.0
Opel Astra,27990.0,25277,-2713.0,7360369.0,2713.0
Opel Astra,27989.0,30493,2504.0,6270016.0,2504.0
Opel Astra,27990.0,21410,-6580.0,43296400.0,6580.0
Opel Astra,27950.0,25401,-2549.0,6497401.0,2549.0
Opel Astra,27948.0,22351,-5597.0,31326409.0,5597.0
Opel Astra,27940.0,26744,-1196.0,1430416.0,1196.0
Opel Astra,27889.0,25880,-2009.0,4036081.0,2009.0
Opel Astra,27690.0,29879,2189.0,4791721.0,2189.0
Opel Astra,27490.0,26563,-927.0,859329.0,927.0
Opel Astra,25290.0,22041,-3249.0,10556001.0,3249.0
Opel Astra,25290.0,23980,-1310.0,1716100.0,1310.0
Opel Astra,25225.0,26414,1189.0,1413721.0,1189.0
Opel Astra,25225.0,22365,-2860.0,8179600.0,2860.0
Opel Astra,25140.0,23121,-2019.0,4076361.0,2019.0
Opel Astra,24990.0,24801,-189.0,35721.0,189.0
Opel Astra,24990.0,23629,-1361.0,1852321.0,1361.0
Opel Astra,24979.0,24672,-307.0,94249.0,307.0
Opel Astra,24960.0,23462,-1498.0,2244004.0,1498.0
Opel Astra,24940.0,23331,-1609.0,2588881.0,1609.0
Opel Astra,24790.0,28094,3304.0,10916416.0,3304.0
Opel Astra,24989.0,26227,1238.0,1532644.0,1238.0
Opel Astra,24950.0,32114,7164.0,51322896.0,7164.0
Opel Astra,24890.0,23807,-1083.0,1172889.0,1083.0
Opel Astra,24790.0,23284,-1506.0,2268036.0,1506.0
Opel Astra,24860.0,25569,709.0,502681.0,709.0
Opel Astra,24750.0,25766,1016.0,1032256.0,1016.0
Opel Astra,24690.0,22517,-2173.0,4721929.0,2173.0
Opel Astra,24590.0,23262,-1328.0,1763584.0,1328.0
Opel Astra,24645.0,20545,-4100.0,16810000.0,4100.0
Opel Astra,24750.0,25785,1035.0,1071225.0,1035.0
Opel Astra,24565.0,25879,1314.0,1726596.0,1314.0
Opel Astra,24535.0,26258,1723.0,2968729.0,1723.0
Opel Astra,24535.0,22250,-2285.0,5221225.0,2285.0
Opel Astra,24390.0,26310,1920.0,3686400.0,1920.0
Opel Astra,24390.0,26347,1957.0,3829849.0,1957.0
Opel Astra,24390.0,22961,-1429.0,2042041.0,1429.0
Opel Astra,24195.0,26051,1856.0,3444736.0,1856.0
Opel Astra,24195.0,25744,1549.0,2399401.0,1549.0
Opel Astra,24490.0,24251,-239.0,57121.0,239.0
Opel Astra,24195.0,22263,-1932.0,3732624.0,1932.0
Opel Astra,23990.0,25475,1485.0,2205225.0,1485.0
Opel Astra,21900.0,22186,286.0,81796.0,286.0
Opel Astra,21900.0,22596,696.0,484416.0,696.0
Opel Astra,21900.0,21249,-651.0,423801.0,651.0
Opel Astra,21845.0,26165,4320.0,18662400.0,4320.0
Opel Astra,21834.0,20452,-1382.0,1909924.0,1382.0
Opel Astra,21815.0,24568,2753.0,7579009.0,2753.0
Opel Astra,21815.0,22369,554.0,306916.0,554.0
Opel Astra,21715.0,22835,1120.0,1254400.0,1120.0
Opel Astra,21658.0,22041,383.0,146689.0,383.0
Opel Astra,21480.0,21874,394.0,155236.0,394.0
Opel Astra,21450.0,21950,500.0,250000.0,500.0
Opel Astra,21745.0,25736,3991.0,15928081.0,3991.0
Opel Astra,21490.0,24279,2789.0,7778521.0,2789.0
Opel Astra,21445.0,24080,2635.0,6943225.0,2635.0
Opel Astra,21360.0,20706,-654.0,427716.0,654.0
Opel Astra,23990.0,25554,1564.0,2446096.0,1564.0
Opel Astra,21334.0,20702,-632.0,399424.0,632.0
Opel Astra,21300.0,21428,128.0,16384.0,128.0
Opel Astra,21005.0,25210,4205.0,17682025.0,4205.0
Opel Astra,20989.0,24125,3136.0,9834496.0,3136.0
Opel Astra,23940.0,22494,-1446.0,2090916.0,1446.0
Opel Astra,23940.0,21991,-1949.0,3798601.0,1949.0
Opel Astra,23940.0,22263,-1677.0,2812329.0,1677.0
Opel Astra,23940.0,22133,-1807.0,3265249.0,1807.0
Opel Astra,23940.0,22515,-1425.0,2030625.0,1425.0
Opel Astra,23940.0,22099,-1841.0,3389281.0,1841.0
Opel Astra,23940.0,22166,-1774.0,3147076.0,1774.0
Opel Astra,23940.0,22685,-1255.0,1575025.0,1255.0
Opel Astra,23940.0,22072,-1868.0,3489424.0,1868.0
Opel Astra,23845.0,23650,-195.0,38025.0,195.0
Opel Astra,23740.0,22144,-1596.0,2547216.0,1596.0
Opel Astra,23640.0,21306,-2334.0,5447556.0,2334.0
Opel Astra,23625.0,23230,-395.0,156025.0,395.0
Opel Astra,23755.0,26738,2983.0,8898289.0,2983.0
Opel Astra,23620.0,21301,-2319.0,5377761.0,2319.0
Opel Astra,23600.0,23704,104.0,10816.0,104.0
Opel Astra,23595.0,21945,-1650.0,2722500.0,1650.0
Opel Astra,20685.0,22525,1840.0,3385600.0,1840.0
Opel Astra,20663.0,21675,1012.0,1024144.0,1012.0
Opel Astra,23580.0,23146,-434.0,188356.0,434.0
Opel Astra,20640.0,21984,1344.0,1806336.0,1344.0
Opel Astra,20640.0,21523,883.0,779689.0,883.0
Opel Astra,20605.0,25544,4939.0,24393721.0,4939.0
Opel Astra,20295.0,23470,3175.0,10080625.0,3175.0
Opel Astra,20590.0,22026,1436.0,2062096.0,1436.0
Opel Astra,20185.0,22949,2764.0,7639696.0,2764.0
Opel Astra,20185.0,22554,2369.0,5612161.0,2369.0
Opel Astra,19990.0,21580,1590.0,2528100.0,1590.0
Opel Astra,20295.0,23729,3434.0,11792356.0,3434.0
Opel Astra,19990.0,21226,1236.0,1527696.0,1236.0
Opel Astra,19940.0,21838,1898.0,3602404.0,1898.0
Opel Astra,19940.0,21970,2030.0,4120900.0,2030.0
Opel Astra,19940.0,21991,2051.0,4206601.0,2051.0
Opel Astra,20980.0,21979,999.0,998001.0,999.0
Opel Astra,23505.0,23241,-264.0,69696.0,264.0
Opel Astra,23520.0,25322,1802.0,3247204.0,1802.0
Opel Astra,23550.0,22223,-1327.0,1760929.0,1327.0
Opel Astra,19940.0,21886,1946.0,3786916.0,1946.0
Opel Astra,23499.0,20383,-3116.0,9709456.0,3116.0
Opel Astra,23490.0,22330,-1160.0,1345600.0,1160.0
Opel Astra,23490.0,23818,328.0,107584.0,328.0
Opel Astra,23465.0,21264,-2201.0,4844401.0,2201.0
Opel Astra,23435.0,21985,-1450.0,2102500.0,1450.0
Opel Astra,23400.0,22701,-699.0,488601.0,699.0
Opel Astra,23400.0,19723,-3677.0,13520329.0,3677.0
Opel Astra,23390.0,23755,365.0,133225.0,365.0
Opel Astra,23290.0,24620,1330.0,1768900.0,1330.0
Opel Astra,23200.0,23188,-12.0,144.0,12.0
Opel Astra,23150.0,24881,1731.0,2996361.0,1731.0
Opel Astra,23130.0,20902,-2228.0,4963984.0,2228.0
Opel Astra,22995.0,23682,687.0,471969.0,687.0
Opel Astra,22989.0,22515,-474.0,224676.0,474.0
Opel Astra,22839.0,23595,756.0,571536.0,756.0
Opel Astra,22815.0,23306,491.0,241081.0,491.0
Opel Astra,22950.0,23976,1026.0,1052676.0,1026.0
Opel Astra,22900.0,24782,1882.0,3541924.0,1882.0
Opel Astra,22690.0,21477,-1213.0,1471369.0,1213.0
Opel Astra,22655.0,25231,2576.0,6635776.0,2576.0
Opel Astra,22615.0,26893,4278.0,18301284.0,4278.0
Opel Astra,22590.0,23958,1368.0,1871424.0,1368.0
Opel Astra,22590.0,23640,1050.0,1102500.0,1050.0
Opel Astra,22590.0,23819,1229.0,1510441.0,1229.0
Opel Astra,22590.0,23889,1299.0,1687401.0,1299.0
Opel Astra,22555.0,24653,2098.0,4401604.0,2098.0
Opel Astra,22839.0,23558,719.0,516961.0,719.0
Opel Astra,22490.0,21536,-954.0,910116.0,954.0
Opel Astra,22490.0,23195,705.0,497025.0,705.0
Opel Astra,22475.0,22971,496.0,246016.0,496.0
Opel Astra,22185.0,24375,2190.0,4796100.0,2190.0
Opel Astra,22405.0,21682,-723.0,522729.0,723.0
Opel Astra,22290.0,20036,-2254.0,5080516.0,2254.0
Opel Astra,22285.0,25030,2745.0,7535025.0,2745.0
Opel Astra,22275.0,22256,-19.0,361.0,19.0
Opel Astra,21990.0,25295,3305.0,10923025.0,3305.0
Opel Astra,19940.0,21985,2045.0,4182025.0,2045.0
Opel Astra,19940.0,21401,1461.0,2134521.0,1461.0
Opel Astra,19499.0,21014,1515.0,2295225.0,1515.0
Opel Astra,19934.0,21850,1916.0,3671056.0,1916.0
Opel Astra,19490.0,21614,2124.0,4511376.0,2124.0
Opel Astra,19495.0,21249,1754.0,3076516.0,1754.0
Opel Astra,19480.0,22055,2575.0,6630625.0,2575.0
Opel Astra,19495.0,21208,1713.0,2934369.0,1713.0
Opel Astra,19940.0,21827,1887.0,3560769.0,1887.0
Opel Astra,19480.0,20329,849.0,720801.0,849.0
Opel Astra,16073.0,18285,2212.0,4892944.0,2212.0
Opel Astra,15999.0,18962,2963.0,8779369.0,2963.0
Opel Astra,15990.0,18394,2404.0,5779216.0,2404.0
Opel Astra,15990.0,16124,134.0,17956.0,134.0
Opel Astra,15990.0,15957,-33.0,1089.0,33.0
Opel Astra,15990.0,15014,-976.0,952576.0,976.0
Opel Astra,15990.0,14160,-1830.0,3348900.0,1830.0
Opel Astra,15990.0,15200,-790.0,624100.0,790.0
Opel Astra,15990.0,16192,202.0,40804.0,202.0
Opel Astra,16500.0,17931,1431.0,2047761.0,1431.0
Opel Astra,16080.0,17672,1592.0,2534464.0,1592.0
Opel Astra,16900.0,14426,-2474.0,6120676.0,2474.0
Opel Astra,16900.0,17901,1001.0,1002001.0,1001.0
Opel Astra,16900.0,17894,994.0,988036.0,994.0
Opel Astra,16900.0,17798,898.0,806404.0,898.0
Opel Astra,16895.0,17772,877.0,769129.0,877.0
Opel Astra,16899.0,16826,-73.0,5329.0,73.0
Opel Astra,16995.0,17989,994.0,988036.0,994.0
Opel Astra,17445.0,16716,-729.0,531441.0,729.0
Opel Astra,16990.0,16846,-144.0,20736.0,144.0
Opel Astra,16977.0,19151,2174.0,4726276.0,2174.0
Opel Astra,17438.0,20113,2675.0,7155625.0,2675.0
Opel Astra,17415.0,20399,2984.0,8904256.0,2984.0
Opel Astra,17400.0,16545,-855.0,731025.0,855.0
Opel Astra,16990.0,17678,688.0,473344.0,688.0
Opel Astra,17500.0,20650,3150.0,9922500.0,3150.0
Opel Astra,17800.0,17566,-234.0,54756.0,234.0
Opel Astra,17790.0,20964,3174.0,10074276.0,3174.0
Opel Astra,17790.0,14945,-2845.0,8094025.0,2845.0
Opel Astra,17714.0,18870,1156.0,1336336.0,1156.0
Opel Astra,17500.0,18825,1325.0,1755625.0,1325.0
Opel Astra,17740.0,19699,1959.0,3837681.0,1959.0
Opel Astra,17714.0,19060,1346.0,1811716.0,1346.0
Opel Astra,17800.0,16410,-1390.0,1932100.0,1390.0
Opel Astra,17714.0,19174,1460.0,2131600.0,1460.0
Opel Astra,17690.0,19963,2273.0,5166529.0,2273.0
Opel Astra,17690.0,19884,2194.0,4813636.0,2194.0
Opel Astra,17690.0,14723,-2967.0,8803089.0,2967.0
Opel Astra,17678.0,18528,850.0,722500.0,850.0
Opel Astra,17600.0,19907,2307.0,5322249.0,2307.0
Opel Astra,17590.0,19182,1592.0,2534464.0,1592.0
Opel Astra,17575.0,18254,679.0,461041.0,679.0
Opel Astra,17500.0,16718,-782.0,611524.0,782.0
Opel Astra,17570.0,19225,1655.0,2739025.0,1655.0
Opel Astra,17560.0,18045,485.0,235225.0,485.0
Opel Astra,17559.0,17797,238.0,56644.0,238.0
Opel Astra,17500.0,16548,-952.0,906304.0,952.0
Opel Astra,17500.0,16333,-1167.0,1361889.0,1167.0
Opel Astra,17490.0,17135,-355.0,126025.0,355.0
Opel Astra,17500.0,16446,-1054.0,1110916.0,1054.0
Opel Astra,17500.0,16548,-952.0,906304.0,952.0
Opel Astra,17490.0,17388,-102.0,10404.0,102.0
Opel Astra,17490.0,15541,-1949.0,3798601.0,1949.0
Opel Astra,17500.0,16619,-881.0,776161.0,881.0
Opel Astra,17490.0,18673,1183.0,1399489.0,1183.0
Opel Astra,17490.0,18764,1274.0,1623076.0,1274.0
Opel Astra,17490.0,18879,1389.0,1929321.0,1389.0
Opel Astra,17450.0,16267,-1183.0,1399489.0,1183.0
Opel Astra,17450.0,15201,-2249.0,5058001.0,2249.0
Opel Astra,16990.0,18698,1708.0,2917264.0,1708.0
Opel Astra,16990.0,19214,2224.0,4946176.0,2224.0
Opel Astra,17475.0,19363,1888.0,3564544.0,1888.0
Opel Astra,16990.0,18003,1013.0,1026169.0,1013.0
Opel Astra,16990.0,14935,-2055.0,4223025.0,2055.0
Opel Astra,16990.0,21445,4455.0,19847025.0,4455.0
Opel Astra,16990.0,16411,-579.0,335241.0,579.0
Opel Astra,16990.0,18041,1051.0,1104601.0,1051.0
Opel Astra,16990.0,18252,1262.0,1592644.0,1262.0
Opel Astra,16990.0,18070,1080.0,1166400.0,1080.0
Opel Astra,16990.0,18338,1348.0,1817104.0,1348.0
Opel Astra,16990.0,17868,878.0,770884.0,878.0
Opel Astra,16990.0,20567,3577.0,12794929.0,3577.0
Opel Astra,16990.0,17041,51.0,2601.0,51.0
Opel Astra,16990.0,15968,-1022.0,1044484.0,1022.0
Opel Astra,16990.0,16567,-423.0,178929.0,423.0
Opel Astra,16990.0,16542,-448.0,200704.0,448.0
Opel Astra,16990.0,15856,-1134.0,1285956.0,1134.0
Opel Astra,16990.0,15610,-1380.0,1904400.0,1380.0
Opel Astra,17450.0,14828,-2622.0,6874884.0,2622.0
Opel Astra,16990.0,16773,-217.0,47089.0,217.0
Opel Astra,16990.0,17625,635.0,403225.0,635.0
Opel Astra,16990.0,14888,-2102.0,4418404.0,2102.0
Opel Astra,16990.0,16071,-919.0,844561.0,919.0
Opel Astra,16977.0,18365,1388.0,1926544.0,1388.0
Opel Astra,16977.0,19087,2110.0,4452100.0,2110.0
Opel Astra,16989.0,15725,-1264.0,1597696.0,1264.0
Opel Astra,16977.0,19010,2033.0,4133089.0,2033.0
Opel Astra,16977.0,19113,2136.0,4562496.0,2136.0
Opel Astra,16977.0,19151,2174.0,4726276.0,2174.0
Opel Astra,16977.0,19087,2110.0,4452100.0,2110.0
Opel Astra,16977.0,17123,146.0,21316.0,146.0
Opel Astra,16977.0,19151,2174.0,4726276.0,2174.0
Opel Astra,17400.0,18005,605.0,366025.0,605.0
Opel Astra,16977.0,19156,2179.0,4748041.0,2179.0
Opel Astra,17390.0,16692,-698.0,487204.0,698.0
Opel Astra,17390.0,16222,-1168.0,1364224.0,1168.0
Opel Astra,16977.0,19010,2033.0,4133089.0,2033.0
Opel Astra,16977.0,19156,2179.0,4748041.0,2179.0
Opel Astra,17330.0,16979,-351.0,123201.0,351.0
Opel Astra,17350.0,19441,2091.0,4372281.0,2091.0
Opel Astra,17190.0,18760,1570.0,2464900.0,1570.0
Opel Astra,17275.0,17944,669.0,447561.0,669.0
Opel Astra,17105.0,17009,-96.0,9216.0,96.0
Opel Astra,17290.0,20093,2803.0,7856809.0,2803.0
Opel Astra,17038.0,19915,2877.0,8277129.0,2877.0
Opel Astra,17015.0,18678,1663.0,2765569.0,1663.0
Opel Astra,17000.0,17182,182.0,33124.0,182.0
Opel Astra,16996.0,16021,-975.0,950625.0,975.0
Opel Astra,16873.0,17860,987.0,974169.0,987.0
Opel Astra,16999.0,19216,2217.0,4915089.0,2217.0
Opel Astra,16800.0,16932,132.0,17424.0,132.0
Opel Astra,16839.0,19417,2578.0,6646084.0,2578.0
Opel Astra,16866.0,18878,2012.0,4048144.0,2012.0
Opel Astra,16890.0,17378,488.0,238144.0,488.0
Opel Astra,16799.0,18219,1420.0,2016400.0,1420.0
Opel Astra,16790.0,19310,2520.0,6350400.0,2520.0
Opel Astra,16790.0,16549,-241.0,58081.0,241.0
Opel Astra,16772.0,15868,-904.0,817216.0,904.0
Opel Astra,16617.0,17321,704.0,495616.0,704.0
Opel Astra,16580.0,17588,1008.0,1016064.0,1008.0
Opel Astra,16500.0,18196,1696.0,2876416.0,1696.0
Opel Astra,16500.0,19401,2901.0,8415801.0,2901.0
Opel Astra,16500.0,18158,1658.0,2748964.0,1658.0
Opel Astra,16488.0,19503,3015.0,9090225.0,3015.0
Opel Astra,16490.0,15446,-1044.0,1089936.0,1044.0
Opel Astra,16490.0,14674,-1816.0,3297856.0,1816.0
Opel Astra,16489.0,15677,-812.0,659344.0,812.0
Opel Astra,16488.0,19598,3110.0,9672100.0,3110.0
Opel Astra,16464.0,18715,2251.0,5067001.0,2251.0
Opel Astra,16389.0,16854,465.0,216225.0,465.0
Opel Astra,16360.0,17133,773.0,597529.0,773.0
Opel Astra,16390.0,18001,1611.0,2595321.0,1611.0
Opel Astra,16344.0,18117,1773.0,3143529.0,1773.0
Opel Astra,16290.0,17524,1234.0,1522756.0,1234.0
Opel Astra,16344.0,18170,1826.0,3334276.0,1826.0
Opel Astra,16390.0,17517,1127.0,1270129.0,1127.0
Opel Astra,16080.0,17009,929.0,863041.0,929.0
Opel Astra,16190.0,16154,-36.0,1296.0,36.0
Opel Astra,15974.0,18936,2962.0,8773444.0,2962.0
Opel Astra,15899.0,17686,1787.0,3193369.0,1787.0
Opel Astra,16280.0,14692,-1588.0,2521744.0,1588.0
Opel Astra,15974.0,18901,2927.0,8567329.0,2927.0
Opel Astra,15953.0,17103,1150.0,1322500.0,1150.0
Opel Astra,15953.0,17008,1055.0,1113025.0,1055.0
Opel Astra,15862.0,19908,4046.0,16370116.0,4046.0
Opel Astra,15500.0,14763,-737.0,543169.0,737.0
Opel Astra,15816.0,18889,3073.0,9443329.0,3073.0
Opel Astra,15700.0,14777,-923.0,851929.0,923.0
Opel Astra,15622.0,16873,1251.0,1565001.0,1251.0
Opel Astra,15816.0,18921,3105.0,9641025.0,3105.0
Opel Astra,15500.0,16408,908.0,824464.0,908.0
Opel Astra,15490.0,16564,1074.0,1153476.0,1074.0
Opel Astra,15455.0,16751,1296.0,1679616.0,1296.0
Opel Astra,15488.0,14046,-1442.0,2079364.0,1442.0
Opel Astra,17800.0,16410,-1390.0,1932100.0,1390.0
Opel Astra,17990.0,18660,670.0,448900.0,670.0
Opel Astra,17877.0,21227,3350.0,11222500.0,3350.0
Opel Astra,17950.0,14277,-3673.0,13490929.0,3673.0
Opel Astra,17880.0,19517,1637.0,2679769.0,1637.0
Opel Astra,17877.0,21717,3840.0,14745600.0,3840.0
Opel Astra,17890.0,14797,-3093.0,9566649.0,3093.0
Opel Astra,17889.0,16341,-1548.0,2396304.0,1548.0
Opel Astra,18190.0,21316,3126.0,9771876.0,3126.0
Opel Astra,18190.0,21814,3624.0,13133376.0,3624.0
Opel Astra,18190.0,19892,1702.0,2896804.0,1702.0
Opel Astra,18190.0,19587,1397.0,1951609.0,1397.0
Opel Astra,18135.0,17477,-658.0,432964.0,658.0
Opel Astra,18100.0,18610,510.0,260100.0,510.0
Opel Astra,18590.0,19150,560.0,313600.0,560.0
Opel Astra,18750.0,20202,1452.0,2108304.0,1452.0
Opel Astra,18190.0,16968,-1222.0,1493284.0,1222.0
Opel Astra,18758.0,18546,-212.0,44944.0,212.0
Opel Astra,18440.0,19819,1379.0,1901641.0,1379.0
Opel Astra,18990.0,19685,695.0,483025.0,695.0
Opel Astra,18490.0,18115,-375.0,140625.0,375.0
Opel Astra,18400.0,17825,-575.0,330625.0,575.0
Opel Astra,18450.0,17670,-780.0,608400.0,780.0
Opel Astra,18950.0,17467,-1483.0,2199289.0,1483.0
Opel Astra,18990.0,24902,5912.0,34951744.0,5912.0
Opel Astra,18990.0,22982,3992.0,15936064.0,3992.0
Opel Astra,18989.0,22315,3326.0,11062276.0,3326.0
Opel Astra,18940.0,19968,1028.0,1056784.0,1028.0
Opel Astra,18940.0,20536,1596.0,2547216.0,1596.0
Opel Astra,18903.0,20015,1112.0,1236544.0,1112.0
Opel Astra,18890.0,17608,-1282.0,1643524.0,1282.0
Opel Astra,18890.0,19440,550.0,302500.0,550.0
Opel Astra,18890.0,19865,975.0,950625.0,975.0
Opel Astra,18890.0,19288,398.0,158404.0,398.0
Opel Astra,18990.0,19381,391.0,152881.0,391.0
Opel Astra,18890.0,20949,2059.0,4239481.0,2059.0
Opel Astra,18890.0,22563,3673.0,13490929.0,3673.0
Opel Astra,18990.0,17715,-1275.0,1625625.0,1275.0
Opel Astra,18990.0,20896,1906.0,3632836.0,1906.0
Opel Astra,18980.0,18310,-670.0,448900.0,670.0
Opel Astra,18980.0,18750,-230.0,52900.0,230.0
Opel Astra,18980.0,18345,-635.0,403225.0,635.0
Opel Astra,18980.0,18920,-60.0,3600.0,60.0
Opel Astra,18988.0,18602,-386.0,148996.0,386.0
Opel Astra,18980.0,19045,65.0,4225.0,65.0
Opel Astra,18980.0,18530,-450.0,202500.0,450.0
Opel Astra,18980.0,17590,-1390.0,1932100.0,1390.0
Opel Astra,18979.0,18320,-659.0,434281.0,659.0
Opel Astra,18979.0,17045,-1934.0,3740356.0,1934.0
Opel Astra,18965.0,21045,2080.0,4326400.0,2080.0
Opel Astra,18980.0,17421,-1559.0,2430481.0,1559.0
Opel Astra,18965.0,20117,1152.0,1327104.0,1152.0
Opel Astra,18950.0,18984,34.0,1156.0,34.0
Opel Astra,18950.0,18384,-566.0,320356.0,566.0
Opel Astra,18950.0,18445,-505.0,255025.0,505.0
Opel Astra,18380.0,20157,1777.0,3157729.0,1777.0
Opel Astra,18380.0,18508,128.0,16384.0,128.0
Opel Astra,18370.0,18658,288.0,82944.0,288.0
Opel Astra,18355.0,20773,2418.0,5846724.0,2418.0
Opel Astra,18338.0,21892,3554.0,12630916.0,3554.0
Opel Astra,18305.0,18304,-1.0,1.0,1.0
Opel Astra,18300.0,17307,-993.0,986049.0,993.0
Opel Astra,18300.0,17341,-959.0,919681.0,959.0
Opel Astra,18300.0,16357,-1943.0,3775249.0,1943.0
Opel Astra,18290.0,20169,1879.0,3530641.0,1879.0
Opel Astra,18290.0,20294,2004.0,4016016.0,2004.0
Opel Astra,18260.0,17615,-645.0,416025.0,645.0
Opel Astra,18238.0,18414,176.0,30976.0,176.0
Opel Astra,18300.0,18417,117.0,13689.0,117.0
Opel Astra,18225.0,22593,4368.0,19079424.0,4368.0
Opel Astra,18190.0,19171,981.0,962361.0,981.0
Opel Astra,18890.0,17446,-1444.0,2085136.0,1444.0
Opel Astra,18790.0,18518,-272.0,73984.0,272.0
Opel Astra,18850.0,17180,-1670.0,2788900.0,1670.0
Opel Astra,18830.0,21596,2766.0,7650756.0,2766.0
Opel Astra,18798.0,18981,183.0,33489.0,183.0
Opel Astra,18790.0,17279,-1511.0,2283121.0,1511.0
Opel Astra,18790.0,16924,-1866.0,3481956.0,1866.0
Opel Astra,18790.0,17208,-1582.0,2502724.0,1582.0
Opel Astra,18990.0,20541,1551.0,2405601.0,1551.0
Opel Astra,18990.0,18539,-451.0,203401.0,451.0
Opel Astra,18990.0,19188,198.0,39204.0,198.0
Opel Astra,18990.0,19197,207.0,42849.0,207.0
Opel Astra,18990.0,19105,115.0,13225.0,115.0
Opel Astra,18990.0,18870,-120.0,14400.0,120.0
Opel Astra,18990.0,18927,-63.0,3969.0,63.0
Opel Astra,18990.0,18860,-130.0,16900.0,130.0
Opel Astra,18990.0,19152,162.0,26244.0,162.0
Opel Astra,18990.0,18528,-462.0,213444.0,462.0
Opel Astra,18990.0,18672,-318.0,101124.0,318.0
Opel Astra,18990.0,18768,-222.0,49284.0,222.0
Opel Astra,18990.0,21334,2344.0,5494336.0,2344.0
Opel Astra,18990.0,18645,-345.0,119025.0,345.0
Opel Astra,18525.0,20516,1991.0,3964081.0,1991.0
Opel Astra,18500.0,18866,366.0,133956.0,366.0
Opel Astra,18500.0,18530,30.0,900.0,30.0
Opel Astra,18950.0,18691,-259.0,67081.0,259.0
Opel Astra,18490.0,17581,-909.0,826281.0,909.0
Opel Astra,18490.0,19176,686.0,470596.0,686.0
Opel Astra,18490.0,18878,388.0,150544.0,388.0
Opel Astra,18490.0,20071,1581.0,2499561.0,1581.0
Opel Astra,18490.0,24808,6318.0,39917124.0,6318.0
Opel Astra,18490.0,18531,41.0,1681.0,41.0
Opel Astra,18480.0,21478,2998.0,8988004.0,2998.0
Opel Astra,18490.0,18860,370.0,136900.0,370.0
Opel Astra,18490.0,16956,-1534.0,2353156.0,1534.0
Opel Astra,18480.0,19058,578.0,334084.0,578.0
Opel Astra,18480.0,18482,2.0,4.0,2.0
Opel Astra,18480.0,18080,-400.0,160000.0,400.0
Opel Astra,18450.0,19345,895.0,801025.0,895.0
Opel Astra,18749.0,19960,1211.0,1466521.0,1211.0
Opel Astra,18690.0,20341,1651.0,2725801.0,1651.0
Opel Astra,18725.0,18929,204.0,41616.0,204.0
Opel Astra,18690.0,20989,2299.0,5285401.0,2299.0
Opel Astra,18690.0,18223,-467.0,218089.0,467.0
Opel Astra,18690.0,17268,-1422.0,2022084.0,1422.0
Opel Astra,18690.0,20017,1327.0,1760929.0,1327.0
Opel Astra,18690.0,17735,-955.0,912025.0,955.0
Opel Astra,18690.0,20418,1728.0,2985984.0,1728.0
Opel Astra,18690.0,19147,457.0,208849.0,457.0
Opel Astra,18683.0,18604,-79.0,6241.0,79.0
Opel Astra,18610.0,17611,-999.0,998001.0,999.0
Opel Astra,18683.0,18387,-296.0,87616.0,296.0
Opel Astra,18640.0,17114,-1526.0,2328676.0,1526.0
Opel Astra,18660.0,21818,3158.0,9972964.0,3158.0
Opel Astra,18099.0,19112,1013.0,1026169.0,1013.0
Opel Astra,18683.0,18740,57.0,3249.0,57.0
Opel Astra,18097.0,19889,1792.0,3211264.0,1792.0
Opel Astra,18090.0,20773,2683.0,7198489.0,2683.0
Opel Astra,18064.0,19014,950.0,902500.0,950.0
Opel Astra,18096.0,19815,1719.0,2954961.0,1719.0
Opel Astra,18000.0,20249,2249.0,5058001.0,2249.0
Opel Astra,18070.0,19200,1130.0,1276900.0,1130.0
Opel Astra,18070.0,17358,-712.0,506944.0,712.0
Opel Astra,17930.0,20677,2747.0,7546009.0,2747.0
Opel Astra,17992.0,21808,3816.0,14561856.0,3816.0
Opel Astra,18000.0,18134,134.0,17956.0,134.0
Opel Astra,17990.0,17947,-43.0,1849.0,43.0
Opel Astra,17992.0,21959,3967.0,15737089.0,3967.0
Opel Astra,17990.0,20446,2456.0,6031936.0,2456.0
Opel Astra,17950.0,17208,-742.0,550564.0,742.0
Opel Astra,17940.0,18577,637.0,405769.0,637.0
Opel Astra,17925.0,19807,1882.0,3541924.0,1882.0
Opel Astra,17990.0,19909,1919.0,3682561.0,1919.0
Opel Astra,17890.0,19771,1881.0,3538161.0,1881.0
Opel Astra,17890.0,19511,1621.0,2627641.0,1621.0
Opel Astra,17900.0,18922,1022.0,1044484.0,1022.0
Opel Astra,17890.0,19261,1371.0,1879641.0,1371.0
Opel Astra,17990.0,16474,-1516.0,2298256.0,1516.0
Opel Astra,17990.0,18708,718.0,515524.0,718.0
Opel Astra,17980.0,18630,650.0,422500.0,650.0
Opel Astra,17990.0,18396,406.0,164836.0,406.0
Opel Astra,17990.0,18035,45.0,2025.0,45.0
Opel Astra,17990.0,18425,435.0,189225.0,435.0
Opel Astra,17990.0,20599,2609.0,6806881.0,2609.0
Opel Astra,17990.0,20591,2601.0,6765201.0,2601.0
Opel Astra,17990.0,19871,1881.0,3538161.0,1881.0
Opel Astra,17980.0,20155,2175.0,4730625.0,2175.0
Opel Astra,17877.0,21226,3349.0,11215801.0,3349.0
Opel Astra,17990.0,16357,-1633.0,2666689.0,1633.0
Opel Astra,17877.0,21321,3444.0,11861136.0,3444.0
Opel Astra,17990.0,17219,-771.0,594441.0,771.0
Opel Astra,17877.0,21226,3349.0,11215801.0,3349.0
Opel Astra,17850.0,19773,1923.0,3697929.0,1923.0
Opel Astra,17824.0,20775,2951.0,8708401.0,2951.0
Opel Astra,17990.0,19956,1966.0,3865156.0,1966.0
Opel Astra,17990.0,18007,17.0,289.0,17.0
Opel Astra,17990.0,19879,1889.0,3568321.0,1889.0
Opel Astra,17990.0,18415,425.0,180625.0,425.0
Opel Astra,17990.0,24014,6024.0,36288576.0,6024.0
Opel Astra,17990.0,19970,1980.0,3920400.0,1980.0
Opel Astra,17990.0,21699,3709.0,13756681.0,3709.0
Opel Astra,17990.0,22201,4211.0,17732521.0,4211.0
Opel Astra,17990.0,17186,-804.0,646416.0,804.0
Opel Astra,17990.0,21014,3024.0,9144576.0,3024.0
Opel Astra,17990.0,17011,-979.0,958441.0,979.0
Opel Astra,17980.0,20741,2761.0,7623121.0,2761.0
Opel Astra,17950.0,18805,855.0,731025.0,855.0
Opel Astra,17970.0,19022,1052.0,1106704.0,1052.0
Opel Astra,17950.0,17643,-307.0,94249.0,307.0
Opel Astra,17975.0,16705,-1270.0,1612900.0,1270.0
Opel Astra,17970.0,19667,1697.0,2879809.0,1697.0
Opel Astra,17950.0,17693,-257.0,66049.0,257.0
Opel Astra,17980.0,14447,-3533.0,12482089.0,3533.0
Opel Corsa,7700.0,6919,-781.0,609961.0,781.0
Opel Corsa,9590.0,11227,1637.0,2679769.0,1637.0
Opel Corsa,10600.0,12556,1956.0,3825936.0,1956.0
Opel Corsa,10950.0,10742,-208.0,43264.0,208.0
Opel Corsa,12250.0,12575,325.0,105625.0,325.0
Opel Corsa,11490.0,11446,-44.0,1936.0,44.0
Opel Corsa,10990.0,5948,-5042.0,25421764.0,5042.0
Opel Corsa,10490.0,9642,-848.0,719104.0,848.0
Opel Corsa,12390.0,12585,195.0,38025.0,195.0
Opel Corsa,12450.0,12893,443.0,196249.0,443.0
Opel Corsa,12950.0,11683,-1267.0,1605289.0,1267.0
Opel Corsa,12990.0,13085,95.0,9025.0,95.0
Opel Corsa,12860.0,11944,-916.0,839056.0,916.0
Opel Corsa,12900.0,12688,-212.0,44944.0,212.0
Opel Corsa,12900.0,12686,-214.0,45796.0,214.0
Opel Corsa,12900.0,12940,40.0,1600.0,40.0
Opel Corsa,13576.0,12785,-791.0,625681.0,791.0
Opel Corsa,13490.0,13704,214.0,45796.0,214.0
Opel Corsa,13150.0,12149,-1001.0,1002001.0,1001.0
Opel Corsa,13200.0,10345,-2855.0,8151025.0,2855.0
Opel Corsa,13580.0,13287,-293.0,85849.0,293.0
Opel Corsa,13123.0,12024,-1099.0,1207801.0,1099.0
Opel Corsa,13450.0,16893,3443.0,11854249.0,3443.0
Opel Corsa,13490.0,12978,-512.0,262144.0,512.0
Opel Corsa,13490.0,12683,-807.0,651249.0,807.0
Opel Corsa,13650.0,12630,-1020.0,1040400.0,1020.0
Opel Corsa,13690.0,14139,449.0,201601.0,449.0
Opel Corsa,13450.0,9138,-4312.0,18593344.0,4312.0
Opel Corsa,13430.0,14372,942.0,887364.0,942.0
Opel Corsa,13440.0,12504,-936.0,876096.0,936.0
Opel Corsa,13324.0,17484,4160.0,17305600.0,4160.0
Opel Corsa,13400.0,14159,759.0,576081.0,759.0
Opel Corsa,13324.0,17338,4014.0,16112196.0,4014.0
Opel Corsa,13300.0,14431,1131.0,1279161.0,1131.0
Opel Corsa,13290.0,12863,-427.0,182329.0,427.0
Opel Corsa,13290.0,11711,-1579.0,2493241.0,1579.0
Opel Corsa,13290.0,12603,-687.0,471969.0,687.0
Opel Corsa,13290.0,12874,-416.0,173056.0,416.0
Opel Corsa,13290.0,12863,-427.0,182329.0,427.0
Opel Corsa,13288.0,15498,2210.0,4884100.0,2210.0
Opel Corsa,13290.0,12674,-616.0,379456.0,616.0
Opel Corsa,13290.0,11269,-2021.0,4084441.0,2021.0
Opel Corsa,13288.0,15934,2646.0,7001316.0,2646.0
Opel Corsa,13250.0,14768,1518.0,2304324.0,1518.0
Opel Corsa,13663.0,15790,2127.0,4524129.0,2127.0
Opel Corsa,13250.0,15708,2458.0,6041764.0,2458.0
Opel Corsa,13663.0,15790,2127.0,4524129.0,2127.0
Opel Corsa,13663.0,15688,2025.0,4100625.0,2025.0
Opel Corsa,13280.0,12554,-726.0,527076.0,726.0
Opel Corsa,13663.0,15935,2272.0,5161984.0,2272.0
Opel Corsa,13650.0,13513,-137.0,18769.0,137.0
Opel Corsa,13650.0,13163,-487.0,237169.0,487.0
Opel Corsa,13625.0,11498,-2127.0,4524129.0,2127.0
Opel Corsa,13663.0,16941,3278.0,10745284.0,3278.0
Opel Corsa,13600.0,13037,-563.0,316969.0,563.0
Opel Corsa,13650.0,12469,-1181.0,1394761.0,1181.0
Opel Corsa,13590.0,11215,-2375.0,5640625.0,2375.0
Opel Corsa,13650.0,12749,-901.0,811801.0,901.0
Opel Corsa,13585.0,12393,-1192.0,1420864.0,1192.0
Opel Corsa,13590.0,12962,-628.0,394384.0,628.0
Opel Corsa,13590.0,11768,-1822.0,3319684.0,1822.0
Opel Corsa,13490.0,13692,202.0,40804.0,202.0
Opel Corsa,13490.0,14279,789.0,622521.0,789.0
Opel Corsa,13590.0,13654,64.0,4096.0,64.0
Opel Corsa,13590.0,11792,-1798.0,3232804.0,1798.0
Opel Corsa,13480.0,12407,-1073.0,1151329.0,1073.0
Opel Corsa,13480.0,13645,165.0,27225.0,165.0
Opel Corsa,13480.0,13959,479.0,229441.0,479.0
Opel Corsa,13480.0,13632,152.0,23104.0,152.0
Opel Corsa,13480.0,14876,1396.0,1948816.0,1396.0
Opel Corsa,13480.0,12604,-876.0,767376.0,876.0
Opel Corsa,13480.0,12847,-633.0,400689.0,633.0
Opel Corsa,13480.0,13706,226.0,51076.0,226.0
Opel Corsa,13550.0,14317,767.0,588289.0,767.0
Opel Corsa,13470.0,13437,-33.0,1089.0,33.0
Opel Corsa,13470.0,13523,53.0,2809.0,53.0
Opel Corsa,13470.0,13628,158.0,24964.0,158.0
Opel Corsa,13455.0,12043,-1412.0,1993744.0,1412.0
Opel Corsa,13450.0,12915,-535.0,286225.0,535.0
Opel Corsa,13480.0,13811,331.0,109561.0,331.0
Opel Corsa,13524.0,17748,4224.0,17842176.0,4224.0
Opel Corsa,13524.0,17504,3980.0,15840400.0,3980.0
Opel Corsa,13500.0,13277,-223.0,49729.0,223.0
Opel Corsa,13500.0,10768,-2732.0,7463824.0,2732.0
Opel Corsa,13500.0,13840,340.0,115600.0,340.0
Opel Corsa,13500.0,13252,-248.0,61504.0,248.0
Opel Corsa,13524.0,17748,4224.0,17842176.0,4224.0
Opel Corsa,13490.0,13340,-150.0,22500.0,150.0
Opel Corsa,13490.0,12563,-927.0,859329.0,927.0
Opel Corsa,13490.0,11298,-2192.0,4804864.0,2192.0
Opel Corsa,13490.0,12728,-762.0,580644.0,762.0
Opel Corsa,13490.0,14536,1046.0,1094116.0,1046.0
Opel Corsa,13490.0,12859,-631.0,398161.0,631.0
Opel Corsa,13490.0,13543,53.0,2809.0,53.0
Opel Corsa,13490.0,10550,-2940.0,8643600.0,2940.0
Opel Corsa,13490.0,13965,475.0,225625.0,475.0
Opel Corsa,12990.0,12776,-214.0,45796.0,214.0
Opel Corsa,13050.0,14918,1868.0,3489424.0,1868.0
Opel Corsa,12999.0,12370,-629.0,395641.0,629.0
Opel Corsa,12990.0,11845,-1145.0,1311025.0,1145.0
Opel Corsa,12990.0,12962,-28.0,784.0,28.0
Opel Corsa,12999.0,14024,1025.0,1050625.0,1025.0
Opel Corsa,12990.0,12445,-545.0,297025.0,545.0
Opel Corsa,12990.0,12787,-203.0,41209.0,203.0
Opel Corsa,12990.0,12357,-633.0,400689.0,633.0
Opel Corsa,12990.0,12427,-563.0,316969.0,563.0
Opel Corsa,12990.0,12720,-270.0,72900.0,270.0
Opel Corsa,12990.0,12344,-646.0,417316.0,646.0
Opel Corsa,12990.0,12692,-298.0,88804.0,298.0
Opel Corsa,12990.0,12439,-551.0,303601.0,551.0
Opel Corsa,12990.0,12298,-692.0,478864.0,692.0
Opel Corsa,12990.0,13410,420.0,176400.0,420.0
Opel Corsa,12990.0,12042,-948.0,898704.0,948.0
Opel Corsa,12950.0,13305,355.0,126025.0,355.0
Opel Corsa,12910.0,12487,-423.0,178929.0,423.0
Opel Corsa,12945.0,12550,-395.0,156025.0,395.0
Opel Corsa,12945.0,13000,55.0,3025.0,55.0
Opel Corsa,12940.0,10260,-2680.0,7182400.0,2680.0
Opel Corsa,12910.0,12589,-321.0,103041.0,321.0
Opel Corsa,12900.0,13660,760.0,577600.0,760.0
Opel Corsa,12900.0,11311,-1589.0,2524921.0,1589.0
Opel Corsa,12900.0,11144,-1756.0,3083536.0,1756.0
Opel Corsa,12890.0,13035,145.0,21025.0,145.0
Opel Corsa,12890.0,13147,257.0,66049.0,257.0
Opel Corsa,12880.0,12185,-695.0,483025.0,695.0
Opel Corsa,12880.0,14642,1762.0,3104644.0,1762.0
Opel Corsa,12900.0,9846,-3054.0,9326916.0,3054.0
Opel Corsa,12880.0,12630,-250.0,62500.0,250.0
Opel Corsa,12990.0,13776,786.0,617796.0,786.0
Opel Corsa,12990.0,11376,-1614.0,2604996.0,1614.0
Opel Corsa,12870.0,12295,-575.0,330625.0,575.0
Opel Corsa,12990.0,10764,-2226.0,4955076.0,2226.0
Opel Corsa,12990.0,12072,-918.0,842724.0,918.0
Opel Corsa,12990.0,13945,955.0,912025.0,955.0
Opel Corsa,12990.0,12235,-755.0,570025.0,755.0
Opel Corsa,12990.0,14062,1072.0,1149184.0,1072.0
Opel Corsa,12990.0,12472,-518.0,268324.0,518.0
Opel Corsa,12980.0,9596,-3384.0,11451456.0,3384.0
Opel Corsa,12990.0,12053,-937.0,877969.0,937.0
Opel Corsa,12980.0,13911,931.0,866761.0,931.0
Opel Corsa,12989.0,11140,-1849.0,3418801.0,1849.0
Opel Corsa,12980.0,13540,560.0,313600.0,560.0
Opel Corsa,12980.0,12062,-918.0,842724.0,918.0
Opel Corsa,12980.0,13395,415.0,172225.0,415.0
Opel Corsa,12480.0,12431,-49.0,2401.0,49.0
Opel Corsa,12960.0,12679,-281.0,78961.0,281.0
Opel Corsa,12950.0,12391,-559.0,312481.0,559.0
Opel Corsa,12490.0,11434,-1056.0,1115136.0,1056.0
Opel Corsa,12950.0,11463,-1487.0,2211169.0,1487.0
Opel Corsa,12850.0,13410,560.0,313600.0,560.0
Opel Corsa,12850.0,13295,445.0,198025.0,445.0
Opel Corsa,12850.0,11629,-1221.0,1490841.0,1221.0
Opel Corsa,12790.0,12260,-530.0,280900.0,530.0
Opel Corsa,12788.0,14519,1731.0,2996361.0,1731.0
Opel Corsa,12788.0,15328,2540.0,6451600.0,2540.0
Opel Corsa,12780.0,13599,819.0,670761.0,819.0
Opel Corsa,12750.0,13073,323.0,104329.0,323.0
Opel Corsa,12777.0,12496,-281.0,78961.0,281.0
Opel Corsa,12750.0,13857,1107.0,1225449.0,1107.0
Opel Corsa,12750.0,12479,-271.0,73441.0,271.0
Opel Corsa,12750.0,11694,-1056.0,1115136.0,1056.0
Opel Corsa,12750.0,16138,3388.0,11478544.0,3388.0
Opel Corsa,12700.0,12308,-392.0,153664.0,392.0
Opel Corsa,12695.0,9362,-3333.0,11108889.0,3333.0
Opel Corsa,12695.0,12217,-478.0,228484.0,478.0
Opel Corsa,12690.0,14095,1405.0,1974025.0,1405.0
Opel Corsa,12450.0,12797,347.0,120409.0,347.0
Opel Corsa,12435.0,12939,504.0,254016.0,504.0
Opel Corsa,12400.0,12173,-227.0,51529.0,227.0
Opel Corsa,12400.0,11149,-1251.0,1565001.0,1251.0
Opel Corsa,12400.0,13062,662.0,438244.0,662.0
Opel Corsa,12400.0,11156,-1244.0,1547536.0,1244.0
Opel Corsa,12395.0,12596,201.0,40401.0,201.0
Opel Corsa,12650.0,11152,-1498.0,2244004.0,1498.0
Opel Corsa,12400.0,12759,359.0,128881.0,359.0
Opel Corsa,12388.0,11764,-624.0,389376.0,624.0
Opel Corsa,12395.0,12637,242.0,58564.0,242.0
Opel Corsa,12385.0,12971,586.0,343396.0,586.0
Opel Corsa,12380.0,13260,880.0,774400.0,880.0
Opel Corsa,12380.0,11843,-537.0,288369.0,537.0
Opel Corsa,12375.0,12919,544.0,295936.0,544.0
Opel Corsa,12625.0,11804,-821.0,674041.0,821.0
Opel Corsa,12620.0,13002,382.0,145924.0,382.0
Opel Corsa,12600.0,10691,-1909.0,3644281.0,1909.0
Opel Corsa,12625.0,13272,647.0,418609.0,647.0
Opel Corsa,12376.0,15783,3407.0,11607649.0,3407.0
Opel Corsa,12590.0,12860,270.0,72900.0,270.0
Opel Corsa,12590.0,12480,-110.0,12100.0,110.0
Opel Corsa,12570.0,13417,847.0,717409.0,847.0
Opel Corsa,12555.0,14428,1873.0,3508129.0,1873.0
Opel Corsa,12550.0,12982,432.0,186624.0,432.0
Opel Corsa,12533.0,17402,4869.0,23707161.0,4869.0
Opel Corsa,12533.0,17402,4869.0,23707161.0,4869.0
Opel Corsa,12500.0,12246,-254.0,64516.0,254.0
Opel Corsa,12500.0,8642,-3858.0,14884164.0,3858.0
Opel Corsa,12500.0,8381,-4119.0,16966161.0,4119.0
Opel Corsa,12360.0,13712,1352.0,1827904.0,1352.0
Opel Corsa,12500.0,11177,-1323.0,1750329.0,1323.0
Opel Corsa,12495.0,12778,283.0,80089.0,283.0
Opel Corsa,12495.0,12749,254.0,64516.0,254.0
Opel Corsa,12500.0,11583,-917.0,840889.0,917.0
Opel Corsa,12499.0,12503,4.0,16.0,4.0
Opel Corsa,11850.0,9592,-2258.0,5098564.0,2258.0
Opel Corsa,11870.0,9544,-2326.0,5410276.0,2326.0
Opel Corsa,11800.0,13510,1710.0,2924100.0,1710.0
Opel Corsa,11777.0,10295,-1482.0,2196324.0,1482.0
Opel Corsa,11750.0,13273,1523.0,2319529.0,1523.0
Opel Corsa,11748.0,11707,-41.0,1681.0,41.0
Opel Corsa,11750.0,13446,1696.0,2876416.0,1696.0
Opel Corsa,12490.0,11293,-1197.0,1432809.0,1197.0
Opel Corsa,11690.0,11557,-133.0,17689.0,133.0
Opel Corsa,11650.0,9950,-1700.0,2890000.0,1700.0
Opel Corsa,11750.0,11918,168.0,28224.0,168.0
Opel Corsa,11700.0,10431,-1269.0,1610361.0,1269.0
Opel Corsa,11600.0,10445,-1155.0,1334025.0,1155.0
Opel Corsa,11500.0,10792,-708.0,501264.0,708.0
Opel Corsa,11635.0,12588,953.0,908209.0,953.0
Opel Corsa,11500.0,12520,1020.0,1040400.0,1020.0
Opel Corsa,11500.0,13032,1532.0,2347024.0,1532.0
Opel Corsa,11495.0,12204,709.0,502681.0,709.0
Opel Corsa,11500.0,12073,573.0,328329.0,573.0
Opel Corsa,11490.0,11491,1.0,1.0,1.0
Opel Corsa,11290.0,11034,-256.0,65536.0,256.0
Opel Corsa,11275.0,9587,-1688.0,2849344.0,1688.0
Opel Corsa,11250.0,12892,1642.0,2696164.0,1642.0
Opel Corsa,11250.0,13292,2042.0,4169764.0,2042.0
Opel Corsa,11250.0,11342,92.0,8464.0,92.0
Opel Corsa,11250.0,9306,-1944.0,3779136.0,1944.0
Opel Corsa,11220.0,10829,-391.0,152881.0,391.0
Opel Corsa,11200.0,12898,1698.0,2883204.0,1698.0
Opel Corsa,11200.0,12991,1791.0,3207681.0,1791.0
Opel Corsa,11200.0,12809,1609.0,2588881.0,1609.0
Opel Corsa,11200.0,13120,1920.0,3686400.0,1920.0
Opel Corsa,11190.0,9972,-1218.0,1483524.0,1218.0
Opel Corsa,10999.0,12447,1448.0,2096704.0,1448.0
Opel Corsa,10990.0,10891,-99.0,9801.0,99.0
Opel Corsa,10995.0,8775,-2220.0,4928400.0,2220.0
Opel Corsa,10990.0,8602,-2388.0,5702544.0,2388.0
Opel Corsa,10990.0,12875,1885.0,3553225.0,1885.0
Opel Corsa,10990.0,10857,-133.0,17689.0,133.0
Opel Corsa,12350.0,11872,-478.0,228484.0,478.0
Opel Corsa,12270.0,11620,-650.0,422500.0,650.0
Opel Corsa,12250.0,11249,-1001.0,1002001.0,1001.0
Opel Corsa,12200.0,13339,1139.0,1297321.0,1139.0
Opel Corsa,11990.0,10284,-1706.0,2910436.0,1706.0
Opel Corsa,11990.0,12030,40.0,1600.0,40.0
Opel Corsa,12000.0,9171,-2829.0,8003241.0,2829.0
Opel Corsa,12199.0,11240,-959.0,919681.0,959.0
Opel Corsa,11999.0,14261,2262.0,5116644.0,2262.0
Opel Corsa,11990.0,11515,-475.0,225625.0,475.0
Opel Corsa,11990.0,12297,307.0,94249.0,307.0
Opel Corsa,11990.0,11760,-230.0,52900.0,230.0
Opel Corsa,11990.0,9953,-2037.0,4149369.0,2037.0
Opel Corsa,11990.0,12831,841.0,707281.0,841.0
Opel Corsa,11990.0,12599,609.0,370881.0,609.0
Opel Corsa,11990.0,12755,765.0,585225.0,765.0
Opel Corsa,11490.0,10937,-553.0,305809.0,553.0
Opel Corsa,11985.0,10191,-1794.0,3218436.0,1794.0
Opel Corsa,11480.0,9047,-2433.0,5919489.0,2433.0
Opel Corsa,11450.0,11607,157.0,24649.0,157.0
Opel Corsa,11450.0,11123,-327.0,106929.0,327.0
Opel Corsa,11490.0,9216,-2274.0,5171076.0,2274.0
Opel Corsa,11450.0,10822,-628.0,394384.0,628.0
Opel Corsa,11490.0,11446,-44.0,1936.0,44.0
Opel Corsa,11399.0,10697,-702.0,492804.0,702.0
Opel Corsa,11390.0,12482,1092.0,1192464.0,1092.0
Opel Corsa,11375.0,12057,682.0,465124.0,682.0
Opel Corsa,11370.0,9740,-1630.0,2656900.0,1630.0
Opel Corsa,11350.0,12999,1649.0,2719201.0,1649.0
Opel Corsa,11300.0,11747,447.0,199809.0,447.0
Opel Corsa,11300.0,11997,697.0,485809.0,697.0
Opel Corsa,11447.0,12904,1457.0,2122849.0,1457.0
Opel Corsa,11290.0,13022,1732.0,2999824.0,1732.0
Opel Corsa,11300.0,12139,839.0,703921.0,839.0
Opel Corsa,11290.0,9476,-1814.0,3290596.0,1814.0
Opel Corsa,10950.0,8556,-2394.0,5731236.0,2394.0
Opel Corsa,10990.0,12602,1612.0,2598544.0,1612.0
Opel Corsa,11300.0,12085,785.0,616225.0,785.0
Opel Corsa,10990.0,11873,883.0,779689.0,883.0
Opel Corsa,10980.0,11996,1016.0,1032256.0,1016.0
Opel Corsa,11970.0,12601,631.0,398161.0,631.0
Opel Corsa,11290.0,9993,-1297.0,1682209.0,1297.0
Opel Corsa,11985.0,11632,-353.0,124609.0,353.0
Opel Corsa,11980.0,12225,245.0,60025.0,245.0
Opel Corsa,11950.0,11331,-619.0,383161.0,619.0
Opel Corsa,11980.0,11981,1.0,1.0,1.0
Opel Corsa,11980.0,9517,-2463.0,6066369.0,2463.0
Opel Corsa,11950.0,10985,-965.0,931225.0,965.0
Opel Corsa,11950.0,11383,-567.0,321489.0,567.0
Opel Corsa,11950.0,12186,236.0,55696.0,236.0
Opel Corsa,11900.0,10950,-950.0,902500.0,950.0
Opel Corsa,11900.0,9821,-2079.0,4322241.0,2079.0
Opel Corsa,11900.0,13024,1124.0,1263376.0,1124.0
Opel Corsa,11900.0,9970,-1930.0,3724900.0,1930.0
Opel Corsa,11900.0,13028,1128.0,1272384.0,1128.0
Opel Corsa,11890.0,9355,-2535.0,6426225.0,2535.0
Opel Corsa,11890.0,13450,1560.0,2433600.0,1560.0
Opel Corsa,11890.0,10824,-1066.0,1136356.0,1066.0
Opel Corsa,11890.0,14138,2248.0,5053504.0,2248.0
Opel Corsa,10950.0,9948,-1002.0,1004004.0,1002.0
Opel Corsa,11889.0,12806,917.0,840889.0,917.0
Opel Corsa,10949.0,9639,-1310.0,1716100.0,1310.0
Opel Corsa,10900.0,9370,-1530.0,2340900.0,1530.0
Opel Corsa,10885.0,9641,-1244.0,1547536.0,1244.0
Opel Corsa,10840.0,11490,650.0,422500.0,650.0
Opel Corsa,10790.0,10727,-63.0,3969.0,63.0
Opel Corsa,10700.0,8726,-1974.0,3896676.0,1974.0
Opel Corsa,10750.0,11252,502.0,252004.0,502.0
Opel Corsa,10690.0,10876,186.0,34596.0,186.0
Opel Corsa,10650.0,10317,-333.0,110889.0,333.0
Opel Corsa,10770.0,10679,-91.0,8281.0,91.0
Opel Corsa,10450.0,11031,581.0,337561.0,581.0
Opel Corsa,11870.0,9724,-2146.0,4605316.0,2146.0
Opel Corsa,10480.0,12162,1682.0,2829124.0,1682.0
Opel Corsa,10400.0,13051,2651.0,7027801.0,2651.0
Opel Corsa,10253.0,10831,578.0,334084.0,578.0
Opel Corsa,10290.0,9949,-341.0,116281.0,341.0
Opel Corsa,10250.0,10886,636.0,404496.0,636.0
Opel Corsa,10390.0,10834,444.0,197136.0,444.0
Opel Corsa,9999.0,11440,1441.0,2076481.0,1441.0
Opel Corsa,10000.0,12659,2659.0,7070281.0,2659.0
Opel Corsa,9999.0,10333,334.0,111556.0,334.0
Opel Corsa,10000.0,9430,-570.0,324900.0,570.0
Opel Corsa,9990.0,9617,-373.0,139129.0,373.0
Opel Corsa,10490.0,9984,-506.0,256036.0,506.0
Opel Corsa,9988.0,10313,325.0,105625.0,325.0
Opel Corsa,9950.0,11196,1246.0,1552516.0,1246.0
Opel Corsa,9990.0,9987,-3.0,9.0,3.0
Opel Corsa,9990.0,9125,-865.0,748225.0,865.0
Opel Corsa,9900.0,10607,707.0,499849.0,707.0
Opel Corsa,9900.0,12003,2103.0,4422609.0,2103.0
Opel Corsa,9690.0,7943,-1747.0,3052009.0,1747.0
Opel Corsa,9500.0,7706,-1794.0,3218436.0,1794.0
Opel Corsa,9500.0,11727,2227.0,4959529.0,2227.0
Opel Corsa,9490.0,9016,-474.0,224676.0,474.0
Opel Corsa,9621.0,11921,2300.0,5290000.0,2300.0
Opel Corsa,9450.0,8937,-513.0,263169.0,513.0
Opel Corsa,9470.0,9055,-415.0,172225.0,415.0
Opel Corsa,9200.0,7699,-1501.0,2253001.0,1501.0
Opel Corsa,9200.0,12163,2963.0,8779369.0,2963.0
Opel Corsa,8900.0,10109,1209.0,1461681.0,1209.0
Opel Corsa,8900.0,10854,1954.0,3818116.0,1954.0
Opel Corsa,9000.0,7565,-1435.0,2059225.0,1435.0
Opel Corsa,7790.0,5856,-1934.0,3740356.0,1934.0
Opel Corsa,8500.0,7653,-847.0,717409.0,847.0
Opel Corsa,8200.0,7487,-713.0,508369.0,713.0
Opel Corsa,8450.0,11378,2928.0,8573184.0,2928.0
Opel Corsa,7900.0,11014,3114.0,9696996.0,3114.0
Opel Corsa,6900.0,3833,-3067.0,9406489.0,3067.0
Opel Corsa,6900.0,8119,1219.0,1485961.0,1219.0
Opel Corsa,10500.0,11550,1050.0,1102500.0,1050.0
Opel Corsa,13880.0,13312,-568.0,322624.0,568.0
Opel Corsa,6200.0,7062,862.0,743044.0,862.0
Opel Corsa,5990.0,3861,-2129.0,4532641.0,2129.0
Opel Corsa,6200.0,7659,1459.0,2128681.0,1459.0
Opel Corsa,6100.0,5211,-889.0,790321.0,889.0
Opel Corsa,5970.0,4697,-1273.0,1620529.0,1273.0
Opel Corsa,5970.0,4719,-1251.0,1565001.0,1251.0
Opel Corsa,5970.0,5616,-354.0,125316.0,354.0
Opel Corsa,6900.0,4981,-1919.0,3682561.0,1919.0
Opel Corsa,6900.0,2931,-3969.0,15752961.0,3969.0
Opel Corsa,6900.0,7265,365.0,133225.0,365.0
Opel Corsa,6900.0,3863,-3037.0,9223369.0,3037.0
Opel Corsa,6990.0,4974,-2016.0,4064256.0,2016.0
Opel Corsa,6990.0,4837,-2153.0,4635409.0,2153.0
Opel Corsa,7179.0,3895,-3284.0,10784656.0,3284.0
Opel Corsa,7180.0,6194,-986.0,972196.0,986.0
Opel Corsa,7300.0,3787,-3513.0,12341169.0,3513.0
Opel Corsa,7500.0,4842,-2658.0,7064964.0,2658.0
Opel Corsa,7300.0,4315,-2985.0,8910225.0,2985.0
Opel Corsa,7480.0,3614,-3866.0,14945956.0,3866.0
Opel Corsa,7480.0,3990,-3490.0,12180100.0,3490.0
Opel Corsa,7450.0,5855,-1595.0,2544025.0,1595.0
Opel Corsa,7480.0,4501,-2979.0,8874441.0,2979.0
Opel Corsa,7500.0,7006,-494.0,244036.0,494.0
Opel Corsa,7600.0,7363,-237.0,56169.0,237.0
Opel Corsa,7599.0,5534,-2065.0,4264225.0,2065.0
Opel Corsa,7600.0,4949,-2651.0,7027801.0,2651.0
Opel Corsa,7600.0,5763,-1837.0,3374569.0,1837.0
Opel Corsa,7600.0,4093,-3507.0,12299049.0,3507.0
Opel Corsa,7600.0,4675,-2925.0,8555625.0,2925.0
Opel Corsa,7599.0,6237,-1362.0,1855044.0,1362.0
Opel Corsa,7590.0,5243,-2347.0,5508409.0,2347.0
Opel Corsa,7590.0,4766,-2824.0,7974976.0,2824.0
Opel Corsa,7580.0,6029,-1551.0,2405601.0,1551.0
Opel Corsa,7580.0,5174,-2406.0,5788836.0,2406.0
Opel Corsa,7580.0,4402,-3178.0,10099684.0,3178.0
Opel Corsa,7590.0,4995,-2595.0,6734025.0,2595.0
Opel Corsa,7580.0,4558,-3022.0,9132484.0,3022.0
Opel Corsa,7576.0,4273,-3303.0,10909809.0,3303.0
Opel Corsa,7590.0,6104,-1486.0,2208196.0,1486.0
Opel Corsa,7550.0,4998,-2552.0,6512704.0,2552.0
Opel Corsa,7500.0,6473,-1027.0,1054729.0,1027.0
Opel Corsa,7495.0,6153,-1342.0,1800964.0,1342.0
Opel Corsa,7500.0,7322,-178.0,31684.0,178.0
Opel Corsa,7550.0,6546,-1004.0,1008016.0,1004.0
Opel Corsa,7500.0,5639,-1861.0,3463321.0,1861.0
Opel Corsa,7500.0,4895,-2605.0,6786025.0,2605.0
Opel Corsa,7495.0,6738,-757.0,573049.0,757.0
Opel Corsa,7500.0,5659,-1841.0,3389281.0,1841.0
Opel Corsa,7500.0,1986,-5514.0,30404196.0,5514.0
Opel Corsa,7500.0,6388,-1112.0,1236544.0,1112.0
Opel Corsa,7500.0,1280,-6220.0,38688400.0,6220.0
Opel Corsa,7500.0,5540,-1960.0,3841600.0,1960.0
Opel Corsa,7500.0,4037,-3463.0,11992369.0,3463.0
Opel Corsa,7500.0,3083,-4417.0,19509889.0,4417.0
Opel Corsa,7500.0,6504,-996.0,992016.0,996.0
Opel Corsa,7499.0,3358,-4141.0,17147881.0,4141.0
Opel Corsa,7499.0,9699,2200.0,4840000.0,2200.0
Opel Corsa,7499.0,6801,-698.0,487204.0,698.0
Opel Corsa,7490.0,3194,-4296.0,18455616.0,4296.0
Opel Corsa,7495.0,6024,-1471.0,2163841.0,1471.0
Opel Corsa,7495.0,5990,-1505.0,2265025.0,1505.0
Opel Corsa,7490.0,3050,-4440.0,19713600.0,4440.0
Opel Corsa,7490.0,7242,-248.0,61504.0,248.0
Opel Corsa,7490.0,6004,-1486.0,2208196.0,1486.0
Opel Corsa,7490.0,3594,-3896.0,15178816.0,3896.0
Opel Corsa,7490.0,5589,-1901.0,3613801.0,1901.0
Opel Corsa,7490.0,5447,-2043.0,4173849.0,2043.0
Opel Corsa,7490.0,4493,-2997.0,8982009.0,2997.0
Opel Corsa,7490.0,5380,-2110.0,4452100.0,2110.0
Opel Corsa,7490.0,5463,-2027.0,4108729.0,2027.0
Opel Corsa,7490.0,6027,-1463.0,2140369.0,1463.0
Opel Corsa,7489.0,5503,-1986.0,3944196.0,1986.0
Opel Corsa,7490.0,4281,-3209.0,10297681.0,3209.0
Opel Corsa,7490.0,5370,-2120.0,4494400.0,2120.0
Opel Corsa,7489.0,3667,-3822.0,14607684.0,3822.0
Opel Corsa,7480.0,5470,-2010.0,4040100.0,2010.0
Opel Corsa,7470.0,5733,-1737.0,3017169.0,1737.0
Opel Corsa,7479.0,3412,-4067.0,16540489.0,4067.0
Opel Corsa,7479.0,5201,-2278.0,5189284.0,2278.0
Opel Corsa,7479.0,5205,-2274.0,5171076.0,2274.0
Opel Corsa,7460.0,4930,-2530.0,6400900.0,2530.0
Opel Corsa,7460.0,5541,-1919.0,3682561.0,1919.0
Opel Corsa,7450.0,4941,-2509.0,6295081.0,2509.0
Opel Corsa,7480.0,6061,-1419.0,2013561.0,1419.0
Opel Corsa,7450.0,4758,-2692.0,7246864.0,2692.0
Opel Corsa,7450.0,6120,-1330.0,1768900.0,1330.0
Opel Corsa,7450.0,6247,-1203.0,1447209.0,1203.0
Opel Corsa,7450.0,4978,-2472.0,6110784.0,2472.0
Opel Corsa,7300.0,4359,-2941.0,8649481.0,2941.0
Opel Corsa,7495.0,6082,-1413.0,1996569.0,1413.0
Opel Corsa,7480.0,3632,-3848.0,14807104.0,3848.0
Opel Corsa,7450.0,5082,-2368.0,5607424.0,2368.0
Opel Corsa,7450.0,4763,-2687.0,7219969.0,2687.0
Opel Corsa,7290.0,4988,-2302.0,5299204.0,2302.0
Opel Corsa,7290.0,4686,-2604.0,6780816.0,2604.0
Opel Corsa,7280.0,5784,-1496.0,2238016.0,1496.0
Opel Corsa,7250.0,4731,-2519.0,6345361.0,2519.0
Opel Corsa,7250.0,5127,-2123.0,4507129.0,2123.0
Opel Corsa,7250.0,4562,-2688.0,7225344.0,2688.0
Opel Corsa,7220.0,4822,-2398.0,5750404.0,2398.0
Opel Corsa,7200.0,3868,-3332.0,11102224.0,3332.0
Opel Corsa,7190.0,5738,-1452.0,2108304.0,1452.0
Opel Corsa,7200.0,7578,378.0,142884.0,378.0
Opel Corsa,7450.0,4741,-2709.0,7338681.0,2709.0
Opel Corsa,7200.0,4510,-2690.0,7236100.0,2690.0
Opel Corsa,7180.0,4640,-2540.0,6451600.0,2540.0
Opel Corsa,7190.0,6072,-1118.0,1249924.0,1118.0
Opel Corsa,7200.0,5646,-1554.0,2414916.0,1554.0
Opel Corsa,7439.0,5599,-1840.0,3385600.0,1840.0
Opel Corsa,7400.0,5571,-1829.0,3345241.0,1829.0
Opel Corsa,7440.0,4147,-3293.0,10843849.0,3293.0
Opel Corsa,7400.0,4596,-2804.0,7862416.0,2804.0
Opel Corsa,7400.0,6987,-413.0,170569.0,413.0
Opel Corsa,7400.0,4630,-2770.0,7672900.0,2770.0
Opel Corsa,7395.0,5257,-2138.0,4571044.0,2138.0
Opel Corsa,7400.0,4629,-2771.0,7678441.0,2771.0
Opel Corsa,7390.0,4340,-3050.0,9302500.0,3050.0
Opel Corsa,7390.0,5401,-1989.0,3956121.0,1989.0
Opel Corsa,7350.0,5280,-2070.0,4284900.0,2070.0
Opel Corsa,7350.0,4428,-2922.0,8538084.0,2922.0
Opel Corsa,7380.0,3070,-4310.0,18576100.0,4310.0
Opel Corsa,7300.0,5419,-1881.0,3538161.0,1881.0
Opel Corsa,7300.0,6198,-1102.0,1214404.0,1102.0
Opel Corsa,7300.0,6693,-607.0,368449.0,607.0
Opel Corsa,7180.0,3766,-3414.0,11655396.0,3414.0
Opel Corsa,7180.0,3766,-3414.0,11655396.0,3414.0
Opel Corsa,7153.0,2053,-5100.0,26010000.0,5100.0
Opel Corsa,7000.0,5755,-1245.0,1550025.0,1245.0
Opel Corsa,7150.0,5624,-1526.0,2328676.0,1526.0
Opel Corsa,7000.0,8244,1244.0,1547536.0,1244.0
Opel Corsa,7000.0,3602,-3398.0,11546404.0,3398.0
Opel Corsa,7150.0,4180,-2970.0,8820900.0,2970.0
Opel Corsa,7000.0,7070,70.0,4900.0,70.0
Opel Corsa,7000.0,5945,-1055.0,1113025.0,1055.0
Opel Corsa,6999.0,3270,-3729.0,13905441.0,3729.0
Opel Corsa,6999.0,2752,-4247.0,18037009.0,4247.0
Opel Corsa,6990.0,3988,-3002.0,9012004.0,3002.0
Opel Corsa,6990.0,4401,-2589.0,6702921.0,2589.0
Opel Corsa,6990.0,6273,-717.0,514089.0,717.0
Opel Corsa,6990.0,5250,-1740.0,3027600.0,1740.0
Opel Corsa,6990.0,2755,-4235.0,17935225.0,4235.0
Opel Corsa,6982.0,4964,-2018.0,4072324.0,2018.0
Opel Corsa,6980.0,4720,-2260.0,5107600.0,2260.0
Opel Corsa,6980.0,4302,-2678.0,7171684.0,2678.0
Opel Corsa,6980.0,5452,-1528.0,2334784.0,1528.0
Opel Corsa,6980.0,4820,-2160.0,4665600.0,2160.0
Opel Corsa,6979.0,2356,-4623.0,21372129.0,4623.0
Opel Corsa,6950.0,4763,-2187.0,4782969.0,2187.0
Opel Corsa,6940.0,5377,-1563.0,2442969.0,1563.0
Opel Corsa,6940.0,5449,-1491.0,2223081.0,1491.0
Opel Corsa,6940.0,5488,-1452.0,2108304.0,1452.0
Opel Corsa,6900.0,3947,-2953.0,8720209.0,2953.0
Opel Corsa,6900.0,5763,-1137.0,1292769.0,1137.0
Opel Corsa,6900.0,5930,-970.0,940900.0,970.0
Opel Corsa,6900.0,2976,-3924.0,15397776.0,3924.0
Opel Corsa,6890.0,6230,-660.0,435600.0,660.0
Opel Corsa,6880.0,5210,-1670.0,2788900.0,1670.0
Opel Corsa,6900.0,3687,-3213.0,10323369.0,3213.0
Opel Corsa,6899.0,5180,-1719.0,2954961.0,1719.0
Opel Corsa,6890.0,2315,-4575.0,20930625.0,4575.0
Opel Corsa,6900.0,4145,-2755.0,7590025.0,2755.0
Opel Corsa,13880.0,12237,-1643.0,2699449.0,1643.0
Opel Corsa,13850.0,13899,49.0,2401.0,49.0
Opel Corsa,13850.0,13565,-285.0,81225.0,285.0
Opel Corsa,13834.0,11698,-2136.0,4562496.0,2136.0
Opel Corsa,13850.0,12983,-867.0,751689.0,867.0
Opel Corsa,13790.0,12056,-1734.0,3006756.0,1734.0
Opel Corsa,13840.0,13051,-789.0,622521.0,789.0
Opel Corsa,13790.0,12190,-1600.0,2560000.0,1600.0
Opel Corsa,13790.0,13889,99.0,9801.0,99.0
Opel Corsa,13777.0,13518,-259.0,67081.0,259.0
Opel Corsa,13777.0,14080,303.0,91809.0,303.0
Opel Corsa,6850.0,5234,-1616.0,2611456.0,1616.0
Opel Corsa,6850.0,4312,-2538.0,6441444.0,2538.0
Opel Corsa,13777.0,13276,-501.0,251001.0,501.0
Opel Corsa,6850.0,5200,-1650.0,2722500.0,1650.0
Opel Corsa,6790.0,4344,-2446.0,5982916.0,2446.0
Opel Corsa,6780.0,4919,-1861.0,3463321.0,1861.0
Opel Corsa,6780.0,4916,-1864.0,3474496.0,1864.0
Opel Corsa,6700.0,6856,156.0,24336.0,156.0
Opel Corsa,6780.0,1414,-5366.0,28793956.0,5366.0
Opel Corsa,6690.0,3916,-2774.0,7695076.0,2774.0
Opel Corsa,6660.0,3866,-2794.0,7806436.0,2794.0
Opel Corsa,6580.0,4319,-2261.0,5112121.0,2261.0
Opel Corsa,6600.0,4234,-2366.0,5597956.0,2366.0
Opel Corsa,6500.0,5625,-875.0,765625.0,875.0
Opel Corsa,6500.0,4321,-2179.0,4748041.0,2179.0
Opel Corsa,6499.0,7984,1485.0,2205225.0,1485.0
Opel Corsa,6490.0,2825,-3665.0,13432225.0,3665.0
Opel Corsa,6490.0,8440,1950.0,3802500.0,1950.0
Opel Corsa,6489.0,2954,-3535.0,12496225.0,3535.0
Opel Corsa,6480.0,2398,-4082.0,16662724.0,4082.0
Opel Corsa,6480.0,2398,-4082.0,16662724.0,4082.0
Opel Corsa,6480.0,2585,-3895.0,15171025.0,3895.0
Opel Corsa,6450.0,4950,-1500.0,2250000.0,1500.0
Opel Corsa,6479.0,2580,-3899.0,15202201.0,3899.0
Opel Corsa,6400.0,4053,-2347.0,5508409.0,2347.0
Opel Corsa,6390.0,4360,-2030.0,4120900.0,2030.0
Opel Corsa,6380.0,5289,-1091.0,1190281.0,1091.0
Opel Corsa,6450.0,3435,-3015.0,9090225.0,3015.0
Opel Corsa,6300.0,2183,-4117.0,16949689.0,4117.0
Opel Corsa,6299.0,5185,-1114.0,1240996.0,1114.0
Opel Corsa,6290.0,2151,-4139.0,17131321.0,4139.0
Opel Corsa,13746.0,13983,237.0,56169.0,237.0
Opel Corsa,13750.0,12102,-1648.0,2715904.0,1648.0
Opel Corsa,13750.0,14163,413.0,170569.0,413.0
Opel Corsa,13750.0,14147,397.0,157609.0,397.0
Opel Corsa,13695.0,11208,-2487.0,6185169.0,2487.0
Opel Corsa,13746.0,14168,422.0,178084.0,422.0
Opel Corsa,13690.0,13618,-72.0,5184.0,72.0
Opel Corsa,6590.0,2956,-3634.0,13205956.0,3634.0
Opel Corsa,6250.0,2228,-4022.0,16176484.0,4022.0
Opel Corsa,13690.0,13127,-563.0,316969.0,563.0
Opel Corsa,5890.0,702,-5188.0,26915344.0,5188.0
Opel Corsa,5950.0,4078,-1872.0,3504384.0,1872.0
Opel Corsa,5499.0,2413,-3086.0,9523396.0,3086.0
Opel Corsa,5600.0,1310,-4290.0,18404100.0,4290.0
Opel Corsa,5490.0,1255,-4235.0,17935225.0,4235.0
Opel Corsa,5450.0,1370,-4080.0,16646400.0,4080.0
Opel Corsa,5300.0,-166,-5466.0,29877156.0,5466.0
Opel Corsa,5250.0,1348,-3902.0,15225604.0,3902.0
Opel Corsa,4950.0,1957,-2993.0,8958049.0,2993.0
Opel Corsa,10500.0,21982,11482.0,131836324.0,11482.0
Opel Corsa,10500.0,21814,11314.0,128006596.0,11314.0
Opel Corsa,13890.0,13913,23.0,529.0,23.0
Opel Corsa,13890.0,13530,-360.0,129600.0,360.0
Opel Corsa,13890.0,12824,-1066.0,1136356.0,1066.0
Opel Corsa,13890.0,14439,549.0,301401.0,549.0
Opel Corsa,13890.0,14143,253.0,64009.0,253.0
Opel Corsa,13890.0,13719,-171.0,29241.0,171.0
Opel Corsa,13890.0,13303,-587.0,344569.0,587.0
Opel Corsa,13890.0,13891,1.0,1.0,1.0
Opel Corsa,13890.0,14046,156.0,24336.0,156.0
Opel Corsa,13890.0,13844,-46.0,2116.0,46.0
Opel Corsa,13890.0,13632,-258.0,66564.0,258.0
Opel Corsa,13890.0,13911,21.0,441.0,21.0
Opel Corsa,13890.0,14218,328.0,107584.0,328.0
Opel Corsa,13890.0,13902,12.0,144.0,12.0
Opel Corsa,13890.0,13628,-262.0,68644.0,262.0
Opel Corsa,13890.0,12113,-1777.0,3157729.0,1777.0
Opel Corsa,13890.0,12992,-898.0,806404.0,898.0
Opel Corsa,13890.0,13812,-78.0,6084.0,78.0
Opel Corsa,13890.0,14027,137.0,18769.0,137.0
Opel Corsa,7650.0,3563,-4087.0,16703569.0,4087.0
Opel Corsa,7650.0,6380,-1270.0,1612900.0,1270.0
Opel Corsa,7650.0,15626,7976.0,63616576.0,7976.0
Opel Corsa,7650.0,4522,-3128.0,9784384.0,3128.0
Opel Corsa,7650.0,6237,-1413.0,1996569.0,1413.0
Opel Corsa,7800.0,5842,-1958.0,3833764.0,1958.0
Opel Corsa,7880.0,7263,-617.0,380689.0,617.0
Opel Corsa,7950.0,5234,-2716.0,7376656.0,2716.0
Opel Corsa,7950.0,7531,-419.0,175561.0,419.0
Opel Corsa,7950.0,3392,-4558.0,20775364.0,4558.0
Opel Corsa,7950.0,5283,-2667.0,7112889.0,2667.0
Opel Corsa,7900.0,4489,-3411.0,11634921.0,3411.0
Opel Corsa,7879.0,6874,-1005.0,1010025.0,1005.0
Opel Corsa,7879.0,8551,672.0,451584.0,672.0
Opel Corsa,7950.0,4685,-3265.0,10660225.0,3265.0
Opel Corsa,10500.0,12802,2302.0,5299204.0,2302.0
Opel Corsa,10900.0,14169,3269.0,10686361.0,3269.0
Opel Corsa,12450.0,13248,798.0,636804.0,798.0
Opel Corsa,10500.0,11725,1225.0,1500625.0,1225.0
Opel Corsa,10900.0,13808,2908.0,8456464.0,2908.0
Opel Corsa,10500.0,12317,1817.0,3301489.0,1817.0
Opel Corsa,13680.0,15451,1771.0,3136441.0,1771.0
Opel Corsa,10500.0,12520,2020.0,4080400.0,2020.0
Opel Corsa,12980.0,13546,566.0,320356.0,566.0
Opel Corsa,13550.0,14468,918.0,842724.0,918.0
Opel Corsa,13591.0,17250,3659.0,13388281.0,3659.0
Opel Corsa,13290.0,14600,1310.0,1716100.0,1310.0
Opel Corsa,12990.0,13916,926.0,857476.0,926.0
Opel Corsa,12950.0,13944,994.0,988036.0,994.0
Opel Corsa,12900.0,15525,2625.0,6890625.0,2625.0
Opel Corsa,12900.0,13871,971.0,942841.0,971.0
Opel Corsa,12500.0,14316,1816.0,3297856.0,1816.0
Opel Corsa,12500.0,14468,1968.0,3873024.0,1968.0
Opel Corsa,15690.0,18888,3198.0,10227204.0,3198.0
Opel Corsa,15790.0,16221,431.0,185761.0,431.0
Opel Corsa,14990.0,14531,-459.0,210681.0,459.0
Opel Corsa,12490.0,13586,1096.0,1201216.0,1096.0
Opel Corsa,12490.0,13619,1129.0,1274641.0,1129.0
Opel Corsa,16950.0,11666,-5284.0,27920656.0,5284.0
Opel Corsa,14950.0,17807,2857.0,8162449.0,2857.0
Opel Corsa,14950.0,18039,3089.0,9541921.0,3089.0
Opel Corsa,13990.0,16830,2840.0,8065600.0,2840.0
Opel Corsa,10500.0,15739,5239.0,27447121.0,5239.0
Opel Corsa,10450.0,12103,1653.0,2732409.0,1653.0
Opel Corsa,14950.0,17841,2891.0,8357881.0,2891.0
Opel Corsa,14490.0,14145,-345.0,119025.0,345.0
Opel Corsa,13999.0,14997,998.0,996004.0,998.0
Opel Corsa,10270.0,13608,3338.0,11142244.0,3338.0
Opel Corsa,10200.0,12387,2187.0,4782969.0,2187.0
Opel Corsa,9990.0,12991,3001.0,9006001.0,3001.0
Opel Corsa,9950.0,12221,2271.0,5157441.0,2271.0
Opel Corsa,9850.0,11462,1612.0,2598544.0,1612.0
Opel Corsa,9590.0,10021,431.0,185761.0,431.0
Opel Corsa,8500.0,9959,1459.0,2128681.0,1459.0
Opel Corsa,9250.0,9045,-205.0,42025.0,205.0
Opel Corsa,8400.0,8848,448.0,200704.0,448.0
Opel Corsa,8000.0,8619,619.0,383161.0,619.0
Opel Corsa,11850.0,14712,2862.0,8191044.0,2862.0
Opel Corsa,8500.0,9618,1118.0,1249924.0,1118.0
Opel Corsa,11750.0,12425,675.0,455625.0,675.0
Opel Corsa,11750.0,11826,76.0,5776.0,76.0
Opel Corsa,12400.0,14312,1912.0,3655744.0,1912.0
Opel Corsa,7950.0,6168,-1782.0,3175524.0,1782.0
Opel Corsa,7950.0,5636,-2314.0,5354596.0,2314.0
Opel Corsa,11000.0,11017,17.0,289.0,17.0
Opel Corsa,7950.0,6370,-1580.0,2496400.0,1580.0
Opel Corsa,10990.0,12300,1310.0,1716100.0,1310.0
Opel Corsa,7500.0,10894,3394.0,11519236.0,3394.0
Opel Corsa,7950.0,4200,-3750.0,14062500.0,3750.0
Opel Corsa,7950.0,8229,279.0,77841.0,279.0
Opel Corsa,7879.0,8551,672.0,451584.0,672.0
Opel Corsa,7879.0,6589,-1290.0,1664100.0,1290.0
Opel Corsa,7850.0,5118,-2732.0,7463824.0,2732.0
Opel Corsa,7850.0,4476,-3374.0,11383876.0,3374.0
Opel Corsa,7850.0,6025,-1825.0,3330625.0,1825.0
Opel Corsa,7821.0,4865,-2956.0,8737936.0,2956.0
Opel Corsa,7900.0,6148,-1752.0,3069504.0,1752.0
Opel Corsa,7900.0,6471,-1429.0,2042041.0,1429.0
Opel Corsa,7900.0,9512,1612.0,2598544.0,1612.0
Opel Corsa,7900.0,7050,-850.0,722500.0,850.0
Opel Corsa,7900.0,9651,1751.0,3066001.0,1751.0
Opel Corsa,7900.0,7965,65.0,4225.0,65.0
Opel Corsa,7900.0,3932,-3968.0,15745024.0,3968.0
Opel Corsa,7900.0,8005,105.0,11025.0,105.0
Opel Corsa,7900.0,6714,-1186.0,1406596.0,1186.0
Opel Corsa,7900.0,4998,-2902.0,8421604.0,2902.0
Opel Corsa,7900.0,6328,-1572.0,2471184.0,1572.0
Opel Corsa,7900.0,4710,-3190.0,10176100.0,3190.0
Opel Corsa,7900.0,6456,-1444.0,2085136.0,1444.0
Opel Corsa,7900.0,4866,-3034.0,9205156.0,3034.0
Opel Corsa,7800.0,8255,455.0,207025.0,455.0
Opel Corsa,7800.0,5974,-1826.0,3334276.0,1826.0
Opel Corsa,7949.0,9251,1302.0,1695204.0,1302.0
Opel Corsa,7800.0,6003,-1797.0,3229209.0,1797.0
Opel Corsa,7949.0,9417,1468.0,2155024.0,1468.0
Opel Corsa,7800.0,6407,-1393.0,1940449.0,1393.0
Opel Corsa,7949.0,8989,1040.0,1081600.0,1040.0
Opel Corsa,7900.0,3844,-4056.0,16451136.0,4056.0
Opel Corsa,7949.0,7894,-55.0,3025.0,55.0
Opel Corsa,7900.0,7340,-560.0,313600.0,560.0
Opel Corsa,7900.0,7053,-847.0,717409.0,847.0
Opel Corsa,7900.0,7387,-513.0,263169.0,513.0
Opel Corsa,7900.0,6923,-977.0,954529.0,977.0
Opel Corsa,7900.0,2999,-4901.0,24019801.0,4901.0
Opel Corsa,7900.0,7152,-748.0,559504.0,748.0
Opel Corsa,7900.0,4857,-3043.0,9259849.0,3043.0
Opel Corsa,7900.0,5069,-2831.0,8014561.0,2831.0
Opel Corsa,7900.0,4726,-3174.0,10074276.0,3174.0
Opel Corsa,7900.0,6347,-1553.0,2411809.0,1553.0
Opel Corsa,7800.0,5984,-1816.0,3297856.0,1816.0
Opel Corsa,7900.0,5500,-2400.0,5760000.0,2400.0
Opel Corsa,7900.0,5500,-2400.0,5760000.0,2400.0
Opel Corsa,7899.0,7332,-567.0,321489.0,567.0
Opel Corsa,7898.0,6237,-1661.0,2758921.0,1661.0
Opel Corsa,7899.0,4479,-3420.0,11696400.0,3420.0
Opel Corsa,7896.0,6345,-1551.0,2405601.0,1551.0
Opel Corsa,7890.0,4527,-3363.0,11309769.0,3363.0
Opel Corsa,7890.0,5040,-2850.0,8122500.0,2850.0
Opel Corsa,7890.0,4427,-3463.0,11992369.0,3463.0
Opel Corsa,7890.0,5983,-1907.0,3636649.0,1907.0
Opel Corsa,7890.0,5733,-2157.0,4652649.0,2157.0
Opel Corsa,7890.0,5401,-2489.0,6195121.0,2489.0
Opel Corsa,7890.0,5264,-2626.0,6895876.0,2626.0
Opel Corsa,7885.0,4300,-3585.0,12852225.0,3585.0
Opel Corsa,7880.0,5351,-2529.0,6395841.0,2529.0
Opel Corsa,7880.0,6904,-976.0,952576.0,976.0
Opel Corsa,7880.0,5141,-2739.0,7502121.0,2739.0
Opel Corsa,7880.0,4745,-3135.0,9828225.0,3135.0
Opel Corsa,7800.0,5330,-2470.0,6100900.0,2470.0
Opel Corsa,7880.0,6695,-1185.0,1404225.0,1185.0
Opel Corsa,7800.0,7241,-559.0,312481.0,559.0
Opel Corsa,7800.0,6153,-1647.0,2712609.0,1647.0
Opel Corsa,7800.0,5373,-2427.0,5890329.0,2427.0
Opel Corsa,7800.0,5834,-1966.0,3865156.0,1966.0
Opel Corsa,7800.0,5022,-2778.0,7717284.0,2778.0
Opel Corsa,7800.0,5300,-2500.0,6250000.0,2500.0
Opel Corsa,7800.0,5946,-1854.0,3437316.0,1854.0
Opel Corsa,7800.0,5882,-1918.0,3678724.0,1918.0
Opel Corsa,7800.0,5699,-2101.0,4414201.0,2101.0
Opel Corsa,7800.0,5846,-1954.0,3818116.0,1954.0
Opel Corsa,7800.0,5806,-1994.0,3976036.0,1994.0
Opel Corsa,7800.0,1617,-6183.0,38229489.0,6183.0
Opel Corsa,7800.0,1551,-6249.0,39050001.0,6249.0
Opel Corsa,7800.0,1417,-6383.0,40742689.0,6383.0
Opel Corsa,7800.0,1617,-6183.0,38229489.0,6183.0
Opel Corsa,7800.0,6146,-1654.0,2735716.0,1654.0
Opel Corsa,7800.0,5946,-1854.0,3437316.0,1854.0
Opel Corsa,7800.0,8258,458.0,209764.0,458.0
Opel Corsa,7800.0,9651,1851.0,3426201.0,1851.0
Opel Corsa,7800.0,3578,-4222.0,17825284.0,4222.0
Opel Corsa,7600.0,4722,-2878.0,8282884.0,2878.0
Opel Corsa,7799.0,7278,-521.0,271441.0,521.0
Opel Corsa,7799.0,5529,-2270.0,5152900.0,2270.0
Opel Corsa,7799.0,7725,-74.0,5476.0,74.0
Opel Corsa,7790.0,5081,-2709.0,7338681.0,2709.0
Opel Corsa,7750.0,6458,-1292.0,1669264.0,1292.0
Opel Corsa,7750.0,6491,-1259.0,1585081.0,1259.0
Opel Corsa,7700.0,6499,-1201.0,1442401.0,1201.0
Opel Corsa,7700.0,4895,-2805.0,7868025.0,2805.0
Opel Corsa,7700.0,8831,1131.0,1279161.0,1131.0
Opel Corsa,7700.0,7769,69.0,4761.0,69.0
Opel Corsa,7689.0,5866,-1823.0,3323329.0,1823.0
Opel Corsa,7700.0,7020,-680.0,462400.0,680.0
Opel Corsa,7690.0,3227,-4463.0,19918369.0,4463.0
Opel Corsa,7690.0,3398,-4292.0,18421264.0,4292.0
Opel Corsa,7690.0,5718,-1972.0,3888784.0,1972.0
Opel Corsa,7690.0,3689,-4001.0,16008001.0,4001.0
Opel Corsa,7690.0,7407,-283.0,80089.0,283.0
Opel Corsa,7680.0,5457,-2223.0,4941729.0,2223.0
Opel Corsa,7790.0,5050,-2740.0,7507600.0,2740.0
Opel Corsa,7680.0,5187,-2493.0,6215049.0,2493.0
Opel Corsa,7790.0,4298,-3492.0,12194064.0,3492.0
Opel Corsa,7780.0,3918,-3862.0,14915044.0,3862.0
Opel Corsa,7790.0,5036,-2754.0,7584516.0,2754.0
Opel Corsa,7780.0,3932,-3848.0,14807104.0,3848.0
Opel Corsa,7780.0,5618,-2162.0,4674244.0,2162.0
Opel Corsa,7770.0,4607,-3163.0,10004569.0,3163.0
Opel Corsa,7777.0,5335,-2442.0,5963364.0,2442.0
Opel Corsa,7750.0,3999,-3751.0,14070001.0,3751.0
Opel Corsa,7750.0,7820,70.0,4900.0,70.0
Opel Corsa,7750.0,5675,-2075.0,4305625.0,2075.0
Opel Corsa,7750.0,5639,-2111.0,4456321.0,2111.0
Opel Corsa,7680.0,3724,-3956.0,15649936.0,3956.0
Opel Corsa,13200.0,10330,-2870.0,8236900.0,2870.0
Opel Corsa,13890.0,14596,706.0,498436.0,706.0
Opel Corsa,13945.0,13532,-413.0,170569.0,413.0
Opel Corsa,13980.0,12603,-1377.0,1896129.0,1377.0
Opel Corsa,13990.0,14305,315.0,99225.0,315.0
Opel Corsa,7980.0,6134,-1846.0,3407716.0,1846.0
Opel Corsa,13990.0,11863,-2127.0,4524129.0,2127.0
Opel Corsa,13990.0,13340,-650.0,422500.0,650.0
Opel Corsa,13990.0,12876,-1114.0,1240996.0,1114.0
Opel Corsa,8100.0,7137,-963.0,927369.0,963.0
Opel Corsa,8490.0,10728,2238.0,5008644.0,2238.0
Opel Corsa,8500.0,7491,-1009.0,1018081.0,1009.0
Opel Corsa,8490.0,10983,2493.0,6215049.0,2493.0
Opel Corsa,8100.0,6857,-1243.0,1545049.0,1243.0
Opel Corsa,8390.0,6463,-1927.0,3713329.0,1927.0
Opel Corsa,8489.0,7747,-742.0,550564.0,742.0
Opel Corsa,8500.0,8568,68.0,4624.0,68.0
Opel Corsa,8550.0,6554,-1996.0,3984016.0,1996.0
Opel Corsa,8800.0,5494,-3306.0,10929636.0,3306.0
Opel Corsa,8690.0,9282,592.0,350464.0,592.0
Opel Corsa,8800.0,6187,-2613.0,6827769.0,2613.0
Opel Corsa,8800.0,8964,164.0,26896.0,164.0
Opel Corsa,8690.0,8794,104.0,10816.0,104.0
Opel Corsa,8800.0,7577,-1223.0,1495729.0,1223.0
Opel Corsa,8780.0,7797,-983.0,966289.0,983.0
Opel Corsa,8895.0,8959,64.0,4096.0,64.0
Opel Corsa,8900.0,9975,1075.0,1155625.0,1075.0
Opel Corsa,8890.0,6926,-1964.0,3857296.0,1964.0
Opel Corsa,8840.0,7984,-856.0,732736.0,856.0
Opel Corsa,8899.0,10169,1270.0,1612900.0,1270.0
Opel Corsa,8900.0,8668,-232.0,53824.0,232.0
Opel Corsa,8900.0,9759,859.0,737881.0,859.0
Opel Corsa,8890.0,8231,-659.0,434281.0,659.0
Opel Corsa,8880.0,9170,290.0,84100.0,290.0
Opel Corsa,8880.0,8861,-19.0,361.0,19.0
Opel Corsa,8880.0,9919,1039.0,1079521.0,1039.0
Opel Corsa,8880.0,9473,593.0,351649.0,593.0
Opel Corsa,8880.0,9817,937.0,877969.0,937.0
Opel Corsa,8879.0,9209,330.0,108900.0,330.0
Opel Corsa,8879.0,9194,315.0,99225.0,315.0
Opel Corsa,8690.0,6729,-1961.0,3845521.0,1961.0
Opel Corsa,8850.0,8914,64.0,4096.0,64.0
Opel Corsa,8850.0,8974,124.0,15376.0,124.0
Opel Corsa,8770.0,7562,-1208.0,1459264.0,1208.0
Opel Corsa,8750.0,7083,-1667.0,2778889.0,1667.0
Opel Corsa,8750.0,7084,-1666.0,2775556.0,1666.0
Opel Corsa,8600.0,6105,-2495.0,6225025.0,2495.0
Opel Corsa,8650.0,7488,-1162.0,1350244.0,1162.0
Opel Corsa,8600.0,8218,-382.0,145924.0,382.0
Opel Corsa,8600.0,8118,-482.0,232324.0,482.0
Opel Corsa,8600.0,8539,-61.0,3721.0,61.0
Opel Corsa,8600.0,7839,-761.0,579121.0,761.0
Opel Corsa,8650.0,7056,-1594.0,2540836.0,1594.0
Opel Corsa,8600.0,7109,-1491.0,2223081.0,1491.0
Opel Corsa,8600.0,8667,67.0,4489.0,67.0
Opel Corsa,8600.0,12061,3461.0,11978521.0,3461.0
Opel Corsa,8600.0,7823,-777.0,603729.0,777.0
Opel Corsa,8599.0,8249,-350.0,122500.0,350.0
Opel Corsa,8599.0,8445,-154.0,23716.0,154.0
Opel Corsa,8600.0,8381,-219.0,47961.0,219.0
Opel Corsa,8600.0,8153,-447.0,199809.0,447.0
Opel Corsa,8589.0,8673,84.0,7056.0,84.0
Opel Corsa,8700.0,7059,-1641.0,2692881.0,1641.0
Opel Corsa,8750.0,9538,788.0,620944.0,788.0
Opel Corsa,8750.0,8334,-416.0,173056.0,416.0
Opel Corsa,8750.0,9601,851.0,724201.0,851.0
Opel Corsa,8750.0,7044,-1706.0,2910436.0,1706.0
Opel Corsa,8750.0,6655,-2095.0,4389025.0,2095.0
Opel Corsa,8700.0,6574,-2126.0,4519876.0,2126.0
Opel Corsa,8700.0,8843,143.0,20449.0,143.0
Opel Corsa,8700.0,9336,636.0,404496.0,636.0
Opel Corsa,8700.0,6974,-1726.0,2979076.0,1726.0
Opel Corsa,8700.0,6517,-2183.0,4765489.0,2183.0
Opel Corsa,8700.0,7069,-1631.0,2660161.0,1631.0
Opel Corsa,8700.0,6581,-2119.0,4490161.0,2119.0
Opel Corsa,8700.0,9332,632.0,399424.0,632.0
Opel Corsa,8699.0,7536,-1163.0,1352569.0,1163.0
Opel Corsa,8800.0,8339,-461.0,212521.0,461.0
Opel Corsa,8800.0,9527,727.0,528529.0,727.0
Opel Corsa,8800.0,8330,-470.0,220900.0,470.0
Opel Corsa,8800.0,6409,-2391.0,5716881.0,2391.0
Opel Corsa,8800.0,7741,-1059.0,1121481.0,1059.0
Opel Corsa,8800.0,7119,-1681.0,2825761.0,1681.0
Opel Corsa,8800.0,8396,-404.0,163216.0,404.0
Opel Corsa,8800.0,11460,2660.0,7075600.0,2660.0
Opel Corsa,8800.0,11678,2878.0,8282884.0,2878.0
Opel Corsa,8799.0,8841,42.0,1764.0,42.0
Opel Corsa,8790.0,8673,-117.0,13689.0,117.0
Opel Corsa,8790.0,7882,-908.0,824464.0,908.0
Opel Corsa,8790.0,8501,-289.0,83521.0,289.0
Opel Corsa,8790.0,5582,-3208.0,10291264.0,3208.0
Opel Corsa,8790.0,11092,2302.0,5299204.0,2302.0
Opel Corsa,8580.0,8074,-506.0,256036.0,506.0
Opel Corsa,8299.0,6658,-1641.0,2692881.0,1641.0
Opel Corsa,8299.0,7173,-1126.0,1267876.0,1126.0
Opel Corsa,8299.0,6654,-1645.0,2706025.0,1645.0
Opel Corsa,8790.0,10624,1834.0,3363556.0,1834.0
Opel Corsa,8500.0,9005,505.0,255025.0,505.0
Opel Corsa,8500.0,9513,1013.0,1026169.0,1013.0
Opel Corsa,8550.0,9026,476.0,226576.0,476.0
Opel Corsa,8525.0,7274,-1251.0,1565001.0,1251.0
Opel Corsa,8500.0,8276,-224.0,50176.0,224.0
Opel Corsa,8500.0,8952,452.0,204304.0,452.0
Opel Corsa,8500.0,8117,-383.0,146689.0,383.0
Opel Corsa,8500.0,8782,282.0,79524.0,282.0
Opel Corsa,8500.0,7119,-1381.0,1907161.0,1381.0
Opel Corsa,8500.0,7854,-646.0,417316.0,646.0
Opel Corsa,8500.0,4632,-3868.0,14961424.0,3868.0
Opel Corsa,8500.0,7511,-989.0,978121.0,989.0
Opel Corsa,8500.0,9551,1051.0,1104601.0,1051.0
Opel Corsa,8500.0,8948,448.0,200704.0,448.0
Opel Corsa,8500.0,6522,-1978.0,3912484.0,1978.0
Opel Corsa,8500.0,6974,-1526.0,2328676.0,1526.0
Opel Corsa,8500.0,8710,210.0,44100.0,210.0
Opel Corsa,8500.0,8959,459.0,210681.0,459.0
Opel Corsa,8500.0,8081,-419.0,175561.0,419.0
Opel Corsa,8500.0,9116,616.0,379456.0,616.0
Opel Corsa,8500.0,8609,109.0,11881.0,109.0
Opel Corsa,8500.0,8670,170.0,28900.0,170.0
Opel Corsa,8500.0,7313,-1187.0,1408969.0,1187.0
Opel Corsa,8500.0,5952,-2548.0,6492304.0,2548.0
Opel Corsa,8500.0,9455,955.0,912025.0,955.0
Opel Corsa,8500.0,9154,654.0,427716.0,654.0
Opel Corsa,8500.0,8281,-219.0,47961.0,219.0
Opel Corsa,8500.0,7505,-995.0,990025.0,995.0
Opel Corsa,8500.0,9716,1216.0,1478656.0,1216.0
Opel Corsa,8500.0,7514,-986.0,972196.0,986.0
Opel Corsa,8500.0,7140,-1360.0,1849600.0,1360.0
Opel Corsa,8500.0,7573,-927.0,859329.0,927.0
Opel Corsa,8299.0,6817,-1482.0,2196324.0,1482.0
Opel Corsa,8500.0,7416,-1084.0,1175056.0,1084.0
Opel Corsa,8299.0,8109,-190.0,36100.0,190.0
Opel Corsa,8299.0,8015,-284.0,80656.0,284.0
Opel Corsa,8500.0,7771,-729.0,531441.0,729.0
Opel Corsa,8299.0,7466,-833.0,693889.0,833.0
Opel Corsa,8299.0,7370,-929.0,863041.0,929.0
Opel Corsa,8290.0,9960,1670.0,2788900.0,1670.0
Opel Corsa,8290.0,10011,1721.0,2961841.0,1721.0
Opel Corsa,8200.0,8597,397.0,157609.0,397.0
Opel Corsa,8200.0,12468,4268.0,18215824.0,4268.0
Opel Corsa,8500.0,7207,-1293.0,1671849.0,1293.0
Opel Corsa,8270.0,7773,-497.0,247009.0,497.0
Opel Corsa,8200.0,6714,-1486.0,2208196.0,1486.0
Opel Corsa,8150.0,8653,503.0,253009.0,503.0
Opel Corsa,8199.0,8457,258.0,66564.0,258.0
Opel Corsa,8199.0,9951,1752.0,3069504.0,1752.0
Opel Corsa,8199.0,6270,-1929.0,3721041.0,1929.0
Opel Corsa,8450.0,6856,-1594.0,2540836.0,1594.0
Opel Corsa,8450.0,7158,-1292.0,1669264.0,1292.0
Opel Corsa,8450.0,6652,-1798.0,3232804.0,1798.0
Opel Corsa,8430.0,6020,-2410.0,5808100.0,2410.0
Opel Corsa,8450.0,5730,-2720.0,7398400.0,2720.0
Opel Corsa,8400.0,6335,-2065.0,4264225.0,2065.0
Opel Corsa,8450.0,7713,-737.0,543169.0,737.0
Opel Corsa,8450.0,7296,-1154.0,1331716.0,1154.0
Opel Corsa,8400.0,10050,1650.0,2722500.0,1650.0
Opel Corsa,8399.0,6979,-1420.0,2016400.0,1420.0
Opel Corsa,8399.0,8196,-203.0,41209.0,203.0
Opel Corsa,8490.0,10070,1580.0,2496400.0,1580.0
Opel Corsa,8399.0,6552,-1847.0,3411409.0,1847.0
Opel Corsa,8399.0,8546,147.0,21609.0,147.0
Opel Corsa,8400.0,8474,74.0,5476.0,74.0
Opel Corsa,8490.0,10909,2419.0,5851561.0,2419.0
Opel Corsa,8490.0,10742,2252.0,5071504.0,2252.0
Opel Corsa,8490.0,10403,1913.0,3659569.0,1913.0
Opel Corsa,8490.0,10635,2145.0,4601025.0,2145.0
Opel Corsa,8490.0,10414,1924.0,3701776.0,1924.0
Opel Corsa,8490.0,10832,2342.0,5484964.0,2342.0
Opel Corsa,8490.0,10154,1664.0,2768896.0,1664.0
Opel Corsa,8490.0,6841,-1649.0,2719201.0,1649.0
Opel Corsa,8490.0,10269,1779.0,3164841.0,1779.0
Opel Corsa,8490.0,10765,2275.0,5175625.0,2275.0
Opel Corsa,8490.0,10952,2462.0,6061444.0,2462.0
Opel Corsa,8490.0,9953,1463.0,2140369.0,1463.0
Opel Corsa,8490.0,10262,1772.0,3139984.0,1772.0
Opel Corsa,8490.0,10113,1623.0,2634129.0,1623.0
Opel Corsa,8490.0,10169,1679.0,2819041.0,1679.0
Opel Corsa,8490.0,10243,1753.0,3073009.0,1753.0
Opel Corsa,7990.0,6413,-1577.0,2486929.0,1577.0
Opel Corsa,7990.0,8024,34.0,1156.0,34.0
Opel Corsa,8000.0,7624,-376.0,141376.0,376.0
Opel Corsa,8000.0,6307,-1693.0,2866249.0,1693.0
Opel Corsa,7990.0,6126,-1864.0,3474496.0,1864.0
Opel Corsa,7990.0,8087,97.0,9409.0,97.0
Opel Corsa,7990.0,6483,-1507.0,2271049.0,1507.0
Opel Corsa,7990.0,7738,-252.0,63504.0,252.0
Opel Corsa,7990.0,10358,2368.0,5607424.0,2368.0
Opel Corsa,7990.0,10358,2368.0,5607424.0,2368.0
Opel Corsa,7990.0,10358,2368.0,5607424.0,2368.0
Opel Corsa,7980.0,6666,-1314.0,1726596.0,1314.0
Opel Corsa,7980.0,5933,-2047.0,4190209.0,2047.0
Opel Corsa,14213.0,16002,1789.0,3200521.0,1789.0
Opel Corsa,8380.0,8037,-343.0,117649.0,343.0
Opel Corsa,8350.0,-4140,-12490.0,156000100.0,12490.0
Opel Corsa,14213.0,16105,1892.0,3579664.0,1892.0
Opel Corsa,14213.0,15982,1769.0,3129361.0,1769.0
Opel Corsa,14213.0,16156,1943.0,3775249.0,1943.0
Opel Corsa,14213.0,15958,1745.0,3045025.0,1745.0
Opel Corsa,14213.0,16197,1984.0,3936256.0,1984.0
Opel Corsa,8300.0,7335,-965.0,931225.0,965.0
Opel Corsa,8300.0,8725,425.0,180625.0,425.0
Opel Corsa,8300.0,7387,-913.0,833569.0,913.0
Opel Corsa,8300.0,7008,-1292.0,1669264.0,1292.0
Opel Corsa,8300.0,7136,-1164.0,1354896.0,1164.0
Opel Corsa,8300.0,7485,-815.0,664225.0,815.0
Opel Corsa,8300.0,9263,963.0,927369.0,963.0
Opel Corsa,8300.0,7393,-907.0,822649.0,907.0
Opel Corsa,8300.0,9087,787.0,619369.0,787.0
Opel Corsa,8300.0,8385,85.0,7225.0,85.0
Opel Corsa,8300.0,7454,-846.0,715716.0,846.0
Opel Corsa,8300.0,7638,-662.0,438244.0,662.0
Opel Corsa,8300.0,9932,1632.0,2663424.0,1632.0
Opel Corsa,8300.0,9854,1554.0,2414916.0,1554.0
Opel Corsa,8300.0,8030,-270.0,72900.0,270.0
Opel Corsa,8300.0,6824,-1476.0,2178576.0,1476.0
Opel Corsa,14213.0,15982,1769.0,3129361.0,1769.0
Opel Corsa,8299.0,6724,-1575.0,2480625.0,1575.0
Opel Corsa,14000.0,15257,1257.0,1580049.0,1257.0
Opel Corsa,14213.0,16178,1965.0,3861225.0,1965.0
Opel Corsa,14213.0,17099,2886.0,8328996.0,2886.0
Opel Corsa,14150.0,13511,-639.0,408321.0,639.0
Opel Corsa,14213.0,16770,2557.0,6538249.0,2557.0
Opel Corsa,13999.0,13899,-100.0,10000.0,100.0
Opel Corsa,8299.0,7518,-781.0,609961.0,781.0
Opel Corsa,13999.0,13550,-449.0,201601.0,449.0
Opel Corsa,13999.0,15166,1167.0,1361889.0,1167.0
Opel Corsa,13999.0,13481,-518.0,268324.0,518.0
Opel Corsa,13990.0,11476,-2514.0,6320196.0,2514.0
Opel Corsa,13999.0,13712,-287.0,82369.0,287.0
Opel Corsa,13999.0,13115,-884.0,781456.0,884.0
Opel Corsa,13990.0,13070,-920.0,846400.0,920.0
Opel Corsa,13990.0,12053,-1937.0,3751969.0,1937.0
Opel Corsa,13990.0,13966,-24.0,576.0,24.0
Opel Corsa,13990.0,12268,-1722.0,2965284.0,1722.0
Opel Corsa,13990.0,13697,-293.0,85849.0,293.0
Opel Corsa,13990.0,12968,-1022.0,1044484.0,1022.0
Opel Corsa,13990.0,15111,1121.0,1256641.0,1121.0
Opel Corsa,13990.0,13318,-672.0,451584.0,672.0
Opel Corsa,13990.0,13095,-895.0,801025.0,895.0
Opel Corsa,13990.0,13753,-237.0,56169.0,237.0
Opel Corsa,13990.0,12340,-1650.0,2722500.0,1650.0
Opel Corsa,13990.0,11952,-2038.0,4153444.0,2038.0
Opel Corsa,13990.0,14732,742.0,550564.0,742.0
Opel Corsa,13990.0,14218,228.0,51984.0,228.0
Opel Corsa,13990.0,15577,1587.0,2518569.0,1587.0
Opel Corsa,13990.0,12440,-1550.0,2402500.0,1550.0
Opel Corsa,13990.0,13974,-16.0,256.0,16.0
Opel Corsa,13990.0,12842,-1148.0,1317904.0,1148.0
Opel Corsa,13990.0,14374,384.0,147456.0,384.0
Opel Corsa,13990.0,11752,-2238.0,5008644.0,2238.0
Opel Corsa,13990.0,13189,-801.0,641601.0,801.0
Opel Corsa,13990.0,14210,220.0,48400.0,220.0
Opel Corsa,13990.0,12418,-1572.0,2471184.0,1572.0
Opel Corsa,13990.0,14338,348.0,121104.0,348.0
Opel Corsa,13990.0,13757,-233.0,54289.0,233.0
Opel Corsa,13990.0,14002,12.0,144.0,12.0
Opel Corsa,13990.0,13202,-788.0,620944.0,788.0
Opel Corsa,13990.0,13099,-891.0,793881.0,891.0
Opel Corsa,13990.0,14166,176.0,30976.0,176.0
Opel Corsa,13990.0,13101,-889.0,790321.0,889.0
Opel Corsa,13980.0,13932,-48.0,2304.0,48.0
Opel Corsa,13980.0,14969,989.0,978121.0,989.0
Opel Corsa,13980.0,14245,265.0,70225.0,265.0
Opel Corsa,13980.0,14254,274.0,75076.0,274.0
Opel Corsa,13980.0,17410,3430.0,11764900.0,3430.0
Opel Corsa,13960.0,12666,-1294.0,1674436.0,1294.0
Opel Corsa,13980.0,13901,-79.0,6241.0,79.0
Opel Corsa,13980.0,14891,911.0,829921.0,911.0
Opel Corsa,13950.0,14166,216.0,46656.0,216.0
Opel Corsa,13950.0,13034,-916.0,839056.0,916.0
Opel Corsa,13950.0,15171,1221.0,1490841.0,1221.0
Opel Corsa,13950.0,13220,-730.0,532900.0,730.0
Opel Corsa,13950.0,15310,1360.0,1849600.0,1360.0
Opel Corsa,13950.0,13911,-39.0,1521.0,39.0
Opel Corsa,13950.0,15484,1534.0,2353156.0,1534.0
Opel Corsa,13900.0,12850,-1050.0,1102500.0,1050.0
Opel Corsa,13900.0,11057,-2843.0,8082649.0,2843.0
Opel Corsa,13950.0,15950,2000.0,4000000.0,2000.0
Opel Corsa,13950.0,13635,-315.0,99225.0,315.0
Opel Corsa,13900.0,13376,-524.0,274576.0,524.0
Opel Corsa,13900.0,12365,-1535.0,2356225.0,1535.0
Opel Corsa,13900.0,15339,1439.0,2070721.0,1439.0
Opel Corsa,13900.0,13946,46.0,2116.0,46.0
Opel Corsa,13899.0,15092,1193.0,1423249.0,1193.0
Opel Corsa,8900.0,8085,-815.0,664225.0,815.0
Opel Corsa,8900.0,7887,-1013.0,1026169.0,1013.0
Opel Corsa,8900.0,12001,3101.0,9616201.0,3101.0
Opel Corsa,8900.0,9235,335.0,112225.0,335.0
Opel Corsa,8900.0,7908,-992.0,984064.0,992.0
Opel Corsa,8900.0,9878,978.0,956484.0,978.0
Opel Corsa,8900.0,7763,-1137.0,1292769.0,1137.0
Opel Corsa,8900.0,8033,-867.0,751689.0,867.0
Opel Corsa,8900.0,8280,-620.0,384400.0,620.0
Opel Corsa,8900.0,8014,-886.0,784996.0,886.0
Opel Corsa,8900.0,8604,-296.0,87616.0,296.0
Opel Corsa,8950.0,7944,-1006.0,1012036.0,1006.0
Opel Corsa,8990.0,6553,-2437.0,5938969.0,2437.0
Opel Corsa,8990.0,9658,668.0,446224.0,668.0
Opel Corsa,8980.0,7689,-1291.0,1666681.0,1291.0
Opel Corsa,8979.0,8554,-425.0,180625.0,425.0
Opel Corsa,8970.0,7733,-1237.0,1530169.0,1237.0
Opel Corsa,8990.0,4890,-4100.0,16810000.0,4100.0
Opel Corsa,8990.0,9780,790.0,624100.0,790.0
Opel Corsa,8990.0,9563,573.0,328329.0,573.0
Opel Corsa,8990.0,9240,250.0,62500.0,250.0
Opel Corsa,8990.0,9146,156.0,24336.0,156.0
Opel Corsa,8990.0,9346,356.0,126736.0,356.0
Opel Corsa,8990.0,9225,235.0,55225.0,235.0
Opel Corsa,8990.0,9272,282.0,79524.0,282.0
Opel Corsa,8990.0,8564,-426.0,181476.0,426.0
Opel Corsa,8990.0,9345,355.0,126025.0,355.0
Opel Corsa,8990.0,8471,-519.0,269361.0,519.0
Opel Corsa,8989.0,8311,-678.0,459684.0,678.0
Opel Corsa,8980.0,7895,-1085.0,1177225.0,1085.0
Opel Corsa,8980.0,7650,-1330.0,1768900.0,1330.0
Opel Corsa,8980.0,9879,899.0,808201.0,899.0
Opel Corsa,8980.0,7507,-1473.0,2169729.0,1473.0
Opel Corsa,8989.0,10392,1403.0,1968409.0,1403.0
Opel Corsa,8970.0,7076,-1894.0,3587236.0,1894.0
Opel Corsa,8950.0,8532,-418.0,174724.0,418.0
Opel Corsa,8950.0,7279,-1671.0,2792241.0,1671.0
Opel Corsa,8950.0,7907,-1043.0,1087849.0,1043.0
Opel Corsa,8950.0,9805,855.0,731025.0,855.0
Opel Corsa,8990.0,9872,882.0,777924.0,882.0
Opel Corsa,8990.0,10895,1905.0,3629025.0,1905.0
Opel Corsa,8950.0,7915,-1035.0,1071225.0,1035.0
Opel Corsa,8990.0,6330,-2660.0,7075600.0,2660.0
Opel Corsa,8950.0,8595,-355.0,126025.0,355.0
Opel Corsa,8950.0,8130,-820.0,672400.0,820.0
Opel Corsa,8990.0,5960,-3030.0,9180900.0,3030.0
Opel Corsa,8950.0,7914,-1036.0,1073296.0,1036.0
Opel Corsa,8990.0,6485,-2505.0,6275025.0,2505.0
Opel Corsa,8990.0,5977,-3013.0,9078169.0,3013.0
Opel Corsa,8990.0,9930,940.0,883600.0,940.0
Opel Corsa,8990.0,6156,-2834.0,8031556.0,2834.0
Opel Corsa,8990.0,6298,-2692.0,7246864.0,2692.0
Opel Corsa,8990.0,8683,-307.0,94249.0,307.0
Opel Corsa,8990.0,9860,870.0,756900.0,870.0
Opel Corsa,8990.0,8331,-659.0,434281.0,659.0
Opel Corsa,8990.0,11676,2686.0,7214596.0,2686.0
Opel Corsa,8990.0,5996,-2994.0,8964036.0,2994.0
Opel Corsa,8990.0,8424,-566.0,320356.0,566.0
Opel Corsa,8990.0,10147,1157.0,1338649.0,1157.0
Opel Corsa,8950.0,7741,-1209.0,1461681.0,1209.0
Opel Corsa,8950.0,8217,-733.0,537289.0,733.0
Opel Corsa,8900.0,9889,989.0,978121.0,989.0
Opel Corsa,8900.0,9016,116.0,13456.0,116.0
Opel Corsa,8900.0,6810,-2090.0,4368100.0,2090.0
Opel Corsa,8900.0,8818,-82.0,6724.0,82.0
Opel Corsa,8900.0,6413,-2487.0,6185169.0,2487.0
Opel Corsa,8900.0,8890,-10.0,100.0,10.0
Opel Corsa,8900.0,5967,-2933.0,8602489.0,2933.0
Opel Corsa,8900.0,9235,335.0,112225.0,335.0
Opel Corsa,8900.0,9193,293.0,85849.0,293.0
Opel Corsa,8900.0,9950,1050.0,1102500.0,1050.0
Opel Corsa,8900.0,7376,-1524.0,2322576.0,1524.0
Opel Corsa,8900.0,6716,-2184.0,4769856.0,2184.0
Opel Corsa,8900.0,6685,-2215.0,4906225.0,2215.0
Opel Corsa,8900.0,8102,-798.0,636804.0,798.0
Opel Corsa,8900.0,7420,-1480.0,2190400.0,1480.0
Opel Corsa,8900.0,6911,-1989.0,3956121.0,1989.0
Opel Corsa,8900.0,8479,-421.0,177241.0,421.0
Opel Corsa,8900.0,8652,-248.0,61504.0,248.0
Opel Corsa,8900.0,9476,576.0,331776.0,576.0
Opel Corsa,8900.0,7020,-1880.0,3534400.0,1880.0
Opel Corsa,8900.0,8938,38.0,1444.0,38.0
Opel Corsa,8900.0,9076,176.0,30976.0,176.0
Opel Corsa,8900.0,10775,1875.0,3515625.0,1875.0
Opel Corsa,8900.0,7341,-1559.0,2430481.0,1559.0
Opel Corsa,8900.0,9090,190.0,36100.0,190.0
Opel Corsa,8900.0,9740,840.0,705600.0,840.0
Opel Corsa,8900.0,7658,-1242.0,1542564.0,1242.0
Opel Corsa,8950.0,8231,-719.0,516961.0,719.0
Opel Corsa,8950.0,8099,-851.0,724201.0,851.0
Opel Corsa,8950.0,11023,2073.0,4297329.0,2073.0
Opel Corsa,8950.0,7333,-1617.0,2614689.0,1617.0
Opel Corsa,8950.0,8314,-636.0,404496.0,636.0
Opel Corsa,8950.0,7512,-1438.0,2067844.0,1438.0
Opel Corsa,8950.0,7352,-1598.0,2553604.0,1598.0
Opel Corsa,8950.0,9191,241.0,58081.0,241.0
Opel Corsa,8925.0,7658,-1267.0,1605289.0,1267.0
Opel Corsa,8925.0,7806,-1119.0,1252161.0,1119.0
Opel Corsa,8925.0,6640,-2285.0,5221225.0,2285.0
Opel Corsa,8900.0,7415,-1485.0,2205225.0,1485.0
Opel Corsa,8900.0,8558,-342.0,116964.0,342.0
Opel Corsa,8900.0,8733,-167.0,27889.0,167.0
Opel Corsa,8900.0,7831,-1069.0,1142761.0,1069.0
Opel Corsa,14213.0,16090,1877.0,3523129.0,1877.0
Opel Corsa,14390.0,15313,923.0,851929.0,923.0
Opel Corsa,14370.0,13266,-1104.0,1218816.0,1104.0
Opel Corsa,14350.0,17129,2779.0,7722841.0,2779.0
Opel Corsa,14350.0,12729,-1621.0,2627641.0,1621.0
Opel Corsa,14350.0,13334,-1016.0,1032256.0,1016.0
Opel Corsa,14595.0,16514,1919.0,3682561.0,1919.0
Opel Corsa,14590.0,12233,-2357.0,5555449.0,2357.0
Opel Corsa,9250.0,9323,73.0,5329.0,73.0
Opel Corsa,14590.0,13948,-642.0,412164.0,642.0
Opel Corsa,9250.0,10426,1176.0,1382976.0,1176.0
Opel Corsa,9245.0,13316,4071.0,16573041.0,4071.0
Opel Corsa,9280.0,8945,-335.0,112225.0,335.0
Opel Corsa,9508.0,10409,901.0,811801.0,901.0
Opel Corsa,9240.0,11099,1859.0,3455881.0,1859.0
Opel Corsa,9200.0,12988,3788.0,14348944.0,3788.0
Opel Corsa,9400.0,10548,1148.0,1317904.0,1148.0
Opel Corsa,9550.0,10883,1333.0,1776889.0,1333.0
Opel Corsa,9290.0,11069,1779.0,3164841.0,1779.0
Opel Corsa,9550.0,8652,-898.0,806404.0,898.0
Opel Corsa,9490.0,10848,1358.0,1844164.0,1358.0
Opel Corsa,9500.0,10827,1327.0,1760929.0,1327.0
Opel Corsa,9500.0,11095,1595.0,2544025.0,1595.0
Opel Corsa,9800.0,9265,-535.0,286225.0,535.0
Opel Corsa,9790.0,11003,1213.0,1471369.0,1213.0
Opel Corsa,9790.0,9975,185.0,34225.0,185.0
Opel Corsa,9800.0,9032,-768.0,589824.0,768.0
Opel Corsa,9788.0,6260,-3528.0,12446784.0,3528.0
Opel Corsa,9800.0,9322,-478.0,228484.0,478.0
Opel Corsa,9780.0,10518,738.0,544644.0,738.0
Opel Corsa,9780.0,10258,478.0,228484.0,478.0
Opel Corsa,9750.0,10287,537.0,288369.0,537.0
Opel Corsa,9780.0,10205,425.0,180625.0,425.0
Opel Corsa,9777.0,9961,184.0,33856.0,184.0
Opel Corsa,9750.0,9799,49.0,2401.0,49.0
Opel Corsa,9750.0,10107,357.0,127449.0,357.0
Opel Corsa,9750.0,9196,-554.0,306916.0,554.0
Opel Corsa,9700.0,10415,715.0,511225.0,715.0
Opel Corsa,9750.0,9029,-721.0,519841.0,721.0
Opel Corsa,9745.0,9708,-37.0,1369.0,37.0
Opel Corsa,9700.0,10271,571.0,326041.0,571.0
Opel Corsa,9700.0,10763,1063.0,1129969.0,1063.0
Opel Corsa,9745.0,9039,-706.0,498436.0,706.0
Opel Corsa,9745.0,9911,166.0,27556.0,166.0
Opel Corsa,9700.0,9594,-106.0,11236.0,106.0
Opel Corsa,9800.0,9236,-564.0,318096.0,564.0
Opel Corsa,9800.0,9292,-508.0,258064.0,508.0
Opel Corsa,9800.0,8929,-871.0,758641.0,871.0
Opel Corsa,9800.0,9050,-750.0,562500.0,750.0
Opel Corsa,9800.0,8989,-811.0,657721.0,811.0
Opel Corsa,9800.0,10592,792.0,627264.0,792.0
Opel Corsa,9800.0,9346,-454.0,206116.0,454.0
Opel Corsa,9800.0,8813,-987.0,974169.0,987.0
Opel Corsa,9799.0,9486,-313.0,97969.0,313.0
Opel Corsa,9799.0,8258,-1541.0,2374681.0,1541.0
Opel Corsa,9795.0,9527,-268.0,71824.0,268.0
Opel Corsa,9791.0,10196,405.0,164025.0,405.0
Opel Corsa,9500.0,11519,2019.0,4076361.0,2019.0
Opel Corsa,9790.0,10906,1116.0,1245456.0,1116.0
Opel Corsa,9799.0,8007,-1792.0,3211264.0,1792.0
Opel Corsa,9791.0,9906,115.0,13225.0,115.0
Opel Corsa,9791.0,10253,462.0,213444.0,462.0
Opel Corsa,9500.0,9886,386.0,148996.0,386.0
Opel Corsa,9499.0,9702,203.0,41209.0,203.0
Opel Corsa,9499.0,8951,-548.0,300304.0,548.0
Opel Corsa,9499.0,9897,398.0,158404.0,398.0
Opel Corsa,9495.0,9228,-267.0,71289.0,267.0
Opel Corsa,9499.0,9341,-158.0,24964.0,158.0
Opel Corsa,9500.0,10323,823.0,677329.0,823.0
Opel Corsa,9495.0,9309,-186.0,34596.0,186.0
Opel Corsa,9790.0,10234,444.0,197136.0,444.0
Opel Corsa,9495.0,9257,-238.0,56644.0,238.0
Opel Corsa,9495.0,9355,-140.0,19600.0,140.0
Opel Corsa,9700.0,8513,-1187.0,1408969.0,1187.0
Opel Corsa,9495.0,8988,-507.0,257049.0,507.0
Opel Corsa,9495.0,9264,-231.0,53361.0,231.0
Opel Corsa,9495.0,9200,-295.0,87025.0,295.0
Opel Corsa,9490.0,9270,-220.0,48400.0,220.0
Opel Corsa,9490.0,10550,1060.0,1123600.0,1060.0
Opel Corsa,9490.0,11229,1739.0,3024121.0,1739.0
Opel Corsa,9490.0,11153,1663.0,2765569.0,1663.0
Opel Corsa,9480.0,9454,-26.0,676.0,26.0
Opel Corsa,9480.0,9225,-255.0,65025.0,255.0
Opel Corsa,9470.0,10285,815.0,664225.0,815.0
Opel Corsa,9450.0,9933,483.0,233289.0,483.0
Opel Corsa,9450.0,8620,-830.0,688900.0,830.0
Opel Corsa,9400.0,11040,1640.0,2689600.0,1640.0
Opel Corsa,9400.0,10529,1129.0,1274641.0,1129.0
Opel Corsa,9400.0,9725,325.0,105625.0,325.0
Opel Corsa,9400.0,10212,812.0,659344.0,812.0
Opel Corsa,9400.0,9901,501.0,251001.0,501.0
Opel Corsa,9495.0,9354,-141.0,19881.0,141.0
Opel Corsa,9400.0,9555,155.0,24025.0,155.0
Opel Corsa,9490.0,9309,-181.0,32761.0,181.0
Opel Corsa,9390.0,10848,1458.0,2125764.0,1458.0
Opel Corsa,9390.0,10362,972.0,944784.0,972.0
Opel Corsa,9390.0,9839,449.0,201601.0,449.0
Opel Corsa,9300.0,9978,678.0,459684.0,678.0
Opel Corsa,9390.0,9580,190.0,36100.0,190.0
Opel Corsa,9300.0,9731,431.0,185761.0,431.0
Opel Corsa,9300.0,10358,1058.0,1119364.0,1058.0
Opel Corsa,9300.0,9960,660.0,435600.0,660.0
Opel Corsa,9300.0,10763,1463.0,2140369.0,1463.0
Opel Corsa,9300.0,10245,945.0,893025.0,945.0
Opel Corsa,9300.0,8670,-630.0,396900.0,630.0
Opel Corsa,9300.0,9653,353.0,124609.0,353.0
Opel Corsa,9500.0,8947,-553.0,305809.0,553.0
Opel Corsa,9500.0,9105,-395.0,156025.0,395.0
Opel Corsa,9500.0,10486,986.0,972196.0,986.0
Opel Corsa,9500.0,10545,1045.0,1092025.0,1045.0
Opel Corsa,9500.0,10280,780.0,608400.0,780.0
Opel Corsa,9500.0,11201,1701.0,2893401.0,1701.0
Opel Corsa,9500.0,10106,606.0,367236.0,606.0
Opel Corsa,9500.0,10661,1161.0,1347921.0,1161.0
Opel Corsa,9500.0,10049,549.0,301401.0,549.0
Opel Corsa,9500.0,11204,1704.0,2903616.0,1704.0
Opel Corsa,9500.0,10105,605.0,366025.0,605.0
Opel Corsa,9500.0,9394,-106.0,11236.0,106.0
Opel Corsa,9500.0,10151,651.0,423801.0,651.0
Opel Corsa,9500.0,10894,1394.0,1943236.0,1394.0
Opel Corsa,9500.0,9794,294.0,86436.0,294.0
Opel Corsa,9500.0,10209,709.0,502681.0,709.0
Opel Corsa,9500.0,11479,1979.0,3916441.0,1979.0
Opel Corsa,9500.0,9660,160.0,25600.0,160.0
Opel Corsa,9500.0,9121,-379.0,143641.0,379.0
Opel Corsa,9695.0,9385,-310.0,96100.0,310.0
Opel Corsa,9299.0,9110,-189.0,35721.0,189.0
Opel Corsa,9300.0,10745,1445.0,2088025.0,1445.0
Opel Corsa,9300.0,9488,188.0,35344.0,188.0
Opel Corsa,9300.0,9952,652.0,425104.0,652.0
Opel Corsa,9690.0,10343,653.0,426409.0,653.0
Opel Corsa,9695.0,9472,-223.0,49729.0,223.0
Opel Corsa,9690.0,10338,648.0,419904.0,648.0
Opel Corsa,9690.0,10105,415.0,172225.0,415.0
Opel Corsa,9695.0,9307,-388.0,150544.0,388.0
Opel Corsa,9650.0,10010,360.0,129600.0,360.0
Opel Corsa,9650.0,9671,21.0,441.0,21.0
Opel Corsa,9680.0,10490,810.0,656100.0,810.0
Opel Corsa,9600.0,10472,872.0,760384.0,872.0
Opel Corsa,9600.0,10749,1149.0,1320201.0,1149.0
Opel Corsa,9600.0,10855,1255.0,1575025.0,1255.0
Opel Corsa,9600.0,8895,-705.0,497025.0,705.0
Opel Corsa,9595.0,9247,-348.0,121104.0,348.0
Opel Corsa,9590.0,11890,2300.0,5290000.0,2300.0
Opel Corsa,9190.0,12724,3534.0,12489156.0,3534.0
Opel Corsa,9580.0,9462,-118.0,13924.0,118.0
Opel Corsa,9500.0,10387,887.0,786769.0,887.0
Opel Corsa,9170.0,9598,428.0,183184.0,428.0
Opel Corsa,9190.0,12504,3314.0,10982596.0,3314.0
Opel Corsa,9000.0,11373,2373.0,5631129.0,2373.0
Opel Corsa,9000.0,11455,2455.0,6027025.0,2455.0
Opel Corsa,8999.0,8468,-531.0,281961.0,531.0
Opel Corsa,8990.0,13104,4114.0,16924996.0,4114.0
Opel Corsa,8990.0,12932,3942.0,15539364.0,3942.0
Opel Corsa,8990.0,12811,3821.0,14600041.0,3821.0
Opel Corsa,8990.0,10760,1770.0,3132900.0,1770.0
Opel Corsa,8990.0,12873,3883.0,15077689.0,3883.0
Opel Corsa,8990.0,9750,760.0,577600.0,760.0
Opel Corsa,8990.0,9692,702.0,492804.0,702.0
Opel Corsa,14590.0,15820,1230.0,1512900.0,1230.0
Opel Corsa,14575.0,14157,-418.0,174724.0,418.0
Opel Corsa,14490.0,14616,126.0,15876.0,126.0
Opel Corsa,14540.0,13263,-1277.0,1630729.0,1277.0
Opel Corsa,14500.0,14235,-265.0,70225.0,265.0
Opel Corsa,14500.0,14441,-59.0,3481.0,59.0
Opel Corsa,14575.0,15335,760.0,577600.0,760.0
Opel Corsa,14490.0,14120,-370.0,136900.0,370.0
Opel Corsa,14490.0,17198,2708.0,7333264.0,2708.0
Opel Corsa,14490.0,11630,-2860.0,8179600.0,2860.0
Opel Corsa,14490.0,13423,-1067.0,1138489.0,1067.0
Opel Corsa,14490.0,15444,954.0,910116.0,954.0
Opel Corsa,14490.0,15856,1366.0,1865956.0,1366.0
Opel Corsa,14490.0,13821,-669.0,447561.0,669.0
Opel Corsa,14490.0,13014,-1476.0,2178576.0,1476.0
Opel Corsa,14710.0,13364,-1346.0,1811716.0,1346.0
Opel Corsa,14700.0,16389,1689.0,2852721.0,1689.0
Opel Corsa,14700.0,14435,-265.0,70225.0,265.0
Opel Corsa,14490.0,15638,1148.0,1317904.0,1148.0
Opel Corsa,14700.0,20010,5310.0,28196100.0,5310.0
Opel Corsa,14699.0,15509,810.0,656100.0,810.0
Opel Corsa,14490.0,14886,396.0,156816.0,396.0
Opel Corsa,14698.0,15898,1200.0,1440000.0,1200.0
Opel Corsa,14690.0,15014,324.0,104976.0,324.0
Opel Corsa,14690.0,13335,-1355.0,1836025.0,1355.0
Opel Corsa,14690.0,13618,-1072.0,1149184.0,1072.0
Opel Corsa,14680.0,12876,-1804.0,3254416.0,1804.0
Opel Corsa,14680.0,14038,-642.0,412164.0,642.0
Opel Corsa,14490.0,14951,461.0,212521.0,461.0
Opel Corsa,14666.0,15181,515.0,265225.0,515.0
Opel Corsa,14688.0,13961,-727.0,528529.0,727.0
Opel Corsa,14489.0,15968,1479.0,2187441.0,1479.0
Opel Corsa,14595.0,16726,2131.0,4541161.0,2131.0
Opel Corsa,14595.0,16780,2185.0,4774225.0,2185.0
Opel Corsa,14595.0,16498,1903.0,3621409.0,1903.0
Opel Corsa,14650.0,17203,2553.0,6517809.0,2553.0
Opel Corsa,14489.0,14387,-102.0,10404.0,102.0
Opel Corsa,14650.0,14747,97.0,9409.0,97.0
Opel Corsa,14598.0,14057,-541.0,292681.0,541.0
Opel Corsa,14480.0,13694,-786.0,617796.0,786.0
Opel Corsa,14485.0,13205,-1280.0,1638400.0,1280.0
Opel Corsa,14480.0,14896,416.0,173056.0,416.0
Opel Corsa,14480.0,13831,-649.0,421201.0,649.0
Opel Corsa,14480.0,16155,1675.0,2805625.0,1675.0
Opel Corsa,14489.0,15704,1215.0,1476225.0,1215.0
Opel Corsa,14477.0,15135,658.0,432964.0,658.0
Opel Corsa,14470.0,13846,-624.0,389376.0,624.0
Opel Corsa,14450.0,14165,-285.0,81225.0,285.0
Opel Corsa,14450.0,14687,237.0,56169.0,237.0
Opel Corsa,14450.0,11104,-3346.0,11195716.0,3346.0
Opel Corsa,14450.0,12929,-1521.0,2313441.0,1521.0
Opel Corsa,14450.0,15583,1133.0,1283689.0,1133.0
Opel Corsa,14450.0,15661,1211.0,1466521.0,1211.0
Opel Corsa,14450.0,15879,1429.0,2042041.0,1429.0
Opel Corsa,14450.0,15912,1462.0,2137444.0,1462.0
Opel Corsa,14440.0,14153,-287.0,82369.0,287.0
Opel Corsa,14440.0,14557,117.0,13689.0,117.0
Opel Corsa,14300.0,15006,706.0,498436.0,706.0
Opel Corsa,14325.0,14761,436.0,190096.0,436.0
Opel Corsa,14295.0,16043,1748.0,3055504.0,1748.0
Opel Corsa,14300.0,13033,-1267.0,1605289.0,1267.0
Opel Corsa,14290.0,13746,-544.0,295936.0,544.0
Opel Corsa,14290.0,12914,-1376.0,1893376.0,1376.0
Opel Corsa,14280.0,13606,-674.0,454276.0,674.0
Opel Corsa,14213.0,16178,1965.0,3861225.0,1965.0
Opel Corsa,14213.0,15761,1548.0,2396304.0,1548.0
Opel Corsa,14213.0,16179,1966.0,3865156.0,1966.0
Opel Corsa,14213.0,15958,1745.0,3045025.0,1745.0
Opel Corsa,14213.0,15982,1769.0,3129361.0,1769.0
Opel Corsa,14213.0,16104,1891.0,3575881.0,1891.0
Opel Corsa,14250.0,13970,-280.0,78400.0,280.0
Opel Corsa,14213.0,16002,1789.0,3200521.0,1789.0
Opel Corsa,9849.0,9737,-112.0,12544.0,112.0
Opel Corsa,9890.0,10031,141.0,19881.0,141.0
Opel Corsa,9890.0,9872,-18.0,324.0,18.0
Opel Corsa,9890.0,11534,1644.0,2702736.0,1644.0
Opel Corsa,9900.0,8573,-1327.0,1760929.0,1327.0
Opel Corsa,9900.0,10425,525.0,275625.0,525.0
Opel Corsa,9925.0,10543,618.0,381924.0,618.0
Opel Corsa,9900.0,9554,-346.0,119716.0,346.0
Opel Corsa,9900.0,11439,1539.0,2368521.0,1539.0
Opel Corsa,9925.0,10543,618.0,381924.0,618.0
Opel Corsa,9950.0,10787,837.0,700569.0,837.0
Opel Corsa,9950.0,10171,221.0,48841.0,221.0
Opel Corsa,9925.0,8668,-1257.0,1580049.0,1257.0
Opel Corsa,9950.0,9128,-822.0,675684.0,822.0
Opel Corsa,9950.0,9391,-559.0,312481.0,559.0
Opel Corsa,9950.0,8913,-1037.0,1075369.0,1037.0
Opel Corsa,9950.0,12659,2709.0,7338681.0,2709.0
Opel Corsa,9950.0,8705,-1245.0,1550025.0,1245.0
Opel Corsa,9950.0,10268,318.0,101124.0,318.0
Opel Corsa,9950.0,10760,810.0,656100.0,810.0
Opel Corsa,9950.0,9340,-610.0,372100.0,610.0
Opel Corsa,9950.0,10172,222.0,49284.0,222.0
Opel Corsa,9946.0,10233,287.0,82369.0,287.0
Opel Corsa,9945.0,8737,-1208.0,1459264.0,1208.0
Opel Corsa,9940.0,9729,-211.0,44521.0,211.0
Opel Corsa,9940.0,8956,-984.0,968256.0,984.0
Opel Corsa,9940.0,9077,-863.0,744769.0,863.0
Opel Corsa,9900.0,10580,680.0,462400.0,680.0
Opel Corsa,9940.0,10734,794.0,630436.0,794.0
Opel Corsa,9940.0,9202,-738.0,544644.0,738.0
Opel Corsa,9940.0,9092,-848.0,719104.0,848.0
Opel Corsa,9900.0,10429,529.0,279841.0,529.0
Opel Corsa,9900.0,10682,782.0,611524.0,782.0
Opel Corsa,9900.0,10746,846.0,715716.0,846.0
Opel Corsa,9900.0,10697,797.0,635209.0,797.0
Opel Corsa,9900.0,10951,1051.0,1104601.0,1051.0
Opel Corsa,9900.0,9692,-208.0,43264.0,208.0
Opel Corsa,9900.0,9236,-664.0,440896.0,664.0
Opel Corsa,9900.0,9920,20.0,400.0,20.0
Opel Corsa,9900.0,10362,462.0,213444.0,462.0
Opel Corsa,9900.0,9835,-65.0,4225.0,65.0
Opel Corsa,9900.0,11218,1318.0,1737124.0,1318.0
Opel Corsa,9900.0,10318,418.0,174724.0,418.0
Opel Corsa,9900.0,11165,1265.0,1600225.0,1265.0
Opel Corsa,9900.0,9894,-6.0,36.0,6.0
Opel Corsa,9900.0,10424,524.0,274576.0,524.0
Opel Corsa,9895.0,9778,-117.0,13689.0,117.0
Opel Corsa,9890.0,10459,569.0,323761.0,569.0
Opel Corsa,9899.0,12224,2325.0,5405625.0,2325.0
Opel Corsa,9890.0,9839,-51.0,2601.0,51.0
Opel Corsa,9895.0,9431,-464.0,215296.0,464.0
Opel Corsa,9895.0,9895,0.0,0.0,0.0
Opel Corsa,9895.0,9863,-32.0,1024.0,32.0
Opel Corsa,9890.0,10498,608.0,369664.0,608.0
Opel Corsa,9980.0,10738,758.0,574564.0,758.0
Opel Corsa,9980.0,11079,1099.0,1207801.0,1099.0
Opel Corsa,9980.0,11038,1058.0,1119364.0,1058.0
Opel Corsa,9890.0,9850,-40.0,1600.0,40.0
Opel Corsa,9980.0,9759,-221.0,48841.0,221.0
Opel Corsa,9890.0,12466,2576.0,6635776.0,2576.0
Opel Corsa,9890.0,9944,54.0,2916.0,54.0
Opel Corsa,9980.0,10921,941.0,885481.0,941.0
Opel Corsa,9970.0,10457,487.0,237169.0,487.0
Opel Corsa,9976.0,9859,-117.0,13689.0,117.0
Opel Corsa,9975.0,10680,705.0,497025.0,705.0
Opel Corsa,9979.0,11379,1400.0,1960000.0,1400.0
Opel Corsa,9965.0,9584,-381.0,145161.0,381.0
Opel Corsa,9950.0,11512,1562.0,2439844.0,1562.0
Opel Corsa,9950.0,10924,974.0,948676.0,974.0
Opel Corsa,9950.0,10536,586.0,343396.0,586.0
Opel Corsa,9950.0,11148,1198.0,1435204.0,1198.0
Opel Corsa,9950.0,9433,-517.0,267289.0,517.0
Opel Corsa,9950.0,8991,-959.0,919681.0,959.0
Opel Corsa,9950.0,9894,-56.0,3136.0,56.0
Opel Corsa,9950.0,10871,921.0,848241.0,921.0
Opel Corsa,9950.0,11169,1219.0,1485961.0,1219.0
Opel Corsa,9950.0,11086,1136.0,1290496.0,1136.0
Opel Corsa,9900.0,9011,-889.0,790321.0,889.0
Opel Corsa,9900.0,10854,954.0,910116.0,954.0
Opel Corsa,9900.0,10940,1040.0,1081600.0,1040.0
Opel Corsa,9900.0,10348,448.0,200704.0,448.0
Opel Corsa,9900.0,9618,-282.0,79524.0,282.0
Opel Corsa,9900.0,9416,-484.0,234256.0,484.0
Opel Corsa,9900.0,9829,-71.0,5041.0,71.0
Opel Corsa,9900.0,9616,-284.0,80656.0,284.0
Opel Corsa,9900.0,9372,-528.0,278784.0,528.0
Opel Corsa,9900.0,10139,239.0,57121.0,239.0
Opel Corsa,9900.0,10446,546.0,298116.0,546.0
Opel Corsa,9900.0,10653,753.0,567009.0,753.0
Opel Corsa,9900.0,9275,-625.0,390625.0,625.0
Opel Corsa,9900.0,8940,-960.0,921600.0,960.0
Opel Corsa,9900.0,10323,423.0,178929.0,423.0
Opel Corsa,9900.0,8524,-1376.0,1893376.0,1376.0
Opel Corsa,9900.0,10143,243.0,59049.0,243.0
Opel Corsa,9890.0,10613,723.0,522729.0,723.0
Opel Corsa,9880.0,13905,4025.0,16200625.0,4025.0
Opel Corsa,9880.0,9415,-465.0,216225.0,465.0
Opel Corsa,9880.0,8616,-1264.0,1597696.0,1264.0
Opel Corsa,9880.0,9478,-402.0,161604.0,402.0
Opel Corsa,9880.0,11713,1833.0,3359889.0,1833.0
Opel Corsa,9880.0,11610,1730.0,2992900.0,1730.0
Opel Corsa,9880.0,10171,291.0,84681.0,291.0
Opel Corsa,9880.0,11448,1568.0,2458624.0,1568.0
Opel Corsa,9865.0,8037,-1828.0,3341584.0,1828.0
Opel Corsa,9850.0,10909,1059.0,1121481.0,1059.0
Opel Corsa,9850.0,10244,394.0,155236.0,394.0
Opel Corsa,9850.0,11804,1954.0,3818116.0,1954.0
Opel Corsa,9849.0,9613,-236.0,55696.0,236.0
Opel Corsa,9849.0,10245,396.0,156816.0,396.0
Opel Corsa,9849.0,9981,132.0,17424.0,132.0
Opel Corsa,9849.0,9963,114.0,12996.0,114.0
Opel Corsa,9849.0,10061,212.0,44944.0,212.0
Opel Corsa,9800.0,11647,1847.0,3411409.0,1847.0
Opel Corsa,9849.0,10092,243.0,59049.0,243.0
Opel Corsa,9800.0,11125,1325.0,1755625.0,1325.0
Opel Corsa,9800.0,11052,1252.0,1567504.0,1252.0
Opel Corsa,9800.0,9262,-538.0,289444.0,538.0
Opel Corsa,9800.0,10229,429.0,184041.0,429.0
Opel Corsa,9800.0,10485,685.0,469225.0,685.0
Opel Corsa,9800.0,9134,-666.0,443556.0,666.0
Opel Corsa,9800.0,9547,-253.0,64009.0,253.0
Opel Corsa,9800.0,10730,930.0,864900.0,930.0
Opel Corsa,9800.0,9255,-545.0,297025.0,545.0
Opel Corsa,9800.0,10204,404.0,163216.0,404.0
Opel Corsa,9800.0,9471,-329.0,108241.0,329.0
Opel Corsa,9800.0,9318,-482.0,232324.0,482.0
Opel Corsa,9800.0,10730,930.0,864900.0,930.0
Opel Corsa,9800.0,10589,789.0,622521.0,789.0
Opel Corsa,9800.0,11697,1897.0,3598609.0,1897.0
Opel Corsa,9800.0,9092,-708.0,501264.0,708.0
Opel Corsa,14790.0,15874,1084.0,1175056.0,1084.0
Opel Corsa,14790.0,16394,1604.0,2572816.0,1604.0
Opel Corsa,15190.0,15093,-97.0,9409.0,97.0
Opel Corsa,15250.0,15382,132.0,17424.0,132.0
Opel Corsa,15450.0,15973,523.0,273529.0,523.0
Opel Corsa,15490.0,14852,-638.0,407044.0,638.0
Opel Corsa,15890.0,14215,-1675.0,2805625.0,1675.0
Opel Corsa,15890.0,14792,-1098.0,1205604.0,1098.0
Opel Corsa,15850.0,16567,717.0,514089.0,717.0
Opel Corsa,15890.0,15020,-870.0,756900.0,870.0
Opel Corsa,16390.0,18605,2215.0,4906225.0,2215.0
Opel Corsa,15980.0,15415,-565.0,319225.0,565.0
Opel Corsa,15991.0,16182,191.0,36481.0,191.0
Opel Corsa,15990.0,15613,-377.0,142129.0,377.0
Opel Corsa,16990.0,16014,-976.0,952576.0,976.0
Opel Corsa,16691.0,16632,-59.0,3481.0,59.0
Opel Corsa,16740.0,18471,1731.0,2996361.0,1731.0
Opel Corsa,17450.0,17155,-295.0,87025.0,295.0
Opel Corsa,17450.0,17264,-186.0,34596.0,186.0
Opel Corsa,16940.0,18183,1243.0,1545049.0,1243.0
Opel Corsa,9990.0,14269,4279.0,18309841.0,4279.0
Opel Corsa,9990.0,14516,4526.0,20484676.0,4526.0
Opel Corsa,9990.0,14538,4548.0,20684304.0,4548.0
Opel Corsa,9990.0,10407,417.0,173889.0,417.0
Opel Corsa,16990.0,16377,-613.0,375769.0,613.0
Opel Corsa,16950.0,14872,-2078.0,4318084.0,2078.0
Opel Corsa,17880.0,19577,1697.0,2879809.0,1697.0
Opel Corsa,17777.0,18120,343.0,117649.0,343.0
Opel Corsa,17777.0,19236,1459.0,2128681.0,1459.0
Opel Corsa,17690.0,18481,791.0,625681.0,791.0
Opel Corsa,17680.0,15314,-2366.0,5597956.0,2366.0
Opel Corsa,17648.0,15302,-2346.0,5503716.0,2346.0
Opel Corsa,17593.0,15880,-1713.0,2934369.0,1713.0
Opel Corsa,17580.0,16301,-1279.0,1635841.0,1279.0
Opel Corsa,17490.0,19793,2303.0,5303809.0,2303.0
Opel Corsa,17580.0,16321,-1259.0,1585081.0,1259.0
Opel Corsa,17540.0,18788,1248.0,1557504.0,1248.0
Opel Corsa,17491.0,19063,1572.0,2471184.0,1572.0
Opel Corsa,17490.0,17237,-253.0,64009.0,253.0
Opel Corsa,17500.0,17405,-95.0,9025.0,95.0
Opel Corsa,17490.0,17401,-89.0,7921.0,89.0
Opel Corsa,17490.0,15832,-1658.0,2748964.0,1658.0
Opel Corsa,17490.0,18777,1287.0,1656369.0,1287.0
Opel Corsa,17450.0,18812,1362.0,1855044.0,1362.0
Opel Corsa,16940.0,18270,1330.0,1768900.0,1330.0
Opel Corsa,16950.0,17925,975.0,950625.0,975.0
Opel Corsa,16900.0,17618,718.0,515524.0,718.0
Opel Corsa,16891.0,18362,1471.0,2163841.0,1471.0
Opel Corsa,17450.0,18877,1427.0,2036329.0,1427.0
Opel Corsa,17490.0,18987,1497.0,2241009.0,1497.0
Opel Corsa,16890.0,15448,-1442.0,2079364.0,1442.0
Opel Corsa,16890.0,15336,-1554.0,2414916.0,1554.0
Opel Corsa,16850.0,15382,-1468.0,2155024.0,1468.0
Opel Corsa,16830.0,16473,-357.0,127449.0,357.0
Opel Corsa,16820.0,18891,2071.0,4289041.0,2071.0
Opel Corsa,16791.0,16026,-765.0,585225.0,765.0
Opel Corsa,16791.0,17659,868.0,753424.0,868.0
Opel Corsa,16790.0,15386,-1404.0,1971216.0,1404.0
Opel Corsa,16790.0,17985,1195.0,1428025.0,1195.0
Opel Corsa,16790.0,16098,-692.0,478864.0,692.0
Opel Corsa,16750.0,18727,1977.0,3908529.0,1977.0
Opel Corsa,16741.0,16326,-415.0,172225.0,415.0
Opel Corsa,18490.0,17193,-1297.0,1682209.0,1297.0
Opel Corsa,18622.0,23141,4519.0,20421361.0,4519.0
Opel Corsa,18501.0,19244,743.0,552049.0,743.0
Opel Corsa,18490.0,17138,-1352.0,1827904.0,1352.0
Opel Corsa,18490.0,18514,24.0,576.0,24.0
Opel Corsa,18480.0,15686,-2794.0,7806436.0,2794.0
Opel Corsa,18450.0,20184,1734.0,3006756.0,1734.0
Opel Corsa,18450.0,21977,3527.0,12439729.0,3527.0
Opel Corsa,18450.0,20977,2527.0,6385729.0,2527.0
Opel Corsa,17999.0,18907,908.0,824464.0,908.0
Opel Corsa,18163.0,22474,4311.0,18584721.0,4311.0
Opel Corsa,17990.0,16442,-1548.0,2396304.0,1548.0
Opel Corsa,17990.0,15488,-2502.0,6260004.0,2502.0
Opel Corsa,17990.0,17460,-530.0,280900.0,530.0
Opel Corsa,17980.0,18984,1004.0,1008016.0,1004.0
Opel Corsa,17950.0,15895,-2055.0,4223025.0,2055.0
Opel Corsa,17900.0,14884,-3016.0,9096256.0,3016.0
Opel Corsa,17980.0,18429,449.0,201601.0,449.0
Opel Corsa,17950.0,19221,1271.0,1615441.0,1271.0
Opel Corsa,17450.0,15125,-2325.0,5405625.0,2325.0
Opel Corsa,17380.0,16000,-1380.0,1904400.0,1380.0
Opel Corsa,17340.0,18822,1482.0,2196324.0,1482.0
Opel Corsa,17291.0,18888,1597.0,2550409.0,1597.0
Opel Corsa,17250.0,16802,-448.0,200704.0,448.0
Opel Corsa,17290.0,17533,243.0,59049.0,243.0
Opel Corsa,17290.0,18465,1175.0,1380625.0,1175.0
Opel Corsa,17250.0,18126,876.0,767376.0,876.0
Opel Corsa,17150.0,18385,1235.0,1525225.0,1235.0
Opel Corsa,17091.0,18840,1749.0,3059001.0,1749.0
Opel Corsa,16990.0,18296,1306.0,1705636.0,1306.0
Opel Corsa,16990.0,18391,1401.0,1962801.0,1401.0
Opel Corsa,17050.0,18184,1134.0,1285956.0,1134.0
Opel Corsa,17050.0,18626,1576.0,2483776.0,1576.0
Opel Corsa,16999.0,19059,2060.0,4243600.0,2060.0
Opel Corsa,16990.0,19047,2057.0,4231249.0,2057.0
Opel Corsa,16990.0,17604,614.0,376996.0,614.0
Opel Corsa,17890.0,17842,-48.0,2304.0,48.0
Opel Corsa,16701.0,16337,-364.0,132496.0,364.0
Opel Corsa,16690.0,15247,-1443.0,2082249.0,1443.0
Opel Corsa,16690.0,18362,1672.0,2795584.0,1672.0
Opel Corsa,16690.0,18750,2060.0,4243600.0,2060.0
Opel Corsa,16690.0,17263,573.0,328329.0,573.0
Opel Corsa,16690.0,16247,-443.0,196249.0,443.0
Opel Corsa,16690.0,18419,1729.0,2989441.0,1729.0
Opel Corsa,16690.0,18021,1331.0,1771561.0,1331.0
Opel Corsa,16690.0,18292,1602.0,2566404.0,1602.0
Opel Corsa,16690.0,16287,-403.0,162409.0,403.0
Opel Corsa,16579.0,15994,-585.0,342225.0,585.0
Opel Corsa,16670.0,18474,1804.0,3254416.0,1804.0
Opel Corsa,16625.0,17488,863.0,744769.0,863.0
Opel Corsa,16690.0,16717,27.0,729.0,27.0
Opel Corsa,16590.0,18393,1803.0,3250809.0,1803.0
Opel Corsa,16499.0,18578,2079.0,4322241.0,2079.0
Opel Corsa,16499.0,19074,2575.0,6630625.0,2575.0
Opel Corsa,15990.0,16266,276.0,76176.0,276.0
Opel Corsa,15990.0,13715,-2275.0,5175625.0,2275.0
Opel Corsa,15990.0,14672,-1318.0,1737124.0,1318.0
Opel Corsa,15990.0,15343,-647.0,418609.0,647.0
Opel Corsa,15990.0,15797,-193.0,37249.0,193.0
Opel Corsa,16490.0,15321,-1169.0,1366561.0,1169.0
Opel Corsa,15990.0,15955,-35.0,1225.0,35.0
Opel Corsa,15990.0,16519,529.0,279841.0,529.0
Opel Corsa,15990.0,16542,552.0,304704.0,552.0
Opel Corsa,15990.0,17964,1974.0,3896676.0,1974.0
Opel Corsa,15990.0,16339,349.0,121801.0,349.0
Opel Corsa,15990.0,18831,2841.0,8071281.0,2841.0
Opel Corsa,15990.0,16143,153.0,23409.0,153.0
Opel Corsa,15990.0,15853,-137.0,18769.0,137.0
Opel Corsa,15990.0,17346,1356.0,1838736.0,1356.0
Opel Corsa,15990.0,19053,3063.0,9381969.0,3063.0
Opel Corsa,15990.0,18963,2973.0,8838729.0,2973.0
Opel Corsa,15980.0,15508,-472.0,222784.0,472.0
Opel Corsa,16490.0,17893,1403.0,1968409.0,1403.0
Opel Corsa,16490.0,15022,-1468.0,2155024.0,1468.0
Opel Corsa,16490.0,15788,-702.0,492804.0,702.0
Opel Corsa,16480.0,16280,-200.0,40000.0,200.0
Opel Corsa,16490.0,16646,156.0,24336.0,156.0
Opel Corsa,16475.0,15729,-746.0,556516.0,746.0
Opel Corsa,16450.0,17293,843.0,710649.0,843.0
Opel Corsa,16450.0,16349,-101.0,10201.0,101.0
Opel Corsa,16450.0,17712,1262.0,1592644.0,1262.0
Opel Corsa,16450.0,16036,-414.0,171396.0,414.0
Opel Corsa,16450.0,17877,1427.0,2036329.0,1427.0
Opel Corsa,16450.0,16328,-122.0,14884.0,122.0
Opel Corsa,16450.0,17160,710.0,504100.0,710.0
Opel Corsa,16440.0,19891,3451.0,11909401.0,3451.0
Opel Corsa,16440.0,15406,-1034.0,1069156.0,1034.0
Opel Corsa,16440.0,15242,-1198.0,1435204.0,1198.0
Opel Corsa,16440.0,15332,-1108.0,1227664.0,1108.0
Opel Corsa,16440.0,17353,913.0,833569.0,913.0
Opel Corsa,16390.0,17956,1566.0,2452356.0,1566.0
Opel Corsa,16390.0,15217,-1173.0,1375929.0,1173.0
Opel Corsa,16350.0,14646,-1704.0,2903616.0,1704.0
Opel Corsa,16333.0,15618,-715.0,511225.0,715.0
Opel Corsa,16350.0,19323,2973.0,8838729.0,2973.0
Opel Corsa,16290.0,17840,1550.0,2402500.0,1550.0
Opel Corsa,16333.0,15908,-425.0,180625.0,425.0
Opel Corsa,16290.0,16335,45.0,2025.0,45.0
Opel Corsa,16290.0,16502,212.0,44944.0,212.0
Opel Corsa,16290.0,18623,2333.0,5442889.0,2333.0
Opel Corsa,16333.0,15618,-715.0,511225.0,715.0
Opel Corsa,16240.0,16522,282.0,79524.0,282.0
Opel Corsa,16250.0,15255,-995.0,990025.0,995.0
Opel Corsa,16140.0,16885,745.0,555025.0,745.0
Opel Corsa,16178.0,17112,934.0,872356.0,934.0
Opel Corsa,16090.0,17643,1553.0,2411809.0,1553.0
Opel Corsa,16225.0,16632,407.0,165649.0,407.0
Opel Corsa,16201.0,15960,-241.0,58081.0,241.0
Opel Corsa,15996.0,16070,74.0,5476.0,74.0
Opel Corsa,15996.0,16339,343.0,117649.0,343.0
Opel Corsa,15991.0,16373,382.0,145924.0,382.0
Opel Corsa,15889.0,15969,80.0,6400.0,80.0
Opel Corsa,15991.0,15880,-111.0,12321.0,111.0
Opel Corsa,15889.0,16039,150.0,22500.0,150.0
Opel Corsa,15889.0,15805,-84.0,7056.0,84.0
Opel Corsa,15889.0,16077,188.0,35344.0,188.0
Opel Corsa,15889.0,16247,358.0,128164.0,358.0
Opel Corsa,15880.0,15339,-541.0,292681.0,541.0
Opel Corsa,15889.0,16626,737.0,543169.0,737.0
Opel Corsa,15850.0,15379,-471.0,221841.0,471.0
Opel Corsa,15889.0,16589,700.0,490000.0,700.0
Opel Corsa,15889.0,16589,700.0,490000.0,700.0
Opel Corsa,15880.0,16175,295.0,87025.0,295.0
Opel Corsa,15880.0,15766,-114.0,12996.0,114.0
Opel Corsa,15880.0,15339,-541.0,292681.0,541.0
Opel Corsa,15850.0,15078,-772.0,595984.0,772.0
Opel Corsa,15850.0,15211,-639.0,408321.0,639.0
Opel Corsa,15850.0,16653,803.0,644809.0,803.0
Opel Corsa,15980.0,15566,-414.0,171396.0,414.0
Opel Corsa,15980.0,17775,1795.0,3222025.0,1795.0
Opel Corsa,15980.0,17864,1884.0,3549456.0,1884.0
Opel Corsa,15980.0,17907,1927.0,3713329.0,1927.0
Opel Corsa,15980.0,17295,1315.0,1729225.0,1315.0
Opel Corsa,15975.0,15541,-434.0,188356.0,434.0
Opel Corsa,15950.0,15633,-317.0,100489.0,317.0
Opel Corsa,15950.0,15363,-587.0,344569.0,587.0
Opel Corsa,15950.0,18330,2380.0,5664400.0,2380.0
Opel Corsa,15979.0,18403,2424.0,5875776.0,2424.0
Opel Corsa,15975.0,16095,120.0,14400.0,120.0
Opel Corsa,15950.0,15865,-85.0,7225.0,85.0
Opel Corsa,15969.0,17380,1411.0,1990921.0,1411.0
Opel Corsa,15890.0,14718,-1172.0,1373584.0,1172.0
Opel Corsa,15925.0,16975,1050.0,1102500.0,1050.0
Opel Corsa,15900.0,15312,-588.0,345744.0,588.0
Opel Corsa,15890.0,15432,-458.0,209764.0,458.0
Opel Corsa,15950.0,15580,-370.0,136900.0,370.0
Opel Corsa,15940.0,17005,1065.0,1134225.0,1065.0
Opel Corsa,15940.0,14952,-988.0,976144.0,988.0
Opel Corsa,15840.0,16727,887.0,786769.0,887.0
Opel Corsa,15790.0,15531,-259.0,67081.0,259.0
Opel Corsa,15790.0,18368,2578.0,6646084.0,2578.0
Opel Corsa,15690.0,17652,1962.0,3849444.0,1962.0
Opel Corsa,15650.0,16047,397.0,157609.0,397.0
Opel Corsa,15690.0,17287,1597.0,2550409.0,1597.0
Opel Corsa,15650.0,16658,1008.0,1016064.0,1008.0
Opel Corsa,15650.0,16616,966.0,933156.0,966.0
Opel Corsa,15740.0,15522,-218.0,47524.0,218.0
Opel Corsa,15650.0,16445,795.0,632025.0,795.0
Opel Corsa,15650.0,16497,847.0,717409.0,847.0
Opel Corsa,15650.0,16445,795.0,632025.0,795.0
Opel Corsa,15650.0,16680,1030.0,1060900.0,1030.0
Opel Corsa,15650.0,15879,229.0,52441.0,229.0
Opel Corsa,15650.0,16622,972.0,944784.0,972.0
Opel Corsa,15650.0,16409,759.0,576081.0,759.0
Opel Corsa,15650.0,16414,764.0,583696.0,764.0
Opel Corsa,15590.0,15282,-308.0,94864.0,308.0
Opel Corsa,15490.0,17892,2402.0,5769604.0,2402.0
Opel Corsa,15490.0,15480,-10.0,100.0,10.0
Opel Corsa,15490.0,16559,1069.0,1142761.0,1069.0
Opel Corsa,15540.0,15948,408.0,166464.0,408.0
Opel Corsa,15590.0,18025,2435.0,5929225.0,2435.0
Opel Corsa,15490.0,18221,2731.0,7458361.0,2731.0
Opel Corsa,15490.0,18676,3186.0,10150596.0,3186.0
Opel Corsa,15490.0,15724,234.0,54756.0,234.0
Opel Corsa,15490.0,16642,1152.0,1327104.0,1152.0
Opel Corsa,15490.0,16496,1006.0,1012036.0,1006.0
Opel Corsa,15490.0,16596,1106.0,1223236.0,1106.0
Opel Corsa,15490.0,16674,1184.0,1401856.0,1184.0
Opel Corsa,15490.0,15531,41.0,1681.0,41.0
Opel Corsa,15490.0,16361,871.0,758641.0,871.0
Opel Corsa,15490.0,18393,2903.0,8427409.0,2903.0
Opel Corsa,15490.0,16352,862.0,743044.0,862.0
Opel Corsa,15490.0,16424,934.0,872356.0,934.0
Opel Corsa,15450.0,18661,3211.0,10310521.0,3211.0
Opel Corsa,15490.0,18243,2753.0,7579009.0,2753.0
Opel Corsa,15490.0,14957,-533.0,284089.0,533.0
Opel Corsa,15490.0,14109,-1381.0,1907161.0,1381.0
Opel Corsa,15490.0,14064,-1426.0,2033476.0,1426.0
Opel Corsa,15450.0,13845,-1605.0,2576025.0,1605.0
Opel Corsa,15450.0,13390,-2060.0,4243600.0,2060.0
Opel Corsa,15450.0,16587,1137.0,1292769.0,1137.0
Opel Corsa,15450.0,16643,1193.0,1423249.0,1193.0
Opel Corsa,15450.0,16643,1193.0,1423249.0,1193.0
Opel Corsa,15440.0,14875,-565.0,319225.0,565.0
Opel Corsa,15440.0,14769,-671.0,450241.0,671.0
Opel Corsa,15450.0,15238,-212.0,44944.0,212.0
Opel Corsa,15420.0,18487,3067.0,9406489.0,3067.0
Opel Corsa,15390.0,14745,-645.0,416025.0,645.0
Opel Corsa,15390.0,14874,-516.0,266256.0,516.0
Opel Corsa,15390.0,19912,4522.0,20448484.0,4522.0
Opel Corsa,15290.0,15356,66.0,4356.0,66.0
Opel Corsa,15290.0,15569,279.0,77841.0,279.0
Opel Corsa,15390.0,17862,2472.0,6110784.0,2472.0
Opel Corsa,15390.0,19805,4415.0,19492225.0,4415.0
Opel Corsa,15290.0,16912,1622.0,2630884.0,1622.0
Opel Corsa,15290.0,17765,2475.0,6125625.0,2475.0
Opel Corsa,15199.0,15426,227.0,51529.0,227.0
Opel Corsa,15190.0,18055,2865.0,8208225.0,2865.0
Opel Corsa,14990.0,14133,-857.0,734449.0,857.0
Opel Corsa,14990.0,16241,1251.0,1565001.0,1251.0
Opel Corsa,14990.0,16124,1134.0,1285956.0,1134.0
Opel Corsa,14990.0,16022,1032.0,1065024.0,1032.0
Opel Corsa,14990.0,15998,1008.0,1016064.0,1008.0
Opel Corsa,14990.0,19060,4070.0,16564900.0,4070.0
Opel Corsa,14990.0,16049,1059.0,1121481.0,1059.0
Opel Corsa,14990.0,14791,-199.0,39601.0,199.0
Opel Corsa,14990.0,16726,1736.0,3013696.0,1736.0
Opel Corsa,14990.0,16090,1100.0,1210000.0,1100.0
Opel Corsa,14980.0,14143,-837.0,700569.0,837.0
Opel Corsa,14970.0,17179,2209.0,4879681.0,2209.0
Opel Corsa,14960.0,15696,736.0,541696.0,736.0
Opel Corsa,14950.0,16640,1690.0,2856100.0,1690.0
Opel Corsa,14950.0,16372,1422.0,2022084.0,1422.0
Opel Corsa,14950.0,15332,382.0,145924.0,382.0
Opel Corsa,14900.0,15840,940.0,883600.0,940.0
Opel Corsa,14900.0,14862,-38.0,1444.0,38.0
Opel Corsa,14940.0,16478,1538.0,2365444.0,1538.0
Opel Corsa,14950.0,16582,1632.0,2663424.0,1632.0
Opel Corsa,14950.0,15646,696.0,484416.0,696.0
Opel Corsa,14900.0,15889,989.0,978121.0,989.0
Opel Corsa,14900.0,15696,796.0,633616.0,796.0
Opel Corsa,14899.0,16614,1715.0,2941225.0,1715.0
Opel Corsa,14900.0,15944,1044.0,1089936.0,1044.0
Opel Corsa,14890.0,16204,1314.0,1726596.0,1314.0
Opel Corsa,14900.0,16290,1390.0,1932100.0,1390.0
Opel Corsa,14890.0,15541,651.0,423801.0,651.0
Opel Corsa,14899.0,16447,1548.0,2396304.0,1548.0
Opel Corsa,14890.0,18228,3338.0,11142244.0,3338.0
Opel Corsa,14825.0,14960,135.0,18225.0,135.0
Opel Corsa,14825.0,15136,311.0,96721.0,311.0
Opel Corsa,14875.0,16630,1755.0,3080025.0,1755.0
Opel Corsa,14850.0,14108,-742.0,550564.0,742.0
Opel Corsa,14890.0,17705,2815.0,7924225.0,2815.0
Opel Corsa,14770.0,18581,3811.0,14523721.0,3811.0
Opel Corsa,14770.0,19601,4831.0,23338561.0,4831.0
Opel Corsa,14790.0,18223,3433.0,11785489.0,3433.0
Opel Corsa,14770.0,17834,3064.0,9388096.0,3064.0
Opel Corsa,14750.0,14772,22.0,484.0,22.0
Opel Corsa,14770.0,17836,3066.0,9400356.0,3066.0
Opel Corsa,14750.0,16013,1263.0,1595169.0,1263.0
Opel Corsa,14750.0,15676,926.0,857476.0,926.0
Opel Corsa,14750.0,15447,697.0,485809.0,697.0
Opel Corsa,14750.0,15760,1010.0,1020100.0,1010.0
Opel Corsa,14714.0,17990,3276.0,10732176.0,3276.0
Opel Corsa,10470.0,13932,3462.0,11985444.0,3462.0
Opel Corsa,10490.0,11066,576.0,331776.0,576.0
Opel Corsa,10250.0,11173,923.0,851929.0,923.0
Opel Corsa,10450.0,13796,3346.0,11195716.0,3346.0
Opel Corsa,10418.0,11846,1428.0,2039184.0,1428.0
Opel Corsa,10445.0,12900,2455.0,6027025.0,2455.0
Opel Corsa,10350.0,13863,3513.0,12341169.0,3513.0
Opel Corsa,10689.0,11285,596.0,355216.0,596.0
Opel Corsa,10800.0,12859,2059.0,4239481.0,2059.0
Opel Corsa,10740.0,15943,5203.0,27071209.0,5203.0
Opel Corsa,10290.0,10897,607.0,368449.0,607.0
Opel Corsa,10750.0,11741,991.0,982081.0,991.0
Opel Corsa,10750.0,11791,1041.0,1083681.0,1041.0
Opel Corsa,10800.0,13081,2281.0,5202961.0,2281.0
Opel Corsa,10799.0,14451,3652.0,13337104.0,3652.0
Opel Corsa,10979.0,11270,291.0,84681.0,291.0
Opel Corsa,10800.0,12598,1798.0,3232804.0,1798.0
Opel Corsa,10970.0,11542,572.0,327184.0,572.0
Opel Corsa,10900.0,11300,400.0,160000.0,400.0
Opel Corsa,10940.0,12252,1312.0,1721344.0,1312.0
Opel Corsa,10990.0,11606,616.0,379456.0,616.0
Opel Corsa,10940.0,12358,1418.0,2010724.0,1418.0
Opel Corsa,10950.0,12868,1918.0,3678724.0,1918.0
Opel Corsa,10970.0,12610,1640.0,2689600.0,1640.0
Opel Corsa,10940.0,12282,1342.0,1800964.0,1342.0
Opel Corsa,10964.0,13282,2318.0,5373124.0,2318.0
Opel Corsa,10940.0,12358,1418.0,2010724.0,1418.0
Opel Corsa,10950.0,15153,4203.0,17665209.0,4203.0
Opel Corsa,10950.0,12902,1952.0,3810304.0,1952.0
Opel Corsa,10950.0,11801,851.0,724201.0,851.0
Opel Corsa,10950.0,13851,2901.0,8415801.0,2901.0
Opel Corsa,10940.0,11952,1012.0,1024144.0,1012.0
Opel Corsa,10940.0,12582,1642.0,2696164.0,1642.0
Opel Corsa,10905.0,15678,4773.0,22781529.0,4773.0
Opel Corsa,10900.0,10651,-249.0,62001.0,249.0
Opel Corsa,10900.0,12958,2058.0,4235364.0,2058.0
Opel Corsa,10900.0,11664,764.0,583696.0,764.0
Opel Corsa,10990.0,12759,1769.0,3129361.0,1769.0
Opel Corsa,10900.0,13963,3063.0,9381969.0,3063.0
Opel Corsa,10990.0,11275,285.0,81225.0,285.0
Opel Corsa,10990.0,14765,3775.0,14250625.0,3775.0
Opel Corsa,10990.0,11664,674.0,454276.0,674.0
Opel Corsa,10990.0,11656,666.0,443556.0,666.0
Opel Corsa,10990.0,11656,666.0,443556.0,666.0
Opel Corsa,10990.0,14660,3670.0,13468900.0,3670.0
Opel Corsa,10990.0,12948,1958.0,3833764.0,1958.0
Opel Corsa,10989.0,12720,1731.0,2996361.0,1731.0
Opel Corsa,10989.0,12305,1316.0,1731856.0,1316.0
Opel Corsa,10988.0,12165,1177.0,1385329.0,1177.0
Opel Corsa,10980.0,13779,2799.0,7834401.0,2799.0
Opel Corsa,10979.0,11281,302.0,91204.0,302.0
Opel Corsa,10979.0,11080,101.0,10201.0,101.0
Opel Corsa,10979.0,11476,497.0,247009.0,497.0
Opel Corsa,10979.0,11270,291.0,84681.0,291.0
Opel Corsa,10979.0,11426,447.0,199809.0,447.0
Opel Corsa,10979.0,11325,346.0,119716.0,346.0
Opel Corsa,10979.0,11426,447.0,199809.0,447.0
Opel Corsa,10979.0,11451,472.0,222784.0,472.0
Opel Corsa,10979.0,11325,346.0,119716.0,346.0
Opel Corsa,10979.0,11358,379.0,143641.0,379.0
Opel Corsa,10979.0,11358,379.0,143641.0,379.0
Opel Corsa,10979.0,11476,497.0,247009.0,497.0
Opel Corsa,10979.0,11325,346.0,119716.0,346.0
Opel Corsa,10979.0,11177,198.0,39204.0,198.0
Opel Corsa,10979.0,11270,291.0,84681.0,291.0
Opel Corsa,10979.0,11476,497.0,247009.0,497.0
Opel Corsa,10979.0,11325,346.0,119716.0,346.0
Opel Corsa,10970.0,11233,263.0,69169.0,263.0
Opel Corsa,10979.0,11451,472.0,222784.0,472.0
Opel Corsa,10979.0,11261,282.0,79524.0,282.0
Opel Corsa,10900.0,11417,517.0,267289.0,517.0
Opel Corsa,10900.0,11970,1070.0,1144900.0,1070.0
Opel Corsa,10900.0,11717,817.0,667489.0,817.0
Opel Corsa,10899.0,15411,4512.0,20358144.0,4512.0
Opel Corsa,10890.0,12220,1330.0,1768900.0,1330.0
Opel Corsa,10890.0,10693,-197.0,38809.0,197.0
Opel Corsa,10890.0,13354,2464.0,6071296.0,2464.0
Opel Corsa,10890.0,12249,1359.0,1846881.0,1359.0
Opel Corsa,10890.0,11209,319.0,101761.0,319.0
Opel Corsa,10870.0,11513,643.0,413449.0,643.0
Opel Corsa,10850.0,11379,529.0,279841.0,529.0
Opel Corsa,10848.0,11160,312.0,97344.0,312.0
Opel Corsa,10848.0,10988,140.0,19600.0,140.0
Opel Corsa,10850.0,11124,274.0,75076.0,274.0
Opel Corsa,10848.0,11093,245.0,60025.0,245.0
Opel Corsa,10790.0,15127,4337.0,18809569.0,4337.0
Opel Corsa,10790.0,14720,3930.0,15444900.0,3930.0
Opel Corsa,10790.0,11771,981.0,962361.0,981.0
Opel Corsa,10790.0,11652,862.0,743044.0,862.0
Opel Corsa,10790.0,15036,4246.0,18028516.0,4246.0
Opel Corsa,10789.0,14457,3668.0,13454224.0,3668.0
Opel Corsa,10779.0,13568,2789.0,7778521.0,2789.0
Opel Corsa,10779.0,13677,2898.0,8398404.0,2898.0
Opel Corsa,10770.0,14034,3264.0,10653696.0,3264.0
Opel Corsa,10790.0,11718,928.0,861184.0,928.0
Opel Corsa,10770.0,11919,1149.0,1320201.0,1149.0
Opel Corsa,10690.0,14429,3739.0,13980121.0,3739.0
Opel Corsa,10765.0,14132,3367.0,11336689.0,3367.0
Opel Corsa,10750.0,12721,1971.0,3884841.0,1971.0
Opel Corsa,10750.0,14784,4034.0,16273156.0,4034.0
Opel Corsa,10720.0,12045,1325.0,1755625.0,1325.0
Opel Corsa,10700.0,12271,1571.0,2468041.0,1571.0
Opel Corsa,10699.0,13463,2764.0,7639696.0,2764.0
Opel Corsa,10690.0,11187,497.0,247009.0,497.0
Opel Corsa,10690.0,14730,4040.0,16321600.0,4040.0
Opel Corsa,10690.0,10044,-646.0,417316.0,646.0
Opel Corsa,10690.0,10358,-332.0,110224.0,332.0
Opel Corsa,10690.0,12219,1529.0,2337841.0,1529.0
Opel Corsa,10690.0,11712,1022.0,1044484.0,1022.0
Opel Corsa,10690.0,11828,1138.0,1295044.0,1138.0
Opel Corsa,10689.0,11199,510.0,260100.0,510.0
Opel Corsa,10689.0,11199,510.0,260100.0,510.0
Opel Corsa,10689.0,11212,523.0,273529.0,523.0
Opel Corsa,10689.0,11503,814.0,662596.0,814.0
Opel Corsa,10689.0,11212,523.0,273529.0,523.0
Opel Corsa,10689.0,11327,638.0,407044.0,638.0
Opel Corsa,10689.0,11269,580.0,336400.0,580.0
Opel Corsa,10689.0,11174,485.0,235225.0,485.0
Opel Corsa,10689.0,11269,580.0,336400.0,580.0
Opel Corsa,10689.0,11327,638.0,407044.0,638.0
Opel Corsa,10689.0,11174,485.0,235225.0,485.0
Opel Corsa,10689.0,11445,756.0,571536.0,756.0
Opel Corsa,10689.0,11212,523.0,273529.0,523.0
Opel Corsa,10689.0,11174,485.0,235225.0,485.0
Opel Corsa,10689.0,11174,485.0,235225.0,485.0
Opel Corsa,10689.0,11174,485.0,235225.0,485.0
Opel Corsa,10689.0,11445,756.0,571536.0,756.0
Opel Corsa,10689.0,11315,626.0,391876.0,626.0
Opel Corsa,10680.0,13794,3114.0,9696996.0,3114.0
Opel Corsa,10141.0,11320,1179.0,1390041.0,1179.0
Opel Corsa,10240.0,14282,4042.0,16337764.0,4042.0
Opel Corsa,10100.0,13975,3875.0,15015625.0,3875.0
Opel Corsa,10083.0,13847,3764.0,14167696.0,3764.0
Opel Corsa,9999.0,12842,2843.0,8082649.0,2843.0
Opel Corsa,10590.0,12268,1678.0,2815684.0,1678.0
Opel Corsa,10590.0,12828,2238.0,5008644.0,2238.0
Opel Corsa,10091.0,15428,5337.0,28483569.0,5337.0
Opel Corsa,10580.0,11866,1286.0,1653796.0,1286.0
Opel Corsa,10490.0,11204,714.0,509796.0,714.0
Opel Corsa,10500.0,11318,818.0,669124.0,818.0
Opel Corsa,10499.0,13628,3129.0,9790641.0,3129.0
Opel Corsa,10490.0,12949,2459.0,6046681.0,2459.0
Opel Corsa,10500.0,12531,2031.0,4124961.0,2031.0
Opel Corsa,10490.0,10528,38.0,1444.0,38.0
Opel Corsa,10490.0,10921,431.0,185761.0,431.0
Opel Corsa,10490.0,11096,606.0,367236.0,606.0
Opel Corsa,10490.0,11489,999.0,998001.0,999.0
Opel Corsa,10490.0,11721,1231.0,1515361.0,1231.0
Opel Corsa,9990.0,13796,3806.0,14485636.0,3806.0
Opel Corsa,10490.0,10868,378.0,142884.0,378.0
Opel Corsa,9990.0,13040,3050.0,9302500.0,3050.0
Opel Corsa,9990.0,13891,3901.0,15217801.0,3901.0
Opel Corsa,9990.0,11257,1267.0,1605289.0,1267.0
Opel Corsa,9990.0,14601,4611.0,21261321.0,4611.0
Opel Corsa,9990.0,10567,577.0,332929.0,577.0
Opel Corsa,9990.0,11747,1757.0,3087049.0,1757.0
Opel Corsa,9990.0,11773,1783.0,3179089.0,1783.0
Opel Corsa,9990.0,12875,2885.0,8323225.0,2885.0
Opel Corsa,9990.0,13610,3620.0,13104400.0,3620.0
Opel Corsa,9990.0,11836,1846.0,3407716.0,1846.0
Opel Corsa,9990.0,11836,1846.0,3407716.0,1846.0
Opel Corsa,10290.0,10861,571.0,326041.0,571.0
Opel Corsa,10290.0,10888,598.0,357604.0,598.0
Opel Corsa,10490.0,11281,791.0,625681.0,791.0
Opel Corsa,9990.0,11787,1797.0,3229209.0,1797.0
Opel Corsa,10290.0,10886,596.0,355216.0,596.0
Opel Corsa,10288.0,11212,924.0,853776.0,924.0
Opel Corsa,10288.0,11260,972.0,944784.0,972.0
Opel Corsa,10288.0,11213,925.0,855625.0,925.0
Opel Corsa,10250.0,11255,1005.0,1010025.0,1005.0
Opel Corsa,10250.0,11344,1094.0,1196836.0,1094.0
Opel Corsa,10250.0,10995,745.0,555025.0,745.0
Opel Corsa,10990.0,12431,1441.0,2076481.0,1441.0
Opel Corsa,10990.0,12873,1883.0,3545689.0,1883.0
Opel Corsa,10990.0,12370,1380.0,1904400.0,1380.0
Opel Corsa,10990.0,14831,3841.0,14753281.0,3841.0
Opel Corsa,10990.0,12397,1407.0,1979649.0,1407.0
Opel Corsa,10990.0,12193,1203.0,1447209.0,1203.0
Opel Corsa,10990.0,11847,857.0,734449.0,857.0
Opel Corsa,10990.0,12436,1446.0,2090916.0,1446.0
Opel Corsa,10990.0,12873,1883.0,3545689.0,1883.0
Opel Corsa,11100.0,12580,1480.0,2190400.0,1480.0
Opel Corsa,11100.0,13258,2158.0,4656964.0,2158.0
Opel Corsa,11100.0,14642,3542.0,12545764.0,3542.0
Opel Corsa,11400.0,10087,-1313.0,1723969.0,1313.0
Opel Corsa,11400.0,12838,1438.0,2067844.0,1438.0
Opel Corsa,11400.0,11731,331.0,109561.0,331.0
Opel Corsa,11100.0,14931,3831.0,14676561.0,3831.0
Opel Corsa,11400.0,12456,1056.0,1115136.0,1056.0
Opel Corsa,11399.0,10449,-950.0,902500.0,950.0
Opel Corsa,11390.0,10920,-470.0,220900.0,470.0
Opel Corsa,11400.0,13091,1691.0,2859481.0,1691.0
Opel Corsa,11399.0,14151,2752.0,7573504.0,2752.0
Opel Corsa,11399.0,10347,-1052.0,1106704.0,1052.0
Opel Corsa,11390.0,15245,3855.0,14861025.0,3855.0
Opel Corsa,11400.0,11728,328.0,107584.0,328.0
Opel Corsa,11399.0,10176,-1223.0,1495729.0,1223.0
Opel Corsa,11390.0,12643,1253.0,1570009.0,1253.0
Opel Corsa,11390.0,12103,713.0,508369.0,713.0
Opel Corsa,11390.0,10667,-723.0,522729.0,723.0
Opel Corsa,11390.0,12742,1352.0,1827904.0,1352.0
Opel Corsa,11390.0,12553,1163.0,1352569.0,1163.0
Opel Corsa,11333.0,12820,1487.0,2211169.0,1487.0
Opel Corsa,11390.0,11633,243.0,59049.0,243.0
Opel Corsa,11325.0,13513,2188.0,4787344.0,2188.0
Opel Corsa,11300.0,11691,391.0,152881.0,391.0
Opel Corsa,11300.0,11974,674.0,454276.0,674.0
Opel Corsa,11300.0,12140,840.0,705600.0,840.0
Opel Corsa,11300.0,11696,396.0,156816.0,396.0
Opel Corsa,11300.0,13148,1848.0,3415104.0,1848.0
Opel Corsa,11294.0,14003,2709.0,7338681.0,2709.0
Opel Corsa,11294.0,14225,2931.0,8590761.0,2931.0
Opel Corsa,11294.0,14225,2931.0,8590761.0,2931.0
Opel Corsa,11290.0,12151,861.0,741321.0,861.0
Opel Corsa,11290.0,12201,911.0,829921.0,911.0
Opel Corsa,11290.0,11180,-110.0,12100.0,110.0
Opel Corsa,11290.0,11535,245.0,60025.0,245.0
Opel Corsa,11290.0,14052,2762.0,7628644.0,2762.0
Opel Corsa,11290.0,14848,3558.0,12659364.0,3558.0
Opel Corsa,11290.0,12928,1638.0,2683044.0,1638.0
Opel Corsa,11288.0,11171,-117.0,13689.0,117.0
Opel Corsa,11270.0,14391,3121.0,9740641.0,3121.0
Opel Corsa,11270.0,14345,3075.0,9455625.0,3075.0
Opel Corsa,11250.0,11432,182.0,33124.0,182.0
Opel Corsa,11250.0,11304,54.0,2916.0,54.0
Opel Corsa,11250.0,11306,56.0,3136.0,56.0
Opel Corsa,11250.0,10339,-911.0,829921.0,911.0
Opel Corsa,11251.0,12423,1172.0,1373584.0,1172.0
Opel Corsa,11250.0,11904,654.0,427716.0,654.0
Opel Corsa,11250.0,11648,398.0,158404.0,398.0
Opel Corsa,11250.0,11725,475.0,225625.0,475.0
Opel Corsa,11250.0,12025,775.0,600625.0,775.0
Opel Corsa,11244.0,14687,3443.0,11854249.0,3443.0
Opel Corsa,11200.0,11829,629.0,395641.0,629.0
Opel Corsa,11240.0,17885,6645.0,44156025.0,6645.0
Opel Corsa,11222.0,11184,-38.0,1444.0,38.0
Opel Corsa,11200.0,14213,3013.0,9078169.0,3013.0
Opel Corsa,11250.0,11403,153.0,23409.0,153.0
Opel Corsa,11200.0,12288,1088.0,1183744.0,1088.0
Opel Corsa,11200.0,12794,1594.0,2540836.0,1594.0
Opel Corsa,11190.0,12401,1211.0,1466521.0,1211.0
Opel Corsa,11200.0,12025,825.0,680625.0,825.0
Opel Corsa,11199.0,12407,1208.0,1459264.0,1208.0
Opel Corsa,11199.0,12288,1089.0,1185921.0,1089.0
Opel Corsa,11175.0,13679,2504.0,6270016.0,2504.0
Opel Corsa,11169.0,10145,-1024.0,1048576.0,1024.0
Opel Corsa,11190.0,11533,343.0,117649.0,343.0
Opel Corsa,11190.0,12170,980.0,960400.0,980.0
Opel Corsa,11190.0,10781,-409.0,167281.0,409.0
Opel Corsa,11169.0,13751,2582.0,6666724.0,2582.0
Opel Corsa,11169.0,13821,2652.0,7033104.0,2652.0
Opel Corsa,11100.0,13112,2012.0,4048144.0,2012.0
Opel Corsa,11030.0,15082,4052.0,16418704.0,4052.0
Opel Corsa,10990.0,13682,2692.0,7246864.0,2692.0
Opel Corsa,11100.0,12578,1478.0,2184484.0,1478.0
Opel Corsa,11100.0,12571,1471.0,2163841.0,1471.0
Opel Corsa,10990.0,11376,386.0,148996.0,386.0
Opel Corsa,11090.0,13372,2282.0,5207524.0,2282.0
Opel Corsa,11000.0,12032,1032.0,1065024.0,1032.0
Opel Corsa,10999.0,13573,2574.0,6625476.0,2574.0
Opel Corsa,11000.0,13991,2991.0,8946081.0,2991.0
Opel Corsa,10999.0,12781,1782.0,3175524.0,1782.0
Opel Corsa,11000.0,12393,1393.0,1940449.0,1393.0
Opel Corsa,11000.0,12395,1395.0,1946025.0,1395.0
Opel Corsa,11335.0,14151,2816.0,7929856.0,2816.0
Opel Corsa,11290.0,11879,589.0,346921.0,589.0
Opel Corsa,10990.0,14044,3054.0,9326916.0,3054.0
Opel Corsa,11100.0,12039,939.0,881721.0,939.0
Opel Corsa,10990.0,14053,3063.0,9381969.0,3063.0
Opel Corsa,10990.0,12188,1198.0,1435204.0,1198.0
Opel Corsa,10995.0,12167,1172.0,1373584.0,1172.0
Opel Corsa,10990.0,13346,2356.0,5550736.0,2356.0
Opel Corsa,10990.0,10655,-335.0,112225.0,335.0
Opel Corsa,10990.0,11211,221.0,48841.0,221.0
Opel Corsa,10990.0,15314,4324.0,18696976.0,4324.0
Opel Corsa,10990.0,15314,4324.0,18696976.0,4324.0
Opel Corsa,10990.0,11448,458.0,209764.0,458.0
Opel Corsa,10990.0,15206,4216.0,17774656.0,4216.0
Opel Corsa,10990.0,13207,2217.0,4915089.0,2217.0
Opel Corsa,10990.0,12323,1333.0,1776889.0,1333.0
Opel Corsa,10990.0,12855,1865.0,3478225.0,1865.0
Opel Corsa,10990.0,11528,538.0,289444.0,538.0
Opel Corsa,10990.0,12901,1911.0,3651921.0,1911.0
Opel Corsa,10990.0,14213,3223.0,10387729.0,3223.0
Opel Corsa,10990.0,12690,1700.0,2890000.0,1700.0
Opel Corsa,10990.0,12395,1405.0,1974025.0,1405.0
Opel Corsa,10990.0,14820,3830.0,14668900.0,3830.0
Opel Corsa,10990.0,13312,2322.0,5391684.0,2322.0
Opel Corsa,10990.0,15168,4178.0,17455684.0,4178.0
Opel Insignia,8980.0,11195,2215.0,4906225.0,2215.0
Opel Insignia,11000.0,10458,-542.0,293764.0,542.0
Opel Insignia,12950.0,16073,3123.0,9753129.0,3123.0
Opel Insignia,12480.0,15051,2571.0,6610041.0,2571.0
Opel Insignia,12980.0,16106,3126.0,9771876.0,3126.0
Opel Insignia,13490.0,15196,1706.0,2910436.0,1706.0
Opel Insignia,15900.0,17007,1107.0,1225449.0,1107.0
Opel Insignia,13490.0,17213,3723.0,13860729.0,3723.0
Opel Insignia,13480.0,16392,2912.0,8479744.0,2912.0
Opel Insignia,14990.0,16568,1578.0,2490084.0,1578.0
Opel Insignia,15300.0,16771,1471.0,2163841.0,1471.0
Opel Insignia,15300.0,18092,2792.0,7795264.0,2792.0
Opel Insignia,14999.0,17084,2085.0,4347225.0,2085.0
Opel Insignia,15300.0,16125,825.0,680625.0,825.0
Opel Insignia,16490.0,20039,3549.0,12595401.0,3549.0
Opel Insignia,15990.0,19332,3342.0,11168964.0,3342.0
Opel Insignia,16490.0,17042,552.0,304704.0,552.0
Opel Insignia,16490.0,15967,-523.0,273529.0,523.0
Opel Insignia,17900.0,19176,1276.0,1628176.0,1276.0
Opel Insignia,17490.0,17294,-196.0,38416.0,196.0
Opel Insignia,16900.0,17345,445.0,198025.0,445.0
Opel Insignia,16900.0,16877,-23.0,529.0,23.0
Opel Insignia,17970.0,19247,1277.0,1630729.0,1277.0
Opel Insignia,8290.0,8653,363.0,131769.0,363.0
Opel Insignia,18400.0,18694,294.0,86436.0,294.0
Opel Insignia,18400.0,21696,3296.0,10863616.0,3296.0
Opel Insignia,18264.0,21694,3430.0,11764900.0,3430.0
Opel Insignia,18250.0,20180,1930.0,3724900.0,1930.0
Opel Insignia,9650.0,11846,2196.0,4822416.0,2196.0
Opel Insignia,9850.0,9481,-369.0,136161.0,369.0
Opel Insignia,9750.0,12513,2763.0,7634169.0,2763.0
Opel Insignia,9580.0,12885,3305.0,10923025.0,3305.0
Opel Insignia,9500.0,9473,-27.0,729.0,27.0
Opel Insignia,9480.0,12281,2801.0,7845601.0,2801.0
Opel Insignia,9450.0,10295,845.0,714025.0,845.0
Opel Insignia,9280.0,11108,1828.0,3341584.0,1828.0
Opel Insignia,9350.0,10567,1217.0,1481089.0,1217.0
Opel Insignia,8980.0,9500,520.0,270400.0,520.0
Opel Insignia,8913.0,9706,793.0,628849.0,793.0
Opel Insignia,8600.0,8130,-470.0,220900.0,470.0
Opel Insignia,8980.0,11198,2218.0,4919524.0,2218.0
Opel Insignia,8980.0,9444,464.0,215296.0,464.0
Opel Insignia,17999.0,20767,2768.0,7661824.0,2768.0
Opel Insignia,18000.0,18452,452.0,204304.0,452.0
Opel Insignia,17999.0,25163,7164.0,51322896.0,7164.0
Opel Insignia,17990.0,17090,-900.0,810000.0,900.0
Opel Insignia,17999.0,18318,319.0,101761.0,319.0
Opel Insignia,17990.0,18582,592.0,350464.0,592.0
Opel Insignia,17999.0,19290,1291.0,1666681.0,1291.0
Opel Insignia,17999.0,17813,-186.0,34596.0,186.0
Opel Insignia,17990.0,26993,9003.0,81054009.0,9003.0
Opel Insignia,17989.0,20890,2901.0,8415801.0,2901.0
Opel Insignia,17990.0,22900,4910.0,24108100.0,4910.0
Opel Insignia,17990.0,17780,-210.0,44100.0,210.0
Opel Insignia,17990.0,22211,4221.0,17816841.0,4221.0
Opel Insignia,17980.0,20420,2440.0,5953600.0,2440.0
Opel Insignia,17980.0,16328,-1652.0,2729104.0,1652.0
Opel Insignia,17490.0,17884,394.0,155236.0,394.0
Opel Insignia,17960.0,18201,241.0,58081.0,241.0
Opel Insignia,17489.0,20006,2517.0,6335289.0,2517.0
Opel Insignia,17950.0,20032,2082.0,4334724.0,2082.0
Opel Insignia,17950.0,18952,1002.0,1004004.0,1002.0
Opel Insignia,17900.0,18875,975.0,950625.0,975.0
Opel Insignia,17480.0,18198,718.0,515524.0,718.0
Opel Insignia,17980.0,21606,3626.0,13147876.0,3626.0
Opel Insignia,17480.0,22036,4556.0,20757136.0,4556.0
Opel Insignia,17480.0,20383,2903.0,8427409.0,2903.0
Opel Insignia,17450.0,20053,2603.0,6775609.0,2603.0
Opel Insignia,17300.0,15418,-1882.0,3541924.0,1882.0
Opel Insignia,17220.0,18542,1322.0,1747684.0,1322.0
Opel Insignia,16997.0,17344,347.0,120409.0,347.0
Opel Insignia,16990.0,17726,736.0,541696.0,736.0
Opel Insignia,17220.0,18115,895.0,801025.0,895.0
Opel Insignia,16990.0,15536,-1454.0,2114116.0,1454.0
Opel Insignia,17900.0,16327,-1573.0,2474329.0,1573.0
Opel Insignia,16990.0,22614,5624.0,31629376.0,5624.0
Opel Insignia,16990.0,18726,1736.0,3013696.0,1736.0
Opel Insignia,16990.0,16870,-120.0,14400.0,120.0
Opel Insignia,16985.0,18061,1076.0,1157776.0,1076.0
Opel Insignia,16980.0,17734,754.0,568516.0,754.0
Opel Insignia,16990.0,17765,775.0,600625.0,775.0
Opel Insignia,17850.0,20958,3108.0,9659664.0,3108.0
Opel Insignia,17800.0,21503,3703.0,13712209.0,3703.0
Opel Insignia,17900.0,18370,470.0,220900.0,470.0
Opel Insignia,17790.0,24581,6791.0,46117681.0,6791.0
Opel Insignia,17750.0,19994,2244.0,5035536.0,2244.0
Opel Insignia,17700.0,21963,4263.0,18173169.0,4263.0
Opel Insignia,17890.0,18201,311.0,96721.0,311.0
Opel Insignia,17500.0,17876,376.0,141376.0,376.0
Opel Insignia,17500.0,19006,1506.0,2268036.0,1506.0
Opel Insignia,17495.0,19450,1955.0,3822025.0,1955.0
Opel Insignia,16980.0,17815,835.0,697225.0,835.0
Opel Insignia,16950.0,17798,848.0,719104.0,848.0
Opel Insignia,16980.0,19120,2140.0,4579600.0,2140.0
Opel Insignia,16950.0,20437,3487.0,12159169.0,3487.0
Opel Insignia,16950.0,19219,2269.0,5148361.0,2269.0
Opel Insignia,16900.0,18074,1174.0,1378276.0,1174.0
Opel Insignia,16900.0,18406,1506.0,2268036.0,1506.0
Opel Insignia,16850.0,20619,3769.0,14205361.0,3769.0
Opel Insignia,16799.0,14694,-2105.0,4431025.0,2105.0
Opel Insignia,16790.0,17825,1035.0,1071225.0,1035.0
Opel Insignia,16790.0,17825,1035.0,1071225.0,1035.0
Opel Insignia,16900.0,21153,4253.0,18088009.0,4253.0
Opel Insignia,16750.0,19962,3212.0,10316944.0,3212.0
Opel Insignia,16690.0,18524,1834.0,3363556.0,1834.0
Opel Insignia,16501.0,19631,3130.0,9796900.0,3130.0
Opel Insignia,16500.0,16065,-435.0,189225.0,435.0
Opel Insignia,16500.0,24014,7514.0,56460196.0,7514.0
Opel Insignia,16490.0,17491,1001.0,1002001.0,1001.0
Opel Insignia,16680.0,17101,421.0,177241.0,421.0
Opel Insignia,16490.0,19799,3309.0,10949481.0,3309.0
Opel Insignia,16460.0,19264,2804.0,7862416.0,2804.0
Opel Insignia,16420.0,16283,-137.0,18769.0,137.0
Opel Insignia,16400.0,15855,-545.0,297025.0,545.0
Opel Insignia,16400.0,17647,1247.0,1555009.0,1247.0
Opel Insignia,16400.0,18090,1690.0,2856100.0,1690.0
Opel Insignia,16333.0,18757,2424.0,5875776.0,2424.0
Opel Insignia,16450.0,17257,807.0,651249.0,807.0
Opel Insignia,16000.0,15107,-893.0,797449.0,893.0
Opel Insignia,15990.0,16991,1001.0,1002001.0,1001.0
Opel Insignia,16000.0,16912,912.0,831744.0,912.0
Opel Insignia,15990.0,19760,3770.0,14212900.0,3770.0
Opel Insignia,15780.0,20701,4921.0,24216241.0,4921.0
Opel Insignia,15990.0,17632,1642.0,2696164.0,1642.0
Opel Insignia,15990.0,15404,-586.0,343396.0,586.0
Opel Insignia,15990.0,16409,419.0,175561.0,419.0
Opel Insignia,15780.0,20152,4372.0,19114384.0,4372.0
Opel Insignia,15748.0,14167,-1581.0,2499561.0,1581.0
Opel Insignia,15699.0,19322,3623.0,13126129.0,3623.0
Opel Insignia,15689.0,19782,4093.0,16752649.0,4093.0
Opel Insignia,15600.0,17293,1693.0,2866249.0,1693.0
Opel Insignia,15600.0,16230,630.0,396900.0,630.0
Opel Insignia,15500.0,15870,370.0,136900.0,370.0
Opel Insignia,15499.0,17630,2131.0,4541161.0,2131.0
Opel Insignia,15480.0,19092,3612.0,13046544.0,3612.0
Opel Insignia,15400.0,17126,1726.0,2979076.0,1726.0
Opel Insignia,15400.0,19107,3707.0,13741849.0,3707.0
Opel Insignia,15300.0,15848,548.0,300304.0,548.0
Opel Insignia,15340.0,19098,3758.0,14122564.0,3758.0
Opel Insignia,15300.0,16362,1062.0,1127844.0,1062.0
Opel Insignia,15480.0,18557,3077.0,9467929.0,3077.0
Opel Insignia,15300.0,16301,1001.0,1002001.0,1001.0
Opel Insignia,14480.0,16529,2049.0,4198401.0,2049.0
Opel Insignia,15300.0,15685,385.0,148225.0,385.0
Opel Insignia,15300.0,15722,422.0,178084.0,422.0
Opel Insignia,15300.0,18339,3039.0,9235521.0,3039.0
Opel Insignia,14450.0,16264,1814.0,3290596.0,1814.0
Opel Insignia,14400.0,17124,2724.0,7420176.0,2724.0
Opel Insignia,14480.0,17562,3082.0,9498724.0,3082.0
Opel Insignia,14400.0,14582,182.0,33124.0,182.0
Opel Insignia,14350.0,16166,1816.0,3297856.0,1816.0
Opel Insignia,14200.0,15275,1075.0,1155625.0,1075.0
Opel Insignia,14150.0,16462,2312.0,5345344.0,2312.0
Opel Insignia,14100.0,15558,1458.0,2125764.0,1458.0
Opel Insignia,14000.0,16818,2818.0,7941124.0,2818.0
Opel Insignia,13995.0,12398,-1597.0,2550409.0,1597.0
Opel Insignia,13990.0,16578,2588.0,6697744.0,2588.0
Opel Insignia,13990.0,15325,1335.0,1782225.0,1335.0
Opel Insignia,13990.0,17550,3560.0,12673600.0,3560.0
Opel Insignia,13990.0,17779,3789.0,14356521.0,3789.0
Opel Insignia,13980.0,18941,4961.0,24611521.0,4961.0
Opel Insignia,15300.0,18655,3355.0,11256025.0,3355.0
Opel Insignia,15250.0,15194,-56.0,3136.0,56.0
Opel Insignia,13980.0,17187,3207.0,10284849.0,3207.0
Opel Insignia,13980.0,18246,4266.0,18198756.0,4266.0
Opel Insignia,15220.0,21259,6039.0,36469521.0,6039.0
Opel Insignia,15200.0,16794,1594.0,2540836.0,1594.0
Opel Insignia,15000.0,16717,1717.0,2948089.0,1717.0
Opel Insignia,13980.0,18281,4301.0,18498601.0,4301.0
Opel Insignia,14900.0,15828,928.0,861184.0,928.0
Opel Insignia,14900.0,18878,3978.0,15824484.0,3978.0
Opel Insignia,14900.0,16000,1100.0,1210000.0,1100.0
Opel Insignia,14900.0,19725,4825.0,23280625.0,4825.0
Opel Insignia,14850.0,14425,-425.0,180625.0,425.0
Opel Insignia,14800.0,16020,1220.0,1488400.0,1220.0
Opel Insignia,14800.0,16249,1449.0,2099601.0,1449.0
Opel Insignia,14800.0,15549,749.0,561001.0,749.0
Opel Insignia,14590.0,13517,-1073.0,1151329.0,1073.0
Opel Insignia,14700.0,17243,2543.0,6466849.0,2543.0
Opel Insignia,14580.0,15768,1188.0,1411344.0,1188.0
Opel Insignia,14500.0,17772,3272.0,10705984.0,3272.0
Opel Insignia,14499.0,11045,-3454.0,11930116.0,3454.0
Opel Insignia,14490.0,15819,1329.0,1766241.0,1329.0
Opel Insignia,14490.0,16518,2028.0,4112784.0,2028.0
Opel Insignia,14480.0,16227,1747.0,3052009.0,1747.0
Opel Insignia,14480.0,14819,339.0,114921.0,339.0
Opel Insignia,14480.0,16176,1696.0,2876416.0,1696.0
Opel Insignia,14480.0,15249,769.0,591361.0,769.0
Opel Insignia,14990.0,16545,1555.0,2418025.0,1555.0
Opel Insignia,14990.0,17459,2469.0,6095961.0,2469.0
Opel Insignia,14990.0,18092,3102.0,9622404.0,3102.0
Opel Insignia,14990.0,17512,2522.0,6360484.0,2522.0
Opel Insignia,14990.0,16151,1161.0,1347921.0,1161.0
Opel Insignia,14980.0,16320,1340.0,1795600.0,1340.0
Opel Insignia,14980.0,17735,2755.0,7590025.0,2755.0
Opel Insignia,13980.0,15272,1292.0,1669264.0,1292.0
Opel Insignia,14980.0,17899,2919.0,8520561.0,2919.0
Opel Insignia,13979.0,14625,646.0,417316.0,646.0
Opel Insignia,13950.0,16359,2409.0,5803281.0,2409.0
Opel Insignia,13950.0,17824,3874.0,15007876.0,3874.0
Opel Insignia,13900.0,16104,2204.0,4857616.0,2204.0
Opel Insignia,13970.0,15152,1182.0,1397124.0,1182.0
Opel Insignia,14480.0,15029,549.0,301401.0,549.0
Opel Insignia,13900.0,17772,3872.0,14992384.0,3872.0
Opel Insignia,13900.0,15328,1428.0,2039184.0,1428.0
Opel Insignia,13890.0,16904,3014.0,9084196.0,3014.0
Opel Insignia,13900.0,15867,1967.0,3869089.0,1967.0
Opel Insignia,13850.0,14748,898.0,806404.0,898.0
Opel Insignia,13900.0,15001,1101.0,1212201.0,1101.0
Opel Insignia,13899.0,15471,1572.0,2471184.0,1572.0
Opel Insignia,13700.0,15561,1861.0,3463321.0,1861.0
Opel Insignia,13500.0,13050,-450.0,202500.0,450.0
Opel Insignia,13690.0,14484,794.0,630436.0,794.0
Opel Insignia,13500.0,16328,2828.0,7997584.0,2828.0
Opel Insignia,14980.0,14728,-252.0,63504.0,252.0
Opel Insignia,14980.0,15989,1009.0,1018081.0,1009.0
Opel Insignia,14980.0,18010,3030.0,9180900.0,3030.0
Opel Insignia,14979.0,17307,2328.0,5419584.0,2328.0
Opel Insignia,14970.0,15186,216.0,46656.0,216.0
Opel Insignia,14970.0,16836,1866.0,3481956.0,1866.0
Opel Insignia,14970.0,15470,500.0,250000.0,500.0
Opel Insignia,14950.0,17325,2375.0,5640625.0,2375.0
Opel Insignia,14950.0,17042,2092.0,4376464.0,2092.0
Opel Insignia,14980.0,18294,3314.0,10982596.0,3314.0
Opel Insignia,14900.0,15836,936.0,876096.0,936.0
Opel Insignia,14900.0,16154,1254.0,1572516.0,1254.0
Opel Insignia,14950.0,15003,53.0,2809.0,53.0
Opel Insignia,14950.0,16497,1547.0,2393209.0,1547.0
Opel Insignia,14950.0,15818,868.0,753424.0,868.0
Opel Insignia,14950.0,16166,1216.0,1478656.0,1216.0
Opel Insignia,14950.0,14954,4.0,16.0,4.0
Opel Insignia,14900.0,13561,-1339.0,1792921.0,1339.0
Opel Insignia,13500.0,12965,-535.0,286225.0,535.0
Opel Insignia,14900.0,15948,1048.0,1098304.0,1048.0
Opel Insignia,15990.0,23974,7984.0,63744256.0,7984.0
Opel Insignia,15980.0,14805,-1175.0,1380625.0,1175.0
Opel Insignia,15980.0,15308,-672.0,451584.0,672.0
Opel Insignia,15980.0,17491,1511.0,2283121.0,1511.0
Opel Insignia,15980.0,16084,104.0,10816.0,104.0
Opel Insignia,15980.0,15734,-246.0,60516.0,246.0
Opel Insignia,15979.0,15523,-456.0,207936.0,456.0
Opel Insignia,15950.0,16575,625.0,390625.0,625.0
Opel Insignia,15950.0,20042,4092.0,16744464.0,4092.0
Opel Insignia,15970.0,17096,1126.0,1267876.0,1126.0
Opel Insignia,15950.0,15859,-91.0,8281.0,91.0
Opel Insignia,15950.0,18549,2599.0,6754801.0,2599.0
Opel Insignia,15900.0,15872,-28.0,784.0,28.0
Opel Insignia,15900.0,18543,2643.0,6985449.0,2643.0
Opel Insignia,13480.0,15229,1749.0,3059001.0,1749.0
Opel Insignia,13480.0,15312,1832.0,3356224.0,1832.0
Opel Insignia,15950.0,17532,1582.0,2502724.0,1582.0
Opel Insignia,15900.0,15882,-18.0,324.0,18.0
Opel Insignia,13300.0,17475,4175.0,17430625.0,4175.0
Opel Insignia,15900.0,15935,35.0,1225.0,35.0
Opel Insignia,13150.0,17951,4801.0,23049601.0,4801.0
Opel Insignia,12999.0,14847,1848.0,3415104.0,1848.0
Opel Insignia,12999.0,15896,2897.0,8392609.0,2897.0
Opel Insignia,13040.0,14431,1391.0,1934881.0,1391.0
Opel Insignia,12990.0,10913,-2077.0,4313929.0,2077.0
Opel Insignia,12990.0,17494,4504.0,20286016.0,4504.0
Opel Insignia,12990.0,16679,3689.0,13608721.0,3689.0
Opel Insignia,12480.0,14439,1959.0,3837681.0,1959.0
Opel Insignia,12989.0,16696,3707.0,13741849.0,3707.0
Opel Insignia,12980.0,13857,877.0,769129.0,877.0
Opel Insignia,12980.0,16922,3942.0,15539364.0,3942.0
Opel Insignia,12480.0,14565,2085.0,4347225.0,2085.0
Opel Insignia,12980.0,12373,-607.0,368449.0,607.0
Opel Insignia,12975.0,16052,3077.0,9467929.0,3077.0
Opel Insignia,12970.0,14382,1412.0,1993744.0,1412.0
Opel Insignia,11900.0,14790,2890.0,8352100.0,2890.0
Opel Insignia,12950.0,15368,2418.0,5846724.0,2418.0
Opel Insignia,11875.0,17576,5701.0,32501401.0,5701.0
Opel Insignia,11850.0,15763,3913.0,15311569.0,3913.0
Opel Insignia,11840.0,14025,2185.0,4774225.0,2185.0
Opel Insignia,11825.0,14712,2887.0,8334769.0,2887.0
Opel Insignia,11790.0,16345,4555.0,20748025.0,4555.0
Opel Insignia,11750.0,15459,3709.0,13756681.0,3709.0
Opel Insignia,11700.0,14633,2933.0,8602489.0,2933.0
Opel Insignia,11675.0,15370,3695.0,13653025.0,3695.0
Opel Insignia,11650.0,14877,3227.0,10413529.0,3227.0
Opel Insignia,11650.0,14977,3327.0,11068929.0,3327.0
Opel Insignia,11650.0,15513,3863.0,14922769.0,3863.0
Opel Insignia,12480.0,18477,5997.0,35964009.0,5997.0
Opel Insignia,12400.0,13429,1029.0,1058841.0,1029.0
Opel Insignia,12390.0,17740,5350.0,28622500.0,5350.0
Opel Insignia,12390.0,11264,-1126.0,1267876.0,1126.0
Opel Insignia,12390.0,15629,3239.0,10491121.0,3239.0
Opel Insignia,12300.0,18682,6382.0,40729924.0,6382.0
Opel Insignia,12290.0,14921,2631.0,6922161.0,2631.0
Opel Insignia,12195.0,14358,2163.0,4678569.0,2163.0
Opel Insignia,12100.0,16255,4155.0,17264025.0,4155.0
Opel Insignia,12000.0,15412,3412.0,11641744.0,3412.0
Opel Insignia,11999.0,14514,2515.0,6325225.0,2515.0
Opel Insignia,11990.0,14985,2995.0,8970025.0,2995.0
Opel Insignia,11990.0,14544,2554.0,6522916.0,2554.0
Opel Insignia,11990.0,16207,4217.0,17783089.0,4217.0
Opel Insignia,11980.0,14866,2886.0,8328996.0,2886.0
Opel Insignia,12940.0,15160,2220.0,4928400.0,2220.0
Opel Insignia,12900.0,14011,1111.0,1234321.0,1111.0
Opel Insignia,12900.0,14887,1987.0,3948169.0,1987.0
Opel Insignia,12900.0,15648,2748.0,7551504.0,2748.0
Opel Insignia,12900.0,15508,2608.0,6801664.0,2608.0
Opel Insignia,12900.0,16091,3191.0,10182481.0,3191.0
Opel Insignia,12900.0,16537,3637.0,13227769.0,3637.0
Opel Insignia,12900.0,17324,4424.0,19571776.0,4424.0
Opel Insignia,12900.0,16844,3944.0,15555136.0,3944.0
Opel Insignia,12890.0,12942,52.0,2704.0,52.0
Opel Insignia,12880.0,14590,1710.0,2924100.0,1710.0
Opel Insignia,11600.0,24948,13348.0,178169104.0,13348.0
Opel Insignia,10990.0,14856,3866.0,14945956.0,3866.0
Opel Insignia,12888.0,16002,3114.0,9696996.0,3114.0
Opel Insignia,10990.0,14811,3821.0,14600041.0,3821.0
Opel Insignia,12799.0,15672,2873.0,8254129.0,2873.0
Opel Insignia,12780.0,15944,3164.0,10010896.0,3164.0
Opel Insignia,10949.0,10237,-712.0,506944.0,712.0
Opel Insignia,10990.0,14505,3515.0,12355225.0,3515.0
Opel Insignia,10900.0,14636,3736.0,13957696.0,3736.0
Opel Insignia,10990.0,14428,3438.0,11819844.0,3438.0
Opel Insignia,10900.0,16455,5555.0,30858025.0,5555.0
Opel Insignia,10980.0,8594,-2386.0,5692996.0,2386.0
Opel Insignia,10900.0,16655,5755.0,33120025.0,5755.0
Opel Insignia,10990.0,15115,4125.0,17015625.0,4125.0
Opel Insignia,10900.0,17290,6390.0,40832100.0,6390.0
Opel Insignia,10850.0,11281,431.0,185761.0,431.0
Opel Insignia,10800.0,13776,2976.0,8856576.0,2976.0
Opel Insignia,10600.0,15466,4866.0,23677956.0,4866.0
Opel Insignia,10580.0,13044,2464.0,6071296.0,2464.0
Opel Insignia,10500.0,15617,5117.0,26183689.0,5117.0
Opel Insignia,10500.0,15082,4582.0,20994724.0,4582.0
Opel Insignia,10400.0,15020,4620.0,21344400.0,4620.0
Opel Insignia,11900.0,18287,6387.0,40793769.0,6387.0
Opel Insignia,12790.0,14675,1885.0,3553225.0,1885.0
Opel Insignia,12750.0,16898,4148.0,17205904.0,4148.0
Opel Insignia,12775.0,16618,3843.0,14768649.0,3843.0
Opel Insignia,12700.0,17338,4638.0,21511044.0,4638.0
Opel Insignia,12695.0,15677,2982.0,8892324.0,2982.0
Opel Insignia,12750.0,17124,4374.0,19131876.0,4374.0
Opel Insignia,12680.0,16376,3696.0,13660416.0,3696.0
Opel Insignia,12600.0,15794,3194.0,10201636.0,3194.0
Opel Insignia,12500.0,13485,985.0,970225.0,985.0
Opel Insignia,12500.0,12882,382.0,145924.0,382.0
Opel Insignia,12500.0,15695,3195.0,10208025.0,3195.0
Opel Insignia,12500.0,15399,2899.0,8404201.0,2899.0
Opel Insignia,12500.0,13278,778.0,605284.0,778.0
Opel Insignia,12500.0,27308,14808.0,219276864.0,14808.0
Opel Insignia,12500.0,16376,3876.0,15023376.0,3876.0
Opel Insignia,12500.0,13555,1055.0,1113025.0,1055.0
Opel Insignia,12500.0,16619,4119.0,16966161.0,4119.0
Opel Insignia,12490.0,15287,2797.0,7823209.0,2797.0
Opel Insignia,12490.0,15634,3144.0,9884736.0,3144.0
Opel Insignia,11500.0,14859,3359.0,11282881.0,3359.0
Opel Insignia,11500.0,16102,4602.0,21178404.0,4602.0
Opel Insignia,10300.0,15858,5558.0,30891364.0,5558.0
Opel Insignia,10262.0,17516,7254.0,52620516.0,7254.0
Opel Insignia,11490.0,17752,6262.0,39212644.0,6262.0
Opel Insignia,11490.0,17536,6046.0,36554116.0,6046.0
Opel Insignia,12490.0,13506,1016.0,1032256.0,1016.0
Opel Insignia,10100.0,14760,4660.0,21715600.0,4660.0
Opel Insignia,9980.0,11877,1897.0,3598609.0,1897.0
Opel Insignia,9990.0,13517,3527.0,12439729.0,3527.0
Opel Insignia,9950.0,12724,2774.0,7695076.0,2774.0
Opel Insignia,9780.0,13086,3306.0,10929636.0,3306.0
Opel Insignia,9750.0,9852,102.0,10404.0,102.0
Opel Insignia,9980.0,14951,4971.0,24710841.0,4971.0
Opel Insignia,9980.0,13458,3478.0,12096484.0,3478.0
Opel Insignia,9980.0,10725,745.0,555025.0,745.0
Opel Insignia,9900.0,10453,553.0,305809.0,553.0
Opel Insignia,9800.0,12254,2454.0,6022116.0,2454.0
Opel Insignia,9280.0,12029,2749.0,7557001.0,2749.0
Opel Insignia,9480.0,12253,2773.0,7689529.0,2773.0
Opel Insignia,9500.0,11628,2128.0,4528384.0,2128.0
Opel Insignia,9000.0,8188,-812.0,659344.0,812.0
Opel Insignia,8990.0,18957,9967.0,99341089.0,9967.0
Opel Insignia,9490.0,11494,2004.0,4016016.0,2004.0
Opel Insignia,11490.0,17809,6319.0,39929761.0,6319.0
Opel Insignia,9480.0,11493,2013.0,4052169.0,2013.0
Opel Insignia,11490.0,15823,4333.0,18774889.0,4333.0
Opel Insignia,11450.0,14824,3374.0,11383876.0,3374.0
Opel Insignia,11490.0,14537,3047.0,9284209.0,3047.0
Opel Insignia,11490.0,14715,3225.0,10400625.0,3225.0
Opel Insignia,11490.0,15906,4416.0,19501056.0,4416.0
Opel Insignia,11480.0,17283,5803.0,33674809.0,5803.0
Opel Insignia,11480.0,15066,3586.0,12859396.0,3586.0
Opel Insignia,11480.0,12246,766.0,586756.0,766.0
Opel Insignia,11300.0,13192,1892.0,3579664.0,1892.0
Opel Insignia,11000.0,14406,3406.0,11600836.0,3406.0
Opel Insignia,11400.0,11926,526.0,276676.0,526.0
Opel Insignia,11450.0,14726,3276.0,10732176.0,3276.0
Opel Insignia,11295.0,13305,2010.0,4040100.0,2010.0
Opel Insignia,9850.0,11796,1946.0,3786916.0,1946.0
Opel Insignia,10980.0,13419,2439.0,5948721.0,2439.0
Opel Insignia,11680.0,9869,-1811.0,3279721.0,1811.0
Opel Insignia,11589.0,14142,2553.0,6517809.0,2553.0
Opel Insignia,11500.0,12742,1242.0,1542564.0,1242.0
Opel Insignia,11500.0,12445,945.0,893025.0,945.0
Opel Insignia,11500.0,10899,-601.0,361201.0,601.0
Opel Insignia,12675.0,13951,1276.0,1628176.0,1276.0
Opel Insignia,13540.0,14558,1018.0,1036324.0,1018.0
Opel Insignia,13540.0,14602,1062.0,1127844.0,1062.0
Opel Insignia,13650.0,15059,1409.0,1985281.0,1409.0
Opel Insignia,13900.0,13383,-517.0,267289.0,517.0
Opel Insignia,13890.0,14958,1068.0,1140624.0,1068.0
Opel Insignia,13900.0,14637,737.0,543169.0,737.0
Opel Insignia,13900.0,14001,101.0,10201.0,101.0
Opel Insignia,14940.0,14971,31.0,961.0,31.0
Opel Insignia,13990.0,15073,1083.0,1172889.0,1083.0
Opel Insignia,13990.0,12784,-1206.0,1454436.0,1206.0
Opel Insignia,14444.0,14592,148.0,21904.0,148.0
Opel Insignia,14700.0,13218,-1482.0,2196324.0,1482.0
Opel Insignia,14699.0,15200,501.0,251001.0,501.0
Opel Insignia,14698.0,15101,403.0,162409.0,403.0
Opel Insignia,14600.0,16289,1689.0,2852721.0,1689.0
Opel Insignia,14680.0,11098,-3582.0,12830724.0,3582.0
Opel Insignia,14500.0,13745,-755.0,570025.0,755.0
Opel Insignia,14500.0,14373,-127.0,16129.0,127.0
Opel Insignia,14499.0,15773,1274.0,1623076.0,1274.0
Opel Insignia,14500.0,13358,-1142.0,1304164.0,1142.0
Opel Insignia,14490.0,15648,1158.0,1340964.0,1158.0
Opel Insignia,14490.0,16420,1930.0,3724900.0,1930.0
Opel Insignia,14490.0,17467,2977.0,8862529.0,2977.0
Opel Insignia,14490.0,17697,3207.0,10284849.0,3207.0
Opel Insignia,14490.0,17697,3207.0,10284849.0,3207.0
Opel Insignia,14490.0,14575,85.0,7225.0,85.0
Opel Insignia,14490.0,14575,85.0,7225.0,85.0
Opel Insignia,14490.0,14604,114.0,12996.0,114.0
Opel Insignia,14480.0,15977,1497.0,2241009.0,1497.0
Opel Insignia,14940.0,15097,157.0,24649.0,157.0
Opel Insignia,14900.0,13848,-1052.0,1106704.0,1052.0
Opel Insignia,14900.0,15918,1018.0,1036324.0,1018.0
Opel Insignia,14900.0,17411,2511.0,6305121.0,2511.0
Opel Insignia,14900.0,14681,-219.0,47961.0,219.0
Opel Insignia,14900.0,14938,38.0,1444.0,38.0
Opel Insignia,14900.0,15228,328.0,107584.0,328.0
Opel Insignia,14890.0,16564,1674.0,2802276.0,1674.0
Opel Insignia,14900.0,17081,2181.0,4756761.0,2181.0
Opel Insignia,14840.0,15468,628.0,394384.0,628.0
Opel Insignia,14840.0,14359,-481.0,231361.0,481.0
Opel Insignia,14800.0,16960,2160.0,4665600.0,2160.0
Opel Insignia,14800.0,15145,345.0,119025.0,345.0
Opel Insignia,14800.0,14745,-55.0,3025.0,55.0
Opel Insignia,14800.0,16309,1509.0,2277081.0,1509.0
Opel Insignia,14800.0,16805,2005.0,4020025.0,2005.0
Opel Insignia,14790.0,13752,-1038.0,1077444.0,1038.0
Opel Insignia,14770.0,15616,846.0,715716.0,846.0
Opel Insignia,14750.0,13758,-992.0,984064.0,992.0
Opel Insignia,14300.0,15797,1497.0,2241009.0,1497.0
Opel Insignia,14740.0,15736,996.0,992016.0,996.0
Opel Insignia,14400.0,14559,159.0,25281.0,159.0
Opel Insignia,14990.0,17133,2143.0,4592449.0,2143.0
Opel Insignia,14990.0,14907,-83.0,6889.0,83.0
Opel Insignia,14990.0,15171,181.0,32761.0,181.0
Opel Insignia,14990.0,15445,455.0,207025.0,455.0
Opel Insignia,14990.0,13776,-1214.0,1473796.0,1214.0
Opel Insignia,14990.0,16500,1510.0,2280100.0,1510.0
Opel Insignia,14990.0,16645,1655.0,2739025.0,1655.0
Opel Insignia,14980.0,17266,2286.0,5225796.0,2286.0
Opel Insignia,14980.0,15462,482.0,232324.0,482.0
Opel Insignia,14950.0,15607,657.0,431649.0,657.0
Opel Insignia,14950.0,20478,5528.0,30558784.0,5528.0
Opel Insignia,14950.0,15669,719.0,516961.0,719.0
Opel Insignia,14950.0,17046,2096.0,4393216.0,2096.0
Opel Insignia,14950.0,14553,-397.0,157609.0,397.0
Opel Insignia,14940.0,15224,284.0,80656.0,284.0
Opel Insignia,14940.0,14952,12.0,144.0,12.0
Opel Insignia,14290.0,17238,2948.0,8690704.0,2948.0
Opel Insignia,14940.0,15013,73.0,5329.0,73.0
Opel Insignia,14290.0,13842,-448.0,200704.0,448.0
Opel Insignia,14290.0,14739,449.0,201601.0,449.0
Opel Insignia,14290.0,17339,3049.0,9296401.0,3049.0
Opel Insignia,14290.0,16762,2472.0,6110784.0,2472.0
Opel Insignia,14290.0,17013,2723.0,7414729.0,2723.0
Opel Insignia,14250.0,14957,707.0,499849.0,707.0
Opel Insignia,14250.0,13603,-647.0,418609.0,647.0
Opel Insignia,14200.0,13877,-323.0,104329.0,323.0
Opel Insignia,14200.0,17215,3015.0,9090225.0,3015.0
Opel Insignia,14000.0,15577,1577.0,2486929.0,1577.0
Opel Insignia,14000.0,15904,1904.0,3625216.0,1904.0
Opel Insignia,14000.0,13050,-950.0,902500.0,950.0
Opel Insignia,14000.0,14706,706.0,498436.0,706.0
Opel Insignia,13999.0,15219,1220.0,1488400.0,1220.0
Opel Insignia,13990.0,13274,-716.0,512656.0,716.0
Opel Insignia,13990.0,14736,746.0,556516.0,746.0
Opel Insignia,13980.0,13327,-653.0,426409.0,653.0
Opel Insignia,13980.0,14051,71.0,5041.0,71.0
Opel Insignia,13990.0,15558,1568.0,2458624.0,1568.0
Opel Insignia,13980.0,15633,1653.0,2732409.0,1653.0
Opel Insignia,13980.0,13081,-899.0,808201.0,899.0
Opel Insignia,13950.0,11795,-2155.0,4644025.0,2155.0
Opel Insignia,13950.0,15095,1145.0,1311025.0,1145.0
Opel Insignia,13940.0,14145,205.0,42025.0,205.0
Opel Insignia,13950.0,17514,3564.0,12702096.0,3564.0
Opel Insignia,13940.0,15102,1162.0,1350244.0,1162.0
Opel Insignia,13940.0,14796,856.0,732736.0,856.0
Opel Insignia,13900.0,12468,-1432.0,2050624.0,1432.0
Opel Insignia,13990.0,15734,1744.0,3041536.0,1744.0
Opel Insignia,13900.0,14315,415.0,172225.0,415.0
Opel Insignia,13900.0,14340,440.0,193600.0,440.0
Opel Insignia,13900.0,15708,1808.0,3268864.0,1808.0
Opel Insignia,13900.0,13079,-821.0,674041.0,821.0
Opel Insignia,13900.0,11737,-2163.0,4678569.0,2163.0
Opel Insignia,13900.0,13532,-368.0,135424.0,368.0
Opel Insignia,13870.0,16236,2366.0,5597956.0,2366.0
Opel Insignia,13800.0,14829,1029.0,1058841.0,1029.0
Opel Insignia,13900.0,15951,2051.0,4206601.0,2051.0
Opel Insignia,13800.0,14016,216.0,46656.0,216.0
Opel Insignia,13900.0,15776,1876.0,3519376.0,1876.0
Opel Insignia,13890.0,14006,116.0,13456.0,116.0
Opel Insignia,13880.0,12551,-1329.0,1766241.0,1329.0
Opel Insignia,13800.0,14108,308.0,94864.0,308.0
Opel Insignia,13799.0,15066,1267.0,1605289.0,1267.0
Opel Insignia,13690.0,12682,-1008.0,1016064.0,1008.0
Opel Insignia,13390.0,12967,-423.0,178929.0,423.0
Opel Insignia,13500.0,12718,-782.0,611524.0,782.0
Opel Insignia,13500.0,14528,1028.0,1056784.0,1028.0
Opel Insignia,13780.0,16122,2342.0,5484964.0,2342.0
Opel Insignia,13800.0,14241,441.0,194481.0,441.0
Opel Insignia,13500.0,14687,1187.0,1408969.0,1187.0
Opel Insignia,13500.0,15423,1923.0,3697929.0,1923.0
Opel Insignia,13490.0,11112,-2378.0,5654884.0,2378.0
Opel Insignia,13500.0,12387,-1113.0,1238769.0,1113.0
Opel Insignia,13500.0,12509,-991.0,982081.0,991.0
Opel Insignia,13500.0,16755,3255.0,10595025.0,3255.0
Opel Insignia,13500.0,12959,-541.0,292681.0,541.0
Opel Insignia,13499.0,14912,1413.0,1996569.0,1413.0
Opel Insignia,13490.0,15642,2152.0,4631104.0,2152.0
Opel Insignia,13490.0,15574,2084.0,4343056.0,2084.0
Opel Insignia,12980.0,12471,-509.0,259081.0,509.0
Opel Insignia,13490.0,13509,19.0,361.0,19.0
Opel Insignia,13480.0,14550,1070.0,1144900.0,1070.0
Opel Insignia,13400.0,13276,-124.0,15376.0,124.0
Opel Insignia,13400.0,15429,2029.0,4116841.0,2029.0
Opel Insignia,13489.0,14531,1042.0,1085764.0,1042.0
Opel Insignia,12980.0,12697,-283.0,80089.0,283.0
Opel Insignia,12980.0,15949,2969.0,8814961.0,2969.0
Opel Insignia,12980.0,12725,-255.0,65025.0,255.0
Opel Insignia,12980.0,15216,2236.0,4999696.0,2236.0
Opel Insignia,12980.0,13293,313.0,97969.0,313.0
Opel Insignia,12950.0,15047,2097.0,4397409.0,2097.0
Opel Insignia,12980.0,15759,2779.0,7722841.0,2779.0
Opel Insignia,12979.0,15431,2452.0,6012304.0,2452.0
Opel Insignia,12900.0,15386,2486.0,6180196.0,2486.0
Opel Insignia,12900.0,11743,-1157.0,1338649.0,1157.0
Opel Insignia,12900.0,12513,-387.0,149769.0,387.0
Opel Insignia,12900.0,14722,1822.0,3319684.0,1822.0
Opel Insignia,12900.0,16150,3250.0,10562500.0,3250.0
Opel Insignia,12890.0,11907,-983.0,966289.0,983.0
Opel Insignia,12900.0,15805,2905.0,8439025.0,2905.0
Opel Insignia,12890.0,13216,326.0,106276.0,326.0
Opel Insignia,12876.0,13922,1046.0,1094116.0,1046.0
Opel Insignia,12840.0,14298,1458.0,2125764.0,1458.0
Opel Insignia,13000.0,13970,970.0,940900.0,970.0
Opel Insignia,13390.0,13215,-175.0,30625.0,175.0
Opel Insignia,13350.0,15236,1886.0,3556996.0,1886.0
Opel Insignia,13330.0,14521,1191.0,1418481.0,1191.0
Opel Insignia,13290.0,15685,2395.0,5736025.0,2395.0
Opel Insignia,13000.0,13163,163.0,26569.0,163.0
Opel Insignia,12999.0,13993,994.0,988036.0,994.0
Opel Insignia,12995.0,12657,-338.0,114244.0,338.0
Opel Insignia,12990.0,16263,3273.0,10712529.0,3273.0
Opel Insignia,12990.0,12346,-644.0,414736.0,644.0
Opel Insignia,12990.0,13765,775.0,600625.0,775.0
Opel Insignia,12990.0,16831,3841.0,14753281.0,3841.0
Opel Insignia,12990.0,13613,623.0,388129.0,623.0
Opel Insignia,12990.0,14051,1061.0,1125721.0,1061.0
Opel Insignia,12490.0,12820,330.0,108900.0,330.0
Opel Insignia,12990.0,12766,-224.0,50176.0,224.0
Opel Insignia,12990.0,14984,1994.0,3976036.0,1994.0
Opel Insignia,12490.0,15770,3280.0,10758400.0,3280.0
Opel Insignia,12990.0,14223,1233.0,1520289.0,1233.0
Opel Insignia,12980.0,13679,699.0,488601.0,699.0
Opel Insignia,12490.0,12727,237.0,56169.0,237.0
Opel Insignia,12480.0,12384,-96.0,9216.0,96.0
Opel Insignia,12450.0,13707,1257.0,1580049.0,1257.0
Opel Insignia,12480.0,13907,1427.0,2036329.0,1427.0
Opel Insignia,12480.0,15219,2739.0,7502121.0,2739.0
Opel Insignia,12750.0,13719,969.0,938961.0,969.0
Opel Insignia,12980.0,15285,2305.0,5313025.0,2305.0
Opel Insignia,12450.0,13809,1359.0,1846881.0,1359.0
Opel Insignia,12650.0,13787,1137.0,1292769.0,1137.0
Opel Insignia,12595.0,14552,1957.0,3829849.0,1957.0
Opel Insignia,12599.0,16480,3881.0,15062161.0,3881.0
Opel Insignia,12580.0,11955,-625.0,390625.0,625.0
Opel Insignia,12500.0,14859,2359.0,5564881.0,2359.0
Opel Insignia,12500.0,13309,809.0,654481.0,809.0
Opel Insignia,12500.0,14308,1808.0,3268864.0,1808.0
Opel Insignia,12500.0,15736,3236.0,10471696.0,3236.0
Opel Insignia,12500.0,12717,217.0,47089.0,217.0
Opel Insignia,12500.0,12446,-54.0,2916.0,54.0
Opel Insignia,12500.0,10852,-1648.0,2715904.0,1648.0
Opel Insignia,12500.0,12812,312.0,97344.0,312.0
Opel Insignia,12500.0,12301,-199.0,39601.0,199.0
Opel Insignia,12499.0,16141,3642.0,13264164.0,3642.0
Opel Insignia,12499.0,15775,3276.0,10732176.0,3276.0
Opel Insignia,12400.0,13774,1374.0,1887876.0,1374.0
Opel Insignia,12400.0,12229,-171.0,29241.0,171.0
Opel Insignia,12400.0,13046,646.0,417316.0,646.0
Opel Insignia,12300.0,7950,-4350.0,18922500.0,4350.0
Opel Insignia,12490.0,12795,305.0,93025.0,305.0
Opel Insignia,12000.0,12507,507.0,257049.0,507.0
Opel Insignia,12300.0,13168,868.0,753424.0,868.0
Opel Insignia,12000.0,13553,1553.0,2411809.0,1553.0
Opel Insignia,12000.0,9720,-2280.0,5198400.0,2280.0
Opel Insignia,11995.0,13683,1688.0,2849344.0,1688.0
Opel Insignia,11999.0,13636,1637.0,2679769.0,1637.0
Opel Insignia,11999.0,14425,2426.0,5885476.0,2426.0
Opel Insignia,11995.0,13656,1661.0,2758921.0,1661.0
Opel Insignia,11990.0,11060,-930.0,864900.0,930.0
Opel Insignia,11990.0,13734,1744.0,3041536.0,1744.0
Opel Insignia,11999.0,12268,269.0,72361.0,269.0
Opel Insignia,11980.0,15969,3989.0,15912121.0,3989.0
Opel Insignia,11980.0,15035,3055.0,9333025.0,3055.0
Opel Insignia,11990.0,13737,1747.0,3052009.0,1747.0
Opel Insignia,11950.0,14811,2861.0,8185321.0,2861.0
Opel Insignia,11980.0,24618,12638.0,159719044.0,12638.0
Opel Insignia,11970.0,13669,1699.0,2886601.0,1699.0
Opel Insignia,11900.0,14764,2864.0,8202496.0,2864.0
Opel Insignia,11900.0,12735,835.0,697225.0,835.0
Opel Insignia,11900.0,12493,593.0,351649.0,593.0
Opel Insignia,11850.0,11303,-547.0,299209.0,547.0
Opel Insignia,11900.0,10873,-1027.0,1054729.0,1027.0
Opel Insignia,11890.0,11301,-589.0,346921.0,589.0
Opel Insignia,11880.0,13395,1515.0,2295225.0,1515.0
Opel Insignia,11800.0,10468,-1332.0,1774224.0,1332.0
Opel Insignia,11700.0,11929,229.0,52441.0,229.0
Opel Insignia,11500.0,7423,-4077.0,16621929.0,4077.0
Opel Insignia,11499.0,10220,-1279.0,1635841.0,1279.0
Opel Insignia,11490.0,14389,2899.0,8404201.0,2899.0
Opel Insignia,11490.0,12586,1096.0,1201216.0,1096.0
Opel Insignia,11480.0,14179,2699.0,7284601.0,2699.0
Opel Insignia,11100.0,13379,2279.0,5193841.0,2279.0
Opel Insignia,11000.0,16241,5241.0,27468081.0,5241.0
Opel Insignia,10990.0,10645,-345.0,119025.0,345.0
Opel Insignia,10990.0,12692,1702.0,2896804.0,1702.0
Opel Insignia,10990.0,12889,1899.0,3606201.0,1899.0
Opel Insignia,10980.0,11330,350.0,122500.0,350.0
Opel Insignia,10950.0,14603,3653.0,13344409.0,3653.0
Opel Insignia,10950.0,14385,3435.0,11799225.0,3435.0
Opel Insignia,10950.0,11664,714.0,509796.0,714.0
Opel Insignia,10910.0,14498,3588.0,12873744.0,3588.0
Opel Insignia,10900.0,10055,-845.0,714025.0,845.0
Opel Insignia,10900.0,12238,1338.0,1790244.0,1338.0
Opel Insignia,10740.0,9500,-1240.0,1537600.0,1240.0
Opel Insignia,10500.0,12107,1607.0,2582449.0,1607.0
Opel Insignia,10799.0,9892,-907.0,822649.0,907.0
Opel Insignia,10899.0,13050,2151.0,4626801.0,2151.0
Opel Insignia,10500.0,18278,7778.0,60497284.0,7778.0
Opel Insignia,10490.0,9322,-1168.0,1364224.0,1168.0
Opel Insignia,10395.0,10989,594.0,352836.0,594.0
Opel Insignia,10480.0,12559,2079.0,4322241.0,2079.0
Opel Insignia,10490.0,9308,-1182.0,1397124.0,1182.0
Opel Insignia,10345.0,11979,1634.0,2669956.0,1634.0
Opel Insignia,10000.0,16861,6861.0,47073321.0,6861.0
Opel Insignia,9980.0,10707,727.0,528529.0,727.0
Opel Insignia,9900.0,7627,-2273.0,5166529.0,2273.0
Opel Insignia,9900.0,12656,2756.0,7595536.0,2756.0
Opel Insignia,14990.0,17279,2289.0,5239521.0,2289.0
Opel Insignia,15299.0,16011,712.0,506944.0,712.0
Opel Insignia,15350.0,17564,2214.0,4901796.0,2214.0
Opel Insignia,15290.0,15884,594.0,352836.0,594.0
Opel Insignia,15200.0,18051,2851.0,8128201.0,2851.0
Opel Insignia,15190.0,17661,2471.0,6105841.0,2471.0
Opel Insignia,15250.0,13913,-1337.0,1787569.0,1337.0
Opel Insignia,15490.0,13979,-1511.0,2283121.0,1511.0
Opel Insignia,15000.0,16811,1811.0,3279721.0,1811.0
Opel Insignia,15790.0,16117,327.0,106929.0,327.0
Opel Insignia,15390.0,14313,-1077.0,1159929.0,1077.0
Opel Insignia,15000.0,14332,-668.0,446224.0,668.0
Opel Insignia,15845.0,15578,-267.0,71289.0,267.0
Opel Insignia,15790.0,15404,-386.0,148996.0,386.0
Opel Insignia,15750.0,14644,-1106.0,1223236.0,1106.0
Opel Insignia,15750.0,17489,1739.0,3024121.0,1739.0
Opel Insignia,15750.0,17489,1739.0,3024121.0,1739.0
Opel Insignia,15700.0,16781,1081.0,1168561.0,1081.0
Opel Insignia,15690.0,15632,-58.0,3364.0,58.0
Opel Insignia,15500.0,12346,-3154.0,9947716.0,3154.0
Opel Insignia,15500.0,16437,937.0,877969.0,937.0
Opel Insignia,15500.0,14859,-641.0,410881.0,641.0
Opel Insignia,15500.0,17966,2466.0,6081156.0,2466.0
Opel Insignia,15499.0,14048,-1451.0,2105401.0,1451.0
Opel Insignia,15499.0,16183,684.0,467856.0,684.0
Opel Insignia,15500.0,15501,1.0,1.0,1.0
Opel Insignia,15490.0,14767,-723.0,522729.0,723.0
Opel Insignia,15490.0,16544,1054.0,1110916.0,1054.0
Opel Insignia,15490.0,15348,-142.0,20164.0,142.0
Opel Insignia,15490.0,14001,-1489.0,2217121.0,1489.0
Opel Insignia,15490.0,14199,-1291.0,1666681.0,1291.0
Opel Insignia,15490.0,17106,1616.0,2611456.0,1616.0
Opel Insignia,15490.0,17417,1927.0,3713329.0,1927.0
Opel Insignia,15480.0,19931,4451.0,19811401.0,4451.0
Opel Insignia,15480.0,15465,-15.0,225.0,15.0
Opel Insignia,15450.0,16560,1110.0,1232100.0,1110.0
Opel Insignia,15450.0,13777,-1673.0,2798929.0,1673.0
Opel Insignia,15450.0,13632,-1818.0,3305124.0,1818.0
Opel Insignia,15450.0,13640,-1810.0,3276100.0,1810.0
Opel Insignia,15450.0,15796,346.0,119716.0,346.0
Opel Insignia,15450.0,15909,459.0,210681.0,459.0
Opel Insignia,15450.0,16562,1112.0,1236544.0,1112.0
Opel Insignia,15440.0,15364,-76.0,5776.0,76.0
Opel Insignia,15400.0,15683,283.0,80089.0,283.0
Opel Insignia,15400.0,16216,816.0,665856.0,816.0
Opel Insignia,14999.0,15540,541.0,292681.0,541.0
Opel Insignia,14998.0,14605,-393.0,154449.0,393.0
Opel Insignia,14995.0,12340,-2655.0,7049025.0,2655.0
Opel Insignia,14995.0,15576,581.0,337561.0,581.0
Opel Insignia,14990.0,15824,834.0,695556.0,834.0
Opel Insignia,14995.0,15503,508.0,258064.0,508.0
Opel Insignia,14990.0,15417,427.0,182329.0,427.0
Opel Insignia,14990.0,17912,2922.0,8538084.0,2922.0
Opel Insignia,14990.0,16691,1701.0,2893401.0,1701.0
Opel Insignia,14990.0,17218,2228.0,4963984.0,2228.0
Opel Insignia,18479.0,21284,2805.0,7868025.0,2805.0
Opel Insignia,19980.0,18478,-1502.0,2256004.0,1502.0
Opel Insignia,19890.0,19975,85.0,7225.0,85.0
Opel Insignia,18950.0,18934,-16.0,256.0,16.0
Opel Insignia,19880.0,20716,836.0,698896.0,836.0
Opel Insignia,20900.0,20873,-27.0,729.0,27.0
Opel Insignia,21450.0,21219,-231.0,53361.0,231.0
Opel Insignia,21690.0,22209,519.0,269361.0,519.0
Opel Insignia,21950.0,23725,1775.0,3150625.0,1775.0
Opel Insignia,21690.0,21077,-613.0,375769.0,613.0
Opel Insignia,21890.0,20455,-1435.0,2059225.0,1435.0
Opel Insignia,21940.0,24203,2263.0,5121169.0,2263.0
Opel Insignia,21950.0,22459,509.0,259081.0,509.0
Opel Insignia,21980.0,21709,-271.0,73441.0,271.0
Opel Insignia,21980.0,23016,1036.0,1073296.0,1036.0
Opel Insignia,21990.0,19827,-2163.0,4678569.0,2163.0
Opel Insignia,21990.0,20121,-1869.0,3493161.0,1869.0
Opel Insignia,21990.0,24194,2204.0,4857616.0,2204.0
Opel Insignia,21690.0,24203,2513.0,6315169.0,2513.0
Opel Insignia,21990.0,22803,813.0,660969.0,813.0
Opel Insignia,21850.0,21970,120.0,14400.0,120.0
Opel Insignia,15900.0,16023,123.0,15129.0,123.0
Opel Insignia,15900.0,17526,1626.0,2643876.0,1626.0
Opel Insignia,16100.0,18092,1992.0,3968064.0,1992.0
Opel Insignia,15990.0,15751,-239.0,57121.0,239.0
Opel Insignia,15990.0,18800,2810.0,7896100.0,2810.0
Opel Insignia,15990.0,19068,3078.0,9474084.0,3078.0
Opel Insignia,15990.0,18943,2953.0,8720209.0,2953.0
Opel Insignia,15970.0,17084,1114.0,1240996.0,1114.0
Opel Insignia,15940.0,15545,-395.0,156025.0,395.0
Opel Insignia,15900.0,15925,25.0,625.0,25.0
Opel Insignia,15880.0,19417,3537.0,12510369.0,3537.0
Opel Insignia,15850.0,16827,977.0,954529.0,977.0
Opel Insignia,21890.0,20519,-1371.0,1879641.0,1371.0
Opel Insignia,21890.0,20459,-1431.0,2047761.0,1431.0
Opel Insignia,21870.0,20911,-959.0,919681.0,959.0
Opel Insignia,21800.0,20016,-1784.0,3182656.0,1784.0
Opel Insignia,21800.0,22567,767.0,588289.0,767.0
Opel Insignia,21800.0,20160,-1640.0,2689600.0,1640.0
Opel Insignia,21880.0,24269,2389.0,5707321.0,2389.0
Opel Insignia,21780.0,21404,-376.0,141376.0,376.0
Opel Insignia,21780.0,23646,1866.0,3481956.0,1866.0
Opel Insignia,21750.0,21639,-111.0,12321.0,111.0
Opel Insignia,21740.0,22932,1192.0,1420864.0,1192.0
Opel Insignia,21800.0,20565,-1235.0,1525225.0,1235.0
Opel Insignia,21780.0,22936,1156.0,1336336.0,1156.0
Opel Insignia,21770.0,21600,-170.0,28900.0,170.0
Opel Insignia,21700.0,21015,-685.0,469225.0,685.0
Opel Insignia,21700.0,21342,-358.0,128164.0,358.0
Opel Insignia,21980.0,26391,4411.0,19456921.0,4411.0
Opel Insignia,21980.0,26514,4534.0,20557156.0,4534.0
Opel Insignia,21990.0,21212,-778.0,605284.0,778.0
Opel Insignia,21990.0,22887,897.0,804609.0,897.0
Opel Insignia,21989.0,20989,-1000.0,1000000.0,1000.0
Opel Insignia,21980.0,23892,1912.0,3655744.0,1912.0
Opel Insignia,21980.0,26420,4440.0,19713600.0,4440.0
Opel Insignia,21980.0,22779,799.0,638401.0,799.0
Opel Insignia,21980.0,20269,-1711.0,2927521.0,1711.0
Opel Insignia,21980.0,22804,824.0,678976.0,824.0
Opel Insignia,21980.0,22698,718.0,515524.0,718.0
Opel Insignia,21950.0,20548,-1402.0,1965604.0,1402.0
Opel Insignia,21950.0,20664,-1286.0,1653796.0,1286.0
Opel Insignia,21950.0,21626,-324.0,104976.0,324.0
Opel Insignia,20999.0,24069,3070.0,9424900.0,3070.0
Opel Insignia,20999.0,21965,966.0,933156.0,966.0
Opel Insignia,20999.0,21854,855.0,731025.0,855.0
Opel Insignia,20990.0,20346,-644.0,414736.0,644.0
Opel Insignia,20999.0,22513,1514.0,2292196.0,1514.0
Opel Insignia,20990.0,21819,829.0,687241.0,829.0
Opel Insignia,20990.0,20855,-135.0,18225.0,135.0
Opel Insignia,20990.0,21059,69.0,4761.0,69.0
Opel Insignia,20980.0,24146,3166.0,10023556.0,3166.0
Opel Insignia,20950.0,21031,81.0,6561.0,81.0
Opel Insignia,20950.0,19647,-1303.0,1697809.0,1303.0
Opel Insignia,20980.0,24926,3946.0,15570916.0,3946.0
Opel Insignia,20950.0,20879,-71.0,5041.0,71.0
Opel Insignia,20900.0,21423,523.0,273529.0,523.0
Opel Insignia,21950.0,21959,9.0,81.0,9.0
Opel Insignia,21950.0,24554,2604.0,6780816.0,2604.0
Opel Insignia,20900.0,19751,-1149.0,1320201.0,1149.0
Opel Insignia,20900.0,19452,-1448.0,2096704.0,1448.0
Opel Insignia,21900.0,22916,1016.0,1032256.0,1016.0
Opel Insignia,21900.0,24158,2258.0,5098564.0,2258.0
Opel Insignia,21900.0,21946,46.0,2116.0,46.0
Opel Insignia,21900.0,20057,-1843.0,3396649.0,1843.0
Opel Insignia,21900.0,21831,-69.0,4761.0,69.0
Opel Insignia,21900.0,22881,981.0,962361.0,981.0
Opel Insignia,21900.0,20888,-1012.0,1024144.0,1012.0
Opel Insignia,21900.0,21691,-209.0,43681.0,209.0
Opel Insignia,21900.0,21607,-293.0,85849.0,293.0
Opel Insignia,21900.0,22956,1056.0,1115136.0,1056.0
Opel Insignia,21900.0,20766,-1134.0,1285956.0,1134.0
Opel Insignia,21890.0,21696,-194.0,37636.0,194.0
Opel Insignia,21890.0,23218,1328.0,1763584.0,1328.0
Opel Insignia,21690.0,23980,2290.0,5244100.0,2290.0
Opel Insignia,21650.0,21346,-304.0,92416.0,304.0
Opel Insignia,21649.0,23618,1969.0,3876961.0,1969.0
Opel Insignia,21631.0,21361,-270.0,72900.0,270.0
Opel Insignia,21590.0,21248,-342.0,116964.0,342.0
Opel Insignia,21550.0,23281,1731.0,2996361.0,1731.0
Opel Insignia,21500.0,18414,-3086.0,9523396.0,3086.0
Opel Insignia,21500.0,19015,-2485.0,6175225.0,2485.0
Opel Insignia,21480.0,23448,1968.0,3873024.0,1968.0
Opel Insignia,21480.0,18683,-2797.0,7823209.0,2797.0
Opel Insignia,21480.0,20894,-586.0,343396.0,586.0
Opel Insignia,21480.0,23018,1538.0,2365444.0,1538.0
Opel Insignia,21480.0,19644,-1836.0,3370896.0,1836.0
Opel Insignia,21450.0,19704,-1746.0,3048516.0,1746.0
Opel Insignia,21450.0,25813,4363.0,19035769.0,4363.0
Opel Insignia,21450.0,23040,1590.0,2528100.0,1590.0
Opel Insignia,21450.0,20204,-1246.0,1552516.0,1246.0
Opel Insignia,20900.0,22860,1960.0,3841600.0,1960.0
Opel Insignia,20900.0,21417,517.0,267289.0,517.0
Opel Insignia,20880.0,24140,3260.0,10627600.0,3260.0
Opel Insignia,20850.0,20111,-739.0,546121.0,739.0
Opel Insignia,20850.0,21954,1104.0,1218816.0,1104.0
Opel Insignia,20850.0,22461,1611.0,2595321.0,1611.0
Opel Insignia,20850.0,21828,978.0,956484.0,978.0
Opel Insignia,20850.0,22014,1164.0,1354896.0,1164.0
Opel Insignia,20790.0,24232,3442.0,11847364.0,3442.0
Opel Insignia,20790.0,21270,480.0,230400.0,480.0
Opel Insignia,20780.0,21393,613.0,375769.0,613.0
Opel Insignia,20750.0,21928,1178.0,1387684.0,1178.0
Opel Insignia,20700.0,20924,224.0,50176.0,224.0
Opel Insignia,20750.0,20176,-574.0,329476.0,574.0
Opel Insignia,20670.0,21724,1054.0,1110916.0,1054.0
Opel Insignia,20630.0,24023,3393.0,11512449.0,3393.0
Opel Insignia,21440.0,20269,-1171.0,1371241.0,1171.0
Opel Insignia,21410.0,23002,1592.0,2534464.0,1592.0
Opel Insignia,21410.0,22882,1472.0,2166784.0,1472.0
Opel Insignia,21400.0,21754,354.0,125316.0,354.0
Opel Insignia,21400.0,21510,110.0,12100.0,110.0
Opel Insignia,21390.0,23302,1912.0,3655744.0,1912.0
Opel Insignia,21390.0,21972,582.0,338724.0,582.0
Opel Insignia,21300.0,19779,-1521.0,2313441.0,1521.0
Opel Insignia,21390.0,23034,1644.0,2702736.0,1644.0
Opel Insignia,21300.0,19435,-1865.0,3478225.0,1865.0
Opel Insignia,21300.0,20931,-369.0,136161.0,369.0
Opel Insignia,21250.0,22892,1642.0,2696164.0,1642.0
Opel Insignia,21222.0,21780,558.0,311364.0,558.0
Opel Insignia,21200.0,21084,-116.0,13456.0,116.0
Opel Insignia,21165.0,24393,3228.0,10419984.0,3228.0
Opel Insignia,21165.0,24393,3228.0,10419984.0,3228.0
Opel Insignia,21165.0,24393,3228.0,10419984.0,3228.0
Opel Insignia,21150.0,21949,799.0,638401.0,799.0
Opel Insignia,21000.0,17794,-3206.0,10278436.0,3206.0
Opel Insignia,20490.0,20961,471.0,221841.0,471.0
Opel Insignia,20480.0,22061,1581.0,2499561.0,1581.0
Opel Insignia,20480.0,21779,1299.0,1687401.0,1299.0
Opel Insignia,20450.0,22863,2413.0,5822569.0,2413.0
Opel Insignia,19800.0,19059,-741.0,549081.0,741.0
Opel Insignia,19450.0,21094,1644.0,2702736.0,1644.0
Opel Insignia,20450.0,20322,-128.0,16384.0,128.0
Opel Insignia,19440.0,21556,2116.0,4477456.0,2116.0
Opel Insignia,19790.0,27452,7662.0,58706244.0,7662.0
Opel Insignia,19770.0,21165,1395.0,1946025.0,1395.0
Opel Insignia,19770.0,21234,1464.0,2143296.0,1464.0
Opel Insignia,19750.0,22488,2738.0,7496644.0,2738.0
Opel Insignia,19770.0,22027,2257.0,5094049.0,2257.0
Opel Insignia,19600.0,21011,1411.0,1990921.0,1411.0
Opel Insignia,19725.0,19337,-388.0,150544.0,388.0
Opel Insignia,19500.0,17248,-2252.0,5071504.0,2252.0
Opel Insignia,19500.0,20589,1089.0,1185921.0,1089.0
Opel Insignia,19500.0,22498,2998.0,8988004.0,2998.0
Opel Insignia,19499.0,19993,494.0,244036.0,494.0
Opel Insignia,19480.0,19477,-3.0,9.0,3.0
Opel Insignia,19490.0,19033,-457.0,208849.0,457.0
Opel Insignia,19490.0,19326,-164.0,26896.0,164.0
Opel Insignia,19490.0,18759,-731.0,534361.0,731.0
Opel Insignia,19330.0,18466,-864.0,746496.0,864.0
Opel Insignia,19299.0,19602,303.0,91809.0,303.0
Opel Insignia,19299.0,18996,-303.0,91809.0,303.0
Opel Insignia,19000.0,17835,-1165.0,1357225.0,1165.0
Opel Insignia,19250.0,20115,865.0,748225.0,865.0
Opel Insignia,18990.0,18569,-421.0,177241.0,421.0
Opel Insignia,18990.0,19480,490.0,240100.0,490.0
Opel Insignia,18990.0,23978,4988.0,24880144.0,4988.0
Opel Insignia,18980.0,20495,1515.0,2295225.0,1515.0
Opel Insignia,18960.0,20031,1071.0,1147041.0,1071.0
Opel Insignia,18950.0,17965,-985.0,970225.0,985.0
Opel Insignia,18980.0,20061,1081.0,1168561.0,1081.0
Opel Insignia,18970.0,19504,534.0,285156.0,534.0
Opel Insignia,18980.0,21831,2851.0,8128201.0,2851.0
Opel Insignia,18950.0,18830,-120.0,14400.0,120.0
Opel Insignia,20440.0,24605,4165.0,17347225.0,4165.0
Opel Insignia,19450.0,21094,1644.0,2702736.0,1644.0
Opel Insignia,18950.0,18073,-877.0,769129.0,877.0
Opel Insignia,20380.0,22457,2077.0,4313929.0,2077.0
Opel Insignia,20250.0,21872,1622.0,2630884.0,1622.0
Opel Insignia,20400.0,19324,-1076.0,1157776.0,1076.0
Opel Insignia,20200.0,19371,-829.0,687241.0,829.0
Opel Insignia,20000.0,24505,4505.0,20295025.0,4505.0
Opel Insignia,19990.0,19514,-476.0,226576.0,476.0
Opel Insignia,19990.0,19896,-94.0,8836.0,94.0
Opel Insignia,19990.0,19052,-938.0,879844.0,938.0
Opel Insignia,19990.0,18972,-1018.0,1036324.0,1018.0
Opel Insignia,19990.0,22176,2186.0,4778596.0,2186.0
Opel Insignia,19990.0,18209,-1781.0,3171961.0,1781.0
Opel Insignia,19990.0,21681,1691.0,2859481.0,1691.0
Opel Insignia,19990.0,20539,549.0,301401.0,549.0
Opel Insignia,19990.0,21728,1738.0,3020644.0,1738.0
Opel Insignia,19980.0,22264,2284.0,5216656.0,2284.0
Opel Insignia,19990.0,21916,1926.0,3709476.0,1926.0
Opel Insignia,19950.0,22444,2494.0,6220036.0,2494.0
Opel Insignia,19980.0,20063,83.0,6889.0,83.0
Opel Insignia,19980.0,18843,-1137.0,1292769.0,1137.0
Opel Insignia,19970.0,20492,522.0,272484.0,522.0
Opel Insignia,19950.0,19579,-371.0,137641.0,371.0
Opel Insignia,19920.0,20777,857.0,734449.0,857.0
Opel Insignia,19900.0,20662,762.0,580644.0,762.0
Opel Insignia,19950.0,19341,-609.0,370881.0,609.0
Opel Insignia,19900.0,20049,149.0,22201.0,149.0
Opel Insignia,19900.0,21249,1349.0,1819801.0,1349.0
Opel Insignia,19900.0,21920,2020.0,4080400.0,2020.0
Opel Insignia,19900.0,21442,1542.0,2377764.0,1542.0
Opel Insignia,19900.0,20440,540.0,291600.0,540.0
Opel Insignia,19900.0,19716,-184.0,33856.0,184.0
Opel Insignia,19900.0,20849,949.0,900601.0,949.0
Opel Insignia,19900.0,20392,492.0,242064.0,492.0
Opel Insignia,19900.0,20367,467.0,218089.0,467.0
Opel Insignia,19895.0,19620,-275.0,75625.0,275.0
Opel Insignia,19895.0,18128,-1767.0,3122289.0,1767.0
Opel Insignia,18450.0,20271,1821.0,3316041.0,1821.0
Opel Insignia,18450.0,20323,1873.0,3508129.0,1873.0
Opel Insignia,18400.0,18802,402.0,161604.0,402.0
Opel Insignia,18950.0,20806,1856.0,3444736.0,1856.0
Opel Insignia,18950.0,21236,2286.0,5225796.0,2286.0
Opel Insignia,18900.0,19384,484.0,234256.0,484.0
Opel Insignia,18900.0,19571,671.0,450241.0,671.0
Opel Insignia,18450.0,19698,1248.0,1557504.0,1248.0
Opel Insignia,18890.0,19943,1053.0,1108809.0,1053.0
Opel Insignia,18450.0,19469,1019.0,1038361.0,1019.0
Opel Insignia,18800.0,19577,777.0,603729.0,777.0
Opel Insignia,18850.0,17868,-982.0,964324.0,982.0
Opel Insignia,18800.0,20124,1324.0,1752976.0,1324.0
Opel Insignia,18700.0,18588,-112.0,12544.0,112.0
Opel Insignia,18660.0,18477,-183.0,33489.0,183.0
Opel Insignia,18650.0,20888,2238.0,5008644.0,2238.0
Opel Insignia,18500.0,22158,3658.0,13380964.0,3658.0
Opel Insignia,18490.0,19676,1186.0,1406596.0,1186.0
Opel Insignia,18490.0,20615,2125.0,4515625.0,2125.0
Opel Insignia,16890.0,17453,563.0,316969.0,563.0
Opel Insignia,16900.0,18116,1216.0,1478656.0,1216.0
Opel Insignia,16490.0,20005,3515.0,12355225.0,3515.0
Opel Insignia,16890.0,19120,2230.0,4972900.0,2230.0
Opel Insignia,16400.0,16016,-384.0,147456.0,384.0
Opel Insignia,16490.0,16712,222.0,49284.0,222.0
Opel Insignia,16480.0,17138,658.0,432964.0,658.0
Opel Insignia,16400.0,18001,1601.0,2563201.0,1601.0
Opel Insignia,16440.0,15702,-738.0,544644.0,738.0
Opel Insignia,16479.0,14682,-1797.0,3229209.0,1797.0
Opel Insignia,16400.0,18355,1955.0,3822025.0,1955.0
Opel Insignia,17990.0,18169,179.0,32041.0,179.0
Opel Insignia,17990.0,20417,2427.0,5890329.0,2427.0
Opel Insignia,16990.0,17401,411.0,168921.0,411.0
Opel Insignia,17990.0,18210,220.0,48400.0,220.0
Opel Insignia,17450.0,16833,-617.0,380689.0,617.0
Opel Insignia,17475.0,16480,-995.0,990025.0,995.0
Opel Insignia,17480.0,20604,3124.0,9759376.0,3124.0
Opel Insignia,18800.0,18231,-569.0,323761.0,569.0
Opel Insignia,18690.0,18334,-356.0,126736.0,356.0
Opel Insignia,18500.0,20030,1530.0,2340900.0,1530.0
Opel Insignia,18800.0,15461,-3339.0,11148921.0,3339.0
Opel Insignia,18800.0,19709,909.0,826281.0,909.0
Opel Insignia,18900.0,22014,3114.0,9696996.0,3114.0
Opel Insignia,18900.0,21210,2310.0,5336100.0,2310.0
Opel Insignia,18900.0,16700,-2200.0,4840000.0,2200.0
Opel Insignia,18890.0,26972,8082.0,65318724.0,8082.0
Opel Insignia,18900.0,18933,33.0,1089.0,33.0
Opel Insignia,18890.0,18594,-296.0,87616.0,296.0
Opel Insignia,18890.0,20948,2058.0,4235364.0,2058.0
Opel Insignia,18880.0,17704,-1176.0,1382976.0,1176.0
Opel Insignia,18880.0,22443,3563.0,12694969.0,3563.0
Opel Insignia,18850.0,19149,299.0,89401.0,299.0
Opel Insignia,18850.0,18359,-491.0,241081.0,491.0
Opel Insignia,18850.0,18411,-439.0,192721.0,439.0
Opel Insignia,18850.0,18950,100.0,10000.0,100.0
Opel Insignia,18870.0,17889,-981.0,962361.0,981.0
Opel Insignia,18850.0,17946,-904.0,817216.0,904.0
Opel Insignia,18790.0,18712,-78.0,6084.0,78.0
Opel Insignia,18850.0,19224,374.0,139876.0,374.0
Opel Insignia,18800.0,18307,-493.0,243049.0,493.0
Opel Insignia,18800.0,19698,898.0,806404.0,898.0
Opel Insignia,18790.0,19953,1163.0,1352569.0,1163.0
Opel Insignia,18795.0,19788,993.0,986049.0,993.0
Opel Insignia,18780.0,19168,388.0,150544.0,388.0
Opel Insignia,18790.0,17578,-1212.0,1468944.0,1212.0
Opel Insignia,18750.0,19463,713.0,508369.0,713.0
Opel Insignia,18750.0,19071,321.0,103041.0,321.0
Opel Insignia,18750.0,18262,-488.0,238144.0,488.0
Opel Insignia,18750.0,18827,77.0,5929.0,77.0
Opel Insignia,18750.0,18802,52.0,2704.0,52.0
Opel Insignia,18750.0,18840,90.0,8100.0,90.0
Opel Insignia,18780.0,19089,309.0,95481.0,309.0
Opel Insignia,18760.0,17233,-1527.0,2331729.0,1527.0
Opel Insignia,18600.0,18695,95.0,9025.0,95.0
Opel Insignia,18599.0,18102,-497.0,247009.0,497.0
Opel Insignia,18740.0,16490,-2250.0,5062500.0,2250.0
Opel Insignia,18700.0,19330,630.0,396900.0,630.0
Opel Insignia,18690.0,18717,27.0,729.0,27.0
Opel Insignia,18654.0,18469,-185.0,34225.0,185.0
Opel Insignia,18627.0,17651,-976.0,952576.0,976.0
Opel Insignia,18625.0,19520,895.0,801025.0,895.0
Opel Insignia,18500.0,18813,313.0,97969.0,313.0
Opel Insignia,18500.0,17911,-589.0,346921.0,589.0
Opel Insignia,18500.0,19110,610.0,372100.0,610.0
Opel Insignia,18499.0,19031,532.0,283024.0,532.0
Opel Insignia,18495.0,18288,-207.0,42849.0,207.0
Opel Insignia,18490.0,19413,923.0,851929.0,923.0
Opel Insignia,18500.0,19469,969.0,938961.0,969.0
Opel Insignia,18490.0,15795,-2695.0,7263025.0,2695.0
Opel Insignia,18490.0,16885,-1605.0,2576025.0,1605.0
Opel Insignia,18480.0,22220,3740.0,13987600.0,3740.0
Opel Insignia,17480.0,18111,631.0,398161.0,631.0
Opel Insignia,17980.0,20300,2320.0,5382400.0,2320.0
Opel Insignia,18480.0,22553,4073.0,16589329.0,4073.0
Opel Insignia,17980.0,17289,-691.0,477481.0,691.0
Opel Insignia,17980.0,18325,345.0,119025.0,345.0
Opel Insignia,17450.0,17016,-434.0,188356.0,434.0
Opel Insignia,17300.0,17192,-108.0,11664.0,108.0
Opel Insignia,17300.0,16085,-1215.0,1476225.0,1215.0
Opel Insignia,17280.0,18175,895.0,801025.0,895.0
Opel Insignia,17300.0,21067,3767.0,14190289.0,3767.0
Opel Insignia,17170.0,17491,321.0,103041.0,321.0
Opel Insignia,17000.0,15871,-1129.0,1274641.0,1129.0
Opel Insignia,17094.0,15930,-1164.0,1354896.0,1164.0
Opel Insignia,17150.0,17598,448.0,200704.0,448.0
Opel Insignia,17000.0,20377,3377.0,11404129.0,3377.0
Opel Insignia,18333.0,17480,-853.0,727609.0,853.0
Opel Insignia,16990.0,16238,-752.0,565504.0,752.0
Opel Insignia,18300.0,16612,-1688.0,2849344.0,1688.0
Opel Insignia,18250.0,19855,1605.0,2576025.0,1605.0
Opel Insignia,18054.0,18191,137.0,18769.0,137.0
Opel Insignia,18290.0,19610,1320.0,1742400.0,1320.0
Opel Insignia,17995.0,18786,791.0,625681.0,791.0
Opel Insignia,18000.0,16338,-1662.0,2762244.0,1662.0
Opel Insignia,18000.0,18382,382.0,145924.0,382.0
Opel Insignia,17999.0,16953,-1046.0,1094116.0,1046.0
Opel Insignia,17999.0,18271,272.0,73984.0,272.0
Opel Insignia,17995.0,16362,-1633.0,2666689.0,1633.0
Opel Insignia,17990.0,18072,82.0,6724.0,82.0
Opel Insignia,17990.0,18086,96.0,9216.0,96.0
Opel Insignia,17990.0,18618,628.0,394384.0,628.0
Opel Insignia,17990.0,16580,-1410.0,1988100.0,1410.0
Opel Insignia,17990.0,16708,-1282.0,1643524.0,1282.0
Opel Insignia,17990.0,16803,-1187.0,1408969.0,1187.0
Opel Insignia,17500.0,15115,-2385.0,5688225.0,2385.0
Opel Insignia,17990.0,16791,-1199.0,1437601.0,1199.0
Opel Insignia,17500.0,16858,-642.0,412164.0,642.0
Opel Insignia,17500.0,16861,-639.0,408321.0,639.0
Opel Insignia,17500.0,16875,-625.0,390625.0,625.0
Opel Insignia,17500.0,18036,536.0,287296.0,536.0
Opel Insignia,17500.0,16110,-1390.0,1932100.0,1390.0
Opel Insignia,17500.0,19752,2252.0,5071504.0,2252.0
Opel Insignia,17500.0,17987,487.0,237169.0,487.0
Opel Insignia,17490.0,18478,988.0,976144.0,988.0
Opel Insignia,17500.0,16842,-658.0,432964.0,658.0
Opel Insignia,17495.0,18225,730.0,532900.0,730.0
Opel Insignia,17500.0,19468,1968.0,3873024.0,1968.0
Opel Insignia,17490.0,16181,-1309.0,1713481.0,1309.0
Opel Insignia,17480.0,15066,-2414.0,5827396.0,2414.0
Opel Insignia,17480.0,16798,-682.0,465124.0,682.0
Opel Insignia,17950.0,17991,41.0,1681.0,41.0
Opel Insignia,17480.0,18442,962.0,925444.0,962.0
Opel Insignia,17950.0,23060,5110.0,26112100.0,5110.0
Opel Insignia,17950.0,18890,940.0,883600.0,940.0
Opel Insignia,17490.0,17271,-219.0,47961.0,219.0
Opel Insignia,17950.0,16294,-1656.0,2742336.0,1656.0
Opel Insignia,17950.0,20161,2211.0,4888521.0,2211.0
Opel Insignia,17950.0,20272,2322.0,5391684.0,2322.0
Opel Insignia,17950.0,20400,2450.0,6002500.0,2450.0
Opel Insignia,17950.0,17365,-585.0,342225.0,585.0
Opel Insignia,17950.0,18129,179.0,32041.0,179.0
Opel Insignia,17925.0,16230,-1695.0,2873025.0,1695.0
Opel Insignia,17925.0,16653,-1272.0,1617984.0,1272.0
Opel Insignia,17900.0,16442,-1458.0,2125764.0,1458.0
Opel Insignia,17900.0,16442,-1458.0,2125764.0,1458.0
Opel Insignia,17900.0,17145,-755.0,570025.0,755.0
Opel Insignia,17900.0,17948,48.0,2304.0,48.0
Opel Insignia,17900.0,18248,348.0,121104.0,348.0
Opel Insignia,17900.0,16906,-994.0,988036.0,994.0
Opel Insignia,17900.0,18793,893.0,797449.0,893.0
Opel Insignia,18480.0,19056,576.0,331776.0,576.0
Opel Insignia,18480.0,20343,1863.0,3470769.0,1863.0
Opel Insignia,17480.0,18426,946.0,894916.0,946.0
Opel Insignia,17850.0,17779,-71.0,5041.0,71.0
Opel Insignia,17900.0,18816,916.0,839056.0,916.0
Opel Insignia,17880.0,18238,358.0,128164.0,358.0
Opel Insignia,17850.0,18265,415.0,172225.0,415.0
Opel Insignia,17900.0,17030,-870.0,756900.0,870.0
Opel Insignia,17850.0,19239,1389.0,1929321.0,1389.0
Opel Insignia,17825.0,17709,-116.0,13456.0,116.0
Opel Insignia,17800.0,16828,-972.0,944784.0,972.0
Opel Insignia,17725.0,19500,1775.0,3150625.0,1775.0
Opel Insignia,17690.0,16885,-805.0,648025.0,805.0
Opel Insignia,17750.0,16596,-1154.0,1331716.0,1154.0
Opel Insignia,17590.0,17103,-487.0,237169.0,487.0
Opel Insignia,17550.0,20568,3018.0,9108324.0,3018.0
Opel Insignia,17690.0,17897,207.0,42849.0,207.0
Opel Insignia,17550.0,17324,-226.0,51076.0,226.0
Opel Insignia,17550.0,16960,-590.0,348100.0,590.0
Opel Insignia,18480.0,18469,-11.0,121.0,11.0
Opel Insignia,18480.0,18785,305.0,93025.0,305.0
Opel Insignia,18450.0,18502,52.0,2704.0,52.0
Opel Insignia,18450.0,18664,214.0,45796.0,214.0
Opel Insignia,18480.0,20436,1956.0,3825936.0,1956.0
Opel Insignia,18470.0,17775,-695.0,483025.0,695.0
Opel Insignia,18470.0,17285,-1185.0,1404225.0,1185.0
Opel Insignia,18450.0,19209,759.0,576081.0,759.0
Opel Insignia,18390.0,23701,5311.0,28206721.0,5311.0
Opel Insignia,18390.0,18263,-127.0,16129.0,127.0
Opel Insignia,18390.0,20490,2100.0,4410000.0,2100.0
Opel Insignia,18380.0,21550,3170.0,10048900.0,3170.0
Opel Insignia,18380.0,19606,1226.0,1503076.0,1226.0
Opel Insignia,18388.0,16961,-1427.0,2036329.0,1427.0
Opel Insignia,18450.0,18313,-137.0,18769.0,137.0
Opel Insignia,17990.0,18599,609.0,370881.0,609.0
Opel Insignia,18350.0,17082,-1268.0,1607824.0,1268.0
Opel Insignia,18350.0,22833,4483.0,20097289.0,4483.0
Opel Insignia,16990.0,17825,835.0,697225.0,835.0
Opel Insignia,16990.0,16287,-703.0,494209.0,703.0
Opel Insignia,17990.0,18804,814.0,662596.0,814.0
Opel Insignia,17990.0,19239,1249.0,1560001.0,1249.0
Opel Insignia,17990.0,17259,-731.0,534361.0,731.0
Opel Insignia,17990.0,17447,-543.0,294849.0,543.0
Opel Insignia,17990.0,18792,802.0,643204.0,802.0
Opel Insignia,17989.0,19387,1398.0,1954404.0,1398.0
Opel Insignia,17989.0,19866,1877.0,3523129.0,1877.0
Opel Insignia,17980.0,18942,962.0,925444.0,962.0
Opel Insignia,17980.0,21814,3834.0,14699556.0,3834.0
Opel Insignia,16990.0,16164,-826.0,682276.0,826.0
Opel Insignia,17989.0,18462,473.0,223729.0,473.0
Opel Insignia,17550.0,17765,215.0,46225.0,215.0
Opel Insignia,18333.0,18315,-18.0,324.0,18.0
Opel Insignia,17980.0,20591,2611.0,6817321.0,2611.0
Opel Insignia,17980.0,19474,1494.0,2232036.0,1494.0
Opel Insignia,16990.0,18330,1340.0,1795600.0,1340.0
Opel Insignia,16990.0,18210,1220.0,1488400.0,1220.0
Opel Insignia,16990.0,18451,1461.0,2134521.0,1461.0
Opel Insignia,16990.0,19516,2526.0,6380676.0,2526.0
Opel Insignia,16980.0,16817,-163.0,26569.0,163.0
Opel Insignia,16980.0,18245,1265.0,1600225.0,1265.0
Opel Insignia,16980.0,19664,2684.0,7203856.0,2684.0
Opel Insignia,16980.0,16847,-133.0,17689.0,133.0
Opel Insignia,16950.0,17304,354.0,125316.0,354.0
Opel Insignia,16950.0,17130,180.0,32400.0,180.0
Opel Insignia,16900.0,15686,-1214.0,1473796.0,1214.0
Opel Insignia,16900.0,15925,-975.0,950625.0,975.0
Opel Insignia,16900.0,16359,-541.0,292681.0,541.0
Opel Insignia,16900.0,16670,-230.0,52900.0,230.0
Opel Insignia,16900.0,17097,197.0,38809.0,197.0
Opel Insignia,17980.0,18991,1011.0,1022121.0,1011.0
Opel Insignia,16400.0,18514,2114.0,4468996.0,2114.0
Opel Insignia,16400.0,18988,2588.0,6697744.0,2588.0
Opel Insignia,16350.0,18325,1975.0,3900625.0,1975.0
Opel Insignia,16290.0,19750,3460.0,11971600.0,3460.0
Opel Insignia,16290.0,19708,3418.0,11682724.0,3418.0
Opel Insignia,16350.0,18476,2126.0,4519876.0,2126.0
Opel Insignia,16290.0,19760,3470.0,12040900.0,3470.0
Opel Insignia,16250.0,18207,1957.0,3829849.0,1957.0
Opel Insignia,16190.0,19412,3222.0,10381284.0,3222.0
Opel Insignia,16250.0,18372,2122.0,4502884.0,2122.0
Opel Insignia,16190.0,19403,3213.0,10323369.0,3213.0
Opel Insignia,16840.0,16829,-11.0,121.0,11.0
Opel Insignia,16825.0,15906,-919.0,844561.0,919.0
Opel Insignia,16800.0,18690,1890.0,3572100.0,1890.0
Opel Insignia,16800.0,18211,1411.0,1990921.0,1411.0
Opel Insignia,16730.0,17729,999.0,998001.0,999.0
Opel Insignia,16690.0,19903,3213.0,10323369.0,3213.0
Opel Insignia,16690.0,19937,3247.0,10543009.0,3247.0
Opel Insignia,16690.0,19750,3060.0,9363600.0,3060.0
Opel Insignia,16650.0,16238,-412.0,169744.0,412.0
Opel Insignia,16550.0,17882,1332.0,1774224.0,1332.0
Opel Insignia,16500.0,18069,1569.0,2461761.0,1569.0
Opel Insignia,16490.0,20083,3593.0,12909649.0,3593.0
Opel Insignia,16490.0,19862,3372.0,11370384.0,3372.0
Opel Insignia,16190.0,19399,3209.0,10297681.0,3209.0
Opel Insignia,18900.0,19539,639.0,408321.0,639.0
Opel Insignia,18900.0,16747,-2153.0,4635409.0,2153.0
Opel Insignia,18900.0,19077,177.0,31329.0,177.0
Opel Insignia,18900.0,16243,-2657.0,7059649.0,2657.0
Opel Insignia,18900.0,18121,-779.0,606841.0,779.0
Opel Insignia,18900.0,18435,-465.0,216225.0,465.0
Opel Insignia,18900.0,18896,-4.0,16.0,4.0
Opel Insignia,18900.0,19136,236.0,55696.0,236.0
Opel Insignia,18900.0,18103,-797.0,635209.0,797.0
Opel Insignia,18900.0,18991,91.0,8281.0,91.0
Opel Insignia,18900.0,18979,79.0,6241.0,79.0
Opel Insignia,18900.0,18483,-417.0,173889.0,417.0
Opel Insignia,18900.0,21217,2317.0,5368489.0,2317.0
Opel Insignia,18900.0,18309,-591.0,349281.0,591.0
Opel Insignia,18900.0,18003,-897.0,804609.0,897.0
Opel Insignia,18900.0,18160,-740.0,547600.0,740.0
Opel Insignia,18900.0,18274,-626.0,391876.0,626.0
Opel Insignia,18900.0,19824,924.0,853776.0,924.0
Opel Insignia,22500.0,20363,-2137.0,4566769.0,2137.0
Opel Insignia,22880.0,24920,2040.0,4161600.0,2040.0
Opel Insignia,23500.0,21265,-2235.0,4995225.0,2235.0
Opel Insignia,23725.0,24689,964.0,929296.0,964.0
Opel Insignia,22980.0,24559,1579.0,2493241.0,1579.0
Opel Insignia,23750.0,21767,-1983.0,3932289.0,1983.0
Opel Insignia,23890.0,22836,-1054.0,1110916.0,1054.0
Opel Insignia,23716.0,24816,1100.0,1210000.0,1100.0
Opel Insignia,23124.0,25863,2739.0,7502121.0,2739.0
Opel Insignia,23716.0,24716,1000.0,1000000.0,1000.0
Opel Insignia,23989.0,22057,-1932.0,3732624.0,1932.0
Opel Insignia,23989.0,23420,-569.0,323761.0,569.0
Opel Insignia,23990.0,23880,-110.0,12100.0,110.0
Opel Insignia,23985.0,21723,-2262.0,5116644.0,2262.0
Opel Insignia,23985.0,25058,1073.0,1151329.0,1073.0
Opel Insignia,24444.0,24320,-124.0,15376.0,124.0
Opel Insignia,23990.0,22651,-1339.0,1792921.0,1339.0
Opel Insignia,24490.0,23477,-1013.0,1026169.0,1013.0
Opel Insignia,24700.0,22688,-2012.0,4048144.0,2012.0
Opel Insignia,24690.0,23642,-1048.0,1098304.0,1048.0
Opel Insignia,24690.0,24128,-562.0,315844.0,562.0
Opel Insignia,24680.0,27742,3062.0,9375844.0,3062.0
Opel Insignia,24590.0,24451,-139.0,19321.0,139.0
Opel Insignia,24680.0,27555,2875.0,8265625.0,2875.0
Opel Insignia,24640.0,22187,-2453.0,6017209.0,2453.0
Opel Insignia,24590.0,23450,-1140.0,1299600.0,1140.0
Opel Insignia,24590.0,26615,2025.0,4100625.0,2025.0
Opel Insignia,24590.0,22886,-1704.0,2903616.0,1704.0
Opel Insignia,24570.0,22697,-1873.0,3508129.0,1873.0
Opel Insignia,24550.0,21885,-2665.0,7102225.0,2665.0
Opel Insignia,24525.0,23731,-794.0,630436.0,794.0
Opel Insignia,24500.0,24456,-44.0,1936.0,44.0
Opel Insignia,24500.0,24705,205.0,42025.0,205.0
Opel Insignia,24500.0,24967,467.0,218089.0,467.0
Opel Insignia,24500.0,27043,2543.0,6466849.0,2543.0
Opel Insignia,24490.0,24969,479.0,229441.0,479.0
Opel Insignia,24500.0,25391,891.0,793881.0,891.0
Opel Insignia,24490.0,24538,48.0,2304.0,48.0
Opel Insignia,24490.0,23245,-1245.0,1550025.0,1245.0
Opel Insignia,24490.0,24176,-314.0,98596.0,314.0
Opel Insignia,24490.0,23438,-1052.0,1106704.0,1052.0
Opel Insignia,24490.0,23589,-901.0,811801.0,901.0
Opel Insignia,24490.0,25327,837.0,700569.0,837.0
Opel Insignia,24490.0,22463,-2027.0,4108729.0,2027.0
Opel Insignia,24490.0,24226,-264.0,69696.0,264.0
Opel Insignia,24490.0,25064,574.0,329476.0,574.0
Opel Insignia,24470.0,24874,404.0,163216.0,404.0
Opel Insignia,24490.0,23897,-593.0,351649.0,593.0
Opel Insignia,24490.0,25033,543.0,294849.0,543.0
Opel Insignia,24450.0,27266,2816.0,7929856.0,2816.0
Opel Insignia,24480.0,24259,-221.0,48841.0,221.0
Opel Insignia,24450.0,24050,-400.0,160000.0,400.0
Opel Insignia,24444.0,21369,-3075.0,9455625.0,3075.0
Opel Insignia,24450.0,22927,-1523.0,2319529.0,1523.0
Opel Insignia,22998.0,19940,-3058.0,9351364.0,3058.0
Opel Insignia,22990.0,22514,-476.0,226576.0,476.0
Opel Insignia,24450.0,28321,3871.0,14984641.0,3871.0
Opel Insignia,24450.0,22433,-2017.0,4068289.0,2017.0
Opel Insignia,24430.0,23610,-820.0,672400.0,820.0
Opel Insignia,24444.0,24347,-97.0,9409.0,97.0
Opel Insignia,24360.0,23463,-897.0,804609.0,897.0
Opel Insignia,24290.0,23945,-345.0,119025.0,345.0
Opel Insignia,24400.0,24934,534.0,285156.0,534.0
Opel Insignia,24380.0,22892,-1488.0,2214144.0,1488.0
Opel Insignia,24360.0,27443,3083.0,9504889.0,3083.0
Opel Insignia,24290.0,28591,4301.0,18498601.0,4301.0
Opel Insignia,24290.0,23614,-676.0,456976.0,676.0
Opel Insignia,24390.0,25945,1555.0,2418025.0,1555.0
Opel Insignia,24250.0,25214,964.0,929296.0,964.0
Opel Insignia,24250.0,25801,1551.0,2405601.0,1551.0
Opel Insignia,24250.0,23259,-991.0,982081.0,991.0
Opel Insignia,24190.0,23986,-204.0,41616.0,204.0
Opel Insignia,23990.0,24142,152.0,23104.0,152.0
Opel Insignia,23990.0,23460,-530.0,280900.0,530.0
Opel Insignia,23990.0,25690,1700.0,2890000.0,1700.0
Opel Insignia,22990.0,24002,1012.0,1024144.0,1012.0
Opel Insignia,22990.0,23610,620.0,384400.0,620.0
Opel Insignia,23990.0,23725,-265.0,70225.0,265.0
Opel Insignia,23990.0,25777,1787.0,3193369.0,1787.0
Opel Insignia,22990.0,23668,678.0,459684.0,678.0
Opel Insignia,22990.0,21752,-1238.0,1532644.0,1238.0
Opel Insignia,22990.0,21134,-1856.0,3444736.0,1856.0
Opel Insignia,22990.0,21369,-1621.0,2627641.0,1621.0
Opel Insignia,22989.0,23985,996.0,992016.0,996.0
Opel Insignia,22990.0,24550,1560.0,2433600.0,1560.0
Opel Insignia,22990.0,24634,1644.0,2702736.0,1644.0
Opel Insignia,22989.0,25752,2763.0,7634169.0,2763.0
Opel Insignia,22989.0,25701,2712.0,7354944.0,2712.0
Opel Insignia,22980.0,25532,2552.0,6512704.0,2552.0
Opel Insignia,22980.0,22394,-586.0,343396.0,586.0
Opel Insignia,22990.0,25330,2340.0,5475600.0,2340.0
Opel Insignia,22980.0,24823,1843.0,3396649.0,1843.0
Opel Insignia,22980.0,22619,-361.0,130321.0,361.0
Opel Insignia,23500.0,22999,-501.0,251001.0,501.0
Opel Insignia,23500.0,23722,222.0,49284.0,222.0
Opel Insignia,23990.0,23396,-594.0,352836.0,594.0
Opel Insignia,23980.0,26957,2977.0,8862529.0,2977.0
Opel Insignia,23980.0,25092,1112.0,1236544.0,1112.0
Opel Insignia,23980.0,20618,-3362.0,11303044.0,3362.0
Opel Insignia,23980.0,24554,574.0,329476.0,574.0
Opel Insignia,23980.0,23543,-437.0,190969.0,437.0
Opel Insignia,23980.0,24136,156.0,24336.0,156.0
Opel Insignia,23980.0,24987,1007.0,1014049.0,1007.0
Opel Insignia,23980.0,23566,-414.0,171396.0,414.0
Opel Insignia,23980.0,25696,1716.0,2944656.0,1716.0
Opel Insignia,23970.0,22857,-1113.0,1238769.0,1113.0
Opel Insignia,22980.0,23780,800.0,640000.0,800.0
Opel Insignia,23500.0,24549,1049.0,1100401.0,1049.0
Opel Insignia,23500.0,23779,279.0,77841.0,279.0
Opel Insignia,23490.0,23845,355.0,126025.0,355.0
Opel Insignia,23490.0,23835,345.0,119025.0,345.0
Opel Insignia,23490.0,23419,-71.0,5041.0,71.0
Opel Insignia,23490.0,22629,-861.0,741321.0,861.0
Opel Insignia,23490.0,23537,47.0,2209.0,47.0
Opel Insignia,23490.0,24559,1069.0,1142761.0,1069.0
Opel Insignia,23490.0,23676,186.0,34596.0,186.0
Opel Insignia,23490.0,23586,96.0,9216.0,96.0
Opel Insignia,23489.0,25491,2002.0,4008004.0,2002.0
Opel Insignia,23480.0,23214,-266.0,70756.0,266.0
Opel Insignia,23488.0,25402,1914.0,3663396.0,1914.0
Opel Insignia,23480.0,22750,-730.0,532900.0,730.0
Opel Insignia,23480.0,23521,41.0,1681.0,41.0
Opel Insignia,23480.0,26505,3025.0,9150625.0,3025.0
Opel Insignia,23470.0,23719,249.0,62001.0,249.0
Opel Insignia,23460.0,24020,560.0,313600.0,560.0
Opel Insignia,23460.0,24418,958.0,917764.0,958.0
Opel Insignia,23450.0,21668,-1782.0,3175524.0,1782.0
Opel Insignia,23440.0,27006,3566.0,12716356.0,3566.0
Opel Insignia,23433.0,21037,-2396.0,5740816.0,2396.0
Opel Insignia,23425.0,25241,1816.0,3297856.0,1816.0
Opel Insignia,23400.0,21575,-1825.0,3330625.0,1825.0
Opel Insignia,23390.0,24226,836.0,698896.0,836.0
Opel Insignia,23390.0,23779,389.0,151321.0,389.0
Opel Insignia,23390.0,23536,146.0,21316.0,146.0
Opel Insignia,23380.0,22359,-1021.0,1042441.0,1021.0
Opel Insignia,23325.0,23802,477.0,227529.0,477.0
Opel Insignia,23375.0,26825,3450.0,11902500.0,3450.0
Opel Insignia,23300.0,26921,3621.0,13111641.0,3621.0
Opel Insignia,23290.0,24586,1296.0,1679616.0,1296.0
Opel Insignia,23250.0,23179,-71.0,5041.0,71.0
Opel Insignia,23300.0,25208,1908.0,3640464.0,1908.0
Opel Insignia,23124.0,26145,3021.0,9126441.0,3021.0
Opel Insignia,23475.0,22833,-642.0,412164.0,642.0
Opel Insignia,23950.0,24124,174.0,30276.0,174.0
Opel Insignia,23950.0,24917,967.0,935089.0,967.0
Opel Insignia,23950.0,25134,1184.0,1401856.0,1184.0
Opel Insignia,23950.0,24917,967.0,935089.0,967.0
Opel Insignia,23950.0,23541,-409.0,167281.0,409.0
Opel Insignia,23950.0,22582,-1368.0,1871424.0,1368.0
Opel Insignia,23950.0,23401,-549.0,301401.0,549.0
Opel Insignia,23950.0,24559,609.0,370881.0,609.0
Opel Insignia,23940.0,24365,425.0,180625.0,425.0
Opel Insignia,23950.0,23458,-492.0,242064.0,492.0
Opel Insignia,23940.0,21658,-2282.0,5207524.0,2282.0
Opel Insignia,23900.0,24546,646.0,417316.0,646.0
Opel Insignia,23900.0,20099,-3801.0,14447601.0,3801.0
Opel Insignia,23900.0,21785,-2115.0,4473225.0,2115.0
Opel Insignia,23890.0,24379,489.0,239121.0,489.0
Opel Insignia,23890.0,23769,-121.0,14641.0,121.0
Opel Insignia,23900.0,24929,1029.0,1058841.0,1029.0
Opel Insignia,23890.0,24790,900.0,810000.0,900.0
Opel Insignia,23890.0,24104,214.0,45796.0,214.0
Opel Insignia,23890.0,22830,-1060.0,1123600.0,1060.0
Opel Insignia,23890.0,22986,-904.0,817216.0,904.0
Opel Insignia,23890.0,24107,217.0,47089.0,217.0
Opel Insignia,23890.0,27325,3435.0,11799225.0,3435.0
Opel Insignia,23890.0,23353,-537.0,288369.0,537.0
Opel Insignia,23890.0,23566,-324.0,104976.0,324.0
Opel Insignia,23880.0,25897,2017.0,4068289.0,2017.0
Opel Insignia,23880.0,23201,-679.0,461041.0,679.0
Opel Insignia,23880.0,22483,-1397.0,1951609.0,1397.0
Opel Insignia,23880.0,23929,49.0,2401.0,49.0
Opel Insignia,23850.0,22499,-1351.0,1825201.0,1351.0
Opel Insignia,23850.0,23669,-181.0,32761.0,181.0
Opel Insignia,23849.0,20939,-2910.0,8468100.0,2910.0
Opel Insignia,23825.0,24121,296.0,87616.0,296.0
Opel Insignia,23825.0,24761,936.0,876096.0,936.0
Opel Insignia,23800.0,21516,-2284.0,5216656.0,2284.0
Opel Insignia,23825.0,25009,1184.0,1401856.0,1184.0
Opel Insignia,23790.0,24703,913.0,833569.0,913.0
Opel Insignia,23760.0,27128,3368.0,11343424.0,3368.0
Opel Insignia,23750.0,22698,-1052.0,1106704.0,1052.0
Opel Insignia,23750.0,23177,-573.0,328329.0,573.0
Opel Insignia,23750.0,25370,1620.0,2624400.0,1620.0
Opel Insignia,23690.0,21155,-2535.0,6426225.0,2535.0
Opel Insignia,23690.0,24343,653.0,426409.0,653.0
Opel Insignia,23625.0,25129,1504.0,2262016.0,1504.0
Opel Insignia,23600.0,23743,143.0,20449.0,143.0
Opel Insignia,23600.0,21890,-1710.0,2924100.0,1710.0
Opel Insignia,23595.0,25361,1766.0,3118756.0,1766.0
Opel Insignia,23590.0,25261,1671.0,2792241.0,1671.0
Opel Insignia,23560.0,27133,3573.0,12766329.0,3573.0
Opel Insignia,23550.0,23976,426.0,181476.0,426.0
Opel Insignia,23500.0,20916,-2584.0,6677056.0,2584.0
Opel Insignia,23500.0,20146,-3354.0,11249316.0,3354.0
Opel Insignia,22980.0,23222,242.0,58564.0,242.0
Opel Insignia,22980.0,24832,1852.0,3429904.0,1852.0
Opel Insignia,22974.0,24813,1839.0,3381921.0,1839.0
Opel Insignia,22970.0,23539,569.0,323761.0,569.0
Opel Insignia,22970.0,23192,222.0,49284.0,222.0
Opel Insignia,22970.0,23804,834.0,695556.0,834.0
Opel Insignia,22950.0,23332,382.0,145924.0,382.0
Opel Insignia,22950.0,23505,555.0,308025.0,555.0
Opel Insignia,22950.0,23352,402.0,161604.0,402.0
Opel Insignia,22950.0,23805,855.0,731025.0,855.0
Opel Insignia,22950.0,23969,1019.0,1038361.0,1019.0
Opel Insignia,22940.0,24227,1287.0,1656369.0,1287.0
Opel Insignia,22900.0,23030,130.0,16900.0,130.0
Opel Insignia,22900.0,23201,301.0,90601.0,301.0
Opel Insignia,22900.0,20187,-2713.0,7360369.0,2713.0
Opel Insignia,22900.0,19854,-3046.0,9278116.0,3046.0
Opel Insignia,22900.0,19746,-3154.0,9947716.0,3154.0
Opel Insignia,22900.0,22906,6.0,36.0,6.0
Opel Insignia,22900.0,21148,-1752.0,3069504.0,1752.0
Opel Insignia,22900.0,24262,1362.0,1855044.0,1362.0
Opel Insignia,22900.0,21878,-1022.0,1044484.0,1022.0
Opel Insignia,22900.0,21647,-1253.0,1570009.0,1253.0
Opel Insignia,22900.0,21555,-1345.0,1809025.0,1345.0
Opel Insignia,22890.0,22524,-366.0,133956.0,366.0
Opel Insignia,22890.0,23813,923.0,851929.0,923.0
Opel Insignia,22890.0,23726,836.0,698896.0,836.0
Opel Insignia,22890.0,23957,1067.0,1138489.0,1067.0
Opel Insignia,22890.0,25752,2862.0,8191044.0,2862.0
Opel Insignia,22890.0,24103,1213.0,1471369.0,1213.0
Opel Insignia,22890.0,21466,-1424.0,2027776.0,1424.0
Opel Insignia,22890.0,25535,2645.0,6996025.0,2645.0
Opel Insignia,22890.0,21839,-1051.0,1104601.0,1051.0
Opel Insignia,22890.0,25415,2525.0,6375625.0,2525.0
Opel Insignia,22890.0,21766,-1124.0,1263376.0,1124.0
Opel Insignia,22890.0,21717,-1173.0,1375929.0,1173.0
Opel Insignia,22890.0,23083,193.0,37249.0,193.0
Opel Insignia,22880.0,21789,-1091.0,1190281.0,1091.0
Opel Insignia,22880.0,23365,485.0,235225.0,485.0
Opel Insignia,22865.0,21597,-1268.0,1607824.0,1268.0
Opel Insignia,22850.0,24304,1454.0,2114116.0,1454.0
Opel Insignia,22825.0,23716,891.0,793881.0,891.0
Opel Insignia,22800.0,23548,748.0,559504.0,748.0
Opel Insignia,22825.0,23585,760.0,577600.0,760.0
Opel Insignia,22790.0,22723,-67.0,4489.0,67.0
Opel Insignia,22789.0,22674,-115.0,13225.0,115.0
Opel Insignia,22789.0,22998,209.0,43681.0,209.0
Opel Insignia,22790.0,24183,1393.0,1940449.0,1393.0
Opel Insignia,22790.0,23649,859.0,737881.0,859.0
Opel Insignia,22789.0,22896,107.0,11449.0,107.0
Opel Insignia,22750.0,23205,455.0,207025.0,455.0
Opel Insignia,22700.0,22919,219.0,47961.0,219.0
Opel Insignia,22680.0,23935,1255.0,1575025.0,1255.0
Opel Insignia,22650.0,24673,2023.0,4092529.0,2023.0
Opel Insignia,22540.0,22863,323.0,104329.0,323.0
Opel Insignia,22600.0,19832,-2768.0,7661824.0,2768.0
Opel Insignia,22590.0,23643,1053.0,1108809.0,1053.0
Opel Insignia,22550.0,23446,896.0,802816.0,896.0
Opel Insignia,22500.0,22680,180.0,32400.0,180.0
Opel Insignia,22350.0,21430,-920.0,846400.0,920.0
Opel Insignia,22390.0,20757,-1633.0,2666689.0,1633.0
Opel Insignia,22250.0,23301,1051.0,1104601.0,1051.0
Opel Insignia,22300.0,21691,-609.0,370881.0,609.0
Opel Insignia,22250.0,24112,1862.0,3467044.0,1862.0
Opel Insignia,22389.0,25595,3206.0,10278436.0,3206.0
Opel Insignia,22214.0,20193,-2021.0,4084441.0,2021.0
Opel Insignia,22214.0,20142,-2072.0,4293184.0,2072.0
Opel Insignia,22190.0,23410,1220.0,1488400.0,1220.0
Opel Insignia,22200.0,22605,405.0,164025.0,405.0
Opel Insignia,22000.0,19978,-2022.0,4088484.0,2022.0
Opel Insignia,22180.0,22922,742.0,550564.0,742.0
Opel Insignia,21998.0,21406,-592.0,350464.0,592.0
Opel Insignia,22500.0,23970,1470.0,2160900.0,1470.0
Opel Insignia,22499.0,20277,-2222.0,4937284.0,2222.0
Opel Insignia,22490.0,22900,410.0,168100.0,410.0
Opel Insignia,22490.0,23152,662.0,438244.0,662.0
Opel Insignia,22490.0,22817,327.0,106929.0,327.0
Opel Insignia,22480.0,23463,983.0,966289.0,983.0
Opel Insignia,22490.0,24186,1696.0,2876416.0,1696.0
Opel Insignia,22480.0,23678,1198.0,1435204.0,1198.0
Opel Insignia,22450.0,21751,-699.0,488601.0,699.0
Opel Insignia,22450.0,22949,499.0,249001.0,499.0
Opel Insignia,22450.0,25817,3367.0,11336689.0,3367.0
Opel Insignia,22450.0,22751,301.0,90601.0,301.0
Opel Insignia,22450.0,22593,143.0,20449.0,143.0
Opel Insignia,18980.0,18273,-707.0,499849.0,707.0
Opel Insignia,18950.0,20528,1578.0,2490084.0,1578.0
Opel Insignia,18950.0,23586,4636.0,21492496.0,4636.0
Opel Insignia,19995.0,19621,-374.0,139876.0,374.0
Opel Insignia,19999.0,19705,-294.0,86436.0,294.0
Opel Insignia,20380.0,23454,3074.0,9449476.0,3074.0
Opel Insignia,20490.0,21752,1262.0,1592644.0,1262.0
Opel Insignia,20489.0,21296,807.0,651249.0,807.0
Opel Insignia,20550.0,23087,2537.0,6436369.0,2537.0
Opel Insignia,20500.0,19839,-661.0,436921.0,661.0
Opel Insignia,19995.0,21795,1800.0,3240000.0,1800.0
Opel Insignia,20512.0,21655,1143.0,1306449.0,1143.0
Opel Insignia,20950.0,21737,787.0,619369.0,787.0
Opel Insignia,21480.0,21722,242.0,58564.0,242.0
Opel Insignia,20950.0,18574,-2376.0,5645376.0,2376.0
Opel Insignia,21550.0,23584,2034.0,4137156.0,2034.0
Opel Insignia,21540.0,23408,1868.0,3489424.0,1868.0
Opel Insignia,21520.0,21813,293.0,85849.0,293.0
Opel Insignia,20990.0,24889,3899.0,15202201.0,3899.0
Opel Insignia,20990.0,22502,1512.0,2286144.0,1512.0
Opel Insignia,20990.0,23746,2756.0,7595536.0,2756.0
Opel Insignia,20989.0,24195,3206.0,10278436.0,3206.0
Opel Insignia,20986.0,22859,1873.0,3508129.0,1873.0
Opel Insignia,20990.0,20098,-892.0,795664.0,892.0
Opel Insignia,20990.0,22137,1147.0,1315609.0,1147.0
Opel Insignia,20980.0,21997,1017.0,1034289.0,1017.0
Opel Insignia,21325.0,23440,2115.0,4473225.0,2115.0
Opel Insignia,21300.0,24306,3006.0,9036036.0,3006.0
Opel Insignia,21300.0,24270,2970.0,8820900.0,2970.0
Opel Insignia,21150.0,22023,873.0,762129.0,873.0
Opel Insignia,21290.0,20841,-449.0,201601.0,449.0
Opel Insignia,21280.0,22676,1396.0,1948816.0,1396.0
Opel Insignia,21250.0,21030,-220.0,48400.0,220.0
Opel Insignia,21500.0,23068,1568.0,2458624.0,1568.0
Opel Insignia,21495.0,20948,-547.0,299209.0,547.0
Opel Insignia,21490.0,23370,1880.0,3534400.0,1880.0
Opel Insignia,21495.0,23332,1837.0,3374569.0,1837.0
Opel Insignia,21490.0,19696,-1794.0,3218436.0,1794.0
Opel Insignia,21490.0,20816,-674.0,454276.0,674.0
Opel Insignia,21490.0,21989,499.0,249001.0,499.0
Opel Insignia,21490.0,22768,1278.0,1633284.0,1278.0
Opel Insignia,21490.0,19160,-2330.0,5428900.0,2330.0
Opel Insignia,21490.0,23560,2070.0,4284900.0,2070.0
Opel Insignia,21480.0,23419,1939.0,3759721.0,1939.0
Opel Insignia,21480.0,20952,-528.0,278784.0,528.0
Opel Insignia,21480.0,23493,2013.0,4052169.0,2013.0
Opel Insignia,20980.0,20804,-176.0,30976.0,176.0
Opel Insignia,20980.0,21083,103.0,10609.0,103.0
Opel Insignia,21489.0,24194,2705.0,7317025.0,2705.0
Opel Insignia,20980.0,23058,2078.0,4318084.0,2078.0
Opel Insignia,20980.0,22173,1193.0,1423249.0,1193.0
Opel Insignia,20980.0,21315,335.0,112225.0,335.0
Opel Insignia,20980.0,21364,384.0,147456.0,384.0
Opel Insignia,20980.0,21398,418.0,174724.0,418.0
Opel Insignia,20980.0,22734,1754.0,3076516.0,1754.0
Opel Insignia,21001.0,23570,2569.0,6599761.0,2569.0
Opel Insignia,21001.0,23590,2589.0,6702921.0,2589.0
Opel Insignia,21000.0,19020,-1980.0,3920400.0,1980.0
Opel Insignia,20999.0,20801,-198.0,39204.0,198.0
Opel Insignia,20999.0,20390,-609.0,370881.0,609.0
Opel Insignia,20999.0,19965,-1034.0,1069156.0,1034.0
Opel Insignia,20990.0,20674,-316.0,99856.0,316.0
Opel Insignia,20999.0,19396,-1603.0,2569609.0,1603.0
Opel Insignia,20990.0,23053,2063.0,4255969.0,2063.0
Opel Insignia,20990.0,21091,101.0,10201.0,101.0
Opel Insignia,20990.0,20224,-766.0,586756.0,766.0
Opel Insignia,20990.0,20955,-35.0,1225.0,35.0
Opel Insignia,21480.0,24205,2725.0,7425625.0,2725.0
Opel Insignia,21470.0,19184,-2286.0,5225796.0,2286.0
Opel Insignia,20960.0,21181,221.0,48841.0,221.0
Opel Insignia,21450.0,22434,984.0,968256.0,984.0
Opel Insignia,21450.0,21727,277.0,76729.0,277.0
Opel Insignia,21450.0,21847,397.0,157609.0,397.0
Opel Insignia,20970.0,22438,1468.0,2155024.0,1468.0
Opel Insignia,20960.0,21546,586.0,343396.0,586.0
Opel Insignia,21450.0,23364,1914.0,3663396.0,1914.0
Opel Insignia,20960.0,19385,-1575.0,2480625.0,1575.0
Opel Insignia,21450.0,22971,1521.0,2313441.0,1521.0
Opel Insignia,21425.0,22326,901.0,811801.0,901.0
Opel Insignia,20950.0,22431,1481.0,2193361.0,1481.0
Opel Insignia,20979.0,21212,233.0,54289.0,233.0
Opel Insignia,20990.0,22683,1693.0,2866249.0,1693.0
Opel Insignia,20950.0,20302,-648.0,419904.0,648.0
Opel Insignia,21440.0,22744,1304.0,1700416.0,1304.0
Opel Insignia,21425.0,23154,1729.0,2989441.0,1729.0
Opel Insignia,21390.0,21961,571.0,326041.0,571.0
Opel Insignia,21389.0,21299,-90.0,8100.0,90.0
Opel Insignia,21425.0,22266,841.0,707281.0,841.0
Opel Insignia,21365.0,23881,2516.0,6330256.0,2516.0
Opel Insignia,21425.0,22585,1160.0,1345600.0,1160.0
Opel Insignia,21380.0,23305,1925.0,3705625.0,1925.0
Opel Insignia,21350.0,21541,191.0,36481.0,191.0
Opel Insignia,20950.0,18086,-2864.0,8202496.0,2864.0
Opel Insignia,20950.0,21131,181.0,32761.0,181.0
Opel Insignia,20950.0,20281,-669.0,447561.0,669.0
Opel Insignia,20950.0,20692,-258.0,66564.0,258.0
Opel Insignia,20950.0,22398,1448.0,2096704.0,1448.0
Opel Insignia,20940.0,19206,-1734.0,3006756.0,1734.0
Opel Insignia,20900.0,19974,-926.0,857476.0,926.0
Opel Insignia,20950.0,20147,-803.0,644809.0,803.0
Opel Insignia,20900.0,19092,-1808.0,3268864.0,1808.0
Opel Insignia,20900.0,18982,-1918.0,3678724.0,1918.0
Opel Insignia,20900.0,21286,386.0,148996.0,386.0
Opel Insignia,20900.0,20381,-519.0,269361.0,519.0
Opel Insignia,20900.0,19382,-1518.0,2304324.0,1518.0
Opel Insignia,20900.0,21052,152.0,23104.0,152.0
Opel Insignia,20900.0,18415,-2485.0,6175225.0,2485.0
Opel Insignia,20900.0,22231,1331.0,1771561.0,1331.0
Opel Insignia,20350.0,21611,1261.0,1590121.0,1261.0
Opel Insignia,20900.0,21877,977.0,954529.0,977.0
Opel Insignia,20500.0,19348,-1152.0,1327104.0,1152.0
Opel Insignia,20350.0,20634,284.0,80656.0,284.0
Opel Insignia,21330.0,24849,3519.0,12383361.0,3519.0
Opel Insignia,20490.0,19984,-506.0,256036.0,506.0
Opel Insignia,20490.0,19933,-557.0,310249.0,557.0
Opel Insignia,20350.0,19346,-1004.0,1008016.0,1004.0
Opel Insignia,20300.0,19848,-452.0,204304.0,452.0
Opel Insignia,20230.0,21521,1291.0,1666681.0,1291.0
Opel Insignia,20300.0,19890,-410.0,168100.0,410.0
Opel Insignia,20900.0,23325,2425.0,5880625.0,2425.0
Opel Insignia,20280.0,21289,1009.0,1018081.0,1009.0
Opel Insignia,20890.0,21230,340.0,115600.0,340.0
Opel Insignia,20180.0,20461,281.0,78961.0,281.0
Opel Insignia,20332.0,22980,2648.0,7011904.0,2648.0
Opel Insignia,20890.0,19324,-1566.0,2452356.0,1566.0
Opel Insignia,20890.0,21101,211.0,44521.0,211.0
Opel Insignia,20890.0,21891,1001.0,1002001.0,1001.0
Opel Insignia,20890.0,23010,2120.0,4494400.0,2120.0
Opel Insignia,20890.0,22719,1829.0,3345241.0,1829.0
Opel Insignia,20890.0,19324,-1566.0,2452356.0,1566.0
Opel Insignia,20890.0,19481,-1409.0,1985281.0,1409.0
Opel Insignia,20825.0,22080,1255.0,1575025.0,1255.0
Opel Insignia,20480.0,21234,754.0,568516.0,754.0
Opel Insignia,20480.0,23928,3448.0,11888704.0,3448.0
Opel Insignia,20889.0,22259,1370.0,1876900.0,1370.0
Opel Insignia,20850.0,20625,-225.0,50625.0,225.0
Opel Insignia,20480.0,22827,2347.0,5508409.0,2347.0
Opel Insignia,20450.0,19726,-724.0,524176.0,724.0
Opel Insignia,20450.0,21330,880.0,774400.0,880.0
Opel Insignia,20450.0,21326,876.0,767376.0,876.0
Opel Insignia,20450.0,20530,80.0,6400.0,80.0
Opel Insignia,20440.0,23036,2596.0,6739216.0,2596.0
Opel Insignia,20400.0,22466,2066.0,4268356.0,2066.0
Opel Insignia,20400.0,19841,-559.0,312481.0,559.0
Opel Insignia,20180.0,24486,4306.0,18541636.0,4306.0
Opel Insignia,20171.0,23057,2886.0,8328996.0,2886.0
Opel Insignia,20171.0,23197,3026.0,9156676.0,3026.0
Opel Insignia,20150.0,23080,2930.0,8584900.0,2930.0
Opel Insignia,20180.0,25021,4841.0,23435281.0,4841.0
Opel Insignia,20390.0,21199,809.0,654481.0,809.0
Opel Insignia,20100.0,20216,116.0,13456.0,116.0
Opel Insignia,20025.0,22479,2454.0,6022116.0,2454.0
Opel Insignia,20878.0,22986,2108.0,4443664.0,2108.0
Opel Insignia,20000.0,19065,-935.0,874225.0,935.0
Opel Insignia,20000.0,18974,-1026.0,1052676.0,1026.0
Opel Insignia,20800.0,21235,435.0,189225.0,435.0
Opel Insignia,20790.0,18973,-1817.0,3301489.0,1817.0
Opel Insignia,20780.0,21119,339.0,114921.0,339.0
Opel Insignia,20750.0,20893,143.0,20449.0,143.0
Opel Insignia,20750.0,20699,-51.0,2601.0,51.0
Opel Insignia,20750.0,20930,180.0,32400.0,180.0
Opel Insignia,20750.0,22696,1946.0,3786916.0,1946.0
Opel Insignia,20750.0,23141,2391.0,5716881.0,2391.0
Opel Insignia,20740.0,19008,-1732.0,2999824.0,1732.0
Opel Insignia,20730.0,19610,-1120.0,1254400.0,1120.0
Opel Insignia,20750.0,19669,-1081.0,1168561.0,1081.0
Opel Insignia,20750.0,20400,-350.0,122500.0,350.0
Opel Insignia,20580.0,22114,1534.0,2353156.0,1534.0
Opel Insignia,19999.0,22497,2498.0,6240004.0,2498.0
Opel Insignia,20650.0,21571,921.0,848241.0,921.0
Opel Insignia,20730.0,22022,1292.0,1669264.0,1292.0
Opel Insignia,19690.0,22112,2422.0,5866084.0,2422.0
Opel Insignia,19600.0,19815,215.0,46225.0,215.0
Opel Insignia,19590.0,21303,1713.0,2934369.0,1713.0
Opel Insignia,20680.0,24494,3814.0,14546596.0,3814.0
Opel Insignia,19650.0,21313,1663.0,2765569.0,1663.0
Opel Insignia,20550.0,20380,-170.0,28900.0,170.0
Opel Insignia,19590.0,22089,2499.0,6245001.0,2499.0
Opel Insignia,19590.0,17326,-2264.0,5125696.0,2264.0
Opel Insignia,19525.0,19819,294.0,86436.0,294.0
Opel Insignia,19500.0,21292,1792.0,3211264.0,1792.0
Opel Insignia,19500.0,19560,60.0,3600.0,60.0
Opel Insignia,19490.0,17887,-1603.0,2569609.0,1603.0
Opel Insignia,19490.0,20666,1176.0,1382976.0,1176.0
Opel Insignia,19489.0,18761,-728.0,529984.0,728.0
Opel Insignia,19480.0,24716,5236.0,27415696.0,5236.0
Opel Insignia,19450.0,18791,-659.0,434281.0,659.0
Opel Insignia,19450.0,20030,580.0,336400.0,580.0
Opel Insignia,19480.0,22674,3194.0,10201636.0,3194.0
Opel Insignia,19397.0,21869,2472.0,6110784.0,2472.0
Opel Insignia,19325.0,18896,-429.0,184041.0,429.0
Opel Insignia,19300.0,17883,-1417.0,2007889.0,1417.0
Opel Insignia,19880.0,23455,3575.0,12780625.0,3575.0
Opel Insignia,19850.0,20736,886.0,784996.0,886.0
Opel Insignia,19850.0,19378,-472.0,222784.0,472.0
Opel Insignia,19990.0,21825,1835.0,3367225.0,1835.0
Opel Insignia,19980.0,19306,-674.0,454276.0,674.0
Opel Insignia,19980.0,24824,4844.0,23464336.0,4844.0
Opel Insignia,19980.0,24756,4776.0,22810176.0,4776.0
Opel Insignia,19980.0,20287,307.0,94249.0,307.0
Opel Insignia,19980.0,21111,1131.0,1279161.0,1131.0
Opel Insignia,19450.0,20304,854.0,729316.0,854.0
Opel Insignia,19980.0,21560,1580.0,2496400.0,1580.0
Opel Insignia,19990.0,19762,-228.0,51984.0,228.0
Opel Insignia,19990.0,19555,-435.0,189225.0,435.0
Opel Insignia,19800.0,18099,-1701.0,2893401.0,1701.0
Opel Insignia,19990.0,18627,-1363.0,1857769.0,1363.0
Opel Insignia,19990.0,20344,354.0,125316.0,354.0
Opel Insignia,19200.0,21944,2744.0,7529536.0,2744.0
Opel Insignia,19850.0,19286,-564.0,318096.0,564.0
Opel Insignia,19800.0,19915,115.0,13225.0,115.0
Opel Insignia,19800.0,19738,-62.0,3844.0,62.0
Opel Insignia,19800.0,20094,294.0,86436.0,294.0
Opel Insignia,19800.0,20054,254.0,64516.0,254.0
Opel Insignia,19800.0,20096,296.0,87616.0,296.0
Opel Insignia,19800.0,20115,315.0,99225.0,315.0
Opel Insignia,19800.0,19883,83.0,6889.0,83.0
Opel Insignia,19790.0,19508,-282.0,79524.0,282.0
Opel Insignia,19777.0,19031,-746.0,556516.0,746.0
Opel Insignia,19774.0,20056,282.0,79524.0,282.0
Opel Insignia,19760.0,19318,-442.0,195364.0,442.0
Opel Insignia,19750.0,20227,477.0,227529.0,477.0
Opel Insignia,19750.0,22007,2257.0,5094049.0,2257.0
Opel Insignia,19950.0,21011,1061.0,1125721.0,1061.0
Opel Insignia,19760.0,22535,2775.0,7700625.0,2775.0
Opel Insignia,19950.0,21284,1334.0,1779556.0,1334.0
Opel Insignia,19950.0,20418,468.0,219024.0,468.0
Opel Insignia,19940.0,21113,1173.0,1375929.0,1173.0
Opel Insignia,19980.0,21346,1366.0,1865956.0,1366.0
Opel Insignia,19980.0,21542,1562.0,2439844.0,1562.0
Opel Insignia,19980.0,22505,2525.0,6375625.0,2525.0
Opel Insignia,19980.0,21388,1408.0,1982464.0,1408.0
Opel Insignia,19980.0,21656,1676.0,2808976.0,1676.0
Opel Insignia,19980.0,21087,1107.0,1225449.0,1107.0
Opel Insignia,19970.0,19781,-189.0,35721.0,189.0
Opel Insignia,19970.0,22290,2320.0,5382400.0,2320.0
Opel Insignia,19950.0,21887,1937.0,3751969.0,1937.0
Opel Insignia,19980.0,21811,1831.0,3352561.0,1831.0
Opel Insignia,19950.0,19371,-579.0,335241.0,579.0
Opel Insignia,19990.0,20585,595.0,354025.0,595.0
Opel Insignia,19990.0,22184,2194.0,4813636.0,2194.0
Opel Insignia,19950.0,22084,2134.0,4553956.0,2134.0
Opel Insignia,19990.0,24638,4648.0,21603904.0,4648.0
Opel Insignia,19990.0,20185,195.0,38025.0,195.0
Opel Insignia,19990.0,18413,-1577.0,2486929.0,1577.0
Opel Insignia,19990.0,19728,-262.0,68644.0,262.0
Opel Insignia,19990.0,22188,2198.0,4831204.0,2198.0
Opel Insignia,19990.0,19011,-979.0,958441.0,979.0
Opel Insignia,19990.0,19397,-593.0,351649.0,593.0
Opel Insignia,19990.0,22380,2390.0,5712100.0,2390.0
Opel Insignia,19902.0,23599,3697.0,13667809.0,3697.0
Opel Insignia,19900.0,18464,-1436.0,2062096.0,1436.0
Opel Insignia,19935.0,21537,1602.0,2566404.0,1602.0
Opel Insignia,19750.0,19951,201.0,40401.0,201.0
Opel Insignia,19900.0,18974,-926.0,857476.0,926.0
Opel Insignia,19900.0,19065,-835.0,697225.0,835.0
Opel Insignia,19900.0,19940,40.0,1600.0,40.0
Opel Insignia,19900.0,18914,-986.0,972196.0,986.0
Opel Insignia,19900.0,24196,4296.0,18455616.0,4296.0
Opel Insignia,19900.0,20407,507.0,257049.0,507.0
Opel Insignia,19900.0,20286,386.0,148996.0,386.0
Opel Insignia,19900.0,20870,970.0,940900.0,970.0
Opel Insignia,19900.0,21966,2066.0,4268356.0,2066.0
Opel Insignia,19900.0,21876,1976.0,3904576.0,1976.0
Opel Insignia,19900.0,20090,190.0,36100.0,190.0
Opel Insignia,19950.0,21923,1973.0,3892729.0,1973.0
Opel Insignia,19990.0,22101,2111.0,4456321.0,2111.0
Opel Insignia,18999.0,19958,959.0,919681.0,959.0
Opel Insignia,18999.0,19095,96.0,9216.0,96.0
Opel Insignia,18990.0,21296,2306.0,5317636.0,2306.0
Opel Insignia,18990.0,20806,1816.0,3297856.0,1816.0
Opel Insignia,18990.0,18588,-402.0,161604.0,402.0
Opel Insignia,18990.0,18632,-358.0,128164.0,358.0
Opel Insignia,18990.0,18857,-133.0,17689.0,133.0
Opel Insignia,18990.0,19377,387.0,149769.0,387.0
Opel Insignia,18945.0,19836,891.0,793881.0,891.0
Opel Insignia,18925.0,18478,-447.0,199809.0,447.0
Opel Insignia,18990.0,18282,-708.0,501264.0,708.0
Opel Insignia,19900.0,21838,1938.0,3755844.0,1938.0
Opel Insignia,27990.0,25532,-2458.0,6041764.0,2458.0
Opel Insignia,27990.0,23784,-4206.0,17690436.0,4206.0
Opel Insignia,25500.0,23718,-1782.0,3175524.0,1782.0
Opel Insignia,25525.0,31357,5832.0,34012224.0,5832.0
Opel Insignia,29430.0,26838,-2592.0,6718464.0,2592.0
Opel Insignia,28001.0,28777,776.0,602176.0,776.0
Opel Insignia,29350.0,33251,3901.0,15217801.0,3901.0
Opel Insignia,29315.0,31361,2046.0,4186116.0,2046.0
Opel Insignia,32990.0,28221,-4769.0,22743361.0,4769.0
Opel Insignia,33450.0,34266,816.0,665856.0,816.0
Opel Insignia,33450.0,28301,-5149.0,26512201.0,5149.0
Opel Insignia,33450.0,28252,-5198.0,27019204.0,5198.0
Opel Insignia,35490.0,34826,-664.0,440896.0,664.0
Opel Insignia,33980.0,31350,-2630.0,6916900.0,2630.0
Opel Insignia,33980.0,33773,-207.0,42849.0,207.0
Opel Insignia,37450.0,37105,-345.0,119025.0,345.0
Opel Insignia,37450.0,36822,-628.0,394384.0,628.0
Opel Insignia,37950.0,36497,-1453.0,2111209.0,1453.0
Opel Insignia,37899.0,31490,-6409.0,41075281.0,6409.0
Opel Insignia,37890.0,36999,-891.0,793881.0,891.0
Opel Insignia,37875.0,31965,-5910.0,34928100.0,5910.0
Opel Insignia,37790.0,28009,-9781.0,95667961.0,9781.0
Opel Insignia,37750.0,26826,-10924.0,119333776.0,10924.0
Opel Insignia,37690.0,29418,-8272.0,68425984.0,8272.0
Opel Insignia,37690.0,38059,369.0,136161.0,369.0
Opel Insignia,37599.0,35277,-2322.0,5391684.0,2322.0
Opel Insignia,38450.0,37841,-609.0,370881.0,609.0
Opel Insignia,37500.0,31512,-5988.0,35856144.0,5988.0
Opel Insignia,38229.0,36845,-1384.0,1915456.0,1384.0
Opel Insignia,37992.0,37397,-595.0,354025.0,595.0
Opel Insignia,37999.0,34133,-3866.0,14945956.0,3866.0
Opel Insignia,38350.0,27365,-10985.0,120670225.0,10985.0
Opel Insignia,38350.0,31175,-7175.0,51480625.0,7175.0
Opel Insignia,38290.0,34812,-3478.0,12096484.0,3478.0
Opel Insignia,38380.0,33337,-5043.0,25431849.0,5043.0
Opel Insignia,39450.0,32752,-6698.0,44863204.0,6698.0
Opel Insignia,38995.0,31110,-7885.0,62173225.0,7885.0
Opel Insignia,38990.0,32578,-6412.0,41113744.0,6412.0
Opel Insignia,38990.0,34713,-4277.0,18292729.0,4277.0
Opel Insignia,38990.0,33497,-5493.0,30173049.0,5493.0
Opel Insignia,38950.0,36053,-2897.0,8392609.0,2897.0
Opel Insignia,37990.0,36373,-1617.0,2614689.0,1617.0
Opel Insignia,38989.0,35588,-3401.0,11566801.0,3401.0
Opel Insignia,37990.0,35527,-2463.0,6066369.0,2463.0
Opel Insignia,37990.0,30434,-7556.0,57093136.0,7556.0
Opel Insignia,37990.0,30702,-7288.0,53114944.0,7288.0
Opel Insignia,37990.0,31316,-6674.0,44542276.0,6674.0
Opel Insignia,37990.0,30879,-7111.0,50566321.0,7111.0
Opel Insignia,37989.0,35113,-2876.0,8271376.0,2876.0
Opel Insignia,37989.0,34145,-3844.0,14776336.0,3844.0
Opel Insignia,37989.0,32736,-5253.0,27594009.0,5253.0
Opel Insignia,37980.0,32805,-5175.0,26780625.0,5175.0
Opel Insignia,37950.0,31042,-6908.0,47720464.0,6908.0
Opel Insignia,38900.0,28601,-10299.0,106069401.0,10299.0
Opel Insignia,38900.0,33171,-5729.0,32821441.0,5729.0
Opel Insignia,38855.0,32268,-6587.0,43388569.0,6587.0
Opel Insignia,38690.0,35879,-2811.0,7901721.0,2811.0
Opel Insignia,38679.0,32419,-6260.0,39187600.0,6260.0
Opel Insignia,38590.0,31615,-6975.0,48650625.0,6975.0
Opel Insignia,38500.0,32132,-6368.0,40551424.0,6368.0
Opel Insignia,38490.0,32307,-6183.0,38229489.0,6183.0
Opel Insignia,38490.0,33842,-4648.0,21603904.0,4648.0
Opel Insignia,38480.0,34619,-3861.0,14907321.0,3861.0
Opel Insignia,38450.0,38266,-184.0,33856.0,184.0
Opel Insignia,38450.0,38295,-155.0,24025.0,155.0
Opel Insignia,37490.0,30939,-6551.0,42915601.0,6551.0
Opel Insignia,37490.0,32826,-4664.0,21752896.0,4664.0
Opel Insignia,37490.0,36668,-822.0,675684.0,822.0
Opel Insignia,37490.0,34529,-2961.0,8767521.0,2961.0
Opel Insignia,37490.0,31262,-6228.0,38787984.0,6228.0
Opel Insignia,37490.0,30496,-6994.0,48916036.0,6994.0
Opel Insignia,37450.0,35015,-2435.0,5929225.0,2435.0
Opel Insignia,37450.0,38343,893.0,797449.0,893.0
Opel Insignia,37450.0,37720,270.0,72900.0,270.0
Opel Insignia,34580.0,26913,-7667.0,58782889.0,7667.0
Opel Insignia,34490.0,38339,3849.0,14814801.0,3849.0
Opel Insignia,34490.0,30645,-3845.0,14784025.0,3845.0
Opel Insignia,34550.0,34379,-171.0,29241.0,171.0
Opel Insignia,34450.0,34233,-217.0,47089.0,217.0
Opel Insignia,34450.0,33793,-657.0,431649.0,657.0
Opel Insignia,34450.0,33703,-747.0,558009.0,747.0
Opel Insignia,34390.0,28945,-5445.0,29648025.0,5445.0
Opel Insignia,34315.0,36386,2071.0,4289041.0,2071.0
Opel Insignia,33992.0,33628,-364.0,132496.0,364.0
Opel Insignia,33992.0,29981,-4011.0,16088121.0,4011.0
Opel Insignia,33990.0,35878,1888.0,3564544.0,1888.0
Opel Insignia,33990.0,37186,3196.0,10214416.0,3196.0
Opel Insignia,33990.0,29440,-4550.0,20702500.0,4550.0
Opel Insignia,33990.0,33654,-336.0,112896.0,336.0
Opel Insignia,33990.0,28836,-5154.0,26563716.0,5154.0
Opel Insignia,33990.0,33019,-971.0,942841.0,971.0
Opel Insignia,37450.0,32793,-4657.0,21687649.0,4657.0
Opel Insignia,37430.0,30724,-6706.0,44970436.0,6706.0
Opel Insignia,37285.0,39957,2672.0,7139584.0,2672.0
Opel Insignia,37235.0,40008,2773.0,7689529.0,2773.0
Opel Insignia,37380.0,35020,-2360.0,5569600.0,2360.0
Opel Insignia,36990.0,35950,-1040.0,1081600.0,1040.0
Opel Insignia,36990.0,37054,64.0,4096.0,64.0
Opel Insignia,36990.0,29703,-7287.0,53100369.0,7287.0
Opel Insignia,36990.0,25291,-11699.0,136866601.0,11699.0
Opel Insignia,36990.0,26863,-10127.0,102556129.0,10127.0
Opel Insignia,36990.0,31338,-5652.0,31945104.0,5652.0
Opel Insignia,36990.0,29114,-7876.0,62031376.0,7876.0
Opel Insignia,36990.0,32830,-4160.0,17305600.0,4160.0
Opel Insignia,36990.0,29730,-7260.0,52707600.0,7260.0
Opel Insignia,36990.0,32386,-4604.0,21196816.0,4604.0
Opel Insignia,36950.0,36765,-185.0,34225.0,185.0
Opel Insignia,36950.0,32915,-4035.0,16281225.0,4035.0
Opel Insignia,36945.0,33595,-3350.0,11222500.0,3350.0
Opel Insignia,36900.0,28576,-8324.0,69288976.0,8324.0
Opel Insignia,36790.0,29010,-7780.0,60528400.0,7780.0
Opel Insignia,33989.0,35270,1281.0,1640961.0,1281.0
Opel Insignia,36771.0,35506,-1265.0,1600225.0,1265.0
Opel Insignia,36750.0,37411,661.0,436921.0,661.0
Opel Insignia,36680.0,35992,-688.0,473344.0,688.0
Opel Insignia,36591.0,29116,-7475.0,55875625.0,7475.0
Opel Insignia,36590.0,35557,-1033.0,1067089.0,1033.0
Opel Insignia,36590.0,30355,-6235.0,38875225.0,6235.0
Opel Insignia,36500.0,25349,-11151.0,124344801.0,11151.0
Opel Insignia,36590.0,30437,-6153.0,37859409.0,6153.0
Opel Insignia,36491.0,36525,34.0,1156.0,34.0
Opel Insignia,36490.0,37111,621.0,385641.0,621.0
Opel Insignia,36490.0,36676,186.0,34596.0,186.0
Opel Insignia,36450.0,37521,1071.0,1147041.0,1071.0
Opel Insignia,36450.0,37048,598.0,357604.0,598.0
Opel Insignia,36391.0,32976,-3415.0,11662225.0,3415.0
Opel Insignia,36365.0,41806,5441.0,29604481.0,5441.0
Opel Insignia,36290.0,29939,-6351.0,40335201.0,6351.0
Opel Insignia,35490.0,29273,-6217.0,38651089.0,6217.0
Opel Insignia,35450.0,38490,3040.0,9241600.0,3040.0
Opel Insignia,35450.0,38343,2893.0,8369449.0,2893.0
Opel Insignia,35490.0,25499,-9991.0,99820081.0,9991.0
Opel Insignia,36180.0,34133,-2047.0,4190209.0,2047.0
Opel Insignia,35380.0,34321,-1059.0,1121481.0,1059.0
Opel Insignia,34991.0,32488,-2503.0,6265009.0,2503.0
Opel Insignia,35189.0,33181,-2008.0,4032064.0,2008.0
Opel Insignia,35291.0,29239,-6052.0,36626704.0,6052.0
Opel Insignia,35085.0,40915,5830.0,33988900.0,5830.0
Opel Insignia,35450.0,33757,-1693.0,2866249.0,1693.0
Opel Insignia,34991.0,32868,-2123.0,4507129.0,2123.0
Opel Insignia,34990.0,29171,-5819.0,33860761.0,5819.0
Opel Insignia,34990.0,32352,-2638.0,6959044.0,2638.0
Opel Insignia,34950.0,28030,-6920.0,47886400.0,6920.0
Opel Insignia,34990.0,32887,-2103.0,4422609.0,2103.0
Opel Insignia,36176.0,32860,-3316.0,10995856.0,3316.0
Opel Insignia,34815.0,33710,-1105.0,1221025.0,1105.0
Opel Insignia,34890.0,35927,1037.0,1075369.0,1037.0
Opel Insignia,33900.0,28487,-5413.0,29300569.0,5413.0
Opel Insignia,34776.0,31818,-2958.0,8749764.0,2958.0
Opel Insignia,33899.0,23416,-10483.0,109893289.0,10483.0
Opel Insignia,33950.0,36456,2506.0,6280036.0,2506.0
Opel Insignia,33895.0,34604,709.0,502681.0,709.0
Opel Insignia,33900.0,26776,-7124.0,50751376.0,7124.0
Opel Insignia,33800.0,20908,-12892.0,166203664.0,12892.0
Opel Insignia,33890.0,33188,-702.0,492804.0,702.0
Opel Insignia,33599.0,31671,-1928.0,3717184.0,1928.0
Opel Insignia,33590.0,40761,7171.0,51423241.0,7171.0
Opel Insignia,33590.0,29467,-4123.0,16999129.0,4123.0
Opel Insignia,33575.0,34245,670.0,448900.0,670.0
Opel Insignia,33573.0,28073,-5500.0,30250000.0,5500.0
Opel Insignia,33500.0,26357,-7143.0,51022449.0,7143.0
Opel Insignia,33500.0,27044,-6456.0,41679936.0,6456.0
Opel Insignia,33450.0,30920,-2530.0,6400900.0,2530.0
Opel Insignia,36176.0,32860,-3316.0,10995856.0,3316.0
Opel Insignia,35990.0,34556,-1434.0,2056356.0,1434.0
Opel Insignia,35990.0,27224,-8766.0,76842756.0,8766.0
Opel Insignia,35990.0,33797,-2193.0,4809249.0,2193.0
Opel Insignia,33450.0,34306,856.0,732736.0,856.0
Opel Insignia,35990.0,33546,-2444.0,5973136.0,2444.0
Opel Insignia,36170.0,31470,-4700.0,22090000.0,4700.0
Opel Insignia,35935.0,41929,5994.0,35928036.0,5994.0
Opel Insignia,35990.0,29509,-6481.0,42003361.0,6481.0
Opel Insignia,35989.0,31988,-4001.0,16008001.0,4001.0
Opel Insignia,35900.0,26794,-9106.0,82919236.0,9106.0
Opel Insignia,35980.0,31744,-4236.0,17943696.0,4236.0
Opel Insignia,35979.0,34513,-1466.0,2149156.0,1466.0
Opel Insignia,35970.0,26964,-9006.0,81108036.0,9006.0
Opel Insignia,35790.0,31225,-4565.0,20839225.0,4565.0
Opel Insignia,35590.0,31976,-3614.0,13060996.0,3614.0
Opel Insignia,35590.0,25597,-9993.0,99860049.0,9993.0
Opel Insignia,35585.0,34038,-1547.0,2393209.0,1547.0
Opel Insignia,35555.0,27953,-7602.0,57790404.0,7602.0
Opel Insignia,35515.0,41184,5669.0,32137561.0,5669.0
Opel Insignia,33450.0,34434,984.0,968256.0,984.0
Opel Insignia,33235.0,34573,1338.0,1790244.0,1338.0
Opel Insignia,33222.0,32988,-234.0,54756.0,234.0
Opel Insignia,32995.0,28979,-4016.0,16128256.0,4016.0
Opel Insignia,33215.0,37154,3939.0,15515721.0,3939.0
Opel Insignia,33138.0,28414,-4724.0,22316176.0,4724.0
Opel Insignia,33061.0,28428,-4633.0,21464689.0,4633.0
Opel Insignia,32995.0,33307,312.0,97344.0,312.0
Opel Insignia,32995.0,33068,73.0,5329.0,73.0
Opel Insignia,32995.0,33272,277.0,76729.0,277.0
Opel Insignia,32995.0,33967,972.0,944784.0,972.0
Opel Insignia,32995.0,34096,1101.0,1212201.0,1101.0
Opel Insignia,32995.0,33967,972.0,944784.0,972.0
Opel Insignia,32995.0,33989,994.0,988036.0,994.0
Opel Insignia,29290.0,31908,2618.0,6853924.0,2618.0
Opel Insignia,32995.0,34070,1075.0,1155625.0,1075.0
Opel Insignia,32995.0,34333,1338.0,1790244.0,1338.0
Opel Insignia,32995.0,33989,994.0,988036.0,994.0
Opel Insignia,29015.0,30547,1532.0,2347024.0,1532.0
Opel Insignia,29005.0,28686,-319.0,101761.0,319.0
Opel Insignia,28995.0,32732,3737.0,13965169.0,3737.0
Opel Insignia,28990.0,28598,-392.0,153664.0,392.0
Opel Insignia,28950.0,31717,2767.0,7656289.0,2767.0
Opel Insignia,28990.0,25768,-3222.0,10381284.0,3222.0
Opel Insignia,28989.0,29559,570.0,324900.0,570.0
Opel Insignia,28989.0,31673,2684.0,7203856.0,2684.0
Opel Insignia,28490.0,31908,3418.0,11682724.0,3418.0
Opel Insignia,28950.0,31527,2577.0,6640929.0,2577.0
Opel Insignia,28900.0,22324,-6576.0,43243776.0,6576.0
Opel Insignia,28850.0,28820,-30.0,900.0,30.0
Opel Insignia,28900.0,22262,-6638.0,44063044.0,6638.0
Opel Insignia,28001.0,28925,924.0,853776.0,924.0
Opel Insignia,28085.0,28971,886.0,784996.0,886.0
Opel Insignia,32990.0,27302,-5688.0,32353344.0,5688.0
Opel Insignia,32990.0,29302,-3688.0,13601344.0,3688.0
Opel Insignia,32950.0,30015,-2935.0,8614225.0,2935.0
Opel Insignia,32990.0,34317,1327.0,1760929.0,1327.0
Opel Insignia,32990.0,30641,-2349.0,5517801.0,2349.0
Opel Insignia,32975.0,23295,-9680.0,93702400.0,9680.0
Opel Insignia,32970.0,34103,1133.0,1283689.0,1133.0
Opel Insignia,32850.0,29465,-3385.0,11458225.0,3385.0
Opel Insignia,32700.0,29150,-3550.0,12602500.0,3550.0
Opel Insignia,32690.0,30501,-2189.0,4791721.0,2189.0
Opel Insignia,32500.0,26771,-5729.0,32821441.0,5729.0
Opel Insignia,32490.0,31886,-604.0,364816.0,604.0
Opel Insignia,32505.0,35487,2982.0,8892324.0,2982.0
Opel Insignia,32500.0,27821,-4679.0,21893041.0,4679.0
Opel Insignia,32350.0,34371,2021.0,4084441.0,2021.0
Opel Insignia,32345.0,31847,-498.0,248004.0,498.0
Opel Insignia,32313.0,28833,-3480.0,12110400.0,3480.0
Opel Insignia,32313.0,28833,-3480.0,12110400.0,3480.0
Opel Insignia,32115.0,27740,-4375.0,19140625.0,4375.0
Opel Insignia,32115.0,27740,-4375.0,19140625.0,4375.0
Opel Insignia,32054.0,27012,-5042.0,25421764.0,5042.0
Opel Insignia,31999.0,23419,-8580.0,73616400.0,8580.0
Opel Insignia,31995.0,36206,4211.0,17732521.0,4211.0
Opel Insignia,31990.0,31330,-660.0,435600.0,660.0
Opel Insignia,31990.0,29770,-2220.0,4928400.0,2220.0
Opel Insignia,31900.0,25626,-6274.0,39363076.0,6274.0
Opel Insignia,31890.0,30031,-1859.0,3455881.0,1859.0
Opel Insignia,31700.0,26196,-5504.0,30294016.0,5504.0
Opel Insignia,31690.0,27461,-4229.0,17884441.0,4229.0
Opel Insignia,31990.0,34196,2206.0,4866436.0,2206.0
Opel Insignia,31990.0,27413,-4577.0,20948929.0,4577.0
Opel Insignia,31690.0,25779,-5911.0,34939921.0,5911.0
Opel Insignia,31400.0,23472,-7928.0,62853184.0,7928.0
Opel Insignia,31505.0,27194,-4311.0,18584721.0,4311.0
Opel Insignia,31500.0,25111,-6389.0,40819321.0,6389.0
Opel Insignia,31500.0,23651,-7849.0,61606801.0,7849.0
Opel Insignia,31490.0,26791,-4699.0,22080601.0,4699.0
Opel Insignia,31500.0,27657,-3843.0,14768649.0,3843.0
Opel Insignia,30990.0,33815,2825.0,7980625.0,2825.0
Opel Insignia,30900.0,25642,-5258.0,27646564.0,5258.0
Opel Insignia,30800.0,33237,2437.0,5938969.0,2437.0
Opel Insignia,30450.0,33667,3217.0,10349089.0,3217.0
Opel Insignia,30299.0,29239,-1060.0,1123600.0,1060.0
Opel Insignia,30299.0,29152,-1147.0,1315609.0,1147.0
Opel Insignia,30155.0,32669,2514.0,6320196.0,2514.0
Opel Insignia,30105.0,32310,2205.0,4862025.0,2205.0
Opel Insignia,29995.0,32743,2748.0,7551504.0,2748.0
Opel Insignia,29995.0,32702,2707.0,7327849.0,2707.0
Opel Insignia,29995.0,32743,2748.0,7551504.0,2748.0
Opel Insignia,29995.0,33425,3430.0,11764900.0,3430.0
Opel Insignia,29995.0,32632,2637.0,6953769.0,2637.0
Opel Insignia,29995.0,33605,3610.0,13032100.0,3610.0
Opel Insignia,29995.0,33480,3485.0,12145225.0,3485.0
Opel Insignia,29995.0,33693,3698.0,13675204.0,3698.0
Opel Insignia,29995.0,33470,3475.0,12075625.0,3475.0
Opel Insignia,29990.0,26775,-3215.0,10336225.0,3215.0
Opel Insignia,29995.0,32743,2748.0,7551504.0,2748.0
Opel Insignia,29990.0,28020,-1970.0,3880900.0,1970.0
Opel Insignia,29990.0,28532,-1458.0,2125764.0,1458.0
Opel Insignia,29950.0,31947,1997.0,3988009.0,1997.0
Opel Insignia,29950.0,32351,2401.0,5764801.0,2401.0
Opel Insignia,29900.0,22953,-6947.0,48260809.0,6947.0
Opel Insignia,29950.0,31381,1431.0,2047761.0,1431.0
Opel Insignia,29900.0,30250,350.0,122500.0,350.0
Opel Insignia,29900.0,27726,-2174.0,4726276.0,2174.0
Opel Insignia,29900.0,26713,-3187.0,10156969.0,3187.0
Opel Insignia,29797.0,28166,-1631.0,2660161.0,1631.0
Opel Insignia,29900.0,26727,-3173.0,10067929.0,3173.0
Opel Insignia,29900.0,23697,-6203.0,38477209.0,6203.0
Opel Insignia,29900.0,26636,-3264.0,10653696.0,3264.0
Opel Insignia,29800.0,23342,-6458.0,41705764.0,6458.0
Opel Insignia,29702.0,26615,-3087.0,9529569.0,3087.0
Opel Insignia,29675.0,30577,902.0,813604.0,902.0
Opel Insignia,26500.0,23486,-3014.0,9084196.0,3014.0
Opel Insignia,26390.0,25133,-1257.0,1580049.0,1257.0
Opel Insignia,26590.0,27297,707.0,499849.0,707.0
Opel Insignia,29797.0,28073,-1724.0,2972176.0,1724.0
Opel Insignia,26565.0,30688,4123.0,16999129.0,4123.0
Opel Insignia,29790.0,31274,1484.0,2202256.0,1484.0
Opel Insignia,26390.0,25222,-1168.0,1364224.0,1168.0
Opel Insignia,26100.0,25795,-305.0,93025.0,305.0
Opel Insignia,26095.0,32627,6532.0,42667024.0,6532.0
Opel Insignia,26125.0,30224,4099.0,16801801.0,4099.0
Opel Insignia,25995.0,25827,-168.0,28224.0,168.0
Opel Insignia,25900.0,25008,-892.0,795664.0,892.0
Opel Insignia,25885.0,29059,3174.0,10074276.0,3174.0
Opel Insignia,25864.0,27971,2107.0,4439449.0,2107.0
Opel Insignia,25588.0,26636,1048.0,1098304.0,1048.0
Opel Insignia,25862.0,28419,2557.0,6538249.0,2557.0
Opel Insignia,25692.0,25076,-616.0,379456.0,616.0
Opel Insignia,25588.0,26879,1291.0,1666681.0,1291.0
Opel Insignia,25297.0,25222,-75.0,5625.0,75.0
Opel Insignia,25268.0,26614,1346.0,1811716.0,1346.0
Opel Insignia,25862.0,27896,2034.0,4137156.0,2034.0
Opel Insignia,25693.0,25098,-595.0,354025.0,595.0
Opel Insignia,24779.0,25087,308.0,94864.0,308.0
Opel Insignia,25195.0,28579,3384.0,11451456.0,3384.0
Opel Insignia,25268.0,26821,1553.0,2411809.0,1553.0
Opel Insignia,25225.0,31679,6454.0,41654116.0,6454.0
Opel Insignia,24779.0,24737,-42.0,1764.0,42.0
Opel Insignia,27157.0,25076,-2081.0,4330561.0,2081.0
Opel Insignia,27990.0,26927,-1063.0,1129969.0,1063.0
Opel Insignia,27950.0,31054,3104.0,9634816.0,3104.0
Opel Insignia,27804.0,27740,-64.0,4096.0,64.0
Opel Insignia,27599.0,28264,665.0,442225.0,665.0
Opel Insignia,27550.0,27153,-397.0,157609.0,397.0
Opel Insignia,27804.0,28016,212.0,44944.0,212.0
Opel Insignia,27228.0,26905,-323.0,104329.0,323.0
Opel Insignia,26995.0,24743,-2252.0,5071504.0,2252.0
Opel Insignia,26990.0,23378,-3612.0,13046544.0,3612.0
Opel Insignia,26890.0,23933,-2957.0,8743849.0,2957.0
Opel Insignia,26990.0,23877,-3113.0,9690769.0,3113.0
Opel Insignia,26985.0,32880,5895.0,34751025.0,5895.0
Opel Insignia,26974.0,27012,38.0,1444.0,38.0
Opel Insignia,26974.0,27027,53.0,2809.0,53.0
Opel Insignia,26668.0,27731,1063.0,1129969.0,1063.0
Opel Insignia,23776.0,23657,-119.0,14161.0,119.0
Opel Insignia,23025.0,24094,1069.0,1142761.0,1069.0
Opel Insignia,21617.0,23657,2040.0,4161600.0,2040.0
Opel Insignia,39990.0,33758,-6232.0,38837824.0,6232.0
Opel Insignia,27980.0,25361,-2619.0,6859161.0,2619.0
Opel Insignia,39989.0,32797,-7192.0,51724864.0,7192.0
Opel Insignia,27950.0,28068,118.0,13924.0,118.0
Opel Insignia,39980.0,34905,-5075.0,25755625.0,5075.0
Opel Insignia,26511.0,28070,1559.0,2430481.0,1559.0
Opel Insignia,28055.0,29300,1245.0,1550025.0,1245.0
Opel Insignia,39980.0,34223,-5757.0,33143049.0,5757.0
Opel Insignia,29070.0,27615,-1455.0,2117025.0,1455.0
Opel Insignia,28990.0,25211,-3779.0,14280841.0,3779.0
Opel Insignia,28955.0,25442,-3513.0,12341169.0,3513.0
Opel Insignia,29065.0,27511,-1554.0,2414916.0,1554.0
Opel Insignia,28990.0,30216,1226.0,1503076.0,1226.0
Opel Insignia,28990.0,25290,-3700.0,13690000.0,3700.0
Opel Insignia,28950.0,26297,-2653.0,7038409.0,2653.0
Opel Insignia,41490.0,33155,-8335.0,69472225.0,8335.0
Opel Insignia,49884.0,39077,-10807.0,116791249.0,10807.0
Opel Insignia,49350.0,31326,-18024.0,324864576.0,18024.0
Opel Insignia,52120.0,34372,-17748.0,314991504.0,17748.0
Opel Insignia,40990.0,34932,-6058.0,36699364.0,6058.0
Opel Insignia,40909.0,32165,-8744.0,76457536.0,8744.0
Opel Insignia,48950.0,33616,-15334.0,235131556.0,15334.0
Opel Insignia,41450.0,32881,-8569.0,73427761.0,8569.0
Opel Insignia,40900.0,32980,-7920.0,62726400.0,7920.0
Opel Insignia,44970.0,27405,-17565.0,308529225.0,17565.0
Opel Insignia,42995.0,32996,-9999.0,99980001.0,9999.0
Opel Insignia,42475.0,33732,-8743.0,76440049.0,8743.0
Opel Insignia,40745.0,29017,-11728.0,137545984.0,11728.0
Opel Insignia,44397.0,35443,-8954.0,80174116.0,8954.0
Opel Insignia,40533.0,28473,-12060.0,145443600.0,12060.0
Opel Insignia,39746.0,34530,-5216.0,27206656.0,5216.0
Opel Insignia,39995.0,33366,-6629.0,43943641.0,6629.0
Opel Insignia,39450.0,31075,-8375.0,70140625.0,8375.0
Opel Insignia,39190.0,27207,-11983.0,143592289.0,11983.0
Opel Insignia,38990.0,33655,-5335.0,28462225.0,5335.0
Opel Insignia,39990.0,35353,-4637.0,21501769.0,4637.0
Opel Insignia,39977.0,28421,-11556.0,133541136.0,11556.0
Opel Insignia,37990.0,27862,-10128.0,102576384.0,10128.0
Opel Insignia,37985.0,28946,-9039.0,81703521.0,9039.0
Opel Insignia,37490.0,24667,-12823.0,164429329.0,12823.0
Opel Insignia,38879.0,34456,-4423.0,19562929.0,4423.0
Opel Insignia,38500.0,31405,-7095.0,50339025.0,7095.0
Opel Insignia,38240.0,27308,-10932.0,119508624.0,10932.0
Opel Insignia,37950.0,36523,-1427.0,2036329.0,1427.0
Opel Insignia,39299.0,31208,-8091.0,65464281.0,8091.0
Opel Insignia,36995.0,28804,-8191.0,67092481.0,8191.0
Opel Insignia,36500.0,33814,-2686.0,7214596.0,2686.0
Opel Insignia,36990.0,31247,-5743.0,32982049.0,5743.0
Opel Insignia,36490.0,33541,-2949.0,8696601.0,2949.0
Opel Insignia,36200.0,32932,-3268.0,10679824.0,3268.0
Opel Insignia,36032.0,30233,-5799.0,33628401.0,5799.0
Opel Insignia,36780.0,28169,-8611.0,74149321.0,8611.0
Opel Insignia,35999.0,26003,-9996.0,99920016.0,9996.0
Opel Insignia,35990.0,31519,-4471.0,19989841.0,4471.0
Opel Insignia,35990.0,27073,-8917.0,79512889.0,8917.0
Opel Insignia,35990.0,28304,-7686.0,59074596.0,7686.0
Opel Insignia,35990.0,30887,-5103.0,26040609.0,5103.0
Opel Insignia,35990.0,28977,-7013.0,49182169.0,7013.0
Opel Insignia,35980.0,29580,-6400.0,40960000.0,6400.0
Opel Insignia,35950.0,34326,-1624.0,2637376.0,1624.0
Opel Insignia,35490.0,27210,-8280.0,68558400.0,8280.0
Opel Insignia,35990.0,32890,-3100.0,9610000.0,3100.0
Opel Insignia,35290.0,27344,-7946.0,63138916.0,7946.0
Opel Insignia,33990.0,27928,-6062.0,36747844.0,6062.0
Opel Insignia,33940.0,31975,-1965.0,3861225.0,1965.0
Opel Insignia,33790.0,33380,-410.0,168100.0,410.0
Opel Insignia,33900.0,29942,-3958.0,15665764.0,3958.0
Opel Insignia,33990.0,28977,-5013.0,25130169.0,5013.0
Opel Insignia,33899.0,33232,-667.0,444889.0,667.0
Opel Insignia,33890.0,27763,-6127.0,37540129.0,6127.0
Opel Insignia,33775.0,35409,1634.0,2669956.0,1634.0
Opel Insignia,33490.0,32495,-995.0,990025.0,995.0
Opel Insignia,33335.0,33871,536.0,287296.0,536.0
Opel Insignia,33250.0,34318,1068.0,1140624.0,1068.0
Opel Insignia,33490.0,24385,-9105.0,82901025.0,9105.0
Opel Insignia,33475.0,30018,-3457.0,11950849.0,3457.0
Opel Insignia,33450.0,24147,-9303.0,86545809.0,9303.0
Opel Insignia,32995.0,29105,-3890.0,15132100.0,3890.0
Opel Insignia,32990.0,25000,-7990.0,63840100.0,7990.0
Opel Insignia,32990.0,27529,-5461.0,29822521.0,5461.0
Opel Insignia,32990.0,29846,-3144.0,9884736.0,3144.0
Opel Insignia,32940.0,35715,2775.0,7700625.0,2775.0
Opel Insignia,35150.0,33479,-1671.0,2792241.0,1671.0
Opel Insignia,28899.0,30631,1732.0,2999824.0,1732.0
Opel Insignia,28775.0,31886,3111.0,9678321.0,3111.0
Opel Insignia,28615.0,26110,-2505.0,6275025.0,2505.0
Opel Insignia,28525.0,27504,-1021.0,1042441.0,1021.0
Opel Insignia,28500.0,29045,545.0,297025.0,545.0
Opel Insignia,28500.0,28142,-358.0,128164.0,358.0
Opel Insignia,28315.0,30849,2534.0,6421156.0,2534.0
Opel Insignia,28176.0,25843,-2333.0,5442889.0,2333.0
Opel Insignia,28495.0,31453,2958.0,8749764.0,2958.0
Opel Insignia,28176.0,25768,-2408.0,5798464.0,2408.0
Opel Insignia,28390.0,26571,-1819.0,3308761.0,1819.0
Opel Insignia,28118.0,25846,-2272.0,5161984.0,2272.0
Opel Insignia,34995.0,30662,-4333.0,18774889.0,4333.0
Opel Insignia,34990.0,26952,-8038.0,64609444.0,8038.0
Opel Insignia,34990.0,33258,-1732.0,2999824.0,1732.0
Opel Insignia,34805.0,36007,1202.0,1444804.0,1202.0
Opel Insignia,34950.0,33847,-1103.0,1216609.0,1103.0
Opel Insignia,34925.0,31251,-3674.0,13498276.0,3674.0
Opel Insignia,34950.0,31533,-3417.0,11675889.0,3417.0
Opel Insignia,34490.0,26562,-7928.0,62853184.0,7928.0
Opel Insignia,34200.0,24447,-9753.0,95121009.0,9753.0
Opel Insignia,34190.0,29518,-4672.0,21827584.0,4672.0
Opel Insignia,34750.0,26028,-8722.0,76073284.0,8722.0
Opel Insignia,34585.0,29550,-5035.0,25351225.0,5035.0
Opel Insignia,34290.0,30501,-3789.0,14356521.0,3789.0
Opel Insignia,33990.0,24790,-9200.0,84640000.0,9200.0
Opel Insignia,33990.0,27206,-6784.0,46022656.0,6784.0
Opel Insignia,33990.0,27426,-6564.0,43086096.0,6564.0
Opel Insignia,29990.0,25772,-4218.0,17791524.0,4218.0
Opel Insignia,30000.0,25826,-4174.0,17422276.0,4174.0
Opel Insignia,33990.0,28906,-5084.0,25847056.0,5084.0
Opel Insignia,33990.0,29930,-4060.0,16483600.0,4060.0
Opel Insignia,29990.0,30023,33.0,1089.0,33.0
Opel Insignia,33990.0,27424,-6566.0,43112356.0,6566.0
Opel Insignia,29990.0,27350,-2640.0,6969600.0,2640.0
Opel Insignia,29980.0,24923,-5057.0,25573249.0,5057.0
Opel Insignia,29990.0,22529,-7461.0,55666521.0,7461.0
Opel Insignia,29990.0,23519,-6471.0,41873841.0,6471.0
Opel Insignia,29990.0,27289,-2701.0,7295401.0,2701.0
Opel Insignia,29990.0,28191,-1799.0,3236401.0,1799.0
Opel Insignia,29990.0,21873,-8117.0,65885689.0,8117.0
Opel Insignia,29990.0,28364,-1626.0,2643876.0,1626.0
Opel Insignia,29950.0,32037,2087.0,4355569.0,2087.0
Opel Insignia,29561.0,26416,-3145.0,9891025.0,3145.0
Opel Insignia,29888.0,28710,-1178.0,1387684.0,1178.0
Opel Insignia,29590.0,23637,-5953.0,35438209.0,5953.0
Opel Insignia,29400.0,28389,-1011.0,1022121.0,1011.0
Opel Insignia,29490.0,32324,2834.0,8031556.0,2834.0
Opel Insignia,29125.0,28897,-228.0,51984.0,228.0
Opel Insignia,29070.0,27615,-1455.0,2117025.0,1455.0
Opel Insignia,33990.0,27540,-6450.0,41602500.0,6450.0
Opel Insignia,31990.0,24318,-7672.0,58859584.0,7672.0
Opel Insignia,31990.0,21481,-10509.0,110439081.0,10509.0
Opel Insignia,31990.0,26619,-5371.0,28847641.0,5371.0
Opel Insignia,31989.0,29853,-2136.0,4562496.0,2136.0
Opel Insignia,31950.0,32660,710.0,504100.0,710.0
Opel Insignia,31980.0,25342,-6638.0,44063044.0,6638.0
Opel Insignia,31950.0,33237,1287.0,1656369.0,1287.0
Opel Insignia,31904.0,27615,-4289.0,18395521.0,4289.0
Opel Insignia,29200.0,22254,-6946.0,48246916.0,6946.0
Opel Insignia,31880.0,30693,-1187.0,1408969.0,1187.0
Opel Insignia,31835.0,33517,1682.0,2829124.0,1682.0
Opel Insignia,31515.0,33477,1962.0,3849444.0,1962.0
Opel Insignia,31459.0,24193,-7266.0,52794756.0,7266.0
Opel Insignia,31318.0,22183,-9135.0,83448225.0,9135.0
Opel Insignia,30999.0,27222,-3777.0,14265729.0,3777.0
Opel Insignia,30990.0,28685,-2305.0,5313025.0,2305.0
Opel Insignia,26490.0,28397,1907.0,3636649.0,1907.0
Opel Insignia,26445.0,24216,-2229.0,4968441.0,2229.0
Opel Insignia,30900.0,22975,-7925.0,62805625.0,7925.0
Opel Insignia,30790.0,25395,-5395.0,29106025.0,5395.0
Opel Insignia,31904.0,27615,-4289.0,18395521.0,4289.0
Opel Insignia,26379.0,25140,-1239.0,1535121.0,1239.0
Opel Insignia,26109.0,25658,-451.0,203401.0,451.0
Opel Insignia,25990.0,28244,2254.0,5080516.0,2254.0
Opel Insignia,26005.0,29204,3199.0,10233601.0,3199.0
Opel Insignia,25990.0,24235,-1755.0,3080025.0,1755.0
Opel Insignia,26108.0,25557,-551.0,303601.0,551.0
Opel Insignia,26500.0,28242,1742.0,3034564.0,1742.0
Opel Insignia,25990.0,23355,-2635.0,6943225.0,2635.0
Opel Insignia,25955.0,27140,1185.0,1404225.0,1185.0
Opel Insignia,25745.0,25054,-691.0,477481.0,691.0
Opel Insignia,25845.0,25682,-163.0,26569.0,163.0
Opel Insignia,25692.0,25858,166.0,27556.0,166.0
Opel Insignia,25715.0,25864,149.0,22201.0,149.0
Opel Insignia,25692.0,25858,166.0,27556.0,166.0
Opel Insignia,30490.0,23256,-7234.0,52330756.0,7234.0
Opel Insignia,32799.0,27395,-5404.0,29203216.0,5404.0
Opel Insignia,25980.0,26280,300.0,90000.0,300.0
Opel Insignia,32793.0,26832,-5961.0,35533521.0,5961.0
Opel Insignia,32500.0,28437,-4063.0,16507969.0,4063.0
Opel Insignia,32525.0,35603,3078.0,9474084.0,3078.0
Opel Insignia,32705.0,35633,2928.0,8573184.0,2928.0
Opel Insignia,32490.0,33298,808.0,652864.0,808.0
Opel Insignia,32490.0,23449,-9041.0,81739681.0,9041.0
Opel Insignia,32490.0,32698,208.0,43264.0,208.0
Opel Insignia,32490.0,32960,470.0,220900.0,470.0
Opel Insignia,32489.0,28984,-3505.0,12285025.0,3505.0
Opel Insignia,32275.0,32915,640.0,409600.0,640.0
Opel Insignia,32250.0,32873,623.0,388129.0,623.0
Opel Insignia,31990.0,24535,-7455.0,55577025.0,7455.0
Opel Insignia,31990.0,25406,-6584.0,43349056.0,6584.0
Opel Insignia,31990.0,28157,-3833.0,14691889.0,3833.0
Opel Insignia,31990.0,26767,-5223.0,27279729.0,5223.0
Opel Insignia,31990.0,30048,-1942.0,3771364.0,1942.0
Opel Insignia,31990.0,25848,-6142.0,37724164.0,6142.0
Opel Insignia,27999.0,25404,-2595.0,6734025.0,2595.0
Opel Insignia,27950.0,31630,3680.0,13542400.0,3680.0
Opel Insignia,27950.0,28753,803.0,644809.0,803.0
Opel Insignia,27900.0,22529,-5371.0,28847641.0,5371.0
Opel Insignia,27900.0,22830,-5070.0,25704900.0,5070.0
Opel Insignia,27900.0,22844,-5056.0,25563136.0,5056.0
Opel Insignia,31999.0,25229,-6770.0,45832900.0,6770.0
Opel Insignia,27690.0,23334,-4356.0,18974736.0,4356.0
Opel Insignia,27594.0,28924,1330.0,1768900.0,1330.0
Opel Insignia,26990.0,25379,-1611.0,2595321.0,1611.0
Opel Insignia,27490.0,23377,-4113.0,16916769.0,4113.0
Opel Insignia,27200.0,23226,-3974.0,15792676.0,3974.0
Opel Insignia,27450.0,24579,-2871.0,8242641.0,2871.0
Opel Insignia,26900.0,23341,-3559.0,12666481.0,3559.0
Opel Insignia,26990.0,23425,-3565.0,12709225.0,3565.0
Opel Insignia,39950.0,36686,-3264.0,10653696.0,3264.0
Opel Insignia,26538.0,25759,-779.0,606841.0,779.0
Opel Insignia,39949.0,36068,-3881.0,15062161.0,3881.0
Opel Insignia,26538.0,25646,-892.0,795664.0,892.0
Opel Insignia,26511.0,28070,1559.0,2430481.0,1559.0
Opel Insignia,39950.0,37260,-2690.0,7236100.0,2690.0
Opel Insignia,39960.0,34756,-5204.0,27081616.0,5204.0
Opel Insignia,39950.0,34060,-5890.0,34692100.0,5890.0
Opel Insignia,39850.0,33580,-6270.0,39312900.0,6270.0
Opel Insignia,39890.0,33341,-6549.0,42889401.0,6549.0
Opel Insignia,39690.0,28526,-11164.0,124634896.0,11164.0
Opel Insignia,39490.0,40741,1251.0,1565001.0,1251.0
Opel Insignia,39850.0,34816,-5034.0,25341156.0,5034.0
Opel Insignia,39945.0,33923,-6022.0,36264484.0,6022.0
Opel Insignia,39780.0,33958,-5822.0,33895684.0,5822.0
Opel Insignia,39590.0,33195,-6395.0,40896025.0,6395.0
Opel Insignia,39490.0,32918,-6572.0,43191184.0,6572.0
Opel Insignia,23007.0,22029,-978.0,956484.0,978.0
Opel Insignia,23000.0,23590,590.0,348100.0,590.0
Opel Insignia,39450.0,38325,-1125.0,1265625.0,1125.0
Opel Insignia,22999.0,21794,-1205.0,1452025.0,1205.0
Opel Insignia,23007.0,22172,-835.0,697225.0,835.0
Opel Insignia,23000.0,23842,842.0,708964.0,842.0
Opel Insignia,39490.0,29194,-10296.0,106007616.0,10296.0
Opel Insignia,22990.0,19987,-3003.0,9018009.0,3003.0
Opel Insignia,22620.0,23337,717.0,514089.0,717.0
Opel Insignia,22315.0,23902,1587.0,2518569.0,1587.0
Opel Insignia,22800.0,20317,-2483.0,6165289.0,2483.0
Opel Insignia,22328.0,23898,1570.0,2464900.0,1570.0
Opel Insignia,22328.0,23888,1560.0,2433600.0,1560.0
Opel Insignia,22315.0,23790,1475.0,2175625.0,1475.0
Opel Insignia,22280.0,20076,-2204.0,4857616.0,2204.0
Opel Insignia,21992.0,22172,180.0,32400.0,180.0
Opel Insignia,22120.0,22692,572.0,327184.0,572.0
Opel Insignia,21704.0,24803,3099.0,9603801.0,3099.0
Opel Insignia,21900.0,20988,-912.0,831744.0,912.0
Opel Insignia,22167.0,24192,2025.0,4100625.0,2025.0
Opel Insignia,25625.0,27347,1722.0,2965284.0,1722.0
Opel Insignia,25615.0,24992,-623.0,388129.0,623.0
Opel Insignia,25568.0,24605,-963.0,927369.0,963.0
Opel Insignia,25500.0,20431,-5069.0,25694761.0,5069.0
Opel Insignia,25500.0,20431,-5069.0,25694761.0,5069.0
Opel Insignia,25475.0,27123,1648.0,2715904.0,1648.0
Opel Insignia,25464.0,27233,1769.0,3129361.0,1769.0
Opel Insignia,25568.0,24408,-1160.0,1345600.0,1160.0
Opel Insignia,25436.0,23987,-1449.0,2099601.0,1449.0
Opel Insignia,25464.0,27623,2159.0,4661281.0,2159.0
Opel Insignia,25435.0,24174,-1261.0,1590121.0,1261.0
Opel Insignia,25415.0,31263,5848.0,34199104.0,5848.0
Opel Insignia,25375.0,23656,-1719.0,2954961.0,1719.0
Opel Insignia,25382.0,26682,1300.0,1690000.0,1300.0
Opel Insignia,25375.0,31468,6093.0,37124649.0,6093.0
Opel Insignia,25375.0,23676,-1699.0,2886601.0,1699.0
Opel Insignia,25295.0,23924,-1371.0,1879641.0,1371.0
Opel Insignia,24999.0,21960,-3039.0,9235521.0,3039.0
Opel Insignia,24995.0,22290,-2705.0,7317025.0,2705.0
Opel Insignia,24990.0,20478,-4512.0,20358144.0,4512.0
Opel Insignia,25165.0,26339,1174.0,1378276.0,1174.0
Opel Insignia,21704.0,24542,2838.0,8054244.0,2838.0
Opel Insignia,25155.0,28936,3781.0,14295961.0,3781.0
Opel Insignia,24950.0,24943,-7.0,49.0,7.0
Opel Insignia,24900.0,26339,1439.0,2070721.0,1439.0
Opel Insignia,24890.0,22538,-2352.0,5531904.0,2352.0
Opel Insignia,24797.0,23676,-1121.0,1256641.0,1121.0
Opel Insignia,24745.0,28708,3963.0,15705369.0,3963.0
Opel Insignia,24742.0,26721,1979.0,3916441.0,1979.0
Opel Insignia,24845.0,29665,4820.0,23232400.0,4820.0
Opel Insignia,24743.0,27003,2260.0,5107600.0,2260.0
Opel Insignia,24700.0,21037,-3663.0,13417569.0,3663.0
Opel Insignia,24323.0,25350,1027.0,1054729.0,1027.0
Opel Insignia,24315.0,26049,1734.0,3006756.0,1734.0
Opel Insignia,24625.0,27008,2383.0,5678689.0,2383.0
Opel Insignia,24203.0,23656,-547.0,299209.0,547.0
Opel Insignia,40990.0,34384,-6606.0,43639236.0,6606.0
Opel Insignia,24257.0,26609,2352.0,5531904.0,2352.0
Opel Insignia,40990.0,32176,-8814.0,77686596.0,8814.0
Opel Insignia,40990.0,35128,-5862.0,34363044.0,5862.0
Opel Insignia,40990.0,34140,-6850.0,46922500.0,6850.0
Opel Insignia,40989.0,40811,-178.0,31684.0,178.0
Opel Insignia,40980.0,35012,-5968.0,35617024.0,5968.0
Opel Insignia,40670.0,31611,-9059.0,82065481.0,9059.0
Opel Insignia,40990.0,30088,-10902.0,118853604.0,10902.0
Opel Insignia,40490.0,27902,-12588.0,158457744.0,12588.0
Opel Insignia,24323.0,25204,881.0,776161.0,881.0
Opel Insignia,39990.0,29808,-10182.0,103673124.0,10182.0
Opel Insignia,39990.0,34933,-5057.0,25573249.0,5057.0
Opel Insignia,39990.0,28259,-11731.0,137616361.0,11731.0
Opel Insignia,40450.0,38557,-1893.0,3583449.0,1893.0
Opel Insignia,39990.0,34189,-5801.0,33651601.0,5801.0
Opel Insignia,40450.0,37732,-2718.0,7387524.0,2718.0
Opel Insignia,39990.0,39657,-333.0,110889.0,333.0
Opel Insignia,24203.0,23770,-433.0,187489.0,433.0
Opel Insignia,24080.0,21063,-3017.0,9102289.0,3017.0
Opel Insignia,39990.0,34259,-5731.0,32844361.0,5731.0
Opel Insignia,24070.0,25221,1151.0,1324801.0,1151.0
Opel Insignia,39990.0,29946,-10044.0,100881936.0,10044.0
Opel Insignia,39990.0,34645,-5345.0,28569025.0,5345.0
Opel Insignia,23848.0,25480,1632.0,2663424.0,1632.0
Opel Insignia,23776.0,23391,-385.0,148225.0,385.0
Opel Insignia,23561.0,23456,-105.0,11025.0,105.0
Opel Insignia,23600.0,24508,908.0,824464.0,908.0
Opel Insignia,23561.0,23456,-105.0,11025.0,105.0
Opel Insignia,23848.0,25500,1652.0,2729104.0,1652.0
Opel Insignia,23690.0,23888,198.0,39204.0,198.0
Opel Insignia,23362.0,24331,969.0,938961.0,969.0
Opel Insignia,23362.0,24222,860.0,739600.0,860.0
Opel Insignia,23355.0,22346,-1009.0,1018081.0,1009.0
Opel Insignia,23351.0,22184,-1167.0,1361889.0,1167.0
Opel Insignia,23350.0,22175,-1175.0,1380625.0,1175.0
Opel Insignia,23349.0,22346,-1003.0,1006009.0,1003.0
Opel Insignia,39990.0,36866,-3124.0,9759376.0,3124.0
Opel Insignia,23187.0,23767,580.0,336400.0,580.0
Opel Insignia,23187.0,23770,583.0,339889.0,583.0
Opel Insignia,23025.0,24071,1046.0,1094116.0,1046.0
Opel Insignia,37950.0,36765,-1185.0,1404225.0,1185.0
Renault Clio,7650.0,3039,-4611.0,21261321.0,4611.0
Renault Clio,13100.0,12612,-488.0,238144.0,488.0
Renault Clio,13000.0,10992,-2008.0,4032064.0,2008.0
Renault Clio,12790.0,13046,256.0,65536.0,256.0
Renault Clio,11490.0,8882,-2608.0,6801664.0,2608.0
Renault Clio,13000.0,12349,-651.0,423801.0,651.0
Renault Clio,13990.0,14024,34.0,1156.0,34.0
Renault Clio,12700.0,12927,227.0,51529.0,227.0
Renault Clio,14280.0,12866,-1414.0,1999396.0,1414.0
Renault Clio,14200.0,13277,-923.0,851929.0,923.0
Renault Clio,13950.0,13393,-557.0,310249.0,557.0
Renault Clio,13500.0,15746,2246.0,5044516.0,2246.0
Renault Clio,13900.0,14636,736.0,541696.0,736.0
Renault Clio,14940.0,16142,1202.0,1444804.0,1202.0
Renault Clio,15485.0,15629,144.0,20736.0,144.0
Renault Clio,13950.0,14986,1036.0,1073296.0,1036.0
Renault Clio,15599.0,16318,719.0,516961.0,719.0
Renault Clio,15485.0,15456,-29.0,841.0,29.0
Renault Clio,15590.0,15556,-34.0,1156.0,34.0
Renault Clio,15600.0,17313,1713.0,2934369.0,1713.0
Renault Clio,15590.0,17447,1857.0,3448449.0,1857.0
Renault Clio,15790.0,14869,-921.0,848241.0,921.0
Renault Clio,15790.0,14821,-969.0,938961.0,969.0
Renault Clio,15928.0,14611,-1317.0,1734489.0,1317.0
Renault Clio,15928.0,15714,-214.0,45796.0,214.0
Renault Clio,15928.0,15235,-693.0,480249.0,693.0
Renault Clio,15928.0,14643,-1285.0,1651225.0,1285.0
Renault Clio,15990.0,14025,-1965.0,3861225.0,1965.0
Renault Clio,15990.0,16279,289.0,83521.0,289.0
Renault Clio,15990.0,16425,435.0,189225.0,435.0
Renault Clio,15990.0,16614,624.0,389376.0,624.0
Renault Clio,15990.0,13705,-2285.0,5221225.0,2285.0
Renault Clio,15990.0,14001,-1989.0,3956121.0,1989.0
Renault Clio,15990.0,16213,223.0,49729.0,223.0
Renault Clio,15990.0,16535,545.0,297025.0,545.0
Renault Clio,15950.0,15807,-143.0,20449.0,143.0
Renault Clio,15950.0,14299,-1651.0,2725801.0,1651.0
Renault Clio,15950.0,16736,786.0,617796.0,786.0
Renault Clio,15990.0,16366,376.0,141376.0,376.0
Renault Clio,15950.0,14354,-1596.0,2547216.0,1596.0
Renault Clio,15950.0,15990,40.0,1600.0,40.0
Renault Clio,15928.0,16874,946.0,894916.0,946.0
Renault Clio,15928.0,14124,-1804.0,3254416.0,1804.0
Renault Clio,15905.0,15909,4.0,16.0,4.0
Renault Clio,15928.0,20022,4094.0,16760836.0,4094.0
Renault Clio,15945.0,15982,37.0,1369.0,37.0
Renault Clio,15920.0,19076,3156.0,9960336.0,3156.0
Renault Clio,15905.0,15725,-180.0,32400.0,180.0
Renault Clio,15905.0,15533,-372.0,138384.0,372.0
Renault Clio,15900.0,16180,280.0,78400.0,280.0
Renault Clio,15900.0,16297,397.0,157609.0,397.0
Renault Clio,15890.0,14779,-1111.0,1234321.0,1111.0
Renault Clio,15900.0,14500,-1400.0,1960000.0,1400.0
Renault Clio,15900.0,17043,1143.0,1306449.0,1143.0
Renault Clio,15900.0,15572,-328.0,107584.0,328.0
Renault Clio,15798.0,18960,3162.0,9998244.0,3162.0
Renault Clio,15875.0,14739,-1136.0,1290496.0,1136.0
Renault Clio,15850.0,16922,1072.0,1149184.0,1072.0
Renault Clio,15875.0,15180,-695.0,483025.0,695.0
Renault Clio,15780.0,15163,-617.0,380689.0,617.0
Renault Clio,15750.0,15646,-104.0,10816.0,104.0
Renault Clio,15690.0,13976,-1714.0,2937796.0,1714.0
Renault Clio,15750.0,14516,-1234.0,1522756.0,1234.0
Renault Clio,15690.0,16344,654.0,427716.0,654.0
Renault Clio,15652.0,16124,472.0,222784.0,472.0
Renault Clio,15650.0,15771,121.0,14641.0,121.0
Renault Clio,15790.0,16045,255.0,65025.0,255.0
Renault Clio,15500.0,14243,-1257.0,1580049.0,1257.0
Renault Clio,15600.0,17444,1844.0,3400336.0,1844.0
Renault Clio,15650.0,16847,1197.0,1432809.0,1197.0
Renault Clio,15490.0,13311,-2179.0,4748041.0,2179.0
Renault Clio,15500.0,15449,-51.0,2601.0,51.0
Renault Clio,15490.0,14476,-1014.0,1028196.0,1014.0
Renault Clio,15500.0,15213,-287.0,82369.0,287.0
Renault Clio,15490.0,13795,-1695.0,2873025.0,1695.0
Renault Clio,15490.0,15118,-372.0,138384.0,372.0
Renault Clio,15490.0,16381,891.0,793881.0,891.0
Renault Clio,15490.0,14518,-972.0,944784.0,972.0
Renault Clio,15485.0,15629,144.0,20736.0,144.0
Renault Clio,15485.0,15748,263.0,69169.0,263.0
Renault Clio,15485.0,15544,59.0,3481.0,59.0
Renault Clio,15485.0,15246,-239.0,57121.0,239.0
Renault Clio,14990.0,16063,1073.0,1151329.0,1073.0
Renault Clio,14990.0,15167,177.0,31329.0,177.0
Renault Clio,14990.0,9134,-5856.0,34292736.0,5856.0
Renault Clio,14990.0,15612,622.0,386884.0,622.0
Renault Clio,14990.0,13163,-1827.0,3337929.0,1827.0
Renault Clio,14987.0,18266,3279.0,10751841.0,3279.0
Renault Clio,15200.0,14196,-1004.0,1008016.0,1004.0
Renault Clio,15490.0,14424,-1066.0,1136356.0,1066.0
Renault Clio,15000.0,18011,3011.0,9066121.0,3011.0
Renault Clio,14990.0,13246,-1744.0,3041536.0,1744.0
Renault Clio,14990.0,12895,-2095.0,4389025.0,2095.0
Renault Clio,14985.0,14809,-176.0,30976.0,176.0
Renault Clio,14987.0,18266,3279.0,10751841.0,3279.0
Renault Clio,14985.0,15934,949.0,900601.0,949.0
Renault Clio,14980.0,11048,-3932.0,15460624.0,3932.0
Renault Clio,14990.0,17188,2198.0,4831204.0,2198.0
Renault Clio,14950.0,11293,-3657.0,13373649.0,3657.0
Renault Clio,14950.0,14099,-851.0,724201.0,851.0
Renault Clio,14950.0,15433,483.0,233289.0,483.0
Renault Clio,14950.0,16157,1207.0,1456849.0,1207.0
Renault Clio,14950.0,13428,-1522.0,2316484.0,1522.0
Renault Clio,14950.0,16831,1881.0,3538161.0,1881.0
Renault Clio,14950.0,13469,-1481.0,2193361.0,1481.0
Renault Clio,14950.0,14031,-919.0,844561.0,919.0
Renault Clio,14940.0,14412,-528.0,278784.0,528.0
Renault Clio,14990.0,12219,-2771.0,7678441.0,2771.0
Renault Clio,14990.0,12983,-2007.0,4028049.0,2007.0
Renault Clio,14990.0,16925,1935.0,3744225.0,1935.0
Renault Clio,14990.0,13899,-1091.0,1190281.0,1091.0
Renault Clio,14990.0,12120,-2870.0,8236900.0,2870.0
Renault Clio,14990.0,15119,129.0,16641.0,129.0
Renault Clio,14990.0,12911,-2079.0,4322241.0,2079.0
Renault Clio,14990.0,15561,571.0,326041.0,571.0
Renault Clio,14990.0,13928,-1062.0,1127844.0,1062.0
Renault Clio,14990.0,14793,-197.0,38809.0,197.0
Renault Clio,14990.0,14740,-250.0,62500.0,250.0
Renault Clio,14990.0,13850,-1140.0,1299600.0,1140.0
Renault Clio,14990.0,14808,-182.0,33124.0,182.0
Renault Clio,15485.0,15617,132.0,17424.0,132.0
Renault Clio,15485.0,15734,249.0,62001.0,249.0
Renault Clio,15485.0,15413,-72.0,5184.0,72.0
Renault Clio,15485.0,15494,9.0,81.0,9.0
Renault Clio,15485.0,15557,72.0,5184.0,72.0
Renault Clio,15485.0,15494,9.0,81.0,9.0
Renault Clio,15485.0,15605,120.0,14400.0,120.0
Renault Clio,15485.0,15800,315.0,99225.0,315.0
Renault Clio,15485.0,15936,451.0,203401.0,451.0
Renault Clio,15485.0,15605,120.0,14400.0,120.0
Renault Clio,15480.0,14831,-649.0,421201.0,649.0
Renault Clio,15480.0,15555,75.0,5625.0,75.0
Renault Clio,15480.0,16199,719.0,516961.0,719.0
Renault Clio,15470.0,16582,1112.0,1236544.0,1112.0
Renault Clio,15450.0,14554,-896.0,802816.0,896.0
Renault Clio,15450.0,15064,-386.0,148996.0,386.0
Renault Clio,15400.0,12806,-2594.0,6728836.0,2594.0
Renault Clio,15290.0,10726,-4564.0,20830096.0,4564.0
Renault Clio,13900.0,14253,353.0,124609.0,353.0
Renault Clio,13850.0,12859,-991.0,982081.0,991.0
Renault Clio,13800.0,15247,1447.0,2093809.0,1447.0
Renault Clio,13800.0,12957,-843.0,710649.0,843.0
Renault Clio,13800.0,11980,-1820.0,3312400.0,1820.0
Renault Clio,13800.0,12859,-941.0,885481.0,941.0
Renault Clio,13800.0,14393,593.0,351649.0,593.0
Renault Clio,13690.0,14206,516.0,266256.0,516.0
Renault Clio,13690.0,13912,222.0,49284.0,222.0
Renault Clio,13670.0,14573,903.0,815409.0,903.0
Renault Clio,13600.0,17741,4141.0,17147881.0,4141.0
Renault Clio,13600.0,15639,2039.0,4157521.0,2039.0
Renault Clio,13550.0,15381,1831.0,3352561.0,1831.0
Renault Clio,13500.0,13045,-455.0,207025.0,455.0
Renault Clio,13500.0,13359,-141.0,19881.0,141.0
Renault Clio,14925.0,16392,1467.0,2152089.0,1467.0
Renault Clio,14900.0,13607,-1293.0,1671849.0,1293.0
Renault Clio,14900.0,12574,-2326.0,5410276.0,2326.0
Renault Clio,14900.0,15472,572.0,327184.0,572.0
Renault Clio,14890.0,16057,1167.0,1361889.0,1167.0
Renault Clio,14890.0,14443,-447.0,199809.0,447.0
Renault Clio,14870.0,14626,-244.0,59536.0,244.0
Renault Clio,14899.0,16219,1320.0,1742400.0,1320.0
Renault Clio,14900.0,15315,415.0,172225.0,415.0
Renault Clio,14870.0,14569,-301.0,90601.0,301.0
Renault Clio,14870.0,14566,-304.0,92416.0,304.0
Renault Clio,14870.0,14626,-244.0,59536.0,244.0
Renault Clio,14870.0,14566,-304.0,92416.0,304.0
Renault Clio,14870.0,14467,-403.0,162409.0,403.0
Renault Clio,14870.0,14754,-116.0,13456.0,116.0
Renault Clio,14870.0,14689,-181.0,32761.0,181.0
Renault Clio,14870.0,14566,-304.0,92416.0,304.0
Renault Clio,14790.0,12511,-2279.0,5193841.0,2279.0
Renault Clio,14870.0,14626,-244.0,59536.0,244.0
Renault Clio,14150.0,12993,-1157.0,1338649.0,1157.0
Renault Clio,14790.0,14272,-518.0,268324.0,518.0
Renault Clio,14000.0,16687,2687.0,7219969.0,2687.0
Renault Clio,13999.0,15727,1728.0,2985984.0,1728.0
Renault Clio,13995.0,11429,-2566.0,6584356.0,2566.0
Renault Clio,13990.0,11603,-2387.0,5697769.0,2387.0
Renault Clio,13990.0,16480,2490.0,6200100.0,2490.0
Renault Clio,13990.0,9409,-4581.0,20985561.0,4581.0
Renault Clio,13990.0,11518,-2472.0,6110784.0,2472.0
Renault Clio,13990.0,13824,-166.0,27556.0,166.0
Renault Clio,13990.0,10087,-3903.0,15233409.0,3903.0
Renault Clio,13990.0,11959,-2031.0,4124961.0,2031.0
Renault Clio,13990.0,11989,-2001.0,4004001.0,2001.0
Renault Clio,13990.0,13718,-272.0,73984.0,272.0
Renault Clio,13950.0,11772,-2178.0,4743684.0,2178.0
Renault Clio,14750.0,13666,-1084.0,1175056.0,1084.0
Renault Clio,14699.0,13304,-1395.0,1946025.0,1395.0
Renault Clio,14650.0,13707,-943.0,889249.0,943.0
Renault Clio,13980.0,12285,-1695.0,2873025.0,1695.0
Renault Clio,14740.0,15321,581.0,337561.0,581.0
Renault Clio,13950.0,15532,1582.0,2502724.0,1582.0
Renault Clio,14590.0,12768,-1822.0,3319684.0,1822.0
Renault Clio,14506.0,17924,3418.0,11682724.0,3418.0
Renault Clio,14506.0,17596,3090.0,9548100.0,3090.0
Renault Clio,14500.0,15289,789.0,622521.0,789.0
Renault Clio,14500.0,13322,-1178.0,1387684.0,1178.0
Renault Clio,14495.0,17999,3504.0,12278016.0,3504.0
Renault Clio,14490.0,14536,46.0,2116.0,46.0
Renault Clio,14480.0,13390,-1090.0,1188100.0,1090.0
Renault Clio,14460.0,12965,-1495.0,2235025.0,1495.0
Renault Clio,14490.0,13384,-1106.0,1223236.0,1106.0
Renault Clio,14440.0,13807,-633.0,400689.0,633.0
Renault Clio,14400.0,13878,-522.0,272484.0,522.0
Renault Clio,14450.0,12693,-1757.0,3087049.0,1757.0
Renault Clio,12650.0,9401,-3249.0,10556001.0,3249.0
Renault Clio,14400.0,14229,-171.0,29241.0,171.0
Renault Clio,12600.0,13273,673.0,452929.0,673.0
Renault Clio,14290.0,8336,-5954.0,35450116.0,5954.0
Renault Clio,12550.0,10690,-1860.0,3459600.0,1860.0
Renault Clio,12590.0,14628,2038.0,4153444.0,2038.0
Renault Clio,12500.0,11156,-1344.0,1806336.0,1344.0
Renault Clio,12490.0,12896,406.0,164836.0,406.0
Renault Clio,13390.0,13448,58.0,3364.0,58.0
Renault Clio,13390.0,13483,93.0,8649.0,93.0
Renault Clio,13390.0,13543,153.0,23409.0,153.0
Renault Clio,13390.0,13483,93.0,8649.0,93.0
Renault Clio,13390.0,13483,93.0,8649.0,93.0
Renault Clio,13390.0,13448,58.0,3364.0,58.0
Renault Clio,13390.0,13483,93.0,8649.0,93.0
Renault Clio,13390.0,13543,153.0,23409.0,153.0
Renault Clio,13390.0,13483,93.0,8649.0,93.0
Renault Clio,13390.0,13543,153.0,23409.0,153.0
Renault Clio,13390.0,13353,-37.0,1369.0,37.0
Renault Clio,13390.0,13520,130.0,16900.0,130.0
Renault Clio,13390.0,13353,-37.0,1369.0,37.0
Renault Clio,13300.0,9014,-4286.0,18369796.0,4286.0
Renault Clio,13250.0,14240,990.0,980100.0,990.0
Renault Clio,13200.0,14719,1519.0,2307361.0,1519.0
Renault Clio,13390.0,13353,-37.0,1369.0,37.0
Renault Clio,13200.0,13121,-79.0,6241.0,79.0
Renault Clio,13390.0,13543,153.0,23409.0,153.0
Renault Clio,13280.0,11646,-1634.0,2669956.0,1634.0
Renault Clio,12400.0,13558,1158.0,1340964.0,1158.0
Renault Clio,12000.0,12882,882.0,777924.0,882.0
Renault Clio,12000.0,10913,-1087.0,1181569.0,1087.0
Renault Clio,12000.0,11414,-586.0,343396.0,586.0
Renault Clio,11999.0,11731,-268.0,71824.0,268.0
Renault Clio,11990.0,11644,-346.0,119716.0,346.0
Renault Clio,11990.0,12286,296.0,87616.0,296.0
Renault Clio,11950.0,13053,1103.0,1216609.0,1103.0
Renault Clio,11900.0,10504,-1396.0,1948816.0,1396.0
Renault Clio,11900.0,11311,-589.0,346921.0,589.0
Renault Clio,11900.0,13658,1758.0,3090564.0,1758.0
Renault Clio,11990.0,8647,-3343.0,11175649.0,3343.0
Renault Clio,11900.0,9574,-2326.0,5410276.0,2326.0
Renault Clio,11800.0,12140,340.0,115600.0,340.0
Renault Clio,11750.0,11833,83.0,6889.0,83.0
Renault Clio,11890.0,12925,1035.0,1071225.0,1035.0
Renault Clio,13490.0,13487,-3.0,9.0,3.0
Renault Clio,13495.0,11199,-2296.0,5271616.0,2296.0
Renault Clio,13470.0,11188,-2282.0,5207524.0,2282.0
Renault Clio,13490.0,11085,-2405.0,5784025.0,2405.0
Renault Clio,13400.0,15081,1681.0,2825761.0,1681.0
Renault Clio,13390.0,13448,58.0,3364.0,58.0
Renault Clio,13450.0,13922,472.0,222784.0,472.0
Renault Clio,13390.0,13543,153.0,23409.0,153.0
Renault Clio,13400.0,13227,-173.0,29929.0,173.0
Renault Clio,13445.0,10942,-2503.0,6265009.0,2503.0
Renault Clio,13390.0,13520,130.0,16900.0,130.0
Renault Clio,13390.0,13543,153.0,23409.0,153.0
Renault Clio,13390.0,13483,93.0,8649.0,93.0
Renault Clio,13390.0,13483,93.0,8649.0,93.0
Renault Clio,13390.0,13448,58.0,3364.0,58.0
Renault Clio,13390.0,13448,58.0,3364.0,58.0
Renault Clio,13390.0,13483,93.0,8649.0,93.0
Renault Clio,13390.0,13520,130.0,16900.0,130.0
Renault Clio,13390.0,13543,153.0,23409.0,153.0
Renault Clio,13390.0,13483,93.0,8649.0,93.0
Renault Clio,11600.0,12923,1323.0,1750329.0,1323.0
Renault Clio,11500.0,10310,-1190.0,1416100.0,1190.0
Renault Clio,11600.0,13778,2178.0,4743684.0,2178.0
Renault Clio,12999.0,15187,2188.0,4787344.0,2188.0
Renault Clio,12990.0,15137,2147.0,4609609.0,2147.0
Renault Clio,12990.0,13656,666.0,443556.0,666.0
Renault Clio,12990.0,11830,-1160.0,1345600.0,1160.0
Renault Clio,12980.0,11385,-1595.0,2544025.0,1595.0
Renault Clio,12960.0,14962,2002.0,4008004.0,2002.0
Renault Clio,12950.0,14616,1666.0,2775556.0,1666.0
Renault Clio,12950.0,11700,-1250.0,1562500.0,1250.0
Renault Clio,12900.0,11998,-902.0,813604.0,902.0
Renault Clio,12900.0,14553,1653.0,2732409.0,1653.0
Renault Clio,12900.0,11006,-1894.0,3587236.0,1894.0
Renault Clio,12900.0,14275,1375.0,1890625.0,1375.0
Renault Clio,12860.0,13828,968.0,937024.0,968.0
Renault Clio,10500.0,14842,4342.0,18852964.0,4342.0
Renault Clio,12860.0,14143,1283.0,1646089.0,1283.0
Renault Clio,12850.0,8359,-4491.0,20169081.0,4491.0
Renault Clio,12800.0,12207,-593.0,351649.0,593.0
Renault Clio,10000.0,8213,-1787.0,3193369.0,1787.0
Renault Clio,10490.0,8720,-1770.0,3132900.0,1770.0
Renault Clio,10000.0,7546,-2454.0,6022116.0,2454.0
Renault Clio,9990.0,12253,2263.0,5121169.0,2263.0
Renault Clio,9999.0,11415,1416.0,2005056.0,1416.0
Renault Clio,9900.0,9807,-93.0,8649.0,93.0
Renault Clio,9900.0,10812,912.0,831744.0,912.0
Renault Clio,9790.0,7665,-2125.0,4515625.0,2125.0
Renault Clio,9690.0,7029,-2661.0,7080921.0,2661.0
Renault Clio,9500.0,9331,-169.0,28561.0,169.0
Renault Clio,9500.0,7565,-1935.0,3744225.0,1935.0
Renault Clio,9500.0,7361,-2139.0,4575321.0,2139.0
Renault Clio,8900.0,9556,656.0,430336.0,656.0
Renault Clio,8699.0,6428,-2271.0,5157441.0,2271.0
Renault Clio,11400.0,9379,-2021.0,4084441.0,2021.0
Renault Clio,11400.0,9876,-1524.0,2322576.0,1524.0
Renault Clio,11300.0,13320,2020.0,4080400.0,2020.0
Renault Clio,11206.0,9255,-1951.0,3806401.0,1951.0
Renault Clio,11000.0,8707,-2293.0,5257849.0,2293.0
Renault Clio,11000.0,12199,1199.0,1437601.0,1199.0
Renault Clio,11390.0,8786,-2604.0,6780816.0,2604.0
Renault Clio,10990.0,10287,-703.0,494209.0,703.0
Renault Clio,10990.0,12316,1326.0,1758276.0,1326.0
Renault Clio,10945.0,7496,-3449.0,11895601.0,3449.0
Renault Clio,10950.0,11722,772.0,595984.0,772.0
Renault Clio,10900.0,12752,1852.0,3429904.0,1852.0
Renault Clio,10900.0,9613,-1287.0,1656369.0,1287.0
Renault Clio,10800.0,9713,-1087.0,1181569.0,1087.0
Renault Clio,10800.0,13851,3051.0,9308601.0,3051.0
Renault Clio,10590.0,10219,-371.0,137641.0,371.0
Renault Clio,10700.0,9874,-826.0,682276.0,826.0
Renault Clio,10500.0,9468,-1032.0,1065024.0,1032.0
Renault Clio,10500.0,12186,1686.0,2842596.0,1686.0
Renault Clio,15990.0,16318,328.0,107584.0,328.0
Renault Clio,6490.0,7619,1129.0,1274641.0,1129.0
Renault Clio,7490.0,7652,162.0,26244.0,162.0
Renault Clio,6490.0,1790,-4700.0,22090000.0,4700.0
Renault Clio,7900.0,8684,784.0,614656.0,784.0
Renault Clio,7500.0,2232,-5268.0,27751824.0,5268.0
Renault Clio,7900.0,8863,963.0,927369.0,963.0
Renault Clio,7900.0,8684,784.0,614656.0,784.0
Renault Clio,7900.0,9100,1200.0,1440000.0,1200.0
Renault Clio,7900.0,9090,1190.0,1416100.0,1190.0
Renault Clio,7990.0,7326,-664.0,440896.0,664.0
Renault Clio,7990.0,8433,443.0,196249.0,443.0
Renault Clio,7990.0,3440,-4550.0,20702500.0,4550.0
Renault Clio,8290.0,8142,-148.0,21904.0,148.0
Renault Clio,8290.0,4337,-3953.0,15626209.0,3953.0
Renault Clio,8300.0,5761,-2539.0,6446521.0,2539.0
Renault Clio,8200.0,4911,-3289.0,10817521.0,3289.0
Renault Clio,8299.0,4271,-4028.0,16224784.0,4028.0
Renault Clio,8290.0,6411,-1879.0,3530641.0,1879.0
Renault Clio,8300.0,8701,401.0,160801.0,401.0
Renault Clio,8290.0,8500,210.0,44100.0,210.0
Renault Clio,8490.0,7243,-1247.0,1555009.0,1247.0
Renault Clio,8500.0,10033,1533.0,2350089.0,1533.0
Renault Clio,8500.0,5067,-3433.0,11785489.0,3433.0
Renault Clio,8490.0,6788,-1702.0,2896804.0,1702.0
Renault Clio,8490.0,6612,-1878.0,3526884.0,1878.0
Renault Clio,8490.0,6651,-1839.0,3381921.0,1839.0
Renault Clio,8490.0,6731,-1759.0,3094081.0,1759.0
Renault Clio,8500.0,4483,-4017.0,16136289.0,4017.0
Renault Clio,8490.0,6642,-1848.0,3415104.0,1848.0
Renault Clio,8490.0,6788,-1702.0,2896804.0,1702.0
Renault Clio,8490.0,6612,-1878.0,3526884.0,1878.0
Renault Clio,8490.0,6731,-1759.0,3094081.0,1759.0
Renault Clio,8490.0,6612,-1878.0,3526884.0,1878.0
Renault Clio,8490.0,6642,-1848.0,3415104.0,1848.0
Renault Clio,8490.0,6731,-1759.0,3094081.0,1759.0
Renault Clio,8490.0,6642,-1848.0,3415104.0,1848.0
Renault Clio,8490.0,6788,-1702.0,2896804.0,1702.0
Renault Clio,8490.0,6612,-1878.0,3526884.0,1878.0
Renault Clio,8490.0,6612,-1878.0,3526884.0,1878.0
Renault Clio,8490.0,6788,-1702.0,2896804.0,1702.0
Renault Clio,8490.0,6651,-1839.0,3381921.0,1839.0
Renault Clio,8490.0,6788,-1702.0,2896804.0,1702.0
Renault Clio,8490.0,6612,-1878.0,3526884.0,1878.0
Renault Clio,8490.0,6612,-1878.0,3526884.0,1878.0
Renault Clio,8490.0,6651,-1839.0,3381921.0,1839.0
Renault Clio,8490.0,6731,-1759.0,3094081.0,1759.0
Renault Clio,8490.0,6731,-1759.0,3094081.0,1759.0
Renault Clio,8490.0,6651,-1839.0,3381921.0,1839.0
Renault Clio,8490.0,6612,-1878.0,3526884.0,1878.0
Renault Clio,8490.0,9621,1131.0,1279161.0,1131.0
Renault Clio,8490.0,8218,-272.0,73984.0,272.0
Renault Clio,8490.0,6642,-1848.0,3415104.0,1848.0
Renault Clio,8490.0,6642,-1848.0,3415104.0,1848.0
Renault Clio,8490.0,8521,31.0,961.0,31.0
Renault Clio,8490.0,7938,-552.0,304704.0,552.0
Renault Clio,8490.0,9113,623.0,388129.0,623.0
Renault Clio,8490.0,8411,-79.0,6241.0,79.0
Renault Clio,8490.0,8169,-321.0,103041.0,321.0
Renault Clio,8490.0,6434,-2056.0,4227136.0,2056.0
Renault Clio,8490.0,6286,-2204.0,4857616.0,2204.0
Renault Clio,8490.0,7149,-1341.0,1798281.0,1341.0
Renault Clio,8490.0,7286,-1204.0,1449616.0,1204.0
Renault Clio,8490.0,5231,-3259.0,10621081.0,3259.0
Renault Clio,8500.0,7359,-1141.0,1301881.0,1141.0
Renault Clio,8490.0,5404,-3086.0,9523396.0,3086.0
Renault Clio,8490.0,3988,-4502.0,20268004.0,4502.0
Renault Clio,8490.0,7999,-491.0,241081.0,491.0
Renault Clio,8490.0,7715,-775.0,600625.0,775.0
Renault Clio,8500.0,7549,-951.0,904401.0,951.0
Renault Clio,8499.0,5449,-3050.0,9302500.0,3050.0
Renault Clio,8499.0,5279,-3220.0,10368400.0,3220.0
Renault Clio,8499.0,4875,-3624.0,13133376.0,3624.0
Renault Clio,8499.0,7875,-624.0,389376.0,624.0
Renault Clio,8499.0,7554,-945.0,893025.0,945.0
Renault Clio,8490.0,4009,-4481.0,20079361.0,4481.0
Renault Clio,8490.0,3839,-4651.0,21631801.0,4651.0
Renault Clio,8490.0,6434,-2056.0,4227136.0,2056.0
Renault Clio,8490.0,6130,-2360.0,5569600.0,2360.0
Renault Clio,8490.0,6707,-1783.0,3179089.0,1783.0
Renault Clio,8490.0,4375,-4115.0,16933225.0,4115.0
Renault Clio,8490.0,6581,-1909.0,3644281.0,1909.0
Renault Clio,8490.0,5212,-3278.0,10745284.0,3278.0
Renault Clio,8480.0,5361,-3119.0,9728161.0,3119.0
Renault Clio,8480.0,10095,1615.0,2608225.0,1615.0
Renault Clio,8480.0,8581,101.0,10201.0,101.0
Renault Clio,8480.0,3520,-4960.0,24601600.0,4960.0
Renault Clio,8470.0,5868,-2602.0,6770404.0,2602.0
Renault Clio,8470.0,4882,-3588.0,12873744.0,3588.0
Renault Clio,8450.0,5726,-2724.0,7420176.0,2724.0
Renault Clio,8450.0,4477,-3973.0,15784729.0,3973.0
Renault Clio,8450.0,3471,-4979.0,24790441.0,4979.0
Renault Clio,8450.0,6671,-1779.0,3164841.0,1779.0
Renault Clio,8490.0,8591,101.0,10201.0,101.0
Renault Clio,8450.0,4738,-3712.0,13778944.0,3712.0
Renault Clio,8200.0,3306,-4894.0,23951236.0,4894.0
Renault Clio,8199.0,6582,-1617.0,2614689.0,1617.0
Renault Clio,8190.0,4626,-3564.0,12702096.0,3564.0
Renault Clio,8150.0,8411,261.0,68121.0,261.0
Renault Clio,8190.0,6027,-2163.0,4678569.0,2163.0
Renault Clio,8150.0,8939,789.0,622521.0,789.0
Renault Clio,8190.0,7867,-323.0,104329.0,323.0
Renault Clio,8150.0,9097,947.0,896809.0,947.0
Renault Clio,8150.0,9343,1193.0,1423249.0,1193.0
Renault Clio,8150.0,9253,1103.0,1216609.0,1103.0
Renault Clio,8100.0,8438,338.0,114244.0,338.0
Renault Clio,8100.0,8523,423.0,178929.0,423.0
Renault Clio,8080.0,6785,-1295.0,1677025.0,1295.0
Renault Clio,8000.0,4464,-3536.0,12503296.0,3536.0
Renault Clio,8000.0,7516,-484.0,234256.0,484.0
Renault Clio,7999.0,4850,-3149.0,9916201.0,3149.0
Renault Clio,7999.0,3581,-4418.0,19518724.0,4418.0
Renault Clio,7999.0,7086,-913.0,833569.0,913.0
Renault Clio,7999.0,8168,169.0,28561.0,169.0
Renault Clio,7999.0,4632,-3367.0,11336689.0,3367.0
Renault Clio,7999.0,4858,-3141.0,9865881.0,3141.0
Renault Clio,7990.0,6063,-1927.0,3713329.0,1927.0
Renault Clio,8400.0,5602,-2798.0,7828804.0,2798.0
Renault Clio,8400.0,7589,-811.0,657721.0,811.0
Renault Clio,8400.0,6963,-1437.0,2064969.0,1437.0
Renault Clio,8400.0,8955,555.0,308025.0,555.0
Renault Clio,8400.0,7934,-466.0,217156.0,466.0
Renault Clio,8400.0,8955,555.0,308025.0,555.0
Renault Clio,8400.0,6153,-2247.0,5049009.0,2247.0
Renault Clio,8400.0,6170,-2230.0,4972900.0,2230.0
Renault Clio,8400.0,7292,-1108.0,1227664.0,1108.0
Renault Clio,8400.0,4326,-4074.0,16597476.0,4074.0
Renault Clio,8400.0,8955,555.0,308025.0,555.0
Renault Clio,8399.0,6050,-2349.0,5517801.0,2349.0
Renault Clio,8399.0,6837,-1562.0,2439844.0,1562.0
Renault Clio,8380.0,4766,-3614.0,13060996.0,3614.0
Renault Clio,7990.0,4043,-3947.0,15578809.0,3947.0
Renault Clio,8390.0,4358,-4032.0,16257024.0,4032.0
Renault Clio,8350.0,6745,-1605.0,2576025.0,1605.0
Renault Clio,7990.0,6194,-1796.0,3225616.0,1796.0
Renault Clio,7990.0,6888,-1102.0,1214404.0,1102.0
Renault Clio,8350.0,5517,-2833.0,8025889.0,2833.0
Renault Clio,7990.0,4995,-2995.0,8970025.0,2995.0
Renault Clio,7990.0,7239,-751.0,564001.0,751.0
Renault Clio,7990.0,6480,-1510.0,2280100.0,1510.0
Renault Clio,7990.0,7516,-474.0,224676.0,474.0
Renault Clio,8000.0,6289,-1711.0,2927521.0,1711.0
Renault Clio,8000.0,4689,-3311.0,10962721.0,3311.0
Renault Clio,7970.0,7599,-371.0,137641.0,371.0
Renault Clio,7980.0,6052,-1928.0,3717184.0,1928.0
Renault Clio,7970.0,2393,-5577.0,31102929.0,5577.0
Renault Clio,7980.0,7004,-976.0,952576.0,976.0
Renault Clio,7950.0,5928,-2022.0,4088484.0,2022.0
Renault Clio,7950.0,6137,-1813.0,3286969.0,1813.0
Renault Clio,7950.0,5336,-2614.0,6832996.0,2614.0
Renault Clio,7950.0,5263,-2687.0,7219969.0,2687.0
Renault Clio,7950.0,4557,-3393.0,11512449.0,3393.0
Renault Clio,7950.0,5231,-2719.0,7392961.0,2719.0
Renault Clio,7950.0,6534,-1416.0,2005056.0,1416.0
Renault Clio,7950.0,5981,-1969.0,3876961.0,1969.0
Renault Clio,7950.0,4153,-3797.0,14417209.0,3797.0
Renault Clio,7900.0,4616,-3284.0,10784656.0,3284.0
Renault Clio,7900.0,8035,135.0,18225.0,135.0
Renault Clio,7900.0,3932,-3968.0,15745024.0,3968.0
Renault Clio,7900.0,8029,129.0,16641.0,129.0
Renault Clio,7900.0,7778,-122.0,14884.0,122.0
Renault Clio,7900.0,5285,-2615.0,6838225.0,2615.0
Renault Clio,7900.0,7720,-180.0,32400.0,180.0
Renault Clio,7900.0,8035,135.0,18225.0,135.0
Renault Clio,7900.0,4365,-3535.0,12496225.0,3535.0
Renault Clio,7900.0,4782,-3118.0,9721924.0,3118.0
Renault Clio,7900.0,7720,-180.0,32400.0,180.0
Renault Clio,7900.0,7565,-335.0,112225.0,335.0
Renault Clio,7900.0,5706,-2194.0,4813636.0,2194.0
Renault Clio,7900.0,5055,-2845.0,8094025.0,2845.0
Renault Clio,7900.0,6243,-1657.0,2745649.0,1657.0
Renault Clio,7900.0,8655,755.0,570025.0,755.0
Renault Clio,7900.0,9090,1190.0,1416100.0,1190.0
Renault Clio,7900.0,9184,1284.0,1648656.0,1284.0
Renault Clio,7900.0,9090,1190.0,1416100.0,1190.0
Renault Clio,7900.0,8684,784.0,614656.0,784.0
Renault Clio,7900.0,9164,1264.0,1597696.0,1264.0
Renault Clio,7900.0,9174,1274.0,1623076.0,1274.0
Renault Clio,7900.0,9184,1284.0,1648656.0,1284.0
Renault Clio,7900.0,8789,889.0,790321.0,889.0
Renault Clio,7900.0,8369,469.0,219961.0,469.0
Renault Clio,7900.0,9100,1200.0,1440000.0,1200.0
Renault Clio,7900.0,9164,1264.0,1597696.0,1264.0
Renault Clio,7900.0,8684,784.0,614656.0,784.0
Renault Clio,7900.0,3816,-4084.0,16679056.0,4084.0
Renault Clio,7900.0,7385,-515.0,265225.0,515.0
Renault Clio,7900.0,5969,-1931.0,3728761.0,1931.0
Renault Clio,7880.0,4284,-3596.0,12931216.0,3596.0
Renault Clio,7880.0,4398,-3482.0,12124324.0,3482.0
Renault Clio,7880.0,4275,-3605.0,12996025.0,3605.0
Renault Clio,7200.0,845,-6355.0,40386025.0,6355.0
Renault Clio,7000.0,2220,-4780.0,22848400.0,4780.0
Renault Clio,7200.0,1097,-6103.0,37246609.0,6103.0
Renault Clio,7000.0,3323,-3677.0,13520329.0,3677.0
Renault Clio,6990.0,6655,-335.0,112225.0,335.0
Renault Clio,6999.0,7205,206.0,42436.0,206.0
Renault Clio,6990.0,4868,-2122.0,4502884.0,2122.0
Renault Clio,6990.0,4905,-2085.0,4347225.0,2085.0
Renault Clio,6990.0,5331,-1659.0,2752281.0,1659.0
Renault Clio,6990.0,4564,-2426.0,5885476.0,2426.0
Renault Clio,6950.0,13656,6706.0,44970436.0,6706.0
Renault Clio,6950.0,16269,9319.0,86843761.0,9319.0
Renault Clio,6950.0,12804,5854.0,34269316.0,5854.0
Renault Clio,6950.0,12978,6028.0,36336784.0,6028.0
Renault Clio,7879.0,4300,-3579.0,12809241.0,3579.0
Renault Clio,7800.0,5062,-2738.0,7496644.0,2738.0
Renault Clio,7800.0,8009,209.0,43681.0,209.0
Renault Clio,7800.0,4787,-3013.0,9078169.0,3013.0
Renault Clio,7800.0,4785,-3015.0,9090225.0,3015.0
Renault Clio,7800.0,9089,1289.0,1661521.0,1289.0
Renault Clio,7800.0,3573,-4227.0,17867529.0,4227.0
Renault Clio,7800.0,5662,-2138.0,4571044.0,2138.0
Renault Clio,7800.0,3628,-4172.0,17405584.0,4172.0
Renault Clio,7800.0,6429,-1371.0,1879641.0,1371.0
Renault Clio,7800.0,4695,-3105.0,9641025.0,3105.0
Renault Clio,7795.0,6830,-965.0,931225.0,965.0
Renault Clio,7790.0,4728,-3062.0,9375844.0,3062.0
Renault Clio,7790.0,6904,-886.0,784996.0,886.0
Renault Clio,7750.0,7284,-466.0,217156.0,466.0
Renault Clio,6950.0,13262,6312.0,39841344.0,6312.0
Renault Clio,7480.0,5727,-1753.0,3073009.0,1753.0
Renault Clio,7700.0,5674,-2026.0,4104676.0,2026.0
Renault Clio,7450.0,5401,-2049.0,4198401.0,2049.0
Renault Clio,7300.0,3130,-4170.0,17388900.0,4170.0
Renault Clio,7400.0,7881,481.0,231361.0,481.0
Renault Clio,7390.0,4930,-2460.0,6051600.0,2460.0
Renault Clio,7299.0,831,-6468.0,41835024.0,6468.0
Renault Clio,7280.0,6885,-395.0,156025.0,395.0
Renault Clio,7300.0,6011,-1289.0,1661521.0,1289.0
Renault Clio,7300.0,4687,-2613.0,6827769.0,2613.0
Renault Clio,7250.0,5935,-1315.0,1729225.0,1315.0
Renault Clio,7200.0,8570,1370.0,1876900.0,1370.0
Renault Clio,7600.0,3685,-3915.0,15327225.0,3915.0
Renault Clio,7600.0,5697,-1903.0,3621409.0,1903.0
Renault Clio,7600.0,4035,-3565.0,12709225.0,3565.0
Renault Clio,7699.0,5657,-2042.0,4169764.0,2042.0
Renault Clio,7690.0,7736,46.0,2116.0,46.0
Renault Clio,7600.0,4698,-2902.0,8421604.0,2902.0
Renault Clio,7500.0,6341,-1159.0,1343281.0,1159.0
Renault Clio,7590.0,6658,-932.0,868624.0,932.0
Renault Clio,7500.0,6059,-1441.0,2076481.0,1441.0
Renault Clio,7500.0,2650,-4850.0,23522500.0,4850.0
Renault Clio,7500.0,7492,-8.0,64.0,8.0
Renault Clio,7500.0,4389,-3111.0,9678321.0,3111.0
Renault Clio,7500.0,8422,922.0,850084.0,922.0
Renault Clio,7500.0,5877,-1623.0,2634129.0,1623.0
Renault Clio,7500.0,5378,-2122.0,4502884.0,2122.0
Renault Clio,7500.0,4527,-2973.0,8838729.0,2973.0
Renault Clio,7500.0,6585,-915.0,837225.0,915.0
Renault Clio,7500.0,4701,-2799.0,7834401.0,2799.0
Renault Clio,7500.0,5904,-1596.0,2547216.0,1596.0
Renault Clio,7500.0,6272,-1228.0,1507984.0,1228.0
Renault Clio,7500.0,2958,-4542.0,20629764.0,4542.0
Renault Clio,7500.0,6571,-929.0,863041.0,929.0
Renault Clio,7500.0,3208,-4292.0,18421264.0,4292.0
Renault Clio,7500.0,7970,470.0,220900.0,470.0
Renault Clio,7495.0,3578,-3917.0,15342889.0,3917.0
Renault Clio,7490.0,7488,-2.0,4.0,2.0
Renault Clio,7490.0,6227,-1263.0,1595169.0,1263.0
Renault Clio,7490.0,8124,634.0,401956.0,634.0
Renault Clio,7490.0,3305,-4185.0,17514225.0,4185.0
Renault Clio,7490.0,6605,-885.0,783225.0,885.0
Renault Clio,6900.0,6456,-444.0,197136.0,444.0
Renault Clio,6900.0,7482,582.0,338724.0,582.0
Renault Clio,7490.0,6547,-943.0,889249.0,943.0
Renault Clio,6900.0,3626,-3274.0,10719076.0,3274.0
Renault Clio,6900.0,5447,-1453.0,2111209.0,1453.0
Renault Clio,6900.0,5891,-1009.0,1018081.0,1009.0
Renault Clio,6900.0,2984,-3916.0,15335056.0,3916.0
Renault Clio,6890.0,6006,-884.0,781456.0,884.0
Renault Clio,6800.0,6309,-491.0,241081.0,491.0
Renault Clio,6900.0,5066,-1834.0,3363556.0,1834.0
Renault Clio,6790.0,5591,-1199.0,1437601.0,1199.0
Renault Clio,6600.0,5148,-1452.0,2108304.0,1452.0
Renault Clio,6500.0,1985,-4515.0,20385225.0,4515.0
Renault Clio,6500.0,1273,-5227.0,27321529.0,5227.0
Renault Clio,6500.0,4193,-2307.0,5322249.0,2307.0
Renault Clio,6499.0,1478,-5021.0,25210441.0,5021.0
Renault Clio,6290.0,4498,-1792.0,3211264.0,1792.0
Renault Clio,6400.0,5384,-1016.0,1032256.0,1016.0
Renault Clio,6250.0,6598,348.0,121104.0,348.0
Renault Clio,6200.0,5020,-1180.0,1392400.0,1180.0
Renault Clio,6200.0,3896,-2304.0,5308416.0,2304.0
Renault Clio,6000.0,5057,-943.0,889249.0,943.0
Renault Clio,6000.0,7937,1937.0,3751969.0,1937.0
Renault Clio,5938.0,1477,-4461.0,19900521.0,4461.0
Renault Clio,5900.0,4190,-1710.0,2924100.0,1710.0
Renault Clio,5900.0,4864,-1036.0,1073296.0,1036.0
Renault Clio,5850.0,4518,-1332.0,1774224.0,1332.0
Renault Clio,5900.0,4167,-1733.0,3003289.0,1733.0
Renault Clio,5800.0,5698,-102.0,10404.0,102.0
Renault Clio,5700.0,928,-4772.0,22771984.0,4772.0
Renault Clio,15998.0,13582,-2416.0,5837056.0,2416.0
Renault Clio,15995.0,17113,1118.0,1249924.0,1118.0
Renault Clio,15990.0,19118,3128.0,9784384.0,3128.0
Renault Clio,15990.0,14045,-1945.0,3783025.0,1945.0
Renault Clio,15990.0,13275,-2715.0,7371225.0,2715.0
Renault Clio,15990.0,16444,454.0,206116.0,454.0
Renault Clio,5445.0,3617,-1828.0,3341584.0,1828.0
Renault Clio,15990.0,17530,1540.0,2371600.0,1540.0
Renault Clio,15990.0,15246,-744.0,553536.0,744.0
Renault Clio,15990.0,14995,-995.0,990025.0,995.0
Renault Clio,15990.0,15831,-159.0,25281.0,159.0
Renault Clio,15990.0,16444,454.0,206116.0,454.0
Renault Clio,15990.0,17250,1260.0,1587600.0,1260.0
Renault Clio,15990.0,17311,1321.0,1745041.0,1321.0
Renault Clio,15990.0,17029,1039.0,1079521.0,1039.0
Renault Clio,15990.0,15355,-635.0,403225.0,635.0
Renault Clio,8500.0,6638,-1862.0,3467044.0,1862.0
Renault Clio,8500.0,5749,-2751.0,7568001.0,2751.0
Renault Clio,8500.0,4255,-4245.0,18020025.0,4245.0
Renault Clio,8500.0,4784,-3716.0,13808656.0,3716.0
Renault Clio,8580.0,5801,-2779.0,7722841.0,2779.0
Renault Clio,8700.0,8388,-312.0,97344.0,312.0
Renault Clio,26000.0,25658,-342.0,116964.0,342.0
Renault Clio,29000.0,25920,-3080.0,9486400.0,3080.0
Renault Clio,8700.0,7215,-1485.0,2205225.0,1485.0
Renault Clio,29000.0,24106,-4894.0,23951236.0,4894.0
Renault Clio,27900.0,23264,-4636.0,21492496.0,4636.0
Renault Clio,22000.0,23390,1390.0,1932100.0,1390.0
Renault Clio,22000.0,23977,1977.0,3908529.0,1977.0
Renault Clio,22000.0,22772,772.0,595984.0,772.0
Renault Clio,27000.0,23321,-3679.0,13535041.0,3679.0
Renault Clio,21800.0,24071,2271.0,5157441.0,2271.0
Renault Clio,21500.0,22270,770.0,592900.0,770.0
Renault Clio,19900.0,22154,2254.0,5080516.0,2254.0
Renault Clio,21000.0,24038,3038.0,9229444.0,3038.0
Renault Clio,18300.0,21701,3401.0,11566801.0,3401.0
Renault Clio,17500.0,20741,3241.0,10504081.0,3241.0
Renault Clio,19499.0,22216,2717.0,7382089.0,2717.0
Renault Clio,18500.0,20159,1659.0,2752281.0,1659.0
Renault Clio,18500.0,23901,5401.0,29170801.0,5401.0
Renault Clio,17500.0,20513,3013.0,9078169.0,3013.0
Renault Clio,16900.0,20551,3651.0,13329801.0,3651.0
Renault Clio,16500.0,19590,3090.0,9548100.0,3090.0
Renault Clio,16000.0,15490,-510.0,260100.0,510.0
Renault Clio,15800.0,17105,1305.0,1703025.0,1305.0
Renault Clio,15000.0,16860,1860.0,3459600.0,1860.0
Renault Clio,16500.0,19590,3090.0,9548100.0,3090.0
Renault Clio,8700.0,7822,-878.0,770884.0,878.0
Renault Clio,14900.0,13958,-942.0,887364.0,942.0
Renault Clio,8700.0,11337,2637.0,6953769.0,2637.0
Renault Clio,8690.0,7133,-1557.0,2424249.0,1557.0
Renault Clio,8690.0,5425,-3265.0,10660225.0,3265.0
Renault Clio,8650.0,6618,-2032.0,4129024.0,2032.0
Renault Clio,8660.0,5558,-3102.0,9622404.0,3102.0
Renault Clio,8600.0,3825,-4775.0,22800625.0,4775.0
Renault Clio,8600.0,5451,-3149.0,9916201.0,3149.0
Renault Clio,8600.0,9433,833.0,693889.0,833.0
Renault Clio,8600.0,3696,-4904.0,24049216.0,4904.0
Renault Clio,8600.0,5489,-3111.0,9678321.0,3111.0
Renault Clio,8600.0,8560,-40.0,1600.0,40.0
Renault Clio,8600.0,8983,383.0,146689.0,383.0
Renault Clio,14900.0,16257,1357.0,1841449.0,1357.0
Renault Clio,14000.0,16252,2252.0,5071504.0,2252.0
Renault Clio,8590.0,6926,-1664.0,2768896.0,1664.0
Renault Clio,14000.0,16791,2791.0,7789681.0,2791.0
Renault Clio,14000.0,13722,-278.0,77284.0,278.0
Renault Clio,14000.0,15302,1302.0,1695204.0,1302.0
Renault Clio,13300.0,9762,-3538.0,12517444.0,3538.0
Renault Clio,13200.0,9435,-3765.0,14175225.0,3765.0
Renault Clio,11500.0,12708,1208.0,1459264.0,1208.0
Renault Clio,12850.0,16551,3701.0,13697401.0,3701.0
Renault Clio,12500.0,13774,1274.0,1623076.0,1274.0
Renault Clio,11200.0,12405,1205.0,1452025.0,1205.0
Renault Clio,10000.0,12311,2311.0,5340721.0,2311.0
Renault Clio,9900.0,10080,180.0,32400.0,180.0
Renault Clio,10900.0,11375,475.0,225625.0,475.0
Renault Clio,10500.0,17483,6983.0,48762289.0,6983.0
Renault Clio,10000.0,10567,567.0,321489.0,567.0
Renault Clio,9900.0,10376,476.0,226576.0,476.0
Renault Clio,11000.0,9650,-1350.0,1822500.0,1350.0
Renault Clio,8500.0,7472,-1028.0,1056784.0,1028.0
Renault Clio,8500.0,4938,-3562.0,12687844.0,3562.0
Renault Clio,8500.0,6573,-1927.0,3713329.0,1927.0
Renault Clio,7500.0,9146,1646.0,2709316.0,1646.0
Renault Clio,8500.0,8591,91.0,8281.0,91.0
Renault Clio,8500.0,3924,-4576.0,20939776.0,4576.0
Renault Clio,8500.0,5479,-3021.0,9126441.0,3021.0
Renault Clio,8500.0,3309,-5191.0,26946481.0,5191.0
Renault Clio,8500.0,4457,-4043.0,16345849.0,4043.0
Renault Clio,8500.0,4605,-3895.0,15171025.0,3895.0
Renault Clio,8500.0,9768,1268.0,1607824.0,1268.0
Renault Clio,8500.0,8420,-80.0,6400.0,80.0
Renault Clio,8500.0,6534,-1966.0,3865156.0,1966.0
Renault Clio,8500.0,8526,26.0,676.0,26.0
Renault Clio,7200.0,8426,1226.0,1503076.0,1226.0
Renault Clio,8590.0,8072,-518.0,268324.0,518.0
Renault Clio,16990.0,17558,568.0,322624.0,568.0
Renault Clio,17500.0,16706,-794.0,630436.0,794.0
Renault Clio,17480.0,18164,684.0,467856.0,684.0
Renault Clio,17300.0,16340,-960.0,921600.0,960.0
Renault Clio,17390.0,19250,1860.0,3459600.0,1860.0
Renault Clio,17250.0,18188,938.0,879844.0,938.0
Renault Clio,18490.0,21767,3277.0,10738729.0,3277.0
Renault Clio,17450.0,19408,1958.0,3833764.0,1958.0
Renault Clio,18490.0,21734,3244.0,10523536.0,3244.0
Renault Clio,18490.0,21734,3244.0,10523536.0,3244.0
Renault Clio,18490.0,22059,3569.0,12737761.0,3569.0
Renault Clio,18490.0,22062,3572.0,12759184.0,3572.0
Renault Clio,18490.0,18347,-143.0,20449.0,143.0
Renault Clio,8999.0,7334,-1665.0,2772225.0,1665.0
Renault Clio,8990.0,6998,-1992.0,3968064.0,1992.0
Renault Clio,9389.0,7790,-1599.0,2556801.0,1599.0
Renault Clio,8990.0,11001,2011.0,4044121.0,2011.0
Renault Clio,8990.0,9269,279.0,77841.0,279.0
Renault Clio,9400.0,9713,313.0,97969.0,313.0
Renault Clio,9400.0,7379,-2021.0,4084441.0,2021.0
Renault Clio,9450.0,11342,1892.0,3579664.0,1892.0
Renault Clio,9490.0,8262,-1228.0,1507984.0,1228.0
Renault Clio,9500.0,10078,578.0,334084.0,578.0
Renault Clio,9499.0,7631,-1868.0,3489424.0,1868.0
Renault Clio,9490.0,9160,-330.0,108900.0,330.0
Renault Clio,9490.0,6889,-2601.0,6765201.0,2601.0
Renault Clio,9490.0,8950,-540.0,291600.0,540.0
Renault Clio,9490.0,8235,-1255.0,1575025.0,1255.0
Renault Clio,9490.0,7907,-1583.0,2505889.0,1583.0
Renault Clio,9490.0,8363,-1127.0,1270129.0,1127.0
Renault Clio,9490.0,9046,-444.0,197136.0,444.0
Renault Clio,9490.0,6941,-2549.0,6497401.0,2549.0
Renault Clio,9490.0,6213,-3277.0,10738729.0,3277.0
Renault Clio,9490.0,6467,-3023.0,9138529.0,3023.0
Renault Clio,9490.0,8082,-1408.0,1982464.0,1408.0
Renault Clio,9490.0,7946,-1544.0,2383936.0,1544.0
Renault Clio,9450.0,5864,-3586.0,12859396.0,3586.0
Renault Clio,9490.0,8920,-570.0,324900.0,570.0
Renault Clio,9450.0,8552,-898.0,806404.0,898.0
Renault Clio,9450.0,7054,-2396.0,5740816.0,2396.0
Renault Clio,9450.0,6638,-2812.0,7907344.0,2812.0
Renault Clio,9450.0,7645,-1805.0,3258025.0,1805.0
Renault Clio,9490.0,7437,-2053.0,4214809.0,2053.0
Renault Clio,9400.0,7169,-2231.0,4977361.0,2231.0
Renault Clio,9400.0,8209,-1191.0,1418481.0,1191.0
Renault Clio,9400.0,7670,-1730.0,2992900.0,1730.0
Renault Clio,9400.0,6802,-2598.0,6749604.0,2598.0
Renault Clio,9400.0,9479,79.0,6241.0,79.0
Renault Clio,9400.0,7320,-2080.0,4326400.0,2080.0
Renault Clio,9390.0,10228,838.0,702244.0,838.0
Renault Clio,9390.0,8098,-1292.0,1669264.0,1292.0
Renault Clio,9389.0,6804,-2585.0,6682225.0,2585.0
Renault Clio,9389.0,7381,-2008.0,4032064.0,2008.0
Renault Clio,9389.0,6568,-2821.0,7958041.0,2821.0
Renault Clio,9300.0,8908,-392.0,153664.0,392.0
Renault Clio,9300.0,9595,295.0,87025.0,295.0
Renault Clio,9300.0,11085,1785.0,3186225.0,1785.0
Renault Clio,9290.0,6368,-2922.0,8538084.0,2922.0
Renault Clio,9290.0,8734,-556.0,309136.0,556.0
Renault Clio,9300.0,8062,-1238.0,1532644.0,1238.0
Renault Clio,9290.0,8182,-1108.0,1227664.0,1108.0
Renault Clio,9289.0,7662,-1627.0,2647129.0,1627.0
Renault Clio,9262.0,11917,2655.0,7049025.0,2655.0
Renault Clio,9262.0,11910,2648.0,7011904.0,2648.0
Renault Clio,9250.0,9077,-173.0,29929.0,173.0
Renault Clio,9250.0,8351,-899.0,808201.0,899.0
Renault Clio,9200.0,8724,-476.0,226576.0,476.0
Renault Clio,9200.0,9210,10.0,100.0,10.0
Renault Clio,9200.0,10644,1444.0,2085136.0,1444.0
Renault Clio,8990.0,10734,1744.0,3041536.0,1744.0
Renault Clio,9199.0,9800,601.0,361201.0,601.0
Renault Clio,9190.0,8138,-1052.0,1106704.0,1052.0
Renault Clio,8990.0,7763,-1227.0,1505529.0,1227.0
Renault Clio,8990.0,6949,-2041.0,4165681.0,2041.0
Renault Clio,9190.0,7267,-1923.0,3697929.0,1923.0
Renault Clio,8990.0,7568,-1422.0,2022084.0,1422.0
Renault Clio,8990.0,10216,1226.0,1503076.0,1226.0
Renault Clio,8990.0,8136,-854.0,729316.0,854.0
Renault Clio,8990.0,8068,-922.0,850084.0,922.0
Renault Clio,8990.0,7742,-1248.0,1557504.0,1248.0
Renault Clio,8990.0,7705,-1285.0,1651225.0,1285.0
Renault Clio,8990.0,8706,-284.0,80656.0,284.0
Renault Clio,8990.0,8100,-890.0,792100.0,890.0
Renault Clio,8990.0,8062,-928.0,861184.0,928.0
Renault Clio,8990.0,8269,-721.0,519841.0,721.0
Renault Clio,9170.0,13278,4108.0,16875664.0,4108.0
Renault Clio,8990.0,7819,-1171.0,1371241.0,1171.0
Renault Clio,9150.0,7433,-1717.0,2948089.0,1717.0
Renault Clio,9075.0,8355,-720.0,518400.0,720.0
Renault Clio,8990.0,8306,-684.0,467856.0,684.0
Renault Clio,9170.0,13420,4250.0,18062500.0,4250.0
Renault Clio,9000.0,7836,-1164.0,1354896.0,1164.0
Renault Clio,9000.0,7818,-1182.0,1397124.0,1182.0
Renault Clio,9000.0,10008,1008.0,1016064.0,1008.0
Renault Clio,9000.0,9426,426.0,181476.0,426.0
Renault Clio,9000.0,9185,185.0,34225.0,185.0
Renault Clio,9100.0,9056,-44.0,1936.0,44.0
Renault Clio,9000.0,7907,-1093.0,1194649.0,1093.0
Renault Clio,9000.0,9444,444.0,197136.0,444.0
Renault Clio,9000.0,8022,-978.0,956484.0,978.0
Renault Clio,9000.0,5838,-3162.0,9998244.0,3162.0
Renault Clio,9000.0,6830,-2170.0,4708900.0,2170.0
Renault Clio,9000.0,10312,1312.0,1721344.0,1312.0
Renault Clio,8999.0,10105,1106.0,1223236.0,1106.0
Renault Clio,9000.0,7032,-1968.0,3873024.0,1968.0
Renault Clio,8999.0,11289,2290.0,5244100.0,2290.0
Renault Clio,9000.0,7833,-1167.0,1361889.0,1167.0
Renault Clio,8990.0,8178,-812.0,659344.0,812.0
Renault Clio,8990.0,8538,-452.0,204304.0,452.0
Renault Clio,8990.0,8109,-881.0,776161.0,881.0
Renault Clio,8990.0,8999,9.0,81.0,9.0
Renault Clio,8990.0,9028,38.0,1444.0,38.0
Renault Clio,8980.0,8296,-684.0,467856.0,684.0
Renault Clio,8900.0,7376,-1524.0,2322576.0,1524.0
Renault Clio,8900.0,7199,-1701.0,2893401.0,1701.0
Renault Clio,8900.0,9285,385.0,148225.0,385.0
Renault Clio,8900.0,8824,-76.0,5776.0,76.0
Renault Clio,8900.0,7239,-1661.0,2758921.0,1661.0
Renault Clio,8900.0,8447,-453.0,205209.0,453.0
Renault Clio,8900.0,6619,-2281.0,5202961.0,2281.0
Renault Clio,8900.0,6846,-2054.0,4218916.0,2054.0
Renault Clio,8890.0,7462,-1428.0,2039184.0,1428.0
Renault Clio,8775.0,8500,-275.0,75625.0,275.0
Renault Clio,8750.0,14274,5524.0,30514576.0,5524.0
Renault Clio,8800.0,8058,-742.0,550564.0,742.0
Renault Clio,8750.0,12338,3588.0,12873744.0,3588.0
Renault Clio,8700.0,8176,-524.0,274576.0,524.0
Renault Clio,18490.0,21869,3379.0,11417641.0,3379.0
Renault Clio,18490.0,21734,3244.0,10523536.0,3244.0
Renault Clio,18490.0,22062,3572.0,12759184.0,3572.0
Renault Clio,18440.0,18013,-427.0,182329.0,427.0
Renault Clio,18350.0,20591,2241.0,5022081.0,2241.0
Renault Clio,18400.0,15457,-2943.0,8661249.0,2943.0
Renault Clio,18400.0,14931,-3469.0,12033961.0,3469.0
Renault Clio,18490.0,21734,3244.0,10523536.0,3244.0
Renault Clio,18340.0,18019,-321.0,103041.0,321.0
Renault Clio,18200.0,17335,-865.0,748225.0,865.0
Renault Clio,17980.0,12867,-5113.0,26142769.0,5113.0
Renault Clio,17999.0,17400,-599.0,358801.0,599.0
Renault Clio,18087.0,18372,285.0,81225.0,285.0
Renault Clio,17990.0,20418,2428.0,5895184.0,2428.0
Renault Clio,17980.0,21975,3995.0,15960025.0,3995.0
Renault Clio,17950.0,18655,705.0,497025.0,705.0
Renault Clio,17950.0,16763,-1187.0,1408969.0,1187.0
Renault Clio,17910.0,16000,-1910.0,3648100.0,1910.0
Renault Clio,17890.0,19270,1380.0,1904400.0,1380.0
Renault Clio,17900.0,14395,-3505.0,12285025.0,3505.0
Renault Clio,17900.0,18105,205.0,42025.0,205.0
Renault Clio,17950.0,17002,-948.0,898704.0,948.0
Renault Clio,17950.0,21913,3963.0,15705369.0,3963.0
Renault Clio,17800.0,17919,119.0,14161.0,119.0
Renault Clio,17800.0,20147,2347.0,5508409.0,2347.0
Renault Clio,17590.0,18971,1381.0,1907161.0,1381.0
Renault Clio,17750.0,16740,-1010.0,1020100.0,1010.0
Renault Clio,17690.0,18796,1106.0,1223236.0,1106.0
Renault Clio,17690.0,13882,-3808.0,14500864.0,3808.0
Renault Clio,17590.0,20385,2795.0,7812025.0,2795.0
Renault Clio,17695.0,16560,-1135.0,1288225.0,1135.0
Renault Clio,16500.0,13957,-2543.0,6466849.0,2543.0
Renault Clio,16500.0,16504,4.0,16.0,4.0
Renault Clio,16495.0,16411,-84.0,7056.0,84.0
Renault Clio,16495.0,16166,-329.0,108241.0,329.0
Renault Clio,16490.0,15294,-1196.0,1430416.0,1196.0
Renault Clio,16490.0,14864,-1626.0,2643876.0,1626.0
Renault Clio,16490.0,16746,256.0,65536.0,256.0
Renault Clio,16490.0,14383,-2107.0,4439449.0,2107.0
Renault Clio,16450.0,14872,-1578.0,2490084.0,1578.0
Renault Clio,16487.0,17345,858.0,736164.0,858.0
Renault Clio,16390.0,17558,1168.0,1364224.0,1168.0
Renault Clio,16390.0,15139,-1251.0,1565001.0,1251.0
Renault Clio,16490.0,17877,1387.0,1923769.0,1387.0
Renault Clio,16389.0,17217,828.0,685584.0,828.0
Renault Clio,16295.0,16234,-61.0,3721.0,61.0
Renault Clio,16290.0,17191,901.0,811801.0,901.0
Renault Clio,16166.0,16685,519.0,269361.0,519.0
Renault Clio,16290.0,17165,875.0,765625.0,875.0
Renault Clio,17990.0,21863,3873.0,15000129.0,3873.0
Renault Clio,16990.0,10222,-6768.0,45805824.0,6768.0
Renault Clio,17590.0,13625,-3965.0,15721225.0,3965.0
Renault Clio,16990.0,18522,1532.0,2347024.0,1532.0
Renault Clio,16950.0,16801,-149.0,22201.0,149.0
Renault Clio,16950.0,18046,1096.0,1201216.0,1096.0
Renault Clio,16945.0,16904,-41.0,1681.0,41.0
Renault Clio,16945.0,19088,2143.0,4592449.0,2143.0
Renault Clio,16900.0,16656,-244.0,59536.0,244.0
Renault Clio,16890.0,15074,-1816.0,3297856.0,1816.0
Renault Clio,16880.0,15328,-1552.0,2408704.0,1552.0
Renault Clio,16800.0,16340,-460.0,211600.0,460.0
Renault Clio,16790.0,18735,1945.0,3783025.0,1945.0
Renault Clio,16790.0,13885,-2905.0,8439025.0,2905.0
Renault Clio,16750.0,18630,1880.0,3534400.0,1880.0
Renault Clio,16700.0,12176,-4524.0,20466576.0,4524.0
Renault Clio,16620.0,14895,-1725.0,2975625.0,1725.0
Renault Clio,16590.0,15109,-1481.0,2193361.0,1481.0
Renault Clio,16690.0,15887,-803.0,644809.0,803.0
Renault Clio,16523.0,15184,-1339.0,1792921.0,1339.0
Renault Clio,17200.0,19280,2080.0,4326400.0,2080.0
Renault Clio,17157.0,18709,1552.0,2408704.0,1552.0
Renault Clio,17099.0,19328,2229.0,4968441.0,2229.0
Renault Clio,17000.0,16285,-715.0,511225.0,715.0
Renault Clio,16999.0,16029,-970.0,940900.0,970.0
Renault Clio,16999.0,15637,-1362.0,1855044.0,1362.0
Renault Clio,16998.0,20322,3324.0,11048976.0,3324.0
Renault Clio,16995.0,17618,623.0,388129.0,623.0
Renault Clio,16990.0,15555,-1435.0,2059225.0,1435.0
Renault Clio,16990.0,13935,-3055.0,9333025.0,3055.0
Renault Clio,16990.0,15107,-1883.0,3545689.0,1883.0
Renault Clio,16100.0,14675,-1425.0,2030625.0,1425.0
Renault Clio,16990.0,12483,-4507.0,20313049.0,4507.0
Renault Clio,16090.0,14375,-1715.0,2941225.0,1715.0
Renault Clio,16000.0,11432,-4568.0,20866624.0,4568.0
Renault Clio,15998.0,14076,-1922.0,3694084.0,1922.0
Renault Clio,16500.0,14128,-2372.0,5626384.0,2372.0
Renault Clio,9500.0,8550,-950.0,902500.0,950.0
Renault Clio,9500.0,7882,-1618.0,2617924.0,1618.0
Renault Clio,9680.0,7877,-1803.0,3250809.0,1803.0
Renault Clio,9824.0,8713,-1111.0,1234321.0,1111.0
Renault Clio,9900.0,9582,-318.0,101124.0,318.0
Renault Clio,9970.0,8110,-1860.0,3459600.0,1860.0
Renault Clio,9750.0,6550,-3200.0,10240000.0,3200.0
Renault Clio,9900.0,7679,-2221.0,4932841.0,2221.0
Renault Clio,9824.0,8713,-1111.0,1234321.0,1111.0
Renault Clio,9900.0,10107,207.0,42849.0,207.0
Renault Clio,9900.0,8844,-1056.0,1115136.0,1056.0
Renault Clio,9950.0,10628,678.0,459684.0,678.0
Renault Clio,9950.0,13216,3266.0,10666756.0,3266.0
Renault Clio,9990.0,8860,-1130.0,1276900.0,1130.0
Renault Clio,9950.0,10396,446.0,198916.0,446.0
Renault Clio,9930.0,12497,2567.0,6589489.0,2567.0
Renault Clio,9950.0,7957,-1993.0,3972049.0,1993.0
Renault Clio,9950.0,7201,-2749.0,7557001.0,2749.0
Renault Clio,9900.0,9210,-690.0,476100.0,690.0
Renault Clio,9900.0,12809,2909.0,8462281.0,2909.0
Renault Clio,9900.0,9615,-285.0,81225.0,285.0
Renault Clio,9900.0,9302,-598.0,357604.0,598.0
Renault Clio,9900.0,11993,2093.0,4380649.0,2093.0
Renault Clio,9900.0,8806,-1094.0,1196836.0,1094.0
Renault Clio,9900.0,11253,1353.0,1830609.0,1353.0
Renault Clio,9900.0,12003,2103.0,4422609.0,2103.0
Renault Clio,9900.0,11374,1474.0,2172676.0,1474.0
Renault Clio,9900.0,11215,1315.0,1729225.0,1315.0
Renault Clio,9900.0,11215,1315.0,1729225.0,1315.0
Renault Clio,9900.0,11374,1474.0,2172676.0,1474.0
Renault Clio,9990.0,11903,1913.0,3659569.0,1913.0
Renault Clio,9900.0,11248,1348.0,1817104.0,1348.0
Renault Clio,9990.0,7096,-2894.0,8375236.0,2894.0
Renault Clio,9990.0,11872,1882.0,3541924.0,1882.0
Renault Clio,9990.0,8672,-1318.0,1737124.0,1318.0
Renault Clio,9990.0,10808,818.0,669124.0,818.0
Renault Clio,9990.0,7987,-2003.0,4012009.0,2003.0
Renault Clio,9990.0,12221,2231.0,4977361.0,2231.0
Renault Clio,9980.0,10643,663.0,439569.0,663.0
Renault Clio,9980.0,11242,1262.0,1592644.0,1262.0
Renault Clio,9980.0,11209,1229.0,1510441.0,1229.0
Renault Clio,9980.0,8201,-1779.0,3164841.0,1779.0
Renault Clio,9970.0,7785,-2185.0,4774225.0,2185.0
Renault Clio,9980.0,7192,-2788.0,7772944.0,2788.0
Renault Clio,9972.0,12742,2770.0,7672900.0,2770.0
Renault Clio,9971.0,12549,2578.0,6646084.0,2578.0
Renault Clio,9980.0,8194,-1786.0,3189796.0,1786.0
Renault Clio,9900.0,16521,6621.0,43837641.0,6621.0
Renault Clio,9900.0,14312,4412.0,19465744.0,4412.0
Renault Clio,9899.0,8310,-1589.0,2524921.0,1589.0
Renault Clio,9899.0,9135,-764.0,583696.0,764.0
Renault Clio,9890.0,11750,1860.0,3459600.0,1860.0
Renault Clio,9900.0,8096,-1804.0,3254416.0,1804.0
Renault Clio,9890.0,8249,-1641.0,2692881.0,1641.0
Renault Clio,9890.0,8285,-1605.0,2576025.0,1605.0
Renault Clio,9885.0,10450,565.0,319225.0,565.0
Renault Clio,9880.0,8178,-1702.0,2896804.0,1702.0
Renault Clio,9880.0,8146,-1734.0,3006756.0,1734.0
Renault Clio,9875.0,8206,-1669.0,2785561.0,1669.0
Renault Clio,9870.0,11328,1458.0,2125764.0,1458.0
Renault Clio,9870.0,11328,1458.0,2125764.0,1458.0
Renault Clio,9850.0,13597,3747.0,14040009.0,3747.0
Renault Clio,9850.0,7173,-2677.0,7166329.0,2677.0
Renault Clio,9850.0,7603,-2247.0,5049009.0,2247.0
Renault Clio,9850.0,8614,-1236.0,1527696.0,1236.0
Renault Clio,9840.0,12736,2896.0,8386816.0,2896.0
Renault Clio,9900.0,9321,-579.0,335241.0,579.0
Renault Clio,9900.0,12225,2325.0,5405625.0,2325.0
Renault Clio,9900.0,6204,-3696.0,13660416.0,3696.0
Renault Clio,9900.0,11021,1121.0,1256641.0,1121.0
Renault Clio,9900.0,9065,-835.0,697225.0,835.0
Renault Clio,9900.0,10310,410.0,168100.0,410.0
Renault Clio,9900.0,10016,116.0,13456.0,116.0
Renault Clio,9900.0,6986,-2914.0,8491396.0,2914.0
Renault Clio,9900.0,12267,2367.0,5602689.0,2367.0
Renault Clio,9900.0,9409,-491.0,241081.0,491.0
Renault Clio,9900.0,9075,-825.0,680625.0,825.0
Renault Clio,9900.0,9065,-835.0,697225.0,835.0
Renault Clio,9900.0,10187,287.0,82369.0,287.0
Renault Clio,9900.0,9463,-437.0,190969.0,437.0
Renault Clio,9900.0,9396,-504.0,254016.0,504.0
Renault Clio,9800.0,7944,-1856.0,3444736.0,1856.0
Renault Clio,9800.0,7801,-1999.0,3996001.0,1999.0
Renault Clio,9800.0,8788,-1012.0,1024144.0,1012.0
Renault Clio,9900.0,7831,-2069.0,4280761.0,2069.0
Renault Clio,9800.0,7711,-2089.0,4363921.0,2089.0
Renault Clio,9900.0,10551,651.0,423801.0,651.0
Renault Clio,9800.0,7501,-2299.0,5285401.0,2299.0
Renault Clio,9800.0,9431,-369.0,136161.0,369.0
Renault Clio,9800.0,10049,249.0,62001.0,249.0
Renault Clio,9800.0,9105,-695.0,483025.0,695.0
Renault Clio,9800.0,9418,-382.0,145924.0,382.0
Renault Clio,9800.0,7740,-2060.0,4243600.0,2060.0
Renault Clio,9800.0,7860,-1940.0,3763600.0,1940.0
Renault Clio,9800.0,10527,727.0,528529.0,727.0
Renault Clio,9800.0,8915,-885.0,783225.0,885.0
Renault Clio,9800.0,9183,-617.0,380689.0,617.0
Renault Clio,9750.0,6833,-2917.0,8508889.0,2917.0
Renault Clio,9800.0,7951,-1849.0,3418801.0,1849.0
Renault Clio,9680.0,7764,-1916.0,3671056.0,1916.0
Renault Clio,9680.0,10784,1104.0,1218816.0,1104.0
Renault Clio,9680.0,9003,-677.0,458329.0,677.0
Renault Clio,9679.0,8022,-1657.0,2745649.0,1657.0
Renault Clio,9650.0,8900,-750.0,562500.0,750.0
Renault Clio,9650.0,7743,-1907.0,3636649.0,1907.0
Renault Clio,9600.0,7106,-2494.0,6220036.0,2494.0
Renault Clio,9600.0,6615,-2985.0,8910225.0,2985.0
Renault Clio,9600.0,9433,-167.0,27889.0,167.0
Renault Clio,9600.0,6745,-2855.0,8151025.0,2855.0
Renault Clio,9600.0,11541,1941.0,3767481.0,1941.0
Renault Clio,9600.0,8626,-974.0,948676.0,974.0
Renault Clio,9600.0,9411,-189.0,35721.0,189.0
Renault Clio,9590.0,9586,-4.0,16.0,4.0
Renault Clio,9580.0,9117,-463.0,214369.0,463.0
Renault Clio,9545.0,13332,3787.0,14341369.0,3787.0
Renault Clio,9590.0,8245,-1345.0,1809025.0,1345.0
Renault Clio,9500.0,7659,-1841.0,3389281.0,1841.0
Renault Clio,9500.0,8606,-894.0,799236.0,894.0
Renault Clio,9550.0,8415,-1135.0,1288225.0,1135.0
Renault Clio,9500.0,5452,-4048.0,16386304.0,4048.0
Renault Clio,9500.0,9763,263.0,69169.0,263.0
Renault Clio,9500.0,9302,-198.0,39204.0,198.0
Renault Clio,9500.0,7052,-2448.0,5992704.0,2448.0
Renault Clio,9500.0,11390,1890.0,3572100.0,1890.0
Renault Clio,9500.0,8447,-1053.0,1108809.0,1053.0
Renault Clio,9500.0,12199,2699.0,7284601.0,2699.0
Renault Clio,9500.0,7004,-2496.0,6230016.0,2496.0
Renault Clio,9500.0,7844,-1656.0,2742336.0,1656.0
Renault Clio,9500.0,9905,405.0,164025.0,405.0
Renault Clio,9500.0,7621,-1879.0,3530641.0,1879.0
Renault Clio,9500.0,9757,257.0,66049.0,257.0
Renault Clio,9500.0,9557,57.0,3249.0,57.0
Renault Clio,9750.0,9092,-658.0,432964.0,658.0
Renault Clio,9500.0,9930,430.0,184900.0,430.0
Renault Clio,9500.0,8697,-803.0,644809.0,803.0
Renault Clio,9500.0,8484,-1016.0,1032256.0,1016.0
Renault Clio,9700.0,10615,915.0,837225.0,915.0
Renault Clio,9750.0,9821,71.0,5041.0,71.0
Renault Clio,9700.0,7576,-2124.0,4511376.0,2124.0
Renault Clio,9700.0,7681,-2019.0,4076361.0,2019.0
Renault Clio,9700.0,7428,-2272.0,5161984.0,2272.0
Renault Clio,9700.0,7576,-2124.0,4511376.0,2124.0
Renault Clio,9700.0,7681,-2019.0,4076361.0,2019.0
Renault Clio,9700.0,8929,-771.0,594441.0,771.0
Renault Clio,9700.0,8194,-1506.0,2268036.0,1506.0
Renault Clio,9700.0,7586,-2114.0,4468996.0,2114.0
Renault Clio,9700.0,8261,-1439.0,2070721.0,1439.0
Renault Clio,9700.0,8206,-1494.0,2232036.0,1494.0
Renault Clio,9700.0,8254,-1446.0,2090916.0,1446.0
Renault Clio,9700.0,8026,-1674.0,2802276.0,1674.0
Renault Clio,9700.0,8206,-1494.0,2232036.0,1494.0
Renault Clio,9690.0,8910,-780.0,608400.0,780.0
Renault Clio,9690.0,8571,-1119.0,1252161.0,1119.0
Renault Clio,9690.0,9582,-108.0,11664.0,108.0
Renault Clio,9690.0,15105,5415.0,29322225.0,5415.0
Renault Clio,20450.0,24071,3621.0,13111641.0,3621.0
Renault Clio,18990.0,20051,1061.0,1125721.0,1061.0
Renault Clio,20490.0,20392,-98.0,9604.0,98.0
Renault Clio,22500.0,23759,1259.0,1585081.0,1259.0
Renault Clio,23021.0,25941,2920.0,8526400.0,2920.0
Renault Clio,18490.0,22062,3572.0,12759184.0,3572.0
Renault Clio,18970.0,17724,-1246.0,1552516.0,1246.0
Renault Clio,18980.0,14908,-4072.0,16581184.0,4072.0
Renault Clio,18950.0,17247,-1703.0,2900209.0,1703.0
Renault Clio,26970.0,26947,-23.0,529.0,23.0
Renault Clio,26900.0,24189,-2711.0,7349521.0,2711.0
Renault Clio,26890.0,24977,-1913.0,3659569.0,1913.0
Renault Clio,27490.0,23268,-4222.0,17825284.0,4222.0
Renault Clio,26800.0,26681,-119.0,14161.0,119.0
Renault Clio,9990.0,9960,-30.0,900.0,30.0
Renault Clio,31500.0,24980,-6520.0,42510400.0,6520.0
Renault Clio,29850.0,24449,-5401.0,29170801.0,5401.0
Renault Clio,9990.0,9821,-169.0,28561.0,169.0
Renault Clio,9990.0,14326,4336.0,18800896.0,4336.0
Renault Clio,9999.0,9410,-589.0,346921.0,589.0
Renault Clio,9998.0,11051,1053.0,1108809.0,1053.0
Renault Clio,9999.0,10271,272.0,73984.0,272.0
Renault Clio,9999.0,12812,2813.0,7912969.0,2813.0
Renault Clio,9999.0,11127,1128.0,1272384.0,1128.0
Renault Clio,9999.0,11127,1128.0,1272384.0,1128.0
Renault Clio,9999.0,12681,2682.0,7193124.0,2682.0
Renault Clio,9999.0,11185,1186.0,1406596.0,1186.0
Renault Clio,9999.0,13284,3285.0,10791225.0,3285.0
Renault Clio,9999.0,12801,2802.0,7851204.0,2802.0
Renault Clio,9999.0,11044,1045.0,1092025.0,1045.0
Renault Clio,9999.0,12965,2966.0,8797156.0,2966.0
Renault Clio,9999.0,12888,2889.0,8346321.0,2889.0
Renault Clio,9999.0,9403,-596.0,355216.0,596.0
Renault Clio,9999.0,12943,2944.0,8667136.0,2944.0
Renault Clio,9999.0,12943,2944.0,8667136.0,2944.0
Renault Clio,9999.0,12637,2638.0,6959044.0,2638.0
Renault Clio,9999.0,12802,2803.0,7856809.0,2803.0
Renault Clio,9999.0,12844,2845.0,8094025.0,2845.0
Renault Clio,9999.0,12844,2845.0,8094025.0,2845.0
Renault Clio,9999.0,12635,2636.0,6948496.0,2636.0
Renault Clio,9999.0,12732,2733.0,7469289.0,2733.0
Renault Clio,9999.0,11068,1069.0,1142761.0,1069.0
Renault Clio,9999.0,9852,-147.0,21609.0,147.0
Renault Clio,9999.0,12271,2272.0,5161984.0,2272.0
Renault Clio,9999.0,9396,-603.0,363609.0,603.0
Renault Clio,9999.0,12700,2701.0,7295401.0,2701.0
Renault Clio,9999.0,9803,-196.0,38416.0,196.0
Renault Clio,9999.0,10272,273.0,74529.0,273.0
Renault Clio,9999.0,9983,-16.0,256.0,16.0
Renault Clio,9999.0,12923,2924.0,8549776.0,2924.0
Renault Clio,9999.0,9874,-125.0,15625.0,125.0
Renault Clio,9999.0,12738,2739.0,7502121.0,2739.0
Renault Clio,9999.0,10007,8.0,64.0,8.0
Renault Clio,9999.0,11217,1218.0,1483524.0,1218.0
Renault Clio,9999.0,9908,-91.0,8281.0,91.0
Renault Clio,9999.0,10682,683.0,466489.0,683.0
Renault Clio,9999.0,12808,2809.0,7890481.0,2809.0
Renault Clio,9999.0,10262,263.0,69169.0,263.0
Renault Clio,9999.0,12245,2246.0,5044516.0,2246.0
Renault Clio,9999.0,13112,3113.0,9690769.0,3113.0
Renault Clio,9999.0,12785,2786.0,7761796.0,2786.0
Renault Clio,9999.0,12770,2771.0,7678441.0,2771.0
Renault Clio,9999.0,9941,-58.0,3364.0,58.0
Renault Clio,9999.0,10226,227.0,51529.0,227.0
Renault Clio,9999.0,12844,2845.0,8094025.0,2845.0
Renault Clio,9999.0,10394,395.0,156025.0,395.0
Renault Clio,9999.0,11356,1357.0,1841449.0,1357.0
Renault Clio,9999.0,10095,96.0,9216.0,96.0
Renault Clio,9999.0,9947,-52.0,2704.0,52.0
Renault Clio,9999.0,9708,-291.0,84681.0,291.0
Renault Clio,9999.0,9947,-52.0,2704.0,52.0
Renault Clio,9999.0,10205,206.0,42436.0,206.0
Renault Clio,9999.0,9261,-738.0,544644.0,738.0
Renault Clio,9999.0,9800,-199.0,39601.0,199.0
Renault Clio,9999.0,9818,-181.0,32761.0,181.0
Renault Clio,9999.0,9491,-508.0,258064.0,508.0
Renault Clio,9999.0,9874,-125.0,15625.0,125.0
Renault Clio,9999.0,9632,-367.0,134689.0,367.0
Renault Clio,9999.0,12844,2845.0,8094025.0,2845.0
Renault Clio,9990.0,9969,-21.0,441.0,21.0
Renault Clio,9990.0,12942,2952.0,8714304.0,2952.0
Renault Clio,9990.0,13525,3535.0,12496225.0,3535.0
Renault Clio,9990.0,10554,564.0,318096.0,564.0
Renault Clio,9990.0,10731,741.0,549081.0,741.0
Renault Clio,9990.0,14331,4341.0,18844281.0,4341.0
Renault Clio,9990.0,10248,258.0,66564.0,258.0
Renault Clio,9990.0,13273,3283.0,10778089.0,3283.0
Renault Clio,9990.0,8896,-1094.0,1196836.0,1094.0
Renault Clio,9990.0,15031,5041.0,25411681.0,5041.0
Renault Clio,9990.0,14977,4987.0,24870169.0,4987.0
Renault Clio,9990.0,15031,5041.0,25411681.0,5041.0
Renault Clio,9990.0,12720,2730.0,7452900.0,2730.0
Renault Clio,9990.0,8444,-1546.0,2390116.0,1546.0
Renault Clio,9990.0,11260,1270.0,1612900.0,1270.0
Renault Clio,9990.0,13669,3679.0,13535041.0,3679.0
Renault Clio,9990.0,13612,3622.0,13118884.0,3622.0
Renault Clio,9990.0,8460,-1530.0,2340900.0,1530.0
Renault Clio,9990.0,14519,4529.0,20511841.0,4529.0
Renault Clio,9990.0,13563,3573.0,12766329.0,3573.0
Renault Clio,9990.0,13436,3446.0,11874916.0,3446.0
Renault Clio,9990.0,13436,3446.0,11874916.0,3446.0
Renault Clio,9990.0,12969,2979.0,8874441.0,2979.0
Renault Clio,29740.0,31606,1866.0,3481956.0,1866.0
Renault Clio,28949.0,26863,-2086.0,4351396.0,2086.0
Renault Clio,28880.0,22054,-6826.0,46594276.0,6826.0
Renault Clio,28689.0,23318,-5371.0,28847641.0,5371.0
Renault Clio,27777.0,27357,-420.0,176400.0,420.0
Renault Clio,27777.0,27632,-145.0,21025.0,145.0
Renault Clio,27777.0,28186,409.0,167281.0,409.0
Renault Clio,26770.0,26199,-571.0,326041.0,571.0
Renault Clio,26666.0,26700,34.0,1156.0,34.0
Renault Clio,26666.0,28068,1402.0,1965604.0,1402.0
Renault Clio,25555.0,29065,3510.0,12320100.0,3510.0
Renault Clio,25000.0,20949,-4051.0,16410601.0,4051.0
Renault Clio,24940.0,24236,-704.0,495616.0,704.0
Renault Clio,24900.0,22363,-2537.0,6436369.0,2537.0
Renault Clio,25990.0,23227,-2763.0,7634169.0,2763.0
Renault Clio,24888.0,28470,3582.0,12830724.0,3582.0
Renault Clio,24300.0,25277,977.0,954529.0,977.0
Renault Clio,24170.0,23957,-213.0,45369.0,213.0
Renault Clio,24170.0,24030,-140.0,19600.0,140.0
Renault Clio,24000.0,23410,-590.0,348100.0,590.0
Renault Clio,23999.0,20655,-3344.0,11182336.0,3344.0
Renault Clio,23990.0,22838,-1152.0,1327104.0,1152.0
Renault Clio,18889.0,17753,-1136.0,1290496.0,1136.0
Renault Clio,18800.0,18270,-530.0,280900.0,530.0
Renault Clio,18800.0,17601,-1199.0,1437601.0,1199.0
Renault Clio,18790.0,17803,-987.0,974169.0,987.0
Renault Clio,18680.0,20191,1511.0,2283121.0,1511.0
Renault Clio,18745.0,21317,2572.0,6615184.0,2572.0
Renault Clio,18700.0,17335,-1365.0,1863225.0,1365.0
Renault Clio,18500.0,22232,3732.0,13927824.0,3732.0
Renault Clio,18690.0,16750,-1940.0,3763600.0,1940.0
Renault Clio,18490.0,22059,3569.0,12737761.0,3569.0
Renault Clio,18490.0,21767,3277.0,10738729.0,3277.0
Renault Clio,18490.0,21734,3244.0,10523536.0,3244.0
Renault Clio,18490.0,22059,3569.0,12737761.0,3569.0
Renault Clio,18490.0,21767,3277.0,10738729.0,3277.0
Renault Clio,18490.0,22059,3569.0,12737761.0,3569.0
Renault Clio,18490.0,22059,3569.0,12737761.0,3569.0
Renault Clio,23990.0,22596,-1394.0,1943236.0,1394.0
Renault Clio,23920.0,22262,-1658.0,2748964.0,1658.0
Renault Clio,23500.0,23203,-297.0,88209.0,297.0
Renault Clio,23021.0,26215,3194.0,10201636.0,3194.0
Renault Clio,23021.0,26118,3097.0,9591409.0,3097.0
Renault Clio,23021.0,26214,3193.0,10195249.0,3193.0
Renault Clio,23021.0,26410,3389.0,11485321.0,3389.0
Renault Clio,23021.0,26389,3368.0,11343424.0,3368.0
Renault Clio,23021.0,26119,3098.0,9597604.0,3098.0
Renault Clio,23021.0,26864,3843.0,14768649.0,3843.0
Renault Clio,23021.0,24384,1363.0,1857769.0,1363.0
Renault Clio,23021.0,24950,1929.0,3721041.0,1929.0
Renault Clio,23021.0,24493,1472.0,2166784.0,1472.0
Renault Clio,23021.0,26039,3018.0,9108324.0,3018.0
Renault Clio,23021.0,25937,2916.0,8503056.0,2916.0
Renault Clio,23021.0,25937,2916.0,8503056.0,2916.0
Renault Clio,23021.0,26045,3024.0,9144576.0,3024.0
Renault Clio,18490.0,22059,3569.0,12737761.0,3569.0
Renault Clio,23021.0,25655,2634.0,6937956.0,2634.0
Renault Clio,18490.0,21767,3277.0,10738729.0,3277.0
Renault Clio,18490.0,21869,3379.0,11417641.0,3379.0
Renault Clio,18490.0,22059,3569.0,12737761.0,3569.0
Renault Clio,18490.0,22062,3572.0,12759184.0,3572.0
Renault Clio,18490.0,22059,3569.0,12737761.0,3569.0
Renault Clio,18490.0,21734,3244.0,10523536.0,3244.0
Renault Clio,18490.0,22059,3569.0,12737761.0,3569.0
Renault Clio,18490.0,21734,3244.0,10523536.0,3244.0
Renault Clio,22300.0,23359,1059.0,1121481.0,1059.0
Renault Clio,22222.0,23846,1624.0,2637376.0,1624.0
Renault Clio,18490.0,21767,3277.0,10738729.0,3277.0
Renault Clio,22500.0,22240,-260.0,67600.0,260.0
Renault Clio,22470.0,19469,-3001.0,9006001.0,3001.0
Renault Clio,21990.0,23342,1352.0,1827904.0,1352.0
Renault Clio,21990.0,23745,1755.0,3080025.0,1755.0
Renault Clio,22490.0,22585,95.0,9025.0,95.0
Renault Clio,21590.0,24956,3366.0,11329956.0,3366.0
Renault Clio,21900.0,21388,-512.0,262144.0,512.0
Renault Clio,21900.0,23058,1158.0,1340964.0,1158.0
Renault Clio,21000.0,22471,1471.0,2163841.0,1471.0
Renault Clio,21690.0,21732,42.0,1764.0,42.0
Renault Clio,20999.0,22577,1578.0,2490084.0,1578.0
Renault Clio,20950.0,22258,1308.0,1710864.0,1308.0
Renault Clio,20800.0,22113,1313.0,1723969.0,1313.0
Renault Clio,23021.0,25941,2920.0,8526400.0,2920.0
Renault Clio,23021.0,26045,3024.0,9144576.0,3024.0
Renault Clio,20730.0,18314,-2416.0,5837056.0,2416.0
Renault Clio,23021.0,25937,2916.0,8503056.0,2916.0
Renault Clio,23021.0,26045,3024.0,9144576.0,3024.0
Renault Clio,23021.0,26020,2999.0,8994001.0,2999.0
Renault Clio,23021.0,26045,3024.0,9144576.0,3024.0
Renault Clio,23021.0,25937,2916.0,8503056.0,2916.0
Renault Clio,23021.0,26045,3024.0,9144576.0,3024.0
Renault Clio,23021.0,25760,2739.0,7502121.0,2739.0
Renault Clio,23021.0,26020,2999.0,8994001.0,2999.0
Renault Clio,23021.0,25941,2920.0,8526400.0,2920.0
Renault Clio,23000.0,23671,671.0,450241.0,671.0
Renault Clio,23000.0,22637,-363.0,131769.0,363.0
Renault Clio,22990.0,27102,4112.0,16908544.0,4112.0
Renault Clio,22600.0,22168,-432.0,186624.0,432.0
Renault Clio,22975.0,20697,-2278.0,5189284.0,2278.0
Renault Clio,22950.0,23788,838.0,702244.0,838.0
Renault Clio,22800.0,20354,-2446.0,5982916.0,2446.0
Renault Clio,22600.0,23357,757.0,573049.0,757.0
Renault Clio,19999.0,20509,510.0,260100.0,510.0
Renault Clio,19990.0,20016,26.0,676.0,26.0
Renault Clio,19970.0,19131,-839.0,703921.0,839.0
Renault Clio,19670.0,18141,-1529.0,2337841.0,1529.0
Renault Clio,19589.0,17028,-2561.0,6558721.0,2561.0
Renault Clio,19490.0,18774,-716.0,512656.0,716.0
Renault Clio,19490.0,17168,-2322.0,5391684.0,2322.0
Renault Clio,19460.0,19455,-5.0,25.0,5.0
Renault Clio,19450.0,17369,-2081.0,4330561.0,2081.0
Renault Clio,19450.0,17192,-2258.0,5098564.0,2258.0
Renault Clio,19300.0,23116,3816.0,14561856.0,3816.0
Renault Clio,19300.0,17496,-1804.0,3254416.0,1804.0
Renault Clio,19190.0,20398,1208.0,1459264.0,1208.0
Renault Clio,19490.0,18261,-1229.0,1510441.0,1229.0
Renault Clio,18990.0,15292,-3698.0,13675204.0,3698.0
Renault Clio,18990.0,19331,341.0,116281.0,341.0
Renault Clio,10190.0,10197,7.0,49.0,7.0
Renault Clio,10190.0,11231,1041.0,1083681.0,1041.0
Renault Clio,9999.0,10533,534.0,285156.0,534.0
Renault Clio,10490.0,12596,2106.0,4435236.0,2106.0
Renault Clio,10000.0,9556,-444.0,197136.0,444.0
Renault Clio,10000.0,13204,3204.0,10265616.0,3204.0
Renault Clio,10000.0,8878,-1122.0,1258884.0,1122.0
Renault Clio,10490.0,10012,-478.0,228484.0,478.0
Renault Clio,10499.0,9341,-1158.0,1340964.0,1158.0
Renault Clio,10500.0,9943,-557.0,310249.0,557.0
Renault Clio,10495.0,10202,-293.0,85849.0,293.0
Renault Clio,10491.0,10304,-187.0,34969.0,187.0
Renault Clio,10564.0,13971,3407.0,11607649.0,3407.0
Renault Clio,10530.0,12638,2108.0,4443664.0,2108.0
Renault Clio,10790.0,10437,-353.0,124609.0,353.0
Renault Clio,10790.0,6438,-4352.0,18939904.0,4352.0
Renault Clio,10589.0,12883,2294.0,5262436.0,2294.0
Renault Clio,10589.0,10276,-313.0,97969.0,313.0
Renault Clio,10790.0,9105,-1685.0,2839225.0,1685.0
Renault Clio,10790.0,13941,3151.0,9928801.0,3151.0
Renault Clio,10798.0,12943,2145.0,4601025.0,2145.0
Renault Clio,10798.0,10309,-489.0,239121.0,489.0
Renault Clio,10799.0,12251,1452.0,2108304.0,1452.0
Renault Clio,10799.0,10814,15.0,225.0,15.0
Renault Clio,10798.0,10310,-488.0,238144.0,488.0
Renault Clio,10800.0,13700,2900.0,8410000.0,2900.0
Renault Clio,10690.0,10518,-172.0,29584.0,172.0
Renault Clio,10690.0,12096,1406.0,1976836.0,1406.0
Renault Clio,10690.0,13174,2484.0,6170256.0,2484.0
Renault Clio,10690.0,12348,1658.0,2748964.0,1658.0
Renault Clio,10690.0,12375,1685.0,2839225.0,1685.0
Renault Clio,10798.0,10507,-291.0,84681.0,291.0
Renault Clio,10798.0,10244,-554.0,306916.0,554.0
Renault Clio,10798.0,10480,-318.0,101124.0,318.0
Renault Clio,10798.0,10525,-273.0,74529.0,273.0
Renault Clio,10798.0,10423,-375.0,140625.0,375.0
Renault Clio,10798.0,10498,-300.0,90000.0,300.0
Renault Clio,10798.0,10430,-368.0,135424.0,368.0
Renault Clio,10790.0,13766,2976.0,8856576.0,2976.0
Renault Clio,10797.0,10597,-200.0,40000.0,200.0
Renault Clio,10790.0,13970,3180.0,10112400.0,3180.0
Renault Clio,10798.0,13313,2515.0,6325225.0,2515.0
Renault Clio,10790.0,13766,2976.0,8856576.0,2976.0
Renault Clio,10790.0,13523,2733.0,7469289.0,2733.0
Renault Clio,10690.0,12730,2040.0,4161600.0,2040.0
Renault Clio,10660.0,9398,-1262.0,1592644.0,1262.0
Renault Clio,10690.0,13105,2415.0,5832225.0,2415.0
Renault Clio,10650.0,11137,487.0,237169.0,487.0
Renault Clio,10690.0,12986,2296.0,5271616.0,2296.0
Renault Clio,10690.0,8949,-1741.0,3031081.0,1741.0
Renault Clio,10644.0,10596,-48.0,2304.0,48.0
Renault Clio,10640.0,11944,1304.0,1700416.0,1304.0
Renault Clio,10610.0,12006,1396.0,1948816.0,1396.0
Renault Clio,10590.0,9907,-683.0,466489.0,683.0
Renault Clio,10590.0,8841,-1749.0,3059001.0,1749.0
Renault Clio,10590.0,13439,2849.0,8116801.0,2849.0
Renault Clio,10790.0,11394,604.0,364816.0,604.0
Renault Clio,10590.0,13712,3122.0,9746884.0,3122.0
Renault Clio,10770.0,11266,496.0,246016.0,496.0
Renault Clio,10777.0,13626,2849.0,8116801.0,2849.0
Renault Clio,10760.0,11033,273.0,74529.0,273.0
Renault Clio,10750.0,10502,-248.0,61504.0,248.0
Renault Clio,10750.0,9429,-1321.0,1745041.0,1321.0
Renault Clio,10770.0,11078,308.0,94864.0,308.0
Renault Clio,10750.0,13835,3085.0,9517225.0,3085.0
Renault Clio,10750.0,10341,-409.0,167281.0,409.0
Renault Clio,10750.0,10942,192.0,36864.0,192.0
Renault Clio,10700.0,13528,2828.0,7997584.0,2828.0
Renault Clio,10700.0,10221,-479.0,229441.0,479.0
Renault Clio,10750.0,11890,1140.0,1299600.0,1140.0
Renault Clio,10750.0,10528,-222.0,49284.0,222.0
Renault Clio,10700.0,9467,-1233.0,1520289.0,1233.0
Renault Clio,10700.0,10142,-558.0,311364.0,558.0
Renault Clio,10507.0,12740,2233.0,4986289.0,2233.0
Renault Clio,10506.0,12686,2180.0,4752400.0,2180.0
Renault Clio,10500.0,11123,623.0,388129.0,623.0
Renault Clio,10500.0,10457,-43.0,1849.0,43.0
Renault Clio,10500.0,10759,259.0,67081.0,259.0
Renault Clio,10500.0,12712,2212.0,4892944.0,2212.0
Renault Clio,10500.0,9781,-719.0,516961.0,719.0
Renault Clio,10500.0,9652,-848.0,719104.0,848.0
Renault Clio,10500.0,9364,-1136.0,1290496.0,1136.0
Renault Clio,10500.0,11489,989.0,978121.0,989.0
Renault Clio,10500.0,11280,780.0,608400.0,780.0
Renault Clio,10699.0,9551,-1148.0,1317904.0,1148.0
Renault Clio,10389.0,13154,2765.0,7645225.0,2765.0
Renault Clio,10490.0,10589,99.0,9801.0,99.0
Renault Clio,10490.0,10719,229.0,52441.0,229.0
Renault Clio,10500.0,12643,2143.0,4592449.0,2143.0
Renault Clio,10389.0,12902,2513.0,6315169.0,2513.0
Renault Clio,10389.0,13262,2873.0,8254129.0,2873.0
Renault Clio,10500.0,12026,1526.0,2328676.0,1526.0
Renault Clio,10389.0,10712,323.0,104329.0,323.0
Renault Clio,10499.0,11164,665.0,442225.0,665.0
Renault Clio,10499.0,9167,-1332.0,1774224.0,1332.0
Renault Clio,10389.0,10365,-24.0,576.0,24.0
Renault Clio,10389.0,10600,211.0,44521.0,211.0
Renault Clio,10389.0,10605,216.0,46656.0,216.0
Renault Clio,10300.0,10058,-242.0,58564.0,242.0
Renault Clio,10370.0,12271,1901.0,3613801.0,1901.0
Renault Clio,10365.0,12099,1734.0,3006756.0,1734.0
Renault Clio,10300.0,14696,4396.0,19324816.0,4396.0
Renault Clio,10300.0,12614,2314.0,5354596.0,2314.0
Renault Clio,10300.0,11652,1352.0,1827904.0,1352.0
Renault Clio,10300.0,11232,932.0,868624.0,932.0
Renault Clio,10300.0,11225,925.0,855625.0,925.0
Renault Clio,10300.0,11407,1107.0,1225449.0,1107.0
Renault Clio,10290.0,13029,2739.0,7502121.0,2739.0
Renault Clio,10290.0,13660,3370.0,11356900.0,3370.0
Renault Clio,10490.0,9453,-1037.0,1075369.0,1037.0
Renault Clio,10490.0,11272,782.0,611524.0,782.0
Renault Clio,10490.0,10893,403.0,162409.0,403.0
Renault Clio,10460.0,11377,917.0,840889.0,917.0
Renault Clio,10450.0,9687,-763.0,582169.0,763.0
Renault Clio,10450.0,10068,-382.0,145924.0,382.0
Renault Clio,10450.0,8641,-1809.0,3272481.0,1809.0
Renault Clio,10450.0,6691,-3759.0,14130081.0,3759.0
Renault Clio,10450.0,11015,565.0,319225.0,565.0
Renault Clio,10450.0,10967,517.0,267289.0,517.0
Renault Clio,10450.0,11671,1221.0,1490841.0,1221.0
Renault Clio,10450.0,11392,942.0,887364.0,942.0
Renault Clio,10450.0,11390,940.0,883600.0,940.0
Renault Clio,10450.0,11426,976.0,952576.0,976.0
Renault Clio,10450.0,11373,923.0,851929.0,923.0
Renault Clio,10450.0,11540,1090.0,1188100.0,1090.0
Renault Clio,10450.0,11504,1054.0,1110916.0,1054.0
Renault Clio,10450.0,11399,949.0,900601.0,949.0
Renault Clio,10400.0,11634,1234.0,1522756.0,1234.0
Renault Clio,10450.0,11536,1086.0,1179396.0,1086.0
Renault Clio,10490.0,10476,-14.0,196.0,14.0
Renault Clio,10450.0,11540,1090.0,1188100.0,1090.0
Renault Clio,10450.0,11440,990.0,980100.0,990.0
Renault Clio,10490.0,13600,3110.0,9672100.0,3110.0
Renault Clio,10490.0,10768,278.0,77284.0,278.0
Renault Clio,10490.0,13390,2900.0,8410000.0,2900.0
Renault Clio,10490.0,9077,-1413.0,1996569.0,1413.0
Renault Clio,10490.0,8777,-1713.0,2934369.0,1713.0
Renault Clio,10200.0,12338,2138.0,4571044.0,2138.0
Renault Clio,10490.0,9661,-829.0,687241.0,829.0
Renault Clio,10200.0,8350,-1850.0,3422500.0,1850.0
Renault Clio,10200.0,7896,-2304.0,5308416.0,2304.0
Renault Clio,10200.0,8423,-1777.0,3157729.0,1777.0
Renault Clio,10200.0,8619,-1581.0,2499561.0,1581.0
Renault Clio,10200.0,10409,209.0,43681.0,209.0
Renault Clio,10200.0,12344,2144.0,4596736.0,2144.0
Renault Clio,10200.0,11684,1484.0,2202256.0,1484.0
Renault Clio,10270.0,10502,232.0,53824.0,232.0
Renault Clio,10450.0,11368,918.0,842724.0,918.0
Renault Clio,10450.0,11558,1108.0,1227664.0,1108.0
Renault Clio,10450.0,11399,949.0,900601.0,949.0
Renault Clio,10450.0,11399,949.0,900601.0,949.0
Renault Clio,10450.0,10900,450.0,202500.0,450.0
Renault Clio,10450.0,11374,924.0,853776.0,924.0
Renault Clio,10450.0,11444,994.0,988036.0,994.0
Renault Clio,10450.0,11562,1112.0,1236544.0,1112.0
Renault Clio,10450.0,10928,478.0,228484.0,478.0
Renault Clio,10450.0,11350,900.0,810000.0,900.0
Renault Clio,10450.0,11429,979.0,958441.0,979.0
Renault Clio,10450.0,11594,1144.0,1308736.0,1144.0
Renault Clio,10450.0,11559,1109.0,1229881.0,1109.0
Renault Clio,10450.0,10900,450.0,202500.0,450.0
Renault Clio,10450.0,11483,1033.0,1067089.0,1033.0
Renault Clio,10450.0,11554,1104.0,1218816.0,1104.0
Renault Clio,10450.0,10997,547.0,299209.0,547.0
Renault Clio,10450.0,11747,1297.0,1682209.0,1297.0
Renault Clio,10400.0,9713,-687.0,471969.0,687.0
Renault Clio,10400.0,11943,1543.0,2380849.0,1543.0
Renault Clio,10400.0,9406,-994.0,988036.0,994.0
Renault Clio,10399.0,10242,-157.0,24649.0,157.0
Renault Clio,10390.0,11524,1134.0,1285956.0,1134.0
Renault Clio,10390.0,11337,947.0,896809.0,947.0
Renault Clio,10390.0,10650,260.0,67600.0,260.0
Renault Clio,10390.0,13105,2715.0,7371225.0,2715.0
Renault Clio,10390.0,12527,2137.0,4566769.0,2137.0
Renault Clio,10390.0,11774,1384.0,1915456.0,1384.0
Renault Clio,10000.0,13204,3204.0,10265616.0,3204.0
Renault Clio,10000.0,12026,2026.0,4104676.0,2026.0
Renault Clio,10000.0,9251,-749.0,561001.0,749.0
Renault Clio,10000.0,9425,-575.0,330625.0,575.0
Renault Clio,10000.0,11440,1440.0,2073600.0,1440.0
Renault Clio,9999.0,11185,1186.0,1406596.0,1186.0
Renault Clio,10450.0,11426,976.0,952576.0,976.0
Renault Clio,10880.0,11723,843.0,710649.0,843.0
Renault Clio,10880.0,12392,1512.0,2286144.0,1512.0
Renault Clio,11222.0,12619,1397.0,1951609.0,1397.0
Renault Clio,10880.0,11587,707.0,499849.0,707.0
Renault Clio,11400.0,11535,135.0,18225.0,135.0
Renault Clio,11410.0,12012,602.0,362404.0,602.0
Renault Clio,11150.0,9646,-1504.0,2262016.0,1504.0
Renault Clio,10990.0,14927,3937.0,15499969.0,3937.0
Renault Clio,11410.0,12184,774.0,599076.0,774.0
Renault Clio,11410.0,12012,602.0,362404.0,602.0
Renault Clio,11410.0,12137,727.0,528529.0,727.0
Renault Clio,11299.0,12232,933.0,870489.0,933.0
Renault Clio,11490.0,13804,2314.0,5354596.0,2314.0
Renault Clio,11380.0,13204,1824.0,3326976.0,1824.0
Renault Clio,11380.0,12896,1516.0,2298256.0,1516.0
Renault Clio,11380.0,13323,1943.0,3775249.0,1943.0
Renault Clio,11380.0,13066,1686.0,2842596.0,1686.0
Renault Clio,11450.0,13426,1976.0,3904576.0,1976.0
Renault Clio,11400.0,11752,352.0,123904.0,352.0
Renault Clio,11400.0,11783,383.0,146689.0,383.0
Renault Clio,11400.0,11752,352.0,123904.0,352.0
Renault Clio,11400.0,11442,42.0,1764.0,42.0
Renault Clio,11480.0,11925,445.0,198025.0,445.0
Renault Clio,11480.0,12639,1159.0,1343281.0,1159.0
Renault Clio,11486.0,8804,-2682.0,7193124.0,2682.0
Renault Clio,11480.0,11936,456.0,207936.0,456.0
Renault Clio,11470.0,12446,976.0,952576.0,976.0
Renault Clio,11480.0,12280,800.0,640000.0,800.0
Renault Clio,11464.0,15070,3606.0,13003236.0,3606.0
Renault Clio,11462.0,15948,4486.0,20124196.0,4486.0
Renault Clio,11460.0,13761,2301.0,5294601.0,2301.0
Renault Clio,11460.0,13423,1963.0,3853369.0,1963.0
Renault Clio,11450.0,12147,697.0,485809.0,697.0
Renault Clio,11450.0,11597,147.0,21609.0,147.0
Renault Clio,11450.0,12228,778.0,605284.0,778.0
Renault Clio,11450.0,11956,506.0,256036.0,506.0
Renault Clio,11450.0,14194,2744.0,7529536.0,2744.0
Renault Clio,11450.0,13821,2371.0,5621641.0,2371.0
Renault Clio,11450.0,14220,2770.0,7672900.0,2770.0
Renault Clio,11450.0,14134,2684.0,7203856.0,2684.0
Renault Clio,11450.0,14134,2684.0,7203856.0,2684.0
Renault Clio,11400.0,11442,42.0,1764.0,42.0
Renault Clio,11390.0,13217,1827.0,3337929.0,1827.0
Renault Clio,11390.0,15045,3655.0,13359025.0,3655.0
Renault Clio,11390.0,15045,3655.0,13359025.0,3655.0
Renault Clio,11390.0,12989,1599.0,2556801.0,1599.0
Renault Clio,11380.0,12896,1516.0,2298256.0,1516.0
Renault Clio,11371.0,13209,1838.0,3378244.0,1838.0
Renault Clio,11380.0,13066,1686.0,2842596.0,1686.0
Renault Clio,11380.0,13204,1824.0,3326976.0,1824.0
Renault Clio,11380.0,13066,1686.0,2842596.0,1686.0
Renault Clio,11350.0,15041,3691.0,13623481.0,3691.0
Renault Clio,11300.0,13408,2108.0,4443664.0,2108.0
Renault Clio,11299.0,12055,756.0,571536.0,756.0
Renault Clio,11299.0,12294,995.0,990025.0,995.0
Renault Clio,11299.0,11881,582.0,338724.0,582.0
Renault Clio,11299.0,12236,937.0,877969.0,937.0
Renault Clio,11299.0,12042,743.0,552049.0,743.0
Renault Clio,11350.0,12823,1473.0,2169729.0,1473.0
Renault Clio,11299.0,12100,801.0,641601.0,801.0
Renault Clio,11299.0,12095,796.0,633616.0,796.0
Renault Clio,11299.0,12296,997.0,994009.0,997.0
Renault Clio,11299.0,11987,688.0,473344.0,688.0
Renault Clio,11299.0,12055,756.0,571536.0,756.0
Renault Clio,11299.0,11987,688.0,473344.0,688.0
Renault Clio,11490.0,13916,2426.0,5885476.0,2426.0
Renault Clio,11299.0,11984,685.0,469225.0,685.0
Renault Clio,11490.0,14740,3250.0,10562500.0,3250.0
Renault Clio,11490.0,13916,2426.0,5885476.0,2426.0
Renault Clio,11490.0,11546,56.0,3136.0,56.0
Renault Clio,11490.0,11730,240.0,57600.0,240.0
Renault Clio,11490.0,13454,1964.0,3857296.0,1964.0
Renault Clio,11490.0,12854,1364.0,1860496.0,1364.0
Renault Clio,11490.0,11525,35.0,1225.0,35.0
Renault Clio,11490.0,12906,1416.0,2005056.0,1416.0
Renault Clio,11490.0,12906,1416.0,2005056.0,1416.0
Renault Clio,11490.0,13968,2478.0,6140484.0,2478.0
Renault Clio,11490.0,10345,-1145.0,1311025.0,1145.0
Renault Clio,11490.0,14756,3266.0,10666756.0,3266.0
Renault Clio,11490.0,16433,4943.0,24433249.0,4943.0
Renault Clio,11410.0,12137,727.0,528529.0,727.0
Renault Clio,11410.0,12012,602.0,362404.0,602.0
Renault Clio,11400.0,14675,3275.0,10725625.0,3275.0
Renault Clio,11400.0,14383,2983.0,8898289.0,2983.0
Renault Clio,11400.0,12481,1081.0,1168561.0,1081.0
Renault Clio,11400.0,12481,1081.0,1168561.0,1081.0
Renault Clio,11400.0,11752,352.0,123904.0,352.0
Renault Clio,11400.0,11731,331.0,109561.0,331.0
Renault Clio,11400.0,11341,-59.0,3481.0,59.0
Renault Clio,11400.0,11612,212.0,44944.0,212.0
Renault Clio,11400.0,11479,79.0,6241.0,79.0
Renault Clio,11400.0,11631,231.0,53361.0,231.0
Renault Clio,11400.0,11474,74.0,5476.0,74.0
Renault Clio,11400.0,11612,212.0,44944.0,212.0
Renault Clio,10990.0,13209,2219.0,4923961.0,2219.0
Renault Clio,10990.0,13885,2895.0,8381025.0,2895.0
Renault Clio,11200.0,12519,1319.0,1739761.0,1319.0
Renault Clio,11220.0,13458,2238.0,5008644.0,2238.0
Renault Clio,11200.0,12512,1312.0,1721344.0,1312.0
Renault Clio,11222.0,12142,920.0,846400.0,920.0
Renault Clio,10990.0,13351,2361.0,5574321.0,2361.0
Renault Clio,11200.0,12351,1151.0,1324801.0,1151.0
Renault Clio,11199.0,12341,1142.0,1304164.0,1142.0
Renault Clio,11199.0,12325,1126.0,1267876.0,1126.0
Renault Clio,11199.0,12238,1039.0,1079521.0,1039.0
Renault Clio,11190.0,13764,2574.0,6625476.0,2574.0
Renault Clio,11199.0,12276,1077.0,1159929.0,1077.0
Renault Clio,11190.0,13148,1958.0,3833764.0,1958.0
Renault Clio,11180.0,12540,1360.0,1849600.0,1360.0
Renault Clio,11170.0,11632,462.0,213444.0,462.0
Renault Clio,11170.0,11775,605.0,366025.0,605.0
Renault Clio,10990.0,13275,2285.0,5221225.0,2285.0
Renault Clio,11165.0,14240,3075.0,9455625.0,3075.0
Renault Clio,10990.0,14357,3367.0,11336689.0,3367.0
Renault Clio,10990.0,14642,3652.0,13337104.0,3652.0
Renault Clio,10990.0,14648,3658.0,13380964.0,3658.0
Renault Clio,10990.0,13093,2103.0,4422609.0,2103.0
Renault Clio,10990.0,12607,1617.0,2614689.0,1617.0
Renault Clio,10990.0,12881,1891.0,3575881.0,1891.0
Renault Clio,10990.0,13464,2474.0,6120676.0,2474.0
Renault Clio,10990.0,13093,2103.0,4422609.0,2103.0
Renault Clio,10990.0,13052,2062.0,4251844.0,2062.0
Renault Clio,10990.0,12838,1848.0,3415104.0,1848.0
Renault Clio,10990.0,12732,1742.0,3034564.0,1742.0
Renault Clio,10990.0,13115,2125.0,4515625.0,2125.0
Renault Clio,11150.0,12254,1104.0,1218816.0,1104.0
Renault Clio,10990.0,12842,1852.0,3429904.0,1852.0
Renault Clio,10990.0,12596,1606.0,2579236.0,1606.0
Renault Clio,10990.0,12596,1606.0,2579236.0,1606.0
Renault Clio,10990.0,12654,1664.0,2768896.0,1664.0
Renault Clio,10990.0,13126,2136.0,4562496.0,2136.0
Renault Clio,10990.0,12849,1859.0,3455881.0,1859.0
Renault Clio,10990.0,12865,1875.0,3515625.0,1875.0
Renault Clio,10990.0,14081,3091.0,9554281.0,3091.0
Renault Clio,10990.0,11558,568.0,322624.0,568.0
Renault Clio,10990.0,13863,2873.0,8254129.0,2873.0
Renault Clio,10990.0,13834,2844.0,8088336.0,2844.0
Renault Clio,10990.0,12175,1185.0,1404225.0,1185.0
Renault Clio,10990.0,12906,1916.0,3671056.0,1916.0
Renault Clio,10990.0,11312,322.0,103684.0,322.0
Renault Clio,10990.0,11892,902.0,813604.0,902.0
Renault Clio,11150.0,15555,4405.0,19404025.0,4405.0
Renault Clio,10990.0,16222,5232.0,27373824.0,5232.0
Renault Clio,10990.0,13653,2663.0,7091569.0,2663.0
Renault Clio,10990.0,12831,1841.0,3389281.0,1841.0
Renault Clio,10990.0,15558,4568.0,20866624.0,4568.0
Renault Clio,10990.0,14257,3267.0,10673289.0,3267.0
Renault Clio,10990.0,13257,2267.0,5139289.0,2267.0
Renault Clio,10990.0,12106,1116.0,1245456.0,1116.0
Renault Clio,10985.0,12305,1320.0,1742400.0,1320.0
Renault Clio,10990.0,12877,1887.0,3560769.0,1887.0
Renault Clio,10985.0,12301,1316.0,1731856.0,1316.0
Renault Clio,10985.0,12271,1286.0,1653796.0,1286.0
Renault Clio,10985.0,12305,1320.0,1742400.0,1320.0
Renault Clio,10984.0,11621,637.0,405769.0,637.0
Renault Clio,10980.0,12290,1310.0,1716100.0,1310.0
Renault Clio,10984.0,11427,443.0,196249.0,443.0
Renault Clio,10980.0,11480,500.0,250000.0,500.0
Renault Clio,10980.0,10070,-910.0,828100.0,910.0
Renault Clio,10980.0,11168,188.0,35344.0,188.0
Renault Clio,10980.0,13398,2418.0,5846724.0,2418.0
Renault Clio,10970.0,11425,455.0,207025.0,455.0
Renault Clio,11150.0,14471,3321.0,11029041.0,3321.0
Renault Clio,11150.0,14080,2930.0,8584900.0,2930.0
Renault Clio,11100.0,13721,2621.0,6869641.0,2621.0
Renault Clio,11100.0,12738,1638.0,2683044.0,1638.0
Renault Clio,11111.0,11693,582.0,338724.0,582.0
Renault Clio,11090.0,13794,2704.0,7311616.0,2704.0
Renault Clio,11100.0,14393,3293.0,10843849.0,3293.0
Renault Clio,11050.0,13169,2119.0,4490161.0,2119.0
Renault Clio,11040.0,13148,2108.0,4443664.0,2108.0
Renault Clio,10999.0,14540,3541.0,12538681.0,3541.0
Renault Clio,10999.0,11830,831.0,690561.0,831.0
Renault Clio,10999.0,14007,3008.0,9048064.0,3008.0
Renault Clio,10999.0,11888,889.0,790321.0,889.0
Renault Clio,10995.0,13909,2914.0,8491396.0,2914.0
Renault Clio,10999.0,12888,1889.0,3568321.0,1889.0
Renault Clio,11000.0,12768,1768.0,3125824.0,1768.0
Renault Clio,11290.0,11714,424.0,179776.0,424.0
Renault Clio,10970.0,11439,469.0,219961.0,469.0
Renault Clio,11290.0,12050,760.0,577600.0,760.0
Renault Clio,11290.0,12154,864.0,746496.0,864.0
Renault Clio,11290.0,12908,1618.0,2617924.0,1618.0
Renault Clio,11290.0,11739,449.0,201601.0,449.0
Renault Clio,11290.0,12069,779.0,606841.0,779.0
Renault Clio,11290.0,11987,697.0,485809.0,697.0
Renault Clio,11290.0,11441,151.0,22801.0,151.0
Renault Clio,11290.0,12934,1644.0,2702736.0,1644.0
Renault Clio,11290.0,12886,1596.0,2547216.0,1596.0
Renault Clio,11290.0,14462,3172.0,10061584.0,3172.0
Renault Clio,11290.0,13498,2208.0,4875264.0,2208.0
Renault Clio,11250.0,14763,3513.0,12341169.0,3513.0
Renault Clio,11250.0,12638,1388.0,1926544.0,1388.0
Renault Clio,10880.0,11750,870.0,756900.0,870.0
Renault Clio,11270.0,11930,660.0,435600.0,660.0
Renault Clio,11280.0,12806,1526.0,2328676.0,1526.0
Renault Clio,10880.0,11714,834.0,695556.0,834.0
Renault Clio,11250.0,12222,972.0,944784.0,972.0
Renault Clio,11222.0,12145,923.0,851929.0,923.0
Renault Clio,10880.0,12390,1510.0,2280100.0,1510.0
Renault Clio,10880.0,12627,1747.0,3052009.0,1747.0
Renault Clio,10880.0,12579,1699.0,2886601.0,1699.0
Renault Clio,10860.0,12003,1143.0,1306449.0,1143.0
Renault Clio,10880.0,12579,1699.0,2886601.0,1699.0
Renault Clio,10880.0,12579,1699.0,2886601.0,1699.0
Renault Clio,10860.0,12095,1235.0,1525225.0,1235.0
Renault Clio,10880.0,12897,2017.0,4068289.0,2017.0
Renault Clio,10850.0,14237,3387.0,11471769.0,3387.0
Renault Clio,10850.0,13764,2914.0,8491396.0,2914.0
Renault Clio,10800.0,11474,674.0,454276.0,674.0
Renault Clio,10800.0,13241,2441.0,5958481.0,2441.0
Renault Clio,10800.0,12974,2174.0,4726276.0,2174.0
Renault Clio,10800.0,12974,2174.0,4726276.0,2174.0
Renault Clio,10800.0,13156,2356.0,5550736.0,2356.0
Renault Clio,10800.0,13415,2615.0,6838225.0,2615.0
Renault Clio,10970.0,11395,425.0,180625.0,425.0
Renault Clio,10946.0,13775,2829.0,8003241.0,2829.0
Renault Clio,10964.0,15632,4668.0,21790224.0,4668.0
Renault Clio,10945.0,12171,1226.0,1503076.0,1226.0
Renault Clio,10945.0,12166,1221.0,1490841.0,1221.0
Renault Clio,10900.0,14408,3508.0,12306064.0,3508.0
Renault Clio,10900.0,12577,1677.0,2812329.0,1677.0
Renault Clio,10900.0,14290,3390.0,11492100.0,3390.0
Renault Clio,10890.0,13007,2117.0,4481689.0,2117.0
Renault Clio,10890.0,12808,1918.0,3678724.0,1918.0
Renault Clio,10900.0,12526,1626.0,2643876.0,1626.0
Renault Clio,10900.0,12778,1878.0,3526884.0,1878.0
Renault Clio,10890.0,12615,1725.0,2975625.0,1725.0
Renault Clio,10890.0,12719,1829.0,3345241.0,1829.0
Renault Clio,10880.0,11750,870.0,756900.0,870.0
Renault Clio,10890.0,13452,2562.0,6563844.0,2562.0
Renault Clio,10880.0,11750,870.0,756900.0,870.0
Renault Espace,17500.0,20745,3245.0,10530025.0,3245.0
Renault Espace,17950.0,22373,4423.0,19562929.0,4423.0
Renault Espace,17950.0,20446,2496.0,6230016.0,2496.0
Renault Espace,17990.0,22409,4419.0,19527561.0,4419.0
Renault Espace,22600.0,26112,3512.0,12334144.0,3512.0
Renault Espace,22500.0,25154,2654.0,7043716.0,2654.0
Renault Espace,22690.0,25462,2772.0,7683984.0,2772.0
Renault Espace,22500.0,24331,1831.0,3352561.0,1831.0
Renault Espace,22990.0,22009,-981.0,962361.0,981.0
Renault Espace,23690.0,26509,2819.0,7946761.0,2819.0
Renault Espace,24900.0,23868,-1032.0,1065024.0,1032.0
Renault Espace,24999.0,28132,3133.0,9815689.0,3133.0
Renault Espace,24999.0,28527,3528.0,12446784.0,3528.0
Renault Espace,24590.0,27147,2557.0,6538249.0,2557.0
Renault Espace,24999.0,29011,4012.0,16096144.0,4012.0
Renault Espace,25490.0,26776,1286.0,1653796.0,1286.0
Renault Espace,25490.0,26357,867.0,751689.0,867.0
Renault Espace,24900.0,24130,-770.0,592900.0,770.0
Renault Espace,25490.0,26750,1260.0,1587600.0,1260.0
Renault Espace,26900.0,30337,3437.0,11812969.0,3437.0
Renault Espace,26895.0,33207,6312.0,39841344.0,6312.0
Renault Espace,26900.0,19398,-7502.0,56280004.0,7502.0
Renault Espace,26900.0,31272,4372.0,19114384.0,4372.0
Renault Espace,26890.0,27119,229.0,52441.0,229.0
Renault Espace,25995.0,29083,3088.0,9535744.0,3088.0
Renault Espace,25990.0,26033,43.0,1849.0,43.0
Renault Espace,25995.0,29565,3570.0,12744900.0,3570.0
Renault Espace,27790.0,27916,126.0,15876.0,126.0
Renault Espace,27600.0,27496,-104.0,10816.0,104.0
Renault Espace,27590.0,32339,4749.0,22553001.0,4749.0
Renault Espace,27500.0,29150,1650.0,2722500.0,1650.0
Renault Espace,25990.0,27538,1548.0,2396304.0,1548.0
Renault Espace,25990.0,28085,2095.0,4389025.0,2095.0
Renault Espace,25990.0,26410,420.0,176400.0,420.0
Renault Espace,25990.0,26985,995.0,990025.0,995.0
Renault Espace,25990.0,22483,-3507.0,12299049.0,3507.0
Renault Espace,25980.0,31470,5490.0,30140100.0,5490.0
Renault Espace,25950.0,29430,3480.0,12110400.0,3480.0
Renault Espace,25950.0,26168,218.0,47524.0,218.0
Renault Espace,25900.0,28356,2456.0,6031936.0,2456.0
Renault Espace,25885.0,30845,4960.0,24601600.0,4960.0
Renault Espace,25750.0,29516,3766.0,14182756.0,3766.0
Renault Espace,25650.0,28720,3070.0,9424900.0,3070.0
Renault Espace,25500.0,29330,3830.0,14668900.0,3830.0
Renault Espace,25500.0,25585,85.0,7225.0,85.0
Renault Espace,27500.0,28307,807.0,651249.0,807.0
Renault Espace,25500.0,29247,3747.0,14040009.0,3747.0
Renault Espace,27500.0,26155,-1345.0,1809025.0,1345.0
Renault Espace,27500.0,27636,136.0,18496.0,136.0
Renault Espace,27490.0,25341,-2149.0,4618201.0,2149.0
Renault Espace,27450.0,29794,2344.0,5494336.0,2344.0
Renault Espace,27400.0,30023,2623.0,6880129.0,2623.0
Renault Espace,27400.0,28326,926.0,857476.0,926.0
Renault Espace,27199.0,31691,4492.0,20178064.0,4492.0
Renault Espace,27199.0,31194,3995.0,15960025.0,3995.0
Renault Espace,27090.0,31025,3935.0,15484225.0,3935.0
Renault Espace,27001.0,27191,190.0,36100.0,190.0
Renault Espace,27289.0,29566,2277.0,5184729.0,2277.0
Renault Espace,27000.0,25029,-1971.0,3884841.0,1971.0
Renault Espace,27000.0,28728,1728.0,2985984.0,1728.0
Renault Espace,26880.0,27306,426.0,181476.0,426.0
Renault Espace,26800.0,33851,7051.0,49716601.0,7051.0
Renault Espace,26700.0,23934,-2766.0,7650756.0,2766.0
Renault Espace,26890.0,29281,2391.0,5716881.0,2391.0
Renault Espace,26890.0,30208,3318.0,11009124.0,3318.0
Renault Espace,26500.0,28713,2213.0,4897369.0,2213.0
Renault Espace,26490.0,27200,710.0,504100.0,710.0
Renault Espace,26490.0,29142,2652.0,7033104.0,2652.0
Renault Espace,26300.0,26663,363.0,131769.0,363.0
Renault Espace,26000.0,26937,937.0,877969.0,937.0
Renault Espace,26500.0,31910,5410.0,29268100.0,5410.0
Renault Espace,26450.0,29977,3527.0,12439729.0,3527.0
Renault Espace,25999.0,26891,892.0,795664.0,892.0
Renault Espace,25999.0,27040,1041.0,1083681.0,1041.0
Renault Espace,27000.0,22947,-4053.0,16426809.0,4053.0
Renault Espace,27000.0,26122,-878.0,770884.0,878.0
Renault Espace,26995.0,30210,3215.0,10336225.0,3215.0
Renault Espace,26995.0,29685,2690.0,7236100.0,2690.0
Renault Espace,27000.0,24219,-2781.0,7733961.0,2781.0
Renault Espace,26994.0,27977,983.0,966289.0,983.0
Renault Espace,26990.0,29555,2565.0,6579225.0,2565.0
Renault Espace,26990.0,30185,3195.0,10208025.0,3195.0
Renault Espace,26990.0,30218,3228.0,10419984.0,3228.0
Renault Espace,26990.0,29594,2604.0,6780816.0,2604.0
Renault Espace,26990.0,30744,3754.0,14092516.0,3754.0
Renault Espace,26970.0,30268,3298.0,10876804.0,3298.0
Renault Espace,25490.0,26776,1286.0,1653796.0,1286.0
Renault Espace,25490.0,26750,1260.0,1587600.0,1260.0
Renault Espace,25490.0,26357,867.0,751689.0,867.0
Renault Espace,26950.0,28804,1854.0,3437316.0,1854.0
Renault Espace,25490.0,26776,1286.0,1653796.0,1286.0
Renault Espace,26990.0,29936,2946.0,8678916.0,2946.0
Renault Espace,26950.0,33787,6837.0,46744569.0,6837.0
Renault Espace,25490.0,26724,1234.0,1522756.0,1234.0
Renault Espace,25490.0,26071,581.0,337561.0,581.0
Renault Espace,25490.0,26233,743.0,552049.0,743.0
Renault Espace,25000.0,26914,1914.0,3663396.0,1914.0
Renault Espace,25211.0,24540,-671.0,450241.0,671.0
Renault Espace,25100.0,26805,1705.0,2907025.0,1705.0
Renault Espace,25490.0,29902,4412.0,19465744.0,4412.0
Renault Espace,25000.0,25501,501.0,251001.0,501.0
Renault Espace,25300.0,28377,3077.0,9467929.0,3077.0
Renault Espace,25000.0,31182,6182.0,38217124.0,6182.0
Renault Espace,24999.0,28148,3149.0,9916201.0,3149.0
Renault Espace,26900.0,28890,1990.0,3960100.0,1990.0
Renault Espace,24900.0,24288,-612.0,374544.0,612.0
Renault Espace,25000.0,27539,2539.0,6446521.0,2539.0
Renault Espace,24900.0,27308,2408.0,5798464.0,2408.0
Renault Espace,24900.0,29776,4876.0,23775376.0,4876.0
Renault Espace,24899.0,21281,-3618.0,13089924.0,3618.0
Renault Espace,24900.0,24948,48.0,2304.0,48.0
Renault Espace,24900.0,23994,-906.0,820836.0,906.0
Renault Espace,24900.0,27049,2149.0,4618201.0,2149.0
Renault Espace,24850.0,30089,5239.0,27447121.0,5239.0
Renault Espace,24840.0,27825,2985.0,8910225.0,2985.0
Renault Espace,24790.0,26554,1764.0,3111696.0,1764.0
Renault Espace,24750.0,27880,3130.0,9796900.0,3130.0
Renault Espace,24790.0,27629,2839.0,8059921.0,2839.0
Renault Espace,24750.0,26019,1269.0,1610361.0,1269.0
Renault Espace,24600.0,28684,4084.0,16679056.0,4084.0
Renault Espace,24700.0,26981,2281.0,5202961.0,2281.0
Renault Espace,24700.0,23779,-921.0,848241.0,921.0
Renault Espace,24599.0,28641,4042.0,16337764.0,4042.0
Renault Espace,24999.0,29776,4777.0,22819729.0,4777.0
Renault Espace,24998.0,24493,-505.0,255025.0,505.0
Renault Espace,24990.0,51548,26558.0,705327364.0,26558.0
Renault Espace,24990.0,26595,1605.0,2576025.0,1605.0
Renault Espace,24990.0,26259,1269.0,1610361.0,1269.0
Renault Espace,24990.0,26120,1130.0,1276900.0,1130.0
Renault Espace,24990.0,26046,1056.0,1115136.0,1056.0
Renault Espace,24990.0,26120,1130.0,1276900.0,1130.0
Renault Espace,24990.0,34301,9311.0,86694721.0,9311.0
Renault Espace,24990.0,26862,1872.0,3504384.0,1872.0
Renault Espace,24950.0,28840,3890.0,15132100.0,3890.0
Renault Espace,24990.0,26022,1032.0,1065024.0,1032.0
Renault Espace,24950.0,31067,6117.0,37417689.0,6117.0
Renault Espace,24900.0,26171,1271.0,1615441.0,1271.0
Renault Espace,25490.0,25410,-80.0,6400.0,80.0
Renault Espace,25490.0,26724,1234.0,1522756.0,1234.0
Renault Espace,25490.0,26776,1286.0,1653796.0,1286.0
Renault Espace,25490.0,26776,1286.0,1653796.0,1286.0
Renault Espace,25490.0,26357,867.0,751689.0,867.0
Renault Espace,25490.0,26724,1234.0,1522756.0,1234.0
Renault Espace,25490.0,26357,867.0,751689.0,867.0
Renault Espace,25490.0,26506,1016.0,1032256.0,1016.0
Renault Espace,25490.0,26724,1234.0,1522756.0,1234.0
Renault Espace,25490.0,26506,1016.0,1032256.0,1016.0
Renault Espace,25490.0,26724,1234.0,1522756.0,1234.0
Renault Espace,25490.0,26724,1234.0,1522756.0,1234.0
Renault Espace,25490.0,26750,1260.0,1587600.0,1260.0
Renault Espace,25490.0,26750,1260.0,1587600.0,1260.0
Renault Espace,25490.0,26357,867.0,751689.0,867.0
Renault Espace,25490.0,26506,1016.0,1032256.0,1016.0
Renault Espace,25490.0,26357,867.0,751689.0,867.0
Renault Espace,25490.0,26776,1286.0,1653796.0,1286.0
Renault Espace,25490.0,26506,1016.0,1032256.0,1016.0
Renault Espace,25490.0,26357,867.0,751689.0,867.0
Renault Espace,23599.0,28365,4766.0,22714756.0,4766.0
Renault Espace,23500.0,27794,4294.0,18438436.0,4294.0
Renault Espace,23500.0,25210,1710.0,2924100.0,1710.0
Renault Espace,23490.0,25063,1573.0,2474329.0,1573.0
Renault Espace,23490.0,21665,-1825.0,3330625.0,1825.0
Renault Espace,23490.0,26153,2663.0,7091569.0,2663.0
Renault Espace,23490.0,24937,1447.0,2093809.0,1447.0
Renault Espace,23300.0,27692,4392.0,19289664.0,4392.0
Renault Espace,23299.0,28521,5222.0,27269284.0,5222.0
Renault Espace,23299.0,28936,5637.0,31775769.0,5637.0
Renault Espace,23290.0,25110,1820.0,3312400.0,1820.0
Renault Espace,23099.0,27570,4471.0,19989841.0,4471.0
Renault Espace,23000.0,20864,-2136.0,4562496.0,2136.0
Renault Espace,23400.0,28788,5388.0,29030544.0,5388.0
Renault Espace,22995.0,27735,4740.0,22467600.0,4740.0
Renault Espace,22990.0,27145,4155.0,17264025.0,4155.0
Renault Espace,22990.0,21716,-1274.0,1623076.0,1274.0
Renault Espace,22990.0,27749,4759.0,22648081.0,4759.0
Renault Espace,22990.0,22512,-478.0,228484.0,478.0
Renault Espace,22990.0,22763,-227.0,51529.0,227.0
Renault Espace,22990.0,25572,2582.0,6666724.0,2582.0
Renault Espace,22990.0,23306,316.0,99856.0,316.0
Renault Espace,22990.0,25871,2881.0,8300161.0,2881.0
Renault Espace,22990.0,25243,2253.0,5076009.0,2253.0
Renault Espace,22980.0,26479,3499.0,12243001.0,3499.0
Renault Espace,22990.0,24915,1925.0,3705625.0,1925.0
Renault Espace,22910.0,27270,4360.0,19009600.0,4360.0
Renault Espace,22990.0,25037,2047.0,4190209.0,2047.0
Renault Espace,22990.0,27154,4164.0,17338896.0,4164.0
Renault Espace,22900.0,27143,4243.0,18003049.0,4243.0
Renault Espace,22850.0,27262,4412.0,19465744.0,4412.0
Renault Espace,22790.0,27481,4691.0,22005481.0,4691.0
Renault Espace,24500.0,24613,113.0,12769.0,113.0
Renault Espace,22990.0,25096,2106.0,4435236.0,2106.0
Renault Espace,24500.0,23175,-1325.0,1755625.0,1325.0
Renault Espace,24500.0,25992,1492.0,2226064.0,1492.0
Renault Espace,24500.0,24297,-203.0,41209.0,203.0
Renault Espace,24499.0,27108,2609.0,6806881.0,2609.0
Renault Espace,24490.0,25567,1077.0,1159929.0,1077.0
Renault Espace,24490.0,27872,3382.0,11437924.0,3382.0
Renault Espace,24490.0,27293,2803.0,7856809.0,2803.0
Renault Espace,24490.0,27554,3064.0,9388096.0,3064.0
Renault Espace,24430.0,28819,4389.0,19263321.0,4389.0
Renault Espace,24430.0,28554,4124.0,17007376.0,4124.0
Renault Espace,24199.0,27883,3684.0,13571856.0,3684.0
Renault Espace,24400.0,27301,2901.0,8415801.0,2901.0
Renault Espace,23990.0,26059,2069.0,4280761.0,2069.0
Renault Espace,23990.0,26643,2653.0,7038409.0,2653.0
Renault Espace,24400.0,27235,2835.0,8037225.0,2835.0
Renault Espace,24299.0,27471,3172.0,10061584.0,3172.0
Renault Espace,24200.0,26354,2154.0,4639716.0,2154.0
Renault Espace,23990.0,26128,2138.0,4571044.0,2138.0
Renault Espace,23990.0,25727,1737.0,3017169.0,1737.0
Renault Espace,23990.0,24266,276.0,76176.0,276.0
Renault Espace,23990.0,25618,1628.0,2650384.0,1628.0
Renault Espace,23990.0,29057,5067.0,25674489.0,5067.0
Renault Espace,23990.0,27715,3725.0,13875625.0,3725.0
Renault Espace,23950.0,26981,3031.0,9186961.0,3031.0
Renault Espace,23900.0,30141,6241.0,38950081.0,6241.0
Renault Espace,23900.0,26566,2666.0,7107556.0,2666.0
Renault Espace,23900.0,23379,-521.0,271441.0,521.0
Renault Espace,23900.0,28037,4137.0,17114769.0,4137.0
Renault Espace,23890.0,30916,7026.0,49364676.0,7026.0
Renault Espace,23890.0,25054,1164.0,1354896.0,1164.0
Renault Espace,23800.0,24395,595.0,354025.0,595.0
Renault Espace,23800.0,23223,-577.0,332929.0,577.0
Renault Espace,22222.0,28248,6026.0,36312676.0,6026.0
Renault Espace,23800.0,26618,2818.0,7941124.0,2818.0
Renault Espace,22500.0,23521,1021.0,1042441.0,1021.0
Renault Espace,22390.0,25001,2611.0,6817321.0,2611.0
Renault Espace,21990.0,24522,2532.0,6411024.0,2532.0
Renault Espace,21990.0,23581,1591.0,2531281.0,1591.0
Renault Espace,21990.0,26068,4078.0,16630084.0,4078.0
Renault Espace,21990.0,25294,3304.0,10916416.0,3304.0
Renault Espace,21980.0,24478,2498.0,6240004.0,2498.0
Renault Espace,21950.0,26909,4959.0,24591681.0,4959.0
Renault Espace,21950.0,24569,2619.0,6859161.0,2619.0
Renault Espace,21990.0,23845,1855.0,3441025.0,1855.0
Renault Espace,21950.0,26121,4171.0,17397241.0,4171.0
Renault Espace,21950.0,24630,2680.0,7182400.0,2680.0
Renault Espace,21350.0,22565,1215.0,1476225.0,1215.0
Renault Espace,21950.0,22648,698.0,487204.0,698.0
Renault Espace,21950.0,26121,4171.0,17397241.0,4171.0
Renault Espace,21400.0,21889,489.0,239121.0,489.0
Renault Espace,21400.0,23937,2537.0,6436369.0,2537.0
Renault Espace,21950.0,25072,3122.0,9746884.0,3122.0
Renault Espace,21000.0,23277,2277.0,5184729.0,2277.0
Renault Espace,20995.0,23048,2053.0,4214809.0,2053.0
Renault Espace,20990.0,25816,4826.0,23290276.0,4826.0
Renault Espace,20999.0,26403,5404.0,29203216.0,5404.0
Renault Espace,20990.0,24484,3494.0,12208036.0,3494.0
Renault Espace,20990.0,22825,1835.0,3367225.0,1835.0
Renault Espace,20900.0,25083,4183.0,17497489.0,4183.0
Renault Espace,20900.0,22827,1927.0,3713329.0,1927.0
Renault Espace,20900.0,20040,-860.0,739600.0,860.0
Renault Espace,20900.0,22962,2062.0,4251844.0,2062.0
Renault Espace,21950.0,25072,3122.0,9746884.0,3122.0
Renault Espace,20900.0,25045,4145.0,17181025.0,4145.0
Renault Espace,20950.0,27495,6545.0,42837025.0,6545.0
Renault Espace,20900.0,23749,2849.0,8116801.0,2849.0
Renault Espace,21900.0,23236,1336.0,1784896.0,1336.0
Renault Espace,21900.0,26581,4681.0,21911761.0,4681.0
Renault Espace,21900.0,27028,5128.0,26296384.0,5128.0
Renault Espace,21900.0,25330,3430.0,11764900.0,3430.0
Renault Espace,21900.0,23920,2020.0,4080400.0,2020.0
Renault Espace,21890.0,23031,1141.0,1301881.0,1141.0
Renault Espace,21890.0,31196,9306.0,86601636.0,9306.0
Renault Espace,21800.0,21413,-387.0,149769.0,387.0
Renault Espace,21750.0,25625,3875.0,15015625.0,3875.0
Renault Espace,21600.0,29367,7767.0,60326289.0,7767.0
Renault Espace,21590.0,21839,249.0,62001.0,249.0
Renault Espace,21500.0,24834,3334.0,11115556.0,3334.0
Renault Espace,21500.0,24327,2827.0,7991929.0,2827.0
Renault Espace,21490.0,25347,3857.0,14876449.0,3857.0
Renault Espace,21550.0,27368,5818.0,33849124.0,5818.0
Renault Espace,21450.0,24408,2958.0,8749764.0,2958.0
Renault Espace,20900.0,21842,942.0,887364.0,942.0
Renault Espace,19999.0,24865,4866.0,23677956.0,4866.0
Renault Espace,19999.0,24040,4041.0,16329681.0,4041.0
Renault Espace,21450.0,24697,3247.0,10543009.0,3247.0
Renault Espace,19990.0,26698,6708.0,44997264.0,6708.0
Renault Espace,21400.0,27342,5942.0,35307364.0,5942.0
Renault Espace,19950.0,22561,2611.0,6817321.0,2611.0
Renault Espace,19950.0,22352,2402.0,5769604.0,2402.0
Renault Espace,19950.0,20622,672.0,451584.0,672.0
Renault Espace,19950.0,22458,2508.0,6290064.0,2508.0
Renault Espace,19950.0,22093,2143.0,4592449.0,2143.0
Renault Espace,19900.0,23019,3119.0,9728161.0,3119.0
Renault Espace,19900.0,26019,6119.0,37442161.0,6119.0
Renault Espace,19900.0,26214,6314.0,39866596.0,6314.0
Renault Espace,19850.0,23072,3222.0,10381284.0,3222.0
Renault Espace,19500.0,21844,2344.0,5494336.0,2344.0
Renault Espace,19500.0,20495,995.0,990025.0,995.0
Renault Espace,19450.0,22419,2969.0,8814961.0,2969.0
Renault Espace,20900.0,25212,4312.0,18593344.0,4312.0
Renault Espace,20745.0,30889,10144.0,102900736.0,10144.0
Renault Espace,20450.0,20612,162.0,26244.0,162.0
Renault Espace,20039.0,21711,1672.0,2795584.0,1672.0
Renault Espace,20000.0,21050,1050.0,1102500.0,1050.0
Renault Espace,19250.0,19544,294.0,86436.0,294.0
Renault Espace,19013.0,22923,3910.0,15288100.0,3910.0
Renault Espace,20400.0,26286,5886.0,34644996.0,5886.0
Renault Espace,20000.0,28853,8853.0,78375609.0,8853.0
Renault Espace,18538.0,20719,2181.0,4756761.0,2181.0
Renault Espace,19013.0,22861,3848.0,14807104.0,3848.0
Renault Espace,18538.0,20793,2255.0,5085025.0,2255.0
Renault Espace,19000.0,26780,7780.0,60528400.0,7780.0
Renault Espace,19000.0,26502,7502.0,56280004.0,7502.0
Renault Espace,18500.0,20957,2457.0,6036849.0,2457.0
Renault Espace,18900.0,24885,5985.0,35820225.0,5985.0
Renault Espace,18790.0,23700,4910.0,24108100.0,4910.0
Renault Espace,17990.0,22791,4801.0,23049601.0,4801.0
Renault Espace,18500.0,23486,4986.0,24860196.0,4986.0
Renault Espace,18480.0,24626,6146.0,37773316.0,6146.0
Renault Espace,18440.0,24881,6441.0,41486481.0,6441.0
Renault Espace,18390.0,23212,4822.0,23251684.0,4822.0
Renault Espace,18390.0,23442,5052.0,25522704.0,5052.0
Renault Espace,17999.0,20846,2847.0,8105409.0,2847.0
Renault Espace,17950.0,23143,5193.0,26967249.0,5193.0
Renault Espace,17500.0,20745,3245.0,10530025.0,3245.0
Renault Espace,17499.0,24194,6695.0,44823025.0,6695.0
Renault Espace,17950.0,22960,5010.0,25100100.0,5010.0
Renault Espace,17480.0,23901,6421.0,41229241.0,6421.0
Renault Espace,17900.0,20578,2678.0,7171684.0,2678.0
Renault Espace,17900.0,25277,7377.0,54420129.0,7377.0
Renault Espace,17500.0,20597,3097.0,9591409.0,3097.0
Renault Espace,17500.0,18815,1315.0,1729225.0,1315.0
Renault Espace,14600.0,21290,6690.0,44756100.0,6690.0
Renault Espace,12990.0,18534,5544.0,30735936.0,5544.0
Renault Espace,16900.0,22102,5202.0,27060804.0,5202.0
Renault Espace,17400.0,22046,4646.0,21585316.0,4646.0
Renault Espace,17000.0,16342,-658.0,432964.0,658.0
Renault Espace,13500.0,21352,7852.0,61653904.0,7852.0
Renault Espace,12990.0,21093,8103.0,65658609.0,8103.0
Renault Espace,14900.0,20093,5193.0,26967249.0,5193.0
Renault Espace,28465.0,29925,1460.0,2131600.0,1460.0
Renault Espace,18000.0,19125,1125.0,1265625.0,1125.0
Renault Espace,27999.0,23677,-4322.0,18679684.0,4322.0
Renault Espace,28140.0,23500,-4640.0,21529600.0,4640.0
Renault Espace,28465.0,30168,1703.0,2900209.0,1703.0
Renault Espace,16950.0,21660,4710.0,22184100.0,4710.0
Renault Espace,16950.0,22340,5390.0,29052100.0,5390.0
Renault Espace,17950.0,16839,-1111.0,1234321.0,1111.0
Renault Espace,29500.0,26573,-2927.0,8567329.0,2927.0
Renault Espace,47990.0,33985,-14005.0,196140025.0,14005.0
Renault Espace,46895.0,32481,-14414.0,207763396.0,14414.0
Renault Espace,43080.0,36079,-7001.0,49014001.0,7001.0
Renault Espace,37290.0,33214,-4076.0,16613776.0,4076.0
Renault Espace,42681.0,36720,-5961.0,35533521.0,5961.0
Renault Espace,32900.0,23250,-9650.0,93122500.0,9650.0
Renault Espace,32900.0,28978,-3922.0,15382084.0,3922.0
Renault Espace,36590.0,38085,1495.0,2235025.0,1495.0
Renault Espace,31800.0,25587,-6213.0,38601369.0,6213.0
Renault Espace,31000.0,23537,-7463.0,55696369.0,7463.0
Renault Espace,30980.0,30294,-686.0,470596.0,686.0
Renault Espace,17900.0,19892,1992.0,3968064.0,1992.0
Renault Espace,17900.0,18759,859.0,737881.0,859.0
Renault Espace,17750.0,19308,1558.0,2427364.0,1558.0
Renault Espace,17450.0,19059,1609.0,2588881.0,1609.0
Renault Espace,16990.0,20057,3067.0,9406489.0,3067.0
Renault Espace,15500.0,18668,3168.0,10036224.0,3168.0
Renault Espace,16950.0,19855,2905.0,8439025.0,2905.0
Renault Espace,13000.0,17020,4020.0,16160400.0,4020.0
Renault Espace,16900.0,20871,3971.0,15768841.0,3971.0
Renault Espace,16480.0,20549,4069.0,16556761.0,4069.0
Renault Espace,14999.0,15617,618.0,381924.0,618.0
Renault Espace,12614.0,14495,1881.0,3538161.0,1881.0
Renault Espace,24900.0,25722,822.0,675684.0,822.0
Renault Espace,24800.0,25405,605.0,366025.0,605.0
Renault Espace,23990.0,22135,-1855.0,3441025.0,1855.0
Renault Espace,24950.0,25271,321.0,103041.0,321.0
Renault Espace,23900.0,23704,-196.0,38416.0,196.0
Renault Espace,24900.0,25330,430.0,184900.0,430.0
Renault Espace,23750.0,26135,2385.0,5688225.0,2385.0
Renault Espace,22995.0,23652,657.0,431649.0,657.0
Renault Espace,22300.0,21894,-406.0,164836.0,406.0
Renault Espace,22990.0,24499,1509.0,2277081.0,1509.0
Renault Espace,21995.0,23750,1755.0,3080025.0,1755.0
Renault Espace,21975.0,22239,264.0,69696.0,264.0
Renault Espace,21800.0,21382,-418.0,174724.0,418.0
Renault Espace,21495.0,23180,1685.0,2839225.0,1685.0
Renault Espace,21900.0,20471,-1429.0,2042041.0,1429.0
Renault Espace,21490.0,20884,-606.0,367236.0,606.0
Renault Espace,27990.0,28804,814.0,662596.0,814.0
Renault Espace,27990.0,32642,4652.0,21641104.0,4652.0
Renault Espace,27990.0,29294,1304.0,1700416.0,1304.0
Renault Espace,27990.0,31163,3173.0,10067929.0,3173.0
Renault Espace,27990.0,30297,2307.0,5322249.0,2307.0
Renault Espace,27950.0,25719,-2231.0,4977361.0,2231.0
Renault Espace,27950.0,29109,1159.0,1343281.0,1159.0
Renault Espace,27950.0,26571,-1379.0,1901641.0,1379.0
Renault Espace,27900.0,28652,752.0,565504.0,752.0
Renault Espace,27900.0,32273,4373.0,19123129.0,4373.0
Renault Espace,27900.0,28518,618.0,381924.0,618.0
Renault Espace,27900.0,29335,1435.0,2059225.0,1435.0
Renault Espace,27900.0,24833,-3067.0,9406489.0,3067.0
Renault Espace,27850.0,27716,-134.0,17956.0,134.0
Renault Espace,27900.0,26666,-1234.0,1522756.0,1234.0
Renault Espace,21000.0,22956,1956.0,3825936.0,1956.0
Renault Espace,27900.0,26188,-1712.0,2930944.0,1712.0
Renault Espace,27888.0,28414,526.0,276676.0,526.0
Renault Espace,27850.0,26209,-1641.0,2692881.0,1641.0
Renault Espace,20990.0,20537,-453.0,205209.0,453.0
Renault Espace,20500.0,21141,641.0,410881.0,641.0
Renault Espace,20900.0,20524,-376.0,141376.0,376.0
Renault Espace,20500.0,20749,249.0,62001.0,249.0
Renault Espace,20500.0,20812,312.0,97344.0,312.0
Renault Espace,19990.0,21392,1402.0,1965604.0,1402.0
Renault Espace,19900.0,19947,47.0,2209.0,47.0
Renault Espace,19490.0,20222,732.0,535824.0,732.0
Renault Espace,19500.0,19138,-362.0,131044.0,362.0
Renault Espace,19490.0,20975,1485.0,2205225.0,1485.0
Renault Espace,19450.0,21976,2526.0,6380676.0,2526.0
Renault Espace,18999.0,19171,172.0,29584.0,172.0
Renault Espace,18999.0,21430,2431.0,5909761.0,2431.0
Renault Espace,18990.0,19346,356.0,126736.0,356.0
Renault Espace,18950.0,21954,3004.0,9024016.0,3004.0
Renault Espace,18450.0,22350,3900.0,15210000.0,3900.0
Renault Espace,27890.0,22848,-5042.0,25421764.0,5042.0
Renault Espace,18800.0,21279,2479.0,6145441.0,2479.0
Renault Espace,27440.0,24584,-2856.0,8156736.0,2856.0
Renault Espace,26990.0,23113,-3877.0,15031129.0,3877.0
Renault Espace,25990.0,26183,193.0,37249.0,193.0
Renault Espace,25900.0,26606,706.0,498436.0,706.0
Renault Espace,26450.0,23562,-2888.0,8340544.0,2888.0
Renault Espace,25980.0,28286,2306.0,5317636.0,2306.0
Renault Espace,25700.0,23201,-2499.0,6245001.0,2499.0
Renault Espace,25499.0,26505,1006.0,1012036.0,1006.0
Renault Espace,25490.0,26618,1128.0,1272384.0,1128.0
Renault Espace,25200.0,22434,-2766.0,7650756.0,2766.0
Renault Espace,24980.0,25052,72.0,5184.0,72.0
Renault Espace,23900.0,29224,5324.0,28344976.0,5324.0
Renault Espace,16900.0,25004,8104.0,65674816.0,8104.0
Renault Espace,35000.0,34804,-196.0,38416.0,196.0
Renault Espace,32990.0,40889,7899.0,62394201.0,7899.0
Renault Espace,30500.0,31273,773.0,597529.0,773.0
Renault Espace,30000.0,30334,334.0,111556.0,334.0
Renault Espace,30000.0,26534,-3466.0,12013156.0,3466.0
Renault Espace,56950.0,48801,-8149.0,66406201.0,8149.0
Renault Espace,39990.0,33041,-6949.0,48288601.0,6949.0
Renault Espace,38290.0,37417,-873.0,762129.0,873.0
Renault Espace,23000.0,25477,2477.0,6135529.0,2477.0
Renault Espace,22900.0,28684,5784.0,33454656.0,5784.0
Renault Espace,21000.0,24220,3220.0,10368400.0,3220.0
Renault Espace,23000.0,26394,3394.0,11519236.0,3394.0
Renault Espace,21000.0,25053,4053.0,16426809.0,4053.0
Renault Espace,28300.0,29307,1007.0,1014049.0,1007.0
Renault Espace,27990.0,29549,1559.0,2430481.0,1559.0
Renault Espace,27000.0,26786,-214.0,45796.0,214.0
Renault Espace,25000.0,25214,214.0,45796.0,214.0
Renault Espace,26000.0,29916,3916.0,15335056.0,3916.0
Renault Espace,26000.0,25594,-406.0,164836.0,406.0
Renault Espace,25990.0,27225,1235.0,1525225.0,1235.0
Renault Espace,24900.0,27218,2318.0,5373124.0,2318.0
Renault Espace,20500.0,23408,2908.0,8456464.0,2908.0
Renault Espace,24200.0,25220,1020.0,1040400.0,1020.0
Renault Espace,19999.0,23780,3781.0,14295961.0,3781.0
Renault Espace,19900.0,26610,6710.0,45024100.0,6710.0
Renault Espace,20900.0,21210,310.0,96100.0,310.0
Renault Espace,19900.0,20461,561.0,314721.0,561.0
Renault Espace,19900.0,27334,7434.0,55264356.0,7434.0
Renault Espace,19800.0,20030,230.0,52900.0,230.0
Renault Espace,19100.0,21527,2427.0,5890329.0,2427.0
Renault Espace,19000.0,23171,4171.0,17397241.0,4171.0
Renault Espace,18850.0,23225,4375.0,19140625.0,4375.0
Renault Espace,17500.0,22468,4968.0,24681024.0,4968.0
Renault Espace,17500.0,22560,5060.0,25603600.0,5060.0
Renault Espace,19000.0,22790,3790.0,14364100.0,3790.0
Renault Espace,17300.0,23223,5923.0,35081929.0,5923.0
Renault Espace,28500.0,29373,873.0,762129.0,873.0
Renault Espace,28500.0,29159,659.0,434281.0,659.0
Renault Espace,28500.0,29012,512.0,262144.0,512.0
Renault Espace,29200.0,28569,-631.0,398161.0,631.0
Renault Espace,31360.0,31089,-271.0,73441.0,271.0
Renault Espace,28500.0,35458,6958.0,48413764.0,6958.0
Renault Espace,30900.0,28378,-2522.0,6360484.0,2522.0
Renault Espace,29990.0,29801,-189.0,35721.0,189.0
Renault Espace,29990.0,27806,-2184.0,4769856.0,2184.0
Renault Espace,29990.0,30371,381.0,145161.0,381.0
Renault Espace,31890.0,33273,1383.0,1912689.0,1383.0
Renault Espace,29990.0,28680,-1310.0,1716100.0,1310.0
Renault Espace,31975.0,30978,-997.0,994009.0,997.0
Renault Espace,33000.0,31098,-1902.0,3617604.0,1902.0
Renault Espace,32990.0,29121,-3869.0,14969161.0,3869.0
Renault Espace,32990.0,28684,-4306.0,18541636.0,4306.0
Renault Espace,33900.0,31428,-2472.0,6110784.0,2472.0
Renault Espace,32975.0,33248,273.0,74529.0,273.0
Renault Espace,33900.0,30292,-3608.0,13017664.0,3608.0
Renault Espace,32975.0,33412,437.0,190969.0,437.0
Renault Espace,33800.0,39446,5646.0,31877316.0,5646.0
Renault Espace,33750.0,32522,-1228.0,1507984.0,1228.0
Renault Espace,33500.0,30380,-3120.0,9734400.0,3120.0
Renault Espace,33800.0,32304,-1496.0,2238016.0,1496.0
Renault Espace,33500.0,35707,2207.0,4870849.0,2207.0
Renault Espace,33500.0,34396,896.0,802816.0,896.0
Renault Espace,33500.0,28615,-4885.0,23863225.0,4885.0
Renault Espace,33300.0,26839,-6461.0,41744521.0,6461.0
Renault Espace,33300.0,30112,-3188.0,10163344.0,3188.0
Renault Espace,33495.0,38534,5039.0,25391521.0,5039.0
Renault Espace,33500.0,29712,-3788.0,14348944.0,3788.0
Renault Espace,33400.0,29438,-3962.0,15697444.0,3962.0
Renault Espace,33400.0,29468,-3932.0,15460624.0,3932.0
Renault Espace,33285.0,38393,5108.0,26091664.0,5108.0
Renault Espace,33070.0,37084,4014.0,16112196.0,4014.0
Renault Espace,32990.0,37723,4733.0,22401289.0,4733.0
Renault Espace,32990.0,29376,-3614.0,13060996.0,3614.0
Renault Espace,32990.0,27255,-5735.0,32890225.0,5735.0
Renault Espace,32900.0,34824,1924.0,3701776.0,1924.0
Renault Espace,32900.0,35169,2269.0,5148361.0,2269.0
Renault Espace,33070.0,37552,4482.0,20088324.0,4482.0
Renault Espace,32990.0,34784,1794.0,3218436.0,1794.0
Renault Espace,32900.0,34721,1821.0,3316041.0,1821.0
Renault Espace,32900.0,28721,-4179.0,17464041.0,4179.0
Renault Espace,32900.0,34280,1380.0,1904400.0,1380.0
Renault Espace,32975.0,33473,498.0,248004.0,498.0
Renault Espace,32950.0,39615,6665.0,44422225.0,6665.0
Renault Espace,32935.0,30277,-2658.0,7064964.0,2658.0
Renault Espace,32975.0,36466,3491.0,12187081.0,3491.0
Renault Espace,32900.0,34721,1821.0,3316041.0,1821.0
Renault Espace,32900.0,28199,-4701.0,22099401.0,4701.0
Renault Espace,32900.0,34721,1821.0,3316041.0,1821.0
Renault Espace,32900.0,28028,-4872.0,23736384.0,4872.0
Renault Espace,32900.0,28629,-4271.0,18241441.0,4271.0
Renault Espace,32750.0,30030,-2720.0,7398400.0,2720.0
Renault Espace,32750.0,35656,2906.0,8444836.0,2906.0
Renault Espace,32750.0,35908,3158.0,9972964.0,3158.0
Renault Espace,32750.0,35234,2484.0,6170256.0,2484.0
Renault Espace,32800.0,31146,-1654.0,2735716.0,1654.0
Renault Espace,32700.0,36070,3370.0,11356900.0,3370.0
Renault Espace,32700.0,27508,-5192.0,26956864.0,5192.0
Renault Espace,32600.0,31438,-1162.0,1350244.0,1162.0
Renault Espace,32576.0,32416,-160.0,25600.0,160.0
Renault Espace,32570.0,30690,-1880.0,3534400.0,1880.0
Renault Espace,32576.0,32636,60.0,3600.0,60.0
Renault Espace,32685.0,39866,7181.0,51566761.0,7181.0
Renault Espace,32550.0,30591,-1959.0,3837681.0,1959.0
Renault Espace,32570.0,30726,-1844.0,3400336.0,1844.0
Renault Espace,32900.0,34587,1687.0,2845969.0,1687.0
Renault Espace,32310.0,29715,-2595.0,6734025.0,2595.0
Renault Espace,32500.0,25609,-6891.0,47485881.0,6891.0
Renault Espace,32200.0,31314,-886.0,784996.0,886.0
Renault Espace,32000.0,28683,-3317.0,11002489.0,3317.0
Renault Espace,32500.0,27443,-5057.0,25573249.0,5057.0
Renault Espace,32000.0,29411,-2589.0,6702921.0,2589.0
Renault Espace,32498.0,32493,-5.0,25.0,5.0
Renault Espace,31990.0,32111,121.0,14641.0,121.0
Renault Espace,31990.0,29891,-2099.0,4405801.0,2099.0
Renault Espace,31990.0,36051,4061.0,16491721.0,4061.0
Renault Espace,31990.0,30285,-1705.0,2907025.0,1705.0
Renault Espace,31980.0,34618,2638.0,6959044.0,2638.0
Renault Espace,31980.0,30167,-1813.0,3286969.0,1813.0
Renault Espace,31990.0,38032,6042.0,36505764.0,6042.0
Renault Espace,31990.0,30798,-1192.0,1420864.0,1192.0
Renault Espace,31975.0,33863,1888.0,3564544.0,1888.0
Renault Espace,31890.0,33441,1551.0,2405601.0,1551.0
Renault Espace,31850.0,33874,2024.0,4096576.0,2024.0
Renault Espace,31800.0,36946,5146.0,26481316.0,5146.0
Renault Espace,31780.0,35172,3392.0,11505664.0,3392.0
Renault Espace,31850.0,31928,78.0,6084.0,78.0
Renault Espace,31800.0,32508,708.0,501264.0,708.0
Renault Espace,31975.0,30542,-1433.0,2053489.0,1433.0
Renault Espace,31570.0,30591,-979.0,958441.0,979.0
Renault Espace,31560.0,34524,2964.0,8785296.0,2964.0
Renault Espace,31560.0,35111,3551.0,12609601.0,3551.0
Renault Espace,31570.0,30772,-798.0,636804.0,798.0
Renault Espace,31775.0,31645,-130.0,16900.0,130.0
Renault Espace,31600.0,29724,-1876.0,3519376.0,1876.0
Renault Espace,31650.0,34111,2461.0,6056521.0,2461.0
Renault Espace,31500.0,30255,-1245.0,1550025.0,1245.0
Renault Espace,31500.0,30970,-530.0,280900.0,530.0
Renault Espace,31490.0,25051,-6439.0,41460721.0,6439.0
Renault Espace,29990.0,28811,-1179.0,1390041.0,1179.0
Renault Espace,31490.0,26452,-5038.0,25381444.0,5038.0
Renault Espace,29975.0,35108,5133.0,26347689.0,5133.0
Renault Espace,29975.0,37985,8010.0,64160100.0,8010.0
Renault Espace,31500.0,32210,710.0,504100.0,710.0
Renault Espace,29975.0,27450,-2525.0,6375625.0,2525.0
Renault Espace,29900.0,32793,2893.0,8369449.0,2893.0
Renault Espace,29950.0,32549,2599.0,6754801.0,2599.0
Renault Espace,29900.0,26779,-3121.0,9740641.0,3121.0
Renault Espace,29900.0,29029,-871.0,758641.0,871.0
Renault Espace,29900.0,29045,-855.0,731025.0,855.0
Renault Espace,29900.0,30996,1096.0,1201216.0,1096.0
Renault Espace,29900.0,31563,1663.0,2765569.0,1663.0
Renault Espace,29799.0,35465,5666.0,32103556.0,5666.0
Renault Espace,29750.0,31314,1564.0,2446096.0,1564.0
Renault Espace,30900.0,29107,-1793.0,3214849.0,1793.0
Renault Espace,30900.0,29294,-1606.0,2579236.0,1606.0
Renault Espace,30880.0,31614,734.0,538756.0,734.0
Renault Espace,31975.0,33135,1160.0,1345600.0,1160.0
Renault Espace,30480.0,30063,-417.0,173889.0,417.0
Renault Espace,31950.0,31588,-362.0,131044.0,362.0
Renault Espace,31900.0,35695,3795.0,14402025.0,3795.0
Renault Espace,30160.0,26839,-3321.0,11029041.0,3321.0
Renault Espace,30650.0,31300,650.0,422500.0,650.0
Renault Espace,29999.0,35686,5687.0,32341969.0,5687.0
Renault Espace,29999.0,29230,-769.0,591361.0,769.0
Renault Espace,29990.0,32533,2543.0,6466849.0,2543.0
Renault Espace,29990.0,30798,808.0,652864.0,808.0
Renault Espace,29990.0,28160,-1830.0,3348900.0,1830.0
Renault Espace,29990.0,25541,-4449.0,19793601.0,4449.0
Renault Espace,29990.0,28813,-1177.0,1385329.0,1177.0
Renault Espace,29990.0,35087,5097.0,25979409.0,5097.0
Renault Espace,29990.0,31615,1625.0,2640625.0,1625.0
Renault Espace,31900.0,28364,-3536.0,12503296.0,3536.0
Renault Espace,31900.0,30519,-1381.0,1907161.0,1381.0
Renault Espace,29990.0,28933,-1057.0,1117249.0,1057.0
Renault Espace,31900.0,29941,-1959.0,3837681.0,1959.0
Renault Espace,31900.0,30060,-1840.0,3385600.0,1840.0
Renault Espace,31900.0,28830,-3070.0,9424900.0,3070.0
Renault Espace,31900.0,29118,-2782.0,7739524.0,2782.0
Renault Espace,31900.0,35037,3137.0,9840769.0,3137.0
Renault Espace,31900.0,34897,2997.0,8982009.0,2997.0
Renault Espace,31900.0,35168,3268.0,10679824.0,3268.0
Renault Espace,31900.0,35168,3268.0,10679824.0,3268.0
Renault Espace,31900.0,35037,3137.0,9840769.0,3137.0
Renault Espace,31900.0,35037,3137.0,9840769.0,3137.0
Renault Espace,31900.0,34675,2775.0,7700625.0,2775.0
Renault Espace,31900.0,30021,-1879.0,3530641.0,1879.0
Renault Espace,31265.0,34027,2762.0,7628644.0,2762.0
Renault Espace,31265.0,33787,2522.0,6360484.0,2522.0
Renault Espace,31890.0,33228,1338.0,1790244.0,1338.0
Renault Espace,31899.0,34878,2979.0,8874441.0,2979.0
Renault Espace,31360.0,31384,24.0,576.0,24.0
Renault Espace,31200.0,30432,-768.0,589824.0,768.0
Renault Espace,31150.0,30941,-209.0,43681.0,209.0
Renault Espace,31000.0,30716,-284.0,80656.0,284.0
Renault Espace,30990.0,35071,4081.0,16654561.0,4081.0
Renault Espace,30990.0,36292,5302.0,28111204.0,5302.0
Renault Espace,30980.0,36623,5643.0,31843449.0,5643.0
Renault Espace,31000.0,30147,-853.0,727609.0,853.0
Renault Espace,30975.0,30694,-281.0,78961.0,281.0
Renault Espace,30975.0,37899,6924.0,47941776.0,6924.0
Renault Espace,30975.0,37390,6415.0,41152225.0,6415.0
Renault Espace,28990.0,34616,5626.0,31651876.0,5626.0
Renault Espace,28990.0,29605,615.0,378225.0,615.0
Renault Espace,30965.0,34447,3482.0,12124324.0,3482.0
Renault Espace,30965.0,34019,3054.0,9326916.0,3054.0
Renault Espace,30950.0,30631,-319.0,101761.0,319.0
Renault Espace,30950.0,34183,3233.0,10452289.0,3233.0
Renault Espace,30900.0,31414,514.0,264196.0,514.0
Renault Espace,28990.0,28683,-307.0,94249.0,307.0
Renault Espace,28990.0,29357,367.0,134689.0,367.0
Renault Espace,28975.0,30768,1793.0,3214849.0,1793.0
Renault Espace,28975.0,35238,6263.0,39225169.0,6263.0
Renault Espace,28900.0,33832,4932.0,24324624.0,4932.0
Renault Espace,28990.0,25840,-3150.0,9922500.0,3150.0
Renault Espace,28950.0,27324,-1626.0,2643876.0,1626.0
Renault Espace,28940.0,35433,6493.0,42159049.0,6493.0
Renault Espace,28900.0,35636,6736.0,45373696.0,6736.0
Renault Espace,28890.0,29493,603.0,363609.0,603.0
Renault Espace,28900.0,29709,809.0,654481.0,809.0
Renault Espace,28900.0,26531,-2369.0,5612161.0,2369.0
Renault Espace,28890.0,29930,1040.0,1081600.0,1040.0
Renault Espace,28890.0,29500,610.0,372100.0,610.0
Renault Espace,28650.0,29095,445.0,198025.0,445.0
Renault Espace,28599.0,33344,4745.0,22515025.0,4745.0
Renault Espace,29700.0,37577,7877.0,62047129.0,7877.0
Renault Espace,29700.0,31881,2181.0,4756761.0,2181.0
Renault Espace,28500.0,27888,-612.0,374544.0,612.0
Renault Espace,29611.0,34905,5294.0,28026436.0,5294.0
Renault Espace,29500.0,28939,-561.0,314721.0,561.0
Renault Espace,29500.0,30752,1252.0,1567504.0,1252.0
Renault Espace,29499.0,35819,6320.0,39942400.0,6320.0
Renault Espace,29499.0,35542,6043.0,36517849.0,6043.0
Renault Espace,29490.0,29582,92.0,8464.0,92.0
Renault Espace,29385.0,30884,1499.0,2247001.0,1499.0
Renault Espace,29385.0,33881,4496.0,20214016.0,4496.0
Renault Espace,29385.0,30576,1191.0,1418481.0,1191.0
Renault Espace,29385.0,34380,4995.0,24950025.0,4995.0
Renault Espace,29385.0,34363,4978.0,24780484.0,4978.0
Renault Espace,29385.0,33772,4387.0,19245769.0,4387.0
Renault Espace,28490.0,27152,-1338.0,1790244.0,1338.0
Renault Espace,29330.0,32585,3255.0,10595025.0,3255.0
Renault Espace,29385.0,33888,4503.0,20277009.0,4503.0
Renault Espace,28490.0,31010,2520.0,6350400.0,2520.0
Renault Espace,29300.0,26440,-2860.0,8179600.0,2860.0
Renault Espace,28500.0,26201,-2299.0,5285401.0,2299.0
Renault Espace,28465.0,29582,1117.0,1247689.0,1117.0
Renault Espace,28465.0,29569,1104.0,1218816.0,1104.0
Renault Espace,28250.0,28463,213.0,45369.0,213.0
Renault Espace,28490.0,25381,-3109.0,9665881.0,3109.0
Renault Espace,28200.0,26890,-1310.0,1716100.0,1310.0
Renault Espace,35690.0,30754,-4936.0,24364096.0,4936.0
Renault Espace,36330.0,37694,1364.0,1860496.0,1364.0
Renault Espace,36312.0,35314,-998.0,996004.0,998.0
Renault Espace,36000.0,38562,2562.0,6563844.0,2562.0
Renault Espace,34989.0,39995,5006.0,25060036.0,5006.0
Renault Espace,35146.0,30478,-4668.0,21790224.0,4668.0
Renault Espace,36400.0,30981,-5419.0,29365561.0,5419.0
Renault Espace,36950.0,39727,2777.0,7711729.0,2777.0
Renault Espace,34985.0,32158,-2827.0,7991929.0,2827.0
Renault Espace,35100.0,30846,-4254.0,18096516.0,4254.0
Renault Espace,36975.0,35752,-1223.0,1495729.0,1223.0
Renault Espace,36950.0,37924,974.0,948676.0,974.0
Renault Espace,36900.0,35201,-1699.0,2886601.0,1699.0
Renault Espace,36890.0,32993,-3897.0,15186609.0,3897.0
Renault Espace,37989.0,35784,-2205.0,4862025.0,2205.0
Renault Espace,38700.0,34433,-4267.0,18207289.0,4267.0
Renault Espace,36900.0,34465,-2435.0,5929225.0,2435.0
Renault Espace,38690.0,34962,-3728.0,13897984.0,3728.0
Renault Espace,39290.0,30905,-8385.0,70308225.0,8385.0
Renault Espace,38880.0,40471,1591.0,2531281.0,1591.0
Renault Espace,39485.0,38920,-565.0,319225.0,565.0
Renault Espace,38875.0,38947,72.0,5184.0,72.0
Renault Espace,39089.0,35242,-3847.0,14799409.0,3847.0
Renault Espace,38875.0,38617,-258.0,66564.0,258.0
Renault Espace,38700.0,34433,-4267.0,18207289.0,4267.0
Renault Espace,39070.0,34550,-4520.0,20430400.0,4520.0
Renault Espace,39070.0,34374,-4696.0,22052416.0,4696.0
Renault Espace,38990.0,29491,-9499.0,90231001.0,9499.0
Renault Espace,38990.0,38348,-642.0,412164.0,642.0
Renault Espace,38990.0,36766,-2224.0,4946176.0,2224.0
Renault Espace,38990.0,38103,-887.0,786769.0,887.0
Renault Espace,38980.0,39811,831.0,690561.0,831.0
Renault Espace,38950.0,39773,823.0,677329.0,823.0
Renault Espace,38900.0,31628,-7272.0,52881984.0,7272.0
Renault Espace,38960.0,31864,-7096.0,50353216.0,7096.0
Renault Espace,38890.0,37502,-1388.0,1926544.0,1388.0
Renault Espace,38890.0,36829,-2061.0,4247721.0,2061.0
Renault Espace,38650.0,35869,-2781.0,7733961.0,2781.0
Renault Espace,38888.0,41593,2705.0,7317025.0,2705.0
Renault Espace,38290.0,37695,-595.0,354025.0,595.0
Renault Espace,38580.0,40244,1664.0,2768896.0,1664.0
Renault Espace,38490.0,34116,-4374.0,19131876.0,4374.0
Renault Espace,38490.0,35867,-2623.0,6880129.0,2623.0
Renault Espace,38080.0,37210,-870.0,756900.0,870.0
Renault Espace,38200.0,29246,-8954.0,80174116.0,8954.0
Renault Espace,38200.0,31868,-6332.0,40094224.0,6332.0
Renault Espace,37990.0,41026,3036.0,9217296.0,3036.0
Renault Espace,37990.0,39118,1128.0,1272384.0,1128.0
Renault Espace,37990.0,35167,-2823.0,7969329.0,2823.0
Renault Espace,37990.0,31339,-6651.0,44235801.0,6651.0
Renault Espace,38888.0,43213,4325.0,18705625.0,4325.0
Renault Espace,37900.0,36259,-1641.0,2692881.0,1641.0
Renault Espace,37875.0,38983,1108.0,1227664.0,1108.0
Renault Espace,37870.0,36886,-984.0,968256.0,984.0
Renault Espace,37900.0,31026,-6874.0,47251876.0,6874.0
Renault Espace,37600.0,29266,-8334.0,69455556.0,8334.0
Renault Espace,37950.0,36663,-1287.0,1656369.0,1287.0
Renault Espace,37550.0,37849,299.0,89401.0,299.0
Renault Espace,37490.0,34513,-2977.0,8862529.0,2977.0
Renault Espace,37475.0,40527,3052.0,9314704.0,3052.0
Renault Espace,37450.0,34793,-2657.0,7059649.0,2657.0
Renault Espace,37100.0,31875,-5225.0,27300625.0,5225.0
Renault Espace,37000.0,32162,-4838.0,23406244.0,4838.0
Renault Espace,36990.0,33806,-3184.0,10137856.0,3184.0
Renault Espace,36990.0,31831,-5159.0,26615281.0,5159.0
Renault Espace,36699.0,35526,-1173.0,1375929.0,1173.0
Renault Espace,36590.0,36211,-379.0,143641.0,379.0
Renault Espace,36989.0,39610,2621.0,6869641.0,2621.0
Renault Espace,36500.0,31353,-5147.0,26491609.0,5147.0
Renault Espace,36490.0,30714,-5776.0,33362176.0,5776.0
Renault Espace,36475.0,40170,3695.0,13653025.0,3695.0
Renault Espace,36500.0,31288,-5212.0,27164944.0,5212.0
Renault Espace,36498.0,30917,-5581.0,31147561.0,5581.0
Renault Espace,36498.0,30507,-5991.0,35892081.0,5991.0
Renault Espace,36475.0,41243,4768.0,22733824.0,4768.0
Renault Espace,36498.0,31546,-4952.0,24522304.0,4952.0
Renault Espace,36470.0,35750,-720.0,518400.0,720.0
Renault Espace,36470.0,36117,-353.0,124609.0,353.0
Renault Espace,35580.0,42194,6614.0,43744996.0,6614.0
Renault Espace,35540.0,33133,-2407.0,5793649.0,2407.0
Renault Espace,35500.0,32971,-2529.0,6395841.0,2529.0
Renault Espace,35500.0,32408,-3092.0,9560464.0,3092.0
Renault Espace,35475.0,40541,5066.0,25664356.0,5066.0
Renault Espace,35425.0,32635,-2790.0,7784100.0,2790.0
Renault Espace,35448.0,31331,-4117.0,16949689.0,4117.0
Renault Espace,35300.0,30618,-4682.0,21921124.0,4682.0
Renault Espace,35300.0,31354,-3946.0,15570916.0,3946.0
Renault Espace,34990.0,29732,-5258.0,27646564.0,5258.0
Renault Espace,34990.0,30189,-4801.0,23049601.0,4801.0
Renault Espace,34990.0,30569,-4421.0,19545241.0,4421.0
Renault Espace,34990.0,33072,-1918.0,3678724.0,1918.0
Renault Espace,34990.0,34371,-619.0,383161.0,619.0
Renault Espace,34990.0,38608,3618.0,13089924.0,3618.0
Renault Espace,34950.0,33355,-1595.0,2544025.0,1595.0
Renault Espace,34980.0,31512,-3468.0,12027024.0,3468.0
Renault Espace,34975.0,37781,2806.0,7873636.0,2806.0
Renault Espace,34975.0,36207,1232.0,1517824.0,1232.0
Renault Espace,34975.0,37893,2918.0,8514724.0,2918.0
Renault Espace,34900.0,31805,-3095.0,9579025.0,3095.0
Renault Espace,34900.0,36607,1707.0,2913849.0,1707.0
Renault Espace,34890.0,34344,-546.0,298116.0,546.0
Renault Espace,34798.0,33831,-967.0,935089.0,967.0
Renault Espace,34750.0,30314,-4436.0,19678096.0,4436.0
Renault Espace,34750.0,38338,3588.0,12873744.0,3588.0
Renault Espace,34500.0,29553,-4947.0,24472809.0,4947.0
Renault Espace,34495.0,32092,-2403.0,5774409.0,2403.0
Renault Espace,34200.0,33326,-874.0,763876.0,874.0
Renault Espace,34490.0,30683,-3807.0,14493249.0,3807.0
Renault Espace,34200.0,33693,-507.0,257049.0,507.0
Renault Espace,34200.0,33658,-542.0,293764.0,542.0
Renault Espace,34200.0,33326,-874.0,763876.0,874.0
Renault Espace,35995.0,35171,-824.0,678976.0,824.0
Renault Espace,35990.0,37185,1195.0,1428025.0,1195.0
Renault Espace,35990.0,36106,116.0,13456.0,116.0
Renault Espace,35990.0,39298,3308.0,10942864.0,3308.0
Renault Espace,35990.0,34452,-1538.0,2365444.0,1538.0
Renault Espace,35989.0,34818,-1171.0,1371241.0,1171.0
Renault Espace,35975.0,36202,227.0,51529.0,227.0
Renault Espace,35930.0,26811,-9119.0,83156161.0,9119.0
Renault Espace,35880.0,36171,291.0,84681.0,291.0
Renault Espace,35798.0,34684,-1114.0,1240996.0,1114.0
Renault Espace,35798.0,34579,-1219.0,1485961.0,1219.0
Renault Espace,35900.0,34327,-1573.0,2474329.0,1573.0
Renault Espace,35798.0,34680,-1118.0,1249924.0,1118.0
Renault Espace,35798.0,33802,-1996.0,3984016.0,1996.0
Renault Espace,34200.0,33713,-487.0,237169.0,487.0
Renault Espace,35750.0,35935,185.0,34225.0,185.0
Renault Espace,34200.0,32420,-1780.0,3168400.0,1780.0
Renault Espace,34170.0,33704,-466.0,217156.0,466.0
Renault Espace,34150.0,30477,-3673.0,13490929.0,3673.0
Renault Espace,34180.0,34656,476.0,226576.0,476.0
Renault Espace,34170.0,33098,-1072.0,1149184.0,1072.0
Renault Espace,34140.0,33601,-539.0,290521.0,539.0
Renault Espace,34070.0,33881,-189.0,35721.0,189.0
Renault Espace,34070.0,34354,284.0,80656.0,284.0
Renault Espace,34000.0,26749,-7251.0,52577001.0,7251.0
Renault Espace,34000.0,26511,-7489.0,56085121.0,7489.0
Renault Espace,33990.0,31756,-2234.0,4990756.0,2234.0
Renault Espace,33990.0,29239,-4751.0,22572001.0,4751.0
Renault Espace,33975.0,37997,4022.0,16176484.0,4022.0
Renault Espace,33990.0,31405,-2585.0,6682225.0,2585.0
Renault Espace,33975.0,35587,1612.0,2598544.0,1612.0
Renault Espace,34200.0,33855,-345.0,119025.0,345.0
Renault Espace,39675.0,38382,-1293.0,1671849.0,1293.0
Renault Espace,39700.0,34189,-5511.0,30371121.0,5511.0
Renault Espace,40970.0,37586,-3384.0,11451456.0,3384.0
Renault Espace,39550.0,35487,-4063.0,16507969.0,4063.0
Renault Espace,44580.0,38750,-5830.0,33988900.0,5830.0
Renault Espace,44500.0,40576,-3924.0,15397776.0,3924.0
Renault Espace,44990.0,41509,-3481.0,12117361.0,3481.0
Renault Espace,47600.0,38934,-8666.0,75099556.0,8666.0
Renault Espace,44500.0,32630,-11870.0,140896900.0,11870.0
Renault Espace,43000.0,31727,-11273.0,127080529.0,11273.0
Renault Espace,40999.0,40546,-453.0,205209.0,453.0
Renault Espace,57990.0,47318,-10672.0,113891584.0,10672.0
Renault Espace,58950.0,47048,-11902.0,141657604.0,11902.0
Renault Espace,57800.0,48615,-9185.0,84364225.0,9185.0
Renault Espace,55800.0,47591,-8209.0,67387681.0,8209.0
Renault Espace,55285.0,44944,-10341.0,106936281.0,10341.0
Renault Espace,54982.0,49520,-5462.0,29833444.0,5462.0
Renault Espace,54500.0,40819,-13681.0,187169761.0,13681.0
Renault Espace,54982.0,49965,-5017.0,25170289.0,5017.0
Renault Espace,54925.0,47606,-7319.0,53567761.0,7319.0
Renault Espace,54205.0,44428,-9777.0,95589729.0,9777.0
Renault Espace,54204.0,45635,-8569.0,73427761.0,8569.0
Renault Espace,54120.0,44664,-9456.0,89415936.0,9456.0
Renault Espace,53935.0,46848,-7087.0,50225569.0,7087.0
Renault Espace,52990.0,39224,-13766.0,189502756.0,13766.0
Renault Espace,50950.0,32126,-18824.0,354342976.0,18824.0
Renault Espace,50950.0,43320,-7630.0,58216900.0,7630.0
Renault Espace,50950.0,43157,-7793.0,60730849.0,7793.0
Renault Espace,52711.0,50015,-2696.0,7268416.0,2696.0
Renault Espace,51750.0,45343,-6407.0,41049649.0,6407.0
Renault Espace,68320.0,36345,-31975.0,1022400625.0,31975.0
Renault Espace,52711.0,49814,-2897.0,8392609.0,2897.0
Renault Espace,64332.0,48302,-16030.0,256960900.0,16030.0
Renault Espace,50170.0,36824,-13346.0,178115716.0,13346.0
Renault Espace,49900.0,46310,-3590.0,12888100.0,3590.0
Renault Espace,64298.0,48724,-15574.0,242549476.0,15574.0
Renault Espace,44170.0,38557,-5613.0,31505769.0,5613.0
Renault Espace,63477.0,41511,-21966.0,482505156.0,21966.0
Renault Espace,50750.0,45629,-5121.0,26224641.0,5121.0
Renault Espace,47590.0,34094,-13496.0,182142016.0,13496.0
Renault Espace,47580.0,40115,-7465.0,55726225.0,7465.0
Renault Espace,47450.0,34466,-12984.0,168584256.0,12984.0
Renault Espace,46990.0,41824,-5166.0,26687556.0,5166.0
Renault Espace,46760.0,38144,-8616.0,74235456.0,8616.0
Renault Espace,46990.0,41290,-5700.0,32490000.0,5700.0
Renault Espace,46890.0,39270,-7620.0,58064400.0,7620.0
Renault Espace,46680.0,37692,-8988.0,80784144.0,8988.0
Renault Espace,46890.0,38441,-8449.0,71385601.0,8449.0
Renault Espace,46666.0,38029,-8637.0,74597769.0,8637.0
Renault Espace,46660.0,37691,-8969.0,80442961.0,8969.0
Renault Espace,46490.0,43896,-2594.0,6728836.0,2594.0
Renault Espace,45990.0,40402,-5588.0,31225744.0,5588.0
Renault Espace,46130.0,43232,-2898.0,8398404.0,2898.0
Renault Espace,45990.0,34724,-11266.0,126922756.0,11266.0
Renault Espace,45890.0,40379,-5511.0,30371121.0,5511.0
Renault Espace,45490.0,43178,-2312.0,5345344.0,2312.0
Renault Espace,44999.0,37326,-7673.0,58874929.0,7673.0
Renault Espace,43950.0,37351,-6599.0,43546801.0,6599.0
Renault Espace,43911.0,32967,-10944.0,119771136.0,10944.0
Renault Espace,43899.0,41455,-2444.0,5973136.0,2444.0
Renault Espace,43890.0,41628,-2262.0,5116644.0,2262.0
Renault Espace,43990.0,39069,-4921.0,24216241.0,4921.0
Renault Espace,43800.0,33257,-10543.0,111154849.0,10543.0
Renault Espace,43790.0,43236,-554.0,306916.0,554.0
Renault Espace,43545.0,37096,-6449.0,41589601.0,6449.0
Renault Espace,43490.0,44019,529.0,279841.0,529.0
Renault Espace,43490.0,36138,-7352.0,54051904.0,7352.0
Renault Espace,43490.0,36209,-7281.0,53012961.0,7281.0
Renault Espace,43315.0,34941,-8374.0,70123876.0,8374.0
Renault Espace,43490.0,38188,-5302.0,28111204.0,5302.0
Renault Espace,49490.0,47518,-1972.0,3888784.0,1972.0
Renault Espace,49690.0,35431,-14259.0,203319081.0,14259.0
Renault Espace,49100.0,43212,-5888.0,34668544.0,5888.0
Renault Espace,48990.0,47342,-1648.0,2715904.0,1648.0
Renault Espace,48990.0,39507,-9483.0,89927289.0,9483.0
Renault Espace,49390.0,39561,-9829.0,96609241.0,9829.0
Renault Espace,48900.0,38624,-10276.0,105596176.0,10276.0
Renault Espace,43500.0,35382,-8118.0,65901924.0,8118.0
Renault Espace,48800.0,38127,-10673.0,113912929.0,10673.0
Renault Espace,48765.0,45364,-3401.0,11566801.0,3401.0
Renault Espace,48720.0,36672,-12048.0,145154304.0,12048.0
Renault Espace,48490.0,37790,-10700.0,114490000.0,10700.0
Renault Espace,47990.0,36239,-11751.0,138086001.0,11751.0
Renault Espace,48498.0,43331,-5167.0,26697889.0,5167.0
Renault Espace,47990.0,36057,-11933.0,142396489.0,11933.0
Renault Espace,40970.0,37586,-3384.0,11451456.0,3384.0
Renault Espace,47950.0,39373,-8577.0,73564929.0,8577.0
Renault Espace,42990.0,42245,-745.0,555025.0,745.0
Renault Espace,47950.0,33785,-14165.0,200647225.0,14165.0
Renault Espace,42990.0,40437,-2553.0,6517809.0,2553.0
Renault Espace,42680.0,39388,-3292.0,10837264.0,3292.0
Renault Espace,47990.0,36057,-11933.0,142396489.0,11933.0
Renault Espace,42560.0,42847,287.0,82369.0,287.0
Renault Espace,42490.0,29970,-12520.0,156750400.0,12520.0
Renault Espace,42500.0,34631,-7869.0,61921161.0,7869.0
Renault Espace,41800.0,34468,-7332.0,53758224.0,7332.0
Renault Espace,42500.0,34631,-7869.0,61921161.0,7869.0
Renault Espace,41899.0,38138,-3761.0,14145121.0,3761.0
Renault Espace,42490.0,40783,-1707.0,2913849.0,1707.0
Renault Espace,41790.0,41880,90.0,8100.0,90.0
Renault Espace,41400.0,32197,-9203.0,84695209.0,9203.0
Renault Espace,41395.0,42336,941.0,885481.0,941.0
Renault Espace,41480.0,42788,1308.0,1710864.0,1308.0
Renault Espace,41400.0,32197,-9203.0,84695209.0,9203.0
Renault Espace,39990.0,36399,-3591.0,12895281.0,3591.0
Renault Espace,41390.0,30877,-10513.0,110523169.0,10513.0
Renault Espace,39990.0,39405,-585.0,342225.0,585.0
Renault Espace,39990.0,31449,-8541.0,72948681.0,8541.0
Renault Espace,39990.0,38813,-1177.0,1385329.0,1177.0
Renault Espace,39990.0,36315,-3675.0,13505625.0,3675.0
Renault Espace,39990.0,36366,-3624.0,13133376.0,3624.0
Renault Espace,39980.0,39419,-561.0,314721.0,561.0
Renault Espace,39980.0,36040,-3940.0,15523600.0,3940.0
Renault Espace,39950.0,35612,-4338.0,18818244.0,4338.0
Renault Espace,39950.0,43299,3349.0,11215801.0,3349.0
Renault Espace,39950.0,35563,-4387.0,19245769.0,4387.0
Renault Espace,39885.0,39392,-493.0,243049.0,493.0
Renault Espace,39875.0,38833,-1042.0,1085764.0,1042.0
Renault Espace,39700.0,33661,-6039.0,36469521.0,6039.0
Renault Espace,40999.0,39867,-1132.0,1281424.0,1132.0
