O*NET-SOC Code,Title,cognitive_complexity_avg,creativity_avg,data_structure_avg,decision_accountability_avg,physical_requirements_avg,routine_structure_avg,social_interactions_avg,weighted_average_GPT_v1_non_overlap,GPT_V1_NoOverlap_Scaled,GPT_V1_doubleweighed
11-1011.00,Chief Executives,2.515544897959184,2.543317857142857,2.842732857142857,0.8059897959183671,3.5187180952380954,2.732,1.5248857142857135,2.42664225,1.672803394561214,2.049722822280607
11-1011.03,Chief Sustainability Officers,2.794998430141285,2.5029964285714286,2.935122857142857,1.7190224489795916,3.525297142857143,2.008,1.8975272108843537,2.4751374124803767,1.8893300467142762,2.1822337295973266
11-1021.00,General and Operations Managers,2.879341130298273,2.9966071428571426,2.639832857142857,1.0212428571428567,3.41384126984127,2.622,1.9925591836734688,2.5828598804290945,2.3703014292937183,2.476580654861406
11-2011.00,Advertising and Promotions Managers,3.0012681318681316,2.7025357142857143,2.4819614285714287,1.7452244897959184,3.552578095238095,2.5220000000000002,2.162071428571428,2.6398865973312398,2.624920724550199,2.632403660940719
11-2021.00,Marketing Managers,2.895340502354788,2.7386142857142852,2.494048571428572,1.7084142857142863,3.6028838095238096,2.568,1.9489027210884355,2.6117074835164837,2.499103449942279,2.5554054667293813
11-2022.00,Sales Managers,2.800613186813186,2.7832214285714287,2.6211185714285716,1.7706775510204085,3.6094736507936505,2.1879999999999997,1.591517687074829,2.4945035052328626,1.9757979543262625,2.2351507297795625
11-2033.00,Fundraising Managers,3.0462064364207233,2.8183928571428574,2.540792857142857,1.430265306122449,3.7107003174603177,2.466,2.0966571428571426,2.6410993294086866,2.6303354670370283,2.6357173982228574
11-3012.00,Administrative Services Managers,2.938614599686029,3.0220535714285717,2.578905714285715,1.3831081632653062,3.3978530158730162,2.688,2.114063265306122,2.6546890555991633,2.6910124039766945,2.672850729787929
11-3013.00,Facilities Managers,2.8008808477237044,2.9460357142857143,2.6739185714285716,1.1790530612244896,3.0720714285714283,2.744,2.017748299319728,2.559607606750392,2.26648206428729,2.413044835518841
11-3013.01,Security Managers,2.6491742543171117,2.8008214285714286,2.9284657142857147,1.1707142857142854,3.147684444444444,2.686,1.7907299319727898,2.505379508895866,2.0243583579110016,2.2648689334034335
11-3021.00,Computer and Information Systems Managers,2.8362175824175826,2.739607142857143,3.109087142857143,1.260922448979592,3.591157777777778,2.94,2.1901129251700677,2.7285652734170593,3.020863244755139,2.8747142590860992
11-3031.00,Financial Managers,2.941624175824175,3.157482142857143,2.6510442857142857,1.1937142857142855,3.6857492063492066,3.032,2.1593258503401365,2.782503063448456,3.261690752132992,3.022096907790724
11-3031.01,Treasurers and Controllers,2.8209766091051804,2.89095,3.084234285714286,1.3650857142857147,3.727396507936508,2.9,2.151504081632653,2.7635560798011514,3.177094129960425,2.9703251048807884
11-3031.03,Investment Fund Managers,2.989823704866563,2.8251464285714287,3.1880514285714288,1.3608816326530606,3.71434253968254,2.5300000000000002,2.3994047619047616,2.7502009213762433,3.117464517545182,2.9338327194607126
11-3051.00,Industrial Production Managers,2.744248979591836,2.929310714285714,2.602022857142857,1.0723081632653062,3.0400666666666667,2.904,2.2000802721088437,2.585289096938775,2.381147668202784,2.4832183825707794
11-3051.01,Quality Control Systems Managers,2.7512456828885394,2.8979749999999997,3.116851428571429,1.0208448979591833,3.361214603174603,2.712,2.0320326530612243,2.6125398235217165,2.5028197751501597,2.557679799335938
11-3051.02,Geothermal Production Managers,2.671058869701726,2.926625,2.76142,0.7853632653061222,2.9130358730158736,3.056,2.070422448979592,2.553049655285191,2.237201385491405,2.395125520388298
11-3051.03,Biofuels Production Managers,2.7848376766091048,2.945257142857143,2.657637142857143,0.846857142857143,2.777280952380952,3.312,2.1404653061224495,2.6100255902668756,2.4915939439216768,2.550809767094276
11-3051.04,Biomass Power Plant Managers,2.6812017268445834,3.0705142857142858,2.7713842857142854,0.9086734693877547,2.809982539682539,3.35,2.2035102040816326,2.65278708895866,2.6825202895448346,2.6676536892517473
11-3051.06,Hydroelectric Production Managers,2.656140502354788,2.9940035714285713,2.724532857142857,0.8369306122448972,2.8670276190476196,2.9779999999999998,2.1061836734693875,2.5452496518838306,2.202375053608044,2.3738123527459374
11-3061.00,Purchasing Managers,2.877718053375196,2.79735,2.7268785714285713,1.6283673469387758,3.596473968253968,2.8899999999999997,1.8436659863945586,2.680805793040293,2.807621348746734,2.744213570893513
11-3071.00,"Transportation, Storage, and Distribution Managers",2.87694332810047,2.9448178571428567,2.626392857142857,1.2237346938775508,3.2659044444444447,2.8939999999999997,1.990531292517007,2.6255422934327575,2.5608746642475584,2.593208478840158
11-3071.04,Supply Chain Managers,2.8296067503924642,2.793710714285714,2.736395714285714,1.558775510204082,3.470151746031746,2.7640000000000002,1.8914884353741495,2.630060769361591,2.5810492634377447,2.605555016399668
11-3111.00,Compensation and Benefits Managers,3.0101188383045523,2.919664285714285,2.667282857142857,1.4792857142857136,3.746807301587302,2.7980000000000005,2.190104761904762,2.7542611352694926,3.1355930168916135,2.9449270760805533
11-3121.00,Human Resources Managers,2.759245996860283,2.6962,2.7774742857142862,1.1919142857142857,3.5994120634920637,2.684,1.6122299319727889,2.5338020559916274,2.151262540793123,2.342532298392375
11-3131.00,Training and Development Managers,2.851216012558871,2.5947178571428573,2.936712857142857,2.0408081632653063,3.6825631746031746,2.3840000000000003,1.8864074829931972,2.6267877811355316,2.5664356577319847,2.596611719433758
11-9013.00,"Farmers, Ranchers, and Other Agricultural Managers",2.760251177394034,2.9024428571428573,2.3167357142857146,1.4057020408163265,2.727244126984126,2.734,2.3674285714285714,2.5326487854526425,2.146113288866518,2.3393810371595802
11-9021.00,Construction Managers,2.614198273155416,3.0036178571428573,2.6928642857142857,1.0663673469387756,2.749207936507937,2.94,1.9326829931972793,2.5088792222658296,2.0399842715224903,2.2744317468941597
11-9031.00,"Education and Childcare Administrators, Preschool and Daycare",2.883291522762952,2.8617714285714286,2.288632857142857,0.9534714285714285,3.464648888888889,2.7399999999999998,1.7997374149659864,2.523627816849817,2.1058354543188322,2.314731635584325
11-9032.00,"Education Administrators, Kindergarten through Secondary",2.585151962323391,2.3899500000000002,2.8167514285714286,1.6360122448979597,3.4928285714285714,1.86,1.341657823129252,2.288714620879121,1.0569686134108682,1.6728416171449947
11-9033.00,"Education Administrators, Postsecondary",2.8394894819466248,2.5934607142857145,2.7276271428571426,1.2800081632653066,3.647123492063492,2.3600000000000003,1.924572789115646,2.5234605022239665,2.1050884091716746,2.3142744556978205
11-9041.00,Architectural and Engineering Managers,2.7731682888540035,2.5335857142857146,2.9704585714285714,1.2690693877551018,3.4171069841269843,2.54,1.9646149659863945,2.535224188906332,2.157612239674167,2.3464182142902494
11-9041.01,Biofuels/Biodiesel Technology and Product Development Managers,2.82678037676609,2.6019107142857143,3.218137142857143,1.3932897959183674,3.163889523809524,2.5300000000000002,2.357061904761904,2.609589071821036,2.4896449273013292,2.5496169995611826
11-9051.00,Food Service Managers,2.9855941915227624,3.2899821428571427,2.1081928571428565,1.1695857142857142,3.2533714285714286,2.806,1.9856598639455791,2.6161690011773944,2.519023735455903,2.5675963683166487
11-9071.00,Gambling Managers,2.9669819466248044,3.164528571428572,2.39832,0.9353632653061226,3.451729206349206,2.914,1.8183809523809527,2.6264114280481423,2.564755274166451,2.5955833511072965
11-9072.00,"Entertainment and Recreation Managers, Except Gambling",2.948282260596547,2.7812642857142853,2.4825371428571428,1.493489795918367,3.2305469841269847,2.23,1.8062687074829928,2.4585570295656725,1.8153000894914406,2.1369285595285565
11-9081.00,Lodging Managers,2.851364207221349,2.8088285714285717,2.4246700000000003,1.1834693877551024,3.535688253968254,3.134,1.6300591836734695,2.611504971219257,2.4981992502758477,2.5548521107475524
11-9111.00,Medical and Health Services Managers,2.744772213500784,2.7729142857142857,2.980095714285714,1.4352612244897958,3.5765028571428576,3.048,1.6647170068027206,2.6649716483516483,2.736923279830547,2.7009474640910978
11-9121.00,Natural Sciences Managers,2.7130285714285716,2.5054857142857143,3.075595714285714,1.2915999999999994,3.443846031746032,2.2779999999999996,2.1791897959183677,2.5185520884353743,2.0831727715973933,2.300862430016384
11-9121.01,Clinical Research Coordinators,3.004278963893249,3.0841000000000003,2.68065,1.4787428571428576,3.5199403174603177,2.6879999999999997,2.4087353741496593,2.756097484039769,3.1437921532812343,2.9499448186605015
11-9121.02,Water Resource Specialists,2.872503296703297,2.7293392857142855,3.167207142857143,1.5765306122448983,3.4081409523809527,2.1399999999999997,2.2556843537414966,2.592223958791209,2.4121112188591827,2.5021675888251957
11-9131.00,Postmasters and Mail Superintendents,2.9130285714285713,3.127321428571429,2.5845957142857143,1.1994653061224492,3.4031168253968254,3.254,1.7105857142857146,2.7023139829931972,2.9036535327044426,2.80298375784882
11-9141.00,"Property, Real Estate, and Community Association Managers",3.0040312401883824,3.116160714285714,2.416555714285714,1.511877551020408,3.49727746031746,2.408,1.9966122448979595,2.61655557548404,2.520749755870007,2.5686526656770234
11-9151.00,Social and Community Service Managers,2.8891794348508637,2.7946642857142856,2.5467214285714284,1.2095265306122451,3.5388139682539683,2.56,1.8052489795918367,2.5418107961800103,2.1870208641445696,2.36441583016229
11-9161.00,Emergency Management Directors,2.684278649921507,2.679625,2.871662857142857,1.4913857142857139,3.2781247619047615,2.2920000000000003,1.7036537414965998,2.4465571801412875,1.761721813034395,2.104139496587841
11-9171.00,Funeral Home Managers,2.859472684458399,2.9282214285714288,2.674811428571428,0.9348163265306129,2.951738095238096,2.8560000000000003,1.7169911564625857,2.5006262802197803,2.00313560826938,2.25188094424458
11-9179.01,Fitness and Wellness Coordinators,2.9362886970172672,2.8751428571428574,2.2345828571428568,1.9128163265306122,3.3547761904761906,2.3120000000000003,1.9666204081632657,2.5470641412872843,2.2104765898397467,2.3787703655635157
11-9179.02,Spa Managers,2.8865431711145995,3.0041071428571424,2.4317014285714285,1.1885265306122443,3.548851428571428,2.582,1.8892231292517003,2.577731526687598,2.347403779097121,2.4625676528923597
11-9199.01,Regulatory Affairs Managers,2.98652229199372,2.875521428571428,3.0972714285714287,1.4409632653061228,3.7345492063492065,2.548,2.251803401360544,2.7406829186289903,3.074967469084312,2.907825193856651
11-9199.02,Compliance Managers,2.942751648351649,2.9482964285714286,2.9733899999999998,0.9620020408163272,3.490799682539682,2.6940000000000004,1.9054129251700678,2.625428306776557,2.560365723813197,2.592897015294877
11-9199.08,Loss Prevention Managers,2.858335635792778,2.904907142857143,2.6338114285714282,1.1546326530612245,3.3161628571428574,2.592,1.814021088435374,2.5312584167974883,2.1399054146217225,2.3355819157096054
11-9199.09,Wind Energy Operations Managers,2.5764792778649914,2.812725,2.648215714285714,0.7510326530612241,2.696555238095238,2.7119999999999997,1.9666258503401362,2.3901826416797487,1.5100144373824342,1.9500985395310915
11-9199.10,Wind Energy Development Managers,2.9175326530612242,2.9713000000000003,2.67815,1.6536734693877553,3.5101596825396824,2.114,2.1576414965986395,2.589477421768707,2.3998481716586006,2.494662796713654
11-9199.11,Brownfield Redevelopment Specialists and Site Managers,2.8655238618524335,2.862235714285714,2.892185714285714,1.6385714285714283,3.34819873015873,2.214,2.260368027210884,2.5963246643118785,2.4304205097748586,2.5133725870433685
13-1011.00,"Agents and Business Managers of Artists, Performers, and Athletes",3.157086656200943,2.8157964285714288,2.152104285714286,1.700530612244898,3.7418885714285715,2.444,2.3358986394557824,2.681664034144427,2.8114533200921947,2.746558677118311
13-1021.00,"Buyers and Purchasing Agents, Farm Products",3.068910832025117,3.1201999999999996,2.4526585714285716,1.1125265306122452,3.4406253968253964,2.88,2.220679591836734,2.7100808833071683,2.938332062202541,2.8242064727548546
13-1022.00,"Wholesale and Retail Buyers, Except Farm Products",3.0658367346938777,3.239414285714286,2.335711428571429,1.5236326530612248,3.5383146031746033,2.9200000000000004,2.2314619047619053,2.781188537414966,3.2558215085498876,3.018505022982427
13-1023.00,"Purchasing Agents, Except Wholesale, Retail, and Farm Products",2.963179748822606,2.9890535714285713,2.9116714285714282,1.422806122448979,3.614087619047619,3.0199999999999996,1.9561020408163268,2.765811202119309,3.1871630535555138,2.9764871278374114
13-1031.00,"Claims Adjusters, Examiners, and Investigators",3.0601535321821025,3.2528750000000004,2.8035771428571423,1.3004285714285713,3.5560679365079366,3.402,2.2134088435374153,2.90317636826269,3.8004864867847754,3.3518314275237326
13-1032.00,"Insurance Appraisers, Auto Damage",3.1213541601255885,3.3232,2.676577142857143,1.4768142857142856,3.111779999999999,3.282,2.2431020408163262,2.8416545729984297,3.5257970604238125,3.183725816711121
13-1041.00,Compliance Officers,3.140637833594976,3.251442857142857,2.6454614285714286,1.480267346938775,3.08582253968254,3.052,2.105675510204082,2.7605096886446883,3.1634922603198277,2.962000974482258
13-1041.01,Environmental Compliance Inspectors,2.948072056514915,3.1328142857142858,2.708655714285714,1.7405102040816325,3.0334126984126986,2.3200000000000003,2.288133333333333,2.61928144793302,2.532920537560093,2.5761009927465564
13-1041.03,Equal Opportunity Representatives and Officers,3.0262048665620096,2.9852,2.9254642857142854,1.3456265306122455,3.63338507936508,2.606,2.045499999999999,2.701852573521716,2.901593379835134,2.801722976678425
13-1041.04,Government Property Inspectors and Investigators,2.8841136577708006,3.0861214285714285,2.6681671428571434,1.3218857142857146,3.0922698412698413,2.628,2.0868462585034018,2.597007963631607,2.433471381378375,2.515239672504991
13-1041.06,Coroners,2.7975036106750393,3.014107142857143,3.005281428571428,1.1354081632653061,2.5749314285714284,2.6,1.7620442176870745,2.456356919152276,1.8054767892319035,2.1309168541920895
13-1041.07,Regulatory Affairs Specialists,3.0151678178963888,3.0985714285714288,2.83925,1.7684795918367349,3.7162717460317456,2.6,2.333319727891157,2.8052725672422816,3.3633545918955363,3.084313579568909
13-1041.08,Customs Brokers,3.093706907378335,3.1216142857142857,2.788284285714286,1.3721428571428578,3.656833333333333,3.4799999999999995,2.2416680272108844,2.92911609733124,3.916305104677713,3.4227106010044768
13-1051.00,Cost Estimators,3.059203453689168,3.0136607142857144,3.136468571428572,1.853224489795919,3.669216190476191,2.538,2.514102721088436,2.844996768053375,3.5407196685578235,3.1928582183055996
13-1071.00,Human Resources Specialists,3.105737362637363,3.074007142857143,2.415634285714286,1.2449999999999997,3.6225533333333333,3.02,2.039693877551021,2.746362186028258,3.1003249005011693,2.9233435432647137
13-1074.00,Farm Labor Contractors,3.274879434850863,3.711182142857143,1.6208314285714287,1.2224367346938783,3.114478095238095,3.1059999999999994,2.722690476190477,2.829011338697017,3.469346126853285,3.149178732775151
13-1075.00,Labor Relations Specialists,3.046702825745683,2.8337714285714286,2.512104285714286,1.5483673469387753,3.6388996825396824,2.154,2.0450761904761907,2.5715146823652537,2.3196461138120785,2.445580398088666
13-1081.00,Logisticians,2.8801097331240193,2.946875,2.7877928571428567,1.620065306122449,3.418153968253968,2.958,2.0931959183673468,2.7331360092883306,3.041271180010181,2.8872035946492556
13-1081.01,Logistics Engineers,2.782798587127158,2.501275,3.004168571428571,1.5603469387755102,3.33092,2.592,2.247074149659864,2.604161711538462,2.4654122390926894,2.5347869753155754
13-1081.02,Logistics Analysts,3.0001888540031403,2.9048214285714287,2.9395628571428576,1.7164857142857142,3.4349028571428573,3.226,2.3163013605442178,2.8592370321821035,3.6043012004027073,3.2317691162924054
13-1111.00,Management Analysts,2.846072527472527,2.611560714285714,3.13165,1.5436734693877554,3.594647301587302,2.4899999999999998,1.959768707482993,2.6173397345630556,2.5242509574631224,2.570795346013089
13-1121.00,"Meeting, Convention, and Event Planners",2.840641601255886,2.8342285714285715,2.6141057142857145,1.5225469387755104,3.282891746031747,2.9,1.804663945578231,2.608029144950288,2.482679990477715,2.5453545677140017
13-1131.00,Fundraisers,2.983988697017268,2.6456428571428567,2.7212585714285713,1.8084285714285713,3.643736190476191,2.384,1.9069006802721087,2.6068089780219776,2.477232052033097,2.542020515027537
13-1141.00,"Compensation, Benefits, and Job Analysis Specialists",3.1384714285714286,3.0999142857142856,2.710377142857143,1.4857142857142853,3.683493968253968,2.84,2.4613938775510205,2.8451001768707482,3.541181379868471,3.1931407783696093
13-1151.00,Training and Development Specialists,2.952529984301413,2.713482142857143,2.6740342857142854,2.0231999999999997,3.6063695238095237,2.3,1.9503462585034024,2.6131326149921508,2.5054665371353373,2.559299576063744
13-1161.00,Market Research Analysts and Marketing Specialists,2.9574448979591828,2.6838571428571427,3.3443371428571425,1.8805714285714288,3.7031619047619047,2.54,2.383838775510204,2.7897362653061224,3.2939863647772754,3.041861315041699
13-1161.01,Search Marketing Strategists,3.0580751962323394,2.6784999999999997,2.9520600000000004,2.049302040816326,3.77870253968254,2.418,2.65816462585034,2.8097525583464154,3.3833573597148234,3.0965549590306196
13-1199.04,Business Continuity Planners,2.925034379905808,2.7984857142857145,2.9799971428571426,1.7865306122448983,3.7138082539682538,2.2920000000000003,2.361938095238096,2.704942742019885,2.9153907114714226,2.8101667267456536
13-1199.05,Sustainability Specialists,2.9905717425431706,2.7415142857142856,2.8158185714285713,1.9759183673469387,3.5598488888888893,2.036,2.1873850340136065,2.608271686551544,2.4837629174799503,2.546017302015747
13-1199.06,Online Merchants,3.1691318681318683,3.1761214285714283,2.640852857142857,1.641812244897959,3.629001904761905,2.864,2.503363265306123,2.8727092802197802,3.664453607681562,3.268581443950671
13-1199.07,Security Management Specialists,2.7869408163265303,2.6990392857142855,2.8949999999999996,1.2779591836734694,3.223291746031746,2.298,1.9455843537414963,2.4751243486394556,1.8892717178089953,2.1821980332242257
13-2011.00,Accountants and Auditors,3.028079905808477,3.132025,2.9621685714285713,1.350114285714286,3.682935873015873,2.95,2.3347863945578227,2.847902361721612,3.553692889747774,3.200797625734693
13-2022.00,Appraisers of Personal and Business Property,3.0703411302982735,3.2315535714285715,3.005794285714286,1.448114285714286,3.355818095238095,2.4859999999999998,2.679104761904762,2.793113490973312,3.309065381526171,3.0510894362497414
13-2023.00,Appraisers and Assessors of Real Estate,3.201317582417582,3.4009178571428573,2.86251,1.8335673469387754,3.33374380952381,2.69,2.8467857142857147,2.925022479199372,3.8980274583321606,3.4115249687657663
13-2031.00,Budget Analysts,3.1568540031397174,3.183114285714286,2.7431285714285716,1.2545734693877555,3.6494863492063496,3.0999999999999996,2.5836258503401366,2.9057322773417065,3.811898396917277,3.3588153371294918
13-2041.00,Credit Analysts,3.2006337519623225,3.3660714285714284,2.8196414285714284,1.8895408163265306,3.7341644444444446,2.96,2.8206795918367344,3.0311506070120355,4.371880251873103,3.701515429442569
13-2052.00,Personal Financial Advisors,3.0241996860282576,2.996614285714286,3.0563742857142855,1.4922448979591834,3.797633650793651,2.4419999999999997,2.4625197278911566,2.785407020931449,3.2746566678991638,3.0300318444153067
13-2053.00,Insurance Underwriters,3.209551334379906,3.208182142857143,2.6754828571428573,1.5757142857142852,3.7136615873015875,3.068,2.4968088435374156,2.932950300497122,3.9334244859256664,3.4331873932113943
13-2061.00,Financial Examiners,2.95551350078493,3.183560714285714,2.877742857142857,1.7255204081632654,3.7092365079365077,2.3839999999999995,2.256844217687075,2.7528995676347465,3.1295137366798844,2.9412066521573155
13-2071.00,Credit Counselors,3.208782417582418,3.116339285714286,2.4736485714285714,1.7033632653061224,3.6994403174603177,3.128,2.3678204081632654,2.902158548011512,3.7959420085273763,3.349050278269444
13-2072.00,Loan Officers,3.109720251177394,3.256814285714286,2.692494285714286,1.120226530612245,3.60375873015873,2.942,2.2333578231292517,2.8002197451596023,3.3407941839387565,3.070506964549179
13-2081.00,"Tax Examiners and Collectors, and Revenue Agents",3.164565306122449,3.3922214285714287,2.737932857142857,1.3316857142857144,3.6587120634920636,3.1000000000000005,2.2607455782312926,2.8983985136054424,3.779153784294577,3.33877614895001
13-2082.00,Tax Preparers,3.2466277864992144,3.4019642857142856,2.8233071428571423,1.640561224489796,3.719470158730158,3.0620000000000003,2.706820408163266,3.020019232600732,4.322179640268448,3.67109943643459
13-2099.01,Financial Quantitative Analysts,3.0445043956043953,2.755757142857143,3.282712857142857,1.8513775510204087,3.7806168253968253,2.654,2.6640006802721095,2.880940897435898,3.7012070574371467,3.2910739774365223
13-2099.04,"Fraud Examiners, Investigators and Analysts",2.9695926216640505,2.989242857142857,2.9958742857142857,1.206057142857143,3.4891466666666666,2.912,2.140989115646259,2.740938832025118,3.076110099979241,2.9085244660021794
15-1211.00,Computer Systems Analysts,2.961150863422291,2.7504785714285713,3.0313314285714283,1.6282530612244899,3.572781587301588,3.164,2.6068448979591836,2.882446836996337,3.7079309456496805,3.2951888913230087
15-1211.01,Health Informatics Specialists,2.8348604395604395,2.325525,3.2655742857142855,1.537273469387756,3.5801647619047623,2.6700000000000004,2.0894238095238093,2.6387808771585557,2.6199837808435706,2.6293823290010634
15-1212.00,Information Security Analysts,3.0591591836734686,2.9185214285714283,3.012518571428571,1.6016000000000004,3.4943650793650796,2.604,2.6120829931972787,2.7948311598639455,3.316734622649898,3.055782891256922
15-1221.00,Computer and Information Research Scientists,2.9197128728414454,2.157717857142857,3.662584285714286,1.8614000000000002,3.628229523809524,2.466,2.467792517006803,2.721616344191523,2.9898368845101793,2.855726614350851
15-1231.00,Computer Network Support Specialists,3.0626598116169554,3.1398357142857143,2.6315728571428574,1.57505306122449,3.3695399999999998,2.994,2.583375510204082,2.8427742472527475,3.5307963078825146,3.186785277567631
15-1232.00,Computer User Support Specialists,3.0542574568288856,3.048889285714286,2.8534542857142857,1.4080448979591842,3.4495809523809524,2.916,2.511655102040816,2.819007337912088,3.4246791397290792,3.121843238820584
15-1241.00,Computer Network Architects,2.908516640502354,2.7496214285714284,3.061937142857143,1.5596428571428578,3.443660634920635,2.75,2.4812857142857143,2.7496206627420197,3.114873713575772,2.932247188158896
15-1241.01,Telecommunications Engineering Specialists,2.9707086342229205,2.8836392857142856,2.8714099999999996,1.5714285714285716,3.2728819047619044,2.476,2.35935918367347,2.6624722083987447,2.7257634993992745,2.6941178538990096
15-1242.00,Database Administrators,3.0672891679748826,2.832439285714286,3.0905257142857145,1.4578571428571432,3.62024380952381,2.82,2.7551476190476185,2.8601062680533755,3.6081822624202644,3.2341442652368197
15-1243.00,Database Architects,3.0474356357927785,2.6482642857142857,3.3698657142857136,1.6623877551020407,3.7009625396825396,2.686,2.53716462585034,2.830499409994767,3.4759902348382266,3.1532448224164966
15-1243.01,Data Warehousing Specialists,3.1646089481946627,2.7536,3.2349242857142855,2.0381632653061224,3.7360542857142853,2.6340000000000003,2.7715299319727897,2.9179777299843015,3.8665732702280504,3.3922755001061757
15-1244.00,Network and Computer Systems Administrators,2.9358751962323386,2.846071428571429,2.9069857142857134,1.9937530612244894,3.4628523809523815,2.8240000000000003,2.7442986394557827,2.85323852433281,3.5775183883429076,3.215378456337859
15-1251.00,Computer Programmers,3.173537205651492,2.667607142857143,3.444721428571429,2.2300204081632655,3.663984126984127,2.778,2.7233312925170066,2.9573431488749344,4.0423364170458544,3.4998397829603944
15-1252.00,Software Developers,3.1973808477237053,2.497332142857143,2.9087899999999998,1.976228571428572,3.7328907936507933,2.618,2.940715646258503,2.867349771716379,3.6405238717229107,3.2539368217196447
15-1253.00,Software Quality Assurance Analysts and Testers,3.080397174254317,2.750235714285714,3.120335714285715,1.6882448979591835,3.6602298412698415,3.058,2.62038843537415,2.909145736002093,3.827139190806676,3.368142463404385
15-1254.00,Web Developers,3.12989010989011,2.639307142857143,2.9270585714285713,1.8012102040816322,3.6409346031746033,3.05,2.6918380952380954,2.898122370225013,3.7779208282919505,3.338021599258482
15-1255.01,Video Game Designers,3.1059233908948194,2.1410714285714283,2.9201057142857145,2.2964714285714285,3.645241904761905,2.878,2.543493197278911,2.812617202511774,3.39614774496172,3.104382473736747
15-1299.01,Web Administrators,3.0732237048665616,2.739642857142857,2.913194285714286,1.7819387755102043,3.627049523809524,2.91,2.5384496598639457,2.848268167974882,3.5553261826228972,3.2017971752988896
15-1299.02,Geographic Information Systems Technologists and Technicians,3.152920094191523,2.976021428571429,3.251438571428571,1.8264591836734696,3.533454920634921,3.1300000000000003,2.647747619047619,2.9803113848770284,4.1448875787087776,3.562599481792903
15-1299.03,Document Management Specialists,3.107059340659341,3.0440714285714288,2.755642857142857,1.8373469387755104,3.608748253968254,2.832,2.469136734693878,2.860051343275772,3.6079370280998404,3.2339941856878065
15-1299.05,Information Security Engineers,3.0147284144427005,2.8785928571428574,3.16535,1.5801224489795915,3.6530584126984125,2.868,2.421991156462585,2.843402871009942,3.53360305788906,3.1885029644495013
15-1299.08,Computer Systems Engineers/Architects,2.9373323390894805,2.701407142857143,3.0200242857142854,1.4824489795918367,3.4374088888888883,3.0100000000000002,2.5282489795918375,2.792906929094715,3.308143100833675,3.0505250149641947
15-1299.09,Information Technology Project Managers,2.757228100470957,2.7390857142857143,3.2271100000000006,1.462857142857143,3.585997777777777,2.8180000000000005,1.8772258503401362,2.676527330716902,2.788518389278938,2.73252285999792
15-2011.00,Actuaries,2.935348979591837,2.9702714285714285,3.2753142857142854,1.7960204081632654,3.7679187301587302,2.44,2.6205319727891156,2.839244136054422,3.51503467063033,3.177139403342376
15-2021.00,Mathematicians,3.029722448979591,2.221917857142857,3.2060985714285715,2.22234693877551,3.7413073015873017,2.058,2.740959183673469,2.714530569727891,2.9581995222651774,2.8363650459965344
15-2031.00,Operations Research Analysts,2.927428100470957,2.5294285714285714,3.375561428571429,2.021622448979592,3.7163800000000005,2.188,2.6281306122448984,2.7475234803767665,3.1055099780343873,2.926516729205577
15-2041.00,Statisticians,2.9853249607535326,2.6931464285714286,3.674885714285714,1.7559897959183677,3.717083174603175,2.37,2.625159863945578,2.820194715201466,3.429980675308336,3.125087695254901
15-2041.01,Biostatisticians,2.972405337519624,2.7208035714285717,3.0936114285714282,2.0252224489795916,3.7150098412698416,2.3519999999999994,2.5745693877551026,2.779701608451073,3.2491825009855457,3.0144420547183093
15-2051.01,Business Intelligence Analysts,3.112319466248038,2.8419964285714285,3.2835300000000003,1.8889142857142858,3.780515873015873,2.592,2.7162299319727894,2.903303683542648,3.8010549383565877,3.3521793109496176
15-2051.02,Clinical Data Managers,3.0480863422291984,2.9796428571428573,3.157171428571428,1.95469387755102,3.7345653968253965,2.8600000000000003,2.487098639455782,2.92059551596023,3.8782614552846617,3.3994284856224457
15-2099.01,Bioinformatics Technicians,3.1068513343799067,2.7080321428571423,3.456664285714286,1.99915918367347,3.6079726984126985,2.6980000000000004,2.746228571428571,2.910545059000523,3.8333870454097703,3.3719660522051464
17-1011.00,"Architects, Except Landscape and Naval",2.7665615384615387,2.3633857142857146,2.844337142857143,1.6529693877551024,3.2708561904761906,2.6060000000000003,2.1167755102040813,2.548567496075354,2.217188937270084,2.3828782166727187
17-1012.00,Landscape Architects,2.900480847723703,2.4782142857142855,2.4963357142857143,1.8514285714285714,3.449642857142857,2.28,2.26016462585034,2.5540518210361065,2.241675967776514,2.39786389440631
17-1021.00,Cartographers and Photogrammetrists,3.133516640502355,2.985228571428572,2.837552857142857,1.6634857142857142,3.399055555555556,2.932,2.454938095238095,2.8324146865515436,3.4845417768802562,3.1584782317159
17-1022.00,Surveyors,2.831920565149137,2.9826678571428573,3.046111428571429,1.0799489795918373,2.808904761904762,3.0,2.2694557823129258,2.646548385792779,2.6546650264383036,2.6506067061155414
17-1022.01,Geodetic Surveyors,2.883187441130298,2.9821964285714286,3.2289300000000005,1.5541428571428577,3.0500650793650794,2.6420000000000003,2.611980272108843,2.735821668890633,3.0532624148626173,2.8945420418766252
17-2011.00,Aerospace Engineers,2.830771742543171,2.1584250000000003,3.325608571428572,1.7854632653061224,3.450031746031746,2.164,2.441587074829932,2.5760295181841966,2.3398044602304875,2.457916989207342
17-2021.00,Agricultural Engineers,2.7432194662480374,2.3690857142857142,3.3852957142857143,1.4619387755102045,3.0610574603174605,2.43,2.457358503401361,2.5653316206174783,2.2920392847630335,2.4286854526902557
17-2031.00,Bioengineers and Biomedical Engineers,2.7581811616954477,2.0918642857142857,3.33361,1.6229346938775513,3.422674285714286,2.4520000000000004,2.4917326530612236,2.600722327315542,2.4500556898377344,2.525389008576638
17-2041.00,Chemical Engineers,2.794136577708007,2.723257142857143,3.122652857142857,1.2172857142857145,3.266113333333333,2.3120000000000003,2.5512537414965983,2.5966079764521193,2.4316854736620392,2.5141467250570795
17-2051.00,Civil Engineers,2.773112715855573,2.813689285714286,2.8520142857142856,1.3396040816326535,3.2640101587301587,2.5919999999999996,2.282761904761905,2.607597946493982,2.480754727144589,2.5441763368192856
17-2051.01,Transportation Engineers,2.8005138147566715,2.6412428571428572,2.98303,1.3525204081632651,3.3583238095238093,2.5,2.1053904761904763,2.5693756844583984,2.310095675540609,2.4397356799995036
17-2051.02,Water/Wastewater Engineers,2.7917979591836732,2.533032142857143,2.969982857142857,1.658757142857143,3.3419358730158724,2.2979999999999996,2.2476095238095235,2.5596303248299317,2.266583498522264,2.413106911676098
17-2061.00,Computer Hardware Engineers,2.8916806907378327,2.3441428571428573,3.396172857142857,1.6906204081632654,3.5719038095238096,2.636,2.5639176870748295,2.7416260832025117,3.0791786162810357,2.9104023497417737
17-2071.00,Electrical Engineers,2.7894161695447406,2.498989285714286,3.1899414285714287,1.2099673469387757,3.2554050793650795,2.984,2.3935367346938783,2.6773929679487183,2.792383383686577,2.7348881758176473
17-2072.00,"Electronics Engineers, Except Computer",2.908877708006279,2.5290857142857144,3.0022614285714284,1.841014285714285,3.4705149206349204,1.996,2.763582993197279,2.6343367718472,2.6001412399453354,2.617239005896268
17-2072.01,Radio Frequency Identification Device Specialists,2.956689638932496,2.6266499999999997,2.8802128571428574,1.5689795918367344,3.437365714285714,2.608,2.3627496598639453,2.6740374968602825,2.777401499226052,2.7257194980431674
17-2081.00,Environmental Engineers,2.7508971742543173,2.664982142857143,3.0399385714285714,1.3753061224489795,3.2426682539682536,2.418,2.224101360544218,2.5575218091313445,2.2571691606403768,2.4073454848858606
17-2111.00,"Health and Safety Engineers, Except Mining Safety Engineers and Inspectors",2.8860241758241756,2.8843071428571427,2.855442857142857,1.0661306122448981,3.010161269841269,2.506,2.2066204081632654,2.541424296441653,2.1852951766713424,2.3633597365564976
17-2111.02,Fire-Prevention and Protection Engineers,2.7904962323390894,2.600071428571429,2.980408571428571,1.407371428571429,3.326735873015873,2.088,2.2999605442176874,2.5089676117216113,2.040378922699375,2.2746732672104932
17-2112.00,Industrial Engineers,2.9449726844583983,2.6812857142857145,2.753145714285714,1.3632183673469385,3.271666349206349,2.5460000000000003,2.419155102040816,2.6183983856619566,2.5289777418787,2.5736880637703283
17-2112.01,Human Factors Engineers and Ergonomists,2.8324481946624807,2.3537607142857144,3.041981428571429,1.611071428571428,3.3520174603174606,2.2980000000000005,2.3478061224489797,2.5578101594714813,2.258456619648733,2.408133389560107
17-2112.02,Validation Engineers,2.9094555729984304,3.0264285714285712,3.1657699999999993,1.3026530612244898,3.381001904761905,2.6380000000000003,2.379813605442177,2.7289472543171116,3.0225687560111982,2.8757580051641547
17-2112.03,Manufacturing Engineers,2.6750485086342235,2.313307142857143,2.9443671428571427,1.4747265306122448,3.1195034920634925,2.6199999999999997,2.3782095238095233,2.538819667451596,2.1736657364040557,2.356242701927826
17-2121.00,Marine Engineers and Naval Architects,2.75208759811617,2.649457142857143,2.8806871428571434,1.3445428571428573,2.8494495238095237,2.6439999999999997,2.5845367346938772,2.576652649921507,2.3425866888493676,2.4596196693854373
17-2131.00,Materials Engineers,2.7621747252747246,2.402407142857143,3.1386571428571424,1.6080306122448982,3.2466580952380952,2.3419999999999996,2.3454040816326533,2.5565653822605965,2.252898798448353,2.4047320903544747
17-2141.00,Mechanical Engineers,2.8420648351648357,2.4173714285714287,2.81276,1.4008367346938768,3.367536507936508,2.534,2.569765986394558,2.6076704871794876,2.48107861495059,2.544374551065039
17-2141.01,Fuel Cell Engineers,2.816996860282574,2.4883928571428573,3.0647928571428573,1.9188163265306124,3.3112184126984125,2.29,2.5850544217687075,2.6366103011512294,2.610292349119833,2.623451325135531
17-2141.02,Automotive Engineers,2.781802197802197,2.3006,3.278845714285714,1.458179591836735,3.260990476190476,2.4299999999999997,2.3515557823129263,2.5639447990580844,2.2858472479900716,2.424896023524078
17-2151.00,"Mining and Geological Engineers, Including Mining Safety Engineers",2.7483478806907384,2.6329928571428574,3.1663685714285714,1.4001061224489795,3.124738412698413,2.562,2.4092965986394557,2.6063538317634745,2.4751998638610573,2.540776847812266
17-2161.00,Nuclear Engineers,2.7563772370486657,2.452032142857143,3.214245714285714,1.1984285714285718,3.258912698412698,2.394,2.5000537414965986,2.5651738015436942,2.2913346364240113,2.4282542189838527
17-2171.00,Petroleum Engineers,2.8529149136577705,2.5339357142857146,3.0774785714285717,1.5072224489795922,3.418968888888889,2.4040000000000004,2.334095918367347,2.610257417320775,2.492629031408592,2.5514432243646836
17-2199.03,"Energy Engineers, Except Wind and Solar",2.836004238618524,2.568725,3.02042,1.6331061224489796,3.312436825396826,2.254,2.2870265306122453,2.566781501439037,2.29851287561738,2.4326471885282084
17-2199.05,Mechatronics Engineers,2.9186406593406593,2.436,2.792194285714286,1.3963428571428573,3.3970838095238096,2.4560000000000004,2.5544326530612245,2.605977282574569,2.473518604719434,2.5397479436470016
17-2199.06,Microsystems Engineers,2.8479985871271594,2.5583714285714287,2.9148300000000003,1.6153122448979595,3.2976568253968255,2.402,2.532140136054422,2.618839271062271,2.530946256568221,2.574892763815246
17-2199.07,Photonics Engineers,2.8559086342229207,2.1254785714285713,3.1678042857142854,1.8009632653061223,3.3589447619047617,2.266,2.5717482993197276,2.586888795133438,2.3882901805035885,2.4875894878185134
17-2199.08,Robotics Engineers,2.6143529042386184,2.06235,3.17701,1.1996142857142855,3.091513333333333,2.746,2.431931292517007,2.5168845580847723,2.0757273946626196,2.296305976373696
17-2199.09,Nanosystems Engineers,2.7242067503924643,2.118175,3.2300128571428575,1.4613673469387756,3.223184126984127,2.406,2.389110884353742,2.5185395346677137,2.0831167201245364,2.300828127396125
17-2199.10,Wind Energy Engineers,3.0268472527472525,2.9195142857142855,2.8626957142857146,1.7933857142857144,3.5011619047619047,2.274,2.616795238095238,2.730055945054945,3.027518963030987,2.878787454042966
17-2199.11,Solar Energy Systems Engineers,2.8743288854003146,2.857321428571429,2.682578571428571,1.1784244897959182,3.0137974603174595,2.3920000000000003,2.434075510204082,2.5414287987964412,2.1853152792910517,2.3633720390437465
17-3011.00,Architectural and Civil Drafters,3.142554474097331,2.8716642857142856,2.61593,1.7372979591836737,3.422767619047619,3.028,2.6190761904761897,2.849332181318681,3.5600769089921958,3.2047045451554386
17-3012.00,Electrical and Electronics Drafters,3.1813505494505487,3.1074642857142853,2.5955399999999997,1.693265306122449,3.4184060317460316,2.972,2.6679585034013606,2.8795574361590788,3.69503002403151,3.2872937300952945
17-3013.00,Mechanical Drafters,3.183487441130297,2.861992857142857,2.5259957142857146,1.7316428571428575,3.418083492063492,2.814,2.841351700680272,2.8343011807953955,3.492964808416497,3.1636329946059463
17-3021.00,Aerospace Engineering and Operations Technologists and Technicians,2.946497802197802,3.1590678571428574,2.8823842857142856,1.017477551020408,2.925297777777778,2.776,2.5860006802721087,2.6877158012820512,2.8384739302087194,2.7630948657453853
17-3022.00,Civil Engineering Technologists and Technicians,3.0970361067503918,3.1692428571428573,2.65252,1.6418367346938783,3.1413079365079364,2.872,2.5227047619047616,2.7933794228152795,3.310252743904128,3.0518160833597037
17-3023.00,Electrical and Electronic Engineering Technologists and Technicians,2.9706010989010982,3.020375,2.699537142857143,1.334561224489796,3.0341479365079365,2.6,2.613606802721088,2.669219462454212,2.7558893976772243,2.712554430065718
17-3024.00,Electro-Mechanical and Mechatronics Technologists and Technicians,2.866503767660911,3.1311285714285715,2.549175714285714,1.3133551020408163,2.7233758730158732,3.05,2.565089795918367,2.6891677828362113,2.8449569006501,2.7670623417431557
17-3024.01,Robotics Technicians,2.787772213500785,2.895885714285714,2.742887142857143,1.23,2.677799682539683,2.9379999999999997,2.686738095238095,2.6421180701203557,2.634884055069886,2.638501062595121
17-3025.00,Environmental Engineering Technologists and Technicians,2.9932607535321822,3.224325,2.4522257142857145,1.4858285714285713,2.8941403174603177,2.72,2.611044897959184,2.696221073914181,2.8764492274237625,2.7863351506689717
17-3026.00,Industrial Engineering Technologists and Technicians,2.9499370486656202,2.6454714285714287,2.425474285714286,1.32269387755102,3.067740952380952,2.8880000000000003,2.537974149659864,2.63258535321821,2.5923213091964232,2.6124533312073166
17-3026.01,Nanotechnology Engineering Technologists and Technicians,2.7934525902668756,2.7993,3.06959,1.4862142857142855,3.210081904761905,2.7800000000000002,2.523278911564626,2.7104974395604393,2.9401919493818163,2.825344694471128
17-3027.00,Mechanical Engineering Technologists and Technicians,2.8628620094191515,2.9047285714285715,2.749614285714286,1.3026000000000004,2.868535555555556,2.944,2.4994700680272115,2.664360859236002,2.734196159936147,2.6992785095860743
17-3027.01,Automotive Engineering Technicians,2.9364244897959173,3.0904964285714285,2.6186757142857147,1.4968326530612246,2.7779549206349197,2.846,2.6172353741496597,2.6940675187074827,2.8668337920837565,2.7804506553956196
17-3029.01,Non-Destructive Testing Specialists,2.792472056514914,3.165178571428571,2.9604614285714286,0.9192551020408164,2.5362336507936503,3.3480000000000003,2.3258816326530614,2.6805365397697543,2.8064191564811747,2.7434778481254645
17-3029.08,Photonics Technicians,3.034745839874412,3.1894214285714284,2.5282685714285713,1.6022734693877552,2.895761587301587,3.064,2.789309523809524,2.8122399610151754,3.3944633947268965,3.1033516778710357
17-3031.00,Surveying and Mapping Technicians,3.213233437990581,3.316767857142857,2.559524285714286,1.5635428571428571,3.1002866666666673,3.122,2.767847619047619,2.896427051412873,3.770351378310762,3.3333892148618176
19-1011.00,Animal Scientists,2.759151177394034,2.5484999999999998,3.27177,1.3926061224489792,3.20138126984127,2.4779999999999998,2.2195585034013607,2.5713262548403972,2.318804801420411,2.445065528130404
19-1012.00,Food Scientists and Technologists,2.823449136577708,2.62955,2.8805514285714287,1.414685714285714,3.135940952380953,2.776,2.356294557823129,2.626508911302983,2.565190528359489,2.595849719831236
19-1013.00,Soil and Plant Scientists,2.7526660910518053,2.4965928571428577,3.15748,1.6163265306122452,3.0837079365079365,2.418,2.3370469387755115,2.561482726582941,2.274854310073497,2.418168518328219
19-1021.00,Biochemists and Biophysicists,2.59848649921507,1.9863178571428572,3.736414285714286,1.2585306122448978,3.2618511111111115,2.8660000000000005,2.4443768707482993,2.6163493405285188,2.5198289348604064,2.5680891376944626
19-1022.00,Microbiologists,2.8032208791208784,2.6516714285714285,2.9890957142857144,1.200071428571428,3.04937492063492,3.1380000000000003,2.486608843537415,2.6951481250654106,2.8716586048075428,2.7834033649364764
19-1023.00,Zoologists and Wildlife Biologists,2.8105854003139714,2.7974428571428573,2.809798571428572,1.413969387755102,3.0855799999999998,2.44,2.195184353741497,2.5436956875981163,2.1954367392042666,2.3695662134011917
19-1029.01,Bioinformatics Scientists,2.8439150706436416,2.1563035714285714,3.3632042857142856,1.9175612244897957,3.598508571428571,2.386,2.4261510204081636,2.65900828610675,2.7102973898155103,2.68465283796113
19-1029.02,Molecular and Cellular Biologists,2.7308193092621673,2.2499142857142855,3.199471428571428,1.728367346938775,3.2445038095238097,2.68,2.4395877551020413,2.6285076514913657,2.574114728204977,2.6013111898481713
19-1029.03,Geneticists,2.8480679748822606,2.429542857142857,3.3110399999999998,1.6536734693877553,3.419628253968254,2.394,2.449189795918368,2.6472356792255365,2.657733731406598,2.652484705316067
19-1029.04,Biologists,2.7355919937205644,2.6228999999999996,3.405092857142857,1.725685714285714,3.153361904761905,2.5199999999999996,2.3893612244897957,2.652260125588697,2.6801674442615226,2.6662137849251097
19-1031.00,Conservation Scientists,2.9205221350078503,2.9652214285714282,2.927187142857143,1.7533510204081635,3.1088790476190473,2.3480000000000003,2.3849891156462593,2.6445955753532187,2.6459458988977236,2.645270737125471
19-1031.02,Range Managers,2.8434839874411297,2.879607142857143,2.6440357142857147,1.540408163265306,2.989802222222222,2.462,2.0481489795918373,2.5250007375719523,2.1119654250711903,2.3184830813215713
19-1031.03,Park Naturalists,2.960382260596546,2.727,2.6101614285714287,2.0988897959183674,3.142311111111111,2.08,1.8845870748299327,2.494047189429618,1.9737605442394095,2.2339038668345137
19-1032.00,Foresters,2.77897786499215,2.915764285714286,2.7724214285714286,1.2544673469387755,2.977002222222222,2.27,2.3113428571428574,2.5041519620617474,2.01887746883345,2.261514715447599
19-1041.00,Epidemiologists,2.769204709576138,2.454264285714286,3.4564014285714286,1.6364244897959184,3.590893968253968,2.354,2.1037857142857144,2.617804893511251,2.526327851417493,2.5720663724643718
19-1042.00,"Medical Scientists, Except Epidemiologists",2.8460572998430136,2.3343821428571427,3.134461428571428,1.4023918367346941,3.349285714285714,3.0300000000000002,2.44214693877551,2.7054661408948193,2.9177276415966915,2.811596891245755
19-2011.00,Astronomers,2.9076894819466252,2.297689285714286,3.5408171428571427,2.1273775510204085,3.6099698412698413,1.998,2.629782993197279,2.68318920970696,2.8182630953689465,2.750726152537953
19-2012.00,Physicists,2.7359113029827316,1.9727500000000004,3.5735842857142863,1.939314285714285,3.6333390476190477,1.938,2.5111020408163265,2.566855215855573,2.298842004029609,2.432848609942591
19-2021.00,Atmospheric and Space Scientists,2.984625588697017,2.8013214285714287,3.2389857142857146,1.9153061224489791,3.6020136507936504,2.69,2.410722448979592,2.8232316512297233,3.4435403286297923,3.133385989929758
19-2031.00,Chemists,2.8579178963893255,2.9132928571428574,2.911167142857143,1.2455612244897956,3.2946625396825397,2.75,2.61498231292517,2.7178011776556783,2.972802500147676,2.845301838901677
19-2032.00,Materials Scientists,2.8968400313971743,2.5912678571428573,3.1342871428571426,1.5978244897959186,3.335136825396826,2.2359999999999998,2.5333605442176874,2.623901951988488,2.553550683397731,2.5887263176931095
19-2041.00,"Environmental Scientists and Specialists, Including Health",2.897859654631084,2.9016928571428573,3.1170585714285712,1.7010857142857145,3.4320479365079364,2.374,2.248525170068027,2.678633271323914,2.7979212296025278,2.738277250463221
19-2041.01,Climate Change Policy Analysts,3.047533751962323,2.8359392857142858,2.978964285714286,2.125314285714286,3.7396844444444444,1.9899999999999998,2.3994503401360547,2.7118190304814234,2.9460927370686782,2.828955883775051
19-2041.02,Environmental Restoration Planners,2.8165662480376765,2.707871428571429,3.012581428571428,1.8866428571428568,3.251179047619048,1.972,2.201942857142857,2.53095636577708,2.138556783276176,2.3347565745266277
19-2041.03,Industrial Ecologists,3.0071918367346937,2.561610714285714,3.3482642857142855,1.9950020408163267,3.593805396825397,2.182,2.590386394557823,2.7336757840136054,3.0436812268726463,2.888678505443126
19-2042.00,"Geoscientists, Except Hydrologists and Geographers",2.8811681318681313,2.62085,3.2236957142857143,1.8310714285714282,3.2422609523809522,2.294,2.418308843537415,2.638664903453689,2.619465968410987,2.629065435932338
19-2043.00,Hydrologists,2.852062480376767,2.7102535714285714,3.345814285714286,1.8763999999999998,3.269175873015872,2.3040000000000003,2.4760258503401356,2.6791490948456307,2.800224336439303,2.739686715642467
19-2099.01,Remote Sensing Scientists and Technologists,2.894796389324961,2.4938142857142855,3.4160428571428567,1.760881632653061,3.5232692063492066,2.76,2.5713823129251696,2.7921817781266354,3.3049053652866025,3.048543571706619
19-3011.00,Economists,3.001051648351649,2.638785714285714,3.483054285714286,1.8348530612244898,3.770379047619048,2.05,2.4537510204081636,2.721385849293564,2.9888077449828376,2.855096797138201
19-3011.01,Environmental Economists,3.0567631083202516,2.6054821428571433,3.3155114285714284,2.292857142857143,3.7327980952380955,2.0,2.7397034013605444,2.781048869309262,3.255197902693265,3.0181233860012635
19-3022.00,Survey Researchers,2.928585557299843,2.6762928571428573,3.3451099999999996,1.7618122448979596,3.7151895238095243,2.484,2.324246258503402,2.7541393540031396,3.135049274205752,2.944594314104446
19-3032.00,Industrial-Organizational Psychologists,2.7749106750392456,2.533428571428572,3.233074285714286,1.471959183673469,3.7196663492063493,2.268,1.9808564625850344,2.5754326556776554,2.337139521425728,2.4562860885516917
19-3033.00,Clinical and Counseling Psychologists,2.937272056514914,2.636539285714286,2.7350342857142858,1.2833306122448986,3.6821003174603173,1.9120000000000001,2.1293142857142864,2.492020381606489,1.9647110248635897,2.2283657032350392
19-3034.00,School Psychologists,3.0870605965463107,3.0114714285714284,2.30231,1.882197959183674,3.663003492063492,2.1719999999999997,2.193516326530612,2.6461085724751436,2.6527012985040272,2.6494049354895854
19-3039.02,Neuropsychologists,2.8053693877551016,2.7759785714285714,3.222188571428572,1.455771428571428,3.5826980952380953,2.3619999999999997,2.2949714285714284,2.6590486224489798,2.710477488049982,2.684763055249481
19-3039.03,Clinical Neuropsychologists,2.8463048665620083,2.9011785714285714,3.409601428571429,1.283232653061225,3.605447619047619,2.5580000000000003,2.074636054421769,2.6950184748822608,2.8710797280975235,2.783049101489892
19-3041.00,Sociologists,2.9792395604395607,2.4956250000000004,3.4435357142857144,2.09469387755102,3.7260393650793655,2.1119999999999997,2.250351020408163,2.6939112010727366,2.8661358475385086,2.780023524305623
19-3051.00,Urban and Regional Planners,2.8846756671899527,2.6631428571428573,2.9821399999999993,2.0106040816326525,3.6255034920634923,1.832,1.907885714285714,2.5278555677655676,2.124711991793987,2.3262837797797773
19-3091.00,Anthropologists and Archeologists,2.9107904238618527,2.538125,3.1628942857142857,2.12734693877551,3.4188473015873018,2.294,2.306152380952381,2.66391138840921,2.7321893120695115,2.6980503502393605
19-3092.00,Geographers,3.023789638932496,2.6230821428571427,3.1712428571428566,2.173214285714286,3.604926349206349,2.43,2.5164231292517005,2.785678903322868,3.275870598959134,3.030774751141001
19-3093.00,Historians,3.168091993720565,3.0011678571428573,2.5279485714285714,1.815591836734694,3.512524126984127,2.04,2.4974687074829935,2.6692419436159076,2.755989774094779,2.7126158588553433
19-3094.00,Political Scientists,3.0041098901098904,2.5898499999999998,3.3065399999999996,2.0482755102040815,3.77828126984127,2.0,2.3415585034013606,2.6925515005232863,2.8600649036990635,2.776308202111175
19-3099.01,Transportation Planners,2.908682417582417,2.6174999999999997,3.24092,1.986785714285714,3.62950380952381,1.95,2.183466666666667,2.6136435054945055,2.507747618472809,2.5606955619836573
19-4012.00,Agricultural Technicians,3.0889508634222915,3.3478964285714286,2.187702857142857,1.795812244897959,2.5907717460317463,3.0260000000000007,2.7715598639455785,2.7734283454997386,3.221172931464505,2.9973006384821215
19-4012.01,Precision Agriculture Technicians,2.914313500784929,3.0917214285714287,2.7203685714285712,1.5106428571428574,2.8989917460317463,2.676,2.4276911564625854,2.658208817634746,2.70672783312385,2.682468325379298
19-4013.00,Food Science Technicians,3.1179759811616945,3.42105,2.2490614285714288,1.2356857142857143,3.054570158730159,3.496,2.658090476190477,2.885427706698064,3.721240267734757,3.3033339872164103
19-4021.00,Biological Technicians,3.0918103610675036,3.1124071428571427,2.887777142857143,1.9846285714285719,3.1501399999999995,2.6540000000000004,2.9364993197278912,2.861669094976452,3.615160147723472,3.2384146213499623
19-4031.00,Chemical Technicians,2.9629188383045513,3.094107142857143,2.68012,1.2176571428571425,2.907786666666666,3.246,2.678003401360544,2.7854001216640496,3.274625863274622,3.0300129924693358
19-4042.00,"Environmental Science and Protection Technicians, Including Health",2.9629769230769227,3.156632142857143,2.5716671428571427,1.5425612244897957,2.9323869841269845,2.6019999999999994,2.4285081632653065,2.6538984687336473,2.6874825028799485,2.670690485806798
19-4043.00,"Geological Technicians, Except Hydrologic Technicians",3.1382585557299842,3.2817000000000003,2.5290971428571427,1.6456775510204085,3.1115987301587307,2.892,2.841172789115647,2.8517869806384093,3.571037372906993,3.211412176772701
19-4051.00,Nuclear Technicians,2.913991993720565,3.343175,2.642127142857143,1.05169387755102,2.454780952380953,2.896,2.5239448979591836,2.6339660286499216,2.5984859040477026,2.616225966348812
19-4051.02,Nuclear Monitoring Technicians,2.925007221350078,3.2089285714285714,2.8424557142857143,1.0919142857142856,2.711783492063492,2.592,2.427566666666667,2.6028298927263216,2.4594657847678096,2.5311478387470654
19-4061.00,Social Science Research Assistants,3.225403139717425,3.0445035714285718,3.015135714285714,2.3672734693877553,3.684112063492064,2.432,2.779967346938775,2.9347388366038727,3.9414101429611783,3.4380744897825255
19-4071.00,Forest and Conservation Technicians,2.8476144427001575,3.2038607142857143,2.556724285714286,1.164359183673469,2.5758761904761904,3.09,2.1667306122448986,2.6092206408948195,2.487999915491427,2.5486102781931232
19-4092.00,Forensic Science Technicians,2.945133281004709,3.228814285714286,2.6304185714285713,1.0602040816326528,2.676877142857143,2.5620000000000003,2.2446054421768706,2.545776788069074,2.2047286704964435,2.3752527292827588
19-4099.01,Quality Control Analysts,3.1353048665620085,3.3395571428571427,2.398905714285714,1.3439183673469395,2.898613333333334,3.02,2.8723761904761904,2.815160138147567,3.4075017298067394,3.111330933977153
19-4099.03,Remote Sensing Technicians,3.0456786499215065,2.946582142857143,2.8716814285714287,1.9064673469387756,3.491246666666667,3.0300000000000002,2.710053741496599,2.9128490576923083,3.8436741977313904,3.3782616277118493
19-5011.00,Occupational Health and Safety Specialists,2.7837098901098893,2.9809857142857146,2.9710428571428564,1.122702040816327,2.9739028571428574,2.4219999999999997,2.1532578231292523,2.5275529324960755,2.1233607518274624,2.3254568421617687
19-5012.00,Occupational Health and Safety Technicians,2.8785070643642063,2.979014285714286,2.779711428571429,1.02,2.9015396825396835,2.738,2.145953741496599,2.563323358974359,2.2830725724562555,2.4231979657153073
21-1011.00,Substance Abuse and Behavioral Disorder Counselors,2.9005613814756668,2.8215464285714287,2.8732128571428572,1.7040775510204083,3.5944996825396824,2.614,1.7469387755102042,2.640060981030874,2.6256993324925304,2.6328801567617024
21-1012.00,"Educational, Guidance, and Career Counselors and Advisors",3.0137131868131863,2.9029357142857144,2.887477142857143,1.4111163265306126,3.619079365079365,2.416,1.766130612244897,2.60833817870225,2.4840597991079427,2.5461989889050964
21-1013.00,Marriage and Family Therapists,3.021741444270016,2.8232928571428575,2.4589271428571435,1.6021020408163267,3.592526031746032,2.064,1.9986367346938771,2.5343324785452643,2.1536308310285044,2.3439816547868846
21-1014.00,Mental Health Counselors,2.9159249607535314,2.5890178571428573,2.7293185714285713,1.32094693877551,3.711365714285715,2.0780000000000003,1.9004673469387758,2.48814293288854,1.947398556014095,2.2177707444513173
21-1015.00,Rehabilitation Counselors,3.042912872841444,2.9426249999999996,2.4133914285714284,1.4767142857142863,3.5142850793650795,2.632,1.9862931972789117,2.6383279938513864,2.6179616965509975,2.628144845201192
21-1021.00,"Child, Family, and School Social Workers",2.9633819466248035,2.8419714285714286,2.5766342857142854,1.2714979591836735,3.506390158730159,2.8080000000000003,1.5579013605442187,2.5768599586603873,2.3435123042076,2.4601861314339937
21-1022.00,Healthcare Social Workers,2.9612065934065934,2.92755,2.46129,1.707489795918367,3.427907301587302,2.228,1.7631476190476199,2.5244497066980642,2.1095051204912387,2.3169774135946515
21-1023.00,Mental Health and Substance Abuse Social Workers,2.9271332810047097,2.6835,2.7653299999999996,1.5935714285714289,3.5743352380952382,2.586,1.8066789115646262,2.601837257456829,2.4550337552473547,2.528435506352092
21-1091.00,Health Education Specialists,2.929220094191522,2.7114964285714285,2.954721428571428,1.4565040816326529,3.490680317460318,2.6020000000000003,1.77417074829932,2.5973576892987964,2.4350328758453568,2.5161952825720766
21-1092.00,Probation Officers and Correctional Treatment Specialists,2.9972737833594976,3.1123214285714287,2.6717085714285718,1.0542183673469383,3.1762199999999994,2.994,1.8123068027210887,2.6361109960753533,2.6080629956966703,2.622086995886012
21-1093.00,Social and Human Service Assistants,3.0974191522762955,3.0151964285714286,2.2904185714285714,1.5499836734693884,3.3713098412698415,2.832,1.8706122448979596,2.6536208745421246,2.6862430691328836,2.669931971837504
21-1094.00,Community Health Workers,2.941560596546311,2.8570785714285716,2.708628571428571,1.5583714285714287,3.2849403174603173,2.448,1.8310979591836736,2.5535016166928313,2.2392193535833425,2.3963604851380866
21-2011.00,Clergy,2.956375824175823,2.727025,2.1805257142857144,1.5922367346938775,3.641737142857143,2.2939999999999996,1.8735401360544222,2.5158779603610673,2.0712330240072596,2.293555492184163
21-2021.00,"Directors, Religious Activities and Education",2.9698736263736256,2.8310642857142856,2.322034285714286,2.1440551020408165,3.7208723809523816,1.642,2.1049585034013605,2.5190242582417577,2.0852809684194025,2.30215261333058
23-1011.00,Lawyers,2.854970329670329,2.537735714285714,2.9282014285714286,1.025975510204081,3.7229441269841272,2.29,1.9690884353741493,2.5161284848246988,2.0723515937906782,2.2942400393076885
23-1012.00,Judicial Law Clerks,3.2187332810047096,3.0286214285714284,2.661954285714286,1.6013428571428574,3.7204780952380956,2.6399999999999997,2.7830442176870753,2.86696126766091,3.6387892351493623,3.2528752514051362
23-1021.00,"Administrative Law Judges, Adjudicators, and Hearing Officers",3.0725023547880697,2.973457142857143,2.6493,1.2803428571428577,3.6826317460317464,3.086,2.233936734693877,2.8045434824699114,3.3600992922569173,3.0823213873634145
23-1022.00,"Arbitrators, Mediators, and Conciliators",3.142001726844584,2.8177000000000003,2.7049685714285716,1.3631122448979593,3.7193790476190474,2.15,2.5894326530612255,2.677085095761382,2.791008761340649,2.7340469285510154
23-1023.00,"Judges, Magistrate Judges, and Magistrates",2.927005494505494,2.951367857142857,2.8390299999999997,0.765169387755102,3.682208253968254,2.77,1.7907122448979584,2.6171140163526947,2.523243145427454,2.570178580890074
23-2011.00,Paralegals and Legal Assistants,3.283991365777079,3.235614285714286,2.4917,1.5995428571428572,3.6964869841269836,2.8979999999999997,2.6443115646258506,2.9177849157509153,3.8657123715670867,3.391748643659001
23-2093.00,"Title Examiners, Abstractors, and Searchers",3.2719414442700163,3.5103607142857145,2.8955542857142857,1.1421959183673471,3.6323603174603174,3.2939999999999996,2.6741380952380958,3.0258951060962844,4.348414900681931,3.6871550033891074
25-1011.00,"Business Teachers, Postsecondary",3.060238147566718,2.696039285714286,2.6021342857142855,1.9589999999999996,3.7162012698412696,2.194,2.2387374149659864,2.651595846284667,2.677201495361892,2.66439867082328
25-1021.00,"Computer Science Teachers, Postsecondary",2.9716847723704864,2.422842857142857,3.126194285714286,1.8457061224489797,3.684832380952381,2.274,2.1169394557823127,2.631434960753532,2.58718490761947,2.609309934186501
25-1022.00,"Mathematical Science Teachers, Postsecondary",3.098638775510204,2.7911,2.5389728571428574,2.2277142857142853,3.695955555555556,2.192,2.3275020408163263,2.7020481700680277,2.9024667012795717,2.8022574356737997
25-1031.00,"Architecture Teachers, Postsecondary",2.826682888540031,2.43865,2.8286185714285716,2.0002510204081636,3.551450793650794,2.186,2.0112748299319727,2.5442957360020935,2.198115902761984,2.3712058193820384
25-1032.00,"Engineering Teachers, Postsecondary",2.868075039246468,2.3069535714285716,3.081942857142857,1.847975510204082,3.59248,2.126,2.2449571428571433,2.5700616997645214,2.3131586737854466,2.4416101867749838
25-1041.00,"Agricultural Sciences Teachers, Postsecondary",2.798524489795918,2.5748285714285712,2.893854285714286,1.5930489795918361,3.470677777777778,2.1119999999999997,2.0197448979591837,2.5006566870748297,2.003271372213444,2.251964029644137
25-1042.00,"Biological Science Teachers, Postsecondary",2.8549814756671896,2.4819142857142857,3.259937142857143,1.3486673469387753,3.4887885714285716,2.128,2.0394068027210888,2.5162241193092623,2.0727785933863867,2.2945013563478245
25-1043.00,"Forestry and Conservation Science Teachers, Postsecondary",2.853030298273156,2.4179285714285714,3.29103,1.5708020408163264,3.312529841269841,2.132,1.9528224489795916,2.4930298780743065,1.9692183381574733,2.23112410811589
25-1051.00,"Atmospheric, Earth, Marine, and Space Sciences Teachers, Postsecondary",2.9335254317111463,2.627707142857143,2.867278571428571,1.762314285714286,3.47540380952381,2.352,2.2257136054421767,2.622711784144427,2.5482366882362744,2.5854742361903504
25-1052.00,"Chemistry Teachers, Postsecondary",2.9562437990580848,2.6483392857142856,2.6905099999999997,1.4220448979591835,3.4849511111111116,2.2760000000000002,2.2121959183673474,2.5617150069335426,2.275891421490476,2.4188032142120095
25-1053.00,"Environmental Science Teachers, Postsecondary",2.929179591836735,2.6708428571428575,2.8781314285714283,1.700214285714286,3.499408571428572,2.21,2.19570612244898,2.5941051428571433,2.4205105409162098,2.5073078418866768
25-1054.00,"Physics Teachers, Postsecondary",2.8834039246467817,2.494321428571429,3.121305714285714,1.8537244897959182,3.580410158730159,2.1119999999999997,2.2251877551020414,2.597401510465725,2.4352285335168276,2.516315021991276
25-1061.00,"Anthropology and Archeology Teachers, Postsecondary",2.8519802197802195,2.372932142857143,3.242444285714286,2.073838775510204,3.4521339682539676,2.164,2.0314625850340144,2.5707046435112506,2.3160293612907914,2.443367002401021
25-1062.00,"Area, Ethnic, and Cultural Studies Teachers, Postsecondary",3.0512651491365776,2.5193142857142856,2.551847142857143,1.8750979591836732,3.6962784126984127,2.0159999999999996,2.059102721088436,2.5447885954997385,2.200316477242996,2.3725525363713675
25-1063.00,"Economics Teachers, Postsecondary",3.0912102040816327,2.640357142857143,2.9046314285714283,2.085959183673469,3.7208774603174604,2.082,2.49501768707483,2.7075784353741494,2.9271588514035614,2.817368643388855
25-1064.00,"Geography Teachers, Postsecondary",3.0355675039246464,2.5087714285714284,3.193295714285714,2.0452081632653063,3.6171536507936506,2.214,2.141333333333333,2.6620742752485604,2.7239867627438414,2.693030518996201
25-1065.00,"Political Science Teachers, Postsecondary",3.0874701726844584,2.578257142857143,2.862952857142857,1.9553142857142851,3.7806784126984128,2.06,2.2487455782312926,2.6480994102564104,2.6615902147940176,2.654844812525214
25-1066.00,"Psychology Teachers, Postsecondary",2.929153532182105,2.5870785714285716,3.0324057142857144,1.8086285714285713,3.7167320634920635,2.346,2.0316340136054425,2.6429931556776562,2.6387912354231116,2.640892195550384
25-1067.00,"Sociology Teachers, Postsecondary",3.041455886970173,2.5393142857142856,3.1802228571428572,1.8997857142857137,3.7487577777777776,2.41,2.3084244897959185,2.7356937231815803,3.0526911484801253,2.8941924358308526
25-1071.00,"Health Specialties Teachers, Postsecondary",2.926606907378335,2.594464285714286,2.78692,1.4095632653061223,3.5982031746031744,2.242,1.9625210884353748,2.5303176449502875,2.1357049507384094,2.3330112978443482
25-1072.00,"Nursing Instructors and Teachers, Postsecondary",2.7935273155416005,2.64165,3.033568571428571,1.0061061224489793,3.3086561904761904,2.622,1.683287074829933,2.492435556514913,1.9665647444591343,2.2295001504870235
25-1081.00,"Education Teachers, Postsecondary",2.964416954474098,2.6624392857142856,2.66195,1.4792408163265307,3.654839365079365,2.6100000000000003,2.035624489795919,2.6337170958922034,2.5973744410917483,2.615545768491976
25-1082.00,"Library Science Teachers, Postsecondary",3.0266339089481953,2.547967857142857,3.1632614285714284,1.8858285714285712,3.7110914285714287,2.278,2.159619727891157,2.6773059383830455,2.7919948042999003,2.734650371341473
25-1111.00,"Criminal Justice and Law Enforcement Teachers, Postsecondary",3.075597174254318,2.718939285714286,2.5629414285714285,1.6383999999999999,3.616422222222222,2.45,2.2026578231292517,2.652176618655154,2.6797945931187126,2.6659856058869336
25-1112.00,"Law Teachers, Postsecondary",3.057228257456829,2.517982142857143,2.8044499999999997,1.6545510204081633,3.735988571428571,1.972,2.253665986394558,2.5750298457613816,2.335341010436924,2.4551854280991527
25-1113.00,"Social Work Teachers, Postsecondary",2.975863108320252,2.6007107142857144,2.7829114285714285,1.8648857142857147,3.7056,2.088,1.9248258503401363,2.56342966522763,2.283547220564362,2.423488442895996
25-1121.00,"Art, Drama, and Music Teachers, Postsecondary",2.9369291993720563,2.3127142857142857,2.3372314285714286,2.058508163265306,3.4903158730158728,2.146,1.9310598639455785,2.4694268424908423,1.8638328519740792,2.1666298472324605
25-1122.00,"Communications Teachers, Postsecondary",3.027043328100471,2.6416214285714283,2.600545714285714,1.6902530612244901,3.6978526984126985,2.266,2.1478741496598643,2.60943861826269,2.4889731653434968,2.5492058918030933
25-1123.00,"English Language and Literature Teachers, Postsecondary",2.9978152276295127,2.413632142857143,2.707287142857143,2.1867632653061224,3.764147619047619,2.16,2.1071816326530617,2.613821534144427,2.508542500798864,2.5611820174716455
25-1124.00,"Foreign Language and Literature Teachers, Postsecondary",3.1497350078492943,2.6338999999999997,2.398491428571428,2.2918693877551024,3.7510603174603174,1.722,2.472494557823129,2.614514564102564,2.511636818850441,2.5630756914765023
25-1125.00,"History Teachers, Postsecondary",3.04261004709576,2.506592857142857,3.042761428571429,1.8740408163265307,3.72886,2.46,2.368848299319728,2.730716905023548,3.0304700913887217,2.8805934982061348
25-1126.00,"Philosophy and Religion Teachers, Postsecondary",3.0839244897959177,2.6283142857142856,2.6639742857142856,1.7647755102040814,3.7934190476190475,2.2760000000000002,2.3339013605442176,2.674008857142857,2.7772736253966723,2.7256412412697646
25-1192.00,"Family and Consumer Sciences Teachers, Postsecondary",3.0667097331240187,2.9744821428571426,2.412887142857143,1.6036408163265308,3.654987301587302,2.7060000000000004,2.2175197278911565,2.7299076317373103,3.0268567570604397,2.878382194398875
25-1193.00,"Recreation and Fitness Studies Teachers, Postsecondary",2.9734866562009423,2.8215142857142856,2.6613657142857146,1.4956224489795922,3.5245200000000008,2.338,1.953232653061225,2.5742118555729987,2.3316887559041906,2.452950305738595
25-1194.00,"Career/Technical Education Teachers, Postsecondary",2.9663230769230773,3.052003571428571,2.3865914285714287,1.612044897959183,3.293677777777778,2.35,2.074246258503402,2.5778012353479856,2.347715022159063,2.4627581287535243
25-2011.00,"Preschool Teachers, Except Special Education",3.2474226059654625,3.108242857142857,1.5804,1.8539285714285718,3.3184352380952387,2.034,2.332808163265306,2.5512691868131867,2.229251749738289,2.390260468275738
25-2012.00,"Kindergarten Teachers, Except Special Education",3.0788982731554153,2.87375,2.2334171428571423,1.7174591836734696,3.3070980952380946,2.37,2.0400394557823134,2.564055506279435,2.286341546035116,2.4251985261572755
25-2021.00,"Elementary School Teachers, Except Special Education",3.014242386185243,2.7384857142857144,2.311642857142857,1.7510734693877552,3.425843174603175,2.268,1.6805585034013615,2.4887410994243853,1.9500693171954584,2.219405208309922
25-2022.00,"Middle School Teachers, Except Special and Career/Technical Education",2.9843948194662477,2.6688607142857146,2.6533114285714285,1.725820408163265,3.4880396825396827,2.262,1.8865544217687082,2.5444906293825222,2.1989860846323523,2.3717383570074375
25-2023.00,"Career/Technical Education Teachers, Middle School",3.021551020408163,2.831721428571428,2.5033271428571426,1.4671755102040818,3.356437777777778,2.246,1.9634482993197273,2.5222240442176873,2.099567732491071,2.310895888354379
25-2031.00,"Secondary School Teachers, Except Special and Career/Technical Education",3.017531240188382,2.8159785714285714,2.4331628571428565,1.8080285714285713,3.4512946031746035,2.004,1.9091115646258507,2.5040065397697537,2.0182281710391266,2.26111735540444
25-2032.00,"Career/Technical Education Teachers, Secondary School",2.7887423861852434,2.5618285714285713,2.7753585714285713,1.392595918367347,3.153499047619048,2.5160000000000005,1.7845823129251706,2.4632932967032968,1.8364471073497128,2.149870202026505
25-2051.00,"Special Education Teachers, Preschool",3.0725877551020413,3.0253428571428573,2.4215485714285716,1.679518367346939,3.299627301587302,2.2359999999999998,2.2649646258503404,2.606685074829932,2.476678835134905,2.5416819549824186
25-2056.00,"Special Education Teachers, Elementary School",2.992279434850863,2.804614285714286,2.6125871428571434,1.9445714285714284,3.4886225396825403,2.064,2.1190700680272108,2.579203806384092,2.353977378965846,2.4665905926749687
25-2057.00,"Special Education Teachers, Middle School",3.0815020408163267,2.9793142857142856,2.253594285714285,1.8071428571428574,3.3878939682539686,2.336,2.0303469387755104,2.595132299319728,2.4250967045396603,2.510114501929694
25-2058.00,"Special Education Teachers, Secondary School",2.9940734693877546,2.776985714285715,2.703952857142857,1.3733081632653064,3.507508571428571,2.19,1.7959551020408173,2.506904530612245,2.031167446278152,2.2690359884451983
25-2059.01,Adapted Physical Education Specialists,2.9811010989010978,2.7605178571428572,2.305134285714286,1.7669142857142854,3.038568253968254,2.084,2.0477721088435374,2.448198754971219,1.7690513008431559,2.1086250279071876
25-3011.00,"Adult Basic Education, Adult Secondary Education, and English as a Second Language Instructors",3.186148979591837,2.845142857142857,2.122574285714286,1.8439387755102041,3.637288888888889,2.1799999999999997,2.3353897959183674,2.6332468843537415,2.5952749877644585,2.6142609360591003
25-3021.00,Self-Enrichment Teachers,3.29103704866562,3.0290535714285713,2.069887142857143,1.9254306122448983,3.6030520634920635,2.0460000000000003,2.405401360544218,2.6580133821297753,2.705855230714894,2.6819343064223347
25-3031.00,"Substitute Teachers, Short-Term",3.365143956043956,3.4225642857142855,1.7349285714285714,2.087869387755102,3.588026031746032,2.23,2.5363333333333338,2.7650899369440087,3.1839426677327936,2.974516302338401
25-3041.00,Tutors,3.179563579277865,2.9989999999999997,2.254381428571428,2.3396122448979595,3.710897142857143,2.054,2.277884353741497,2.6953011287284143,2.872341752759274,2.783821440743844
25-4011.00,Archivists,3.0628692307692305,2.9165642857142857,3.0107942857142858,1.9181979591836735,3.391085396825397,2.588,2.342995238095238,2.767526347200419,3.1948210260908105,2.9811736866456147
25-4012.00,Curators,2.8955569858712717,2.5076392857142857,2.7802842857142855,1.669287755102041,3.374622857142857,2.1399999999999997,2.242174149659864,2.5259561958398744,2.116231462536449,2.321093829188162
25-4013.00,Museum Technicians and Conservators,3.1471522762951336,3.0076964285714287,2.199581428571429,1.6176285714285714,3.081478412698413,2.3280000000000003,2.6780047619047616,2.6344707819204602,2.600739583182756,2.6176051825516082
25-4022.00,Librarians and Media Collections Specialists,3.157664992150707,3.0054000000000003,2.5268757142857146,1.9892081632653063,3.4818501587301594,2.516,2.2385414965986397,2.737326884877028,3.0599830723804313,2.8986549786287297
25-4031.00,Library Technicians,3.339138775510204,3.495442857142857,2.0836685714285714,1.9485612244897959,3.382724126984127,3.06,2.65971768707483,2.9467764965986394,3.9951572403026567,3.470966868450648
25-9021.00,Farm and Home Management Educators,2.8283924646781786,2.7053214285714287,2.618707142857143,1.8511693877551023,3.240116190476191,2.036,1.8888163265306126,2.453584614599686,1.7930986922667902,2.123341653433238
25-9031.00,Instructional Coordinators,2.8573004709576133,2.64195,2.8179371428571427,1.9789775510204088,3.6124279365079364,2.1439999999999997,1.8133210884353743,2.5472413937728935,2.2112680066601413,2.379254700216517
25-9042.00,"Teaching Assistants, Preschool, Elementary, Middle, and Secondary School, Except Special Education",3.1511130298273153,2.7729928571428575,2.2698585714285713,1.583673469387755,3.2355952380952377,2.2879999999999994,2.266634013605443,2.5569034748822603,2.254408352386154,2.405655913634207
25-9043.00,"Teaching Assistants, Special Education",3.3202572998430138,3.3043785714285714,1.894435714285714,1.8586816326530617,3.4125723809523807,1.7719999999999998,2.391897959183674,2.5940776664050236,2.4203878609645137,2.507232763684769
25-9044.00,"Teaching Assistants, Postsecondary",3.258038932496075,3.063078571428571,2.3884600000000002,2.128163265306122,3.618407301587302,2.166,2.450404081632653,2.7433516596023027,3.0868831637404295,2.915117411671366
27-1011.00,Art Directors,3.0658576138147566,2.2623928571428573,2.4325157142857146,2.0382142857142855,3.611129206349206,3.2439999999999998,2.3414578231292515,2.7879986250654105,3.2862279533249996,3.0371132891952053
27-1012.00,Craft Artists,3.3030872841444276,2.6767892857142854,1.9601100000000002,2.3759795918367344,3.2216400000000003,2.4080000000000004,3.1341816326530614,2.76556368956044,3.186057931663008,2.975810810611724
27-1013.00,"Fine Artists, Including Painters, Sculptors, and Illustrators",3.377629199372056,2.4401214285714286,1.8179442857142856,2.0671938775510204,3.209137142857143,2.462,3.287140136054422,2.728018002354788,3.0184197274046856,2.8732188648797368
27-1014.00,Special Effects Artists and Animators,3.179887441130298,2.608992857142857,2.4638214285714284,1.5211102040816322,3.5208114285714283,2.846,2.608267346938776,2.7553870243328102,3.140620012928066,2.948003518630438
27-1021.00,Commercial and Industrial Designers,3.046940659340659,2.4650607142857144,2.4505428571428576,1.4684897959183667,3.309999682539682,2.7399999999999998,2.478382993197279,2.6349608727106224,2.602927795627407,2.6189443341690146
27-1022.00,Fashion Designers,3.0522640502354794,2.3096071428571427,2.3740757142857136,2.1594367346938776,3.3794073015873014,2.948,2.408493197278911,2.715416998691784,2.962157349935122,2.8387871743134534
27-1023.00,Floral Designers,3.269761067503924,3.125407142857143,1.9915714285714288,2.036163265306122,3.1945844444444447,2.592,2.5763142857142856,2.746083510465725,3.0990806385272727,2.922582074496499
27-1024.00,Graphic Designers,3.1456937205651485,2.4316071428571426,2.416115714285714,2.058163265306123,3.6177044444444446,3.002,2.467706802721089,2.7972347145473573,3.3274662837527256,3.0623504991500416
27-1025.00,Interior Designers,2.9018740973312394,2.3660000000000005,2.6727028571428577,1.6378857142857144,3.4429841269841273,2.512,2.104485714285714,2.555760447933019,2.2493048371903814,2.4025326425617
27-1026.00,Merchandise Displayers and Window Trimmers,3.259285557299842,3.063835714285714,1.8567842857142858,2.009208163265306,2.951784444444444,2.468,2.550772789115646,2.6540510206698062,2.688163633910891,2.6711073272903487
27-1027.00,Set and Exhibit Designers,3.00354332810047,2.4570035714285714,2.3137414285714284,1.980497959183673,3.157218095238095,2.314,2.469409523809524,2.555300116562009,2.2472494979452318,2.4012748072536203
27-2011.00,Actors,3.322198744113029,2.8726142857142856,1.6755671428571428,2.072342857142857,3.372017142857143,2.432,2.3771387755102045,2.6527863422291995,2.6825169554632105,2.667651648846205
27-2012.00,Producers and Directors,2.8837855572998423,2.427785714285714,2.6783814285714285,1.4332918367346936,3.4682936507936506,2.5460000000000003,2.134813605442177,2.55756910570382,2.257380335693158,2.407474720698489
27-2012.03,Media Programming Directors,2.931207378335949,2.5944285714285718,2.5328071428571426,1.4881938775510202,3.5783520634920634,3.0620000000000003,2.1101081632653065,2.6966145285191003,2.878205967766922,2.7874102481430114
27-2012.04,Talent Directors,3.1512437990580833,2.914732142857143,2.112337142857143,1.8167061224489798,3.680125396825397,2.2600000000000002,2.3121959183673475,2.653648915096808,2.68636826775311,2.670008591424959
27-2012.05,Media Technical Directors/Managers,2.8768356357927782,2.8459785714285717,2.4873257142857144,1.2589795918367348,3.222422222222222,3.1759999999999997,2.288321088435375,2.694864158294087,2.8703907180499257,2.7826274381720064
27-2021.00,Athletes and Sports Competitors,3.011927315541601,3.2247321428571425,2.41955,1.5562122448979596,2.7747098412698414,2.938,2.2891129251700684,2.6802485582155944,2.8051333440698993,2.742690951142747
27-2022.00,Coaches and Scouts,2.884974411302983,2.760885714285714,2.298279999999999,1.7184591836734695,3.2372238095238095,2.2800000000000002,1.9458401360544224,2.4820125290423865,1.9200268398827998,2.201019684462593
27-2023.00,"Umpires, Referees, and Other Sports Officials",3.301911616954474,3.7085714285714286,1.9017642857142856,1.8030816326530617,3.2814234920634915,2.1799999999999997,2.5448482993197277,2.7319978173731028,3.0361892528177172,2.8840935350954098
27-2031.00,Dancers,3.363240973312402,3.312132142857143,1.4460814285714283,1.9804081632653063,2.9227320634920635,2.9099999999999997,2.5523836734693877,2.7472222871533227,3.1041651766771423,2.9256937319152323
27-2032.00,Choreographers,2.9237315541601254,2.4466285714285716,1.965317142857143,2.0308673469387757,3.151359365079365,2.6580000000000004,1.9150408163265316,2.496732495028781,1.98575019849884,2.24124134676381
27-2041.00,Music Directors and Composers,3.073610361067504,2.572935714285714,2.2229599999999996,1.7958571428571433,3.468811428571429,2.6279999999999997,2.261191156462585,2.633964013343799,2.598476905882414,2.616220459613107
27-2042.00,Musicians and Singers,3.321572998430141,3.1095535714285716,1.9104528571428574,2.246,3.370441904761905,2.658,2.721309523809524,2.8256769854788066,3.4544585318333283,3.1400677586560675
27-3011.00,Broadcast Announcers and Radio Disc Jockeys,3.134537205651491,2.6366071428571427,2.409562857142857,1.4299999999999997,3.4431834920634916,3.2039999999999997,2.1713653061224494,2.7326102577184717,3.0389237453081765,2.885767001513324
27-3023.00,"News Analysts, Reporters, and Journalists",3.1847230769230768,2.830425,2.6348728571428572,1.5567346938775515,3.4067844444444444,2.9160000000000004,2.3484319727891156,2.7679154292255364,3.196558243248207,2.9822368362368716
27-3031.00,Public Relations Specialists,2.9682166405023556,2.5200714285714287,2.5217171428571428,1.7312244897959181,3.6545907936507938,2.4859999999999998,1.837589795918368,2.5695644620617477,2.310938551002078,2.440251506531913
27-3041.00,Editors,3.1002877551020402,2.5595142857142856,2.450838571428571,1.6754918367346936,3.597344761904762,2.964,2.314144217687075,2.741126693877551,3.0769488866930903,2.9090377902853204
27-3042.00,Technical Writers,3.2527519623233907,2.739839285714286,2.8081242857142863,1.8026448979591834,3.6588720634920637,3.2120000000000006,2.683474149659863,2.9537175375457876,4.02614838007565,3.489932958810719
27-3043.00,Writers and Authors,3.2090073783359494,2.429367857142857,1.9844642857142858,1.9958673469387755,3.59866380952381,2.464,2.342521768707483,2.6277672853218212,2.570809058116259,2.5992881717190404
27-3043.05,"Poets, Lyricists and Creative Writers",3.2992689167974887,1.8398142857142856,2.35342,2.6112979591836734,3.6955212698412696,2.5519999999999996,3.1934013605442173,2.811072670852956,3.3892515464107085,3.1001621086318325
27-3091.00,Interpreters and Translators,3.181013500784929,3.0094571428571433,2.445277142857143,1.3329408163265302,3.4900914285714286,2.8979999999999997,2.3260829931972786,2.758418555729984,3.154155535045195,2.9562870453875894
27-3092.00,Court Reporters and Simultaneous Captioners,3.3722004709576137,3.674692857142857,2.4327342857142855,1.946795918367347,3.6129546031746034,3.2359999999999998,2.638083673469388,3.0798427611198327,4.58928645438554,3.8345646077526867
27-4011.00,Audio and Video Technicians,3.044692464678178,2.933025,2.42284,1.5510714285714284,3.2075806349206353,3.0460000000000003,2.4676918367346943,2.754539633307169,3.1368364862325766,2.945688059769873
27-4012.00,Broadcast Technicians,2.9845821036106748,3.086296428571429,2.554718571428572,1.5382857142857143,3.152599682539682,2.826,2.5936707482993198,2.7470727730245943,3.1034976091902564,2.9252851911074256
27-4014.00,Sound Engineering Technicians,3.019762637362637,2.6904142857142856,2.50028,1.7833714285714288,3.269652063492063,2.906,2.5640789115646254,2.7411513275771844,3.077058874003969,2.9091051007905766
27-4021.00,Photographers,2.998797331240188,2.680939285714286,2.3349657142857145,1.918473469387755,3.1184660317460313,2.664,2.3556034013605442,2.631214825876504,2.586202024678016,2.60870842527726
27-4031.00,"Camera Operators, Television, Video, and Film",3.1088431711145996,2.8509714285714285,2.1500042857142856,1.7785653061224487,2.9728673015873017,2.92,2.4320680272108848,2.6815694484563055,2.811031003280723,2.7463002258685143
27-4032.00,Film and Video Editors,3.1516989010989014,2.718871428571429,2.6663514285714287,2.056938775510204,3.4652561904761905,2.596,2.565275510204082,2.776694324960754,3.235755243648333,3.0062247843045435
29-1011.00,Chiropractors,2.8546701726844583,3.0410964285714286,2.698815714285714,0.8999591836734693,3.333347936507937,2.948,2.290454421768707,2.6774128337257976,2.792472082640934,2.734942458183366
29-1021.00,"Dentists, General",2.5890711145996863,2.883857142857143,2.7027042857142853,0.4952224489795922,2.681293968253968,3.2920000000000003,1.9311639455782315,2.491000599162742,1.9601577855882617,2.225579192375502
29-1022.00,Oral and Maxillofacial Surgeons,2.625697017268447,2.8614714285714284,2.8754285714285706,0.5238306122448977,2.8583193650793652,2.65,1.8993530612244904,2.4066520491889065,1.5835488991412845,1.9951004741650955
29-1023.00,Orthodontists,2.8338425431711145,2.9369642857142857,2.369684285714285,0.9019306122448976,3.112598730158731,3.138,2.0171993197278915,2.5898522216117215,2.4015216201240683,2.495686920867895
29-1024.00,Prosthodontists,2.732441130298273,2.7629035714285712,2.909202857142857,0.6328938775510204,2.8821990476190478,3.036,1.9687551020408156,2.5133545011773935,2.0599659998147555,2.2866602504960745
29-1031.00,Dietitians and Nutritionists,2.936822762951334,2.841767857142857,2.7467314285714286,1.7071428571428569,3.5681098412698415,2.1740000000000004,2.1537517006802727,2.6052552528780746,2.4702948053765557,2.537775029127315
29-1041.00,Optometrists,2.771367503924647,3.0152,3.19236,0.9551428571428575,3.3326907936507935,3.06,2.0274278911564627,2.6987532140240713,2.887755011191347,2.793254112607709
29-1051.00,Pharmacists,2.90169262166405,3.2331785714285717,2.53143,0.6318204081632652,3.38322,3.4760000000000004,2.18595306122449,2.767131678963894,3.193058866988851,2.9800952729763726
29-1071.00,Physician Assistants,2.7785998430141285,3.03375,3.1967985714285714,0.6857714285714289,3.104709841269841,2.54,1.807295918367347,2.5049103403976978,2.0222635616672484,2.2635869510324733
29-1071.01,Anesthesiologist Assistants,2.8747582417582414,3.1957,2.519762857142857,1.1246122448979596,2.751283174603174,2.9299999999999997,2.292370068027211,2.6175542328623758,2.5252086735788914,2.5713814532206336
29-1081.00,Podiatrists,2.7796372056514906,2.8124928571428573,2.8670928571428567,0.7736000000000001,3.063683809523809,2.71,2.093487074829932,2.518464427786499,2.0827813744795005,2.300622901133
29-1122.00,Occupational Therapists,2.8789425431711146,2.5870928571428573,2.7967242857142858,1.2929836734693874,3.2128031746031747,2.1719999999999997,2.0396380952380957,2.451142296441654,1.7821939556455781,2.116668126043616
29-1122.01,"Low Vision Therapists, Orientation and Mobility Specialists, and Vision Rehabilitation Therapists",3.0469591836734686,2.880535714285714,2.3420871428571433,1.6712163265306121,3.1850831746031747,1.8519999999999999,2.3485877551020415,2.4909052210884357,1.9597319308418903,2.2253185759651632
29-1123.00,Physical Therapists,2.911350863422291,2.866867857142857,2.5517785714285717,0.9677551020408162,3.1863107936507937,2.698,1.9847612244897959,2.5339469781527995,2.151909605547141,2.3429282918499705
29-1124.00,Radiation Therapists,2.822492621664051,3.3375071428571426,2.8717742857142854,0.8926122448979594,2.912762857142858,3.9739999999999993,2.132242176870748,2.851989372841444,3.571941036363379,3.2119652046024116
29-1125.00,Recreational Therapists,2.974162637362636,2.6403535714285713,2.2795885714285715,1.8151959183673467,3.162738095238095,2.3,1.8387673469387753,2.4618816966248036,1.830144436659646,2.146013066642225
29-1126.00,Respiratory Therapists,2.895097017268445,3.2616535714285715,2.740828571428571,0.8771938775510204,2.8977349206349206,2.9739999999999998,2.134493197278912,2.6349490508895865,2.602875012232108,2.618912031560847
29-1127.00,Speech-Language Pathologists,2.914601726844584,2.759607142857143,2.736535714285714,1.2718367346938773,3.4392669841269843,2.432,2.1504707482993197,2.576829235217164,2.343375126725075,2.4601021809711194
29-1128.00,Exercise Physiologists,2.9287185243328113,2.920171428571429,2.622395714285714,1.6576,3.297195238095238,2.346,2.0774040816326536,2.580722962323391,2.3607602771521936,2.470741619737792
29-1129.01,Art Therapists,2.965608163265306,2.4678714285714287,2.5805314285714287,1.653163265306123,3.3823869841269842,2.104,1.928409523809524,2.455810884353742,1.803038791690735,2.1294248380222385
29-1129.02,Music Therapists,2.998631554160125,2.515632142857143,2.3913042857142854,2.020571428571429,3.2909358730158726,2.354,1.9853863945578234,2.530575466117216,2.136856099662838,2.3337157828900272
29-1131.00,Veterinarians,2.8743136577708004,3.1625214285714285,2.7103442857142857,0.8500693877551013,2.7857,2.754,2.1097462585034013,2.546683569073783,2.208777368245732,2.377730468659758
29-1141.00,Registered Nurses,2.792927786499214,2.951532142857143,2.763832857142857,0.9870183673469386,3.0530647619047615,2.878,1.8504952380952382,2.547888111852433,2.21415554623084,2.3810218290416367
29-1141.01,Acute Care Nurses,2.8079682888540027,2.9378857142857147,2.6339557142857144,0.970367346938775,2.9452568253968257,2.896,1.75384149659864,2.5063751548927264,2.0288038300654048,2.2675894924790656
29-1141.02,Advanced Practice Psychiatric Nurses,2.8817711145996854,2.7612678571428573,3.0813028571428567,1.095022448979592,3.549084761904762,2.652,1.8755238095238091,2.608179662087912,2.4833520363114534,2.5457658491996824
29-1141.03,Critical Care Nurses,2.7731623233908946,3.0470464285714285,2.882862857142858,0.8588224489795921,2.7917584126984125,2.7960000000000003,1.7133170068027206,2.4821611563317636,1.9206904477096725,2.201425802020718
29-1141.04,Clinical Nurse Specialists,2.7595075353218212,2.8877428571428574,2.9332328571428574,1.0279387755102043,3.123606666666667,2.3600000000000003,1.7403394557823129,2.444796640502355,1.7538611577751198,2.0993288991387375
29-1151.00,Nurse Anesthetists,2.6287351648351653,3.04985,3.138971428571428,0.5873408163265301,2.7898479365079365,3.082,1.8140374149659868,2.531401801936159,2.1405456167049177,2.3359737093205384
29-1161.00,Nurse Midwives,2.7935740973312395,2.983142857142857,3.009512857142857,0.6667142857142858,3.0599679365079373,2.428,1.8076006802721079,2.4498655499738358,1.7764933945135937,2.113179472243715
29-1171.00,Nurse Practitioners,2.7553480376766095,2.9294142857142855,3.138295714285715,0.7509142857142859,3.075214920634921,2.7039999999999997,1.8209693877551025,2.5168629947671377,2.0756311163383927,2.296247055552765
29-1181.00,Audiologists,2.726429513343799,2.9574214285714286,2.9881400000000005,1.1582551020408163,3.4041526984126986,2.3240000000000003,1.9234346938775508,2.531155260334904,2.1394448300530993,2.3353000451940016
29-1211.00,Anesthesiologists,2.6644116169544727,2.982057142857143,3.0346542857142857,0.5074142857142858,2.8602333333333334,2.876,2.0968238095238094,2.519935742543171,2.0893506659764522,2.3046432042598117
29-1213.00,Dermatologists,2.8993116169544737,3.2002785714285715,2.7595300000000003,0.8140693877551017,3.237338095238095,2.2800000000000002,2.0135605442176865,2.515933262951334,2.071479945228127,2.2937066040897305
29-1214.00,Emergency Medicine Physicians,2.6446353218210357,2.8182714285714283,3.268071428571429,0.5977999999999994,2.9256825396825397,2.6740000000000004,1.463654421768708,2.3992236996336995,1.5503819691230056,1.9748028343783526
29-1215.00,Family Medicine Physicians,2.882670329670329,3.204414285714286,2.6366585714285713,0.47440612244897995,3.424752063492063,2.472,2.161360544217687,2.55648605285191,2.2525445995880613,2.4045153262199856
29-1216.00,General Internal Medicine Physicians,2.798147409733124,2.9733785714285714,3.110985714285714,0.8334530612244899,3.2376577777777777,2.7960000000000003,2.1617292517006805,2.629280829147043,2.5775668987048928,2.603423863925968
29-1217.00,Neurologists,2.620699529042386,2.656257142857143,3.4414428571428566,0.5120285714285719,3.49623619047619,2.4739999999999998,1.8413530612244902,2.482329031397174,1.9214399951703705,2.2018845132837725
29-1218.00,Obstetricians and Gynecologists,2.679094819466248,2.9777892857142856,3.091565714285714,0.7640938775510202,3.161803809523809,2.528,1.8624632653061224,2.493338636185243,1.9705969160746672,2.231967776129955
29-1221.00,"Pediatricians, General",2.8445934065934053,3.2181035714285713,2.683501428571428,0.9022367346938776,3.2807558730158735,2.196,2.0373585034013604,2.504895519492412,2.0221973876235033,2.2635464535579577
29-1222.00,"Physicians, Pathologists",2.773927943485086,2.794675,3.1092785714285713,0.8306938775510195,3.2244038095238094,3.4760000000000004,2.420261224489796,2.7711874415227626,3.211167491517223,2.991177466519993
29-1223.00,Psychiatrists,2.8135324960753527,2.780514285714286,2.8025557142857145,1.1597244897959178,3.6221733333333335,2.218,1.7711326530612244,2.487930935635793,1.9464520068521747,2.217191471243984
29-1224.00,Radiologists,2.699313657770801,2.9522178571428572,3.097184285714286,0.878551020408163,3.223705396825397,3.304,2.145962585034014,2.7115534551282052,2.944906966381758,2.828230210754982
29-1229.01,Allergists and Immunologists,2.7876869701726834,2.8556785714285713,2.908947142857143,0.8264040816326537,3.4394685714285713,2.6740000000000004,2.0752904761904762,2.5820538108320252,2.366702399156921,2.4743781049944733
29-1229.02,Hospitalists,2.7092133437990578,2.9393071428571433,3.271617142857142,0.7039265306122449,3.2266907936507936,2.4899999999999998,1.671866666666666,2.4776160593929877,1.9003969880421732,2.1890065237175804
29-1229.03,Urologists,2.5547266875981163,2.7538964285714282,3.4673314285714283,0.6510408163265309,3.073226349206349,3.146,1.841227210884353,2.5744987259288328,2.3329696069122843,2.4537341664205585
29-1229.04,Physical Medicine and Rehabilitation Physicians,2.7204833594976456,2.804057142857143,3.0695828571428576,0.6848653061224486,3.268117142857143,2.4840000000000004,1.8284680272108846,2.465413667189953,1.8459143758218133,2.155664021505883
29-1229.05,Preventive Medicine Physicians,2.6310891679748827,2.6228964285714285,3.23352,0.8386918367346938,3.4325895238095243,2.2920000000000003,1.7360380952380958,2.4290131660125587,1.6833893268579274,2.056201246435243
29-1229.06,Sports Medicine Physicians,2.6170177394034533,2.802,3.0328400000000006,0.7354040816326526,3.012043174603175,2.28,1.8607659863945578,2.3765984432234433,1.4493621812915958,1.9129803122575195
29-1241.00,"Ophthalmologists, Except Pediatric",2.553502668759811,2.858307142857143,3.362418571428571,0.5155510204081626,3.0999876190476185,2.942,1.8875734693877555,2.5361025941915227,2.161534242321604,2.3488184182565632
29-1291.00,Acupuncturists,3.1159186813186803,3.1279285714285714,2.381931428571429,1.4140000000000001,3.3344120634920635,2.3,2.60088775510204,2.666465203558346,2.7435918729885316,2.7050285382734387
29-1292.00,Dental Hygienists,3.1170568288853993,3.2576,2.252677142857143,1.2594346938775507,2.951382222222222,3.232,2.458780272108844,2.7653340821559396,3.185032754716211,2.9751834184360755
29-1299.01,Naturopathic Physicians,2.868268759811617,2.7853285714285714,2.995922857142857,1.1180326530612246,3.4893701587301593,2.2560000000000002,2.2347727891156466,2.5692565928833075,2.309563942090607,2.4394102674869576
29-1299.02,Orthoptists,3.0431543171114592,3.1615214285714286,2.597842857142857,1.5801142857142856,3.3496066666666664,2.5420000000000003,2.1441476190476187,2.68096021899529,2.80831084710762,2.744635533051455
29-2011.00,Medical and Clinical Laboratory Technologists,2.8223492935635806,3.336842857142857,3.0431757142857143,0.8425387755102038,3.024766984126984,3.696,2.391885714285714,2.864148176347462,3.6262290288700605,3.2451886026087613
29-2011.01,Cytogenetic Technologists,3.066130769230769,3.2037500000000003,2.705547142857143,0.9846938775510194,3.2023511111111116,3.6839999999999997,2.8181605442176876,2.9493829657247517,4.0067948966162295,3.4780889311704906
29-2011.02,Cytotechnologists,3.2017616954474097,3.5699107142857143,2.4244614285714285,1.2160000000000002,3.220451746031746,3.372,2.9411482993197273,2.9784370111198326,4.136518664083667,3.5574778376017497
29-2011.04,Histotechnologists,3.1612956043956046,3.418642857142857,2.1467885714285715,1.3543571428571433,2.990386984126984,3.9259999999999997,2.8072653061224493,2.9919531841967557,4.196867192814789,3.5944101885057727
29-2012.00,Medical and Clinical Laboratory Technicians,3.068240659340659,3.277125,2.858044285714286,1.2837306122448986,3.052253015873016,3.6060000000000003,2.5242748299319726,2.9236615155677654,3.8919508749415357,3.4078061952546506
29-2012.01,Histology Technicians,3.27512700156986,3.5273142857142856,2.0945742857142857,1.338416326530612,2.9441536507936514,3.8920000000000003,2.905025850340136,3.0194421794871795,4.319603148668021,3.6695226640776
29-2031.00,Cardiovascular Technologists and Technicians,3.0159610675039255,3.3614428571428574,2.5337157142857145,1.1117428571428567,3.0243930158730157,3.438,2.339983673469387,2.813412949241235,3.3997006843989617,3.106556816820098
29-2032.00,Diagnostic Medical Sonographers,3.0298769230769236,3.2450142857142854,2.430668571428572,1.1921020408163265,3.049138730158731,3.432,2.3344775510204085,2.797453184720042,3.3284417339351187,3.0629474593275803
29-2033.00,Nuclear Medicine Technologists,2.9907439560439557,3.3039178571428574,2.4721071428571433,0.9100510204081633,3.0493234920634915,3.166,2.252838775510204,2.7109394284406068,2.942165391012212,2.8265524097264096
29-2034.00,Radiologic Technologists and Technicians,3.072171114599685,3.4787285714285714,2.2391128571428576,1.1002,2.8850447619047617,3.152,2.2156061224489796,2.712063871271585,2.9471859297479632,2.829624900509774
29-2035.00,Magnetic Resonance Imaging Technologists,2.9994083202511757,3.248892857142857,2.5565571428571428,1.0246938775510208,3.05762,3.518,2.2576564625850346,2.7962617480376766,3.3231220735217875,3.059691910779732
29-2036.00,Medical Dosimetrists,2.9667439560439557,2.767875,3.0997271428571427,1.0627040816326527,3.482364761904762,3.6319999999999992,2.615882993197279,2.917573129120879,3.864766762817119,3.391169945968999
29-2051.00,Dietetic Technicians,3.0406007849293557,3.2245214285714283,2.1652771428571427,1.2637428571428573,2.990296507936508,3.0060000000000002,2.201532653061225,2.6626447061747776,2.7265336868579393,2.6945891965163584
29-2052.00,Pharmacy Technicians,3.1443386185243325,3.528875,2.5626985714285713,1.2472448979591841,3.1990374603174603,3.4879999999999995,2.3367319727891163,2.9099418046834122,3.8306935677307603,3.3703176862070863
29-2053.00,Psychiatric Technicians,3.1314843014128733,3.3812928571428573,2.1041,1.916775510204082,3.231820634920635,2.418,2.023972789115646,2.65097313840921,2.6744211592490537,2.6626971488291318
29-2055.00,Surgical Technologists,2.982381475667189,3.3775857142857144,2.1197757142857148,0.7519918367346943,2.7345,3.058,2.355882993197279,2.6163292825745676,2.519739377853151,2.5680343302138593
29-2056.00,Veterinary Technologists and Technicians,2.955535164835164,3.334985714285714,2.4270971428571433,1.2699857142857143,2.7238717460317456,2.7380000000000004,2.3312190476190477,2.6191500366300366,2.5323337976042968,2.575741917117167
29-2057.00,Ophthalmic Medical Technicians,3.215545996860283,3.604567857142857,2.271445714285714,1.274114285714286,3.3563949206349206,2.944,2.333025850340136,2.8197861937467295,3.4281566628006424,3.123971428273686
29-2061.00,Licensed Practical and Licensed Vocational Nurses,2.9409199372056514,3.327717857142857,2.5217285714285715,1.111012244897959,3.0776168253968255,3.1059999999999994,2.0799625850340138,2.698406662349555,2.8862076883235996,2.7923071753365774
29-2081.00,"Opticians, Dispensing",2.974839089481946,3.100485714285714,2.7787471428571426,1.199795918367347,3.37849492063492,2.968,2.046843537414966,2.716553795395081,2.9672330476285396,2.84189342151181
29-2091.00,Orthotists and Prosthetists,2.791718053375196,2.5164285714285715,2.789615714285714,1.1549489795918366,2.849214285714286,2.628,2.131187755102041,2.4633387692307696,1.8366501382013496,2.14999445371606
29-2092.00,Hearing Aid Specialists,3.0591879120879124,3.3282642857142855,2.4806557142857146,1.4187142857142852,3.4384869841269845,2.516,2.3252496598639456,2.7158153262689693,2.9639358476725626,2.839875586970766
29-2099.01,Neurodiagnostic Technologists,2.9545169544740975,3.3303464285714286,2.838621428571428,1.1165306122448984,2.9972565079365077,2.9959999999999996,2.2381183673469387,2.7227509428309786,2.9949027680411024,2.8588268554360408
29-2099.05,Ophthalmic Medical Technologists,3.140264678178964,3.5088607142857144,2.30458,1.4446938775510203,3.3191273015873017,2.6800000000000006,2.174991836734694,2.7324140673731034,3.0380477726029707,2.885230919988037
29-2099.08,Patient Representatives,3.089413343799058,3.291357142857143,2.7255028571428572,1.6039469387755103,3.4428752380952377,3.048,1.9827244897959182,2.8135005117739404,3.4000916434367507,3.1067960776053454
29-9091.00,Athletic Trainers,2.928464050235479,2.86745,2.43672,0.8999591836734693,2.95403873015873,2.6679999999999997,2.1018761904761907,2.495042263997907,1.9782034650152998,2.2366228645066033
29-9092.00,Genetic Counselors,3.044278335949765,3.10005,2.9945771428571426,1.5567775510204078,3.7109342857142855,2.158,2.2545163265306125,2.703202311616954,2.9076198421892645,2.805411076903109
29-9093.00,Surgical Assistants,2.8708373626373627,3.20195,2.5121857142857147,1.2121795918367346,2.6397412698412706,2.7640000000000002,2.1903333333333337,2.56066582548404,2.2712069182298915,2.415936371856966
29-9099.01,Midwives,2.8567872841444264,3.1572535714285714,2.8181871428571426,0.9962285714285715,3.2712965079365084,1.9060000000000001,2.031590476190476,2.460180747383569,1.822549847305794,2.1413652973446817
31-1121.00,Home Health Aides,3.213400627943485,3.305796428571428,1.9425928571428575,1.4384285714285712,3.1848082539682547,2.6,2.4580292517006805,2.6824073271847197,2.8147720584024007,2.7485896927935602
31-1122.00,Personal Care Aides,3.131933908948195,3.299592857142857,2.3169885714285714,1.3483571428571426,3.0927492063492066,2.92,2.256577551020408,2.7176625999476713,2.9721837628212473,2.844923181384459
31-1131.00,Nursing Assistants,3.244942857142858,3.438392857142857,1.9924914285714288,1.422187755102041,3.033682222222222,2.946,2.3190387755102044,2.736076425170068,3.0543998793328804,2.8952381522514745
31-1132.00,Orderlies,3.349735949764521,3.716492857142857,1.680452857142857,1.0307,2.768537142857143,3.5520000000000005,2.435336054421769,2.8220305863422297,3.4381776791240224,3.130104132733126
31-1133.00,Psychiatric Aides,3.1371153846153854,3.163232142857143,2.301872857142857,1.4924040816326531,3.0594993650793647,2.658,1.9575061224489794,2.608630646127682,2.4853656405414704,2.546998143334576
31-2011.00,Occupational Therapy Assistants,3.073164678178964,2.92955,2.3180457142857143,1.0513142857142852,3.073159047619048,3.1759999999999997,2.06701156462585,2.643568793563579,2.6413614081561487,2.642465100859864
31-2012.00,Occupational Therapy Aides,3.113002040816327,3.2474999999999996,2.2222828571428574,1.3844183673469388,3.1601692063492064,2.568,2.124093197278912,2.6209847891156466,2.5405258067227194,2.580755297919183
31-2021.00,Physical Therapist Assistants,3.0278470957613806,3.1241000000000003,2.339761428571429,1.2210857142857146,3.128101587301587,2.556,2.090463265306122,2.572861506541078,2.325659565771293,2.4492605361561854
31-2022.00,Physical Therapist Aides,3.238837362637362,3.2820607142857146,2.2191142857142854,1.568581632653061,3.133287936507937,2.4259999999999997,2.3883224489795922,2.6703458611983253,2.7609186693937797,2.7156322652960525
31-9011.00,Massage Therapists,3.241639089481946,3.2808142857142855,1.9613485714285712,1.652444897959184,3.340126984126984,2.4499999999999997,2.75286462585034,2.7436960947148092,3.088421036344222,2.9160585655295157
31-9091.00,Dental Assistants,3.0829480376766085,3.332960714285714,2.492132857142857,1.4257530612244897,2.87958380952381,3.034,2.149092517006803,2.715276353610675,2.9615293819689033,2.8384028677897892
31-9092.00,Medical Assistants,2.9431583987441123,3.236142857142857,2.8618357142857143,1.3186693877551021,3.259917777777777,2.8519999999999994,2.1874047619047623,2.732444079539508,3.0381817742968114,2.88531292691816
31-9093.00,Medical Equipment Preparers,3.043552433281005,3.3784714285714283,2.803147142857143,0.8765714285714292,2.715920952380952,3.722,2.503262585034014,2.8585529670329675,3.6012469094379753,3.229899938235471
31-9094.00,Medical Transcriptionists,3.322768445839875,3.5608750000000002,2.3752328571428576,1.4355714285714285,3.430987936507936,3.246,2.7696421768707484,2.992921462454212,4.201190470410252,3.597055966432232
31-9095.00,Pharmacy Aides,3.1813175824175812,3.5017392857142857,2.4562728571428574,1.5500163265306122,3.3031774603174604,3.146,2.1896306122448976,2.8562086594714806,3.5907797815443168,3.2234942205078987
31-9096.00,Veterinary Assistants and Laboratory Animal Caretakers,3.142648508634223,3.4170464285714286,2.2929657142857147,1.4206285714285718,2.637772063492063,2.766,2.383591156462585,2.6617181521454736,2.7223967042860107,2.692057428215742
31-9097.00,Phlebotomists,3.0749175824175823,3.41925,2.6428857142857143,0.9065306122448984,2.900916190476191,3.592,1.9698700680272108,2.778084708791209,3.2419631856495172,3.010023947220363
31-9099.01,Speech-Language Pathology Assistants,3.2069783359497643,3.020835714285714,2.2671871428571424,1.693473469387755,3.529344126984127,2.258,2.528843537414966,2.6905663184196755,2.851201239514353,2.770883778967014
31-9099.02,Endoscopy Technicians,3.04603704866562,3.428810714285714,2.3083328571428576,1.1763265306122448,2.936626666666667,3.446,2.3888360544217684,2.807712511381476,3.374248728730606,3.0909806200560412
33-1011.00,First-Line Supervisors of Correctional Officers,2.801059968602827,3.2032357142857144,2.8021285714285717,0.911983673469388,2.8767495238095244,2.6399999999999997,1.578785714285714,2.4683858626373625,1.8591849681212533,2.1637854153793077
33-1012.00,First-Line Supervisors of Police and Detectives,2.6971304552590274,2.998,2.82269,0.8889204081632656,2.663061587301587,2.572,1.524067346938776,2.3678999492412354,1.4105241676752236,1.8892120584582295
33-1021.00,First-Line Supervisors of Firefighting and Prevention Workers,2.5661436420722126,2.997517857142857,2.739294285714286,0.7465816326530614,2.3107806349206346,2.512,1.6253435374149667,2.2759554425693356,1.0,1.6379777212846678
33-1091.00,First-Line Supervisors of Security Workers,2.8876263736263743,3.1874607142857143,2.3923099999999997,0.8293632653061227,3.0768393650793655,2.884,1.9161353741496598,2.559176600601779,2.2645576595911656,2.4118671300964722
33-2011.00,Firefighters,2.7276582417582422,3.2800464285714286,2.393268571428571,1.0563285714285717,2.0650742857142848,2.67,1.9674959183673466,2.38500094544741,1.4868786176371884,1.9359397815422992
33-2021.00,Fire Inspectors and Investigators,2.897529513343799,3.1727285714285713,2.7161014285714282,0.9489959183673466,2.7786749206349204,2.562,1.9826489795918372,2.5036470324437468,2.0166230023224276,2.260135017383087
33-2022.00,Forest Fire Inspectors and Prevention Specialists,2.844575824175823,3.22965,2.3277014285714284,0.9307183673469384,2.449415873015873,3.0320000000000005,1.879459183673469,2.4927071117216117,1.9677772146679917,2.2302421631948017
33-3011.00,Bailiffs,3.183171114599686,3.603617857142857,2.2497857142857143,1.6277346938775517,3.39350126984127,2.228,1.9894244897959186,2.6588092505232863,2.7094087133714595,2.684108981947373
33-3012.00,Correctional Officers and Jailers,2.926298273155415,3.2995214285714285,2.3668500000000003,1.001640816326531,2.750361587301587,3.018,1.7712394557823128,2.5525621933542646,2.235024910672946,2.393793552013605
33-3021.00,Detectives and Criminal Investigators,2.840539403453689,3.028842857142857,2.8507928571428574,0.8074122448979599,2.7858930158730155,2.772,1.7360414965986388,2.478918026164312,1.906210155619938,2.192564090892125
33-3021.02,Police Identification and Records Officers,3.048135321821036,3.1991964285714283,2.7046971428571434,1.431771428571429,2.9100565079365075,2.45,2.426373469387755,2.641211116300366,2.63083458571551,2.636022851007938
33-3021.06,Intelligence Analysts,3.022642700156985,2.7534857142857145,3.0253514285714287,1.834312244897959,3.6224155555555555,2.772,2.38995306122449,2.8086409220303508,3.3783940009462743,3.0935174614883127
33-3031.00,Fish and Game Wardens,2.83073469387755,3.018960714285714,2.63532,0.8024653061224489,2.6101371428571425,2.564,1.8821183673469388,2.407871168367347,1.58899215947452,1.9984316639209334
33-3041.00,Parking Enforcement Workers,3.244255886970172,3.419332142857143,2.2085785714285713,1.471428571428571,2.968957777777778,3.144,2.186867346938775,2.7697126874672944,3.204582843852439,2.9871477656598664
33-3051.00,Police and Sheriff's Patrol Officers,2.7977070643642064,3.1858857142857144,2.699354285714286,0.7715918367346939,2.539553333333333,2.718,1.516890476190476,2.3967001004709574,1.5391143199362247,1.967907210203591
33-3051.04,Customs and Border Protection Officers,2.92587896389325,3.2217964285714285,3.133265714285714,0.820048979591836,2.6277453968253965,3.332,1.9041102040816327,2.6636611183935113,2.7310718783738235,2.6973664983836674
33-3052.00,Transit and Railroad Police,2.9572367346938777,3.2942857142857145,2.4958,1.0411959183673463,2.5392825396825396,2.75,1.852538775510205,2.500201156462585,2.001237467935619,2.250719312199102
33-9011.00,Animal Control Workers,3.03731726844584,3.213667857142857,2.6132642857142856,0.9965306122448983,2.4859142857142853,2.5620000000000003,1.8530571428571432,2.461872972919937,1.8301054860816404,2.1459892295007887
33-9021.00,Private Detectives and Investigators,3.061496232339089,3.0934285714285714,2.7296157142857145,1.3746020408163266,3.4116831746031755,2.782,2.493386394557823,2.775820931449503,3.2318556181324904,3.0038382747909966
33-9031.00,Gambling Surveillance Officers and Gambling Investigators,3.0936579277864995,3.357207142857143,2.834465714285714,0.9295408163265302,3.286247936507937,3.08,2.354314965986395,2.8061148490319208,3.367115306299862,3.0866150776658916
33-9032.00,Security Guards,3.0857839874411312,3.3386750000000003,2.7222385714285715,1.1645714285714281,3.2113082539682543,2.874,2.0294823129251696,2.713268433150183,2.952564193012666,2.8329163130814248
33-9091.00,Crossing Guards and Flaggers,3.548777080062793,3.820067857142857,1.5036957142857141,1.4755918367346945,3.0304298412698416,2.132,2.8410462585034013,2.7103769106488755,2.9396537983503794,2.8250153544996275
33-9092.00,"Lifeguards, Ski Patrol, and Other Recreational Protective Service Workers",3.195765777080063,3.616482142857143,1.93343,1.3519632653061229,2.8657228571428575,2.388,2.3302319727891163,2.607369739010989,2.4797358007246864,2.543552769867838
33-9093.00,Transportation Security Screeners,3.179299529042387,3.5930857142857144,2.0392357142857143,1.5249673469387761,2.725370476190477,3.338,2.1848142857142854,2.7764058069073787,3.23446703581506,3.0054364213612192
33-9099.02,Retail Loss Prevention Specialists,3.075136420722134,3.2901214285714286,2.7392742857142856,1.0094204081632654,3.412519047619048,2.7299999999999995,2.1033374149659867,2.7030366161695447,2.906880026531999,2.804958321350772
35-1011.00,Chefs and Head Cooks,2.832676295133438,3.041835714285714,2.23327,1.409424489795918,2.68534126984127,3.332,1.9294517006802723,2.604065195970696,2.464981305537668,2.534523250754182
35-1012.00,First-Line Supervisors of Food Preparation and Serving Workers,2.9862849293563576,3.3344,2.157081428571429,1.6757653061224493,3.3922866666666667,3.054,2.0467088435374152,2.7580367394034533,3.152450758595492,2.9552437489994725
35-2011.00,"Cooks, Fast Food",3.5508784929356363,3.716825,1.4202142857142859,1.7709224489795923,3.448298412698413,2.402,2.6318510204081633,2.80169161237572,3.347365942118735,3.0745287772472274
35-2012.00,"Cooks, Institution and Cafeteria",3.264462166405023,3.544014285714286,1.7654814285714284,1.5564795918367347,3.0622390476190473,2.992,2.5440102040816326,2.7928049576138143,3.307687807104461,3.0502463823591377
35-2013.00,"Cooks, Private Household",3.2888058084772367,3.222942857142857,1.922777142857143,1.838122448979592,3.1858704761904764,2.684,3.023239455782313,2.8210187488226057,3.4336599132389054,3.127339331030756
35-2014.00,"Cooks, Restaurant",3.466333594976451,3.701157142857143,1.3060528571428571,1.6220612244897956,3.0757384126984135,3.014,3.0267068027210886,2.8861018011512294,3.724250040415443,3.305175920783336
35-2015.00,"Cooks, Short Order",3.45661240188383,3.75925,1.47884,2.020285714285715,3.139017142857143,2.6279999999999997,2.9597625850340137,2.872708890894819,3.6644518693797163,3.2685803801372675
35-2021.00,Food Preparation Workers,3.5459725274725273,3.8387000000000002,1.5056885714285715,1.909071428571429,3.289457777777777,3.02,2.9973768707482997,2.9962020763997907,4.215838124285629,3.6060201003427097
35-3011.00,Bartenders,3.2871213500784906,3.369285714285714,1.6157742857142856,2.025414285714286,3.2427247619047623,2.352,2.3522353741496604,2.672223937205651,2.7693041142413932,2.720764025723522
35-3023.00,Fast Food and Counter Workers,3.5222417582417584,3.808535714285714,1.4156757142857141,1.8214285714285716,3.2125120634920634,2.964,2.4655068027210882,2.8678298793825223,3.642667510393366,3.2552486948879444
35-3023.01,Baristas,3.326470800627943,3.591342857142857,1.6201342857142862,2.1129755102040813,3.135958412698413,2.754,2.3848299319727895,2.789901279958137,3.294723140742743,3.04231221035044
35-3031.00,Waiters and Waitresses,3.4244676609105174,3.7078571428571427,1.4444,2.029897959183674,3.3215241269841274,2.6699999999999995,2.518499319727891,2.827282033490319,3.4616249305977043,3.1444534820440113
35-3041.00,"Food Servers, Nonrestaurant",3.37258147566719,3.683142857142857,1.8368285714285715,1.5824591836734698,3.1498679365079356,3.2659999999999996,2.3984408163265307,2.885733738356881,3.722606672282083,3.3041702053194824
35-9011.00,Dining Room and Cafeteria Attendants and Bartender Helpers,3.4514692307692316,3.677707142857143,1.535047142857143,2.0562346938775513,3.1946869841269843,2.524,2.5146564625850343,2.7897061567242285,3.2938519325967217,3.0417790446604753
35-9021.00,Dishwashers,3.5642211930926213,3.835971428571429,1.3497142857142859,2.429908163265306,3.2735847619047616,2.58,3.048732653061224,2.9523387503924643,4.019992216221954,3.486165483307209
35-9031.00,"Hosts and Hostesses, Restaurant, Lounge, and Coffee Shop",3.4396136577708,3.7877857142857145,1.4589500000000002,1.8224428571428573,3.3819431746031743,2.4799999999999995,2.4636326530612243,2.7850855656724227,3.2732213983280563,3.0291534820002397
37-1011.00,First-Line Supervisors of Housekeeping and Janitorial Workers,2.9844662480376765,3.358692857142857,2.469404285714286,1.4437857142857138,3.0485377777777773,3.1380000000000003,2.1748380952380955,2.753899246729461,3.1339772162628954,2.943938231496178
37-1012.00,"First-Line Supervisors of Landscaping, Lawn Service, and Groundskeeping Workers",2.792758398744112,3.1686071428571427,2.2607642857142856,1.0741897959183668,2.4681752380952378,3.008,2.059425170068027,2.508440300627943,2.038024524860182,2.2732324127440626
37-2011.00,"Janitors and Cleaners, Except Maids and Housekeeping Cleaners",3.3699609105180537,3.5237535714285713,1.8618728571428573,1.9313571428571428,2.9725777777777784,2.5060000000000002,2.894395238095238,2.7946261246729462,3.3158191584837837,3.055222641578365
37-2012.00,Maids and Housekeeping Cleaners,3.546989167974882,3.7784821428571425,1.40976,2.362542857142857,3.130354603174603,3.0540000000000003,2.8877802721088437,2.9895712136316064,4.186231902909171,3.5879015582703886
37-2021.00,Pest Control Workers,3.0897577708006283,3.2774535714285715,1.773494285714286,1.3955142857142855,2.478510476190476,3.0380000000000003,2.5455564625850338,2.633192599293564,2.5950326097262995,2.6141126045099314
37-3011.00,Landscaping and Groundskeeping Workers,3.3963773940345368,3.5974964285714286,1.3624228571428572,2.162302040816326,2.521722539682539,3.0159999999999996,2.960725850340136,2.8271208216902144,3.460905134032876,3.144012977861545
37-3012.00,"Pesticide Handlers, Sprayers, and Applicators, Vegetation",3.1453431711146,3.5167821428571426,1.923791428571429,1.1808571428571422,2.58660984126984,2.958,2.5576986394557824,2.6730299263474615,2.7729027851525085,2.722966355749985
37-3013.00,Tree Trimmers and Pruners,3.1180255886970167,3.5079321428571433,1.6799442857142861,1.1381632653061224,2.2640657142857146,2.7439999999999998,2.7349931972789117,2.5743632515698587,2.3323647257674267,2.4533639886686425
39-1013.00,First-Line Supervisors of Gambling Services Workers,3.152186028257457,3.471867857142857,2.0577814285714284,1.295030612244898,3.280785396825397,3.2960000000000003,2.028918367346939,2.78454485151753,3.2708071569946444,3.0276760042560875
39-1022.00,First-Line Supervisors of Personal Service Workers,3.0171824175824176,3.259564285714286,2.3625300000000005,0.8186816326530613,3.1776834920634918,2.816,2.0583829931972795,2.608243141548927,2.4836354665438947,2.545939304046411
39-2011.00,Animal Trainers,3.1196010989010987,3.0513785714285717,2.001894285714286,1.5458285714285713,2.913548888888889,2.2520000000000002,2.2804517006802723,2.5099193246991107,2.0446282377709952,2.2772737812350528
39-2021.00,Animal Caretakers,3.322675196232339,3.4788357142857143,1.9328414285714288,1.6464163265306122,2.8319019047619043,2.354,2.5149646258503395,2.650982391679749,2.6744624742913974,2.662722432985573
39-3011.00,Gambling Dealers,3.4962494505494504,3.797967857142857,1.3888514285714286,1.934255102040816,3.3920352380952385,2.678,2.4128136054421767,2.8327705757456827,3.4861307909551265,3.1594506833504044
39-3012.00,Gambling and Sports Book Writers and Runners,3.3817386185243334,3.6438928571428573,1.625614285714286,2.0120244897959183,3.4226438095238088,3.272,2.4904925170068033,2.9589790478806908,4.049640562796892,3.5043098053387913
39-3021.00,Motion Picture Projectionists,3.384265149136577,3.77,1.7291842857142856,1.9143673469387754,3.31041746031746,2.956,2.9638251700680276,2.969831330193616,4.098095052631594,3.533963191412605
39-3031.00,"Ushers, Lobby Attendants, and Ticket Takers",3.5036226059654627,3.7294392857142857,1.5063214285714288,2.334742857142857,3.3847815873015867,2.55,2.4310659863945574,2.8514428483778125,3.5695008525104477,3.2104718504441303
39-3091.00,Amusement and Recreation Attendants,3.46125180533752,3.558925,1.611882857142857,2.204906122448979,3.252879365079365,2.406,2.3352034013605443,2.754117833725798,3.1349531880526627,2.9445355108892306
39-3092.00,Costume Attendants,3.3173802197802194,3.116357142857143,1.9333900000000004,1.9285877551020412,3.130032063492064,2.8579999999999997,2.6787653061224495,2.794177985347986,3.3138182556561855,3.0539981205020856
39-3093.00,"Locker Room, Coatroom, and Dressing Room Attendants",3.553925274725274,3.7974,1.2561685714285715,2.1972734693877554,3.462930793650793,2.46,2.69321768707483,2.863465267399267,3.6231799002412437,3.2433225838202553
39-4011.00,Embalmers,3.0928970172684465,3.2759321428571426,2.364711428571429,0.8208326530612249,2.7375339682539677,2.836,2.206023129251701,2.582612346807954,2.3691962133600146,2.4759042800839843
39-4021.00,Funeral Attendants,3.4479339089481944,3.734657142857143,1.7240971428571428,2.059465306122449,3.3756355555555557,2.234,2.6201836734693877,2.801917787022501,3.3483757921030346,3.0751467895627678
39-4031.00,"Morticians, Undertakers, and Funeral Arrangers",2.9558864992150706,3.045960714285714,2.2367271428571427,1.122728571428571,3.052204444444444,2.306,2.0128585034013606,2.4571820956305603,1.8091611299195058,2.1331716127750333
39-5011.00,Barbers,3.358437990580848,3.3215714285714286,1.4111542857142856,1.5549795918367346,3.248541904761905,2.682,2.742438775510204,2.73366190266876,3.0436192478839583,2.888640575276359
39-5012.00,"Hairdressers, Hairstylists, and Cosmetologists",3.1787076923076922,3.024657142857143,1.7890257142857142,1.5736836734693882,3.136787936507936,2.964,2.345044217687075,2.6818504871794873,2.8122858165598945,2.7470681518696907
39-5091.00,"Makeup Artists, Theatrical and Performance",3.0623266875981168,2.7923535714285714,2.0766428571428572,1.7096428571428572,2.8749107936507934,2.652,2.4734972789115646,2.5894918211669284,2.39991246371023,2.4947021424385794
39-5092.00,Manicurists and Pedicurists,3.5582084772370486,3.6354285714285712,1.2075657142857144,2.403077551020408,3.412819047619047,2.274,3.0577836734693875,2.8655002919937202,3.6322661067812145,3.2488831993874676
39-5093.00,Shampooers,3.4479279434850856,3.654057142857143,1.3850728571428572,1.7204183673469386,3.398399365079365,2.7760000000000002,2.644052380952381,2.8374146473050756,3.5068661636332052,3.1721404054691407
39-5094.00,Skincare Specialists,3.135610675039246,3.31725,1.796777142857143,1.443142857142857,3.2579819047619054,2.564,2.3665959183673473,2.6484077747252743,2.6629670351338426,2.6556874049295587
39-6011.00,Baggage Porters and Bellhops,3.1960822605965467,3.5689214285714286,1.9510057142857147,1.6152244897959185,2.9382619047619043,2.3880000000000003,2.3377088435374147,2.6403691860282574,2.6270754408061645,2.633722313417211
39-6012.00,Concierges,3.1750152276295127,3.11375,2.3385499999999997,1.893338775510204,3.5657974603174605,2.3280000000000003,2.140159863945579,2.6879972603349036,2.8397306202230475,2.7638639402789753
39-7011.00,Tour Guides and Escorts,3.430643328100471,3.5589250000000003,1.82682,2.040122448979592,3.443246031746032,2.094,2.3980442176870747,2.7301230315279956,3.027818498256181,2.878970764892088
39-7012.00,Travel Guides,3.049699843014129,3.0031428571428567,2.251612857142857,1.277493877551021,3.204495555555555,2.806,2.0671748299319725,2.6127876363160647,2.5039262375677804,2.5583569369419226
39-9011.00,Childcare Workers,3.297488540031397,3.2289142857142856,1.6179242857142857,1.7953795918367343,3.2414822222222215,2.35,2.4408442176870757,2.6426397776033492,2.63721343327831,2.63992660544083
39-9011.01,Nannies,3.1879547880690735,3.144857142857143,1.647331428571429,1.7322448979591836,3.0763946031746032,2.16,2.633266666666666,2.576328612768184,2.3411398913464065,2.4587342520572952
39-9031.00,Exercise Trainers and Group Fitness Instructors,3.165358555729984,3.079392857142857,1.9611285714285718,1.6894877551020415,3.0902657142857137,2.5159999999999996,2.2579115646258505,2.607200936420722,2.478982111946758,2.54309152418374
39-9032.00,Recreation Workers,3.0308951334379897,2.897857142857143,2.401357142857143,1.5692959183673474,3.2927482539682544,2.3660000000000005,1.9890870748299325,2.5518534468864473,2.2318604197824605,2.391856933334454
39-9041.00,Residential Advisors,3.0991640502354785,3.2744785714285713,2.2774328571428564,1.492785714285715,3.4111806349206346,2.2640000000000002,2.095514965986394,2.6118725905285194,2.4998406382871483,2.555856614407834
41-1011.00,First-Line Supervisors of Retail Sales Workers,3.0899546310832013,3.3185464285714286,2.0523228571428573,1.5680571428571435,3.3160161904761907,2.7379999999999995,1.9246639455782306,2.657015179356358,2.7013983427771446,2.6792067610667516
41-1012.00,First-Line Supervisors of Non-Retail Sales Workers,2.9026624803767658,3.0766642857142856,2.6248885714285715,1.3001020408163266,3.3318374603174608,3.09,1.8708380952380952,2.6877994094714808,2.8388472334501937,2.7633233214608373
41-2011.00,Cashiers,3.5010109890109886,3.773485714285714,1.5774971428571427,2.0598571428571435,3.367918095238096,2.66,2.5632768707482994,2.8765891789638935,3.6817770156832488,3.279183097323571
41-2012.00,Gambling Change Persons and Booth Cashiers,3.3066138147566715,3.6665285714285716,1.9107814285714286,1.5331632653061225,3.3025498412698413,3.284,2.314057823129252,2.8896569769754055,3.7401235890263145,3.31489028300086
41-2021.00,Counter and Rental Clerks,3.2814651491365776,3.463725,2.1060928571428574,1.9224040816326529,3.2856596825396824,2.668,2.2656870748299323,2.7809302298534795,3.2546681879163675,3.0177992088849237
41-2022.00,Parts Salespersons,3.0103207221350075,3.2769000000000004,2.5283414285714283,1.4945102040816325,2.934023174603175,2.868,1.9796612244897958,2.6560209314495027,2.696959112972138,2.67649002221082
41-2031.00,Retail Salespersons,3.2786485086342223,3.350314285714286,1.9459942857142856,1.8114285714285714,3.3336457142857148,2.602,2.2286925170068024,2.7248374395604396,3.0042187931547684,2.864528116357604
41-3011.00,Advertising Sales Agents,3.1063563579277864,2.874578571428571,2.3231285714285717,1.783163265306122,3.5455590476190477,2.4200000000000004,2.050225850340136,2.6311371577708007,2.585855243390011,2.6084962005804058
41-3021.00,Insurance Sales Agents,3.1948221350078496,3.14255,2.269835714285714,1.437187755102041,3.5753250793650793,2.846,2.4018149659863948,2.7870791739926744,3.282122684831906,3.0346009294122904
41-3031.00,"Securities, Commodities, and Financial Services Sales Agents",3.1060354788069082,3.1943785714285715,2.65165,1.3257387755102035,3.7105041269841266,2.6119999999999997,2.350202721088435,2.774307012297226,3.2250961017414372,2.999701557019332
41-3041.00,Travel Agents,3.2172693877551026,3.31895,2.5463142857142858,1.587081632653061,3.7054888888888886,2.99,2.413160544217687,2.9095699149659864,3.8290331127211097,3.3693015138435483
41-4011.00,"Sales Representatives, Wholesale and Manufacturing, Technical and Scientific Products",3.1630152276295123,3.2169964285714285,2.004582857142857,1.5479387755102039,3.3864796825396826,2.542,2.3392006802721093,2.679505966117216,2.8018177354039366,2.740661850760576
41-4011.07,Solar Sales Representatives and Assessors,3.127710989010989,3.2071928571428567,2.55863,1.690495918367347,3.4647714285714284,2.3040000000000003,2.3636802721088435,2.7102159238618526,2.938935006449247,2.82457546515555
41-4012.00,"Sales Representatives, Wholesale and Manufacturing, Except Technical and Scientific Products",3.138263579277864,3.093560714285714,2.1962914285714286,1.68405306122449,3.3760085714285717,2.6559999999999997,2.1569238095238097,2.683947950156986,2.8216508050103712,2.7527993775836785
41-9011.00,Demonstrators and Product Promoters,3.284824175824175,3.3083035714285716,1.7412699999999997,1.975648979591837,3.395048888888889,2.668,2.349674149659864,2.7559695158294084,3.143220786432373,2.9495951511308904
41-9012.00,Models,3.6335053375196233,3.4613714285714288,1.3785142857142858,2.591122448979592,3.5522453968253966,1.718,3.181732653061225,2.8148918958660385,3.4063040515185445,3.1105979736922915
41-9021.00,Real Estate Brokers,3.1213649921507054,3.182585714285714,2.434292857142857,1.3571265306122449,3.5147304761904765,2.5900000000000003,2.2342006802721097,2.7050742182103615,2.915977741144191,2.8105259796772764
41-9022.00,Real Estate Sales Agents,2.9877927786499217,3.0674678571428573,2.4793342857142857,1.4041020408163267,3.3932120634920633,2.554,1.9617993197278913,2.610684435504971,2.494535630192953,2.5526100328489623
41-9031.00,Sales Engineers,2.9963048665620096,2.655357142857143,2.7137814285714286,1.3864734693877554,3.6560485714285713,2.348,2.1675741496598646,2.6009181993720563,2.4509302414110916,2.525924220391574
41-9041.00,Telemarketers,3.3213715855572996,3.399082142857143,2.3622514285714287,1.9973224489795922,3.689644761904762,3.2959999999999994,2.426439455782313,3.02063807967033,4.32494273822134,3.672790408945835
41-9091.00,"Door-to-Door Sales Workers, News and Street Vendors, and Related Workers",3.3657952904238617,3.4232964285714287,1.8072914285714288,2.4863408163265306,3.6133926984126985,1.9579999999999997,2.315831972789116,2.728710683019362,3.021512485891101,2.8751115844552313
43-1011.00,First-Line Supervisors of Office and Administrative Support Workers,2.983434065934065,2.986342857142857,2.581458571428571,1.514071428571429,3.6168860317460316,2.742,2.0377095238095237,2.7016088717948716,2.9005052729737777,2.8010570723843244
43-2011.00,"Switchboard Operators, Including Answering Service",3.4369483516483514,3.754882142857143,1.9573014285714287,1.8011755102040818,3.60678126984127,2.7600000000000002,2.4849040816326533,2.9203750707744636,3.877277186841873,3.3988261288081683
43-2021.00,Telephone Operators,3.411671428571428,3.7268499999999998,2.326472857142857,1.680571428571429,3.580510158730159,3.396,2.3366326530612245,3.0382540646258507,4.403596567834574,3.7209253162302125
43-3011.00,Bill and Account Collectors,3.352768602825745,3.5021714285714287,1.9958671428571428,1.7339714285714285,3.692976507936508,2.962,2.4930965986394558,2.9215358278388277,3.882459865448457,3.401997846643642
43-3021.00,Billing and Posting Clerks,3.392144740973312,3.6089357142857144,2.2491685714285716,1.945693877551021,3.567126349206349,3.1119999999999997,2.871424489795918,3.057830939037153,4.491005597088071,3.774418268062612
43-3031.00,"Bookkeeping, Accounting, and Auditing Clerks",3.2942723704866568,3.5673000000000004,2.4048057142857138,1.7614367346938775,3.586277777777778,3.2600000000000002,2.6619768707483,3.0350982977498693,4.38950634518797,3.7123023214689193
43-3041.00,Gambling Cage Workers,3.321708791208791,3.636414285714286,1.9784385714285713,1.3706734693877558,3.423452063492064,3.5439999999999996,2.3499741496598636,2.9534435975928837,4.024925262183896,3.4891844298883896
43-3051.00,Payroll and Timekeeping Clerks,3.3310494505494503,3.4754821428571425,2.4160357142857145,1.7346428571428567,3.6698003174603175,3.186,2.8478176870748295,3.050890296834118,4.460016237672612,3.755453267253365
43-3061.00,Procurement Clerks,3.2358150706436417,3.419117857142857,2.3861042857142865,1.5715469387755099,3.5947523809523805,2.756,2.616844217687075,2.8769445514128726,3.6833637225362477,3.28015413697456
43-3071.00,Tellers,3.182060596546311,3.4971964285714288,2.5266671428571423,1.205591836734694,3.455706666666667,3.4259999999999997,2.211557142857143,2.910404023155416,3.8327573327165307,3.3715806779359734
43-4011.00,Brokerage Clerks,3.300129984301413,3.522017857142857,2.3870528571428573,1.6588693877551015,3.6276196825396827,3.5100000000000002,2.6418414965986394,3.0703335775771845,4.546828782900642,3.808581180238913
43-4021.00,Correspondence Clerks,3.284102668759811,3.2471107142857143,2.3615842857142857,1.6764408163265303,3.6764063492063492,3.386,2.5410557823129256,2.9933038373888015,4.202897740995999,3.5981007891924
43-4031.00,"Court, Municipal, and License Clerks",3.3087467817896385,3.4664928571428573,2.3495114285714283,1.7312673469387754,3.597654285714286,3.17,2.343231292517007,2.9494966601255888,4.007302532155995,3.478399596140792
43-4041.00,"Credit Authorizers, Checkers, and Clerks",3.2850205651491367,3.5745071428571427,2.5303271428571428,1.3006367346938776,3.605209206349206,3.436,2.2439,2.976591924908425,4.128280515784823,3.5524362203466238
43-4051.00,Customer Service Representatives,3.238762009419152,3.424557142857143,2.4377,1.8984959183673467,3.5363422222222223,3.372,2.1946863945578237,2.9671717571951857,4.08622029218018,3.5266960246876824
43-4061.00,"Eligibility Interviewers, Government Programs",3.2654193092621666,3.273539285714286,2.6838,1.391485714285714,3.6614282539682534,3.06,2.3899877551020405,2.9080847620355836,3.8224020349907164,3.36524339851315
43-4071.00,File Clerks,3.2366408163265312,3.3358749999999997,2.726295714285714,1.9540571428571427,3.526426349206349,3.024,2.4797918367346945,2.959645386054422,4.0526157043693765,3.5061305452118994
43-4081.00,"Hotel, Motel, and Resort Desk Clerks",3.2549062794348504,3.4268285714285716,2.2622628571428574,1.5747530612244902,3.554129523809524,2.992,2.040487755102041,2.823554411302983,3.444981424082144,3.134267917692563
43-4111.00,"Interviewers, Except Eligibility and Loan",3.1135546310832023,3.349535714285714,2.8526942857142856,1.2568224489795918,3.441782857142857,3.46,1.9189020408163278,2.8765179599686026,3.6814590291082734,3.2789884945384378
43-4121.00,"Library Assistants, Clerical",3.3392320251177385,3.4445321428571427,2.2819499999999997,1.9486551020408163,3.394663492063492,2.87,2.4968734693877557,2.8983556796180014,3.77896253429304,3.3386591069555207
43-4131.00,Loan Interviewers and Clerks,3.123756200941915,3.1625535714285715,2.7668514285714285,1.2983469387755102,3.618171111111111,3.2920000000000003,2.2247931972789114,2.88431094884877,3.716254041769,3.3002824953088847
43-4141.00,New Accounts Clerks,3.3043651491365775,3.6383857142857146,1.9913528571428571,1.6307673469387751,3.591961904761905,3.226,2.3999272108843535,2.947608017268446,3.9988699072496363,3.473238962259041
43-4151.00,Order Clerks,3.178531397174254,3.432057142857143,2.59819,1.9128102040816328,3.4860977777777777,2.9720000000000004,2.410184353741497,2.921530621140764,3.8824366179977225,3.4019836195692434
43-4161.00,"Human Resources Assistants, Except Payroll and Timekeeping",3.1753670329670327,3.3320142857142856,2.7586942857142853,1.5683265306122451,3.64202126984127,3.154,2.240484353741496,2.9219851229722655,3.884465928859653,3.403225525915959
43-4171.00,Receptionists and Information Clerks,3.3705682888540025,3.599914285714286,2.14401,1.8214163265306125,3.5533422222222226,2.806,2.45926462585034,2.905206046049189,3.8095488202956282,3.3573774331724087
43-4181.00,Reservation and Transportation Ticket Agents and Travel Clerks,3.198259654631083,3.4491392857142857,2.41243,1.2183510204081633,3.2918796825396828,3.8319999999999994,2.0296408163265314,2.924816017922554,3.8971056268177957,3.410960822370175
43-5011.00,Cargo and Freight Agents,3.2374571428571426,3.4397607142857143,2.143145714285714,1.6119428571428571,3.2112342857142857,2.6380000000000003,2.558235374149661,2.7701119846938775,3.2063656709894985,2.988238827841688
43-5011.01,Freight Forwarders,2.908665149136578,2.996771428571429,3.017195714285714,1.5790612244897964,3.608535873015873,3.218,2.041751700680273,2.8365843165881737,3.503158809721702,3.169871563154938
43-5021.00,Couriers and Messengers,3.335181318681318,3.6268964285714285,1.94903,1.5899999999999994,2.8616085714285715,3.1399999999999997,2.71966462585034,2.8634056416797486,3.622913676626986,3.2431596591533673
43-5031.00,Public Safety Telecommunicators,3.019346624803767,3.29035,2.9801785714285716,0.9098367346938776,3.504777142857143,3.4779999999999993,1.7239476190476188,2.815364738618524,3.4084152529859484,3.111889995802236
43-5032.00,"Dispatchers, Except Police, Fire, and Ambulance",3.156172370486657,3.3877464285714285,2.1546000000000003,1.1646979591836737,3.430951428571429,3.4480000000000004,2.211606802721088,2.8495013504709577,3.5608322344373864,3.205166792454172
43-5041.00,"Meter Readers, Utilities",3.313324018838304,3.594007142857143,1.9130957142857141,1.5657142857142858,2.5167161904761897,3.5419999999999994,2.5806585034013603,2.8569868783359493,3.5942544605998616,3.2256206694679053
43-5051.00,Postal Service Clerks,3.306833437990581,3.601267857142857,2.0250228571428575,1.8235020408163263,3.1216234920634918,3.1879999999999997,2.444718367346939,2.8936189629774987,3.7578135094437926,3.3257162362106456
43-5052.00,Postal Service Mail Carriers,3.4870270015698583,3.8327428571428572,1.3847285714285715,1.7815061224489797,2.8974733333333336,3.314,2.942334693877551,2.953360152276295,4.024552686155388,3.4889564192158415
43-5053.00,"Postal Service Mail Sorters, Processors, and Processing Machine Operators",3.456334379905808,3.7908035714285715,1.500082857142857,2.05795918367347,2.9937584126984125,4.11,2.9619877551020406,3.1582368219518577,4.939309068445459,4.0487729451986585
43-5061.00,"Production, Planning, and Expediting Clerks",3.2332874411302988,3.3315,2.401058571428571,1.3311367346938776,3.4052812698412698,3.304,2.6471040816326528,2.926595449502878,3.9050506329403927,3.4158230412216355
43-5071.00,"Shipping, Receiving, and Inventory Clerks",3.239179120879121,3.5477214285714287,2.146644285714286,1.6000530612244894,3.0583171428571427,3.492,2.5138755102040817,2.9269337150706436,3.906560959067388,3.416747337069016
43-5111.00,"Weighers, Measurers, Checkers, and Samplers, Recordkeeping",3.1585739403453683,3.4899,2.440432857142858,1.6866857142857143,2.956595555555555,3.595999999999999,2.5169476190476194,2.9502144243851385,4.010507286696582,3.48036085554086
43-6011.00,Executive Secretaries and Executive Administrative Assistants,3.1272470957613816,3.021946428571429,2.41239,1.9058285714285716,3.586004126984127,2.832,2.345461224489796,2.810320688513867,3.3858940111425877,3.0981073498282274
43-6012.00,Legal Secretaries and Administrative Assistants,3.293313814756672,3.2315071428571427,2.4495657142857143,1.9271979591836734,3.594486349206349,2.946,2.6841278911564634,2.9473916470434327,3.9979038331496337,3.472647740096533
43-6013.00,Medical Secretaries and Administrative Assistants,3.2727582417582424,3.5061464285714288,2.341932857142857,1.7609183673469389,3.5650136507936505,3.018,2.3726142857142856,2.9213650134746207,3.881697194276123,3.4015311038753717
43-6014.00,"Secretaries and Administrative Assistants, Except Legal, Medical, and Executive",3.2988998430141283,3.357321428571429,2.178044285714286,1.914473469387755,3.609271111111111,2.88,2.523421768707484,2.903588898220827,3.8023283969089956,3.352958647564911
43-9021.00,Data Entry Keyers,3.3227792778649916,3.4919857142857147,2.569967142857143,1.5155714285714281,3.5446549206349207,3.66,2.7166231292517007,3.1019603134484566,4.688039387968862,3.8949998507086594
43-9022.00,Word Processors and Typists,3.382458398744113,3.477382142857143,2.2534400000000003,2.0893142857142855,3.5539726984126987,3.318,2.5735455782312924,3.045979251308216,4.43808884962179,3.742034050465003
43-9031.00,Desktop Publishers,3.1986745682888533,2.7408285714285716,2.5050214285714283,2.149387755102041,3.5275009523809517,3.004,2.723865986394558,2.8948714301412872,3.7634056656102253,3.3291385478757562
43-9041.00,Insurance Claims and Policy Processing Clerks,3.345302982731554,3.576942857142857,2.38429,1.7568612244897959,3.6977288888888893,3.4219999999999997,2.679948299319728,3.093503576661434,4.650280799050336,3.8718921878558845
43-9051.00,"Mail Clerks and Mail Machine Operators, Except Postal Service",3.3380299843014125,3.6037464285714287,1.848297142857143,1.3755367346938776,3.282055555555555,3.742,2.776190476190476,3.020786754447933,4.325606558078983,3.6731966562634577
43-9061.00,"Office Clerks, General",3.361248351648352,3.527964285714286,2.0980671428571425,1.935791836734694,3.547226349206349,3.036,2.561698639455782,2.960306541862899,4.055567707134994,3.5079371244989463
43-9071.00,"Office Machine Operators, Except Computer",3.326370329670328,3.4360392857142856,2.028245714285714,2.3540775510204077,3.3872961904761905,3.1759999999999997,2.867501360544217,3.026013401491365,4.348943079257934,3.6874782403746496
43-9081.00,Proofreaders and Copy Markers,3.5046690737833597,3.479825,2.179111428571429,2.0616326530612246,3.6456914285714284,3.4560000000000004,3.080182993197279,3.1718296824960754,5.0,4.085914841248037
43-9111.00,Statistical Assistants,3.1780496075353213,3.193692857142857,3.082502857142857,1.9123020408163263,3.631523174603175,2.8979999999999997,2.5887857142857147,2.9678881928309786,4.089419114532083,3.5286536536815305
45-1011.00,"First-Line Supervisors of Farming, Fishing, and Forestry Workers",2.8917813186813186,3.2813892857142855,2.167482857142857,1.2234285714285713,2.653596190476191,2.928,2.457207482993197,2.6172872845368915,2.5240167726910787,2.570652028613985
45-2011.00,Agricultural Inspectors,3.0293866562009413,3.393182142857143,2.3938385714285713,1.1900714285714287,2.840435555555555,3.276,2.352344897959184,2.7558933878859238,3.142880881833749,2.9493871348598364
45-2021.00,Animal Breeders,3.3401127158555717,3.6695964285714284,1.7039271428571425,1.7406204081632652,2.9890819047619046,2.114,3.282669387755102,2.7594738206436418,3.1588672004403016,2.9591705105419717
45-2041.00,"Graders and Sorters, Agricultural Products",3.537911459968602,3.811292857142857,1.601312857142857,2.255930612244898,3.2210314285714285,3.3980000000000006,3.0382979591836734,3.1066044026687596,4.708774839501357,3.9076896210850585
45-2091.00,Agricultural Equipment Operators,3.2416623233908943,3.6198428571428574,1.6603057142857138,2.142134693877551,2.8461714285714286,2.71,2.9862734693877555,2.8263365525902673,3.4574034412059405,3.141869996898104
45-2092.00,"Farmworkers and Laborers, Crop, Nursery, and Greenhouse",3.228504552590267,3.453157142857143,1.8096342857142858,2.2797551020408164,2.660368888888889,2.9240000000000004,2.896051700680272,2.8294512815279957,3.471310433053292,3.150380857290644
45-2093.00,"Farmworkers, Farm, Ranch, and Aquacultural Animals",3.1654686028257446,3.5308928571428573,1.8552642857142854,1.7310612244897956,2.7144495238095243,2.2939999999999996,2.839436054421769,2.654969606750392,2.692265040289808,2.6736173235200997
45-3031.00,Fishing and Hunting Workers,3.0864742543171113,3.324942857142857,1.979064285714286,1.6483265306122448,2.493021904761904,2.5200000000000005,2.8188959183673465,2.625239321821036,2.559521922542446,2.592380622181741
45-4011.00,Forest and Conservation Workers,3.1400907378335954,3.456460714285714,2.1672857142857143,1.4661020408163266,2.565224444444444,2.382,2.6082857142857145,2.605248017137624,2.4702624984293173,2.5377552577834708
45-4021.00,Fallers,3.2942208791208794,3.8735607142857145,1.3178999999999998,1.273371428571429,2.2860003174603185,2.662,3.316130612244898,2.7070140213239147,2.9246387921136296,2.815826406718772
45-4022.00,Logging Equipment Operators,3.098340345368917,3.465675,1.7977499999999995,0.9823000000000004,2.5913292063492057,3.5160000000000005,2.732653741496599,2.764404743982208,3.180883341183314,2.972644042582761
45-4023.00,Log Graders and Scalers,3.1614510204081627,3.4546857142857146,2.1809799999999995,1.3178142857142854,2.7281977777777784,3.304,2.713304761904762,2.8193253197278914,3.426098900680479,3.1227121102041853
47-1011.00,First-Line Supervisors of Construction Trades and Extraction Workers,2.8630941915227637,3.1814285714285715,2.2746757142857144,0.863734693877551,2.559177777777778,2.864,2.1924319727891164,2.506060917844061,2.0274007891712227,2.266730853507642
47-1011.03,Solar Energy Installation Managers,2.8362251177394033,3.238164285714286,2.1918571428571427,0.9025959183673464,2.5162171428571423,2.852,2.259131972789116,2.507306083987441,2.0329603469211204,2.2701332154542806
47-2011.00,Boilermakers,3.026254160125589,3.5658,1.9841785714285713,1.2695755102040818,2.4513688888888883,2.8240000000000003,2.6642129251700677,2.646320804290947,2.653648894969445,2.649984849630196
47-2021.00,Brickmasons and Blockmasons,3.0631525902668755,3.465942857142857,1.9004085714285714,1.5061591836734687,2.1644257142857146,2.99,2.576607482993198,2.6291760722135007,2.577099168173648,2.603137620193574
47-2022.00,Stonemasons,3.0617262166405013,3.259035714285714,2.0209528571428566,0.8949061224489796,2.277966984126984,2.96,2.4392537414965987,2.5392832964416536,2.175735799229372,2.357509547835513
47-2031.00,Carpenters,2.997468602825745,3.2243785714285718,2.012944285714286,1.1172326530612247,2.36629619047619,3.0420000000000003,2.4472843537414968,2.576731851648352,2.342940317621421,2.459836084634887
47-2041.00,Carpet Installers,3.207994505494505,3.5992357142857143,1.5208400000000002,1.4283020408163263,2.7201822222222223,2.694,2.7118326530612245,2.6696009683411823,2.757592788041487,2.7135968781913347
47-2042.00,"Floor Layers, Except Carpet, Wood, and Hard Tiles",3.3036938775510203,3.451217857142857,1.6414385714285715,1.6128816326530608,2.9058561904761904,2.372,2.712466666666667,2.6558172091836734,2.696049510901892,2.675933360042783
47-2043.00,Floor Sanders and Finishers,3.196635949764521,3.4737142857142858,1.747055714285714,1.3244285714285717,2.4366193650793644,3.3619999999999997,2.693600680272109,2.7496339706959705,3.114933132424346,2.9322835515601584
47-2044.00,Tile and Stone Setters,3.2436260596546305,3.3332892857142857,1.7289528571428572,1.6769387755102043,2.6132339682539683,2.7920000000000003,2.9555945578231295,2.7208507439822083,2.986418546644467,2.8536346453133374
47-2051.00,Cement Masons and Concrete Finishers,3.0935967032967024,3.5611428571428574,1.8535785714285715,1.424534693877551,2.2747733333333326,3.6420000000000003,2.6144142857142856,2.787800403453689,3.285342911193471,3.03657165732358
47-2053.00,Terrazzo Workers and Finishers,3.230277864992151,3.6115,1.535267142857143,1.78065306122449,2.6048425396825396,3.1380000000000003,2.8238707482993197,2.7997656933542654,3.3387668824042276,3.0692662878792465
47-2061.00,Construction Laborers,3.1409356357927782,3.4989214285714283,1.8730757142857144,1.5445999999999995,2.431229206349206,2.836,2.640519727891156,2.665708471219257,2.7402131293865235,2.70296080030289
47-2071.00,"Paving, Surfacing, and Tamping Equipment Operators",3.145009105180533,3.6539607142857147,1.6765942857142857,1.6746040816326526,2.3629819047619045,3.34,2.725585034013606,2.786250350470958,3.2784220604148704,3.032336205442914
47-2072.00,Pile Driver Operators,3.105991679748823,3.500914285714286,1.897357142857143,1.0544326530612245,2.2896787301587294,3.0740000000000003,2.7252231292517,2.6532501533228676,2.684587831365194,2.6689189923440306
47-2073.00,Operating Engineers and Other Construction Equipment Operators,2.959158241758242,3.548825,2.030191428571429,0.8036571428571424,2.419189841269841,3.186,2.4717163265306126,2.6304182685766615,2.5826454661150304,2.606531867345846
47-2081.00,Drywall and Ceiling Tile Installers,3.3344032967032975,3.6591714285714287,1.4613742857142857,1.688157142857143,2.519773650793651,3.064,2.906340816326531,2.790706521716379,3.2983184746516976,3.044512498184038
47-2082.00,Tapers,3.4375577708006286,3.7735285714285713,1.288242857142857,1.8387836734693876,2.7084117460317456,2.836,3.057805442176871,2.8264981826268967,3.4581251051602138,3.142311643893555
47-2111.00,Electricians,2.7744215070643645,3.136578571428571,2.1793114285714283,0.9513959183673473,2.0504441269841274,3.08,2.224757823129252,2.4570010389848247,1.808352727857402,2.132676883421113
47-2121.00,Glaziers,3.1696412872841444,3.4510642857142857,1.8025114285714285,1.2467102040816331,2.369273650793651,2.896,2.5589884353741503,2.616467312140241,2.520355667772078,2.5684114899561594
47-2131.00,"Insulation Workers, Floor, Ceiling, and Wall",3.307577237048665,3.567253571428571,1.47741,1.7733061224489797,2.3822558730158727,2.872,2.8166884353741493,2.7105378797749866,2.9403725113970864,2.8254551955860365
47-2132.00,"Insulation Workers, Mechanical",3.2381813186813186,3.5370428571428576,1.6613557142857147,1.6910285714285713,2.440804126984127,2.7640000000000002,2.732416326530612,2.680305122972266,2.805385900753194,2.74284551186273
47-2141.00,"Painters, Construction and Maintenance",3.1808767660910515,3.4991071428571434,1.9596085714285714,1.5704571428571428,2.6351307936507933,2.988,2.4953013605442176,2.722168980900052,2.9923043590011282,2.8572366699505904
47-2142.00,Paperhangers,3.399225588697018,3.7218214285714284,1.333762857142857,1.7073163265306124,2.608957142857143,2.846,3.057209523809524,2.791389970957614,3.3013700156416057,3.0463799932996096
47-2151.00,Pipelayers,3.262343799058085,3.669853571428572,1.6693457142857142,1.343669387755102,2.5651793650793655,2.746,2.6515210884353744,2.672836183804291,2.7720377416696813,2.722436962736986
47-2152.00,"Plumbers, Pipefitters, and Steamfitters",3.02257535321821,3.39995,1.8945985714285716,1.2428816326530607,2.2541146031746027,2.87,2.7194537414965985,2.597162075091575,2.4341594755465064,2.5156607753190405
47-2152.04,Solar Thermal Installers and Technicians,2.997768131868131,3.0649607142857143,2.1887157142857143,1.1509346938775513,2.582148571428571,2.654,2.4379782312925173,2.5271933881475666,2.1217554178085347,2.3244744029780504
47-2161.00,Plasterers and Stucco Masons,3.2490643642072214,3.449503571428571,1.74039,1.6235877551020406,2.5256720634920633,2.954,2.8143176870748294,2.732981428440607,3.0405809900668412,2.886781209253724
47-2171.00,Reinforcing Iron and Rebar Workers,3.2517993720565155,3.674857142857143,1.6255085714285713,1.737171428571429,2.2963917460317465,3.31,2.6805959183673465,2.7838146268969126,3.2675467680334567,3.0256806974651846
47-2181.00,Roofers,3.1008574568288854,3.4871107142857145,1.779942857142857,1.3735102040816325,2.2589361904761893,3.072,2.4995183673469383,2.631708715463108,2.588407198415993,2.6100579569395506
47-2211.00,Sheet Metal Workers,3.0314135007849288,3.5219642857142857,1.8653114285714285,1.4641836734693876,2.542247619047619,3.4979999999999998,2.524027891156462,2.775497504709576,3.2304115460718705,3.0029545253907233
47-2221.00,Structural Iron and Steel Workers,3.066279434850863,3.4716571428571426,1.629,1.344183673469388,1.8851730158730162,2.91,2.6241448979591837,2.5364065410779695,2.162891338542929,2.349648939810449
47-2231.00,Solar Photovoltaic Installers,3.0017872841444264,3.446917857142857,2.1177285714285707,1.082204081632653,2.2251895238095236,2.968,2.4377469387755104,2.58033950588697,2.3590481777555095,2.4696938418212397
47-3011.00,"Helpers--Brickmasons, Blockmasons, Stonemasons, and Tile and Marble Setters",3.1928076923076913,3.544942857142857,1.5910328571428574,1.7105183673469386,2.2703809523809517,3.432,2.7858102040816326,2.785646378335949,3.2757253777418285,3.030685878038889
47-3012.00,Helpers--Carpenters,3.2157135007849287,3.4488571428571433,1.6063214285714285,1.360077551020408,2.367100317460318,3.004,2.7926591836734693,2.6710894196755626,2.764238592856689,2.7176640062661255
47-3013.00,Helpers--Electricians,2.993138461538461,3.362932142857143,2.2674714285714286,1.4766857142857144,2.303947936507936,2.8659999999999997,2.519687074829932,2.624571556645735,2.5565404095329605,2.590555983089348
47-3014.00,"Helpers--Painters, Paperhangers, Plasterers, and Stucco Masons",3.444310047095762,3.7656464285714284,1.2804757142857142,1.872518367346939,2.7070574603174595,2.932,2.8714523809523813,2.81996935570382,3.428974464893516,3.124471910298668
47-3015.00,"Helpers--Pipelayers, Plumbers, Pipefitters, and Steamfitters",3.2491375196232344,3.3444000000000003,1.609944285714286,1.721485714285714,2.4246444444444437,2.8760000000000003,2.863121088435374,2.6905384578754576,2.851076844625087,2.7708076512502724
47-3016.00,Helpers--Roofers,3.1865326530612244,3.3683392857142858,1.8449785714285714,1.6409734693877551,2.3505761904761906,2.9539999999999997,2.610899319727891,2.666847321428571,2.745297995804414,2.7060726586164927
47-4011.00,Construction and Building Inspectors,2.984180533751962,3.3244107142857144,2.5660342857142857,1.2436897959183675,2.8567419047619054,2.584,2.201114285714286,2.6027395239403455,2.459062296055002,2.5309009099976736
47-4011.01,Energy Auditors,2.9437985871271586,3.0949,2.735562857142857,1.413844897959184,2.8862438095238097,2.388,2.5021530612244898,2.606605094191523,2.4763217285909516,2.5414634113912373
47-4021.00,Elevator and Escalator Installers and Repairers,2.910685871271585,3.501017857142857,2.184341428571428,0.6731224489795924,2.2229863492063484,3.162,2.5743251700680267,2.599498674908425,2.444592189035582,2.5220454319720034
47-4031.00,Fence Erectors,3.1626786499215065,3.7298285714285715,1.5267714285714287,1.4410163265306122,2.32867619047619,3.3699999999999997,2.6068136054421767,2.7449783281004705,3.0941460960837066,2.9195622120920888
47-4041.00,Hazardous Materials Removal Workers,3.006703610675039,3.393807142857143,2.0506814285714285,1.5628571428571432,2.4272803174603172,3.0840000000000005,2.485320408163266,2.675120579016222,2.7822373661710724,2.728678972593647
47-4051.00,Highway Maintenance Workers,3.03986530612245,3.5530607142857145,1.956368571428572,1.298332653061224,2.3111428571428574,3.418,2.217919047619048,2.67736831122449,2.7922732935729027,2.7348208023986964
47-4061.00,Rail-Track Laying and Maintenance Equipment Operators,3.0380712715855576,3.4801035714285713,1.9041685714285717,1.3062346938775513,2.2245479365079364,3.38,2.6404210884353736,2.704511906724228,2.913467069618777,2.8089894881715027
47-4071.00,Septic Tank Servicers and Sewer Pipe Cleaners,3.1578216640502346,3.5297857142857145,1.7626628571428573,1.6073061224489793,2.3165396825396813,2.9520000000000004,2.5656768707482995,2.6628704877027736,2.7275417816013015,2.6952061346520377
47-4091.00,Segmental Pavers,3.0964276295133426,3.390107142857143,1.7684114285714283,1.5628326530612244,2.71185492063492,3.022,2.188270068027211,2.6455233723181584,2.6500884310683794,2.647805901693269
47-4099.03,Weatherization Installers and Technicians,2.98466059654631,3.3345464285714286,2.2416314285714285,1.6156061224489795,2.414572380952381,2.77,2.368017006802721,2.604993217032967,2.4691248382832782,2.5370590276581226
47-5011.00,"Derrick Operators, Oil and Gas",3.0290481946624803,3.6055357142857143,1.5592085714285713,1.4307714285714286,1.8857184126984121,3.2800000000000002,2.5900238095238097,2.6215469196755627,2.54303567042842,2.5822912950519914
47-5012.00,"Rotary Drill Operators, Oil and Gas",2.8951750392464675,3.293182142857143,2.012761428571429,0.7273918367346939,2.1843600000000003,3.566,2.3455258503401364,2.5949517813971745,2.424290707829371,2.509621244613273
47-5013.00,"Service Unit Operators, Oil and Gas",2.7812092621664046,3.2923714285714283,2.114495714285714,0.7762530612244891,2.0458701587301586,3.7,2.281460544217688,2.5892115866038723,2.3986612409355725,2.493936413769722
47-5022.00,"Excavating and Loading Machine and Dragline Operators, Surface Mining",2.9961629513343793,3.451739285714286,1.793434285714286,1.2956408163265314,2.3622450793650795,3.316,2.6219564625850342,2.6869230770538985,2.8349344859750403,2.7609287815144694
47-5023.00,"Earth Drillers, Except Oil and Gas",3.054322448979591,3.4364428571428576,1.7666228571428573,1.3171693877551016,2.3576815873015873,2.934,2.8453850340136055,2.649254013605442,2.6667454176007244,2.6579997156030832
47-5032.00,"Explosives Workers, Ordnance Handling Experts, and Blasters",2.834944740973313,3.2064500000000002,2.3914728571428574,0.8489142857142857,2.268814920634921,3.3379999999999996,2.424821768707483,2.601893428833072,2.4552845555214997,2.528588992177286
47-5041.00,Continuous Mining Machine Operators,3.083486185243327,3.595335714285714,1.5868985714285715,1.019848979591837,2.3582330158730156,3.249999999999999,2.738509523809524,2.6770094209837776,2.7906708800879834,2.7338401505358805
47-5043.00,"Roof Bolters, Mining",3.04011726844584,3.717532142857143,1.7283528571428572,1.3953959183673468,2.150628253968254,3.95,2.6450755102040824,2.8353778538723184,3.497772059385163,3.1665749566287404
47-5044.00,"Loading and Moving Machine Operators, Underground Mining",3.2613459968602823,3.7450285714285716,1.4585742857142856,1.7140897959183667,2.4567444444444444,3.2399999999999998,2.857666666666666,2.8133842600732595,3.3995725897772093,3.1064784249252346
47-5051.00,"Rock Splitters, Quarry",3.408562480376766,3.7028785714285712,1.42116,2.0357714285714286,2.495668253968254,2.584,3.246204081632653,2.7904901509680795,3.297352398215267,3.043921274591673
47-5071.00,"Roustabouts, Oil and Gas",3.0728386185243335,3.5208214285714288,1.8592371428571426,1.3147959183673472,2.363962222222222,3.2040000000000006,2.699668027210884,2.706796850601779,2.9236691438641014,2.81523299723294
47-5081.00,Helpers--Extraction Workers,2.8572913657770798,3.437264285714286,2.2419371428571426,1.1107734693877553,2.0905079365079366,3.222,2.4241544217687077,2.6010537626896912,2.451535519748578,2.5262946412191347
49-1011.00,"First-Line Supervisors of Mechanics, Installers, and Repairers",2.7215857142857143,3.0687678571428574,2.478391428571429,1.2679714285714283,2.7164485714285713,2.7619999999999996,2.272806802721089,2.5439776275510204,2.1966955763951965,2.3703366019731087
49-2011.00,"Computer, Automated Teller, and Office Machine Repairers",3.1297031397174253,3.260128571428571,2.103442857142857,1.7542857142857144,3.0614200000000005,3.008,2.651482993197279,2.802783062794348,3.3522391726235767,3.0775111177089625
49-2021.00,"Radio, Cellular, and Tower Equipment Installers and Repairers",2.8898706436420722,3.127860714285714,2.560477142857143,1.4342204081632652,2.7550355555555557,2.436,2.5239666666666665,2.5811797921245416,2.3627999821946695,2.4719898871596055
49-2022.00,"Telecommunications Equipment Installers and Repairers, Except Line Installers",2.9838930926216642,3.230267857142857,2.3500828571428567,1.4366775510204084,2.396335873015872,2.8,2.5179489795918366,2.6079429111721613,2.482294964212718,2.5451189376924397
49-2091.00,Avionics Technicians,2.9158814756671885,3.225567857142857,2.575401428571429,1.2668081632653059,2.7551599999999996,2.722,2.607491836734694,2.6542361346153838,2.6889901514613577,2.6716131430383707
49-2092.00,"Electric Motor, Power Tool, and Related Repairers",2.89186169544741,3.264125,2.2205728571428573,1.2603285714285724,2.4779606349206347,3.0839999999999996,2.615644897959184,2.6523289771062273,2.6804748602556963,2.666401918680962
49-2093.00,"Electrical and Electronics Installers and Repairers, Transportation Equipment",3.0528453689167963,3.2624821428571433,2.240125714285714,1.4421428571428576,2.5124749206349204,3.164,2.7288850340136057,2.7345299771062272,3.0474951242013226,2.891012550653775
49-2094.00,"Electrical and Electronics Repairers, Commercial and Industrial Equipment",2.940979277864992,3.132192857142857,2.524762857142857,1.4960857142857145,2.686735238095238,2.852,2.6235190476190478,2.6799988202511775,2.804018285936573,2.7420085530938754
49-2095.00,"Electrical and Electronics Repairers, Powerhouse, Substation, and Relay",2.898072370486656,3.2947107142857144,2.4624414285714287,0.9213877551020406,2.3710136507936497,3.136,2.621978911564626,2.643449265436944,2.6408277255417456,2.6421384954893448
49-2096.00,"Electronic Equipment Installers and Repairers, Motor Vehicles",3.005236106750393,3.080767857142857,2.2182185714285714,1.3930285714285708,2.5871650793650796,3.152,2.517150340136055,2.6700726217948723,2.7596986793939546,2.7148856505944137
49-2097.00,Audiovisual Equipment Installers and Repairers,3.034611616954474,3.2403892857142855,2.347167142857143,1.9970183673469393,2.6626073015873017,2.666,2.585083673469388,2.6960223326792256,2.875561865220016,2.7857920989496208
49-2098.00,Security and Fire Alarm Systems Installers,3.0592354788069067,3.3849857142857145,2.174382857142857,1.0187836734693883,2.6724526984126986,2.418,2.475361224489796,2.5417219204604917,2.1866240418427,2.364172981151596
49-3011.00,Aircraft Mechanics and Service Technicians,2.6778252747252744,3.2024714285714286,2.586092857142858,1.0055510204081632,2.208836507936508,2.944,2.5644625850340135,2.546003757195186,2.2057420677613564,2.375872912478271
49-3021.00,Automotive Body and Related Repairers,3.1392627943485083,3.2923999999999998,1.748555714285714,1.3314285714285714,2.4829209523809523,3.0700000000000003,2.8949,2.693420990580848,2.863947100636137,2.7786840456084927
49-3022.00,Automotive Glass Installers and Repairers,3.3488069073783358,3.523492857142857,1.5313857142857141,1.8368326530612245,2.630497142857142,2.7199999999999998,2.8269027210884357,2.7302767810047093,3.028504976200793,2.8793908786027513
49-3023.00,Automotive Service Technicians and Mechanics,2.9908486656200948,3.4117821428571427,2.1302971428571427,1.1651999999999996,2.401859047619048,2.96,2.6420891156462587,2.638536560047096,2.6188929263438165,2.6287147431954563
49-3031.00,Bus and Truck Mechanics and Diesel Engine Specialists,2.9736883830455247,3.4099500000000003,2.204802857142857,1.0938061224489801,2.1494009523809514,3.064,2.8395802721088437,2.6485538390894816,2.6636191997243515,2.6560865194069168
49-3041.00,Farm Equipment Mechanics and Service Technicians,2.8821538461538454,3.3897714285714287,2.1329928571428574,1.2546244897959182,2.246761587301587,3.01,2.7223904761904767,2.6269233354264783,2.567040895766098,2.596982115596288
49-3042.00,"Mobile Heavy Equipment Mechanics, Except Engines",2.8553335949764516,3.1806285714285716,2.2925400000000002,1.1767346938775511,2.118756507936508,3.056,2.643719047619048,2.577893127681842,2.348125313379688,2.4630092205307648
49-3043.00,Rail Car Repairers,3.0946879120879105,3.4086428571428575,1.757945714285714,1.61991224489796,2.1329203174603175,2.766,2.7801938775510204,2.603452540554683,2.4622458527756237,2.532849196665153
49-3051.00,Motorboat Mechanics and Service Technicians,3.0486686028257464,3.5344428571428574,1.9516571428571428,1.3178979591836728,2.392735238095238,2.542,2.761912244897959,2.5960193516483514,2.4290573154785164,2.512538333563434
49-3052.00,Motorcycle Mechanics,2.9261259026687596,3.155057142857143,2.3780628571428575,0.7682775510204083,2.4413758730158728,3.034,2.460722448979592,2.568926245944532,2.308088971948358,2.438507608946445
49-3053.00,Outdoor Power Equipment and Other Small Engine Mechanics,3.134967660910518,3.515475,1.9343785714285713,1.6058571428571429,2.6897228571428577,2.502,2.9483741496598648,2.6977045215855573,2.8830726913219884,2.7903886064537726
49-3091.00,Bicycle Repairers,3.0922557299843016,3.442482142857143,1.9586585714285718,1.2459591836734698,2.879058412698413,2.5620000000000003,2.5046972789115647,2.6206358101779172,2.53896764633736,2.579801728257639
49-3092.00,Recreational Vehicle Service Technicians,3.1554103610675037,3.4343285714285714,2.0234942857142855,1.8823938775510203,2.5562996825396818,2.31,2.840604761904762,2.6505853228676086,2.67268959682961,2.661637459848609
49-3093.00,Tire Repairers and Changers,3.219062480376766,3.6145285714285715,1.9212600000000002,1.2704346938775508,2.524887301587302,3.2920000000000003,2.5065095238095236,2.75731765096808,3.1492400917258543,2.953278871346967
49-9011.00,Mechanical Door Repairers,3.111154003139718,3.4045214285714285,1.7579814285714286,1.537918367346939,2.3163079365079366,2.784,2.6167455782312925,2.603699321559393,2.463347708342898,2.5335235149511455
49-9012.00,"Control and Valve Installers and Repairers, Except Mechanical Door",3.0056723704866553,3.2845464285714288,2.4365628571428575,1.1521142857142856,2.3948526984126977,3.098,2.5227931972789124,2.6596474184981687,2.7131510599532778,2.6863992392257234
49-9021.00,"Heating, Air Conditioning, and Refrigeration Mechanics and Installers",2.9502828885400314,3.3421964285714285,2.053871428571428,1.177114285714286,2.3610406349206343,2.896,2.5781564625850337,2.58705003362114,2.3890100962262046,2.4880300649236724
49-9031.00,Home Appliance Repairers,3.0597332810047098,3.4862035714285713,1.9956685714285718,1.547481632653061,2.6340247619047616,2.7,2.488723129251701,2.644617731946625,2.646044826146298,2.645331279046461
49-9041.00,Industrial Machinery Mechanics,2.974025431711145,3.2151642857142857,2.09761,1.9501836734693883,2.475516825396825,2.96,2.8753870748299324,2.727793409994767,3.017416942192156,2.8726051760934617
49-9043.00,"Maintenance Workers, Machinery",3.0694036106750398,3.4370214285714287,1.9939385714285713,1.335591836734694,2.536595873015873,3.2479999999999998,2.825004761904762,2.762756891941392,3.1735258261778547,2.968141359059623
49-9044.00,Millwrights,2.773941915227629,3.299646428571428,2.418385714285714,0.7998040816326535,2.006508888888889,3.4,2.3086088435374146,2.560124891025641,2.2687916932606225,2.4144582921431317
49-9045.00,"Refractory Materials Repairers, Except Brickmasons",3.220307221350078,3.609553571428571,1.521645714285714,1.6168755102040815,2.1584288888888894,3.38,2.8851292517006804,2.7708649624542123,3.209727650726281,2.9902963065902464
49-9051.00,Electrical Power-Line Installers and Repairers,2.9670514913657766,3.4758071428571427,1.9272571428571428,0.8745714285714294,2.0480034920634913,2.904,2.450668027210884,2.502212380167451,2.0102174055886124,2.256214892878032
49-9052.00,Telecommunications Line Installers and Repairers,3.072507692307693,3.366635714285714,2.064187142857143,1.3628714285714283,2.266133333333333,3.1979999999999995,2.4695408163265307,2.6585284905808475,2.708155144823884,2.683341817702366
49-9061.00,Camera and Photographic Equipment Repairers,3.2592018838304555,3.212517857142857,1.8770814285714288,1.915887755102041,3.297399682539683,2.444,3.098170068027211,2.798190342098378,3.3317330770521902,3.064961709575284
49-9062.00,Medical Equipment Repairers,2.986098430141287,3.398307142857143,2.4326271428571427,1.1892734693877558,2.8022431746031744,2.6399999999999997,2.7006938775510205,2.6732914549973836,2.7740704876637157,2.7236809713305496
49-9063.00,Musical Instrument Repairers and Tuners,3.1377711145996843,3.1869428571428573,2.024907142857143,1.6238265306122455,2.8935952380952377,2.742,3.0173149659863947,2.748616993720565,3.110392419319396,2.929504706519981
49-9064.00,Watch and Clock Repairers,3.219890894819466,3.4254749999999996,2.0209928571428573,1.8170306122448983,3.2124726984126983,2.246,3.047174829931973,2.768754360413396,3.20030399750911,2.984529178961253
49-9071.00,"Maintenance and Repair Workers, General",2.9119467817896387,3.1233535714285714,2.4049500000000004,1.208940816326531,2.380043174603174,3.1900000000000004,2.4233176870748294,2.625188263867085,2.5592939532508847,2.592241108558985
49-9081.00,Wind Turbine Service Technicians,2.78751978021978,3.3105535714285717,2.49906,0.8597653061224486,1.9143428571428571,3.532,2.444175510204082,2.6107712884615384,2.4949234210354447,2.552847354748492
49-9091.00,"Coin, Vending, and Amusement Machine Servicers and Repairers",3.302878806907378,3.692942857142857,1.8878628571428568,1.82145306122449,2.9298257142857143,2.8899999999999997,2.962013605442176,2.8820807394034533,3.706296351968703,3.294188545686078
49-9092.00,Commercial Divers,2.871117739403455,3.243857142857143,2.0024814285714285,1.1215714285714284,2.299557777777777,2.8619999999999997,2.4613993197278923,2.516195082679226,2.0726489473769707,2.2944220150280983
49-9094.00,Locksmiths and Safe Repairers,2.970838775510204,3.264592857142857,2.3591357142857143,1.3473142857142855,2.638844444444444,2.6,2.4536095238095244,2.5898278401360546,2.401412758971107,2.495620299553581
49-9095.00,Manufactured Building and Mobile Home Installers,2.6456042386185246,3.0650714285714287,2.0036485714285712,0.9483387755102033,2.136994920634919,2.966,2.1713612244897957,2.3912535065410774,1.5147957551772908,1.953024630859184
49-9096.00,Riggers,3.0806703296703297,3.51365,2.035221428571429,1.1010285714285715,2.243675555555555,3.536,2.504728571428572,2.722233668498168,2.9925931834598885,2.8574134259790283
49-9097.00,Signal and Track Switch Repairers,3.083973155416011,3.602257142857143,1.7637428571428573,1.2356326530612245,2.3839342857142856,2.814,2.800478911564626,2.643334075353218,2.640313411908908,2.641823743631063
49-9098.00,"Helpers--Installation, Maintenance, and Repair Workers",3.1571938775510198,3.6061821428571426,1.8245014285714287,1.3606775510204083,2.4203276190476197,2.792,2.8011074829931966,2.67463956632653,2.780089686649756,2.727364626488143
49-9099.01,Geothermal Technicians,2.8786340659340652,3.267875,2.421731428571429,1.2122693877551023,2.325824444444444,3.226,2.592207482993197,2.668281230638409,2.75170027481159,2.7099907527249996
51-1011.00,First-Line Supervisors of Production and Operating Workers,2.879027158555729,3.0493178571428574,2.303801428571428,1.1042285714285711,2.7614006349206344,3.348,2.1387176870748297,2.6346725006541076,2.601640239657325,2.6181563701557162
51-2011.00,"Aircraft Structure, Surfaces, Rigging, and Systems Assemblers",3.097981004709576,3.204428571428571,2.1141057142857145,1.5247020408163263,2.7246346031746036,3.14,2.790242857142857,2.7644738309785453,3.1811918085697304,2.972832819774138
51-2021.00,"Coil Winders, Tapers, and Finishers",3.3553284144427,3.737842857142857,1.6844814285714285,1.3754489795918365,2.93083619047619,3.2939999999999996,2.941291156462585,2.9095878335949763,3.8291131178298237,3.3693504757124
51-2022.00,Electrical and Electronic Equipment Assemblers,3.2567174254317113,3.5733821428571426,1.806957142857143,1.6333510204081634,2.909838095238096,3.1399999999999997,2.8680081632653063,2.863222690345369,3.622096814946067,3.242659752645718
51-2023.00,Electromechanical Equipment Assemblers,3.3135003139717414,3.6334964285714286,1.9944714285714287,1.9465102040816329,3.0370117460317463,3.086,3.007256462585034,2.959987905939299,4.054145025649584,3.5070664657944413
51-2031.00,Engine and Other Machine Assemblers,3.2282029827315544,3.543382142857143,1.7356371428571429,1.447448979591837,2.6292914285714284,3.114,2.8720598639455783,2.782049074960754,3.259663733306157,3.0208564041334554
51-2041.00,Structural Metal Fabricators and Fitters,3.27289748822606,3.5964285714285715,1.81661,1.6937551020408166,2.66570380952381,3.1399999999999997,2.806542857142857,2.8302724191522763,3.4749767406115843,3.1526245798819303
51-2051.00,Fiberglass Laminators and Fabricators,3.2367174254317104,3.4391499999999997,1.6765757142857143,2.0553061224489793,2.5628790476190484,3.412,2.761102040816327,2.855565460753532,3.5879079556148152,3.2217367081841735
51-2061.00,Timing Device Assemblers and Adjusters,3.324405808477237,3.4823178571428572,1.7270257142857144,2.152624489795918,3.2579409523809524,2.0,3.052879591836734,2.75559665188383,3.1415559815793657,2.948576316731598
51-2092.00,Team Assemblers,3.266055259026687,3.5915785714285713,1.8804157142857147,1.6174734693877548,2.9300793650793655,3.228,2.7803034013605443,2.880591407901622,3.699646617282937,3.29011901259228
51-3011.00,Bakers,3.379932810047096,3.5603214285714286,1.5750771428571426,1.6213142857142855,3.102572063492064,3.3659999999999997,2.8654353741496603,2.92907839429618,3.916136763929069,3.4226075791126247
51-3021.00,Butchers and Meat Cutters,3.22271240188383,3.598746428571429,1.8348657142857145,1.3553061224489795,2.9786796825396826,3.4799999999999995,2.3730782312925167,2.840999695316588,3.522873088943639,3.1819363921301136
51-3022.00,"Meat, Poultry, and Fish Cutters and Trimmers",3.28253469387755,3.664710714285714,1.821722857142857,1.5632857142857142,2.854791428571428,3.9959999999999996,2.646262585034014,3.004945770408163,4.254877952059166,3.6299118612336647
51-3023.00,Slaughterers and Meat Packers,3.520662323390895,3.868325,1.3734114285714287,1.920469387755102,2.9680520634920633,3.284,2.983439455782313,2.987259908032444,4.175912125886219,3.5815860169593314
51-3091.00,"Food and Tobacco Roasting, Baking, and Drying Machine Operators and Tenders",3.210995290423861,3.5257857142857145,2.0349000000000004,1.5859714285714284,2.8947834920634916,3.614,2.702602721088436,2.935012225536368,3.9426308005950794,3.438821513065724
51-3092.00,Food Batchmakers,3.273882888540031,3.5289785714285715,2.077718571428572,1.5488734693877553,3.0360501587301587,3.84,2.9414394557823136,3.0477118652537944,4.445824819106615,3.746768342180205
51-3093.00,Food Cooking Machine Operators and Tenders,3.294581632653061,3.663142857142857,2.01025,1.420163265306122,2.919239365079364,3.432,2.878498639455782,2.942760700680272,3.9772270633229247,3.4599938820015983
51-4021.00,"Extruding and Drawing Machine Setters, Operators, and Tenders, Metal and Plastic",3.2019416012558857,3.5332357142857145,1.8427885714285714,1.2855081632653063,2.6740736507936513,3.746,2.938016326530612,2.914119767399267,3.8493478052549754,3.3817337863271213
51-4022.00,"Forging Machine Setters, Operators, and Tenders, Metal and Plastic",3.2085486656200946,3.4312571428571426,1.7088357142857142,1.3847857142857145,2.691675238095239,3.717999999999999,2.7323421768707483,2.862535626373626,3.619029134501101,3.2407823804373637
51-4023.00,"Rolling Machine Setters, Operators, and Tenders, Metal and Plastic",3.0000926216640496,3.4901999999999997,2.0896842857142857,1.326342857142857,2.607943492063492,3.722,2.690391836734694,2.8542969068550494,3.58224397358722,3.2182704402211346
51-4031.00,"Cutting, Punching, and Press Machine Setters, Operators, and Tenders, Metal and Plastic",3.3664442700156973,3.6115535714285714,1.51452,2.0105510204081627,2.711107936507936,3.972,3.132797959183673,3.0701926626111975,4.546199609922082,3.80819613626664
51-4032.00,"Drilling and Boring Machine Tool Setters, Operators, and Tenders, Metal and Plastic",3.229429513343799,3.4110535714285715,2.170652857142857,1.3112816326530612,2.8706114285714284,3.5340000000000003,2.880877551020408,2.9137892586342224,3.8478721125726114,3.380830685603417
51-4033.00,"Grinding, Lapping, Polishing, and Buffing Machine Tool Setters, Operators, and Tenders, Metal and Plastic",3.1802296703296697,3.717035714285714,1.9424814285714287,1.5170142857142856,2.8062593650793644,3.746,2.9193965986394557,2.988587773678702,4.181840929671743,3.585214351675223
51-4034.00,"Lathe and Turning Machine Tool Setters, Operators, and Tenders, Metal and Plastic",3.1284084772370475,3.442332142857143,2.17562,2.154951020408163,3.0454152380952375,3.066,2.8721435374149658,2.919502011381475,3.873379053134803,3.396440532258139
51-4035.00,"Milling and Planing Machine Setters, Operators, and Tenders, Metal and Plastic",3.2245766091051795,3.4990714285714284,1.9033057142857146,1.870563265306123,2.7339812698412693,3.442,2.9883544217687072,2.9326844573521713,3.932237519572121,3.432460988462146
51-4041.00,Machinists,3.1305295133437987,3.359025,1.9741257142857145,1.4561938775510206,2.875425079365079,3.9019999999999997,2.8994659863945578,2.963098796049189,4.068034877466928,3.5155668367580586
51-4051.00,Metal-Refining Furnace Operators and Tenders,3.1532566718995287,3.507892857142857,1.8770614285714284,1.3881387755102037,2.446626349206349,3.71,2.9632306122448977,2.8791709939822083,3.693304593565278,3.2862377937737435
51-4052.00,"Pourers and Casters, Metal",3.32084693877551,3.7442714285714285,1.6533585714285715,2.2209551020408163,2.8455638095238096,3.0,3.1239897959183676,2.9426321632653063,3.9766531550253674,3.459642659145337
51-4061.00,"Model Makers, Metal and Plastic",3.2263792778649916,3.2140142857142857,1.797054285714286,1.8551428571428565,2.9939847619047617,3.4099999999999993,3.204607482993197,2.9430675855572996,3.978597277414817,3.4608324314860583
51-4062.00,"Patternmakers, Metal and Plastic",3.1855266875981156,3.3431285714285712,1.9218228571428573,1.6947510204081633,2.8654180952380948,3.3040000000000007,2.8725802721088436,2.862455431711146,3.6186710723584223,3.240563252034784
51-4071.00,Foundry Mold and Coremakers,3.3661767660910513,3.7678785714285716,1.6114585714285714,1.5831102040816325,2.5434853968253965,3.4299999999999997,2.9757115646258505,2.903444722396651,3.8016846644842843,3.352564693440468
51-4072.00,"Molding, Coremaking, and Casting Machine Setters, Operators, and Tenders, Metal and Plastic",3.228709890109889,3.63585,1.6742585714285714,1.7202285714285712,2.6644425396825393,3.4480000000000004,3.002413605442177,2.908761119570905,3.825421912134976,3.36709151585294
51-4081.00,"Multiple Machine Tool Setters, Operators, and Tenders, Metal and Plastic",3.061043956043955,3.211832142857143,2.482182857142857,1.5517285714285713,2.916296507936509,3.45,2.734515646258503,2.8819443808215595,3.7056875228459685,3.293815951833764
51-4111.00,Tool and Die Makers,3.165913029827316,3.0717642857142855,2.006335714285714,1.1959285714285715,2.861780317460318,3.0200000000000005,2.9840619047619046,2.7367543592360017,3.0574267955482135,2.897090577392108
51-4121.00,"Welders, Cutters, Solderers, and Brazers",3.4129715855572997,3.7190214285714287,1.4665785714285713,1.7588000000000004,2.7996841269841273,3.106,3.116497278911565,2.90096402014652,3.790608546254415,3.3457862832004674
51-4122.00,"Welding, Soldering, and Brazing Machine Setters, Operators, and Tenders",3.2304320251177394,3.42305,1.8326885714285717,1.3185285714285717,2.6381019047619048,3.504,2.8978061224489795,2.844330222135008,3.5377435994237363,3.1910369107793723
51-4191.00,"Heat Treating Equipment Setters, Operators, and Tenders, Metal and Plastic",3.145196860282575,3.639685714285714,1.796367142857143,1.7137285714285713,2.5997777777777777,3.7119999999999997,2.922768027210884,2.939523828362114,3.9627747119820818,3.451149270172098
51-4192.00,"Layout Workers, Metal and Plastic",3.128647723704865,3.3398142857142856,2.0038842857142862,1.5587999999999993,2.477177142857143,3.16,2.753887755102041,2.743197464678179,3.0861946969121554,2.914696080795167
51-4193.00,"Plating Machine Setters, Operators, and Tenders, Metal and Plastic",3.263515855572998,3.4405357142857147,1.6542485714285715,1.6838040816326534,2.7102034920634916,3.5120000000000005,2.803711564625851,2.8689002592883313,3.6474466629043096,3.2581734610963204
51-4194.00,"Tool Grinders, Filers, and Sharpeners",3.2046654631083196,3.546825,1.7336042857142857,1.5872959183673467,2.705141904761905,3.438,2.955241496598639,2.881471100078493,3.70357436578899,3.292522732933741
51-5111.00,Prepress Technicians and Workers,3.258809890109889,3.137985714285714,2.306994285714286,2.0023795918367346,3.411269206349206,3.558,2.7282571428571427,3.0229856807953945,4.335424571587849,3.6792051261916217
51-5112.00,Printing Press Operators,3.046315070643641,3.3480285714285714,2.0797314285714283,1.2869795918367344,2.8027196825396823,3.776,2.625756462585034,2.8652940701203553,3.6313453441822947,3.248319707151325
51-5113.00,Print Binding and Finishing Workers,3.218110675039247,3.446414285714286,1.8203242857142858,1.6086,2.956623492063492,3.5860000000000007,2.8638986394557824,2.93284949241235,3.932974386658252,3.432911939535301
51-6011.00,Laundry and Dry-Cleaning Workers,3.4407740973312393,3.7891250000000003,1.323767142857143,2.0175755102040815,3.096106349206349,3.7,2.969089115646258,3.0683984496336993,4.538188606155996,3.803293527894848
51-6021.00,"Pressers, Textile, Garment, and Related Materials",3.5362780219780223,3.7568714285714284,1.3970428571428573,2.4891102040816326,3.1446114285714293,3.44,3.118854421768707,3.110107601255887,4.72441631430217,3.9172619577790284
51-6031.00,Sewing Machine Operators,3.4961023547880696,3.789846428571429,1.4129914285714287,2.348951020408163,3.202082857142857,3.144,3.204832653061225,3.058923888932496,4.495885522625086,3.7774047057787907
51-6041.00,Shoe and Leather Workers and Repairers,3.387903610675039,3.6188285714285717,1.6674671428571428,1.7612714285714284,3.096480634920635,3.1080000000000005,2.9448741496598636,2.921686902145474,3.88313439899307,3.402410650569272
51-6042.00,Shoe Machine Operators and Tenders,3.3542671899529033,3.670714285714286,1.5632371428571428,1.9738571428571428,2.9863885714285714,3.534,2.8899149659863945,2.9957021805337516,4.2136061330361425,3.604654156784947
51-6051.00,"Sewers, Hand",3.4752463108320253,3.589539285714286,1.5872285714285714,2.125085714285714,3.2782419047619045,3.3160000000000003,3.0551986394557824,3.0441653496860286,4.4299899377819525,3.7370776437339908
51-6052.00,"Tailors, Dressmakers, and Custom Sewers",3.3669799058084764,3.275839285714286,1.5084614285714284,1.4807142857142854,3.314127619047619,3.4240000000000004,2.9521795918367344,2.9200865317896385,3.8759888855515108,3.3980377086705746
51-6061.00,Textile Bleaching and Dyeing Machine Operators and Tenders,3.267046781789638,3.591410714285715,1.818627142857143,1.495159183673469,2.7209047619047615,3.526,2.977784353741497,2.9201506244113027,3.8762750534925363,3.3982128389519195
51-6062.00,"Textile Cutting Machine Setters, Operators, and Tenders",3.3127284144426996,3.63805,1.6699414285714287,2.101571428571429,2.9420619047619048,3.44,3.067634693877551,3.0092225376766093,4.273973343255127,3.6415979404658683
51-6063.00,"Textile Knitting and Weaving Machine Setters, Operators, and Tenders",3.3384937205651486,3.6444464285714284,1.7393957142857144,1.9094183673469387,2.9922552380952383,3.4219999999999997,3.073160544217687,3.0065347978806907,4.261972820520425,3.634253809200558
51-6064.00,"Textile Winding, Twisting, and Drawing Out Machine Setters, Operators, and Tenders",3.354764207221349,3.726857142857143,1.5854342857142858,2.1858632653061223,2.8237498412698407,3.4979999999999998,3.103334693877551,3.0280356378859232,4.357972187605657,3.69300391274579
51-6091.00,"Extruding and Forming Machine Setters, Operators, and Tenders, Synthetic and Glass Fibers",3.110781004709576,3.525325,2.1989,1.3402551020408167,2.7778136507936515,3.3839999999999995,2.7096272108843538,2.849247540162219,3.559698993643414,3.2044732669028164
51-6092.00,Fabric and Apparel Patternmakers,3.166768916797488,2.8922714285714286,2.3473214285714286,1.486571428571429,3.323233650793651,2.964,2.6645,2.7832053851386704,3.2648265569543113,3.0240159710464907
51-6093.00,Upholsterers,3.1981583987441127,3.2055357142857144,1.603722857142857,1.954971428571429,2.8057866666666667,2.742,2.8738428571428574,2.716767974097331,2.9681893367713883,2.84247865543436
51-7011.00,Cabinetmakers and Bench Carpenters,3.1619456828885393,3.3390571428571425,1.7489228571428572,1.675348979591837,2.645480634920635,2.94,2.8516639455782307,2.7301492946101513,3.0279357606172823,2.879042527613717
51-7021.00,Furniture Finishers,3.238405651491366,3.3627142857142855,1.7121742857142856,1.7142448979591838,2.798765396825397,2.592,2.9200537414965986,2.709032779696494,2.933652371397903,2.821342575547199
51-7031.00,"Model Makers, Wood",3.2323755102040805,3.1767714285714286,1.887051428571429,1.807648979591836,2.9022082539682548,2.944,2.9490231292517004,2.797326789115646,3.3278773886341266,3.062602088874886
51-7032.00,"Patternmakers, Wood",3.0908259026687586,3.050407142857143,2.0722785714285714,1.4514897959183672,2.7624984126984127,3.2119999999999997,2.8111108843537416,2.752003188121402,3.1255114806783393,2.9387573343998707
51-7041.00,"Sawing Machine Setters, Operators, and Tenders, Wood",3.3510546310832012,3.7810785714285715,1.4337757142857142,1.695061224489796,2.6866079365079356,3.522,3.0975904761904767,2.9547334361590787,4.030684278388227,3.492708857273653
51-7042.00,"Woodworking Machine Setters, Operators, and Tenders, Except Sawing",3.309559654631082,3.684671428571429,1.5334557142857141,1.7314510204081635,2.626551111111112,3.4560000000000004,3.023097959183674,2.9142726964939825,3.850030620265832,3.3821516583799074
51-8011.00,Nuclear Power Reactor Operators,2.9203718995290413,3.3508142857142857,2.8410371428571426,0.7832040816326531,3.047020952380953,3.1979999999999995,2.38904149659864,2.758111417582418,3.152784190122537,2.9554478038524774
51-8012.00,Power Distributors and Dispatchers,3.0376836734693873,3.333342857142857,2.8853599999999995,0.6063428571428569,3.0884866666666664,3.306,2.4552714285714283,2.797587979591836,3.3290435812292447,3.0633157804105404
51-8013.00,Power Plant Operators,2.9855981161695446,3.256875,2.315202857142857,1.1386163265306122,2.4177174603174603,3.1859999999999995,2.678768027210884,2.68342570892203,2.8193190436461943,2.7513723762841122
51-8013.03,Biomass Plant Technicians,2.9803235478806904,3.4188464285714284,2.3402185714285713,0.8765612244897962,2.388666666666667,3.5020000000000002,2.6201530612244897,2.733276435243328,3.041898169597509,2.8875873024204184
51-8013.04,Hydroelectric Plant Technicians,2.8976841444270005,3.1832857142857147,2.356967142857143,1.446665306122449,2.4272517460317458,2.668,2.634993197278912,2.585445465201465,2.3818458387973642,2.4836456519994146
51-8021.00,Stationary Engineers and Boiler Operators,2.8858375196232338,3.2786142857142857,2.4827514285714285,1.0627020408163261,2.4613955555555553,3.2459999999999996,2.349687074829932,2.650075512297226,2.6704133372937893,2.6602444247955077
51-8031.00,Water and Wastewater Treatment Plant and System Operators,2.887805808477236,3.491557142857143,2.5986014285714285,1.1817020408163263,2.480402857142857,3.2079999999999997,2.5046945578231288,2.7242994018838296,3.00181650206242,2.8630579519731247
51-8091.00,Chemical Plant and System Operators,3.024647723704867,3.6704107142857145,2.1698,0.9360326530612246,2.3816088888888887,3.838,2.8635387755102037,2.8692141806645735,3.6488482943487757,3.2590312375066746
51-8092.00,Gas Plant Operators,2.9585059654631074,3.3645750000000003,2.5552514285714283,0.9451285714285715,2.6546203174603176,3.3200000000000003,2.689283673469388,2.7640857434589217,3.179459031792243,2.9717723876255824
51-8093.00,"Petroleum Pump System Operators, Refinery Operators, and Gaugers",3.018348822605965,3.5645785714285716,2.140541428571429,1.2293061224489792,2.3518193650793653,3.4539999999999997,2.7867693877551023,2.7860121771323914,3.2773586373228714,3.0316854072276316
51-8099.01,Biofuels Processing Technicians,2.910214442700157,3.4383142857142857,2.4440357142857136,1.0172755102040818,2.362063809523809,3.7020000000000004,2.5229714285714286,2.771565717425432,3.212856460284536,2.992211088854984
51-9011.00,Chemical Equipment Operators and Tenders,2.9902620094191525,3.503907142857143,2.3777514285714285,1.1927755102040813,2.411114285714286,3.594,2.6737367346938776,2.8127057197802197,3.3965429668109532,3.1046243432955865
51-9012.00,"Separating, Filtering, Clarifying, Precipitating, and Still Machine Setters, Operators, and Tenders",3.168110518053374,3.5060607142857143,1.8403728571428573,1.354714285714286,2.618873968253968,3.132,2.8937503401360547,2.773928045395081,3.223404047721999,2.99866604655854
51-9021.00,"Crushing, Grinding, and Polishing Machine Setters, Operators, and Tenders",3.1857312401883817,3.6672464285714286,1.7563042857142857,1.4986612244897954,2.5787971428571423,3.376,2.9945,2.864637772762951,3.628415033975104,3.2465264033690273
51-9022.00,"Grinding and Polishing Workers, Hand",2.97600863422292,2.835607142857143,2.202755714285715,1.7548183673469389,2.7221936507936513,3.34,2.7903673469387757,2.762383924385139,3.171860558712263,2.967122241548701
51-9023.00,"Mixing and Blending Machine Setters, Operators, and Tenders",3.1623293563579273,3.594257142857143,1.7455157142857143,1.1652122448979587,2.6434431746031746,3.864,2.817572108843538,2.8965130633176353,3.7707354139306233,3.3336242386241293
51-9031.00,"Cutters and Trimmers, Hand",3.4637342229199373,3.742417857142857,1.545594285714286,2.421224489795918,3.2712739682539684,3.0620000000000003,3.261638775510204,3.0699416011250658,4.545078642380245,3.8075101217526557
51-9032.00,"Cutting and Slicing Machine Setters, Operators, and Tenders",3.1621351648351643,3.668225,1.9451257142857146,1.4028693877551013,2.714359365079365,3.746,2.860638095238095,2.9448031539769755,3.986346438367665,3.4655747961723202
51-9041.00,"Extruding, Forming, Pressing, and Compacting Machine Setters, Operators, and Tenders",3.1936315541601257,3.5503857142857145,1.9496799999999996,1.574173469387755,2.6550730158730156,3.694,2.8818904761904762,2.9333324610151754,3.9351307991603672,3.4342316300877713
51-9051.00,"Furnace, Kiln, Oven, Drier, and Kettle Operators and Tenders",3.2204065934065933,3.634035714285714,1.836534285714286,1.3981693877551016,2.658352698412698,3.217999999999999,3.0507414965986395,2.8516008427524855,3.570206283552581,3.2109035631525336
51-9061.00,"Inspectors, Testers, Sorters, Samplers, and Weighers",3.150731083202512,3.421664285714286,2.30819,1.420755102040816,2.858081904761905,3.16,2.638759863945578,2.8152800808477236,3.408037263455599,3.1116586721516613
51-9071.00,Jewelers and Precious Stone and Metal Workers,3.2405023547880685,2.9623107142857146,1.99435,1.309367346938775,3.1493853968253966,2.8339999999999996,2.57474149659864,2.6862127290685507,2.831762844449077,2.758987786758814
51-9071.06,Gem and Diamond Workers,3.308825274725275,3.268121428571429,1.862942857142857,2.0328510204081636,3.252114920634921,3.196,2.7252598639455776,2.9119276109366825,3.8395600186890224,3.3757438148128527
51-9081.00,Dental Laboratory Technicians,3.131520565149136,2.9984785714285715,2.225537142857143,1.5747918367346938,2.9369593650793653,3.4619999999999997,2.7795292517006804,2.849406060962847,3.5604067751313178,3.2049064180470825
51-9082.00,Medical Appliance Technicians,3.029410518053375,3.070814285714286,2.163005714285714,1.3470816326530612,2.7560053968253966,2.9859999999999998,2.4951421768707487,2.6509145913134486,2.674159751595381,2.6625371714544146
51-9083.00,Ophthalmic Laboratory Technicians,3.296450549450549,3.6263785714285715,1.84067,1.8558183673469384,3.1046231746031747,3.996,2.852954421768707,3.100909844322344,4.68334913534502,3.8921294898336822
51-9111.00,Packaging and Filling Machine Operators and Tenders,3.2244901098901098,3.4797214285714286,1.8357514285714287,1.2619489795918368,2.7690946031746035,3.936,2.800105442176871,2.937981778388278,3.955889593937112,3.446935686162695
51-9123.00,"Painting, Coating, and Decorating Workers",3.4668408163265307,3.674207142857143,1.6745757142857145,2.268530612244898,3.151869841269841,2.7239999999999998,2.8433843537414965,2.909555955782313,3.828970786188874,3.3692633709855935
51-9124.00,"Coating, Painting, and Spraying Machine Setters, Operators, and Tenders",3.20485431711146,3.690010714285714,1.8880971428571427,1.6729714285714286,2.6031609523809527,3.3620000000000005,2.917642176870748,2.8908570812401884,3.745481949435833,3.3181695153380106
51-9141.00,Semiconductor Processing Technicians,3.1854100470957603,3.486235714285714,1.9969142857142856,1.5472755102040816,2.9018323809523805,3.4219999999999997,2.8521863945578234,2.9026686601255887,3.7982196144293763,3.3504441372774822
51-9151.00,Photographic Process Workers and Processing Machine Operators,3.145084301412872,3.2735785714285712,1.9148485714285712,2.032285714285714,2.9932047619047615,3.0940000000000003,2.5808489795918366,2.812420920722135,3.395271363965856,3.103846142343995
51-9161.00,Computer Numerically Controlled Tool Operators,3.069973626373626,3.4012571428571428,1.9586842857142854,1.4880326530612247,2.808431746031747,3.79,2.902926530612245,2.9300600507587653,3.9205197740384587,3.425289912398612
51-9162.00,Computer Numerically Controlled Tool Programmers,3.078218681318682,3.141585714285714,2.5167385714285713,1.4097020408163266,2.9655609523809523,3.5380000000000003,2.9058435374149667,2.9139253940345373,3.8484799452091476,3.3812026696218425
51-9191.00,Adhesive Bonding Machine Operators and Tenders,3.155338618524332,3.700357142857143,1.78585,1.3907040816326535,2.6278669841269844,3.6660000000000004,2.771195918367347,2.8890692077446363,3.737499250901278,3.3132842293229574
51-9192.00,"Cleaning, Washing, and Metal Pickling Equipment Operators and Tenders",3.32422103610675,3.7466642857142856,1.9326557142857141,1.8202571428571432,2.7951466666666662,3.3299999999999996,2.947142857142857,2.963267512558869,4.068788181902578,3.5160278472307236
51-9193.00,Cooling and Freezing Equipment Operators and Tenders,3.0424025117739393,3.5342035714285718,2.038002857142857,1.3641693877551018,2.6052546031746036,3.41,2.79154693877551,2.8182283682626896,3.4212011084845937,3.1197147383736414
51-9194.00,Etchers and Engravers,3.2653598116169538,3.3529107142857146,2.023432857142857,1.7762510204081634,2.984509523809524,3.116,2.962419727891157,2.887948354395604,3.7324947388879686,3.3102215466417864
51-9195.00,"Molders, Shapers, and Casters, Except Metal and Plastic",3.3329579277864996,3.5826714285714285,1.6423985714285714,2.013755102040817,2.7543152380952387,3.6759999999999997,2.969136734693878,2.9966775667189953,4.217961146906498,3.607319356812747
51-9195.03,"Stone Cutters and Carvers, Manufacturing",3.1924720565149145,3.311089285714286,1.9391471428571427,1.6011346938775515,2.67768253968254,3.53,2.81572925170068,2.8595741537153327,3.6058064185157175,3.232690286115525
51-9195.04,"Glass Blowers, Molders, Benders, and Finishers",3.3065773940345364,3.4816642857142854,1.6319271428571427,1.448526530612245,2.6980022222222226,3.222,3.173765986394558,2.8514468506017794,3.569518722089853,3.2104827863458163
51-9195.05,"Potters, Manufacturing",3.2943788069073774,3.0766928571428567,1.7121157142857144,1.6033959183673465,2.982756825396825,2.748,2.991342857142857,2.7329268652537935,3.0403373702176175,2.8866321177357053
51-9196.00,"Paper Goods Machine Setters, Operators, and Tenders",3.235525117739404,3.56245,1.6894085714285716,1.3868734693877554,2.771953650793651,3.558,2.6861244897959193,2.8576361928309786,3.597153592938268,3.2273948928846234
51-9197.00,Tire Builders,3.2616839874411294,3.656357142857143,1.7038942857142856,1.9101142857142857,2.627638412698412,3.664,3.001639455782313,2.976298706959707,4.126971323330569,3.5516350151451377
51-9198.00,Helpers--Production Workers,3.3779205651491364,3.790964285714286,1.653975714285714,1.793408163265306,2.701957777777778,3.5699999999999994,3.0388510204081634,2.9951924351125068,4.211330164385513,3.6032612997490103
53-1041.00,Aircraft Cargo Handling Supervisors,2.848739717425432,3.2690357142857143,2.479081428571429,0.7667346938775514,2.625552380952381,3.404,2.029779591836735,2.6213477229199373,2.542146274364786,2.5817469986423616
53-1042.00,"First-Line Supervisors of Helpers, Laborers, and Material Movers, Hand",2.9766373626373626,3.2939142857142856,2.47124,0.9804734693877553,3.1033136507936505,3.2620000000000005,2.1055278911564628,2.7194803254840396,2.9802997481029188,2.849890036793479
53-1042.01,Recycling Coordinators,2.9591503924646787,3.2184428571428567,2.6007871428571425,1.1347020408163266,2.9909546031746026,2.706,1.9700176870748303,2.585533749345892,2.3822400197682754,2.4838868845570836
53-1043.00,First-Line Supervisors of Material-Moving Machine and Vehicle Operators,2.8649605965463096,3.1352857142857142,2.6417957142857142,0.8808367346938777,2.927386031746032,3.158,1.955031972789116,2.616262892203035,2.5194429506602525,2.5678529214316437
53-2011.00,"Airline Pilots, Copilots, and Flight Engineers",2.660520722135008,3.3642285714285713,2.641047142857143,0.6363918367346937,2.381772063492064,3.7,2.3687775510204085,2.684038734170591,2.8220561476781683,2.7530474409243797
53-2012.00,Commercial Pilots,2.5400547880690723,2.9935714285714288,3.163418571428571,0.5403714285714285,2.418656507936508,2.832,2.250959863945579,2.4672653882783884,1.85418214826535,2.160723768271869
53-2021.00,Air Traffic Controllers,2.8714777080062794,2.919539285714286,2.544302857142857,0.902322448979592,3.325824126984127,3.492,2.129219047619048,2.7299715558608058,3.027142172671903,2.878556864266354
53-2022.00,Airfield Operations Specialists,2.8720284144426995,3.2540535714285714,2.522504285714285,0.5711183673469389,2.7714130158730157,3.2320000000000007,2.0177421768707484,2.593047842098378,2.415789785651043,2.5044188138747105
53-2031.00,Flight Attendants,3.1255817896389324,3.442532142857143,2.1480928571428572,0.705322448979592,2.4387158730158727,3.2659999999999996,1.9490258503401363,2.5819198789900577,2.366104405215367,2.4740121421027124
53-3011.00,"Ambulance Drivers and Attendants, Except Emergency Medical Technicians",3.0845277864992147,3.4154428571428572,2.2186742857142856,0.975802040816327,2.572066666666666,2.8899999999999997,2.3433598639455777,2.6097572087912084,2.4903956441438453,2.550076426467527
53-3031.00,Driver/Sales Workers,3.28491240188383,3.5565,1.667512857142857,1.6844285714285716,2.592390793650793,3.59,2.6113190476190473,2.8599624793301928,3.607540258367578,3.2337513688488855
53-3032.00,Heavy and Tractor-Trailer Truck Drivers,3.2072733124018837,3.6366714285714288,1.892477142857143,1.0670326530612235,2.522874920634921,3.2299999999999995,2.794293197278912,2.766117908424909,3.1885324703416256,2.9773251893832673
53-3033.00,Light Truck Drivers,3.229008477237048,3.6391607142857145,1.945165714285714,1.5938530612244897,2.77401873015873,3.09,2.7075557823129253,2.8243634331501832,3.4485936357571507,3.136478534453667
53-3051.00,"Bus Drivers, School",3.2683810047095765,3.570064285714286,1.8228071428571428,1.3723102040816326,2.9036917460317464,2.884,2.7820666666666662,2.774942290162219,3.2279325617563828,3.001437425959301
53-3052.00,"Bus Drivers, Transit and Intercity",3.308981318681318,3.6628607142857144,1.7660442857142855,1.4587285714285718,2.9153536507936506,3.1580000000000004,2.5200197278911567,2.8151595974620616,3.4074993156933253,3.1113294565776934
53-3053.00,Shuttle Drivers and Chauffeurs,3.199985871271586,3.5442857142857145,1.91921,1.2086714285714284,2.883869206349206,2.9240000000000004,2.483170068027211,2.7142847718472005,2.9571020562605277,2.835693414053864
53-4011.00,Locomotive Engineers,2.9763100470957604,3.534725,2.223478571428571,0.8366653061224492,2.3088860317460322,3.2939999999999996,2.527278231292517,2.6668942842752483,2.745507680800742,2.706200982537995
53-4013.00,"Rail Yard Engineers, Dinkey Operators, and Hostlers",2.946889795918367,3.4756464285714284,2.332934285714286,1.047457142857143,2.458343492063491,2.9,2.4435755102040817,2.616707426870748,2.52142775900902,2.5690675929398843
53-4022.00,"Railroad Brake, Signal, and Switch Operators and Locomotive Firers",3.1638307692307692,3.5716964285714283,1.8657685714285712,0.9176000000000002,2.314432063492064,3.252,2.7189129251700686,2.6940676851125067,2.8668345350676105,2.7804511100900586
53-4031.00,Railroad Conductors and Yardmasters,3.103181161695447,3.5492357142857145,2.035868571428572,1.1440408163265308,2.510679682539682,3.0340000000000003,2.610109523809524,2.690771851125066,2.8521189250386385,2.771445388081852
53-4041.00,Subway and Streetcar Operators,3.143086656200942,3.704764285714286,1.767192857142857,1.2023183673469382,2.498984761904762,3.6,2.339914285714286,2.7699636208791207,3.205703239553724,2.9878334302164227
53-5011.00,Sailors and Marine Oilers,2.9975642072213486,3.3340571428571426,2.159197142857143,1.4000918367346933,2.1923285714285714,3.122,2.5829306122448985,2.6463609780219777,2.6538282671591578,2.6500946225905677
53-5021.00,"Captains, Mates, and Pilots of Water Vessels",2.7753227629513337,3.2290607142857137,2.2686842857142855,0.8237979591836737,2.3532666666666664,3.052,2.3232272108843537,2.521779827708006,2.097584344690045,2.3096820861990253
53-5022.00,Motorboat Operators,3.0445540031397167,3.545807142857143,1.7948814285714285,1.0015714285714288,2.662423809523809,3.002,2.399126530612245,2.6278320086342224,2.5710980420361746,2.5994650253351983
53-5031.00,Ship Engineers,2.761265934065935,3.275721428571429,2.2854514285714282,0.9792632653061224,2.3726466666666663,3.074,2.5729149659863944,2.5886538186813186,2.396170856023515,2.492412337352417
53-6011.00,Bridge and Lock Tenders,3.2989982731554153,3.6664714285714286,1.808477142857143,1.3743673469387754,3.0215177777777775,2.876,2.770455102040817,2.8071008362114074,3.371517652680833,3.0893092444461203
53-6021.00,Parking Attendants,3.4091816326530617,3.745835714285714,1.55017,1.8698387755102042,2.9794498412698416,2.954,2.6355401360544217,2.848301976190476,3.5554771333438246,3.2018895547671504
53-6031.00,Automotive and Watercraft Service Attendants,3.1950378335949763,3.5457214285714285,1.8989457142857145,1.0895551020408165,2.496746031746031,2.98,2.445406802721088,2.6472868961276816,2.6579624103879205,2.652624653257801
53-6041.00,Traffic Technicians,3.1155222919937207,3.2357714285714287,2.4505728571428564,1.6467040816326528,3.076349841269842,3.1659999999999995,2.6558285714285716,2.855448513867085,3.587385798011727,3.221417155939406
53-6051.00,Transportation Inspectors,3.0222918367346936,3.2606964285714284,2.6830542857142854,1.1254306122448985,2.801219047619048,2.638,2.624978231292517,2.664826321428571,2.7362744078500807,2.7005503646393256
53-6051.01,Aviation Inspectors,2.7672838304552583,2.981442857142857,2.8883999999999994,0.5838877551020403,2.5844066666666667,3.1480000000000006,2.238489115646259,2.5625721459968602,2.2797184723202335,2.421145309158547
53-6051.07,"Transportation Vehicle, Equipment and Systems Inspectors, Except Aviation",3.259887284144426,3.6666714285714286,1.6501214285714287,1.0704938775510207,2.6419168253968253,3.0580000000000003,2.84092380952381,2.7450714327577184,3.0945618002220705,2.9198166164898947
53-6061.00,Passenger Attendants,3.458582260596546,3.7000035714285717,1.3556042857142858,2.191828571428571,3.182011428571429,2.298,2.7377666666666665,2.7760978748037672,3.233092145948211,3.004595010375989
53-7011.00,Conveyor Operators and Tenders,3.1081621664050223,3.4820714285714285,1.858277142857143,1.3821142857142852,2.6316647619047617,3.444,2.8261666666666665,2.820048896389325,3.4293296070862915,3.1246892517378084
53-7021.00,Crane and Tower Operators,3.076189795918367,3.509314285714286,1.8675042857142858,1.0077551020408158,2.411311428571428,3.254,2.784139455782313,2.7054691836734692,2.9177412273368066,2.811605205505138
53-7031.00,Dredge Operators,3.313774882260597,3.7240357142857143,1.436177142857143,1.7396877551020409,2.5945453968253966,2.9139999999999997,3.0085448979591836,2.796521623495552,3.324282394675331,3.0604020090854416
53-7041.00,Hoist and Winch Operators,3.081566875981162,3.6385750000000003,1.8093914285714283,0.7730102040816336,2.272703492063492,3.9159999999999995,2.6242204081632656,2.784000029696494,3.2683745752917446,3.0261873024941193
53-7051.00,Industrial Truck and Tractor Operators,3.119913657770801,3.622478571428571,1.9349128571428573,0.9892857142857148,2.5447539682539686,3.4560000000000004,2.7719149659863946,2.7924790316588175,3.306232576267494,3.049355803963156
53-7061.00,Cleaners of Vehicles and Equipment,3.3202651491365778,3.7394107142857145,1.7225642857142855,1.7166612244897954,2.617461587301588,3.0699999999999994,2.86311768707483,2.8389608216902147,3.513769696813334,3.1763652592517744
53-7062.00,"Laborers and Freight, Stock, and Material Movers, Hand",3.433259340659341,3.724582142857143,1.4864057142857143,1.4945714285714287,2.4828355555555555,3.4099999999999993,2.8327959183673466,2.8511186579016217,3.568053370434315,3.2095860141679684
53-7062.04,Recycling and Reclamation Workers,3.247677551020408,3.663792857142857,1.620734285714286,1.9615163265306124,2.5377012698412704,3.068,2.813165986394558,2.8111757108843536,3.389711611124282,3.100443661004318
53-7063.00,Machine Feeders and Offbearers,3.42833453689168,3.7789678571428573,1.5324585714285717,2.1042857142857136,2.9173117460317464,3.5140000000000002,3.042255102040816,3.041504814887494,4.418110882977331,3.7298078489324125
53-7064.00,"Packers and Packagers, Hand",3.3571910518053376,3.7542642857142856,1.9465885714285716,1.7607428571428572,2.939429206349207,3.4259999999999997,2.81211768707483,2.985383477498692,4.167534027933964,3.576458752716328
53-7065.00,Stockers and Order Fillers,3.369982103610675,3.6043714285714286,1.7824014285714285,1.9893877551020407,3.2147933333333327,2.806,2.5880761904761904,2.854962376766091,3.58521523844286,3.2200888076044754
53-7071.00,Gas Compressor and Gas Pumping Station Operators,2.987874725274725,3.379,2.5009942857142855,0.9181244897959191,2.3831955555555555,3.2739999999999996,2.689636054421769,2.712667827838828,2.9498825429122935,2.831275185375561
53-7072.00,"Pump Operators, Except Wellhead Pumpers",3.0009083202511775,3.364275,2.218988571428571,1.173526530612245,2.4838,3.152,2.794479591836735,2.7161709470172686,2.9655236631602744,2.8408473050887713
53-7073.00,Wellhead Pumpers,3.1248717425431707,3.504242857142857,2.358552857142857,1.3279897959183677,2.4624841269841267,2.8259999999999996,2.7602782312925167,2.711635809000523,2.9452746692072083,2.8284552391038655
53-7081.00,Refuse and Recyclable Material Collectors,3.478014128728414,3.8550500000000003,1.2844485714285714,1.9963448979591836,2.6072174603174596,3.316,3.1065632653061224,2.948306075091575,4.001986674277946,3.47514637468476
53-7121.00,"Tank Car, Truck, and Ship Loaders",2.989743485086343,3.3530821428571427,2.4485,0.8403428571428568,2.105280634920634,3.63,2.5208591836734695,2.700229102694924,2.8943447248144256,2.7972869137546748
