O*NET-SOC Code,Title,cognitive_complexity_avg,creativity_avg,data_structure_avg,decision_accountability_avg,physical_requirements_avg,routine_structure_avg,social_interactions_avg,weighted_average_Gemini_v1_non_overlap
11-1011.00,Chief Executives,2.467089655172414,2.8227971428571426,2.8178975155279504,0.7063257142857147,3.5836326530612244,3.1,1.5626124542124535,2.537842108776852
11-1011.03,Chief Sustainability Officers,2.7052128078817734,2.781951428571429,2.449029813664596,1.4605471428571426,3.591118979591837,2.4657142857142857,1.9417479853479844,2.5371052330039845
11-1021.00,General and Operations Managers,2.8938029556650244,3.205302857142857,2.3397819875776396,1.144005714285715,3.4947534693877547,2.9600000000000004,2.0674058608058608,2.68956854163656
11-2011.00,Advertising and Promotions Managers,2.8283078817733993,2.9388514285714287,2.061209937888199,1.7276342857142857,3.6228277551020405,2.8928571428571432,2.2833428571428565,2.708455339320136
11-2021.00,Marketing Managers,2.785777339901478,2.9011714285714283,2.181750310559006,1.506147142857143,3.6554038775510205,2.942857142857143,2.0823769230769225,2.671070609278171
11-2022.00,Sales Managers,2.8204935960591135,3.0148314285714286,2.3190602484472045,1.515358571428572,3.6575783673469386,2.667142857142857,1.6932377289377292,2.594791621553431
11-2033.00,Fundraising Managers,2.932133990147783,3.084302857142857,2.0764894409937886,1.5734242857142862,3.716308775510204,2.96,2.279835897435897,2.7588786007063186
11-3012.00,Administrative Services Managers,2.8943955665024634,3.2644685714285715,2.331783229813665,1.6173742857142854,3.4690318367346933,2.867142857142857,2.2227893772893768,2.745947125774632
11-3013.00,Facilities Managers,2.8917320197044334,2.92442,2.4461795031055904,1.2882728571428572,3.1413275510204084,2.9185714285714286,2.1925271062271063,2.6296605232819226
11-3013.01,Security Managers,2.6446995073891624,2.851371428571429,2.605004968944099,1.2917142857142858,3.2341020408163264,3.008571428571429,1.8648025641025638,2.5806325423120464
11-3021.00,Computer and Information Systems Managers,2.7435492610837438,2.9974914285714283,2.6936509316770185,1.2252099999999997,3.645150816326531,3.198571428571429,2.2324413919413924,2.7743953135704515
11-3031.00,Financial Managers,2.7474428571428575,3.368174285714286,2.2146260869565215,1.3845714285714288,3.7208177551020407,3.3171428571428576,2.219091575091575,2.8316772939389807
11-3031.01,Treasurers and Controllers,2.5985517241379315,3.186994285714286,2.5623472049689435,1.300852857142857,3.7655306122448984,3.2399999999999998,2.157069230769231,2.790541884141132
11-3031.03,Investment Fund Managers,2.7055147783251234,3.1041971428571427,2.3768844720496896,1.4025414285714284,3.753411020408163,3.0614285714285714,2.468111721611722,2.794913503828149
11-3051.00,Industrial Production Managers,2.7115645320197044,2.993414285714286,2.4979813664596273,1.1892000000000005,3.151667142857143,3.147142857142857,2.302229304029304,2.6719779977676
11-3051.01,Quality Control Systems Managers,2.65958472906404,3.104202857142857,2.809793788819876,1.2904614285714282,3.4334810204081636,3.1042857142857145,2.147641025641025,2.7326191094346863
11-3051.02,Geothermal Production Managers,2.6973517241379312,3.01706,2.654510559006211,1.016254285714285,3.0585918367346947,3.2885714285714287,2.139563003663003,2.6616757548666796
11-3051.03,Biofuels Production Managers,2.8039812807881774,3.112414285714286,2.413593788819876,1.1032314285714286,2.9711140816326522,3.4114285714285715,2.2160289377289377,2.699499023904453
11-3051.04,Biomass Power Plant Managers,2.7163793103448284,3.1156742857142854,2.5900739130434784,1.0826399999999992,2.9318757142857135,3.3899999999999997,2.2764575091575097,2.7013294142296984
11-3051.06,Hydroelectric Production Managers,2.644722660098522,3.009105714285714,2.556353416149068,1.0114685714285714,3.004837959183673,3.1614285714285715,2.163702197802198,2.6124231927489947
11-3061.00,Purchasing Managers,2.8052157635467982,2.9516,2.379242857142857,1.6060400000000001,3.646907346938775,3.1571428571428575,1.9915194139194141,2.7392432358036056
11-3071.00,"Transportation, Storage, and Distribution Managers",2.857320197044335,3.126145714285714,2.368293788819875,1.4253242857142858,3.360128775510204,3.1314285714285717,2.143991575091575,2.728785461028905
11-3071.04,Supply Chain Managers,2.756181280788178,3.067371428571428,2.4077708074534168,1.4742614285714288,3.540976734693878,3.052857142857143,2.0037498168498167,2.704016541309408
11-3111.00,Compensation and Benefits Managers,2.9159453201970447,3.271588571428571,2.2474347826086953,1.5993142857142857,3.773008163265306,3.0542857142857143,2.2291564102564103,2.8239868194615405
11-3121.00,Human Resources Managers,2.663249753694581,2.988377142857143,2.449239130434783,1.358994285714286,3.659421428571429,2.9642857142857144,1.6669780219780206,2.6203844365372255
11-3131.00,Training and Development Managers,2.698224630541872,2.8654428571428574,2.4046633540372673,1.7911657142857145,3.717044081632653,2.585714285714286,1.9460190476190475,2.62073535651562
11-9013.00,"Farmers, Ranchers, and Other Agricultural Managers",2.7572463054187186,3.0343885714285714,2.2220254658385095,1.3691071428571426,2.870420204081632,2.892857142857143,2.4318252747252744,2.601766742789123
11-9021.00,Construction Managers,2.538482266009852,2.99302,2.6351981366459625,1.3355699999999997,2.9755163265306117,3.19,1.9938402930402934,2.6102056465017096
11-9031.00,"Education and Childcare Administrators, Preschool and Daycare",2.806514285714286,3.146502857142857,2.1662186335403733,1.1741199999999994,3.5461151020408157,2.954285714285714,1.9495029304029305,2.6421862825063136
11-9032.00,"Education Administrators, Kindergarten through Secondary",2.454965024630542,2.8143485714285714,2.603798136645963,1.2781242857142856,3.5620712244897956,2.1542857142857144,1.4543769230769228,2.361913646637043
11-9033.00,"Education Administrators, Postsecondary",2.6534571428571434,2.9337628571428573,2.37576149068323,1.2987028571428576,3.6973210204081637,2.687142857142857,2.0056846153846166,2.598408851580097
11-9041.00,Architectural and Engineering Managers,2.5361334975369463,2.34312,2.5339807453416143,1.436044285714285,3.522071836734694,2.867142857142857,2.081561538461539,2.542864105444138
11-9041.01,Biofuels/Biodiesel Technology and Product Development Managers,2.690243842364532,2.736877142857143,2.5929310559006207,1.4084357142857145,3.2838887755102038,2.912857142857143,2.4053597069597075,2.6501635257438
11-9051.00,Food Service Managers,3.0487423645320195,3.3910485714285716,2.119976397515528,1.4418542857142862,3.3472165306122443,2.9171428571428573,2.20799304029304,2.738861715781434
11-9071.00,Gambling Managers,2.8790610837438426,3.4231028571428572,2.169457763975155,1.3221557142857145,3.51245612244898,3.1685714285714286,2.090702197802197,2.7686739727110545
11-9072.00,"Entertainment and Recreation Managers, Except Gambling",2.9382330049261087,3.070665714285714,2.108195652173913,1.4105214285714283,3.349014489795919,2.4685714285714284,2.022416483516484,2.5526354476674538
11-9081.00,Lodging Managers,2.8574832512315274,3.094365714285714,2.221275155279503,1.1825471428571426,3.5769487755102043,3.3314285714285705,1.8275091575091578,2.710113978879869
11-9111.00,Medical and Health Services Managers,2.7002123152709365,3.088914285714286,2.697445962732919,1.5517271428571435,3.6196616326530613,3.2899999999999996,1.7743699633699634,2.7603910401102434
11-9121.00,Natural Sciences Managers,2.503725615763547,2.88932,2.6559428571428576,1.3384942857142859,3.5079922448979586,2.7985714285714285,2.1593970695970697,2.6182232395387866
11-9121.01,Clinical Research Coordinators,2.7486748768472906,3.3917085714285715,2.2844900621118005,1.8749342857142852,3.5875267346938777,2.935714285714286,2.4707227106227108,2.8328802259643338
11-9121.02,Water Resource Specialists,2.656014778325123,2.8670428571428572,2.51668198757764,1.5680428571428564,3.5016912244897958,2.5585714285714283,2.316660073260073,2.6213981101690127
11-9131.00,Postmasters and Mail Superintendents,2.9537773399014777,3.3318085714285717,2.299983229813665,1.3926057142857138,3.4743442857142863,3.4042857142857144,1.9286824175824182,2.803407929461094
11-9141.00,"Property, Real Estate, and Community Association Managers",2.9893591133004933,3.4089285714285715,2.0916099378881983,1.5826985714285713,3.5766891836734693,2.7985714285714285,2.1097732600732595,2.7398576559173318
11-9151.00,Social and Community Service Managers,2.7505512315270937,3.061317142857143,2.2805248447204964,1.342917142857142,3.616530612244898,2.744285714285714,1.960346153846154,2.6195131126862
11-9161.00,Emergency Management Directors,2.598267980295567,2.885637142857143,2.5648204968944097,1.435854285714286,3.386603673469387,2.6185714285714288,1.7862919413919411,2.5223018746772614
11-9171.00,Funeral Home Managers,3.0125275862068963,3.163417142857143,2.3405068322981366,1.2965185714285719,3.1114299999999995,3.132857142857143,1.8754234432234438,2.6646936947872213
11-9179.01,Fitness and Wellness Coordinators,2.897668472906404,3.05422,2.010980745341614,1.8388742857142861,3.415895306122449,2.5414285714285714,2.120213919413919,2.6164708721577203
11-9179.02,Spa Managers,2.9256812807881776,3.157768571428571,2.378693167701864,1.455441428571428,3.5711730612244894,2.81,2.035034432234432,2.69886206147868
11-9199.01,Regulatory Affairs Managers,2.8271768472906404,3.2509428571428574,2.450833540372671,1.6835200000000001,3.7596473469387757,2.912857142857143,2.2691805860805854,2.8120489282266248
11-9199.02,Compliance Managers,2.8311413793103446,3.2883685714285713,2.4542732919254657,1.348692857142857,3.5582381632653064,3.0614285714285714,2.1021307692307687,2.7595641616777953
11-9199.08,Loss Prevention Managers,2.8268822660098523,3.144148571428571,2.3974999999999995,1.323594285714286,3.4076393877551014,2.852857142857143,2.0121981684981685,2.651311116196611
11-9199.09,Wind Energy Operations Managers,2.747237438423645,2.8289999999999997,2.5403546583850933,1.036067142857143,2.7890567346938777,3.021428571428572,2.0189318681318684,2.5195618005973466
11-9199.10,Wind Energy Development Managers,2.7875305418719214,3.237562857142857,2.3912037267080746,1.6953200000000002,3.5761404081632655,2.4857142857142853,2.255410256410256,2.6842918393519097
11-9199.11,Brownfield Redevelopment Specialists and Site Managers,2.628907389162562,3.0900342857142857,2.4772695652173913,1.7125085714285708,3.4793665306122445,2.5885714285714285,2.296266666666666,2.660878330202246
13-1011.00,"Agents and Business Managers of Artists, Performers, and Athletes",3.0321517241379317,3.1224028571428573,1.7162850931677018,1.8052871428571429,3.769071224489796,2.9442857142857144,2.4054329670329677,2.7903731823801605
13-1021.00,"Buyers and Purchasing Agents, Farm Products",3.0888586206896553,3.2976628571428575,2.1487173913043476,1.4126585714285715,3.5117677551020403,3.204285714285714,2.382311721611722,2.839084882312376
13-1022.00,"Wholesale and Retail Buyers, Except Farm Products",3.018694581280788,3.389605714285714,2.104695652173913,1.6262371428571427,3.5776238775510203,3.1457142857142855,2.4354809523809524,2.865446905470734
13-1023.00,"Purchasing Agents, Except Wholesale, Retail, and Farm Products",2.8373256157635462,3.2721742857142857,2.457680745341615,1.6692228571428571,3.6583281632653057,3.244285714285714,2.1507366300366297,2.849332207322555
13-1031.00,"Claims Adjusters, Examiners, and Investigators",2.840824137931034,3.5422457142857144,2.2665813664596275,1.7242671428571428,3.6321336734693874,3.54,2.3685014652014647,2.964640599564817
13-1032.00,"Insurance Appraisers, Auto Damage",3.1011389162561582,3.557174285714286,2.18718447204969,1.8429085714285716,3.2690463265306127,3.447142857142857,2.463774725274726,2.9511080138427648
13-1041.00,Compliance Officers,3.0522650246305414,3.50924,2.1721329192546586,2.0560199999999997,3.255103061224489,3.205714285714286,2.396205860805861,2.8958802410674567
13-1041.01,Environmental Compliance Inspectors,2.6479714285714286,3.404982857142857,2.299594409937888,2.1461514285714287,3.213903265306122,2.557142857142857,2.4204369963369965,2.7090973373831133
13-1041.03,Equal Opportunity Representatives and Officers,2.7410852216748776,3.332382857142857,2.3291968944099377,1.8050557142857144,3.689552857142857,2.7942857142857145,2.219920512820513,2.769723621043874
13-1041.04,Government Property Inspectors and Investigators,2.7071911330049265,3.3547085714285716,2.391685714285714,1.6173028571428576,3.250547142857143,2.9657142857142853,2.2815802197802197,2.7331457743463434
13-1041.06,Coroners,2.714697536945813,3.2532142857142854,2.354931055900621,1.3243414285714286,2.84475306122449,2.9142857142857146,1.9639520146520146,2.5672769260848387
13-1041.07,Regulatory Affairs Specialists,2.800520197044335,3.4013028571428574,2.255155279503106,1.9734442857142858,3.737602448979592,2.8785714285714286,2.3441978021978014,2.8411177380407127
13-1041.08,Customs Brokers,2.9603270935960597,3.4279,2.197852173913043,1.8982285714285716,3.688397959183674,3.7428571428571433,2.3476908424908434,3.021826887396177
13-1051.00,Cost Estimators,2.7760911330049263,3.2460714285714287,2.370892546583851,1.9613742857142857,3.718447755102041,2.8385714285714285,2.5648556776556775,2.8467608680942105
13-1071.00,Human Resources Specialists,3.0191463054187193,3.4382685714285715,2.005742236024845,1.5854342857142854,3.668724693877551,3.201428571428571,2.2142479853479853,2.8504614998705513
13-1074.00,Farm Labor Contractors,3.455808866995074,3.8385714285714285,1.5857577639751554,1.5532514285714294,3.246863469387755,3.37,2.8165043956043956,2.9915631433384564
13-1075.00,Labor Relations Specialists,2.86173842364532,3.175045714285714,2.021577639751553,1.7244071428571432,3.6864069387755105,2.5057142857142862,2.1822498168498172,2.6615574694371813
13-1081.00,Logisticians,2.7596379310344825,3.1213971428571425,2.372747204968944,1.6926485714285717,3.5154042857142853,3.1614285714285715,2.138101831501831,2.7690064705916275
13-1081.01,Logistics Engineers,2.52606157635468,2.6550657142857146,2.616549068322982,1.585552857142857,3.4327977551020403,2.871428571428571,2.329195238095238,2.6359639494079494
13-1081.02,Logistics Analysts,2.7980133004926113,3.14404,2.368270186335404,1.8470171428571431,3.5300679591836737,3.317142857142857,2.425433333333333,2.8695904932992686
13-1111.00,Management Analysts,2.7443236453201973,2.89806,2.509201242236025,1.4319514285714283,3.651723673469388,2.871428571428571,2.0048230769230773,2.663240540723359
13-1121.00,"Meeting, Convention, and Event Planners",2.8367123152709364,2.927082857142857,2.3080913043478266,1.5245599999999997,3.38615306122449,3.1942857142857144,1.9679450549450541,2.689806266579426
13-1131.00,Fundraisers,2.930783251231527,2.954942857142857,2.096965838509317,1.6622999999999997,3.6788242857142857,2.73,2.0024893772893777,2.6569825495576387
13-1141.00,"Compensation, Benefits, and Job Analysis Specialists",2.9677778325123154,3.3543771428571425,2.1594931677018634,1.9183214285714287,3.719647959183673,3.0628571428571427,2.5193747252747247,2.904529537172936
13-1151.00,Training and Development Specialists,2.836010837438424,2.9764028571428573,2.1894745341614907,1.831508571428572,3.6467724489795916,2.457142857142857,2.0651934065934063,2.6221838145107195
13-1161.00,Market Research Analysts and Marketing Specialists,2.701859113300492,2.9546685714285714,2.4065105590062115,1.7672871428571435,3.749062653061224,2.9185714285714286,2.336709523809524,2.7624390351405927
13-1161.01,Search Marketing Strategists,2.8613472906403943,2.8841457142857148,2.250386335403727,1.8856885714285716,3.793795918367347,2.7642857142857147,2.6123824175824173,2.789215334671754
13-1199.04,Business Continuity Planners,2.6283354679802957,3.025528571428571,2.4154490683229812,1.755767142857143,3.750042040816326,2.5485714285714285,2.3673135531135525,2.69251885183311
13-1199.05,Sustainability Specialists,2.878057142857143,3.036148571428572,2.3197422360248443,1.913284285714285,3.632431224489796,2.4614285714285713,2.263237362637362,2.6870695116715586
13-1199.06,Online Merchants,3.146956157635468,3.3510742857142857,2.1563024844720493,1.7169285714285714,3.661957959183674,3.115714285714286,2.6312018315018313,2.929144497838208
13-1199.07,Security Management Specialists,2.7473576354679805,2.731945714285714,2.56115900621118,1.4527657142857135,3.3423700000000007,2.6585714285714284,2.0386893772893777,2.562161166820436
13-2011.00,Accountants and Auditors,2.8326906403940884,3.393382857142857,2.3299279503105588,1.69767,3.714471632653061,3.2671428571428573,2.391764102564103,2.906034751372744
13-2022.00,Appraisers of Personal and Business Property,2.943185221674877,3.4896085714285716,2.4134670807453413,1.7713657142857144,3.4703787755102047,2.892857142857143,2.681238095238095,2.8847163076522966
13-2023.00,Appraisers and Assessors of Real Estate,3.1066798029556657,3.58918,2.1821888198757757,2.1994257142857143,3.4534234693877552,3.0471428571428567,2.8264421245421247,2.9939488343775524
13-2031.00,Budget Analysts,2.8909566502463058,3.4002742857142856,2.154946583850931,1.4714228571428571,3.7216557142857143,3.281428571428571,2.7129347985348,2.927795875702259
13-2041.00,Credit Analysts,2.9210497536945814,3.5716771428571428,2.063667701863354,2.2231071428571427,3.755564897959183,3.2071428571428564,2.8063824175824172,3.0283071877146197
13-2052.00,Personal Financial Advisors,2.8118142857142865,3.3216114285714284,2.29207453416149,1.6668914285714287,3.8052879591836732,2.9071428571428575,2.419102564102564,2.8309976033376563
13-2053.00,Insurance Underwriters,3.053637438423645,3.513362857142857,2.065295031055901,1.945427142857143,3.736715102040817,3.281428571428571,2.6079483516483513,2.994107494065369
13-2061.00,Financial Examiners,2.6470591133004926,3.4961257142857143,2.359316770186335,1.925585714285714,3.7370467346938776,2.7157142857142853,2.3219582417582414,2.8019615761958105
13-2071.00,Credit Counselors,2.976133497536946,3.368445714285714,1.90049751552795,2.038774285714285,3.741307142857143,3.262857142857143,2.5213527472527466,2.937584473985534
13-2072.00,Loan Officers,3.0262561576354683,3.518777142857143,2.0953180124223603,1.5538442857142853,3.6369587755102044,3.3242857142857143,2.365885714285714,2.9119550412140867
13-2081.00,"Tax Examiners and Collectors, and Revenue Agents",2.9161285714285716,3.577928571428571,2.0945403726708074,1.9363399999999995,3.689657755102041,3.2085714285714286,2.4523619047619043,2.9402138433895297
13-2082.00,Tax Preparers,3.0409014778325125,3.5215714285714284,2.074298757763975,2.2030342857142853,3.754454693877551,3.372857142857143,2.740869963369963,3.0609743674669727
13-2099.01,Financial Quantitative Analysts,2.6864995073891627,2.9947314285714293,2.260325465838509,1.8309600000000001,3.793133673469388,3.1271428571428572,2.6454769230769237,2.852533347888458
13-2099.04,"Fraud Examiners, Investigators and Analysts",2.79016354679803,3.323897142857143,2.3291962732919256,1.5030742857142863,3.564895510204081,3.2257142857142855,2.234097069597069,2.815327903461927
15-1211.00,Computer Systems Analysts,2.7772477832512314,2.956814285714286,2.4823422360248446,1.7034942857142852,3.58929,3.3928571428571432,2.6534457875457873,2.893674759222037
15-1211.01,Health Informatics Specialists,2.6139532019704435,2.5264828571428573,2.6040304347826084,1.5990899999999995,3.6374542857142855,3.0185714285714282,2.153534065934066,2.6637399908067945
15-1212.00,Information Security Analysts,2.8406354679802956,3.1387171428571428,2.4344776397515524,1.9144885714285715,3.5677059183673467,2.8971428571428572,2.6805238095238098,2.8484625433558732
15-1221.00,Computer and Information Research Scientists,2.5778221674876844,2.390765714285714,2.713313043478261,1.7687842857142861,3.6726626530612245,2.8000000000000003,2.53881978021978,2.6852202801774148
15-1231.00,Computer Network Support Specialists,2.969329556650247,3.1686685714285714,2.141927950310559,1.8600842857142852,3.410217959183673,3.197142857142857,2.673219413919414,2.8728451202083423
15-1232.00,Computer User Support Specialists,2.9792783251231527,3.205665714285714,2.2749534161490685,1.5553114285714287,3.4812100000000004,3.0528571428571425,2.6122915750915743,2.835364755218544
15-1241.00,Computer Network Architects,2.719875862068965,2.8899657142857142,2.5869720496894413,1.7969999999999997,3.474192653061224,3.042857142857143,2.579589743589743,2.7965122294912197
15-1241.01,Telecommunications Engineering Specialists,2.9159147783251234,2.8859114285714282,2.3845981366459625,1.7940442857142864,3.360986122448979,2.8514285714285714,2.4668300366300366,2.7325963114180745
15-1242.00,Database Administrators,2.8130773399014783,3.0845457142857144,2.3793782608695646,1.6184399999999997,3.6753061224489794,3.03,2.7410201465201456,2.852874224560404
15-1243.00,Database Architects,2.8389014778325126,2.788751428571429,2.533614906832298,1.7648157142857137,3.744967551020408,3.0614285714285714,2.5865868131868126,2.83600986698919
15-1243.01,Data Warehousing Specialists,2.9351881773399016,3.009594285714286,2.33581801242236,2.1972500000000004,3.7514181632653063,2.942857142857143,2.7858948717948713,2.9141925545308194
15-1244.00,Network and Computer Systems Administrators,2.772366502463054,2.9519285714285717,2.3943776397515526,2.0109914285714283,3.4295865306122444,3.0314285714285716,2.787831135531135,2.8380795321232632
15-1251.00,Computer Programmers,2.9558665024630546,2.9158142857142857,2.5220795031055903,2.3257214285714287,3.715212448979592,3.0942857142857143,2.8166930402930404,2.9641751776423404
15-1252.00,Software Developers,2.920871428571429,2.7726314285714286,2.258306832298137,1.9930342857142858,3.773212244897959,2.9142857142857146,3.0015186813186814,2.87822632216231
15-1253.00,Software Quality Assurance Analysts and Testers,2.837284236453202,3.114942857142857,2.462626708074535,2.04863,3.6924202040816327,3.325714285714286,2.6791970695970693,2.964845183041525
15-1254.00,Web Developers,2.885675862068966,2.872171428571429,2.2603739130434777,1.9193100000000003,3.695909795918367,3.3328571428571427,2.774413553113553,2.918765415826624
15-1255.01,Video Game Designers,2.8663482758620686,2.3243742857142857,2.1985229813664597,2.008722857142857,3.6998281632653063,3.1285714285714286,2.6867091575091573,2.78302785191784
15-1299.01,Web Administrators,2.8921694581280795,2.941445714285714,2.3002919254658387,1.8772942857142856,3.6726375510204083,3.135714285714286,2.5989032967032974,2.8606748812814944
15-1299.02,Geographic Information Systems Technologists and Technicians,2.9331211822660097,3.150022857142857,2.282406832298137,2.055884285714286,3.6020993877551026,3.3471428571428574,2.704044688644689,2.9616509006011125
15-1299.03,Document Management Specialists,2.9439940886699505,3.34712,2.2506677018633536,2.07287,3.6711785714285714,3.0371428571428574,2.5259476190476198,2.913018383486828
15-1299.05,Information Security Engineers,2.874852216748769,3.0657085714285714,2.5105795031055904,1.8321028571428566,3.6695812244897956,3.191428571428571,2.4965080586080584,2.888551461001838
15-1299.08,Computer Systems Engineers/Architects,2.744928571428572,2.805414285714286,2.5252577639751554,1.6902999999999997,3.5017708163265304,3.2642857142857147,2.5969326007326012,2.8217698603849573
15-1299.09,Information Technology Project Managers,2.6728211822660097,2.8983428571428567,2.729211801242236,1.4663957142857145,3.6396867346938775,3.134285714285714,1.9179732600732597,2.7157414995363385
15-2011.00,Actuaries,2.564426108374384,3.2300657142857143,2.4503155279503104,1.8786714285714288,3.7780699999999996,2.892857142857143,2.539520879120879,2.8282825294907488
15-2021.00,Mathematicians,2.3355226600985217,2.544588571428571,2.079550931677019,2.135964285714286,3.7861771428571425,2.6271428571428572,2.77157326007326,2.662659338336326
15-2031.00,Operations Research Analysts,2.5364768472906407,2.8260514285714287,2.465729813664596,1.8590799999999996,3.7386808163265304,2.6900000000000004,2.5885256410256408,2.723941191348596
15-2041.00,Statisticians,2.5084270935960595,3.022762857142857,2.4566521739130427,1.8863028571428568,3.7536695918367347,2.7814285714285716,2.5646725274725273,2.768011027898531
15-2041.01,Biostatisticians,2.4232985221674883,3.0726685714285713,2.1390708074534155,1.958052857142857,3.7644583673469385,2.777142857142857,2.538486080586081,2.7349776691175607
15-2051.01,Business Intelligence Analysts,2.8062320197044337,3.1234514285714288,2.248700621118012,2.0066028571428567,3.7952418367346934,2.955714285714286,2.6630608058608063,2.874871118599648
15-2051.02,Clinical Data Managers,2.734687684729064,3.2592142857142856,2.3898726708074536,2.1422428571428567,3.7618914285714284,3.1571428571428575,2.5410336996337,2.929164189020874
15-2099.01,Bioinformatics Technicians,2.768132512315271,2.8752714285714283,2.475167701863354,2.0072771428571428,3.6656332653061225,3.0142857142857147,2.8521076923076927,2.8752733621042696
17-1011.00,"Architects, Except Landscape and Naval",2.495830049261084,2.1144,2.4599012422360245,1.6699285714285717,3.440483673469388,3.011428571428571,2.182625274725275,2.550269545270536
17-1012.00,Landscape Architects,2.7461788177339903,2.2064999999999997,2.2342677018633537,1.8929642857142857,3.5421632653061224,2.6785714285714284,2.3265652014652005,2.5716485771478466
17-1021.00,Cartographers and Photogrammetrists,2.9036778325123156,3.080154285714286,2.201345962732919,2.039968571428571,3.4990114285714293,3.1799999999999997,2.645231868131867,2.879342765655634
17-1022.00,Surveyors,2.6524403940886705,3.0684200000000006,2.3825086956521737,1.5130914285714283,3.0126791836734688,3.2985714285714285,2.3179391941391936,2.7069961139218464
17-1022.01,Geodetic Surveyors,2.5478330049261086,3.1000199999999998,2.493878260869565,1.926195714285714,3.187009387755102,2.9285714285714284,2.63852271062271,2.7487294487254017
17-2011.00,Aerospace Engineers,2.472302955665025,2.2767114285714287,2.676014906832298,1.8220742857142858,3.515642857142857,2.52,2.5121307692307684,2.57032712084617
17-2021.00,Agricultural Engineers,2.558328078817735,2.3277685714285714,2.783326708074534,1.602607142857143,3.177188979591836,2.7642857142857147,2.482023076923077,2.5732468339644936
17-2031.00,Bioengineers and Biomedical Engineers,2.4343285714285714,2.277628571428571,2.72933850931677,1.733072857142857,3.4705891836734697,2.8885714285714283,2.4926219780219783,2.625230668043137
17-2041.00,Chemical Engineers,2.4769866995073886,2.6027914285714284,2.627580745341615,1.4682828571428574,3.3784730612244895,2.712857142857143,2.5601846153846153,2.604923159523064
17-2051.00,Civil Engineers,2.4381354679802962,2.5204771428571435,2.493163354037267,1.6123714285714286,3.4315602040816318,2.9528571428571433,2.2998736263736266,2.604631873026203
17-2051.01,Transportation Engineers,2.5084192118226603,2.562074285714286,2.5057478260869566,1.5362142857142862,3.483243673469387,2.85,2.198084981684981,2.586969534083821
17-2051.02,Water/Wastewater Engineers,2.4705995073891636,2.4268600000000005,2.5216708074534164,1.7352428571428566,3.4780838775510206,2.7085714285714286,2.2962197802197797,2.5681701269479076
17-2061.00,Computer Hardware Engineers,2.660579310344828,2.3394857142857144,2.636591304347826,1.8282399999999996,3.5923999999999996,3.0742857142857143,2.573001098901099,2.736160191821672
17-2071.00,Electrical Engineers,2.5098817733990155,2.3566714285714285,2.5949577639751555,1.3919885714285711,3.3608348979591827,3.255714285714286,2.4606783882783887,2.6530474639144326
17-2072.00,"Electronics Engineers, Except Computer",2.67036551724138,2.30638,2.45759751552795,1.9900414285714283,3.453411224489796,2.38,2.807439926739927,2.606403394680603
17-2072.01,Radio Frequency Identification Device Specialists,2.8964975369458132,2.6710342857142857,2.3743031055900623,1.6167028571428572,3.483070816326531,2.935714285714286,2.4571454212454213,2.7124056624509567
17-2081.00,Environmental Engineers,2.592313300492611,2.5425285714285715,2.59109751552795,1.4788042857142853,3.368798571428571,2.805714285714285,2.2178743589743575,2.576360257615697
17-2111.00,"Health and Safety Engineers, Except Mining Safety Engineers and Inspectors",2.8168640394088666,3.0148657142857145,2.451193167701863,1.4729885714285715,3.180645918367347,2.864285714285714,2.2981835164835163,2.6618591950520027
17-2111.02,Fire-Prevention and Protection Engineers,2.5652354679802953,2.4892742857142856,2.6111304347826088,1.6402799999999997,3.440030408163265,2.491428571428571,2.317900366300366,2.545292836987707
17-2112.00,Industrial Engineers,2.7823522167487686,2.7035428571428572,2.303390062111801,1.5333328571428573,3.3637977551020404,2.9057142857142857,2.547149816849817,2.6743415459448454
17-2112.01,Human Factors Engineers and Ergonomists,2.6043502463054193,2.561651428571429,2.5026894409937888,1.594255714285714,3.4495969387755103,2.6614285714285715,2.3621366300366304,2.5886405163670134
17-2112.02,Validation Engineers,2.7013014778325126,3.254588571428571,2.7078006211180123,1.8196014285714286,3.462055510204082,2.934285714285714,2.4596677655677652,2.821239346581027
17-2112.03,Manufacturing Engineers,2.4424876847290644,2.2416685714285713,2.668777018633541,1.600319999999999,3.205442244897959,2.9171428571428573,2.4399831501831497,2.559775520977737
17-2121.00,Marine Engineers and Naval Architects,2.4850103448275864,2.618137142857143,2.4801590062111805,1.7245857142857148,3.0119002040816327,2.927142857142857,2.5697956043956047,2.608629537902556
17-2131.00,Materials Engineers,2.5280743842364535,2.5261257142857145,2.6726360248447203,1.6453357142857143,3.3574620408163263,2.755714285714286,2.380010622710623,2.601690945363268
17-2141.00,Mechanical Engineers,2.5363970443349753,2.1186457142857145,2.4173621118012423,1.6005999999999991,3.431835918367346,2.947142857142857,2.6578446886446887,2.602933287453604
17-2141.01,Fuel Cell Engineers,2.5428098522167493,2.5076714285714288,2.5283801242236024,1.8927757142857145,3.370694081632653,2.667142857142857,2.6049128205128205,2.6294573827195507
17-2141.02,Automotive Engineers,2.5033507389162564,2.326674285714286,2.6444552795031053,1.6635442857142855,3.3561918367346935,2.871428571428571,2.4068076923076913,2.5940393538583923
17-2151.00,"Mining and Geological Engineers, Including Mining Safety Engineers",2.443787192118227,2.7112114285714286,2.680443478260869,1.5395185714285717,3.3081438775510206,2.8628571428571425,2.370928205128205,2.619678239045705
17-2161.00,Nuclear Engineers,2.4455586206896545,2.5848257142857145,2.7892664596273296,1.6558585714285714,3.3856224489795914,2.8414285714285716,2.4541754578754573,2.643325553665867
17-2171.00,Petroleum Engineers,2.6032157635467983,2.659777142857143,2.534506832298136,1.4206314285714283,3.5354718367346942,2.762857142857143,2.3725271062271056,2.623734032063246
17-2199.03,"Energy Engineers, Except Wind and Solar",2.6028625615763548,2.7690685714285714,2.528788819875776,1.6789928571428567,3.4312446938775514,2.641428571428571,2.326737728937729,2.6185509153606086
17-2199.05,Mechatronics Engineers,2.688394088669951,2.2576571428571426,2.335190683229814,1.6142914285714283,3.457410204081632,2.8957142857142855,2.6407860805860794,2.6307281957522024
17-2199.06,Microsystems Engineers,2.5743921182266005,2.4318485714285716,2.421471428571429,1.7162885714285707,3.373442448979592,2.7728571428571427,2.592387545787546,2.614158031234775
17-2199.07,Photonics Engineers,2.4999152709359604,2.1352371428571426,2.4570608695652174,1.942532857142857,3.414314285714286,2.755714285714286,2.624330036630037,2.5921717402342788
17-2199.08,Robotics Engineers,2.349633004926108,1.8961514285714283,2.693009316770186,1.4436499999999994,3.1269426530612243,3.0985714285714283,2.4853329670329662,2.5120892254300635
17-2199.09,Nanosystems Engineers,2.4132783251231524,2.2827685714285715,2.651153416149069,1.553071428571429,3.317924693877551,2.867142857142857,2.419275457875458,2.5588381131463307
17-2199.10,Wind Energy Engineers,2.8088467980295566,2.886214285714286,2.3044813664596275,1.9494628571428572,3.5791983673469385,2.6271428571428572,2.63204652014652,2.736768889474415
17-2199.11,Solar Energy Systems Engineers,2.677487192118227,2.698794285714286,2.2937664596273293,1.543647142857143,3.1634124489795905,2.7028571428571433,2.5090527472527464,2.5816247899296036
17-3011.00,Architectural and Civil Drafters,2.9311162561576354,2.5558514285714287,2.099047204968944,2.158204285714285,3.528865918367347,3.3128571428571427,2.754611355311355,2.8538633214009166
17-3012.00,Electrical and Electronics Drafters,2.954165517241379,2.7670971428571427,2.024396894409937,2.0974000000000004,3.52067612244898,3.174285714285714,2.8122853479853482,2.855170451878064
17-3013.00,Mechanical Drafters,3.0440152709359602,2.4579314285714284,2.0942950310559003,2.1012999999999997,3.5190302040816324,3.0985714285714283,2.932476556776557,2.832291807874712
17-3021.00,Aerospace Engineering and Operations Technologists and Technicians,2.8093083743842366,3.1137057142857145,2.4701776397515527,1.625804285714286,3.081584489795919,3.1799999999999997,2.723003663003663,2.8047385287670137
17-3022.00,Civil Engineering Technologists and Technicians,2.8611931034482763,3.1039485714285715,2.166322360248447,1.9949599999999998,3.32250387755102,2.991428571428571,2.6717120879120886,2.8083175963615523
17-3023.00,Electrical and Electronic Engineering Technologists and Technicians,2.932165517241379,2.9223885714285713,2.2703919254658387,1.7116628571428576,3.1158253061224483,2.894285714285714,2.7124366300366303,2.7294850248423668
17-3024.00,Electro-Mechanical and Mechatronics Technologists and Technicians,2.8928418719211826,3.0708742857142854,2.2697012422360245,1.7980671428571435,2.7923381632653053,3.4014285714285712,2.7325355311355306,2.810351030600476
17-3024.01,Robotics Technicians,2.742764039408868,2.749217142857143,2.3703732919254654,1.6965885714285713,2.7576540816326536,3.197142857142857,2.7511564102564106,2.6962435088872363
17-3025.00,Environmental Engineering Technologists and Technicians,2.808482266009853,3.3285514285714286,2.140626086956522,1.863275714285714,3.0776140816326523,2.9142857142857146,2.695147252747253,2.7697165773255445
17-3026.00,Industrial Engineering Technologists and Technicians,2.8157586206896554,2.459762857142857,2.1328447204968946,1.5583285714285706,3.1867863265306124,3.0771428571428574,2.664547619047619,2.65357421413273
17-3026.01,Nanotechnology Engineering Technologists and Technicians,2.5943719211822662,2.9020114285714285,2.489891304347826,1.7399814285714283,3.215172653061224,3.1214285714285714,2.5784688644688645,2.740776717670207
17-3027.00,Mechanical Engineering Technologists and Technicians,2.7418137931034483,2.7805714285714282,2.2608068322981363,1.594017142857143,2.9823761224489793,3.117142857142857,2.597717582417583,2.6742828079253154
17-3027.01,Automotive Engineering Technicians,2.921209359605912,3.0610742857142856,2.1929223602484473,1.9612371428571427,2.862378979591836,3.107142857142857,2.738345421245422,2.7742957286627488
17-3029.01,Non-Destructive Testing Specialists,2.8235083743842364,3.0989142857142857,2.6535944099378885,1.5123485714285723,2.741177142857142,3.5342857142857147,2.4674446886446884,2.793108114733842
17-3029.08,Photonics Technicians,3.0323935960591135,3.2522914285714286,2.2596043478260865,2.0001628571428567,3.0131495918367346,3.1957142857142857,2.888089377289377,2.8930081767032494
17-3031.00,Surveying and Mapping Technicians,3.105718719211822,3.270448571428571,1.9606378881987572,2.0004442857142855,3.253586530612245,3.317142857142857,2.8766578754578753,2.9354985433264527
19-1011.00,Animal Scientists,2.562531034482759,2.8623485714285715,2.573512422360248,1.3933242857142858,3.3185222448979586,2.8885714285714283,2.208872527472527,2.6172391132640116
19-1012.00,Food Scientists and Technologists,2.591716256157635,2.8144742857142857,2.470077639751553,1.764027142857143,3.2577830612244894,3.0542857142857143,2.398549816849817,2.6936461341099465
19-1013.00,Soil and Plant Scientists,2.4976773399014776,2.7935000000000003,2.5449708074534163,1.592345714285714,3.2087106122448974,2.7600000000000002,2.3562641025641025,2.594154460380485
19-1021.00,Biochemists and Biophysicists,2.194073399014778,2.239268571428571,2.953316770186335,1.2858228571428576,3.3633977551020413,3.3128571428571427,2.3752326007326,2.612281240246046
19-1022.00,Microbiologists,2.4137886699507387,2.890071428571429,2.518332919254658,1.5995428571428576,3.2250334693877547,3.3057142857142856,2.5082985347985343,2.728509250188877
19-1023.00,Zoologists and Wildlife Biologists,2.6593000000000004,3.0938285714285714,2.3292124223602486,1.4407428571428569,3.186129795918367,2.7785714285714285,2.2948549450549454,2.6178268105248788
19-1029.01,Bioinformatics Scientists,2.409768472906404,2.4793914285714287,2.479822360248447,1.6500771428571435,3.6677167346938773,2.9214285714285717,2.4392091575091572,2.646688533648404
19-1029.02,Molecular and Cellular Biologists,2.2671054187192117,2.669348571428572,2.613958385093168,1.7700057142857148,3.377449387755102,3.1285714285714286,2.4422772893772886,2.6775377957442004
19-1029.03,Geneticists,2.4063955665024634,2.794377142857143,2.4769695652173915,1.6723142857142852,3.518919183673469,2.9499999999999997,2.474856043956043,2.6841105756415353
19-1029.04,Biologists,2.3704709359605918,2.8984114285714284,2.5970975155279503,1.490837142857143,3.28533081632653,2.882857142857143,2.4034157509157517,2.629009234176083
19-1031.00,Conservation Scientists,2.800750738916256,3.091677142857143,2.3627204968944095,1.9654685714285716,3.219339183673469,2.584285714285714,2.4261102564102552,2.6803576479680093
19-1031.02,Range Managers,2.8488778325123154,3.01906,2.3743590062111797,1.536047142857143,3.1027038775510203,2.664285714285714,2.2527681318681316,2.6074092340536947
19-1031.03,Park Naturalists,2.961766995073892,3.0388714285714284,2.103787577639751,2.0166214285714283,3.24166693877551,2.262857142857143,2.0649318681318682,2.5606979137754515
19-1032.00,Foresters,2.7258221674876855,3.081631428571429,2.5601155279503103,1.4309314285714287,3.104359387755102,2.5857142857142854,2.3761945054945053,2.60944867619134
19-1041.00,Epidemiologists,2.320712807881773,2.8158914285714287,2.508691304347826,1.5844428571428564,3.6552814285714286,2.838571428571428,2.1072054945054948,2.611891375792873
19-1042.00,"Medical Scientists, Except Epidemiologists",2.373832019704434,2.8337914285714283,2.4266068322981367,1.5266100000000007,3.466151224489796,3.3871428571428575,2.4940769230769226,2.7479279940347725
19-2011.00,Astronomers,2.3625847290640394,2.6853657142857146,2.4193509316770188,1.9545571428571433,3.6559914285714283,2.6257142857142854,2.63016336996337,2.6626494508789564
19-2012.00,Physicists,2.053066995073892,2.2045399999999997,2.6712900621118014,1.8328057142857146,3.699071428571428,2.397142857142857,2.4778630036630025,2.4950193631645714
19-2021.00,Atmospheric and Space Scientists,2.599419704433497,3.1056999999999997,2.2786546583850935,1.9244285714285714,3.651521428571429,3.0,2.454766300366301,2.7920194379870504
19-2031.00,Chemists,2.4855778325123152,3.1490371428571433,2.406439751552795,1.641685714285714,3.3683828571428567,3.132857142857143,2.6411003663003663,2.777998704977182
19-2032.00,Materials Scientists,2.574315763546798,2.81962,2.5391099378881985,1.8339600000000003,3.4385630612244897,2.6799999999999997,2.5714974358974345,2.683906432889128
19-2041.00,"Environmental Scientists and Specialists, Including Health",2.5612916256157634,3.2305057142857145,2.508662111801242,2.0275014285714286,3.5211383673469374,2.7357142857142853,2.3206344322344314,2.7457947321025515
19-2041.01,Climate Change Policy Analysts,2.7582221674876846,3.2142542857142855,2.1675900621118016,1.9858414285714288,3.7615769387755105,2.4528571428571424,2.443005128205128,2.732473355667143
19-2041.02,Environmental Restoration Planners,2.6351916256157644,2.9478314285714284,2.5250167701863355,1.7280214285714286,3.373981020408163,2.317142857142857,2.245649816849817,2.5691304750211237
19-2041.03,Industrial Ecologists,2.652699507389163,2.929042857142857,2.4199757763975156,1.9689642857142857,3.6682926530612248,2.6299999999999994,2.579960073260073,2.739393269839178
19-2042.00,"Geoscientists, Except Hydrologists and Geographers",2.5506142857142855,2.9046314285714283,2.4141906832298132,1.8248028571428572,3.373681632653061,2.654285714285714,2.427593406593407,2.643234609924237
19-2043.00,Hydrologists,2.5463605911330047,2.9025285714285713,2.5265968944099377,1.8891785714285714,3.380435510204081,2.75,2.464799267399267,2.68569613760859
19-2099.01,Remote Sensing Scientists and Technologists,2.534431527093596,2.766274285714286,2.5746186335403722,1.8678057142857147,3.5859924489795922,3.1142857142857148,2.546216117216117,2.7820367344902905
19-3011.00,Economists,2.6665871921182274,2.956011428571429,2.3688447204968943,1.779702857142857,3.791111020408163,2.6014285714285714,2.436349816849817,2.712649390741835
19-3011.01,Environmental Economists,2.6600955665024633,3.017608571428572,2.3463521739130435,2.1244557142857143,3.7707795918367344,2.5500000000000003,2.7276435897435896,2.7834998867465797
19-3022.00,Survey Researchers,2.5285019704433496,3.0980514285714285,2.3577037267080745,1.7718742857142855,3.7395571428571426,2.8685714285714283,2.3247018315018315,2.7402939429625848
19-3032.00,Industrial-Organizational Psychologists,2.4888497536945815,2.9301714285714286,2.5007484472049692,1.4634171428571436,3.750323469387755,2.6914285714285713,1.9394725274725269,2.6010248501608695
19-3033.00,Clinical and Counseling Psychologists,2.7604305418719215,2.9875314285714287,2.1471602484472054,1.4167014285714288,3.699098163265306,2.3485714285714288,2.129529670329671,2.5625889240218984
19-3034.00,School Psychologists,2.8034768472906406,3.3567314285714285,1.8442236024844723,2.0539814285714284,3.702201632653061,2.4457142857142853,2.305600366300367,2.704164901470772
19-3039.02,Neuropsychologists,2.4526275862068965,3.2258542857142856,2.4597223602484473,1.6110428571428579,3.627374897959183,2.8985714285714286,2.2191879120879126,2.715547509748658
19-3039.03,Clinical Neuropsychologists,2.5629970443349763,3.223885714285714,2.4659875776397513,1.4668,3.647851836734694,3.011428571428572,2.073367032967033,2.721779716298052
19-3041.00,Sociologists,2.72455960591133,2.9540714285714285,2.4279080745341615,1.946392857142857,3.7549769387755103,2.6357142857142857,2.279152014652014,2.7214869484971014
19-3051.00,Urban and Regional Planners,2.6935522167487687,2.939177142857143,2.395201863354037,1.7714571428571424,3.6793846938775507,2.1828571428571424,2.019317582417582,2.5529520745777026
19-3091.00,Anthropologists and Archeologists,2.569026600985222,2.975002857142857,2.303826708074534,2.069857142857143,3.52043387755102,2.7585714285714285,2.305039194139195,2.6945080502801972
19-3092.00,Geographers,2.6698364532019707,3.041125714285714,2.2579304347826086,2.1009257142857143,3.6505528571428574,2.7785714285714285,2.545573992673993,2.777663253216798
19-3093.00,Historians,2.932271921182266,3.3870514285714286,1.9867776397515526,1.989528571428571,3.5914548979591845,2.388571428571429,2.6202241758241755,2.754995270362856
19-3094.00,Political Scientists,2.738880295566503,3.040645714285714,2.421919254658385,2.04758,3.7844961224489797,2.5885714285714285,2.3847223443223444,2.7569758826736552
19-3099.01,Transportation Planners,2.6514310344827585,2.851785714285714,2.466071428571429,1.8359985714285711,3.697068571428572,2.3142857142857145,2.1975205128205126,2.6027350178097763
19-4012.00,Agricultural Technicians,3.045232512315271,3.4227685714285716,1.9153298136645958,2.08191,2.79677081632653,3.06,2.9049025641025636,2.8371751509924006
19-4012.01,Precision Agriculture Technicians,2.8354995073891627,3.1693000000000002,2.20226149068323,1.7226257142857144,3.0220842857142856,2.9314285714285715,2.521031868131868,2.7109617839679063
19-4013.00,Food Science Technicians,3.0534103448275864,3.6193542857142855,2.0407347826086952,1.7084785714285715,3.213805714285713,3.4771428571428573,2.7424307692307703,2.9647000739410516
19-4021.00,Biological Technicians,2.8009211822660096,3.347662857142857,2.273337888198758,2.1404085714285714,3.299204081632653,2.97,2.9932091575091575,2.9015242377453343
19-4031.00,Chemical Technicians,2.7617000000000007,3.2586085714285713,2.3482434782608697,1.7929785714285722,3.051883265306122,3.4657142857142857,2.818168131868132,2.890819057402225
19-4042.00,"Environmental Science and Protection Technicians, Including Health",2.8113004926108385,3.4051571428571425,2.2028062111801234,1.9671814285714282,3.093221428571428,2.858571428571428,2.5181666666666667,2.7628899092953523
19-4043.00,"Geological Technicians, Except Hydrologic Technicians",3.0408817733990148,3.4213314285714285,2.0341701863354036,2.014534285714286,3.210183469387755,3.1257142857142854,2.9148505494505494,2.9181003874691385
19-4051.00,Nuclear Technicians,2.9145453201970444,3.496025714285714,2.4357540372670807,1.7088828571428571,2.6670344897959186,3.1042857142857145,2.703684615384615,2.8025143532476307
19-4051.02,Nuclear Monitoring Technicians,2.7892093596059113,3.341602857142857,2.4111279503105583,1.6338914285714288,2.9298306122448983,2.88,2.56085054945055,2.723725944654831
19-4061.00,Social Science Research Assistants,2.94215566502463,3.3655914285714283,2.1387527950310563,2.41551,3.7280865306122446,2.6871428571428573,2.8164948717948715,2.9207041253321533
19-4071.00,Forest and Conservation Technicians,2.9402453201970444,3.2466485714285716,2.223223602484472,1.395034285714286,2.7506702040816315,3.248571428571428,2.3429212454212447,2.7036128757034352
19-4092.00,Forensic Science Technicians,2.740469950738916,3.424197142857143,2.103866459627329,1.5925657142857141,2.9094440816326532,2.9042857142857144,2.419573992673992,2.674553135433853
19-4099.01,Quality Control Analysts,3.0032935960591134,3.48616,2.169086956521739,1.8866385714285712,3.0874730612244896,3.198571428571429,3.0130776556776557,2.9337874854535055
19-4099.03,Remote Sensing Technicians,2.801536945812807,3.010102857142857,2.2954018633540376,2.2393914285714285,3.528195510204082,3.271428571428572,2.7556494505494507,2.9220877580346403
19-5011.00,Occupational Health and Safety Specialists,2.6977807881773406,3.2040914285714286,2.6086987577639746,1.4449042857142858,3.13717693877551,2.711428571428571,2.205041391941392,2.6342596007533907
19-5012.00,Occupational Health and Safety Technicians,2.874434482758621,3.1689885714285717,2.4663142857142857,1.4269085714285716,3.0804326530612247,2.934285714285714,2.2643516483516484,2.6844105319114386
21-1011.00,Substance Abuse and Behavioral Disorder Counselors,2.824230541871921,3.1358142857142854,2.443290062111801,1.7153171428571432,3.604499795918367,2.7157142857142857,1.9732728937728936,2.689676205231372
21-1012.00,"Educational, Guidance, and Career Counselors and Advisors",2.8578399014778326,3.160145714285714,2.253434161490683,1.6376114285714278,3.6656726530612245,2.69,2.018915384615385,2.6824906070222347
21-1013.00,Marriage and Family Therapists,2.802307881773399,3.114108571428571,2.0335391304347823,1.7305157142857142,3.6492414285714285,2.2842857142857143,2.1636923076923082,2.5926651557490485
21-1014.00,Mental Health Counselors,2.7183339901477837,2.938834285714286,2.1965360248447205,1.4777571428571425,3.726318571428571,2.3971428571428572,1.983193772893772,2.5518599812264195
21-1015.00,Rehabilitation Counselors,2.9892108374384243,3.231197142857143,2.088272670807453,1.6663785714285715,3.577998775510204,2.865714285714286,2.1717208791208793,2.7441271266054574
21-1021.00,"Child, Family, and School Social Workers",2.870415763546798,3.1921999999999997,2.1865639751552792,1.5250971428571427,3.57535,2.96,1.8439926739926742,2.685459877432163
21-1022.00,Healthcare Social Workers,2.86026157635468,3.1529142857142856,1.9987621118012426,1.723425714285714,3.508484693877551,2.4114285714285715,1.9223754578754577,2.571109898967706
21-1023.00,Mental Health and Substance Abuse Social Workers,2.7408512315270936,2.9335885714285714,2.236183850931677,1.650765714285714,3.6175051020408167,2.6999999999999997,1.997609157509158,2.622128065897585
21-1091.00,Health Education Specialists,2.8448492610837444,3.044025714285714,2.3724155279503103,1.5549814285714283,3.549758367346939,2.7800000000000002,1.965472527472527,2.6593555761805128
21-1092.00,Probation Officers and Correctional Treatment Specialists,2.9812487684729065,3.4049199999999997,2.289544099378882,1.5125414285714287,3.3007640816326527,3.1400000000000006,2.099020146520147,2.776101502288887
21-1093.00,Social and Human Service Assistants,3.0373453201970446,3.273745714285714,1.9771490683229815,1.8047471428571429,3.479829183673469,2.9685714285714284,2.150528205128204,2.763121170324963
21-1094.00,Community Health Workers,2.8726650246305416,3.2003800000000004,2.285519875776397,1.733664285714286,3.3906565306122447,2.6642857142857146,2.030594505494505,2.658919968116805
21-2011.00,Clergy,2.8703704433497537,2.996762857142857,1.8864354037267077,1.544662857142857,3.6686951020408163,2.462857142857143,1.9533175824175828,2.5590531524010367
21-2021.00,"Directors, Religious Activities and Education",2.892533990147784,3.04652,2.1376118012422363,1.8365214285714284,3.7026979591836735,1.69,2.208438461538462,2.5129418846118545
23-1011.00,Lawyers,2.626693596059114,2.945722857142857,2.250863975155279,1.1750300000000005,3.7585361224489793,2.7800000000000002,1.9427106227106234,2.589638877269764
23-1012.00,Judicial Law Clerks,2.910103448275862,3.4418742857142854,1.8907925465838507,2.116551428571428,3.741469591836735,3.05,2.754922710622711,2.9379899029829666
23-1021.00,"Administrative Law Judges, Adjudicators, and Hearing Officers",2.756810344827586,3.442474285714286,2.092619875776397,1.6964171428571433,3.713907142857143,3.2685714285714282,2.3865322344322344,2.8775765887523272
23-1022.00,"Arbitrators, Mediators, and Conciliators",2.9039620689655177,3.2524571428571427,2.1005254658385093,1.752052857142857,3.749852448979592,2.6642857142857146,2.619484615384615,2.7969784165833094
23-1023.00,"Judges, Magistrate Judges, and Magistrates",2.6156073891625615,3.3783542857142854,2.28188447204969,1.0978671428571425,3.7041132653061224,3.1000000000000005,2.0706549450549443,2.72328464427637
23-2011.00,Paralegals and Legal Assistants,3.1187625615763555,3.5770542857142855,1.8991869565217387,2.086121428571428,3.724815306122449,3.1357142857142852,2.7218347985347986,2.997043738444357
23-2093.00,"Title Examiners, Abstractors, and Searchers",3.1782532019704437,3.7625,2.1335801242236023,1.6565914285714287,3.6731051020408163,3.551428571428571,2.7753406593406593,3.0976827140680054
25-1011.00,"Business Teachers, Postsecondary",2.7445108374384235,3.20366,1.976096894409937,1.935942857142857,3.72943,2.457142857142857,2.3551695970695974,2.687548111760054
25-1021.00,"Computer Science Teachers, Postsecondary",2.6851763546798026,2.8398171428571426,2.3056925465838507,1.7531142857142852,3.7142193877551017,2.672857142857143,2.251823076923077,2.6641075061335107
25-1022.00,"Mathematical Science Teachers, Postsecondary",2.7348921182266017,3.216605714285714,1.8925173913043476,2.2897842857142856,3.714475102040816,2.6028571428571428,2.4621087912087916,2.75801385513758
25-1031.00,"Architecture Teachers, Postsecondary",2.554152709359607,2.5352571428571427,2.2916515527950314,1.8028814285714287,3.5966302040816327,2.562857142857143,2.126377289377289,2.543887328559425
25-1032.00,"Engineering Teachers, Postsecondary",2.5334817733990147,2.739722857142857,2.319134161490683,1.6559871428571427,3.6369632653061226,2.6242857142857146,2.279690842490843,2.600848084042751
25-1041.00,"Agricultural Sciences Teachers, Postsecondary",2.6434192118226605,2.9630514285714282,2.324988819875777,1.5746785714285716,3.5178704081632652,2.6885714285714286,2.0265538461538455,2.6003152590514005
25-1042.00,"Biological Science Teachers, Postsecondary",2.6218315270935952,2.9278885714285714,2.518543478260869,1.331845714285714,3.562577346938775,2.662857142857143,2.152573626373626,2.6073410086012716
25-1043.00,"Forestry and Conservation Science Teachers, Postsecondary",2.6992221674876853,2.9234199999999997,2.5020534161490686,1.4840142857142853,3.40393081632653,2.524285714285714,2.077007326007325,2.5690009595167087
25-1051.00,"Atmospheric, Earth, Marine, and Space Sciences Teachers, Postsecondary",2.649412807881774,3.0433657142857147,2.1715242236024848,1.7356285714285717,3.5387930612244896,2.6757142857142857,2.283376190476191,2.653100302726188
25-1052.00,"Chemistry Teachers, Postsecondary",2.639626108374384,3.1396542857142853,2.1090273291925468,1.4654842857142851,3.578725918367347,2.801428571428571,2.3144670329670327,2.6686078775898547
25-1053.00,"Environmental Science Teachers, Postsecondary",2.690944827586207,3.0929600000000006,2.288371428571428,1.708224285714286,3.5559867346938776,2.605714285714286,2.2887472527472523,2.665098250825529
25-1054.00,"Physics Teachers, Postsecondary",2.582253694581281,2.9089,2.3267484472049693,1.7148142857142856,3.6025089795918364,2.4957142857142856,2.2730523809523797,2.6083063887036073
25-1061.00,"Anthropology and Archeology Teachers, Postsecondary",2.531410344827586,2.8906542857142856,2.3277267080745347,1.8733428571428568,3.530531428571429,2.6042857142857145,2.0854875457875464,2.596676640114009
25-1062.00,"Area, Ethnic, and Cultural Studies Teachers, Postsecondary",2.8324857142857147,3.0138,1.9838484472049691,1.8003914285714289,3.7205679591836733,2.5242857142857145,2.2432575091575098,2.6547978078288175
25-1063.00,"Economics Teachers, Postsecondary",2.7761832512315268,3.057371428571429,2.1320062111801237,2.147424285714286,3.7467159183673466,2.545714285714286,2.542498168498168,2.7555012218325685
25-1064.00,"Geography Teachers, Postsecondary",2.7932812807881775,2.991062857142857,2.236890062111801,1.992778571428571,3.6527908163265304,2.7028571428571433,2.2848717948717954,2.7218393042948694
25-1065.00,"Political Science Teachers, Postsecondary",2.858177832512315,3.095174285714285,2.124329813664596,1.978707142857143,3.779120612244898,2.5542857142857143,2.37014652014652,2.7365537261020196
25-1066.00,"Psychology Teachers, Postsecondary",2.686063054187192,3.0725114285714286,2.2712801242236025,1.7304771428571426,3.7388544897959184,2.6314285714285717,2.07182967032967,2.66185023742642
25-1067.00,"Sociology Teachers, Postsecondary",2.8047423645320197,3.0416942857142857,2.3032142857142857,1.868105714285714,3.758248571428571,2.817142857142857,2.3829871794871798,2.77871143160288
25-1071.00,"Health Specialties Teachers, Postsecondary",2.697425615763547,3.084485714285714,2.207187577639751,1.444575714285714,3.613011632653061,2.5900000000000003,2.1412791208791195,2.613606641729763
25-1072.00,"Nursing Instructors and Teachers, Postsecondary",2.608630541871922,3.0790114285714285,2.533876397515528,1.2110442857142858,3.4304630612244895,2.9499999999999997,1.8783117216117224,2.613954581314916
25-1081.00,"Education Teachers, Postsecondary",2.812983743842365,3.150685714285714,2.226910559006211,1.5385057142857144,3.6908636734693876,3.0142857142857147,2.1681087912087915,2.7527950586072745
25-1082.00,"Library Science Teachers, Postsecondary",2.7908684729064044,3.066448571428572,2.3045670807453416,1.7267699999999997,3.735294489795918,2.5742857142857143,2.2862608058608056,2.6998217019304316
25-1111.00,"Criminal Justice and Law Enforcement Teachers, Postsecondary",2.8736926108374385,3.1714714285714285,2.0371565217391305,1.7153271428571428,3.648508775510204,2.7271428571428578,2.3728351648351653,2.730653134851334
25-1112.00,"Law Teachers, Postsecondary",2.7861512315270933,3.0217714285714288,2.0633770186335405,1.8043714285714292,3.758091224489796,2.4857142857142853,2.313945054945055,2.66591154279336
25-1113.00,"Social Work Teachers, Postsecondary",2.7031926108374384,3.0298371428571427,2.1325546583850925,1.81684,3.7387973469387754,2.3985714285714286,2.0660919413919414,2.6053416078565896
25-1121.00,"Art, Drama, and Music Teachers, Postsecondary",2.837811330049261,2.6338914285714283,1.9686310559006213,1.9002857142857144,3.5272455102040814,2.527142857142857,2.0776311355311363,2.553807159100591
25-1122.00,"Communications Teachers, Postsecondary",2.8630561576354685,3.119537142857143,2.1285186335403727,1.6755685714285717,3.715310612244898,2.6142857142857143,2.277811721611721,2.699623208506422
25-1123.00,"English Language and Literature Teachers, Postsecondary",2.771757142857143,2.9343228571428575,2.0637832298136645,1.9276842857142862,3.7612420408163265,2.48,2.1984179487179487,2.6450077499829363
25-1124.00,"Foreign Language and Literature Teachers, Postsecondary",2.9670630541871925,3.1325028571428573,1.8601888198757763,2.1513742857142857,3.7514908163265304,2.1657142857142855,2.5243245421245413,2.6906063581690316
25-1125.00,"History Teachers, Postsecondary",2.826862068965517,3.0355542857142854,2.2663403726708076,1.9683171428571429,3.7406004081632656,2.924285714285714,2.403921245421245,2.8093635956495846
25-1126.00,"Philosophy and Religion Teachers, Postsecondary",2.8605546798029557,3.1454914285714284,2.0148627329192546,1.8810628571428576,3.791207959183673,2.7342857142857144,2.379563369963369,2.762972317491568
25-1192.00,"Family and Consumer Sciences Teachers, Postsecondary",2.9073123152709366,3.2863285714285713,2.042093167701863,1.7386585714285716,3.7002822448979593,2.9985714285714287,2.3432197802197803,2.813360896399916
25-1193.00,"Recreation and Fitness Studies Teachers, Postsecondary",2.8757315270935964,3.2040314285714286,2.171699378881987,1.5188357142857143,3.5718722448979587,2.611428571428571,2.1090673992673996,2.6554446135770418
25-1194.00,"Career/Technical Education Teachers, Postsecondary",2.9327374384236453,3.177237142857143,2.108155279503105,1.8510785714285714,3.3357602040816325,2.64,2.271909890109891,2.681570086414015
25-2011.00,"Preschool Teachers, Except Special Education",3.197926108374384,3.2146942857142857,1.5337223602484473,2.1197914285714288,3.4246067346938784,2.287142857142857,2.5595483516483517,2.6822962723751935
25-2012.00,"Kindergarten Teachers, Except Special Education",2.9419000000000004,3.0420371428571427,1.8703695652173915,1.8061542857142863,3.422021836734693,2.567142857142857,2.282901831501832,2.6344100781857893
25-2021.00,"Elementary School Teachers, Except Special Education",2.8097931034482757,2.9756171428571427,1.8696552795031052,1.6997799999999996,3.4980395918367337,2.474285714285714,2.0411582417582417,2.550491882792513
25-2022.00,"Middle School Teachers, Except Special and Career/Technical Education",2.7958492610837435,3.019371428571429,2.118976397515528,1.662077142857143,3.5510895918367344,2.4171428571428573,2.1116758241758236,2.5832318413159983
25-2023.00,"Career/Technical Education Teachers, Middle School",2.9001389162561577,3.035502857142857,2.169993788819876,1.6515299999999997,3.4501804081632645,2.494285714285714,2.2468586080586084,2.625911640182263
25-2031.00,"Secondary School Teachers, Except Special and Career/Technical Education",2.8066995073891627,3.078957142857143,1.996604347826087,1.7424785714285713,3.5235104081632658,2.1942857142857144,2.179121611721612,2.551008735302286
25-2032.00,"Career/Technical Education Teachers, Secondary School",2.6439231527093594,2.6985371428571425,2.3253111801242237,1.4923171428571438,3.2441406122448972,2.71,2.0024058608058604,2.512113847590726
25-2051.00,"Special Education Teachers, Preschool",2.9288596059113305,3.2941542857142854,2.004272670807454,1.8218042857142853,3.401491224489796,2.347142857142857,2.408041758241758,2.6569182982343205
25-2056.00,"Special Education Teachers, Elementary School",2.7789369458128075,2.991828571428571,2.1280763975155277,1.9943314285714284,3.5330583673469396,2.255714285714286,2.2846293040293033,2.6016516180441958
25-2057.00,"Special Education Teachers, Middle School",2.8570049261083748,3.2810457142857143,1.8107018633540375,1.8902014285714288,3.4647432653061223,2.434285714285714,2.278313919413919,2.639113645816809
25-2058.00,"Special Education Teachers, Secondary School",2.795441379310345,3.065865714285714,2.1821968944099375,1.588974285714285,3.5545814285714283,2.3814285714285712,2.089696336996336,2.57924056117271
25-2059.01,Adapted Physical Education Specialists,2.939291133004926,3.087077142857143,1.9778670807453416,1.6366228571428563,3.1726199999999993,2.2685714285714282,2.26165641025641,2.534259982420877
25-3011.00,"Adult Basic Education, Adult Secondary Education, and English as a Second Language Instructors",3.021487684729064,3.1595257142857145,1.7353105590062117,1.9111828571428573,3.6685420408163267,2.5142857142857147,2.5129421245421244,2.7218811191280343
25-3021.00,Self-Enrichment Teachers,3.280574876847291,3.214482857142857,1.696009937888199,2.04343,3.6219555102040815,2.2685714285714282,2.6027809523809537,2.7356274089893833
25-3031.00,"Substitute Teachers, Short-Term",3.297433990147783,3.6041857142857143,1.5631869565217391,2.301087142857143,3.6444822448979597,2.411428571428572,2.738986813186813,2.8614764386013434
25-3041.00,Tutors,2.9682546798029557,3.2666742857142856,1.7001242236024843,2.242692857142857,3.70769,2.3300000000000005,2.4553992673992675,2.7199844430120104
25-4011.00,Archivists,2.9403093596059113,3.269754285714286,2.33633850931677,2.04901,3.4798459183673462,2.8785714285714294,2.4553146520146516,2.8360327690012923
25-4012.00,Curators,2.7213128078817737,2.8287628571428574,2.3944459627329193,1.67746,3.476312857142857,2.6,2.32681978021978,2.630171841631382
25-4013.00,Museum Technicians and Conservators,3.0905073891625614,3.151342857142857,1.9396701863354038,1.8318214285714283,3.230432244897959,2.55,2.785804395604395,2.7258621945118486
25-4022.00,Librarians and Media Collections Specialists,3.0549231527093594,3.3014342857142855,2.0067372670807453,2.0517900000000004,3.5563289795918367,2.6814285714285715,2.423116117216118,2.7925088212785285
25-4031.00,Library Technicians,3.323735960591133,3.6894342857142854,1.7256527950310558,2.2355471428571425,3.467261020408163,3.0957142857142856,2.8175399267399266,3.0099585299497034
25-9021.00,Farm and Home Management Educators,2.5851044334975373,3.015685714285714,2.1938633540372665,1.7761428571428572,3.3483091836734693,2.301428571428572,2.0422003663003663,2.5059812900672895
25-9031.00,Instructional Coordinators,2.6025310344827592,3.0229485714285715,2.333929192546584,1.7618457142857147,3.6584859183673473,2.4214285714285713,1.9872915750915752,2.584551769874482
25-9042.00,"Teaching Assistants, Preschool, Elementary, Middle, and Secondary School, Except Special Education",3.0255261083743843,3.032551428571429,1.9294099378881986,1.837554285714286,3.333934897959184,2.2899999999999996,2.531895238095238,2.623282573310284
25-9043.00,"Teaching Assistants, Special Education",3.236470443349754,3.4209199999999997,1.622339130434783,2.220288571428571,3.481559591836735,1.99,2.6598065934065938,2.7020762644752976
25-9044.00,"Teaching Assistants, Postsecondary",3.1594118226600987,3.2124999999999995,1.875095652173913,2.2832271428571427,3.660380612244898,2.584285714285715,2.6327194139194137,2.83244119968391
27-1011.00,Art Directors,2.8639916256157636,2.405657142857143,1.972001863354037,1.9943442857142855,3.66877387755102,3.4014285714285712,2.4554043956043947,2.7859943854367946
27-1012.00,Craft Artists,3.3212857142857146,2.7142742857142856,1.8035049689440992,2.4038428571428567,3.3612138775510196,2.75,3.1689494505494515,2.855593281823767
27-1013.00,"Fine Artists, Including Painters, Sculptors, and Illustrators",3.2734561576354677,2.445282857142857,1.6184751552795031,2.3329528571428573,3.3929724489795907,2.7228571428571433,3.2778835164835165,2.7981534768498793
27-1014.00,Special Effects Artists and Animators,3.0076596059113303,2.7810085714285715,1.9525409937888198,1.8106671428571426,3.593350816326531,3.208571428571428,2.7280886446886448,2.8345512451321433
27-1021.00,Commercial and Industrial Designers,2.889089655172414,2.1505828571428576,2.116967701863354,1.8284714285714285,3.4283244897959184,3.0442857142857145,2.625594505494506,2.6674397820414755
27-1022.00,Fashion Designers,2.9471822660098526,2.349234285714285,2.046337888198758,2.0917057142857147,3.4879804081632653,3.0985714285714288,2.5063351648351655,2.7271284646711185
27-1023.00,Floral Designers,3.3283891625615762,3.1844857142857137,1.8069428571428572,1.9902885714285707,3.3544175510204077,2.7185714285714284,2.7620018315018315,2.817831567476858
27-1024.00,Graphic Designers,3.117354679802956,2.3744857142857145,1.9254031055900622,2.1087928571428574,3.6609489795918373,3.3885714285714283,2.5439304029304024,2.8356418484792147
27-1025.00,Interior Designers,2.859665517241379,2.1540314285714284,2.317831677018633,1.7879742857142857,3.5323014285714285,2.9428571428571426,2.1771802197802206,2.607628813969389
27-1026.00,Merchandise Displayers and Window Trimmers,3.272860098522168,3.1428314285714283,1.651008074534161,2.194857142857143,3.157413265306122,2.654285714285714,2.7272322344322353,2.7604942186210666
27-1027.00,Set and Exhibit Designers,2.828980295566503,2.09102,1.9894347826086958,1.9612514285714284,3.3557348979591834,2.774285714285714,2.548883516483517,2.5736185704765355
27-2011.00,Actors,3.3350192118226607,3.0827314285714285,1.406863354037267,2.434801428571429,3.4272059183673464,2.9385714285714286,2.6309787545787544,2.8432710609761838
27-2012.00,Producers and Directors,2.7345408866995085,2.732797142857143,2.335685093167702,1.5441699999999998,3.5406328571428567,2.975714285714286,2.2271344322344326,2.6683941642997184
27-2012.03,Media Programming Directors,2.8349817733990155,2.853731428571429,2.2653335403726707,1.6047542857142858,3.6267859183673465,3.3228571428571425,2.2100505494505494,2.7804126616483753
27-2012.04,Talent Directors,3.0813596059113304,3.1076142857142854,1.7811944099378882,1.671131428571428,3.7032348979591836,2.552857142857143,2.4584527472527475,2.708403242947992
27-2012.05,Media Technical Directors/Managers,2.820960591133005,2.86972,2.2500198757763967,1.4869628571428573,3.2870920408163267,3.414285714285714,2.405826373626373,2.7640952669854237
27-2021.00,Athletes and Sports Competitors,3.1874729064039413,3.2461742857142855,2.024152173913043,1.6543257142857142,2.9207024489795907,3.27,2.4797717948717954,2.7969660042153173
27-2022.00,Coaches and Scouts,2.7669285714285716,2.9815657142857144,2.1382869565217395,1.7367028571428578,3.36181693877551,2.705714285714286,2.129178754578755,2.6145653353695995
27-2023.00,"Umpires, Referees, and Other Sports Officials",3.210250738916256,3.8460657142857144,1.6705863354037265,2.254885714285714,3.4045746938775503,2.6185714285714288,2.760893406593407,2.8995291737341695
27-2031.00,Dancers,3.4658955665024633,3.407488571428571,1.2794869565217388,2.399985714285714,3.0173122448979597,3.247142857142857,2.914783882783883,2.9381978783512483
27-2032.00,Choreographers,3.0612024630541868,2.59188,1.7251770186335407,1.8483485714285717,3.1987563265306123,3.0685714285714285,2.0813945054945058,2.6110518389823927
27-2041.00,Music Directors and Composers,2.9957024630541875,2.7690942857142855,1.866480745341615,1.8430485714285711,3.520660204081632,3.0228571428571427,2.4170443223443216,2.730899551527611
27-2042.00,Musicians and Singers,3.274233990147783,3.227862857142857,1.6713130434782604,2.685288571428572,3.4420975510204084,3.0685714285714285,2.894220512820513,2.975136683874703
27-3011.00,Broadcast Announcers and Radio Disc Jockeys,3.114633004926109,2.9027485714285715,1.9467571428571424,1.7355285714285715,3.503675102040816,3.391428571428572,2.3664201465201473,2.8296358094516325
27-3023.00,"News Analysts, Reporters, and Journalists",3.0709266009852216,3.203957142857143,1.9148086956521737,1.9457028571428574,3.487928979591837,3.2871428571428574,2.489337728937728,2.8813022945638638
27-3031.00,Public Relations Specialists,2.9133896551724137,2.836662857142857,2.0099763975155276,1.611367142857143,3.693295714285714,2.9185714285714286,1.9499703296703297,2.65484642319225
27-3041.00,Editors,2.8200738916256154,2.929457142857143,1.9335819875776394,1.9065028571428573,3.6543695918367347,3.2171428571428575,2.4598435897435893,2.8069986883100837
27-3042.00,Technical Writers,3.015390147783251,3.2095857142857147,2.0210962732919255,2.2579614285714285,3.6966742857142862,3.3757142857142854,2.7362413919413924,3.001732358287889
27-3043.00,Writers and Authors,3.0524216748768476,2.9726542857142855,1.5225888198757764,1.9891557142857144,3.672256326530613,2.994285714285714,2.4441780219780216,2.771258142638257
27-3043.05,"Poets, Lyricists and Creative Writers",2.9983916256157634,2.4928171428571426,1.7337254658385093,2.4953285714285713,3.7651873469387755,2.9600000000000004,3.0922908424908426,2.867208447412087
27-3091.00,Interpreters and Translators,3.053108374384237,3.3280257142857144,1.865701242236025,1.9037042857142858,3.5741120408163267,3.325714285714286,2.4252743589743595,2.8991614832069845
27-3092.00,Court Reporters and Simultaneous Captioners,3.296706896551724,3.91776,1.777472049689441,2.394997142857143,3.622510816326531,3.4271428571428575,2.8160201465201466,3.15062516959299
27-4011.00,Audio and Video Technicians,2.996972906403941,3.0209914285714285,2.1130981366459625,1.8399871428571428,3.2474130612244894,3.217142857142857,2.6857992673992666,2.831413598918751
27-4012.00,Broadcast Technicians,3.0154083743842364,3.119145714285714,2.2452968944099383,1.7978571428571426,3.1896416326530606,2.9985714285714287,2.6846875457875456,2.805362179507577
27-4014.00,Sound Engineering Technicians,3.0389620689655175,2.7836285714285713,2.0929763975155278,1.9456285714285713,3.300614489795918,3.3728571428571428,2.6587684981684983,2.845727969719614
27-4021.00,Photographers,3.08188472906404,2.8318628571428577,2.1019944099378876,1.9217757142857144,3.234946122448979,3.0542857142857147,2.4538597069597072,2.7536171676218406
27-4031.00,"Camera Operators, Television, Video, and Film",3.1530778325123157,3.008537142857143,1.900070186335404,2.0077028571428572,3.0900887755102033,3.1371428571428575,2.648908058608059,2.803297647199556
27-4032.00,Film and Video Editors,3.011698522167488,2.8304485714285716,2.0842776397515523,2.308687142857143,3.5386777551020403,2.9985714285714287,2.6637186813186813,2.8456922934776725
29-1011.00,Chiropractors,2.772375369458128,3.339962857142857,2.27579751552795,1.1248057142857144,3.394606734693877,3.2385714285714284,2.2732113553113558,2.754798056186585
29-1021.00,"Dentists, General",2.468256157635467,3.069157142857143,2.5303,0.8226328571428576,2.908778571428572,3.585714285714286,1.9965113553113558,2.618841626942024
29-1022.00,Oral and Maxillofacial Surgeons,2.546521674876847,3.1144857142857143,2.5285627329192546,0.8115714285714279,3.036224285714286,3.1614285714285715,1.9428615384615378,2.56231311243554
29-1023.00,Orthodontists,2.7012325123152707,3.148342857142857,2.1694993788819876,1.0160042857142857,3.2956389795918364,3.5285714285714285,2.1448355311355316,2.717772134201737
29-1024.00,Prosthodontists,2.8319438423645327,2.869968571428571,2.533460248447205,0.8708542857142856,3.066463265306122,3.398571428571429,2.0032615384615386,2.6358913217645497
29-1031.00,Dietitians and Nutritionists,2.6991931034482763,3.201174285714286,2.2701484472049693,1.8293142857142852,3.6305500000000004,2.5857142857142854,2.2211194139194137,2.6898946508970787
29-1041.00,Optometrists,2.58954630541872,3.3360685714285716,2.5690844720496897,1.2258185714285714,3.4167869387755094,3.3728571428571428,2.070594871794871,2.7660112360319054
29-1051.00,Pharmacists,2.662409852216749,3.523762857142857,2.2460534161490684,1.185657142857143,3.472784693877551,3.721428571428572,2.3024135531135532,2.881662413638942
29-1071.00,Physician Assistants,2.582745320197044,3.377925714285714,2.544762732919254,1.065422857142857,3.2857575510204065,3.107142857142857,1.9389282051282053,2.660250649029488
29-1071.01,Anesthesiologist Assistants,2.809356650246305,3.3622742857142858,2.3226503105590064,1.4228942857142854,2.960757346938775,3.2314285714285718,2.45216043956044,2.7585224822820145
29-1081.00,Podiatrists,2.562618719211823,3.146377142857143,2.354645341614907,0.9923514285714283,3.259361224489795,3.1914285714285713,2.1177036630036628,2.635894503738711
29-1122.00,Occupational Therapists,2.7756945812807885,2.8839057142857145,2.3208031055900626,1.3807485714285712,3.3281457142857143,2.52,2.161293406593406,2.546511080168707
29-1122.01,"Low Vision Therapists, Orientation and Mobility Specialists, and Vision Rehabilitation Therapists",2.8975472906403943,3.1827742857142853,1.978085714285714,1.73489,3.323373673469387,2.0928571428571425,2.4533417582417583,2.5684245512098736
29-1123.00,Physical Therapists,2.8206049261083743,3.212294285714286,2.166225465838509,1.1324171428571432,3.2948493877551024,2.8214285714285716,2.1533695970695965,2.6163177046523836
29-1124.00,Radiation Therapists,2.8981167487684734,3.309834285714286,2.4825900621118007,1.4492771428571425,2.9971424489795906,4.0928571428571425,2.296694505494506,2.937026347411851
29-1125.00,Recreational Therapists,2.8930689655172417,3.019894285714286,2.0018397515527946,1.8700157142857141,3.285441632653061,2.442857142857143,2.07745641025641,2.5671361692764294
29-1126.00,Respiratory Therapists,2.848867487684729,3.374505714285714,2.351375776397515,1.4282371428571432,3.038060204081632,3.204285714285714,2.3246234432234436,2.7567269621739365
29-1127.00,Speech-Language Pathologists,2.632633497536946,3.0581857142857145,2.2946416149068325,1.4740085714285711,3.523621632653061,2.682857142857143,2.284549816849817,2.6382850464037997
29-1128.00,Exercise Physiologists,2.804495566502463,3.2426199999999996,2.094166459627329,1.7945985714285713,3.359360612244898,2.6942857142857144,2.185223443223444,2.6664885892583534
29-1129.01,Art Therapists,2.8953059113300497,2.7443999999999997,2.1917285714285715,1.6943700000000002,3.4745891836734697,2.3771428571428572,2.0997849816849814,2.5461504400747037
29-1129.02,Music Therapists,2.8967142857142854,2.7385200000000003,2.041172670807453,1.940684285714286,3.395382040816326,2.44,2.190519413919414,2.569356056719678
29-1131.00,Veterinarians,2.7031448275862067,3.42096,2.2145260869565218,1.0357214285714287,3.0450622448979594,3.084285714285714,2.2427531135531136,2.65366992231553
29-1141.00,Registered Nurses,2.6242029556650253,3.2597514285714286,2.385614906832298,1.2937314285714279,3.204749591836734,3.104285714285715,2.026163736263736,2.656021933248054
29-1141.01,Acute Care Nurses,2.6290418719211823,3.2883085714285714,2.2642111801242235,1.3143285714285717,3.1201148979591835,3.1557142857142852,1.988427472527472,2.642880754373598
29-1141.02,Advanced Practice Psychiatric Nurses,2.6509064039408874,3.11334,2.3769062111801245,1.42074,3.6186885714285713,3.0342857142857147,1.9723959706959708,2.68992140588497
29-1141.03,Critical Care Nurses,2.631927586206896,3.2391914285714285,2.4097465838509318,1.2569514285714285,3.0183967346938765,3.1557142857142857,1.9357153846153854,2.6215973284982312
29-1141.04,Clinical Nurse Specialists,2.612410837438424,3.193085714285714,2.4850621118012426,1.193282857142857,3.287179795918367,2.6942857142857144,1.8742179487179484,2.5517257842056207
29-1151.00,Nurse Anesthetists,2.50706157635468,3.177074285714286,2.737339130434782,1.000574285714285,2.9839593877551023,3.531428571428571,1.9889655677655669,2.678636178539066
29-1161.00,Nurse Midwives,2.627059113300493,3.315028571428571,2.48396149068323,1.1022314285714288,3.243051020408163,2.7942857142857145,1.9264930402930407,2.584221196597149
29-1171.00,Nurse Practitioners,2.5286418719211823,3.2487371428571428,2.514768944099379,1.116179999999999,3.2501755102040804,3.0557142857142856,1.9336948717948723,2.6184251610693865
29-1181.00,Audiologists,2.606533004926108,3.28816,2.5275795031055903,1.4863528571428573,3.428523265306122,2.7971428571428576,1.9472838827838825,2.651396830405833
29-1211.00,Anesthesiologists,2.4709842364532024,3.2746257142857145,2.64622049689441,0.9247671428571431,3.053977755102041,3.291428571428571,2.1488238095238095,2.6576462055655847
29-1213.00,Dermatologists,2.7153024630541878,3.43748,2.1671565217391304,0.9787599999999994,3.3922273469387756,2.8299999999999996,2.1227322344322346,2.630752958837692
29-1214.00,Emergency Medicine Physicians,2.379123645320197,3.090802857142857,2.4714745341614903,0.9015142857142866,3.1195216326530604,3.2342857142857144,1.6696128205128198,2.5230151681890605
29-1215.00,Family Medicine Physicians,2.5847241379310346,3.5411314285714286,2.222583229813664,0.9119385714285722,3.5163989795918367,2.7542857142857144,2.2232505494505492,2.644135087313094
29-1216.00,General Internal Medicine Physicians,2.457546798029557,3.267728571428571,2.4477198757763965,1.1440485714285713,3.3794771428571426,3.0157142857142856,2.1834956043956035,2.6555569193699853
29-1217.00,Neurologists,2.326711822660098,2.9608628571428572,2.7814863354037267,0.7509371428571425,3.580691020408164,3.0,1.8319227106227105,2.5582706094511614
29-1218.00,Obstetricians and Gynecologists,2.4266487684729072,3.286482857142857,2.535342857142857,0.9088857142857147,3.2984495918367345,2.9114285714285715,1.9436413919413913,2.569991962837655
29-1221.00,"Pediatricians, General",2.619631034482759,3.510337142857143,2.174978260869566,1.0604085714285718,3.4262571428571427,2.698571428571429,2.06669304029304,2.6066907230176124
29-1222.00,"Physicians, Pathologists",2.3809399014778325,3.15046,2.5906086956521737,1.2375942857142852,3.3957624489795917,3.7485714285714287,2.3799230769230775,2.828597397958007
29-1223.00,Psychiatrists,2.57760591133005,3.1459771428571432,2.3127000000000004,1.2504314285714289,3.657921224489796,2.5828571428571427,1.8866783882783889,2.563111971471878
29-1224.00,Radiologists,2.3802418719211818,3.272382857142857,2.554922360248447,1.1788199999999995,3.352055714285714,3.5942857142857143,2.136886446886447,2.7634664124174178
29-1229.01,Allergists and Immunologists,2.515111330049261,3.149451428571429,2.3790428571428572,0.9924757142857148,3.52485693877551,3.0742857142857143,2.1198084249084244,2.6483932183456935
29-1229.02,Hospitalists,2.43817684729064,3.27516,2.564253416149068,0.9620057142857146,3.373461632653061,2.932857142857143,1.7956351648351645,2.5715623883317367
29-1229.03,Urologists,2.403050738916257,3.0368914285714284,2.8648540372670808,0.7068199999999996,3.207974897959183,3.4171428571428573,1.8698183150183145,2.6182562822250572
29-1229.04,Physical Medicine and Rehabilitation Physicians,2.54820197044335,3.0638685714285714,2.5635068322981365,0.9162342857142853,3.384511020408163,2.968571428571429,1.9324842490842484,2.5810482692201777
29-1229.05,Preventive Medicine Physicians,2.2979645320197046,2.9500828571428572,2.598916770186335,1.0370185714285718,3.532728775510204,2.7914285714285714,1.748260805860805,2.5012347940272406
29-1229.06,Sports Medicine Physicians,2.5003054187192117,2.9577,2.5827198757763976,0.8414171428571438,3.1678702040816327,2.8614285714285717,1.906773992673993,2.494596858470294
29-1241.00,"Ophthalmologists, Except Pediatric",2.4084236453201973,3.0740285714285713,2.701586956521739,0.7584985714285715,3.1893279591836734,3.4357142857142864,1.8807501831501838,2.616030963800282
29-1291.00,Acupuncturists,3.062722167487685,3.3482399999999997,1.9862049689440995,1.6453600000000002,3.4421195918367347,2.6628571428571424,2.606840659340659,2.7647162882656002
29-1292.00,Dental Hygienists,3.149855665024631,3.40296,2.0010155279503103,1.743607142857143,3.131479999999999,3.361428571428571,2.5849102564102564,2.8871288695816926
29-1299.01,Naturopathic Physicians,2.6089334975369463,3.0885371428571426,2.3577360248447206,1.3016000000000005,3.5733718367346934,2.617142857142857,2.2047897435897434,2.6107070070208227
29-1299.02,Orthoptists,2.837647290640394,3.417162857142857,2.022157763975155,1.8064042857142861,3.4702114285714285,2.865714285714286,2.279951282051283,2.7567449908726958
29-2011.00,Medical and Clinical Laboratory Technologists,2.639411822660099,3.4798142857142857,2.641329192546584,1.405554285714286,3.1349724489795925,3.718571428571429,2.5088776556776553,2.9128640654951177
29-2011.01,Cytogenetic Technologists,2.7848817733990154,3.486297142857143,2.2354285714285713,1.6482371428571425,3.343055918367347,3.712857142857143,2.826999267399266,2.997123115303416
29-2011.02,Cytotechnologists,2.9913241379310342,3.7262142857142857,1.9979826086956523,1.853767142857143,3.3631212244897952,3.427142857142857,2.95742967032967,3.0263169443535687
29-2011.04,Histotechnologists,3.092124630541872,3.5527571428571427,1.9856204968944102,1.8432699999999995,3.154255306122449,3.7971428571428567,2.918932600732601,3.0500280731561222
29-2012.00,Medical and Clinical Laboratory Technicians,3.0079866995073887,3.4223857142857144,2.315670186335404,1.8079357142857146,3.1741785714285706,3.5942857142857143,2.6630831501831502,2.9713628532299783
29-2012.01,Histology Technicians,3.2374177339901475,3.706045714285714,1.8938788819875783,1.9214971428571426,3.1574273469387757,3.8042857142857147,3.0036007326007326,3.108068474513921
29-2031.00,Cardiovascular Technologists and Technicians,2.957553201970444,3.4776457142857145,2.1680229813664598,1.6529871428571425,3.1463410204081628,3.512857142857143,2.510618681318682,2.8984962336912394
29-2032.00,Diagnostic Medical Sonographers,2.9701970443349763,3.4220914285714286,2.0758447204968937,1.79427,3.153755102040816,3.5742857142857147,2.5032014652014642,2.9092553709291353
29-2033.00,Nuclear Medicine Technologists,2.9155029556650245,3.4807371428571425,2.1572447204968945,1.5289657142857145,3.1908208163265295,3.474285714285714,2.411745421245421,2.863299136749521
29-2034.00,Radiologic Technologists and Technicians,3.1002349753694585,3.644011428571429,1.956647826086957,1.699502857142857,3.0541281632653057,3.3785714285714286,2.4135776556776554,2.873122187469844
29-2035.00,Magnetic Resonance Imaging Technologists,3.019254187192118,3.378097142857143,2.2222776397515527,1.5616971428571431,3.1655422448979587,3.6557142857142852,2.4361871794871788,2.9094024485688865
29-2036.00,Medical Dosimetrists,2.5927931034482756,3.0080142857142858,2.3760024844720498,1.4555142857142869,3.576493673469388,3.7728571428571422,2.6124128205128203,2.9061801880617772
29-2051.00,Dietetic Technicians,3.108935467980296,3.305817142857143,2.1130813664596273,1.6632414285714292,3.1533671428571433,3.2714285714285714,2.435801465201465,2.832506176623227
29-2052.00,Pharmacy Technicians,3.0860857142857143,3.66036,2.108182608695652,1.8827085714285716,3.33584918367347,3.6242857142857146,2.5042432234432233,3.0119269790799263
29-2053.00,Psychiatric Technicians,3.1156512315270932,3.5421771428571427,1.8692732919254653,2.1863914285714285,3.3586493877551016,2.5871428571428576,2.250799267399268,2.763086597909052
29-2055.00,Surgical Technologists,3.0478374384236457,3.4137257142857145,2.1497180124223605,1.382022857142858,2.937439387755102,3.335714285714286,2.5411769230769234,2.8113438636305865
29-2056.00,Veterinary Technologists and Technicians,2.921848768472907,3.440297142857143,2.2097354037267083,1.7116085714285716,2.9337616326530616,2.9528571428571433,2.482867032967033,2.749522012629478
29-2057.00,Ophthalmic Medical Technicians,3.225877832512315,3.7524828571428572,1.850362732919255,1.8789871428571425,3.4260289795918366,3.168571428571429,2.4964663003663006,2.941777668733922
29-2061.00,Licensed Practical and Licensed Vocational Nurses,2.881508866995074,3.45572,2.188396894409938,1.4665742857142852,3.2156616326530605,3.275714285714286,2.2511556776556776,2.7912469017508514
29-2081.00,"Opticians, Dispensing",3.0314029556650244,3.2445514285714285,2.32993354037267,1.7472585714285715,3.4402126530612236,3.315714285714286,2.135306227106227,2.848583057983567
29-2091.00,Orthotists and Prosthetists,2.7088059113300496,2.746742857142857,2.418490683229814,1.428565714285714,3.050204285714285,2.9857142857142853,2.1940095238095236,2.5868128835939173
29-2092.00,Hearing Aid Specialists,3.104129064039409,3.461011428571428,2.0928819875776394,1.6767757142857143,3.4716363265306125,2.8971428571428572,2.4132036630036633,2.823891413936674
29-2099.01,Neurodiagnostic Technologists,2.9089443349753696,3.5356485714285713,2.4164055900621118,1.6825457142857148,3.153493673469387,3.2357142857142853,2.362272893772894,2.8510919086245727
29-2099.05,Ophthalmic Medical Technologists,3.1051768472906405,3.679302857142857,1.8881242236024842,1.9253928571428567,3.398576530612245,2.9,2.349437728937729,2.8412258026720547
29-2099.08,Patient Representatives,3.0345886699507387,3.4774257142857143,2.223251552795031,2.0376699999999994,3.533934897959184,3.1585714285714284,2.1718893772893764,2.890482239916541
29-9091.00,Athletic Trainers,2.8565502463054186,3.1408628571428574,2.1183428571428573,1.2197614285714287,3.1236057142857145,3.0685714285714285,2.293109890109891,2.6596440204622964
29-9092.00,Genetic Counselors,2.6760039408867,3.4302971428571425,2.047926708074534,1.9110042857142862,3.750651836734694,2.6399999999999997,2.258952014652016,2.741278839648465
29-9093.00,Surgical Assistants,2.9211029556650248,3.343114285714286,2.3311701863354037,1.5482085714285718,2.862786122448979,3.06,2.3362820512820512,2.7194306880429484
29-9099.01,Midwives,2.8101891625615765,3.3151314285714286,2.429473291925466,1.305567142857143,3.363143673469387,2.39,2.1228498168498158,2.593201155696092
31-1121.00,Home Health Aides,3.1987625615763546,3.4322342857142853,1.8059757763975153,1.8939714285714286,3.3309022448979593,2.8242857142857143,2.628204761904762,2.8233674414680414
31-1122.00,Personal Care Aides,3.270236945812808,3.4043114285714284,2.044460248447205,1.810835714285714,3.2091208163265303,2.9757142857142855,2.427747619047619,2.827384974879907
31-1131.00,Nursing Assistants,3.348281280788177,3.575522857142857,1.7893770186335407,1.8500642857142857,3.182396734693877,3.182857142857143,2.6089428571428566,2.907787118471376
31-1132.00,Orderlies,3.554564532019704,3.811362857142857,1.5998987577639754,1.7620871428571427,2.9943244897959183,3.6271428571428572,2.7152164835164836,3.022947415861928
31-1133.00,Psychiatric Aides,3.1367847290640394,3.3522600000000002,1.9660000000000002,1.7717785714285719,3.2139500000000005,2.7028571428571433,2.3017765567765567,2.7150649785903753
31-2011.00,Occupational Therapy Assistants,3.0452807881773407,3.1493828571428573,1.964319875776397,1.364394285714286,3.2223420408163266,3.3085714285714283,2.344762637362638,2.7588509503882284
31-2012.00,Occupational Therapy Aides,3.231518719211823,3.36688,1.9785291925465835,1.7411314285714283,3.238165918367346,2.6957142857142857,2.3707604395604394,2.7422076808255995
31-2021.00,Physical Therapist Assistants,3.0794862068965525,3.258137142857143,2.1155105590062115,1.5811728571428567,3.233546734693877,2.661428571428572,2.2973263736263734,2.682228524611713
31-2022.00,Physical Therapist Aides,3.2957827586206894,3.5061114285714288,1.9244857142857141,1.896877142857143,3.2860677551020396,2.545714285714286,2.580910256410256,2.791609972662805
31-9011.00,Massage Therapists,3.341131527093596,3.4503942857142853,1.7746198757763973,1.9347028571428568,3.393135306122449,2.6514285714285717,2.802484249084249,2.8492897927798264
31-9091.00,Dental Assistants,3.173987192118227,3.3960999999999997,2.2028024844720493,1.8503599999999998,3.083395714285714,3.1271428571428577,2.3761102564102563,2.835183794297906
31-9092.00,Medical Assistants,2.9249571428571426,3.27658,2.473683229813665,1.6867485714285722,3.344866326530612,2.9585714285714286,2.311436996336996,2.7864335356972223
31-9093.00,Medical Equipment Preparers,3.151637931034483,3.554348571428571,2.5249173913043483,1.4937828571428575,2.9137322448979597,3.595714285714286,2.6905490842490836,2.9675530567290926
31-9094.00,Medical Transcriptionists,3.209502463054187,3.9022285714285716,1.8561968944099383,1.9491457142857143,3.544883673469388,3.3500000000000005,2.8246549450549447,3.072724708820629
31-9095.00,Pharmacy Aides,3.3274689655172414,3.602665714285714,2.0981757763975155,1.8939828571428565,3.39189387755102,3.262857142857143,2.4078252747252753,2.9612653667373534
31-9096.00,Veterinary Assistants and Laboratory Animal Caretakers,3.2381453201970443,3.6182742857142856,1.9803670807453417,1.8935514285714286,2.879362244897958,3.0100000000000002,2.5825406593406592,2.8371402274541695
31-9097.00,Phlebotomists,3.1138541871921186,3.5484114285714283,2.213042857142857,1.4849714285714284,3.1152857142857138,3.7014285714285715,2.2617000000000007,2.9159748423645317
31-9099.01,Speech-Language Pathology Assistants,3.0488995073891627,3.22276,1.851294409937888,2.074127142857143,3.6039926530612245,2.6214285714285714,2.618311355311356,2.7909223969294787
31-9099.02,Endoscopy Technicians,3.134615270935961,3.53142,2.1724968944099374,1.7471999999999994,3.0550130612244892,3.4499999999999997,2.573664102564102,2.9261765546496763
33-1011.00,First-Line Supervisors of Correctional Officers,2.920052709359606,3.3374457142857143,2.4636881987577635,1.2761342857142863,3.0352597959183667,2.858571428571428,1.8091479853479853,2.610982464898241
33-1012.00,First-Line Supervisors of Police and Detectives,2.7380532019704438,3.172182857142857,2.4260602484472047,1.127865714285714,2.873256734693877,2.9,1.7394333333333347,2.5138315153443687
33-1021.00,First-Line Supervisors of Firefighting and Prevention Workers,2.7877467980295565,2.9938,2.5433913043478267,0.8817042857142852,2.5227508163265306,2.914285714285714,1.8352399267399262,2.446297333027756
33-1091.00,First-Line Supervisors of Security Workers,2.946927093596059,3.4400057142857143,2.1877863354037266,1.0602914285714284,3.181031836734694,3.184285714285714,2.137331501831501,2.7174593412218537
33-2011.00,Firefighters,2.9141945812807886,3.331791428571429,2.245531055900621,1.3349314285714287,2.3054255102040813,3.032857142857143,2.247999267399268,2.5845292951369685
33-2021.00,Fire Inspectors and Investigators,2.868229064039409,3.304674285714286,2.3641024844720495,1.4494828571428569,2.984509387755102,2.924285714285714,2.2165619047619045,2.672311873359239
33-2022.00,Forest Fire Inspectors and Prevention Specialists,2.9769152709359608,3.3204800000000003,2.1739633540372667,1.153368571428571,2.705385714285714,3.3685714285714288,2.1611,2.6810296260441207
33-3011.00,Bailiffs,3.3463960591133004,3.6867314285714285,2.000329192546584,1.9734857142857143,3.4101220408163266,2.527142857142857,2.3358930402930405,2.819681447430915
33-3012.00,Correctional Officers and Jailers,3.054083743842365,3.368277142857143,2.116616770186335,1.3932514285714275,2.92747387755102,3.2585714285714285,2.0752102564102564,2.7164578586891794
33-3021.00,Detectives and Criminal Investigators,2.772158620689655,3.1963657142857143,2.25448447204969,1.155595714285714,2.9573130612244896,3.1242857142857146,2.0382388278388275,2.610476595096486
33-3021.02,Police Identification and Records Officers,2.9563955665024633,3.309077142857143,2.1352850931677017,1.7425385714285717,3.0890126530612236,2.71,2.562906227106227,2.717391104888686
33-3021.06,Intelligence Analysts,2.699453694581281,3.0692857142857144,2.2057937888198755,2.0302742857142855,3.666964693877551,3.0785714285714287,2.4272106227106227,2.818758301985977
33-3031.00,Fish and Game Wardens,2.898768472906404,3.214517142857143,2.33146645962733,1.1943828571428567,2.7893385714285706,2.9471428571428575,2.1799164835164833,2.60439460371188
33-3041.00,Parking Enforcement Workers,3.345741871921182,3.4838771428571427,1.9510304347826086,2.0456671428571425,3.136724489795918,3.174285714285714,2.5268347985347988,2.9085036460874742
33-3051.00,Police and Sheriff's Patrol Officers,2.86276157635468,3.3578400000000004,2.2937937888198756,1.2386299999999997,2.751617142857143,3.0300000000000002,1.8575783882783887,2.5837119450055197
33-3051.04,Customs and Border Protection Officers,2.9475330049261084,3.458871428571429,2.5406975155279503,1.4041042857142854,2.869782040816326,3.531428571428571,2.194414285714286,2.82135600841416
33-3052.00,Transit and Railroad Police,3.03419802955665,3.4309942857142857,2.039563354037267,1.3767671428571417,2.776012040816326,3.031428571428571,2.152097802197803,2.6569140877179147
33-9011.00,Animal Control Workers,3.1867822660098524,3.360648571428571,2.1472086956521736,1.4050342857142857,2.7637540816326522,2.737142857142857,2.1763256410256413,2.625779453579725
33-9021.00,Private Detectives and Investigators,2.9361108374384237,3.3316,2.26561801242236,1.7071142857142858,3.4861681632653054,3.075714285714285,2.589842857142857,2.8639743656335095
33-9031.00,Gambling Surveillance Officers and Gambling Investigators,3.023712315270936,3.545702857142857,2.3879552795031054,1.5298285714285713,3.3957712244897955,3.255714285714286,2.546926373626374,2.9197381578155195
33-9032.00,Security Guards,3.2351142857142863,3.4613199999999997,2.2138304347826088,1.4843128571428572,3.2961685714285713,3.0157142857142856,2.260946520146521,2.8109895929288107
33-9091.00,Crossing Guards and Flaggers,3.619400492610837,3.8700085714285715,1.3796055900621116,2.021897142857143,3.2397795918367347,2.26,3.079928571428572,2.8635178573876328
33-9092.00,"Lifeguards, Ski Patrol, and Other Recreational Protective Service Workers",3.3067133004926106,3.686585714285714,1.7348937888198757,1.6864957142857144,3.0343153061224486,2.5742857142857147,2.5818043956043946,2.7484089006434775
33-9093.00,Transportation Security Screeners,3.191352709359606,3.7133599999999998,1.835196894409938,2.105242857142857,2.9295922448979597,3.357142857142857,2.545471794871796,2.9224390589532554
33-9099.02,Retail Loss Prevention Specialists,3.055929064039409,3.4612314285714287,2.3544720496894413,1.527484285714285,3.458907346938775,3.0714285714285716,2.412331868131868,2.860741303978309
35-1011.00,Chefs and Head Cooks,2.8778453201970446,3.1008285714285715,2.167417391304348,1.6434342857142852,2.8980593877551004,3.4514285714285715,2.1262421245421246,2.7218171925760037
35-1012.00,First-Line Supervisors of Food Preparation and Serving Workers,3.1005408866995072,3.3927771428571427,2.155671428571429,1.9600757142857144,3.409001836734694,3.1514285714285717,2.234431868131868,2.86237318873491
35-2011.00,"Cooks, Fast Food",3.5823113300492615,3.758562857142857,1.299211801242236,2.2788314285714284,3.5258177551020413,2.5985714285714288,2.959495604395604,2.951446740699117
35-2012.00,"Cooks, Institution and Cafeteria",3.289766995073892,3.6597542857142855,1.749544720496894,1.8908485714285712,3.228612244897959,2.9785714285714286,2.774969230769231,2.902719028375137
35-2013.00,"Cooks, Private Household",3.299592118226601,3.322565714285714,1.8243111801242233,2.1151928571428575,3.335666326530612,2.8742857142857146,3.0608710622710626,2.9216118297809492
35-2014.00,"Cooks, Restaurant",3.474902463054187,3.722122857142857,1.338248447204969,2.023494285714286,3.2367365306122444,3.108571428571429,3.2508816849816853,3.0105850893748576
35-2015.00,"Cooks, Short Order",3.4699354679802954,3.8159542857142856,1.4013658385093166,2.3366214285714286,3.2768565306122444,2.7199999999999998,3.1546271062271063,2.9754047352881643
35-2021.00,Food Preparation Workers,3.654361083743842,3.8640114285714287,1.4357416149068327,2.4430199999999997,3.3995575510204077,3.0285714285714285,3.1728648351648356,3.1072096819800463
35-3011.00,Bartenders,3.3099763546798027,3.490782857142857,1.614294409937888,2.4081371428571425,3.3646138775510197,2.5714285714285716,2.596566666666666,2.8308198329712693
35-3023.00,Fast Food and Counter Workers,3.6756123152709357,3.8401914285714285,1.3031192546583847,2.1090185714285714,3.340687551020408,3.0699999999999994,2.861532967032967,3.0129174218930563
35-3023.01,Baristas,3.4193256157635465,3.661262857142857,1.5447080745341613,2.425854285714286,3.238667142857142,2.7599999999999993,2.679731868131868,2.8989043586091565
35-3031.00,Waiters and Waitresses,3.531885221674877,3.76584,1.4497074534161494,2.3801571428571426,3.414452448979592,2.7628571428571425,2.7909358974358978,2.9610249234123125
35-3041.00,"Food Servers, Nonrestaurant",3.5773270935960584,3.7350114285714286,1.706207453416149,1.9617499999999999,3.2796928571428565,3.3557142857142854,2.724280952380952,3.0353854522381662
35-9011.00,Dining Room and Cafeteria Attendants and Bartender Helpers,3.639441379310344,3.6750285714285713,1.4515093167701862,2.366702857142857,3.3133065306122442,2.761428571428571,2.8200945054945055,2.9512875797038682
35-9021.00,Dishwashers,3.732527093596059,3.81608,1.343519254658385,2.66225,3.346548775510204,2.5928571428571425,3.2687505494505498,3.043734316820789
35-9031.00,"Hosts and Hostesses, Restaurant, Lounge, and Coffee Shop",3.5480684729064036,3.827,1.4042782608695652,2.236335714285714,3.4711385714285714,2.634285714285714,2.7234274725274727,2.9263637179020376
37-1011.00,First-Line Supervisors of Housekeeping and Janitorial Workers,3.2247931034482757,3.387162857142857,2.2710465838509317,1.6369071428571424,3.1722169387755095,3.242857142857143,2.2731912087912085,2.8479714174659136
37-1012.00,"First-Line Supervisors of Landscaping, Lawn Service, and Groundskeeping Workers",2.9902014778325126,3.1500628571428573,2.236307453416149,1.3419671428571425,2.6929446938775508,3.2142857142857144,2.1934886446886455,2.654689253515707
37-2011.00,"Janitors and Cleaners, Except Maids and Housekeeping Cleaners",3.5315019704433492,3.6235057142857143,1.6690105590062116,2.0105771428571426,3.1286953061224487,2.515714285714286,3.052108791208791,2.871473394638238
37-2012.00,Maids and Housekeeping Cleaners,3.642807389162561,3.8278,1.3329062111801242,2.659061428571429,3.294841836734693,3.0742857142857143,3.1214454212454212,3.0970881039036993
37-2021.00,Pest Control Workers,3.103595566502463,3.471665714285714,1.8031180124223605,1.8050942857142855,2.773402040816326,3.1914285714285713,2.701823443223443,2.8066799588235707
37-3011.00,Landscaping and Groundskeeping Workers,3.542592118226601,3.64806,1.4006906832298136,2.396118571428571,2.78642,3.0028571428571427,3.174225641025641,2.952947017925103
37-3012.00,"Pesticide Handlers, Sprayers, and Applicators, Vegetation",3.2816088669950743,3.577617142857143,1.8615726708074538,1.6468799999999995,2.8216548979591836,3.13,2.7519831501831495,2.841774875779928
37-3013.00,Tree Trimmers and Pruners,3.3291522167487684,3.57244,1.7963546583850931,1.4315014285714285,2.5504030612244897,3.0071428571428567,2.9398175824175823,2.7829861091828496
39-1013.00,First-Line Supervisors of Gambling Services Workers,3.095424137931035,3.6786914285714287,1.7809136645962733,1.7510657142857142,3.365525306122448,3.5100000000000002,2.365621978021978,2.9309873654852323
39-1022.00,First-Line Supervisors of Personal Service Workers,3.1250270935960587,3.41052,2.162106211180124,1.1336428571428572,3.298917755102041,3.0871428571428576,2.2627824175824167,2.7615905682029473
39-2011.00,Animal Trainers,3.2025162561576357,3.1938685714285713,1.8154869565217395,1.5999585714285716,3.0912667346938765,2.5028571428571427,2.50450989010989,2.6409401992249557
39-2021.00,Animal Caretakers,3.4426108374384237,3.646268571428571,1.7099310559006209,1.938922857142857,3.0465681632653054,2.5,2.770961172161172,2.800846702948369
39-3011.00,Gambling Dealers,3.4567985221674875,3.8577142857142857,1.2547447204968945,2.5821557142857143,3.4717689795918365,3.0814285714285714,2.8197571428571426,3.0408815973135876
39-3012.00,Gambling and Sports Book Writers and Runners,3.376392118226601,3.7858514285714286,1.4865260869565218,2.4355957142857143,3.493080408163265,3.3985714285714286,2.7529490842490842,3.083167421720066
39-3021.00,Motion Picture Projectionists,3.445876354679803,3.818834285714286,1.5899881987577642,2.322337142857143,3.3587451020408157,3.03,3.102707326007326,3.056156994427825
39-3031.00,"Ushers, Lobby Attendants, and Ticket Takers",3.5834768472906404,3.7835971428571424,1.3984,2.7483657142857143,3.462899795918367,2.6128571428571434,2.7787871794871792,2.9785621448329995
39-3091.00,Amusement and Recreation Attendants,3.551760098522167,3.662431428571429,1.4883515527950308,2.4546085714285715,3.3527899999999997,2.3171428571428576,2.7387556776556776,2.853585164563323
39-3092.00,Costume Attendants,3.441777832512315,3.1605314285714283,1.692293788819876,2.06551,3.270975510204081,2.9842857142857144,2.8436901098901095,2.880183753915821
39-3093.00,"Locker Room, Coatroom, and Dressing Room Attendants",3.695566502463054,3.86536,1.2291857142857143,2.4342514285714283,3.5214714285714286,2.44,2.936231135531136,2.957138074270557
39-4011.00,Embalmers,3.2462093596059116,3.43798,2.100507453416149,1.3371771428571435,2.9695642857142857,3.045714285714286,2.4115901098901094,2.7627128800517324
39-4021.00,Funeral Attendants,3.601335960591133,3.7752685714285716,1.5366198757763976,2.511565714285714,3.4346785714285715,2.384285714285714,2.815573626373626,2.9257042113366394
39-4031.00,"Morticians, Undertakers, and Funeral Arrangers",3.0571522167487686,3.269625714285714,2.062137267080745,1.4744042857142858,3.186858979591836,2.6585714285714284,2.1271798534798534,2.631490955609715
39-5011.00,Barbers,3.509409359605911,3.3990428571428573,1.4002298136645963,1.9863185714285718,3.3354269387755107,3.1642857142857146,2.9047996336996342,2.9438137997500466
39-5012.00,"Hairdressers, Hairstylists, and Cosmetologists",3.1980325123152706,3.126,1.5801211180124226,1.8252342857142856,3.2743502040816317,3.237142857142857,2.5189981684981695,2.805571244535503
39-5091.00,"Makeup Artists, Theatrical and Performance",3.127414285714286,2.9000085714285713,1.9114937888198753,1.8424142857142853,3.073631632653061,3.065714285714286,2.583271428571429,2.741182552351375
39-5092.00,Manicurists and Pedicurists,3.6270536945812806,3.670702857142857,1.2105621118012422,2.6661357142857143,3.5067336734693875,2.5300000000000002,3.189410989010989,2.9927549647393734
39-5093.00,Shampooers,3.6083857142857143,3.7335028571428572,1.3651006211180123,2.233887142857143,3.4556742857142857,3.045714285714286,2.8541919413919414,3.0168048533205924
39-5094.00,Skincare Specialists,3.2415822660098517,3.3998685714285717,1.8441732919254654,1.8754057142857143,3.3587061224489796,2.8957142857142855,2.488430036630036,2.824388807241591
39-6011.00,Baggage Porters and Bellhops,3.4329433497536943,3.65062,1.8145012422360245,1.8870642857142856,3.0403912244897953,2.4585714285714286,2.5827282051282046,2.7678732554150707
39-6012.00,Concierges,3.2768635467980296,3.2552857142857143,1.894331677018634,1.9951971428571427,3.592581428571428,2.5957142857142856,2.2824355311355307,2.7691706722490403
39-7011.00,Tour Guides and Escorts,3.4815832512315272,3.6417085714285715,1.5089273291925467,2.3500057142857145,3.517317551020408,2.3557142857142854,2.6815509157509156,2.8553602049053968
39-7012.00,Travel Guides,3.136348275862069,3.2098085714285713,2.013740372670807,1.4129557142857143,3.3120891836734696,2.9985714285714287,2.2787600732600732,2.7329348100435653
39-9011.00,Childcare Workers,3.2668477832512313,3.372877142857143,1.5231142857142856,1.9191285714285713,3.378608979591837,2.507142857142857,2.6931974358974355,2.752382558382504
39-9011.01,Nannies,3.1791921182266005,3.295725714285714,1.585798757763975,1.8665199999999995,3.2255287755102033,2.3485714285714288,2.71943663003663,2.6779286471995554
39-9031.00,Exercise Trainers and Group Fitness Instructors,3.2879162561576356,3.2114571428571432,1.7020360248447204,1.8690642857142858,3.1510118367346927,2.728571428571428,2.539921245421246,2.731370288945794
39-9032.00,Recreation Workers,3.107310344827586,3.0970371428571433,2.143866459627329,1.7406000000000006,3.3850175510204084,2.5,2.1626512820512827,2.651249094076196
39-9041.00,Residential Advisors,3.1804911330049257,3.4176685714285715,2.0905832298136646,1.6715400000000002,3.4984199999999994,2.4514285714285715,2.2641534798534795,2.7206080149101273
41-1011.00,First-Line Supervisors of Retail Sales Workers,3.128326600985222,3.4817085714285714,1.9064559006211181,1.8054528571428574,3.4241271428571425,2.934285714285714,2.1635113553113547,2.787699069220884
41-1012.00,First-Line Supervisors of Non-Retail Sales Workers,2.89924039408867,3.2945314285714287,2.2845614906832297,1.3351285714285708,3.444344489795918,3.315714285714286,2.0210241758241767,2.7739829365960658
41-2011.00,Cashiers,3.52642512315271,3.8202857142857143,1.384680745341615,2.458525714285715,3.4751248979591844,2.7842857142857143,2.8600256410256404,2.993456995283363
41-2012.00,Gambling Change Persons and Booth Cashiers,3.340900985221675,3.6911742857142857,1.7208757763975158,2.199885714285714,3.386580816326531,3.4457142857142853,2.622586813186813,3.0374054412785756
41-2021.00,Counter and Rental Clerks,3.37480591133005,3.5889571428571427,1.762449689440994,2.1578685714285712,3.3705457142857136,2.857142857142857,2.542654945054945,2.8950049545447056
41-2022.00,Parts Salespersons,3.1248019704433503,3.3208542857142858,2.064221739130435,1.6493742857142855,3.0529744897959175,2.9899999999999998,2.2428329670329665,2.73057915943245
41-2031.00,Retail Salespersons,3.3396339901477834,3.488942857142857,1.6545906832298138,2.084017142857143,3.4369236734693875,2.98,2.4867073260073265,2.882691959623799
41-3011.00,Advertising Sales Agents,3.0532620689655174,3.0517514285714284,1.9045658385093165,1.9324685714285716,3.619744489795918,2.945714285714286,2.2268553113553122,2.7655882929398725
41-3021.00,Insurance Sales Agents,3.0838733990147786,3.4138,1.8573795031055902,1.939174285714286,3.6285583673469386,3.2542857142857144,2.522212454212454,2.927779154825256
41-3031.00,"Securities, Commodities, and Financial Services Sales Agents",2.9617187192118224,3.3515514285714287,2.148617391304348,1.6890342857142855,3.7350063265306126,3.0728571428571425,2.4717223443223446,2.876336419068723
41-3041.00,Travel Agents,3.1660581280788183,3.4205314285714286,1.9151937888198758,1.8713128571428572,3.7369212244897954,3.3714285714285714,2.5025798534798533,2.976849974074972
41-4011.00,"Sales Representatives, Wholesale and Manufacturing, Technical and Scientific Products",3.087697536945813,3.3989028571428572,1.6940739130434783,1.8405714285714287,3.5008520408163264,2.974285714285714,2.4378849816849817,2.8121222895071303
41-4011.07,Solar Sales Representatives and Assessors,3.079566502463055,3.21952,2.04703602484472,1.9329742857142858,3.5471438775510205,2.8000000000000003,2.4711956043956045,2.8056149287173526
41-4012.00,"Sales Representatives, Wholesale and Manufacturing, Except Technical and Scientific Products",3.1885093596059115,3.2856057142857145,1.8351857142857142,1.7710885714285718,3.449566122448979,3.0100000000000002,2.356959706959708,2.8047235640664754
41-9011.00,Demonstrators and Product Promoters,3.3250561576354682,3.437651428571429,1.563780745341615,2.194197142857143,3.4842899999999997,2.825714285714286,2.5292106227106226,2.857371877300361
41-9012.00,Models,3.734760591133005,3.54776,1.1905031055900621,2.873508571428572,3.540594285714285,1.8571428571428572,3.3251959706959715,2.9000763662619238
41-9021.00,Real Estate Brokers,3.1312536945812814,3.44934,2.0048211180124227,1.5925599999999998,3.5742238775510202,3.0828571428571436,2.373824542124541,2.8556058575111973
41-9022.00,Real Estate Sales Agents,3.002465024630542,3.294988571428571,2.0354434782608695,1.5600785714285714,3.4730140816326522,3.095714285714286,2.09086446886447,2.7578948840952364
41-9031.00,Sales Engineers,2.750143349753695,2.8488257142857143,2.1311273291925463,1.5337857142857145,3.6982353061224487,2.775714285714286,2.2919802197802204,2.660011849981995
41-9041.00,Telemarketers,3.485441871921182,3.537137142857143,1.8242621118012423,2.3205999999999998,3.7018479591836733,3.571428571428572,2.5017512820512815,3.112698663867831
41-9091.00,"Door-to-Door Sales Workers, News and Street Vendors, and Related Workers",3.4558349753694584,3.524797142857143,1.5058055900621121,2.456178571428572,3.664086938775511,2.2800000000000002,2.4989648351648346,2.8237509999741106
43-1011.00,First-Line Supervisors of Office and Administrative Support Workers,2.9339364532019703,3.2698885714285715,2.2865950310559007,1.6396828571428572,3.657643673469388,2.982857142857143,2.1710194139194137,2.794072434194206
43-2011.00,"Switchboard Operators, Including Answering Service",3.51806157635468,3.8680942857142857,1.6638689440993788,2.3186442857142855,3.651045306122449,2.8814285714285717,2.6876999999999995,3.033272212495793
43-2021.00,Telephone Operators,3.490084236453202,3.8001,1.7396018633540375,2.133717142857143,3.6336053061224494,3.4071428571428575,2.565112087912088,3.0920957166228504
43-3011.00,Bill and Account Collectors,3.2715596059113303,3.6829428571428573,1.6596049689440993,2.157295714285714,3.723214693877551,3.1957142857142853,2.6941465201465196,3.026612477027577
43-3021.00,Billing and Posting Clerks,3.2034152709359605,3.7847485714285716,1.7244372670807453,2.3503614285714285,3.642461836734694,3.124285714285714,2.967769597069597,3.0720963038476836
43-3031.00,"Bookkeeping, Accounting, and Auditing Clerks",3.1248561576354676,3.7783857142857142,1.899813664596273,2.1671500000000004,3.654034693877551,3.391428571428572,2.789308424908425,3.0869698293514154
43-3041.00,Gambling Cage Workers,3.305192610837439,3.79634,1.7117590062111803,2.047554285714286,3.4792048979591836,3.6614285714285715,2.65293772893773,3.0932683291384135
43-3051.00,Payroll and Timekeeping Clerks,3.1560482758620694,3.6957771428571426,1.8909000000000002,2.329281428571428,3.711869387755102,3.3228571428571425,2.8883974358974354,3.1044034077843334
43-3061.00,Procurement Clerks,3.1228517241379308,3.636082857142857,1.921303105590062,1.9425271428571431,3.6356699999999993,2.912857142857143,2.69558205128205,2.9324824483005747
43-3071.00,Tellers,3.1587551724137928,3.6064257142857143,2.0043043478260865,1.8182442857142855,3.5098961224489793,3.605714285714286,2.419899267399267,3.0076441619790573
43-4011.00,Brokerage Clerks,3.1304,3.719451428571429,1.827662732919254,2.164057142857143,3.674112448979592,3.584285714285714,2.749537362637362,3.1070543164630404
43-4021.00,Correspondence Clerks,3.1406256157635464,3.5753914285714288,1.8410478260869567,1.9300285714285712,3.706805918367347,3.408571428571429,2.70009706959707,3.0272599303107475
43-4031.00,"Court, Municipal, and License Clerks",3.225786206896552,3.6946914285714287,1.8466857142857145,2.1445842857142856,3.64124224489796,3.18,2.5696846153846153,3.0048376743625833
43-4041.00,"Credit Authorizers, Checkers, and Clerks",3.246996551724138,3.7657714285714285,1.8571254658385097,1.6461557142857144,3.649205918367347,3.5885714285714294,2.490988644688645,3.040986785229442
43-4051.00,Customer Service Representatives,3.1885192118226597,3.5531685714285715,1.9053931677018627,2.2277885714285715,3.594611224489796,3.4714285714285715,2.428008424908425,3.022250003096176
43-4061.00,"Eligibility Interviewers, Government Programs",3.082504926108374,3.5848000000000004,1.991280745341615,1.991721428571429,3.7143597959183667,3.1714285714285717,2.5272857142857146,2.968928497123887
43-4071.00,File Clerks,3.1447197044334976,3.471922857142857,2.087307453416149,2.19705,3.597352857142857,3.025714285714286,2.6098578754578754,2.957156596611035
43-4081.00,"Hotel, Motel, and Resort Desk Clerks",3.330982266009852,3.528777142857143,1.8516844720496897,1.7980842857142862,3.598221224489796,3.1042857142857145,2.3423216117216117,2.905879355395301
43-4111.00,"Interviewers, Except Eligibility and Loan",3.1517014778325123,3.5875371428571428,2.24485652173913,1.7137914285714286,3.5199606122448976,3.5785714285714283,2.1458747252747257,2.9723401744767335
43-4121.00,"Library Assistants, Clerical",3.3077088669950743,3.6573857142857142,1.8376975155279505,2.2799914285714284,3.494148163265307,2.994285714285714,2.716405128205128,2.9869732181797644
43-4131.00,Loan Interviewers and Clerks,2.9511665024630545,3.44896,2.1372440993788815,1.706127142857143,3.6714689795918365,3.5928571428571425,2.4057483516483518,2.9745101278505173
43-4141.00,New Accounts Clerks,3.2755059113300495,3.77088,1.6794695652173908,2.1491742857142855,3.6446765306122453,3.4028571428571426,2.554974358974359,3.0503413338020944
43-4151.00,Order Clerks,3.126566995073892,3.581477142857143,2.0935105590062113,2.1211457142857144,3.5416544897959183,3.072857142857143,2.563237728937728,2.9579775094003233
43-4161.00,"Human Resources Assistants, Except Payroll and Timekeeping",3.1178305418719217,3.578977142857143,2.2006801242236027,1.9527642857142853,3.6901448979591835,3.3428571428571425,2.402943956043957,3.002400350375048
43-4171.00,Receptionists and Information Clerks,3.3544325123152707,3.7389885714285716,1.713791304347826,2.194877142857143,3.618025918367347,2.751428571428572,2.6266479853479856,2.9418668071250873
43-4181.00,Reservation and Transportation Ticket Agents and Travel Clerks,3.2264719211822666,3.5818485714285715,2.0071527950310557,1.9770085714285712,3.371384285714286,3.7257142857142864,2.329230402930403,3.019899270977149
43-5011.00,Cargo and Freight Agents,3.294671921182266,3.5189514285714285,1.8185925465838508,1.85092,3.3177355102040806,2.8771428571428572,2.726537728937729,2.8710643144212824
43-5011.01,Freight Forwarders,2.971904433497537,2.8996885714285714,2.521254658385093,1.8439385714285716,3.5753506122448973,3.4385714285714286,2.1638267399267406,2.865849162260314
43-5021.00,Couriers and Messengers,3.4180270935960593,3.7999114285714284,1.6310639751552798,2.0284314285714284,3.046671428571428,3.2600000000000002,2.91012673992674,2.9941600439725193
43-5031.00,Public Safety Telecommunicators,2.9765280788177346,3.4183142857142856,2.280275155279503,1.3178685714285714,3.5546322448979586,3.517142857142857,1.9915227106227098,2.854392542107282
43-5032.00,"Dispatchers, Except Police, Fire, and Ambulance",3.1825802955665026,3.5268485714285713,1.8540422360248447,1.461097142857143,3.525278775510204,3.5471428571428567,2.3622956043956047,2.9304929963519024
43-5041.00,"Meter Readers, Utilities",3.3827275862068964,3.691702857142857,1.6857173913043477,2.0133099999999997,2.8109530612244886,3.494285714285714,2.8776329670329663,2.9832123527286587
43-5051.00,Postal Service Clerks,3.3000945812807876,3.771334285714286,1.7436857142857145,2.3690399999999996,3.2652697959183667,3.198571428571429,2.676651648351648,3.0029894038326206
43-5052.00,Postal Service Mail Carriers,3.5508280788177338,3.894837142857143,1.3011478260869564,2.4796385714285716,3.064227142857143,3.3300000000000005,3.1634597069597064,3.0950814504753117
43-5053.00,"Postal Service Mail Sorters, Processors, and Processing Machine Operators",3.527091625615763,3.831785714285714,1.4066267080745343,2.4711628571428568,3.1546616326530597,3.88,3.1537252747252746,3.2138685936137112
43-5061.00,"Production, Planning, and Expediting Clerks",3.1267778325123157,3.450914285714286,1.9771173913043483,1.7164457142857144,3.5074175510204073,3.3428571428571425,2.780211721611723,2.9677259477592446
43-5071.00,"Shipping, Receiving, and Inventory Clerks",3.3275073891625615,3.622742857142857,1.7861167701863354,1.8794942857142853,3.1820771428571435,3.561428571428572,2.7308893772893765,3.008329334843567
43-5111.00,"Weighers, Measurers, Checkers, and Samplers, Recordkeeping",3.1572364532019703,3.600082857142857,2.1140217391304343,2.1141585714285713,3.1217091836734694,3.512857142857143,2.710410256410256,3.013805272191612
43-6011.00,Executive Secretaries and Executive Administrative Assistants,2.943582266009852,3.3360571428571433,2.0341565217391304,2.1966885714285715,3.6534522448979594,3.0100000000000002,2.447485347985348,2.8821710595793157
43-6012.00,Legal Secretaries and Administrative Assistants,3.177760591133005,3.559062857142857,1.950881987577639,2.3121057142857144,3.6636957142857143,3.011428571428571,2.7287446886446887,2.9979740621529896
43-6013.00,Medical Secretaries and Administrative Assistants,3.2806758620689656,3.7104257142857144,1.8881136645962733,2.1381357142857147,3.6329000000000002,3.138571428571429,2.4854802197802197,2.9967614930227198
43-6014.00,"Secretaries and Administrative Assistants, Except Legal, Medical, and Executive",3.2204428571428574,3.670128571428571,1.7820267080745342,2.2192928571428574,3.6655742857142855,2.9899999999999998,2.6320282051282047,2.9763580444338267
43-9021.00,Data Entry Keyers,3.252381280788178,3.6639657142857143,2.036108695652174,2.006915714285715,3.602581428571428,3.7228571428571433,2.884884615384616,3.1594458254197075
43-9022.00,Word Processors and Typists,3.330045320197045,3.724897142857143,1.7963503105590062,2.497717142857143,3.6167987755102047,3.458571428571429,2.778575457875457,3.1386685355218775
43-9031.00,Desktop Publishers,2.96985763546798,2.8782285714285716,1.9399962732919256,2.2745542857142858,3.5966979591836736,3.108571428571428,2.8027032967032968,2.8802924610324347
43-9041.00,Insurance Claims and Policy Processing Clerks,3.244658128078818,3.7565942857142858,1.8751453416149066,2.2352042857142855,3.723898979591837,3.462857142857143,2.8004487179487176,3.1324464080043963
43-9051.00,"Mail Clerks and Mail Machine Operators, Except Postal Service",3.4773443349753697,3.7383914285714286,1.6231658385093168,1.7915199999999998,3.332145306122449,3.735714285714286,2.932987179487179,3.110741678367253
43-9061.00,"Office Clerks, General",3.2914477832512317,3.70604,1.7264105590062115,2.391877142857143,3.6030077551020403,3.124285714285714,2.750310989010989,3.0393068921481174
43-9071.00,"Office Machine Operators, Except Computer",3.3450596059113304,3.6067057142857144,1.7719229813664596,2.5423799999999996,3.4231622448979593,3.1128571428571425,2.9965285714285708,3.059720147186611
43-9081.00,Proofreaders and Copy Markers,3.313386206896552,3.8332885714285716,1.6524534161490683,2.6529314285714287,3.697420612244898,3.448571428571428,3.1663457875457874,3.221818946903707
43-9111.00,Statistical Assistants,2.741462561576355,3.4045742857142853,2.0382521739130435,2.1854685714285713,3.689527551020408,3.134285714285714,2.6924183150183145,2.928426624390709
45-1011.00,"First-Line Supervisors of Farming, Fishing, and Forestry Workers",2.9922039408867,3.3663228571428574,2.1468440993788818,1.4492585714285715,2.821950816326529,3.075714285714285,2.5593014652014654,2.735719986157235
45-2011.00,Agricultural Inspectors,2.9618862068965517,3.594654285714286,2.2596329192546576,1.7570728571428575,3.0460836734693872,3.358571428571428,2.57166336996337,2.8995279937605765
45-2021.00,Animal Breeders,3.3762911330049263,3.8199628571428574,1.7002975155279503,1.9049214285714289,3.191720204081632,2.424285714285714,3.288292673992674,2.896819067500394
45-2041.00,"Graders and Sorters, Agricultural Products",3.7150684729064043,3.890817142857143,1.5492347826086956,2.634098571428572,3.3243361224489796,3.2785714285714285,3.232845787545787,3.198507749981759
45-2091.00,Agricultural Equipment Operators,3.505238916256158,3.6340285714285714,1.620039130434783,2.398528571428572,2.925305714285714,2.894285714285714,3.052413553113553,2.9482619263060776
45-2092.00,"Farmworkers and Laborers, Crop, Nursery, and Greenhouse",3.385147783251232,3.5328285714285714,1.71882049689441,2.4435214285714286,2.8121412244897948,2.9257142857142857,3.0583721611721613,2.919650510740705
45-2093.00,"Farmworkers, Farm, Ranch, and Aquacultural Animals",3.2902266009852212,3.614514285714286,1.847668944099379,1.9030557142857143,2.884317551020407,2.422857142857143,2.976636996336996,2.774498209518475
45-3031.00,Fishing and Hunting Workers,3.3187935960591135,3.341068571428571,1.8828434782608698,1.8826100000000006,2.6506802040816324,2.827142857142857,2.96078717948718,2.782673351913133
45-4011.00,Forest and Conservation Workers,3.2721586206896554,3.5390514285714287,1.8864795031055899,1.638632857142857,2.776709795918367,2.6185714285714288,2.8163644688644687,2.736868168845718
45-4021.00,Fallers,3.4827004926108374,3.8537685714285717,1.4888198757763977,1.7209657142857147,2.5719899999999996,2.918571428571428,3.3938062271062273,2.900032638392342
45-4022.00,Logging Equipment Operators,3.3853610837438426,3.5632542857142857,1.9097888198757758,1.394424285714286,2.746798571428571,3.4614285714285713,2.873565934065934,2.908054006087615
45-4023.00,Log Graders and Scalers,3.192398522167488,3.573377142857143,2.030539130434782,1.7382157142857144,2.954045102040816,3.3385714285714285,2.8875545787545787,2.93569607205934
47-1011.00,First-Line Supervisors of Construction Trades and Extraction Workers,2.990222167487685,3.13916,2.146639130434782,1.1058642857142855,2.8058269387755095,3.184285714285714,2.313709523809524,2.6494452789829577
47-1011.03,Solar Energy Installation Managers,2.9341926108374388,3.1762685714285714,2.166069565217391,1.354358571428572,2.7369730612244885,3.2128571428571426,2.3862886446886447,2.6796726754628963
47-2011.00,Boilermakers,3.1780487684729066,3.428,1.9015782608695648,1.6679742857142856,2.6125591836734694,3.1457142857142855,2.890554945054945,2.8024725463814404
47-2021.00,Brickmasons and Blockmasons,3.216741871921182,3.400502857142857,1.9014720496894413,1.794062857142857,2.5085095918367344,3.204285714285714,2.7704391941391933,2.794839660796368
47-2022.00,Stonemasons,3.221011822660098,3.2218685714285713,1.9205074534161488,1.403937142857143,2.584050408163266,3.2128571428571426,2.6631018315018307,2.728520783261823
47-2031.00,Carpenters,3.062670443349754,3.0949885714285714,1.959249068322981,1.5476199999999998,2.6471504081632644,3.3000000000000003,2.6696989010989007,2.7318631554383717
47-2041.00,Carpet Installers,3.327804433497537,3.4669314285714288,1.5940416149068324,1.7160057142857141,2.905859183673468,2.9857142857142853,2.9526311355311354,2.8261315172531467
47-2042.00,"Floor Layers, Except Carpet, Wood, and Hard Tiles",3.412211330049261,3.45534,1.5408745341614907,1.8118342857142857,3.094607551020408,2.607142857142857,2.8948857142857136,2.7852561427194567
47-2043.00,Floor Sanders and Finishers,3.456543349753695,3.436325714285714,1.6837981366459625,1.6325428571428575,2.694982040816325,3.4857142857142853,2.8647296703296705,2.89666407279955
47-2044.00,Tile and Stone Setters,3.290655172413793,3.211542857142857,1.6911838509316766,2.048635714285714,2.881235306122448,3.062857142857143,3.085458241758242,2.8568871217087684
47-2051.00,Cement Masons and Concrete Finishers,3.331883743842364,3.531428571428571,1.8659105590062113,1.730194285714286,2.550001836734693,3.818571428571428,2.841472527472528,2.961542772108059
47-2053.00,Terrazzo Workers and Finishers,3.4375862068965515,3.486788571428572,1.5708565217391308,2.0567385714285713,2.7980283673469386,3.3528571428571428,3.0099684981684978,2.943186684464283
47-2061.00,Construction Laborers,3.390839408866995,3.45668,1.8180254658385089,1.8633357142857139,2.6614846938775507,2.8985714285714286,2.7981553113553113,2.7939243158416867
47-2071.00,"Paving, Surfacing, and Tamping Equipment Operators",3.4273389162561574,3.6829,1.7405875776397517,1.9437957142857143,2.578735918367346,3.3528571428571428,2.907336996336996,2.92845653240805
47-2072.00,Pile Driver Operators,3.415476354679803,3.5079885714285717,1.898608695652174,1.4930642857142855,2.4909514285714276,3.251428571428572,2.961373992673993,2.8458215645254294
47-2073.00,Operating Engineers and Other Construction Equipment Operators,3.280625615763547,3.4164885714285713,2.04143602484472,1.1551057142857148,2.560845510204081,3.2514285714285713,2.70061978021978,2.7637268098411547
47-2081.00,Drywall and Ceiling Tile Installers,3.426572413793103,3.505651428571429,1.4268416149068326,2.056231428571429,2.832736734693878,3.29,3.0632904761904762,2.930544962335159
47-2082.00,Tapers,3.60541527093596,3.811185714285714,1.3223931677018632,2.1112914285714286,2.959839183673469,3.0185714285714282,3.1908663003662996,2.9821787157308313
47-2111.00,Electricians,2.8796472906403943,3.0652857142857144,2.0950813664596275,1.3438371428571427,2.301302857142856,3.311428571428571,2.473752014652014,2.614175746725538
47-2121.00,Glaziers,3.347518719211823,3.325685714285714,1.7386043478260869,1.6997457142857137,2.656590204081633,3.1900000000000004,2.806979487179487,2.8023511249249786
47-2131.00,"Insulation Workers, Floor, Ceiling, and Wall",3.4614394088669957,3.5845857142857143,1.5199260869565214,2.0732000000000004,2.678571632653061,2.9128571428571424,3.04361978021978,2.8571165176709132
47-2132.00,"Insulation Workers, Mechanical",3.368487684729064,3.5658057142857142,1.6368316770186337,1.909385714285714,2.752037142857143,3.0014285714285713,2.919198534798535,2.845736814916717
47-2141.00,"Painters, Construction and Maintenance",3.41245960591133,3.5187057142857148,1.8113813664596277,1.696927142857143,2.8789381632653055,3.2428571428571433,2.6976285714285715,2.875562087736744
47-2142.00,Paperhangers,3.529376354679803,3.7769085714285717,1.371639751552795,1.9994257142857141,2.9029293877551012,3.0342857142857143,3.1681234432234433,2.9505643530040313
47-2151.00,Pipelayers,3.441829556650246,3.597454285714286,1.612714906832298,1.73583,2.807511020408162,2.8714285714285714,2.8758457875457863,2.817536302516716
47-2152.00,"Plumbers, Pipefitters, and Steamfitters",3.1548704433497536,3.279937142857143,1.8299521739130427,1.548942857142857,2.5113463265306115,3.162857142857143,2.8886238095238097,2.7456775900162165
47-2152.04,Solar Thermal Installers and Technicians,3.122060591133005,3.076434285714286,1.9466919254658388,1.566097142857143,2.7327983673469385,2.9699999999999998,2.6419355311355313,2.6812632231317624
47-2161.00,Plasterers and Stucco Masons,3.4325349753694585,3.436997142857143,1.723636024844721,2.035234285714286,2.8016222448979575,3.1585714285714284,2.9479289377289373,2.900463811898211
47-2171.00,Reinforcing Iron and Rebar Workers,3.443687684729064,3.604457142857143,1.5602043478260865,1.902907142857143,2.619869387755102,3.41,2.924204395604395,2.9171439407101785
47-2181.00,Roofers,3.3381403940886702,3.4460428571428574,1.7786099378881992,1.7703642857142854,2.5651753061224483,3.37,2.6902424908424902,2.8348375795897187
47-2211.00,Sheet Metal Workers,3.183166502463054,3.3630914285714284,1.924786335403726,1.9011242857142858,2.7311989795918357,3.6114285714285717,2.735538827838828,2.9068261371672874
47-2221.00,Structural Iron and Steel Workers,3.2249315270935965,3.3831314285714287,1.6685602484472053,1.7215957142857143,2.25735612244898,3.1799999999999997,2.8562692307692306,2.7332688426057774
47-2231.00,Solar Photovoltaic Installers,3.1874901477832513,3.3734314285714286,1.986835403726708,1.5210942857142853,2.4692189795918362,3.15,2.697980586080585,2.7400111402481646
47-3011.00,"Helpers--Brickmasons, Blockmasons, Stonemasons, and Tile and Marble Setters",3.4314,3.449222857142857,1.668607453416149,1.866647142857143,2.560735102040815,3.515714285714286,3.015668131868133,2.925222230427957
47-3012.00,Helpers--Carpenters,3.4003610837438423,3.4205514285714287,1.5796062111801243,1.7523542857142855,2.612386122448979,3.255714285714286,3.0267996336996337,2.8533536471018808
47-3013.00,Helpers--Electricians,3.2849300492610833,3.1352828571428573,2.0927024844720497,1.959142857142857,2.5087004081632647,3.032857142857143,2.6659695970695965,2.7509883994784396
47-3014.00,"Helpers--Painters, Paperhangers, Plasterers, and Stucco Masons",3.619442364532019,3.780251428571429,1.3247732919254656,2.15273,2.940923265306122,2.9842857142857144,3.111757142857143,2.962463602239696
47-3015.00,"Helpers--Pipelayers, Plumbers, Pipefitters, and Steamfitters",3.485083251231527,3.3438685714285716,1.7149018633540378,2.096711428571429,2.709928775510203,2.9385714285714286,2.9850890109890114,2.847471056280729
47-3016.00,Helpers--Roofers,3.3921374384236453,3.2491914285714283,1.756746583850932,1.9725000000000001,2.6522406122448974,3.138571428571429,2.8126937728937733,2.81657843191944
47-4011.00,Construction and Building Inspectors,2.859234975369459,3.371894285714286,2.1974670807453416,1.774817142857143,3.062525714285713,2.8514285714285714,2.393841758241758,2.720638646687645
47-4011.01,Energy Auditors,2.8192931034482758,3.1600800000000002,2.347527950310558,1.7129628571428568,3.076713469387755,2.6714285714285713,2.587856776556776,2.6869262974399764
47-4021.00,Elevator and Escalator Installers and Repairers,3.1219822660098524,3.249517142857143,2.086970186335404,1.273642857142856,2.4030485714285716,3.4400000000000004,2.8045014652014655,2.760918721172381
47-4031.00,Fence Erectors,3.444696551724138,3.5538514285714284,1.5279931677018637,1.64398,2.5992679591836727,3.5242857142857145,2.794508058608059,2.8809030593404246
47-4041.00,Hazardous Materials Removal Workers,3.0999847290640394,3.3641885714285715,1.972637888198758,1.9514271428571428,2.6669169387755085,3.1471428571428572,2.6435769230769224,2.7880351488859176
47-4051.00,Highway Maintenance Workers,3.3017300492610837,3.502888571428571,1.8848055900621117,1.729577142857143,2.561565102040817,3.471428571428571,2.4777677655677652,2.8323167108223757
47-4061.00,Rail-Track Laying and Maintenance Equipment Operators,3.250127586206897,3.43142,1.8479478260869562,1.570487142857143,2.4890422448979588,3.3842857142857143,2.7944750915750913,2.813460378153545
47-4071.00,Septic Tank Servicers and Sewer Pipe Cleaners,3.302043842364532,3.6124714285714288,1.6549540372670806,1.8453242857142853,2.565691020408163,2.9371428571428573,2.8261443223443226,2.783408995779975
47-4091.00,Segmental Pavers,3.319833497536946,3.4205285714285716,1.6969459627329189,1.7995157142857137,2.882688775510204,3.14,2.4183787545787547,2.783860607560035
47-4099.03,Weatherization Installers and Technicians,3.1548448275862073,3.274197142857143,2.0955478260869564,1.846885714285714,2.6345428571428564,2.8142857142857136,2.5774,2.703248221032341
47-5011.00,"Derrick Operators, Oil and Gas",3.2306073891625617,3.6699200000000003,1.7196204968944095,1.7018342857142854,2.230027959183673,3.312857142857143,2.8184725274725273,2.7970710882051124
47-5012.00,"Rotary Drill Operators, Oil and Gas",3.111149261083744,3.352802857142857,2.0145975155279503,1.2060714285714291,2.4444365306122444,3.8299999999999996,2.5463373626373627,2.806275796131369
47-5013.00,"Service Unit Operators, Oil and Gas",3.0785837438423647,3.273982857142857,2.1613813664596275,1.2358814285714281,2.303734693877551,3.7942857142857145,2.410919413919414,2.7586665286775767
47-5022.00,"Excavating and Loading Machine and Dragline Operators, Surface Mining",3.234930049261084,3.4303399999999997,1.8605683229813665,1.651512857142857,2.531372244897958,3.3971428571428572,2.801852747252746,2.830410945652762
47-5023.00,"Earth Drillers, Except Oil and Gas",3.2587487684729064,3.4158285714285714,1.8974167701863354,1.6315657142857134,2.584662244897959,2.9757142857142855,2.9504498168498166,2.77949451583745
47-5032.00,"Explosives Workers, Ordnance Handling Experts, and Blasters",2.92731921182266,3.2486428571428574,2.319655900621118,1.3108371428571433,2.543428163265306,3.505714285714286,2.55819597069597,2.7558300919297025
47-5041.00,Continuous Mining Machine Operators,3.294866995073892,3.5576285714285714,1.6984360248447203,1.4650000000000007,2.5319816326530606,3.4257142857142857,2.9857373626373622,2.8570186438962617
47-5043.00,"Roof Bolters, Mining",3.3232935960591137,3.6742685714285717,1.8397937888198757,1.8469328571428574,2.338955102040816,3.8514285714285714,2.9208234432234415,2.977559485794779
47-5044.00,"Loading and Moving Machine Operators, Underground Mining",3.4589635467980298,3.7675885714285715,1.553257142857143,2.0972971428571423,2.65847693877551,3.18,3.0848886446886445,2.9465430838250417
47-5051.00,"Rock Splitters, Quarry",3.507323645320197,3.7460914285714284,1.456260248447205,2.483657142857143,2.7669946938775514,2.712857142857143,3.361533333333333,2.9438546328672395
47-5071.00,"Roustabouts, Oil and Gas",3.360938916256157,3.4928171428571426,1.8484080745341616,1.6486457142857143,2.550995714285713,3.2585714285714285,2.8643600732600736,2.8417864415951364
47-5081.00,Helpers--Extraction Workers,3.2549817733990145,3.3126971428571426,2.126480124223602,1.4010057142857137,2.2580297959183664,3.325714285714286,2.6191706959706957,2.734623352215572
49-1011.00,"First-Line Supervisors of Mechanics, Installers, and Repairers",2.7876133004926107,3.03484,2.372953416149068,1.3992085714285714,2.8612332653061214,3.0214285714285714,2.3237157509157504,2.6326122605506503
49-2011.00,"Computer, Automated Teller, and Office Machine Repairers",3.168313793103448,3.3596085714285713,1.8736683229813662,1.8929428571428577,3.118052857142857,3.1314285714285712,2.862467032967033,2.879213170494423
49-2021.00,"Radio, Cellular, and Tower Equipment Installers and Repairers",3.032971428571429,2.990677142857143,2.270904347826087,1.754028571428571,2.8173546938775504,2.7457142857142856,2.6541146520146524,2.675903836666439
49-2022.00,"Telecommunications Equipment Installers and Repairers, Except Line Installers",3.0268620689655172,3.2891485714285715,2.0255304347826084,1.7965085714285713,2.608904897959183,2.9857142857142853,2.702495604395604,2.7234584291763064
49-2091.00,Avionics Technicians,2.9394236453201974,3.1593685714285713,2.2544993788819876,1.7431685714285718,2.840355102040815,3.06,2.75557619047619,2.765975321420922
49-2092.00,"Electric Motor, Power Tool, and Related Repairers",3.045290147783252,3.164077142857143,2.0933869565217385,1.7185657142857145,2.5688844897959178,3.317142857142857,2.796815018315018,2.7808838583220163
49-2093.00,"Electrical and Electronics Installers and Repairers, Transportation Equipment",3.2215310344827586,3.2855171428571426,2.04177701863354,1.7644728571428572,2.671138163265305,3.2328571428571427,2.9029498168498167,2.8393668397673215
49-2094.00,"Electrical and Electronics Repairers, Commercial and Industrial Equipment",2.9544802955665026,3.038137142857143,2.2356708074534164,1.8128342857142856,2.7957540816326527,2.9914285714285715,2.8148340659340656,2.7436170615010393
49-2095.00,"Electrical and Electronics Repairers, Powerhouse, Substation, and Relay",3.0747364532019708,3.2232971428571426,2.26015403726708,1.494748571428572,2.5280665306122447,3.4071428571428575,2.780601465201465,2.79792407107906
49-2096.00,"Electronic Equipment Installers and Repairers, Motor Vehicles",3.0903266009852217,2.9978114285714286,1.9278018633540372,1.784331428571428,2.737208163265306,3.3614285714285717,2.710363736263737,2.7738555328411145
49-2097.00,Audiovisual Equipment Installers and Repairers,3.109333497536946,3.2537114285714286,2.0611639751552797,2.044361428571429,2.8480232653061224,2.858571428571428,2.7324373626373624,2.773792659194735
49-2098.00,Security and Fire Alarm Systems Installers,3.1895724137931034,3.3885371428571434,1.9298869565217394,1.4366200000000005,2.8209330612244896,2.8285714285714287,2.7022201465201467,2.717554396025692
49-3011.00,Aircraft Mechanics and Service Technicians,2.733690147783251,3.1639142857142857,2.4216254658385097,1.4424614285714283,2.320636530612245,3.1271428571428577,2.739048717948718,2.6554307131783403
49-3021.00,Automotive Body and Related Repairers,3.236300985221675,3.2577942857142856,1.7672763975155281,1.7465771428571428,2.719143469387756,3.3600000000000003,3.0531062271062264,2.863337099151759
49-3022.00,Automotive Glass Installers and Repairers,3.442805418719212,3.6384114285714286,1.4900211180124225,2.3324814285714286,2.8675320408163256,2.8999999999999995,3.0256849816849813,2.9084153351271773
49-3023.00,Automotive Service Technicians and Mechanics,3.0897438423645323,3.381717142857143,1.9720788819875776,1.664647142857143,2.578740612244898,3.218571428571429,2.8372732600732604,2.790508116829733
49-3031.00,Bus and Truck Mechanics and Diesel Engine Specialists,3.186793596059114,3.35044,2.0335472049689436,1.4607171428571428,2.355739183673469,3.25,2.993121611721611,2.7823405935007375
49-3041.00,Farm Equipment Mechanics and Service Technicians,3.034088669950739,3.2947485714285714,1.959370186335404,1.7381728571428567,2.370478163265306,3.2314285714285718,2.8569230769230765,2.7494757908686944
49-3042.00,"Mobile Heavy Equipment Mechanics, Except Engines",3.015173891625616,3.0775914285714285,2.064447826086956,1.579922857142857,2.2992681632653063,3.1814285714285715,2.785334798534798,2.6773280249082676
49-3043.00,Rail Car Repairers,3.2392054187192123,3.4381714285714287,1.7762770186335408,1.9759985714285717,2.387752244897958,2.8657142857142857,3.011038461538461,2.759795549208127
49-3051.00,Motorboat Mechanics and Service Technicians,3.2271586206896554,3.5626085714285716,1.8017335403726704,1.6849157142857143,2.5420871428571434,2.837142857142857,2.9318600732600735,2.755650658129727
49-3052.00,Motorcycle Mechanics,3.1236871921182265,3.032017142857143,2.1289291925465843,1.2750857142857144,2.5778379591836735,3.3628571428571425,2.703100732600732,2.728469373268625
49-3053.00,Outdoor Power Equipment and Other Small Engine Mechanics,3.2614059113300495,3.5018942857142856,1.8179509316770188,1.9938771428571433,2.786073469387755,2.5742857142857143,3.0631608058608064,2.7879201211544937
49-3091.00,Bicycle Repairers,3.170949261083744,3.5190914285714285,1.7811540372670807,1.6348485714285714,3.0145169387755097,2.8771428571428577,2.6368073260073257,2.768233575463838
49-3092.00,Recreational Vehicle Service Technicians,3.2679857142857145,3.446817142857143,1.8347211180124223,2.164684285714286,2.72104,2.4928571428571433,3.0123315018315013,2.7657381227902538
49-3093.00,Tire Repairers and Changers,3.483785221674877,3.6261942857142855,1.8082509316770181,1.7548428571428571,2.734438163265306,3.47,2.8110205128205124,2.9486251064032345
49-9011.00,Mechanical Door Repairers,3.2763197044334977,3.421057142857143,1.715412422360248,1.94841,2.5709951020408166,3.0028571428571427,2.797087179487178,2.7767725401302483
49-9012.00,"Control and Valve Installers and Repairers, Except Mechanical Door",3.168095073891626,3.2227085714285715,2.135283229813665,1.5979371428571425,2.601847551020408,3.115714285714286,2.7034637362637364,2.750882134300589
49-9021.00,"Heating, Air Conditioning, and Refrigeration Mechanics and Installers",3.0750467980295566,3.3089571428571425,1.952403105590062,1.5286328571428571,2.5676965306122455,3.1014285714285714,2.7262249084249084,2.720078117547584
49-9031.00,Home Appliance Repairers,3.1821221674876847,3.4864628571428575,1.8554677018633539,1.8670400000000003,2.770267551020408,2.98,2.738033333333333,2.794783656533978
49-9041.00,Industrial Machinery Mechanics,3.125168472906404,3.174057142857143,1.9932658385093163,2.1480357142857147,2.5682785714285714,3.0485714285714285,3.0148366300366303,2.8061955635781013
49-9043.00,"Maintenance Workers, Machinery",3.2761172413793105,3.3344857142857145,1.834444099378882,1.6593085714285722,2.644122040816326,3.2514285714285713,2.9819549450549454,2.8351629725969048
49-9044.00,Millwrights,3.0340566502463058,3.045717142857143,2.231850310559006,1.4168114285714282,2.2167269387755106,3.61,2.5093098901098894,2.7077377672113707
49-9045.00,"Refractory Materials Repairers, Except Brickmasons",3.3839108374384237,3.5988314285714287,1.5628124223602484,2.016544285714286,2.4729114285714284,3.3414285714285716,3.0600699633699637,2.9035799337858545
49-9051.00,Electrical Power-Line Installers and Repairers,3.22711921182266,3.4855742857142857,1.8562763975155279,1.2566928571428568,2.2969436734693875,3.2028571428571424,2.707835164835165,2.709489204413492
49-9052.00,Telecommunications Line Installers and Repairers,3.2664147783251236,3.4310628571428574,1.852145962732919,1.7778114285714288,2.5234406122448974,3.391428571428571,2.688420146520147,2.8276822125511027
49-9061.00,Camera and Photographic Equipment Repairers,3.176747783251232,3.3142314285714285,1.7387559006211182,2.2518771428571434,3.342226530612244,2.6685714285714286,3.174418315018315,2.8839211986800946
49-9062.00,Medical Equipment Repairers,3.026162561576355,3.3880514285714285,2.1753633540372674,1.7529814285714287,2.8674755102040814,2.9899999999999998,2.8706058608058607,2.8136787824345286
49-9063.00,Musical Instrument Repairers and Tuners,3.1374546798029557,3.2654514285714287,1.9625006211180125,2.044511428571428,3.047648775510204,3.025714285714286,3.063887179487179,2.8830103716175666
49-9064.00,Watch and Clock Repairers,3.333329064039409,3.2551742857142854,2.0045316770186337,2.2144014285714286,3.260183469387755,2.62,3.1458501831501833,2.8950738609027513
49-9071.00,"Maintenance and Repair Workers, General",3.0701004926108375,3.1377542857142857,2.1339683229813664,1.4832785714285714,2.5225965306122453,3.197142857142857,2.6733413919413915,2.7117221660013793
49-9081.00,Wind Turbine Service Technicians,3.0379507389162566,3.270237142857143,2.2723751552795033,1.3568085714285716,2.129771428571428,3.6457142857142855,2.652004395604395,2.7555557857060475
49-9091.00,"Coin, Vending, and Amusement Machine Servicers and Repairers",3.3773113300492614,3.723254285714286,1.7134161490683226,2.250847142857143,3.0435671428571434,3.011428571428571,3.1326109890109888,2.9902236056230125
49-9092.00,Commercial Divers,3.0097251231527093,3.2859885714285717,2.014205590062112,1.446688571428571,2.5297636734693882,3.115714285714286,2.584800732600733,2.6807739883896358
49-9094.00,Locksmiths and Safe Repairers,3.160931527093596,3.230788571428571,2.0834683229813664,1.8400614285714285,2.762227346938775,3.0242857142857145,2.5905289377289376,2.7588815754909044
49-9095.00,Manufactured Building and Mobile Home Installers,2.8793137931034485,2.9738342857142857,2.178577639751553,1.3695214285714288,2.3360763265306113,3.2157142857142857,2.2711018315018308,2.567001699502682
49-9096.00,Riggers,3.316214778325123,3.4091714285714287,1.9085950310559006,1.5510357142857147,2.509112448979591,3.681428571428572,2.7676578754578753,2.882572268519979
49-9097.00,Signal and Track Switch Repairers,3.103792118226601,3.6510685714285716,1.7120670807453415,1.6343985714285707,2.604853061224489,2.958571428571428,2.9799542124542118,2.777311045431758
49-9098.00,"Helpers--Installation, Maintenance, and Repair Workers",3.3683581280788175,3.5820028571428573,1.7486472049689439,1.7161771428571426,2.608569999999999,2.8842857142857143,2.99594652014652,2.8065712034449803
49-9099.01,Geothermal Technicians,2.9964990147783257,3.230568571428571,2.17771801242236,1.5350028571428576,2.501766122448979,3.2028571428571433,2.724276190476191,2.7298100003977606
51-1011.00,First-Line Supervisors of Production and Operating Workers,2.9356950738916257,3.11298,2.2405422360248446,1.3809171428571423,2.9519565306122444,3.4357142857142855,2.3269926739926743,2.7484324368055373
51-2011.00,"Aircraft Structure, Surfaces, Rigging, and Systems Assemblers",3.1399231527093603,3.1064342857142857,2.0122869565217387,1.9379742857142856,2.8834197959183667,3.244285714285714,2.973154578754579,2.859323039045234
51-2021.00,"Coil Winders, Tapers, and Finishers",3.497676354679802,3.7422057142857144,1.695366459627329,1.9358028571428574,3.100487346938775,3.4585714285714286,3.1262043956043954,3.074817289117607
51-2022.00,Electrical and Electronic Equipment Assemblers,3.3362965517241374,3.5135457142857143,1.7130074534161495,1.9172399999999996,3.0678289795918365,3.2728571428571427,3.039948717948718,2.9612391684456045
51-2023.00,Electromechanical Equipment Assemblers,3.3467581280788172,3.6076885714285716,1.8896360248447208,2.306411428571429,3.176534693877551,3.1957142857142857,3.190947252747253,3.0570368994043013
51-2031.00,Engine and Other Machine Assemblers,3.338372906403941,3.564434285714286,1.6771888198757765,1.9984799999999998,2.800803673469387,3.247142857142857,3.0617036630036627,2.9317926327048407
51-2041.00,Structural Metal Fabricators and Fitters,3.3998068965517243,3.470177142857143,1.7101316770186332,2.094921428571429,2.8851565306122433,3.255714285714286,3.0095183150183153,2.946347000457777
51-2051.00,Fiberglass Laminators and Fabricators,3.2973453201970444,3.491222857142857,1.709370186335404,2.2693942857142853,2.797350408163266,3.27,3.020253479853479,2.942802257008466
51-2061.00,Timing Device Assemblers and Adjusters,3.382425123152709,3.512457142857143,1.6029167701863354,2.304744285714285,3.294724897959183,2.2342857142857144,3.157497802197802,2.839688993372231
51-2092.00,Team Assemblers,3.3523556650246302,3.621834285714286,1.8278993788819875,2.0431800000000004,3.1029051020408156,3.4400000000000004,2.983448351648352,3.0341894485524117
51-3011.00,Bakers,3.3955285714285717,3.5769571428571427,1.5767298136645962,1.9577657142857143,3.2950804081632654,3.4042857142857144,3.0482018315018315,3.0316718887447958
51-3021.00,Butchers and Meat Cutters,3.36361921182266,3.6498685714285717,1.7637925465838513,1.7496171428571428,3.108276938775509,3.457142857142857,2.6710999999999996,2.9616992486766818
51-3022.00,"Meat, Poultry, and Fish Cutters and Trimmers",3.4463384236453205,3.690185714285714,1.7431521739130438,2.0640057142857144,3.033665510204081,3.9871428571428567,2.865731135531135,3.1335324777983855
51-3023.00,Slaughterers and Meat Packers,3.717139901477833,3.891262857142857,1.4171726708074532,2.2778885714285715,3.143717755102041,3.3157142857142854,3.2325586080586084,3.1303508496336607
51-3091.00,"Food and Tobacco Roasting, Baking, and Drying Machine Operators and Tenders",3.3453586206896544,3.63564,1.8810944099378886,1.9851428571428569,3.018635918367346,3.531428571428571,2.888257875457875,3.02609330317102
51-3092.00,Food Batchmakers,3.3471758620689656,3.670245714285714,1.890632298136646,2.0184200000000003,3.130391224489795,3.7471428571428573,3.109751282051282,3.1289684136765996
51-3093.00,Food Cooking Machine Operators and Tenders,3.4010719211822664,3.778717142857143,1.8951136645962734,1.7637171428571428,3.054040612244897,3.3057142857142856,3.121418315018315,3.0303131365835916
51-4021.00,"Extruding and Drawing Machine Setters, Operators, and Tenders, Metal and Plastic",3.320950738916256,3.5942685714285716,1.8531757763975152,1.8447785714285714,2.8351389795918363,3.5885714285714285,3.1009890109890117,3.015211815635746
51-4022.00,"Forging Machine Setters, Operators, and Tenders, Metal and Plastic",3.348886699507389,3.5227514285714285,1.6750900621118014,1.7900142857142853,2.8344326530612243,3.651428571428571,2.9812267399267394,2.97989077722834
51-4023.00,"Rolling Machine Setters, Operators, and Tenders, Metal and Plastic",3.204170935960591,3.432431428571429,2.076805590062112,1.6858285714285715,2.710712653061224,3.698571428571429,2.8863516483516487,2.951027701755088
51-4031.00,"Cutting, Punching, and Press Machine Setters, Operators, and Tenders, Metal and Plastic",3.422089655172414,3.691277142857143,1.5916099378881985,2.5358142857142854,2.9015120408163257,3.7857142857142856,3.3229736263736265,3.170563149286032
51-4032.00,"Drilling and Boring Machine Tool Setters, Operators, and Tenders, Metal and Plastic",3.2850620689655172,3.307248571428571,1.8726645962732917,1.7444114285714285,2.986984081632653,3.5414285714285714,3.1160494505494505,2.974294942656615
51-4033.00,"Grinding, Lapping, Polishing, and Buffing Machine Tool Setters, Operators, and Tenders, Metal and Plastic",3.2875532019704434,3.67936,1.8989490683229813,1.95466,2.9326551020408163,3.7499999999999996,3.0943553113553115,3.0844494491372836
51-4034.00,"Lathe and Turning Machine Tool Setters, Operators, and Tenders, Metal and Plastic",3.3304147783251237,3.197797142857143,2.102509937888198,2.390014285714286,3.090215306122448,3.19,2.9926450549450547,2.978913264697714
51-4035.00,"Milling and Planing Machine Setters, Operators, and Tenders, Metal and Plastic",3.321651724137931,3.4271628571428567,1.8311950310559006,2.268514285714286,2.889335918367347,3.4771428571428564,3.1570091575091572,3.0246734516791838
51-4041.00,Machinists,3.1926428571428573,3.2352314285714288,1.8945720496894407,1.874275714285714,2.969404693877551,3.894285714285714,3.0771941391941398,3.026912887072555
51-4051.00,Metal-Refining Furnace Operators and Tenders,3.25744039408867,3.632157142857143,1.9110291925465837,1.795175714285714,2.6870097959183683,3.56,3.1001278388278397,2.984130766437033
51-4052.00,"Pourers and Casters, Metal",3.4444418719211827,3.7825599999999997,1.6446677018633542,2.4788657142857144,2.9759920408163256,2.971428571428571,3.24510402930403,3.0238537472068514
51-4061.00,"Model Makers, Metal and Plastic",3.2248113300492616,3.1297542857142853,1.8009378881987577,2.326462857142857,3.0563275510204075,3.458571428571428,3.3513798534798536,3.018795313288018
51-4062.00,"Patternmakers, Metal and Plastic",3.2754817733990147,3.1131542857142853,1.8142465838509316,1.9422999999999995,3.0161277551020413,3.434285714285714,3.0335758241758244,2.9282627470009106
51-4071.00,Foundry Mold and Coremakers,3.5339950738916253,3.798182857142857,1.6244546583850934,1.9388442857142856,2.8017577551020407,3.5100000000000002,3.2333787545787542,3.0634270605172294
51-4072.00,"Molding, Coremaking, and Casting Machine Setters, Operators, and Tenders, Metal and Plastic",3.3277837438423647,3.7140171428571427,1.6546111801242236,2.102024285714286,2.8211087755102042,3.5057142857142862,3.163794871794872,3.0308120838273953
51-4081.00,"Multiple Machine Tool Setters, Operators, and Tenders, Metal and Plastic",3.1754339901477833,3.279185714285714,2.2750515527950306,1.966174285714286,2.987059591836734,3.508571428571429,2.9101930402930396,2.978617720049708
51-4111.00,Tool and Die Makers,3.1717330049261085,2.8812114285714285,1.8670254658385097,1.6301785714285715,3.018858571428571,3.208571428571428,3.1136432234432236,2.8192516236963936
51-4121.00,"Welders, Cutters, Solderers, and Brazers",3.490807389162561,3.664862857142857,1.5084372670807453,2.186414285714286,3.0127622448979583,3.238571428571429,3.3090608058608058,3.0388234355534163
51-4122.00,"Welding, Soldering, and Brazing Machine Setters, Operators, and Tenders",3.365156157635468,3.398225714285714,1.7839236024844711,1.789872857142857,2.8479302040816328,3.617142857142857,3.080220146520145,2.984538050769748
51-4191.00,"Heat Treating Equipment Setters, Operators, and Tenders, Metal and Plastic",3.2561433497536942,3.750365714285714,1.7423776397515531,2.069654285714286,2.743002448979591,3.628571428571429,3.0564153846153843,3.0278065129060274
51-4192.00,"Layout Workers, Metal and Plastic",3.16138472906404,3.1444942857142855,1.8580621118012426,2.0270285714285716,2.7442995918367337,3.352857142857143,2.9198747252747252,2.854588496677878
51-4193.00,"Plating Machine Setters, Operators, and Tenders, Metal and Plastic",3.358018719211823,3.58604,1.706624844720497,1.9924971428571427,2.918419387755101,3.474285714285714,3.033554578754578,2.9991742444731324
51-4194.00,"Tool Grinders, Filers, and Sharpeners",3.2427197044334974,3.565317142857143,1.7716583850931675,1.992417142857143,2.8752518367346935,3.5800000000000005,3.1779289377289377,3.0215901960581717
51-5111.00,Prepress Technicians and Workers,3.2141512315270933,3.2389114285714284,1.9326037267080745,2.226305714285714,3.47156693877551,3.5542857142857143,2.8900787545787545,3.04895433997444
51-5112.00,Printing Press Operators,3.193360591133005,3.3056914285714285,2.014051552795031,1.6777285714285717,2.9117402040816316,3.75,2.7958915750915745,2.950180582254006
51-5113.00,Print Binding and Finishing Workers,3.290344827586207,3.5336028571428573,1.7758006211180126,1.9724071428571426,3.0561208163265308,3.56,3.0506021978021978,3.026421381226185
51-6011.00,Laundry and Dry-Cleaning Workers,3.5604596059113303,3.7845685714285713,1.3990770186335404,2.3181442857142858,3.2369953061224486,3.6942857142857144,3.164601098901098,3.172572960646443
51-6021.00,"Pressers, Textile, Garment, and Related Materials",3.677631527093596,3.745554285714286,1.3877664596273291,2.6657342857142856,3.255965306122449,3.5214285714285714,3.3769285714285715,3.218047742373711
51-6031.00,Sewing Machine Operators,3.527468965517241,3.7635942857142854,1.4215347826086955,2.656071428571429,3.305921632653061,3.1842857142857146,3.389439926739927,3.1425814855688325
51-6041.00,Shoe and Leather Workers and Repairers,3.533179802955665,3.6130485714285716,1.6361236024844719,2.1554857142857142,3.243166734693877,3.2528571428571427,3.0864003663003663,3.051101681555219
51-6042.00,Shoe Machine Operators and Tenders,3.45371921182266,3.5983428571428573,1.5486416149068323,2.2719742857142853,3.123453061224489,3.5214285714285714,3.1094673992674,3.079094683766437
51-6051.00,"Sewers, Hand",3.477449261083744,3.608974285714286,1.543403105590062,2.39245,3.4099102040816325,3.4928571428571433,3.2858487179487184,3.1594841094546924
51-6052.00,"Tailors, Dressmakers, and Custom Sewers",3.3749251231527095,3.328802857142857,1.465276397515528,1.8291499999999998,3.396635306122449,3.4842857142857144,3.1104864468864473,3.0079272426043655
51-6061.00,Textile Bleaching and Dyeing Machine Operators and Tenders,3.3353522167487686,3.6587171428571432,1.7898093167701863,1.9521285714285717,2.9122699999999995,3.551428571428571,3.17737326007326,3.0470363960574653
51-6062.00,"Textile Cutting Machine Setters, Operators, and Tenders",3.4037418719211825,3.6822514285714285,1.6874770186335402,2.6155528571428572,3.0321030612244892,3.3785714285714286,3.2198626373626373,3.106711123153886
51-6063.00,"Textile Knitting and Weaving Machine Setters, Operators, and Tenders",3.475668965517241,3.7057342857142856,1.71645900621118,2.2455828571428573,3.107228979591836,3.3957142857142855,3.215235164835165,3.10092715282704
51-6064.00,"Textile Winding, Twisting, and Drawing Out Machine Setters, Operators, and Tenders",3.4748423645320194,3.7380171428571427,1.6259360248447203,2.523738571428572,2.9665571428571424,3.3971428571428572,3.2873351648351647,3.1144088033181214
51-6091.00,"Extruding and Forming Machine Setters, Operators, and Tenders, Synthetic and Glass Fibers",3.2995832512315273,3.6223942857142855,2.05836149068323,1.726334285714286,2.87701224489796,3.437142857142857,2.910440293040292,2.9723126603009327
51-6092.00,Fabric and Apparel Patternmakers,3.0126546798029556,2.872634285714286,2.0386198757763974,1.807017142857143,3.449425102040816,3.0957142857142856,2.8116930402930396,2.8256676251838755
51-6093.00,Upholsterers,3.2207532019704432,3.2195714285714283,1.7037229813664596,2.218554285714286,2.9902526530612246,3.107142857142857,3.0598956043956043,2.8872272313364515
51-7011.00,Cabinetmakers and Bench Carpenters,3.2567399014778324,3.266834285714286,1.7873763975155283,2.0800942857142855,2.815947142857143,3.117142857142857,3.046047619047619,2.868010982116085
51-7021.00,Furniture Finishers,3.296977832512315,3.413608571428571,1.7942465838509318,2.043984285714285,3.004640204081632,2.8042857142857143,3.0713315018315015,2.862663946291767
51-7031.00,"Model Makers, Wood",3.2495152709359605,3.080117142857143,1.6783236024844723,2.047557142857143,3.055052857142856,3.052857142857143,3.062840659340659,2.8502883926470832
51-7032.00,"Patternmakers, Wood",3.214357142857143,2.7065028571428575,1.937706211180124,1.6852571428571421,2.894031428571428,3.455714285714286,3.0195842490842493,2.828610544194935
51-7041.00,"Sawing Machine Setters, Operators, and Tenders, Wood",3.4997453201970448,3.7701142857142855,1.501847204968944,2.08622,2.8774197959183674,3.5700000000000003,3.2780109890109888,3.0866002791229974
51-7042.00,"Woodworking Machine Setters, Operators, and Tenders, Except Sawing",3.3964019704433497,3.6965971428571427,1.5676763975155281,2.1362957142857146,2.835012653061224,3.474285714285714,3.2225164835164843,3.037833591518997
51-8011.00,Nuclear Power Reactor Operators,2.7952354679802958,3.465534285714286,2.5345614906832292,1.5090742857142856,3.1577665306122444,3.3428571428571425,2.5563073260073264,2.869161547758303
51-8012.00,Power Distributors and Dispatchers,2.9821581280788183,3.4417285714285715,2.4598888198757765,1.1292485714285716,3.2513357142857138,3.524285714285714,2.636826007326007,2.910578145155444
51-8013.00,Power Plant Operators,3.146417241379311,3.3656085714285715,2.094823602484472,1.5921028571428573,2.594009591836734,3.2428571428571433,2.793890476190476,2.802252956659425
51-8013.03,Biomass Plant Technicians,3.146550738916256,3.488905714285714,2.1612900621118007,1.2753428571428573,2.6071212244897954,3.461428571428572,2.759360073260073,2.836239668853956
51-8013.04,Hydroelectric Plant Technicians,2.9802206896551726,3.181497142857143,2.145352173913043,1.7072285714285713,2.5584787755102036,2.858571428571428,2.8218970695970693,2.688286411891385
51-8021.00,Stationary Engineers and Boiler Operators,3.1327408866995077,3.304665714285714,2.273154658385092,1.3742971428571424,2.605548163265307,3.355714285714285,2.5508128205128213,2.7749531749815826
51-8031.00,Water and Wastewater Treatment Plant and System Operators,3.124188177339902,3.4646171428571426,2.413548447204969,1.6030442857142857,2.6234704081632656,3.2257142857142855,2.633663369963369,2.8236929951833343
51-8091.00,Chemical Plant and System Operators,3.0702980295566507,3.8132314285714286,2.0963832298136644,1.6108871428571425,2.623829591836735,3.764285714285714,2.937964102564103,2.9903826530035613
51-8092.00,Gas Plant Operators,3.0712039408867,3.3560028571428573,2.3456354037267078,1.3933728571428565,2.80133306122449,3.391428571428572,2.8178523809523806,2.8591453764036348
51-8093.00,"Petroleum Pump System Operators, Refinery Operators, and Gaugers",3.0654684729064043,3.6850914285714285,2.020288198757764,1.6443328571428575,2.594364489795918,3.4271428571428575,2.905014285714286,2.8893814785668392
51-8099.01,Biofuels Processing Technicians,3.061914285714286,3.524165714285714,2.2236701863354034,1.4985357142857145,2.5339802040816317,3.69,2.6980183150183152,2.8829323679271037
51-9011.00,Chemical Equipment Operators and Tenders,3.0817029556650253,3.6190914285714286,2.1533751552795026,1.5756314285714281,2.658653469387756,3.6185714285714283,2.7669417582417575,2.9155733858792736
51-9012.00,"Separating, Filtering, Clarifying, Precipitating, and Still Machine Setters, Operators, and Tenders",3.2445187192118228,3.6657657142857145,1.8488459627329192,1.7564885714285716,2.817219591836734,3.0742857142857143,3.0311021978021984,2.889181529743762
51-9021.00,"Crushing, Grinding, and Polishing Machine Setters, Operators, and Tenders",3.298411822660099,3.823237142857143,1.766875155279503,1.8178485714285713,2.7690671428571414,3.364285714285714,3.127007692307692,2.9839880856302616
51-9022.00,"Grinding and Polishing Workers, Hand",3.2539192118226605,2.7721714285714283,2.111151552795031,2.056667142857143,2.76348306122449,3.282857142857143,2.849058974358975,2.8191481995332794
51-9023.00,"Mixing and Blending Machine Setters, Operators, and Tenders",3.2942620689655175,3.65404,1.7247894409937885,1.6724071428571428,2.7852804081632643,3.8299999999999996,3.0163318681318687,3.0182068101741906
51-9031.00,"Cutters and Trimmers, Hand",3.546496551724138,3.7572942857142855,1.495230434782609,2.661494285714286,3.362885918367346,3.105714285714286,3.3213417582417577,3.1350181062996754
51-9032.00,"Cutting and Slicing Machine Setters, Operators, and Tenders",3.32138275862069,3.650534285714286,1.9006378881987578,1.8634814285714283,2.8557620408163262,3.6971428571428575,3.0197267399267407,3.0429513768672964
51-9041.00,"Extruding, Forming, Pressing, and Compacting Machine Setters, Operators, and Tenders",3.317635960591133,3.6327485714285714,1.872304968944099,2.018745714285714,2.817896326530612,3.615714285714286,3.0623087912087916,3.036836372929705
51-9051.00,"Furnace, Kiln, Oven, Drier, and Kettle Operators and Tenders",3.369791625615764,3.7625828571428572,1.8411739130434783,1.7102071428571426,2.864984693877551,3.2728571428571436,3.145783516483517,2.9811809381294445
51-9061.00,"Inspectors, Testers, Sorters, Samplers, and Weighers",3.249341871921182,3.552117142857143,2.1563770186335405,1.7928042857142854,3.029337959183673,3.267142857142857,2.845838095238095,2.949841962243368
51-9071.00,Jewelers and Precious Stone and Metal Workers,3.325922167487685,2.991811428571429,1.821437267080745,1.6694071428571426,3.284756122448979,3.188571428571429,2.7885692307692316,2.8454575690996733
51-9071.06,Gem and Diamond Workers,3.3021522167487687,3.398954285714286,1.8145950310559007,2.4721257142857143,3.3766220408163274,3.2300000000000004,2.8942421245421244,3.0204676747073873
51-9081.00,Dental Laboratory Technicians,3.1398753694581285,3.044794285714286,2.01789751552795,1.8218542857142856,3.13006081632653,3.6171428571428565,2.873903296703296,2.935698816783131
51-9082.00,Medical Appliance Technicians,3.0494980295566503,3.1672457142857144,2.019400621118012,1.6364828571428567,2.9584146938775504,3.237142857142857,2.6571293040293043,2.7878600805170413
51-9083.00,Ophthalmic Laboratory Technicians,3.318587192118227,3.7390742857142856,1.7004329192546583,2.1702000000000004,3.214691224489796,3.8399999999999994,3.0264564102564098,3.1498846588122733
51-9111.00,Packaging and Filling Machine Operators and Tenders,3.3538152709359608,3.555154285714286,1.801998136645963,1.7723428571428572,2.911655918367347,3.9300000000000006,3.0496227106227103,3.0739713272249274
51-9123.00,"Painting, Coating, and Decorating Workers",3.5698059113300493,3.740942857142857,1.6205571428571428,2.513684285714286,3.3097471428571423,2.8514285714285714,3.087771794871794,3.039950013073134
51-9124.00,"Coating, Painting, and Spraying Machine Setters, Operators, and Tenders",3.348555665024631,3.631197142857143,1.9051875776397518,2.052222857142857,2.796400408163264,3.3442857142857148,3.116135897435898,2.9984415533575444
51-9141.00,Semiconductor Processing Technicians,3.2550669950738915,3.574657142857143,1.8999745341614906,2.049467142857143,3.040329183673469,3.487142857142857,2.9633047619047614,3.0173764516568244
51-9151.00,Photographic Process Workers and Processing Machine Operators,3.1653546798029555,3.4268,1.8128844720496893,2.1588971428571435,3.1173093877551024,3.214285714285715,2.7759736263736263,2.912850958437579
51-9161.00,Computer Numerically Controlled Tool Operators,3.0979921182266015,3.3118799999999995,1.9567683229813664,2.0723585714285715,2.877188367346938,3.7914285714285714,3.08232380952381,3.0166060479913104
51-9162.00,Computer Numerically Controlled Tool Programmers,3.013982266009852,3.0003657142857145,2.1692565217391304,1.7531428571428571,3.0973573469387747,3.6185714285714288,3.0163300366300367,2.935159528182141
51-9191.00,Adhesive Bonding Machine Operators and Tenders,3.3196261083743845,3.8182857142857145,1.8192260869565218,1.8126057142857142,2.7605324489795913,3.542857142857143,2.9961816849816847,3.0059485021888586
51-9192.00,"Cleaning, Washing, and Metal Pickling Equipment Operators and Tenders",3.481084236453202,3.7978771428571427,1.8451,2.1430742857142855,2.976334285714285,3.1371428571428566,3.118203663003662,3.032270899204243
51-9193.00,Cooling and Freezing Equipment Operators and Tenders,3.2083034482758617,3.544974285714286,2.0135167701863352,1.7392371428571431,2.7324308163265303,3.4771428571428564,2.9537494505494504,2.936622662862838
51-9194.00,Etchers and Engravers,3.335755172413793,3.267257142857143,1.80027453416149,2.1321085714285712,3.135822448979592,3.23,3.046334065934066,2.957013635086695
51-9195.00,"Molders, Shapers, and Casters, Except Metal and Plastic",3.4134620689655177,3.5999142857142856,1.5907683229813663,2.411535714285715,2.936251224489796,3.6557142857142857,3.1731531135531137,3.0997903647779723
51-9195.03,"Stone Cutters and Carvers, Manufacturing",3.349710344827586,3.18788,1.8224763975155276,1.9155257142857147,2.874329387755101,3.6042857142857145,2.9810117216117216,2.9535970721664286
51-9195.04,"Glass Blowers, Molders, Benders, and Finishers",3.3204073891625616,3.510417142857143,1.6133639751552793,1.9559828571428572,2.908612653061224,3.2800000000000002,3.298860439560439,2.968679326926019
51-9195.05,"Potters, Manufacturing",3.378328078817734,3.185497142857143,1.6826639751552797,1.839937142857143,3.122322040816326,2.847142857142857,3.135140293040293,2.844881816559538
51-9196.00,"Paper Goods Machine Setters, Operators, and Tenders",3.3889807881773404,3.57706,1.7503018633540375,1.8556028571428573,2.9411932653061212,3.6342857142857143,2.947302197802198,3.0156280525996815
51-9197.00,Tire Builders,3.495714778325123,3.6822857142857144,1.7732111801242234,2.23492,2.7836293877551013,3.4414285714285717,3.169541758241758,3.0587745780892908
51-9198.00,Helpers--Production Workers,3.5278576354679796,3.736497142857143,1.582686956521739,2.237768571428572,2.9020293877551016,3.4985714285714278,3.218061538461538,3.089426694190581
53-1041.00,Aircraft Cargo Handling Supervisors,2.9688044334975374,3.404322857142857,2.2498291925465836,1.197857142857143,2.7782565306122446,3.4914285714285715,2.2629644688644683,2.7552065913436534
53-1042.00,"First-Line Supervisors of Helpers, Laborers, and Material Movers, Hand",3.1024344827586208,3.3778742857142854,2.2375167701863354,1.285971428571429,3.221675510204081,3.517142857142857,2.2974791208791205,2.8556969012377644
53-1042.01,Recycling Coordinators,3.0390083743842364,3.367337142857143,2.255832919254658,1.2572400000000004,3.1640308163265303,2.8185714285714285,2.1568333333333336,2.674103027674938
53-1043.00,First-Line Supervisors of Material-Moving Machine and Vehicle Operators,2.9432039408866997,3.35216,2.2730987577639747,1.182711428571428,3.0755587755102036,3.5214285714285714,2.1205084249084254,2.773581404115054
53-2011.00,"Airline Pilots, Copilots, and Flight Engineers",2.572687684729064,3.5025257142857145,2.5506285714285717,1.2283942857142862,2.54306387755102,3.9128571428571424,2.5812336996336995,2.840400360715639
53-2012.00,Commercial Pilots,2.6555724137931036,3.048057142857143,2.8634565217391303,0.922682857142858,2.511096734693877,3.121428571428571,2.3761897435897437,2.591537057413993
53-2021.00,Air Traffic Controllers,2.475239901477832,3.0556485714285717,2.2504173913043477,1.2416085714285705,3.445957551020408,3.624285714285714,2.3643032967032966,2.775232137224951
53-2022.00,Airfield Operations Specialists,2.911571428571429,3.4237571428571427,2.393452173913043,1.1377385714285717,2.9594355102040812,3.3814285714285712,2.2486391941391948,2.760915280185653
53-2031.00,Flight Attendants,3.215539408866995,3.5978057142857143,1.9742055900621116,1.2812599999999996,2.7743357142857135,3.3057142857142856,2.3406952380952384,2.7759458274791178
53-3011.00,"Ambulance Drivers and Attendants, Except Emergency Medical Technicians",3.2231837438423643,3.4883428571428574,1.9580695652173912,1.5354828571428571,2.784616734693877,3.128571428571429,2.5703791208791205,2.7850478964340435
53-3031.00,Driver/Sales Workers,3.3714576354679804,3.7058742857142857,1.5423993788819876,2.2018828571428566,2.83411081632653,3.5914285714285716,2.839003663003663,3.0052808979650676
53-3032.00,Heavy and Tractor-Trailer Truck Drivers,3.3537812807881773,3.7647257142857145,1.8521329192546587,1.7280357142857143,2.7198475510204076,3.3442857142857143,3.0325289377289373,2.9575065287846654
53-3033.00,Light Truck Drivers,3.3585492610837444,3.6147914285714284,1.7905695652173919,2.0595257142857144,2.9324920408163258,3.261428571428571,2.923404029304029,2.961680756202354
53-3051.00,"Bus Drivers, School",3.3467788177339903,3.641094285714286,1.7830658385093168,1.90328,3.057043673469388,2.8771428571428572,2.9644399267399266,2.8954666608281414
53-3052.00,"Bus Drivers, Transit and Intercity",3.424193596059113,3.7665571428571427,1.6781024844720498,1.987254285714286,3.042454489795918,3.11,2.846880219780219,2.950548494292492
53-3053.00,Shuttle Drivers and Chauffeurs,3.3204310344827586,3.587982857142857,1.842214906832298,1.8014999999999999,3.013087346938775,3.0071428571428567,2.7487835164835164,2.866342775368987
53-4011.00,Locomotive Engineers,3.096310344827586,3.6926485714285713,2.105678881987578,1.419571428571428,2.5552859183673466,3.3614285714285717,2.6858036630036635,2.82931801998569
53-4013.00,"Rail Yard Engineers, Dinkey Operators, and Hostlers",3.147264039408867,3.5557600000000003,2.2430161490683234,1.4858314285714287,2.626978775510204,2.834285714285714,2.6191293040293044,2.7321117184633743
53-4022.00,"Railroad Brake, Signal, and Switch Operators and Locomotive Firers",3.27382118226601,3.669928571428571,1.8679086956521735,1.5638714285714288,2.628639387755102,3.1900000000000004,2.8796278388278385,2.8489805594639885
53-4031.00,Railroad Conductors and Yardmasters,3.127314778325123,3.6388914285714287,1.9344267080745339,1.6738114285714283,2.7950265306122453,3.0942857142857143,2.7367736263736258,2.8243819111041026
53-4041.00,Subway and Streetcar Operators,3.2157093596059116,3.8065542857142853,1.8164639751552796,1.886027142857143,2.6874559183673465,3.5557142857142856,2.758330769230769,2.9515995188818462
53-5011.00,Sailors and Marine Oilers,3.1792768472906405,3.4754742857142857,2.072227329192547,1.6415371428571435,2.435953265306123,3.25,2.833648717948718,2.8100294146439344
53-5021.00,"Captains, Mates, and Pilots of Water Vessels",2.966184236453202,3.3561914285714285,2.2091875776397516,1.1668571428571424,2.5001351020408173,3.248571428571428,2.4884131868131862,2.68395735084577
53-5022.00,Motorboat Operators,3.2593536945812804,3.56588,1.860247204968944,1.3760442857142854,2.749122448979592,3.132857142857143,2.7345274725274717,2.7965331200530033
53-5031.00,Ship Engineers,2.937494088669951,3.2360057142857146,2.189383850931676,1.3176999999999994,2.4661726530612245,3.101428571428571,2.658926007326007,2.6657838688803164
53-6011.00,Bridge and Lock Tenders,3.404306403940886,3.8049600000000003,1.6415602484472052,1.945578571428571,3.108596326530612,2.9414285714285717,2.941463003663004,2.935898456393467
53-6021.00,Parking Attendants,3.489614285714285,3.842708571428571,1.4220354037267082,2.2663085714285716,3.1505361224489796,3.0085714285714285,2.8874736263736263,2.976098574124633
53-6031.00,Automotive and Watercraft Service Attendants,3.3750532019704433,3.6113314285714284,1.7218838509316767,1.6356957142857143,2.7319922448979583,3.235714285714286,2.7205021978021975,2.8487326746509005
53-6041.00,Traffic Technicians,3.0376241379310347,3.293542857142857,2.0772633540372665,1.9896157142857147,3.207782857142857,3.2614285714285716,2.781083150183151,2.906978571477997
53-6051.00,Transportation Inspectors,2.973378325123153,3.465168571428572,2.3204981366459627,1.5865857142857154,3.0188824489795922,2.9528571428571433,2.702775091575092,2.805310479230558
53-6051.01,Aviation Inspectors,2.767255665024631,3.1661799999999998,2.6207111801242235,1.1694814285714288,2.7855216326530603,3.408571428571428,2.3818487179487167,2.725854448927812
53-6051.07,"Transportation Vehicle, Equipment and Systems Inspectors, Except Aviation",3.3784615763546793,3.727074285714286,1.6097211180124225,1.6476485714285714,2.8417114285714273,3.3057142857142856,3.044124908424908,2.9355856559467517
53-6061.00,Passenger Attendants,3.462576354679803,3.7942428571428573,1.3412571428571431,2.55264,3.3441928571428567,2.4457142857142857,2.935242490842491,2.908970755399773
53-7011.00,Conveyor Operators and Tenders,3.275867487684729,3.5385914285714284,1.9267515527950314,1.84823,2.8169765306122443,3.5814285714285714,2.934333333333333,2.9786491865954776
53-7021.00,Crane and Tower Operators,3.295024630541872,3.5290657142857143,1.8453677018633543,1.5265242857142853,2.5879814285714287,3.281428571428571,2.9190816849816845,2.8431479318005835
53-7031.00,Dredge Operators,3.4633596059113305,3.7456514285714286,1.4918478260869565,2.0106942857142855,2.825354693877552,2.881428571428571,3.1298648351648346,2.9011745099946102
53-7041.00,Hoist and Winch Operators,3.285708374384236,3.58176,1.7876664596273293,1.257024285714285,2.5186391836734696,3.8985714285714286,2.857213553113553,2.9206815269241364
53-7051.00,Industrial Truck and Tractor Operators,3.378779802955665,3.6287314285714287,1.8522776397515528,1.57132,2.685344693877551,3.6457142857142855,2.9417655677655676,2.9666958450935446
53-7061.00,Cleaners of Vehicles and Equipment,3.612537931034483,3.7103485714285718,1.6541720496894405,1.9370471428571427,2.8293885714285714,3.1114285714285717,3.0394087912087913,2.960160213305435
53-7062.00,"Laborers and Freight, Stock, and Material Movers, Hand",3.5058379310344825,3.7931457142857146,1.432552795031056,2.0822585714285706,2.8095634693877547,3.4785714285714286,3.1092523809523804,3.0298653467092986
53-7062.04,Recycling and Reclamation Workers,3.4219793103448275,3.7270057142857143,1.643813664596273,2.1059471428571426,2.7508055102040814,3.032857142857143,3.030758241758242,2.9211298258057
53-7063.00,Machine Feeders and Offbearers,3.5052216748768474,3.8335742857142856,1.5080229813664594,2.466037142857143,3.0876285714285707,3.468571428571429,3.242230036630037,3.1414184834341072
53-7064.00,"Packers and Packagers, Hand",3.610186206896552,3.7085714285714286,1.8099180124223608,2.1121385714285714,3.102703673469388,3.4885714285714284,3.002019413919414,3.1034420525278965
53-7065.00,Stockers and Order Fillers,3.468335467980296,3.687134285714286,1.5886273291925463,2.3238628571428572,3.2996587755102036,2.902857142857143,2.8410036630036624,2.966240276036236
53-7071.00,Gas Compressor and Gas Pumping Station Operators,3.176846798029557,3.474837142857143,2.2749993788819873,1.3736228571428577,2.559462244897959,3.3785714285714286,2.8912652014652007,2.855938217404249
53-7072.00,"Pump Operators, Except Wellhead Pumpers",3.1177620689655177,3.367574285714286,2.1436310559006206,1.5049057142857145,2.6938828571428566,3.197142857142857,2.899213186813186,2.816047108242582
53-7073.00,Wellhead Pumpers,3.312860098522167,3.558817142857143,2.0853639751552793,1.6500342857142853,2.7137136734693876,3.0100000000000002,2.883189010989011,2.8458268149626123
53-7081.00,Refuse and Recyclable Material Collectors,3.6467886699507392,3.93144,1.3239993788819875,2.389365714285714,2.8437410204081623,3.1699999999999995,3.289856776556777,3.062110479354122
53-7121.00,"Tank Car, Truck, and Ship Loaders",3.1823453201970446,3.480511428571428,2.265196273291925,1.3910000000000005,2.41197306122449,3.654285714285714,2.734432967032967,2.867866186740225
