O*NET-SOC Code,Title,Technology Design Combined,Developing Objectives and Strategies Combined,Fluency of Ideas Combined,Writing Combined,Thinking Creatively Combined,Originality Combined
11-1011.00,Chief Executives,1.0942857142857143,3.7846,2.9008000000000003,2.9522285714285714,3.110571428571429,2.6696428571428568
11-1011.03,Chief Sustainability Officers,1.1408,3.78,2.6950857142857143,2.894285714285714,3.3072142857142857,2.645714285714285
11-1021.00,General and Operations Managers,1.0442857142857145,2.436228571428571,2.086428571428572,2.3857142857142857,2.523571428571429,2.06
11-2011.00,Advertising and Promotions Managers,1.0803571428571428,2.3482857142857143,2.6185714285714288,2.524285714285714,3.060928571428572,2.524285714285714
11-2021.00,Marketing Managers,1.0942857142857143,2.828842857142857,2.6696428571428568,2.2471428571428573,3.206971428571429,2.4971428571428573
11-2022.00,Sales Managers,1.0357142857142856,3.1589285714285715,2.524285714285714,2.4971428571428573,2.809971428571428,2.524285714285714
11-2033.00,Fundraising Managers,1.0942857142857143,2.754642857142857,2.4971428571428573,2.645714285714285,2.600714285714286,2.3857142857142857
11-3012.00,Administrative Services Managers,1.0535714285714286,1.9352,1.9449142857142856,2.4732142857142856,2.4935714285714283,1.8914285714285717
11-3013.00,Facilities Managers,1.077942857142857,2.432628571428572,1.837942857142857,2.205357142857143,3.1825571428571435,1.75
11-3013.01,Security Managers,1.0664285714285715,3.1214285714285714,2.645714285714285,2.524285714285714,2.9131428571428573,2.2928571428571427
11-3021.00,Computer and Information Systems Managers,1.4285714285714286,2.9776714285714285,2.275,2.571428571428571,2.9165714285714284,2.125
11-3031.00,Financial Managers,1.077942857142857,2.548857142857143,2.19,2.422142857142857,2.0320428571428573,1.837942857142857
11-3031.01,Treasurers and Controllers,1.0549142857142857,3.4258428571428574,2.1635714285714283,2.542057142857143,2.7142285714285714,2.125
11-3031.03,Investment Fund Managers,1.1734857142857142,2.548857142857143,2.2308,2.4522285714285714,2.8837,2.19
11-3051.00,Industrial Production Managers,1.0992,2.277257142857142,2.4285714285714284,2.36,2.648471428571429,2.1750857142857143
11-3051.01,Quality Control Systems Managers,1.2592,2.435528571428572,2.205357142857143,2.645714285714285,2.611757142857143,1.8914285714285717
11-3051.02,Geothermal Production Managers,1.268571428571429,2.3213714285714286,1.9657142857142855,2.4035714285714285,2.7485,1.8728571428571428
11-3051.03,Biofuels Production Managers,1.1885714285714286,1.9919714285714285,1.9842857142857144,2.25,2.7204,2.06
11-3051.04,Biomass Power Plant Managers,1.0664285714285715,2.577,1.9842857142857144,2.1357142857142857,2.677857142857143,1.837942857142857
11-3051.06,Hydroelectric Production Managers,1.1734857142857142,2.553828571428572,2.1492,2.3857142857142857,2.4805,1.9842857142857144
11-3061.00,Purchasing Managers,1.1734857142857142,2.820571428571429,2.596342857142857,2.645714285714285,2.6521142857142856,2.3392857142857144
11-3071.00,"Transportation, Storage, and Distribution Managers",1.12,2.5022,2.19,2.354914285714286,2.701171428571429,2.044642857142857
11-3071.04,Supply Chain Managers,1.2208,3.0270714285714284,1.9842857142857144,2.645714285714285,2.914,2.044642857142857
11-3111.00,Compensation and Benefits Managers,1.0442857142857145,2.92,2.086428571428572,2.765714285714286,2.5664285714285717,1.9449142857142856
11-3121.00,Human Resources Managers,1.0357142857142856,2.9554285714285715,2.6185714285714288,2.782857142857143,2.8252,2.571428571428571
11-3131.00,Training and Development Managers,1.0803571428571428,3.0892857142857144,2.645714285714285,2.6950857142857143,3.3214,2.524285714285714
11-9013.00,"Farmers, Ranchers, and Other Agricultural Managers",1.1408,2.633742857142857,2.2308,2.1635714285714283,2.922285714285714,2.1635714285714283
11-9021.00,Construction Managers,1.1071428571428572,2.426285714285714,2.2308,2.524285714285714,2.369814285714286,1.9842857142857144
11-9031.00,"Education and Childcare Administrators, Preschool and Daycare",1.0664285714285715,2.2968571428571427,2.2308,2.571428571428571,2.790057142857143,2.125
11-9032.00,"Education Administrators, Kindergarten through Secondary",1.1071428571428572,3.021257142857143,2.7142857142857144,3.44,3.247342857142857,2.645714285714285
11-9033.00,"Education Administrators, Postsecondary",1.0664285714285715,3.0858571428571424,2.524285714285714,2.821428571428571,3.0925857142857143,2.645714285714285
11-9041.00,Architectural and Engineering Managers,1.22,1.9387857142857143,2.6185714285714288,2.765714285714286,3.3828,2.4971428571428573
11-9041.01,Biofuels/Biodiesel Technology and Product Development Managers,1.2592,2.9781571428571434,2.3192,2.4522285714285714,3.4095,2.4714285714285715
11-9051.00,Food Service Managers,1.0089285714285714,2.1351142857142857,1.8057142857142856,1.8914285714285717,2.134,1.8057142857142856
11-9071.00,Gambling Managers,1.0442857142857145,2.1908000000000003,1.8571428571428568,2.4522285714285714,2.1253714285714285,1.7200000000000002
11-9072.00,"Entertainment and Recreation Managers, Except Gambling",1.0336571428571428,2.6142714285714286,2.1607142857142856,2.4971428571428573,3.2577142857142856,2.086428571428572
11-9081.00,Lodging Managers,1.1257142857142857,2.6628857142857143,2.31,2.645714285714285,2.7624571428571425,2.2308
11-9111.00,Medical and Health Services Managers,1.16,2.856342857142857,2.1635714285714283,2.7142857142857144,2.8983428571428576,2.1357142857142857
11-9121.00,Natural Sciences Managers,1.6665142857142858,3.148514285714286,2.2857142857142856,3.057142857142857,2.9352,2.3192
11-9121.01,Clinical Research Coordinators,1.0664285714285715,1.7640285714285715,1.8571428571428568,2.7142857142857144,2.0771714285714284,1.8057142857142856
11-9121.02,Water Resource Specialists,1.2036571428571428,3.228228571428572,2.125,2.7142857142857144,3.0397000000000003,2.125
11-9131.00,Postmasters and Mail Superintendents,1.1408,2.517085714285714,1.8571428571428568,2.205357142857143,2.287414285714286,1.8571428571428568
11-9141.00,"Property, Real Estate, and Community Association Managers",1.0089285714285714,2.3712142857142857,1.8571428571428568,2.4971428571428573,2.309285714285714,1.7200000000000002
11-9151.00,Social and Community Service Managers,1.1408,2.7198857142857147,2.4035714285714285,2.571428571428571,2.6359000000000004,2.4732142857142856
11-9161.00,Emergency Management Directors,1.0357142857142856,2.996142857142857,2.748571428571428,2.821428571428571,2.8057857142857143,2.6185714285714288
11-9171.00,Funeral Home Managers,1.0664285714285715,2.4196428571428568,1.8571428571428568,2.096342857142857,3.350857142857143,1.7734857142857143
11-9179.01,Fitness and Wellness Coordinators,1.231428571428571,2.313542857142857,2.3857142857142857,2.2928571428571427,2.839428571428571,2.1357142857142857
11-9179.02,Spa Managers,1.1734857142857142,2.3445142857142853,2.2071428571428573,2.096342857142857,2.6900857142857144,2.023657142857143
11-9199.01,Regulatory Affairs Managers,1.0664285714285715,3.0585142857142857,2.096342857142857,2.912857142857143,2.6272,1.8914285714285717
11-9199.02,Compliance Managers,1.0803571428571428,2.653928571428572,1.9285714285714288,2.6950857142857143,2.625657142857143,1.8057142857142856
11-9199.08,Loss Prevention Managers,1.12,2.7527714285714286,2.06,2.524285714285714,2.505285714285714,2.2308
11-9199.09,Wind Energy Operations Managers,1.1785714285714286,2.297528571428571,2.0028571428571427,2.571428571428571,3.107671428571429,1.8914285714285717
11-9199.10,Wind Energy Development Managers,1.1071428571428572,2.3464,2.023657142857143,2.596342857142857,2.538457142857143,1.8728571428571428
11-9199.11,Brownfield Redevelopment Specialists and Site Managers,1.1735714285714285,2.7004,2.36,2.6950857142857143,2.5860571428571437,2.096342857142857
13-1011.00,"Agents and Business Managers of Artists, Performers, and Athletes",1.0206285714285714,2.418614285714286,2.086428571428572,2.4522285714285714,3.2403,2.023657142857143
13-1021.00,"Buyers and Purchasing Agents, Farm Products",1.1071428571428572,2.4050714285714285,1.8571428571428568,1.9449142857142856,2.6100000000000003,1.8571428571428568
13-1022.00,"Wholesale and Retail Buyers, Except Farm Products",1.0549142857142857,1.8825142857142856,1.8914285714285717,1.9657142857142855,2.130285714285714,1.8914285714285717
13-1023.00,"Purchasing Agents, Except Wholesale, Retail, and Farm Products",1.0803571428571428,2.6032857142857138,1.9449142857142856,2.7142857142857144,2.392,1.8571428571428568
13-1031.00,"Claims Adjusters, Examiners, and Investigators",1.0803571428571428,1.7776,1.7200000000000002,2.4522285714285714,1.8495714285714284,1.6063428571428573
13-1032.00,"Insurance Appraisers, Auto Damage",1.0271428571428571,1.7934857142857146,1.5165142857142857,2.2767857142857144,1.886757142857143,1.5165142857142857
13-1041.00,Compliance Officers,1.0271428571428571,1.8714857142857144,1.7857142857142856,2.422142857142857,1.8412857142857144,1.7036571428571428
13-1041.01,Environmental Compliance Inspectors,1.0942857142857143,1.7135714285714283,1.9842857142857144,2.6950857142857143,1.8414285714285712,1.837942857142857
13-1041.03,Equal Opportunity Representatives and Officers,1.0942857142857143,1.9442285714285716,2.071428571428571,2.8020571428571426,2.222857142857143,1.94
13-1041.04,Government Property Inspectors and Investigators,1.0664285714285715,2.506614285714286,2.086428571428572,2.7142857142857144,2.0690857142857144,1.8057142857142856
13-1041.06,Coroners,1.0442857142857145,2.651585714285714,2.044642857142857,2.4971428571428573,2.4935714285714283,1.9085714285714288
13-1041.07,Regulatory Affairs Specialists,1.1257142857142857,2.771071428571428,2.096342857142857,2.765714285714286,1.8414285714285712,1.8728571428571428
13-1041.08,Customs Brokers,1.0942857142857143,1.9081428571428571,1.8571428571428568,2.524285714285714,2.089257142857143,1.8057142857142856
13-1051.00,Cost Estimators,1.0535714285714286,2.3485714285714288,2.0,2.4285714285714284,2.6575,1.8057142857142856
13-1071.00,Human Resources Specialists,1.0803571428571428,1.9793142857142856,1.75,2.645714285714285,2.1979,1.78
13-1074.00,Farm Labor Contractors,1.0,1.2691428571428571,1.3392000000000002,1.6875,1.182057142857143,1.2857142857142856
13-1075.00,Labor Relations Specialists,1.0206285714285714,2.1702142857142857,2.3857142857142857,2.928571428571429,2.376428571428572,2.3392857142857144
13-1081.00,Logisticians,1.0803571428571428,2.7207142857142856,2.275,2.275,2.4714285714285715,2.3857142857142857
13-1081.01,Logistics Engineers,1.6063428571428573,2.7275714285714283,2.765714285714286,2.8363428571428573,2.9065000000000003,2.645714285714285
13-1081.02,Logistics Analysts,1.22,2.5764571428571426,2.1357142857142857,2.36,2.665,2.1357142857142857
13-1111.00,Management Analysts,1.2208,3.621914285714286,2.571428571428571,2.7142857142857144,3.4133142857142857,2.205357142857143
13-1121.00,"Meeting, Convention, and Event Planners",1.0803571428571428,2.314,2.4732142857142856,2.2928571428571427,2.934957142857143,2.354914285714286
13-1131.00,Fundraisers,1.0803571428571428,3.3362857142857143,2.571428571428571,2.765714285714286,3.366,2.205357142857143
13-1141.00,"Compensation, Benefits, and Job Analysis Specialists",1.0357142857142856,2.330714285714285,1.8914285714285717,2.3192,2.316857142857143,1.9285714285714288
13-1151.00,Training and Development Specialists,1.157142857142857,2.9378714285714285,2.524285714285714,2.6950857142857143,2.841614285714286,2.4522285714285714
13-1161.00,Market Research Analysts and Marketing Specialists,1.0664285714285715,3.101571428571429,2.7142857142857144,2.765714285714286,3.283228571428571,2.1492
13-1161.01,Search Marketing Strategists,1.4435714285714285,3.1707,2.596342857142857,2.3392857142857144,3.256,2.2471428571428573
13-1199.04,Business Continuity Planners,1.0664285714285715,3.0692142857142857,2.6950857142857143,2.877142857142857,2.5232,2.3392857142857144
13-1199.05,Sustainability Specialists,1.12,3.474214285714285,2.19,2.765714285714286,2.855371428571429,2.2928571428571427
13-1199.06,Online Merchants,1.12,1.9580428571428568,1.9657142857142855,2.105,2.3505142857142856,1.7200000000000002
13-1199.07,Security Management Specialists,1.3706285714285715,2.9817142857142858,2.4971428571428573,2.4035714285714285,3.0439285714285718,2.3857142857142857
13-2011.00,Accountants and Auditors,1.0942857142857143,2.2771,1.837942857142857,2.2928571428571427,2.3347571428571428,1.75
13-2022.00,Appraisers of Personal and Business Property,1.0089285714285714,2.2157142857142857,1.6665142857142858,2.25,2.1784285714285714,1.6364285714285711
13-2023.00,Appraisers and Assessors of Real Estate,1.0271428571428571,1.6400285714285716,1.5892857142857142,2.105,1.8391857142857144,1.4249999999999998
13-2031.00,Budget Analysts,1.0942857142857143,2.319357142857143,1.8571428571428568,2.1750857142857143,2.192457142857143,1.8057142857142856
13-2041.00,Credit Analysts,1.0,1.5571428571428572,1.7734857142857143,2.1750857142857143,1.7542857142857144,1.6063428571428573
13-2052.00,Personal Financial Advisors,1.0357142857142856,2.9105142857142856,2.023657142857143,2.645714285714285,2.474971428571429,1.8571428571428568
13-2053.00,Insurance Underwriters,1.0549142857142857,1.544,1.7385714285714284,2.4732142857142856,1.9005714285714288,1.7385714285714284
13-2061.00,Financial Examiners,1.0206285714285714,2.2204,1.9657142857142855,2.7142857142857144,1.6394142857142855,1.8914285714285717
13-2071.00,Credit Counselors,1.1071428571428572,1.839314285714286,2.096342857142857,2.4732142857142856,2.116342857142857,1.837942857142857
13-2072.00,Loan Officers,1.1106285714285715,1.6980142857142857,1.7485714285714289,2.3192,2.1429142857142853,1.4
13-2081.00,"Tax Examiners and Collectors, and Revenue Agents",1.0357142857142856,1.8064857142857145,1.7200000000000002,2.044642857142857,1.8829,1.467857142857143
13-2082.00,Tax Preparers,1.0271428571428571,1.738257142857143,1.8571428571428568,1.8571428571428568,1.8135714285714288,1.6942857142857144
13-2099.01,Financial Quantitative Analysts,1.1734857142857142,2.274642857142857,2.4522285714285714,2.4285714285714284,3.278571428571428,2.096342857142857
13-2099.04,"Fraud Examiners, Investigators and Analysts",1.0206285714285714,2.644342857142857,2.071428571428571,2.8363428571428573,2.3289142857142853,1.8571428571428568
15-1211.00,Computer Systems Analysts,1.837942857142857,2.3248857142857142,2.4285714285714284,2.36,2.765857142857143,2.0342857142857143
15-1211.01,Health Informatics Specialists,1.7200000000000002,2.951285714285714,2.645714285714285,2.7142857142857144,3.617900000000001,2.645714285714285
15-1212.00,Information Security Analysts,1.3392000000000002,2.173914285714286,2.071428571428571,2.3392857142857144,2.718857142857143,1.9285714285714288
15-1221.00,Computer and Information Research Scientists,2.2477714285714288,2.5718,2.6950857142857143,2.4008000000000003,4.081185714285715,2.6393714285714287
15-1231.00,Computer Network Support Specialists,1.3008,1.790814285714286,2.0,2.0,2.4178,1.722057142857143
15-1232.00,Computer User Support Specialists,1.231428571428571,2.0336,1.9085714285714288,2.1142857142857143,2.6530142857142858,1.8057142857142856
15-1241.00,Computer Network Architects,2.023657142857143,2.4107142857142856,2.1750857142857143,2.4035714285714285,2.54,2.0342857142857143
15-1241.01,Telecommunications Engineering Specialists,1.6364285714285711,2.2455,1.9842857142857144,2.205357142857143,2.6393714285714287,1.9842857142857144
15-1242.00,Database Administrators,1.4691999999999998,2.455571428571428,2.096342857142857,2.2471428571428573,2.9539,2.0
15-1243.00,Database Architects,1.8571428571428568,2.768,2.205357142857143,2.1750857142857143,3.266142857142857,2.1085714285714285
15-1243.01,Data Warehousing Specialists,1.6364285714285711,2.2074857142857143,1.9842857142857144,2.086428571428572,3.334171428571428,1.9285714285714288
15-1244.00,Network and Computer Systems Administrators,1.75,2.0656,2.205357142857143,2.1357142857142857,2.6336571428571425,2.096342857142857
15-1251.00,Computer Programmers,1.595,2.4337142857142857,1.9657142857142855,2.044642857142857,3.7613571428571424,1.9285714285714288
15-1252.00,Software Developers,2.2308,2.5574285714285714,2.1635714285714283,2.1635714285714283,3.592642857142857,2.023657142857143
15-1253.00,Software Quality Assurance Analysts and Testers,1.6063428571428573,2.1207857142857143,1.8914285714285717,2.524285714285714,3.0112857142857146,1.8571428571428568
15-1254.00,Web Developers,1.51,2.274842857142857,2.1635714285714283,2.06,3.7764285714285712,2.096342857142857
15-1255.01,Video Game Designers,1.8571428571428568,2.43,2.8363428571428573,2.2471428571428573,4.565714285714286,2.765714285714286
15-1299.01,Web Administrators,1.4435714285714285,2.4207142857142854,1.9449142857142856,2.086428571428572,3.582857142857143,1.9285714285714288
15-1299.02,Geographic Information Systems Technologists and Technicians,1.1734857142857142,2.3983,1.8057142857142856,1.9842857142857144,3.132428571428571,1.8057142857142856
15-1299.03,Document Management Specialists,1.28,2.4547857142857143,1.8571428571428568,2.524285714285714,2.1622857142857144,1.8571428571428568
15-1299.05,Information Security Engineers,1.4435714285714285,2.317042857142857,2.0342857142857143,2.542057142857143,2.5922285714285715,1.9077714285714285
15-1299.08,Computer Systems Engineers/Architects,1.5892857142857142,2.342714285714286,2.3192,2.645714285714285,2.435085714285714,2.524285714285714
15-1299.09,Information Technology Project Managers,1.3008,3.288185714285714,2.4522285714285714,2.7142857142857144,2.983928571428572,2.044642857142857
15-2011.00,Actuaries,1.1257142857142857,2.4317714285714285,2.1357142857142857,2.4285714285714284,2.6246285714285715,1.94
15-2021.00,Mathematicians,1.0549142857142857,2.3660714285714284,2.866071428571429,2.7292,4.462142857142857,2.866071428571429
15-2031.00,Operations Research Analysts,1.12,2.793857142857143,2.542057142857143,2.7142857142857144,3.5508571428571427,2.4971428571428573
15-2041.00,Statisticians,1.0549142857142857,2.666,2.3192,2.6696428571428568,3.468571428571429,2.0342857142857143
15-2041.01,Biostatisticians,1.0885714285714283,2.2052285714285715,2.4971428571428573,3.0077714285714285,2.7733,2.2471428571428573
15-2051.01,Business Intelligence Analysts,1.077942857142857,2.0777142857142854,2.3192,2.571428571428571,2.998357142857143,1.9842857142857144
15-2051.02,Clinical Data Managers,1.147857142857143,2.21,2.06,2.571428571428571,2.396428571428572,1.9657142857142855
15-2099.01,Bioinformatics Technicians,1.32,1.9658285714285717,2.125,2.3392857142857144,3.580014285714286,1.9285714285714288
17-1011.00,"Architects, Except Landscape and Naval",1.2857142857142856,2.6900000000000004,2.877142857142857,2.6950857142857143,3.7442285714285712,2.821428571428571
17-1012.00,Landscape Architects,1.1071428571428572,2.44,2.765714285714286,2.4971428571428573,3.7,2.782857142857143
17-1021.00,Cartographers and Photogrammetrists,1.0664285714285715,2.1472,1.8571428571428568,2.2928571428571427,2.8426571428571425,1.8571428571428568
17-1022.00,Surveyors,1.0549142857142857,2.5,1.8571428571428568,2.571428571428571,2.6372714285714283,1.8057142857142856
17-1022.01,Geodetic Surveyors,1.147857142857143,2.1456428571428567,1.9449142857142856,2.542057142857143,2.607814285714286,1.7734857142857143
17-2011.00,Aerospace Engineers,2.205357142857143,2.0433142857142856,2.4285714285714284,2.8514285714285714,3.908714285714286,2.4008000000000003
17-2021.00,Agricultural Engineers,1.75,3.128214285714286,2.3392857142857144,2.7142857142857144,3.8285714285714287,2.2308
17-2031.00,Bioengineers and Biomedical Engineers,2.275,2.633257142857143,2.571428571428571,2.821428571428571,3.896742857142857,2.6393714285714287
17-2041.00,Chemical Engineers,1.7734857142857143,2.3098,2.4285714285714284,2.211428571428572,2.6934857142857145,2.4285714285714284
17-2051.00,Civil Engineers,1.4464285714285716,2.0477142857142856,2.571428571428571,2.2471428571428573,2.7659571428571423,2.2857142857142856
17-2051.01,Transportation Engineers,1.6875,2.297142857142857,2.571428571428571,2.765714285714286,2.7764571428571427,2.205357142857143
17-2051.02,Water/Wastewater Engineers,1.8728571428571428,2.5015714285714283,2.645714285714285,2.7142857142857144,2.8285,2.4522285714285714
17-2061.00,Computer Hardware Engineers,1.6364285714285711,2.716,2.2471428571428573,2.6950857142857143,3.863342857142857,2.4285714285714284
17-2071.00,Electrical Engineers,1.3571428571428572,2.563371428571428,2.2857142857142856,2.894285714285714,3.6276142857142855,2.125
17-2072.00,"Electronics Engineers, Except Computer",1.9285714285714288,2.288157142857143,2.3857142857142857,2.4285714285714284,3.166514285714286,2.36
17-2072.01,Radio Frequency Identification Device Specialists,1.6685714285714286,2.782171428571428,2.086428571428572,2.1635714285714283,3.769828571428572,1.8914285714285717
17-2081.00,Environmental Engineers,1.0664285714285715,3.107142857142857,2.6185714285714288,2.821428571428571,2.9550714285714283,2.4971428571428573
17-2111.00,"Health and Safety Engineers, Except Mining Safety Engineers and Inspectors",1.2514285714285711,2.3788,2.25,2.524285714285714,2.582057142857143,2.105
17-2111.02,Fire-Prevention and Protection Engineers,1.8571428571428568,2.3872,2.3392857142857144,2.645714285714285,2.8915,2.205357142857143
17-2112.00,Industrial Engineers,1.3008,2.0944,2.1635714285714283,2.6185714285714288,3.230485714285714,2.125
17-2112.01,Human Factors Engineers and Ergonomists,2.1750857142857143,2.926428571428572,2.748571428571428,2.877142857142857,3.0805,2.4522285714285714
17-2112.02,Validation Engineers,1.157142857142857,2.090357142857143,1.9449142857142856,2.765714285714286,2.08,1.8914285714285717
17-2112.03,Manufacturing Engineers,2.4971428571428573,2.216,2.542057142857143,2.7207142857142856,2.986857142857143,2.542057142857143
17-2121.00,Marine Engineers and Naval Architects,1.5357142857142858,2.1290285714285715,2.4714285714285715,2.571428571428571,2.8427999999999995,2.4522285714285714
17-2131.00,Materials Engineers,1.6665142857142858,2.7355,2.3857142857142857,2.7207142857142856,3.643142857142857,2.36
17-2141.00,Mechanical Engineers,2.06,2.259428571428572,2.3857142857142857,2.36,3.5505142857142857,2.36
17-2141.01,Fuel Cell Engineers,1.837942857142857,2.5555,2.5907142857142857,2.6185714285714288,3.161342857142857,2.4285714285714284
17-2141.02,Automotive Engineers,2.1750857142857143,2.314285714285714,2.645714285714285,2.6950857142857143,3.0266285714285712,2.9008000000000003
17-2151.00,"Mining and Geological Engineers, Including Mining Safety Engineers",1.6171428571428572,2.471714285714285,2.571428571428571,2.821428571428571,2.643742857142857,2.3857142857142857
17-2161.00,Nuclear Engineers,1.7734857142857143,2.359642857142857,2.571428571428571,3.0357142857142856,3.063471428571429,2.3192
17-2171.00,Petroleum Engineers,1.4017857142857142,3.0548571428571423,2.571428571428571,2.748571428571428,3.3947000000000003,2.3192
17-2199.03,"Energy Engineers, Except Wind and Solar",1.3392000000000002,2.5555,2.1635714285714283,2.6950857142857143,3.527242857142857,2.1635714285714283
17-2199.05,Mechatronics Engineers,2.096342857142857,2.2234857142857143,2.4285714285714284,2.571428571428571,3.187428571428572,2.4008000000000003
17-2199.06,Microsystems Engineers,1.5165142857142857,2.182942857142857,2.4971428571428573,2.571428571428571,3.25,2.4285714285714284
17-2199.07,Photonics Engineers,2.2471428571428573,1.9750714285714288,2.6696428571428568,2.954285714285714,3.481657142857143,2.8150000000000004
17-2199.08,Robotics Engineers,2.4008000000000003,2.52,2.6950857142857143,2.524285714285714,3.924714285714286,2.9008000000000003
17-2199.09,Nanosystems Engineers,2.1750857142857143,2.568257142857143,2.542057142857143,2.9008000000000003,3.7307,2.7207142857142856
17-2199.10,Wind Energy Engineers,1.5165142857142857,2.1016000000000004,2.06,2.275,2.434085714285714,2.096342857142857
17-2199.11,Solar Energy Systems Engineers,1.4464285714285716,2.0231714285714286,2.596342857142857,2.645714285714285,2.0928571428571425,2.3857142857142857
17-3011.00,Architectural and Civil Drafters,1.3785714285714286,1.6980142857142857,2.105,2.19,2.883971428571429,2.0608
17-3012.00,Electrical and Electronics Drafters,1.3125,1.7533,1.837942857142857,2.25,2.201928571428572,1.8057142857142856
17-3013.00,Mechanical Drafters,1.542142857142857,1.6588,2.044642857142857,1.8914285714285717,3.032028571428571,2.086428571428572
17-3021.00,Aerospace Engineering and Operations Technologists and Technicians,1.2208,1.791828571428571,1.8914285714285717,1.9449142857142856,2.3923,1.8057142857142856
17-3022.00,Civil Engineering Technologists and Technicians,1.0803571428571428,1.5074285714285716,1.8914285714285717,2.125,2.2948142857142857,1.822857142857143
17-3023.00,Electrical and Electronic Engineering Technologists and Technicians,1.231428571428571,1.7569142857142857,1.8914285714285717,2.044642857142857,2.713857142857143,1.9285714285714288
17-3024.00,Electro-Mechanical and Mechatronics Technologists and Technicians,1.24,1.7032142857142856,1.8914285714285717,1.9449142857142856,2.399142857142857,1.8914285714285717
17-3024.01,Robotics Technicians,1.7200000000000002,1.7130571428571426,1.9449142857142856,2.0028571428571427,2.765028571428571,1.9285714285714288
17-3025.00,Environmental Engineering Technologists and Technicians,1.268571428571429,1.6880714285714284,1.8914285714285717,2.1750857142857143,1.8019000000000005,1.8571428571428568
17-3026.00,Industrial Engineering Technologists and Technicians,1.8914285714285717,1.9403714285714284,2.205357142857143,2.1357142857142857,3.2274,2.1635714285714283
17-3026.01,Nanotechnology Engineering Technologists and Technicians,1.3571428571428572,2.198628571428572,2.1635714285714283,2.6185714285714288,2.8034285714285714,2.023657142857143
17-3027.00,Mechanical Engineering Technologists and Technicians,1.4691999999999998,2.0112000000000005,1.9449142857142856,2.2928571428571427,2.6347428571428573,1.9842857142857144
17-3027.01,Automotive Engineering Technicians,1.25,1.6536857142857144,2.0,2.044642857142857,2.4148000000000005,1.9285714285714288
17-3029.01,Non-Destructive Testing Specialists,1.0942857142857143,2.5372,1.7200000000000002,2.0028571428571427,2.625,1.6171428571428572
17-3029.08,Photonics Technicians,1.3571428571428572,1.6185142857142858,1.75,1.9449142857142856,2.273742857142857,1.6665142857142858
17-3031.00,Surveying and Mapping Technicians,1.1071428571428572,1.598442857142857,1.8914285714285717,2.125,1.8757857142857144,1.625
19-1011.00,Animal Scientists,1.1408,3.0577857142857146,2.524285714285714,2.821428571428571,3.596628571428572,2.2471428571428573
19-1012.00,Food Scientists and Technologists,1.1408,1.9778857142857145,2.6185714285714288,2.6950857142857143,3.148771428571429,2.4971428571428573
19-1013.00,Soil and Plant Scientists,1.1607142857142858,2.9448,2.4714285714285715,2.8020571428571426,3.405142857142857,2.645714285714285
19-1021.00,Biochemists and Biophysicists,1.4608,3.5232,2.866071428571429,3.377142857142857,4.4017857142857135,2.8150000000000004
19-1022.00,Microbiologists,1.1734857142857142,2.3817142857142857,2.6185714285714288,3.091428571428572,2.8018857142857145,2.326514285714285
19-1023.00,Zoologists and Wildlife Biologists,1.1785714285714286,2.970485714285714,2.105,2.6950857142857143,2.9337142857142857,2.0028571428571427
19-1029.01,Bioinformatics Scientists,1.3785714285714286,2.7112,2.6950857142857143,2.954285714285714,4.372285714285715,2.6696428571428568
19-1029.02,Molecular and Cellular Biologists,1.2857142857142856,2.7645142857142857,2.6950857142857143,3.321428571428572,3.625342857142857,2.7678571428571432
19-1029.03,Geneticists,1.1408,2.918857142857143,2.6950857142857143,3.091428571428572,3.4781714285714287,2.571428571428571
19-1029.04,Biologists,1.0549142857142857,3.2168,2.4971428571428573,3.2285714285714286,3.0498285714285718,2.1750857142857143
19-1031.00,Conservation Scientists,1.1408,2.186114285714286,2.1635714285714283,2.3857142857142857,2.4490285714285718,2.1635714285714283
19-1031.02,Range Managers,1.062857142857143,3.3138,2.205357142857143,2.2857142857142856,2.9694285714285718,2.1635714285714283
19-1031.03,Park Naturalists,1.1339285714285714,2.1154,2.044642857142857,2.571428571428571,3.402357142857143,1.9842857142857144
19-1032.00,Foresters,1.3008,2.482,2.0342857142857143,2.6185714285714288,2.254,2.1635714285714283
19-1041.00,Epidemiologists,1.0206285714285714,2.8546571428571426,2.765714285714286,3.0592,3.4080285714285714,2.6950857142857143
19-1042.00,"Medical Scientists, Except Epidemiologists",1.0803571428571428,2.332814285714286,2.2857142857142856,3.265714285714286,4.030685714285714,2.2857142857142856
19-2011.00,Astronomers,1.2857142857142856,2.566,2.6696428571428568,3.2285714285714286,3.6763857142857135,2.6185714285714288
19-2012.00,Physicists,1.845,2.8384857142857145,3.282057142857143,3.142857142857143,3.7811428571428567,3.34
19-2021.00,Atmospheric and Space Scientists,1.147857142857143,2.3042857142857143,2.125,2.645714285714285,3.109714285714286,1.8914285714285717
19-2031.00,Chemists,1.0885714285714283,1.931357142857143,2.096342857142857,2.8150000000000004,2.477542857142857,1.9657142857142855
19-2032.00,Materials Scientists,1.2036571428571428,2.1130000000000004,2.3192,2.8020571428571426,3.3049285714285714,2.3242857142857147
19-2041.00,"Environmental Scientists and Specialists, Including Health",1.1885714285714286,1.8422857142857143,2.096342857142857,2.98,2.1283142857142856,2.096342857142857
19-2041.01,Climate Change Policy Analysts,1.1408,3.137342857142857,1.9449142857142856,2.6950857142857143,2.760357142857143,2.06
19-2041.02,Environmental Restoration Planners,1.231428571428571,3.1214285714285714,2.3192,2.748571428571428,3.013428571428572,2.1750857142857143
19-2041.03,Industrial Ecologists,1.2036571428571428,2.6391,2.36,2.98,3.2099,2.36
19-2042.00,"Geoscientists, Except Hydrologists and Geographers",1.0664285714285715,2.7030000000000003,2.3192,2.9008000000000003,3.525714285714286,2.023657142857143
19-2043.00,Hydrologists,1.0885714285714283,2.7228571428571438,2.4714285714285715,2.542057142857143,3.204071428571429,2.3242857142857147
19-2099.01,Remote Sensing Scientists and Technologists,1.4691999999999998,2.787428571428572,2.4522285714285714,2.9008000000000003,3.3355428571428574,2.3192
19-3011.00,Economists,1.0206285714285714,2.5227714285714287,2.645714285714285,2.877142857142857,3.4870857142857146,2.06
19-3011.01,Environmental Economists,1.147857142857143,2.3457857142857144,2.2857142857142856,2.9522285714285714,3.1922714285714284,2.2857142857142856
19-3022.00,Survey Researchers,1.1408,2.6378285714285714,2.275,3.0892857142857144,3.080457142857143,1.9842857142857144
19-3032.00,Industrial-Organizational Psychologists,1.1408,3.0904000000000003,2.748571428571428,3.265714285714286,2.814057142857143,2.645714285714285
19-3033.00,Clinical and Counseling Psychologists,1.0549142857142857,2.800342857142857,2.571428571428571,2.9732142857142856,3.106514285714286,2.3192
19-3034.00,School Psychologists,1.0549142857142857,1.6322142857142856,2.023657142857143,2.765714285714286,2.1334857142857144,2.0
19-3039.02,Neuropsychologists,1.0549142857142857,2.3216,2.205357142857143,3.2935714285714286,2.451257142857143,2.096342857142857
19-3039.03,Clinical Neuropsychologists,1.0803571428571428,2.252714285714286,2.2471428571428573,2.8020571428571426,2.416528571428572,2.096342857142857
19-3041.00,Sociologists,1.0549142857142857,2.7792857142857144,2.2471428571428573,3.0357142857142856,3.751785714285714,2.1750857142857143
19-3051.00,Urban and Regional Planners,1.0992,4.017142857142857,2.542057142857143,2.6950857142857143,3.267428571428572,2.2857142857142856
19-3091.00,Anthropologists and Archeologists,1.0442857142857145,2.541428571428572,2.571428571428571,3.321428571428572,3.4975,1.9842857142857144
19-3092.00,Geographers,1.0803571428571428,2.562971428571428,2.125,3.1750857142857143,3.2285714285714286,2.023657142857143
19-3093.00,Historians,1.0357142857142856,1.9554285714285715,2.1635714285714283,3.1750857142857143,1.9788142857142856,1.8057142857142856
19-3094.00,Political Scientists,1.0442857142857145,2.486542857142857,2.1357142857142857,2.98,3.556314285714286,2.06
19-3099.01,Transportation Planners,1.0885714285714283,3.385,2.7142857142857144,2.765714285714286,3.1785714285714284,2.4971428571428573
19-4012.00,Agricultural Technicians,1.0357142857142856,1.6704285714285714,1.8571428571428568,2.023657142857143,1.6919,1.8571428571428568
19-4012.01,Precision Agriculture Technicians,1.0664285714285715,2.1526,1.9449142857142856,2.25,2.459542857142857,1.8571428571428568
19-4013.00,Food Science Technicians,1.0206285714285714,1.3955714285714285,1.7200000000000002,2.2071428571428573,1.6630285714285715,1.4249999999999998
19-4021.00,Biological Technicians,1.1734857142857142,1.983714285714285,1.9285714285714288,2.275,2.2639428571428573,1.837942857142857
19-4031.00,Chemical Technicians,1.231428571428571,1.8451,1.8914285714285717,2.645714285714285,1.855,1.8914285714285717
19-4042.00,"Environmental Science and Protection Technicians, Including Health",1.0442857142857145,1.8449714285714285,1.8914285714285717,2.645714285714285,1.8455285714285716,1.837942857142857
19-4043.00,"Geological Technicians, Except Hydrologic Technicians",1.16,1.6155142857142857,1.8057142857142856,2.125,1.9517714285714285,1.6364285714285711
19-4051.00,Nuclear Technicians,1.1408,1.6019285714285714,1.655,2.086428571428572,1.7450714285714286,1.655
19-4051.02,Nuclear Monitoring Technicians,1.0549142857142857,1.9118857142857144,1.8057142857142856,2.096342857142857,2.155885714285714,1.8571428571428568
19-4061.00,Social Science Research Assistants,1.1339285714285714,2.4212,1.8571428571428568,2.524285714285714,2.306628571428572,1.8571428571428568
19-4071.00,Forest and Conservation Technicians,1.16,2.792714285714286,1.7734857142857143,1.8914285714285717,2.3102714285714283,1.822857142857143
19-4092.00,Forensic Science Technicians,1.0206285714285714,1.5814857142857144,2.205357142857143,2.765714285714286,1.460457142857143,1.837942857142857
19-4099.01,Quality Control Analysts,1.0992,1.5798142857142858,1.7734857142857143,2.086428571428572,1.6182,1.837942857142857
19-4099.03,Remote Sensing Technicians,1.2036571428571428,2.0012857142857143,2.275,2.205357142857143,2.718228571428571,2.086428571428572
19-5011.00,Occupational Health and Safety Specialists,1.1257142857142857,2.5346571428571427,1.9449142857142856,2.7142857142857144,2.378914285714286,1.8571428571428568
19-5012.00,Occupational Health and Safety Technicians,1.1257142857142857,2.681985714285714,1.8571428571428568,2.524285714285714,2.5768,1.8571428571428568
21-1011.00,Substance Abuse and Behavioral Disorder Counselors,1.1071428571428572,3.045485714285714,2.1492,2.7142857142857144,2.9474714285714287,1.9449142857142856
21-1012.00,"Educational, Guidance, and Career Counselors and Advisors",1.0271428571428571,2.5178857142857143,2.4522285714285714,2.645714285714285,2.6554,2.06
21-1013.00,Marriage and Family Therapists,1.0357142857142856,2.296614285714286,2.542057142857143,2.821428571428571,2.539685714285714,2.31
21-1014.00,Mental Health Counselors,1.0357142857142856,3.023371428571429,2.4971428571428573,2.8363428571428573,3.4118714285714287,2.36
21-1015.00,Rehabilitation Counselors,1.0442857142857145,2.2826285714285715,2.023657142857143,2.4971428571428573,2.6644142857142854,2.023657142857143
21-1021.00,"Child, Family, and School Social Workers",1.0442857142857145,2.598171428571429,2.023657142857143,2.6185714285714288,2.9456,2.023657142857143
21-1022.00,Healthcare Social Workers,1.0664285714285715,2.2053142857142856,2.6185714285714288,2.6950857142857143,2.494,2.0342857142857143
21-1023.00,Mental Health and Substance Abuse Social Workers,1.1071428571428572,3.0469142857142857,2.596342857142857,2.571428571428571,3.063142857142857,2.524285714285714
21-1091.00,Health Education Specialists,1.1071428571428572,3.2044,2.275,2.782857142857143,3.1775857142857142,2.086428571428572
21-1092.00,Probation Officers and Correctional Treatment Specialists,1.0442857142857145,2.4573,1.837942857142857,2.524285714285714,2.2021428571428574,1.78
21-1093.00,Social and Human Service Assistants,1.0942857142857143,2.3568,2.125,2.4522285714285714,2.4641285714285712,1.9285714285714288
21-1094.00,Community Health Workers,1.0714285714285714,3.2923571428571425,1.94,2.662857142857143,2.9802571428571425,1.8571428571428568
21-2011.00,Clergy,1.0442857142857145,2.4894285714285718,2.596342857142857,2.6950857142857143,2.7561857142857145,2.596342857142857
21-2021.00,"Directors, Religious Activities and Education",1.1408,3.0545571428571425,2.2308,2.2471428571428573,3.1828,2.105
23-1011.00,Lawyers,1.0357142857142856,2.9815714285714288,2.6696428571428568,3.265714285714286,2.9762000000000004,2.571428571428571
23-1012.00,Judicial Law Clerks,1.0664285714285715,1.281657142857143,1.8571428571428568,2.9522285714285714,2.146857142857143,1.7200000000000002
23-1021.00,"Administrative Law Judges, Adjudicators, and Hearing Officers",1.0942857142857143,1.256457142857143,1.837942857142857,3.1750857142857143,2.031085714285714,1.8057142857142856
23-1022.00,"Arbitrators, Mediators, and Conciliators",1.0089285714285714,1.6192857142857142,2.06,3.0892857142857144,2.7395571428571426,1.8914285714285717
23-1023.00,"Judges, Magistrate Judges, and Magistrates",1.0803571428571428,1.774714285714286,2.071428571428571,3.1750857142857143,2.047657142857143,1.8914285714285717
23-2011.00,Paralegals and Legal Assistants,1.0549142857142857,1.392,1.7200000000000002,2.662857142857143,1.673257142857143,1.6665142857142858
23-2093.00,"Title Examiners, Abstractors, and Searchers",1.0,1.6339428571428571,1.3571428571428572,2.2308,1.4269571428571428,1.3008
25-1011.00,"Business Teachers, Postsecondary",1.0549142857142857,2.258,1.8914285714285717,3.142857142857143,3.052357142857143,1.9657142857142855
25-1021.00,"Computer Science Teachers, Postsecondary",1.268571428571429,2.723028571428572,2.06,3.091428571428572,3.852285714285714,2.096342857142857
25-1022.00,"Mathematical Science Teachers, Postsecondary",1.0549142857142857,2.2160714285714285,2.023657142857143,2.954285714285714,2.7664,2.06
25-1031.00,"Architecture Teachers, Postsecondary",1.0942857142857143,3.110314285714286,2.3857142857142857,3.142857142857143,3.6839714285714287,2.3242857142857147
25-1032.00,"Engineering Teachers, Postsecondary",1.2363428571428572,2.7671,2.2471428571428573,2.954285714285714,4.334414285714286,2.2471428571428573
25-1041.00,"Agricultural Sciences Teachers, Postsecondary",1.0803571428571428,2.9135,2.275,3.142857142857143,3.3417571428571438,2.1357142857142857
25-1042.00,"Biological Science Teachers, Postsecondary",1.0206285714285714,3.3729714285714283,2.2308,3.0357142857142856,3.880285714285714,2.1357142857142857
25-1043.00,"Forestry and Conservation Science Teachers, Postsecondary",1.1257142857142857,2.806857142857143,2.1357142857142857,3.1750857142857143,3.9560571428571434,2.071428571428571
25-1051.00,"Atmospheric, Earth, Marine, and Space Sciences Teachers, Postsecondary",1.0803571428571428,2.457142857142857,2.1085714285714285,3.0357142857142856,3.2645285714285714,2.1085714285714285
25-1052.00,"Chemistry Teachers, Postsecondary",1.157142857142857,2.5094857142857143,2.023657142857143,3.1750857142857143,3.074414285714286,2.0
25-1053.00,"Environmental Science Teachers, Postsecondary",1.0206285714285714,2.573714285714286,2.06,3.0357142857142856,3.2002857142857137,2.06
25-1054.00,"Physics Teachers, Postsecondary",1.0885714285714283,2.756742857142857,2.205357142857143,3.142857142857143,3.791285714285714,2.0
25-1061.00,"Anthropology and Archeology Teachers, Postsecondary",1.0549142857142857,2.9722857142857144,2.4522285714285714,3.585714285714286,3.5926428571428564,2.275
25-1062.00,"Area, Ethnic, and Cultural Studies Teachers, Postsecondary",1.1257142857142857,2.999542857142857,2.096342857142857,3.091428571428572,3.569885714285714,2.1357142857142857
25-1063.00,"Economics Teachers, Postsecondary",1.0803571428571428,1.7225,1.9842857142857144,2.765714285714286,3.735357142857143,1.8571428571428568
25-1064.00,"Geography Teachers, Postsecondary",1.1408,2.55,2.096342857142857,3.1750857142857143,3.614742857142857,2.0342857142857143
25-1065.00,"Political Science Teachers, Postsecondary",1.0089285714285714,2.3514285714285714,1.9285714285714288,3.091428571428572,3.658042857142857,1.9285714285714288
25-1066.00,"Psychology Teachers, Postsecondary",1.0664285714285715,3.011885714285714,2.125,3.142857142857143,3.418742857142857,2.023657142857143
25-1067.00,"Sociology Teachers, Postsecondary",1.0206285714285714,2.688028571428571,1.9842857142857144,3.0357142857142856,3.894971428571429,1.8914285714285717
25-1071.00,"Health Specialties Teachers, Postsecondary",1.0271428571428571,2.6579,1.9842857142857144,3.142857142857143,3.3807142857142853,2.071428571428571
25-1072.00,"Nursing Instructors and Teachers, Postsecondary",1.1408,3.2119000000000004,2.1357142857142857,3.091428571428572,3.1668857142857143,2.0342857142857143
25-1081.00,"Education Teachers, Postsecondary",1.0664285714285715,2.8892285714285717,1.9842857142857144,3.091428571428572,3.2081,1.9842857142857144
25-1082.00,"Library Science Teachers, Postsecondary",1.0803571428571428,3.1306428571428566,1.837942857142857,3.0357142857142856,3.8863428571428567,1.8057142857142856
25-1111.00,"Criminal Justice and Law Enforcement Teachers, Postsecondary",1.0135714285714286,2.333928571428572,1.8914285714285717,2.928571428571429,3.324957142857143,1.8571428571428568
25-1112.00,"Law Teachers, Postsecondary",1.0803571428571428,2.2672,2.071428571428571,3.142857142857143,3.5691428571428574,2.1357142857142857
25-1113.00,"Social Work Teachers, Postsecondary",1.0942857142857143,2.8829285714285717,2.2308,3.0357142857142856,3.3708142857142858,2.096342857142857
25-1121.00,"Art, Drama, and Music Teachers, Postsecondary",1.0549142857142857,2.669285714285714,2.4285714285714284,2.6950857142857143,4.427714285714286,2.571428571428571
25-1122.00,"Communications Teachers, Postsecondary",1.0664285714285715,2.6344000000000003,1.9285714285714288,2.98,3.495657142857143,1.8914285714285717
25-1123.00,"English Language and Literature Teachers, Postsecondary",1.0357142857142856,3.101442857142857,2.2471428571428573,3.265714285714286,3.838685714285715,2.205357142857143
25-1124.00,"Foreign Language and Literature Teachers, Postsecondary",1.0942857142857143,2.3359,1.9077714285714285,3.0357142857142856,3.4615428571428573,1.8728571428571428
25-1125.00,"History Teachers, Postsecondary",1.0042857142857142,2.322057142857143,1.9657142857142855,3.117142857142857,3.960771428571429,1.8914285714285717
25-1126.00,"Philosophy and Religion Teachers, Postsecondary",1.0549142857142857,2.385657142857143,1.9285714285714288,3.142857142857143,3.416114285714286,1.8728571428571428
25-1192.00,"Family and Consumer Sciences Teachers, Postsecondary",1.0803571428571428,2.559785714285714,1.8914285714285717,2.542057142857143,2.4560000000000004,2.023657142857143
25-1193.00,"Recreation and Fitness Studies Teachers, Postsecondary",1.1257142857142857,2.685914285714285,2.0028571428571427,2.765714285714286,2.9310857142857145,1.8914285714285717
25-1194.00,"Career/Technical Education Teachers, Postsecondary",1.1408,2.353857142857143,1.8057142857142856,2.4971428571428573,2.2969,1.8571428571428568
25-2011.00,"Preschool Teachers, Except Special Education",1.0442857142857145,1.7927571428571427,2.216428571428572,1.8571428571428568,2.243457142857143,2.422142857142857
25-2012.00,"Kindergarten Teachers, Except Special Education",1.077942857142857,2.949942857142857,2.327857142857143,2.044642857142857,3.2332142857142854,2.1492
25-2021.00,"Elementary School Teachers, Except Special Education",1.1257142857142857,2.4706857142857137,2.596342857142857,2.5428571428571427,2.8532,2.524285714285714
25-2022.00,"Middle School Teachers, Except Special and Career/Technical Education",1.0803571428571428,3.0569714285714285,2.105,2.596342857142857,3.663571428571428,1.9842857142857144
25-2023.00,"Career/Technical Education Teachers, Middle School",1.0942857142857143,2.5147000000000004,2.086428571428572,2.354914285714286,3.137485714285714,2.086428571428572
25-2031.00,"Secondary School Teachers, Except Special and Career/Technical Education",1.0549142857142857,3.0608,2.1607142857142856,2.4035714285714285,2.9584,2.3192
25-2032.00,"Career/Technical Education Teachers, Secondary School",1.1106285714285715,3.132,2.375,2.662857142857143,3.66,2.3192
25-2051.00,"Special Education Teachers, Preschool",1.0535714285714286,2.718628571428572,2.086428571428572,2.571428571428571,2.3014,1.9722285714285717
25-2056.00,"Special Education Teachers, Elementary School",1.1785714285714286,2.8637571428571427,2.6185714285714288,2.524285714285714,2.7394,2.3392857142857144
25-2057.00,"Special Education Teachers, Middle School",1.0549142857142857,2.171642857142857,2.071428571428571,2.645714285714285,1.9964,2.3857142857142857
25-2058.00,"Special Education Teachers, Secondary School",1.0942857142857143,2.7219999999999995,2.216428571428572,2.645714285714285,3.080628571428571,2.071428571428571
25-2059.01,Adapted Physical Education Specialists,1.1408,2.8474285714285714,2.19,2.596342857142857,3.095785714285714,2.125
25-3011.00,"Adult Basic Education, Adult Secondary Education, and English as a Second Language Instructors",1.1408,2.4257,2.0028571428571427,2.4522285714285714,3.023542857142857,2.0028571428571427
25-3021.00,Self-Enrichment Teachers,1.0803571428571428,1.768857142857143,1.8914285714285717,1.8914285714285717,2.983428571428572,1.9285714285714288
25-3031.00,"Substitute Teachers, Short-Term",1.062857142857143,1.3738,1.6875,2.023657142857143,1.5868,1.6364285714285711
25-3041.00,Tutors,1.0271428571428571,2.274,2.0608,2.4035714285714285,2.681857142857143,1.8914285714285717
25-4011.00,Archivists,1.077942857142857,2.774314285714285,1.8571428571428568,2.6950857142857143,2.755,1.8057142857142856
25-4012.00,Curators,1.0942857142857143,2.4818571428571428,2.36,2.9008000000000003,3.5029285714285714,2.4714285714285715
25-4013.00,Museum Technicians and Conservators,1.1734857142857142,2.0189285714285714,2.086428571428572,2.205357142857143,2.529571428571429,2.0608
25-4022.00,Librarians and Media Collections Specialists,1.0992,2.2285000000000004,1.8914285714285717,2.4035714285714285,2.669914285714285,1.8057142857142856
25-4031.00,Library Technicians,1.0271428571428571,1.3496,1.3392000000000002,1.8057142857142856,1.882514285714286,1.302857142857143
25-9021.00,Farm and Home Management Educators,1.1885714285714286,2.525714285714286,2.4285714285714284,2.748571428571428,2.6701428571428574,2.571428571428571
25-9031.00,Instructional Coordinators,1.0803571428571428,3.1307428571428573,2.4035714285714285,3.005714285714286,2.8729142857142858,2.4732142857142856
25-9042.00,"Teaching Assistants, Preschool, Elementary, Middle, and Secondary School, Except Special Education",1.0885714285714283,2.6432,2.044642857142857,2.19,3.703742857142857,1.9257142857142855
25-9043.00,"Teaching Assistants, Special Education",1.062857142857143,1.7408285714285712,2.0028571428571427,1.9449142857142856,1.989,1.7857142857142856
25-9044.00,"Teaching Assistants, Postsecondary",1.1408,1.874142857142857,1.9842857142857144,2.086428571428572,2.5361714285714285,1.9842857142857144
27-1011.00,Art Directors,1.0357142857142856,1.8381,2.9732142857142856,2.36,4.521142857142857,3.0335714285714284
27-1012.00,Craft Artists,1.0357142857142856,1.750142857142857,2.4035714285714285,1.6875,3.7332857142857145,2.8363428571428573
27-1013.00,"Fine Artists, Including Painters, Sculptors, and Illustrators",1.1107142857142858,1.1759142857142857,2.765714285714286,1.7385714285714284,4.159428571428571,3.2308
27-1014.00,Special Effects Artists and Animators,1.22,1.9863142857142857,2.36,1.9085714285714288,4.006885714285715,2.4285714285714284
27-1021.00,Commercial and Industrial Designers,2.096342857142857,1.5195142857142856,2.645714285714285,2.1750857142857143,3.0662714285714285,2.8020571428571426
27-1022.00,Fashion Designers,1.1071428571428572,2.002742857142857,2.596342857142857,2.19,4.430857142857144,3.0335714285714284
27-1023.00,Floral Designers,1.0357142857142856,1.5714285714285716,2.1492,1.5892857142857142,2.7056000000000004,2.1677714285714287
27-1024.00,Graphic Designers,1.335714285714286,2.392857142857143,2.645714285714285,1.9642857142857144,4.259285714285714,2.7142857142857144
27-1025.00,Interior Designers,1.1257142857142857,2.5446857142857144,2.782857142857143,2.4522285714285714,4.1752,2.782857142857143
27-1026.00,Merchandise Displayers and Window Trimmers,1.0803571428571428,1.7208,2.1492,1.7734857142857143,2.846171428571429,2.044642857142857
27-1027.00,Set and Exhibit Designers,1.2036571428571428,2.1066857142857143,2.8363428571428573,2.0028571428571427,4.369128571428572,2.596342857142857
27-2011.00,Actors,1.0135714285714286,1.1812857142857145,1.9657142857142855,1.9077714285714285,3.260342857142857,2.327857142857143
27-2012.00,Producers and Directors,1.231428571428571,2.155,2.542057142857143,2.6696428571428568,3.718142857142857,2.6696428571428568
27-2012.03,Media Programming Directors,1.1071428571428572,2.3405714285714287,2.596342857142857,2.524285714285714,3.466571428571428,2.524285714285714
27-2012.04,Talent Directors,1.0357142857142856,1.5976,2.1635714285714283,2.044642857142857,3.044285714285714,2.216428571428572
27-2012.05,Media Technical Directors/Managers,1.2036571428571428,1.9306,2.3192,2.19,2.9474285714285715,2.275
27-2021.00,Athletes and Sports Competitors,1.1106285714285715,2.9596,1.8057142857142856,1.7200000000000002,2.464728571428572,1.8057142857142856
27-2022.00,Coaches and Scouts,1.1885714285714286,2.386,2.524285714285714,2.4971428571428573,2.6744,2.596342857142857
27-2023.00,"Umpires, Referees, and Other Sports Officials",1.0357142857142856,1.2082857142857142,1.22,1.625,1.285,1.22
27-2031.00,Dancers,1.0020571428571428,1.3528857142857142,1.7385714285714284,1.5357142857142858,2.305928571428572,1.9077714285714285
27-2032.00,Choreographers,1.0664285714285715,2.314285714285714,2.645714285714285,1.8571428571428568,4.468485714285714,2.821428571428571
27-2041.00,Music Directors and Composers,1.1107142857142858,2.067657142857142,2.571428571428571,2.19,3.7889714285714295,2.6185714285714288
27-2042.00,Musicians and Singers,1.1071428571428572,1.6761142857142857,1.9285714285714288,1.6875,2.577142857142857,2.19
27-3011.00,Broadcast Announcers and Radio Disc Jockeys,1.0020571428571428,2.1833142857142853,2.216428571428572,2.211428571428572,3.7158,2.524285714285714
27-3023.00,"News Analysts, Reporters, and Journalists",1.1339285714285714,1.4818285714285715,2.086428571428572,2.821428571428571,2.720085714285714,2.0028571428571427
27-3031.00,Public Relations Specialists,1.147857142857143,3.59,2.571428571428571,2.7142857142857144,3.5332857142857144,2.524285714285714
27-3041.00,Editors,1.0549142857142857,1.7437142857142858,2.748571428571428,3.321428571428572,2.999885714285714,2.3857142857142857
27-3042.00,Technical Writers,1.0206285714285714,1.7567999999999997,1.9285714285714288,3.7714285714285714,2.4428714285714284,1.8057142857142856
27-3043.00,Writers and Authors,1.12,2.564285714285714,2.596342857142857,3.742857142857143,2.823328571428571,2.596342857142857
27-3043.05,"Poets, Lyricists and Creative Writers",1.0549142857142857,2.3335,2.9732142857142856,4.080357142857142,4.499757142857143,3.005714285714286
27-3091.00,Interpreters and Translators,1.1257142857142857,1.6518857142857142,1.8571428571428568,2.571428571428571,2.4078857142857144,1.8571428571428568
27-3092.00,Court Reporters and Simultaneous Captioners,1.0,1.4312285714285715,1.1885714285714286,2.105,1.0554285714285714,1.1408
27-4011.00,Audio and Video Technicians,1.25,1.6957857142857145,1.7734857142857143,1.9449142857142856,3.2995000000000005,1.7734857142857143
27-4012.00,Broadcast Technicians,1.4017857142857142,1.9615428571428573,1.8571428571428568,2.0028571428571427,2.3930285714285717,1.8571428571428568
27-4014.00,Sound Engineering Technicians,1.28,2.0459428571428573,2.3392857142857144,1.9085714285714288,3.900571428571428,2.1492
27-4021.00,Photographers,1.2036571428571428,2.307785714285714,2.205357142857143,1.7734857142857143,3.702757142857142,2.596342857142857
27-4031.00,"Camera Operators, Television, Video, and Film",1.2857142857142856,1.7755,1.9842857142857144,1.7734857142857143,3.592,1.9449142857142856
27-4032.00,Film and Video Editors,1.147857142857143,2.3520000000000003,2.31,1.9449142857142856,3.7388857142857135,2.2928571428571427
29-1011.00,Chiropractors,1.0803571428571428,2.7399999999999998,1.8914285714285717,2.524285714285714,2.3930285714285717,1.837942857142857
29-1021.00,"Dentists, General",1.302857142857143,2.378157142857143,2.205357142857143,2.2857142857142856,2.7009142857142856,2.1750857142857143
29-1022.00,Oral and Maxillofacial Surgeons,1.268571428571429,2.2720571428571428,2.096342857142857,2.3857142857142857,2.694471428571428,2.205357142857143
29-1023.00,Orthodontists,1.2857142857142856,2.5544714285714285,2.086428571428572,2.36,2.677857142857143,1.9285714285714288
29-1024.00,Prosthodontists,1.268571428571429,2.781428571428571,2.023657142857143,2.19,3.5449,1.9449142857142856
29-1031.00,Dietitians and Nutritionists,1.1339285714285714,2.254857142857143,2.096342857142857,2.748571428571428,2.3647142857142853,2.3857142857142857
29-1041.00,Optometrists,1.1106285714285715,2.5383285714285715,1.9449142857142856,2.7142857142857144,2.3085714285714287,1.8057142857142856
29-1051.00,Pharmacists,1.0885714285714283,1.452457142857143,1.9449142857142856,2.645714285714285,1.6387142857142858,1.6942857142857144
29-1071.00,Physician Assistants,1.1408,2.1670857142857143,1.9285714285714288,2.7142857142857144,2.2042,1.8057142857142856
29-1071.01,Anesthesiologist Assistants,1.147857142857143,2.038142857142857,1.7200000000000002,2.06,2.403,1.6063428571428573
29-1081.00,Podiatrists,1.4249999999999998,2.073914285714286,2.125,2.748571428571428,2.6107428571428573,1.9657142857142855
29-1122.00,Occupational Therapists,1.1734857142857142,3.2095857142857143,2.524285714285714,2.7142857142857144,3.2395714285714283,2.524285714285714
29-1122.01,"Low Vision Therapists, Orientation and Mobility Specialists, and Vision Rehabilitation Therapists",1.231428571428571,2.428714285714286,2.1492,2.571428571428571,2.588571428571428,2.086428571428572
29-1123.00,Physical Therapists,1.2036571428571428,2.528057142857143,2.0028571428571427,2.645714285714285,2.791728571428571,1.8914285714285717
29-1124.00,Radiation Therapists,1.1257142857142857,1.644285714285714,1.8571428571428568,1.9842857142857144,2.0721142857142856,1.467857142857143
29-1125.00,Recreational Therapists,1.1408,2.2565285714285714,1.9842857142857144,2.645714285714285,3.4467142857142856,2.205357142857143
29-1126.00,Respiratory Therapists,1.2208,2.043428571428572,1.7385714285714284,2.06,1.8668714285714287,1.8057142857142856
29-1127.00,Speech-Language Pathologists,1.2363428571428572,3.046342857142857,2.6185714285714288,2.877142857142857,2.600942857142857,2.2471428571428573
29-1128.00,Exercise Physiologists,1.25,2.2566571428571427,2.06,2.645714285714285,2.2878857142857143,2.1357142857142857
29-1129.01,Art Therapists,1.1257142857142857,2.7724,2.571428571428571,2.4971428571428573,4.258514285714286,2.2471428571428573
29-1129.02,Music Therapists,1.157142857142857,2.9059428571428567,2.524285714285714,2.205357142857143,4.122742857142857,2.4522285714285714
29-1131.00,Veterinarians,1.1257142857142857,1.7369285714285714,1.9657142857142855,2.4714285714285715,1.787057142857143,1.9657142857142855
29-1141.00,Registered Nurses,1.1408,2.1881714285714287,1.9449142857142856,2.524285714285714,2.6373571428571427,1.8914285714285717
29-1141.01,Acute Care Nurses,1.1734857142857142,1.93,1.9842857142857144,2.7142857142857144,2.503542857142857,1.8571428571428568
29-1141.02,Advanced Practice Psychiatric Nurses,1.0664285714285715,2.725314285714286,2.1492,2.7142857142857144,3.0692142857142857,2.105
29-1141.03,Critical Care Nurses,1.1257142857142857,2.036914285714285,2.2308,2.36,2.341814285714286,1.9842857142857144
29-1141.04,Clinical Nurse Specialists,1.0357142857142856,2.7207142857142856,2.06,2.645714285714285,2.8018857142857145,1.9657142857142855
29-1151.00,Nurse Anesthetists,1.1257142857142857,2.534885714285714,2.275,2.19,2.5006,1.9842857142857144
29-1161.00,Nurse Midwives,1.0942857142857143,2.3838285714285714,1.9842857142857144,2.645714285714285,2.470285714285714,1.8571428571428568
29-1171.00,Nurse Practitioners,1.1071428571428572,2.1448857142857145,2.1635714285714283,2.7142857142857144,2.5694857142857144,1.8914285714285717
29-1181.00,Audiologists,1.1885714285714286,2.355542857142857,1.9285714285714288,2.821428571428571,2.2517428571428573,1.9085714285714288
29-1211.00,Anesthesiologists,1.0885714285714283,2.198242857142857,2.044642857142857,2.7142857142857144,2.4632,1.8057142857142856
29-1213.00,Dermatologists,1.1257142857142857,2.3158857142857143,2.0342857142857143,2.4285714285714284,1.6446,2.0
29-1214.00,Emergency Medicine Physicians,1.0442857142857145,1.8609142857142855,2.524285714285714,2.8363428571428573,2.3940571428571427,2.4522285714285714
29-1215.00,Family Medicine Physicians,1.0135714285714286,1.9919714285714285,1.9449142857142856,2.8363428571428573,1.441,1.8914285714285717
29-1216.00,General Internal Medicine Physicians,1.0942857142857143,2.066628571428572,2.2471428571428573,2.765714285714286,2.2122,2.0342857142857143
29-1217.00,Neurologists,1.1257142857142857,2.9717714285714285,2.6393714285714287,2.877142857142857,3.052914285714285,2.3192
29-1218.00,Obstetricians and Gynecologists,1.0271428571428571,2.554,2.023657142857143,2.7142857142857144,2.4025,1.9449142857142856
29-1221.00,"Pediatricians, General",1.0206285714285714,1.9597714285714285,1.9657142857142855,2.7142857142857144,1.4641,1.9285714285714288
29-1222.00,"Physicians, Pathologists",1.1885714285714286,2.0619428571428573,2.06,3.2285714285714286,2.4041571428571427,2.0
29-1223.00,Psychiatrists,1.0442857142857145,2.4015142857142857,2.3192,2.9522285714285714,2.7178571428571425,2.1635714285714283
29-1224.00,Radiologists,1.0535714285714286,2.308114285714286,1.9285714285714288,2.9522285714285714,2.2939,1.8914285714285717
29-1229.01,Allergists and Immunologists,1.1408,2.766728571428572,2.524285714285714,2.894285714285714,2.2672,2.275
29-1229.02,Hospitalists,1.0664285714285715,2.330285714285714,2.1357142857142857,2.8020571428571426,2.3028571428571425,2.071428571428571
29-1229.03,Urologists,1.0271428571428571,3.1918,2.1492,2.8363428571428573,3.1366428571428573,1.9842857142857144
29-1229.04,Physical Medicine and Rehabilitation Physicians,1.2142857142857144,2.6947,2.3857142857142857,2.571428571428571,2.678857142857143,2.3192
29-1229.05,Preventive Medicine Physicians,1.0549142857142857,3.0436428571428573,2.877142857142857,3.1750857142857143,2.7812714285714284,2.4971428571428573
29-1229.06,Sports Medicine Physicians,1.2036571428571428,2.3176,2.3392857142857144,2.524285714285714,2.814057142857143,2.25
29-1241.00,"Ophthalmologists, Except Pediatric",1.1785714285714286,3.284957142857144,2.1085714285714285,2.7142857142857144,2.498828571428571,2.1750857142857143
29-1291.00,Acupuncturists,1.0206285714285714,2.0974,1.8057142857142856,2.06,2.6019428571428573,1.8057142857142856
29-1292.00,Dental Hygienists,1.1106285714285715,2.367857142857143,1.7036571428571428,1.9449142857142856,2.4234285714285715,1.4906285714285716
29-1299.01,Naturopathic Physicians,1.0942857142857143,2.352457142857143,2.3857142857142857,2.7142857142857144,2.8029714285714284,2.2471428571428573
29-1299.02,Orthoptists,1.157142857142857,1.7369285714285714,1.9842857142857144,2.4285714285714284,1.8767714285714288,1.8914285714285717
29-2011.00,Medical and Clinical Laboratory Technologists,1.0357142857142856,1.9742857142857144,1.6875,2.096342857142857,1.9312857142857145,1.5892857142857142
29-2011.01,Cytogenetic Technologists,1.0535714285714286,1.5797714285714286,1.822857142857143,2.571428571428571,1.7542857142857144,1.8057142857142856
29-2011.02,Cytotechnologists,1.0271428571428571,1.3674857142857144,1.595,1.9657142857142855,1.3257142857142856,1.4017857142857142
29-2011.04,Histotechnologists,1.0885714285714283,1.5916571428571429,1.7200000000000002,1.9842857142857144,1.5325714285714285,1.7200000000000002
29-2012.00,Medical and Clinical Laboratory Technicians,1.197142857142857,1.914642857142857,1.7734857142857143,1.9085714285714288,2.0123,1.7734857142857143
29-2012.01,Histology Technicians,1.077942857142857,1.4224,1.3785714285714286,1.8571428571428568,1.6528,1.302857142857143
29-2031.00,Cardiovascular Technologists and Technicians,1.0942857142857143,1.699285714285714,1.8057142857142856,2.06,1.838514285714285,1.5614285714285714
29-2032.00,Diagnostic Medical Sonographers,1.1785714285714286,1.637714285714286,1.822857142857143,2.086428571428572,1.9320857142857144,1.822857142857143
29-2033.00,Nuclear Medicine Technologists,1.0803571428571428,1.5638285714285716,1.7734857142857143,2.2071428571428573,1.8093285714285716,1.6875
29-2034.00,Radiologic Technologists and Technicians,1.077942857142857,1.3857,1.4435714285714285,1.8571428571428568,1.7714285714285714,1.3785714285714286
29-2035.00,Magnetic Resonance Imaging Technologists,1.0442857142857145,1.8652,1.7385714285714284,1.9449142857142856,2.3788,1.6364285714285711
29-2036.00,Medical Dosimetrists,1.157142857142857,2.3091428571428567,2.06,2.7207142857142856,3.084928571428572,1.9657142857142855
29-2051.00,Dietetic Technicians,1.1071428571428572,1.882442857142857,1.9842857142857144,1.9449142857142856,2.158428571428572,1.8914285714285717
29-2052.00,Pharmacy Technicians,1.0803571428571428,1.5646857142857142,1.4542857142857144,1.8571428571428568,1.627,1.32
29-2053.00,Psychiatric Technicians,1.0942857142857143,1.2595714285714286,1.8057142857142856,2.0028571428571427,1.6833999999999998,1.6942857142857144
29-2055.00,Surgical Technologists,1.1408,1.8451,1.7734857142857143,1.8057142857142856,2.007428571428571,1.5357142857142858
29-2056.00,Veterinary Technologists and Technicians,1.1257142857142857,1.524857142857143,1.8057142857142856,1.9642857142857144,1.764342857142857,1.8057142857142856
29-2057.00,Ophthalmic Medical Technicians,1.0,1.3455714285714286,1.5357142857142858,1.9085714285714288,1.404585714285714,1.268571428571429
29-2061.00,Licensed Practical and Licensed Vocational Nurses,1.1071428571428572,2.0904,1.8057142857142856,2.0028571428571427,1.9126142857142856,1.6665142857142858
29-2081.00,"Opticians, Dispensing",1.157142857142857,1.9464714285714284,1.7734857142857143,2.044642857142857,2.590557142857143,1.8057142857142856
29-2091.00,Orthotists and Prosthetists,1.837942857142857,2.101,2.1635714285714283,2.821428571428571,3.1785714285714284,2.096342857142857
29-2092.00,Hearing Aid Specialists,1.147857142857143,1.7386857142857142,1.6063428571428573,1.9085714285714288,2.0690857142857144,1.5614285714285714
29-2099.01,Neurodiagnostic Technologists,1.0357142857142856,1.9211142857142856,1.6063428571428573,2.1492,2.000842857142857,1.4928571428571429
29-2099.05,Ophthalmic Medical Technologists,1.0206285714285714,1.1760714285714289,1.6875,2.06,1.3928571428571428,1.4910714285714284
29-2099.08,Patient Representatives,1.0803571428571428,1.8162571428571428,1.8571428571428568,2.205357142857143,1.7431428571428569,1.8057142857142856
29-9091.00,Athletic Trainers,1.22,2.317171428571428,2.023657142857143,2.3857142857142857,2.979571428571429,1.9449142857142856
29-9092.00,Genetic Counselors,1.0442857142857145,1.6526714285714283,1.9842857142857144,2.748571428571428,1.8620285714285716,1.9449142857142856
29-9093.00,Surgical Assistants,1.0992,2.008,1.7385714285714284,2.023657142857143,2.295857142857143,1.7734857142857143
29-9099.01,Midwives,1.0664285714285715,2.532457142857143,1.9657142857142855,2.096342857142857,2.4025,1.8057142857142856
31-1121.00,Home Health Aides,1.0089285714285714,1.5667428571428572,1.822857142857143,1.872228571428572,2.175657142857143,1.7200000000000002
31-1122.00,Personal Care Aides,1.0135714285714286,2.532442857142857,1.4179428571428572,1.7734857142857143,2.620285714285714,1.394285714285714
31-1131.00,Nursing Assistants,1.0442857142857145,1.5943571428571428,1.3392000000000002,1.6875,2.211785714285714,1.302857142857143
31-1132.00,Orderlies,1.0042857142857142,1.2514285714285711,1.3008,1.5207142857142857,1.323314285714286,1.2857142857142856
31-1133.00,Psychiatric Aides,1.0664285714285715,2.0034,1.7734857142857143,1.9085714285714288,2.684571428571429,1.6875
31-2011.00,Occupational Therapy Assistants,1.0942857142857143,2.3820571428571427,1.9449142857142856,2.086428571428572,3.2631428571428573,1.837942857142857
31-2012.00,Occupational Therapy Aides,1.0442857142857145,1.9615428571428573,1.6875,1.9085714285714288,2.4508,1.6063428571428573
31-2021.00,Physical Therapist Assistants,1.157142857142857,2.104557142857143,1.8914285714285717,2.0028571428571427,2.6236,1.7200000000000002
31-2022.00,Physical Therapist Aides,1.1408,1.852,1.3392000000000002,1.8571428571428568,2.4952428571428573,1.3785714285714286
31-9011.00,Massage Therapists,1.12,1.8685714285714283,1.6875,1.822857142857143,2.2138857142857145,1.7200000000000002
31-9091.00,Dental Assistants,1.1071428571428572,2.0830857142857147,1.7200000000000002,1.8571428571428568,2.1253,1.5785714285714287
31-9092.00,Medical Assistants,1.0442857142857145,2.836,1.7200000000000002,2.105,2.218642857142857,1.6875
31-9093.00,Medical Equipment Preparers,1.0357142857142856,1.7225714285714284,1.2857142857142856,1.7385714285714284,2.4261142857142857,1.2857142857142856
31-9094.00,Medical Transcriptionists,1.0020571428571428,1.2185714285714286,1.22,2.4893714285714283,1.0765,1.1885714285714286
31-9095.00,Pharmacy Aides,1.0549142857142857,1.9,1.22,1.625,2.124557142857143,1.1885714285714286
31-9096.00,Veterinary Assistants and Laboratory Animal Caretakers,1.0942857142857143,1.4862,1.4017857142857142,1.9842857142857144,1.8961,1.3571428571428572
31-9097.00,Phlebotomists,1.0549142857142857,1.8971428571428568,1.4821428571428572,1.9085714285714288,1.9415714285714287,1.4179428571428572
31-9099.01,Speech-Language Pathology Assistants,1.1071428571428572,2.215242857142857,1.8914285714285717,1.9842857142857144,2.9338,1.8914285714285717
31-9099.02,Endoscopy Technicians,1.0549142857142857,1.798,1.5207142857142857,1.9085714285714288,2.035557142857143,1.2857142857142856
33-1011.00,First-Line Supervisors of Correctional Officers,1.0549142857142857,2.1711714285714288,1.8571428571428568,2.2928571428571427,2.1517857142857144,1.6875
33-1012.00,First-Line Supervisors of Police and Detectives,1.0442857142857145,2.668,2.023657142857143,2.571428571428571,2.500857142857143,1.8914285714285717
33-1021.00,First-Line Supervisors of Firefighting and Prevention Workers,1.12,3.1784285714285714,2.25,2.086428571428572,2.758857142857143,2.044642857142857
33-1091.00,First-Line Supervisors of Security Workers,1.0357142857142856,1.927,1.8328571428571427,2.4035714285714285,2.174442857142857,1.6364285714285711
33-2011.00,Firefighters,1.1339285714285714,2.208571428571429,1.837942857142857,1.8728571428571428,2.2366,1.6364285714285711
33-2021.00,Fire Inspectors and Investigators,1.1408,2.1946,1.9085714285714288,2.2928571428571427,2.0182857142857142,1.8571428571428568
33-2022.00,Forest Fire Inspectors and Prevention Specialists,1.0942857142857143,2.8708857142857145,1.7734857142857143,1.9085714285714288,2.2214,1.8571428571428568
33-3011.00,Bailiffs,1.0135714285714286,1.8731428571428568,1.231428571428571,1.4017857142857142,1.9730285714285716,1.197142857142857
33-3012.00,Correctional Officers and Jailers,1.0664285714285715,2.2432,1.7734857142857143,1.8571428571428568,2.4765571428571427,1.4017857142857142
33-3021.00,Detectives and Criminal Investigators,1.077942857142857,2.381114285714286,2.275,2.2308,2.6309714285714287,1.9449142857142856
33-3021.02,Police Identification and Records Officers,1.0549142857142857,2.2052428571428573,1.8571428571428568,2.044642857142857,2.330171428571429,1.7734857142857143
33-3021.06,Intelligence Analysts,1.0664285714285715,2.0986857142857143,2.2857142857142856,2.7142857142857144,3.145342857142857,2.06
33-3031.00,Fish and Game Wardens,1.0803571428571428,2.5302285714285717,1.8057142857142856,2.023657142857143,3.014428571428572,1.8057142857142856
33-3041.00,Parking Enforcement Workers,1.0206285714285714,1.8613,1.3214285714285714,1.6391999999999998,2.341414285714286,1.3214285714285714
33-3051.00,Police and Sheriff's Patrol Officers,1.0664285714285715,2.294842857142857,1.8571428571428568,2.125,2.2793142857142854,1.7857142857142856
33-3051.04,Customs and Border Protection Officers,1.0357142857142856,2.0241,1.7734857142857143,2.4035714285714285,2.1227285714285715,1.5508
33-3052.00,Transit and Railroad Police,1.0442857142857145,2.2605142857142857,1.8571428571428568,1.9642857142857144,1.9571428571428573,1.8571428571428568
33-9011.00,Animal Control Workers,1.0020571428571428,2.1974285714285715,1.7200000000000002,1.8571428571428568,2.6497,1.6364285714285711
33-9021.00,Private Detectives and Investigators,1.0549142857142857,2.3027285714285712,1.9657142857142855,2.354914285714286,2.325028571428572,1.8914285714285717
33-9031.00,Gambling Surveillance Officers and Gambling Investigators,1.0549142857142857,1.9737142857142855,1.3785714285714286,1.9449142857142856,2.2321428571428568,1.3392000000000002
33-9032.00,Security Guards,1.0042857142857142,2.8038,1.3785714285714286,1.6875,2.574942857142857,1.3785714285714286
33-9091.00,Crossing Guards and Flaggers,1.0,1.4587428571428571,1.1106285714285715,1.25,1.3591,1.1106285714285715
33-9092.00,"Lifeguards, Ski Patrol, and Other Recreational Protective Service Workers",1.0,1.3927,1.4017857142857142,1.5614285714285714,1.6869285714285716,1.2857142857142856
33-9093.00,Transportation Security Screeners,1.0,1.4649142857142856,1.4928571428571429,1.7036571428571428,1.414,1.51
33-9099.02,Retail Loss Prevention Specialists,1.077942857142857,2.2118857142857147,1.6875,1.9842857142857144,2.188,1.5892857142857142
35-1011.00,Chefs and Head Cooks,1.0664285714285715,1.9085714285714288,2.205357142857143,1.9449142857142856,2.5021142857142857,2.3192
35-1012.00,First-Line Supervisors of Food Preparation and Serving Workers,1.0357142857142856,1.9762857142857144,1.8571428571428568,1.8914285714285717,2.015257142857143,1.7200000000000002
35-2011.00,"Cooks, Fast Food",1.0089285714285714,1.342,1.2857142857142856,1.2857142857142856,1.5523428571428572,1.2857142857142856
35-2012.00,"Cooks, Institution and Cafeteria",1.0664285714285715,1.5472285714285714,1.51,1.655,1.5239428571428573,1.5785714285714287
35-2013.00,"Cooks, Private Household",1.0664285714285715,1.6325714285714286,2.0028571428571427,1.7385714285714284,2.4118,1.8914285714285717
35-2014.00,"Cooks, Restaurant",1.0,1.0864571428571428,1.5508,1.3785714285714286,1.3489428571428572,1.467857142857143
35-2015.00,"Cooks, Short Order",1.0020571428571428,1.1946285714285714,1.3008,1.3785714285714286,1.350942857142857,1.231428571428571
35-2021.00,Food Preparation Workers,1.0,1.154114285714286,1.22,1.22,1.2051999999999998,1.22
35-3011.00,Bartenders,1.0357142857142856,1.5051428571428571,1.7200000000000002,1.75,1.9985714285714289,1.7385714285714284
35-3023.00,Fast Food and Counter Workers,1.0089285714285714,1.3545142857142858,1.268571428571429,1.25,1.2569285714285714,1.25
35-3023.01,Baristas,1.0271428571428571,1.4693142857142858,1.5508,1.5508,1.6024,1.4542857142857144
35-3031.00,Waiters and Waitresses,1.0,1.2157857142857142,1.32,1.32,1.58,1.268571428571429
35-3041.00,"Food Servers, Nonrestaurant",1.0803571428571428,1.3328,1.268571428571429,1.302857142857143,1.6156428571428572,1.268571428571429
35-9011.00,Dining Room and Cafeteria Attendants and Bartender Helpers,1.0020571428571428,1.6968,1.302857142857143,1.1785714285714286,1.8585428571428573,1.25
35-9021.00,Dishwashers,1.0,1.2409142857142856,1.25,1.1607142857142858,1.2754,1.22
35-9031.00,"Hosts and Hostesses, Restaurant, Lounge, and Coffee Shop",1.0,1.2480714285714285,1.268571428571429,1.32,1.3088571428571427,1.22
37-1011.00,First-Line Supervisors of Housekeeping and Janitorial Workers,1.0206285714285714,2.0754857142857146,1.655,1.8057142857142856,2.218171428571429,1.5207142857142857
37-1012.00,"First-Line Supervisors of Landscaping, Lawn Service, and Groundskeeping Workers",1.1257142857142857,2.1295,1.8571428571428568,1.8571428571428568,2.537,1.8057142857142856
37-2011.00,"Janitors and Cleaners, Except Maids and Housekeeping Cleaners",1.0089285714285714,2.104171428571428,1.3008,1.4435714285714285,2.151685714285714,1.3008
37-2012.00,Maids and Housekeeping Cleaners,1.0,1.2812142857142856,1.268571428571429,1.32,1.2975,1.268571428571429
37-2021.00,Pest Control Workers,1.0549142857142857,1.7524,1.7385714285714284,2.1228571428571428,2.024914285714286,1.6875
37-3011.00,Landscaping and Groundskeeping Workers,1.0549142857142857,1.3980428571428571,1.268571428571429,1.1339285714285714,2.1526,1.268571428571429
37-3012.00,"Pesticide Handlers, Sprayers, and Applicators, Vegetation",1.0206285714285714,1.87,1.4821428571428572,1.4821428571428572,2.0121571428571428,1.4179428571428572
37-3013.00,Tree Trimmers and Pruners,1.0549142857142857,1.8777142857142857,1.4821428571428572,1.5357142857142858,1.9758571428571428,1.4017857142857142
39-1013.00,First-Line Supervisors of Gambling Services Workers,1.0535714285714286,1.3656285714285714,1.5625,2.105,1.3925285714285711,1.5614285714285714
39-1022.00,First-Line Supervisors of Personal Service Workers,1.0549142857142857,1.9934571428571428,1.8571428571428568,2.0028571428571427,2.046828571428571,1.8571428571428568
39-2011.00,Animal Trainers,1.0803571428571428,2.1913,1.9449142857142856,1.7385714285714284,2.9912714285714284,1.9842857142857144
39-2021.00,Animal Caretakers,1.0549142857142857,1.6507,1.28,1.625,2.1361714285714286,1.268571428571429
39-3011.00,Gambling Dealers,1.0020571428571428,1.0663714285714283,1.3008,1.4017857142857142,1.1242857142857143,1.28
39-3012.00,Gambling and Sports Book Writers and Runners,1.0,1.1967857142857143,1.3392000000000002,1.7385714285714284,1.435857142857143,1.25
39-3021.00,Motion Picture Projectionists,1.0042857142857142,1.096,1.268571428571429,1.44,1.19,1.2857142857142856
39-3031.00,"Ushers, Lobby Attendants, and Ticket Takers",1.0,1.1908,1.3571428571428572,1.3785714285714286,1.3465285714285715,1.3571428571428572
39-3091.00,Amusement and Recreation Attendants,1.0336571428571428,1.4394,1.2857142857142856,1.4285714285714286,2.0163571428571427,1.2857142857142856
39-3092.00,Costume Attendants,1.0549142857142857,1.4577,1.9449142857142856,1.51,3.078228571428572,1.8914285714285717
39-3093.00,"Locker Room, Coatroom, and Dressing Room Attendants",1.0,1.0473142857142856,1.231428571428571,1.3785714285714286,1.3375428571428571,1.0942857142857143
39-4011.00,Embalmers,1.1257142857142857,1.8288,1.7200000000000002,1.9085714285714288,2.319842857142857,1.542142857142857
39-4021.00,Funeral Attendants,1.0089285714285714,1.1400142857142856,1.335714285714286,1.3785714285714286,1.4702142857142857,1.2036571428571428
39-4031.00,"Morticians, Undertakers, and Funeral Arrangers",1.0664285714285715,1.7707428571428572,1.9085714285714288,2.2471428571428573,2.645442857142857,1.8571428571428568
39-5011.00,Barbers,1.0357142857142856,1.5861142857142858,1.5625,1.2857142857142856,2.830857142857143,1.5614285714285714
39-5012.00,"Hairdressers, Hairstylists, and Cosmetologists",1.1071428571428572,1.5539285714285715,2.0028571428571427,1.7734857142857143,2.7950285714285714,2.225714285714286
39-5091.00,"Makeup Artists, Theatrical and Performance",1.1071428571428572,1.8007142857142855,2.2928571428571427,1.7734857142857143,3.6571,2.2928571428571427
39-5092.00,Manicurists and Pedicurists,1.0942857142857143,1.1482,1.3571428571428572,1.3008,1.5725714285714285,1.4906285714285716
39-5093.00,Shampooers,1.0206285714285714,1.339557142857143,1.22,1.394285714285714,1.737428571428571,1.231428571428571
39-5094.00,Skincare Specialists,1.0271428571428571,1.7153714285714288,1.8571428571428568,1.7036571428571428,2.261628571428571,1.7385714285714284
39-6011.00,Baggage Porters and Bellhops,1.0089285714285714,1.5660571428571428,1.4179428571428572,1.5300000000000002,1.7911,1.394285714285714
39-6012.00,Concierges,1.0942857142857143,1.7231714285714286,1.8571428571428568,1.75,2.843571428571429,1.8571428571428568
39-7011.00,Tour Guides and Escorts,1.0549142857142857,1.3361142857142856,1.4249999999999998,1.4017857142857142,1.839742857142857,1.467857142857143
39-7012.00,Travel Guides,1.1071428571428572,2.0260714285714285,1.8728571428571428,1.9842857142857144,2.967428571428572,1.9285714285714288
39-9011.00,Childcare Workers,1.0942857142857143,1.8354285714285716,1.8571428571428568,1.822857142857143,2.393714285714286,1.7734857142857143
39-9011.01,Nannies,1.1257142857142857,1.4011428571428572,1.9085714285714288,1.822857142857143,2.563428571428571,1.9085714285714288
39-9031.00,Exercise Trainers and Group Fitness Instructors,1.1071428571428572,2.2648,1.8571428571428568,1.6942857142857144,3.023857142857143,1.8571428571428568
39-9032.00,Recreation Workers,1.1257142857142857,2.356114285714286,1.9449142857142856,1.9449142857142856,3.2779428571428566,2.06
39-9041.00,Residential Advisors,1.1106285714285715,2.0296857142857143,1.8057142857142856,1.8571428571428568,2.1286,1.8057142857142856
41-1011.00,First-Line Supervisors of Retail Sales Workers,1.1106285714285715,1.5684285714285713,1.8914285714285717,2.0342857142857143,1.6894714285714283,1.8914285714285717
41-1012.00,First-Line Supervisors of Non-Retail Sales Workers,1.0357142857142856,2.875342857142857,2.2928571428571427,2.4971428571428573,2.252714285714286,1.9077714285714285
41-2011.00,Cashiers,1.0,1.1136714285714286,1.2857142857142856,1.3392000000000002,1.2811428571428571,1.2857142857142856
41-2012.00,Gambling Change Persons and Booth Cashiers,1.0,1.326857142857143,1.3785714285714286,1.655,1.3760285714285714,1.302857142857143
41-2021.00,Counter and Rental Clerks,1.0664285714285715,1.6216,1.4906285714285716,1.8571428571428568,1.8429571428571427,1.3785714285714286
41-2022.00,Parts Salespersons,1.0357142857142856,1.9623142857142857,1.6875,1.7857142857142856,2.4459714285714287,1.625
41-2031.00,Retail Salespersons,1.1257142857142857,1.624,1.7734857142857143,1.8571428571428568,1.9122285714285716,1.7036571428571428
41-3011.00,Advertising Sales Agents,1.1408,2.162,2.2471428571428573,2.023657142857143,3.2507999999999995,2.086428571428572
41-3021.00,Insurance Sales Agents,1.0803571428571428,2.125057142857143,1.8057142857142856,2.354914285714286,2.2445285714285714,1.75
41-3031.00,"Securities, Commodities, and Financial Services Sales Agents",1.077942857142857,2.054857142857143,2.205357142857143,2.19,2.0974,1.8571428571428568
41-3041.00,Travel Agents,1.0942857142857143,1.4894714285714288,2.0,1.9085714285714288,1.8642,1.8571428571428568
41-4011.00,"Sales Representatives, Wholesale and Manufacturing, Technical and Scientific Products",1.231428571428571,1.7593714285714286,2.096342857142857,2.2308,1.6355,2.0342857142857143
41-4011.07,Solar Sales Representatives and Assessors,1.1734857142857142,2.1139,1.8571428571428568,1.9085714285714288,2.232028571428572,1.8571428571428568
41-4012.00,"Sales Representatives, Wholesale and Manufacturing, Except Technical and Scientific Products",1.0664285714285715,1.6384,1.9449142857142856,2.044642857142857,2.657542857142857,1.8571428571428568
41-9011.00,Demonstrators and Product Promoters,1.1106285714285715,1.5585428571428572,1.75,1.8571428571428568,1.9933,1.8057142857142856
41-9012.00,Models,1.0357142857142856,1.075,1.3785714285714286,1.2857142857142856,2.3788,1.4542857142857144
41-9021.00,Real Estate Brokers,1.0206285714285714,1.916542857142857,1.655,2.19,2.4976000000000003,1.5614285714285714
41-9022.00,Real Estate Sales Agents,1.0549142857142857,2.378,1.8914285714285717,2.19,2.746642857142857,1.7385714285714284
41-9031.00,Sales Engineers,1.7200000000000002,2.2246428571428574,2.4971428571428573,2.571428571428571,2.812142857142857,2.275
41-9041.00,Telemarketers,1.0089285714285714,2.5046285714285714,1.4017857142857142,1.5357142857142858,2.480457142857143,1.3785714285714286
41-9091.00,"Door-to-Door Sales Workers, News and Street Vendors, and Related Workers",1.0803571428571428,1.6828571428571428,1.8057142857142856,1.7385714285714284,1.6821714285714284,1.8057142857142856
43-1011.00,First-Line Supervisors of Office and Administrative Support Workers,1.0442857142857145,2.186871428571429,2.02,2.4732142857142856,2.387928571428571,2.1492
43-2011.00,"Switchboard Operators, Including Answering Service",1.0,1.0492142857142857,1.268571428571429,1.595,1.1354714285714285,1.25
43-2021.00,Telephone Operators,1.0089285714285714,1.5765142857142858,1.22,1.4017857142857142,1.4618857142857145,1.22
43-3011.00,Bill and Account Collectors,1.0,1.5234142857142858,1.5892857142857142,2.0028571428571427,1.4270285714285715,1.5614285714285714
43-3021.00,Billing and Posting Clerks,1.0135714285714286,1.3035428571428571,1.32,1.822857142857143,1.4778285714285713,1.25
43-3031.00,"Bookkeeping, Accounting, and Auditing Clerks",1.0020571428571428,1.6167857142857145,1.32,1.9449142857142856,1.5638285714285716,1.22
43-3041.00,Gambling Cage Workers,1.0,1.3537857142857144,1.3392000000000002,1.8571428571428568,1.2964,1.3008
43-3051.00,Payroll and Timekeeping Clerks,1.0206285714285714,1.4375,1.3392000000000002,1.9449142857142856,1.7933285714285714,1.3392000000000002
43-3061.00,Procurement Clerks,1.0357142857142856,1.8307,1.6391999999999998,2.216428571428572,1.6278142857142857,1.4435714285714285
43-3071.00,Tellers,1.0271428571428571,1.6748714285714286,1.6391999999999998,1.8571428571428568,1.725142857142857,1.4017857142857142
43-4011.00,Brokerage Clerks,1.0,1.3426428571428572,1.5508,2.06,1.3011285714285714,1.5508
43-4021.00,Correspondence Clerks,1.0089285714285714,1.5654,1.8571428571428568,2.765714285714286,1.498342857142857,1.7385714285714284
43-4031.00,"Court, Municipal, and License Clerks",1.0535714285714286,1.4448714285714286,1.5357142857142858,2.19,1.5333142857142856,1.3571428571428572
43-4041.00,"Credit Authorizers, Checkers, and Clerks",1.0,1.7373571428571428,1.4017857142857142,1.9449142857142856,1.4178571428571427,1.3392000000000002
43-4051.00,Customer Service Representatives,1.1106285714285715,1.6433428571428572,1.655,1.8571428571428568,1.6790000000000005,1.655
43-4061.00,"Eligibility Interviewers, Government Programs",1.0089285714285714,1.5775,1.6875,2.524285714285714,1.8112,1.5614285714285714
43-4071.00,File Clerks,1.0206285714285714,2.017128571428572,1.822857142857143,1.9085714285714288,2.055871428571429,1.6714285714285717
43-4081.00,"Hotel, Motel, and Resort Desk Clerks",1.1106285714285715,1.5868,1.8057142857142856,1.7734857142857143,1.7693714285714286,1.6391999999999998
43-4111.00,"Interviewers, Except Eligibility and Loan",1.0135714285714286,2.5825714285714287,1.4435714285714285,2.086428571428572,2.0197142857142856,1.4821428571428572
43-4121.00,"Library Assistants, Clerical",1.0206285714285714,1.4467857142857143,1.3392000000000002,1.8571428571428568,2.0241,1.32
43-4131.00,Loan Interviewers and Clerks,1.0803571428571428,1.7773857142857143,1.8571428571428568,2.4522285714285714,2.180771428571429,1.6364285714285711
43-4141.00,New Accounts Clerks,1.0089285714285714,1.5146000000000002,1.5508,1.8571428571428568,1.3003857142857145,1.28
43-4151.00,Order Clerks,1.0089285714285714,1.6391999999999998,1.5357142857142858,1.9085714285714288,1.9971285714285711,1.3571428571428572
43-4161.00,"Human Resources Assistants, Except Payroll and Timekeeping",1.0664285714285715,2.0300714285714285,1.7036571428571428,2.2928571428571427,1.830514285714286,1.4821428571428572
43-4171.00,Receptionists and Information Clerks,1.0,1.4484285714285714,1.5357142857142858,1.8571428571428568,1.3489142857142855,1.394285714285714
43-4181.00,Reservation and Transportation Ticket Agents and Travel Clerks,1.0357142857142856,1.2164285714285714,1.7734857142857143,1.9085714285714288,1.5716571428571429,1.6875
43-5011.00,Cargo and Freight Agents,1.0206285714285714,1.5856,1.4928571428571429,1.8571428571428568,1.9614,1.4017857142857142
43-5011.01,Freight Forwarders,1.0803571428571428,2.533642857142857,1.8571428571428568,2.0028571428571427,3.2422,1.6875
43-5021.00,Couriers and Messengers,1.0206285714285714,1.038657142857143,1.28,1.7857142857142856,1.3503571428571428,1.335714285714286
43-5031.00,Public Safety Telecommunicators,1.0803571428571428,2.4168571428571424,1.8571428571428568,1.8571428571428568,2.1811,1.7200000000000002
43-5032.00,"Dispatchers, Except Police, Fire, and Ambulance",1.0664285714285715,1.6753714285714283,1.7385714285714284,1.872228571428572,1.822857142857143,1.6875
43-5041.00,"Meter Readers, Utilities",1.0442857142857145,1.3417,1.32,1.6364285714285711,1.5861142857142858,1.3571428571428572
43-5051.00,Postal Service Clerks,1.0357142857142856,1.3168,1.2857142857142856,1.8057142857142856,1.4849285714285714,1.268571428571429
43-5052.00,Postal Service Mail Carriers,1.0,1.0775571428571429,1.1785714285714286,1.3392000000000002,1.1326857142857143,1.197142857142857
43-5053.00,"Postal Service Mail Sorters, Processors, and Processing Machine Operators",1.0,1.2241142857142857,1.25,1.335714285714286,1.297414285714286,1.2036571428571428
43-5061.00,"Production, Planning, and Expediting Clerks",1.1257142857142857,1.673257142857143,1.6875,1.9085714285714288,2.0782857142857143,1.5614285714285714
43-5071.00,"Shipping, Receiving, and Inventory Clerks",1.1106285714285715,1.5936285714285714,1.5300000000000002,1.6364285714285711,1.7228571428571426,1.3392000000000002
43-5111.00,"Weighers, Measurers, Checkers, and Samplers, Recordkeeping",1.0271428571428571,1.7676857142857143,1.3392000000000002,1.8057142857142856,1.8289714285714287,1.3785714285714286
43-6011.00,Executive Secretaries and Executive Administrative Assistants,1.0803571428571428,1.6576428571428572,1.8571428571428568,2.4732142857142856,2.5015,1.8571428571428568
43-6012.00,Legal Secretaries and Administrative Assistants,1.0271428571428571,1.7952714285714286,1.7200000000000002,2.596342857142857,1.9297714285714287,1.5207142857142857
43-6013.00,Medical Secretaries and Administrative Assistants,1.0089285714285714,1.6794428571428572,1.3392000000000002,1.9085714285714288,1.7722,1.2857142857142856
43-6014.00,"Secretaries and Administrative Assistants, Except Legal, Medical, and Executive",1.0357142857142856,1.4547285714285716,1.4285714285714286,2.375,1.8742857142857143,1.2857142857142856
43-9021.00,Data Entry Keyers,1.0206285714285714,1.6953142857142858,1.3808,1.8571428571428568,1.8685714285714288,1.2857142857142856
43-9022.00,Word Processors and Typists,1.0942857142857143,1.3344,1.268571428571429,2.044642857142857,1.731542857142857,1.22
43-9031.00,Desktop Publishers,1.22,1.9476,2.4732142857142856,2.096342857142857,3.124,2.596342857142857
43-9041.00,Insurance Claims and Policy Processing Clerks,1.0020571428571428,1.2875,1.4691999999999998,1.9449142857142856,1.3666857142857145,1.3785714285714286
43-9051.00,"Mail Clerks and Mail Machine Operators, Except Postal Service",1.0089285714285714,1.167857142857143,1.2857142857142856,1.7385714285714284,1.5518,1.2857142857142856
43-9061.00,"Office Clerks, General",1.0206285714285714,1.2357142857142858,1.5,1.9449142857142856,1.6026,1.32
43-9071.00,"Office Machine Operators, Except Computer",1.0803571428571428,1.4114,1.3392000000000002,1.7385714285714284,2.097714285714286,1.3392000000000002
43-9081.00,Proofreaders and Copy Markers,1.0,1.0648428571428572,1.231428571428571,2.4971428571428573,1.3799,1.2036571428571428
43-9111.00,Statistical Assistants,1.1257142857142857,1.6966,2.06,2.3392857142857144,1.8688,1.8914285714285717
45-1011.00,"First-Line Supervisors of Farming, Fishing, and Forestry Workers",1.1734857142857142,2.0944000000000003,1.8571428571428568,2.06,1.9466714285714288,1.6942857142857144
45-2011.00,Agricultural Inspectors,1.0803571428571428,1.3072,1.655,2.096342857142857,1.672,1.5785714285714287
45-2021.00,Animal Breeders,1.0089285714285714,1.6180428571428571,1.25,1.6875,1.388842857142857,1.2363428571428572
45-2041.00,"Graders and Sorters, Agricultural Products",1.0,1.1652,1.0178571428571428,1.2464285714285714,1.4747428571428571,1.0336571428571428
45-2091.00,Agricultural Equipment Operators,1.0357142857142856,1.4257,1.3785714285714286,1.28,1.984114285714286,1.2208
45-2092.00,"Farmworkers and Laborers, Crop, Nursery, and Greenhouse",1.0535714285714286,1.9103142857142856,1.4906285714285716,1.625,2.0459428571428573,1.4628571428571429
45-2093.00,"Farmworkers, Farm, Ranch, and Aquacultural Animals",1.0206285714285714,1.8061428571428573,1.4542857142857144,1.6364285714285711,1.6986571428571429,1.5207142857142857
45-3031.00,Fishing and Hunting Workers,1.0535714285714286,1.9495,1.625,1.3785714285714286,2.6730857142857145,1.595
45-4011.00,Forest and Conservation Workers,1.0206285714285714,2.024571428571429,1.5625,1.5508,2.1121,1.4906285714285716
45-4021.00,Fallers,1.0,1.3510857142857142,1.2421428571428572,1.157142857142857,1.0661142857142858,1.2825
45-4022.00,Logging Equipment Operators,1.0089285714285714,2.185,1.2857142857142856,1.595,2.194171428571429,1.3392000000000002
45-4023.00,Log Graders and Scalers,1.0206285714285714,1.885342857142857,1.51,1.8571428571428568,1.8492,1.4542857142857144
47-1011.00,First-Line Supervisors of Construction Trades and Extraction Workers,1.0535714285714286,2.548,1.8571428571428568,1.8914285714285717,2.491342857142857,1.837942857142857
47-1011.03,Solar Energy Installation Managers,1.2036571428571428,1.5881857142857143,1.8057142857142856,1.9285714285714288,2.0771714285714284,1.837942857142857
47-2011.00,Boilermakers,1.0549142857142857,1.5376857142857143,1.8571428571428568,1.6665142857142858,1.6953714285714288,1.32
47-2021.00,Brickmasons and Blockmasons,1.0664285714285715,2.084285714285714,1.3785714285714286,1.3785714285714286,2.2006,1.4906285714285716
47-2022.00,Stonemasons,1.1408,1.7920000000000005,1.625,1.5508,2.617257142857143,1.655
47-2031.00,Carpenters,1.0942857142857143,1.7280571428571427,1.6665142857142858,1.7036571428571428,2.498828571428571,1.8057142857142856
47-2041.00,Carpet Installers,1.0885714285714283,1.489142857142857,1.51,1.25,1.8859142857142857,1.3785714285714286
47-2042.00,"Floor Layers, Except Carpet, Wood, and Hard Tiles",1.0135714285714286,1.9114285714285717,1.4564285714285714,1.4435714285714285,2.242,1.4959857142857145
47-2043.00,Floor Sanders and Finishers,1.0206285714285714,2.081142857142857,1.3008,1.3008,2.498,1.2857142857142856
47-2044.00,Tile and Stone Setters,1.0664285714285715,1.6387142857142858,1.5785714285714287,1.2857142857142856,2.5947,1.7200000000000002
47-2051.00,Cement Masons and Concrete Finishers,1.0803571428571428,1.9447428571428569,1.3392000000000002,1.268571428571429,2.0865,1.32
47-2053.00,Terrazzo Workers and Finishers,1.0206285714285714,1.736157142857143,1.4542857142857144,1.2036571428571428,2.044,1.2857142857142856
47-2061.00,Construction Laborers,1.0442857142857145,2.2972,1.3785714285714286,1.3571428571428572,2.3171714285714287,1.2857142857142856
47-2071.00,"Paving, Surfacing, and Tamping Equipment Operators",1.0664285714285715,1.4542857142857142,1.1607142857142858,1.2036571428571428,1.9104142857142856,1.2036571428571428
47-2072.00,Pile Driver Operators,1.0357142857142856,1.9062857142857144,1.2857142857142856,1.335714285714286,2.3885714285714283,1.2363428571428572
47-2073.00,Operating Engineers and Other Construction Equipment Operators,1.1071428571428572,2.277014285714285,1.3785714285714286,1.268571428571429,2.089785714285714,1.3392000000000002
47-2081.00,Drywall and Ceiling Tile Installers,1.0803571428571428,1.3005428571428572,1.4821428571428572,1.3008,1.6035857142857144,1.3785714285714286
47-2082.00,Tapers,1.0020571428571428,1.4134857142857142,1.3008,1.2857142857142856,1.4038285714285714,1.2142857142857144
47-2111.00,Electricians,1.32,1.7847714285714285,1.8571428571428568,1.8914285714285717,2.4365428571428573,1.8057142857142856
47-2121.00,Glaziers,1.0803571428571428,1.7855714285714286,1.4179428571428572,1.3785714285714286,2.3796714285714287,1.3571428571428572
47-2131.00,"Insulation Workers, Floor, Ceiling, and Wall",1.1071428571428572,1.2464,1.4542857142857144,1.3392000000000002,1.8667,1.4179428571428572
47-2132.00,"Insulation Workers, Mechanical",1.0357142857142856,1.5908571428571427,1.3785714285714286,1.2857142857142856,2.1732571428571426,1.3571428571428572
47-2141.00,"Painters, Construction and Maintenance",1.0206285714285714,3.021814285714286,1.2857142857142856,1.2857142857142856,2.411514285714285,1.2857142857142856
47-2142.00,Paperhangers,1.0089285714285714,1.3722142857142856,1.2036571428571428,1.2857142857142856,1.5680714285714286,1.25
47-2151.00,Pipelayers,1.0549142857142857,1.6482142857142854,1.2857142857142856,1.2857142857142856,1.6942428571428572,1.2857142857142856
47-2152.00,"Plumbers, Pipefitters, and Steamfitters",1.1106285714285715,1.6376285714285714,1.6063428571428573,1.625,2.103142857142857,1.5614285714285714
47-2152.04,Solar Thermal Installers and Technicians,1.335714285714286,1.7262285714285714,1.8057142857142856,1.837942857142857,2.7607857142857144,1.8057142857142856
47-2161.00,Plasterers and Stucco Masons,1.0942857142857143,1.8878,1.4906285714285716,1.36,2.2177,1.5300000000000002
47-2171.00,Reinforcing Iron and Rebar Workers,1.0942857142857143,1.66,1.4179428571428572,1.2036571428571428,1.6826285714285716,1.32
47-2181.00,Roofers,1.0803571428571428,1.8458571428571429,1.3785714285714286,1.2857142857142856,2.2837,1.4017857142857142
47-2211.00,Sheet Metal Workers,1.12,1.7582,1.51,1.3571428571428572,1.9528571428571428,1.4821428571428572
47-2221.00,Structural Iron and Steel Workers,1.1785714285714286,1.7230714285714286,1.7385714285714284,1.4249999999999998,1.8848000000000005,1.625
47-2231.00,Solar Photovoltaic Installers,1.1734857142857142,1.5192,1.4928571428571429,1.5142857142857142,2.055357142857143,1.4691999999999998
47-3011.00,"Helpers--Brickmasons, Blockmasons, Stonemasons, and Tile and Marble Setters",1.1106285714285715,1.7981714285714283,1.268571428571429,1.25,2.2096,1.25
47-3012.00,Helpers--Carpenters,1.1257142857142857,1.5734285714285714,1.4017857142857142,1.4249999999999998,2.1438571428571427,1.51
47-3013.00,Helpers--Electricians,1.0135714285714286,2.3392857142857144,1.3571428571428572,1.4179428571428572,2.7381857142857142,1.3785714285714286
47-3014.00,"Helpers--Painters, Paperhangers, Plasterers, and Stucco Masons",1.0,1.3667285714285713,1.2631285714285714,1.25,1.3839285714285714,1.3034857142857144
47-3015.00,"Helpers--Pipelayers, Plumbers, Pipefitters, and Steamfitters",1.0549142857142857,2.2723285714285715,1.32,1.2142857142857144,3.0332,1.32
47-3016.00,Helpers--Roofers,1.077942857142857,2.128,1.4542857142857144,1.3785714285714286,2.7576285714285715,1.3125
47-4011.00,Construction and Building Inspectors,1.0803571428571428,1.6336000000000002,1.8571428571428568,1.9449142857142856,1.9270857142857143,1.75
47-4011.01,Energy Auditors,1.25,2.0816,2.19,2.4522285714285714,2.0610285714285714,1.8571428571428568
47-4021.00,Elevator and Escalator Installers and Repairers,1.157142857142857,1.615,1.7734857142857143,1.6875,1.4637857142857142,1.6875
47-4031.00,Fence Erectors,1.0442857142857145,1.4234,1.2857142857142856,1.2857142857142856,1.5306857142857142,1.22
47-4041.00,Hazardous Materials Removal Workers,1.0357142857142856,1.9283571428571429,1.7734857142857143,1.822857142857143,1.8787,1.6875
47-4051.00,Highway Maintenance Workers,1.0549142857142857,1.9343428571428567,1.32,1.3008,2.112042857142857,1.32
47-4061.00,Rail-Track Laying and Maintenance Equipment Operators,1.0803571428571428,1.7733,1.4542857142857144,1.3785714285714286,2.2420857142857145,1.3785714285714286
47-4071.00,Septic Tank Servicers and Sewer Pipe Cleaners,1.1257142857142857,1.4873142857142858,1.51,1.5614285714285714,1.8365714285714283,1.3571428571428572
47-4091.00,Segmental Pavers,1.0714285714285714,1.63,1.6063428571428573,1.6063428571428573,2.1253714285714285,1.6364285714285711
47-4099.03,Weatherization Installers and Technicians,1.2208,2.0770285714285714,1.822857142857143,1.8057142857142856,2.118785714285714,1.5165142857142857
47-5011.00,"Derrick Operators, Oil and Gas",1.0020571428571428,1.3491428571428572,1.4199142857142857,1.655,1.5636571428571429,1.3571428571428572
47-5012.00,"Rotary Drill Operators, Oil and Gas",1.0271428571428571,1.8627142857142855,1.5892857142857142,1.8571428571428568,2.3794142857142857,1.5635714285714286
47-5013.00,"Service Unit Operators, Oil and Gas",1.0271428571428571,2.0504,1.5207142857142857,1.8571428571428568,2.395428571428572,1.5508
47-5022.00,"Excavating and Loading Machine and Dragline Operators, Surface Mining",1.1408,2.1380714285714286,1.302857142857143,1.51,2.2393857142857145,1.302857142857143
47-5023.00,"Earth Drillers, Except Oil and Gas",1.1408,1.8928,1.5300000000000002,1.4691999999999998,2.226285714285714,1.4179428571428572
47-5032.00,"Explosives Workers, Ordnance Handling Experts, and Blasters",1.12,1.947142857142857,1.6985714285714286,1.7734857142857143,2.475,1.8057142857142856
47-5041.00,Continuous Mining Machine Operators,1.0664285714285715,1.7225714285714284,1.4691999999999998,1.32,1.8722285714285716,1.36
47-5043.00,"Roof Bolters, Mining",1.0020571428571428,1.5593714285714286,1.3785714285714286,1.36,1.4286142857142856,1.3392000000000002
47-5044.00,"Loading and Moving Machine Operators, Underground Mining",1.0,1.396342857142857,1.2208,1.2857142857142856,1.5370285714285714,1.197142857142857
47-5051.00,"Rock Splitters, Quarry",1.0,1.5207142857142857,1.1885714285714286,1.3392000000000002,1.5807142857142855,1.268571428571429
47-5071.00,"Roustabouts, Oil and Gas",1.0357142857142856,1.7399714285714287,1.268571428571429,1.3008,2.277342857142857,1.302857142857143
47-5081.00,Helpers--Extraction Workers,1.1071428571428572,2.888071428571429,1.4821428571428572,1.4435714285714285,2.2566571428571427,1.4435714285714285
49-1011.00,"First-Line Supervisors of Mechanics, Installers, and Repairers",1.157142857142857,2.3494,1.9657142857142855,2.0,2.722785714285714,1.845
49-2011.00,"Computer, Automated Teller, and Office Machine Repairers",1.268571428571429,1.3418857142857143,1.7385714285714284,1.8571428571428568,2.113771428571429,1.7200000000000002
49-2021.00,"Radio, Cellular, and Tower Equipment Installers and Repairers",1.1408,2.0074,1.7734857142857143,1.8571428571428568,2.9228428571428573,1.5677714285714286
49-2022.00,"Telecommunications Equipment Installers and Repairers, Except Line Installers",1.1734857142857142,1.5823428571428573,1.8571428571428568,1.8914285714285717,2.294014285714286,1.7200000000000002
49-2091.00,Avionics Technicians,1.1408,1.7206428571428574,1.8057142857142856,2.0028571428571427,2.2155,1.7385714285714284
49-2092.00,"Electric Motor, Power Tool, and Related Repairers",1.1339285714285714,1.77,1.7734857142857143,1.7385714285714284,2.351,1.7200000000000002
49-2093.00,"Electrical and Electronics Installers and Repairers, Transportation Equipment",1.197142857142857,1.9221142857142857,1.4691999999999998,1.8571428571428568,2.4522142857142857,1.4435714285714285
49-2094.00,"Electrical and Electronics Repairers, Commercial and Industrial Equipment",1.3808,1.8224285714285715,1.8571428571428568,1.8571428571428568,2.3761428571428573,1.8571428571428568
49-2095.00,"Electrical and Electronics Repairers, Powerhouse, Substation, and Relay",1.1257142857142857,1.4918285714285713,1.6665142857142858,1.8057142857142856,2.1397285714285714,1.75
49-2096.00,"Electronic Equipment Installers and Repairers, Motor Vehicles",1.2208,1.7409,1.8571428571428568,1.7734857142857143,2.9091571428571426,1.7734857142857143
49-2097.00,Audiovisual Equipment Installers and Repairers,1.1071428571428572,1.7613571428571428,1.6875,1.6875,2.5238,1.7200000000000002
49-2098.00,Security and Fire Alarm Systems Installers,1.1106285714285715,1.6695142857142855,1.6063428571428573,1.7734857142857143,1.9395142857142853,1.6364285714285711
49-3011.00,Aircraft Mechanics and Service Technicians,1.1734857142857142,2.2036,1.8057142857142856,1.8571428571428568,2.386,1.7734857142857143
49-3021.00,Automotive Body and Related Repairers,1.1257142857142857,2.0428,1.7385714285714284,1.4179428571428572,2.6475428571428576,1.6391999999999998
49-3022.00,Automotive Glass Installers and Repairers,1.0549142857142857,1.1044714285714283,1.3008,1.4691999999999998,2.0962,1.2857142857142856
49-3023.00,Automotive Service Technicians and Mechanics,1.1071428571428572,1.629742857142857,1.7385714285714284,1.595,2.0143,1.6364285714285711
49-3031.00,Bus and Truck Mechanics and Diesel Engine Specialists,1.1106285714285715,1.9505428571428567,1.7200000000000002,1.6364285714285711,1.9767142857142856,1.6364285714285711
49-3041.00,Farm Equipment Mechanics and Service Technicians,1.1408,1.4431,1.7385714285714284,1.7036571428571428,2.257257142857142,1.3392000000000002
49-3042.00,"Mobile Heavy Equipment Mechanics, Except Engines",1.2036571428571428,1.8813428571428568,1.7200000000000002,1.822857142857143,2.5309714285714286,1.7200000000000002
49-3043.00,Rail Car Repairers,1.1257142857142857,1.6501,1.5693714285714286,1.7385714285714284,1.971142857142857,1.5300000000000002
49-3051.00,Motorboat Mechanics and Service Technicians,1.1106285714285715,1.4147,1.394285714285714,1.5357142857142858,1.8216,1.394285714285714
49-3052.00,Motorcycle Mechanics,1.1257142857142857,2.2863571428571428,1.9085714285714288,1.7200000000000002,2.6769142857142856,1.8571428571428568
49-3053.00,Outdoor Power Equipment and Other Small Engine Mechanics,1.0803571428571428,1.6633714285714287,1.625,1.5785714285714287,1.7885428571428572,1.4906285714285716
49-3091.00,Bicycle Repairers,1.1885714285714286,1.5239428571428573,1.6875,1.6714285714285717,1.7450714285714286,1.625
49-3092.00,Recreational Vehicle Service Technicians,1.0664285714285715,1.4959285714285715,1.6063428571428573,1.6364285714285711,1.9534857142857145,1.6063428571428573
49-3093.00,Tire Repairers and Changers,1.0271428571428571,1.628085714285714,1.3571428571428572,1.3785714285714286,1.8161714285714283,1.32
49-9011.00,Mechanical Door Repairers,1.2142857142857144,1.2601285714285717,1.5693714285714286,1.7200000000000002,1.957,1.4906285714285716
49-9012.00,"Control and Valve Installers and Repairers, Except Mechanical Door",1.1106285714285715,1.8804571428571428,1.7385714285714284,1.822857142857143,2.189757142857143,1.7385714285714284
49-9021.00,"Heating, Air Conditioning, and Refrigeration Mechanics and Installers",1.1339285714285714,1.681285714285714,1.7200000000000002,1.7036571428571428,2.1386285714285718,1.655
49-9031.00,Home Appliance Repairers,1.1257142857142857,1.5349428571428572,1.7857142857142856,1.6875,1.6726,1.5693714285714286
49-9041.00,Industrial Machinery Mechanics,1.268571428571429,1.7326428571428572,1.7385714285714284,1.6875,2.5167571428571427,1.6665142857142858
49-9043.00,"Maintenance Workers, Machinery",1.1106285714285715,1.8014285714285716,1.5,1.4179428571428572,2.3662,1.3571428571428572
49-9044.00,Millwrights,1.1734857142857142,1.7971428571428572,1.6364285714285711,1.655,2.394357142857143,1.5785714285714287
49-9045.00,"Refractory Materials Repairers, Except Brickmasons",1.0664285714285715,1.440357142857143,1.335714285714286,1.4821428571428572,1.6775,1.335714285714286
49-9051.00,Electrical Power-Line Installers and Repairers,1.1408,1.7029,1.7200000000000002,1.5892857142857142,1.7774,1.5892857142857142
49-9052.00,Telecommunications Line Installers and Repairers,1.1106285714285715,1.6937714285714285,1.51,1.6665142857142858,2.246314285714286,1.51
49-9061.00,Camera and Photographic Equipment Repairers,1.36,1.4115714285714285,1.4691999999999998,1.6942857142857144,2.4406428571428576,1.655
49-9062.00,Medical Equipment Repairers,1.32,1.3565285714285715,1.7200000000000002,1.75,1.7196285714285715,1.6171428571428572
49-9063.00,Musical Instrument Repairers and Tuners,1.1408,1.423542857142857,1.7200000000000002,1.7200000000000002,2.755,1.6364285714285711
49-9064.00,Watch and Clock Repairers,1.1408,1.6929857142857143,1.5625,1.4017857142857142,2.149171428571429,1.6063428571428573
49-9071.00,"Maintenance and Repair Workers, General",1.3008,1.6574285714285717,1.4691999999999998,1.7734857142857143,2.9631000000000003,1.4691999999999998
49-9081.00,Wind Turbine Service Technicians,1.1607142857142858,1.8885428571428573,1.78,1.7385714285714284,2.1385,1.7200000000000002
49-9091.00,"Coin, Vending, and Amusement Machine Servicers and Repairers",1.0,1.2085857142857144,1.3392000000000002,1.5785714285714287,1.3639428571428571,1.2857142857142856
49-9092.00,Commercial Divers,1.0942857142857143,1.9159,1.8571428571428568,1.8571428571428568,2.216,1.8571428571428568
49-9094.00,Locksmiths and Safe Repairers,1.0942857142857143,2.035557142857143,1.5785714285714287,1.625,2.8437714285714284,1.3785714285714286
49-9095.00,Manufactured Building and Mobile Home Installers,1.2142857142857144,1.990642857142857,1.9257142857142855,1.6665142857142858,2.982571428571428,1.876342857142857
49-9096.00,Riggers,1.0442857142857145,1.7466857142857144,1.4179428571428572,1.4691999999999998,1.988342857142857,1.4435714285714285
49-9097.00,Signal and Track Switch Repairers,1.0442857142857145,1.589271428571429,1.34,1.8057142857142856,1.4552571428571428,1.2857142857142856
49-9098.00,"Helpers--Installation, Maintenance, and Repair Workers",1.0549142857142857,1.8374857142857144,1.2857142857142856,1.32,1.914642857142857,1.2857142857142856
49-9099.01,Geothermal Technicians,1.1885714285714286,1.8742857142857143,1.75,1.8571428571428568,2.1627857142857145,1.7200000000000002
51-1011.00,First-Line Supervisors of Production and Operating Workers,1.1785714285714286,1.8713714285714285,1.9842857142857144,2.096342857142857,2.4314714285714283,2.096342857142857
51-2011.00,"Aircraft Structure, Surfaces, Rigging, and Systems Assemblers",1.268571428571429,1.889314285714286,1.7734857142857143,1.75,2.670857142857143,1.4928571428571429
51-2021.00,"Coil Winders, Tapers, and Finishers",1.0803571428571428,1.6942,1.2857142857142856,1.32,1.5539857142857143,1.0942857142857143
51-2022.00,Electrical and Electronic Equipment Assemblers,1.0803571428571428,2.0054857142857143,1.5508,1.7036571428571428,1.583257142857143,1.3392000000000002
51-2023.00,Electromechanical Equipment Assemblers,1.1257142857142857,1.4620000000000002,1.3392000000000002,1.4542857142857144,1.6002999999999998,1.2857142857142856
51-2031.00,Engine and Other Machine Assemblers,1.1257142857142857,1.409771428571429,1.3571428571428572,1.4017857142857142,1.9418285714285712,1.3571428571428572
51-2041.00,Structural Metal Fabricators and Fitters,1.0549142857142857,1.6587428571428573,1.1792,1.3785714285714286,2.0208000000000004,1.16
51-2051.00,Fiberglass Laminators and Fabricators,1.1106285714285715,1.6916,1.655,1.6714285714285717,1.9984857142857144,1.4628571428571429
51-2061.00,Timing Device Assemblers and Adjusters,1.077942857142857,1.7453285714285711,1.4691999999999998,1.51,2.081,1.4017857142857142
51-2092.00,Team Assemblers,1.0357142857142856,1.5580571428571428,1.4179428571428572,1.7200000000000002,1.4994,1.3785714285714286
51-3011.00,Bakers,1.0942857142857143,1.36,1.6875,1.3785714285714286,1.6308571428571428,1.655
51-3021.00,Butchers and Meat Cutters,1.0271428571428571,1.5349857142857144,1.4017857142857142,1.4910714285714284,1.7668,1.32
51-3022.00,"Meat, Poultry, and Fish Cutters and Trimmers",1.0089285714285714,1.3949714285714283,1.302857142857143,1.3392000000000002,1.6901714285714289,1.302857142857143
51-3023.00,Slaughterers and Meat Packers,1.0,1.3428285714285717,1.1106285714285715,1.1071428571428572,1.3089285714285714,1.1106285714285715
51-3091.00,"Food and Tobacco Roasting, Baking, and Drying Machine Operators and Tenders",1.0357142857142856,1.8614285714285717,1.3392000000000002,1.7734857142857143,1.7484571428571427,1.3392000000000002
51-3092.00,Food Batchmakers,1.0357142857142856,1.5670000000000002,1.3785714285714286,1.7734857142857143,1.7891714285714286,1.2857142857142856
51-3093.00,Food Cooking Machine Operators and Tenders,1.0206285714285714,1.3695714285714284,1.2857142857142856,1.655,1.4575142857142858,1.2142857142857144
51-4021.00,"Extruding and Drawing Machine Setters, Operators, and Tenders, Metal and Plastic",1.1106285714285715,1.441142857142857,1.2857142857142856,1.4628571428571429,1.9364285714285716,1.3571428571428572
51-4022.00,"Forging Machine Setters, Operators, and Tenders, Metal and Plastic",1.1106285714285715,1.4610571428571428,1.3785714285714286,1.6875,2.098271428571429,1.3785714285714286
51-4023.00,"Rolling Machine Setters, Operators, and Tenders, Metal and Plastic",1.0942857142857143,1.6509714285714283,1.4017857142857142,1.6063428571428573,1.96,1.3785714285714286
51-4031.00,"Cutting, Punching, and Press Machine Setters, Operators, and Tenders, Metal and Plastic",1.0803571428571428,1.1717,1.2857142857142856,1.4542857142857144,1.7334285714285715,1.2857142857142856
51-4032.00,"Drilling and Boring Machine Tool Setters, Operators, and Tenders, Metal and Plastic",1.1257142857142857,1.648,1.4906285714285716,1.4910714285714284,2.419,1.32
51-4033.00,"Grinding, Lapping, Polishing, and Buffing Machine Tool Setters, Operators, and Tenders, Metal and Plastic",1.0664285714285715,1.5394285714285716,1.4017857142857142,1.394285714285714,1.421142857142857,1.25
51-4034.00,"Lathe and Turning Machine Tool Setters, Operators, and Tenders, Metal and Plastic",1.0803571428571428,2.175,1.32,1.3571428571428572,2.5074571428571426,1.2857142857142856
51-4035.00,"Milling and Planing Machine Setters, Operators, and Tenders, Metal and Plastic",1.0664285714285715,1.3824571428571428,1.4906285714285716,1.5207142857142857,2.059428571428572,1.3571428571428572
51-4041.00,Machinists,1.2363428571428572,1.5479142857142856,1.6665142857142858,1.5614285714285714,2.099614285714286,1.6665142857142858
51-4051.00,Metal-Refining Furnace Operators and Tenders,1.0089285714285714,1.591642857142857,1.2857142857142856,1.6875,1.952,1.32
51-4052.00,"Pourers and Casters, Metal",1.0206285714285714,1.3996285714285714,1.268571428571429,1.302857142857143,1.430857142857143,1.268571428571429
51-4061.00,"Model Makers, Metal and Plastic",1.268571428571429,1.5424,1.625,1.4928571428571429,2.716,1.6665142857142858
51-4062.00,"Patternmakers, Metal and Plastic",1.25,1.891,1.7036571428571428,1.3785714285714286,2.4203428571428574,1.5785714285714287
51-4071.00,Foundry Mold and Coremakers,1.0206285714285714,1.414642857142857,1.2142857142857144,1.25,1.460714285714286,1.197142857142857
51-4072.00,"Molding, Coremaking, and Casting Machine Setters, Operators, and Tenders, Metal and Plastic",1.0271428571428571,1.3292571428571427,1.36,1.5785714285714287,1.4908857142857144,1.36
51-4081.00,"Multiple Machine Tool Setters, Operators, and Tenders, Metal and Plastic",1.157142857142857,2.289285714285714,1.6391999999999998,1.6875,2.8174,1.4906285714285716
51-4111.00,Tool and Die Makers,1.7200000000000002,1.6675,1.7385714285714284,1.4464285714285716,2.891514285714286,1.655
51-4121.00,"Welders, Cutters, Solderers, and Brazers",1.0535714285714286,1.429,1.4179428571428572,1.1607142857142858,1.5704285714285713,1.3392000000000002
51-4122.00,"Welding, Soldering, and Brazing Machine Setters, Operators, and Tenders",1.0549142857142857,1.9799714285714287,1.32,1.4017857142857142,2.5503,1.3008
51-4191.00,"Heat Treating Equipment Setters, Operators, and Tenders, Metal and Plastic",1.0,1.3522285714285711,1.268571428571429,1.7036571428571428,1.4690285714285714,1.268571428571429
51-4192.00,"Layout Workers, Metal and Plastic",1.0549142857142857,1.9552,1.6875,1.6171428571428572,2.486542857142857,1.4821428571428572
51-4193.00,"Plating Machine Setters, Operators, and Tenders, Metal and Plastic",1.0271428571428571,1.4070857142857145,1.4435714285714285,1.655,2.153928571428571,1.4017857142857142
51-4194.00,"Tool Grinders, Filers, and Sharpeners",1.1408,1.4530999999999998,1.4435714285714285,1.4821428571428572,1.7718142857142856,1.4179428571428572
51-5111.00,Prepress Technicians and Workers,1.1071428571428572,1.643571428571429,1.6665142857142858,1.7734857142857143,2.8731428571428577,1.6942857142857144
51-5112.00,Printing Press Operators,1.0535714285714286,1.7272571428571428,1.6063428571428573,1.5165142857142857,2.5686,1.4691999999999998
51-5113.00,Print Binding and Finishing Workers,1.0885714285714283,1.5248285714285714,1.5357142857142858,1.655,2.0015714285714283,1.4691999999999998
51-6011.00,Laundry and Dry-Cleaning Workers,1.0,1.2195571428571428,1.32,1.3392000000000002,1.2185857142857142,1.2857142857142856
51-6021.00,"Pressers, Textile, Garment, and Related Materials",1.0357142857142856,1.4830285714285716,1.197142857142857,1.1607142857142858,1.6189428571428572,1.157142857142857
51-6031.00,Sewing Machine Operators,1.0,1.3556,1.1734857142857142,1.2857142857142856,1.4209714285714288,1.1339285714285714
51-6041.00,Shoe and Leather Workers and Repairers,1.0206285714285714,1.3431571428571427,1.2678571428571428,1.3392000000000002,1.897,1.2678571428571428
51-6042.00,Shoe Machine Operators and Tenders,1.0206285714285714,1.581142857142857,1.3571428571428572,1.32,1.6757142857142855,1.3008
51-6051.00,"Sewers, Hand",1.0206285714285714,1.3559285714285716,1.4542857142857144,1.22,1.957642857142857,1.4435714285714285
51-6052.00,"Tailors, Dressmakers, and Custom Sewers",1.1257142857142857,1.7695,1.8057142857142856,1.4821428571428572,2.431642857142857,1.8571428571428568
51-6061.00,Textile Bleaching and Dyeing Machine Operators and Tenders,1.0549142857142857,1.5057142857142858,1.4285714285714286,1.5357142857142858,1.6494428571428572,1.394285714285714
51-6062.00,"Textile Cutting Machine Setters, Operators, and Tenders",1.0803571428571428,1.2338285714285715,1.2857142857142856,1.5207142857142857,1.5610142857142857,1.2857142857142856
51-6063.00,"Textile Knitting and Weaving Machine Setters, Operators, and Tenders",1.0089285714285714,1.3279999999999998,1.2142857142857144,1.394285714285714,1.779,1.24
51-6064.00,"Textile Winding, Twisting, and Drawing Out Machine Setters, Operators, and Tenders",1.0271428571428571,1.457242857142857,1.2857142857142856,1.394285714285714,1.3854285714285712,1.2857142857142856
51-6091.00,"Extruding and Forming Machine Setters, Operators, and Tenders, Synthetic and Glass Fibers",1.0442857142857145,1.5258,1.4179428571428572,1.6063428571428573,1.8695,1.3785714285714286
51-6092.00,Fabric and Apparel Patternmakers,1.24,1.8439714285714288,2.1635714285714283,1.822857142857143,2.8437714285714284,2.524285714285714
51-6093.00,Upholsterers,1.1734857142857142,1.7668,1.7734857142857143,1.5508,2.5964285714285715,1.8571428571428568
51-7011.00,Cabinetmakers and Bench Carpenters,1.1885714285714286,1.6044999999999998,1.7385714285714284,1.4691999999999998,2.2474285714285718,1.7385714285714284
51-7021.00,Furniture Finishers,1.0535714285714286,1.7030714285714286,1.6171428571428572,1.4435714285714285,2.278514285714286,1.7734857142857143
51-7031.00,"Model Makers, Wood",1.0942857142857143,1.6464857142857143,1.8057142857142856,1.6063428571428573,2.6837142857142857,1.9085714285714288
51-7032.00,"Patternmakers, Wood",1.1885714285714286,2.028528571428572,1.604285714285714,1.4906285714285716,3.447742857142857,1.6714285714285717
51-7041.00,"Sawing Machine Setters, Operators, and Tenders, Wood",1.0206285714285714,1.246914285714286,1.22,1.147857142857143,1.4872,1.22
51-7042.00,"Woodworking Machine Setters, Operators, and Tenders, Except Sawing",1.1734857142857142,1.207,1.2857142857142856,1.22,1.5821142857142856,1.2857142857142856
51-8011.00,Nuclear Power Reactor Operators,1.0271428571428571,1.4779428571428572,1.8571428571428568,2.071428571428572,1.6410285714285715,1.8571428571428568
51-8012.00,Power Distributors and Dispatchers,1.0549142857142857,1.6861714285714284,1.8057142857142856,1.9085714285714288,2.0667142857142857,1.6364285714285711
51-8013.00,Power Plant Operators,1.0803571428571428,1.5655857142857144,1.6364285714285711,1.8571428571428568,2.4457142857142857,1.5892857142857142
51-8013.03,Biomass Plant Technicians,1.1106285714285715,1.8254285714285716,1.5,1.8571428571428568,1.826842857142857,1.5300000000000002
51-8013.04,Hydroelectric Plant Technicians,1.1734857142857142,1.5970857142857144,1.7200000000000002,1.8571428571428568,2.6190857142857142,1.6171428571428572
51-8021.00,Stationary Engineers and Boiler Operators,1.0357142857142856,2.1921142857142857,1.5785714285714287,1.8057142857142856,2.600542857142857,1.4435714285714285
51-8031.00,Water and Wastewater Treatment Plant and System Operators,1.0357142857142856,2.1842571428571427,1.6665142857142858,1.7200000000000002,1.9380571428571427,1.34
51-8091.00,Chemical Plant and System Operators,1.0,1.0571714285714289,1.4179428571428572,1.8571428571428568,1.1220142857142856,1.3392000000000002
51-8092.00,Gas Plant Operators,1.1106285714285715,1.8628285714285715,1.6714285714285717,1.8571428571428568,2.0828571428571427,1.4910714285714284
51-8093.00,"Petroleum Pump System Operators, Refinery Operators, and Gaugers",1.0357142857142856,1.2832,1.4928571428571429,1.8571428571428568,1.3796285714285714,1.4691999999999998
51-8099.01,Biofuels Processing Technicians,1.0535714285714286,1.6321428571428571,1.7200000000000002,1.9085714285714288,1.6953142857142858,1.5892857142857142
51-9011.00,Chemical Equipment Operators and Tenders,1.0803571428571428,1.5401142857142858,1.5357142857142858,1.8571428571428568,1.645085714285714,1.4017857142857142
51-9012.00,"Separating, Filtering, Clarifying, Precipitating, and Still Machine Setters, Operators, and Tenders",1.1106285714285715,1.4355999999999998,1.4017857142857142,1.7734857142857143,1.7524428571428572,1.3392000000000002
51-9021.00,"Crushing, Grinding, and Polishing Machine Setters, Operators, and Tenders",1.0089285714285714,1.230457142857143,1.22,1.7734857142857143,1.3286,1.22
51-9022.00,"Grinding and Polishing Workers, Hand",1.1257142857142857,3.093185714285714,1.5300000000000002,1.4435714285714285,4.588285714285714,1.5
51-9023.00,"Mixing and Blending Machine Setters, Operators, and Tenders",1.0206285714285714,1.3722142857142856,1.394285714285714,1.655,1.6616285714285717,1.2857142857142856
51-9031.00,"Cutters and Trimmers, Hand",1.0,1.5078857142857145,1.2857142857142856,1.3392000000000002,1.4411285714285715,1.25
51-9032.00,"Cutting and Slicing Machine Setters, Operators, and Tenders",1.0803571428571428,1.5537999999999998,1.5207142857142857,1.394285714285714,1.5667428571428572,1.2857142857142856
51-9041.00,"Extruding, Forming, Pressing, and Compacting Machine Setters, Operators, and Tenders",1.0942857142857143,1.3647142857142855,1.32,1.595,1.7891714285714286,1.32
51-9051.00,"Furnace, Kiln, Oven, Drier, and Kettle Operators and Tenders",1.0206285714285714,1.5367857142857142,1.24,1.6063428571428573,1.676885714285714,1.16
51-9061.00,"Inspectors, Testers, Sorters, Samplers, and Weighers",1.0664285714285715,1.5754,1.4435714285714285,2.0028571428571427,1.886914285714285,1.3571428571428572
51-9071.00,Jewelers and Precious Stone and Metal Workers,1.1339285714285714,1.9122857142857144,1.7734857142857143,1.5892857142857142,3.4432571428571426,1.9842857142857144
51-9071.06,Gem and Diamond Workers,1.197142857142857,1.3429,1.5357142857142858,1.6665142857142858,2.4745714285714286,1.5892857142857142
51-9081.00,Dental Laboratory Technicians,1.22,2.2980285714285715,1.7385714285714284,1.7734857142857143,3.376171428571429,1.6364285714285711
51-9082.00,Medical Appliance Technicians,1.4691999999999998,1.7390142857142856,1.8057142857142856,1.8571428571428568,2.533257142857143,1.8571428571428568
51-9083.00,Ophthalmic Laboratory Technicians,1.1071428571428572,1.3101714285714283,1.32,1.655,1.431542857142857,1.3008
51-9111.00,Packaging and Filling Machine Operators and Tenders,1.0206285714285714,1.7228,1.3785714285714286,1.5207142857142857,2.1797714285714287,1.36
51-9123.00,"Painting, Coating, and Decorating Workers",1.0357142857142856,1.6485142857142856,1.3008,1.335714285714286,1.5746,1.3571428571428572
51-9124.00,"Coating, Painting, and Spraying Machine Setters, Operators, and Tenders",1.0271428571428571,1.9306,1.3392000000000002,1.3571428571428572,1.569957142857143,1.2857142857142856
51-9141.00,Semiconductor Processing Technicians,1.1071428571428572,1.5023428571428572,1.4199142857142857,1.655,1.873,1.4199142857142857
51-9151.00,Photographic Process Workers and Processing Machine Operators,1.2142857142857144,1.5056714285714283,1.5614285714285714,1.7200000000000002,2.2839,1.6875
51-9161.00,Computer Numerically Controlled Tool Operators,1.147857142857143,1.5335571428571428,1.8057142857142856,1.6665142857142858,1.8606,1.7200000000000002
51-9162.00,Computer Numerically Controlled Tool Programmers,1.3392000000000002,1.8619,1.8057142857142856,1.8057142857142856,2.538742857142857,1.75
51-9191.00,Adhesive Bonding Machine Operators and Tenders,1.0089285714285714,1.3826857142857143,1.22,1.5625,1.3771428571428572,1.25
51-9192.00,"Cleaning, Washing, and Metal Pickling Equipment Operators and Tenders",1.0,1.3748571428571428,1.2857142857142856,1.4249999999999998,1.3997714285714289,1.1885714285714286
51-9193.00,Cooling and Freezing Equipment Operators and Tenders,1.0549142857142857,1.678942857142857,1.6391999999999998,1.7734857142857143,1.5655857142857144,1.4691999999999998
51-9194.00,Etchers and Engravers,1.24,1.512,1.7485714285714289,1.4017857142857142,2.368,1.5785714285714287
51-9195.00,"Molders, Shapers, and Casters, Except Metal and Plastic",1.077942857142857,1.3749714285714283,1.4542857142857144,1.5785714285714287,1.6185142857142858,1.394285714285714
51-9195.03,"Stone Cutters and Carvers, Manufacturing",1.0803571428571428,1.882085714285714,1.6063428571428573,1.4017857142857142,2.586,1.6875
51-9195.04,"Glass Blowers, Molders, Benders, and Finishers",1.0942857142857143,1.365371428571429,1.7734857142857143,1.6063428571428573,1.6852142857142858,1.6875
51-9195.05,"Potters, Manufacturing",1.0664285714285715,1.9542857142857144,1.822857142857143,1.5165142857142857,3.0502857142857143,2.06
51-9196.00,"Paper Goods Machine Setters, Operators, and Tenders",1.1106285714285715,1.7647142857142857,1.3785714285714286,1.3785714285714286,1.8824285714285716,1.3785714285714286
51-9197.00,Tire Builders,1.0549142857142857,1.6808,1.3008,1.25,1.7839428571428573,1.2857142857142856
51-9198.00,Helpers--Production Workers,1.0089285714285714,1.406,1.2036571428571428,1.2036571428571428,1.4199000000000002,1.2036571428571428
53-1041.00,Aircraft Cargo Handling Supervisors,1.0803571428571428,1.860228571428572,1.8571428571428568,1.9842857142857144,2.0535,1.8057142857142856
53-1042.00,"First-Line Supervisors of Helpers, Laborers, and Material Movers, Hand",1.0442857142857145,2.213714285714285,1.8057142857142856,1.9449142857142856,2.140857142857143,1.6942857142857144
53-1042.01,Recycling Coordinators,1.0942857142857143,2.6006857142857145,1.7734857142857143,1.9449142857142856,2.508457142857143,1.5785714285714287
53-1043.00,First-Line Supervisors of Material-Moving Machine and Vehicle Operators,1.0206285714285714,2.1434285714285712,1.8571428571428568,2.2308,2.316,1.8914285714285717
53-2011.00,"Airline Pilots, Copilots, and Flight Engineers",1.0549142857142857,1.5887285714285715,1.8914285714285717,1.9842857142857144,1.6981714285714289,1.8057142857142856
53-2012.00,Commercial Pilots,1.0357142857142856,3.324957142857143,1.8914285714285717,1.8571428571428568,3.275714285714286,1.8571428571428568
53-2021.00,Air Traffic Controllers,1.0803571428571428,2.0300714285714285,2.275,1.9449142857142856,3.1065714285714283,2.19
53-2022.00,Airfield Operations Specialists,1.0942857142857143,1.9615428571428573,1.8057142857142856,2.105,1.9787857142857144,1.8057142857142856
53-2031.00,Flight Attendants,1.0803571428571428,1.4645428571428571,1.595,1.822857142857143,1.757285714285714,1.5693714285714286
53-3011.00,"Ambulance Drivers and Attendants, Except Emergency Medical Technicians",1.0271428571428571,1.645,1.6875,1.7734857142857143,2.1568,1.3808
53-3031.00,Driver/Sales Workers,1.0206285714285714,1.2283142857142857,1.44,1.75,1.609085714285714,1.394285714285714
53-3032.00,Heavy and Tractor-Trailer Truck Drivers,1.0206285714285714,1.2528,1.2857142857142856,1.655,1.5576857142857143,1.22
53-3033.00,Light Truck Drivers,1.0089285714285714,1.7547428571428572,1.394285714285714,1.625,1.5086285714285714,1.3008
53-3051.00,"Bus Drivers, School",1.0089285714285714,1.4670857142857143,1.4017857142857142,1.6364285714285711,1.6726,1.4017857142857142
53-3052.00,"Bus Drivers, Transit and Intercity",1.0803571428571428,1.4746714285714284,1.2036571428571428,1.4542857142857144,1.5639142857142856,1.25
53-3053.00,Shuttle Drivers and Chauffeurs,1.0442857142857145,1.5837142857142856,1.51,1.5892857142857142,1.6535714285714287,1.5357142857142858
53-4011.00,Locomotive Engineers,1.0089285714285714,1.7885428571428572,1.32,1.822857142857143,1.7435999999999998,1.2857142857142856
53-4013.00,"Rail Yard Engineers, Dinkey Operators, and Hostlers",1.0089285714285714,1.8196571428571429,1.4906285714285716,1.6714285714285717,2.131342857142857,1.2857142857142856
53-4022.00,"Railroad Brake, Signal, and Switch Operators and Locomotive Firers",1.0020571428571428,1.520342857142857,1.4691999999999998,1.6063428571428573,1.5691000000000002,1.5357142857142858
53-4031.00,Railroad Conductors and Yardmasters,1.0206285714285714,1.3834,1.6364285714285711,1.822857142857143,1.3231428571428572,1.6364285714285711
53-4041.00,Subway and Streetcar Operators,1.0,1.3111428571428572,1.268571428571429,1.625,1.2873714285714286,1.268571428571429
53-5011.00,Sailors and Marine Oilers,1.1734857142857142,1.661142857142857,1.4435714285714285,1.7200000000000002,2.326714285714286,1.4435714285714285
53-5021.00,"Captains, Mates, and Pilots of Water Vessels",1.2592,1.8885714285714288,1.6875,1.9449142857142856,2.2246428571428574,1.655
53-5022.00,Motorboat Operators,1.1257142857142857,1.615557142857143,1.5207142857142857,1.5892857142857142,1.5232,1.5785714285714287
53-5031.00,Ship Engineers,1.0442857142857145,2.001142857142857,1.8571428571428568,1.8571428571428568,2.1385428571428573,1.8571428571428568
53-6011.00,Bridge and Lock Tenders,1.0020571428571428,1.2142857142857144,1.302857142857143,1.7734857142857143,1.18,1.3785714285714286
53-6021.00,Parking Attendants,1.0,1.152,1.25,1.5,1.266657142857143,1.25
53-6031.00,Automotive and Watercraft Service Attendants,1.0549142857142857,1.7409285714285714,1.335714285714286,1.5508,1.9106,1.3008
53-6041.00,Traffic Technicians,1.2208,1.7251285714285711,1.8914285714285717,1.9842857142857144,1.9946857142857144,1.8571428571428568
53-6051.00,Transportation Inspectors,1.0803571428571428,1.3722142857142856,1.8057142857142856,2.31,1.9304285714285716,1.6364285714285711
53-6051.01,Aviation Inspectors,1.0664285714285715,1.9417,1.822857142857143,2.216428571428572,3.0178857142857143,1.7734857142857143
53-6051.07,"Transportation Vehicle, Equipment and Systems Inspectors, Except Aviation",1.077942857142857,1.1165714285714283,1.302857142857143,1.6364285714285711,1.3332285714285712,1.2857142857142856
53-6061.00,Passenger Attendants,1.0206285714285714,1.1068857142857145,1.302857142857143,1.51,1.2907857142857142,1.3785714285714286
53-7011.00,Conveyor Operators and Tenders,1.1257142857142857,1.6889142857142856,1.4821428571428572,1.6875,1.9193,1.3392000000000002
53-7021.00,Crane and Tower Operators,1.0206285714285714,1.6604,1.4179428571428572,1.5508,1.9733714285714283,1.4179428571428572
53-7031.00,Dredge Operators,1.0942857142857143,1.3957428571428572,1.394285714285714,1.32,1.4395714285714285,1.25
53-7041.00,Hoist and Winch Operators,1.0,2.1794714285714285,1.4959857142857145,1.4017857142857142,1.5874857142857142,1.4564285714285714
53-7051.00,Industrial Truck and Tractor Operators,1.0549142857142857,1.5113714285714284,1.32,1.4542857142857144,1.7972285714285716,1.2036571428571428
53-7061.00,Cleaners of Vehicles and Equipment,1.0089285714285714,1.822742857142857,1.1408,1.1408,1.8262,1.0664285714285715
53-7062.00,"Laborers and Freight, Stock, and Material Movers, Hand",1.0089285714285714,1.3594142857142857,1.2857142857142856,1.3785714285714286,1.4284571428571429,1.2857142857142856
53-7062.04,Recycling and Reclamation Workers,1.0535714285714286,1.501942857142857,1.3392000000000002,1.4928571428571429,1.529828571428571,1.268571428571429
53-7063.00,Machine Feeders and Offbearers,1.0,1.161657142857143,1.268571428571429,1.394285714285714,1.239842857142857,1.25
53-7064.00,"Packers and Packagers, Hand",1.0020571428571428,1.7057142857142855,1.1106285714285715,1.268571428571429,1.6574,1.0549142857142857
53-7065.00,Stockers and Order Fillers,1.077942857142857,1.301742857142857,1.4821428571428572,1.5614285714285714,1.5645714285714285,1.3785714285714286
53-7071.00,Gas Compressor and Gas Pumping Station Operators,1.1408,1.7314857142857143,1.5625,1.822857142857143,2.066057142857143,1.4542857142857144
53-7072.00,"Pump Operators, Except Wellhead Pumpers",1.1106285714285715,2.352657142857143,1.4179428571428572,1.7385714285714284,2.3737000000000004,1.32
53-7073.00,Wellhead Pumpers,1.0357142857142856,1.6812142857142858,1.3008,1.4906285714285716,2.176685714285714,1.28
53-7081.00,Refuse and Recyclable Material Collectors,1.0,1.0836857142857144,1.147857142857143,1.4285714285714286,1.0798,1.0714285714285714
53-7121.00,"Tank Car, Truck, and Ship Loaders",1.0803571428571428,1.902,1.4906285714285716,1.7857142857142856,2.3036571428571437,1.4179428571428572
