O*NET-SOC Code,Title,Degree of Automation,"Exposed to Cramped Work Space, Awkward Positions",Importance of Repeating Same Tasks,Pace Determined by Speed of Equipment,Spend Time Making Repetitive Motions,Time Pressure,Operations Monitoring Combined,Evaluating Information to Determine Compliance with Standards Combined,"Monitoring Processes, Materials, or Surroundings Combined",Controlling Machines and Processes Combined,Monitoring Combined,Monitoring and Controlling Resources Combined
11-1011.00,Chief Executives,2.23,1.2,3.37,1.35,2.55,4.16,1.2142857142857144,3.418071428571429,3.418928571428572,1.2704,3.25,3.110357142857143
11-1011.03,Chief Sustainability Officers,1.56,1.37,1.81,1.19,2.0,3.48,1.268571428571429,2.666842857142857,2.441942857142857,1.08,2.571428571428571,2.978971428571428
11-1021.00,General and Operations Managers,2.31,1.19,3.11,1.19,2.42,4.08,1.3785714285714286,2.2913,2.5921857142857143,1.2873714285714286,2.765714285714286,2.846742857142857
11-2011.00,Advertising and Promotions Managers,2.01,1.38,2.7,1.0,2.5,4.4,1.0549142857142857,1.3934285714285712,1.7832,1.1687857142857143,2.3660714285714284,1.6688
11-2021.00,Marketing Managers,2.1,1.2,2.78,1.02,2.73,4.21,1.1339285714285714,1.5911,2.173914285714286,1.010571428571429,2.6696428571428568,2.1990000000000003
11-2022.00,Sales Managers,2.26,1.14,2.16,1.1,1.52,3.9,1.1607142857142858,2.305257142857143,2.071,1.058971428571429,2.9008000000000003,2.272
11-2033.00,Fundraising Managers,1.69,1.29,3.0,1.0,2.67,3.97,1.1071428571428572,2.508142857142857,2.0112000000000005,1.0525,2.1750857142857143,1.5957
11-3012.00,Administrative Services Managers,2.14,1.52,3.36,1.48,2.76,3.7,1.4017857142857142,2.498242857142857,2.7301571428571427,1.7625142857142857,2.2308,2.6738714285714287
11-3013.00,Facilities Managers,2.02,2.08,3.82,1.54,2.44,3.9,1.6714285714285717,2.686628571428572,3.1692,2.4322285714285714,2.524285714285714,2.8176
11-3013.01,Security Managers,2.21,1.8,3.26,1.58,2.58,3.8,1.3125,3.2750000000000004,3.015357142857143,1.5599999999999998,2.98,2.874942857142857
11-3021.00,Computer and Information Systems Managers,2.56,1.57,3.88,1.28,3.61,3.37,1.7734857142857143,2.7835428571428573,3.1243857142857148,1.2156,2.8020571428571426,2.6512
11-3031.00,Financial Managers,2.8,1.08,4.37,1.07,2.38,4.54,1.1734857142857142,3.024,2.100214285714286,1.1381714285714286,2.6185714285714288,1.7443428571428572
11-3031.01,Treasurers and Controllers,2.58,1.0,3.68,1.12,2.76,4.36,1.1408,2.8744,2.0957714285714286,1.0349714285714289,2.8514285714285714,2.8989714285714285
11-3031.03,Investment Fund Managers,2.46,1.11,2.67,1.13,2.38,4.01,1.1885714285714286,2.4738285714285717,1.9737428571428568,1.0157142857142858,2.4285714285714284,1.4356
11-3051.00,Industrial Production Managers,2.02,1.97,3.16,3.22,1.92,4.2,2.06,2.363842857142857,3.1965428571428576,2.769628571428571,3.091428571428572,2.33
11-3051.01,Quality Control Systems Managers,2.25,1.27,3.55,1.5,1.94,4.32,2.125,3.5740857142857143,3.366228571428572,1.9324,2.8514285714285714,2.1834285714285717
11-3051.02,Geothermal Production Managers,2.49,1.62,3.53,2.73,2.34,4.19,2.125,3.0324571428571425,3.4182857142857146,1.4794,2.8020571428571426,3.1349714285714287
11-3051.03,Biofuels Production Managers,3.41,2.6,3.53,3.58,2.07,3.97,2.0,2.482,3.352314285714286,2.1342,2.524285714285714,2.5155000000000003
11-3051.04,Biomass Power Plant Managers,2.67,2.48,3.92,3.74,2.29,4.13,2.3192,2.7192857142857143,3.328457142857143,2.770342857142857,2.9008000000000003,2.7324571428571427
11-3051.06,Hydroelectric Production Managers,2.5,2.4,3.58,2.35,2.53,3.93,2.2308,2.7914857142857143,3.1939,2.158457142857143,2.5428571428571427,2.936
11-3061.00,Purchasing Managers,2.79,1.16,3.5,1.42,2.58,4.16,1.268571428571429,2.761428571428572,2.2670285714285714,1.1573714285714285,2.645714285714285,2.604742857142857
11-3071.00,"Transportation, Storage, and Distribution Managers",2.53,1.5,3.25,1.65,2.66,4.38,1.5785714285714287,2.793857142857143,2.710128571428572,1.3816857142857142,2.4732142857142856,2.757514285714286
11-3071.04,Supply Chain Managers,2.5,1.33,2.7,2.0,2.19,4.43,1.335714285714286,2.4685714285714284,2.36,1.2714285714285714,2.765714285714286,3.150142857142857
11-3111.00,Compensation and Benefits Managers,2.71,1.19,3.71,1.0,2.95,3.62,1.0357142857142856,3.115,1.8739714285714288,1.0617142857142856,2.2308,2.5664285714285717
11-3121.00,Human Resources Managers,2.68,1.32,3.23,1.05,2.55,3.91,1.0357142857142856,3.6566,2.5942857142857143,1.0785714285714283,2.765714285714286,2.7316
11-3131.00,Training and Development Managers,1.96,1.04,2.71,1.07,2.54,3.64,1.0942857142857143,2.644342857142857,2.632857142857143,1.0260571428571428,2.645714285714285,2.2975857142857143
11-9013.00,"Farmers, Ranchers, and Other Agricultural Managers",2.34,2.25,3.06,2.21,2.57,3.49,1.9842857142857144,2.2300857142857144,2.799085714285714,2.4385000000000003,2.275,2.950214285714286
11-9021.00,Construction Managers,1.9,2.3,3.4,2.2,2.95,4.25,1.7200000000000002,3.2354285714285718,3.2982142857142858,1.9857142857142855,2.8514285714285714,3.0439285714285718
11-9031.00,"Education and Childcare Administrators, Preschool and Daycare",2.1,1.15,3.68,1.19,2.8,3.93,1.1607142857142858,2.9057000000000004,2.2067714285714284,1.0896,2.765714285714286,2.698057142857144
11-9032.00,"Education Administrators, Kindergarten through Secondary",1.04,1.33,1.89,1.02,1.89,3.46,1.1785714285714286,2.347914285714286,3.071928571428572,1.264,3.265714285714286,2.6569714285714285
11-9033.00,"Education Administrators, Postsecondary",1.88,1.01,2.35,1.01,2.61,3.95,1.197142857142857,3.209942857142857,2.6502142857142856,1.0161142857142855,2.821428571428571,2.1687000000000003
11-9041.00,Architectural and Engineering Managers,2.04,1.7,3.48,1.14,2.25,3.79,1.5614285714285714,3.7165142857142857,2.8768,1.4352,2.571428571428571,2.0240714285714283
11-9041.01,Biofuels/Biodiesel Technology and Product Development Managers,2.08,1.96,2.86,1.89,2.33,3.49,1.8571428571428568,2.6669714285714288,3.2572,2.273542857142857,2.2471428571428573,2.4900285714285717
11-9051.00,Food Service Managers,1.71,2.04,3.35,1.64,3.21,4.12,1.5207142857142857,2.3029,2.3152857142857144,1.7448,2.596342857142857,2.4196428571428568
11-9071.00,Gambling Managers,2.43,1.3,3.72,1.5,3.01,3.91,1.32,2.882457142857143,2.533214285714285,1.611157142857143,2.645714285714285,2.285942857142857
11-9072.00,"Entertainment and Recreation Managers, Except Gambling",1.65,1.46,2.6,1.78,1.68,3.44,1.32,1.5655714285714286,2.439228571428571,1.2375,2.25,2.476
11-9081.00,Lodging Managers,2.86,1.19,4.14,1.8,2.52,4.35,1.4179428571428572,2.185714285714285,2.2569142857142857,1.5420571428571428,2.4732142857142856,2.1509714285714283
11-9111.00,Medical and Health Services Managers,2.86,1.22,3.79,1.29,3.37,3.93,1.268571428571429,3.493171428571429,3.314728571428572,1.4188285714285715,2.765714285714286,3.2500000000000004
11-9121.00,Natural Sciences Managers,1.5,1.41,2.95,1.22,2.44,3.28,1.3392000000000002,3.0988,3.6901142857142855,1.9825714285714289,2.765714285714286,2.833342857142857
11-9121.01,Clinical Research Coordinators,1.9,1.63,4.1,1.31,2.77,3.36,1.1339285714285714,2.9888,3.3028571428571425,1.3562857142857143,2.4035714285714285,1.7760285714285715
11-9121.02,Water Resource Specialists,2.05,1.73,2.1,1.29,1.76,3.5,1.8057142857142856,3.164285714285714,2.845371428571429,1.1804142857142856,2.205357142857143,1.865
11-9131.00,Postmasters and Mail Superintendents,2.62,1.25,3.73,2.59,2.41,4.92,1.4821428571428572,2.703742857142857,2.6050142857142857,1.570128571428571,2.422142857142857,2.342714285714286
11-9141.00,"Property, Real Estate, and Community Association Managers",2.2,1.4,2.9,1.15,1.84,3.95,1.0942857142857143,2.3668571428571425,2.039642857142857,1.0825,1.9449142857142856,2.7085714285714286
11-9151.00,Social and Community Service Managers,2.23,1.09,3.43,1.18,2.05,3.91,1.36,2.6633142857142857,2.624,1.0676571428571429,2.645714285714285,1.5
11-9161.00,Emergency Management Directors,1.86,1.68,2.45,1.38,2.32,3.45,1.32,2.7703,2.8798000000000004,1.4921,2.98,3.278785714285714
11-9171.00,Funeral Home Managers,2.15,2.29,3.68,1.37,2.69,4.39,1.32,3.0662857142857143,2.9595714285714285,2.0353,2.1492,2.276
11-9179.01,Fitness and Wellness Coordinators,1.96,1.35,2.85,1.12,2.48,3.15,1.1607142857142858,1.9802857142857144,2.0336,1.3593142857142857,2.275,2.2485
11-9179.02,Spa Managers,2.06,1.16,3.36,1.01,2.96,3.52,1.4628571428571429,2.9103142857142856,3.311114285714286,1.4434857142857145,2.765714285714286,2.4235285714285717
11-9199.01,Regulatory Affairs Managers,2.0,1.09,3.22,1.0,2.87,3.65,1.1106285714285715,4.133257142857143,2.291428571428571,1.0289714285714286,2.542057142857143,1.783442857142857
11-9199.02,Compliance Managers,1.7,1.9,3.83,1.35,2.29,4.3,1.2142857142857144,3.9459857142857135,2.7932571428571427,1.3394285714285714,2.8150000000000004,1.3501571428571428
11-9199.08,Loss Prevention Managers,2.41,1.55,3.0,1.32,2.32,3.91,1.6665142857142858,2.9175714285714283,2.677828571428572,1.1496,2.645714285714285,2.2902142857142858
11-9199.09,Wind Energy Operations Managers,2.45,2.83,3.06,1.83,2.43,3.79,2.044642857142857,3.2327714285714286,3.4162285714285714,3.390857142857143,2.6950857142857143,2.905514285714286
11-9199.10,Wind Energy Development Managers,1.55,1.16,2.27,1.14,2.11,3.5,1.3008,3.154285714285714,2.7262000000000004,1.1179,2.3857142857142857,2.655342857142857
11-9199.11,Brownfield Redevelopment Specialists and Site Managers,1.64,1.45,2.5,1.29,2.0,3.64,1.6063428571428573,3.34,2.5107142857142857,1.1457142857142857,2.765714285714286,2.6317
13-1011.00,"Agents and Business Managers of Artists, Performers, and Athletes",1.66,1.11,2.86,1.0,2.05,4.65,1.0089285714285714,1.4462857142857142,1.3387285714285715,1.0062142857142855,1.8057142857142856,1.524
13-1021.00,"Buyers and Purchasing Agents, Farm Products",2.95,1.25,4.2,1.23,2.21,3.81,1.3785714285714286,2.4623142857142857,2.218171428571429,1.384,1.9449142857142856,2.4228571428571426
13-1022.00,"Wholesale and Retail Buyers, Except Farm Products",1.81,1.6,4.13,1.06,3.57,4.03,1.1071428571428572,1.6945714285714286,2.4059285714285714,1.3555714285714284,2.211428571428572,2.596785714285714
13-1023.00,"Purchasing Agents, Except Wholesale, Retail, and Farm Products",2.89,1.41,4.05,1.18,2.68,4.3,1.1428571428571428,3.200357142857143,2.429142857142857,1.087,2.524285714285714,2.1605
13-1031.00,"Claims Adjusters, Examiners, and Investigators",2.98,1.2,4.51,1.83,3.3,4.39,1.157142857142857,2.7670000000000003,2.429942857142857,1.0616571428571429,2.3192,1.7581428571428572
13-1032.00,"Insurance Appraisers, Auto Damage",3.25,2.62,3.79,1.28,3.54,4.55,1.4435714285714285,2.4823000000000004,2.213142857142857,1.351,1.6171428571428572,1.910642857142857
13-1041.00,Compliance Officers,2.51,2.8,3.97,1.7,3.55,3.53,1.28,3.3981285714285714,2.8826285714285715,1.4716714285714287,2.2308,1.2192142857142856
13-1041.01,Environmental Compliance Inspectors,1.6,1.75,3.3,1.2,1.85,3.65,2.1492,3.346428571428572,2.4850000000000003,1.1311428571428572,2.7207142857142856,1.2442857142857142
13-1041.03,Equal Opportunity Representatives and Officers,2.34,1.1,3.0,1.35,2.83,3.51,1.1339285714285714,4.010614285714285,2.2792857142857144,1.0981,2.3192,1.1651714285714283
13-1041.04,Government Property Inspectors and Investigators,2.18,1.79,3.31,1.59,2.14,3.92,1.8571428571428568,3.5668,3.0592,1.0796571428571429,2.4008000000000003,1.6632571428571428
13-1041.06,Coroners,1.55,3.5,3.35,1.05,2.6,4.45,1.2857142857142856,2.552142857142857,2.742,1.5186428571428572,2.125,2.7035714285714287
13-1041.07,Regulatory Affairs Specialists,1.7,1.17,3.3,1.25,3.0,3.75,1.25,3.670642857142857,1.8208,1.0325,2.205357142857143,1.497142857142857
13-1041.08,Customs Brokers,3.45,1.05,4.3,2.1,2.75,4.8,1.1734857142857142,3.145,2.114471428571428,1.2136,2.1635714285714283,1.8991
13-1051.00,Cost Estimators,2.14,1.18,3.1,1.32,2.36,3.77,1.0535714285714286,2.527428571428572,2.3825000000000003,1.0058571428571428,1.9285714285714288,1.905
13-1071.00,Human Resources Specialists,2.97,1.14,3.87,1.0,3.5,3.76,1.0357142857142856,3.0250000000000004,2.196742857142857,1.079,2.071428571428571,1.6152142857142855
13-1074.00,Farm Labor Contractors,2.2,1.2,4.49,2.51,1.88,4.45,1.4691999999999998,2.212942857142857,1.7911,1.1317857142857144,1.655,1.7524428571428572
13-1075.00,Labor Relations Specialists,1.9,1.38,2.25,1.15,1.76,3.71,1.0357142857142856,3.001428571428572,1.630242857142857,1.0336571428571428,2.3192,1.7405714285714289
13-1081.00,Logisticians,2.83,1.54,3.29,1.67,2.58,4.42,1.231428571428571,2.579542857142857,2.746942857142857,1.2036571428571428,2.9008000000000003,2.465942857142857
13-1081.01,Logistics Engineers,2.35,1.83,2.78,2.09,1.83,3.91,1.5892857142857142,2.5975714285714284,3.167414285714285,1.4374,2.3192,2.3274285714285714
13-1081.02,Logistics Analysts,2.95,1.5,4.0,1.45,3.55,4.18,1.32,2.6146000000000003,2.698042857142857,1.227142857142857,2.571428571428571,1.903857142857143
13-1111.00,Management Analysts,2.55,1.35,2.7,1.15,2.05,4.0,1.12,2.8642857142857143,2.846742857142857,1.1083,2.6950857142857143,2.3828571428571435
13-1121.00,"Meeting, Convention, and Event Planners",1.66,1.52,3.24,1.27,3.76,4.57,1.231428571428571,1.9421714285714289,2.3082857142857143,1.7494285714285716,2.3392857142857144,2.8255428571428567
13-1131.00,Fundraisers,1.9,1.24,2.81,1.24,2.3,3.67,1.0664285714285715,2.101,1.5822142857142858,1.0855,2.06,1.9165
13-1141.00,"Compensation, Benefits, and Job Analysis Specialists",2.43,1.0,3.76,1.1,3.05,3.86,1.0357142857142856,3.35,1.8476285714285716,1.0638857142857143,2.06,1.8063714285714283
13-1151.00,Training and Development Specialists,1.96,1.13,2.52,1.09,2.23,3.7,1.16,2.4076000000000004,2.2584285714285715,1.1602857142857144,2.6950857142857143,1.886242857142857
13-1161.00,Market Research Analysts and Marketing Specialists,2.35,1.22,2.96,1.13,2.22,4.04,1.1734857142857142,1.936,2.2992142857142857,1.054971428571429,2.1635714285714283,2.423757142857143
13-1161.01,Search Marketing Strategists,2.17,1.0,2.83,1.13,2.22,3.74,1.3008,2.1448857142857145,2.0912,1.095271428571429,2.275,1.9742857142857144
13-1199.04,Business Continuity Planners,2.43,1.09,2.45,1.23,2.09,3.26,1.268571428571429,3.0142857142857142,2.362057142857143,1.027,2.4522285714285714,1.5323571428571428
13-1199.05,Sustainability Specialists,1.52,1.43,2.26,1.18,1.65,3.57,1.32,2.8685714285714288,2.8532,1.1176428571428572,2.25,2.343857142857143
13-1199.06,Online Merchants,2.66,1.23,3.44,1.16,2.96,4.1,1.1734857142857142,1.6473142857142855,1.8676857142857144,1.2108285714285714,2.096342857142857,1.9408
13-1199.07,Security Management Specialists,1.95,1.75,2.58,1.16,2.05,3.75,1.5207142857142857,3.4642857142857144,2.7285714285714286,1.155357142857143,2.4522285714285714,2.491428571428571
13-2011.00,Accountants and Auditors,3.05,1.21,3.85,1.08,2.58,4.19,1.147857142857143,3.4192,2.6019428571428573,1.0768,2.3192,2.2451714285714286
13-2022.00,Appraisers of Personal and Business Property,1.73,2.17,3.39,1.22,2.22,3.87,1.1734857142857142,3.0032,1.9617142857142855,1.0781714285714286,1.7734857142857143,1.7842857142857145
13-2023.00,Appraisers and Assessors of Real Estate,2.39,1.92,3.22,1.09,2.21,4.54,1.1734857142857142,2.595028571428572,1.793928571428571,1.1986285714285714,1.7734857142857143,1.3595428571428572
13-2031.00,Budget Analysts,1.57,1.0,4.6,1.02,4.05,4.26,1.1106285714285715,2.5079857142857143,2.2561,1.0624,1.9449142857142856,1.8142857142857145
13-2041.00,Credit Analysts,2.4,1.11,4.1,1.05,3.05,4.2,1.1071428571428572,2.4732142857142856,1.8589285714285717,1.0514285714285714,1.8571428571428568,1.1928571428571428
13-2052.00,Personal Financial Advisors,2.44,1.04,3.08,1.08,1.92,3.69,1.0549142857142857,2.894285714285714,1.846,1.0010857142857144,2.1357142857142857,1.6911999999999998
13-2053.00,Insurance Underwriters,2.87,1.0,3.53,1.17,3.2,4.57,1.1106285714285715,2.74,1.8971428571428568,1.03,1.8571428571428568,1.2714285714285714
13-2061.00,Financial Examiners,2.3,1.13,2.7,1.22,2.09,3.61,1.1339285714285714,3.831357142857144,2.5016142857142856,1.0317571428571428,2.748571428571428,1.3224
13-2071.00,Credit Counselors,3.0,1.04,4.08,1.29,3.43,3.84,1.0,2.096457142857143,1.48,1.0407428571428572,1.8571428571428568,1.2290285714285714
13-2072.00,Loan Officers,3.2,1.0,3.45,1.36,2.58,4.12,1.1106285714285715,3.2984142857142857,2.0547142857142857,1.0897,1.8057142857142856,1.3944285714285714
13-2081.00,"Tax Examiners and Collectors, and Revenue Agents",3.03,1.02,4.19,1.24,3.3,3.74,1.0942857142857143,3.3182,2.604414285714286,1.1307142857142858,2.0028571428571427,1.0750285714285714
13-2082.00,Tax Preparers,2.81,1.2,4.24,1.0,3.21,4.05,1.0020571428571428,3.086071428571429,1.9174285714285717,1.3566571428571428,1.8571428571428568,1.4617
13-2099.01,Financial Quantitative Analysts,2.79,1.05,2.74,1.39,2.6,3.75,1.1785714285714286,2.010357142857143,1.64,1.0546428571428572,1.8914285714285717,1.4285714285714288
13-2099.04,"Fraud Examiners, Investigators and Analysts",2.44,1.8,3.76,1.36,2.96,4.04,1.2036571428571428,3.3976,2.5626285714285717,1.1417142857142857,1.9842857142857144,2.176685714285714
15-1211.00,Computer Systems Analysts,2.71,1.45,4.03,1.31,3.6,4.17,1.8914285714285717,2.692228571428572,2.982485714285714,2.0501285714285715,2.36,1.6362857142857146
15-1211.01,Health Informatics Specialists,2.2,1.29,3.48,1.35,2.7,3.62,1.5614285714285714,3.379085714285714,3.0,1.3943714285714286,2.4971428571428573,1.8507
15-1212.00,Information Security Analysts,2.03,1.63,3.33,1.25,2.81,3.6,1.8914285714285717,3.3088,2.977257142857143,1.1898,2.3192,1.6150857142857142
15-1221.00,Computer and Information Research Scientists,2.32,1.57,2.22,1.63,2.45,3.71,1.6364285714285711,2.6002,2.074785714285714,1.4085714285714286,2.211428571428572,1.6598714285714284
15-1231.00,Computer Network Support Specialists,2.28,2.92,3.71,1.75,3.33,3.9,1.8914285714285717,2.2946285714285715,2.517857142857143,1.4565714285714286,2.1635714285714283,1.5010857142857144
15-1232.00,Computer User Support Specialists,2.06,1.7,3.5,1.32,4.05,3.65,1.822857142857143,2.343685714285714,2.7087142857142856,1.7549285714285716,1.9085714285714288,1.7813714285714286
15-1241.00,Computer Network Architects,2.45,1.8,3.25,1.7,2.75,3.6,1.8571428571428568,3.1825,2.9175000000000004,1.6285714285714286,2.023657142857143,2.068928571428572
15-1241.01,Telecommunications Engineering Specialists,2.24,1.9,2.86,1.33,1.9,4.05,1.9085714285714288,2.71,2.862157142857143,1.2571428571428571,1.9449142857142856,2.215
15-1242.00,Database Administrators,2.63,1.07,3.39,1.2,3.89,2.99,1.7200000000000002,2.8150000000000004,2.6283142857142856,1.1734857142857142,2.2471428571428573,1.7679428571428573
15-1243.00,Database Architects,2.67,1.1,3.48,1.33,2.33,3.62,1.3392000000000002,2.8932857142857147,2.8396428571428567,1.0445714285714285,2.096342857142857,1.4335
15-1243.01,Data Warehousing Specialists,2.39,1.0,3.39,1.0,3.09,3.3,1.4821428571428572,2.3428571428571425,1.9163,1.0713142857142857,1.837942857142857,1.5002
15-1244.00,Network and Computer Systems Administrators,2.58,2.04,3.3,1.32,3.13,3.79,2.275,1.963728571428572,2.349571428571428,2.1167285714285717,2.524285714285714,1.8955
15-1251.00,Computer Programmers,2.29,1.05,3.15,1.13,3.28,4.04,1.3785714285714286,2.4498571428571427,2.5015,1.1212428571428572,1.8914285714285717,1.4666428571428574
15-1252.00,Software Developers,2.24,1.26,3.23,1.33,2.79,3.5,1.595,2.8564,2.5158571428571435,1.2706285714285714,2.0,1.2027142857142856
15-1253.00,Software Quality Assurance Analysts and Testers,2.88,1.32,3.66,1.61,3.26,3.88,1.7485714285714289,3.1522857142857146,2.45,1.0984285714285715,2.4035714285714285,1.4551857142857143
15-1254.00,Web Developers,2.0,1.17,4.17,1.04,4.04,4.0,1.3785714285714286,2.2615285714285718,1.98,1.2085714285714286,1.9657142857142855,1.4990285714285714
15-1255.01,Video Game Designers,1.79,1.1,3.4,1.1,4.05,4.05,1.4464285714285716,1.6646999999999998,2.071428571428571,1.1165714285714283,2.096342857142857,1.3225
15-1299.01,Web Administrators,2.7,1.2,3.55,1.35,3.2,3.75,1.4435714285714285,2.4764285714285714,2.1517857142857144,1.210357142857143,2.19,1.8125
15-1299.02,Geographic Information Systems Technologists and Technicians,2.9,1.19,3.98,1.58,3.73,3.46,1.3008,2.594785714285714,2.3181142857142856,1.2300285714285717,1.8571428571428568,1.5815714285714286
15-1299.03,Document Management Specialists,3.0,1.4,3.37,1.89,2.2,3.7,1.268571428571429,3.0885714285714285,2.309285714285714,1.1314285714285717,2.1677714285714287,2.083571428571428
15-1299.05,Information Security Engineers,3.11,1.32,3.0,1.5,2.78,3.95,1.9449142857142856,3.0391428571428567,2.597514285714285,1.3075,2.4522285714285714,2.172557142857143
15-1299.08,Computer Systems Engineers/Architects,2.71,2.36,3.7,1.55,3.27,3.82,1.8571428571428568,2.662857142857143,2.523885714285714,1.4992857142857143,2.3857142857142857,2.021114285714286
15-1299.09,Information Technology Project Managers,2.14,1.67,3.52,1.86,2.24,4.33,1.3125,3.17,3.276285714285714,1.2185714285714286,2.684285714285714,3.5257142857142862
15-2011.00,Actuaries,2.26,1.0,3.22,1.11,2.15,3.46,1.16,3.157857142857143,2.2558857142857143,1.0538857142857143,2.1357142857142857,1.4674999999999998
15-2021.00,Mathematicians,1.74,1.1,2.1,1.3,2.0,3.15,1.0206285714285714,1.6835714285714285,1.3795,1.03,1.8571428571428568,1.3257142857142856
15-2031.00,Operations Research Analysts,2.29,1.2,2.1,1.33,1.65,3.57,1.157142857142857,1.8886428571428573,2.5264,1.078,1.837942857142857,1.6827142857142858
15-2041.00,Statisticians,2.1,1.05,2.9,1.0,2.56,3.29,1.1257142857142857,2.9680714285714287,2.1142857142857143,1.0462857142857145,1.8571428571428568,1.2507142857142857
15-2041.01,Biostatisticians,1.92,1.0,2.71,1.33,2.42,3.38,1.0664285714285715,2.013442857142857,1.3783857142857143,1.0602571428571428,2.0342857142857143,1.4089285714285715
15-2051.01,Business Intelligence Analysts,2.5,1.05,2.91,1.0,2.82,3.73,1.12,2.1776,1.8272,1.0006428571428572,1.9842857142857144,1.3332285714285714
15-2051.02,Clinical Data Managers,2.5,1.2,3.8,1.15,2.9,3.95,1.32,3.217142857142857,2.065,1.03,2.542057142857143,1.4725
15-2099.01,Bioinformatics Technicians,2.94,1.26,3.13,1.11,2.92,3.39,1.5785714285714287,2.1958857142857147,3.0355000000000003,1.1434857142857142,2.125,1.2511142857142856
17-1011.00,"Architects, Except Landscape and Naval",2.05,1.57,3.1,1.16,3.1,3.62,1.3571428571428572,2.869214285714285,2.132542857142857,1.143,2.7207142857142856,2.257142857142857
17-1012.00,Landscape Architects,2.05,1.2,2.3,1.1,2.1,3.85,1.25,2.64,2.602857142857143,1.13,2.096342857142857,1.6884285714285716
17-1021.00,Cartographers and Photogrammetrists,2.68,1.45,3.51,1.0,3.5,3.97,1.22,3.0056,2.5193142857142856,1.6111142857142855,1.9449142857142856,1.3590285714285713
17-1022.00,Surveyors,2.35,2.0,3.75,1.8,2.8,4.3,1.6875,3.200357142857143,2.393214285714285,1.7641714285714287,1.9657142857142855,2.430357142857143
17-1022.01,Geodetic Surveyors,2.8,1.93,3.2,1.67,2.31,3.23,1.6875,3.231,2.693542857142857,2.253142857142857,2.3192,1.9593571428571428
17-2011.00,Aerospace Engineers,1.55,1.41,2.34,1.31,2.06,3.56,1.8057142857142856,2.581757142857142,3.168614285714286,1.6312428571428572,2.524285714285714,1.5208000000000002
17-2021.00,Agricultural Engineers,1.95,2.25,2.75,2.05,2.0,3.4,1.9449142857142856,3.61642857142857,2.954285714285714,2.044642857142857,2.205357142857143,2.3514285714285714
17-2031.00,Bioengineers and Biomedical Engineers,2.35,1.35,2.43,1.74,2.26,3.48,1.837942857142857,3.1194571428571427,2.743428571428572,1.9296571428571432,2.6185714285714288,2.1435285714285714
17-2041.00,Chemical Engineers,2.35,1.65,2.48,1.3,1.86,3.57,2.071428571428571,3.139,3.407714285714285,1.7805142857142855,2.1750857142857143,1.577842857142857
17-2051.00,Civil Engineers,2.33,1.67,3.19,1.14,2.3,4.0,1.3392000000000002,3.112771428571428,2.314285714285714,1.0651428571428572,2.2471428571428573,2.4371714285714283
17-2051.01,Transportation Engineers,2.23,1.36,2.77,1.36,2.41,3.73,1.2857142857142856,3.3123571428571426,2.0,1.0918714285714286,2.205357142857143,2.261285714285714
17-2051.02,Water/Wastewater Engineers,1.87,1.52,2.39,1.3,2.23,3.7,1.8057142857142856,3.2287000000000003,2.611757142857143,1.186157142857143,2.4971428571428573,1.960457142857143
17-2061.00,Computer Hardware Engineers,2.71,1.26,3.11,1.32,2.38,3.66,1.8571428571428568,3.305657142857142,2.6048,1.5579142857142858,1.9842857142857144,2.0091142857142854
17-2071.00,Electrical Engineers,2.18,2.01,3.78,2.33,2.71,3.92,1.837942857142857,3.240228571428572,2.938,1.432,2.3857142857142857,2.324742857142857
17-2072.00,"Electronics Engineers, Except Computer",1.33,1.7,2.51,1.41,1.67,3.06,1.9657142857142855,2.6029,2.5624,2.5837142857142856,2.275,1.848357142857143
17-2072.01,Radio Frequency Identification Device Specialists,1.97,1.66,3.14,1.61,2.33,3.99,1.7200000000000002,2.627142857142857,2.974,1.704357142857143,2.1357142857142857,1.8713857142857144
17-2081.00,Environmental Engineers,2.11,1.75,2.75,1.47,1.95,3.81,1.6665142857142858,3.242857142857143,3.2500000000000004,1.3582857142857143,2.821428571428571,2.8357142857142854
17-2111.00,"Health and Safety Engineers, Except Mining Safety Engineers and Inspectors",1.97,2.17,2.85,1.69,2.11,3.91,1.6063428571428573,3.487085714285714,2.8464285714285715,1.4940571428571428,2.2308,2.022
17-2111.02,Fire-Prevention and Protection Engineers,1.77,1.81,2.35,1.16,1.62,3.54,1.7734857142857143,3.8184,2.530514285714286,1.1281428571428571,1.9842857142857144,1.7729714285714286
17-2112.00,Industrial Engineers,2.16,1.79,3.17,1.74,1.87,3.79,1.542142857142857,2.4074714285714283,2.7548000000000004,2.1935,2.445,1.7290571428571428
17-2112.01,Human Factors Engineers and Ergonomists,1.74,1.9,2.7,1.35,2.15,3.55,1.3785714285714286,2.8525,2.697142857142857,1.492142857142857,2.4285714285714284,1.9594285714285715
17-2112.02,Validation Engineers,1.89,1.84,3.6,1.7,2.0,4.0,1.9842857142857144,4.231428571428571,3.491428571428571,1.9666,2.645714285714285,1.875
17-2112.03,Manufacturing Engineers,2.56,2.0,2.54,2.19,2.19,3.62,2.596342857142857,2.436914285714286,3.0636,2.274285714285714,2.9008000000000003,1.854657142857143
17-2121.00,Marine Engineers and Naval Architects,1.89,3.28,3.33,1.72,2.61,3.67,2.2928571428571427,3.3782,2.193257142857143,2.0309714285714286,2.275,1.7968
17-2131.00,Materials Engineers,2.28,1.76,2.19,1.86,1.86,3.52,1.8914285714285717,2.6337857142857146,3.5457142857142854,2.2214285714285715,2.1750857142857143,2.192285714285714
17-2141.00,Mechanical Engineers,2.01,1.79,3.05,1.73,2.37,3.51,2.096342857142857,3.1741428571428574,2.737942857142857,1.9099,2.3242857142857147,1.3001714285714283
17-2141.01,Fuel Cell Engineers,2.27,1.55,2.05,1.95,1.73,3.45,2.06,2.128285714285714,3.0224285714285712,2.345371428571429,2.4971428571428573,2.1977857142857142
17-2141.02,Automotive Engineers,2.24,1.85,2.67,1.67,1.71,3.86,1.8057142857142856,3.492742857142857,2.3114285714285714,1.6721,2.1357142857142857,1.8850285714285715
17-2151.00,"Mining and Geological Engineers, Including Mining Safety Engineers",1.79,2.24,3.47,1.69,2.29,3.57,1.9657142857142855,3.319257142857143,2.994757142857143,1.3504,2.7678571428571432,1.9734142857142856
17-2161.00,Nuclear Engineers,1.7,1.81,3.21,1.25,2.24,3.57,2.4971428571428573,4.091,3.305714285714286,1.7614,2.765714285714286,1.999085714285714
17-2171.00,Petroleum Engineers,1.94,1.39,2.87,1.53,2.01,3.67,1.837942857142857,2.449442857142857,2.594385714285714,1.0848,2.524285714285714,2.3384
17-2199.03,"Energy Engineers, Except Wind and Solar",2.05,1.86,2.73,1.27,1.86,3.36,1.6364285714285711,2.728257142857143,2.8361142857142854,1.2301,2.596342857142857,2.167828571428571
17-2199.05,Mechatronics Engineers,1.83,1.39,3.22,1.86,1.72,3.65,2.06,2.4256,2.8690285714285717,1.8724857142857143,2.3192,1.3504
17-2199.06,Microsystems Engineers,1.93,1.96,2.93,1.41,2.47,3.27,2.086428571428572,2.602814285714285,2.699871428571428,2.0752,2.4035714285714285,1.6288571428571428
17-2199.07,Photonics Engineers,2.26,1.87,2.39,1.55,1.87,3.26,1.94,2.483257142857143,2.512528571428572,2.3107285714285712,2.0342857142857143,1.8003999999999998
17-2199.08,Robotics Engineers,2.7,2.0,2.6,2.53,2.0,3.9,2.4035714285714285,2.8327,3.2157142857142857,3.2614428571428578,2.596342857142857,1.9694285714285715
17-2199.09,Nanosystems Engineers,2.33,1.81,2.7,1.95,1.76,3.29,1.8571428571428568,2.130428571428572,3.342714285714285,3.275714285714286,2.4285714285714284,2.1128571428571425
17-2199.10,Wind Energy Engineers,1.8,1.44,2.62,1.23,1.99,3.73,1.6364285714285711,2.6263,2.0890714285714287,1.5792142857142857,2.211428571428572,2.032842857142857
17-2199.11,Solar Energy Systems Engineers,2.0,2.18,2.46,1.29,2.32,3.89,1.75,2.981028571428572,2.680742857142857,1.384342857142857,2.1635714285714283,1.9760285714285717
17-3011.00,Architectural and Civil Drafters,2.48,1.33,3.59,1.28,3.41,4.38,1.394285714285714,3.048914285714286,2.134985714285714,1.0584857142857145,2.0028571428571427,1.1395428571428572
17-3012.00,Electrical and Electronics Drafters,2.49,1.26,3.33,1.69,3.17,4.18,1.3571428571428572,2.757142857142857,1.6549142857142858,1.2453142857142858,1.8571428571428568,1.1326857142857143
17-3013.00,Mechanical Drafters,1.88,1.43,3.54,1.33,3.57,3.75,1.36,2.2285000000000004,2.6143857142857145,1.4337142857142855,1.8914285714285717,1.1897714285714285
17-3021.00,Aerospace Engineering and Operations Technologists and Technicians,1.79,3.35,3.35,1.66,2.61,4.47,2.375,2.907657142857143,3.478,1.9605714285714284,1.9449142857142856,1.9174285714285717
17-3022.00,Civil Engineering Technologists and Technicians,2.77,1.78,3.06,1.44,3.7,3.39,1.4691999999999998,2.897142857142857,2.744,1.1450428571428573,2.086428571428572,1.3217571428571429
17-3023.00,Electrical and Electronic Engineering Technologists and Technicians,2.03,2.34,3.2,1.68,2.53,3.56,1.9285714285714288,2.8580714285714284,2.678285714285715,2.338014285714286,1.9449142857142856,1.7722857142857142
17-3024.00,Electro-Mechanical and Mechatronics Technologists and Technicians,2.27,2.96,3.76,2.09,2.78,4.35,2.7142857142857144,2.596514285714285,3.0372,3.3234285714285714,2.571428571428571,1.4601142857142857
17-3024.01,Robotics Technicians,3.38,2.95,2.82,2.45,2.36,3.68,2.524285714285714,2.83,3.1800571428571427,3.200357142857143,1.9842857142857144,1.4862
17-3025.00,Environmental Engineering Technologists and Technicians,1.97,2.06,3.43,1.73,2.97,3.5,1.8914285714285717,2.6892000000000005,2.2704142857142857,1.7230857142857143,2.275,1.4547571428571429
17-3026.00,Industrial Engineering Technologists and Technicians,2.19,2.47,3.69,1.86,2.79,3.91,1.5357142857142858,2.081142857142857,2.7262000000000004,2.4317714285714285,2.3192,1.5814285714285714
17-3026.01,Nanotechnology Engineering Technologists and Technicians,2.7,1.75,2.7,2.85,2.3,3.35,2.2071428571428573,2.4465000000000003,3.0108571428571427,3.0777142857142854,2.275,2.157142857142857
17-3027.00,Mechanical Engineering Technologists and Technicians,2.15,2.7,3.27,2.63,2.59,4.08,2.1607142857142856,2.6218,2.6600571428571427,2.573714285714286,1.9449142857142856,1.4004571428571428
17-3027.01,Automotive Engineering Technicians,2.37,2.81,3.33,2.26,2.46,3.81,1.9642857142857144,2.3621714285714286,2.7950857142857144,2.594042857142857,2.023657142857143,1.6973285714285713
17-3029.01,Non-Destructive Testing Specialists,2.64,3.45,3.64,2.91,3.23,4.32,2.0028571428571427,3.935214285714285,3.5536000000000003,3.3389285714285712,2.2308,2.117142857142857
17-3029.08,Photonics Technicians,2.59,2.41,3.41,2.55,3.0,3.77,2.0608,2.6540857142857144,3.010214285714285,3.258571428571428,2.044642857142857,1.8813285714285717
17-3031.00,Surveying and Mapping Technicians,2.59,1.82,3.83,1.82,3.67,3.7,1.4179428571428572,2.2852,1.660842857142857,1.7346428571428572,1.9449142857142856,1.3136
19-1011.00,Animal Scientists,2.26,1.61,2.96,1.43,2.09,3.65,1.5892857142857142,2.6517571428571425,3.1700285714285714,1.6533142857142855,2.524285714285714,2.2049714285714286
19-1012.00,Food Scientists and Technologists,2.24,1.55,2.9,2.52,2.36,3.86,1.837942857142857,2.9872,2.8585000000000003,2.2517428571428573,2.4522285714285714,2.2778857142857145
19-1013.00,Soil and Plant Scientists,2.19,1.7,2.95,1.48,2.14,3.33,1.7200000000000002,2.775714285714286,2.8413142857142857,1.7442285714285717,2.3242857142857147,2.2809428571428576
19-1021.00,Biochemists and Biophysicists,2.63,1.95,3.53,2.17,2.7,3.3,1.6875,2.5902857142857143,3.7996428571428567,2.5120000000000005,2.748571428571428,2.458285714285714
19-1022.00,Microbiologists,2.5,1.71,3.68,2.05,3.32,4.14,1.6875,3.0995000000000004,3.2866,2.56,2.4522285714285714,2.7094857142857145
19-1023.00,Zoologists and Wildlife Biologists,1.26,1.79,3.46,1.56,2.62,3.3,1.655,2.722214285714286,2.806285714285714,1.6644571428571429,2.275,2.1532857142857145
19-1029.01,Bioinformatics Scientists,1.7,1.22,2.99,1.07,2.73,3.44,1.4464285714285716,1.5170714285714286,2.750714285714286,1.221,2.4008000000000003,2.3329142857142857
19-1029.02,Molecular and Cellular Biologists,2.12,1.46,3.04,2.08,2.85,3.31,1.7734857142857143,2.371428571428571,2.872,1.882,2.7207142857142856,2.2265
19-1029.03,Geneticists,1.96,1.24,3.17,1.2,2.72,2.92,1.6875,2.0742857142857143,2.523885714285714,1.6674285714285717,2.524285714285714,2.3453714285714287
19-1029.04,Biologists,1.39,2.11,3.19,1.72,3.01,3.29,1.2036571428571428,2.5602,3.290885714285713,1.8844285714285716,2.142857142857143,2.3801
19-1031.00,Conservation Scientists,2.09,1.74,3.04,1.35,1.96,3.3,1.394285714285714,3.1465428571428573,2.846714285714285,1.6977142857142855,2.044642857142857,2.1016
19-1031.02,Range Managers,2.23,1.62,2.82,1.37,2.58,3.31,1.595,3.177142857142857,3.3453,1.8299,2.5907142857142857,2.2104285714285714
19-1031.03,Park Naturalists,1.05,1.6,2.69,1.26,2.5,2.9,1.394285714285714,1.9577714285714287,2.1075142857142857,1.4066,1.9449142857142856,2.760228571428572
19-1032.00,Foresters,1.77,1.48,2.77,1.48,2.22,3.11,1.8571428571428568,3.108728571428572,3.2818857142857145,2.091171428571428,2.571428571428571,2.5258857142857143
19-1041.00,Epidemiologists,2.21,1.16,2.61,1.16,2.21,3.58,1.0442857142857145,2.3350285714285715,2.3753714285714285,1.0444,2.5907142857142857,2.139057142857143
19-1042.00,"Medical Scientists, Except Epidemiologists",2.2,1.31,3.96,2.3,3.0,3.69,1.655,1.923257142857143,2.591685714285714,1.3848142857142856,2.542057142857143,1.430414285714286
19-2011.00,Astronomers,1.87,1.35,2.3,1.39,1.52,2.91,1.2857142857142856,1.7283571428571427,1.7020142857142857,1.284957142857143,2.2308,1.477
19-2012.00,Physicists,1.57,1.1,2.07,1.0,2.0,3.05,1.4691999999999998,2.4848,2.7890857142857146,1.4369999999999998,2.2857142857142856,1.9077714285714285
19-2021.00,Atmospheric and Space Scientists,2.6,1.15,2.63,1.47,2.8,3.95,1.268571428571429,2.112857142857143,2.185,1.225,2.06,1.4557142857142855
19-2031.00,Chemists,2.02,1.2,3.48,2.12,2.34,3.79,1.822857142857143,2.7910714285714286,2.736428571428571,2.3107999999999995,2.3857142857142857,2.1339
19-2032.00,Materials Scientists,2.3,1.45,1.95,1.9,1.65,3.38,1.6875,2.965228571428571,3.537428571428572,1.9489571428571428,2.211428571428572,1.9360285714285717
19-2041.00,"Environmental Scientists and Specialists, Including Health",1.5,1.27,3.05,1.02,2.51,3.79,1.5914285714285714,3.7924,3.2390857142857143,1.1457142857142857,2.4971428571428573,1.3993000000000002
19-2041.01,Climate Change Policy Analysts,1.43,1.04,2.13,1.09,2.04,3.26,1.1428571428571428,2.2528,1.7735571428571428,1.037542857142857,2.1357142857142857,1.5284285714285717
19-2041.02,Environmental Restoration Planners,1.38,1.36,2.0,1.32,1.73,3.43,1.6364285714285711,3.0735,3.265285714285714,1.2064,2.524285714285714,2.4391142857142856
19-2041.03,Industrial Ecologists,1.59,1.17,2.57,1.1,2.3,3.35,1.1408,2.3349857142857147,2.3204857142857143,1.1098,2.1750857142857143,1.9072857142857145
19-2042.00,"Geoscientists, Except Hydrologists and Geographers",1.65,1.73,2.91,1.34,2.13,3.44,1.268571428571429,2.4025,2.825357142857143,1.4903142857142857,2.023657142857143,1.964457142857143
19-2043.00,Hydrologists,1.82,1.7,2.7,1.61,2.04,3.35,1.5508,2.4152,3.202857142857143,1.4152857142857145,2.4285714285714284,1.9778285714285715
19-2099.01,Remote Sensing Scientists and Technologists,2.64,1.33,3.28,1.72,2.72,3.44,1.5357142857142858,2.7938285714285715,2.6325142857142856,1.624,2.3192,1.9545142857142856
19-3011.00,Economists,1.92,1.0,2.25,1.0,1.46,3.62,1.0442857142857145,2.336028571428572,1.6500571428571429,1.0036,2.096342857142857,1.4406714285714286
19-3011.01,Environmental Economists,1.85,1.0,2.15,1.08,2.15,2.77,1.0,1.69,1.4403,1.017742857142857,2.3392857142857144,1.3456
19-3022.00,Survey Researchers,2.23,1.04,2.92,1.08,2.19,4.0,1.1071428571428572,2.2373142857142856,2.2466285714285714,1.0925714285714283,2.06,2.3749714285714285
19-3032.00,Industrial-Organizational Psychologists,1.77,1.08,2.5,1.04,2.3,3.73,1.25,2.966285714285714,1.9644714285714289,1.0171428571428571,2.748571428571428,1.8897142857142852
19-3033.00,Clinical and Counseling Psychologists,1.48,1.16,1.84,1.0,1.68,3.56,1.0942857142857143,3.136685714285714,2.3184000000000005,1.0377142857142858,2.524285714285714,1.2422857142857144
19-3034.00,School Psychologists,1.66,1.23,2.4,1.03,1.67,4.1,1.0942857142857143,1.7346142857142857,2.476,1.016457142857143,2.7142857142857144,1.1753714285714283
19-3039.02,Neuropsychologists,1.76,1.21,2.92,1.12,2.09,3.92,1.25,2.6896000000000004,2.9158857142857144,1.2288,2.542057142857143,1.9185142857142856
19-3039.03,Clinical Neuropsychologists,1.88,1.12,3.08,1.12,2.38,4.33,1.157142857142857,2.5673714285714286,3.25,1.1071714285714285,2.4522285714285714,1.4114
19-3041.00,Sociologists,1.84,1.3,2.21,1.0,2.21,3.3,1.0206285714285714,2.057142857142857,2.2786428571428567,1.0835714285714286,2.3857142857142857,1.719642857142857
19-3051.00,Urban and Regional Planners,1.4,1.08,1.64,1.0,1.6,3.52,1.12,3.535771428571429,2.200685714285714,1.0054857142857143,2.0342857142857143,2.3184000000000005
19-3091.00,Anthropologists and Archeologists,1.53,1.65,2.74,1.05,2.45,3.7,1.1071428571428572,1.7085714285714286,2.462628571428572,1.1982142857142857,2.2928571428571427,2.0703571428571426
19-3092.00,Geographers,2.0,1.2,2.45,1.3,2.9,3.5,1.0664285714285715,2.2375,2.08,1.2857142857142856,1.9657142857142855,1.5199999999999998
19-3093.00,Historians,1.16,1.91,2.68,1.18,1.97,3.21,1.0206285714285714,1.9608571428571429,2.1203142857142856,1.0611142857142857,1.8914285714285717,1.9772000000000003
19-3094.00,Political Scientists,1.64,1.0,2.16,1.08,1.85,3.27,1.0206285714285714,2.3220714285714283,2.6896000000000004,1.0630857142857142,1.94,1.5258714285714283
19-3099.01,Transportation Planners,1.8,1.05,1.95,1.0,1.9,3.1,1.22,2.8525,2.3635714285714284,1.0278571428571428,2.06,2.245
19-4012.00,Agricultural Technicians,2.69,2.31,3.12,2.88,3.23,3.21,1.8571428571428568,1.9793142857142856,2.499428571428571,2.227942857142857,1.9449142857142856,1.6910285714285715
19-4012.01,Precision Agriculture Technicians,2.39,2.7,3.26,2.17,2.17,3.39,1.8057142857142856,2.3055,2.4335142857142857,2.1191,2.125,1.7556571428571428
19-4013.00,Food Science Technicians,2.31,1.82,4.49,3.57,2.74,4.37,1.7200000000000002,2.3502,2.799314285714286,1.8210714285714285,1.9449142857142856,2.063885714285714
19-4021.00,Biological Technicians,1.78,1.53,3.37,1.91,2.88,3.33,1.8571428571428568,1.9176,2.875314285714285,1.8575714285714284,2.205357142857143,1.4964285714285714
19-4031.00,Chemical Technicians,2.5,1.8,3.62,2.95,2.81,4.35,2.044642857142857,2.6764,3.0931428571428574,2.4056714285714285,2.596342857142857,1.624428571428571
19-4042.00,"Environmental Science and Protection Technicians, Including Health",2.05,2.14,3.14,1.64,1.91,4.27,1.822857142857143,2.7820714285714283,2.4945000000000004,1.885857142857143,2.275,1.6514285714285717
19-4043.00,"Geological Technicians, Except Hydrologic Technicians",2.67,1.9,3.7,1.89,2.68,3.52,1.7485714285714289,1.8702571428571428,2.458685714285714,2.371085714285714,2.044642857142857,1.6688285714285715
19-4051.00,Nuclear Technicians,2.33,3.68,4.32,1.92,2.37,3.54,2.6950857142857143,2.898142857142857,3.915028571428571,3.4731428571428573,2.375,1.2958
19-4051.02,Nuclear Monitoring Technicians,2.06,2.74,3.68,1.4,2.3,3.52,2.422142857142857,3.2466000000000004,3.4811428571428573,1.7945142857142855,2.645714285714285,1.4926285714285714
19-4061.00,Social Science Research Assistants,1.62,1.25,3.84,1.32,2.53,2.85,1.3008,1.5390857142857144,1.801257142857143,1.0648428571428572,1.837942857142857,1.4638857142857145
19-4071.00,Forest and Conservation Technicians,2.31,2.18,3.59,2.31,3.38,3.86,1.7734857142857143,2.619485714285714,2.676,2.3827857142857143,2.096342857142857,2.078042857142857
19-4092.00,Forensic Science Technicians,1.53,3.44,3.45,1.24,2.67,3.92,1.655,2.748571428571428,2.463714285714285,1.8349571428571427,2.044642857142857,1.456
19-4099.01,Quality Control Analysts,1.97,2.36,4.06,2.32,2.94,3.81,2.044642857142857,2.6025714285714283,2.820485714285714,1.8858,2.524285714285714,1.2157857142857142
19-4099.03,Remote Sensing Technicians,2.19,1.26,3.97,1.69,3.45,3.85,1.78,2.5947285714285715,2.635628571428572,2.0917714285714286,2.2308,1.8375
19-5011.00,Occupational Health and Safety Specialists,2.14,2.22,2.83,1.52,2.05,3.57,2.0,3.4210857142857147,3.3995714285714285,1.4721142857142857,2.4971428571428573,2.0428571428571427
19-5012.00,Occupational Health and Safety Technicians,2.37,2.5,2.89,2.37,2.3,3.76,1.8057142857142856,3.52,3.2032,1.6864285714285714,2.205357142857143,2.0123714285714285
21-1011.00,Substance Abuse and Behavioral Disorder Counselors,1.56,1.81,4.11,1.13,1.81,4.46,1.25,3.211457142857143,3.7097,1.588,2.7142857142857144,1.4210714285714283
21-1012.00,"Educational, Guidance, and Career Counselors and Advisors",1.52,1.28,3.44,1.04,2.32,3.76,1.0442857142857145,3.2821857142857143,2.661828571428572,1.0675714285714286,2.524285714285714,1.3514285714285714
21-1013.00,Marriage and Family Therapists,1.38,1.38,1.97,1.0,1.39,4.58,1.0357142857142856,2.7752857142857144,1.988342857142857,1.0164285714285717,2.4971428571428573,1.0115
21-1014.00,Mental Health Counselors,1.32,1.04,2.21,1.11,1.89,3.86,1.0549142857142857,3.2633714285714284,2.258171428571429,1.032457142857143,2.571428571428571,1.5182714285714285
21-1015.00,Rehabilitation Counselors,1.73,1.12,3.47,1.3,2.5,4.16,1.0664285714285715,2.643,2.597028571428572,1.0960857142857143,2.6950857142857143,1.6674142857142855
21-1021.00,"Child, Family, and School Social Workers",2.21,1.39,3.16,1.0,3.34,4.33,1.32,2.879514285714285,3.0562,1.0184,2.596342857142857,1.4249714285714286
21-1022.00,Healthcare Social Workers,1.69,1.59,2.26,1.15,2.04,4.0,1.077942857142857,2.1575714285714285,2.534057142857143,1.0439714285714286,2.2471428571428573,1.7109142857142858
21-1023.00,Mental Health and Substance Abuse Social Workers,1.77,1.23,3.33,1.0,2.44,4.39,1.2857142857142856,2.935,2.517857142857143,1.091,2.7142857142857144,1.432928571428571
21-1091.00,Health Education Specialists,1.57,1.72,3.55,1.11,2.97,3.81,1.2036571428571428,2.694471428571428,2.6888714285714284,1.4508428571428569,2.205357142857143,2.541428571428572
21-1092.00,Probation Officers and Correctional Treatment Specialists,2.66,2.32,4.0,1.36,2.55,4.4,1.3125,3.4504714285714284,2.8744,1.1869,2.524285714285714,1.6489142857142856
21-1093.00,Social and Human Service Assistants,2.23,1.5,3.41,1.46,2.94,4.12,1.197142857142857,2.1201142857142856,2.4614714285714285,1.0828,2.4035714285714285,1.4726
21-1094.00,Community Health Workers,2.21,1.96,3.03,1.19,2.39,3.42,1.3008,2.6414,2.9477714285714285,1.4151142857142855,2.275,2.362914285714286
21-2011.00,Clergy,1.71,1.07,2.87,1.0,2.02,3.87,1.0803571428571428,1.894342857142857,1.8208,1.135042857142857,2.4285714285714284,1.8070857142857144
21-2021.00,"Directors, Religious Activities and Education",1.44,1.01,1.57,1.0,1.59,2.61,1.231428571428571,2.301614285714286,2.274842857142857,1.2856,2.1357142857142857,2.508228571428572
23-1011.00,Lawyers,1.44,1.3,2.91,1.0,1.92,4.18,1.0206285714285714,3.868171428571429,1.766142857142857,1.0792,2.275,1.9477
23-1012.00,Judicial Law Clerks,1.84,1.02,3.5,1.0,2.79,4.07,1.0089285714285714,2.7706,1.3936000000000002,1.0666,1.9285714285714288,1.0029571428571429
23-1021.00,"Administrative Law Judges, Adjudicators, and Hearing Officers",2.15,1.11,4.17,1.02,3.67,4.42,1.0357142857142856,3.5676,1.303257142857143,1.078857142857143,2.4971428571428573,1.1303571428571428
23-1022.00,"Arbitrators, Mediators, and Conciliators",2.1,1.35,2.2,1.0,1.65,3.8,1.0206285714285714,3.608214285714285,1.7714285714285714,1.04,1.9077714285714285,1.178314285714286
23-1023.00,"Judges, Magistrate Judges, and Magistrates",2.13,1.0,3.31,1.0,2.68,4.73,1.0089285714285714,4.093814285714286,1.7300285714285717,1.2117142857142855,2.6950857142857143,1.1089285714285717
23-2011.00,Paralegals and Legal Assistants,1.5,1.03,3.86,1.11,3.66,4.36,1.0803571428571428,2.2932,2.1494857142857144,1.0761285714285715,1.8571428571428568,1.199457142857143
23-2093.00,"Title Examiners, Abstractors, and Searchers",3.03,1.31,4.36,1.14,3.53,4.41,1.0664285714285715,2.924628571428572,2.8565714285714283,1.3416,1.8571428571428568,1.1088857142857145
25-1011.00,"Business Teachers, Postsecondary",2.22,1.01,2.63,1.03,1.41,3.68,1.0357142857142856,2.0170000000000003,1.7233428571428573,1.1596285714285717,2.4971428571428573,1.2132
25-1021.00,"Computer Science Teachers, Postsecondary",1.57,1.13,2.36,1.0,2.42,4.02,1.2000000000000002,2.2800571428571432,2.2218142857142853,1.2524285714285712,2.571428571428571,1.548542857142857
25-1022.00,"Mathematical Science Teachers, Postsecondary",1.62,1.14,2.51,1.02,2.21,3.6,1.0089285714285714,1.416,1.5059428571428572,1.1848,2.645714285714285,1.197142857142857
25-1031.00,"Architecture Teachers, Postsecondary",1.72,1.13,1.94,1.68,2.12,3.47,1.157142857142857,2.138242857142857,2.59,1.7117714285714287,2.6185714285714288,1.7115714285714287
25-1032.00,"Engineering Teachers, Postsecondary",1.32,1.24,2.22,1.41,2.13,3.55,1.2363428571428572,2.0141714285714283,2.418971428571429,1.6774857142857142,2.4008000000000003,2.103628571428572
25-1041.00,"Agricultural Sciences Teachers, Postsecondary",1.52,1.34,2.55,1.02,1.89,3.58,1.197142857142857,2.358657142857143,3.1588,1.6104714285714286,2.748571428571428,2.2790714285714286
25-1042.00,"Biological Science Teachers, Postsecondary",1.35,1.25,2.28,1.01,1.95,4.05,1.1071428571428572,2.4493285714285715,3.231742857142857,1.4386,2.596342857142857,1.7335714285714283
25-1043.00,"Forestry and Conservation Science Teachers, Postsecondary",1.39,1.25,2.16,1.0,2.26,3.85,1.24,1.8243857142857145,3.514457142857143,1.2510285714285714,2.596342857142857,1.6343142857142858
25-1051.00,"Atmospheric, Earth, Marine, and Space Sciences Teachers, Postsecondary",1.51,1.37,3.13,1.01,2.43,3.68,1.1071428571428572,1.6837999999999995,2.2693714285714286,1.5502000000000002,2.542057142857143,1.6837
25-1052.00,"Chemistry Teachers, Postsecondary",1.52,1.27,3.12,1.05,1.91,3.78,1.268571428571429,1.8556857142857144,2.0177428571428573,1.3859,2.7142857142857144,1.6683714285714286
25-1053.00,"Environmental Science Teachers, Postsecondary",1.64,1.48,2.31,1.15,2.36,3.59,1.0942857142857143,2.0585,3.0507142857142857,1.548542857142857,2.645714285714285,1.9305142857142856
25-1054.00,"Physics Teachers, Postsecondary",1.55,1.3,2.29,1.19,1.84,3.69,1.231428571428571,1.923928571428572,2.5696000000000003,1.7269571428571426,2.4971428571428573,1.5821714285714288
25-1061.00,"Anthropology and Archeology Teachers, Postsecondary",1.36,2.0,2.64,1.23,2.18,3.41,1.0089285714285714,1.8431285714285717,2.0464,1.2184,2.748571428571428,1.5680285714285715
25-1062.00,"Area, Ethnic, and Cultural Studies Teachers, Postsecondary",1.38,1.1,1.76,1.01,1.9,4.03,1.0206285714285714,1.7843142857142855,1.8569285714285717,1.0392142857142856,2.1750857142857143,1.5882999999999998
25-1063.00,"Economics Teachers, Postsecondary",1.78,1.02,2.14,1.02,2.09,3.38,1.12,1.5682857142857145,2.442971428571429,1.1508142857142858,2.0342857142857143,1.2448
25-1064.00,"Geography Teachers, Postsecondary",1.54,1.26,2.3,1.07,2.4,3.76,1.0271428571428571,1.7035428571428572,2.054971428571428,1.3164142857142855,2.1750857142857143,1.4697999999999998
25-1065.00,"Political Science Teachers, Postsecondary",1.18,1.16,1.98,1.0,2.57,3.57,1.0089285714285714,1.6528,1.5901428571428569,1.0147857142857142,2.0342857142857143,1.3315714285714284
25-1066.00,"Psychology Teachers, Postsecondary",1.95,1.1,3.0,1.0,2.39,3.39,1.0206285714285714,2.5996,2.5280571428571426,1.1563428571428571,2.3857142857142857,1.5495285714285716
25-1067.00,"Sociology Teachers, Postsecondary",1.4,1.01,3.17,1.02,2.74,3.72,1.0206285714285714,1.9715,2.4246,1.057742857142857,2.524285714285714,1.2464
25-1071.00,"Health Specialties Teachers, Postsecondary",1.57,1.27,2.15,1.03,2.67,3.79,1.1734857142857142,2.3730571428571428,2.5246,1.7398857142857145,2.4522285714285714,1.511628571428571
25-1072.00,"Nursing Instructors and Teachers, Postsecondary",2.08,1.93,3.37,1.16,2.7,3.8,1.2857142857142856,3.277257142857143,3.5508571428571427,1.4011428571428572,2.6950857142857143,1.6007714285714283
25-1081.00,"Education Teachers, Postsecondary",1.5,1.38,3.39,1.15,3.49,3.52,1.0089285714285714,2.415314285714285,2.8564,1.0034714285714286,2.645714285714285,1.5797714285714286
25-1082.00,"Library Science Teachers, Postsecondary",1.39,1.02,1.95,1.11,3.36,3.58,1.0357142857142856,2.1392,1.8217857142857143,1.1276,2.765714285714286,1.366857142857143
25-1111.00,"Criminal Justice and Law Enforcement Teachers, Postsecondary",2.05,1.58,3.03,1.04,2.41,3.72,1.0357142857142856,2.0512,1.9523571428571431,1.1088,2.645714285714285,1.3614285714285714
25-1112.00,"Law Teachers, Postsecondary",1.53,1.04,1.83,1.04,2.01,3.45,1.0357142857142856,2.468142857142857,1.9666428571428571,1.0432,2.275,1.2778285714285715
25-1113.00,"Social Work Teachers, Postsecondary",1.54,1.04,2.11,1.14,2.14,3.51,1.0357142857142856,2.5158,2.5120000000000005,1.1446571428571428,2.524285714285714,1.2827857142857142
25-1121.00,"Art, Drama, and Music Teachers, Postsecondary",1.23,1.4,2.39,1.04,2.66,3.41,1.0357142857142856,1.610442857142857,2.2042,1.8662142857142856,2.524285714285714,1.7261428571428572
25-1122.00,"Communications Teachers, Postsecondary",1.74,1.16,2.24,1.14,2.47,3.74,1.0803571428571428,2.2482285714285712,2.5526142857142853,1.2237714285714285,2.524285714285714,1.232885714285714
25-1123.00,"English Language and Literature Teachers, Postsecondary",1.62,1.0,2.62,1.04,1.74,3.78,1.0089285714285714,1.6026571428571428,2.1639142857142857,1.163,2.4971428571428573,1.4551857142857143
25-1124.00,"Foreign Language and Literature Teachers, Postsecondary",1.37,1.03,1.42,1.05,1.5,3.27,1.0357142857142856,1.3869142857142858,1.996142857142857,1.1105714285714283,2.4522285714285714,1.0396
25-1125.00,"History Teachers, Postsecondary",1.41,1.02,3.2,1.0,2.91,3.78,1.0206285714285714,1.621714285714286,2.3126285714285717,1.0696571428571429,2.4971428571428573,1.4751999999999998
25-1126.00,"Philosophy and Religion Teachers, Postsecondary",1.75,1.0,2.62,1.0,2.37,3.64,1.0357142857142856,2.0465714285714283,1.8866,1.083257142857143,2.2471428571428573,1.3971142857142858
25-1192.00,"Family and Consumer Sciences Teachers, Postsecondary",2.58,1.73,3.31,1.58,2.01,4.05,1.0549142857142857,2.3445142857142858,2.2809285714285714,1.1864285714285714,2.4285714285714284,1.598557142857143
25-1193.00,"Recreation and Fitness Studies Teachers, Postsecondary",1.86,1.52,2.77,1.07,2.41,3.58,1.1408,2.440642857142857,1.8731714285714285,1.1268571428571428,2.571428571428571,1.972214285714286
25-1194.00,"Career/Technical Education Teachers, Postsecondary",1.79,1.56,2.96,1.36,2.12,3.52,1.4928571428571429,2.6056857142857144,2.395514285714285,2.3289142857142853,2.4971428571428573,2.0518857142857145
25-2011.00,"Preschool Teachers, Except Special Education",1.56,1.17,2.01,1.0,2.53,3.07,1.1071428571428572,1.8325,1.8646428571428573,1.0226285714285714,2.375,1.5169428571428571
25-2012.00,"Kindergarten Teachers, Except Special Education",1.68,1.52,2.45,1.28,2.7,3.74,1.157142857142857,2.307785714285714,2.2528,1.1702714285714286,2.7142857142857144,1.4382857142857142
25-2021.00,"Elementary School Teachers, Except Special Education",1.91,1.22,2.42,1.03,2.22,3.76,1.1257142857142857,1.7824857142857145,2.0338857142857147,1.0412571428571429,2.7142857142857144,1.3328000000000002
25-2022.00,"Middle School Teachers, Except Special and Career/Technical Education",1.42,1.33,3.22,1.01,2.34,3.32,1.1408,2.569257142857143,2.771785714285714,1.2067,2.596342857142857,1.2585714285714285
25-2023.00,"Career/Technical Education Teachers, Middle School",1.31,1.19,2.78,1.44,1.82,3.88,1.25,2.4297714285714287,2.6992,1.637,2.5428571428571427,2.063228571428572
25-2031.00,"Secondary School Teachers, Except Special and Career/Technical Education",1.37,1.47,2.26,1.12,1.99,3.28,1.0664285714285715,2.3838,2.1984142857142857,1.1550571428571428,2.645714285714285,1.5192714285714284
25-2032.00,"Career/Technical Education Teachers, Secondary School",1.41,2.27,3.13,1.66,2.43,3.95,1.394285714285714,2.6918285714285712,2.9511142857142856,2.345485714285714,2.7142857142857144,2.430314285714286
25-2051.00,"Special Education Teachers, Preschool",1.55,1.78,2.41,1.07,3.06,3.09,1.1339285714285714,2.4233714285714285,2.6225,1.1719285714285714,2.571428571428571,1.2535857142857143
25-2056.00,"Special Education Teachers, Elementary School",1.41,1.37,2.37,1.02,2.02,3.5,1.1071428571428572,2.758,3.0646,1.0820285714285711,2.4522285714285714,1.2931428571428571
25-2057.00,"Special Education Teachers, Middle School",1.33,1.54,3.03,1.0,2.4,3.92,1.0206285714285714,1.9,2.1888571428571426,1.1531571428571428,2.596342857142857,1.4834285714285715
25-2058.00,"Special Education Teachers, Secondary School",1.47,1.34,2.41,1.04,2.21,3.82,1.157142857142857,2.6968428571428573,3.478,1.2808000000000002,2.645714285714285,1.3342857142857143
25-2059.01,Adapted Physical Education Specialists,1.2,1.86,2.19,1.1,2.55,3.38,1.32,2.3716,2.4076,1.072,2.596342857142857,1.2507142857142857
25-3011.00,"Adult Basic Education, Adult Secondary Education, and English as a Second Language Instructors",1.54,1.32,2.7,1.09,2.36,3.21,1.1408,1.8824285714285716,1.9004285714285716,1.1536,2.4522285714285714,1.2619
25-3021.00,Self-Enrichment Teachers,1.41,1.25,2.9,1.27,1.89,2.76,1.1734857142857142,1.5019857142857145,2.397,1.1159,1.9449142857142856,1.1691
25-3031.00,"Substitute Teachers, Short-Term",1.59,1.0,2.85,1.17,2.62,2.92,1.0535714285714286,1.6749142857142858,2.7269714285714284,1.1916571428571427,2.1492,1.2635285714285716
25-3041.00,Tutors,1.48,1.09,2.1,1.14,2.05,3.5,1.0271428571428571,1.4827142857142857,2.014971428571428,1.0775285714285714,2.25,1.2402142857142855
25-4011.00,Archivists,2.14,2.0,3.72,1.17,2.97,2.94,1.147857142857143,2.502614285714285,2.155828571428572,1.282857142857143,1.8914285714285717,2.466014285714285
25-4012.00,Curators,1.38,1.5,2.53,1.1,2.45,3.24,1.1339285714285714,2.1649857142857143,2.4701,1.2950142857142857,2.36,2.2864
25-4013.00,Museum Technicians and Conservators,1.44,2.21,3.23,1.26,2.26,3.45,1.4285714285714286,1.6265999999999998,2.711542857142857,1.9737428571428568,1.9842857142857144,1.4839285714285713
25-4022.00,Librarians and Media Collections Specialists,2.42,1.61,2.91,1.09,2.63,3.53,1.1339285714285714,1.8655428571428567,2.033714285714286,1.174,2.1492,2.251428571428572
25-4031.00,Library Technicians,2.66,1.45,4.15,1.4,3.61,3.48,1.1257142857142857,1.6700714285714289,2.0812,1.2792857142857144,1.7734857142857143,1.6587428571428573
25-9021.00,Farm and Home Management Educators,1.59,1.7,2.3,1.07,2.0,3.22,1.3785714285714286,2.0418142857142856,2.3014,1.328642857142857,2.36,2.4246
25-9031.00,Instructional Coordinators,1.18,1.06,2.69,1.0,2.22,3.63,1.1107142857142858,2.807157142857143,2.753757142857143,1.0642857142857145,2.821428571428571,2.2107142857142854
25-9042.00,"Teaching Assistants, Preschool, Elementary, Middle, and Secondary School, Except Special Education",2.07,1.63,2.9,1.4,2.62,2.45,1.197142857142857,2.5042857142857144,2.991142857142857,1.1116,2.1492,1.2757142857142858
25-9043.00,"Teaching Assistants, Special Education",1.09,1.34,1.76,1.0,1.94,3.07,1.077942857142857,2.0292285714285714,2.482757142857143,1.1134,2.216428571428572,1.1621714285714286
25-9044.00,"Teaching Assistants, Postsecondary",1.31,1.58,2.55,1.02,2.49,3.46,1.1785714285714286,1.862857142857143,2.248,1.1670285714285713,1.9842857142857144,1.168942857142857
27-1011.00,Art Directors,1.97,1.04,3.34,2.23,3.92,4.76,1.1071428571428572,1.7225,1.729142857142857,1.119,2.1635714285714283,1.2030571428571428
27-1012.00,Craft Artists,1.48,1.39,3.0,1.26,3.65,2.65,1.2857142857142856,1.4281428571428572,2.4685714285714284,2.5016142857142856,1.8571428571428568,2.0912
27-1013.00,"Fine Artists, Including Painters, Sculptors, and Illustrators",1.6,1.01,2.63,1.17,3.57,3.34,1.394285714285714,1.1396428571428572,2.0495714285714284,1.8316,1.7200000000000002,1.4351
27-1014.00,Special Effects Artists and Animators,2.04,1.05,2.78,1.99,2.97,4.45,1.268571428571429,2.2722285714285717,2.089785714285714,1.739442857142857,1.9285714285714288,1.1786
27-1021.00,Commercial and Industrial Designers,1.95,1.59,3.67,1.4,2.65,4.03,1.4928571428571429,2.3505714285714285,2.4118,1.8096,2.1357142857142857,1.6458857142857144
27-1022.00,Fashion Designers,2.05,1.49,2.94,2.66,3.0,4.09,1.28,1.4739428571428572,1.9325714285714288,1.487542857142857,2.2928571428571427,2.071757142857143
27-1023.00,Floral Designers,1.73,1.62,2.71,1.0,3.39,4.13,1.0135714285714286,1.1068571428571428,2.4701428571428568,1.0657,1.822857142857143,2.0669
27-1024.00,Graphic Designers,1.67,1.05,3.58,1.37,3.74,4.65,1.25,1.842857142857143,1.7842857142857145,1.4900000000000002,1.8914285714285717,1.5335142857142856
27-1025.00,Interior Designers,2.04,1.16,2.88,1.12,2.36,4.16,1.268571428571429,3.0548,2.6956857142857142,1.147857142857143,1.9449142857142856,1.9292571428571428
27-1026.00,Merchandise Displayers and Window Trimmers,1.46,2.17,2.83,1.15,3.13,3.77,1.1071428571428572,1.9955428571428573,2.0305,1.4457142857142855,1.7200000000000002,1.4702285714285714
27-1027.00,Set and Exhibit Designers,1.71,1.9,2.33,1.05,2.29,4.19,1.268571428571429,1.5165142857142857,2.101,1.239142857142857,2.06,1.789485714285714
27-2011.00,Actors,1.35,1.89,2.59,1.22,2.41,4.59,1.0089285714285714,1.0636,1.7467428571428574,1.0486,1.8571428571428568,1.1345714285714286
27-2012.00,Producers and Directors,1.48,1.42,2.68,1.49,2.72,4.36,1.3785714285714286,2.1369571428571428,2.915714285714285,1.637257142857143,2.821428571428571,1.828
27-2012.03,Media Programming Directors,2.56,1.25,3.71,2.07,3.0,3.97,1.4691999999999998,2.542642857142857,2.5756428571428573,1.6345999999999998,2.596342857142857,1.669342857142857
27-2012.04,Talent Directors,1.73,1.02,2.31,1.06,2.54,3.66,1.0271428571428571,1.1830571428571428,1.3566571428571428,1.0977142857142856,2.2308,1.5472571428571429
27-2012.05,Media Technical Directors/Managers,1.99,1.45,3.79,2.76,2.48,4.86,2.044642857142857,2.257142857142857,3.072571428571428,2.138628571428572,2.98,1.5986285714285713
27-2021.00,Athletes and Sports Competitors,1.63,1.62,3.68,1.59,3.92,3.87,1.3706285714285715,2.2765142857142857,2.250357142857143,2.369285714285714,1.9642857142857144,2.110642857142857
27-2022.00,Coaches and Scouts,1.44,1.38,2.35,1.28,2.66,3.67,1.2857142857142856,1.9107857142857143,2.2384,1.102,3.117142857142857,2.095428571428571
27-2023.00,"Umpires, Referees, and Other Sports Officials",1.43,1.24,2.62,1.32,2.48,3.05,1.0803571428571428,2.478428571428571,1.7599428571428573,1.0292285714285714,1.9449142857142856,1.0835714285714286
27-2031.00,Dancers,1.85,2.15,3.71,1.67,4.38,2.94,1.0206285714285714,1.2071428571428573,1.38,1.034357142857143,1.8057142857142856,1.0212142857142856
27-2032.00,Choreographers,1.1,1.52,2.9,1.2,4.19,3.9,1.0357142857142856,1.2239285714285717,1.6742857142857144,1.0583571428571428,2.4732142857142856,1.7695
27-2041.00,Music Directors and Composers,1.35,1.11,3.35,1.15,3.37,3.92,1.0135714285714286,1.369,1.5677714285714286,1.0677571428571428,2.1635714285714283,2.038
27-2042.00,Musicians and Singers,1.06,1.97,3.45,1.76,3.26,3.76,1.24,1.648,1.9551714285714288,1.1501,1.9257142857142855,1.170742857142857
27-3011.00,Broadcast Announcers and Radio Disc Jockeys,2.58,1.54,3.4,2.66,2.53,4.85,1.32,2.52,2.608,1.1967142857142856,1.8914285714285717,1.1423285714285714
27-3023.00,"News Analysts, Reporters, and Journalists",2.04,1.76,3.04,1.7,2.91,4.89,1.147857142857143,2.0028571428571427,2.1816142857142857,1.127,1.8914285714285717,1.1550571428571428
27-3031.00,Public Relations Specialists,2.14,1.14,2.36,1.09,2.29,4.55,1.0549142857142857,1.7914285714285714,1.8932142857142853,1.0349714285714289,2.0,2.4301
27-3041.00,Editors,1.77,1.17,4.05,1.05,3.38,4.57,1.1885714285714286,1.8915571428571427,1.8528,1.1810285714285715,1.9657142857142855,1.2898714285714283
27-3042.00,Technical Writers,2.07,1.02,4.52,1.23,4.01,4.23,1.0357142857142856,2.321485714285714,2.004342857142857,1.1869,1.8571428571428568,1.1956285714285717
27-3043.00,Writers and Authors,1.31,1.86,3.13,1.01,2.17,4.7,1.0,1.1889285714285711,1.2619142857142855,1.0014571428571428,1.8571428571428568,1.0928571428571427
27-3043.05,"Poets, Lyricists and Creative Writers",1.33,1.09,3.77,1.1,3.38,3.18,1.0089285714285714,1.4209142857142858,1.2714285714285714,1.0974285714285714,1.75,1.2157857142857142
27-3091.00,Interpreters and Translators,1.8,1.53,4.46,1.59,2.62,4.02,1.197142857142857,2.579414285714286,2.618028571428572,1.1724142857142856,2.4035714285714285,1.3370714285714285
27-3092.00,Court Reporters and Simultaneous Captioners,2.35,1.36,3.85,1.83,3.72,4.43,1.2036571428571428,1.3224285714285715,1.5691428571428572,1.3596,1.8571428571428568,1.0412285714285714
27-4011.00,Audio and Video Technicians,1.68,1.93,4.1,2.45,3.12,3.88,2.1142857142857143,2.2025,2.480457142857143,2.2785714285714285,2.327857142857143,1.7774
27-4012.00,Broadcast Technicians,2.69,2.29,3.07,2.24,2.21,3.92,2.2928571428571427,2.3520000000000003,2.746685714285714,2.335314285714285,2.2928571428571427,1.8145
27-4014.00,Sound Engineering Technicians,2.0,1.76,3.25,1.52,3.56,4.2,2.0028571428571427,1.8064,2.602,2.0028571428571427,2.023657142857143,1.5587714285714285
27-4021.00,Photographers,1.86,1.81,3.05,1.45,3.05,3.91,1.5207142857142857,1.660685714285714,2.5227142857142857,1.793,1.9449142857142856,2.422
27-4031.00,"Camera Operators, Television, Video, and Film",1.8,2.39,3.54,2.03,3.32,3.91,1.8057142857142856,1.560042857142857,2.597514285714285,2.5536571428571424,1.9449142857142856,1.286
27-4032.00,Film and Video Editors,2.09,1.35,2.76,1.19,2.24,4.7,1.3785714285714286,2.3514285714285714,2.2194571428571432,1.4174714285714285,1.8571428571428568,1.3346714285714285
29-1011.00,Chiropractors,2.07,1.04,4.26,1.13,3.7,3.58,1.2036571428571428,2.720285714285714,2.6628857142857143,1.9273428571428568,2.023657142857143,2.7835714285714284
29-1021.00,"Dentists, General",2.03,3.36,4.26,1.78,4.61,3.78,1.655,3.513442857142857,3.165571428571428,3.325085714285714,2.7142857142857144,2.5748
29-1022.00,Oral and Maxillofacial Surgeons,1.72,2.28,3.29,1.26,3.4,3.58,1.595,2.8831857142857142,3.1164,2.5995,2.596342857142857,2.5193571428571437
29-1023.00,Orthodontists,2.11,1.11,3.68,2.17,3.39,4.34,1.5892857142857142,2.3564857142857143,3.0425,1.6340714285714286,2.7142857142857144,2.812
29-1024.00,Prosthodontists,1.74,2.11,3.96,1.41,4.22,3.85,1.6665142857142858,3.019742857142857,3.625857142857143,2.7358,2.4035714285714285,2.5774
29-1031.00,Dietitians and Nutritionists,1.72,1.2,2.5,1.1,1.72,3.83,1.22,2.52,2.2493,1.0855571428571429,2.6950857142857143,1.8091428571428567
29-1041.00,Optometrists,2.3,1.75,3.95,1.35,3.65,4.05,1.3392000000000002,2.914,3.342714285714285,2.0656,2.125,2.411314285714286
29-1051.00,Pharmacists,2.64,1.19,4.49,1.53,4.05,4.67,1.3571428571428572,2.9872571428571435,3.1490000000000005,1.8307,2.8514285714285714,2.231642857142857
29-1071.00,Physician Assistants,1.54,1.89,3.16,1.16,2.49,4.35,1.3571428571428572,3.0196,3.3028000000000004,1.5176714285714286,2.645714285714285,1.602142857142857
29-1071.01,Anesthesiologist Assistants,1.52,2.6,3.89,2.25,3.19,3.8,2.19,2.837714285714286,3.7474571428571433,2.6502142857142856,2.524285714285714,1.4428
29-1081.00,Podiatrists,1.82,1.96,3.45,1.02,2.88,4.38,1.4017857142857142,2.5048000000000004,2.721228571428572,1.7073857142857145,2.645714285714285,2.399142857142857
29-1122.00,Occupational Therapists,1.14,1.77,2.68,1.0,2.09,3.95,1.3392000000000002,2.7691142857142856,3.0828571428571427,1.4867285714285714,2.782857142857143,1.6514285714285717
29-1122.01,"Low Vision Therapists, Orientation and Mobility Specialists, and Vision Rehabilitation Therapists",1.3,1.61,2.04,1.0,1.96,2.96,1.4017857142857142,2.1414857142857144,2.899857142857143,1.0846857142857145,2.571428571428571,1.3114285714285714
29-1123.00,Physical Therapists,1.31,1.77,3.75,1.15,3.04,4.24,1.3785714285714286,2.815714285714285,3.0785714285714283,1.473,2.596342857142857,1.3654
29-1124.00,Radiation Therapists,2.92,2.72,4.68,3.8,4.01,4.46,2.1492,2.9217142857142857,3.435742857142857,4.0445714285714285,2.086428571428572,1.6485142857142856
29-1125.00,Recreational Therapists,1.61,1.65,2.63,1.24,2.34,3.68,1.1607142857142858,2.273628571428572,2.3464,1.1767285714285711,2.3192,2.1448
29-1126.00,Respiratory Therapists,2.38,3.23,3.63,1.96,2.81,4.09,1.8571428571428568,2.9596428571428577,3.4369857142857145,3.0336,2.596342857142857,1.5789714285714287
29-1127.00,Speech-Language Pathologists,1.57,1.36,2.63,1.46,1.91,4.59,1.3008,3.117142857142857,2.7834000000000003,1.0364285714285717,2.6950857142857143,1.0193857142857143
29-1128.00,Exercise Physiologists,1.64,1.64,2.95,1.41,2.59,3.14,1.3808,2.1568,2.4294857142857142,1.936,2.571428571428571,1.4857142857142858
29-1129.01,Art Therapists,1.32,1.62,2.39,1.03,2.1,3.68,1.16,2.6878571428571423,3.142857142857143,1.0992,2.645714285714285,1.7493714285714288
29-1129.02,Music Therapists,1.19,1.92,2.65,1.23,3.28,3.42,1.268571428571429,2.156,2.7394,1.1810285714285715,2.571428571428571,1.6072
29-1131.00,Veterinarians,1.79,2.92,3.17,1.64,2.96,4.21,1.4249999999999998,2.1195142857142857,3.1637,1.592,2.205357142857143,1.359985714285714
29-1141.00,Registered Nurses,2.38,2.0,3.94,1.43,2.65,3.99,1.822857142857143,3.0608714285714287,3.511,1.6377142857142857,2.571428571428571,1.351785714285714
29-1141.01,Acute Care Nurses,1.48,3.26,3.62,1.76,3.1,4.52,1.8914285714285717,2.5574285714285714,3.022857142857143,1.8045714285714285,2.821428571428571,2.047857142857143
29-1141.02,Advanced Practice Psychiatric Nurses,1.82,1.13,3.05,1.3,2.74,4.35,1.25,3.134842857142857,2.8824571428571426,1.0906285714285715,2.7142857142857144,1.5862857142857143
29-1141.03,Critical Care Nurses,1.79,3.52,3.5,1.74,2.7,4.25,2.0608,2.6282428571428573,3.621971428571429,2.3485714285714288,2.782857142857143,1.7471142857142858
29-1141.04,Clinical Nurse Specialists,1.52,2.48,2.95,1.33,2.52,3.48,1.6875,3.154428571428572,3.754,1.422014285714286,2.7142857142857144,1.9945
29-1151.00,Nurse Anesthetists,2.23,3.22,4.15,1.85,3.07,4.11,2.044642857142857,3.498614285714286,4.222742857142857,2.9420714285714284,2.7142857142857144,2.390914285714286
29-1161.00,Nurse Midwives,1.62,3.03,3.09,1.09,2.52,3.82,1.4179428571428572,3.2230000000000003,3.772,1.4869428571428571,2.765714285714286,1.6685714285714286
29-1171.00,Nurse Practitioners,2.04,2.29,3.48,1.18,2.73,4.09,1.4192,3.2536,3.2837000000000005,1.358142857142857,2.765714285714286,1.7472142857142856
29-1181.00,Audiologists,2.14,1.55,2.41,1.23,2.29,3.55,1.8571428571428568,3.0522142857142853,2.704857142857142,2.335642857142857,2.6185714285714288,2.378914285714286
29-1211.00,Anesthesiologists,2.35,2.91,3.78,1.99,2.26,4.0,2.354914285714286,3.6781,3.885142857142858,3.637714285714286,2.9522285714285714,1.7473714285714288
29-1213.00,Dermatologists,1.69,1.79,2.47,1.04,2.39,3.81,1.197142857142857,1.9815142857142856,2.7843142857142853,1.2136,2.3857142857142857,1.9561142857142857
29-1214.00,Emergency Medicine Physicians,1.7,2.53,3.6,1.2,2.67,4.2,1.5357142857142858,2.4454,3.324442857142857,1.8103428571428573,2.894285714285714,1.7174285714285713
29-1215.00,Family Medicine Physicians,2.33,1.01,2.77,1.04,1.5,4.72,1.3392000000000002,3.269157142857143,3.3649285714285715,1.0165714285714285,2.7142857142857144,1.009
29-1216.00,General Internal Medicine Physicians,2.22,1.58,3.64,1.68,2.36,4.08,1.268571428571429,2.975828571428571,3.413028571428571,1.6900857142857144,2.645714285714285,1.2853714285714286
29-1217.00,Neurologists,1.7,1.23,3.1,1.36,1.94,4.27,1.32,3.3458,4.101357142857143,1.5043714285714285,2.98,2.4017714285714287
29-1218.00,Obstetricians and Gynecologists,1.96,1.97,3.02,1.4,2.34,3.92,1.32,2.881342857142857,3.3908,2.3224857142857145,2.7142857142857144,1.9352
29-1221.00,"Pediatricians, General",1.56,1.5,2.68,1.02,2.58,3.14,1.1734857142857142,2.354342857142857,2.75,1.0919285714285714,2.7142857142857144,1.504
29-1222.00,"Physicians, Pathologists",2.23,1.35,4.1,2.27,3.88,4.9,1.3785714285714286,3.225142857142857,3.2974,1.9092857142857145,2.4285714285714284,2.175428571428572
29-1223.00,Psychiatrists,1.64,1.22,2.41,1.07,1.92,4.05,1.0664285714285715,2.621928571428571,2.9414857142857143,1.0984285714285715,2.765714285714286,1.4318
29-1224.00,Radiologists,2.26,1.3,4.43,1.19,4.21,4.43,2.023657142857143,3.1201428571428567,3.5613428571428574,2.1687000000000003,2.821428571428571,1.4701714285714285
29-1229.01,Allergists and Immunologists,1.84,1.49,3.18,1.47,2.84,4.04,1.3008,2.965171428571429,3.2792,1.0562285714285715,2.765714285714286,1.7574999999999998
29-1229.02,Hospitalists,1.72,1.83,2.92,1.24,2.13,4.44,1.16,2.8825142857142856,3.811428571428572,1.314742857142857,2.877142857142857,2.184914285714286
29-1229.03,Urologists,2.37,1.44,4.42,2.33,1.84,4.77,1.8571428571428568,3.342714285714285,3.971257142857143,3.2032857142857143,2.645714285714285,2.642257142857143
29-1229.04,Physical Medicine and Rehabilitation Physicians,1.69,1.83,3.1,1.36,2.24,4.03,1.3392000000000002,3.085942857142857,3.366057142857143,2.1182857142857143,2.7207142857142856,2.0782857142857143
29-1229.05,Preventive Medicine Physicians,1.89,1.47,2.33,1.29,2.0,3.95,1.077942857142857,3.389157142857143,3.3833571428571427,1.1044,3.0592,2.1449285714285717
29-1229.06,Sports Medicine Physicians,1.45,2.62,3.11,1.09,1.88,3.87,1.837942857142857,2.332171428571429,4.0184,1.6155714285714284,2.729371428571429,1.8678571428571429
29-1241.00,"Ophthalmologists, Except Pediatric",1.27,2.88,4.13,1.0,3.7,4.61,1.7142857142857144,2.961142857142857,3.7679999999999993,3.351285714285713,2.7142857142857144,2.091942857142857
29-1291.00,Acupuncturists,1.18,1.93,3.04,1.04,3.21,3.03,1.0885714285714283,2.002,2.2091857142857143,1.0927142857142855,2.125,1.905
29-1292.00,Dental Hygienists,1.71,2.11,4.3,1.41,5.0,3.74,1.7734857142857143,2.693957142857143,2.8194142857142857,1.804,1.9085714285714288,1.6978857142857142
29-1299.01,Naturopathic Physicians,1.64,1.24,2.64,1.08,2.04,3.88,1.25,2.2637714285714283,3.1357714285714287,1.2194285714285713,2.36,2.403442857142857
29-1299.02,Orthoptists,1.48,1.44,3.37,1.11,3.19,3.56,1.268571428571429,1.8092,2.1448,1.1733714285714285,2.1357142857142857,1.1733714285714285
29-2011.00,Medical and Clinical Laboratory Technologists,3.27,2.01,4.38,3.03,3.44,4.36,2.4522285714285714,3.772228571428572,3.954457142857143,2.6113,2.3857142857142857,1.8431285714285717
29-2011.01,Cytogenetic Technologists,2.71,1.32,4.71,1.86,4.33,4.81,1.7036571428571428,2.4971428571428573,2.7240571428571427,2.2192,2.023657142857143,1.8125
29-2011.02,Cytotechnologists,2.5,1.5,4.5,1.41,4.68,3.77,1.6364285714285711,2.2880000000000003,2.098742857142857,1.608742857142857,1.8571428571428568,1.4118428571428572
29-2011.04,Histotechnologists,2.81,1.67,4.45,2.8,4.71,4.86,1.9642857142857144,2.3395,2.5377142857142854,2.380457142857143,2.19,1.729142857142857
29-2012.00,Medical and Clinical Laboratory Technicians,3.12,2.35,4.33,2.91,3.89,3.78,1.9085714285714288,3.143885714285714,3.2911428571428574,2.443085714285714,1.9449142857142856,1.4711714285714286
29-2012.01,Histology Technicians,3.04,2.0,4.33,2.87,4.76,4.46,1.6391999999999998,2.2710857142857144,2.6950857142857143,2.4854857142857143,2.044642857142857,1.767542857142857
29-2031.00,Cardiovascular Technologists and Technicians,2.07,2.73,4.11,2.68,4.03,4.3,2.225714285714286,2.6878,2.956428571428572,2.824942857142857,2.4732142857142856,1.414
29-2032.00,Diagnostic Medical Sonographers,2.02,2.85,4.66,1.74,4.72,4.02,1.9449142857142856,2.585285714285714,2.8270428571428567,2.529457142857143,2.1607142857142856,1.2562857142857142
29-2033.00,Nuclear Medicine Technologists,2.49,2.12,3.48,3.23,2.53,4.1,1.872228571428572,2.839642857142857,2.98,2.702057142857143,2.25,1.836185714285714
29-2034.00,Radiologic Technologists and Technicians,2.39,2.39,3.89,2.13,3.69,3.66,1.7934857142857146,2.1186,3.0424857142857142,2.8724,2.105,1.386442857142857
29-2035.00,Magnetic Resonance Imaging Technologists,2.59,1.57,4.0,3.73,3.36,3.91,2.265085714285714,2.7871428571428574,2.839428571428571,2.646228571428572,2.4732142857142856,1.760757142857143
29-2036.00,Medical Dosimetrists,2.65,1.05,4.21,2.45,3.85,5.0,1.5785714285714287,2.961071428571429,2.573714285714286,1.4457142857142855,2.2928571428571427,1.1928571428571428
29-2051.00,Dietetic Technicians,2.75,2.46,3.37,1.41,3.19,4.31,1.6875,2.6238,2.8792,1.990514285714286,2.1750857142857143,2.025857142857143
29-2052.00,Pharmacy Technicians,2.44,1.73,4.39,2.29,4.06,4.26,1.3571428571428572,2.749285714285714,2.928914285714286,1.7350857142857143,1.9449142857142856,1.8784428571428573
29-2053.00,Psychiatric Technicians,2.16,1.5,2.95,1.2,2.32,3.46,1.268571428571429,2.112571428571429,2.9538571428571427,1.0583,2.7142857142857144,1.2588142857142857
29-2055.00,Surgical Technologists,1.89,3.09,4.01,1.89,3.68,3.82,1.9642857142857144,3.3060571428571426,3.1944571428571424,2.1018428571428576,2.375,1.764342857142857
29-2056.00,Veterinary Technologists and Technicians,1.98,3.1,3.4,1.52,2.83,3.96,1.7385714285714284,2.2201000000000004,3.667057142857143,2.081457142857143,2.125,1.8237142857142856
29-2057.00,Ophthalmic Medical Technicians,2.73,1.64,3.62,1.23,3.82,3.32,1.32,2.0812,2.071,1.6055,1.8571428571428568,1.3759142857142856
29-2061.00,Licensed Practical and Licensed Vocational Nurses,2.21,1.65,3.9,1.77,3.27,4.38,1.5785714285714287,2.5429142857142857,3.3693,1.6279999999999997,2.645714285714285,1.435542857142857
29-2081.00,"Opticians, Dispensing",2.29,1.33,3.88,1.92,2.71,4.04,1.51,3.4714285714285715,2.418542857142857,2.239871428571429,1.8571428571428568,2.572685714285714
29-2091.00,Orthotists and Prosthetists,1.71,2.05,3.0,1.71,2.43,4.29,1.822857142857143,2.875357142857143,2.677842857142857,2.658085714285714,2.275,2.453642857142857
29-2092.00,Hearing Aid Specialists,1.98,1.3,3.02,1.4,2.24,3.94,1.6063428571428573,1.939,2.2205142857142857,1.8115714285714288,1.9085714285714288,1.8665714285714283
29-2099.01,Neurodiagnostic Technologists,2.06,3.87,3.81,1.72,3.13,4.26,1.9085714285714288,2.894285714285714,3.7307,1.946157142857143,2.354914285714286,1.7971428571428572
29-2099.05,Ophthalmic Medical Technologists,2.5,1.45,3.2,1.35,2.9,3.45,1.5207142857142857,2.0371428571428574,1.9446571428571429,2.125,1.8914285714285717,1.4017857142857142
29-2099.08,Patient Representatives,2.72,1.7,4.53,1.59,3.31,3.09,1.157142857142857,3.1423714285714284,3.1087,1.1248857142857145,1.9085714285714288,1.9919714285714285
29-9091.00,Athletic Trainers,2.14,2.3,3.63,1.26,2.71,3.6,1.5625,2.660285714285714,2.4289,1.1637285714285714,2.6950857142857143,1.5255999999999998
29-9092.00,Genetic Counselors,1.57,1.04,2.57,1.0,1.74,3.91,1.1885714285714286,2.232557142857143,1.9996,1.0072857142857143,1.8571428571428568,1.0559
29-9093.00,Surgical Assistants,2.0,3.07,3.69,1.82,2.98,3.33,2.086428571428572,3.0747428571428568,3.936685714285714,2.7766,2.31,1.6397857142857144
29-9099.01,Midwives,1.23,2.87,2.75,1.01,1.74,2.8,1.335714285714286,2.9564000000000004,3.4603428571428574,1.489857142857143,2.98,2.0623714285714287
31-1121.00,Home Health Aides,1.79,1.88,2.81,1.73,3.24,3.43,1.3392000000000002,2.251,2.983257142857143,1.4048571428571428,2.0028571428571427,1.6942
31-1122.00,Personal Care Aides,2.22,2.68,3.55,1.63,3.12,4.08,1.3706285714285715,3.0215,2.9418000000000006,1.7531714285714286,2.0028571428571427,1.7755714285714284
31-1131.00,Nursing Assistants,1.77,2.54,3.46,2.31,3.48,3.71,1.335714285714286,2.204685714285714,3.0310714285714284,1.5029714285714286,1.9642857142857144,1.3070285714285714
31-1132.00,Orderlies,2.66,3.3,4.13,2.49,4.25,4.23,1.197142857142857,2.2751,2.2308,1.736157142857143,1.4628571428571429,1.378
31-1133.00,Psychiatric Aides,1.89,2.29,3.72,1.07,2.9,3.71,1.302857142857143,2.4531714285714283,3.295,1.2369571428571429,2.4732142857142856,1.3301714285714286
31-2011.00,Occupational Therapy Assistants,2.0,2.61,4.07,1.56,3.55,4.7,1.4435714285714285,2.4308,3.3478857142857144,1.454,2.0608,1.4294
31-2012.00,Occupational Therapy Aides,1.46,2.11,3.13,1.17,2.97,4.11,1.4179428571428572,2.319071428571428,2.991142857142857,1.9977285714285715,2.0028571428571427,1.8087142857142855
31-2021.00,Physical Therapist Assistants,1.43,2.1,3.21,1.02,3.6,3.52,1.655,2.8124,2.805142857142857,1.6497714285714289,2.524285714285714,1.27
31-2022.00,Physical Therapist Aides,1.64,2.29,2.82,1.42,3.21,3.04,1.32,2.2299285714285717,3.1242,1.431042857142857,2.0028571428571427,1.5052857142857143
31-9011.00,Massage Therapists,1.31,1.69,3.23,1.08,4.35,2.28,1.0271428571428571,2.3728857142857143,2.1456428571428567,1.082857142857143,1.8571428571428568,2.1277428571428567
31-9091.00,Dental Assistants,1.93,2.6,3.93,2.02,3.85,3.44,1.6063428571428573,2.589728571428571,3.114,1.8411428571428567,1.9085714285714288,1.7952714285714286
31-9092.00,Medical Assistants,2.06,1.33,4.04,1.05,3.31,3.8,1.4821428571428572,3.189314285714286,3.324785714285715,2.0220714285714285,2.25,2.023
31-9093.00,Medical Equipment Preparers,2.05,2.13,4.43,3.36,4.49,4.28,1.9642857142857144,4.074,4.144228571428572,2.8443571428571426,2.02,1.7140571428571427
31-9094.00,Medical Transcriptionists,2.73,2.11,4.48,1.94,2.97,4.11,1.0535714285714286,2.551,2.2096,1.1619428571428572,1.872228571428572,1.2982857142857145
31-9095.00,Pharmacy Aides,2.89,1.44,3.79,1.95,3.63,3.47,1.2036571428571428,2.1698857142857144,3.109700000000001,1.7526857142857142,1.655,1.4589285714285714
31-9096.00,Veterinary Assistants and Laboratory Animal Caretakers,1.67,3.58,4.0,1.12,3.26,3.78,1.3392000000000002,1.9656,3.369714285714286,2.211785714285714,1.9449142857142856,1.6875
31-9097.00,Phlebotomists,2.33,2.77,4.23,2.5,4.45,4.45,1.345,3.044285714285714,2.9578857142857142,1.8971428571428568,1.9085714285714288,1.7732285714285714
31-9099.01,Speech-Language Pathology Assistants,1.87,1.15,2.83,1.0,2.13,3.46,1.28,2.2756857142857143,2.827,1.0486285714285717,2.2308,1.0713142857142857
31-9099.02,Endoscopy Technicians,2.58,2.42,3.92,3.12,3.88,3.73,1.9085714285714288,2.845714285714286,3.575,2.8544,1.9449142857142856,1.8685714285714283
33-1011.00,First-Line Supervisors of Correctional Officers,1.89,2.25,3.63,1.11,2.41,4.16,1.32,3.516114285714286,3.3077714285714284,1.6006857142857145,2.821428571428571,1.9192857142857145
33-1012.00,First-Line Supervisors of Police and Detectives,1.94,2.15,3.4,1.25,2.77,3.5,1.4821428571428572,2.9175571428571425,2.5421428571428573,1.884242857142857,2.7142857142857144,2.4297142857142857
33-1021.00,First-Line Supervisors of Firefighting and Prevention Workers,1.66,3.35,3.13,1.62,2.62,3.53,1.7857142857142856,2.7639285714285715,3.877828571428571,2.904742857142857,2.354914285714286,2.9023142857142856
33-1091.00,First-Line Supervisors of Security Workers,3.24,2.11,3.68,1.17,2.92,3.41,1.3706285714285715,2.5944571428571432,3.14,1.3733142857142857,2.524285714285714,1.4338428571428572
33-2011.00,Firefighters,1.74,3.63,3.44,1.81,2.76,3.6,2.0028571428571427,2.3357,3.5280000000000005,3.1945857142857146,2.25,1.9984
33-2021.00,Fire Inspectors and Investigators,2.01,2.52,3.08,1.13,2.65,3.94,1.6063428571428573,3.677028571428572,2.8850714285714285,1.4935,2.086428571428572,1.7328571428571429
33-2022.00,Forest Fire Inspectors and Prevention Specialists,2.28,2.62,3.56,2.14,3.37,3.81,1.6063428571428573,2.3949714285714285,3.567785714285715,1.993,2.1492,2.1296285714285714
33-3011.00,Bailiffs,1.64,1.41,3.04,1.0,2.22,3.24,1.2142857142857144,2.295857142857143,3.592942857142857,1.621657142857143,2.105,1.416
33-3012.00,Correctional Officers and Jailers,2.17,2.38,4.25,1.63,2.59,4.45,1.5625,2.5985142857142858,2.955542857142857,1.7441285714285717,2.607142857142857,2.1953714285714283
33-3021.00,Detectives and Criminal Investigators,2.19,2.43,3.87,1.34,2.68,3.78,1.4542857142857144,2.628114285714286,2.7176,1.302857142857143,2.2308,1.4909142857142856
33-3021.02,Police Identification and Records Officers,1.92,2.4,3.25,1.24,2.67,3.17,1.5614285714285714,2.5276000000000005,2.7797,1.8272,1.8571428571428568,1.5442428571428573
33-3021.06,Intelligence Analysts,2.3,1.26,3.77,1.18,2.83,3.78,1.147857142857143,2.4198142857142857,2.6272,1.0507,2.086428571428572,1.1078857142857144
33-3031.00,Fish and Game Wardens,2.5,2.48,2.84,1.06,2.48,3.94,1.7485714285714289,3.492742857142857,3.3591571428571427,1.9777857142857145,2.19,1.585357142857143
33-3041.00,Parking Enforcement Workers,2.53,1.86,3.45,2.94,3.97,2.83,1.4179428571428572,2.69,2.5464571428571428,2.3093714285714286,1.9642857142857144,1.519342857142857
33-3051.00,Police and Sheriff's Patrol Officers,2.0,2.66,3.67,1.31,2.65,3.96,1.4906285714285716,3.1188571428571428,3.285142857142857,1.8490285714285712,2.25,1.5507142857142855
33-3051.04,Customs and Border Protection Officers,3.3,3.15,4.13,1.83,3.54,3.86,1.4435714285714285,3.599657142857144,3.2736285714285707,1.8513714285714284,2.4035714285714285,1.7705428571428572
33-3052.00,Transit and Railroad Police,1.92,2.6,3.28,1.78,2.97,3.8,1.5625,2.261628571428571,2.7782285714285715,1.3684571428571428,2.19,1.5394285714285716
33-9011.00,Animal Control Workers,1.35,3.5,3.54,1.15,2.81,3.96,1.25,2.864285714285714,2.588857142857143,1.3995,1.8571428571428568,1.9457142857142855
33-9021.00,Private Detectives and Investigators,2.01,1.63,3.43,1.41,2.74,4.32,1.1106285714285715,2.787785714285714,2.681971428571429,1.1757142857142855,2.19,1.7332
33-9031.00,Gambling Surveillance Officers and Gambling Investigators,2.16,1.77,4.53,2.14,3.43,3.14,1.4179428571428572,3.3632142857142857,3.807742857142857,1.4411285714285715,2.729371428571429,1.4183285714285714
33-9032.00,Security Guards,2.2,1.35,4.42,2.53,2.17,3.05,1.4017857142857142,2.728,2.604914285714285,1.4485,2.0608,1.9384
33-9091.00,Crossing Guards and Flaggers,1.44,1.01,2.09,1.13,3.79,2.21,1.0549142857142857,1.6308571428571428,1.8930571428571428,1.2279714285714285,1.7036571428571428,1.1131428571428572
33-9092.00,"Lifeguards, Ski Patrol, and Other Recreational Protective Service Workers",1.99,2.46,2.77,1.64,2.56,2.98,1.2000000000000002,1.576257142857143,2.575828571428572,1.6497714285714289,2.375,1.6878714285714287
33-9093.00,Transportation Security Screeners,2.63,2.56,3.7,2.88,4.07,3.41,1.7200000000000002,2.4052285714285717,2.198114285714285,1.9873142857142856,2.0608,1.4422857142857142
33-9099.02,Retail Loss Prevention Specialists,2.2,1.36,3.78,1.89,2.33,3.45,1.5508,3.474057142857144,3.2411000000000003,1.3821714285714284,2.25,1.6490714285714287
35-1011.00,Chefs and Head Cooks,1.78,3.04,3.79,1.96,4.38,4.75,1.7036571428571428,2.114028571428572,2.196871428571429,1.9419428571428567,2.765714285714286,2.7847285714285714
35-1012.00,First-Line Supervisors of Food Preparation and Serving Workers,2.71,1.1,3.58,1.82,3.72,3.44,1.4435714285714285,2.569642857142857,2.467085714285714,1.8088571428571427,2.645714285714285,2.3035
35-2011.00,"Cooks, Fast Food",2.18,1.64,2.1,2.05,2.42,3.26,1.28,1.2035428571428572,1.4968,1.5459999999999998,1.5207142857142857,1.3773714285714287
35-2012.00,"Cooks, Institution and Cafeteria",2.0,1.81,2.61,2.23,3.72,4.4,1.7208,2.154642857142857,2.22,1.719557142857143,1.9085714285714288,1.6152142857142855
35-2013.00,"Cooks, Private Household",1.54,1.64,2.77,1.31,3.65,4.15,1.4691999999999998,1.863142857142857,2.045714285714286,1.5785714285714287,1.8571428571428568,2.2440571428571428
35-2014.00,"Cooks, Restaurant",2.3,1.81,3.26,2.42,4.06,3.03,1.4821428571428572,1.3355714285714286,1.5502857142857145,1.3844285714285711,1.8914285714285717,1.174
35-2015.00,"Cooks, Short Order",1.42,2.63,2.55,1.84,3.81,3.52,1.289285714285714,1.828,1.5950285714285712,1.6388285714285713,1.7036571428571428,1.1663428571428571
35-2021.00,Food Preparation Workers,2.5,1.22,3.27,2.17,3.25,3.91,1.268571428571429,1.9065000000000003,1.8728714285714283,1.3610857142857142,1.4028571428571428,1.407657142857143
35-3011.00,Bartenders,2.03,2.08,3.09,1.16,3.73,1.75,1.2857142857142856,1.7820999999999998,1.8251,1.2251714285714286,1.8571428571428568,2.245857142857143
35-3023.00,Fast Food and Counter Workers,2.43,2.22,3.83,2.06,4.1,2.4,1.231428571428571,1.24,1.5908571428571427,1.3435285714285714,1.604285714285714,1.0950857142857142
35-3023.01,Baristas,2.65,2.67,2.98,1.89,4.11,2.14,1.51,1.5391714285714286,1.9491714285714288,2.6167,1.7142857142857144,1.7559999999999998
35-3031.00,Waiters and Waitresses,2.64,1.32,3.05,1.24,3.63,2.79,1.16,1.7907142857142857,1.7094571428571428,1.2674285714285711,1.7485714285714289,1.2570285714285714
35-3041.00,"Food Servers, Nonrestaurant",2.09,1.59,3.67,2.55,3.59,4.43,1.2208,2.0227857142857144,2.2781714285714285,1.9746285714285716,1.5625,1.7872
35-9011.00,Dining Room and Cafeteria Attendants and Bartender Helpers,1.69,1.31,2.25,1.66,4.15,2.87,1.24,1.4363571428571429,1.5978571428571429,1.447942857142857,1.5693714285714286,1.6369714285714283
35-9021.00,Dishwashers,1.6,1.98,1.89,2.68,3.38,3.35,1.4285714285714286,1.5206428571428572,1.6399,1.5588571428571427,1.4285714285714286,1.4067142857142856
35-9031.00,"Hosts and Hostesses, Restaurant, Lounge, and Coffee Shop",2.08,1.42,2.71,1.23,4.2,2.18,1.0803571428571428,1.4929,1.7813714285714288,1.4374857142857145,1.6391999999999998,1.3996285714285714
37-1011.00,First-Line Supervisors of Housekeeping and Janitorial Workers,2.13,2.12,3.43,2.44,3.33,4.36,1.3571428571428572,2.5235000000000003,2.7082,2.184,2.2471428571428573,2.524342857142857
37-1012.00,"First-Line Supervisors of Landscaping, Lawn Service, and Groundskeeping Workers",2.37,2.55,2.95,2.67,2.76,4.29,1.8571428571428568,2.7706714285714287,2.9727428571428574,2.702,2.607142857142857,2.7527714285714286
37-2011.00,"Janitors and Cleaners, Except Maids and Housekeeping Cleaners",1.8,2.02,2.84,1.64,3.29,2.96,1.3571428571428572,1.7905000000000002,2.354971428571429,1.7806571428571427,1.5625,1.7458285714285715
37-2012.00,Maids and Housekeeping Cleaners,2.06,1.26,2.74,1.8,4.77,3.9,1.197142857142857,1.5022000000000002,1.715,1.285742857142857,1.5,1.3744
37-2021.00,Pest Control Workers,2.04,3.52,3.42,1.87,3.72,4.14,1.7857142857142856,1.9614,2.5265285714285715,1.6288857142857145,2.1228571428571428,1.5717142857142856
37-3011.00,Landscaping and Groundskeeping Workers,2.49,2.67,2.28,3.85,3.18,3.28,1.5625,2.0338857142857147,1.79,2.550442857142857,1.4028571428571428,1.1996142857142855
37-3012.00,"Pesticide Handlers, Sprayers, and Applicators, Vegetation",1.7,2.77,3.16,2.34,3.42,4.17,1.822857142857143,2.224,2.9897714285714283,2.275428571428572,1.7385714285714284,1.8386428571428568
37-3013.00,Tree Trimmers and Pruners,1.43,2.66,3.02,2.03,3.53,3.71,2.1228571428571428,2.262857142857144,2.902857142857143,2.703314285714286,1.9085714285714288,1.5659714285714286
39-1013.00,First-Line Supervisors of Gambling Services Workers,2.55,1.85,4.35,2.44,3.14,4.0,1.394285714285714,2.154785714285714,1.8614285714285717,1.2841142857142858,2.4893714285714283,1.1786
39-1022.00,First-Line Supervisors of Personal Service Workers,1.99,1.79,3.54,1.27,2.88,4.4,1.3785714285714286,2.609228571428571,2.752685714285714,1.4923285714285714,2.1635714285714283,1.710942857142857
39-2011.00,Animal Trainers,1.34,1.58,2.57,1.06,3.4,2.89,1.2142857142857144,1.8792,2.2222857142857144,1.1418285714285714,2.06,1.7435999999999998
39-2021.00,Animal Caretakers,1.12,2.93,3.15,1.08,3.1,3.32,1.1734857142857142,1.735085714285714,2.54,1.3240857142857143,1.872228571428572,1.5172428571428571
39-3011.00,Gambling Dealers,1.43,1.39,3.72,1.78,4.14,2.32,1.077942857142857,1.450214285714286,1.3326142857142855,1.184,1.8571428571428568,1.1769142857142858
39-3012.00,Gambling and Sports Book Writers and Runners,2.76,1.3,4.28,2.57,4.04,2.71,1.25,1.6058285714285714,1.938542857142857,1.363057142857143,1.9449142857142856,1.2943428571428572
39-3021.00,Motion Picture Projectionists,3.34,1.66,2.61,2.7,2.57,3.56,1.9085714285714288,1.3594285714285714,2.082228571428572,2.072542857142857,1.7734857142857143,1.2622857142857145
39-3031.00,"Ushers, Lobby Attendants, and Ticket Takers",2.19,1.22,2.91,1.88,3.31,2.46,1.25,1.3168,1.5335714285714286,1.5659714285714283,1.655,1.306857142857143
39-3091.00,Amusement and Recreation Attendants,1.79,1.58,3.09,1.78,3.39,1.98,1.4435714285714285,1.705657142857143,1.6325714285714286,1.2638285714285715,1.6391999999999998,1.2129142857142856
39-3092.00,Costume Attendants,1.51,2.58,3.18,1.72,3.67,4.21,1.157142857142857,1.3098857142857143,2.096457142857143,1.8014285714285712,1.9085714285714288,1.650857142857143
39-3093.00,"Locker Room, Coatroom, and Dressing Room Attendants",1.65,1.22,2.78,1.25,3.38,3.24,1.0549142857142857,1.3390857142857144,1.5766142857142855,1.186,1.595,1.2785714285714285
39-4011.00,Embalmers,1.73,2.1,3.54,1.58,2.59,4.74,1.5300000000000002,3.0541714285714288,3.004,2.0215,1.8914285714285717,1.6806285714285716
39-4021.00,Funeral Attendants,1.68,1.06,2.5,1.27,2.06,3.66,1.28,1.6037428571428571,2.021871428571429,1.5382857142857145,1.8571428571428568,1.3410857142857142
39-4031.00,"Morticians, Undertakers, and Funeral Arrangers",1.28,1.67,3.41,1.08,2.02,3.74,1.6875,2.2909,1.8583571428571428,1.8888,1.9657142857142855,2.1883142857142857
39-5011.00,Barbers,2.12,1.54,2.83,1.69,4.38,2.39,1.2142857142857144,1.9051428571428568,1.529,1.8299,1.7385714285714284,1.2886
39-5012.00,"Hairdressers, Hairstylists, and Cosmetologists",1.6,1.07,3.61,1.49,4.71,3.41,1.231428571428571,1.5942142857142858,2.0782857142857143,1.4736,1.8571428571428568,1.5442857142857145
39-5091.00,"Makeup Artists, Theatrical and Performance",1.29,3.25,2.38,1.33,3.76,4.5,1.1785714285714286,1.5825,2.549428571428572,1.1115714285714289,1.9842857142857144,2.243142857142857
39-5092.00,Manicurists and Pedicurists,1.07,1.24,1.85,1.68,4.54,2.23,1.062857142857143,1.268457142857143,1.1099428571428571,1.3196428571428571,1.4906285714285716,1.3114428571428571
39-5093.00,Shampooers,1.8,1.78,2.54,1.79,4.42,3.33,1.2592,1.3370714285714285,2.3602857142857143,1.3668,1.595,1.32
39-5094.00,Skincare Specialists,1.42,2.22,3.14,2.18,3.49,2.59,1.2592,2.218,3.4182857142857146,2.2119714285714283,2.0028571428571427,1.7891714285714286
39-6011.00,Baggage Porters and Bellhops,1.91,1.6,3.12,1.99,2.54,2.38,1.4179428571428572,1.933428571428572,2.4490857142857143,2.498828571428571,1.604285714285714,1.6184571428571428
39-6012.00,Concierges,2.0,1.36,2.45,1.09,2.24,3.86,1.0206285714285714,2.0766285714285715,1.9763285714285712,1.1457142857142857,1.7857142857142856,1.4935
39-7011.00,Tour Guides and Escorts,1.42,1.75,2.09,1.59,1.96,3.41,1.0942857142857143,1.5091428571428571,1.640285714285714,1.0749428571428572,1.8571428571428568,1.1027714285714283
39-7012.00,Travel Guides,2.29,1.62,3.15,2.01,2.51,4.07,1.302857142857143,1.687542857142857,2.999371428571428,1.7054714285714287,1.8914285714285717,1.793657142857143
39-9011.00,Childcare Workers,1.79,1.75,2.33,1.18,2.96,3.49,1.1885714285714286,1.7723428571428572,2.0576428571428576,1.1537714285714284,2.1142857142857143,1.2638285714285713
39-9011.01,Nannies,1.2,1.83,2.8,1.08,2.84,2.88,1.157142857142857,1.4342857142857142,2.112285714285714,1.0369142857142857,2.44,1.8045714285714285
39-9031.00,Exercise Trainers and Group Fitness Instructors,1.48,1.7,3.1,1.43,3.62,2.95,1.157142857142857,2.0435857142857143,2.060142857142857,1.4256000000000002,2.0342857142857143,1.3338571428571429
39-9032.00,Recreation Workers,1.77,2.04,3.44,1.08,2.24,3.3,1.25,2.4149285714285718,3.0479142857142856,1.3969,2.327857142857143,2.6757142857142853
39-9041.00,Residential Advisors,1.55,1.38,3.24,1.02,1.84,3.67,1.2857142857142856,2.3005,2.9802571428571425,1.1830571428571428,2.422142857142857,2.039642857142857
41-1011.00,First-Line Supervisors of Retail Sales Workers,1.95,1.82,3.59,1.22,2.71,4.22,1.1885714285714286,2.1036,2.1615714285714285,1.384,2.3857142857142857,1.6746142857142858
41-1012.00,First-Line Supervisors of Non-Retail Sales Workers,2.11,1.86,3.69,1.78,3.23,4.64,1.1071428571428572,2.689285714285714,2.499428571428571,1.7498571428571428,2.821428571428571,2.0284142857142857
41-2011.00,Cashiers,1.82,1.74,3.34,1.86,3.22,3.06,1.157142857142857,1.471,1.5156571428571428,1.3895285714285714,1.5508,1.2457
41-2012.00,Gambling Change Persons and Booth Cashiers,2.03,1.61,4.46,1.99,4.56,3.38,1.4179428571428572,2.7278571428571428,2.086328571428571,1.5654142857142856,1.6714285714285717,1.5792000000000002
41-2021.00,Counter and Rental Clerks,2.12,1.52,3.68,1.45,2.82,3.27,1.4435714285714285,1.6331714285714285,1.8128285714285712,1.5146000000000002,1.822857142857143,1.7345285714285712
41-2022.00,Parts Salespersons,1.8,2.87,4.01,1.36,3.1,4.07,1.3785714285714286,1.9884285714285717,2.7783999999999995,1.950442857142857,1.9085714285714288,2.2336857142857145
41-2031.00,Retail Salespersons,2.16,1.43,3.53,1.14,2.76,3.42,1.2142857142857144,1.5,2.1184000000000003,1.7035714285714287,1.8914285714285717,1.1370285714285715
41-3011.00,Advertising Sales Agents,1.7,1.24,2.67,1.28,1.99,4.46,1.2857142857142856,1.9078571428571427,2.0791714285714287,1.0604285714285715,1.9657142857142855,1.3695428571428572
41-3021.00,Insurance Sales Agents,2.76,1.77,3.79,1.0,2.16,4.52,1.1339285714285714,2.319685714285715,1.9238285714285717,1.0446857142857142,1.8057142857142856,1.2607428571428572
41-3031.00,"Securities, Commodities, and Financial Services Sales Agents",2.59,1.0,3.17,1.24,2.2,3.86,1.077942857142857,2.809828571428572,2.095,1.0719285714285711,2.4035714285714285,1.4914
41-3041.00,Travel Agents,3.8,1.0,3.12,1.22,3.08,3.73,1.0803571428571428,1.5304285714285717,1.6549428571428573,1.055942857142857,1.822857142857143,1.4320857142857142
41-4011.00,"Sales Representatives, Wholesale and Manufacturing, Technical and Scientific Products",2.16,1.68,2.8,1.72,2.1,3.93,1.2036571428571428,1.6144285714285715,1.5571428571428572,1.0672,1.9449142857142856,1.1480857142857144
41-4011.07,Solar Sales Representatives and Assessors,2.12,1.56,2.97,1.2,2.01,3.22,1.2142857142857144,2.356528571428571,2.062,1.231,1.8914285714285717,1.4285571428571429
41-4012.00,"Sales Representatives, Wholesale and Manufacturing, Except Technical and Scientific Products",2.43,1.66,3.44,1.14,2.49,3.78,1.0664285714285715,1.7416285714285713,2.602514285714286,1.5184,1.9842857142857144,1.5973000000000002
41-9011.00,Demonstrators and Product Promoters,1.45,1.86,2.91,1.48,3.68,3.82,1.32,1.3604571428571428,1.528,1.4130571428571428,1.8914285714285717,1.22
41-9012.00,Models,1.33,2.3,2.57,1.09,1.93,1.67,1.0,1.062142857142857,1.1490571428571428,1.0159714285714283,1.22,1.0157714285714283
41-9021.00,Real Estate Brokers,2.7,1.16,3.04,1.37,1.92,3.92,1.0803571428571428,2.2201142857142857,1.933428571428572,1.1025142857142858,2.023657142857143,1.7808857142857144
41-9022.00,Real Estate Sales Agents,2.25,1.43,2.9,1.15,1.95,4.52,1.1607142857142858,2.2312857142857143,2.1894285714285715,1.102,1.8571428571428568,1.7971428571428572
41-9031.00,Sales Engineers,1.62,1.06,2.93,1.11,2.06,4.02,1.22,2.474685714285714,1.4252285714285713,1.141,1.94,1.2027571428571429
41-9041.00,Telemarketers,3.09,1.22,4.17,1.94,3.54,3.74,1.0089285714285714,2.378742857142857,2.1328,1.233942857142857,1.3785714285714286,1.134
41-9091.00,"Door-to-Door Sales Workers, News and Street Vendors, and Related Workers",1.88,1.46,2.04,1.04,1.79,3.04,1.0206285714285714,1.2156142857142858,1.6059714285714286,1.0348,1.7200000000000002,1.3875000000000002
43-1011.00,First-Line Supervisors of Office and Administrative Support Workers,2.33,1.11,3.07,1.1,3.17,4.04,1.3571428571428572,2.6815,2.532142857142857,1.4313,2.7142857142857144,2.4795
43-2011.00,"Switchboard Operators, Including Answering Service",2.31,1.28,3.58,1.08,3.61,3.22,1.197142857142857,2.031771428571429,1.7549285714285716,1.0087428571428572,1.6714285714285717,1.2697142857142858
43-2021.00,Telephone Operators,2.63,1.06,3.86,2.69,4.11,3.69,1.0942857142857143,1.836,1.7880714285714288,1.2398,1.5625,1.1497142857142857
43-3011.00,Bill and Account Collectors,2.86,1.0,4.3,1.09,2.66,3.9,1.1257142857142857,1.8022,1.903142857142857,1.0239571428571428,1.822857142857143,1.3349857142857144
43-3021.00,Billing and Posting Clerks,2.19,1.06,4.34,1.65,3.45,3.93,1.1734857142857142,2.280142857142857,1.6642857142857144,1.0666,1.7934857142857146,1.062857142857143
43-3031.00,"Bookkeeping, Accounting, and Auditing Clerks",2.36,1.45,4.65,1.28,4.14,3.87,1.0549142857142857,2.1499428571428574,2.065142857142857,1.1754571428571428,1.822857142857143,1.7883857142857145
43-3041.00,Gambling Cage Workers,2.36,1.34,4.84,2.34,4.11,4.07,1.24,2.345285714285714,1.972214285714286,1.818914285714286,1.8571428571428568,1.6903857142857144
43-3051.00,Payroll and Timekeeping Clerks,2.79,1.1,4.57,1.32,3.0,4.25,1.1257142857142857,2.6575,1.846857142857143,1.1548,1.8571428571428568,1.1311
43-3061.00,Procurement Clerks,1.99,1.4,4.57,1.18,2.62,3.42,1.0089285714285714,1.8091714285714289,1.7357714285714287,1.3162857142857145,2.1228571428571428,2.047
43-3071.00,Tellers,2.45,1.55,4.72,1.86,4.57,3.53,1.2857142857142856,2.8508571428571425,2.180285714285714,1.8397,1.9449142857142856,1.5785999999999998
43-4011.00,Brokerage Clerks,3.28,1.28,4.51,1.71,3.44,4.61,1.1408,2.447914285714286,1.5901428571428573,1.018,1.9085714285714288,1.1097142857142857
43-4021.00,Correspondence Clerks,3.04,1.1,4.6,1.84,3.62,3.83,1.0206285714285714,1.644914285714286,2.036371428571429,1.2085714285714286,1.7385714285714284,1.429
43-4031.00,"Court, Municipal, and License Clerks",2.57,1.59,4.24,1.43,3.53,4.08,1.12,2.251128571428572,2.1283857142857143,1.2793857142857143,1.822857142857143,1.3236571428571429
43-4041.00,"Credit Authorizers, Checkers, and Clerks",2.97,1.58,4.33,1.33,3.88,4.67,1.0,2.0455428571428573,1.3685714285714283,1.0128142857142857,1.8571428571428568,1.7942857142857145
43-4051.00,Customer Service Representatives,2.26,1.08,4.45,1.4,4.2,4.55,1.1071428571428572,1.8605285714285715,2.446142857142857,1.2852571428571429,1.8571428571428568,1.5272428571428571
43-4061.00,"Eligibility Interviewers, Government Programs",1.96,1.0,4.36,1.16,3.54,4.28,1.0357142857142856,3.4696,1.9747,1.0056,1.9449142857142856,1.2990428571428572
43-4071.00,File Clerks,2.02,1.14,4.06,1.83,3.06,4.15,1.0942857142857143,2.2516,2.7645142857142853,1.5432142857142856,1.8328571428571427,1.461185714285714
43-4081.00,"Hotel, Motel, and Resort Desk Clerks",2.64,1.15,3.88,1.45,3.79,3.2,1.24,1.7867285714285712,2.0028571428571427,1.1951714285714286,1.8571428571428568,1.580085714285714
43-4111.00,"Interviewers, Except Eligibility and Loan",2.63,2.5,4.63,1.93,3.91,4.2,1.16,3.632242857142856,2.0791142857142857,1.195,1.8914285714285717,1.8812857142857144
43-4121.00,"Library Assistants, Clerical",2.26,1.23,3.7,1.49,3.52,3.38,1.1071428571428572,1.699414285714286,2.686,1.1558857142857142,1.7385714285714284,1.7780571428571428
43-4131.00,Loan Interviewers and Clerks,2.96,1.12,4.31,1.51,3.15,4.53,1.2036571428571428,3.421571428571428,2.1188285714285717,1.1702571428571429,1.8571428571428568,1.312
43-4141.00,New Accounts Clerks,3.05,1.34,4.43,1.1,3.58,3.97,1.0664285714285715,2.304628571428572,2.3590714285714283,1.2863285714285717,1.9085714285714288,1.1303714285714286
43-4151.00,Order Clerks,2.48,1.42,3.47,1.61,3.14,4.16,1.077942857142857,2.610328571428572,2.971571428571429,1.6516,1.9085714285714288,1.5002142857142855
43-4161.00,"Human Resources Assistants, Except Payroll and Timekeeping",2.55,1.28,4.36,1.13,3.46,4.27,1.12,3.0017142857142853,2.806914285714286,1.2457285714285713,2.19,1.7479285714285715
43-4171.00,Receptionists and Information Clerks,2.32,1.08,3.74,1.47,3.79,2.71,1.077942857142857,1.8400857142857143,2.2887142857142857,1.4129285714285715,1.7385714285714284,1.2213714285714286
43-4181.00,Reservation and Transportation Ticket Agents and Travel Clerks,3.61,1.24,4.92,2.62,3.52,4.49,1.2592,3.071542857142857,2.809342857142857,1.7827857142857144,1.822857142857143,1.2437571428571428
43-5011.00,Cargo and Freight Agents,1.84,1.59,2.89,1.72,2.78,3.96,1.3193714285714284,2.1764,2.181657142857143,2.1433142857142853,1.8914285714285717,1.2757857142857143
43-5011.01,Freight Forwarders,2.22,1.0,4.27,2.25,2.4,4.95,1.3785714285714286,3.036571428571429,3.3737428571428567,2.0222285714285717,2.1142857142857143,2.748571428571428
43-5021.00,Couriers and Messengers,2.37,1.85,3.48,1.44,3.7,4.71,1.4542857142857144,1.92,2.108371428571428,1.7128,1.5300000000000002,1.3286285714285715
43-5031.00,Public Safety Telecommunicators,2.13,1.04,4.87,1.79,4.38,4.22,1.4542857142857144,2.4411428571428573,2.8029714285714284,1.4972,1.9842857142857144,1.6768
43-5032.00,"Dispatchers, Except Police, Fire, and Ambulance",2.43,1.46,4.5,2.0,3.83,4.48,1.25,1.6571142857142855,2.3104142857142858,1.3124285714285715,2.337142857142857,1.2886
43-5041.00,"Meter Readers, Utilities",2.63,3.52,3.9,3.12,4.09,3.97,1.6391999999999998,1.82,2.1665142857142854,1.589,1.7734857142857143,1.119457142857143
43-5051.00,Postal Service Clerks,2.57,2.71,3.96,1.77,3.97,3.67,1.231428571428571,2.525485714285714,2.038542857142857,1.504857142857143,1.7142857142857144,1.3588
43-5052.00,Postal Service Mail Carriers,2.42,1.78,4.26,1.13,4.64,4.12,1.3785714285714286,1.3694571428571427,1.616857142857143,1.0553,1.5207142857142857,1.018
43-5053.00,"Postal Service Mail Sorters, Processors, and Processing Machine Operators",3.73,2.45,3.66,3.93,4.54,4.69,1.7036571428571428,1.4242857142857142,1.7085714285714286,1.9137571428571427,1.8328571428571427,1.0226285714285714
43-5061.00,"Production, Planning, and Expediting Clerks",1.91,1.12,3.48,3.39,3.19,4.55,1.3008,2.112042857142857,2.461428571428572,1.2600571428571428,2.06,1.802457142857143
43-5071.00,"Shipping, Receiving, and Inventory Clerks",2.74,1.74,4.37,3.08,2.7,4.57,1.3785714285714286,1.849628571428572,1.7148571428571429,1.9686857142857144,1.8571428571428568,1.749242857142857
43-5111.00,"Weighers, Measurers, Checkers, and Samplers, Recordkeeping",2.34,1.89,4.17,3.8,3.41,4.26,1.5207142857142857,2.4432,3.1855,2.494342857142857,1.9449142857142856,1.8382857142857143
43-6011.00,Executive Secretaries and Executive Administrative Assistants,2.06,1.15,3.83,1.13,3.28,3.86,1.1339285714285714,2.1092,2.3413714285714287,1.2317714285714283,2.096342857142857,1.7809714285714286
43-6012.00,Legal Secretaries and Administrative Assistants,1.94,1.17,4.19,1.53,3.06,4.01,1.16,1.9296142857142855,2.598942857142857,1.3224571428571428,1.8571428571428568,1.0574
43-6013.00,Medical Secretaries and Administrative Assistants,2.11,1.58,4.6,1.39,3.04,3.95,1.0803571428571428,2.4535714285714283,1.8767142857142856,1.359057142857143,1.822857142857143,1.9033142857142855
43-6014.00,"Secretaries and Administrative Assistants, Except Legal, Medical, and Executive",1.79,1.24,4.3,1.19,3.03,4.09,1.1257142857142857,2.038685714285714,1.8947714285714288,1.3111428571428572,1.9842857142857144,1.3627
43-9021.00,Data Entry Keyers,2.85,1.78,4.81,1.85,4.58,4.21,1.268571428571429,2.891,2.213457142857143,1.4964285714285714,1.7232142857142856,1.2750142857142857
43-9022.00,Word Processors and Typists,2.33,1.41,4.62,1.52,4.16,3.96,1.1071428571428572,2.0847999999999995,1.6498,1.3976,1.68,1.6287142857142856
43-9031.00,Desktop Publishers,2.24,1.03,3.26,1.45,3.55,4.52,1.3706285714285715,1.6042857142857143,1.768857142857143,1.3232428571428572,2.0,1.4097
43-9041.00,Insurance Claims and Policy Processing Clerks,3.19,1.19,4.48,1.62,3.88,3.94,1.157142857142857,2.591971428571428,2.1018428571428576,1.0671,1.822857142857143,1.1165714285714283
43-9051.00,"Mail Clerks and Mail Machine Operators, Except Postal Service",2.96,1.33,4.25,3.41,3.98,4.11,1.6714285714285717,1.3912428571428572,1.6877714285714287,1.9538,1.822857142857143,1.2437571428571428
43-9061.00,"Office Clerks, General",2.1,1.42,4.22,1.45,3.64,3.77,1.32,1.859457142857143,1.8426285714285715,1.2437714285714287,1.7734857142857143,1.2841428571428573
43-9071.00,"Office Machine Operators, Except Computer",2.42,1.27,3.19,3.21,2.68,4.38,1.872228571428572,1.421457142857143,1.867,2.0638428571428573,1.8571428571428568,1.9048
43-9081.00,Proofreaders and Copy Markers,2.41,1.12,4.67,1.02,4.48,4.7,1.0,1.9685714285714284,1.4442714285714289,1.0089142857142857,1.7385714285714284,1.0196714285714286
43-9111.00,Statistical Assistants,2.65,1.75,3.44,1.11,3.66,3.63,1.0407142857142857,2.1538857142857144,1.4512857142857143,1.0624,1.8571428571428568,1.1697142857142857
45-1011.00,"First-Line Supervisors of Farming, Fishing, and Forestry Workers",2.2,2.35,2.97,2.56,3.03,3.88,2.0608,2.326,2.786357142857143,2.5349714285714287,2.4971428571428573,2.2798
45-2011.00,Agricultural Inspectors,2.36,2.43,3.92,2.79,3.41,3.9,2.086428571428572,3.2295,2.527457142857142,1.421142857142857,2.6185714285714288,1.3178285714285711
45-2021.00,Animal Breeders,1.31,2.22,2.3,1.27,3.25,2.44,1.7385714285714284,1.725657142857143,2.358,1.341,1.8571428571428568,1.5682857142857145
45-2041.00,"Graders and Sorters, Agricultural Products",2.32,1.32,2.03,4.04,4.42,4.18,1.0885714285714283,1.8784857142857143,2.2016857142857145,1.624,1.5693714285714286,1.3236571428571429
45-2091.00,Agricultural Equipment Operators,2.04,1.35,2.41,3.59,2.11,3.4,2.422142857142857,1.605057142857143,1.846742857142857,2.905028571428572,1.5625,2.0042714285714287
45-2092.00,"Farmworkers and Laborers, Crop, Nursery, and Greenhouse",1.87,1.82,2.23,2.81,3.97,3.74,1.7485714285714289,1.8617142857142857,2.013657142857143,2.448485714285715,1.595,1.9693571428571428
45-2093.00,"Farmworkers, Farm, Ranch, and Aquacultural Animals",1.82,1.69,2.76,1.52,3.0,2.37,1.9085714285714288,2.1025714285714288,2.9199714285714284,2.265142857142857,2.044642857142857,1.9032285714285715
45-3031.00,Fishing and Hunting Workers,1.45,2.52,2.5,2.0,3.6,3.05,1.4628571428571429,2.411714285714285,2.5031714285714286,2.518,1.5693714285714286,1.945
45-4011.00,Forest and Conservation Workers,1.34,1.87,2.54,2.18,2.85,3.0,1.6875,1.9072857142857145,2.6717714285714287,1.9676285714285715,1.872228571428572,1.442857142857143
45-4021.00,Fallers,1.47,3.06,2.53,2.76,3.72,2.83,1.8035714285714288,1.4464,2.7353,3.426142857142857,1.8839285714285712,1.1521428571428571
45-4022.00,Logging Equipment Operators,2.15,2.27,3.7,4.45,4.09,3.19,2.524285714285714,2.8239,2.932,3.911514285714286,1.8571428571428568,2.0324285714285715
45-4023.00,Log Graders and Scalers,2.02,1.84,3.66,3.45,3.58,3.81,1.7036571428571428,2.3653000000000004,2.7589,1.891,1.8571428571428568,2.317042857142857
47-1011.00,First-Line Supervisors of Construction Trades and Extraction Workers,1.58,2.41,2.7,2.73,3.18,4.13,1.7734857142857143,2.5638571428571426,2.8826285714285715,2.6956857142857142,2.1492,2.025442857142857
47-1011.03,Solar Energy Installation Managers,1.78,2.91,3.59,1.67,3.05,4.17,1.8571428571428568,2.7618285714285715,3.1312571428571427,2.096971428571429,2.4732142857142856,1.9154285714285717
47-2011.00,Boilermakers,1.69,3.37,2.87,2.15,3.32,4.09,2.337142857142857,2.0429714285714287,2.1876285714285717,2.208014285714285,1.8571428571428568,1.6475
47-2021.00,Brickmasons and Blockmasons,1.6,3.2,2.6,2.11,4.56,4.08,1.6428571428571428,2.3968857142857143,3.062857142857143,2.3178571428571426,1.822857142857143,2.2331
47-2022.00,Stonemasons,1.48,3.36,3.3,2.24,4.11,3.67,1.642057142857143,2.715657142857143,2.9291714285714283,2.9093285714285715,1.8571428571428568,1.924342857142857
47-2031.00,Carpenters,1.78,2.57,2.97,2.57,3.46,4.43,1.7385714285714284,2.1293714285714285,2.8524000000000003,2.597828571428572,2.19,1.823114285714286
47-2041.00,Carpet Installers,1.21,3.63,2.53,1.42,4.07,4.24,1.4906285714285716,1.7518857142857145,2.5037714285714285,2.3691285714285715,1.872228571428572,1.4341714285714289
47-2042.00,"Floor Layers, Except Carpet, Wood, and Hard Tiles",1.59,3.84,2.28,1.05,3.62,3.32,1.3785714285714286,1.9298285714285717,2.1304,1.871,1.837942857142857,1.2783
47-2043.00,Floor Sanders and Finishers,1.82,3.23,3.38,3.07,4.57,3.97,1.6714285714285717,2.029,2.940914285714286,3.2557,1.7385714285714284,2.127
47-2044.00,Tile and Stone Setters,1.26,2.97,3.01,1.75,4.37,3.57,1.4821428571428572,2.011428571428572,2.533214285714285,1.8061428571428573,1.6875,1.3836428571428572
47-2051.00,Cement Masons and Concrete Finishers,2.46,2.83,3.09,4.39,4.5,3.77,1.595,1.9782571428571427,2.822857142857143,3.2642857142857142,1.9257142857142855,1.8485857142857145
47-2053.00,Terrazzo Workers and Finishers,1.5,2.48,2.76,3.32,3.82,4.29,1.5,1.6554285714285717,2.5837857142857144,2.949942857142857,1.655,1.4662428571428572
47-2061.00,Construction Laborers,1.3,3.27,2.65,3.18,2.94,4.11,1.822857142857143,2.0578,2.9169428571428573,3.3424000000000005,1.5785714285714287,2.024114285714286
47-2071.00,"Paving, Surfacing, and Tamping Equipment Operators",2.54,2.88,2.96,3.8,3.94,3.46,2.1677714285714287,2.1677714285714287,2.283357142857142,3.3071428571428574,1.9257142857142855,1.3488571428571428
47-2072.00,Pile Driver Operators,1.6,3.2,3.07,3.34,3.73,3.63,2.551428571428572,2.2789714285714284,3.0858571428571424,4.085942857142857,1.9257142857142855,1.2986285714285717
47-2073.00,Operating Engineers and Other Construction Equipment Operators,1.32,2.4,2.39,3.99,4.19,4.04,2.044642857142857,2.8744,3.603171428571428,4.1269857142857145,1.9085714285714288,1.7901571428571428
47-2081.00,Drywall and Ceiling Tile Installers,1.99,3.09,3.47,2.05,4.08,3.73,1.4821428571428572,1.4929,1.81,1.6797857142857142,1.7036571428571428,1.3579428571428571
47-2082.00,Tapers,2.01,3.33,2.38,1.64,4.24,3.91,1.3785714285714286,1.3785142857142858,1.7344,1.7049999999999998,1.7036571428571428,1.123
47-2111.00,Electricians,1.14,4.4,3.37,2.23,4.34,4.32,1.9842857142857144,2.2502285714285715,3.0531,2.2470714285714286,2.06,2.2816
47-2121.00,Glaziers,1.43,3.06,3.08,2.4,3.64,3.93,1.7036571428571428,2.1430285714285717,2.3803428571428573,2.380657142857143,1.7200000000000002,1.3181714285714283
47-2131.00,"Insulation Workers, Floor, Ceiling, and Wall",1.69,3.78,2.53,2.25,3.85,4.04,1.7734857142857143,1.7268571428571429,2.065142857142857,2.1451,1.7385714285714284,1.2873
47-2132.00,"Insulation Workers, Mechanical",1.41,3.98,2.44,1.55,4.15,4.27,1.625,1.8028,2.6553571428571425,1.7251285714285711,1.7857142857142856,1.7479999999999998
47-2141.00,"Painters, Construction and Maintenance",1.22,3.05,3.15,2.15,3.82,4.6,1.2857142857142856,2.0368,2.954728571428572,1.9464,1.7036571428571428,1.4658
47-2142.00,Paperhangers,1.63,2.83,2.98,1.49,4.1,4.03,1.4691999999999998,1.4187857142857143,1.9016,1.4341142857142857,1.625,1.4183285714285714
47-2151.00,Pipelayers,1.48,3.42,2.27,3.04,3.29,3.65,1.8571428571428568,1.704314285714286,2.168285714285714,2.6392857142857142,1.6665142857142858,1.4217142857142857
47-2152.00,"Plumbers, Pipefitters, and Steamfitters",1.35,3.8,3.09,2.15,3.49,4.27,1.8571428571428568,1.8398285714285716,2.6303428571428573,2.9108,1.872228571428572,1.5756571428571426
47-2152.04,Solar Thermal Installers and Technicians,1.67,3.36,2.58,1.94,2.7,4.38,2.086428571428572,2.213457142857143,2.540785714285714,1.9118,2.044642857142857,1.3425142857142858
47-2161.00,Plasterers and Stucco Masons,2.16,2.38,2.31,3.06,4.0,3.24,1.6714285714285717,2.1348857142857143,2.1055714285714284,2.3456,1.7036571428571428,1.862857142857143
47-2171.00,Reinforcing Iron and Rebar Workers,1.86,3.24,3.06,2.89,4.31,4.43,1.595,1.7598,1.9150857142857145,2.0433285714285714,1.604285714285714,1.418
47-2181.00,Roofers,2.06,3.05,2.86,2.59,3.67,4.18,1.7485714285714289,2.395428571428572,2.888457142857143,2.3349857142857147,1.7857142857142856,1.847171428571429
47-2211.00,Sheet Metal Workers,2.7,2.77,3.28,3.53,4.0,3.98,1.7385714285714284,2.6607142857142856,3.110628571428572,2.1067,1.872228571428572,2.1877857142857144
47-2221.00,Structural Iron and Steel Workers,1.41,3.86,2.5,2.83,3.57,4.24,2.1228571428571428,2.2607142857142857,2.118857142857143,2.837885714285714,1.8571428571428568,1.0956571428571429
47-2231.00,Solar Photovoltaic Installers,1.48,3.69,3.64,2.07,3.76,3.89,1.872228571428572,2.374571428571429,2.818285714285714,2.2377857142857143,1.9085714285714288,1.7428857142857144
47-3011.00,"Helpers--Brickmasons, Blockmasons, Stonemasons, and Tile and Marble Setters",2.04,3.45,3.14,3.38,4.16,4.44,1.625,2.0663714285714283,3.002628571428572,2.876,1.7485714285714289,1.2085142857142857
47-3012.00,Helpers--Carpenters,1.92,3.66,2.5,2.83,3.77,4.0,1.5693714285714286,2.1594571428571427,2.021428571428572,2.6678,1.68,1.2172
47-3013.00,Helpers--Electricians,1.5,4.25,3.28,1.8,3.84,3.91,1.7734857142857143,2.9932,3.137342857142857,2.945071428571428,1.5625,2.151228571428572
47-3014.00,"Helpers--Painters, Paperhangers, Plasterers, and Stucco Masons",1.51,2.2,3.05,2.46,4.0,3.64,1.5508,1.6623714285714284,1.5712000000000002,1.3294,1.595,1.1452
47-3015.00,"Helpers--Pipelayers, Plumbers, Pipefitters, and Steamfitters",1.38,4.02,2.78,2.65,3.73,3.84,1.335714285714286,2.8096,2.498285714285714,2.485,1.604285714285714,1.7869
47-3016.00,Helpers--Roofers,2.85,2.75,2.64,2.34,3.84,3.1,1.394285714285714,1.8831857142857145,2.6739571428571427,2.0864000000000003,1.7142857142857144,1.9597714285714285
47-4011.00,Construction and Building Inspectors,2.04,2.68,2.84,1.68,2.28,4.08,1.7200000000000002,3.1741714285714284,2.1387428571428573,1.290057142857143,1.8571428571428568,1.5883428571428573
47-4011.01,Energy Auditors,1.75,3.24,2.59,1.5,2.0,4.1,1.8571428571428568,2.8630857142857145,2.8612,1.9581142857142857,2.105,1.5906285714285713
47-4021.00,Elevator and Escalator Installers and Repairers,2.0,4.57,3.64,2.54,3.55,4.08,2.31,3.068142857142857,2.670014285714286,3.6847857142857143,1.9085714285714288,1.8821714285714284
47-4031.00,Fence Erectors,2.39,3.28,3.45,2.35,4.14,4.52,1.7385714285714284,1.6828857142857143,1.7352999999999998,2.7584714285714287,1.822857142857143,1.6604285714285716
47-4041.00,Hazardous Materials Removal Workers,2.1,3.28,3.16,2.79,3.49,3.88,1.9642857142857144,2.6,2.6343,2.092342857142857,2.1677714285714287,1.893
47-4051.00,Highway Maintenance Workers,2.29,2.74,3.51,3.35,4.22,3.72,2.071428571428572,2.161671428571429,2.5565999999999995,2.7917714285714283,1.8328571428571427,1.841685714285714
47-4061.00,Rail-Track Laying and Maintenance Equipment Operators,2.15,2.94,3.3,3.64,3.91,3.9,2.2767857142857144,2.3463571428571424,2.7241428571428568,2.752,1.872228571428572,1.682757142857143
47-4071.00,Septic Tank Servicers and Sewer Pipe Cleaners,1.56,3.01,2.97,2.87,3.54,3.82,2.1228571428571428,1.6788571428571428,2.103657142857143,1.9894,1.7734857142857143,1.2982857142857145
47-4091.00,Segmental Pavers,2.61,1.85,3.23,1.86,3.35,4.06,1.7485714285714289,2.1601714285714286,2.2342,2.5812,1.7734857142857143,1.6252285714285717
47-4099.03,Weatherization Installers and Technicians,1.68,4.0,3.09,2.48,2.77,3.83,1.872228571428572,2.580757142857143,2.646285714285714,2.221942857142857,2.105,2.209714285714286
47-5011.00,"Derrick Operators, Oil and Gas",1.66,3.79,4.17,3.08,4.28,3.21,2.662857142857143,1.4646,2.5085714285714285,3.2474285714285718,2.19,1.5994000000000002
47-5012.00,"Rotary Drill Operators, Oil and Gas",1.83,3.29,4.39,3.79,3.72,4.1,2.31,2.638257142857143,2.9337142857142857,3.4938571428571428,2.1607142857142856,1.8237142857142856
47-5013.00,"Service Unit Operators, Oil and Gas",2.11,4.12,4.09,4.07,3.88,4.35,2.551428571428572,2.5762285714285715,3.4615428571428573,3.7613,2.265085714285714,1.5816571428571429
47-5022.00,"Excavating and Loading Machine and Dragline Operators, Surface Mining",1.73,2.62,3.27,3.9,4.1,3.58,2.216428571428572,2.5305142857142857,3.0217142857142854,3.7604285714285712,1.9085714285714288,1.5576857142857143
47-5023.00,"Earth Drillers, Except Oil and Gas",1.87,3.26,2.64,2.95,4.21,3.0,2.7142857142857144,2.369814285714286,2.835457142857143,3.4740571428571427,1.9449142857142856,1.960942857142857
47-5032.00,"Explosives Workers, Ordnance Handling Experts, and Blasters",2.18,2.3,3.38,3.3,3.48,4.35,2.1607142857142856,3.3876,3.3412714285714284,2.9872,2.422142857142857,2.4278
47-5041.00,Continuous Mining Machine Operators,1.65,3.99,3.2,3.86,4.14,3.4,2.596342857142857,2.411057142857143,2.4541000000000004,3.6465,1.8571428571428568,1.4172857142857145
47-5043.00,"Roof Bolters, Mining",1.64,4.55,3.76,4.6,4.96,4.79,2.044642857142857,2.5322285714285715,3.613,3.627714285714286,2.0028571428571427,1.6972
47-5044.00,"Loading and Moving Machine Operators, Underground Mining",2.16,3.93,2.53,3.79,4.04,3.68,2.044642857142857,2.0213714285714284,2.420842857142857,2.9899000000000004,1.7036571428571428,1.3139714285714286
47-5051.00,"Rock Splitters, Quarry",1.83,1.85,2.4,3.04,3.04,2.61,1.872228571428572,1.6696,2.3214428571428574,2.4653285714285715,1.6714285714285717,1.075
47-5071.00,"Roustabouts, Oil and Gas",1.92,3.24,3.31,2.81,3.7,4.28,1.822857142857143,2.086428571428572,2.908128571428572,3.563085714285714,1.7142857142857144,1.7967142857142857
47-5081.00,Helpers--Extraction Workers,1.52,3.38,3.13,3.91,4.08,3.47,2.265085714285714,3.0845857142857143,3.1165714285714285,4.259142857142857,2.225714285714286,3.0987714285714287
49-1011.00,"First-Line Supervisors of Mechanics, Installers, and Repairers",1.46,2.36,3.87,1.64,2.91,3.93,2.1492,2.5042,3.211,2.4821714285714287,2.7142857142857144,2.417342857142857
49-2011.00,"Computer, Automated Teller, and Office Machine Repairers",2.46,3.18,3.65,1.91,2.78,4.24,1.9085714285714288,1.43,2.2622285714285715,1.839142857142857,1.8571428571428568,1.6255428571428572
49-2021.00,"Radio, Cellular, and Tower Equipment Installers and Repairers",1.48,2.75,2.88,1.54,2.8,3.48,1.9085714285714288,2.7204571428571427,3.2805714285714287,2.408128571428572,1.9449142857142856,1.5581714285714288
49-2022.00,"Telecommunications Equipment Installers and Repairers, Except Line Installers",1.67,3.66,3.89,1.11,3.21,4.12,2.216428571428572,1.6032571428571427,2.5830571428571427,1.7649142857142857,2.105,1.187342857142857
49-2091.00,Avionics Technicians,1.75,3.13,2.88,1.59,2.85,4.54,2.422142857142857,2.992342857142857,2.716428571428572,2.767714285714286,1.9842857142857144,1.6098142857142856
49-2092.00,"Electric Motor, Power Tool, and Related Repairers",1.51,2.91,3.25,2.94,3.68,4.04,2.2071428571428573,2.3677,2.9215,3.2203857142857144,1.837942857142857,1.755
49-2093.00,"Electrical and Electronics Installers and Repairers, Transportation Equipment",1.86,3.91,3.13,2.32,4.03,4.48,2.0028571428571427,2.475,2.896228571428572,3.2152,1.9085714285714288,1.512914285714286
49-2094.00,"Electrical and Electronics Repairers, Commercial and Industrial Equipment",2.36,3.01,3.29,2.27,3.18,3.16,2.596342857142857,2.3674,3.0797142857142856,2.799085714285714,1.9449142857142856,1.3771428571428572
49-2095.00,"Electrical and Electronics Repairers, Powerhouse, Substation, and Relay",2.37,3.32,4.19,2.12,2.83,4.17,2.044642857142857,2.660285714285714,3.185114285714285,2.953857142857143,1.8571428571428568,1.6639285714285714
49-2096.00,"Electronic Equipment Installers and Repairers, Motor Vehicles",1.6,3.92,3.46,2.18,3.99,4.53,2.071428571428572,2.0488,2.643657142857143,2.08,1.7734857142857143,1.190157142857143
49-2097.00,Audiovisual Equipment Installers and Repairers,2.2,3.47,2.69,1.68,2.94,3.82,1.9085714285714288,2.0108714285714284,2.5466,1.7968142857142857,1.7734857142857143,1.5371285714285714
49-2098.00,Security and Fire Alarm Systems Installers,1.43,2.94,3.05,1.14,2.39,4.08,1.872228571428572,2.278514285714286,2.069757142857142,1.5785714285714283,1.8914285714285717,1.1376857142857142
49-3011.00,Aircraft Mechanics and Service Technicians,1.27,3.87,3.71,1.99,3.51,4.24,2.801428571428572,3.5611428571428574,2.978,2.62,2.216428571428572,1.831685714285714
49-3021.00,Automotive Body and Related Repairers,1.65,3.54,2.87,2.26,4.04,4.53,1.822857142857143,2.3,2.598928571428572,2.0865,1.822857142857143,1.7287857142857144
49-3022.00,Automotive Glass Installers and Repairers,1.07,3.48,3.17,1.44,3.51,4.41,1.655,1.7421714285714285,1.8155714285714284,1.6592571428571428,1.7036571428571428,1.0872
49-3023.00,Automotive Service Technicians and Mechanics,1.53,4.18,3.42,1.81,3.56,4.48,2.1607142857142856,2.4336,2.733485714285714,2.672771428571429,1.8839285714285712,1.4125
49-3031.00,Bus and Truck Mechanics and Diesel Engine Specialists,1.55,4.35,3.2,2.36,4.14,4.07,2.1607142857142856,2.3033571428571427,2.9122857142857144,3.184457142857143,1.8571428571428568,1.3186
49-3041.00,Farm Equipment Mechanics and Service Technicians,1.37,4.19,3.37,2.35,3.88,4.08,2.0608,1.7476285714285715,2.503542857142857,2.8669285714285717,1.9085714285714288,1.6195428571428572
49-3042.00,"Mobile Heavy Equipment Mechanics, Except Engines",1.49,4.49,3.52,2.51,3.83,3.93,2.375,2.0028571428571427,2.7794142857142856,3.297442857142857,1.8914285714285717,1.7382142857142855
49-3043.00,Rail Car Repairers,1.44,3.43,2.8,2.23,3.37,3.99,1.9642857142857144,2.050614285714285,2.669942857142857,2.7989714285714284,1.7385714285714284,1.3693428571428572
49-3051.00,Motorboat Mechanics and Service Technicians,1.56,4.15,2.4,1.72,2.86,4.17,2.2071428571428573,1.7747142857142857,2.3290285714285712,2.640142857142857,1.8057142857142856,1.707657142857143
49-3052.00,Motorcycle Mechanics,1.06,3.94,3.78,1.83,3.96,4.54,1.9085714285714288,2.3820571428571427,3.1089714285714285,3.2649000000000004,1.9085714285714288,1.9857142857142855
49-3053.00,Outdoor Power Equipment and Other Small Engine Mechanics,1.36,3.02,3.07,1.32,3.1,3.66,2.02,1.969,2.3520000000000003,2.5697142857142854,1.7385714285714284,1.2921285714285715
49-3091.00,Bicycle Repairers,1.12,2.13,2.22,1.27,3.67,4.53,1.5625,1.338285714285714,2.0426,2.294514285714285,1.7734857142857143,1.7838571428571428
49-3092.00,Recreational Vehicle Service Technicians,1.71,3.46,2.33,1.28,2.77,3.46,1.9085714285714288,1.7032428571428573,2.4649428571428573,2.436914285714286,1.8057142857142856,1.6788571428571428
49-3093.00,Tire Repairers and Changers,2.08,3.51,3.46,2.8,3.97,4.15,1.7385714285714284,2.0569571428571427,2.656,2.337142857142857,1.604285714285714,1.6234142857142857
49-9011.00,Mechanical Door Repairers,1.68,3.33,3.18,1.65,3.41,4.0,1.822857142857143,2.0045714285714284,2.442557142857143,1.947942857142857,1.8571428571428568,1.2725
49-9012.00,"Control and Valve Installers and Repairers, Except Mechanical Door",2.23,3.65,3.28,2.28,3.67,4.03,1.9085714285714288,2.8352,3.101471428571429,2.2448857142857146,1.9085714285714288,1.4258285714285714
49-9021.00,"Heating, Air Conditioning, and Refrigeration Mechanics and Installers",1.97,3.88,3.49,2.12,3.1,3.8,2.4035714285714285,2.2402,2.4387142857142856,2.428185714285714,1.9085714285714288,1.6665142857142858
49-9031.00,Home Appliance Repairers,1.81,4.1,3.04,1.83,3.08,3.74,2.1607142857142856,1.7476285714285715,2.293085714285714,1.426885714285714,1.7734857142857143,1.636342857142857
49-9041.00,Industrial Machinery Mechanics,2.19,2.93,2.94,3.33,2.65,3.69,2.7142857142857144,1.9487142857142856,3.068142857142857,3.1016,1.9449142857142856,1.5533714285714286
49-9043.00,"Maintenance Workers, Machinery",2.35,3.46,3.58,3.36,3.25,3.7,2.4732142857142856,2.000857142857143,2.458,3.5178857142857143,1.6875,1.3132
49-9044.00,Millwrights,1.86,4.09,3.91,3.09,3.55,4.59,2.4035714285714285,3.0813714285714284,3.0391428571428567,3.7270428571428575,1.9085714285714288,2.2092142857142854
49-9045.00,"Refractory Materials Repairers, Except Brickmasons",1.72,3.62,3.06,3.47,3.98,4.67,2.044642857142857,1.9818714285714285,2.0045,2.120571428571429,1.6875,1.543642857142857
49-9051.00,Electrical Power-Line Installers and Repairers,1.48,3.62,2.79,2.77,3.37,4.11,2.044642857142857,1.858,2.843542857142857,3.4697285714285715,1.9642857142857144,1.1395428571428572
49-9052.00,Telecommunications Line Installers and Repairers,1.8,3.79,3.56,2.39,3.7,4.54,1.9085714285714288,1.9399,2.781428571428571,2.1417,1.822857142857143,1.3215571428571429
49-9061.00,Camera and Photographic Equipment Repairers,1.21,1.4,2.96,1.04,3.34,3.67,1.8571428571428568,1.3087857142857142,2.0005,1.5592857142857142,1.7734857142857143,1.3874285714285717
49-9062.00,Medical Equipment Repairers,1.79,3.03,3.33,1.76,2.5,3.82,2.3857142857142857,2.6950857142857143,2.7506285714285714,1.7926857142857142,1.8057142857142856,1.252
49-9063.00,Musical Instrument Repairers and Tuners,1.14,2.62,3.6,1.11,4.0,3.86,1.8057142857142856,1.8932142857142853,2.1616285714285715,1.865,1.7734857142857143,1.9499285714285717
49-9064.00,Watch and Clock Repairers,1.05,2.07,2.52,1.13,2.72,3.81,1.7571428571428571,1.9807857142857144,3.2036571428571428,2.7353,1.5207142857142857,2.469942857142857
49-9071.00,"Maintenance and Repair Workers, General",2.48,3.1,3.09,3.23,3.43,3.72,1.9449142857142856,2.627414285714286,2.902857142857143,3.028342857142857,1.9449142857142856,1.69
49-9081.00,Wind Turbine Service Technicians,2.12,4.8,4.18,2.71,4.44,4.21,2.392857142857143,2.6216428571428576,2.961071428571429,4.007714285714286,2.0028571428571427,1.712214285714286
49-9091.00,"Coin, Vending, and Amusement Machine Servicers and Repairers",1.88,2.77,4.05,2.0,3.49,3.03,1.8571428571428568,1.7298285714285715,2.086428571428572,1.4992142857142858,1.8057142857142856,1.8208857142857144
49-9092.00,Commercial Divers,1.54,3.48,3.39,2.36,3.17,3.85,2.422142857142857,2.529,2.9188,2.6848,1.9842857142857144,1.8904
49-9094.00,Locksmiths and Safe Repairers,1.58,2.96,3.0,1.81,2.69,3.92,1.604285714285714,2.6588000000000003,2.297142857142857,3.1142857142857143,1.5785714285714287,2.391657142857143
49-9095.00,Manufactured Building and Mobile Home Installers,1.05,3.93,2.65,2.64,4.25,4.24,2.1677714285714287,3.981628571428571,2.9231714285714285,4.196357142857143,2.2071428571428573,2.770371428571429
49-9096.00,Riggers,1.96,3.83,3.55,3.7,3.86,4.61,1.9449142857142856,2.3428,2.781028571428571,2.781,1.9449142857142856,1.4467142857142858
49-9097.00,Signal and Track Switch Repairers,2.0,3.07,3.07,2.07,3.07,3.86,2.4732142857142856,2.1105714285714283,2.103014285714285,2.1237142857142857,1.837942857142857,1.1182857142857143
49-9098.00,"Helpers--Installation, Maintenance, and Repair Workers",2.1,3.16,3.12,2.36,2.94,3.44,1.9085714285714288,2.1752571428571432,2.7035714285714287,2.4518857142857144,1.7934857142857146,1.2147142857142856
49-9099.01,Geothermal Technicians,3.06,2.58,3.73,2.59,3.17,3.58,2.645714285714285,2.234114285714285,2.674514285714286,3.5567714285714285,2.422142857142857,1.8408571428571427
51-1011.00,First-Line Supervisors of Production and Operating Workers,2.3,2.82,3.34,3.83,2.77,4.5,2.023657142857143,2.5204,2.874285714285714,2.6855714285714285,2.524285714285714,2.421857142857143
51-2011.00,"Aircraft Structure, Surfaces, Rigging, and Systems Assemblers",2.17,2.4,3.65,2.39,3.96,3.53,1.8057142857142856,2.5270857142857146,3.000857142857143,3.335028571428571,1.9449142857142856,1.737428571428571
51-2021.00,"Coil Winders, Tapers, and Finishers",1.64,2.0,3.63,2.41,4.65,4.14,1.9449142857142856,2.0318571428571426,2.631642857142857,2.2119285714285715,1.9085714285714288,1.3828
51-2022.00,Electrical and Electronic Equipment Assemblers,1.75,2.07,2.94,2.75,3.78,4.48,1.9085714285714288,2.276542857142857,2.5142857142857142,2.5085,1.872228571428572,1.5785714285714283
51-2023.00,Electromechanical Equipment Assemblers,2.29,2.46,3.55,2.31,3.5,3.78,1.9642857142857144,2.424428571428572,2.9452857142857143,2.4307,1.7385714285714284,1.4396285714285713
51-2031.00,Engine and Other Machine Assemblers,1.87,2.86,3.01,2.66,3.72,4.31,2.0608,1.9978571428571428,2.2157142857142857,3.432571428571429,1.8571428571428568,1.2674
51-2041.00,Structural Metal Fabricators and Fitters,2.08,3.0,2.93,2.77,3.59,4.33,1.6714285714285717,2.363714285714286,2.420842857142857,3.381371428571429,1.7036571428571428,1.5754
51-2051.00,Fiberglass Laminators and Fabricators,1.76,3.18,3.59,2.92,4.2,4.59,1.9085714285714288,1.9528571428571428,2.331185714285714,2.4482285714285714,1.9449142857142856,1.3780285714285716
51-2061.00,Timing Device Assemblers and Adjusters,1.91,1.77,2.23,1.07,1.88,2.91,1.7142857142857144,1.5416285714285711,1.8801142857142856,2.4467,1.7036571428571428,1.1953428571428573
51-2092.00,Team Assemblers,2.09,1.64,2.81,2.86,3.88,4.5,1.8571428571428568,1.8776857142857144,3.0223,2.7388,1.9085714285714288,1.2378857142857145
51-3011.00,Bakers,2.5,1.5,3.08,3.27,3.66,4.32,1.7036571428571428,1.4108,2.1372142857142853,1.6571571428571428,1.9257142857142855,1.2347714285714284
51-3021.00,Butchers and Meat Cutters,2.44,1.34,3.0,3.58,4.26,4.12,1.4542857142857144,1.9128571428571428,2.176628571428572,2.4906,1.822857142857143,1.7661571428571428
51-3022.00,"Meat, Poultry, and Fish Cutters and Trimmers",2.89,2.15,3.52,4.22,4.76,4.59,1.51,2.2670000000000003,2.345,2.378228571428571,1.7485714285714289,1.5461857142857145
51-3023.00,Slaughterers and Meat Packers,1.9,1.72,3.07,4.2,4.28,2.97,1.3571428571428572,1.536714285714286,2.5252285714285714,1.8114285714285716,1.335714285714286,1.392
51-3091.00,"Food and Tobacco Roasting, Baking, and Drying Machine Operators and Tenders",3.22,2.13,3.58,3.83,3.41,4.03,2.354914285714286,2.0582000000000003,2.7898,2.980714285714286,2.071428571428572,1.5866285714285713
51-3092.00,Food Batchmakers,2.77,1.44,4.09,4.29,3.86,4.19,1.9642857142857144,2.387885714285714,2.950971428571429,3.218114285714285,1.8057142857142856,1.263285714285714
51-3093.00,Food Cooking Machine Operators and Tenders,2.89,1.85,3.03,3.49,3.61,4.14,2.1142857142857143,2.468857142857143,2.846342857142857,2.996142857142857,1.872228571428572,1.5910571428571427
51-4021.00,"Extruding and Drawing Machine Setters, Operators, and Tenders, Metal and Plastic",2.73,2.33,3.46,4.76,3.37,4.41,2.2928571428571427,2.2714428571428567,2.735857142857143,3.713628571428572,1.9842857142857144,1.178057142857143
51-4022.00,"Forging Machine Setters, Operators, and Tenders, Metal and Plastic",2.96,2.9,3.56,4.06,3.54,4.47,1.9642857142857144,1.9165,2.5079857142857143,3.047,1.9449142857142856,1.1656
51-4023.00,"Rolling Machine Setters, Operators, and Tenders, Metal and Plastic",2.68,2.31,3.7,4.12,3.75,4.36,2.7142857142857144,2.4356,2.9652,3.93,2.071428571428572,1.7475142857142858
51-4031.00,"Cutting, Punching, and Press Machine Setters, Operators, and Tenders, Metal and Plastic",2.42,2.34,4.13,4.71,4.46,4.14,2.25,1.806142857142857,2.5227142857142857,2.572685714285714,1.8571428571428568,1.1249714285714283
51-4032.00,"Drilling and Boring Machine Tool Setters, Operators, and Tenders, Metal and Plastic",2.67,1.97,3.41,3.87,3.4,4.32,2.4035714285714285,2.231028571428572,2.452,4.198214285714285,1.9449142857142856,1.0577142857142856
51-4033.00,"Grinding, Lapping, Polishing, and Buffing Machine Tool Setters, Operators, and Tenders, Metal and Plastic",2.9,1.84,3.69,4.07,3.76,4.31,2.551428571428572,2.0509,2.738657142857143,3.817428571428571,1.9085714285714288,1.8490285714285712
51-4034.00,"Lathe and Turning Machine Tool Setters, Operators, and Tenders, Metal and Plastic",2.62,2.42,2.88,3.12,3.45,3.26,2.071428571428572,3.145342857142857,3.418928571428572,3.407757142857143,1.8571428571428568,1.9632
51-4035.00,"Milling and Planing Machine Setters, Operators, and Tenders, Metal and Plastic",2.24,2.76,3.28,3.89,3.7,4.1,2.596342857142857,2.426057142857143,3.0416000000000003,4.2164,1.9449142857142856,1.2584857142857142
51-4041.00,Machinists,3.05,1.7,3.89,4.33,4.02,4.22,1.9842857142857144,1.956642857142857,2.6827428571428573,4.305185714285715,1.9449142857142856,1.553114285714286
51-4051.00,Metal-Refining Furnace Operators and Tenders,2.91,2.66,3.83,4.41,4.01,3.39,2.596342857142857,2.153028571428571,3.112428571428571,2.333028571428572,2.1677714285714287,1.396342857142857
51-4052.00,"Pourers and Casters, Metal",2.48,1.65,2.1,3.32,3.62,3.48,1.9449142857142856,1.8033142857142856,2.348814285714285,3.0565714285714285,1.8571428571428568,1.526342857142857
51-4061.00,"Model Makers, Metal and Plastic",2.33,1.37,3.73,3.46,3.29,4.24,2.2071428571428573,1.924,2.6383714285714284,3.4746714285714293,1.9085714285714288,1.191857142857143
51-4062.00,"Patternmakers, Metal and Plastic",2.12,2.71,3.04,3.48,3.37,4.51,2.0608,1.926742857142857,2.2444,3.7394285714285713,1.8914285714285717,1.4457142857142855
51-4071.00,Foundry Mold and Coremakers,2.24,2.06,2.96,3.72,4.03,4.2,1.68,1.7882285714285713,2.666028571428571,2.3752,1.7485714285714289,1.261857142857143
51-4072.00,"Molding, Coremaking, and Casting Machine Setters, Operators, and Tenders, Metal and Plastic",2.42,2.35,3.47,3.93,3.46,3.96,2.3192,1.9184,2.4257,3.5908,1.9085714285714288,1.1098
51-4081.00,"Multiple Machine Tool Setters, Operators, and Tenders, Metal and Plastic",3.02,1.75,2.93,3.95,2.89,4.46,2.7142857142857144,3.0979,3.100371428571428,3.888571428571429,1.9085714285714288,1.4010285714285713
51-4111.00,Tool and Die Makers,1.8,2.31,2.87,3.24,2.9,4.29,1.9642857142857144,2.2285000000000004,2.54,3.0625,1.9085714285714288,1.4169142857142856
51-4121.00,"Welders, Cutters, Solderers, and Brazers",1.76,2.64,3.16,2.64,3.46,4.51,1.625,1.6084,2.165714285714285,1.8305714285714283,1.7857142857142856,1.1603428571428571
51-4122.00,"Welding, Soldering, and Brazing Machine Setters, Operators, and Tenders",2.41,2.84,3.26,3.35,4.22,4.28,2.0608,2.2103,2.7077714285714287,3.319114285714285,1.8571428571428568,1.5891142857142857
51-4191.00,"Heat Treating Equipment Setters, Operators, and Tenders, Metal and Plastic",1.91,2.85,4.14,4.01,3.9,4.6,2.4732142857142856,1.9339,2.200228571428571,3.541714285714286,2.023657142857143,1.0868
51-4192.00,"Layout Workers, Metal and Plastic",2.01,2.92,2.87,2.6,3.68,4.64,1.7857142857142856,2.4184,2.248,3.187342857142857,1.8571428571428568,1.6300571428571429
51-4193.00,"Plating Machine Setters, Operators, and Tenders, Metal and Plastic",2.23,2.0,3.49,3.43,3.47,4.94,2.0028571428571427,1.9233714285714285,2.7904714285714287,2.967314285714285,1.9085714285714288,1.198
51-4194.00,"Tool Grinders, Filers, and Sharpeners",2.16,2.19,2.79,4.12,4.07,4.05,2.4893714285714283,1.7489285714285714,2.4364,3.924285714285714,1.7857142857142856,1.3778285714285714
51-5111.00,Prepress Technicians and Workers,3.08,1.33,3.72,2.43,3.64,4.92,1.8571428571428568,1.7233428571428568,2.6089285714285717,2.053514285714286,1.9085714285714288,1.5075000000000005
51-5112.00,Printing Press Operators,2.61,2.6,3.61,4.04,3.82,4.8,2.354914285714286,2.241142857142857,3.0034,3.652,2.044642857142857,2.4112
51-5113.00,Print Binding and Finishing Workers,2.7,2.47,3.6,3.57,4.19,3.87,2.0608,2.0098000000000003,2.991471428571429,3.2748,1.9085714285714288,1.2981142857142856
51-6011.00,Laundry and Dry-Cleaning Workers,3.27,1.32,3.07,4.12,4.13,3.91,1.6714285714285717,1.5269714285714286,1.8246,2.2576,1.6428571428571428,1.5798857142857146
51-6021.00,"Pressers, Textile, Garment, and Related Materials",2.55,1.69,2.84,4.19,3.68,3.94,1.4542857142857144,1.6462285714285714,1.8522571428571428,2.640571428571429,1.4179428571428572,1.351
51-6031.00,Sewing Machine Operators,1.88,1.56,2.61,3.03,4.44,3.76,1.5300000000000002,1.577342857142857,1.7773857142857143,2.1968,1.7571428571428571,1.266142857142857
51-6041.00,Shoe and Leather Workers and Repairers,2.01,1.83,2.39,2.82,4.29,4.03,1.5693714285714286,2.1111,2.312,2.7782285714285715,1.7485714285714289,1.6878000000000002
51-6042.00,Shoe Machine Operators and Tenders,1.47,2.13,3.75,3.71,4.85,3.89,1.8571428571428568,1.513,1.953142857142857,2.377771428571428,1.822857142857143,1.5068
51-6051.00,"Sewers, Hand",2.12,1.53,3.13,3.82,4.3,3.21,1.335714285714286,1.5244,2.0506,2.55,1.5508,1.0610285714285714
51-6052.00,"Tailors, Dressmakers, and Custom Sewers",2.13,1.03,3.17,3.71,3.58,4.53,1.4542857142857144,1.565,1.4098428571428572,2.7846571428571423,1.655,1.3309714285714285
51-6061.00,Textile Bleaching and Dyeing Machine Operators and Tenders,2.7,2.31,3.51,4.29,3.31,3.82,2.4732142857142856,2.2038857142857142,2.8042,2.923914285714286,1.7857142857142856,1.1675142857142855
51-6062.00,"Textile Cutting Machine Setters, Operators, and Tenders",2.56,2.12,3.27,4.1,3.39,3.88,2.4732142857142856,1.799,2.2662142857142857,2.806,1.9842857142857144,1.471742857142857
51-6063.00,"Textile Knitting and Weaving Machine Setters, Operators, and Tenders",1.87,1.67,3.48,4.2,3.5,4.06,2.0608,2.0240714285714287,2.5539000000000005,3.0160000000000005,1.9085714285714288,1.1500285714285714
51-6064.00,"Textile Winding, Twisting, and Drawing Out Machine Setters, Operators, and Tenders",2.58,1.84,3.36,4.17,4.11,3.27,2.4522285714285714,1.848957142857143,2.136742857142857,2.232357142857143,1.8571428571428568,1.2314142857142856
51-6091.00,"Extruding and Forming Machine Setters, Operators, and Tenders, Synthetic and Glass Fibers",3.11,2.3,3.31,3.61,3.01,3.88,2.662857142857143,2.268214285714286,3.2359857142857145,3.2742571428571425,2.1142857142857143,1.2740571428571428
51-6092.00,Fabric and Apparel Patternmakers,2.21,1.48,3.24,1.66,3.64,4.07,1.822857142857143,2.044,3.0449714285714284,1.5156142857142858,1.9842857142857144,1.2422857142857144
51-6093.00,Upholsterers,1.2,2.34,2.21,2.3,4.14,3.86,1.7734857142857143,1.9952,2.274442857142857,2.1990000000000003,1.8571428571428568,1.7896
51-7011.00,Cabinetmakers and Bench Carpenters,2.13,2.24,2.67,2.31,3.48,4.11,2.1142857142857143,2.2425571428571427,2.357671428571429,3.307257142857143,1.9449142857142856,1.4474285714285715
51-7021.00,Furniture Finishers,1.36,1.23,2.08,2.07,3.63,3.82,1.8571428571428568,2.2702857142857145,2.786928571428572,1.8728571428571428,1.872228571428572,1.5617714285714286
51-7031.00,"Model Makers, Wood",1.87,2.17,3.3,2.78,2.61,4.16,1.9085714285714288,1.6664571428571429,2.2962857142857143,3.595514285714286,1.9085714285714288,1.018
51-7032.00,"Patternmakers, Wood",2.19,1.99,3.71,3.1,2.92,4.14,1.9085714285714288,1.6695714285714285,2.5522,3.7085857142857135,1.9085714285714288,1.736
51-7041.00,"Sawing Machine Setters, Operators, and Tenders, Wood",2.52,2.53,2.85,4.21,3.85,4.18,1.9449142857142856,1.4345714285714286,2.032742857142857,3.168114285714286,1.822857142857143,1.2404285714285714
51-7042.00,"Woodworking Machine Setters, Operators, and Tenders, Except Sawing",2.13,2.99,3.68,3.17,4.34,3.96,2.31,1.6498428571428572,2.0974,3.0614285714285714,1.872228571428572,1.1645714285714286
51-8011.00,Nuclear Power Reactor Operators,3.04,1.94,4.09,2.14,2.44,4.28,2.662857142857143,3.717571428571429,3.810971428571428,3.5703142857142853,2.645714285714285,1.2617285714285713
51-8012.00,Power Distributors and Dispatchers,2.78,2.1,4.35,2.16,3.3,3.94,2.086428571428572,3.5056000000000003,3.6,1.7537857142857145,2.31,2.225357142857143
51-8013.00,Power Plant Operators,2.96,2.96,3.56,2.85,2.96,3.6,2.7142857142857144,2.2996857142857143,3.0131,3.3966857142857143,2.0028571428571427,2.158514285714286
51-8013.03,Biomass Plant Technicians,3.29,2.95,4.33,3.59,2.84,3.46,2.662857142857143,2.6540714285714286,3.1594857142857142,3.411571428571428,2.105,1.6496285714285714
51-8013.04,Hydroelectric Plant Technicians,2.16,3.26,2.92,2.49,2.54,3.23,2.596342857142857,2.353342857142857,3.112771428571428,3.9459,2.4035714285714285,1.415457142857143
51-8021.00,Stationary Engineers and Boiler Operators,2.73,3.38,3.94,3.11,2.71,3.74,2.662857142857143,2.581085714285714,3.188471428571429,3.4168,1.9449142857142856,1.897
51-8031.00,Water and Wastewater Treatment Plant and System Operators,3.04,3.39,3.71,2.79,2.5,4.0,2.6950857142857143,3.3280857142857143,3.3563428571428573,2.8516285714285714,2.354914285714286,2.556657142857143
51-8091.00,Chemical Plant and System Operators,3.64,3.34,4.04,4.41,2.99,4.11,3.005714285714286,2.5677714285714286,3.327785714285714,2.968685714285715,2.4035714285714285,1.3514285714285714
51-8092.00,Gas Plant Operators,3.24,2.64,3.86,3.13,2.77,3.6,2.9522285714285714,2.7841000000000005,3.4572857142857143,2.7747428571428574,2.31,2.071314285714286
51-8093.00,"Petroleum Pump System Operators, Refinery Operators, and Gaugers",3.31,2.75,3.79,3.48,2.94,3.75,2.98,2.134857142857143,3.0250000000000004,2.886571428571428,2.31,1.1388285714285715
51-8099.01,Biofuels Processing Technicians,3.57,3.12,3.89,4.3,2.82,3.93,2.5428571428571427,2.249071428571429,3.4187428571428566,3.176028571428571,2.105,1.4830285714285716
51-9011.00,Chemical Equipment Operators and Tenders,2.88,3.47,3.86,4.15,3.06,4.02,2.596342857142857,2.490571428571428,3.3065714285714285,3.2582857142857145,2.225714285714286,1.6214285714285717
51-9012.00,"Separating, Filtering, Clarifying, Precipitating, and Still Machine Setters, Operators, and Tenders",3.5,3.03,2.99,3.33,2.89,2.95,2.4732142857142856,2.2670000000000003,2.822514285714285,2.624071428571429,1.9449142857142856,1.608
51-9021.00,"Crushing, Grinding, and Polishing Machine Setters, Operators, and Tenders",2.67,2.68,3.28,4.03,3.18,3.72,2.645714285714285,1.8293714285714289,2.684414285714286,2.7355,1.9085714285714288,1.4674857142857145
51-9022.00,"Grinding and Polishing Workers, Hand",2.18,1.36,3.57,3.04,3.86,4.05,2.044642857142857,3.0662714285714285,3.7510857142857135,4.742842857142858,1.6875,2.458
51-9023.00,"Mixing and Blending Machine Setters, Operators, and Tenders",2.53,1.97,4.24,4.09,3.78,4.68,2.216428571428572,2.053514285714286,2.839142857142857,3.6621857142857137,1.9449142857142856,1.2302285714285714
51-9031.00,"Cutters and Trimmers, Hand",2.22,1.04,2.6,2.7,4.04,3.75,1.3785714285714286,1.6314285714285717,1.9844,2.0013,1.655,1.234
51-9032.00,"Cutting and Slicing Machine Setters, Operators, and Tenders",2.92,2.35,3.84,3.97,4.07,3.93,2.422142857142857,2.149914285714286,2.8166,3.185114285714285,2.0028571428571427,1.5568
51-9041.00,"Extruding, Forming, Pressing, and Compacting Machine Setters, Operators, and Tenders",3.23,2.84,3.66,4.34,3.32,3.92,2.4732142857142856,2.0507857142857144,2.9378714285714285,3.486828571428571,2.0608,1.1966285714285714
51-9051.00,"Furnace, Kiln, Oven, Drier, and Kettle Operators and Tenders",2.82,2.53,3.37,3.55,3.51,2.84,2.44,1.8228142857142855,3.0876714285714284,3.280742857142857,1.9449142857142856,1.3672
51-9061.00,"Inspectors, Testers, Sorters, Samplers, and Weighers",2.15,2.65,3.63,3.13,3.17,3.72,1.8914285714285717,2.6447142857142856,3.0460714285714285,2.2474,1.8914285714285717,1.331714285714286
51-9071.00,Jewelers and Precious Stone and Metal Workers,1.5,1.56,3.53,1.3,3.2,4.64,1.28,1.8844285714285716,2.569628571428572,3.029714285714286,1.75,2.045
51-9071.06,Gem and Diamond Workers,2.57,1.21,4.51,1.4,3.8,3.7,1.625,1.6300428571428571,2.201028571428571,2.0528,1.8571428571428568,1.981142857142857
51-9081.00,Dental Laboratory Technicians,1.97,1.34,3.75,2.69,4.09,4.81,1.9085714285714288,2.4864571428571427,2.8018,2.805528571428572,1.8571428571428568,1.987685714285714
51-9082.00,Medical Appliance Technicians,1.78,2.09,3.21,2.04,3.51,4.39,2.071428571428572,2.120428571428572,2.648028571428571,2.345485714285714,2.0028571428571427,1.7093
51-9083.00,Ophthalmic Laboratory Technicians,3.18,1.63,4.14,3.9,4.18,4.58,1.872228571428572,1.7792714285714284,2.173914285714286,2.304257142857143,1.822857142857143,1.2837714285714286
51-9111.00,Packaging and Filling Machine Operators and Tenders,2.56,2.56,3.97,4.6,4.11,4.44,2.044642857142857,2.3363571428571426,2.8478857142857144,2.342,1.872228571428572,1.1728
51-9123.00,"Painting, Coating, and Decorating Workers",2.19,2.08,2.43,2.31,3.83,2.86,1.36,1.910285714285714,2.4811428571428573,1.2816571428571428,1.7036571428571428,2.097657142857143
51-9124.00,"Coating, Painting, and Spraying Machine Setters, Operators, and Tenders",1.82,2.3,2.73,3.42,4.61,4.23,2.31,2.0792,2.8076857142857143,2.586214285714286,1.9085714285714288,2.2502285714285715
51-9141.00,Semiconductor Processing Technicians,2.83,2.69,3.79,3.49,3.14,3.86,2.31,2.5190714285714284,2.935,3.261000000000001,1.9642857142857144,1.2429142857142856
51-9151.00,Photographic Process Workers and Processing Machine Operators,3.22,2.39,3.25,1.77,3.22,4.01,2.1142857142857143,1.544,1.9299428571428567,2.7634857142857143,1.9842857142857144,1.7857142857142856
51-9161.00,Computer Numerically Controlled Tool Operators,3.26,1.69,4.01,3.94,3.33,4.41,2.729371428571429,2.313771428571428,2.679728571428572,4.126857142857142,2.354914285714286,1.319
51-9162.00,Computer Numerically Controlled Tool Programmers,2.79,1.93,3.97,3.81,2.92,4.2,2.211428571428572,2.212085714285714,2.845471428571429,3.2894857142857146,2.25,1.4032
51-9191.00,Adhesive Bonding Machine Operators and Tenders,2.84,2.92,3.65,4.0,3.73,4.11,2.571428571428571,1.9350714285714288,2.602514285714286,3.530285714285714,1.9449142857142856,1.0806142857142855
51-9192.00,"Cleaning, Washing, and Metal Pickling Equipment Operators and Tenders",2.44,2.49,3.07,3.61,3.44,4.09,1.872228571428572,2.4382,3.081042857142857,2.703642857142857,1.8057142857142856,1.4068857142857143
51-9193.00,Cooling and Freezing Equipment Operators and Tenders,2.98,2.58,3.74,3.87,2.4,4.06,2.596342857142857,2.460814285714286,3.0871714285714287,3.52,2.2071428571428573,1.5967428571428572
51-9194.00,Etchers and Engravers,2.28,2.19,3.35,2.69,3.01,4.25,1.9085714285714288,1.9662428571428572,2.196885714285714,2.8144,1.872228571428572,1.4064
51-9195.00,"Molders, Shapers, and Casters, Except Metal and Plastic",2.73,2.18,3.49,3.77,4.28,4.11,1.7734857142857143,2.0937142857142854,2.1696,2.5694,1.625,1.2755857142857143
51-9195.03,"Stone Cutters and Carvers, Manufacturing",2.33,1.56,3.32,3.43,4.34,4.23,1.51,2.282057142857143,2.886,3.614857142857143,1.7036571428571428,1.7425714285714284
51-9195.04,"Glass Blowers, Molders, Benders, and Finishers",2.42,2.69,3.01,3.51,3.8,3.37,2.02,1.7903142857142855,2.2912428571428576,3.2805714285714287,1.9642857142857144,1.031542857142857
51-9195.05,"Potters, Manufacturing",1.81,1.52,3.86,1.09,3.98,3.0,2.0028571428571427,1.6562285714285716,2.2359714285714283,3.1945857142857146,1.8571428571428568,2.0599285714285718
51-9196.00,"Paper Goods Machine Setters, Operators, and Tenders",2.36,3.22,3.43,4.11,3.62,4.27,2.1677714285714287,1.9218857142857144,2.7717142857142854,3.4624,1.8571428571428568,1.4038285714285714
51-9197.00,Tire Builders,2.09,2.28,3.75,3.67,4.66,4.15,2.023657142857143,2.2192,2.8413714285714287,3.260342857142857,1.822857142857143,1.6546857142857143
51-9198.00,Helpers--Production Workers,2.62,2.9,3.21,3.87,4.06,4.09,1.625,1.866142857142857,2.116,2.9327428571428573,1.6391999999999998,1.3657142857142857
53-1041.00,Aircraft Cargo Handling Supervisors,2.56,2.67,3.88,2.75,3.14,4.69,1.595,3.1028571428571428,3.0481714285714285,2.583542857142857,2.4522285714285714,2.0450142857142857
53-1042.00,"First-Line Supervisors of Helpers, Laborers, and Material Movers, Hand",2.71,1.61,3.54,2.72,2.82,4.52,1.6875,2.446685714285714,3.104457142857143,1.8106142857142855,2.19,2.2799714285714288
53-1042.01,Recycling Coordinators,2.23,1.64,3.25,2.09,2.27,3.69,1.542142857142857,2.717085714285714,2.564742857142857,1.5393142857142856,2.25,2.7316857142857143
53-1043.00,First-Line Supervisors of Material-Moving Machine and Vehicle Operators,2.4,2.04,3.62,3.45,2.35,3.97,1.5357142857142858,2.744142857142857,2.5339857142857145,2.3255,2.3392857142857144,1.846857142857143
53-2011.00,"Airline Pilots, Copilots, and Flight Engineers",3.58,2.85,3.97,3.4,3.01,4.54,3.523657142857143,4.015257142857143,4.2807,3.743714285714285,2.894285714285714,1.6255428571428572
53-2012.00,Commercial Pilots,2.06,3.09,3.67,1.98,2.68,3.77,3.2935714285714286,4.2574000000000005,4.005542857142857,4.702857142857143,2.782857142857143,2.6327285714285718
53-2021.00,Air Traffic Controllers,3.58,1.29,4.67,2.28,3.52,3.41,2.0028571428571427,3.003742857142857,3.642914285714286,1.4135857142857144,2.821428571428571,1.2063142857142857
53-2022.00,Airfield Operations Specialists,2.61,2.25,4.45,2.13,2.87,4.1,1.822857142857143,3.5021714285714283,3.3478857142857144,2.2119285714285715,2.765714285714286,1.6912000000000005
53-2031.00,Flight Attendants,2.3,4.18,3.8,2.43,3.34,4.46,1.4179428571428572,2.9327428571428573,2.928228571428572,1.3900714285714286,2.3906285714285715,1.2600571428571428
53-3011.00,"Ambulance Drivers and Attendants, Except Emergency Medical Technicians",2.24,3.39,3.86,1.59,2.98,3.78,1.655,2.2393857142857145,2.8285,1.9045,1.822857142857143,1.9686857142857144
53-3031.00,Driver/Sales Workers,2.13,3.39,4.41,2.25,4.24,4.92,1.4285714285714286,1.939,2.1421714285714284,1.5994857142857144,1.7036571428571428,1.1449714285714283
53-3032.00,Heavy and Tractor-Trailer Truck Drivers,1.79,2.43,3.54,2.93,3.65,4.24,2.225714285714286,2.3807714285714283,2.711542857142857,1.855214285714286,1.9085714285714288,1.2680285714285715
53-3033.00,Light Truck Drivers,2.67,2.11,3.43,2.4,2.76,4.19,1.625,2.1430285714285717,2.624428571428572,2.100714285714286,1.8328571428571427,1.324757142857143
53-3051.00,"Bus Drivers, School",1.67,1.8,2.51,2.62,3.85,3.77,1.8328571428571427,2.073828571428572,3.0652857142857144,1.750857142857143,2.0608,1.191657142857143
53-3052.00,"Bus Drivers, Transit and Intercity",2.27,2.0,3.06,2.73,3.89,3.84,2.1228571428571428,1.9389,2.6131,1.9315,1.7142857142857144,1.142
53-3053.00,Shuttle Drivers and Chauffeurs,1.48,1.88,3.26,2.42,3.33,4.13,1.7208,2.5293,2.648771428571429,1.5573571428571429,2.0028571428571427,1.3107142857142855
53-4011.00,Locomotive Engineers,1.75,3.47,3.61,2.81,3.92,4.38,2.7142857142857144,3.1133428571428574,3.1713714285714283,3.8158428571428575,2.4035714285714285,1.5328
53-4013.00,"Rail Yard Engineers, Dinkey Operators, and Hostlers",1.88,2.88,3.27,2.02,3.85,3.48,2.354914285714286,3.2378,3.1985714285714284,3.7018,2.1677714285714287,1.738257142857143
53-4022.00,"Railroad Brake, Signal, and Switch Operators and Locomotive Firers",1.8,3.21,3.66,2.73,3.92,4.15,2.1492,2.9668,3.0814285714285714,2.6802,2.1142857142857143,1.1595
53-4031.00,Railroad Conductors and Yardmasters,2.21,2.8,3.68,2.87,3.0,3.41,2.0608,2.301714285714286,2.3727,2.327114285714286,2.571428571428571,1.2591285714285714
53-4041.00,Subway and Streetcar Operators,2.06,2.4,4.0,3.73,4.39,3.82,2.5428571428571427,2.533771428571429,2.786942857142857,2.7177571428571428,2.0028571428571427,1.1009714285714285
53-5011.00,Sailors and Marine Oilers,1.52,3.63,3.42,3.03,3.64,4.0,2.5428571428571427,1.849357142857143,3.312985714285714,3.4813142857142854,2.0028571428571427,1.6294857142857144
53-5021.00,"Captains, Mates, and Pilots of Water Vessels",1.8,2.98,3.57,2.82,3.09,3.98,2.2308,2.583414285714285,3.125714285714285,3.2258714285714287,2.2071428571428573,1.7446285714285716
53-5022.00,Motorboat Operators,2.19,2.02,3.61,2.45,2.63,4.13,2.422142857142857,2.029,3.0271428571428576,3.2757142857142854,2.1492,1.2943428571428572
53-5031.00,Ship Engineers,2.28,4.07,3.86,2.55,2.87,3.81,2.596342857142857,2.6751571428571426,3.1741714285714284,3.5813428571428574,2.4035714285714285,1.839742857142857
53-6011.00,Bridge and Lock Tenders,2.89,1.8,3.53,2.26,2.6,3.1,1.8571428571428568,1.8394285714285716,2.2272857142857143,3.0215,1.9642857142857144,1.3012857142857142
53-6021.00,Parking Attendants,2.59,1.37,3.17,2.23,3.79,2.99,1.335714285714286,1.5511285714285714,1.6435,1.629,1.595,1.1122
53-6031.00,Automotive and Watercraft Service Attendants,1.68,2.99,2.68,2.15,3.79,4.6,1.5300000000000002,2.0831142857142857,2.2196571428571428,2.9321714285714284,1.595,1.3762
53-6041.00,Traffic Technicians,2.57,1.61,3.82,2.08,3.13,4.23,1.7385714285714284,2.2830714285714286,2.577371428571429,1.9314142857142853,1.9449142857142856,1.2808857142857142
53-6051.00,Transportation Inspectors,2.17,3.26,3.43,1.71,2.1,3.78,1.655,3.1919857142857144,3.1916571428571427,1.2633142857142856,2.1492,1.4217142857142857
53-6051.01,Aviation Inspectors,2.57,3.69,4.35,1.54,3.17,4.11,2.571428571428571,4.052785714285715,3.3769285714285715,1.6981714285714289,2.1492,1.6104714285714286
53-6051.07,"Transportation Vehicle, Equipment and Systems Inspectors, Except Aviation",1.77,2.7,3.27,2.93,3.08,4.24,2.0028571428571427,2.4265428571428576,1.673157142857143,2.0034,1.7734857142857143,1.1636285714285717
53-6061.00,Passenger Attendants,2.06,1.82,2.42,1.37,2.72,2.92,1.51,1.1872,1.5391714285714286,1.0847714285714285,2.044642857142857,1.1367142857142858
53-7011.00,Conveyor Operators and Tenders,2.62,2.15,3.0,4.58,2.97,4.05,2.7142857142857144,2.1952,2.9337,3.1195,2.0608,1.4393714285714283
53-7021.00,Crane and Tower Operators,2.13,2.82,2.96,3.77,3.61,3.8,2.2767857142857144,2.525714285714286,2.8465714285714285,3.4384857142857137,1.9085714285714288,1.4205142857142856
53-7031.00,Dredge Operators,3.0,2.13,2.41,2.35,3.8,3.01,2.2928571428571427,1.7021857142857142,2.155,3.0441285714285717,1.7734857142857143,1.3218285714285714
53-7041.00,Hoist and Winch Operators,2.58,4.2,3.37,4.32,4.56,4.75,2.1228571428571428,1.5689285714285712,3.0967857142857143,3.409142857142857,1.980628571428572,2.023257142857142
53-7051.00,Industrial Truck and Tractor Operators,1.98,2.96,2.97,3.64,4.2,4.49,1.9257142857142855,2.355,2.614514285714286,2.373428571428571,1.655,1.7593714285714286
53-7061.00,Cleaners of Vehicles and Equipment,1.65,3.12,3.12,1.95,4.43,4.2,1.8057142857142856,1.7333714285714286,2.140485714285714,2.133657142857143,1.5625,1.8589285714285717
53-7062.00,"Laborers and Freight, Stock, and Material Movers, Hand",2.05,3.39,4.06,3.29,3.91,3.74,1.5785714285714287,1.7680000000000002,1.555342857142857,1.414,1.5300000000000002,1.1432571428571427
53-7062.04,Recycling and Reclamation Workers,2.07,2.49,2.63,3.12,4.02,3.5,1.8328571428571427,1.6093857142857142,2.3811142857142857,3.004342857142857,1.8328571428571427,1.7346857142857144
53-7063.00,Machine Feeders and Offbearers,2.89,1.92,3.18,4.11,3.68,3.71,2.1492,1.7000000000000002,1.8848285714285715,2.8204,1.822857142857143,1.1248571428571428
53-7064.00,"Packers and Packagers, Hand",2.12,1.65,3.87,3.04,3.88,4.22,1.24,1.9548,2.9382857142857146,2.0434,1.605714285714286,1.534857142857143
53-7065.00,Stockers and Order Fillers,1.98,1.7,3.68,1.47,3.46,3.44,1.3125,1.4542857142857144,1.8178,1.5643000000000002,1.7036571428571428,1.4834285714285715
53-7071.00,Gas Compressor and Gas Pumping Station Operators,2.77,2.81,3.74,3.61,2.49,3.76,2.662857142857143,3.013128571428571,3.288685714285714,3.943428571428572,1.9085714285714288,1.884128571428572
53-7072.00,"Pump Operators, Except Wellhead Pumpers",2.11,2.62,4.0,2.64,3.7,3.31,2.5428571428571427,2.485314285714286,3.3546428571428573,2.7568571428571427,2.2071428571428573,1.7618285714285715
53-7073.00,Wellhead Pumpers,2.0,3.23,3.55,2.35,2.71,3.52,2.662857142857143,2.3540714285714284,2.9992857142857146,2.984,1.9842857142857144,1.9166714285714288
53-7081.00,Refuse and Recyclable Material Collectors,2.33,1.86,3.41,2.78,4.32,3.74,1.7485714285714289,1.8355857142857144,1.9250285714285715,2.1395,1.4285714285714286,1.0378857142857143
53-7121.00,"Tank Car, Truck, and Ship Loaders",1.87,3.6,4.45,3.56,3.8,4.47,2.327857142857143,2.9276,3.777057142857143,2.986857142857143,1.8914285714285717,1.5883428571428573
