O*NET-SOC Code,Title,Arm-Hand Steadiness Combined,Control Precision Combined,Depth Perception Combined,Dynamic Strength Combined,Exposed to Contaminants,"Exposed to Cramped Work Space, Awkward Positions",Exposed to Disease or Infections,Exposed to Extremely Bright or Inadequate Lighting Conditions,Exposed to Hazardous Conditions,Exposed to Hazardous Equipment,Exposed to High Places,"Exposed to Minor Burns, Cuts, Bites, or Stings",Exposed to Radiation,"Exposed to Sounds, Noise Levels that are Distracting or Uncomfortable",Exposed to Very Hot or Cold Temperatures,Exposed to Whole Body Vibration,Far Vision Combined,Finger Dexterity Combined,Gross Body Coordination Combined,Gross Body Equilibrium Combined,Handling and Moving Objects Combined,Hearing Sensitivity Combined,In an Enclosed Vehicle or Operate Enclosed Equipment,Manual Dexterity Combined,Multilimb Coordination Combined,Near Vision Combined,"Outdoors, Exposed to All Weather Conditions","Outdoors, Under Cover",Perceptual Speed Combined,Peripheral Vision Combined,Reaction Time Combined,Spatial Orientation Combined,Spend Time Bending or Twisting Your Body,"Spend Time Climbing Ladders, Scaffolds, or Poles","Spend Time Kneeling, Crouching, Stooping, or Crawling",Spend Time Sitting,Spend Time Standing,"Spend Time Using Your Hands to Handle, Control, or Feel Objects, Tools, or Controls",Spend Time Walking or Running,Stamina Combined,Static Strength Combined,Trunk Strength Combined,Visualization Combined,"Wear Common Protective or Safety Equipment such as Safety Shoes, Glasses, Gloves, Hearing Protection, Hard Hats, or Life Jackets","Wear Specialized Protective or Safety Equipment such as Breathing Apparatus, Safety Harness, Full Protection Suits, or Radiation Protection"
11-1011.00,Chief Executives,1.0271428571428571,1.0803571428571428,1.147857142857143,1.0089285714285714,1.41,1.2,1.37,1.36,1.33,1.38,1.14,1.23,1.0,2.08,1.59,1.12,1.9285714285714288,1.0714285714285714,1.0,1.0,1.2555428571428573,1.32,3.13,1.0,1.0803571428571428,2.684285714285714,2.12,1.84,1.8571428571428568,1.0089285714285714,1.0206285714285714,1.0271428571428571,1.47,1.06,1.13,4.18,2.13,2.17,1.72,1.0,1.0,1.0336571428571428,1.9657142857142855,1.77,1.21
11-1011.03,Chief Sustainability Officers,1.0,1.0357142857142856,1.25,1.0,1.59,1.37,1.04,1.52,1.37,1.38,1.48,1.48,1.15,2.15,1.63,1.19,1.7385714285714284,1.147857142857143,1.0,1.0,1.0817142857142856,1.25,2.93,1.0,1.0357142857142856,2.096342857142857,2.23,2.0,1.3785714285714286,1.0,1.0,1.0,1.33,1.38,1.3,3.89,2.31,1.73,1.89,1.0,1.0,1.0271428571428571,1.7200000000000002,1.89,1.37
11-1021.00,General and Operations Managers,1.077942857142857,1.0020571428571428,1.2036571428571428,1.0020571428571428,1.64,1.19,1.21,1.63,1.34,1.36,1.31,1.56,1.0,1.8,2.33,1.05,1.6364285714285711,1.0357142857142856,1.0442857142857145,1.0206285714285714,1.3742857142857143,1.1607142857142858,3.48,1.0357142857142856,1.0357142857142856,2.2071428571428573,2.93,1.79,1.4435714285714285,1.0089285714285714,1.0549142857142857,1.0442857142857145,1.96,1.32,1.78,3.09,2.9,2.42,2.53,1.077942857142857,1.062857142857143,1.3008,1.6875,3.06,1.18
11-2011.00,Advertising and Promotions Managers,1.0271428571428571,1.0020571428571428,1.1071428571428572,1.0,1.42,1.38,1.03,1.48,1.06,1.2,1.16,1.27,1.0,2.36,1.47,1.03,1.837942857142857,1.0992,1.0,1.0,1.378,1.1339285714285714,2.28,1.0206285714285714,1.0,2.6185714285714288,2.46,2.0,1.7385714285714284,1.0,1.0,1.0,1.31,1.09,1.37,4.33,2.11,2.07,1.97,1.0,1.0,1.077942857142857,2.0028571428571427,1.24,1.0
11-2021.00,Marketing Managers,1.0020571428571428,1.0,1.0803571428571428,1.0089285714285714,1.54,1.2,1.07,1.34,1.06,1.46,1.08,1.09,1.33,2.4,1.5,1.02,1.8728571428571428,1.1339285714285714,1.0,1.0,1.0428142857142857,1.1885714285714286,2.26,1.0,1.0,2.3392857142857144,1.38,1.25,1.7200000000000002,1.0,1.0,1.0,1.22,1.02,1.26,4.36,2.09,2.31,1.95,1.0,1.0,1.0942857142857143,1.8571428571428568,1.3,1.04
11-2022.00,Sales Managers,1.0020571428571428,1.0206285714285714,1.0357142857142856,1.0,1.42,1.14,1.15,1.48,1.15,1.35,1.05,1.05,1.0,2.05,1.53,1.05,1.6875,1.0357142857142856,1.0,1.0,1.0217142857142858,1.0885714285714283,3.67,1.0206285714285714,1.0089285714285714,2.023657142857143,1.85,1.62,1.5207142857142857,1.0,1.0,1.0442857142857145,1.25,1.0,1.1,4.1,2.4,1.65,1.85,1.0,1.0,1.157142857142857,1.4464285714285716,1.45,1.1
11-2033.00,Fundraising Managers,1.0,1.0020571428571428,1.0,1.0803571428571428,1.13,1.29,1.0,1.25,1.0,1.0,1.04,1.0,1.0,1.44,1.01,1.0,1.75,1.0020571428571428,1.0,1.0,1.1717714285714285,1.1734857142857142,1.63,1.0020571428571428,1.0,2.3192,1.53,1.54,1.3392000000000002,1.0,1.0,1.0089285714285714,1.09,1.0,1.21,4.88,1.9,2.08,1.47,1.0,1.0,1.3193714285714284,1.32,1.0,1.04
11-3012.00,Administrative Services Managers,1.32,1.25,1.231428571428571,1.0535714285714286,2.12,1.52,1.93,1.59,1.43,1.49,1.43,1.74,1.0,2.73,1.82,1.03,1.6875,1.4542857142857144,1.0442857142857145,1.0442857142857145,2.2810714285714284,1.3392000000000002,2.14,1.231428571428571,1.0885714285714283,2.354914285714286,1.79,1.69,1.595,1.0442857142857145,1.062857142857143,1.0357142857142856,1.71,1.33,1.67,3.66,2.49,2.24,2.48,1.0271428571428571,1.0885714285714283,1.1339285714285714,1.7385714285714284,1.82,1.14
11-3013.00,Facilities Managers,1.5785714285714287,1.4928571428571429,1.4179428571428572,1.1885714285714286,2.9,2.08,1.67,1.95,2.47,2.62,2.19,2.14,1.01,2.97,2.28,1.28,1.9085714285714288,1.4691999999999998,1.1885714285714286,1.1734857142857142,2.426342857142857,1.32,2.71,1.51,1.32,2.25,2.66,2.1,1.6875,1.3008,1.302857142857143,1.5357142857142858,2.08,1.83,1.92,3.34,2.93,2.59,2.62,1.3008,1.25,1.5785714285714287,1.6364285714285711,3.01,1.57
11-3013.01,Security Managers,1.36,1.22,1.32,1.25,2.26,1.8,1.56,2.4,1.88,2.05,1.7,1.68,1.25,3.05,2.68,1.21,2.2928571428571427,1.2363428571428572,1.231428571428571,1.197142857142857,1.8957142857142852,1.625,2.85,1.28,1.28,2.422142857142857,3.0,2.5,1.9257142857142855,1.2592,1.3008,1.3193714285714284,1.72,1.53,1.75,3.5,2.47,2.21,2.37,1.2678571428571428,1.335714285714286,1.4691999999999998,1.8057142857142856,2.94,1.7
11-3021.00,Computer and Information Systems Managers,1.3571428571428572,1.2857142857142856,1.12,1.0357142857142856,1.49,1.57,1.05,1.33,1.36,1.15,1.27,1.32,1.02,2.31,1.22,1.0,1.7200000000000002,1.32,1.0,1.0,1.219142857142857,1.1607142857142858,1.27,1.32,1.0206285714285714,2.4732142857142856,1.17,1.13,1.6875,1.0,1.0089285714285714,1.0020571428571428,1.26,1.15,1.32,4.58,1.57,2.94,1.64,1.0,1.0,1.12,1.8571428571428568,1.51,1.06
11-3031.00,Financial Managers,1.0942857142857143,1.0135714285714286,1.0442857142857145,1.0,1.55,1.08,1.03,1.1,1.0,1.0,1.06,1.06,1.0,2.28,1.18,1.0,1.3785714285714286,1.12,1.0,1.0,1.0913714285714289,1.0714285714285714,1.45,1.0942857142857143,1.0,2.6185714285714288,1.39,1.3,1.7036571428571428,1.0042857142857142,1.0,1.0,1.2,1.0,1.13,4.42,1.98,2.61,1.57,1.0042857142857142,1.0,1.1734857142857142,1.3392000000000002,1.0,1.0
11-3031.01,Treasurers and Controllers,1.0,1.0,1.0549142857142857,1.0089285714285714,1.04,1.0,1.08,1.04,1.0,1.0,1.04,1.04,1.0,2.2,1.12,1.0,1.5165142857142857,1.32,1.0,1.0,1.0347428571428572,1.12,1.28,1.0020571428571428,1.0,2.765714285714286,1.04,1.04,1.9449142857142856,1.0,1.0,1.0,1.25,1.0,1.12,4.64,1.72,1.83,1.44,1.0,1.0,1.062857142857143,1.5165142857142857,1.0,1.0
11-3031.03,Investment Fund Managers,1.0,1.0,1.077942857142857,1.0,1.09,1.11,1.0,1.06,1.0,1.0,1.0,1.02,1.0,2.44,1.05,1.0,1.7734857142857143,1.335714285714286,1.0,1.0,1.0091428571428571,1.231428571428571,1.59,1.0,1.0,2.4522285714285714,1.15,1.07,1.8571428571428568,1.0,1.0,1.0,1.02,1.0,1.0,4.75,1.7,2.1,1.26,1.0,1.0,1.0,1.6875,1.02,1.0
11-3051.00,Industrial Production Managers,1.4435714285714285,1.4017857142857142,1.32,1.1071428571428572,3.47,1.97,1.22,2.21,2.2,3.35,2.04,2.57,1.06,3.76,2.7,1.45,1.822857142857143,1.5357142857142858,1.2142857142857144,1.0271428571428571,2.6203000000000003,1.25,2.38,1.3125,1.25,2.125,2.32,1.97,1.9085714285714288,1.0206285714285714,1.4017857142857142,1.0942857142857143,1.71,1.38,1.55,2.73,3.47,2.71,3.05,1.2036571428571428,1.2142857142857144,1.4691999999999998,1.9842857142857144,4.59,1.61
11-3051.01,Quality Control Systems Managers,1.4691999999999998,1.4249999999999998,1.36,1.0135714285714286,2.88,1.27,1.66,1.42,2.59,2.01,1.43,1.28,1.0,2.47,2.09,1.0,2.0028571428571427,1.4017857142857142,1.0135714285714286,1.0020571428571428,1.7190857142857143,1.4435714285714285,1.25,1.4017857142857142,1.1885714285714286,2.662857142857143,1.9,1.23,2.125,1.0,1.077942857142857,1.0135714285714286,1.26,1.18,1.37,3.6,2.67,1.78,2.31,1.0357142857142856,1.0206285714285714,1.1885714285714286,1.75,3.43,1.35
11-3051.02,Geothermal Production Managers,1.4435714285714285,1.6063428571428573,1.394285714285714,1.0135714285714286,3.42,1.62,1.14,2.47,3.42,3.33,2.73,2.32,1.14,3.89,3.43,1.29,1.9842857142857144,1.7385714285714284,1.0135714285714286,1.2036571428571428,1.4922285714285717,1.5508,4.71,1.3785714285714286,1.4542857142857144,2.105,4.09,2.82,1.9285714285714288,1.1339285714285714,1.3808,1.25,1.71,1.79,1.5,3.56,2.6,1.71,2.19,1.0020571428571428,1.0221428571428572,1.32,1.8571428571428568,4.74,2.02
11-3051.03,Biofuels Production Managers,1.655,1.4435714285714285,1.3008,1.0885714285714283,3.87,2.6,1.4,2.85,4.12,3.15,3.45,2.9,1.07,3.95,4.08,1.7,1.9449142857142856,1.335714285714286,1.1071428571428572,1.157142857142857,1.4406714285714286,1.6665142857142858,2.81,1.394285714285714,1.3008,2.2928571428571427,4.03,3.52,2.1635714285714283,1.0,1.6150857142857142,1.0020571428571428,1.83,2.09,1.93,3.28,2.62,2.51,2.4,1.231428571428571,1.2142857142857144,1.4179428571428572,1.75,4.64,2.7
11-3051.04,Biomass Power Plant Managers,1.6875,1.5142857142857142,1.34,1.0442857142857145,4.06,2.48,1.3,3.37,3.07,3.5,3.75,2.48,1.14,4.27,3.68,1.27,1.9842857142857144,1.6063428571428573,1.197142857142857,1.2036571428571428,2.0248,1.4249999999999998,2.54,1.4017857142857142,1.3392000000000002,2.216428571428572,3.63,2.9,2.023657142857143,1.0271428571428571,1.36,1.1071428571428572,2.39,1.95,1.93,3.51,2.46,2.4,2.53,1.197142857142857,1.2592,1.4017857142857142,1.78,4.79,2.01
11-3051.06,Hydroelectric Production Managers,1.5892857142857142,1.5614285714285714,1.4464285714285716,1.0885714285714283,2.91,2.4,1.31,2.75,3.36,2.91,2.58,2.44,1.09,4.02,3.42,1.58,1.837942857142857,1.4928571428571429,1.0,1.1339285714285714,1.5175142857142858,1.6665142857142858,3.9,1.4464285714285716,1.28,2.25,3.51,2.82,2.4035714285714285,1.1339285714285714,1.5892857142857142,1.394285714285714,2.08,1.84,1.95,3.7,2.22,2.48,2.32,1.0135714285714286,1.0,1.4017857142857142,2.086428571428572,4.73,2.33
11-3061.00,Purchasing Managers,1.0,1.0,1.16,1.0442857142857145,1.68,1.16,1.16,1.53,1.26,1.39,1.32,1.05,1.16,2.22,1.58,1.16,1.5785714285714287,1.0,1.0,1.0,1.1776,1.2857142857142856,2.05,1.0,1.0,2.205357142857143,1.74,1.58,1.75,1.0,1.0,1.0,1.33,1.06,1.26,4.53,1.84,1.63,1.63,1.0,1.0,1.12,1.3571428571428572,1.84,1.32
11-3071.00,"Transportation, Storage, and Distribution Managers",1.0992,1.12,1.24,1.0357142857142856,2.43,1.5,1.22,1.89,1.77,2.31,1.73,1.52,1.11,3.16,2.28,1.2,1.9642857142857144,1.1339285714285714,1.0,1.0,1.6903714285714284,1.3008,3.09,1.1071428571428572,1.0535714285714286,2.375,2.77,2.0,1.7734857142857143,1.12,1.0942857142857143,1.197142857142857,1.8,1.32,1.53,3.6,2.52,2.83,2.35,1.0,1.0,1.3008,1.5785714285714287,3.22,1.7
11-3071.04,Supply Chain Managers,1.0,1.0020571428571428,1.197142857142857,1.0,1.65,1.33,1.1,1.95,1.25,1.29,1.52,1.15,1.1,3.0,2.2,1.2,1.8057142857142856,1.1734857142857142,1.0,1.0,1.372,1.2363428571428572,2.38,1.0,1.0,2.31,2.1,1.81,1.7734857142857143,1.0,1.0,1.0,1.3,1.19,1.14,3.95,2.3,1.81,1.95,1.0,1.0,1.0664285714285715,1.6665142857142858,2.95,1.62
11-3111.00,Compensation and Benefits Managers,1.0089285714285714,1.0,1.0,1.0089285714285714,1.05,1.19,1.0,1.19,1.0,1.0,1.0,1.0,1.0,2.29,1.05,1.0,1.3392000000000002,1.0020571428571428,1.0,1.0,1.0685714285714285,1.0549142857142857,1.33,1.0,1.0,2.2071428571428573,1.05,1.05,1.3785714285714286,1.0,1.0,1.0,1.1,1.05,1.15,4.9,1.81,2.2,1.55,1.0,1.0,1.1339285714285714,1.231428571428571,1.0,1.0
11-3121.00,Human Resources Managers,1.0020571428571428,1.0020571428571428,1.0357142857142856,1.0206285714285714,1.27,1.32,1.68,1.43,1.32,1.1,1.05,1.27,1.0,2.0,1.41,1.0,1.7734857142857143,1.0336571428571428,1.0,1.0,1.1855428571428572,1.12,1.91,1.0020571428571428,1.0,2.7142857142857144,1.55,1.41,1.6063428571428573,1.0,1.0,1.0020571428571428,1.59,1.05,1.32,4.23,2.3,1.86,1.91,1.0,1.0,1.1785714285714286,1.32,1.73,1.32
11-3131.00,Training and Development Managers,1.0357142857142856,1.0089285714285714,1.0442857142857145,1.0206285714285714,1.25,1.04,1.07,1.32,1.14,1.11,1.0,1.0,1.0,1.75,1.18,1.0,1.94,1.12,1.0,1.0,1.1307142857142858,1.1339285714285714,1.25,1.0549142857142857,1.0,2.4732142857142856,1.25,1.32,1.7200000000000002,1.0,1.0,1.0,1.21,1.04,1.25,4.39,2.25,2.0,1.54,1.0020571428571428,1.0,1.1339285714285714,1.6063428571428573,1.36,1.14
11-9013.00,"Farmers, Ranchers, and Other Agricultural Managers",1.8571428571428568,1.845,1.51,1.3571428571428572,3.17,2.25,1.19,2.39,2.71,2.69,1.84,3.31,1.05,3.28,3.78,1.97,2.19,1.5785714285714287,1.3008,1.3008,2.690185714285714,1.5892857142857142,3.88,1.625,1.8057142857142856,2.2308,4.78,3.98,2.0608,1.3706285714285715,1.5892857142857142,1.51,2.43,1.68,2.34,2.36,3.42,3.14,2.87,1.3571428571428572,1.5357142857142858,1.6364285714285711,2.1635714285714283,3.43,2.23
11-9021.00,Construction Managers,1.2464285714285714,1.3706285714285715,1.5165142857142857,1.157142857142857,3.0,2.3,1.3,2.9,2.6,3.45,3.1,2.7,1.1,3.95,3.25,1.9,2.4035714285714285,1.1885714285714286,1.2142857142857144,1.24,2.3617857142857144,1.3392000000000002,3.2,1.1339285714285714,1.25,2.596342857142857,3.85,3.3,1.8571428571428568,1.0549142857142857,1.2142857142857144,1.32,2.5,2.55,2.3,2.65,3.6,3.25,2.95,1.197142857142857,1.2592,1.5625,2.8020571428571426,4.5,2.8
11-9031.00,"Education and Childcare Administrators, Preschool and Daycare",1.268571428571429,1.0271428571428571,1.0942857142857143,1.1408,1.26,1.15,2.58,1.04,1.0,1.22,1.06,1.42,1.0,2.76,1.38,1.0,1.9085714285714288,1.25,1.0803571428571428,1.0803571428571428,1.7071428571428573,1.268571428571429,2.62,1.1257142857142857,1.0664285714285715,2.25,2.3,1.39,1.5785714285714287,1.0,1.0,1.0,1.91,1.06,1.79,3.6,2.53,2.73,2.24,1.1106285714285715,1.1408,1.36,1.4928571428571429,2.1,1.0
11-9032.00,"Education Administrators, Kindergarten through Secondary",1.0020571428571428,1.0,1.0803571428571428,1.0020571428571428,1.54,1.33,2.2,1.25,1.0,1.0,1.05,1.5,1.0,3.15,1.67,1.0,2.205357142857143,1.0357142857142856,1.0803571428571428,1.0206285714285714,1.336,1.2142857142857144,1.22,1.0,1.0020571428571428,2.596342857142857,2.41,2.06,1.7036571428571428,1.0020571428571428,1.0,1.0,1.95,1.0,1.93,2.27,3.95,1.44,3.6,1.1257142857142857,1.0089285714285714,1.3571428571428572,1.51,1.02,1.0
11-9033.00,"Education Administrators, Postsecondary",1.0020571428571428,1.0,1.0020571428571428,1.0089285714285714,1.67,1.01,1.85,1.29,1.12,1.12,1.01,1.12,1.01,2.17,1.25,1.06,1.655,1.0992,1.0,1.0,1.038,1.268571428571429,2.08,1.0,1.0,2.375,1.64,1.27,1.6063428571428573,1.0,1.0,1.0,1.37,1.13,1.15,3.81,2.4,1.73,1.87,1.0,1.0,1.0535714285714286,1.5207142857142857,1.11,1.01
11-9041.00,Architectural and Engineering Managers,1.25,1.2857142857142856,1.302857142857143,1.0,2.18,1.7,1.0,1.55,1.56,1.54,1.22,1.11,1.07,3.05,1.68,1.0,2.1635714285714283,1.36,1.0,1.0,1.2518857142857145,1.2036571428571428,2.25,1.268571428571429,1.0664285714285715,2.571428571428571,1.76,1.7,1.8057142857142856,1.0,1.0,1.0271428571428571,1.09,1.08,1.29,3.96,2.16,2.82,1.91,1.0,1.0,1.0535714285714286,2.6696428571428568,3.08,1.19
11-9041.01,Biofuels/Biodiesel Technology and Product Development Managers,1.6875,1.542142857142857,1.3571428571428572,1.1071428571428572,3.18,1.96,1.11,1.44,3.23,2.14,2.12,1.38,1.06,2.73,2.59,1.12,1.9842857142857144,1.8057142857142856,1.1339285714285714,1.12,1.6576428571428572,1.6364285714285711,2.07,1.4928571428571429,1.268571428571429,2.3392857142857144,2.49,2.25,1.9077714285714285,1.0,1.1339285714285714,1.0020571428571428,1.44,1.55,1.39,3.47,2.51,2.85,1.98,1.157142857142857,1.1071428571428572,1.231428571428571,1.8728571428571428,4.05,1.97
11-9051.00,Food Service Managers,1.8057142857142856,1.2857142857142856,1.2036571428571428,1.268571428571429,1.41,2.04,1.08,1.36,1.28,1.09,1.09,2.84,1.0,2.24,1.87,1.0,1.8571428571428568,1.7734857142857143,1.25,1.0942857142857143,2.769614285714286,1.22,2.17,1.8571428571428568,1.2857142857142856,1.9449142857142856,2.03,1.58,1.7734857142857143,1.0,1.1106285714285715,1.0089285714285714,2.33,1.12,2.13,1.96,4.46,2.84,4.16,1.32,1.2857142857142856,1.4435714285714285,1.4,3.56,1.0
11-9071.00,Gambling Managers,1.1257142857142857,1.062857142857143,1.231428571428571,1.1106285714285715,2.36,1.3,1.44,1.82,1.0,1.15,1.05,1.39,1.0,2.91,1.32,1.0,2.275,1.268571428571429,1.197142857142857,1.1257142857142857,1.544142857142857,1.3392000000000002,1.52,1.1257142857142857,1.0535714285714286,2.216428571428572,1.44,1.32,1.9085714285714288,1.0020571428571428,1.0803571428571428,1.0,2.12,1.12,1.58,2.97,3.46,2.91,3.18,1.231428571428571,1.0357142857142856,1.4,1.4179428571428572,1.51,1.05
11-9072.00,"Entertainment and Recreation Managers, Except Gambling",1.1734857142857142,1.0714285714285714,1.1339285714285714,1.1339285714285714,2.06,1.46,1.94,1.37,3.08,1.92,1.62,2.05,1.0,2.74,2.49,1.01,1.7200000000000002,1.0992,1.2592,1.197142857142857,2.6252,1.1339285714285714,3.01,1.0885714285714283,1.3706285714285715,2.25,3.07,2.59,1.4928571428571429,1.0135714285714286,1.0135714285714286,1.0336571428571428,1.71,1.32,1.66,3.43,2.59,2.59,2.82,1.1734857142857142,1.2036571428571428,1.3008,1.6171428571428572,2.82,1.17
11-9081.00,Lodging Managers,1.5207142857142857,1.2857142857142856,1.3706285714285715,1.197142857142857,1.54,1.19,1.14,1.19,1.13,1.0,1.08,1.22,1.0,2.19,1.6,1.02,1.8057142857142856,1.4028571428571428,1.197142857142857,1.197142857142857,1.7920571428571428,1.3785714285714286,1.9,1.25,1.32,2.1357142857142857,1.45,1.07,1.7734857142857143,1.077942857142857,1.2142857142857144,1.2592,1.67,1.0,1.2,3.4,3.12,1.76,2.51,1.197142857142857,1.157142857142857,1.32,1.5614285714285714,1.09,1.01
11-9111.00,Medical and Health Services Managers,1.0357142857142856,1.0089285714285714,1.1785714285714286,1.0803571428571428,1.54,1.22,2.54,1.26,1.39,1.11,1.0,1.33,1.04,2.54,1.11,1.0,1.8057142857142856,1.0357142857142856,1.0,1.0,1.3181714285714283,1.2857142857142856,1.56,1.0357142857142856,1.0,2.524285714285714,1.0,1.04,1.655,1.0,1.0,1.0,1.89,1.07,1.44,4.25,2.25,2.36,1.96,1.0,1.0,1.2142857142857144,1.3392000000000002,1.37,1.27
11-9121.00,Natural Sciences Managers,1.0992,1.0885714285714283,1.231428571428571,1.0089285714285714,2.06,1.41,1.61,1.14,2.72,1.49,1.13,1.58,1.05,2.69,1.61,1.03,1.8057142857142856,1.25,1.0442857142857145,1.0357142857142856,1.5602285714285715,1.25,1.49,1.0442857142857145,1.1071428571428572,2.524285714285714,1.51,1.3,1.4464285714285716,1.0442857142857145,1.0885714285714283,1.077942857142857,1.46,1.03,1.38,4.08,2.4,2.74,2.0,1.0271428571428571,1.0357142857142856,1.1734857142857142,1.4435714285714285,3.39,1.34
11-9121.01,Clinical Research Coordinators,1.0,1.0,1.0803571428571428,1.0089285714285714,2.14,1.63,3.35,1.18,1.34,1.0,1.0,1.05,1.43,2.06,1.34,1.0,1.8571428571428568,1.25,1.0,1.0,1.6007142857142858,1.25,1.34,1.0,1.0,2.354914285714286,1.04,1.11,1.822857142857143,1.0,1.0,1.0020571428571428,1.8,1.0,1.69,3.69,2.55,2.19,1.85,1.0,1.0,1.0992,1.6665142857142858,2.74,1.09
11-9121.02,Water Resource Specialists,1.0020571428571428,1.147857142857143,1.25,1.0,1.86,1.73,1.33,1.73,1.62,1.68,1.3,1.71,1.0,2.14,2.05,1.05,2.0342857142857143,1.1607142857142858,1.0,1.0,1.1567714285714286,1.268571428571429,2.9,1.0020571428571428,1.0549142857142857,2.524285714285714,2.81,2.23,1.9285714285714288,1.0,1.0,1.0020571428571428,1.43,1.27,1.36,4.09,2.14,1.86,1.9,1.0,1.0,1.0535714285714286,1.837942857142857,2.47,1.55
11-9131.00,Postmasters and Mail Superintendents,1.0206285714285714,1.0357142857142856,1.25,1.0206285714285714,2.95,1.25,1.67,1.8,1.48,1.2,1.04,1.62,1.0,3.06,2.5,1.03,1.6875,1.289285714285714,1.197142857142857,1.0442857142857145,1.6108142857142858,1.4179428571428572,3.0,1.0,1.077942857142857,2.1677714285714287,2.84,1.22,1.6714285714285717,1.0,1.077942857142857,1.0,1.67,1.05,1.46,3.09,3.14,1.8,2.95,1.24,1.0664285714285715,1.32,1.4542857142857144,1.38,1.01
11-9141.00,"Property, Real Estate, and Community Association Managers",1.0,1.0206285714285714,1.077942857142857,1.0,1.89,1.4,1.15,1.21,1.45,1.47,1.44,1.35,1.0,2.35,1.9,1.0,1.7734857142857143,1.0442857142857145,1.0020571428571428,1.0,1.0742857142857145,1.0885714285714283,3.37,1.0,1.0206285714285714,2.071428571428571,3.05,2.05,1.32,1.0,1.0,1.0089285714285714,1.56,1.45,1.45,3.79,2.35,1.75,2.15,1.0,1.0,1.0992,1.4910714285714284,1.75,1.2
11-9151.00,Social and Community Service Managers,1.1785714285714286,1.1785714285714286,1.1339285714285714,1.0089285714285714,1.61,1.09,2.02,1.24,1.17,1.12,1.0,1.46,1.0,2.89,1.54,1.0,1.7734857142857143,1.335714285714286,1.0020571428571428,1.0089285714285714,1.2602285714285717,1.2857142857142856,3.28,1.0442857142857145,1.0407142857142857,2.096342857142857,1.68,1.28,1.6875,1.0,1.0,1.0,1.35,1.08,1.33,4.03,2.46,2.54,1.87,1.0206285714285714,1.0020571428571428,1.0942857142857143,1.5614285714285714,1.0,1.0
11-9161.00,Emergency Management Directors,1.231428571428571,1.0535714285714286,1.268571428571429,1.0206285714285714,1.95,1.68,1.82,2.2,1.86,1.95,1.36,1.73,1.0,2.45,2.24,1.14,1.8571428571428568,1.0803571428571428,1.0089285714285714,1.0089285714285714,1.78,1.1885714285714286,3.55,1.1257142857142857,1.147857142857143,2.354914285714286,2.86,2.36,1.8571428571428568,1.0942857142857143,1.0885714285714283,1.268571428571429,1.55,1.41,1.59,3.68,2.73,2.27,2.14,1.0549142857142857,1.0442857142857145,1.28,2.06,2.45,1.64
11-9171.00,Funeral Home Managers,1.32,1.3392000000000002,1.3785714285714286,1.0803571428571428,3.59,2.29,4.0,2.33,3.18,1.67,1.24,1.82,1.2,2.59,3.41,1.17,1.8057142857142856,1.335714285714286,1.0942857142857143,1.0549142857142857,3.3389285714285712,1.3008,4.75,1.2857142857142856,1.3571428571428572,2.4035714285714285,3.68,2.89,1.4542857142857144,1.1408,1.0664285714285715,1.1785714285714286,2.05,1.12,1.86,3.24,3.26,2.85,2.66,1.0803571428571428,1.197142857142857,1.289285714285714,1.51,3.24,2.07
11-9179.01,Fitness and Wellness Coordinators,1.32,1.077942857142857,1.25,1.4017857142857142,1.64,1.35,1.56,1.31,1.2,1.19,1.04,1.35,1.0,3.12,1.44,1.0,1.8571428571428568,1.32,1.542142857142857,1.3571428571428572,2.7856,1.147857142857143,1.69,1.3392000000000002,1.5785714285714287,2.2071428571428573,2.04,1.69,1.51,1.0089285714285714,1.0206285714285714,1.1257142857142857,2.44,1.12,2.12,3.04,3.24,2.4,2.68,1.5677714285714286,1.6875,1.8914285714285717,1.7385714285714284,1.52,1.12
11-9179.02,Spa Managers,1.268571428571429,1.157142857142857,1.1885714285714286,1.1071428571428572,1.24,1.16,1.45,2.29,1.42,1.0,1.04,1.48,1.0,2.0,1.05,1.0,1.625,1.4179428571428572,1.157142857142857,1.077942857142857,1.7010714285714283,1.3008,1.38,1.157142857142857,1.197142857142857,2.125,1.07,1.07,1.5785714285714287,1.0,1.0664285714285715,1.0042857142857142,1.81,1.13,1.39,3.47,2.89,2.38,2.57,1.1408,1.1734857142857142,1.4017857142857142,1.5357142857142858,1.62,1.01
11-9199.01,Regulatory Affairs Managers,1.0,1.0,1.0357142857142856,1.0089285714285714,1.36,1.09,1.22,1.13,1.26,1.22,1.04,1.04,1.09,1.43,1.09,1.0,1.6875,1.0271428571428571,1.0,1.0,1.026,1.16,1.17,1.0,1.0,2.524285714285714,1.05,1.04,1.6063428571428573,1.0,1.0,1.0,1.13,1.09,1.04,4.64,1.61,1.5,1.35,1.0,1.0,1.1408,1.268571428571429,1.57,1.3
11-9199.02,Compliance Managers,1.0664285714285715,1.0942857142857143,1.157142857142857,1.0,2.01,1.9,1.52,1.42,1.14,1.09,1.16,1.32,1.02,2.82,1.62,1.11,1.822857142857143,1.1339285714285714,1.0020571428571428,1.0,1.2501714285714285,1.24,2.35,1.0664285714285715,1.0089285714285714,2.4035714285714285,1.75,1.27,1.5892857142857142,1.0089285714285714,1.0135714285714286,1.0135714285714286,1.74,1.12,1.43,3.99,2.43,3.05,2.46,1.0020571428571428,1.0,1.12,1.3008,1.54,1.36
11-9199.08,Loss Prevention Managers,1.0992,1.1607142857142858,1.25,1.2208,2.1,1.55,1.65,2.0,1.5,1.86,2.0,1.38,1.0,2.59,1.9,1.0,2.023657142857143,1.3008,1.2857142857142856,1.268571428571429,1.3071428571428572,1.3785714285714286,3.1,1.3008,1.3392000000000002,2.7142857142857144,2.29,1.95,1.8057142857142856,1.0020571428571428,1.1785714285714286,1.0042857142857142,1.62,1.59,1.68,3.41,2.57,1.95,2.33,1.2857142857142856,1.3008,1.3785714285714286,1.6875,2.32,1.14
11-9199.09,Wind Energy Operations Managers,1.4435714285714285,1.4249999999999998,1.3392000000000002,1.16,2.93,2.83,1.07,3.28,3.78,3.52,3.77,3.15,1.03,3.18,3.55,1.38,1.8571428571428568,1.4017857142857142,1.1785714285714286,1.268571428571429,3.2776,1.3392000000000002,4.56,1.4017857142857142,1.4017857142857142,2.571428571428571,3.99,3.84,1.9085714285714288,1.1785714285714286,1.3808,1.268571428571429,2.11,2.09,2.1,3.18,2.47,2.75,2.33,1.197142857142857,1.268571428571429,1.3785714285714286,1.9285714285714288,4.71,3.48
11-9199.10,Wind Energy Development Managers,1.0271428571428571,1.0535714285714286,1.231428571428571,1.0089285714285714,1.43,1.16,1.05,1.34,1.28,1.45,1.38,1.62,1.0,1.99,1.92,1.18,1.8057142857142856,1.077942857142857,1.0042857142857142,1.0089285714285714,1.3757714285714286,1.3008,2.98,1.0271428571428571,1.0271428571428571,2.571428571428571,2.32,1.79,1.5357142857142858,1.0042857142857142,1.0089285714285714,1.0178571428571428,1.36,1.09,1.11,4.17,2.18,1.91,1.73,1.0042857142857142,1.0135714285714286,1.25,1.837942857142857,2.26,1.15
11-9199.11,Brownfield Redevelopment Specialists and Site Managers,1.0,1.0357142857142856,1.2857142857142856,1.0,2.77,1.45,1.14,1.68,2.14,1.95,1.36,1.73,1.29,2.32,2.14,1.29,2.023657142857143,1.22,1.0,1.0,1.3132857142857144,1.22,2.76,1.0020571428571428,1.0206285714285714,2.3392857142857144,3.0,2.14,1.75,1.0020571428571428,1.0,1.0664285714285715,1.38,1.36,1.45,3.86,2.14,2.0,1.91,1.0,1.0,1.0885714285714283,2.023657142857143,3.0,1.68
13-1011.00,"Agents and Business Managers of Artists, Performers, and Athletes",1.0089285714285714,1.0089285714285714,1.0089285714285714,1.0,1.24,1.11,1.11,1.27,1.0,1.0,1.07,1.0,1.0,2.03,1.3,1.06,1.7385714285714284,1.0885714285714283,1.0,1.0,1.1434857142857142,1.0992,1.32,1.0089285714285714,1.0089285714285714,2.3392857142857144,1.18,1.18,1.1734857142857142,1.0,1.0,1.0,1.03,1.01,1.02,4.6,1.75,1.75,1.59,1.0,1.0,1.0992,1.268571428571429,1.0,1.0
13-1021.00,"Buyers and Purchasing Agents, Farm Products",1.1885714285714286,1.147857142857143,1.2036571428571428,1.0357142857142856,2.24,1.25,1.06,2.13,1.45,1.46,1.63,1.54,1.0,3.3,1.56,1.06,1.8571428571428568,1.32,1.0357142857142856,1.0357142857142856,1.1395428571428572,1.2857142857142856,2.45,1.147857142857143,1.147857142857143,2.2308,2.2,2.02,1.4821428571428572,1.0,1.0,1.0020571428571428,1.53,1.41,1.31,4.32,2.09,2.11,1.7,1.1408,1.147857142857143,1.2036571428571428,1.3392000000000002,2.14,1.12
13-1022.00,"Wholesale and Retail Buyers, Except Farm Products",1.268571428571429,1.0,1.0549142857142857,1.0803571428571428,1.91,1.6,1.41,1.38,1.06,1.57,1.26,1.34,1.0,2.0,1.85,1.0,1.75,1.2857142857142856,1.0135714285714286,1.0020571428571428,1.813428571428572,1.147857142857143,2.07,1.2142857142857144,1.1408,1.9449142857142856,1.35,1.2,1.6364285714285711,1.0,1.0,1.0,1.57,1.06,1.3,4.0,2.47,2.42,1.93,1.0535714285714286,1.1785714285714286,1.3008,1.51,1.49,1.14
13-1023.00,"Purchasing Agents, Except Wholesale, Retail, and Farm Products",1.0020571428571428,1.0,1.0206285714285714,1.0089285714285714,1.74,1.41,1.21,1.45,1.05,1.15,1.05,1.21,1.0,2.0,1.37,1.0,1.4017857142857142,1.0271428571428571,1.0,1.0,1.191857142857143,1.1071428571428572,2.05,1.0,1.0,2.596342857142857,1.79,1.65,1.3785714285714286,1.0,1.0,1.0,1.32,1.1,1.4,4.45,2.11,2.21,1.63,1.0,1.0,1.1408,1.3008,1.79,1.05
13-1031.00,"Claims Adjusters, Examiners, and Investigators",1.1071428571428572,1.0442857142857145,1.062857142857143,1.0357142857142856,1.52,1.2,1.1,1.48,1.1,1.15,1.43,1.2,1.03,3.23,1.52,1.02,1.8057142857142856,1.1071428571428572,1.0,1.0,1.099,1.1734857142857142,2.07,1.0942857142857143,1.0,2.645714285714285,1.67,1.29,1.7485714285714289,1.0,1.0,1.0336571428571428,1.45,1.25,1.19,4.62,1.71,3.2,1.58,1.0,1.0,1.3193714285714284,1.51,1.11,1.07
13-1032.00,"Insurance Appraisers, Auto Damage",1.4028571428571428,1.28,1.394285714285714,1.062857142857143,3.3,2.62,1.48,2.53,1.92,2.37,1.5,2.29,1.0,2.86,3.18,1.0,1.5165142857142857,1.24,1.0664285714285715,1.0135714285714286,1.1914285714285713,1.3571428571428572,4.39,1.2208,1.2142857142857144,2.205357142857143,4.13,2.57,1.4691999999999998,1.1408,1.0535714285714286,1.2208,2.46,1.25,2.27,3.93,2.26,3.47,1.93,1.0206285714285714,1.0664285714285715,1.1408,1.542142857142857,2.27,1.17
13-1041.00,Compliance Officers,1.0885714285714283,1.0885714285714283,1.25,1.0885714285714283,3.18,2.8,3.05,3.41,1.94,2.45,1.34,2.25,1.29,3.31,2.93,1.28,1.7036571428571428,1.12,1.1071428571428572,1.12,1.5188857142857144,1.4285714285714286,3.64,1.077942857142857,1.1408,2.25,3.52,2.27,1.655,1.1339285714285714,1.12,1.1734857142857142,2.51,1.08,1.96,3.83,2.47,2.81,2.2,1.0942857142857143,1.0664285714285715,1.28,1.4821428571428572,2.27,1.36
13-1041.01,Environmental Compliance Inspectors,1.268571428571429,1.4,1.5357142857142858,1.157142857142857,3.55,1.75,1.75,2.25,2.1,2.4,1.8,2.0,1.32,3.4,2.8,1.1,2.205357142857143,1.51,1.1071428571428572,1.0942857142857143,1.3525,1.4821428571428572,3.6,1.22,1.32,2.596342857142857,3.8,3.1,2.3392857142857144,1.0942857142857143,1.22,1.3008,1.7,1.6,1.53,3.63,2.63,2.0,2.5,1.157142857142857,1.268571428571429,1.32,1.8571428571428568,3.85,1.53
13-1041.03,Equal Opportunity Representatives and Officers,1.0,1.0,1.0135714285714286,1.0089285714285714,1.6,1.1,1.11,1.24,1.0,1.0,1.04,1.04,1.0,2.7,1.37,1.02,1.7200000000000002,1.25,1.0,1.0,1.0825857142857145,1.2036571428571428,1.92,1.0,1.0,2.6696428571428568,1.46,1.18,1.7385714285714284,1.0,1.0,1.0,1.3,1.0,1.15,4.74,1.9,2.48,1.86,1.0,1.0,1.1071428571428572,1.4435714285714285,1.05,1.0
13-1041.04,Government Property Inspectors and Investigators,1.51,1.4017857142857142,1.7036571428571428,1.1408,2.86,1.79,1.98,2.03,1.78,1.28,1.62,1.86,1.0,3.11,2.53,1.0,2.524285714285714,1.595,1.25,1.157142857142857,1.7344,1.5785714285714287,4.11,1.4179428571428572,1.4435714285714285,2.8514285714285714,3.85,2.61,2.265085714285714,1.231428571428571,1.28,1.5785714285714287,1.75,1.24,1.5,3.27,2.71,2.15,2.25,1.2208,1.3008,1.4179428571428572,2.044642857142857,2.69,1.23
13-1041.06,Coroners,1.9085714285714288,1.7200000000000002,1.3392000000000002,1.25,4.3,3.5,4.65,3.6,2.95,3.2,2.3,2.61,1.74,3.05,3.79,1.4,1.8914285714285717,1.8571428571428568,1.147857142857143,1.1071428571428572,3.019771428571429,1.231428571428571,4.55,1.9085714285714288,1.7200000000000002,2.645714285714285,4.05,3.45,1.9085714285714288,1.1257142857142857,1.2592,1.16,2.45,1.7,2.45,3.2,3.05,2.95,2.58,1.32,1.4691999999999998,1.51,1.9085714285714288,4.35,2.85
13-1041.07,Regulatory Affairs Specialists,1.0,1.0,1.1257142857142857,1.0,1.32,1.17,1.05,1.16,1.0,1.0,1.0,1.2,1.05,2.0,1.05,1.0,1.7734857142857143,1.289285714285714,1.0,1.0,1.0178571428571428,1.268571428571429,1.16,1.0,1.0,2.4971428571428573,1.05,1.05,1.7734857142857143,1.0,1.0,1.0,1.1,1.0,1.0,4.9,1.74,1.9,1.45,1.0,1.0,1.077942857142857,1.394285714285714,1.2,1.0
13-1041.08,Customs Brokers,1.0,1.0,1.0357142857142856,1.0135714285714286,1.35,1.05,1.05,1.15,1.0,1.35,1.05,1.05,1.05,2.65,1.35,1.05,1.6063428571428573,1.1107142857142858,1.0,1.0,1.2208,1.1257142857142857,1.95,1.0,1.0,2.327857142857143,1.4,1.35,1.6875,1.0,1.0,1.0,1.25,1.05,1.1,4.9,1.75,2.15,1.65,1.0,1.0,1.0442857142857145,1.32,1.25,1.0
13-1051.00,Cost Estimators,1.0,1.0,1.0442857142857145,1.0,1.24,1.18,1.1,1.29,1.19,1.23,1.25,1.14,1.14,1.77,1.29,1.05,1.7200000000000002,1.0357142857142856,1.0,1.0,1.075,1.0714285714285714,1.32,1.0020571428571428,1.0,2.524285714285714,1.52,1.41,1.7385714285714284,1.0,1.0,1.0089285714285714,1.09,1.18,1.14,4.59,1.81,1.32,1.5,1.0,1.0,1.147857142857143,1.8571428571428568,1.68,1.23
13-1071.00,Human Resources Specialists,1.0357142857142856,1.0206285714285714,1.0089285714285714,1.0089285714285714,1.64,1.14,1.2,1.82,1.0,1.01,1.01,1.02,1.02,1.83,1.16,1.0,1.3392000000000002,1.1734857142857142,1.0,1.0,1.2208,1.0942857142857143,2.41,1.0357142857142856,1.0,2.354914285714286,1.46,1.42,1.2857142857142856,1.0,1.0,1.0,1.83,1.0,1.58,4.18,1.94,3.41,1.74,1.0,1.0,1.1339285714285714,1.302857142857143,1.15,1.0
13-1074.00,Farm Labor Contractors,1.4691999999999998,1.8057142857142856,1.4542857142857144,1.1885714285714286,3.52,1.2,1.02,2.49,1.63,2.53,1.2,2.43,1.0,3.28,3.45,1.02,1.5614285714285714,1.2142857142857144,1.2857142857142856,1.12,1.422942857142857,1.3008,4.09,1.4928571428571429,1.8057142857142856,1.8914285714285717,4.17,2.93,1.36,1.32,1.4691999999999998,1.231428571428571,1.81,1.22,1.23,3.9,2.9,2.44,2.8,1.302857142857143,1.3392000000000002,1.4928571428571429,1.22,1.83,1.01
13-1075.00,Labor Relations Specialists,1.0,1.0,1.0020571428571428,1.0,1.53,1.38,1.32,1.48,1.33,1.19,1.1,1.21,1.05,1.8,1.28,1.05,1.5508,1.0,1.0,1.0,1.038,1.147857142857143,2.33,1.0,1.0,2.2928571428571427,1.42,1.43,1.5614285714285714,1.0,1.0,1.0,1.42,1.05,1.24,4.1,2.32,1.52,1.84,1.0,1.0,1.1885714285714286,1.4179428571428572,1.47,1.19
13-1081.00,Logisticians,1.0,1.0,1.0206285714285714,1.0271428571428571,2.12,1.54,1.32,1.88,1.75,1.88,1.5,1.29,1.04,3.33,2.08,1.04,1.8728571428571428,1.268571428571429,1.0,1.0,1.2564571428571427,1.1607142857142858,2.42,1.0,1.0,2.4522285714285714,2.12,1.96,1.6875,1.0,1.0,1.0020571428571428,1.54,1.38,1.46,3.92,2.25,1.92,1.92,1.0,1.0,1.12,1.9449142857142856,2.21,1.5
13-1081.01,Logistics Engineers,1.0,1.0,1.197142857142857,1.0,2.32,1.83,1.26,2.14,1.65,1.96,1.35,1.39,1.17,3.05,2.45,1.39,1.9449142857142856,1.0664285714285715,1.0,1.0,1.2652,1.2857142857142856,2.52,1.0,1.0,2.596342857142857,2.57,2.35,1.8057142857142856,1.0,1.0,1.0135714285714286,1.35,1.35,1.43,3.95,2.35,1.95,2.09,1.0,1.0,1.16,2.1635714285714283,2.96,1.78
13-1081.02,Logistics Analysts,1.0442857142857145,1.0664285714285715,1.1106285714285715,1.0042857142857142,1.86,1.5,1.14,2.0,1.73,1.91,1.36,1.18,1.09,3.32,1.82,1.18,1.7385714285714284,1.231428571428571,1.0,1.0,1.2366,1.2036571428571428,1.86,1.0442857142857145,1.0,2.596342857142857,1.77,1.82,1.9085714285714288,1.0,1.0,1.0,1.62,1.27,1.41,4.5,2.18,2.86,1.73,1.0,1.0,1.0442857142857145,1.7200000000000002,1.82,1.55
13-1111.00,Management Analysts,1.0,1.0,1.0271428571428571,1.0,1.37,1.35,1.26,1.48,1.32,1.3,1.2,1.15,1.0,2.33,1.65,1.11,1.7734857142857143,1.0549142857142857,1.0,1.0,1.1734428571428572,1.1785714285714286,2.81,1.0,1.0,2.3192,1.75,1.52,1.4906285714285716,1.0,1.0,1.0,1.25,1.1,1.24,4.19,1.95,1.62,1.9,1.0,1.0,1.2142857142857144,1.4192,1.55,1.19
13-1121.00,"Meeting, Convention, and Event Planners",1.4435714285714285,1.25,1.1885714285714286,1.1734857142857142,1.44,1.52,1.0,2.52,1.07,1.26,1.25,1.84,1.0,3.58,2.11,1.01,1.9449142857142856,1.394285714285714,1.2036571428571428,1.1408,2.1734285714285715,1.1734857142857142,2.99,1.3571428571428572,1.1607142857142858,2.354914285714286,2.32,1.93,1.5785714285714287,1.0020571428571428,1.0549142857142857,1.0664285714285715,2.69,1.12,1.65,3.67,3.08,2.7,2.64,1.25,1.22,1.4017857142857142,1.8571428571428568,2.38,1.11
13-1131.00,Fundraisers,1.0,1.0357142857142856,1.0664285714285715,1.0,1.25,1.24,1.24,1.29,1.0,1.0,1.05,1.1,1.0,1.86,1.4,1.0,1.7200000000000002,1.22,1.0,1.0,1.0673142857142857,1.0549142857142857,3.43,1.0,1.0089285714285714,2.31,1.76,1.62,1.2857142857142856,1.0,1.0,1.0020571428571428,1.19,1.05,1.19,4.05,2.24,1.67,2.1,1.0,1.0,1.0336571428571428,1.3571428571428572,1.14,1.0
13-1141.00,"Compensation, Benefits, and Job Analysis Specialists",1.0442857142857145,1.0089285714285714,1.0089285714285714,1.0089285714285714,1.24,1.0,1.05,1.14,1.14,1.14,1.05,1.0,1.14,2.24,1.1,1.05,1.6063428571428573,1.0549142857142857,1.0,1.0,1.1234714285714285,1.0992,1.33,1.0206285714285714,1.0,2.125,1.24,1.24,1.6364285714285711,1.0,1.0,1.0,1.29,1.05,1.15,4.71,2.0,2.9,1.45,1.0,1.0,1.12,1.2857142857142856,1.25,1.2
13-1151.00,Training and Development Specialists,1.0,1.0,1.0803571428571428,1.0,1.43,1.13,1.35,1.35,1.26,1.36,1.17,1.13,1.09,2.0,1.26,1.09,2.096342857142857,1.0992,1.0,1.0,1.2015714285714283,1.268571428571429,1.52,1.0,1.0,2.4732142857142856,1.48,1.52,1.4628571428571429,1.0,1.0,1.0020571428571428,1.55,1.13,1.39,3.9,2.65,2.18,1.78,1.0,1.0,1.32,1.4691999999999998,1.35,1.17
13-1161.00,Market Research Analysts and Marketing Specialists,1.0020571428571428,1.0,1.0803571428571428,1.0,1.13,1.22,1.0,1.43,1.05,1.04,1.04,1.0,1.0,2.26,1.23,1.0,1.6875,1.22,1.0,1.0,1.0241428571428572,1.2036571428571428,1.57,1.0020571428571428,1.0,2.4522285714285714,1.43,1.13,1.7200000000000002,1.0,1.0,1.0,1.13,1.04,1.09,4.65,1.87,1.65,1.35,1.0,1.0,1.0992,1.5165142857142857,1.04,1.0
13-1161.01,Search Marketing Strategists,1.0271428571428571,1.0271428571428571,1.0020571428571428,1.0,1.0,1.0,1.0,1.0,1.0,1.0,1.0,1.0,1.0,1.83,1.0,1.0,1.6364285714285711,1.1107142857142858,1.0,1.0,1.0104428571428572,1.1408,1.22,1.0206285714285714,1.0,2.023657142857143,1.04,1.04,1.5165142857142857,1.0,1.0,1.0,1.04,1.0,1.04,4.87,1.65,2.13,1.17,1.0,1.0,1.0336571428571428,1.3392000000000002,1.04,1.0
13-1199.04,Business Continuity Planners,1.0,1.0,1.0803571428571428,1.0,1.14,1.09,1.19,1.17,1.05,1.09,1.09,1.05,1.0,1.57,1.23,1.05,1.7734857142857143,1.0442857142857145,1.0,1.0,1.0285428571428572,1.2142857142857144,1.43,1.0,1.0,2.265085714285714,1.32,1.22,1.6875,1.0,1.0,1.0042857142857142,1.14,1.04,1.17,4.52,2.0,1.36,1.43,1.0,1.0,1.1408,1.78,1.38,1.13
13-1199.05,Sustainability Specialists,1.0,1.0,1.0549142857142857,1.0,2.09,1.43,1.14,1.33,1.35,1.48,1.43,1.22,1.13,2.43,1.5,1.04,1.8057142857142856,1.12,1.0,1.0,1.1857142857142855,1.25,2.39,1.0,1.0,1.9842857142857144,2.26,1.83,1.7734857142857143,1.0,1.0,1.0020571428571428,1.13,1.23,1.18,4.0,2.0,1.39,1.81,1.0,1.0,1.0992,1.5614285714285714,1.96,1.22
13-1199.06,Online Merchants,1.0020571428571428,1.0,1.077942857142857,1.0,1.55,1.23,1.0,1.11,1.12,1.41,1.0,1.23,1.0,2.19,1.49,1.0,1.4017857142857142,1.4435714285714285,1.0,1.0,1.525,1.1734857142857142,2.46,1.0271428571428571,1.0042857142857142,2.19,1.55,1.31,1.4249999999999998,1.0,1.0,1.0020571428571428,1.51,1.22,1.28,4.21,2.12,2.13,1.67,1.0,1.0089285714285714,1.0336571428571428,1.51,1.06,1.02
13-1199.07,Security Management Specialists,1.24,1.231428571428571,1.2142857142857144,1.1885714285714286,1.94,1.75,1.58,2.35,1.68,2.2,1.75,1.63,1.1,2.5,2.26,1.11,1.9842857142857144,1.2592,1.231428571428571,1.1408,1.2246428571428571,1.3785714285714286,3.35,1.197142857142857,1.157142857142857,2.6950857142857143,2.63,2.65,1.7485714285714289,1.0271428571428571,1.231428571428571,1.0535714285714286,1.84,1.6,1.55,3.85,2.53,2.55,2.47,1.2142857142857144,1.2592,1.4179428571428572,1.8571428571428568,2.53,1.6
13-2011.00,Accountants and Auditors,1.0,1.0,1.0442857142857145,1.0549142857142857,1.21,1.21,1.02,1.29,1.08,1.08,1.12,1.07,1.0,2.59,1.27,1.0,1.4017857142857142,1.0042857142857142,1.0,1.0,1.1333285714285717,1.1607142857142858,1.8,1.0042857142857142,1.0,2.6185714285714288,1.27,1.25,1.7857142857142856,1.0,1.0,1.0020571428571428,1.19,1.05,1.08,4.5,1.8,1.91,1.56,1.0,1.0,1.197142857142857,1.3008,1.19,1.02
13-2022.00,Appraisers of Personal and Business Property,1.1339285714285714,1.077942857142857,1.25,1.0992,1.95,2.17,1.09,2.04,1.35,1.7,1.59,1.32,1.09,2.09,2.09,1.26,2.044642857142857,1.25,1.062857142857143,1.0885714285714283,1.8121142857142856,1.335714285714286,2.13,1.147857142857143,1.0336571428571428,2.765714285714286,2.39,2.39,1.722057142857143,1.0271428571428571,1.0089285714285714,1.1071428571428572,1.83,1.52,1.83,3.83,2.43,2.78,1.87,1.077942857142857,1.0992,1.2142857142857144,1.5892857142857142,2.04,1.26
13-2023.00,Appraisers and Assessors of Real Estate,1.2142857142857144,1.1734857142857142,1.4249999999999998,1.0042857142857142,1.78,1.92,1.39,1.92,1.39,1.33,1.58,1.87,1.0,1.62,2.83,1.0,1.9842857142857144,1.0336571428571428,1.0042857142857142,1.0020571428571428,1.1159,1.157142857142857,4.3,1.0135714285714286,1.0885714285714283,2.5428571428571427,4.09,2.62,1.6063428571428573,1.1339285714285714,1.12,1.3125,1.39,1.54,1.71,3.71,2.39,2.0,2.22,1.0042857142857142,1.0042857142857142,1.2142857142857144,1.6665142857142858,1.48,1.08
13-2031.00,Budget Analysts,1.0442857142857145,1.0357142857142856,1.0357142857142856,1.0020571428571428,1.02,1.0,1.37,1.02,1.0,1.01,1.14,1.0,1.0,2.6,1.01,1.0,1.6364285714285711,1.1257142857142857,1.0,1.0,1.1311428571428572,1.231428571428571,1.0,1.0442857142857145,1.0,2.1492,1.15,1.0,1.8571428571428568,1.0,1.0,1.0,1.78,1.0,1.14,4.82,1.8,3.64,1.76,1.0,1.0,1.12,1.25,1.85,1.0
13-2041.00,Credit Analysts,1.0664285714285715,1.0271428571428571,1.0206285714285714,1.0,1.05,1.11,1.0,1.2,1.0,1.0,1.05,1.0,1.0,2.45,1.05,1.0,1.302857142857143,1.25,1.0,1.0,1.0178571428571428,1.0992,1.35,1.0549142857142857,1.0,2.5907142857142857,1.16,1.05,1.8914285714285717,1.0,1.0,1.0,1.2,1.0,1.05,4.85,1.63,1.85,1.3,1.0,1.0,1.0714285714285714,1.22,1.0,1.0
13-2052.00,Personal Financial Advisors,1.0,1.0,1.0206285714285714,1.0,1.08,1.04,1.04,1.04,1.0,1.0,1.0,1.04,1.0,1.31,1.08,1.0,1.51,1.0206285714285714,1.0,1.0,1.0030857142857144,1.0664285714285715,1.23,1.0,1.0,2.6185714285714288,1.08,1.08,1.7385714285714284,1.0,1.0,1.0,1.0,1.0,1.0,4.42,1.56,1.54,1.2,1.0,1.0,1.12,1.268571428571429,1.0,1.0
13-2053.00,Insurance Underwriters,1.0803571428571428,1.0942857142857143,1.0942857142857143,1.0089285714285714,1.07,1.0,1.03,1.03,1.03,1.03,1.03,1.07,1.0,2.3,1.07,1.0,1.4435714285714285,1.2036571428571428,1.0,1.0,1.0704142857142858,1.1071428571428572,1.53,1.0803571428571428,1.0,2.1635714285714283,1.2,1.13,1.4821428571428572,1.0,1.0,1.0,1.1,1.0,1.07,4.93,1.73,2.87,1.4,1.0,1.0,1.0336571428571428,1.302857142857143,1.07,1.03
13-2061.00,Financial Examiners,1.0020571428571428,1.0,1.0089285714285714,1.0,1.09,1.13,1.0,1.17,1.0,1.0,1.0,1.0,1.0,2.83,1.09,1.0,1.6364285714285711,1.147857142857143,1.0,1.0,1.0191714285714286,1.147857142857143,1.96,1.0020571428571428,1.0,2.765714285714286,1.0,1.0,1.8571428571428568,1.0,1.0,1.0,1.17,1.0,1.09,4.78,1.83,1.23,1.61,1.0,1.0,1.0992,1.4179428571428572,1.0,1.0
13-2071.00,Credit Counselors,1.062857142857143,1.0442857142857145,1.0,1.0206285714285714,1.2,1.04,1.25,1.04,1.0,1.0,1.0,1.04,1.0,2.0,1.08,1.0,1.22,1.2142857142857144,1.0,1.0,1.095,1.231428571428571,1.36,1.0442857142857145,1.0,2.044642857142857,1.36,1.24,1.4906285714285716,1.0,1.0,1.0,1.44,1.0,1.12,4.64,1.8,3.64,1.46,1.0,1.0,1.0271428571428571,1.32,1.0,1.0
13-2072.00,Loan Officers,1.1428571428571428,1.1106285714285715,1.0357142857142856,1.0089285714285714,1.17,1.0,1.37,1.45,1.0,1.0,1.0,1.19,1.0,2.92,1.3,1.0,1.24,1.231428571428571,1.0,1.0,1.0531857142857144,1.1408,2.03,1.1428571428571428,1.0,2.8514285714285714,1.92,1.41,1.3785714285714286,1.0,1.0,1.0,1.53,1.0,1.03,4.61,2.16,3.39,1.74,1.0,1.0,1.0336571428571428,1.1408,1.1,1.0
13-2081.00,"Tax Examiners and Collectors, and Revenue Agents",1.1106285714285715,1.0549142857142857,1.0089285714285714,1.0089285714285714,1.45,1.02,1.02,1.96,1.0,1.0,1.0,1.01,1.0,2.6,1.13,1.0,1.6875,1.3785714285714286,1.0,1.0,1.2457142857142858,1.0664285714285715,1.69,1.1257142857142857,1.0,2.524285714285714,1.12,1.05,1.7385714285714284,1.0,1.0,1.0,1.31,1.0,1.13,4.72,1.59,2.63,1.43,1.0,1.0,1.1885714285714286,1.3392000000000002,1.01,1.01
13-2082.00,Tax Preparers,1.0357142857142856,1.0020571428571428,1.0,1.0,1.48,1.2,1.62,1.05,1.0,1.0,1.0,1.14,1.0,1.9,1.05,1.0,1.268571428571429,1.1339285714285714,1.0,1.0,1.1222285714285714,1.0664285714285715,1.16,1.0206285714285714,1.0,2.596342857142857,1.05,1.05,1.7142857142857144,1.0,1.0,1.0,1.25,1.0,1.2,4.45,1.95,2.4,1.43,1.0,1.0,1.0336571428571428,1.25,1.0,1.0
13-2099.01,Financial Quantitative Analysts,1.0357142857142856,1.0549142857142857,1.0664285714285715,1.0089285714285714,1.0,1.05,1.0,1.05,1.0,1.0,1.0,1.0,1.0,2.1,1.06,1.0,1.4249999999999998,1.0549142857142857,1.0,1.0,1.0042857142857142,1.2142857142857144,1.05,1.0357142857142856,1.0,2.1492,1.0,1.0,1.5357142857142858,1.0,1.0,1.0,1.06,1.0,1.0,4.7,1.89,1.65,1.16,1.0,1.0,1.231428571428571,1.2857142857142856,1.0,1.0
13-2099.04,"Fraud Examiners, Investigators and Analysts",1.0206285714285714,1.0357142857142856,1.077942857142857,1.0089285714285714,1.72,1.8,1.4,1.64,1.32,1.28,1.28,1.44,1.04,2.52,1.56,1.12,1.75,1.0664285714285715,1.0,1.0,1.342857142857143,1.268571428571429,2.24,1.0206285714285714,1.0089285714285714,2.542057142857143,1.96,1.84,1.5300000000000002,1.0,1.0,1.0,1.6,1.21,1.54,4.52,2.2,2.6,1.76,1.0,1.0,1.12,1.2857142857142856,1.84,1.48
15-1211.00,Computer Systems Analysts,1.2036571428571428,1.268571428571429,1.0442857142857145,1.0089285714285714,1.24,1.45,1.1,1.09,1.13,1.11,1.12,1.19,1.0,1.75,1.15,1.0,1.8571428571428568,1.6364285714285711,1.0,1.0,1.5357142857142858,1.268571428571429,1.44,1.1734857142857142,1.0020571428571428,2.645714285714285,1.13,1.11,1.8571428571428568,1.0,1.0089285714285714,1.0,1.38,1.12,1.37,4.18,2.38,3.27,2.21,1.0,1.0,1.147857142857143,2.096342857142857,1.55,1.0
15-1211.01,Health Informatics Specialists,1.3008,1.268571428571429,1.231428571428571,1.0089285714285714,1.4,1.29,2.19,1.29,1.14,1.05,1.0,1.05,1.0,2.52,1.2,1.0,1.7200000000000002,1.268571428571429,1.0,1.0,1.2442857142857142,1.2857142857142856,1.29,1.28,1.0,2.524285714285714,1.19,1.29,1.8571428571428568,1.0,1.0,1.0,1.15,1.14,1.32,4.24,2.14,2.57,1.67,1.0,1.0,1.157142857142857,1.8057142857142856,1.62,1.19
15-1212.00,Information Security Analysts,1.25,1.1885714285714286,1.0803571428571428,1.0271428571428571,1.55,1.63,1.03,1.88,1.3,1.24,1.34,1.36,1.07,2.47,1.78,1.0,1.6875,1.4179428571428572,1.0,1.0,1.2263428571428572,1.22,1.8,1.2036571428571428,1.0,2.524285714285714,1.52,1.62,1.8571428571428568,1.0,1.0,1.0,1.4,1.45,1.64,4.23,2.3,3.09,1.99,1.0020571428571428,1.0,1.0885714285714283,1.75,1.39,1.15
15-1221.00,Computer and Information Research Scientists,1.25,1.2857142857142856,1.0803571428571428,1.0,1.18,1.57,1.01,1.23,1.27,1.17,1.09,1.08,1.05,2.14,1.14,1.0,1.6063428571428573,1.6665142857142858,1.0,1.0,1.1536857142857142,1.24,1.09,1.231428571428571,1.0,2.571428571428571,1.06,1.04,1.8571428571428568,1.0,1.0,1.0,1.2,1.0,1.27,4.53,1.77,2.75,1.34,1.0,1.0,1.1734857142857142,2.1635714285714283,1.43,1.04
15-1231.00,Computer Network Support Specialists,1.6063428571428573,1.3785714285714286,1.3008,1.0,2.4,2.92,1.53,2.0,1.12,1.31,1.25,1.8,1.04,2.61,1.44,1.0,1.6875,1.822857142857143,1.0,1.0,1.6582857142857144,1.268571428571429,2.67,1.4435714285714285,1.394285714285714,2.105,1.51,1.45,1.5785714285714287,1.0,1.0,1.0020571428571428,1.86,1.26,1.91,3.72,2.45,3.1,2.39,1.0,1.157142857142857,1.0042857142857142,1.8728571428571428,1.34,1.01
15-1232.00,Computer User Support Specialists,1.655,1.32,1.0664285714285715,1.0549142857142857,1.45,1.7,1.26,1.21,1.15,1.15,1.3,1.08,1.02,1.45,1.74,1.03,1.595,1.822857142857143,1.0206285714285714,1.0020571428571428,1.8293714285714289,1.0885714285714283,2.04,1.5207142857142857,1.2036571428571428,2.5428571428571427,1.63,1.38,1.8571428571428568,1.0,1.0549142857142857,1.0020571428571428,2.07,1.36,1.78,3.93,2.18,4.41,2.17,1.0206285714285714,1.268571428571429,1.22,1.7734857142857143,1.25,1.11
15-1241.00,Computer Network Architects,1.25,1.3571428571428572,1.2142857142857144,1.0089285714285714,1.5,1.8,1.35,1.63,1.6,1.35,1.4,1.4,1.1,2.65,1.45,1.0,1.6875,1.32,1.0,1.0,1.4821428571428572,1.2857142857142856,2.21,1.25,1.0,2.524285714285714,1.6,1.7,1.8571428571428568,1.0,1.0089285714285714,1.0020571428571428,1.55,1.45,1.75,4.3,2.55,2.65,1.95,1.0,1.0,1.3571428571428572,1.78,1.55,1.16
15-1241.01,Telecommunications Engineering Specialists,1.6364285714285711,1.3392000000000002,1.1607142857142858,1.0442857142857145,1.71,1.9,1.33,1.95,1.52,1.71,1.9,1.52,1.1,2.62,2.05,1.14,1.8571428571428568,1.8057142857142856,1.062857142857143,1.062857142857143,1.615214285714286,1.6875,2.62,1.5614285714285714,1.147857142857143,2.3857142857142857,2.38,2.0,1.8571428571428568,1.0,1.0020571428571428,1.0664285714285715,1.81,1.95,1.81,3.48,2.85,2.43,2.14,1.1607142857142858,1.0535714285714286,1.25,1.7734857142857143,2.57,1.7
15-1242.00,Database Administrators,1.268571428571429,1.1885714285714286,1.0206285714285714,1.0089285714285714,1.11,1.07,1.05,1.08,1.05,1.07,1.14,1.0,1.01,2.1,1.09,1.0,1.6364285714285711,1.1735714285714285,1.0,1.0,1.0417857142857143,1.0885714285714283,1.66,1.12,1.0,2.4035714285714285,1.12,1.12,1.8571428571428568,1.0,1.0020571428571428,1.0,1.89,1.07,1.56,4.33,3.0,2.66,1.46,1.0020571428571428,1.0,1.12,1.8571428571428568,1.59,1.07
15-1243.00,Database Architects,1.1408,1.1257142857142857,1.16,1.0089285714285714,1.19,1.1,1.05,1.14,1.05,1.05,1.0,1.05,1.0,1.76,1.05,1.0,1.4928571428571429,1.1408,1.0,1.0,1.0067857142857142,1.25,1.05,1.1408,1.0,2.4971428571428573,1.1,1.05,1.9085714285714288,1.0,1.0,1.0,1.1,1.0,1.05,4.81,1.9,2.71,1.33,1.0,1.0,1.1885714285714286,1.8057142857142856,1.05,1.0
15-1243.01,Data Warehousing Specialists,1.0135714285714286,1.0,1.077942857142857,1.0664285714285715,1.32,1.0,1.0,1.13,1.04,1.0,1.0,1.0,1.17,1.91,1.04,1.0,1.4691999999999998,1.0089285714285714,1.0,1.0,1.0028285714285714,1.1734857142857142,1.09,1.0,1.0,2.4522285714285714,1.0,1.0,1.6665142857142858,1.0,1.0,1.0,1.13,1.0,1.0,4.86,1.74,2.17,1.43,1.0,1.0,1.28,1.6364285714285711,1.0,1.0
15-1244.00,Network and Computer Systems Administrators,1.5785714285714287,1.5300000000000002,1.2857142857142856,1.0135714285714286,1.55,2.04,1.1,1.58,1.16,1.14,1.26,1.29,1.06,3.17,1.65,1.0,1.837942857142857,1.6875,1.0,1.0,1.7211142857142858,1.3392000000000002,2.15,1.4542857142857144,1.147857142857143,2.4522285714285714,1.43,1.12,1.8571428571428568,1.0,1.1785714285714286,1.0,1.71,1.16,1.72,4.27,2.02,2.44,1.67,1.0,1.0,1.077942857142857,1.94,1.36,1.02
15-1251.00,Computer Programmers,1.16,1.1408,1.062857142857143,1.0135714285714286,1.07,1.05,1.0,1.13,1.0,1.0,1.0,1.1,1.0,2.67,1.02,1.0,1.4821428571428572,1.335714285714286,1.0,1.0,1.057942857142857,1.12,1.37,1.1428571428571428,1.0,2.596342857142857,1.19,1.18,1.7734857142857143,1.0,1.0,1.0,1.26,1.0,1.2,4.84,1.62,3.14,1.59,1.0,1.0,1.0664285714285715,1.7385714285714284,1.0,1.0
15-1252.00,Software Developers,1.1339285714285714,1.062857142857143,1.0535714285714286,1.0271428571428571,1.04,1.26,1.02,1.17,1.01,1.01,1.23,1.0,1.02,1.07,1.05,1.0,1.4691999999999998,1.12,1.0,1.0,1.0114285714285711,1.147857142857143,1.02,1.077942857142857,1.0,2.4732142857142856,1.01,1.02,1.6364285714285711,1.0,1.0,1.0,1.04,1.01,1.02,4.95,1.47,3.16,1.29,1.0,1.0,1.157142857142857,1.4691999999999998,1.28,1.03
15-1253.00,Software Quality Assurance Analysts and Testers,1.2036571428571428,1.1885714285714286,1.0442857142857145,1.0206285714285714,1.18,1.32,1.09,1.15,1.12,1.15,1.0,1.06,1.06,2.74,1.06,1.0,1.4928571428571429,1.2857142857142856,1.0,1.0,1.0212571428571429,1.22,1.15,1.268571428571429,1.0,2.354914285714286,1.12,1.12,1.9449142857142856,1.0,1.0,1.0,1.09,1.0,1.03,4.68,1.94,2.68,1.42,1.0,1.0,1.147857142857143,1.6364285714285711,1.21,1.09
15-1254.00,Web Developers,1.268571428571429,1.2036571428571428,1.0803571428571428,1.0135714285714286,1.17,1.17,1.04,1.21,1.0,1.04,1.0,1.04,1.0,2.75,1.08,1.0,1.4928571428571429,1.75,1.0,1.0,1.0267857142857142,1.1607142857142858,1.04,1.2857142857142856,1.0,2.4971428571428573,1.04,1.08,1.8914285714285717,1.0,1.0,1.0,1.17,1.04,1.17,4.79,1.67,3.21,1.46,1.0,1.0,1.1408,2.096342857142857,1.04,1.04
15-1255.01,Video Game Designers,1.3392000000000002,1.302857142857143,1.0549142857142857,1.0020571428571428,1.0,1.1,1.0,1.3,1.0,1.0,1.05,1.0,1.0,2.1,1.0,1.0,1.8057142857142856,1.5508,1.0,1.0,1.0232142857142856,1.3392000000000002,1.15,1.2857142857142856,1.0,2.7142857142857144,1.15,1.1,1.822857142857143,1.0,1.0,1.0,1.0,1.0,1.05,4.84,1.5,3.85,1.2,1.0,1.0,1.077942857142857,2.205357142857143,1.05,1.0
15-1299.01,Web Administrators,1.2036571428571428,1.2036571428571428,1.0803571428571428,1.0020571428571428,1.1,1.2,1.0,1.74,1.0,1.0,1.25,1.0,1.0,2.1,1.05,1.0,1.6364285714285711,1.6875,1.0,1.0,1.14,1.147857142857143,1.45,1.268571428571429,1.0,2.596342857142857,1.25,1.2,1.7200000000000002,1.0,1.0,1.0,1.15,1.05,1.25,4.7,2.0,3.15,1.37,1.0,1.0,1.062857142857143,1.7734857142857143,1.2,1.05
15-1299.02,Geographic Information Systems Technologists and Technicians,1.2592,1.197142857142857,1.0336571428571428,1.0664285714285715,1.51,1.19,1.14,1.58,1.15,1.35,1.12,1.42,1.12,2.29,1.59,1.02,1.5892857142857142,1.2142857142857144,1.0,1.0,1.1937285714285717,1.1734857142857142,2.19,1.24,1.0,2.4522285714285714,2.0,1.39,1.625,1.0,1.0,1.077942857142857,1.23,1.1,1.19,4.69,1.69,3.6,1.47,1.0,1.0,1.197142857142857,2.105,1.51,1.03
15-1299.03,Document Management Specialists,1.268571428571429,1.25,1.0803571428571428,1.0,1.58,1.4,1.0,1.25,1.05,1.15,1.35,1.17,1.0,1.65,1.22,1.05,1.5165142857142857,1.4821428571428572,1.0,1.0,1.394285714285714,1.25,1.85,1.25,1.0,2.3857142857142857,1.21,1.35,1.7385714285714284,1.0,1.0,1.0,1.37,1.21,1.3,4.1,2.16,2.65,1.84,1.0,1.0,1.0336571428571428,1.6665142857142858,1.28,1.1
15-1299.05,Information Security Engineers,1.0535714285714286,1.0271428571428571,1.1071428571428572,1.0535714285714286,1.21,1.32,1.05,1.72,1.05,1.05,1.26,1.06,1.06,1.84,1.16,1.05,1.8125,1.062857142857143,1.0089285714285714,1.0089285714285714,1.1113,1.147857142857143,1.33,1.0271428571428571,1.0178571428571428,2.354914285714286,1.21,1.39,1.9842857142857144,1.0,1.0135714285714286,1.0042857142857142,1.26,1.21,1.42,4.89,1.74,2.11,1.42,1.0178571428571428,1.0135714285714286,1.1885714285714286,1.5165142857142857,1.16,1.11
15-1299.08,Computer Systems Engineers/Architects,1.1885714285714286,1.1734857142857142,1.0549142857142857,1.0089285714285714,1.67,2.36,1.29,1.95,1.43,1.43,1.5,1.62,1.0,3.0,1.3,1.0,1.6364285714285711,1.2857142857142856,1.0,1.0,1.8157857142857143,1.1607142857142858,1.91,1.1734857142857142,1.0,2.2928571428571427,1.62,1.59,1.8571428571428568,1.0,1.0206285714285714,1.0,1.95,1.45,1.86,4.0,2.24,2.95,1.81,1.0,1.0,1.12,1.837942857142857,1.62,1.14
15-1299.09,Information Technology Project Managers,1.0,1.0,1.1408,1.0,1.47,1.67,1.2,1.57,1.1,1.15,1.38,1.25,1.0,2.57,1.25,1.05,1.6171428571428572,1.1607142857142858,1.0,1.0,1.2117142857142855,1.28,1.57,1.0,1.0,2.4522285714285714,1.45,1.3,1.6875,1.0,1.0,1.0,1.35,1.5,1.35,4.4,2.16,2.0,1.84,1.0,1.0,1.0442857142857145,1.8057142857142856,1.45,1.2
15-2011.00,Actuaries,1.0,1.0,1.1257142857142857,1.0,1.04,1.0,1.0,1.04,1.0,1.0,1.0,1.04,1.0,1.64,1.04,1.0,1.6364285714285711,1.0357142857142856,1.0,1.0,1.015,1.1885714285714286,1.0,1.0,1.0,2.6185714285714288,1.0,1.0,1.7200000000000002,1.0,1.0,1.0,1.04,1.0,1.0,4.93,1.59,1.79,1.33,1.0,1.0,1.1071428571428572,1.5165142857142857,1.0,1.0
15-2021.00,Mathematicians,1.0,1.0,1.0206285714285714,1.0,1.3,1.1,1.32,1.05,1.1,1.05,1.05,1.05,1.0,1.9,1.05,1.0,1.3214285714285714,1.0714285714285714,1.0,1.0,1.045,1.0664285714285715,1.15,1.0,1.0,2.4035714285714285,1.1,1.2,1.7734857142857143,1.0,1.0,1.0020571428571428,1.3,1.05,1.1,3.89,2.1,1.65,1.6,1.0,1.0,1.1071428571428572,1.7200000000000002,1.0,1.0
15-2031.00,Operations Research Analysts,1.0,1.0,1.0089285714285714,1.0,1.14,1.2,1.1,1.19,1.1,1.14,1.1,1.05,1.1,1.62,1.19,1.0,1.655,1.0206285714285714,1.0,1.0,1.0645,1.0664285714285715,1.33,1.0,1.0,2.4732142857142856,1.38,1.38,1.625,1.0,1.0,1.0,1.05,1.05,1.15,4.43,1.9,1.6,1.38,1.0,1.0,1.12,1.4192,1.43,1.3
15-2041.00,Statisticians,1.0,1.0,1.0549142857142857,1.0,1.1,1.05,1.1,1.05,1.0,1.0,1.0,1.0,1.0,2.1,1.05,1.0,1.7200000000000002,1.0885714285714283,1.0,1.0,1.0007142857142857,1.1257142857142857,1.14,1.0,1.0,2.7142857142857144,1.1,1.1,1.7734857142857143,1.0,1.0,1.0,1.05,1.0,1.05,4.71,1.9,2.29,1.3,1.0,1.0,1.197142857142857,1.6364285714285711,1.19,1.14
15-2041.01,Biostatisticians,1.0357142857142856,1.0206285714285714,1.0664285714285715,1.0,1.04,1.0,1.09,1.04,1.04,1.04,1.04,1.04,1.04,2.33,1.13,1.0,1.6063428571428573,1.1735714285714285,1.0,1.0,1.046242857142857,1.077942857142857,1.12,1.0357142857142856,1.0,2.4035714285714285,1.09,1.08,1.7734857142857143,1.0,1.0,1.0,1.21,1.08,1.04,4.46,1.92,2.17,1.5,1.0,1.0020571428571428,1.0714285714285714,1.8914285714285717,1.08,1.04
15-2051.01,Business Intelligence Analysts,1.0,1.0,1.0206285714285714,1.0089285714285714,1.0,1.05,1.0,1.14,1.0,1.05,1.0,1.0,1.0,1.5,1.0,1.0,1.6063428571428573,1.0357142857142856,1.0,1.0,1.0023142857142855,1.0664285714285715,1.09,1.0,1.0,2.06,1.05,1.0,1.5892857142857142,1.0,1.0,1.0,1.0,1.0,1.0,4.77,2.0,2.18,1.18,1.0,1.0,1.12,1.3571428571428572,1.0,1.0
15-2051.02,Clinical Data Managers,1.0206285714285714,1.0089285714285714,1.0206285714285714,1.0206285714285714,1.1,1.2,1.25,1.05,1.0,1.0,1.0,1.0,1.0,2.05,1.05,1.0,1.4928571428571429,1.2036571428571428,1.0,1.0,1.0278571428571428,1.1071428571428572,1.25,1.0206285714285714,1.0,2.4893714285714283,1.05,1.0,1.8057142857142856,1.0,1.0,1.0,1.2,1.0,1.1,4.85,1.45,2.37,1.3,1.0,1.0,1.077942857142857,1.3785714285714286,1.0,1.0
15-2099.01,Bioinformatics Technicians,1.0,1.0042857142857142,1.077942857142857,1.0,1.86,1.26,1.42,1.15,1.48,1.2,1.19,1.22,1.19,2.43,1.11,1.07,1.8057142857142856,1.4821428571428572,1.0,1.0,1.1225714285714286,1.1885714285714286,1.3,1.0,1.0,2.36,1.15,1.24,1.9285714285714288,1.0,1.0,1.0,1.26,1.09,1.28,4.71,1.72,2.19,1.41,1.0,1.0,1.0,1.8914285714285717,1.83,1.02
17-1011.00,"Architects, Except Landscape and Naval",1.268571428571429,1.302857142857143,1.5357142857142858,1.0020571428571428,1.85,1.57,1.05,1.76,1.35,1.57,2.29,1.3,1.0,2.86,2.21,1.2,2.4971428571428573,1.4249999999999998,1.0,1.0,1.3548571428571428,1.147857142857143,2.6,1.25,1.12,2.8514285714285714,2.65,2.48,2.0028571428571427,1.0020571428571428,1.0,1.3125,1.4,1.86,1.62,4.4,2.05,2.75,1.95,1.0,1.0,1.0714285714285714,3.117142857142857,2.45,1.33
17-1012.00,Landscape Architects,1.28,1.268571428571429,1.2857142857142856,1.0,1.5,1.2,1.05,1.6,1.2,1.3,1.25,1.5,1.05,1.75,2.15,1.05,1.9842857142857144,1.3008,1.0,1.0,1.2089285714285714,1.22,2.5,1.231428571428571,1.0549142857142857,2.596342857142857,2.9,2.1,1.4928571428571429,1.0,1.0,1.1071428571428572,1.15,1.05,1.25,4.25,2.2,2.55,1.95,1.0,1.0,1.1408,2.894285714285714,2.15,1.05
17-1021.00,Cartographers and Photogrammetrists,1.7385714285714284,1.7200000000000002,1.3571428571428572,1.0442857142857145,2.11,1.45,1.0,1.97,1.16,1.16,1.15,1.35,1.0,3.07,1.81,1.02,2.125,1.7734857142857143,1.0,1.0,1.1357142857142857,1.1607142857142858,2.22,1.3571428571428572,1.0089285714285714,2.6950857142857143,2.02,1.21,1.8571428571428568,1.0,1.0020571428571428,1.0336571428571428,1.75,1.19,1.56,4.83,1.83,4.12,1.4,1.0,1.0,1.197142857142857,2.086428571428572,1.33,1.04
17-1022.00,Surveyors,1.8571428571428568,1.822857142857143,1.8571428571428568,1.25,2.65,2.0,1.15,2.7,2.0,3.0,2.0,3.35,1.25,3.25,3.45,1.42,2.4971428571428573,1.822857142857143,1.2857142857142856,1.22,2.032142857142857,1.2036571428571428,3.65,1.7385714285714284,1.7200000000000002,2.596342857142857,4.45,2.0,1.9449142857142856,1.1257142857142857,1.3008,2.023657142857143,2.35,1.4,2.05,3.1,3.3,3.95,3.15,1.3392000000000002,1.32,1.5357142857142858,2.1357142857142857,3.6,1.75
17-1022.01,Geodetic Surveyors,1.7200000000000002,1.6875,1.4017857142857142,1.0664285714285715,2.16,1.93,1.12,2.69,1.48,2.73,1.78,2.44,1.11,2.81,2.88,1.46,2.0342857142857143,1.6364285714285711,1.147857142857143,1.0549142857142857,2.122157142857143,1.22,3.56,1.394285714285714,1.4821428571428572,2.596342857142857,3.76,2.31,1.8914285714285717,1.1257142857142857,1.25,1.302857142857143,2.0,1.52,1.89,3.04,2.72,3.27,2.4,1.157142857142857,1.231428571428571,1.3008,2.1635714285714283,3.12,1.58
17-2011.00,Aerospace Engineers,1.0,1.0,1.25,1.0,2.12,1.41,1.0,1.4,1.82,2.28,1.36,1.31,1.0,3.1,1.53,1.03,1.9449142857142856,1.3571428571428572,1.0,1.0,1.313742857142857,1.6063428571428573,1.82,1.0,1.0,2.524285714285714,1.56,1.76,1.8914285714285717,1.0,1.0,1.0,1.27,1.25,1.36,4.25,1.95,1.89,1.72,1.0,1.0,1.0442857142857145,2.086428571428572,3.36,1.18
17-2021.00,Agricultural Engineers,1.197142857142857,1.3785714285714286,1.3808,1.0357142857142856,2.65,2.25,1.45,2.4,2.25,2.7,1.95,2.15,1.3,3.05,2.9,1.65,1.8571428571428568,1.2857142857142856,1.0357142857142856,1.0357142857142856,1.665357142857143,1.5508,3.55,1.157142857142857,1.268571428571429,2.4035714285714285,3.5,3.4,1.8057142857142856,1.1106285714285715,1.2857142857142856,1.1785714285714286,1.8,1.75,1.65,3.68,2.5,2.35,1.9,1.0357142857142856,1.1257142857142857,1.1734857142857142,2.354914285714286,3.1,2.05
17-2031.00,Bioengineers and Biomedical Engineers,1.5508,1.36,1.3008,1.0,1.61,1.35,2.09,1.26,1.74,1.65,1.3,1.48,1.7,2.39,1.3,1.17,1.7734857142857143,1.4,1.0,1.0,1.4820571428571427,1.22,1.48,1.3008,1.0206285714285714,2.645714285714285,1.35,1.39,1.8571428571428568,1.0020571428571428,1.0135714285714286,1.0020571428571428,1.43,1.22,1.26,4.0,2.17,3.0,1.7,1.0,1.0020571428571428,1.0992,2.3392857142857144,2.57,2.0
17-2041.00,Chemical Engineers,1.1106285714285715,1.0803571428571428,1.302857142857143,1.0,2.7,1.65,1.0,1.61,2.78,2.39,1.87,1.39,1.17,2.74,2.3,1.13,2.0342857142857143,1.1107142857142858,1.0,1.0,1.2573,1.302857142857143,2.0,1.0020571428571428,1.0,2.524285714285714,2.87,2.59,2.096342857142857,1.0,1.0803571428571428,1.0,1.57,1.64,1.52,4.0,2.05,1.91,2.0,1.0,1.0,1.157142857142857,2.1357142857142857,3.65,2.3
17-2051.00,Civil Engineers,1.0,1.0992,1.5614285714285714,1.0,1.86,1.67,1.14,2.0,1.48,1.95,2.19,1.48,1.15,2.71,2.24,1.29,2.354914285714286,1.2592,1.0,1.0,1.1205142857142858,1.5357142857142858,2.95,1.0,1.0357142857142856,2.6185714285714288,2.81,2.14,2.4035714285714285,1.0,1.0,1.1885714285714286,1.5,1.76,1.67,4.14,2.19,2.14,2.05,1.0,1.0,1.0535714285714286,2.6185714285714288,2.95,1.81
17-2051.01,Transportation Engineers,1.0206285714285714,1.062857142857143,1.2857142857142856,1.0,1.82,1.36,1.05,1.64,1.55,2.32,1.82,1.64,1.05,2.5,2.45,1.09,2.044642857142857,1.1339285714285714,1.0,1.0,1.1898,1.25,2.86,1.0357142857142856,1.0206285714285714,2.6185714285714288,2.86,1.77,1.8571428571428568,1.0,1.0,1.0664285714285715,1.36,1.27,1.32,4.27,2.09,2.27,1.86,1.0,1.0,1.1408,2.6185714285714288,2.86,1.45
17-2051.02,Water/Wastewater Engineers,1.0,1.077942857142857,1.2857142857142856,1.0,2.35,1.52,1.74,1.96,1.7,2.0,1.7,1.57,1.13,2.48,2.22,1.17,1.9842857142857144,1.1107142857142858,1.0,1.0,1.0936,1.268571428571429,3.09,1.0,1.0206285714285714,2.571428571428571,2.86,2.18,1.8057142857142856,1.0,1.0,1.0357142857142856,1.45,1.39,1.26,4.17,2.04,1.57,1.83,1.0,1.0,1.0271428571428571,2.571428571428571,2.68,1.7
17-2061.00,Computer Hardware Engineers,1.36,1.2592,1.1734857142857142,1.0,1.44,1.26,1.04,1.25,1.43,1.21,1.07,1.3,1.1,2.25,1.3,1.04,1.5614285714285714,1.6063428571428573,1.0,1.0,1.1803857142857144,1.1885714285714286,1.56,1.335714285714286,1.0,2.354914285714286,1.37,1.3,1.8057142857142856,1.0,1.0,1.0,1.32,1.07,1.28,4.5,2.07,2.48,1.59,1.0,1.0,1.0714285714285714,2.2471428571428573,1.75,1.14
17-2071.00,Electrical Engineers,1.2857142857142856,1.32,1.2857142857142856,1.0442857142857145,1.82,2.01,1.0,2.01,2.24,2.18,1.81,1.83,1.09,2.94,2.39,1.16,1.8914285714285717,1.3392000000000002,1.0,1.0,1.4438,1.3392000000000002,2.31,1.3392000000000002,1.0,2.4732142857142856,2.21,1.86,1.9449142857142856,1.0020571428571428,1.0020571428571428,1.0020571428571428,1.88,1.72,1.77,4.06,2.38,2.96,2.2,1.0,1.0,1.1339285714285714,2.06,3.2,1.57
17-2072.00,"Electronics Engineers, Except Computer",1.8914285714285717,1.6171428571428572,1.22,1.0089285714285714,1.58,1.7,1.0,1.04,2.01,1.53,1.34,1.35,1.14,1.84,1.07,1.0,1.7200000000000002,1.9285714285714288,1.0,1.0020571428571428,1.5627999999999995,1.6063428571428573,1.39,1.7734857142857143,1.0992,2.765714285714286,1.14,1.07,1.8571428571428568,1.0,1.1607142857142858,1.0,1.31,1.27,1.55,4.18,2.11,2.33,1.53,1.0089285714285714,1.0357142857142856,1.147857142857143,2.4008000000000003,2.39,1.15
17-2072.01,Radio Frequency Identification Device Specialists,1.4,1.467857142857143,1.1734857142857142,1.0,1.86,1.66,1.24,1.41,1.45,1.74,1.46,1.55,1.6,2.82,1.28,1.02,1.6364285714285711,1.4249999999999998,1.0,1.0,1.4285428571428571,1.32,2.24,1.32,1.0221428571428572,2.571428571428571,1.52,1.49,1.4928571428571429,1.0,1.1071428571428572,1.0042857142857142,1.45,1.29,1.56,3.97,2.24,2.59,1.78,1.0,1.0042857142857142,1.3571428571428572,1.837942857142857,2.31,1.22
17-2081.00,Environmental Engineers,1.0,1.0,1.1071428571428572,1.0,2.7,1.75,1.65,2.05,2.0,2.14,1.71,1.8,1.24,2.86,2.7,1.2,1.8057142857142856,1.0206285714285714,1.0,1.0,1.381357142857143,1.0992,2.86,1.0,1.0,2.4522285714285714,3.2,2.81,1.8571428571428568,1.0,1.0,1.0042857142857142,1.47,1.62,1.57,3.95,2.4,2.2,2.15,1.0,1.0,1.1408,1.8914285714285717,3.15,2.14
17-2111.00,"Health and Safety Engineers, Except Mining Safety Engineers and Inspectors",1.0885714285714283,1.1071428571428572,1.3008,1.0442857142857145,2.83,2.17,1.5,2.51,2.67,2.87,2.6,2.35,1.43,3.24,2.84,1.68,2.0608,1.0042857142857142,1.077942857142857,1.1885714285714286,1.6945428571428574,1.625,3.45,1.0,1.12,2.3392857142857144,3.22,2.78,1.9285714285714288,1.1257142857142857,1.1885714285714286,1.2142857142857144,2.0,1.83,1.85,3.34,2.79,2.4,2.4,1.0664285714285715,1.12,1.22,1.837942857142857,4.05,2.39
17-2111.02,Fire-Prevention and Protection Engineers,1.0,1.0442857142857145,1.32,1.0,2.0,1.81,1.23,1.88,2.04,1.77,1.96,1.46,1.12,2.15,2.04,1.12,2.2928571428571427,1.157142857142857,1.0020571428571428,1.0020571428571428,1.22,1.3008,2.38,1.0,1.0206285714285714,2.7142857142857144,2.46,2.27,1.9085714285714288,1.0,1.0,1.147857142857143,1.76,1.92,1.84,3.8,2.32,1.85,2.04,1.0020571428571428,1.0,1.1734857142857142,2.2308,2.69,1.85
17-2112.00,Industrial Engineers,1.32,1.2857142857142856,1.2857142857142856,1.0020571428571428,2.88,1.79,1.29,1.87,1.92,2.55,1.44,1.81,1.17,3.09,2.06,1.17,1.8571428571428568,1.1885714285714286,1.0089285714285714,1.0020571428571428,1.6909,1.5357142857142858,2.1,1.0020571428571428,1.25,2.4522285714285714,1.76,1.59,1.6875,1.0,1.268571428571429,1.0271428571428571,1.67,1.13,1.5,3.48,2.65,2.47,2.35,1.0206285714285714,1.0271428571428571,1.147857142857143,2.1750857142857143,4.05,1.75
17-2112.01,Human Factors Engineers and Ergonomists,1.0206285714285714,1.0,1.2036571428571428,1.0206285714285714,1.79,1.9,1.32,2.0,1.53,1.9,1.8,1.32,1.26,2.4,1.74,1.67,1.9449142857142856,1.0089285714285714,1.0089285714285714,1.0089285714285714,1.6685714285714286,1.12,2.16,1.0,1.0089285714285714,2.3392857142857144,2.26,2.16,1.8571428571428568,1.0020571428571428,1.0,1.0942857142857143,1.79,1.5,1.7,3.55,2.63,2.25,2.16,1.0206285714285714,1.0206285714285714,1.1339285714285714,2.2471428571428573,2.74,1.9
17-2112.02,Validation Engineers,1.268571428571429,1.3008,1.22,1.0,2.15,1.84,1.2,1.85,1.95,2.2,1.3,1.5,1.2,3.0,2.05,1.05,1.7734857142857143,1.197142857142857,1.0,1.0,1.3614285714285714,1.3785714285714286,1.65,1.0089285714285714,1.0664285714285715,2.596342857142857,1.6,1.58,1.822857142857143,1.0,1.0803571428571428,1.0,1.55,1.3,1.58,3.95,2.35,2.25,1.9,1.0,1.0,1.28,1.75,3.3,1.45
17-2112.03,Manufacturing Engineers,1.5357142857142858,1.5357142857142858,1.5785714285714287,1.157142857142857,3.04,2.0,1.23,1.96,2.12,2.92,1.65,1.77,1.27,3.5,2.19,1.19,2.205357142857143,1.51,1.1734857142857142,1.1106285714285715,1.6077857142857144,1.7200000000000002,1.85,1.4435714285714285,1.4435714285714285,2.662857142857143,1.88,1.88,2.1357142857142857,1.0,1.4,1.1071428571428572,1.62,1.42,1.65,3.35,2.5,2.42,2.27,1.16,1.3008,1.36,2.7142857142857144,4.27,1.81
17-2121.00,Marine Engineers and Naval Architects,1.4821428571428572,1.5785714285714287,1.4285714285714286,1.197142857142857,2.89,3.28,1.28,2.89,2.67,3.0,2.71,1.94,1.56,3.28,2.89,1.5,2.2308,1.51,1.28,1.394285714285714,1.5716571428571429,1.5892857142857142,2.59,1.4179428571428572,1.3392000000000002,2.4035714285714285,3.42,3.32,1.7857142857142856,1.1408,1.4435714285714285,1.4435714285714285,2.5,2.33,2.39,3.44,2.83,3.11,2.17,1.2208,1.28,1.5357142857142858,2.571428571428571,3.61,2.33
17-2131.00,Materials Engineers,1.4179428571428572,1.4691999999999998,1.32,1.0,2.75,1.76,1.1,1.76,2.9,2.86,1.19,1.9,1.67,2.71,1.71,1.05,1.837942857142857,1.5625,1.0,1.0,1.627,1.32,1.57,1.4179428571428572,1.0803571428571428,2.4732142857142856,1.67,1.76,2.0028571428571427,1.0,1.268571428571429,1.0020571428571428,1.62,1.38,1.52,3.6,2.57,2.52,1.9,1.0,1.0,1.0336571428571428,2.2471428571428573,4.25,2.1
17-2141.00,Mechanical Engineers,1.2857142857142856,1.157142857142857,1.22,1.0,1.9,1.79,1.39,1.49,1.75,2.01,1.76,1.2,1.0,2.05,1.83,1.28,1.837942857142857,1.3785714285714286,1.0,1.0,1.4762142857142857,1.4464285714285716,1.6,1.0885714285714283,1.0,2.645714285714285,1.96,1.87,1.9285714285714288,1.0020571428571428,1.1885714285714286,1.0357142857142856,1.71,1.63,1.87,3.81,2.4,2.21,2.24,1.0,1.0,1.1339285714285714,2.3857142857142857,3.27,1.23
17-2141.01,Fuel Cell Engineers,1.75,1.7200000000000002,1.32,1.0,2.32,1.55,1.0,1.18,3.59,2.45,1.09,1.5,1.0,2.73,1.36,1.05,1.8914285714285717,1.7734857142857143,1.0,1.0,1.5991857142857142,1.5165142857142857,1.77,1.4017857142857142,1.0885714285714283,2.524285714285714,1.45,1.64,2.0342857142857143,1.0020571428571428,1.0442857142857145,1.0135714285714286,1.41,1.18,1.45,3.32,2.55,2.48,1.82,1.0,1.0,1.0885714285714283,2.2471428571428573,4.41,1.68
17-2141.02,Automotive Engineers,1.231428571428571,1.2857142857142856,1.3571428571428572,1.0,2.15,1.85,1.05,1.75,1.8,2.38,1.24,1.62,1.0,2.62,2.1,1.43,1.8914285714285717,1.28,1.0,1.0,1.4289999999999998,1.4608,3.0,1.0885714285714283,1.231428571428571,2.571428571428571,2.29,2.33,1.7734857142857143,1.16,1.231428571428571,1.231428571428571,1.76,1.24,1.62,3.95,2.45,2.33,2.21,1.0,1.0,1.0535714285714286,2.6185714285714288,3.24,1.95
17-2151.00,"Mining and Geological Engineers, Including Mining Safety Engineers",1.0020571428571428,1.0206285714285714,1.36,1.0,3.22,2.24,1.26,2.84,2.19,3.06,2.15,2.13,1.29,3.34,2.73,1.45,2.1357142857142857,1.147857142857143,1.0,1.0,1.3256,1.3785714285714286,3.26,1.0,1.0206285714285714,2.524285714285714,2.87,2.13,1.9842857142857144,1.0,1.231428571428571,1.1885714285714286,1.66,1.43,1.51,3.71,2.45,2.22,2.21,1.0,1.0,1.157142857142857,2.36,3.5,1.7
17-2161.00,Nuclear Engineers,1.25,1.1408,1.2857142857142856,1.0,2.4,1.81,1.17,2.35,2.1,1.81,1.81,1.47,3.57,2.76,2.25,1.21,1.8571428571428568,1.0664285714285715,1.0,1.0,1.19,1.4285714285714286,1.76,1.0357142857142856,1.0,2.596342857142857,2.1,1.95,2.125,1.0,1.0803571428571428,1.0,1.45,1.48,1.57,3.86,2.0,2.1,1.9,1.0,1.0,1.0942857142857143,1.9085714285714288,3.7,2.71
17-2171.00,Petroleum Engineers,1.0,1.1339285714285714,1.2857142857142856,1.0,2.46,1.39,1.01,1.73,1.95,2.13,1.34,1.25,1.14,2.2,2.12,1.02,1.8057142857142856,1.24,1.0,1.0,1.0478285714285716,1.4435714285714285,2.94,1.0,1.0442857142857145,2.4035714285714285,2.21,1.7,1.8571428571428568,1.0,1.0042857142857142,1.0020571428571428,1.26,1.22,1.21,4.22,2.16,2.27,1.97,1.0,1.0,1.0336571428571428,2.044642857142857,2.72,1.18
17-2199.03,"Energy Engineers, Except Wind and Solar",1.0,1.1107142857142858,1.22,1.0,2.05,1.86,1.41,2.18,2.27,2.23,2.18,1.5,1.0,2.86,2.45,1.05,1.9085714285714288,1.1785714285714286,1.0,1.0,1.1746285714285714,1.3392000000000002,2.55,1.0,1.0271428571428571,2.524285714285714,2.32,2.14,1.8057142857142856,1.0,1.0,1.0,1.77,1.91,1.73,3.55,2.36,1.86,2.0,1.0,1.0,1.077942857142857,2.1635714285714283,2.86,1.32
17-2199.05,Mechatronics Engineers,1.4017857142857142,1.4017857142857142,1.32,1.0,1.89,1.39,1.0,2.29,1.82,2.35,1.23,1.41,1.0,3.03,1.26,1.01,1.8571428571428568,1.4017857142857142,1.0,1.0,1.1923857142857144,1.6063428571428573,1.85,1.1785714285714286,1.0942857142857143,2.524285714285714,1.36,1.17,1.7200000000000002,1.0,1.1339285714285714,1.0357142857142856,1.69,1.11,1.41,4.19,2.06,2.62,1.86,1.0,1.0,1.147857142857143,2.205357142857143,3.66,1.25
17-2199.06,Microsystems Engineers,1.6942857142857144,1.6063428571428573,1.4017857142857142,1.0,2.23,1.96,1.24,1.94,2.07,1.68,1.59,1.37,1.47,2.54,1.74,1.24,1.7385714285714284,1.6665142857142858,1.0,1.0,1.755,1.5892857142857142,2.07,1.5892857142857142,1.157142857142857,2.3857142857142857,2.13,2.0,2.086428571428572,1.0,1.12,1.0271428571428571,1.71,1.47,1.36,3.67,2.38,2.86,1.47,1.0042857142857142,1.12,1.3008,2.2928571428571427,2.38,1.5
17-2199.07,Photonics Engineers,1.6942857142857144,1.722057142857143,1.5614285714285714,1.0,1.78,1.87,1.04,2.09,2.09,2.13,1.13,1.43,1.61,2.35,1.22,1.04,1.94,1.6942857142857144,1.0,1.0,1.6263999999999998,1.36,1.36,1.5357142857142858,1.0992,2.542057142857143,1.39,1.52,1.8914285714285717,1.0,1.1071428571428572,1.0,1.48,1.26,1.55,3.78,2.17,2.48,1.74,1.0,1.0206285714285714,1.0885714285714283,2.3242857142857147,3.04,2.09
17-2199.08,Robotics Engineers,1.9085714285714288,1.9285714285714288,1.655,1.0,2.34,2.0,1.0,2.0,2.63,3.03,1.55,1.57,1.04,3.43,2.14,1.13,1.94,2.2928571428571427,1.0,1.0,1.845557142857143,1.7200000000000002,2.1,1.8571428571428568,1.5508,2.596342857142857,2.0,1.93,2.275,1.0206285714285714,1.6942857142857144,1.0714285714285714,1.73,1.34,2.0,3.34,2.66,2.79,1.93,1.0,1.0549142857142857,1.32,2.9008000000000003,3.87,1.7
17-2199.09,Nanosystems Engineers,1.722057142857143,1.8057142857142856,1.268571428571429,1.0,2.95,1.81,1.3,2.1,3.43,2.52,1.15,1.33,2.0,3.0,1.19,1.0,1.8914285714285717,1.7734857142857143,1.0,1.0,1.7339428571428572,1.268571428571429,1.19,1.467857142857143,1.25,2.98,1.14,1.1,1.8057142857142856,1.0,1.2000000000000002,1.0,1.24,1.24,1.25,3.43,2.48,3.05,1.86,1.0,1.1428571428571428,1.231428571428571,2.1750857142857143,4.24,3.24
17-2199.10,Wind Energy Engineers,1.231428571428571,1.1734857142857142,1.4017857142857142,1.0,1.36,1.44,1.03,1.42,1.45,1.68,1.52,1.32,1.04,2.01,1.89,1.09,1.722057142857143,1.4821428571428572,1.0,1.0,1.3811,1.268571428571429,2.31,1.0089285714285714,1.12,2.205357142857143,2.15,1.52,1.7200000000000002,1.0,1.077942857142857,1.0271428571428571,1.25,1.33,1.29,4.52,1.91,1.69,1.61,1.0,1.0020571428571428,1.0042857142857142,2.211428571428572,2.15,1.43
17-2199.11,Solar Energy Systems Engineers,1.4179428571428572,1.3785714285714286,1.3008,1.0942857142857143,1.93,2.18,1.04,2.64,2.93,2.36,3.14,2.25,1.0,2.68,2.7,1.43,1.9657142857142855,1.34,1.0942857142857143,1.25,2.0532285714285714,1.3785714285714286,3.22,1.36,1.28,2.275,3.71,2.79,1.8057142857142856,1.0442857142857145,1.0357142857142856,1.0535714285714286,2.04,2.18,1.93,3.43,2.71,2.68,2.29,1.1408,1.1734857142857142,1.3571428571428572,2.0,3.39,2.93
17-3011.00,Architectural and Civil Drafters,1.4821428571428572,1.394285714285714,1.22,1.1071428571428572,1.5,1.33,1.15,1.68,1.41,1.46,1.57,1.31,1.0,2.25,1.79,1.0,1.9077714285714285,1.4179428571428572,1.0135714285714286,1.0135714285714286,1.0798285714285714,1.3392000000000002,2.29,1.3706285714285715,1.0135714285714286,2.4035714285714285,2.36,1.73,1.5508,1.0178571428571428,1.0135714285714286,1.0535714285714286,1.52,1.31,1.24,4.52,2.14,3.25,1.67,1.0135714285714286,1.0135714285714286,1.4821428571428572,2.4971428571428573,1.85,1.24
17-3012.00,Electrical and Electronics Drafters,1.4017857142857142,1.3008,1.2592,1.0664285714285715,1.99,1.26,1.06,1.4,2.0,1.62,1.21,1.56,1.07,3.15,1.76,1.07,1.5892857142857142,1.4821428571428572,1.0,1.0,1.1428,1.2142857142857144,2.15,1.3193714285714284,1.0135714285714286,2.645714285714285,2.11,1.47,1.7734857142857143,1.0020571428571428,1.0065142857142857,1.0336571428571428,1.49,1.09,1.25,4.3,1.97,2.54,1.9,1.0020571428571428,1.0020571428571428,1.2142857142857144,2.4522285714285714,2.57,1.26
17-3013.00,Mechanical Drafters,1.51,1.542142857142857,1.3008,1.0178571428571428,1.9,1.43,1.0,1.73,1.67,1.99,1.29,1.33,1.0,2.75,1.52,1.0,1.8057142857142856,1.9285714285714288,1.0,1.0,1.3034714285714286,1.2857142857142856,1.32,1.268571428571429,1.0020571428571428,2.571428571428571,1.13,1.11,1.8057142857142856,1.0,1.0,1.0020571428571428,1.96,1.19,1.29,4.4,1.96,3.07,1.78,1.0,1.0,1.0535714285714286,2.4285714285714284,3.4,1.14
17-3021.00,Aerospace Engineering and Operations Technologists and Technicians,1.8571428571428568,1.9085714285714288,1.5207142857142857,1.1785714285714286,3.13,3.35,1.0,2.63,3.84,2.89,2.05,2.57,1.16,3.64,1.95,1.25,1.8057142857142856,1.8571428571428568,1.0206285714285714,1.0803571428571428,1.9357857142857144,1.7385714285714284,2.01,1.8571428571428568,1.5207142857142857,2.5428571428571427,1.72,1.49,2.086428571428572,1.0,1.2592,1.0020571428571428,2.9,1.72,2.41,3.12,2.94,4.11,2.05,1.0089285714285714,1.197142857142857,1.268571428571429,2.205357142857143,4.41,2.17
17-3022.00,Civil Engineering Technologists and Technicians,1.3008,1.2857142857142856,1.3008,1.0271428571428571,2.8,1.78,1.87,1.91,1.78,2.92,1.67,2.42,1.42,2.76,2.64,1.57,2.105,1.51,1.0,1.0,1.2106,1.3785714285714286,3.48,1.268571428571429,1.157142857142857,2.596342857142857,3.52,1.62,1.7734857142857143,1.0206285714285714,1.0992,1.16,2.05,1.48,1.72,3.71,2.43,2.62,2.27,1.0,1.0,1.12,2.4971428571428573,3.11,1.28
17-3023.00,Electrical and Electronic Engineering Technologists and Technicians,1.75,1.655,1.51,1.1734857142857142,2.72,2.34,1.19,2.19,2.83,2.61,1.91,2.5,1.38,3.21,2.34,1.31,1.75,1.8125,1.1071428571428572,1.1071428571428572,2.116642857142857,1.4179428571428572,2.27,1.655,1.28,2.524285714285714,2.45,2.21,2.0028571428571427,1.0336571428571428,1.231428571428571,1.0664285714285715,1.94,1.68,1.95,3.6,2.61,3.41,2.12,1.0942857142857143,1.0992,1.3571428571428572,2.3192,3.68,1.95
17-3024.00,Electro-Mechanical and Mechatronics Technologists and Technicians,2.524285714285714,2.765714285714286,1.6063428571428573,1.1408,3.68,2.96,1.46,2.48,3.02,3.1,1.92,2.67,1.61,3.89,2.23,1.21,2.25,2.524285714285714,1.2857142857142856,1.1408,2.3022857142857145,1.9449142857142856,2.63,2.2071428571428573,1.8914285714285717,2.645714285714285,2.35,2.08,2.2928571428571427,1.1408,2.0342857142857143,1.28,2.4,1.74,2.19,3.29,2.98,4.28,2.66,1.2036571428571428,1.5892857142857142,1.6063428571428573,2.211428571428572,4.08,1.95
17-3024.01,Robotics Technicians,2.3857142857142857,2.4971428571428573,1.7200000000000002,1.3008,3.32,2.95,1.5,2.73,3.77,3.59,2.41,2.77,1.32,3.77,2.73,1.27,1.8571428571428568,2.6950857142857143,1.3008,1.22,2.4976000000000003,1.4928571428571429,2.41,2.524285714285714,1.7200000000000002,2.765714285714286,2.64,2.36,2.044642857142857,1.2036571428571428,1.8571428571428568,1.25,2.29,1.77,2.41,2.77,3.09,3.82,2.36,1.335714285714286,1.5614285714285714,1.4249999999999998,2.524285714285714,4.68,2.59
17-3025.00,Environmental Engineering Technologists and Technicians,1.8571428571428568,1.8571428571428568,1.5300000000000002,1.268571428571429,3.47,2.06,1.67,2.53,2.91,2.85,1.83,2.85,1.43,3.21,2.75,1.5,1.8914285714285717,1.822857142857143,1.25,1.25,1.7436,1.3571428571428572,3.54,1.7385714285714284,1.655,2.571428571428571,3.73,2.5,1.8571428571428568,1.2000000000000002,1.4910714285714284,1.268571428571429,2.11,1.78,1.96,3.26,2.55,2.82,2.33,1.3008,1.4017857142857142,1.3785714285714286,1.8728571428571428,3.55,2.01
17-3026.00,Industrial Engineering Technologists and Technicians,1.4249999999999998,1.3785714285714286,1.2857142857142856,1.0135714285714286,3.73,2.47,1.0,2.57,2.83,3.12,1.41,2.21,1.02,4.01,2.15,1.05,1.8914285714285717,1.5508,1.0942857142857143,1.0271428571428571,2.627828571428571,1.4542857142857144,1.4,1.3008,1.3125,2.524285714285714,1.74,1.59,1.9085714285714288,1.0135714285714286,1.32,1.0336571428571428,2.24,1.43,1.77,3.09,3.11,3.08,2.96,1.16,1.0442857142857145,1.25,2.205357142857143,4.67,1.48
17-3026.01,Nanotechnology Engineering Technologists and Technicians,2.2308,2.0028571428571427,1.4285714285714286,1.1408,2.4,1.75,1.2,1.35,3.1,1.7,1.15,1.55,1.5,3.2,1.6,1.05,1.9449142857142856,2.086428571428572,1.1339285714285714,1.0942857142857143,1.7222857142857144,1.4435714285714285,1.1,1.6391999999999998,1.394285714285714,2.8020571428571426,1.1,1.15,2.105,1.2592,1.4928571428571429,1.1734857142857142,1.58,1.25,1.55,3.55,2.6,3.1,2.05,1.1257142857142857,1.197142857142857,1.4542857142857144,2.044642857142857,4.1,1.95
17-3027.00,Mechanical Engineering Technologists and Technicians,1.9085714285714288,1.9085714285714288,1.3571428571428572,1.268571428571429,3.24,2.7,1.14,2.53,3.07,3.54,2.02,2.56,1.28,3.77,2.69,1.35,1.9085714285714288,1.9449142857142856,1.2857142857142856,1.197142857142857,2.2643714285714287,1.6364285714285711,1.64,1.822857142857143,1.7734857142857143,2.645714285714285,2.19,1.93,2.044642857142857,1.1428571428571428,1.78,1.231428571428571,2.22,1.75,2.07,3.1,3.25,3.27,2.81,1.28,1.3392000000000002,1.5165142857142857,2.3192,4.34,1.88
17-3027.01,Automotive Engineering Technicians,1.9642857142857144,1.8914285714285717,1.51,1.1885714285714286,3.19,2.81,1.11,2.59,3.33,3.67,1.67,2.22,1.11,3.93,2.85,1.81,1.9085714285714288,2.0608,1.25,1.157142857142857,2.8541714285714286,1.5357142857142858,3.7,1.7934857142857146,1.75,2.375,2.78,2.63,1.9842857142857144,1.28,1.6063428571428573,1.3785714285714286,2.41,1.52,2.12,2.74,3.15,3.67,2.27,1.1785714285714286,1.4179428571428572,1.4928571428571429,1.9842857142857144,4.67,2.48
17-3029.01,Non-Destructive Testing Specialists,1.8571428571428568,1.9449142857142856,1.7385714285714284,1.2857142857142856,3.32,3.45,1.36,3.14,3.14,3.18,3.33,2.45,3.41,4.0,3.27,1.59,2.354914285714286,1.7734857142857143,1.2857142857142856,1.3392000000000002,2.7214285714285715,1.4179428571428572,3.05,1.8571428571428568,1.8057142857142856,2.7142857142857144,3.9,3.82,1.9449142857142856,1.1339285714285714,1.6875,1.3008,2.75,2.45,2.55,2.73,3.09,4.05,2.36,1.2857142857142856,1.3392000000000002,1.6063428571428573,1.9449142857142856,4.59,3.55
17-3029.08,Photonics Technicians,1.9449142857142856,2.023657142857143,1.5614285714285714,1.062857142857143,3.14,2.41,1.14,2.95,3.32,3.57,1.77,2.68,1.68,3.45,2.18,1.27,1.8057142857142856,2.275,1.0271428571428571,1.0271428571428571,2.8190285714285714,1.542142857142857,2.18,1.9085714285714288,1.75,2.524285714285714,2.14,2.0,1.9642857142857144,1.0,1.467857142857143,1.0089285714285714,2.05,1.59,1.76,2.77,3.32,4.0,2.36,1.0442857142857145,1.32,1.3785714285714286,1.9449142857142856,4.23,2.33
17-3031.00,Surveying and Mapping Technicians,1.655,1.5785714285714287,1.335714285714286,1.3125,2.05,1.82,1.25,2.58,1.44,2.5,1.64,2.38,1.09,2.96,2.81,1.31,2.023657142857143,1.51,1.28,1.2142857142857144,1.5738,1.32,2.87,1.5357142857142858,1.4821428571428572,2.3392857142857144,3.31,1.76,1.7036571428571428,1.0664285714285715,1.4691999999999998,1.3785714285714286,2.06,1.27,1.87,3.29,2.92,3.71,2.69,1.24,1.32,1.5785714285714287,1.75,2.88,1.36
19-1011.00,Animal Scientists,1.1785714285714286,1.25,1.2857142857142856,1.0089285714285714,2.91,1.61,1.74,2.27,1.91,1.78,1.39,1.91,1.04,3.04,2.91,1.17,1.8914285714285717,1.0885714285714283,1.0664285714285715,1.0206285714285714,1.5013999999999998,1.28,3.83,1.0020571428571428,1.2857142857142856,2.596342857142857,3.26,3.39,1.822857142857143,1.0442857142857145,1.1106285714285715,1.1785714285714286,1.61,1.3,1.52,3.43,2.73,2.13,2.09,1.0357142857142856,1.16,1.36,1.75,2.48,1.57
19-1012.00,Food Scientists and Technologists,1.3392000000000002,1.32,1.197142857142857,1.1106285714285715,2.95,1.55,1.43,2.05,2.1,2.41,1.95,2.15,1.18,3.18,3.14,1.14,1.9085714285714288,1.4464285714285716,1.0942857142857143,1.0549142857142857,2.4115714285714285,1.3785714285714286,2.24,1.32,1.268571428571429,2.821428571428571,1.71,1.73,1.9449142857142856,1.0,1.32,1.0,1.71,1.64,1.55,3.05,3.38,2.91,2.24,1.16,1.1408,1.3392000000000002,1.6364285714285711,4.14,2.14
19-1013.00,Soil and Plant Scientists,1.3392000000000002,1.32,1.4906285714285716,1.16,2.75,1.7,1.14,2.33,2.43,2.29,1.57,2.67,1.24,2.71,3.1,1.3,1.8571428571428568,1.6063428571428573,1.0942857142857143,1.0549142857142857,1.897142857142857,1.25,3.35,1.268571428571429,1.2857142857142856,2.524285714285714,3.9,3.05,1.8571428571428568,1.0942857142857143,1.0664285714285715,1.12,1.86,1.33,1.9,2.9,2.9,2.52,2.33,1.2592,1.3008,1.4435714285714285,1.7734857142857143,3.33,1.57
19-1021.00,Biochemists and Biophysicists,1.7200000000000002,1.32,1.22,1.0020571428571428,2.53,1.95,2.11,1.9,3.11,2.15,1.25,1.33,1.65,2.4,1.61,1.11,1.837942857142857,1.6364285714285711,1.0,1.0,1.85,1.22,1.11,1.3785714285714286,1.12,2.765714285714286,1.05,1.16,1.9449142857142856,1.0,1.0803571428571428,1.0,1.42,1.25,1.45,3.58,2.68,3.45,1.95,1.0,1.0942857142857143,1.28,2.086428571428572,4.16,2.3
19-1022.00,Microbiologists,1.875,1.75,1.32,1.0357142857142856,3.86,1.71,4.05,1.77,3.5,2.59,1.23,1.86,1.45,2.82,1.68,1.05,1.8728571428571428,1.9657142857142855,1.0206285714285714,1.0206285714285714,2.186071428571428,1.2857142857142856,1.64,1.5785714285714287,1.32,2.8150000000000004,1.82,1.73,1.9657142857142855,1.0,1.3008,1.0,1.68,1.27,1.41,3.48,2.77,3.45,1.86,1.0357142857142856,1.1785714285714286,1.2857142857142856,1.9657142857142855,4.73,2.59
19-1023.00,Zoologists and Wildlife Biologists,1.4179428571428572,1.302857142857143,1.302857142857143,1.197142857142857,2.29,1.79,1.68,2.15,1.86,2.3,1.49,2.77,1.02,2.74,2.93,1.52,1.8914285714285717,1.4017857142857142,1.2142857142857144,1.1428571428571428,1.8813142857142855,1.6171428571428572,3.58,1.2857142857142856,1.2857142857142856,2.3392857142857144,3.39,2.67,1.7857142857142856,1.197142857142857,1.268571428571429,1.3008,2.11,1.5,1.99,3.62,2.63,2.91,2.26,1.2142857142857144,1.2857142857142856,1.302857142857143,1.7734857142857143,3.01,1.53
19-1029.01,Bioinformatics Scientists,1.1339285714285714,1.25,1.3392000000000002,1.0,1.13,1.22,1.6,1.14,1.45,1.12,1.0,1.06,1.14,2.15,1.23,1.07,1.9449142857142856,1.6364285714285711,1.0,1.0,1.1940714285714285,1.5614285714285714,1.21,1.147857142857143,1.0,2.571428571428571,1.29,1.2,2.06,1.0,1.0,1.0042857142857142,1.03,1.0,1.0,4.81,1.73,2.99,1.43,1.0,1.0,1.0135714285714286,1.94,1.21,1.06
19-1029.02,Molecular and Cellular Biologists,1.6875,1.4928571428571429,1.3008,1.0206285714285714,2.46,1.46,3.04,1.46,3.04,1.58,1.08,1.62,1.85,2.42,1.65,1.04,2.023657142857143,1.7734857142857143,1.0,1.0,1.722057142857143,1.268571428571429,1.27,1.2857142857142856,1.231428571428571,2.8514285714285714,1.27,1.28,1.8571428571428568,1.0,1.1428571428571428,1.0,1.52,1.15,1.12,3.54,2.77,3.35,1.88,1.0020571428571428,1.1106285714285715,1.3008,1.8057142857142856,4.77,2.5
19-1029.03,Geneticists,1.268571428571429,1.268571428571429,1.268571428571429,1.0020571428571428,2.16,1.24,1.96,1.12,3.0,1.4,1.12,1.21,1.56,2.2,1.48,1.0,1.8914285714285717,1.4017857142857142,1.0,1.0,1.7188571428571429,1.302857142857143,1.36,1.268571428571429,1.0664285714285715,2.6950857142857143,1.44,1.38,1.7734857142857143,1.0,1.0549142857142857,1.0,1.12,1.08,1.0,3.48,2.6,3.04,1.68,1.0,1.0020571428571428,1.25,1.7734857142857143,3.76,1.72
19-1029.04,Biologists,1.6875,1.25,1.3008,1.0549142857142857,2.64,2.11,1.11,1.75,1.89,1.89,1.37,2.45,1.09,3.11,2.55,1.23,2.1357142857142857,1.6063428571428573,1.1257142857142857,1.1106285714285715,2.332,1.22,3.3,1.2857142857142856,1.268571428571429,2.765714285714286,2.99,2.0,1.8571428571428568,1.0549142857142857,1.0549142857142857,1.0206285714285714,2.06,1.24,1.8,3.69,2.55,2.4,2.3,1.0803571428571428,1.16,1.25,1.8571428571428568,3.46,1.64
19-1031.00,Conservation Scientists,1.5508,1.4017857142857142,1.302857142857143,1.335714285714286,2.39,1.74,1.17,2.43,1.52,2.04,1.22,2.52,1.13,2.65,2.96,1.26,1.8571428571428568,1.3785714285714286,1.268571428571429,1.231428571428571,2.18,1.268571428571429,3.96,1.3785714285714286,1.3785714285714286,2.19,3.87,2.78,1.7485714285714289,1.231428571428571,1.25,1.345,2.0,1.26,1.78,3.17,2.52,2.61,2.26,1.3571428571428572,1.4542857142857144,1.5357142857142858,1.8057142857142856,2.91,1.5
19-1031.02,Range Managers,1.3571428571428572,1.3808,1.6875,1.25,2.84,1.62,1.41,3.04,1.92,2.0,1.66,2.65,1.33,2.93,3.48,1.46,2.105,1.2857142857142856,1.2036571428571428,1.0664285714285715,2.742571428571428,1.4179428571428572,4.25,1.32,1.542142857142857,2.1607142857142856,3.98,2.75,1.5207142857142857,1.1734857142857142,1.1607142857142858,1.4435714285714285,2.19,1.49,2.11,3.7,2.4,2.76,2.32,1.231428571428571,1.2857142857142856,1.4179428571428572,1.8057142857142856,3.28,1.33
19-1031.03,Park Naturalists,1.4906285714285716,1.32,1.4179428571428572,1.25,2.09,1.6,1.17,2.03,1.3,1.53,1.34,2.77,1.0,3.04,2.88,1.15,2.0028571428571427,1.3706285714285715,1.22,1.12,1.938057142857143,1.4179428571428572,3.1,1.335714285714286,1.3571428571428572,2.1142857142857143,3.82,3.44,1.8571428571428568,1.24,1.147857142857143,1.32,2.05,1.39,1.98,3.07,3.07,2.54,2.42,1.268571428571429,1.4179428571428572,1.4435714285714285,1.8057142857142856,2.42,1.54
19-1032.00,Foresters,1.7734857142857143,1.6875,1.6364285714285711,1.4017857142857142,2.49,1.48,1.19,2.85,1.7,2.81,1.25,3.12,1.04,2.74,3.36,1.38,2.125,1.394285714285714,1.2857142857142856,1.2857142857142856,2.301142857142857,1.4821428571428572,4.37,1.2857142857142856,1.6428571428571428,2.4522285714285714,4.05,2.42,1.7385714285714284,1.2857142857142856,1.4017857142857142,1.6063428571428573,1.87,1.3,1.55,2.95,2.92,1.9,2.97,1.3392000000000002,1.6364285714285711,1.9085714285714288,1.9842857142857144,3.41,1.26
19-1041.00,Epidemiologists,1.0,1.0,1.0271428571428571,1.0,1.63,1.16,2.39,1.21,1.16,1.06,1.0,1.17,1.11,1.68,1.32,1.0,1.837942857142857,1.147857142857143,1.0020571428571428,1.0,1.0242285714285717,1.0664285714285715,2.05,1.0020571428571428,1.0,2.524285714285714,1.63,1.42,1.8571428571428568,1.0,1.0,1.0,1.17,1.05,1.11,4.21,2.33,1.89,1.84,1.0,1.0,1.0992,1.8914285714285717,1.78,1.56
19-1042.00,"Medical Scientists, Except Epidemiologists",1.51,1.36,1.147857142857143,1.0135714285714286,2.53,1.31,2.94,1.24,3.52,1.31,1.0,2.13,1.09,2.28,1.32,1.07,1.8057142857142856,1.7200000000000002,1.0,1.0,1.1907142857142856,1.22,1.18,1.3785714285714286,1.0042857142857142,2.524285714285714,1.14,1.07,1.8571428571428568,1.0,1.0,1.0,1.57,1.02,1.21,3.28,2.83,3.71,1.94,1.0,1.0,1.062857142857143,1.6171428571428572,4.14,2.04
19-2011.00,Astronomers,1.0271428571428571,1.0089285714285714,1.268571428571429,1.0,1.17,1.35,1.0,1.35,1.13,1.09,1.41,1.17,1.04,1.52,1.52,1.0,2.571428571428571,1.0664285714285715,1.0,1.0,1.2652,1.1885714285714286,1.57,1.0089285714285714,1.0,2.6950857142857143,1.7,1.65,1.9449142857142856,1.0,1.0,1.0442857142857145,1.17,1.17,1.17,4.35,2.09,1.83,1.61,1.0,1.0,1.1339285714285714,1.837942857142857,1.3,1.13
19-2012.00,Physicists,1.0,1.0,1.4179428571428572,1.0,1.21,1.1,1.38,1.11,1.38,1.2,1.09,1.2,1.52,1.8,1.1,1.0,2.0342857142857143,1.394285714285714,1.0,1.0,1.3325142857142858,1.302857142857143,1.13,1.0,1.0,2.645714285714285,1.11,1.14,1.9285714285714288,1.0,1.0,1.0042857142857142,1.14,1.06,1.07,4.62,1.76,1.75,1.42,1.0,1.0,1.0885714285714283,2.5907142857142857,1.34,1.13
19-2021.00,Atmospheric and Space Scientists,1.0206285714285714,1.0,1.0549142857142857,1.0206285714285714,1.25,1.15,1.05,1.4,1.25,1.15,1.15,1.1,1.15,2.21,1.85,1.05,1.8571428571428568,1.0206285714285714,1.0,1.0,1.0571428571428572,1.2036571428571428,1.5,1.0089285714285714,1.0,2.571428571428571,2.2,1.85,1.8057142857142856,1.0,1.0,1.0,1.26,1.3,1.15,4.4,1.95,2.1,1.6,1.0,1.0,1.12,1.5785714285714287,1.42,1.1
19-2031.00,Chemists,1.8571428571428568,1.6665142857142858,1.2857142857142856,1.0206285714285714,3.11,1.2,1.15,1.21,3.65,1.44,1.08,1.41,1.0,2.89,1.14,1.0,1.6665142857142858,1.9285714285714288,1.0271428571428571,1.0664285714285715,2.1035714285714286,1.36,1.41,1.655,1.3785714285714286,2.645714285714285,1.13,1.13,1.9085714285714288,1.0,1.1734857142857142,1.0020571428571428,1.62,1.24,1.39,3.09,2.9,2.58,2.16,1.0549142857142857,1.147857142857143,1.4017857142857142,2.0,4.76,1.7
19-2032.00,Materials Scientists,1.268571428571429,1.1885714285714286,1.25,1.0,2.55,1.45,1.1,1.71,3.05,2.24,1.19,1.48,1.62,2.95,1.86,1.19,1.8571428571428568,1.147857142857143,1.0,1.0,1.4691999999999998,1.268571428571429,1.48,1.0992,1.0089285714285714,2.571428571428571,1.71,1.5,1.8571428571428568,1.0,1.0942857142857143,1.0,1.48,1.33,1.14,3.8,2.24,2.45,1.76,1.0,1.0,1.077942857142857,2.0,4.29,2.19
19-2041.00,"Environmental Scientists and Specialists, Including Health",1.147857142857143,1.1607142857142858,1.2857142857142856,1.0271428571428571,2.5,1.27,1.27,1.65,2.19,1.48,1.16,1.59,1.07,1.93,1.72,1.09,1.9842857142857144,1.1885714285714286,1.0357142857142856,1.0357142857142856,1.224,1.32,2.87,1.0942857142857143,1.1885714285714286,2.19,2.52,2.19,1.6665142857142858,1.0549142857142857,1.0535714285714286,1.1734857142857142,1.39,1.1,1.34,4.4,1.95,1.63,2.1,1.0089285714285714,1.0206285714285714,1.077942857142857,1.5892857142857142,2.29,1.33
19-2041.01,Climate Change Policy Analysts,1.0,1.0,1.0549142857142857,1.0,1.13,1.04,1.0,1.09,1.0,1.04,1.04,1.09,1.0,1.96,1.3,1.0,1.8057142857142856,1.0549142857142857,1.0,1.0,1.0325,1.1408,1.57,1.0,1.0,2.2767857142857144,1.48,1.26,1.3785714285714286,1.0,1.0,1.0,1.04,1.0,1.0,4.22,2.05,1.5,1.39,1.0,1.0,1.0336571428571428,1.6063428571428573,1.13,1.0
19-2041.02,Environmental Restoration Planners,1.22,1.2514285714285711,1.4017857142857142,1.0357142857142856,1.82,1.36,1.23,2.18,1.36,2.14,1.32,2.82,1.0,2.32,2.77,1.32,2.044642857142857,1.3785714285714286,1.0664285714285715,1.0549142857142857,1.445342857142857,1.25,3.64,1.22,1.302857142857143,2.4035714285714285,3.5,2.18,1.8057142857142856,1.12,1.1408,1.22,1.59,1.23,1.59,3.5,2.64,1.81,2.32,1.147857142857143,1.2036571428571428,1.32,2.023657142857143,2.68,1.32
19-2041.03,Industrial Ecologists,1.0,1.0,1.157142857142857,1.0,1.81,1.17,1.09,1.52,1.45,1.35,1.13,1.14,1.04,2.04,1.43,1.09,1.8571428571428568,1.0,1.0,1.0,1.0557142857142856,1.231428571428571,2.0,1.0,1.0,2.4732142857142856,1.91,1.78,1.7734857142857143,1.0,1.0,1.0020571428571428,1.18,1.13,1.17,4.17,1.91,2.0,1.55,1.0,1.0,1.1785714285714286,1.7200000000000002,1.55,1.22
19-2042.00,"Geoscientists, Except Hydrologists and Geographers",1.25,1.2857142857142856,1.2514285714285711,1.0942857142857143,2.39,1.73,1.16,1.84,2.0,2.09,1.53,2.1,1.45,2.47,2.23,1.44,2.086428571428572,1.1607142857142858,1.1106285714285715,1.0803571428571428,1.7287000000000003,1.147857142857143,3.0,1.1071428571428572,1.2857142857142856,2.4971428571428573,3.03,2.41,1.8571428571428568,1.0942857142857143,1.1257142857142857,1.1785714285714286,1.53,1.44,1.59,3.56,2.56,2.39,2.09,1.0942857142857143,1.1071428571428572,1.2464285714285714,1.9285714285714288,2.66,1.69
19-2043.00,Hydrologists,1.2857142857142856,1.3392000000000002,1.3392000000000002,1.1408,2.26,1.7,1.22,1.78,1.61,1.87,1.3,1.91,1.39,2.09,2.35,1.3,1.9842857142857144,1.4017857142857142,1.1408,1.1408,1.6767285714285711,1.335714285714286,3.0,1.2592,1.2857142857142856,2.524285714285714,3.09,2.3,2.0028571428571427,1.0206285714285714,1.0135714285714286,1.1607142857142858,1.61,1.26,1.7,3.86,2.26,2.3,2.04,1.2208,1.2592,1.3008,2.0342857142857143,2.17,1.65
19-2099.01,Remote Sensing Scientists and Technologists,1.268571428571429,1.3392000000000002,1.268571428571429,1.0020571428571428,1.21,1.33,1.04,1.4,1.08,1.2,1.04,1.54,1.04,1.64,1.75,1.0,1.822857142857143,1.3706285714285715,1.0020571428571428,1.0,1.1910857142857143,1.2857142857142856,2.28,1.2036571428571428,1.0,2.662857142857143,2.26,1.68,1.8571428571428568,1.0,1.0271428571428571,1.0271428571428571,1.33,1.08,1.24,4.48,1.92,3.09,1.4,1.0,1.0020571428571428,1.147857142857143,1.9842857142857144,1.8,1.16
19-3011.00,Economists,1.0,1.0,1.0357142857142856,1.0,1.09,1.0,1.13,1.12,1.0,1.0,1.0,1.04,1.0,1.79,1.04,1.0,1.4928571428571429,1.0206285714285714,1.0,1.0,1.002857142857143,1.1071428571428572,1.38,1.0,1.0,2.3392857142857144,1.08,1.12,1.4179428571428572,1.0,1.0,1.0,1.04,1.0,1.0,4.71,1.92,1.54,1.33,1.0,1.0,1.0885714285714283,1.4179428571428572,1.04,1.04
19-3011.01,Environmental Economists,1.0,1.0,1.0135714285714286,1.0,1.11,1.0,1.0,1.04,1.0,1.0,1.0,1.07,1.0,1.78,1.11,1.0,1.7200000000000002,1.0664285714285715,1.0,1.0,1.0034571428571428,1.1257142857142857,1.3,1.0,1.0,2.524285714285714,1.37,1.19,1.7734857142857143,1.0,1.0,1.0,1.04,1.0,1.04,4.56,1.93,2.15,1.33,1.0,1.0,1.0271428571428571,1.75,1.0,1.0
19-3022.00,Survey Researchers,1.0020571428571428,1.0020571428571428,1.0206285714285714,1.0,1.0,1.04,1.08,1.12,1.0,1.0,1.0,1.0,1.0,1.65,1.15,1.0,1.8057142857142856,1.0271428571428571,1.0,1.0,1.0736,1.1071428571428572,1.38,1.0089285714285714,1.0,2.821428571428571,1.54,1.36,1.5785714285714287,1.0,1.0,1.0020571428571428,1.08,1.0,1.04,4.54,1.84,2.27,1.54,1.0,1.0,1.0942857142857143,1.302857142857143,1.19,1.15
19-3032.00,Industrial-Organizational Psychologists,1.0,1.0,1.0357142857142856,1.0,1.16,1.08,1.0,1.23,1.08,1.19,1.04,1.08,1.0,1.62,1.19,1.04,1.9657142857142855,1.0535714285714286,1.0,1.0,1.0131428571428571,1.157142857142857,1.54,1.0,1.0,2.524285714285714,1.2,1.31,1.6875,1.0,1.0,1.0,1.04,1.0,1.04,4.42,2.04,1.65,1.42,1.0,1.0,1.0271428571428571,1.5508,1.19,1.04
19-3033.00,Clinical and Counseling Psychologists,1.0,1.0,1.0089285714285714,1.0,1.24,1.16,2.32,1.28,1.08,1.0,1.08,1.04,1.08,1.92,1.24,1.08,1.6665142857142858,1.0,1.0,1.0,1.0704,1.2036571428571428,1.52,1.0,1.0,2.205357142857143,1.33,1.38,1.4542857142857144,1.0,1.0,1.0020571428571428,1.2,1.0,1.21,4.78,1.78,1.67,1.67,1.0,1.0,1.1885714285714286,1.2857142857142856,1.08,1.08
19-3034.00,School Psychologists,1.0,1.0,1.0,1.0,1.07,1.23,1.66,1.12,1.1,1.07,1.1,1.48,1.07,2.44,1.23,1.1,1.6875,1.22,1.0,1.0,1.0158142857142858,1.1885714285714286,1.35,1.0,1.0,2.354914285714286,1.38,1.19,1.7734857142857143,1.0,1.0,1.0089285714285714,1.28,1.06,1.54,3.68,2.0,1.99,2.06,1.0,1.0,1.1734857142857142,1.4821428571428572,1.03,1.03
19-3039.02,Neuropsychologists,1.2592,1.157142857142857,1.1339285714285714,1.0,1.12,1.21,2.8,1.04,1.08,1.04,1.0,1.04,1.04,1.92,1.0,1.0,1.9077714285714285,1.1734857142857142,1.0,1.0,1.5142857142857142,1.25,1.12,1.197142857142857,1.0,2.4971428571428573,1.04,1.0,1.8057142857142856,1.0,1.0,1.0020571428571428,1.25,1.04,1.2,4.52,1.84,3.54,1.68,1.0,1.0,1.345,1.5357142857142858,1.84,1.64
19-3039.03,Clinical Neuropsychologists,1.197142857142857,1.1734857142857142,1.0442857142857145,1.0042857142857142,1.04,1.12,3.08,1.08,1.04,1.04,1.0,1.08,1.04,1.58,1.0,1.0,1.9285714285714288,1.231428571428571,1.0042857142857142,1.0042857142857142,1.3536,1.3706285714285715,1.04,1.1734857142857142,1.0042857142857142,2.4035714285714285,1.0,1.0,1.822857142857143,1.0,1.0042857142857142,1.0135714285714286,1.38,1.0,1.04,4.71,1.88,3.62,1.74,1.0042857142857142,1.0135714285714286,1.3008,1.4821428571428572,1.58,1.13
19-3041.00,Sociologists,1.0,1.0,1.0206285714285714,1.0,1.32,1.3,1.53,1.2,1.0,1.0,1.0,1.0,1.0,2.0,1.21,1.05,1.5357142857142858,1.0020571428571428,1.0,1.0,1.0267857142857142,1.0664285714285715,1.25,1.0,1.0,2.354914285714286,1.21,1.2,1.3392000000000002,1.0,1.0,1.0,1.11,1.0,1.0,4.3,2.32,1.9,1.58,1.0,1.0,1.1339285714285714,1.268571428571429,1.05,1.05
19-3051.00,Urban and Regional Planners,1.0,1.0885714285714283,1.1885714285714286,1.0,1.24,1.08,1.08,1.2,1.08,1.24,1.16,1.12,1.0,2.0,1.46,1.0,2.0,1.22,1.0,1.0,1.0352,1.147857142857143,2.72,1.0,1.0549142857142857,2.6950857142857143,2.24,1.44,1.6364285714285711,1.0,1.0,1.1071428571428572,1.04,1.0,1.0,4.08,2.0,1.36,1.62,1.0,1.0,1.062857142857143,2.1357142857142857,1.32,1.0
19-3091.00,Anthropologists and Archeologists,1.147857142857143,1.077942857142857,1.0357142857142856,1.0271428571428571,2.05,1.65,1.42,2.1,1.32,1.35,1.15,1.74,1.05,2.4,2.11,1.11,1.9842857142857144,1.1885714285714286,1.0664285714285715,1.0271428571428571,1.5742857142857145,1.1339285714285714,2.1,1.147857142857143,1.0664285714285715,2.4522285714285714,2.42,2.15,1.7734857142857143,1.0020571428571428,1.0,1.1071428571428572,1.53,1.15,1.75,3.8,2.58,2.2,1.84,1.0357142857142856,1.077942857142857,1.25,1.9657142857142855,1.79,1.25
19-3092.00,Geographers,1.0020571428571428,1.0042857142857142,1.0357142857142856,1.0357142857142856,1.3,1.2,1.15,1.2,1.21,1.26,1.1,1.35,1.05,1.9,1.4,1.0,1.9285714285714288,1.0206285714285714,1.0,1.0,1.3075,1.147857142857143,1.85,1.0089285714285714,1.0,2.645714285714285,2.2,1.9,1.9449142857142856,1.0,1.0,1.0178571428571428,1.11,1.05,1.15,3.85,2.35,2.1,1.65,1.0,1.0,1.157142857142857,1.8914285714285717,1.25,1.05
19-3093.00,Historians,1.0020571428571428,1.0089285714285714,1.1106285714285715,1.0,2.3,1.91,1.16,1.46,1.05,1.34,1.12,1.68,1.0,1.63,1.49,1.0,1.7200000000000002,1.0089285714285714,1.0,1.0,1.7549714285714284,1.0357142857142856,2.16,1.0089285714285714,1.0,2.765714285714286,2.0,1.81,1.3392000000000002,1.0,1.0,1.0,1.49,1.36,1.56,3.65,2.59,2.49,2.23,1.0020571428571428,1.0,1.289285714285714,1.25,1.97,1.19
19-3094.00,Political Scientists,1.0,1.0,1.0206285714285714,1.0,1.0,1.0,1.2,1.04,1.0,1.0,1.0,1.0,1.0,2.04,1.16,1.0,1.5614285714285714,1.0357142857142856,1.0,1.0,1.0266142857142857,1.0549142857142857,1.27,1.0,1.0,2.354914285714286,1.16,1.15,1.3392000000000002,1.0,1.0,1.0,1.0,1.08,1.0,4.04,2.4,1.19,1.4,1.0,1.0,1.1339285714285714,1.32,1.0,1.0
19-3099.01,Transportation Planners,1.0020571428571428,1.0206285714285714,1.1607142857142858,1.0,1.2,1.05,1.0,1.25,1.05,1.25,1.05,1.11,1.0,1.8,1.4,1.0,1.9449142857142856,1.077942857142857,1.0,1.0,1.1035714285714286,1.2036571428571428,2.2,1.0020571428571428,1.0135714285714286,2.524285714285714,1.95,1.47,1.8057142857142856,1.0,1.0,1.0535714285714286,1.1,1.05,1.05,4.55,2.05,1.25,1.5,1.0,1.0,1.1339285714285714,2.645714285714285,1.6,1.05
19-4012.00,Agricultural Technicians,1.9085714285714288,1.9657142857142855,1.6875,1.1785714285714286,3.91,2.31,1.33,3.58,2.95,3.43,2.06,3.15,1.27,3.66,3.81,2.32,1.8571428571428568,1.7734857142857143,1.28,1.268571428571429,2.5892714285714287,1.3785714285714286,4.01,1.7734857142857143,1.7734857142857143,2.4522285714285714,4.32,3.32,1.822857142857143,1.1885714285714286,1.4691999999999998,1.3785714285714286,3.26,1.88,2.91,2.66,3.42,4.5,3.29,1.3392000000000002,1.6063428571428573,1.6364285714285711,1.6875,3.97,2.08
19-4012.01,Precision Agriculture Technicians,1.7857142857142856,1.8914285714285717,1.3392000000000002,1.0942857142857143,2.87,2.7,1.09,3.0,2.26,2.74,2.13,2.26,1.09,3.17,3.39,1.35,1.8571428571428568,1.7200000000000002,1.1734857142857142,1.0803571428571428,2.158128571428572,1.2857142857142856,4.04,1.7485714285714289,1.7734857142857143,2.4732142857142856,3.87,3.57,1.9085714285714288,1.1257142857142857,1.4028571428571428,1.4017857142857142,2.17,1.61,2.04,3.17,2.78,2.74,2.43,1.231428571428571,1.2857142857142856,1.3785714285714286,2.0,3.13,1.83
19-4013.00,Food Science Technicians,1.625,1.5625,1.147857142857143,1.0271428571428571,3.59,1.82,1.0,1.83,3.38,3.37,2.94,2.14,1.0,3.9,2.8,1.0,1.6063428571428573,1.655,1.0942857142857143,1.1071428571428572,1.5365714285714285,1.2036571428571428,1.06,1.4542857142857144,1.147857142857143,2.5428571428571427,1.29,1.13,1.9449142857142856,1.0020571428571428,1.3125,1.0,2.48,1.65,1.53,2.25,3.91,3.97,3.93,1.1257142857142857,1.0336571428571428,1.3785714285714286,1.6364285714285711,4.78,1.65
19-4021.00,Biological Technicians,1.8571428571428568,1.6875,1.268571428571429,1.2000000000000002,2.85,1.53,2.56,2.25,2.81,1.6,1.05,2.16,1.34,2.58,1.38,1.05,1.8728571428571428,1.8571428571428568,1.0803571428571428,1.0803571428571428,3.0291428571428574,1.3392000000000002,1.45,1.7385714285714284,1.5785714285714287,2.6950857142857143,1.46,1.42,1.8914285714285717,1.0,1.231428571428571,1.0020571428571428,1.53,1.15,1.45,3.2,2.81,3.39,2.4,1.16,1.335714285714286,1.3571428571428572,1.8914285714285717,4.29,2.38
19-4031.00,Chemical Technicians,1.9085714285714288,1.9085714285714288,1.22,1.268571428571429,4.89,1.8,1.53,2.37,4.49,2.38,1.15,1.93,1.91,3.57,1.71,1.01,1.8057142857142856,1.9842857142857144,1.268571428571429,1.0942857142857143,2.8932571428571427,1.32,1.44,1.9085714285714288,1.8057142857142856,2.7142857142857144,1.9,2.07,1.9285714285714288,1.0,1.3392000000000002,1.0271428571428571,2.37,1.12,1.67,2.4,3.67,4.0,2.83,1.22,1.3008,1.3785714285714286,1.9449142857142856,5.0,2.7
19-4042.00,"Environmental Science and Protection Technicians, Including Health",1.822857142857143,1.7200000000000002,1.4435714285714285,1.2592,3.23,2.14,2.18,2.18,2.55,2.32,1.9,2.27,1.73,3.0,2.68,1.45,1.8914285714285717,1.7734857142857143,1.2142857142857144,1.1257142857142857,1.9663285714285716,1.2857142857142856,3.5,1.7385714285714284,1.5357142857142858,2.645714285714285,3.59,3.18,1.8571428571428568,1.22,1.36,1.25,1.82,1.64,1.91,3.23,3.05,2.57,2.23,1.231428571428571,1.3008,1.3392000000000002,1.8914285714285717,3.59,2.23
19-4043.00,"Geological Technicians, Except Hydrologic Technicians",1.625,1.6063428571428573,1.394285714285714,1.1885714285714286,2.75,1.9,1.07,2.21,2.54,2.45,1.68,2.17,1.83,2.83,2.29,1.53,1.8571428571428568,1.5508,1.12,1.12,2.156542857142857,1.3571428571428572,2.55,1.4542857142857144,1.3571428571428572,2.3392857142857144,2.5,1.96,1.8571428571428568,1.157142857142857,1.3785714285714286,1.289285714285714,1.74,1.4,1.59,3.46,2.75,3.0,2.12,1.1408,1.3571428571428572,1.3571428571428572,1.6942857142857144,3.28,2.02
19-4051.00,Nuclear Technicians,1.872228571428572,1.9085714285714288,1.3571428571428572,1.1408,3.95,3.68,1.57,3.99,4.24,3.71,3.25,2.7,4.69,4.44,4.06,1.6,2.044642857142857,1.7934857142857146,1.2142857142857144,1.2592,2.4054857142857147,1.625,3.12,1.872228571428572,1.625,2.3392857142857144,3.92,3.32,2.4035714285714285,1.157142857142857,1.9657142857142855,1.231428571428571,2.24,2.18,2.17,2.57,3.08,3.55,3.23,1.24,1.3125,1.5508,1.6063428571428573,4.78,3.57
19-4051.02,Nuclear Monitoring Technicians,1.8571428571428568,1.6875,1.3571428571428572,1.2142857142857144,3.33,2.74,1.34,3.13,3.1,2.89,3.06,2.19,4.79,3.94,3.21,1.34,1.8914285714285717,1.8057142857142856,1.231428571428571,1.3008,2.0726,1.5625,2.41,1.595,1.32,2.645714285714285,3.31,2.6,2.265085714285714,1.0,1.4464285714285716,1.0042857142857142,2.29,1.98,2.06,2.94,3.0,3.12,2.48,1.2592,1.32,1.32,1.7734857142857143,4.91,3.88
19-4061.00,Social Science Research Assistants,1.0,1.0,1.1607142857142858,1.0206285714285714,1.28,1.25,1.0,1.67,1.07,1.05,1.0,1.04,1.08,2.33,1.13,1.06,1.7200000000000002,1.51,1.0,1.0,1.0784285714285715,1.1607142857142858,1.41,1.0089285714285714,1.0,2.275,1.22,1.12,1.6063428571428573,1.0,1.0042857142857142,1.0,1.15,1.0,1.13,4.72,1.74,1.71,1.44,1.0,1.0,1.1734857142857142,1.6364285714285711,1.19,1.07
19-4071.00,Forest and Conservation Technicians,1.9449142857142856,1.8571428571428568,1.7200000000000002,1.4285714285714286,3.46,2.18,1.6,3.17,2.54,2.87,2.06,3.68,1.1,3.85,3.69,1.95,2.3392857142857144,1.8571428571428568,1.5508,1.5207142857142857,2.9385142857142856,1.3785714285714286,4.17,1.9085714285714288,1.8571428571428568,2.3392857142857144,4.41,3.27,1.7734857142857143,1.28,1.7200000000000002,1.655,3.1,1.49,2.36,2.58,3.5,3.73,3.42,1.7385714285714284,1.8571428571428568,1.8571428571428568,2.1635714285714283,3.98,2.24
19-4092.00,Forensic Science Technicians,1.8914285714285717,1.7200000000000002,1.5625,1.231428571428571,3.95,3.44,3.1,3.63,2.52,2.31,1.95,2.19,1.53,3.44,3.64,1.43,2.571428571428571,1.7734857142857143,1.231428571428571,1.12,2.7632,1.4179428571428572,3.9,1.7734857142857143,1.7200000000000002,2.877142857142857,3.93,3.63,2.125,1.1734857142857142,1.2036571428571428,1.268571428571429,2.47,1.72,2.39,3.12,3.02,3.28,2.58,1.2592,1.4179428571428572,1.4691999999999998,2.0,3.69,2.11
19-4099.01,Quality Control Analysts,1.8571428571428568,1.655,1.25,1.16,4.29,2.36,1.91,2.11,4.15,2.8,1.69,2.18,1.36,3.94,3.09,1.17,2.044642857142857,1.8571428571428568,1.25,1.0664285714285715,1.8822142857142856,1.3392000000000002,1.58,1.8057142857142856,1.3392000000000002,2.7142857142857144,2.09,1.23,1.9842857142857144,1.0,1.1785714285714286,1.0,2.39,1.56,2.1,2.39,3.57,4.26,3.07,1.25,1.32,1.3785714285714286,1.7200000000000002,4.92,2.3
19-4099.03,Remote Sensing Technicians,1.51,1.6364285714285711,1.3785714285714286,1.0,1.5,1.26,1.0,1.04,1.04,1.34,1.3,1.2,1.0,2.95,1.32,1.12,1.845,1.7200000000000002,1.0,1.0,1.518357142857143,1.4249999999999998,1.7,1.3571428571428572,1.32,2.354914285714286,1.66,1.31,1.9085714285714288,1.0020571428571428,1.0885714285714283,1.147857142857143,1.32,1.11,1.28,4.43,1.81,3.51,1.77,1.0,1.0,1.0178571428571428,2.1635714285714283,1.27,1.26
19-5011.00,Occupational Health and Safety Specialists,1.2142857142857144,1.268571428571429,1.2857142857142856,1.0357142857142856,3.26,2.22,1.87,2.13,2.77,2.48,2.22,2.18,1.7,3.26,2.65,1.61,2.06,1.5357142857142858,1.0357142857142856,1.1428571428571428,1.9558,1.5165142857142857,3.04,1.2142857142857144,1.25,2.7142857142857144,3.35,2.83,1.9085714285714288,1.0357142857142856,1.25,1.1785714285714286,2.14,2.0,2.0,3.13,2.78,2.52,2.3,1.1106285714285715,1.1785714285714286,1.2857142857142856,1.8571428571428568,4.13,2.57
19-5012.00,Occupational Health and Safety Technicians,1.28,1.2208,1.32,1.1257142857142857,3.05,2.5,1.56,2.6,3.0,3.25,2.63,2.6,1.4,3.48,2.89,1.37,2.044642857142857,1.4691999999999998,1.231428571428571,1.28,1.7497285714285713,1.3392000000000002,3.5,1.1734857142857142,1.268571428571429,2.4522285714285714,3.5,3.1,1.8571428571428568,1.0803571428571428,1.22,1.197142857142857,2.0,2.0,2.0,3.1,2.95,2.52,2.58,1.197142857142857,1.1785714285714286,1.4435714285714285,1.4017857142857142,4.47,2.85
21-1011.00,Substance Abuse and Behavioral Disorder Counselors,1.0885714285714283,1.077942857142857,1.157142857142857,1.0535714285714286,1.75,1.81,3.09,1.78,1.01,1.0,1.0,1.08,1.01,2.47,1.1,1.06,1.8571428571428568,1.0664285714285715,1.1785714285714286,1.1785714285714286,1.4074285714285717,1.2857142857142856,1.06,1.0089285714285714,1.0885714285714283,1.9449142857142856,1.25,1.05,1.4910714285714284,1.0664285714285715,1.25,1.0442857142857145,1.39,1.0,1.02,4.1,1.91,1.35,1.74,1.1408,1.25,1.25,1.5614285714285714,1.77,1.0
21-1012.00,"Educational, Guidance, and Career Counselors and Advisors",1.0,1.0,1.0206285714285714,1.0,1.62,1.28,2.19,1.65,1.0,1.04,1.01,1.08,1.0,2.75,1.34,1.11,1.5614285714285714,1.0,1.0,1.0,1.0682,1.147857142857143,1.4,1.0089285714285714,1.0,2.1492,1.32,1.39,1.4906285714285716,1.0,1.0089285714285714,1.0,1.54,1.0,1.34,4.27,2.26,2.18,2.03,1.0020571428571428,1.0,1.12,1.4435714285714285,1.32,1.0
21-1013.00,Marriage and Family Therapists,1.0,1.0,1.0,1.0,1.43,1.38,2.73,1.45,1.0,1.04,1.0,1.35,1.0,3.59,1.36,1.0,1.6875,1.0885714285714283,1.0206285714285714,1.0206285714285714,1.048,1.1607142857142858,2.72,1.0020571428571428,1.0020571428571428,2.1635714285714283,1.18,1.28,1.625,1.0,1.0206285714285714,1.0,1.2,1.0,1.38,4.31,2.66,1.22,1.78,1.0020571428571428,1.0206285714285714,1.0714285714285714,1.302857142857143,1.04,1.0
21-1014.00,Mental Health Counselors,1.0,1.0,1.0,1.0089285714285714,1.14,1.04,2.21,1.11,1.11,1.0,1.0,1.0,1.0,2.0,1.11,1.0,1.6364285714285711,1.077942857142857,1.0549142857142857,1.0549142857142857,1.032457142857143,1.0942857142857143,1.29,1.0357142857142856,1.0089285714285714,2.096342857142857,1.14,1.25,1.4464285714285716,1.0,1.0549142857142857,1.0020571428571428,1.21,1.0,1.18,4.82,1.93,1.85,1.54,1.0357142857142856,1.0549142857142857,1.077942857142857,1.2857142857142856,1.0,1.0
21-1015.00,Rehabilitation Counselors,1.0206285714285714,1.0,1.0,1.0089285714285714,1.78,1.12,1.94,1.65,1.0,1.19,1.07,1.38,1.18,3.03,1.59,1.0,1.7734857142857143,1.157142857142857,1.0336571428571428,1.0407142857142857,1.3627,1.147857142857143,3.1,1.0020571428571428,1.0020571428571428,2.125,1.98,1.84,1.4179428571428572,1.0,1.0271428571428571,1.0,1.62,1.0,1.39,3.98,2.42,2.2,2.14,1.0407142857142857,1.0407142857142857,1.147857142857143,1.268571428571429,1.5,1.14
21-1021.00,"Child, Family, and School Social Workers",1.16,1.1257142857142857,1.1408,1.1408,1.85,1.39,2.47,1.29,1.09,1.0,1.0,1.27,1.0,2.38,1.5,1.0,1.7200000000000002,1.157142857142857,1.12,1.0803571428571428,1.1437857142857144,1.3008,2.85,1.0020571428571428,1.25,2.2928571428571427,2.83,1.96,1.6063428571428573,1.0442857142857145,1.1785714285714286,1.0535714285714286,1.28,1.0,1.2,3.5,2.43,2.04,2.12,1.1339285714285714,1.1885714285714286,1.2857142857142856,1.3571428571428572,1.28,1.0
21-1022.00,Healthcare Social Workers,1.0,1.0089285714285714,1.0135714285714286,1.0089285714285714,2.26,1.59,4.0,1.5,1.19,1.07,1.0,1.33,1.11,2.96,1.77,1.0,1.8057142857142856,1.2036571428571428,1.0942857142857143,1.0942857142857143,1.159,1.1107142857142858,3.31,1.0357142857142856,1.0549142857142857,2.0,1.73,1.35,1.6171428571428572,1.0,1.2036571428571428,1.0,1.48,1.0,1.44,3.7,2.52,1.63,2.62,1.1257142857142857,1.077942857142857,1.32,1.25,2.31,1.69
21-1023.00,Mental Health and Substance Abuse Social Workers,1.0,1.0,1.0020571428571428,1.0020571428571428,2.0,1.23,2.02,1.56,1.0,1.0,1.0,1.15,1.0,2.77,1.42,1.0,1.6364285714285711,1.0992,1.1106285714285715,1.1106285714285715,1.1398857142857142,1.3571428571428572,2.81,1.0020571428571428,1.0020571428571428,2.1635714285714283,2.04,1.45,1.75,1.0,1.1257142857142857,1.0,1.13,1.0,1.18,4.09,2.18,1.54,2.2,1.0549142857142857,1.157142857142857,1.268571428571429,1.302857142857143,1.1,1.0
21-1091.00,Health Education Specialists,1.2857142857142856,1.231428571428571,1.0942857142857143,1.0271428571428571,1.96,1.72,3.0,1.34,1.16,1.01,1.0,1.66,1.0,2.31,1.23,1.01,1.7734857142857143,1.335714285714286,1.0089285714285714,1.0089285714285714,1.7562571428571427,1.2036571428571428,2.89,1.25,1.268571428571429,2.4522285714285714,1.66,1.75,1.32,1.0,1.0089285714285714,1.0020571428571428,1.52,1.0,1.07,3.56,2.34,1.71,1.94,1.0549142857142857,1.197142857142857,1.1408,1.3392000000000002,2.25,1.07
21-1092.00,Probation Officers and Correctional Treatment Specialists,1.231428571428571,1.231428571428571,1.2592,1.0336571428571428,3.06,2.32,3.4,2.42,1.92,1.63,1.12,2.01,1.06,3.16,2.88,1.0,1.51,1.231428571428571,1.3392000000000002,1.197142857142857,1.2644714285714285,1.2208,3.9,1.197142857142857,1.3008,2.1635714285714283,3.49,1.93,1.32,1.0442857142857145,1.3392000000000002,1.0442857142857145,1.79,1.09,1.5,3.75,2.47,2.91,2.53,1.268571428571429,1.3392000000000002,1.3785714285714286,1.2857142857142856,2.09,1.44
21-1093.00,Social and Human Service Assistants,1.062857142857143,1.1107142857142858,1.25,1.1408,2.66,1.5,3.13,1.93,1.03,1.01,1.27,1.53,1.4,3.42,2.38,1.0,1.6875,1.1339285714285714,1.0942857142857143,1.0803571428571428,1.3465,1.2857142857142856,2.93,1.0357142857142856,1.25,2.2471428571428573,2.29,1.84,1.655,1.0271428571428571,1.0714285714285714,1.0664285714285715,1.86,1.0,1.61,3.4,2.33,2.09,2.41,1.1106285714285715,1.157142857142857,1.268571428571429,1.3392000000000002,1.83,1.02
21-1094.00,Community Health Workers,1.6364285714285711,1.51,1.4249999999999998,1.1734857142857142,2.14,1.96,3.13,1.55,1.62,1.01,1.0,1.18,1.08,2.46,1.79,1.0,1.655,1.8571428571428568,1.2036571428571428,1.0885714285714283,2.644742857142857,1.3706285714285715,2.3,1.542142857142857,1.4435714285714285,2.265085714285714,2.03,2.01,1.5165142857142857,1.12,1.28,1.12,1.93,1.0,1.57,2.94,3.2,2.93,2.63,1.3008,1.28,1.3392000000000002,1.5357142857142858,2.22,1.19
21-2011.00,Clergy,1.0,1.0,1.0,1.0,1.21,1.07,1.41,1.21,1.0,1.16,1.22,1.05,1.0,2.07,1.33,1.12,1.8571428571428568,1.0206285714285714,1.0,1.0,1.1555714285714285,1.2036571428571428,2.27,1.0089285714285714,1.0089285714285714,2.3192,1.99,1.71,1.51,1.0,1.0,1.0020571428571428,1.36,1.15,1.43,4.06,2.31,1.34,1.83,1.0,1.0,1.22,1.2857142857142856,1.23,1.0
21-2021.00,"Directors, Religious Activities and Education",1.0,1.0,1.16,1.0089285714285714,1.04,1.01,1.4,1.01,1.0,1.01,1.11,1.12,1.0,1.4,1.26,1.01,1.8057142857142856,1.0271428571428571,1.0089285714285714,1.0020571428571428,1.2802857142857142,1.25,1.81,1.0,1.0206285714285714,2.096342857142857,1.42,1.28,1.3785714285714286,1.0,1.0,1.0020571428571428,1.18,1.01,1.17,3.67,2.47,1.48,1.76,1.0089285714285714,1.0089285714285714,1.3008,1.5614285714285714,1.01,1.01
23-1011.00,Lawyers,1.0020571428571428,1.0020571428571428,1.0442857142857145,1.0,1.26,1.3,1.07,1.01,1.0,1.0,1.0,1.0,1.0,2.19,1.0,1.0,1.75,1.12,1.0,1.0,1.1608,1.1071428571428572,1.81,1.0020571428571428,1.0,2.8150000000000004,1.22,1.1,1.6063428571428573,1.0,1.0,1.0020571428571428,1.02,1.06,1.1,4.55,1.95,1.18,1.38,1.0,1.0,1.12,1.5357142857142858,1.0,1.0
23-1012.00,Judicial Law Clerks,1.0089285714285714,1.0135714285714286,1.0,1.0089285714285714,1.11,1.02,1.03,1.18,1.05,1.0,1.0,1.05,1.0,2.13,1.02,1.0,1.7734857142857143,1.1885714285714286,1.0,1.0,1.0301714285714283,1.147857142857143,1.0,1.0206285714285714,1.0,2.748571428571428,1.0,1.0,1.51,1.0,1.0,1.0,1.29,1.0,1.0,4.54,2.09,2.55,1.76,1.0,1.0,1.0714285714285714,1.2363428571428572,1.0,1.0
23-1021.00,"Administrative Law Judges, Adjudicators, and Hearing Officers",1.0803571428571428,1.0549142857142857,1.0,1.0042857142857142,1.36,1.11,1.34,1.35,1.01,1.0,1.0,1.02,1.0,2.5,1.02,1.0,1.75,1.1885714285714286,1.0,1.0,1.050142857142857,1.197142857142857,1.35,1.0803571428571428,1.0,2.6696428571428568,1.01,1.01,1.5785714285714287,1.0,1.0,1.0,1.34,1.0,1.08,4.94,1.61,2.99,1.42,1.0,1.0,1.0336571428571428,1.1339285714285714,1.0,1.0
23-1022.00,"Arbitrators, Mediators, and Conciliators",1.0,1.0,1.0042857142857142,1.0,1.3,1.35,1.35,1.26,1.2,1.2,1.15,1.1,1.16,1.75,1.11,1.15,1.7385714285714284,1.0089285714285714,1.0,1.0,1.0610714285714284,1.16,1.16,1.0,1.0,2.36,1.2,1.16,1.268571428571429,1.0,1.0,1.0,1.15,1.1,1.1,4.75,1.6,1.7,1.2,1.0,1.0,1.1408,1.2857142857142856,1.25,1.15
23-1023.00,"Judges, Magistrate Judges, and Magistrates",1.0,1.0,1.0,1.0020571428571428,1.28,1.0,1.64,1.22,1.05,1.0,1.11,1.0,1.0,2.38,1.7,1.0,1.5677714285714286,1.0442857142857145,1.0271428571428571,1.0,1.0631142857142857,1.1257142857142857,1.87,1.0,1.0,2.928571428571429,1.31,1.21,1.655,1.0,1.0020571428571428,1.0,1.15,1.0,1.0,4.79,1.59,1.95,1.36,1.0,1.0020571428571428,1.0042857142857142,1.268571428571429,1.0,1.0
23-2011.00,Paralegals and Legal Assistants,1.0357142857142856,1.0206285714285714,1.0,1.0020571428571428,1.02,1.03,1.13,1.26,1.02,1.02,1.0,1.16,1.0,1.6,1.0,1.0,1.75,1.197142857142857,1.0,1.0,1.3048571428571427,1.1106285714285715,1.35,1.1257142857142857,1.0,2.8150000000000004,1.29,1.02,1.7734857142857143,1.0,1.0,1.0,1.15,1.03,1.27,4.77,1.7,2.86,1.38,1.0,1.0,1.157142857142857,1.2857142857142856,1.02,1.0
23-2093.00,"Title Examiners, Abstractors, and Searchers",1.0442857142857145,1.0664285714285715,1.0206285714285714,1.0357142857142856,1.32,1.31,1.04,1.3,1.05,1.05,1.04,1.45,1.0,2.78,1.46,1.0,1.4249999999999998,1.197142857142857,1.0,1.0,1.4713714285714286,1.0942857142857143,1.36,1.0664285714285715,1.0,2.4285714285714284,1.45,1.0,1.51,1.0,1.0,1.0,1.59,1.04,1.51,4.45,1.91,2.83,1.83,1.0,1.0,1.1339285714285714,1.28,1.0,1.0
25-1011.00,"Business Teachers, Postsecondary",1.0,1.0,1.0,1.0,1.38,1.01,1.11,1.2,1.0,1.0,1.0,1.01,1.0,2.61,1.19,1.0,1.6875,1.1071428571428572,1.0,1.0,1.2138857142857142,1.0803571428571428,1.4,1.0,1.0,2.3192,1.22,1.24,1.36,1.0,1.0,1.0,1.21,1.0,1.1,3.77,2.64,1.68,1.67,1.0,1.0,1.2036571428571428,1.3392000000000002,1.02,1.0
25-1021.00,"Computer Science Teachers, Postsecondary",1.0407142857142857,1.0178571428571428,1.1106285714285715,1.0,1.17,1.13,1.48,1.31,1.0,1.0,1.1,1.01,1.0,2.19,1.05,1.0,1.7385714285714284,1.289285714285714,1.0,1.0,1.1627142857142858,1.1785714285714286,1.44,1.0206285714285714,1.0,2.571428571428571,1.13,1.2,1.5,1.0,1.0,1.0,1.27,1.1,1.15,4.29,2.17,1.9,1.65,1.0,1.0,1.25,1.542142857142857,1.01,1.01
25-1022.00,"Mathematical Science Teachers, Postsecondary",1.0,1.0,1.0206285714285714,1.0,1.64,1.14,1.59,1.28,1.0,1.0,1.0,1.07,1.02,2.21,1.36,1.0,1.4179428571428572,1.0549142857142857,1.0,1.0,1.1666285714285711,1.0357142857142856,1.19,1.0,1.0,2.524285714285714,1.02,1.03,1.3392000000000002,1.0,1.0,1.0,1.25,1.0,1.19,3.25,3.12,2.24,2.01,1.0,1.0,1.1734857142857142,1.3392000000000002,1.0,1.0
25-1031.00,"Architecture Teachers, Postsecondary",1.0535714285714286,1.0135714285714286,1.1734857142857142,1.0,1.97,1.13,1.23,1.62,1.13,1.21,1.11,1.16,1.23,2.41,1.67,1.01,2.044642857142857,1.1885714285714286,1.0,1.0,1.694,1.0942857142857143,1.43,1.0,1.0,2.571428571428571,1.97,1.29,1.4179428571428572,1.0,1.0089285714285714,1.0442857142857145,1.28,1.11,1.29,3.37,2.78,2.41,1.83,1.0,1.0,1.268571428571429,2.4714285714285715,1.39,1.11
25-1032.00,"Engineering Teachers, Postsecondary",1.0442857142857145,1.0020571428571428,1.157142857142857,1.0,1.62,1.24,1.36,1.03,2.04,1.49,1.31,1.25,1.03,2.08,1.21,1.0,1.837942857142857,1.1107142857142858,1.0,1.0,1.3278571428571428,1.3392000000000002,1.46,1.0,1.0,2.524285714285714,1.32,1.24,1.4906285714285716,1.0,1.0020571428571428,1.0,1.22,1.12,1.13,3.96,2.2,2.18,1.87,1.0,1.0,1.0885714285714283,2.023657142857143,2.03,1.0
25-1041.00,"Agricultural Sciences Teachers, Postsecondary",1.16,1.25,1.1257142857142857,1.0942857142857143,1.68,1.34,1.54,1.38,1.76,1.75,1.05,1.86,1.14,2.17,1.82,1.26,1.837942857142857,1.32,1.0664285714285715,1.0357142857142856,2.1648571428571426,1.1408,2.03,1.16,1.1785714285714286,2.086428571428572,2.49,1.46,1.3392000000000002,1.0,1.0803571428571428,1.0020571428571428,1.34,1.15,1.33,4.01,2.3,2.16,1.82,1.0942857142857143,1.1257142857142857,1.3571428571428572,1.32,1.79,1.25
25-1042.00,"Biological Science Teachers, Postsecondary",1.12,1.12,1.0942857142857143,1.0,2.3,1.25,2.21,1.44,2.41,1.29,1.07,1.86,1.23,2.13,1.48,1.14,1.8571428571428568,1.1607142857142858,1.0,1.0,1.4155,1.0942857142857143,1.8,1.1071428571428572,1.0,2.4971428571428573,1.86,1.46,1.4017857142857142,1.0,1.0,1.0,1.44,1.07,1.25,3.04,2.97,2.25,1.88,1.0,1.0,1.2036571428571428,1.302857142857143,2.34,1.46
25-1043.00,"Forestry and Conservation Science Teachers, Postsecondary",1.0549142857142857,1.1785714285714286,1.268571428571429,1.0206285714285714,2.41,1.25,1.41,2.01,2.26,1.35,1.21,2.78,1.19,2.87,2.5,1.23,1.8057142857142856,1.1071428571428572,1.0206285714285714,1.0206285714285714,1.7215857142857145,1.231428571428571,3.02,1.0,1.197142857142857,2.3392857142857144,3.2,2.01,1.4691999999999998,1.0442857142857145,1.077942857142857,1.0535714285714286,1.5,1.21,1.34,3.48,2.79,2.36,2.11,1.0206285714285714,1.0549142857142857,1.077942857142857,1.3214285714285714,2.91,1.45
25-1051.00,"Atmospheric, Earth, Marine, and Space Sciences Teachers, Postsecondary",1.0020571428571428,1.0,1.0803571428571428,1.0020571428571428,2.25,1.37,2.21,1.39,2.11,1.56,1.09,1.91,1.21,2.41,1.44,1.07,1.8057142857142856,1.0942857142857143,1.0,1.0,1.4138714285714284,1.1408,1.71,1.0,1.0089285714285714,2.4971428571428573,2.07,1.6,1.3392000000000002,1.0,1.0,1.0,1.55,1.18,1.32,3.28,2.87,2.49,2.04,1.0,1.0089285714285714,1.1734857142857142,1.36,2.35,1.2
25-1052.00,"Chemistry Teachers, Postsecondary",1.0042857142857142,1.0,1.1428571428571428,1.0,3.25,1.27,1.27,1.15,3.28,1.32,1.0,1.92,1.47,2.52,1.07,1.1,1.7734857142857143,1.1885714285714286,1.0,1.0,1.5738,1.157142857142857,1.18,1.0271428571428571,1.0,2.3857142857142857,1.09,1.08,1.4464285714285716,1.0,1.0,1.0,1.25,1.16,1.19,3.92,2.44,1.98,1.68,1.0,1.0,1.22,1.5677714285714286,3.57,1.53
25-1053.00,"Environmental Science Teachers, Postsecondary",1.0,1.0,1.0803571428571428,1.0,2.03,1.48,1.8,1.44,2.34,1.17,1.04,1.71,1.08,2.05,1.57,1.01,1.75,1.0549142857142857,1.0,1.0,1.519642857142857,1.0803571428571428,1.99,1.0,1.0,2.4035714285714285,2.15,1.86,1.3785714285714286,1.0,1.0,1.0,1.54,1.16,1.39,3.62,2.62,2.09,1.85,1.0,1.0,1.0992,1.28,2.45,1.44
25-1054.00,"Physics Teachers, Postsecondary",1.24,1.077942857142857,1.1408,1.0,1.78,1.3,1.29,1.19,1.76,1.45,1.06,1.35,1.5,2.19,1.24,1.0,1.8057142857142856,1.335714285714286,1.0,1.0,1.4070857142857145,1.197142857142857,1.65,1.2000000000000002,1.0,2.4522285714285714,1.34,1.19,1.3785714285714286,1.0,1.0357142857142856,1.0,1.24,1.08,1.24,3.45,2.54,2.12,1.78,1.0,1.0,1.231428571428571,1.4691999999999998,2.0,1.17
25-1061.00,"Anthropology and Archeology Teachers, Postsecondary",1.077942857142857,1.0357142857142856,1.0020571428571428,1.0,1.91,2.0,1.5,2.18,1.27,1.3,1.23,2.05,1.14,2.36,2.18,1.09,1.9285714285714288,1.0942857142857143,1.0,1.0,1.5025428571428572,1.0942857142857143,1.38,1.077942857142857,1.0,2.7142857142857144,2.41,2.09,1.32,1.0,1.0,1.0020571428571428,1.64,1.14,1.82,3.81,2.5,2.52,1.91,1.0,1.0,1.1785714285714286,1.2857142857142856,1.73,1.18
25-1062.00,"Area, Ethnic, and Cultural Studies Teachers, Postsecondary",1.0,1.0,1.0206285714285714,1.0,1.3,1.1,1.47,1.41,1.04,1.04,1.0,1.04,1.0,2.33,1.41,1.0,1.655,1.0664285714285715,1.0,1.0,1.0405,1.1785714285714286,1.29,1.0,1.0,2.524285714285714,1.27,1.2,1.3392000000000002,1.0,1.0,1.0,1.16,1.0,1.08,3.91,2.66,1.77,1.94,1.0,1.0,1.12,1.302857142857143,1.0,1.0
25-1063.00,"Economics Teachers, Postsecondary",1.0,1.0,1.0549142857142857,1.0,1.69,1.02,1.43,1.03,1.0,1.0,1.0,1.01,1.01,1.63,1.02,1.0,1.75,1.1607142857142858,1.0,1.0,1.1063142857142858,1.1885714285714286,1.12,1.0,1.0,2.3857142857142857,1.08,1.05,1.5357142857142858,1.0,1.0,1.0,1.2,1.0,1.06,4.31,2.37,2.09,1.52,1.0,1.0,1.157142857142857,1.5614285714285714,1.01,1.01
25-1064.00,"Geography Teachers, Postsecondary",1.0,1.0,1.0089285714285714,1.0,2.01,1.26,1.43,1.56,1.13,1.26,1.06,1.41,1.06,2.32,1.6,1.0,1.6364285714285711,1.0535714285714286,1.0,1.0,1.0987,1.1734857142857142,1.94,1.0,1.0,2.1492,1.91,1.47,1.3392000000000002,1.0,1.0,1.0135714285714286,1.22,1.0,1.2,3.91,2.45,1.86,1.84,1.0,1.0,1.25,1.4249999999999998,1.11,1.07
25-1065.00,"Political Science Teachers, Postsecondary",1.0,1.0,1.0020571428571428,1.0089285714285714,1.26,1.16,1.21,1.24,1.0,1.0,1.0,1.0,1.0,1.59,1.08,1.0,1.4910714285714284,1.0089285714285714,1.0,1.0,1.002857142857143,1.0549142857142857,1.23,1.0,1.0,2.4035714285714285,1.09,1.07,1.32,1.0,1.0,1.0,1.09,1.0,1.0,4.03,2.38,1.47,1.4,1.0,1.0,1.12,1.157142857142857,1.0,1.0
25-1066.00,"Psychology Teachers, Postsecondary",1.0,1.0,1.0206285714285714,1.0,1.6,1.1,1.57,1.34,1.0,1.0,1.0,1.02,1.0,2.31,1.32,1.0,1.8057142857142856,1.0549142857142857,1.0,1.0,1.1267714285714283,1.0549142857142857,1.02,1.0,1.0,2.125,1.01,1.01,1.3392000000000002,1.0,1.0,1.0,1.32,1.0,1.22,3.96,2.31,1.95,1.69,1.0,1.0020571428571428,1.147857142857143,1.32,1.0,1.0
25-1067.00,"Sociology Teachers, Postsecondary",1.0,1.0,1.0,1.0020571428571428,1.41,1.01,1.34,1.14,1.0,1.0,1.0,1.01,1.0,1.87,1.28,1.0,1.6428571428571428,1.0549142857142857,1.0,1.0,1.03,1.0357142857142856,1.23,1.0,1.0,2.4732142857142856,1.15,1.14,1.3392000000000002,1.0,1.0,1.0,1.04,1.0,1.01,3.99,2.24,1.99,1.58,1.0,1.0,1.157142857142857,1.1408,1.0,1.0
25-1071.00,"Health Specialties Teachers, Postsecondary",1.1408,1.12,1.0664285714285715,1.0942857142857143,1.34,1.27,2.15,1.16,1.42,1.0,1.0,1.17,1.16,2.3,1.14,1.0,1.6875,1.2592,1.0089285714285714,1.0020571428571428,2.003257142857142,1.1785714285714286,1.23,1.0885714285714283,1.1408,2.2928571428571427,1.31,1.17,1.3392000000000002,1.0,1.0357142857142856,1.0,1.71,1.0,1.35,3.86,2.64,2.05,1.59,1.0549142857142857,1.12,1.1885714285714286,1.3392000000000002,1.85,1.05
25-1072.00,"Nursing Instructors and Teachers, Postsecondary",1.5142857142857142,1.22,1.197142857142857,1.16,2.52,1.93,3.48,1.53,1.64,1.53,1.0,1.49,1.37,2.91,1.35,1.07,1.7734857142857143,1.6714285714285717,1.16,1.1785714285714286,2.139214285714285,1.2142857142857144,1.49,1.36,1.2857142857142856,2.571428571428571,1.23,1.27,1.6714285714285717,1.0,1.0357142857142856,1.0,1.99,1.0,1.6,3.15,3.07,2.95,2.67,1.2142857142857144,1.231428571428571,1.302857142857143,1.4192,2.91,1.64
25-1081.00,"Education Teachers, Postsecondary",1.0803571428571428,1.0357142857142856,1.0206285714285714,1.0020571428571428,1.64,1.38,1.39,1.19,1.0,1.0,1.0,1.0,1.0,2.73,1.59,1.17,1.78,1.1408,1.0,1.0,1.015442857142857,1.0803571428571428,1.27,1.0803571428571428,1.0,2.645714285714285,1.06,1.06,1.36,1.0,1.0,1.0,1.05,1.0,1.04,4.01,2.31,3.1,1.86,1.0,1.0,1.22,1.2208,1.0,1.0
25-1082.00,"Library Science Teachers, Postsecondary",1.0,1.0,1.0549142857142857,1.0206285714285714,1.64,1.02,1.09,1.54,1.01,1.01,1.01,1.02,1.02,2.14,1.06,1.0,1.8057142857142856,1.0942857142857143,1.0,1.0,1.034,1.0803571428571428,1.63,1.0,1.0,2.645714285714285,1.13,1.03,1.4017857142857142,1.0,1.0,1.0,1.07,1.01,1.04,4.59,1.82,2.11,1.34,1.0,1.0,1.1734857142857142,1.32,1.03,1.01
25-1111.00,"Criminal Justice and Law Enforcement Teachers, Postsecondary",1.0,1.0,1.0,1.0,1.63,1.58,1.79,1.49,1.22,1.17,1.05,1.24,1.02,2.06,1.6,1.02,1.4464285714285716,1.0549142857142857,1.0,1.0,1.0653714285714286,1.0942857142857143,1.65,1.0,1.0,2.2928571428571427,1.53,1.4,1.2857142857142856,1.0,1.0,1.0,1.39,1.05,1.28,3.34,2.98,2.04,2.2,1.0,1.0,1.1257142857142857,1.2857142857142856,1.61,1.27
25-1112.00,"Law Teachers, Postsecondary",1.0,1.0,1.0,1.0,1.32,1.04,1.25,1.09,1.06,1.09,1.03,1.13,1.02,2.01,1.07,1.01,1.51,1.0942857142857143,1.0,1.0,1.0156,1.0803571428571428,1.22,1.0,1.0,2.7207142857142856,1.15,1.2,1.4017857142857142,1.0,1.0,1.0,1.04,1.03,1.04,3.69,2.56,1.84,1.67,1.0,1.0,1.1734857142857142,1.2142857142857144,1.09,1.02
25-1113.00,"Social Work Teachers, Postsecondary",1.0,1.0,1.0357142857142856,1.0,1.22,1.04,1.37,1.23,1.0,1.0,1.0,1.04,1.0,1.97,1.32,1.0,1.8057142857142856,1.0942857142857143,1.0,1.0,1.088,1.077942857142857,2.12,1.0,1.0,2.354914285714286,1.58,1.3,1.2857142857142856,1.0,1.0,1.0,1.37,1.0,1.0,3.91,2.38,1.26,1.85,1.0,1.0,1.12,1.2857142857142856,1.14,1.0
25-1121.00,"Art, Drama, and Music Teachers, Postsecondary",1.3392000000000002,1.268571428571429,1.0803571428571428,1.0271428571428571,2.0,1.4,1.67,1.53,1.39,1.44,1.21,1.27,1.0,2.29,1.21,1.02,1.9842857142857144,1.3392000000000002,1.0089285714285714,1.0020571428571428,2.238442857142857,1.2363428571428572,1.59,1.3392000000000002,1.1428571428571428,2.571428571428571,1.32,1.28,1.3392000000000002,1.0,1.0271428571428571,1.0089285714285714,1.84,1.23,1.58,2.92,3.22,2.67,1.94,1.0089285714285714,1.0664285714285715,1.25,1.8571428571428568,1.6,1.18
25-1122.00,"Communications Teachers, Postsecondary",1.0020571428571428,1.0,1.0089285714285714,1.0,1.34,1.16,1.47,1.34,1.1,1.0,1.12,1.0,1.08,2.17,1.2,1.03,1.6875,1.0357142857142856,1.0,1.0,1.2118857142857142,1.12,1.17,1.0020571428571428,1.0,2.275,1.17,1.12,1.3392000000000002,1.0,1.0,1.0,1.09,1.01,1.11,3.66,2.53,2.47,1.74,1.0,1.0,1.231428571428571,1.302857142857143,1.15,1.15
25-1123.00,"English Language and Literature Teachers, Postsecondary",1.0,1.0,1.0,1.0,1.39,1.0,1.34,1.09,1.0,1.0,1.0,1.0,1.0,1.67,1.21,1.0,1.4,1.0089285714285714,1.0,1.0,1.0994285714285714,1.1071428571428572,1.02,1.0,1.0,2.3392857142857144,1.01,1.03,1.268571428571429,1.0,1.0,1.0,1.09,1.0,1.0,3.5,2.74,2.25,1.67,1.0,1.0,1.0942857142857143,1.2857142857142856,1.0,1.0
25-1124.00,"Foreign Language and Literature Teachers, Postsecondary",1.0,1.0,1.0,1.0,1.04,1.03,1.48,1.03,1.0,1.0,1.0,1.01,1.0,2.14,1.01,1.0,1.6364285714285711,1.0442857142857145,1.0,1.0,1.0222857142857142,1.1885714285714286,1.05,1.0,1.0,2.275,1.0,1.0,1.32,1.0,1.0,1.0,1.03,1.0,1.01,3.8,2.72,2.24,1.62,1.0,1.0,1.22,1.2857142857142856,1.0,1.0
25-1125.00,"History Teachers, Postsecondary",1.0,1.0,1.0,1.0089285714285714,1.39,1.02,1.31,1.75,1.0,1.0,1.0,1.11,1.04,2.26,1.35,1.12,1.6665142857142858,1.0,1.0,1.0,1.0765714285714283,1.0442857142857145,1.34,1.0,1.0,2.3392857142857144,1.01,1.01,1.32,1.0,1.0,1.0,1.01,1.0,1.01,3.51,2.54,2.11,1.57,1.0,1.0,1.0885714285714283,1.197142857142857,1.0,1.0
25-1126.00,"Philosophy and Religion Teachers, Postsecondary",1.0,1.0,1.0,1.0,1.12,1.0,1.12,1.06,1.0,1.0,1.0,1.0,1.0,1.48,1.03,1.02,1.6063428571428573,1.0549142857142857,1.0,1.0,1.0662285714285713,1.0803571428571428,1.04,1.0,1.0,2.2928571428571427,1.0,1.0,1.4017857142857142,1.0,1.0,1.0,1.02,1.0,1.02,3.91,2.46,1.56,1.5,1.0,1.0,1.2036571428571428,1.25,1.0,1.0
25-1192.00,"Family and Consumer Sciences Teachers, Postsecondary",1.0,1.0020571428571428,1.0803571428571428,1.0,1.18,1.73,1.39,1.16,1.23,1.17,1.03,1.11,1.11,2.13,1.1,1.01,1.837942857142857,1.147857142857143,1.0,1.0,1.572,1.1257142857142857,1.12,1.0020571428571428,1.0,2.2308,1.19,1.05,1.4017857142857142,1.0,1.0,1.0,1.51,1.0,1.16,3.72,2.38,2.19,1.89,1.0,1.0,1.25,1.4249999999999998,1.78,1.11
25-1193.00,"Recreation and Fitness Studies Teachers, Postsecondary",1.0206285714285714,1.0206285714285714,1.231428571428571,1.0206285714285714,1.93,1.52,1.71,1.59,1.21,1.18,1.27,1.46,1.0,3.03,1.74,1.09,1.7734857142857143,1.0206285714285714,1.0206285714285714,1.0271428571428571,1.6804,1.197142857142857,1.57,1.0020571428571428,1.0206285714285714,2.4035714285714285,2.09,1.76,1.3392000000000002,1.0,1.0,1.0,1.77,1.15,1.63,3.26,2.74,1.62,2.14,1.0885714285714283,1.0271428571428571,1.1734857142857142,1.3392000000000002,1.51,1.02
25-1194.00,"Career/Technical Education Teachers, Postsecondary",1.625,1.5785714285714287,1.268571428571429,1.16,2.68,1.56,1.67,1.82,1.9,2.27,1.15,2.13,1.17,2.69,1.65,1.18,1.8057142857142856,1.6714285714285717,1.1428571428571428,1.1428571428571428,2.509314285714286,1.2678571428571428,1.56,1.4821428571428572,1.32,2.044642857142857,1.38,1.4,1.36,1.0549142857142857,1.2142857142857144,1.0442857142857145,1.93,1.21,1.61,2.5,3.64,2.9,2.32,1.1785714285714286,1.268571428571429,1.3785714285714286,1.6063428571428573,2.96,1.38
25-2011.00,"Preschool Teachers, Except Special Education",1.32,1.0664285714285715,1.1428571428571428,1.197142857142857,1.55,1.17,3.07,1.62,1.0,1.0,1.0,2.02,1.0,3.47,1.97,1.02,1.8571428571428568,1.32,1.32,1.2142857142857144,1.6587142857142856,1.4285714285714286,1.38,1.32,1.32,2.0028571428571427,3.11,1.82,1.4628571428571429,1.0,1.0089285714285714,1.0020571428571428,2.96,1.0,3.09,2.06,3.63,2.98,3.11,1.345,1.32,1.625,1.5785714285714287,1.13,1.0
25-2012.00,"Kindergarten Teachers, Except Special Education",1.3785714285714286,1.0664285714285715,1.0357142857142856,1.197142857142857,2.46,1.52,3.7,1.74,1.24,1.29,1.19,1.67,1.0,3.16,1.62,1.13,1.7200000000000002,1.335714285714286,1.3125,1.28,1.707542857142857,1.32,1.22,1.0992,1.28,2.0028571428571427,2.49,2.02,1.6063428571428573,1.0,1.0,1.0,2.6,1.17,2.67,2.12,4.07,2.67,3.35,1.157142857142857,1.335714285714286,1.4928571428571429,1.4928571428571429,1.26,1.0
25-2021.00,"Elementary School Teachers, Except Special Education",1.0549142857142857,1.0020571428571428,1.0357142857142856,1.0206285714285714,1.49,1.22,3.33,1.0,1.0,1.11,1.03,1.62,1.0,4.28,1.78,1.03,1.8571428571428568,1.1607142857142858,1.1106285714285715,1.0357142857142856,1.6164999999999998,1.2857142857142856,1.21,1.0357142857142856,1.1106285714285715,2.4732142857142856,2.52,1.05,1.5785714285714287,1.0,1.0,1.0,2.0,1.09,2.4,2.32,4.21,2.2,3.16,1.24,1.1428571428571428,1.32,1.6063428571428573,1.1,1.0
25-2022.00,"Middle School Teachers, Except Special and Career/Technical Education",1.0271428571428571,1.0271428571428571,1.0664285714285715,1.0,1.9,1.33,2.36,1.37,1.02,1.0,1.0,1.36,1.0,3.16,1.55,1.0,1.8057142857142856,1.1885714285714286,1.0089285714285714,1.0089285714285714,1.422942857142857,1.2857142857142856,1.46,1.0135714285714286,1.0,2.327857142857143,2.45,1.85,1.6875,1.0,1.0,1.0,1.9,1.11,1.8,2.5,3.59,2.55,2.98,1.0206285714285714,1.0,1.2857142857142856,1.5614285714285714,1.06,1.0
25-2023.00,"Career/Technical Education Teachers, Middle School",1.2592,1.28,1.22,1.1257142857142857,2.04,1.19,1.92,1.42,1.33,2.13,1.09,2.07,1.0,3.14,1.46,1.06,1.9842857142857144,1.28,1.157142857142857,1.1257142857142857,1.7077,1.5207142857142857,1.63,1.25,1.25,2.4893714285714283,1.85,1.61,1.8571428571428568,1.0,1.1885714285714286,1.0020571428571428,1.61,1.22,1.59,2.47,3.63,2.76,2.7,1.1734857142857142,1.22,1.3392000000000002,1.75,2.69,1.17
25-2031.00,"Secondary School Teachers, Except Special and Career/Technical Education",1.0549142857142857,1.0,1.0549142857142857,1.0020571428571428,1.8,1.47,2.48,1.55,1.18,1.38,1.12,1.54,1.08,3.63,1.68,1.06,2.0,1.0992,1.0089285714285714,1.0020571428571428,1.496,1.2857142857142856,1.58,1.0020571428571428,1.0020571428571428,2.645714285714285,2.12,1.53,1.7734857142857143,1.0,1.0,1.0089285714285714,1.71,1.24,1.62,3.0,3.28,2.27,2.58,1.0135714285714286,1.0089285714285714,1.2857142857142856,1.6875,1.3,1.06
25-2032.00,"Career/Technical Education Teachers, Secondary School",1.6875,1.4435714285714285,1.2857142857142856,1.1071428571428572,2.4,2.27,2.57,2.13,1.66,1.6,1.62,1.88,1.26,3.59,2.16,1.14,2.19,1.5357142857142858,1.1339285714285714,1.0942857142857143,2.6165714285714285,1.394285714285714,1.96,1.5508,1.268571428571429,2.5428571428571427,2.23,1.85,1.7385714285714284,1.0357142857142856,1.2036571428571428,1.0942857142857143,2.2,1.29,1.87,2.78,3.24,2.71,2.82,1.1785714285714286,1.3008,1.51,1.7200000000000002,2.62,1.61
25-2051.00,"Special Education Teachers, Preschool",1.32,1.0992,1.1408,1.231428571428571,1.7,1.78,3.08,1.2,1.0,1.0,1.13,1.68,1.0,3.51,1.58,1.0,1.7734857142857143,1.2857142857142856,1.3008,1.2142857142857144,2.2538285714285715,1.3571428571428572,1.45,1.3008,1.2036571428571428,2.19,2.83,1.95,1.51,1.0020571428571428,1.0,1.0178571428571428,3.29,1.0,3.39,2.76,3.38,2.7,2.71,1.2142857142857144,1.231428571428571,1.4435714285714285,1.4464285714285716,1.86,1.0
25-2056.00,"Special Education Teachers, Elementary School",1.0178571428571428,1.0042857142857142,1.16,1.1106285714285715,2.01,1.37,2.67,1.51,1.09,1.0,1.0,1.8,1.0,3.43,1.45,1.0,2.086428571428572,1.0336571428571428,1.1785714285714286,1.0942857142857143,1.3338571428571429,1.375,1.02,1.0135714285714286,1.157142857142857,2.524285714285714,1.51,1.23,1.7036571428571428,1.0020571428571428,1.0020571428571428,1.0089285714285714,2.3,1.0,1.93,2.61,3.73,1.57,2.21,1.16,1.1792,1.4928571428571429,1.7036571428571428,1.23,1.0
25-2057.00,"Special Education Teachers, Middle School",1.0089285714285714,1.0,1.0089285714285714,1.0089285714285714,2.69,1.54,2.89,2.1,1.21,1.55,1.1,1.76,1.0,4.21,2.57,1.1,1.7385714285714284,1.077942857142857,1.0206285714285714,1.0089285714285714,1.342,1.268571428571429,1.82,1.0357142857142856,1.0089285714285714,2.1142857142857143,2.16,2.12,1.5207142857142857,1.0020571428571428,1.0089285714285714,1.0042857142857142,1.73,1.1,1.71,2.45,3.6,1.97,2.61,1.0803571428571428,1.0089285714285714,1.2857142857142856,1.5614285714285714,1.44,1.0
25-2058.00,"Special Education Teachers, Secondary School",1.0549142857142857,1.0,1.1106285714285715,1.0020571428571428,2.56,1.34,1.94,1.55,1.05,1.05,1.05,1.1,1.0,3.64,1.91,1.12,1.837942857142857,1.077942857142857,1.1257142857142857,1.0803571428571428,1.5515714285714286,1.268571428571429,1.4,1.0089285714285714,1.1106285714285715,2.4732142857142856,1.85,1.2,1.7200000000000002,1.0020571428571428,1.0,1.0042857142857142,1.43,1.12,1.58,3.2,2.83,2.07,2.3,1.0803571428571428,1.1408,1.2857142857142856,1.6364285714285711,1.26,1.04
25-2059.01,Adapted Physical Education Specialists,1.8571428571428568,1.4464285714285716,1.268571428571429,1.3392000000000002,1.67,1.86,2.71,2.0,1.14,1.24,1.24,2.19,1.0,3.57,2.24,1.1,1.9449142857142856,1.6875,1.8571428571428568,1.6875,2.8003142857142853,1.3392000000000002,2.81,1.8571428571428568,1.8571428571428568,2.5428571428571427,3.15,2.33,1.7200000000000002,1.0,1.157142857142857,1.0942857142857143,3.15,1.24,2.71,1.9,4.43,2.76,3.9,1.8571428571428568,1.8571428571428568,1.8571428571428568,1.5165142857142857,1.33,1.05
25-3011.00,"Adult Basic Education, Adult Secondary Education, and English as a Second Language Instructors",1.0,1.0,1.0,1.0,1.95,1.32,1.76,1.32,1.1,1.0,1.0,1.3,1.13,2.24,1.36,1.0,1.6875,1.147857142857143,1.0,1.0,1.1611,1.2857142857142856,1.0,1.0,1.0,2.1677714285714287,1.19,1.19,1.6063428571428573,1.0,1.0,1.0,1.71,1.0,1.15,3.07,3.27,2.34,2.03,1.0,1.0,1.25,1.2857142857142856,1.3,1.0
25-3021.00,Self-Enrichment Teachers,1.25,1.1339285714285714,1.0803571428571428,1.0803571428571428,1.19,1.25,1.33,1.2,1.14,1.14,1.02,1.12,1.14,2.06,1.2,1.14,1.5614285714285714,1.268571428571429,1.0549142857142857,1.0885714285714283,1.5965714285714283,1.0992,1.96,1.1734857142857142,1.1339285714285714,1.9085714285714288,1.72,1.41,1.32,1.0,1.0089285714285714,1.0020571428571428,1.48,1.01,1.29,3.24,2.53,2.92,1.5,1.1257142857142857,1.1339285714285714,1.32,1.4821428571428572,1.49,1.56
25-3031.00,"Substitute Teachers, Short-Term",1.077942857142857,1.0885714285714283,1.0042857142857142,1.0535714285714286,1.31,1.0,1.71,1.42,1.0,1.01,1.0,1.15,1.0,2.45,1.24,1.0,1.655,1.1734857142857142,1.0020571428571428,1.0020571428571428,1.363,1.197142857142857,1.05,1.1071428571428572,1.0135714285714286,2.1677714285714287,2.12,1.9,1.4017857142857142,1.0020571428571428,1.0089285714285714,1.0271428571428571,2.02,1.0,1.55,2.72,3.48,3.1,2.39,1.0020571428571428,1.0020571428571428,1.12,1.3392000000000002,1.08,1.03
25-3041.00,Tutors,1.0549142857142857,1.0357142857142856,1.0,1.0,1.14,1.09,1.57,1.14,1.0,1.05,1.0,1.05,1.0,2.41,1.1,1.05,1.4017857142857142,1.1339285714285714,1.0,1.0,1.1068571428571428,1.268571428571429,1.09,1.0549142857142857,1.0,2.0608,1.1,1.14,1.3785714285714286,1.0,1.0,1.0,1.37,1.0,1.36,4.86,2.19,2.18,1.25,1.0,1.0,1.0535714285714286,1.32,1.0,1.0
25-4011.00,Archivists,1.2857142857142856,1.0664285714285715,1.157142857142857,1.16,2.79,2.0,1.07,1.48,1.21,1.2,1.8,1.68,1.0,2.13,1.32,1.0,1.7200000000000002,1.2857142857142856,1.0357142857142856,1.0357142857142856,3.1115142857142857,1.1885714285714286,1.9,1.2857142857142856,1.1785714285714286,2.6950857142857143,1.25,1.37,1.4179428571428572,1.0,1.0,1.0020571428571428,1.93,1.97,1.97,4.03,2.43,3.13,1.89,1.0803571428571428,1.25,1.2857142857142856,1.4691999999999998,1.75,1.39
25-4012.00,Curators,1.3392000000000002,1.0206285714285714,1.157142857142857,1.0664285714285715,2.41,1.5,1.19,1.61,1.52,1.44,1.39,1.42,1.0,2.33,1.75,1.0,2.1750857142857143,1.3392000000000002,1.0549142857142857,1.0549142857142857,3.1882,1.147857142857143,2.23,1.268571428571429,1.1339285714285714,2.8020571428571426,2.03,1.58,1.6875,1.0020571428571428,1.0,1.12,1.73,1.57,1.53,3.54,2.46,2.42,1.91,1.1071428571428572,1.3008,1.3392000000000002,2.2471428571428573,1.81,1.22
25-4013.00,Museum Technicians and Conservators,2.086428571428572,1.7734857142857143,1.3392000000000002,1.2142857142857144,2.85,2.21,1.01,1.9,2.01,2.3,1.95,1.99,1.13,2.59,2.12,1.03,1.9449142857142856,2.125,1.1885714285714286,1.1785714285714286,3.3929142857142858,1.231428571428571,1.89,1.9449142857142856,1.595,2.524285714285714,1.92,1.77,1.7734857142857143,1.0020571428571428,1.12,1.0206285714285714,2.48,1.62,2.14,2.65,3.49,3.56,2.49,1.1408,1.5625,1.3785714285714286,2.086428571428572,3.07,1.54
25-4022.00,Librarians and Media Collections Specialists,1.25,1.231428571428571,1.0549142857142857,1.1408,2.03,1.61,1.94,1.31,1.06,1.25,1.29,1.31,1.0,2.74,1.54,1.0,1.7200000000000002,1.231428571428571,1.0042857142857142,1.0042857142857142,1.8184428571428568,1.1607142857142858,1.42,1.3125,1.157142857142857,2.265085714285714,1.4,1.39,1.6364285714285711,1.0020571428571428,1.0135714285714286,1.062857142857143,2.0,1.29,1.98,3.37,2.94,2.83,2.49,1.0020571428571428,1.157142857142857,1.3008,1.3008,1.27,1.03
25-4031.00,Library Technicians,1.268571428571429,1.268571428571429,1.0089285714285714,1.28,2.73,1.45,1.65,1.65,1.3,1.28,1.21,1.48,1.23,3.12,1.42,1.21,1.822857142857143,1.6391999999999998,1.16,1.1408,2.5192,1.1607142857142858,1.37,1.4542857142857144,1.2857142857142856,2.1635714285714283,1.5,1.27,1.655,1.0,1.0020571428571428,1.1408,2.27,1.24,2.0,3.59,2.65,3.33,2.14,1.16,1.3571428571428572,1.394285714285714,1.2857142857142856,1.31,1.21
25-9021.00,Farm and Home Management Educators,1.3392000000000002,1.4464285714285716,1.32,1.1071428571428572,2.41,1.7,1.33,2.11,1.7,2.04,1.22,2.0,1.0,2.56,2.52,1.22,1.8057142857142856,1.231428571428571,1.0664285714285715,1.0442857142857145,1.9517285714285717,1.2857142857142856,4.04,1.1785714285714286,1.3392000000000002,1.8914285714285717,3.42,3.12,1.8057142857142856,1.1071428571428572,1.22,1.2857142857142856,1.67,1.19,1.63,3.48,2.48,2.15,2.11,1.0803571428571428,1.0942857142857143,1.197142857142857,1.8571428571428568,1.96,1.48
25-9031.00,Instructional Coordinators,1.0020571428571428,1.0,1.0549142857142857,1.0,1.3,1.06,1.62,1.01,1.1,1.0,1.05,1.16,1.0,2.8,1.35,1.0,1.9842857142857144,1.1885714285714286,1.0020571428571428,1.0,1.3885,1.1339285714285714,1.91,1.0089285714285714,1.0,2.4893714285714283,1.81,1.33,1.6364285714285711,1.0,1.0,1.0,1.34,1.0,1.16,3.59,2.92,1.61,2.18,1.0206285714285714,1.0,1.1339285714285714,1.8571428571428568,1.24,1.0
25-9042.00,"Teaching Assistants, Preschool, Elementary, Middle, and Secondary School, Except Special Education",1.2142857142857144,1.1408,1.1339285714285714,1.289285714285714,1.85,1.63,3.47,2.33,1.19,1.12,1.01,1.86,1.0,3.59,2.72,1.0,2.1492,1.25,1.2142857142857144,1.289285714285714,1.4708,1.3571428571428572,1.21,1.2142857142857144,1.289285714285714,2.19,2.81,1.86,1.655,1.0535714285714286,1.0020571428571428,1.0042857142857142,2.66,1.2,3.47,2.38,3.68,2.86,3.41,1.2957142857142858,1.2592,1.5508,1.655,1.29,1.12
25-9043.00,"Teaching Assistants, Special Education",1.0271428571428571,1.0042857142857142,1.0020571428571428,1.1257142857142857,1.61,1.34,3.13,1.21,1.3,1.0,1.12,1.27,1.0,3.67,1.97,1.0,1.8057142857142856,1.0336571428571428,1.25,1.1408,1.4508571428571428,1.394285714285714,1.52,1.0535714285714286,1.1408,2.31,3.08,2.29,1.5300000000000002,1.0089285714285714,1.0336571428571428,1.0020571428571428,1.89,1.02,1.91,2.55,3.47,1.7,2.59,1.2208,1.2592,1.4821428571428572,1.3785714285714286,2.11,1.03
25-9044.00,"Teaching Assistants, Postsecondary",1.077942857142857,1.0664285714285715,1.0942857142857143,1.0,1.91,1.58,1.24,1.16,1.77,1.11,1.1,1.25,1.1,2.33,1.24,1.17,1.5677714285714286,1.0992,1.0,1.0,1.2237142857142858,1.231428571428571,1.18,1.0664285714285715,1.0,2.044642857142857,1.1,1.06,1.32,1.0020571428571428,1.0,1.0,1.58,1.11,1.19,3.4,2.91,2.19,2.04,1.0,1.0,1.268571428571429,1.3392000000000002,1.86,1.19
27-1011.00,Art Directors,1.3392000000000002,1.1734857142857142,1.0271428571428571,1.0020571428571428,1.03,1.04,1.14,1.39,1.01,1.01,1.09,1.0,1.0,2.03,1.11,1.0,2.1357142857142857,1.394285714285714,1.0,1.0,1.1571142857142858,1.077942857142857,1.1,1.32,1.0,2.765714285714286,1.22,1.24,1.7200000000000002,1.0,1.0089285714285714,1.0020571428571428,1.23,1.01,1.02,4.76,1.83,3.81,1.59,1.0,1.0,1.0992,2.596342857142857,1.02,1.0
27-1012.00,Craft Artists,2.645714285714285,1.9085714285714288,1.32,1.2857142857142856,2.7,1.39,1.04,1.39,1.91,2.04,1.0,2.35,1.0,2.13,1.26,1.04,1.6364285714285711,2.6950857142857143,1.1785714285714286,1.0549142857142857,2.745214285714286,1.1607142857142858,1.3,2.375,1.9085714285714288,2.4732142857142856,1.48,1.57,1.2857142857142856,1.0,1.2857142857142856,1.0020571428571428,1.65,1.04,1.35,3.64,2.48,4.52,1.43,1.2036571428571428,1.394285714285714,1.655,2.542057142857143,2.91,1.65
27-1013.00,"Fine Artists, Including Painters, Sculptors, and Illustrators",2.4732142857142856,1.8057142857142856,1.3392000000000002,1.335714285714286,2.26,1.01,1.0,1.02,1.56,2.36,1.15,1.97,1.0,2.27,1.69,1.0,1.9657142857142855,2.105,1.1106285714285715,1.0803571428571428,2.067657142857142,1.147857142857143,1.85,2.2308,1.6391999999999998,2.4522285714285714,1.87,1.73,1.4821428571428572,1.0,1.1607142857142858,1.0,2.36,1.17,1.41,3.4,3.0,4.64,1.65,1.1106285714285715,1.4906285714285716,1.51,2.821428571428571,3.46,1.43
27-1014.00,Special Effects Artists and Animators,1.7200000000000002,1.4691999999999998,1.25,1.0089285714285714,1.16,1.05,1.0,2.15,1.16,1.06,1.18,1.04,1.0,2.6,1.25,1.02,1.837942857142857,1.6063428571428573,1.0,1.0,1.2634857142857143,1.2036571428571428,1.6,1.4017857142857142,1.0357142857142856,2.6950857142857143,1.61,1.29,1.6875,1.0,1.0803571428571428,1.0,1.05,1.02,1.04,4.56,1.72,4.27,1.44,1.0,1.0,1.0992,2.7142857142857144,1.2,1.02
27-1021.00,Commercial and Industrial Designers,1.7385714285714284,1.3392000000000002,1.302857142857143,1.0549142857142857,2.27,1.59,1.01,2.18,1.3,3.09,1.32,1.71,1.0,3.5,1.95,1.18,1.8914285714285717,1.6875,1.0,1.0,1.3699142857142856,1.3008,2.03,1.28,1.0020571428571428,2.6950857142857143,1.46,1.27,1.6875,1.0,1.147857142857143,1.0206285714285714,1.36,1.19,1.21,4.38,2.03,2.96,2.08,1.0,1.0020571428571428,1.12,2.6696428571428568,3.39,1.28
27-1022.00,Fashion Designers,1.7385714285714284,1.32,1.25,1.0271428571428571,1.86,1.49,1.39,1.66,1.26,1.28,1.26,1.37,1.39,2.51,1.62,1.26,1.8571428571428568,1.7734857142857143,1.0,1.0271428571428571,1.797914285714286,1.2857142857142856,1.86,1.4179428571428572,1.0664285714285715,2.4732142857142856,1.56,1.5,1.7385714285714284,1.0,1.0549142857142857,1.0020571428571428,2.5,1.35,1.74,3.96,2.64,3.32,1.88,1.0,1.0442857142857145,1.32,2.422142857142857,1.39,1.26
27-1023.00,Floral Designers,1.9085714285714288,1.24,1.231428571428571,1.2000000000000002,2.76,1.62,2.0,1.74,1.05,1.01,1.22,2.54,1.0,2.85,2.22,1.0,1.9085714285714288,1.7934857142857146,1.16,1.1071428571428572,2.335828571428572,1.0803571428571428,2.29,1.7208,1.5300000000000002,2.1677714285714287,3.28,1.17,1.3785714285714286,1.0206285714285714,1.0135714285714286,1.0549142857142857,2.71,1.41,1.86,1.75,4.2,4.53,3.16,1.1792,1.24,1.8328571428571427,2.44,1.31,1.02
27-1024.00,Graphic Designers,1.5357142857142858,1.3571428571428572,1.1071428571428572,1.0089285714285714,1.11,1.05,1.06,1.16,1.05,1.05,1.05,1.16,1.05,1.6,1.05,1.05,1.7200000000000002,1.4691999999999998,1.0,1.0,1.2133,1.157142857142857,1.4,1.32,1.0,2.6950857142857143,1.37,1.35,1.5625,1.0,1.0,1.0,1.22,1.05,1.1,4.79,1.89,3.58,1.47,1.0,1.0,1.1408,2.096342857142857,1.11,1.05
27-1025.00,Interior Designers,1.0,1.0206285714285714,1.268571428571429,1.0,1.46,1.16,1.17,1.61,1.29,1.32,1.5,1.17,1.0,2.6,1.61,1.17,1.9449142857142856,1.0357142857142856,1.0,1.0,1.73,1.16,2.8,1.0,1.0206285714285714,2.765714285714286,1.79,1.92,1.7036571428571428,1.0,1.0,1.1408,1.57,1.28,1.58,4.08,2.75,2.4,1.78,1.0,1.0,1.2208,2.7142857142857144,2.25,1.08
27-1026.00,Merchandise Displayers and Window Trimmers,1.9285714285714288,1.5357142857142858,1.1408,1.3785714285714286,2.34,2.17,1.09,1.85,1.19,1.81,3.12,1.78,1.24,2.51,2.34,1.12,2.1635714285714283,2.044642857142857,1.7485714285714289,1.5508,3.568,1.1734857142857142,1.91,1.9792,1.7485714285714289,2.086428571428572,1.71,1.4,1.625,1.0042857142857142,1.157142857142857,1.157142857142857,3.21,3.0,2.86,1.87,4.48,4.08,4.18,1.822857142857143,1.8571428571428568,2.0028571428571427,2.596342857142857,1.8,1.84
27-1027.00,Set and Exhibit Designers,1.6063428571428573,1.6063428571428573,1.3571428571428572,1.0407142857142857,2.67,1.9,1.1,2.29,1.86,2.67,2.52,2.0,1.0,2.9,1.48,1.24,2.0,1.7200000000000002,1.0407142857142857,1.1885714285714286,1.66,1.3008,1.86,1.6364285714285711,1.24,2.4732142857142856,2.0,1.9,1.8057142857142856,1.0206285714285714,1.147857142857143,1.22,1.81,1.76,1.76,3.67,2.62,3.67,2.14,1.0407142857142857,1.24,1.3214285714285714,2.928571428571429,2.7,1.81
27-2011.00,Actors,1.25,1.0,1.0,1.268571428571429,2.29,1.89,1.18,3.25,1.22,1.66,2.15,1.27,1.0,2.23,1.5,1.14,1.5165142857142857,1.268571428571429,1.4464285714285716,1.2857142857142856,2.1628,1.22,2.02,1.25,1.2857142857142856,2.31,1.76,1.64,1.268571428571429,1.0,1.0,1.0,2.59,1.7,1.58,2.16,3.83,2.07,2.56,1.25,1.268571428571429,1.4691999999999998,1.5785714285714287,1.32,1.15
27-2012.00,Producers and Directors,1.3785714285714286,1.268571428571429,1.3008,1.0442857142857145,1.26,1.42,1.0,1.91,1.07,1.22,1.03,1.24,1.0,2.88,1.48,1.0,2.4522285714285714,1.3392000000000002,1.0,1.0,1.66,1.5614285714285714,1.93,1.32,1.1734857142857142,2.524285714285714,1.67,1.46,1.8571428571428568,1.0,1.12,1.1885714285714286,1.32,1.24,1.39,4.14,2.38,2.89,1.73,1.0,1.1339285714285714,1.3571428571428572,2.4971428571428573,1.09,1.0
27-2012.03,Media Programming Directors,1.32,1.4179428571428572,1.197142857142857,1.0020571428571428,1.31,1.25,1.05,1.14,1.02,1.01,1.14,1.05,1.02,2.72,1.34,1.0,1.9285714285714288,1.3785714285714286,1.0,1.0,1.0841571428571428,1.24,1.73,1.2142857142857144,1.0357142857142856,2.524285714285714,1.68,1.58,1.4435714285714285,1.0,1.16,1.0,1.09,1.01,1.1,4.22,2.15,3.63,1.91,1.0,1.0,1.0535714285714286,1.6942857142857144,1.07,1.06
27-2012.04,Talent Directors,1.0,1.0,1.1071428571428572,1.0442857142857145,1.0,1.02,1.21,1.24,1.0,1.0,1.0,1.0,1.0,2.05,1.39,1.0,1.8914285714285717,1.0803571428571428,1.0020571428571428,1.0,1.1233714285714285,1.2036571428571428,1.75,1.0020571428571428,1.0,2.3392857142857144,1.53,1.28,1.4017857142857142,1.0,1.0,1.0020571428571428,1.38,1.0,1.36,3.94,2.31,2.1,1.89,1.0089285714285714,1.0,1.0714285714285714,1.6665142857142858,1.0,1.0
27-2012.05,Media Technical Directors/Managers,1.595,1.7036571428571428,1.36,1.0336571428571428,2.26,1.45,1.05,2.28,1.86,1.6,1.95,1.77,1.01,3.16,2.05,1.03,2.571428571428571,1.6714285714285717,1.0020571428571428,1.0020571428571428,1.895457142857143,1.4821428571428572,2.57,1.4017857142857142,1.32,2.645714285714285,2.57,1.97,2.0028571428571427,1.0135714285714286,1.3125,1.0549142857142857,2.11,1.44,1.47,3.86,2.29,3.78,2.26,1.0271428571428571,1.0407142857142857,1.0992,2.1357142857142857,1.65,1.18
27-2021.00,Athletes and Sports Competitors,2.0028571428571427,1.4821428571428572,1.51,2.4971428571428573,2.4,1.62,1.23,3.27,1.35,1.51,1.22,2.32,1.21,2.98,3.43,1.42,2.1492,1.75,2.4285714285714284,2.0028571428571427,2.950628571428571,1.4435714285714285,2.76,1.9842857142857144,2.105,2.25,4.2,2.66,1.7734857142857143,1.2142857142857144,1.6391999999999998,1.1734857142857142,3.23,1.33,1.5,2.32,4.07,3.75,3.28,2.645714285714285,2.596342857142857,2.086428571428572,1.822857142857143,3.41,2.16
27-2022.00,Coaches and Scouts,1.5207142857142857,1.1734857142857142,1.4821428571428572,1.51,1.97,1.38,1.36,1.98,1.24,1.42,1.04,2.09,1.09,3.04,2.79,1.11,2.0028571428571427,1.268571428571429,1.34,1.34,2.1708857142857143,1.32,2.46,1.3706285714285715,1.4028571428571428,2.216428571428572,3.26,1.26,1.722057142857143,1.1339285714285714,1.0,1.147857142857143,2.04,1.17,1.68,2.61,3.75,2.45,2.95,1.6063428571428573,1.7734857142857143,1.7734857142857143,2.4892,1.34,1.08
27-2023.00,"Umpires, Referees, and Other Sports Officials",1.22,1.0,1.231428571428571,1.32,1.9,1.24,1.48,2.2,1.2,1.35,1.1,1.71,1.0,2.58,2.65,1.05,2.645714285714285,1.157142857142857,1.5785714285714287,1.302857142857143,1.1450428571428573,1.4285714285714286,1.3,1.0803571428571428,1.3008,2.375,3.45,1.8,2.096342857142857,1.25,1.3392000000000002,1.4179428571428572,2.29,1.05,2.1,2.1,4.0,1.52,3.43,1.7385714285714284,1.2592,1.822857142857143,1.6063428571428573,2.33,1.19
27-2031.00,Dancers,1.6391999999999998,1.0407142857142857,1.1734857142857142,3.145,2.01,2.15,1.85,2.81,1.28,1.64,1.79,2.21,1.31,3.39,1.85,1.47,1.7385714285714284,1.2857142857142856,3.946428571428571,3.091428571428572,1.589714285714286,1.3392000000000002,1.31,1.3392000000000002,2.4035714285714285,1.9449142857142856,1.72,1.74,1.5357142857142858,1.1339285714285714,1.0442857142857145,1.1885714285714286,4.55,1.97,2.65,2.32,4.33,2.34,3.04,3.145,2.1677714285714287,3.117142857142857,1.6875,1.74,1.31
27-2032.00,Choreographers,1.6063428571428573,1.0,1.2142857142857144,2.4732142857142856,1.33,1.52,1.11,1.9,1.0,1.0,1.33,1.3,1.05,2.29,1.67,1.52,1.7734857142857143,1.2036571428571428,3.34,2.877142857142857,1.6111428571428572,1.32,1.05,1.2036571428571428,2.31,1.9449142857142856,1.76,1.95,1.6063428571428573,1.2142857142857144,1.1071428571428572,1.5785714285714287,4.57,1.38,3.05,1.71,4.43,2.14,3.24,2.4732142857142856,1.655,2.4732142857142856,2.4732142857142856,1.33,1.1
27-2041.00,Music Directors and Composers,1.4179428571428572,1.3008,1.0020571428571428,1.289285714285714,1.89,1.11,1.63,1.32,1.08,1.04,1.1,1.15,1.0,2.62,1.3,1.0,1.7200000000000002,1.3392000000000002,1.1885714285714286,1.1071428571428572,1.2942857142857145,3.377142857142857,2.02,1.4017857142857142,1.5614285714285714,2.3857142857142857,1.5,1.29,1.6875,1.0020571428571428,1.0535714285714286,1.0442857142857145,1.64,1.01,1.12,3.44,2.89,3.3,1.73,1.1785714285714286,1.1071428571428572,1.5614285714285714,1.4435714285714285,1.24,1.02
27-2042.00,Musicians and Singers,1.7485714285714289,1.655,1.0442857142857145,1.3571428571428572,1.53,1.97,1.31,2.08,1.09,1.11,1.17,1.11,1.01,3.09,1.3,1.05,1.5892857142857142,1.872228571428572,1.1785714285714286,1.0942857142857143,1.5729714285714285,2.571428571428571,1.62,1.8328571428571427,1.7521428571428572,2.275,1.37,1.68,1.7857142857142856,1.0535714285714286,1.2592,1.0336571428571428,1.9,1.07,1.37,4.07,2.09,4.04,1.5,1.28,1.1885714285714286,1.4906285714285716,1.655,1.51,1.0
27-3011.00,Broadcast Announcers and Radio Disc Jockeys,1.1885714285714286,1.3008,1.1257142857142857,1.0206285714285714,1.65,1.54,1.18,1.77,1.46,1.28,1.0,1.38,1.46,3.56,2.34,1.09,1.4017857142857142,1.2036571428571428,1.0,1.0,1.0750428571428572,1.231428571428571,2.93,1.2036571428571428,1.0206285714285714,1.9449142857142856,2.96,2.42,1.4435714285714285,1.0357142857142856,1.197142857142857,1.0442857142857145,1.58,1.0,1.1,4.1,2.55,2.65,1.93,1.0,1.0206285714285714,1.28,1.268571428571429,1.11,1.01
27-3023.00,"News Analysts, Reporters, and Journalists",1.2000000000000002,1.157142857142857,1.157142857142857,1.0942857142857143,2.07,1.76,1.38,2.5,1.15,1.33,1.31,1.33,1.27,2.78,2.28,1.1,1.8914285714285717,1.12,1.0020571428571428,1.0020571428571428,1.2987857142857142,1.3571428571428572,3.17,1.1408,1.0020571428571428,2.3857142857142857,2.66,2.17,1.4906285714285716,1.0,1.0020571428571428,1.0178571428571428,1.4,1.21,1.34,4.15,2.17,2.65,2.08,1.0020571428571428,1.0135714285714286,1.289285714285714,1.3706285714285715,1.3,1.14
27-3031.00,Public Relations Specialists,1.0,1.0,1.0206285714285714,1.0,1.14,1.14,1.1,1.32,1.0,1.05,1.0,1.09,1.0,2.59,1.27,1.0,1.51,1.0885714285714283,1.0,1.0,1.130642857142857,1.147857142857143,2.18,1.0,1.0,2.2928571428571427,1.86,1.86,1.2857142857142856,1.0,1.0,1.0,1.33,1.05,1.27,3.9,2.32,1.73,1.91,1.0,1.0,1.0885714285714283,1.5785714285714287,1.24,1.05
27-3041.00,Editors,1.197142857142857,1.0803571428571428,1.0020571428571428,1.0357142857142856,1.32,1.17,1.0,1.15,1.0,1.0,1.09,1.03,1.0,2.96,1.73,1.0,1.6364285714285711,1.5357142857142858,1.0,1.0,1.2217142857142858,1.147857142857143,1.88,1.1785714285714286,1.0,2.8514285714285714,1.63,1.3,1.8728571428571428,1.0,1.0,1.0,1.2,1.09,1.17,4.4,1.88,2.87,1.55,1.0,1.0,1.1339285714285714,1.8057142857142856,1.0,1.0
27-3042.00,Technical Writers,1.197142857142857,1.0336571428571428,1.0206285714285714,1.0,1.03,1.02,1.0,1.13,1.02,1.02,1.09,1.04,1.0,3.09,1.18,1.0,1.268571428571429,1.3706285714285715,1.0,1.0,1.0546857142857142,1.0942857142857143,1.98,1.1428571428571428,1.0,2.765714285714286,1.15,1.15,1.3008,1.0,1.0,1.0089285714285714,1.14,1.0,1.08,4.55,1.68,3.51,1.28,1.0,1.0,1.0042857142857142,1.9285714285714288,1.02,1.0
27-3043.00,Writers and Authors,1.0089285714285714,1.0089285714285714,1.0,1.0020571428571428,1.96,1.86,1.0,1.96,1.0,1.0,1.0,1.0,1.0,3.85,1.11,1.0,1.4928571428571429,1.0271428571428571,1.0020571428571428,1.0020571428571428,1.033942857142857,1.0535714285714286,2.3,1.0020571428571428,1.0089285714285714,2.275,2.18,1.22,1.25,1.0,1.0020571428571428,1.0135714285714286,1.22,1.0,1.01,4.39,1.98,2.26,1.83,1.0020571428571428,1.0020571428571428,1.25,1.4928571428571429,1.0,1.0
27-3043.05,"Poets, Lyricists and Creative Writers",1.2142857142857144,1.0942857142857143,1.0,1.0549142857142857,1.1,1.09,1.05,1.09,1.0,1.0,1.0,1.05,1.0,1.45,1.1,1.05,1.7200000000000002,1.4821428571428572,1.0,1.0,1.0980571428571428,1.2036571428571428,1.59,1.231428571428571,1.0,2.596342857142857,1.24,1.14,1.22,1.0,1.0,1.0,1.0,1.0,1.05,4.64,1.76,3.45,1.15,1.0,1.0,1.197142857142857,1.5892857142857142,1.0,1.0
27-3091.00,Interpreters and Translators,1.0942857142857143,1.0,1.0535714285714286,1.0271428571428571,2.04,1.53,2.85,1.5,1.34,1.03,1.03,1.15,1.53,2.77,1.22,1.0,1.7734857142857143,1.2678571428571428,1.1257142857142857,1.0271428571428571,1.0876571428571429,1.7734857142857143,1.51,1.0357142857142856,1.1257142857142857,2.354914285714286,1.92,1.36,1.8057142857142856,1.0,1.0,1.0,1.42,1.0,1.13,3.61,2.72,1.55,2.64,1.157142857142857,1.0206285714285714,1.2857142857142856,1.5300000000000002,1.88,1.67
27-3092.00,Court Reporters and Simultaneous Captioners,1.4017857142857142,1.6714285714285717,1.0020571428571428,1.0,1.49,1.36,1.34,1.2,1.03,1.03,1.04,1.15,1.13,2.42,1.0,1.0,1.4249999999999998,1.8571428571428568,1.0,1.0,1.1962285714285714,1.1785714285714286,1.27,1.3785714285714286,1.0442857142857145,2.596342857142857,1.0,1.0,1.4821428571428572,1.0,1.0271428571428571,1.0,1.44,1.04,1.04,4.79,1.72,4.13,1.22,1.0,1.0,1.0992,1.157142857142857,1.0,1.06
27-4011.00,Audio and Video Technicians,1.9449142857142856,1.9085714285714288,1.3392000000000002,1.231428571428571,2.53,1.93,1.18,1.63,2.2,1.7,1.67,1.59,1.04,2.17,1.41,1.07,2.096342857142857,1.8914285714285717,1.157142857142857,1.1408,2.6107428571428573,2.044642857142857,1.51,1.8914285714285717,1.3785714285714286,2.7142857142857144,1.43,1.38,1.8914285714285717,1.0,1.32,1.0271428571428571,1.91,1.78,2.21,3.7,2.45,4.44,2.02,1.2208,1.36,1.32,2.0,1.76,1.46
27-4012.00,Broadcast Technicians,1.7857142857142856,1.8571428571428568,1.302857142857143,1.16,1.75,2.29,1.11,1.86,1.76,2.0,2.17,1.82,1.65,3.32,1.82,1.07,1.94,1.8571428571428568,1.1428571428571428,1.0803571428571428,2.0975714285714284,1.75,2.56,1.68,1.5614285714285714,2.645714285714285,2.43,1.98,1.9285714285714288,1.0664285714285715,1.5614285714285714,1.0664285714285715,1.78,1.57,1.77,4.09,2.43,3.5,2.02,1.16,1.4179428571428572,1.32,1.8914285714285717,1.94,1.17
27-4014.00,Sound Engineering Technicians,1.8571428571428568,1.9449142857142856,1.197142857142857,1.0549142857142857,1.67,1.76,1.46,2.32,1.33,1.12,1.28,1.21,1.0,3.44,1.62,1.26,1.8571428571428568,1.8571428571428568,1.0,1.0,1.713142857142857,2.894285714285714,1.71,1.822857142857143,1.3392000000000002,2.551428571428572,1.96,2.08,1.9449142857142856,1.0,1.24,1.0206285714285714,1.58,1.36,1.64,4.28,2.21,4.4,1.62,1.0,1.28,1.2208,1.7200000000000002,1.92,1.12
27-4021.00,Photographers,1.8571428571428568,1.7734857142857143,1.7200000000000002,1.1339285714285714,1.43,1.81,1.32,2.55,1.27,1.32,1.55,1.73,1.05,2.09,2.45,1.14,2.645714285714285,1.7734857142857143,1.1734857142857142,1.157142857142857,2.472142857142857,1.1607142857142858,2.14,1.822857142857143,1.6875,2.765714285714286,3.27,2.73,1.6875,1.0664285714285715,1.5357142857142858,1.1257142857142857,2.45,1.82,2.45,3.29,2.95,3.91,2.27,1.0803571428571428,1.2857142857142856,1.3785714285714286,2.645714285714285,1.41,1.32
27-4031.00,"Camera Operators, Television, Video, and Film",2.0028571428571427,2.0028571428571427,1.6063428571428573,1.231428571428571,1.94,2.39,1.17,3.39,1.59,2.13,1.59,1.66,1.2,3.44,2.9,1.2,2.6185714285714288,1.9085714285714288,1.28,1.197142857142857,3.121142857142857,1.5625,3.09,1.9085714285714288,1.7734857142857143,2.6185714285714288,3.1,2.23,1.837942857142857,1.0549142857142857,1.4,1.24,2.09,1.3,1.79,2.91,3.1,4.5,2.36,1.25,1.6665142857142858,1.6063428571428573,2.4732142857142856,1.72,1.07
27-4032.00,Film and Video Editors,1.4691999999999998,1.5207142857142857,1.077942857142857,1.0,1.52,1.35,1.08,1.27,1.03,1.2,1.2,1.09,1.01,2.89,1.44,1.04,1.8728571428571428,1.7734857142857143,1.0,1.0,1.7581,1.3571428571428572,2.21,1.4179428571428572,1.0020571428571428,2.645714285714285,2.07,1.69,1.9449142857142856,1.0,1.0206285714285714,1.0,1.5,1.26,1.57,4.56,1.84,2.91,1.7,1.0,1.0,1.0992,2.4035714285714285,1.22,1.05
29-1011.00,Chiropractors,1.9085714285714288,1.6875,1.268571428571429,1.4821428571428572,1.37,1.04,3.13,1.07,1.35,1.37,1.0,1.04,2.41,1.21,1.07,1.07,1.3785714285714286,1.8571428571428568,1.3785714285714286,1.1885714285714286,2.598442857142857,1.22,1.28,1.8057142857142856,1.9085714285714288,2.1677714285714287,1.09,1.07,1.7734857142857143,1.0,1.2142857142857144,1.0,3.43,1.0,1.65,2.51,3.55,4.25,2.09,1.32,1.8057142857142856,2.02,1.8057142857142856,1.09,1.07
29-1021.00,"Dentists, General",3.0592,3.408571428571429,1.8571428571428568,1.25,3.89,3.36,4.78,1.79,2.57,2.41,1.04,2.77,4.4,3.83,1.25,1.12,1.7734857142857143,3.205357142857143,1.1257142857142857,1.1257142857142857,2.264,1.7734857142857143,1.07,2.9008000000000003,2.4035714285714285,3.1750857142857143,1.07,1.05,1.8914285714285717,1.0,1.7200000000000002,1.1885714285714286,3.65,1.04,1.3,4.26,2.3,4.67,1.8,1.2000000000000002,1.2857142857142856,1.3785714285714286,2.205357142857143,4.65,3.08
29-1022.00,Oral and Maxillofacial Surgeons,3.321428571428572,3.305714285714286,1.4017857142857142,1.2036571428571428,3.22,2.28,4.97,1.63,2.3,2.79,1.0,1.94,3.01,2.52,1.0,1.32,1.837942857142857,3.282057142857143,1.147857142857143,1.0803571428571428,1.84,1.394285714285714,1.0,3.16,2.0028571428571427,3.117142857142857,1.0,1.0,1.9449142857142856,1.0,1.6063428571428573,1.0,3.27,1.0,1.23,1.92,4.26,4.27,2.16,1.25,1.22,1.655,2.3242857142857147,4.94,2.25
29-1023.00,Orthodontists,2.662857142857143,2.2471428571428573,1.2857142857142856,1.0089285714285714,2.15,1.11,4.13,1.16,1.68,1.03,1.0,1.55,3.51,2.5,1.07,1.0,1.8571428571428568,2.7142857142857144,1.0,1.0020571428571428,2.312242857142857,1.268571428571429,1.0,2.524285714285714,1.7200000000000002,2.765714285714286,1.02,1.17,1.75,1.0,1.1734857142857142,1.0,3.0,1.0,1.19,3.46,2.64,4.57,2.11,1.0,1.197142857142857,1.197142857142857,2.096342857142857,5.0,2.1
29-1024.00,Prosthodontists,2.4971428571428573,2.2857142857142856,1.32,1.16,3.17,2.11,4.3,1.77,2.96,2.66,1.0,2.26,2.92,3.18,1.68,1.0,1.7734857142857143,2.6950857142857143,1.1428571428571428,1.16,3.077642857142857,1.3785714285714286,1.08,2.354914285714286,1.6364285714285711,2.9522285714285714,1.0,1.0,1.7734857142857143,1.0357142857142856,1.2857142857142856,1.0442857142857145,4.19,1.0,1.27,4.09,2.44,4.48,2.01,1.1106285714285715,1.25,1.32,2.2471428571428573,4.91,2.32
29-1031.00,Dietitians and Nutritionists,1.0,1.0,1.0664285714285715,1.0020571428571428,1.73,1.2,3.6,1.1,1.27,1.33,1.0,1.47,1.24,2.62,1.1,1.0,1.7200000000000002,1.2036571428571428,1.0,1.0,1.1863,1.1607142857142858,1.66,1.0089285714285714,1.0,2.275,1.17,1.25,1.7734857142857143,1.0,1.0,1.0,1.25,1.0,1.3,3.63,2.43,1.48,2.03,1.0,1.0020571428571428,1.1607142857142858,1.5357142857142858,1.93,1.55
29-1041.00,Optometrists,2.096342857142857,2.1357142857142857,1.4435714285714285,1.0042857142857142,1.3,1.75,4.0,1.71,1.1,1.0,1.0,1.5,1.0,1.52,1.0,1.0,2.205357142857143,2.4522285714285714,1.0,1.0,2.0865,1.2857142857142856,1.05,1.9285714285714288,1.335714285714286,2.98,1.0,1.14,1.9842857142857144,1.0,1.197142857142857,1.0,1.84,1.0,1.52,3.71,2.5,4.35,2.0,1.0,1.1106285714285715,1.2857142857142856,1.8571428571428568,2.55,1.1
29-1051.00,Pharmacists,1.7734857142857143,1.32,1.1257142857142857,1.0271428571428571,1.84,1.19,4.44,1.03,1.69,1.1,1.1,1.45,1.0,2.27,1.0,1.0,1.822857142857143,1.9085714285714288,1.1106285714285715,1.0089285714285714,2.0075000000000003,1.0992,1.01,1.7857142857142856,1.32,2.928571428571429,1.03,1.03,1.9449142857142856,1.0,1.0089285714285714,1.0,2.11,1.15,1.42,1.78,4.36,3.08,2.5,1.1408,1.197142857142857,1.3785714285714286,1.4464285714285716,2.59,1.23
29-1071.00,Physician Assistants,1.8571428571428568,1.3571428571428572,1.268571428571429,1.268571428571429,2.85,1.89,4.72,1.57,1.94,1.92,1.0,1.97,2.7,2.59,1.23,1.0,1.8571428571428568,1.8571428571428568,1.2857142857142856,1.1785714285714286,1.834742857142857,1.3571428571428572,1.17,1.6391999999999998,1.3785714285714286,2.645714285714285,1.25,1.24,1.8571428571428568,1.0,1.1257142857142857,1.0,2.0,1.03,1.81,3.19,3.33,3.27,2.62,1.268571428571429,1.3392000000000002,1.7385714285714284,1.7734857142857143,4.19,2.92
29-1071.01,Anesthesiologist Assistants,2.25,2.1492,1.4928571428571429,1.2036571428571428,3.85,2.6,4.88,2.79,3.12,1.79,1.0,3.02,3.88,3.12,2.13,1.3,1.8057142857142856,1.9842857142857144,1.3808,1.197142857142857,2.4842285714285715,1.8057142857142856,1.03,2.086428571428572,1.6665142857142858,2.7207142857142856,1.13,1.0,2.422142857142857,1.0,1.655,1.0,2.51,1.0,2.19,1.96,3.9,3.96,3.53,1.335714285714286,1.5614285714285714,1.655,1.8057142857142856,4.84,4.0
29-1081.00,Podiatrists,1.8914285714285717,1.8728571428571428,1.268571428571429,1.0407142857142857,2.84,1.96,4.69,1.53,2.15,2.03,1.0,2.65,3.3,1.83,1.43,1.0,1.8057142857142856,1.9449142857142856,1.0206285714285714,1.0206285714285714,2.3125142857142857,1.2857142857142856,1.83,1.9842857142857144,1.625,2.645714285714285,1.1,1.01,1.8571428571428568,1.0,1.1734857142857142,1.0,2.45,1.1,2.01,3.38,3.18,4.2,2.29,1.0357142857142856,1.28,1.3392000000000002,2.06,3.27,2.44
29-1122.00,Occupational Therapists,1.7200000000000002,1.302857142857143,1.2857142857142856,1.268571428571429,1.64,1.77,4.18,1.62,1.0,1.32,1.18,1.68,1.05,2.41,1.45,1.0,1.822857142857143,1.8571428571428568,1.32,1.32,3.0142857142857142,1.5300000000000002,2.27,1.542142857142857,1.6063428571428573,2.1492,1.86,1.55,1.7200000000000002,1.0,1.0,1.0020571428571428,2.67,1.09,2.33,2.82,2.91,3.64,2.33,1.3392000000000002,1.595,1.655,1.7734857142857143,2.45,1.38
29-1122.01,"Low Vision Therapists, Orientation and Mobility Specialists, and Vision Rehabilitation Therapists",1.4028571428571428,1.268571428571429,1.2857142857142856,1.25,2.57,1.61,2.0,2.83,1.0,2.35,1.04,1.74,1.17,3.17,2.96,1.0,1.9085714285714288,1.1785714285714286,1.3785714285714286,1.2208,1.5576,1.36,4.0,1.0336571428571428,1.4285714285714286,2.1750857142857143,3.96,2.3,1.7734857142857143,1.0357142857142856,1.0549142857142857,1.2208,2.0,1.0,1.87,2.3,3.61,2.41,3.57,1.22,1.268571428571429,1.3392000000000002,1.7200000000000002,1.09,1.04
29-1123.00,Physical Therapists,1.9642857142857144,1.655,1.268571428571429,1.655,1.8,1.77,3.68,1.17,1.29,1.1,1.03,1.86,1.06,2.25,1.16,1.01,1.822857142857143,1.9085714285714288,1.4821428571428572,1.32,2.9420714285714284,1.2857142857142856,1.57,1.8571428571428568,1.8057142857142856,2.1635714285714283,1.34,1.11,1.7734857142857143,1.0,1.16,1.0020571428571428,3.08,1.0,2.22,2.34,3.8,3.44,2.74,1.4906285714285716,1.9449142857142856,1.9085714285714288,1.8057142857142856,3.01,1.57
29-1124.00,Radiation Therapists,2.19,1.9449142857142856,1.5625,1.268571428571429,2.81,2.72,4.78,1.67,2.48,2.69,1.01,1.83,3.25,2.54,1.19,1.12,1.9449142857142856,1.9285714285714288,1.32,1.2142857142857144,2.908342857142857,1.3785714285714286,1.04,1.8571428571428568,1.8571428571428568,2.275,1.05,1.05,1.837942857142857,1.0942857142857143,1.7734857142857143,1.1734857142857142,3.38,1.03,2.17,2.27,3.89,4.42,3.97,1.28,1.6665142857142858,1.3571428571428572,1.822857142857143,3.21,2.7
29-1125.00,Recreational Therapists,1.75,1.231428571428571,1.2857142857142856,1.2857142857142856,1.92,1.65,3.95,1.63,1.27,1.41,1.28,1.97,1.05,2.84,1.76,1.03,1.8571428571428568,1.5785714285714287,1.625,1.2036571428571428,2.3334,1.22,2.92,1.4179428571428572,1.6875,2.023657142857143,2.84,2.51,1.75,1.1257142857142857,1.1734857142857142,1.157142857142857,2.34,1.24,1.92,2.51,3.23,2.79,2.92,1.51,1.5614285714285714,1.7200000000000002,1.5892857142857142,2.16,1.45
29-1126.00,Respiratory Therapists,1.8914285714285717,1.8571428571428568,1.4906285714285716,1.28,3.74,3.23,4.9,2.07,2.8,1.43,1.03,1.62,3.21,2.86,1.04,1.02,1.8571428571428568,1.9449142857142856,1.3008,1.2142857142857144,3.001214285714286,1.7385714285714284,1.09,1.872228571428572,1.822857142857143,2.524285714285714,1.05,1.01,2.0028571428571427,1.1257142857142857,1.36,1.0357142857142856,2.96,1.04,1.83,2.11,3.99,4.04,3.99,1.394285714285714,1.4249999999999998,1.5300000000000002,1.4928571428571429,4.28,3.1
29-1127.00,Speech-Language Pathologists,1.197142857142857,1.0020571428571428,1.0206285714285714,1.0,2.2,1.36,3.47,1.0,1.1,1.0,1.0,1.11,1.28,3.34,1.59,1.0,1.5357142857142858,1.3008,1.0,1.0,1.6336,2.4522285714285714,1.0,1.0664285714285715,1.0020571428571428,2.4035714285714285,1.37,1.0,1.9449142857142856,1.0,1.0,1.0,1.6,1.0,1.56,3.88,2.69,2.81,2.44,1.0020571428571428,1.0089285714285714,1.231428571428571,1.5614285714285714,2.73,1.34
29-1128.00,Exercise Physiologists,1.7036571428571428,1.32,1.1734857142857142,1.3392000000000002,1.64,1.64,3.32,1.77,1.23,1.14,1.05,1.36,1.55,2.59,1.59,1.0,1.872228571428572,1.394285714285714,1.3008,1.268571428571429,2.417642857142857,1.3392000000000002,1.18,1.32,1.7036571428571428,2.105,2.0,1.73,1.7200000000000002,1.0,1.1257142857142857,1.0,2.59,1.0,2.09,2.55,3.59,2.45,2.73,1.6063428571428573,1.4017857142857142,1.8571428571428568,1.6875,2.0,1.18
29-1129.01,Art Therapists,1.7200000000000002,1.268571428571429,1.0135714285714286,1.0089285714285714,1.94,1.62,3.0,1.71,1.22,1.25,1.0,1.58,1.03,2.61,1.39,1.0,1.8571428571428568,1.8057142857142856,1.0803571428571428,1.0803571428571428,2.017142857142857,1.268571428571429,1.52,1.5300000000000002,1.1785714285714286,2.7142857142857144,1.58,1.68,1.36,1.0,1.1257142857142857,1.0,1.81,1.13,1.81,3.9,2.23,3.58,2.0,1.1785714285714286,1.25,1.077942857142857,1.8571428571428568,1.71,1.1
29-1129.02,Music Therapists,1.8057142857142856,1.6063428571428573,1.231428571428571,1.2142857142857144,1.88,1.92,3.81,1.38,1.12,1.0,1.04,1.64,1.12,3.12,1.19,1.0,1.7734857142857143,1.7734857142857143,1.1785714285714286,1.16,2.401714285714286,2.06,1.85,1.6364285714285711,1.2857142857142856,1.9449142857142856,1.35,1.5,1.75,1.0,1.1428571428571428,1.0,2.08,1.0,2.12,3.31,2.92,3.77,2.04,1.25,1.2857142857142856,1.3008,1.6364285714285711,1.85,1.46
29-1131.00,Veterinarians,2.1085714285714285,2.0342857142857143,1.3008,1.268571428571429,4.06,2.92,4.21,1.71,3.15,1.84,1.09,4.09,3.98,3.84,1.49,1.1,1.8571428571428568,2.1750857142857143,1.32,1.1428571428571428,2.040914285714286,1.4928571428571429,1.6,2.0,1.837942857142857,2.821428571428571,1.55,1.56,1.595,1.0020571428571428,1.1607142857142858,1.0020571428571428,3.02,1.1,2.89,2.3,3.96,4.04,2.73,1.335714285714286,1.4,1.4017857142857142,1.8057142857142856,3.7,3.61
29-1141.00,Registered Nurses,2.096342857142857,1.5571428571428572,1.2857142857142856,1.32,2.54,2.0,4.24,1.78,1.68,1.32,1.0,1.51,1.35,3.34,1.88,1.15,1.9449142857142856,1.9449142857142856,1.2857142857142856,1.2036571428571428,2.827514285714286,1.4285714285714286,1.93,1.9085714285714288,1.8571428571428568,2.596342857142857,1.05,1.61,1.9449142857142856,1.0,1.32,1.0357142857142856,2.7,1.01,1.6,2.93,3.01,3.17,3.17,1.7734857142857143,1.8914285714285717,1.9085714285714288,1.8914285714285717,4.0,1.62
29-1141.01,Acute Care Nurses,1.2678571428571428,1.2678571428571428,1.1785714285714286,1.2000000000000002,3.2,3.26,5.0,2.0,3.0,1.45,1.0,1.71,2.53,4.38,1.29,1.0,1.837942857142857,1.5785714285714287,1.2857142857142856,1.231428571428571,2.5447857142857147,1.4628571428571429,1.05,1.1408,1.2000000000000002,2.7142857142857144,1.19,1.14,1.8571428571428568,1.0,1.3785714285714286,1.0020571428571428,3.4,1.1,2.05,2.29,4.05,3.35,3.9,1.345,1.4249999999999998,1.345,1.7200000000000002,4.76,3.38
29-1141.02,Advanced Practice Psychiatric Nurses,1.0020571428571428,1.0,1.0549142857142857,1.0135714285714286,1.61,1.13,3.35,1.35,1.35,1.17,1.17,1.04,1.0,2.17,1.35,1.0,1.7200000000000002,1.147857142857143,1.1428571428571428,1.1106285714285715,1.0814285714285714,1.22,1.6,1.0206285714285714,1.0206285714285714,2.4732142857142856,1.32,1.17,1.7734857142857143,1.0,1.197142857142857,1.0,1.35,1.0,1.26,4.48,1.83,2.17,1.82,1.1785714285714286,1.268571428571429,1.1734857142857142,1.4821428571428572,2.0,1.52
29-1141.03,Critical Care Nurses,2.0342857142857143,1.7734857142857143,1.4249999999999998,1.3392000000000002,4.04,3.52,5.0,2.7,2.57,1.36,1.15,1.96,3.46,4.46,1.36,1.14,1.837942857142857,2.0608,1.4435714285714285,1.3571428571428572,2.823442857142857,1.7734857142857143,1.14,1.8571428571428568,1.7734857142857143,2.645714285714285,1.04,1.0,2.524285714285714,1.0,1.4192,1.0,2.74,1.04,1.89,2.25,3.89,3.68,3.11,1.3785714285714286,1.7734857142857143,1.8571428571428568,1.7734857142857143,4.67,3.33
29-1141.04,Clinical Nurse Specialists,1.7200000000000002,1.3571428571428572,1.2857142857142856,1.1339285714285714,3.14,2.48,4.57,1.95,2.29,1.52,1.1,1.67,2.14,3.48,1.14,1.05,1.8914285714285717,1.6063428571428573,1.2036571428571428,1.1885714285714286,1.6327,1.2857142857142856,1.29,1.6875,1.3571428571428572,2.4522285714285714,1.19,1.14,1.8571428571428568,1.0020571428571428,1.22,1.0042857142857142,2.29,1.14,1.86,3.05,3.0,3.0,2.76,1.2857142857142856,1.2665142857142857,1.4906285714285716,1.5892857142857142,4.05,2.62
29-1151.00,Nurse Anesthetists,2.0028571428571427,1.8571428571428568,1.3392000000000002,1.231428571428571,4.69,3.22,4.85,2.96,2.72,1.96,1.0,1.62,3.89,4.33,1.23,1.08,1.8914285714285717,1.9085714285714288,1.1785714285714286,1.1785714285714286,2.871028571428572,1.7385714285714284,1.22,1.9085714285714288,1.7734857142857143,2.7142857142857144,1.19,1.11,2.1492,1.0,1.4928571428571429,1.0,2.42,1.0,1.93,3.11,3.2,4.11,2.4,1.3008,1.4017857142857142,1.4435714285714285,1.9449142857142856,4.85,4.04
29-1161.00,Nurse Midwives,1.9449142857142856,1.6171428571428572,1.268571428571429,1.268571428571429,3.5,3.03,4.56,2.21,1.97,1.12,1.0,1.39,1.3,3.61,1.19,1.0,1.7734857142857143,1.8914285714285717,1.25,1.1408,2.452857142857143,1.32,1.06,1.8571428571428568,1.6875,2.524285714285714,1.06,1.03,1.9449142857142856,1.0,1.0664285714285715,1.0020571428571428,2.59,1.03,2.03,2.88,3.16,3.61,2.41,1.32,1.595,1.7734857142857143,1.822857142857143,4.71,2.33
29-1171.00,Nurse Practitioners,1.75,1.5892857142857142,1.2036571428571428,1.28,2.74,2.29,4.78,1.74,2.17,1.65,1.09,2.22,2.04,3.17,1.35,1.09,1.8914285714285717,1.7200000000000002,1.2857142857142856,1.268571428571429,1.4479142857142857,1.6063428571428573,1.74,1.6875,1.5357142857142858,2.782857142857143,1.3,1.35,1.8571428571428568,1.0,1.25,1.0,2.48,1.13,1.65,2.83,3.13,3.3,2.74,1.3785714285714286,1.3392000000000002,1.4179428571428572,1.7734857142857143,4.35,2.22
29-1181.00,Audiologists,1.8571428571428568,1.8571428571428568,1.0885714285714283,1.0,1.67,1.55,3.9,1.23,1.0,1.14,1.0,1.14,1.0,1.55,1.0,1.0,1.8057142857142856,2.1085714285714285,1.0020571428571428,1.0,2.157142857142857,2.3392857142857144,1.62,1.7385714285714284,1.2857142857142856,2.571428571428571,1.0,1.05,1.9449142857142856,1.0,1.0664285714285715,1.0,1.67,1.0,1.77,3.82,2.43,3.67,1.73,1.0,1.0803571428571428,1.3008,1.5892857142857142,1.9,1.18
29-1211.00,Anesthesiologists,2.524285714285714,1.9085714285714288,1.4179428571428572,1.2142857142857144,4.24,2.91,4.58,2.61,2.8,2.23,1.14,2.14,3.87,3.13,1.48,1.0,1.7857142857142856,2.205357142857143,1.231428571428571,1.1785714285714286,2.3105714285714285,1.655,1.1,1.8914285714285717,1.655,2.8363428571428573,1.01,1.01,2.524285714285714,1.0,1.3571428571428572,1.0,2.06,1.01,1.56,3.16,3.21,3.83,2.15,1.197142857142857,1.3785714285714286,1.4928571428571429,1.595,4.66,4.04
29-1213.00,Dermatologists,2.071428571428571,1.4192,1.1257142857142857,1.0803571428571428,2.06,1.79,4.63,1.49,2.14,1.85,1.0,2.07,1.08,2.14,1.0,1.0,1.8914285714285717,2.071428571428571,1.0942857142857143,1.0942857142857143,1.3578142857142856,1.268571428571429,1.07,1.8057142857142856,1.4017857142857142,2.821428571428571,1.0,1.07,1.8571428571428568,1.0,1.0,1.0,2.15,1.0,1.55,2.44,4.08,3.48,2.24,1.1106285714285715,1.1428571428571428,1.2857142857142856,1.7200000000000002,4.78,1.59
29-1214.00,Emergency Medicine Physicians,2.19,1.7036571428571428,1.3785714285714286,1.28,3.2,2.53,5.0,2.11,2.03,1.9,1.0,2.27,3.0,4.47,1.1,1.07,1.9842857142857144,2.125,1.394285714285714,1.394285714285714,1.9410857142857143,1.4435714285714285,1.13,1.9842857142857144,1.8914285714285717,2.765714285714286,1.2,1.28,2.19,1.0271428571428571,1.5357142857142858,1.1408,2.03,1.0,1.63,2.93,3.2,3.3,2.67,1.3571428571428572,1.3785714285714286,1.5508,1.837942857142857,4.67,3.13
29-1215.00,Family Medicine Physicians,1.7200000000000002,1.4691999999999998,1.1734857142857142,1.0,1.71,1.01,4.78,1.0,1.96,1.04,1.0,2.3,1.18,1.21,1.0,1.0,1.7734857142857143,1.6364285714285711,1.0,1.0,1.2972142857142857,1.542142857142857,1.01,1.542142857142857,1.0020571428571428,2.645714285714285,1.0,1.0,1.8571428571428568,1.0,1.0,1.0,1.51,1.0,1.18,3.05,2.92,3.84,1.99,1.0,1.0,1.197142857142857,1.51,3.43,1.4
29-1216.00,General Internal Medicine Physicians,1.542142857142857,1.3392000000000002,1.1408,1.0206285714285714,2.74,1.58,5.0,1.75,1.29,1.27,1.0,2.17,2.35,2.35,1.21,1.0,1.8571428571428568,1.8057142857142856,1.16,1.0357142857142856,1.9205714285714288,1.4928571428571429,1.76,1.36,1.062857142857143,2.765714285714286,1.0,1.0,2.044642857142857,1.0,1.0089285714285714,1.0,2.0,1.14,1.42,2.92,3.14,3.95,2.23,1.1428571428571428,1.0535714285714286,1.268571428571429,1.7734857142857143,3.52,1.72
29-1217.00,Neurologists,1.147857142857143,1.0042857142857142,1.28,1.0,1.4,1.23,4.09,1.02,1.07,1.1,1.0,1.34,1.19,1.9,1.08,1.02,1.9077714285714285,1.625,1.0,1.0,1.4079428571428572,1.4691999999999998,1.21,1.062857142857143,1.0,2.6950857142857143,1.08,1.0,2.2928571428571427,1.0,1.0020571428571428,1.0,1.75,1.0,1.29,3.5,2.69,2.08,2.01,1.0,1.0,1.2036571428571428,2.2308,2.75,1.54
29-1218.00,Obstetricians and Gynecologists,2.4285714285714284,1.8571428571428568,1.3785714285714286,1.16,1.88,1.97,4.62,1.18,1.74,1.37,1.0,2.31,1.91,1.45,1.1,1.0,1.837942857142857,2.06,1.16,1.1428571428571428,2.328642857142857,1.6875,1.0,2.096342857142857,1.7200000000000002,2.7142857142857144,1.0,1.0,1.8914285714285717,1.0,1.1428571428571428,1.0,1.83,1.03,1.28,2.6,3.52,3.75,2.84,1.2592,1.3392000000000002,1.4542857142857144,1.7200000000000002,4.79,2.17
29-1221.00,"Pediatricians, General",1.6875,1.3392000000000002,1.12,1.0357142857142856,2.99,1.5,4.99,1.04,1.75,1.63,1.0,2.17,1.4,3.21,1.0,1.0,1.7734857142857143,1.5614285714285714,1.0271428571428571,1.0206285714285714,1.3060571428571428,1.36,1.0,1.32,1.0020571428571428,2.645714285714285,1.0,1.0,1.8571428571428568,1.0,1.0,1.0,2.22,1.0,1.68,2.75,3.74,3.58,2.62,1.0206285714285714,1.0,1.2142857142857144,1.4249999999999998,4.0,1.38
29-1222.00,"Physicians, Pathologists",1.8728571428571428,1.4910714285714284,1.2857142857142856,1.0271428571428571,3.03,1.35,3.8,1.47,3.02,2.16,1.06,2.31,1.38,2.71,1.22,1.01,1.837942857142857,1.845,1.0,1.0,1.6847,1.3785714285714286,1.35,1.467857142857143,1.3008,2.928571428571429,1.01,1.01,1.8914285714285717,1.0,1.0357142857142856,1.0,1.47,1.03,1.07,4.56,2.1,4.26,2.02,1.0,1.1408,1.077942857142857,1.8057142857142856,3.53,1.9
29-1223.00,Psychiatrists,1.0,1.0,1.0089285714285714,1.0,1.81,1.22,3.81,1.11,1.05,1.03,1.0,1.17,1.05,2.72,1.02,1.03,1.75,1.394285714285714,1.1106285714285715,1.0803571428571428,1.0662142857142858,1.2142857142857144,1.08,1.0,1.0,2.3857142857142857,1.04,1.02,1.6875,1.0,1.2142857142857144,1.0,1.27,1.0,1.12,4.08,2.07,1.3,1.72,1.0942857142857143,1.1785714285714286,1.0042857142857142,1.4928571428571429,1.51,1.09
29-1224.00,Radiologists,1.9085714285714288,1.8057142857142856,1.197142857142857,1.1071428571428572,1.14,1.3,4.26,1.01,1.36,1.05,1.0,1.03,4.14,1.66,1.0,1.0,2.1635714285714283,1.8571428571428568,1.1408,1.0549142857142857,2.144771428571429,1.4928571428571429,1.0,1.4821428571428572,1.2857142857142856,3.142857142857143,1.0,1.0,2.2071428571428573,1.0,1.32,1.0020571428571428,1.33,1.0,1.2,3.52,2.83,4.28,1.99,1.1071428571428572,1.12,1.28,2.1635714285714283,3.71,4.14
29-1229.01,Allergists and Immunologists,1.1885714285714286,1.077942857142857,1.1885714285714286,1.0535714285714286,1.66,1.49,4.25,1.24,1.39,1.06,1.28,1.52,1.17,2.38,1.15,1.04,1.8571428571428568,1.5207142857142857,1.0089285714285714,1.0206285714285714,1.1132857142857142,1.4017857142857142,1.15,1.0664285714285715,1.0357142857142856,2.7142857142857144,1.15,1.17,1.9285714285714288,1.0,1.0,1.0,1.83,1.06,1.45,3.5,2.9,3.2,2.34,1.0206285714285714,1.0206285714285714,1.25,1.6665142857142858,2.13,1.58
29-1229.02,Hospitalists,1.4928571428571429,1.1734857142857142,1.0942857142857143,1.16,3.12,1.83,4.8,1.36,1.84,1.4,1.04,1.71,2.2,3.04,1.04,1.0,1.8057142857142856,1.7200000000000002,1.231428571428571,1.1408,1.4356,1.2857142857142856,1.12,1.24,1.1408,2.645714285714285,1.16,1.2,1.9842857142857144,1.0020571428571428,1.22,1.0020571428571428,1.67,1.04,1.43,3.21,2.75,2.67,2.75,1.268571428571429,1.3392000000000002,1.3392000000000002,1.8571428571428568,3.67,3.17
29-1229.03,Urologists,2.3192,2.044642857142857,1.5357142857142858,1.1428571428571428,2.88,1.44,4.94,1.07,2.5,1.57,1.0,2.72,3.43,1.83,1.0,1.0,1.8057142857142856,2.1357142857142857,1.231428571428571,1.1428571428571428,2.5211428571428574,1.5357142857142858,1.13,2.0,1.7200000000000002,2.765714285714286,1.0,1.0,1.9842857142857144,1.0206285714285714,1.268571428571429,1.0206285714285714,1.66,1.0,1.34,2.63,3.28,3.17,1.8,1.289285714285714,1.4249999999999998,1.7200000000000002,1.8057142857142856,4.74,3.14
29-1229.04,Physical Medicine and Rehabilitation Physicians,1.6665142857142858,1.4017857142857142,1.3392000000000002,1.28,1.61,1.83,4.58,1.33,1.2,1.19,1.0,1.86,2.23,2.48,1.2,1.0,1.7385714285714284,1.6875,1.2142857142857144,1.1071428571428572,1.7832,1.3785714285714286,1.35,1.5357142857142858,1.51,2.375,1.0,1.0,1.822857142857143,1.0,1.1734857142857142,1.0020571428571428,2.02,1.0,1.48,3.05,3.16,3.44,2.44,1.197142857142857,1.4435714285714285,1.4017857142857142,2.096342857142857,3.27,2.06
29-1229.05,Preventive Medicine Physicians,1.0089285714285714,1.0089285714285714,1.1885714285714286,1.0,1.89,1.47,2.83,1.53,1.59,1.53,1.16,1.61,1.32,1.95,1.56,1.17,1.7734857142857143,1.0357142857142856,1.0,1.0,1.0953428571428572,1.147857142857143,2.16,1.0020571428571428,1.0089285714285714,2.571428571428571,1.82,1.72,1.8571428571428568,1.0,1.0,1.0,1.61,1.21,1.44,4.0,2.33,2.22,1.89,1.0,1.0,1.1408,1.9842857142857144,2.76,1.94
29-1229.06,Sports Medicine Physicians,2.044642857142857,1.6665142857142858,1.5785714285714287,1.3008,1.58,2.62,4.77,2.1,1.06,2.25,1.0,1.78,2.79,2.03,1.53,1.0,1.9657142857142855,2.044642857142857,1.25,1.1734857142857142,2.861714285714286,1.542142857142857,1.51,1.6875,1.6364285714285711,2.6696428571428568,2.37,1.32,2.06,1.0,1.3571428571428572,1.0042857142857142,3.0,1.0,1.74,1.87,4.17,3.91,2.22,1.3706285714285715,1.4691999999999998,1.6714285714285717,2.1635714285714283,3.97,2.35
29-1241.00,"Ophthalmologists, Except Pediatric",2.7207142857142856,2.4008000000000003,1.5357142857142858,1.0135714285714286,1.78,2.88,4.86,1.83,2.41,1.05,1.0,1.21,1.4,1.39,1.0,1.0,2.1357142857142857,2.6950857142857143,1.0206285714285714,1.0535714285714286,1.801542857142857,1.2857142857142856,1.0,2.023657142857143,1.7734857142857143,3.377142857142857,1.0,1.0,2.023657142857143,1.1785714285714286,1.4017857142857142,1.16,2.56,1.0,1.27,4.12,3.17,4.64,2.57,1.0442857142857145,1.16,1.1734857142857142,1.8914285714285717,3.6,1.89
29-1291.00,Acupuncturists,2.0028571428571427,1.302857142857143,1.1607142857142858,1.1885714285714286,1.71,1.93,4.21,1.21,1.11,1.14,1.14,1.64,1.04,1.66,1.14,1.0,1.6063428571428573,2.125,1.0803571428571428,1.0803571428571428,2.0395714285714286,1.147857142857143,1.0,1.7734857142857143,1.4285714285714286,2.596342857142857,1.07,1.14,1.6364285714285711,1.0,1.0089285714285714,1.0020571428571428,2.67,1.14,1.79,2.39,3.78,4.46,2.32,1.2036571428571428,1.2036571428571428,1.2363428571428572,1.6875,2.54,1.21
29-1292.00,Dental Hygienists,2.5428571428571427,1.8914285714285717,1.2857142857142856,1.2857142857142856,3.17,2.11,4.97,1.67,2.13,1.16,1.0,1.74,4.09,2.73,1.35,1.0,1.7734857142857143,2.5428571428571427,1.25,1.2592,2.8102,1.3392000000000002,1.0,2.125,1.7200000000000002,2.645714285714285,1.0,1.0,1.8571428571428568,1.0,1.231428571428571,1.0,4.01,1.0,1.37,4.09,2.24,5.0,1.96,1.28,1.268571428571429,1.4435714285714285,1.8057142857142856,5.0,2.04
29-1299.01,Naturopathic Physicians,1.268571428571429,1.0357142857142856,1.231428571428571,1.0020571428571428,1.68,1.24,4.36,1.08,1.33,1.28,1.08,1.46,1.28,1.5,1.12,1.0,1.8571428571428568,1.5357142857142858,1.0,1.0,1.5172571428571429,1.3571428571428572,1.4,1.25,1.0549142857142857,2.645714285714285,1.08,1.04,1.8571428571428568,1.0,1.0,1.0,1.72,1.0,1.44,3.83,2.25,2.62,1.76,1.0,1.0020571428571428,1.12,1.7734857142857143,2.92,1.0
29-1299.02,Orthoptists,1.8571428571428568,1.7734857142857143,1.077942857142857,1.0442857142857145,1.54,1.44,4.22,1.64,1.11,1.07,1.0,1.42,1.0,3.25,1.11,1.0,2.0,1.9657142857142855,1.0,1.0,1.8328714285714285,1.147857142857143,1.14,1.7734857142857143,1.268571428571429,2.4522285714285714,1.0,1.0,1.9449142857142856,1.0,1.0020571428571428,1.0,2.42,1.04,1.89,3.57,2.46,4.39,2.33,1.0,1.0942857142857143,1.197142857142857,1.8057142857142856,1.81,1.18
29-2011.00,Medical and Clinical Laboratory Technologists,2.3857142857142857,2.19,1.3392000000000002,1.0803571428571428,3.39,2.01,4.74,2.41,3.16,1.18,1.05,1.28,1.01,3.36,1.06,1.22,1.9285714285714288,2.2308,1.1785714285714286,1.1428571428571428,2.746557142857143,1.32,1.04,2.044642857142857,1.36,3.205357142857143,1.0,1.0,1.9842857142857144,1.0,1.3808,1.0020571428571428,2.44,1.15,1.63,3.01,3.08,4.23,2.77,1.197142857142857,1.197142857142857,1.394285714285714,1.8571428571428568,4.87,1.63
29-2011.01,Cytogenetic Technologists,1.8914285714285717,1.7734857142857143,1.25,1.0135714285714286,3.14,1.32,3.86,1.52,4.14,1.4,1.0,1.62,1.1,2.33,1.24,1.0,1.8728571428571428,1.8914285714285717,1.0,1.0,2.23,1.268571428571429,1.1,1.7200000000000002,1.268571428571429,2.821428571428571,1.05,1.05,1.9842857142857144,1.0,1.1428571428571428,1.0,2.0,1.0,1.33,4.14,2.05,4.05,1.81,1.0,1.1428571428571428,1.197142857142857,1.8057142857142856,4.7,1.67
29-2011.02,Cytotechnologists,2.354914285714286,1.8571428571428568,1.268571428571429,1.0664285714285715,2.77,1.5,3.91,1.14,3.59,1.23,1.0,1.1,1.68,1.95,1.05,1.09,1.8914285714285717,2.4035714285714285,1.0089285714285714,1.0,1.8394857142857144,1.268571428571429,1.05,1.8914285714285717,1.5508,2.98,1.0,1.0,1.8057142857142856,1.0,1.231428571428571,1.0,1.36,1.0,1.05,4.52,1.95,4.33,1.71,1.0020571428571428,1.1106285714285715,1.1785714285714286,1.78,4.29,2.32
29-2011.04,Histotechnologists,2.1607142857142856,1.8571428571428568,1.394285714285714,1.28,4.38,1.67,3.67,1.33,4.67,3.19,1.0,2.67,1.35,2.52,1.38,1.0,1.9842857142857144,1.9085714285714288,1.157142857142857,1.2142857142857144,2.330714285714285,1.3125,1.14,1.7385714285714284,1.4435714285714285,2.877142857142857,1.0,1.0,1.75,1.0042857142857142,1.4542857142857144,1.0221428571428572,2.19,1.05,1.55,3.67,2.7,4.81,2.1,1.1785714285714286,1.3008,1.4435714285714285,1.7200000000000002,4.81,2.05
29-2012.00,Medical and Clinical Laboratory Technicians,1.9085714285714288,1.9085714285714288,1.3785714285714286,1.2142857142857144,3.61,2.35,4.07,1.34,3.76,1.85,1.0,1.96,1.73,3.0,1.99,1.02,1.7734857142857143,2.1677714285714287,1.2857142857142856,1.16,2.238785714285714,1.4435714285714285,1.0,1.9085714285714288,1.7036571428571428,2.607142857142857,1.04,1.0,1.822857142857143,1.0,1.302857142857143,1.0,1.89,1.0,1.33,3.07,3.28,3.71,2.62,1.32,1.268571428571429,1.4821428571428572,1.7734857142857143,4.74,1.62
29-2012.01,Histology Technicians,2.25,1.9449142857142856,1.2464285714285714,1.2678571428571428,4.64,2.0,3.56,1.44,4.48,3.88,1.04,2.72,1.36,2.48,1.24,1.16,1.8057142857142856,2.327857142857143,1.0803571428571428,1.0942857142857143,2.381028571428572,1.28,1.12,1.8839285714285712,1.4542857142857144,2.765714285714286,1.17,1.16,1.7036571428571428,1.0,1.8057142857142856,1.0020571428571428,2.48,1.08,1.56,3.96,2.44,4.68,2.08,1.16,1.2142857142857144,1.5,1.655,4.92,2.04
29-2031.00,Cardiovascular Technologists and Technicians,2.0028571428571427,1.9449142857142856,1.2857142857142856,1.1885714285714286,2.5,2.73,3.95,1.86,1.64,1.43,1.0,1.33,3.57,2.26,1.0,1.0,1.8057142857142856,1.9449142857142856,1.2857142857142856,1.147857142857143,3.0959714285714286,1.5207142857142857,1.08,1.872228571428572,1.655,2.551428571428572,1.0,1.0,2.105,1.0,1.4464285714285716,1.0,3.53,1.0,1.5,3.24,3.08,4.4,2.95,1.268571428571429,1.3571428571428572,1.7385714285714284,1.655,4.2,2.78
29-2032.00,Diagnostic Medical Sonographers,2.071428571428572,2.2071428571428573,1.6364285714285711,1.3008,2.63,2.85,4.46,1.6,1.52,1.08,1.0,1.28,2.3,1.9,1.14,1.26,1.7734857142857143,1.8571428571428568,1.3571428571428572,1.157142857142857,2.474285714285714,1.7734857142857143,1.14,1.8914285714285717,1.822857142857143,2.645714285714285,1.05,1.0,1.9285714285714288,1.0,1.3571428571428572,1.0,3.53,1.01,1.69,3.36,3.04,4.8,2.83,1.3706285714285715,1.4017857142857142,1.595,1.8571428571428568,3.99,1.85
29-2033.00,Nuclear Medicine Technologists,1.8571428571428568,1.9085714285714288,1.268571428571429,1.268571428571429,2.74,2.12,4.7,1.66,2.24,1.36,1.01,1.31,5.0,2.16,1.11,1.01,1.7200000000000002,1.7734857142857143,1.2857142857142856,1.157142857142857,2.6256142857142857,1.2857142857142856,1.08,1.7734857142857143,1.4285714285714286,2.6950857142857143,1.02,1.1,1.8571428571428568,1.0,1.3392000000000002,1.0,2.41,1.0,1.63,2.69,3.16,3.94,2.9,1.268571428571429,1.268571428571429,1.4435714285714285,1.8057142857142856,3.75,3.65
29-2034.00,Radiologic Technologists and Technicians,1.9449142857142856,1.9085714285714288,1.3785714285714286,1.3008,2.97,2.39,4.88,2.01,2.37,1.13,1.0,1.3,4.4,2.96,1.13,1.12,1.7385714285714284,1.6875,1.231428571428571,1.157142857142857,3.1787857142857145,1.51,1.18,1.7200000000000002,1.625,2.7142857142857144,1.05,1.05,1.9842857142857144,1.197142857142857,1.4435714285714285,1.2363428571428572,3.42,1.02,1.97,2.59,3.63,4.46,3.64,1.28,1.7200000000000002,1.6875,1.9085714285714288,3.78,4.17
29-2035.00,Magnetic Resonance Imaging Technologists,1.9449142857142856,2.0028571428571427,1.32,1.2036571428571428,1.64,1.57,4.09,1.52,1.91,2.52,1.26,1.68,1.35,4.26,1.09,1.78,1.8914285714285717,1.9449142857142856,1.25,1.157142857142857,2.9098571428571427,1.6063428571428573,1.43,1.9085714285714288,1.5892857142857142,2.765714285714286,1.26,1.35,1.9085714285714288,1.0020571428571428,1.7200000000000002,1.0089285714285714,2.57,1.04,1.96,3.74,2.57,3.57,2.65,1.25,1.3785714285714286,1.3785714285714286,1.8057142857142856,3.91,1.74
29-2036.00,Medical Dosimetrists,1.5785714285714287,1.6875,1.28,1.1734857142857142,1.5,1.05,2.58,1.0,1.42,1.25,1.05,1.0,2.5,1.9,1.0,1.0,1.9449142857142856,1.4542857142857144,1.0,1.0,1.231428571428571,1.335714285714286,1.05,1.51,1.0206285714285714,2.5428571428571427,1.0,1.0,1.9657142857142855,1.0,1.0178571428571428,1.0042857142857142,1.35,1.0,1.0,4.79,1.8,4.0,1.45,1.0,1.0020571428571428,1.394285714285714,2.06,1.65,1.75
29-2051.00,Dietetic Technicians,1.6665142857142858,1.4017857142857142,1.3008,1.268571428571429,3.1,2.46,4.43,2.49,2.4,1.58,1.58,3.15,1.0,4.05,3.08,1.08,1.7734857142857143,1.6875,1.22,1.197142857142857,2.777457142857143,1.4435714285714285,1.31,1.5508,1.3392000000000002,2.205357142857143,1.17,1.24,1.6875,1.0206285714285714,1.1885714285714286,1.0206285714285714,3.05,1.0,2.61,2.5,3.85,2.93,3.65,1.3008,1.32,1.4928571428571429,1.7734857142857143,3.85,1.24
29-2052.00,Pharmacy Technicians,1.8571428571428568,1.32,1.147857142857143,1.16,3.06,1.73,3.39,1.33,1.83,1.38,1.1,1.7,1.01,3.05,1.25,1.0,1.8057142857142856,1.9085714285714288,1.268571428571429,1.1785714285714286,2.1484,1.147857142857143,1.47,1.8571428571428568,1.2857142857142856,2.765714285714286,1.05,1.06,1.9449142857142856,1.0,1.0357142857142856,1.0,2.68,1.26,2.03,1.86,4.54,3.67,3.83,1.32,1.268571428571429,1.7036571428571428,1.3392000000000002,2.52,1.78
29-2053.00,Psychiatric Technicians,1.5785714285714287,1.2857142857142856,1.16,1.2142857142857144,2.48,1.5,3.5,1.98,1.15,1.0,1.0,1.95,1.0,3.59,1.39,1.0,1.8571428571428568,1.5357142857142858,1.3392000000000002,1.2857142857142856,1.7011,1.22,2.27,1.394285714285714,1.3571428571428572,2.19,2.52,1.88,1.625,1.0206285714285714,1.2857142857142856,1.0535714285714286,1.91,1.17,1.7,2.98,3.62,2.56,2.89,1.4179428571428572,1.7734857142857143,1.604285714285714,1.3785714285714286,3.01,1.24
29-2055.00,Surgical Technologists,2.3857142857142857,1.8571428571428568,1.7200000000000002,1.2857142857142856,4.22,3.09,4.29,2.45,3.35,2.86,1.0,2.99,2.72,2.62,1.47,1.0,2.0,2.1085714285714285,1.3214285714285714,1.268571428571429,3.6529428571428575,1.7734857142857143,1.07,2.2308,1.7857142857142856,2.571428571428571,1.01,1.12,2.205357142857143,1.0,1.3742857142857143,1.0020571428571428,3.05,1.03,1.81,2.15,4.27,4.66,3.16,1.394285714285714,1.75,1.822857142857143,1.8571428571428568,4.57,3.62
29-2056.00,Veterinary Technologists and Technicians,2.096342857142857,1.8057142857142856,1.2857142857142856,1.32,3.71,3.1,4.16,1.49,3.05,1.25,1.35,4.17,4.05,3.75,1.33,1.14,1.75,1.9449142857142856,1.3785714285714286,1.24,3.256742857142857,1.7036571428571428,1.36,1.9842857142857144,1.7200000000000002,2.645714285714285,2.03,1.25,1.8571428571428568,1.0,1.25,1.0,3.33,1.18,3.1,2.08,4.26,3.97,3.59,1.6063428571428573,1.7734857142857143,1.8571428571428568,1.7200000000000002,3.59,3.94
29-2057.00,Ophthalmic Medical Technicians,2.023657142857143,1.8057142857142856,1.268571428571429,1.0549142857142857,1.95,1.64,4.27,1.73,1.82,1.0,1.05,1.64,1.27,1.23,1.0,1.0,1.8571428571428568,1.9842857142857144,1.1408,1.0942857142857143,1.815442857142857,1.1107142857142858,1.18,1.7385714285714284,1.32,2.645714285714285,1.0,1.05,1.3785714285714286,1.0,1.0089285714285714,1.0,1.91,1.0,1.32,2.73,3.23,3.82,3.14,1.0442857142857145,1.1257142857142857,1.335714285714286,1.4192,2.45,1.36
29-2061.00,Licensed Practical and Licensed Vocational Nurses,1.8571428571428568,1.8057142857142856,1.32,1.32,2.69,1.65,4.67,1.35,1.69,1.05,1.0,2.13,1.41,2.96,1.25,1.04,1.8057142857142856,1.8571428571428568,1.6063428571428573,1.394285714285714,1.8325,1.5357142857142858,1.09,1.8571428571428568,1.8057142857142856,2.524285714285714,1.16,1.02,1.8057142857142856,1.0020571428571428,1.3571428571428572,1.0020571428571428,3.24,1.0,2.04,2.42,3.75,3.38,3.58,1.7385714285714284,1.9085714285714288,1.9449142857142856,1.6665142857142858,3.99,2.0
29-2081.00,"Opticians, Dispensing",1.9085714285714288,1.822857142857143,1.4542857142857144,1.0803571428571428,2.09,1.33,2.65,1.08,1.33,1.46,1.04,2.17,1.0,2.13,1.04,1.0,1.8057142857142856,2.0608,1.0,1.0,2.595485714285714,1.157142857142857,1.04,1.822857142857143,1.6063428571428573,2.645714285714285,1.12,1.04,1.822857142857143,1.0,1.1734857142857142,1.0,1.88,1.0,1.61,3.17,2.92,3.62,2.05,1.0,1.1106285714285715,1.3571428571428572,1.7734857142857143,2.0,1.0
29-2091.00,Orthotists and Prosthetists,1.9285714285714288,1.8571428571428568,1.3571428571428572,1.268571428571429,4.48,2.05,3.67,1.33,3.67,4.38,1.05,3.33,1.1,3.81,1.48,1.48,1.822857142857143,2.0,1.1071428571428572,1.0942857142857143,2.5517714285714286,1.1734857142857142,2.19,1.8571428571428568,1.7734857142857143,2.7142857142857144,1.29,1.33,1.6875,1.0206285714285714,1.2857142857142856,1.0535714285714286,2.3,1.24,2.52,2.67,3.43,4.15,2.62,1.1785714285714286,1.3392000000000002,1.3785714285714286,2.645714285714285,4.55,2.57
29-2092.00,Hearing Aid Specialists,1.9449142857142856,1.837942857142857,1.1607142857142858,1.0,1.1,1.3,2.98,1.29,1.0,1.21,1.0,1.12,1.0,2.03,1.0,1.0,1.6875,2.023657142857143,1.0,1.0,1.8110285714285712,1.9449142857142856,1.36,1.9842857142857144,1.32,2.3392857142857144,1.0,1.0,1.8571428571428568,1.0,1.0357142857142856,1.0,1.69,1.0,1.55,4.11,2.24,3.5,1.83,1.0,1.0803571428571428,1.157142857142857,1.7734857142857143,3.0,1.0
29-2099.01,Neurodiagnostic Technologists,1.8571428571428568,1.822857142857143,1.2142857142857144,1.0535714285714286,3.87,3.87,4.48,2.23,2.6,1.23,1.0,1.39,3.0,3.03,1.19,1.13,1.7734857142857143,1.9449142857142856,1.16,1.0942857142857143,2.9230857142857145,1.32,1.16,1.655,1.5207142857142857,2.4522285714285714,1.0,1.03,1.9449142857142856,1.0,1.2142857142857144,1.0,2.45,1.0,2.06,3.33,2.9,3.84,2.55,1.1106285714285715,1.28,1.3785714285714286,1.7734857142857143,4.29,3.0
29-2099.05,Ophthalmic Medical Technologists,1.9657142857142855,1.8057142857142856,1.231428571428571,1.16,1.9,1.45,4.15,1.6,1.45,1.25,1.0,1.25,1.3,2.05,1.0,1.0,1.8571428571428568,1.872228571428572,1.1257142857142857,1.1257142857142857,1.7245428571428572,1.268571428571429,1.2,1.6875,1.302857142857143,2.7142857142857144,1.05,1.0,1.8571428571428568,1.0,1.16,1.0,2.05,1.05,1.5,3.05,3.1,3.75,2.75,1.197142857142857,1.1785714285714286,1.4435714285714285,1.5614285714285714,3.15,1.35
29-2099.08,Patient Representatives,1.2142857142857144,1.0206285714285714,1.0803571428571428,1.0664285714285715,1.4,1.7,3.78,1.57,1.0,1.0,1.0,1.06,1.01,3.17,1.68,1.0,1.7385714285714284,1.335714285714286,1.25,1.0942857142857143,1.5533714285714286,1.3008,1.24,1.0206285714285714,1.0549142857142857,2.524285714285714,1.25,1.24,1.6063428571428573,1.0,1.0,1.0,2.21,1.0,1.67,4.22,2.22,2.99,2.77,1.268571428571429,1.157142857142857,1.2857142857142856,1.268571428571429,2.0,1.05
29-9091.00,Athletic Trainers,1.822857142857143,1.394285714285714,1.394285714285714,1.4821428571428572,2.55,2.3,3.87,2.26,1.36,1.48,1.83,2.75,1.25,3.89,3.12,1.36,1.8571428571428568,1.8571428571428568,1.6364285714285711,1.2142857142857144,1.9189714285714288,1.5508,2.69,1.822857142857143,1.9085714285714288,2.2308,4.18,2.82,1.8057142857142856,1.0,1.0206285714285714,1.0,2.23,1.24,1.94,2.61,3.6,2.98,2.64,1.7734857142857143,1.8571428571428568,1.8057142857142856,1.875,1.88,1.01
29-9092.00,Genetic Counselors,1.0,1.0020571428571428,1.0,1.0,1.04,1.04,2.52,1.09,1.22,1.0,1.0,1.0,1.04,1.91,1.0,1.0,1.7200000000000002,1.4017857142857142,1.0,1.0,1.035,1.22,1.04,1.0,1.0,2.275,1.0,1.0,1.8057142857142856,1.0,1.0,1.0,1.13,1.0,1.09,4.3,1.78,1.52,1.7,1.0,1.0,1.0020571428571428,1.6063428571428573,1.39,1.13
29-9093.00,Surgical Assistants,2.7142857142857144,2.354914285714286,1.655,1.5614285714285714,3.74,3.07,4.46,2.71,3.79,2.77,1.02,2.32,3.55,3.42,1.18,1.07,1.8914285714285717,2.765714285714286,1.4821428571428572,1.5165142857142857,3.759142857142857,2.044642857142857,1.02,2.2928571428571427,2.105,2.821428571428571,1.01,1.01,2.19,1.0,1.9842857142857144,1.0042857142857142,2.88,1.05,1.64,1.96,4.32,4.49,2.63,1.5508,1.9285714285714288,1.9449142857142856,1.9842857142857144,4.99,3.56
29-9099.01,Midwives,2.0342857142857143,1.268571428571429,1.2857142857142856,1.231428571428571,2.47,2.87,4.07,1.95,1.63,1.0,1.0,1.01,1.0,1.88,1.14,1.0,1.6063428571428573,1.8057142857142856,1.1885714285714286,1.0549142857142857,2.2030000000000003,1.4179428571428572,1.98,1.5614285714285714,1.7200000000000002,2.25,1.15,1.18,1.8571428571428568,1.0,1.1885714285714286,1.0,2.17,1.0,2.01,3.3,2.54,2.83,1.96,1.3008,1.3785714285714286,1.4821428571428572,1.6665142857142858,4.1,1.05
31-1121.00,Home Health Aides,1.8571428571428568,1.2857142857142856,1.32,1.3392000000000002,2.19,1.88,3.52,1.44,1.11,1.13,1.0,1.7,1.07,2.01,1.4,1.03,1.822857142857143,1.8057142857142856,1.5357142857142858,1.4179428571428572,2.934957142857143,1.4179428571428572,2.14,1.6391999999999998,1.3392000000000002,2.25,1.27,1.11,1.5207142857142857,1.0089285714285714,1.268571428571429,1.0942857142857143,3.54,1.03,2.12,2.22,3.61,3.05,2.89,1.5785714285714287,1.7734857142857143,1.7734857142857143,1.7200000000000002,4.2,1.32
31-1122.00,Personal Care Aides,1.6063428571428573,1.2142857142857144,1.3392000000000002,1.302857142857143,2.44,2.68,4.13,1.32,1.23,1.15,1.13,1.49,1.19,2.91,2.63,1.1,1.7734857142857143,1.394285714285714,1.3785714285714286,1.289285714285714,2.951285714285714,1.4179428571428572,2.18,1.3008,1.4542857142857144,1.9085714285714288,1.41,1.3,1.4179428571428572,1.0442857142857145,1.197142857142857,1.062857142857143,3.49,1.19,3.34,2.12,4.05,2.31,4.02,1.5625,1.6714285714285717,1.8571428571428568,1.4017857142857142,3.23,2.24
31-1131.00,Nursing Assistants,1.8571428571428568,1.36,1.25,1.3785714285714286,2.35,2.54,4.25,1.69,1.45,1.11,1.0,1.77,1.23,3.23,1.74,1.0,1.7200000000000002,1.6875,1.3785714285714286,1.3008,2.0943,1.3571428571428572,1.8,1.6875,1.5625,2.225714285714286,1.84,1.71,1.4017857142857142,1.0,1.32,1.0089285714285714,3.59,1.11,2.5,1.69,4.41,2.85,4.54,1.7385714285714284,2.044642857142857,1.9449142857142856,1.2857142857142856,4.36,2.12
31-1132.00,Orderlies,1.5207142857142857,1.5508,1.289285714285714,1.822857142857143,3.35,3.3,4.86,1.58,2.46,2.05,1.0,2.14,2.23,1.84,1.6,1.0,1.655,1.6391999999999998,1.7036571428571428,1.6428571428571428,3.6799428571428576,1.4179428571428572,1.13,1.7142857142857144,1.5300000000000002,1.9642857142857144,2.05,2.03,1.3571428571428572,1.0135714285714286,1.4017857142857142,1.077942857142857,4.35,1.0,2.57,1.9,4.6,4.62,4.62,1.7857142857142856,2.3192,2.2071428571428573,1.3125,4.74,3.79
31-1133.00,Psychiatric Aides,1.655,1.3008,1.32,1.36,2.96,2.29,4.17,1.78,1.1,1.07,1.0,2.0,1.27,3.38,1.77,1.0,1.9085714285714288,1.625,1.5207142857142857,1.4179428571428572,1.8112,1.5207142857142857,2.61,1.5300000000000002,1.537142857142857,1.9842857142857144,2.79,1.6,1.8571428571428568,1.0549142857142857,1.625,1.1428571428571428,3.11,1.03,1.78,3.05,3.22,2.75,3.12,1.5625,1.837942857142857,1.822857142857143,1.4179428571428572,3.69,1.97
31-2011.00,Occupational Therapy Assistants,1.822857142857143,1.4464285714285716,1.25,1.3785714285714286,2.61,2.61,4.94,1.8,1.39,1.13,1.0,2.11,1.0,2.87,1.42,1.0,1.7200000000000002,1.8571428571428568,1.394285714285714,1.2857142857142856,3.027571428571429,1.22,1.15,1.7857142857142856,1.655,2.1607142857142856,1.29,1.3,1.7200000000000002,1.0,1.2142857142857144,1.0442857142857145,3.29,1.0,2.21,2.15,4.16,3.2,4.1,1.4017857142857142,1.9085714285714288,1.7485714285714289,1.6063428571428573,3.4,1.93
31-2012.00,Occupational Therapy Aides,1.7385714285714284,1.3392000000000002,1.2036571428571428,1.3392000000000002,2.38,2.11,4.13,1.1,1.42,1.36,1.0,2.29,1.02,2.81,1.04,1.0,1.5357142857142858,1.8571428571428568,1.5357142857142858,1.5357142857142858,2.5856857142857144,1.22,1.59,1.7385714285714284,1.7200000000000002,1.822857142857143,2.07,1.85,1.4017857142857142,1.0442857142857145,1.1071428571428572,1.0271428571428571,2.63,1.05,2.49,2.55,3.74,2.49,3.4,1.4906285714285716,1.8057142857142856,1.822857142857143,1.3808,3.18,1.84
31-2021.00,Physical Therapist Assistants,1.9085714285714288,1.4435714285714285,1.2857142857142856,1.3785714285714286,2.78,2.1,4.3,1.02,1.77,1.06,1.01,1.84,1.0,1.96,1.08,1.0,1.8571428571428568,1.822857142857143,1.4691999999999998,1.32,3.0063142857142853,1.3392000000000002,1.03,1.822857142857143,1.822857142857143,2.524285714285714,1.08,1.0,1.8571428571428568,1.0,1.1428571428571428,1.0,3.59,1.0,2.31,2.23,3.82,3.57,3.29,1.5614285714285714,1.9085714285714288,1.8571428571428568,1.8571428571428568,3.57,1.64
31-2022.00,Physical Therapist Aides,1.7036571428571428,1.3008,1.25,1.3785714285714286,2.34,2.29,3.84,1.39,1.61,1.4,1.0,1.77,1.0,3.25,1.75,1.0,1.655,1.6714285714285717,1.5207142857142857,1.3571428571428572,3.407757142857143,1.302857142857143,1.46,1.6063428571428573,1.7036571428571428,1.9449142857142856,1.01,1.01,1.595,1.0,1.062857142857143,1.0,3.33,1.0,2.55,2.01,4.09,3.36,3.89,1.5207142857142857,1.7734857142857143,1.8571428571428568,1.44,3.41,1.19
31-9011.00,Massage Therapists,1.9449142857142856,1.268571428571429,1.1408,2.375,1.28,1.69,2.23,1.92,1.04,1.04,1.08,1.5,1.04,1.58,1.12,1.04,1.32,1.9842857142857144,1.1607142857142858,1.268571428571429,2.393214285714285,1.077942857142857,1.0,2.1142857142857143,2.0608,1.8571428571428568,1.2,1.36,1.268571428571429,1.0,1.0020571428571428,1.0089285714285714,3.96,1.08,1.88,2.04,4.23,3.54,1.62,1.9449142857142856,1.8571428571428568,2.327857142857143,1.268571428571429,1.58,1.0
31-9091.00,Dental Assistants,2.023657142857143,1.8914285714285717,1.32,1.28,3.11,2.6,3.69,2.11,3.05,1.64,1.0,2.45,4.46,3.1,1.56,1.05,1.7734857142857143,1.9449142857142856,1.2857142857142856,1.12,2.677842857142857,1.25,1.0,1.8571428571428568,1.7200000000000002,2.782857142857143,1.0,1.12,1.6391999999999998,1.0,1.2036571428571428,1.0271428571428571,3.8,1.01,1.85,2.58,3.69,4.31,3.68,1.3008,1.3008,1.4435714285714285,1.5165142857142857,4.88,3.32
31-9092.00,Medical Assistants,1.8571428571428568,1.4017857142857142,1.1734857142857142,1.157142857142857,1.49,1.33,4.68,1.0,2.06,1.43,1.0,2.67,1.43,2.79,1.0,1.0,1.7734857142857143,1.8571428571428568,1.2036571428571428,1.0803571428571428,2.2271714285714284,1.32,1.0,1.4017857142857142,1.3392000000000002,2.596342857142857,1.0,1.0,1.822857142857143,1.0206285714285714,1.1408,1.0442857142857145,2.3,1.0,1.5,3.1,2.94,2.51,2.93,1.268571428571429,1.3392000000000002,1.5207142857142857,1.4179428571428572,4.62,1.56
31-9093.00,Medical Equipment Preparers,2.0028571428571427,1.8571428571428568,1.375,1.3571428571428572,4.76,2.13,4.68,2.07,3.55,2.61,1.0,2.79,1.68,4.14,2.13,1.0,1.7734857142857143,2.044642857142857,1.3571428571428572,1.0803571428571428,3.726228571428571,1.5785714285714287,1.0,1.9642857142857144,1.7485714285714289,2.596342857142857,1.0,1.09,2.0028571428571427,1.0803571428571428,1.51,1.2036571428571428,3.47,1.05,2.29,1.87,4.13,4.33,4.05,1.4906285714285716,1.8571428571428568,1.9085714285714288,1.9285714285714288,4.97,3.55
31-9094.00,Medical Transcriptionists,1.3785714285714286,1.3392000000000002,1.0,1.0089285714285714,1.6,2.11,3.39,1.32,1.98,1.0,1.0,1.88,1.08,2.13,1.39,1.0,1.3785714285714286,1.8914285714285717,1.0020571428571428,1.0020571428571428,1.3338285714285716,1.1885714285714286,1.15,1.5207142857142857,1.0020571428571428,2.596342857142857,1.23,1.08,1.822857142857143,1.0,1.0,1.0,1.92,1.0,1.44,3.61,2.79,4.14,2.69,1.0089285714285714,1.0,1.0714285714285714,1.12,1.93,1.08
31-9095.00,Pharmacy Aides,1.4821428571428572,1.1734857142857142,1.1785714285714286,1.2000000000000002,1.65,1.44,4.13,2.34,1.42,1.11,1.69,1.27,1.03,2.53,1.82,1.01,1.7385714285714284,1.822857142857143,1.1408,1.0664285714285715,2.603,1.1071428571428572,1.92,1.4179428571428572,1.3785714285714286,2.2308,1.39,1.36,1.7036571428571428,1.0,1.0549142857142857,1.0206285714285714,2.07,1.36,1.98,1.65,4.89,3.67,2.35,1.2208,1.32,1.6875,1.3392000000000002,1.29,1.1
31-9096.00,Veterinary Assistants and Laboratory Animal Caretakers,1.8571428571428568,1.4017857142857142,1.2857142857142856,1.268571428571429,4.17,3.58,4.41,2.15,2.99,1.6,1.62,4.26,3.77,4.15,1.92,1.01,1.8057142857142856,1.8571428571428568,1.3392000000000002,1.302857142857143,3.165614285714286,1.4906285714285716,1.27,1.872228571428572,1.822857142857143,1.9842857142857144,2.66,2.1,1.6171428571428572,1.0,1.2857142857142856,1.0,3.32,1.29,3.56,1.86,4.78,3.92,4.09,1.4179428571428572,1.7200000000000002,1.8571428571428568,1.3785714285714286,4.38,3.71
31-9097.00,Phlebotomists,2.524285714285714,1.3785714285714286,1.2857142857142856,1.16,2.86,2.77,4.5,1.9,2.86,1.95,1.14,2.14,2.09,3.32,1.5,1.09,1.7734857142857143,2.086428571428572,1.268571428571429,1.1257142857142857,2.331714285714286,1.25,1.45,1.8571428571428568,1.4179428571428572,2.645714285714285,1.27,1.14,1.8571428571428568,1.0,1.1885714285714286,1.0020571428571428,3.32,1.18,2.68,2.23,4.27,4.27,3.73,1.3125,1.32,1.4017857142857142,1.5614285714285714,4.82,3.23
31-9099.01,Speech-Language Pathology Assistants,1.32,1.3008,1.0020571428571428,1.0,1.54,1.15,2.23,1.35,1.0,1.0,1.0,1.16,1.0,1.88,1.26,1.0,1.7200000000000002,1.3571428571428572,1.0,1.0,1.4587142857142856,2.044642857142857,2.18,1.3008,1.0,2.2928571428571427,1.06,1.0,1.7200000000000002,1.0,1.0,1.0,2.16,1.0,2.35,3.64,2.48,2.83,2.39,1.0,1.0,1.1339285714285714,1.3785714285714286,1.49,1.0
31-9099.02,Endoscopy Technicians,2.1492,1.9842857142857144,1.36,1.3392000000000002,4.08,2.42,4.68,1.31,3.16,1.5,1.0,1.58,2.5,2.19,1.08,1.0,1.7734857142857143,2.0028571428571427,1.2857142857142856,1.1339285714285714,3.1750857142857143,1.32,1.0,1.9642857142857144,1.8914285714285717,2.765714285714286,1.0,1.0,1.8571428571428568,1.0357142857142856,1.3571428571428572,1.0803571428571428,2.58,1.04,1.64,1.69,4.68,4.5,3.48,1.25,1.6364285714285711,1.6063428571428573,1.7734857142857143,4.85,3.15
33-1011.00,First-Line Supervisors of Correctional Officers,1.4928571428571429,1.3392000000000002,1.394285714285714,1.4542857142857144,3.18,2.25,3.84,2.76,2.08,1.62,1.71,3.07,1.65,4.01,2.94,1.05,2.105,1.394285714285714,1.7200000000000002,1.8571428571428568,1.8798285714285712,1.32,2.66,1.4435714285714285,1.5625,2.1607142857142856,3.59,1.93,1.9449142857142856,1.3392000000000002,1.9449142857142856,1.32,2.32,1.39,1.84,2.58,3.33,2.4,3.51,1.8571428571428568,2.1750857142857143,1.9449142857142856,1.4464285714285716,3.19,1.55
33-1012.00,First-Line Supervisors of Police and Detectives,1.8571428571428568,1.7734857142857143,1.51,1.3392000000000002,3.0,2.15,3.54,3.35,2.47,3.83,2.06,2.52,1.27,3.77,3.52,1.33,2.0,1.6875,1.3392000000000002,1.2857142857142856,2.5475714285714286,1.5614285714285714,4.6,1.8571428571428568,1.7734857142857143,2.3392857142857144,4.32,2.78,1.8571428571428568,1.36,1.837942857142857,1.4017857142857142,2.48,1.58,2.01,3.48,2.82,3.24,2.55,1.3392000000000002,1.7200000000000002,1.655,1.7200000000000002,3.67,3.06
33-1021.00,First-Line Supervisors of Firefighting and Prevention Workers,1.9085714285714288,1.8571428571428568,1.4691999999999998,1.655,3.96,3.35,3.73,3.71,3.78,3.9,3.21,3.42,1.44,4.29,4.05,2.31,2.044642857142857,1.822857142857143,1.625,1.7857142857142856,3.630571428571429,1.6364285714285711,4.54,2.086428571428572,1.822857142857143,2.607142857142857,4.54,3.0,2.086428571428572,1.36,1.7734857142857143,1.4542857142857144,2.8,2.27,2.42,2.5,3.16,3.22,2.84,1.7734857142857143,1.9449142857142856,2.086428571428572,1.9842857142857144,4.27,3.89
33-1091.00,First-Line Supervisors of Security Workers,1.4691999999999998,1.5785714285714287,1.4435714285714285,1.25,3.15,2.11,1.59,1.98,1.39,2.07,1.26,1.79,1.09,3.1,3.37,1.09,2.6950857142857143,1.3785714285714286,1.268571428571429,1.157142857142857,1.3084857142857145,1.604285714285714,3.63,1.3571428571428572,1.51,2.5428571428571427,3.66,2.61,1.9257142857142855,1.4179428571428572,1.3785714285714286,1.394285714285714,1.77,1.26,1.61,2.95,2.78,2.75,2.5,1.345,1.3008,1.625,1.5614285714285714,3.22,1.3
33-2011.00,Firefighters,2.422142857142857,2.4522285714285714,1.9842857142857144,2.3392857142857144,4.28,3.63,4.07,4.08,3.79,4.19,3.57,3.21,1.71,4.27,3.7,2.51,2.524285714285714,1.8571428571428568,1.9842857142857144,1.8914285714285717,3.733714285714286,1.8057142857142856,4.26,2.2071428571428573,2.4522285714285714,2.354914285714286,4.47,3.32,2.19,1.6063428571428573,2.4285714285714284,1.9642857142857144,3.12,2.43,2.68,2.49,3.43,3.64,2.91,2.4522285714285714,2.7207142857142856,2.3857142857142857,2.125,4.6,3.83
33-2021.00,Fire Inspectors and Investigators,1.5508,1.3785714285714286,1.51,1.3571428571428572,3.43,2.52,2.65,3.23,2.54,2.67,2.52,2.27,1.32,3.54,3.43,1.38,1.9085714285714288,1.3785714285714286,1.1875,1.335714285714286,2.3443714285714288,1.4435714285714285,4.68,1.4542857142857144,1.4691999999999998,2.265085714285714,4.33,3.03,1.837942857142857,1.3193714285714284,1.3214285714285714,1.4928571428571429,2.45,2.03,1.91,2.51,3.25,2.52,3.15,1.2678571428571428,1.4017857142857142,1.655,1.7200000000000002,3.82,2.18
33-2022.00,Forest Fire Inspectors and Prevention Specialists,1.6875,1.7200000000000002,1.8571428571428568,1.32,4.25,2.62,2.45,3.75,3.26,3.51,2.67,3.77,1.94,4.32,3.93,2.51,2.2928571428571427,1.5614285714285714,1.2857142857142856,1.2592,3.3003857142857145,1.3392000000000002,4.69,1.51,1.8571428571428568,2.354914285714286,4.63,3.23,2.044642857142857,1.2208,1.32,1.4691999999999998,3.21,1.9,2.43,2.72,3.45,3.48,3.31,1.4179428571428572,1.4017857142857142,1.6364285714285711,1.7200000000000002,4.14,3.03
33-3011.00,Bailiffs,1.2142857142857144,1.0942857142857143,1.24,1.36,1.85,1.41,1.94,1.81,1.2,1.18,1.0,1.32,1.16,2.35,1.56,1.0,1.7734857142857143,1.197142857142857,1.3214285714285714,1.2857142857142856,2.012,1.1785714285714286,2.16,1.1785714285714286,1.4179428571428572,2.0608,2.11,1.41,1.4435714285714285,1.0885714285714283,1.6171428571428572,1.0942857142857143,1.87,1.06,1.5,2.91,3.41,2.17,2.54,1.4017857142857142,1.9285714285714288,1.8571428571428568,1.197142857142857,2.31,1.1
33-3012.00,Correctional Officers and Jailers,1.8571428571428568,1.7734857142857143,1.6364285714285711,1.8571428571428568,3.04,2.38,4.08,3.19,2.01,1.89,1.76,2.42,1.85,4.12,2.35,1.17,2.086428571428572,1.8057142857142856,1.6875,1.5357142857142858,1.8451428571428568,1.7385714285714284,3.23,1.8571428571428568,1.8571428571428568,2.31,2.87,1.9,1.8571428571428568,1.4192,1.8571428571428568,1.3392000000000002,2.07,1.13,1.72,3.28,3.43,3.67,3.13,1.9449142857142856,2.071428571428571,1.8914285714285717,1.8057142857142856,4.07,2.44
33-3021.00,Detectives and Criminal Investigators,1.51,1.4435714285714285,1.5508,1.3125,3.14,2.43,3.21,3.27,2.75,2.92,1.8,2.52,1.42,3.31,3.46,1.21,2.31,1.3785714285714286,1.32,1.25,1.7332,1.3785714285714286,4.68,1.4821428571428572,1.5625,2.5428571428571427,4.1,3.16,1.9642857142857144,1.6063428571428573,1.722057142857143,1.51,2.29,1.43,1.94,3.5,2.77,2.79,2.29,1.4017857142857142,1.5357142857142858,1.6364285714285711,1.7734857142857143,3.02,2.3
33-3021.02,Police Identification and Records Officers,1.8571428571428568,1.5614285714285714,1.3392000000000002,1.1408,3.4,2.4,2.37,2.99,2.52,2.22,1.79,2.2,1.27,2.87,2.96,1.25,1.8571428571428568,1.6364285714285711,1.268571428571429,1.1257142857142857,2.6576285714285715,1.2857142857142856,3.99,1.6063428571428573,1.5892857142857142,2.6950857142857143,3.54,2.75,1.8571428571428568,1.1785714285714286,1.2857142857142856,1.3571428571428572,2.19,1.41,2.03,3.64,2.52,3.15,2.39,1.1734857142857142,1.2857142857142856,1.3392000000000002,1.7200000000000002,3.12,2.26
33-3021.06,Intelligence Analysts,1.0803571428571428,1.0442857142857145,1.0089285714285714,1.0206285714285714,1.26,1.26,1.05,1.22,1.09,1.04,1.0,1.09,1.0,2.57,1.26,1.0,1.8571428571428568,1.0664285714285715,1.0,1.0,1.1384285714285711,1.2857142857142856,1.73,1.0549142857142857,1.0020571428571428,2.596342857142857,1.52,1.48,1.8914285714285717,1.0,1.0,1.0,1.3,1.0,1.13,4.61,2.04,2.55,1.73,1.0,1.0,1.157142857142857,1.6875,1.13,1.04
33-3031.00,Fish and Game Wardens,1.7036571428571428,1.9285714285714288,1.8571428571428568,1.3571428571428572,3.32,2.48,2.25,3.49,2.19,3.4,1.78,3.59,1.19,3.23,3.86,1.92,2.571428571428571,1.5785714285714287,1.51,1.4017857142857142,2.643828571428572,1.595,4.98,1.5785714285714287,1.8571428571428568,2.4732142857142856,4.87,3.35,1.7385714285714284,1.4435714285714285,1.8057142857142856,1.9842857142857144,2.48,1.52,2.12,3.16,3.0,3.26,2.65,1.822857142857143,1.7734857142857143,1.5892857142857142,1.51,3.47,2.26
33-3041.00,Parking Enforcement Workers,1.4906285714285716,1.7857142857142856,1.5300000000000002,1.231428571428571,3.29,1.86,1.4,2.67,1.03,2.71,1.04,1.81,1.05,2.61,4.0,1.01,1.9449142857142856,1.5625,1.394285714285714,1.231428571428571,2.1484,1.3785714285714286,4.63,1.4542857142857144,1.655,2.0028571428571427,4.98,2.57,1.7142857142857144,1.231428571428571,1.4691999999999998,1.5207142857142857,2.74,1.0,1.08,3.49,3.22,4.68,3.38,1.4628571428571429,1.4906285714285716,1.7385714285714284,1.3392000000000002,1.35,1.02
33-3051.00,Police and Sheriff's Patrol Officers,1.8914285714285717,1.6063428571428573,1.6875,1.7934857142857146,3.46,2.66,3.41,4.01,2.87,3.73,1.88,3.0,1.43,3.32,3.9,1.2,2.4522285714285714,1.5508,1.7200000000000002,1.6063428571428573,2.0933,1.6875,4.7,1.7734857142857143,1.9642857142857144,2.524285714285714,4.56,2.52,1.9842857142857144,1.6063428571428573,2.096342857142857,1.7036571428571428,2.49,1.37,2.07,3.45,2.92,3.32,2.63,1.8057142857142856,2.086428571428572,2.02,1.6063428571428573,3.59,2.97
33-3051.04,Customs and Border Protection Officers,1.4821428571428572,1.5614285714285714,1.595,1.2036571428571428,4.1,3.15,3.51,3.73,2.94,3.58,1.7,2.93,3.47,4.32,3.68,1.4,2.086428571428572,1.7734857142857143,1.2857142857142856,1.25,1.9583285714285716,1.28,3.39,1.655,1.6875,2.765714285714286,3.99,3.42,2.0028571428571427,1.1734857142857142,1.5892857142857142,1.1885714285714286,2.59,1.49,2.36,3.24,3.25,3.31,2.53,1.32,1.5892857142857142,1.4435714285714285,1.51,3.29,1.98
33-3052.00,Transit and Railroad Police,1.822857142857143,1.6364285714285711,1.7734857142857143,1.7734857142857143,4.03,2.6,3.23,2.96,3.74,3.4,2.6,2.71,1.66,3.63,3.2,1.53,2.524285714285714,1.5357142857142858,1.6875,1.604285714285714,1.933,1.7857142857142856,4.93,1.7857142857142856,1.8571428571428568,2.2767857142857144,4.73,2.12,1.8571428571428568,1.655,1.837942857142857,1.6364285714285711,2.49,1.57,2.32,3.03,3.04,3.11,2.66,1.8571428571428568,1.8914285714285717,1.9842857142857144,1.6665142857142858,4.24,2.82
33-9011.00,Animal Control Workers,1.8571428571428568,1.6364285714285711,1.3571428571428572,1.268571428571429,4.58,3.5,4.42,3.85,2.96,3.12,1.96,4.19,1.15,4.58,4.0,1.31,1.8571428571428568,1.5614285714285714,1.2857142857142856,1.25,3.2115428571428573,1.2857142857142856,4.96,1.8571428571428568,1.822857142857143,1.8571428571428568,4.92,3.81,1.32,1.3008,1.2857142857142856,1.335714285714286,2.88,1.38,2.54,2.92,3.15,3.77,2.81,1.3008,1.8571428571428568,1.7200000000000002,1.2857142857142856,4.44,2.42
33-9021.00,Private Detectives and Investigators,1.28,1.4928571428571429,1.3571428571428572,1.0206285714285714,1.48,1.63,1.3,1.9,1.29,1.35,1.22,1.43,1.0,2.0,2.23,1.09,2.023657142857143,1.4017857142857142,1.0271428571428571,1.0206285714285714,1.168,1.3571428571428572,3.25,1.25,1.3392000000000002,2.607142857142857,2.72,1.94,1.8571428571428568,1.0942857142857143,1.25,1.1408,1.76,1.05,1.47,4.2,1.9,2.66,1.83,1.0020571428571428,1.0271428571428571,1.335714285714286,1.4017857142857142,1.27,1.05
33-9031.00,Gambling Surveillance Officers and Gambling Investigators,1.25,1.2592,1.16,1.0549142857142857,2.74,1.77,2.12,2.12,1.55,1.54,1.22,1.44,1.38,3.42,1.66,1.38,2.7142857142857144,1.28,1.062857142857143,1.077942857142857,1.7542857142857144,1.2142857142857144,1.95,1.2142857142857144,1.0549142857142857,2.524285714285714,1.65,1.43,2.105,1.0885714285714283,1.077942857142857,1.0206285714285714,1.81,1.47,1.54,4.77,1.83,4.62,1.91,1.12,1.2036571428571428,1.25,1.4017857142857142,1.42,1.49
33-9032.00,Security Guards,1.4179428571428572,1.4017857142857142,1.3392000000000002,1.32,2.38,1.35,3.34,2.06,2.49,1.4,1.32,1.16,1.07,2.22,2.76,1.07,2.327857142857143,1.268571428571429,1.3392000000000002,1.25,1.7613,1.6391999999999998,1.31,1.2592,1.3785714285714286,2.0608,3.3,1.4,1.8057142857142856,1.2208,1.3571428571428572,1.394285714285714,1.9,1.09,1.67,3.21,3.42,2.32,2.6,1.595,1.6875,1.7734857142857143,1.4435714285714285,2.4,1.21
33-9091.00,Crossing Guards and Flaggers,1.5,1.0942857142857143,1.2678571428571428,1.1428571428571428,4.4,1.01,1.73,2.8,1.16,2.84,1.0,2.13,1.2,4.07,4.42,1.0,1.9449142857142856,1.268571428571429,1.32,1.1106285714285715,1.7627857142857144,1.3125,1.67,1.3706285714285715,1.3571428571428572,1.7385714285714284,4.99,1.63,1.3571428571428572,1.16,1.625,1.2142857142857144,2.34,1.01,1.2,1.19,4.82,3.73,4.1,1.394285714285714,1.1885714285714286,1.7734857142857143,1.157142857142857,4.03,1.1
33-9092.00,"Lifeguards, Ski Patrol, and Other Recreational Protective Service Workers",1.4821428571428572,1.16,1.4179428571428572,1.3392000000000002,3.14,2.46,3.49,2.98,2.75,1.81,1.93,2.89,1.7,3.38,3.54,2.06,2.3392857142857144,1.2142857142857144,1.7734857142857143,1.3706285714285715,2.217014285714286,1.3008,2.35,1.3392000000000002,1.595,1.8571428571428568,3.69,3.08,1.8571428571428568,1.1408,1.3392000000000002,1.2592,2.19,1.19,1.85,3.2,3.08,2.6,2.97,1.8571428571428568,1.94,1.8571428571428568,1.2857142857142856,3.33,1.44
33-9093.00,Transportation Security Screeners,1.7734857142857143,1.5785714285714287,1.3785714285714286,1.4691999999999998,4.04,2.56,3.19,3.15,2.63,2.52,1.26,2.44,3.74,4.41,2.67,1.19,2.1357142857142857,1.7857142857142856,1.5357142857142858,1.3571428571428572,3.188142857142857,1.5785714285714287,1.3,1.8571428571428568,1.7485714285714289,2.275,1.89,2.04,2.1635714285714283,1.0336571428571428,1.837942857142857,1.0135714285714286,3.3,1.22,2.41,1.96,4.3,4.26,3.48,1.6063428571428573,1.9077714285714285,1.6875,1.6364285714285711,4.74,1.11
33-9099.02,Retail Loss Prevention Specialists,1.3008,1.268571428571429,1.3392000000000002,1.1408,1.9,1.36,1.46,1.41,1.22,1.24,1.64,1.48,1.13,1.93,1.28,1.1,2.086428571428572,1.4821428571428572,1.2857142857142856,1.1885714285714286,1.737,1.4179428571428572,1.62,1.32,1.394285714285714,2.0608,1.5,1.25,1.6875,1.1734857142857142,1.4691999999999998,1.3008,1.98,1.6,1.79,3.09,2.73,3.18,2.57,1.2592,1.3392000000000002,1.4435714285714285,1.5614285714285714,1.6,1.12
35-1011.00,Chefs and Head Cooks,1.9085714285714288,1.6063428571428573,1.2857142857142856,1.4435714285714285,3.75,3.04,2.17,3.25,3.33,3.88,1.17,4.54,1.0,4.39,4.39,1.33,1.7485714285714289,1.9085714285714288,1.268571428571429,1.2142857142857144,2.7947285714285712,1.2857142857142856,2.04,1.9449142857142856,1.5625,2.375,1.96,2.08,1.9285714285714288,1.0942857142857143,1.3808,1.0803571428571428,3.12,1.33,2.17,1.71,4.62,4.5,3.35,1.4179428571428572,1.3392000000000002,1.9085714285714288,2.0028571428571427,4.67,1.87
35-1012.00,First-Line Supervisors of Food Preparation and Serving Workers,1.7385714285714284,1.2857142857142856,1.2857142857142856,1.268571428571429,1.28,1.1,1.12,1.14,1.08,1.08,1.0,2.64,1.0,1.61,1.37,1.07,1.8571428571428568,1.655,1.2857142857142856,1.1257142857142857,2.442271428571429,1.1885714285714286,1.15,1.5614285714285714,1.4628571428571429,1.8571428571428568,1.21,1.17,1.7734857142857143,1.0020571428571428,1.16,1.0942857142857143,2.52,1.05,1.88,1.87,3.75,3.17,3.48,1.4628571428571429,1.32,1.6428571428571428,1.8571428571428568,2.98,1.3
35-2011.00,"Cooks, Fast Food",1.5785714285714287,1.1339285714285714,1.0089285714285714,1.3008,1.38,1.64,1.43,1.05,1.43,1.43,1.43,2.6,1.21,2.27,3.15,1.21,1.2857142857142856,1.32,1.231428571428571,1.1785714285714286,2.071757142857143,1.0942857142857143,1.01,1.6714285714285717,1.32,1.9085714285714288,1.05,1.0,1.3008,1.0,1.0992,1.0,1.87,1.21,1.54,1.42,4.37,2.37,2.11,1.4028571428571428,1.4017857142857142,1.7036571428571428,1.2142857142857144,2.42,1.0
35-2012.00,"Cooks, Institution and Cafeteria",1.8571428571428568,1.604285714285714,1.32,1.32,2.6,1.81,2.7,1.41,1.81,1.57,1.0,4.23,1.0,3.61,2.44,1.0,1.655,1.8571428571428568,1.2857142857142856,1.1885714285714286,2.2440571428571428,1.4028571428571428,1.22,1.8571428571428568,1.5625,1.9642857142857144,1.09,1.27,1.625,1.0020571428571428,1.268571428571429,1.0020571428571428,3.21,1.06,2.05,1.52,4.72,4.29,4.06,1.5,1.36,1.8571428571428568,1.7857142857142856,3.84,1.17
35-2013.00,"Cooks, Private Household",1.8571428571428568,1.5625,1.2857142857142856,1.3392000000000002,1.77,1.64,1.12,1.54,1.46,2.04,1.04,3.27,1.0,2.38,2.0,1.0,1.6875,1.9085714285714288,1.25,1.16,2.2764571428571427,1.2857142857142856,2.65,1.872228571428572,1.7734857142857143,2.105,1.73,1.81,1.5207142857142857,1.0,1.16,1.0,2.27,1.15,1.96,1.5,4.77,4.62,2.31,1.25,1.7036571428571428,1.8571428571428568,1.5508,3.16,1.04
35-2014.00,"Cooks, Restaurant",1.8571428571428568,1.8571428571428568,1.1339285714285714,1.32,1.86,1.81,1.0,1.59,1.84,1.52,1.11,3.8,1.0,2.53,3.01,1.0,1.6875,1.8571428571428568,1.32,1.16,2.348642857142857,1.3785714285714286,1.44,2.105,1.6875,2.2071428571428573,2.07,1.49,1.8571428571428568,1.0020571428571428,1.268571428571429,1.0357142857142856,2.72,1.31,1.94,1.23,4.76,4.55,3.49,1.4628571428571429,1.4435714285714285,1.8571428571428568,1.595,4.81,1.27
35-2015.00,"Cooks, Short Order",1.822857142857143,1.7142857142857144,1.1106285714285715,1.32,2.89,2.63,1.06,1.14,2.03,1.63,1.08,4.02,1.0,2.26,3.76,1.0,1.7385714285714284,1.822857142857143,1.268571428571429,1.25,1.4709142857142856,1.3785714285714286,1.01,1.9085714285714288,1.4821428571428572,2.1142857142857143,1.84,1.13,1.6364285714285711,1.0020571428571428,1.268571428571429,1.0020571428571428,2.87,1.59,2.16,1.3,4.75,3.25,3.48,1.4285714285714286,1.302857142857143,2.0028571428571427,1.3785714285714286,3.34,1.1
35-2021.00,Food Preparation Workers,1.7385714285714284,1.2857142857142856,1.268571428571429,1.2857142857142856,1.37,1.22,1.81,1.21,2.27,1.3,1.17,2.6,1.17,1.36,1.96,1.21,1.4435714285714285,1.7734857142857143,1.231428571428571,1.157142857142857,2.056,1.22,1.17,1.7734857142857143,1.3008,1.8571428571428568,1.7,1.61,1.268571428571429,1.0020571428571428,1.0664285714285715,1.0942857142857143,2.5,1.37,1.69,1.59,4.42,3.59,3.43,1.4285714285714286,1.3571428571428572,1.8571428571428568,1.268571428571429,4.18,1.34
35-3011.00,Bartenders,1.9085714285714288,1.5614285714285714,1.3392000000000002,1.32,1.94,2.08,1.14,2.16,1.43,1.04,1.34,2.71,1.0,2.7,1.56,1.0,1.7734857142857143,1.8571428571428568,1.625,1.32,2.586214285714286,1.3571428571428572,1.02,1.9085714285714288,1.7200000000000002,2.125,1.19,1.18,1.655,1.0020571428571428,1.147857142857143,1.0042857142857142,3.23,1.11,2.17,1.44,4.57,3.69,3.7,1.4542857142857144,1.467857142857143,1.822857142857143,1.5614285714285714,1.16,1.0
35-3023.00,Fast Food and Counter Workers,1.4906285714285716,1.268571428571429,1.0271428571428571,1.25,1.79,2.22,1.43,1.88,1.04,1.3,1.0,3.29,1.0,2.92,3.34,1.0,1.5357142857142858,1.3571428571428572,1.197142857142857,1.1257142857142857,1.7224,1.1071428571428572,2.37,1.5300000000000002,1.1785714285714286,1.822857142857143,2.36,2.1,1.2857142857142856,1.0135714285714286,1.16,1.0803571428571428,3.63,1.52,2.61,1.69,4.39,2.97,3.65,1.3008,1.0942857142857143,1.6391999999999998,1.12,2.49,1.14
35-3023.01,Baristas,1.872228571428572,1.7485714285714289,1.2592,1.394285714285714,2.22,2.67,1.32,2.28,1.13,1.13,1.14,3.34,1.13,3.34,2.76,1.13,1.4179428571428572,1.9449142857142856,1.3125,1.2142857142857144,2.7992857142857144,1.5693714285714286,1.76,1.822857142857143,1.655,1.9642857142857144,1.23,1.28,1.625,1.0,1.5357142857142858,1.0065142857142857,2.34,1.44,2.27,1.52,4.82,4.55,2.68,1.4628571428571429,1.5207142857142857,1.8571428571428568,1.4691999999999998,1.82,1.13
35-3031.00,Waiters and Waitresses,1.68,1.3008,1.0803571428571428,1.4542857142857144,1.63,1.32,1.09,1.23,1.08,1.0,1.09,1.64,1.0,1.92,1.37,1.0,1.5625,1.604285714285714,1.7385714285714284,1.3008,2.540971428571429,1.2857142857142856,1.0,1.7857142857142856,1.4821428571428572,1.8571428571428568,2.31,1.51,1.302857142857143,1.0020571428571428,1.0357142857142856,1.0942857142857143,2.29,1.02,1.64,1.27,4.67,3.77,4.47,1.8839285714285712,1.5625,1.9642857142857144,1.3125,3.38,1.0
35-3041.00,"Food Servers, Nonrestaurant",1.7036571428571428,1.2857142857142856,1.2142857142857144,1.2000000000000002,1.85,1.59,2.48,1.48,1.34,1.16,1.27,2.28,1.0,3.18,2.96,1.12,1.5207142857142857,1.4017857142857142,1.4179428571428572,1.2720571428571428,2.7656714285714283,1.2857142857142856,1.09,1.604285714285714,1.3571428571428572,1.9085714285714288,1.38,1.35,1.3392000000000002,1.0,1.16,1.0442857142857145,4.21,1.81,2.5,1.37,4.7,4.14,4.56,1.3785714285714286,1.4179428571428572,1.6391999999999998,1.3392000000000002,3.06,1.12
35-9011.00,Dining Room and Cafeteria Attendants and Bartender Helpers,1.8328571428571427,1.268571428571429,1.231428571428571,1.5693714285714286,1.67,1.31,1.73,1.86,1.14,1.02,1.0,2.71,1.0,1.88,2.26,1.0,1.7734857142857143,1.7385714285714284,1.4906285714285716,1.335714285714286,1.9778285714285715,1.32,1.0,1.9085714285714288,1.7734857142857143,1.8571428571428568,1.31,1.24,1.268571428571429,1.0020571428571428,1.0271428571428571,1.0357142857142856,3.62,1.04,1.89,1.27,4.84,4.52,4.86,1.872228571428572,1.8571428571428568,2.071428571428572,1.3571428571428572,3.46,1.04
35-9021.00,Dishwashers,1.8571428571428568,1.5,1.1734857142857142,1.268571428571429,1.42,1.98,1.38,1.31,1.29,1.22,1.24,2.48,1.21,1.84,1.77,1.25,1.4285714285714286,1.5300000000000002,1.4628571428571429,1.22,2.124571428571429,1.1607142857142858,1.38,2.31,1.7385714285714284,1.6428571428571428,1.93,1.84,1.2857142857142856,1.0549142857142857,1.2857142857142856,1.0803571428571428,2.29,1.4,1.55,1.86,4.2,3.61,3.16,1.5300000000000002,1.6875,1.8571428571428568,1.22,3.45,1.21
35-9031.00,"Hosts and Hostesses, Restaurant, Lounge, and Coffee Shop",1.2857142857142856,1.2036571428571428,1.1106285714285715,1.0942857142857143,1.67,1.42,1.03,1.13,1.07,1.0,1.07,2.53,1.0,2.35,1.48,1.0,1.7734857142857143,1.3571428571428572,1.28,1.1257142857142857,2.125857142857143,1.1408,1.11,1.32,1.268571428571429,1.8571428571428568,1.48,1.45,1.302857142857143,1.0089285714285714,1.0020571428571428,1.0271428571428571,2.49,1.04,2.12,1.74,4.82,3.42,4.47,1.2857142857142856,1.268571428571429,1.8057142857142856,1.268571428571429,3.01,1.0
37-1011.00,First-Line Supervisors of Housekeeping and Janitorial Workers,1.5625,1.4821428571428572,1.268571428571429,1.3785714285714286,2.91,2.12,2.82,2.0,3.3,1.56,1.59,2.14,1.05,3.46,1.67,1.19,1.8571428571428568,1.4542857142857144,1.32,1.231428571428571,2.538742857142857,1.1885714285714286,1.73,1.605714285714286,1.4285714285714286,2.0028571428571427,2.38,1.63,1.4542857142857144,1.0442857142857145,1.1408,1.12,3.14,1.33,2.86,2.41,3.76,3.24,3.7,1.4821428571428572,1.5625,1.7734857142857143,1.3392000000000002,3.39,1.2
37-1012.00,"First-Line Supervisors of Landscaping, Lawn Service, and Groundskeeping Workers",1.9085714285714288,1.8914285714285717,1.6364285714285711,1.32,3.94,2.55,1.51,2.43,2.89,4.13,2.12,4.45,1.11,4.33,4.18,2.41,1.9449142857142856,1.8571428571428568,1.3785714285714286,1.268571428571429,3.541214285714286,1.4179428571428572,4.23,1.8571428571428568,1.8571428571428568,2.105,4.95,3.09,1.9449142857142856,1.1785714285714286,1.542142857142857,1.268571428571429,3.39,1.94,2.74,2.34,3.72,4.08,3.67,1.3785714285714286,1.8571428571428568,1.7734857142857143,2.044642857142857,4.31,2.45
37-2011.00,"Janitors and Cleaners, Except Maids and Housekeeping Cleaners",1.7857142857142856,1.4906285714285716,1.2857142857142856,1.32,2.88,2.02,3.22,1.74,1.71,1.6,1.55,2.29,1.0,2.32,2.64,1.02,1.6875,1.625,1.595,1.3785714285714286,2.3668571428571425,1.268571428571429,1.66,1.68,1.7036571428571428,2.0028571428571427,2.68,1.71,1.32,1.0,1.16,1.0089285714285714,2.96,1.55,3.0,1.81,4.03,4.11,4.52,1.595,1.8571428571428568,1.9642857142857144,1.3785714285714286,4.63,2.11
37-2012.00,Maids and Housekeeping Cleaners,1.4179428571428572,1.268571428571429,1.16,1.604285714285714,3.74,1.26,2.79,1.26,2.2,1.29,1.18,1.6,1.04,1.83,1.1,1.11,1.7200000000000002,1.4542857142857144,1.595,1.2464285714285714,2.0261,1.16,1.2,1.5300000000000002,1.4028571428571428,1.8571428571428568,1.31,1.38,1.2857142857142856,1.0,1.0206285714285714,1.0,4.49,1.15,3.57,1.31,4.79,4.04,4.49,1.822857142857143,1.5693714285714286,1.9842857142857144,1.268571428571429,4.09,1.52
37-2021.00,Pest Control Workers,1.822857142857143,1.8571428571428568,1.7036571428571428,1.3571428571428572,4.54,3.52,2.05,3.2,3.49,2.09,2.62,3.6,1.47,2.93,3.62,1.46,2.1142857142857143,1.7385714285714284,1.6391999999999998,1.604285714285714,2.496314285714285,1.6714285714285717,4.95,1.822857142857143,1.7385714285714284,2.392857142857143,4.67,2.88,1.8057142857142856,1.3571428571428572,1.4821428571428572,1.5207142857142857,3.19,2.02,2.86,2.31,3.85,4.13,3.97,1.5207142857142857,1.6714285714285717,1.8571428571428568,1.822857142857143,4.06,2.99
37-3011.00,Landscaping and Groundskeeping Workers,1.8328571428571427,2.06,1.5785714285714287,1.595,4.2,2.67,1.34,1.92,2.12,4.47,2.1,3.51,1.68,4.74,4.74,2.36,1.7036571428571428,1.625,1.655,1.4542857142857144,3.141857142857143,1.32,3.22,2.0608,2.354914285714286,1.822857142857143,4.98,1.65,1.3706285714285715,1.231428571428571,1.5357142857142858,1.2592,3.01,1.71,2.71,1.83,4.33,4.27,4.01,1.7142857142857144,2.1357142857142857,2.125,1.7857142857142856,4.54,2.05
37-3012.00,"Pesticide Handlers, Sprayers, and Applicators, Vegetation",1.8908,2.02,1.822857142857143,1.3785714285714286,4.39,2.77,1.36,2.72,4.12,3.5,1.81,3.86,1.28,3.67,3.61,2.51,1.7036571428571428,1.8057142857142856,1.3785714285714286,1.231428571428571,3.2747,1.394285714285714,4.67,1.9085714285714288,1.9085714285714288,2.1607142857142856,4.76,1.29,1.4821428571428572,1.157142857142857,1.5357142857142858,1.2592,2.86,1.43,1.81,2.53,3.37,4.21,3.2,1.3392000000000002,1.8571428571428568,1.7385714285714284,1.595,4.66,2.37
37-3013.00,Tree Trimmers and Pruners,2.2767857142857144,2.7142857142857144,2.06,2.1492,3.56,2.66,1.02,2.9,2.92,4.41,3.82,3.73,1.08,4.67,4.19,1.71,2.0028571428571427,1.9085714285714288,1.822857142857143,2.0028571428571427,3.3048,1.6063428571428573,4.19,2.5428571428571427,2.5428571428571427,2.1607142857142856,4.91,1.83,1.51,1.4542857142857144,2.645714285714285,1.7142857142857144,3.57,2.74,2.59,2.03,4.22,3.75,3.38,2.0028571428571427,2.524285714285714,2.3857142857142857,1.9449142857142856,5.0,2.96
39-1013.00,First-Line Supervisors of Gambling Services Workers,1.4179428571428572,1.4542857142857144,1.0535714285714286,1.2592,3.64,1.85,2.06,2.57,1.03,1.33,1.05,1.6,1.0,4.42,1.21,1.22,2.044642857142857,1.5785714285714287,1.2592,1.2592,1.5526857142857144,1.335714285714286,1.03,1.4435714285714285,1.3706285714285715,2.31,1.25,1.63,1.6875,1.0885714285714283,1.12,1.0942857142857143,2.12,1.05,1.82,1.87,4.23,2.85,3.94,1.3571428571428572,1.3125,1.6875,1.4179428571428572,1.42,1.07
39-1022.00,First-Line Supervisors of Personal Service Workers,1.32,1.0442857142857145,1.0803571428571428,1.197142857142857,2.5,1.79,3.13,1.98,1.82,1.64,1.0,2.17,1.02,4.26,1.99,1.0,1.7734857142857143,1.25,1.1428571428571428,1.1106285714285715,2.0469142857142857,1.2857142857142856,2.97,1.25,1.157142857142857,2.0028571428571427,2.78,1.33,1.5614285714285714,1.0,1.0,1.0,2.7,1.28,2.78,3.12,3.04,2.5,2.75,1.32,1.2036571428571428,1.5785714285714287,1.3392000000000002,2.92,1.87
39-2011.00,Animal Trainers,1.7385714285714284,1.6875,1.6391999999999998,1.6364285714285711,2.53,1.58,1.73,1.94,1.5,1.75,1.18,3.23,1.37,3.19,3.48,1.28,1.8914285714285717,1.7385714285714284,1.822857142857143,1.3008,2.638514285714286,1.5207142857142857,2.57,1.822857142857143,1.8571428571428568,1.8914285714285717,4.19,3.5,1.6391999999999998,1.268571428571429,1.5508,1.268571428571429,3.21,1.04,2.21,1.86,4.3,3.15,3.63,1.7857142857142856,1.8057142857142856,1.8571428571428568,1.5785714285714287,2.43,1.1
39-2021.00,Animal Caretakers,1.7385714285714284,1.268571428571429,1.2142857142857144,1.3392000000000002,3.89,2.93,3.57,1.89,2.32,1.7,1.51,3.87,1.04,4.6,3.04,1.13,1.7036571428571428,1.5508,1.32,1.157142857142857,3.357357142857143,1.2036571428571428,3.07,1.5625,1.3785714285714286,1.9085714285714288,4.03,2.66,1.3392000000000002,1.0020571428571428,1.0442857142857145,1.0357142857142856,3.28,1.49,2.73,1.54,4.31,3.46,3.52,1.5625,1.9449142857142856,1.8571428571428568,1.2857142857142856,2.89,1.32
39-3011.00,Gambling Dealers,1.6714285714285717,1.28,1.1106285714285715,1.16,2.82,1.39,2.06,1.9,1.07,1.0,1.0,1.0,1.0,3.62,1.44,1.0,1.7385714285714284,1.872228571428572,1.1106285714285715,1.0803571428571428,1.9268,1.22,1.0,1.7857142857142856,1.32,2.105,1.0,1.01,1.7734857142857143,1.0135714285714286,1.0089285714285714,1.0020571428571428,3.1,1.0,1.13,1.67,4.57,4.54,2.42,1.231428571428571,1.157142857142857,1.5625,1.4179428571428572,1.07,1.0
39-3012.00,Gambling and Sports Book Writers and Runners,1.394285714285714,1.22,1.16,1.0206285714285714,3.22,1.3,1.49,2.24,1.0,1.12,1.05,1.14,1.0,3.68,1.21,1.0,1.9085714285714288,1.595,1.0803571428571428,1.0,1.322,1.22,1.0,1.4906285714285716,1.1785714285714286,2.31,1.0,1.0,1.6875,1.0065142857142857,1.1785714285714286,1.0020571428571428,2.42,1.08,1.36,2.07,3.96,3.96,3.23,1.1792,1.0357142857142856,1.3785714285714286,1.302857142857143,1.78,1.0
39-3021.00,Motion Picture Projectionists,1.822857142857143,1.9085714285714288,1.2514285714285711,1.1257142857142857,2.21,1.66,1.06,2.39,1.35,1.33,1.6,1.57,1.01,2.56,1.46,1.01,2.7142857142857144,1.822857142857143,1.16,1.0271428571428571,2.1052285714285714,1.6875,1.46,1.822857142857143,1.5785714285714287,2.596342857142857,1.81,1.17,1.822857142857143,1.0549142857142857,1.822857142857143,1.0535714285714286,1.45,1.44,1.5,2.86,2.84,3.39,2.52,1.1257142857142857,1.2857142857142856,1.2857142857142856,1.6665142857142858,1.52,1.12
39-3031.00,"Ushers, Lobby Attendants, and Ticket Takers",1.3571428571428572,1.25,1.197142857142857,1.1785714285714286,2.19,1.22,1.64,2.03,1.08,1.13,1.85,1.97,1.53,3.89,1.96,1.01,1.655,1.4028571428571428,1.197142857142857,1.197142857142857,1.5398285714285715,1.32,1.17,1.4028571428571428,1.2142857142857144,1.9085714285714288,1.63,1.28,1.4906285714285716,1.0042857142857142,1.0664285714285715,1.0535714285714286,2.05,1.07,1.3,2.04,4.12,2.95,3.19,1.2208,1.2592,1.5508,1.268571428571429,1.65,1.0
39-3091.00,Amusement and Recreation Attendants,1.5625,1.4628571428571429,1.2142857142857144,1.1408,1.96,1.58,1.3,1.94,1.11,1.16,1.32,1.66,1.0,2.87,3.09,1.14,1.5625,1.2857142857142856,1.2142857142857144,1.197142857142857,2.067657142857143,1.24,1.18,1.4628571428571429,1.4285714285714286,1.8571428571428568,3.78,3.33,1.3392000000000002,1.0020571428571428,1.0714285714285714,1.0357142857142856,2.77,1.07,1.9,2.26,4.1,3.2,3.55,1.28,1.2857142857142856,1.5300000000000002,1.32,1.62,1.17
39-3092.00,Costume Attendants,1.8571428571428568,1.467857142857143,1.231428571428571,1.2592,3.39,2.58,1.3,2.78,1.77,1.8,1.44,2.81,1.0,3.06,1.24,1.05,1.5614285714285714,1.8571428571428568,1.197142857142857,1.1408,3.403371428571429,1.2592,2.01,1.7734857142857143,1.4017857142857142,2.044642857142857,1.46,1.39,1.4017857142857142,1.0,1.16,1.0,2.76,1.46,2.17,3.02,3.16,4.86,2.51,1.24,1.3785714285714286,1.394285714285714,1.5892857142857142,1.98,1.53
39-3093.00,"Locker Room, Coatroom, and Dressing Room Attendants",1.2592,1.197142857142857,1.0,1.0442857142857145,2.82,1.22,1.5,1.25,1.17,1.28,1.01,1.57,1.2,1.99,1.69,1.02,1.32,1.197142857142857,1.1785714285714286,1.1257142857142857,1.8073,1.0089285714285714,1.06,1.2142857142857144,1.16,1.8057142857142856,1.65,1.3,1.0942857142857143,1.0,1.0,1.0020571428571428,2.63,1.1,1.89,1.96,4.16,3.97,3.25,1.28,1.1785714285714286,1.6391999999999998,1.0357142857142856,1.78,1.15
39-4011.00,Embalmers,2.36,1.8571428571428568,1.4285714285714286,1.157142857142857,4.34,2.1,4.4,2.36,4.27,1.96,1.28,1.59,1.14,2.49,3.0,1.0,1.7734857142857143,1.8914285714285717,1.25,1.2142857142857144,3.9747142857142848,1.24,4.07,1.9449142857142856,1.7385714285714284,2.7142857142857144,3.7,2.69,1.4435714285714285,1.16,1.1785714285714286,1.2142857142857144,2.77,1.26,1.79,2.56,3.32,3.67,2.69,1.268571428571429,1.8057142857142856,1.8571428571428568,1.9085714285714288,3.93,3.05
39-4021.00,Funeral Attendants,1.4017857142857142,1.3392000000000002,1.32,1.197142857142857,1.71,1.06,2.07,1.18,1.52,1.01,1.05,1.15,1.0,1.57,2.1,1.0,1.655,1.25,1.231428571428571,1.0803571428571428,3.299514285714286,1.1734857142857142,3.59,1.2857142857142856,1.4542857142857144,1.9085714285714288,3.23,2.0,1.157142857142857,1.1071428571428572,1.1257142857142857,1.231428571428571,1.65,1.13,1.51,2.76,3.3,1.91,2.56,1.2142857142857144,1.655,1.51,1.3392000000000002,1.63,1.47
39-4031.00,"Morticians, Undertakers, and Funeral Arrangers",1.8057142857142856,1.7734857142857143,1.3785714285714286,1.2208,3.84,1.67,3.19,1.58,2.8,1.25,1.06,1.2,1.01,2.01,2.64,1.01,1.75,1.5508,1.25,1.12,3.5116,1.32,4.05,1.7385714285714284,1.7200000000000002,2.1635714285714283,3.49,2.46,1.36,1.1428571428571428,1.22,1.32,1.82,1.14,1.64,2.81,3.12,2.99,2.31,1.2592,1.6364285714285711,1.4691999999999998,1.7200000000000002,3.26,1.87
39-5011.00,Barbers,2.44,1.8571428571428568,1.2000000000000002,1.3571428571428572,2.64,1.54,3.35,1.49,1.0,1.04,1.0,3.31,1.0,2.53,1.03,1.07,1.24,2.0608,1.0549142857142857,1.0664285714285715,2.2915,1.0942857142857143,1.34,2.02,1.4691999999999998,2.216428571428572,1.0,1.0,1.197142857142857,1.0,1.0357142857142856,1.0,3.02,1.0,1.51,1.88,4.62,4.92,2.44,1.1792,1.1257142857142857,1.822857142857143,1.8571428571428568,2.48,1.02
39-5012.00,"Hairdressers, Hairstylists, and Cosmetologists",2.5428571428571427,1.8057142857142856,1.268571428571429,1.335714285714286,3.19,1.07,2.28,1.22,2.26,1.18,1.0,2.94,1.0,2.23,1.18,1.08,1.5165142857142857,2.5428571428571427,1.157142857142857,1.0885714285714283,2.1966,1.268571428571429,1.0,2.5428571428571427,1.7385714285714284,2.7142857142857144,1.0,1.0,1.5785714285714287,1.0,1.0,1.0,3.97,1.0,1.88,1.77,4.61,5.0,2.63,1.24,1.268571428571429,1.8057142857142856,2.2928571428571427,3.45,1.0
39-5091.00,"Makeup Artists, Theatrical and Performance",2.645714285714285,1.4435714285714285,1.28,1.3125,2.67,3.25,1.81,3.6,1.86,1.95,1.48,2.19,1.0,3.29,3.19,1.15,1.9842857142857144,2.375,1.1408,1.1257142857142857,2.4435714285714285,1.1885714285714286,2.1,2.31,1.4928571428571429,2.8363428571428573,3.67,3.57,1.655,1.0,1.0,1.0,3.24,1.33,1.86,2.29,4.05,4.48,2.62,1.2142857142857144,1.25,1.7036571428571428,2.4971428571428573,2.38,1.7
39-5092.00,Manicurists and Pedicurists,1.9449142857142856,1.604285714285714,1.1107142857142858,1.062857142857143,4.65,1.24,2.07,1.23,1.82,1.0,1.0,2.49,1.0,1.28,1.01,1.0,1.4179428571428572,1.9085714285714288,1.0,1.0,1.3810857142857142,1.25,1.0,1.68,1.2678571428571428,2.1142857142857143,1.0,1.0,1.2857142857142856,1.0,1.0042857142857142,1.0,2.42,1.0,1.35,4.05,2.1,4.04,1.59,1.0020571428571428,1.0271428571428571,1.062857142857143,1.4285714285714286,3.45,1.08
39-5093.00,Shampooers,1.8328571428571427,1.4179428571428572,1.0535714285714286,1.394285714285714,2.49,1.78,1.4,1.09,1.42,1.07,1.02,1.45,1.05,1.54,1.21,1.03,1.3125,1.7385714285714284,1.0714285714285714,1.0206285714285714,1.8925714285714283,1.1339285714285714,1.21,1.822857142857143,1.3125,1.872228571428572,1.32,1.18,1.2036571428571428,1.0,1.0,1.0,2.66,1.04,1.43,1.46,4.79,4.57,3.16,1.335714285714286,1.2678571428571428,1.6875,1.231428571428571,3.04,1.06
39-5094.00,Skincare Specialists,2.044642857142857,1.7734857142857143,1.1785714285714286,1.2142857142857144,2.49,2.22,3.62,1.66,2.13,1.44,1.01,2.15,1.24,1.48,1.0,1.11,1.4435714285714285,1.9085714285714288,1.0357142857142856,1.0089285714285714,2.1740142857142857,1.1734857142857142,1.01,1.7857142857142856,1.4179428571428572,2.596342857142857,1.01,1.01,1.394285714285714,1.0,1.0206285714285714,1.0,2.65,1.01,1.92,2.83,3.2,4.15,1.94,1.197142857142857,1.2142857142857144,1.3785714285714286,1.4906285714285716,3.9,1.76
39-6011.00,Baggage Porters and Bellhops,1.5625,1.7385714285714284,1.4542857142857144,1.6063428571428573,2.66,1.6,1.38,2.36,1.0,1.49,1.35,2.01,1.0,2.77,2.95,1.42,1.6875,1.5207142857142857,1.6364285714285711,1.32,3.9671428571428566,1.302857142857143,4.75,1.6714285714285717,1.8839285714285712,1.8914285714285717,4.78,3.48,1.5508,1.157142857142857,1.28,1.5207142857142857,2.58,1.1,1.7,1.79,4.18,3.06,4.01,1.822857142857143,2.3392857142857144,2.225714285714286,1.3785714285714286,1.54,1.3
39-6012.00,Concierges,1.0357142857142856,1.0,1.0535714285714286,1.0089285714285714,1.76,1.36,1.29,1.41,1.18,1.09,1.23,1.32,1.0,2.73,1.55,1.05,1.6364285714285711,1.0357142857142856,1.0357142857142856,1.0206285714285714,1.4313285714285713,1.1785714285714286,2.05,1.0020571428571428,1.0206285714285714,1.8571428571428568,1.57,1.64,1.2857142857142856,1.0020571428571428,1.0,1.0271428571428571,1.77,1.23,1.68,2.91,3.36,2.18,2.45,1.0206285714285714,1.0885714285714283,1.268571428571429,1.22,1.41,1.09
39-7011.00,Tour Guides and Escorts,1.0442857142857145,1.0206285714285714,1.0549142857142857,1.0442857142857145,1.92,1.75,1.07,1.5,1.65,1.65,1.27,1.94,1.04,2.12,2.45,1.12,1.9449142857142856,1.0206285714285714,1.1885714285714286,1.1071428571428572,1.297928571428571,1.1257142857142857,2.29,1.0442857142857145,1.0206285714285714,1.822857142857143,2.76,2.19,1.197142857142857,1.0,1.0,1.1885714285714286,1.85,1.28,1.32,2.05,3.8,2.14,3.55,1.231428571428571,1.0357142857142856,1.3571428571428572,1.197142857142857,1.36,1.04
39-7012.00,Travel Guides,1.4179428571428572,1.3808,1.3571428571428572,1.0885714285714283,1.79,1.62,1.77,1.72,1.59,1.87,1.75,1.99,1.28,2.36,2.44,1.57,1.8914285714285717,1.3008,1.077942857142857,1.0357142857142856,2.3609285714285715,1.3785714285714286,3.07,1.3008,1.32,2.1492,3.2,2.4,1.655,1.1785714285714286,1.32,1.5785714285714287,1.85,1.3,1.75,3.54,2.8,2.87,2.4,1.1408,1.0885714285714283,1.24,1.6063428571428573,2.03,1.97
39-9011.00,Childcare Workers,1.5614285714285714,1.0,1.197142857142857,1.28,2.12,1.75,2.78,1.74,1.7,1.0,1.0,2.66,1.0,2.53,1.81,1.03,1.9085714285714288,1.5508,1.3571428571428572,1.268571428571429,1.6514285714285717,1.2857142857142856,1.24,1.32,1.32,1.8571428571428568,2.52,2.64,1.5508,1.0,1.0042857142857142,1.0089285714285714,3.26,1.0,3.08,2.55,3.67,2.36,2.93,1.3392000000000002,1.4435714285714285,1.4435714285714285,1.655,2.76,1.0
39-9011.01,Nannies,1.6364285714285711,1.32,1.3571428571428572,1.4285714285714286,1.83,1.83,2.8,1.21,1.0,1.0,1.04,2.36,1.0,3.76,2.0,1.0,1.7200000000000002,1.4542857142857144,1.4906285714285716,1.268571428571429,2.4714285714285715,1.4017857142857142,4.33,1.5207142857142857,1.7385714285714284,1.9085714285714288,3.64,2.24,1.4691999999999998,1.2857142857142856,1.268571428571429,1.268571428571429,3.12,1.12,3.32,2.44,3.76,3.36,3.28,1.5300000000000002,1.7200000000000002,1.8571428571428568,1.6063428571428573,1.4,1.0
39-9031.00,Exercise Trainers and Group Fitness Instructors,1.7200000000000002,1.1257142857142857,1.147857142857143,2.1357142857142857,2.19,1.7,2.05,2.14,1.0,1.14,1.1,1.71,1.0,3.62,2.1,1.14,1.8914285714285717,1.268571428571429,2.5428571428571427,1.8571428571428568,2.7145571428571427,1.1257142857142857,1.52,1.8571428571428568,1.8571428571428568,1.822857142857143,2.29,1.86,1.2857142857142856,1.0664285714285715,1.0206285714285714,1.0942857142857143,3.76,1.05,2.52,1.86,4.45,3.48,3.52,2.645714285714285,2.1357142857142857,2.4971428571428573,1.2857142857142856,1.43,1.21
39-9032.00,Recreation Workers,1.2857142857142856,1.0992,1.25,1.32,2.59,2.04,2.47,1.45,1.51,1.14,1.14,1.64,1.0,3.56,1.45,1.0,1.9085714285714288,1.2857142857142856,1.7734857142857143,1.3008,2.0358857142857145,1.268571428571429,2.28,1.0803571428571428,1.4028571428571428,2.216428571428572,2.18,1.75,1.5207142857142857,1.0,1.077942857142857,1.0,2.19,1.18,1.66,2.91,2.94,2.24,2.58,1.7385714285714284,1.4179428571428572,1.655,1.5785714285714287,2.27,1.44
39-9041.00,Residential Advisors,1.1257142857142857,1.0206285714285714,1.1257142857142857,1.1408,1.52,1.38,1.97,1.81,1.11,1.03,1.03,1.53,1.02,2.77,2.04,1.02,1.8571428571428568,1.25,1.1408,1.1257142857142857,1.8476714285714289,1.3785714285714286,2.78,1.1428571428571428,1.197142857142857,1.9449142857142856,2.86,2.19,1.4285714285714286,1.0271428571428571,1.0942857142857143,1.0549142857142857,1.45,1.03,1.38,3.19,2.75,1.94,2.83,1.1785714285714286,1.1785714285714286,1.302857142857143,1.4542857142857144,2.48,1.37
41-1011.00,First-Line Supervisors of Retail Sales Workers,1.4249999999999998,1.1885714285714286,1.062857142857143,1.32,2.38,1.82,1.38,1.2,1.4,1.27,2.15,1.78,1.0,2.46,1.84,1.0,1.8057142857142856,1.51,1.2857142857142856,1.231428571428571,2.009714285714286,1.394285714285714,1.62,1.394285714285714,1.4435714285714285,2.06,2.05,1.38,1.6063428571428573,1.0,1.0271428571428571,1.0089285714285714,2.34,1.41,2.49,2.31,3.86,3.49,3.11,1.25,1.3214285714285714,1.4821428571428572,1.542142857142857,1.67,1.0
41-1012.00,First-Line Supervisors of Non-Retail Sales Workers,1.0271428571428571,1.0442857142857145,1.0942857142857143,1.0089285714285714,2.07,1.86,1.02,2.09,1.23,1.54,1.51,1.55,1.0,3.15,2.7,1.05,1.8057142857142856,1.36,1.0,1.0,1.480785714285714,1.1734857142857142,3.33,1.0535714285714286,1.0,2.354914285714286,2.87,2.33,1.6364285714285711,1.0,1.0089285714285714,1.0020571428571428,2.24,1.34,1.88,3.71,2.49,2.96,2.57,1.0089285714285714,1.0,1.147857142857143,1.7200000000000002,1.54,1.11
41-2011.00,Cashiers,1.4285714285714286,1.394285714285714,1.0535714285714286,1.16,2.19,1.74,1.72,1.61,1.0,1.43,1.13,1.28,1.0,2.94,1.8,1.03,1.3392000000000002,1.5207142857142857,1.231428571428571,1.1785714285714286,1.7344000000000002,1.2857142857142856,1.5,1.4542857142857144,1.32,2.0028571428571427,2.21,1.92,1.4435714285714285,1.0,1.0357142857142856,1.0,2.73,1.16,2.23,1.98,4.08,3.55,2.6,1.3008,1.32,1.5614285714285714,1.1885714285714286,1.66,1.0
41-2012.00,Gambling Change Persons and Booth Cashiers,1.68,1.3392000000000002,1.197142857142857,1.1785714285714286,3.56,1.61,2.08,2.1,1.48,1.36,1.0,1.66,1.0,4.55,1.25,1.2,1.8057142857142856,1.7485714285714289,1.231428571428571,1.16,1.859542857142857,1.4285714285714286,1.0,1.5693714285714286,1.268571428571429,2.0608,1.36,1.37,1.8571428571428568,1.0,1.16,1.0042857142857142,2.76,1.01,1.62,1.85,4.43,3.17,2.72,1.1785714285714286,1.25,1.4285714285714286,1.3392000000000002,1.5,1.0
41-2021.00,Counter and Rental Clerks,1.3392000000000002,1.4928571428571429,1.268571428571429,1.16,3.4,1.52,1.41,1.56,1.37,1.16,1.01,2.07,1.0,3.63,2.45,1.0,1.7385714285714284,1.394285714285714,1.2142857142857144,1.16,2.0638,1.32,2.94,1.2857142857142856,1.394285714285714,2.0608,2.83,1.96,1.5300000000000002,1.077942857142857,1.231428571428571,1.0535714285714286,1.61,1.13,1.65,3.06,3.19,3.12,2.44,1.197142857142857,1.2857142857142856,1.394285714285714,1.302857142857143,1.67,1.0
41-2022.00,Parts Salespersons,1.7734857142857143,1.3392000000000002,1.12,1.2036571428571428,3.92,2.87,1.04,3.11,1.86,2.56,2.22,2.16,1.0,4.28,3.81,1.01,1.8057142857142856,1.822857142857143,1.268571428571429,1.22,2.651714285714286,1.3392000000000002,2.52,1.6391999999999998,1.5,2.596342857142857,3.3,2.03,1.8571428571428568,1.0664285714285715,1.12,1.1408,2.64,1.92,1.83,2.6,3.83,2.48,3.35,1.268571428571429,1.5785714285714287,1.6875,1.7200000000000002,2.9,1.01
41-2031.00,Retail Salespersons,1.3571428571428572,1.2857142857142856,1.157142857142857,1.1408,2.26,1.43,1.76,1.78,1.22,1.34,1.56,1.7,1.0,2.12,1.94,1.0,1.4691999999999998,1.4435714285714285,1.25,1.197142857142857,2.355942857142857,1.25,2.37,1.268571428571429,1.25,1.8571428571428568,2.58,1.7,1.4542857142857144,1.0,1.0357142857142856,1.0,2.12,1.45,1.78,2.14,4.07,3.12,3.76,1.25,1.22,1.5892857142857142,1.4542857142857144,1.5,1.0
41-3011.00,Advertising Sales Agents,1.0206285714285714,1.1734857142857142,1.25,1.0,1.2,1.24,1.13,1.52,1.0,1.0,1.11,1.04,1.0,2.23,2.39,1.0,1.6875,1.0992,1.0,1.0,1.1125,1.25,4.06,1.0,1.1106285714285715,2.275,2.74,1.64,1.655,1.0089285714285714,1.0206285714285714,1.0271428571428571,1.11,1.0,1.13,3.59,2.4,1.99,2.15,1.0,1.0,1.2857142857142856,1.7734857142857143,1.02,1.01
41-3021.00,Insurance Sales Agents,1.0,1.0357142857142856,1.0206285714285714,1.0,1.71,1.77,1.38,1.69,1.06,1.0,1.12,1.18,1.13,2.14,1.39,1.0,1.4691999999999998,1.12,1.0,1.0,1.126342857142857,1.0803571428571428,3.5,1.0,1.0206285714285714,2.2928571428571427,2.35,1.64,1.5207142857142857,1.0,1.0,1.0,1.25,1.0,1.19,4.6,1.92,1.91,1.74,1.0,1.0,1.1339285714285714,1.25,1.37,1.0
41-3031.00,"Securities, Commodities, and Financial Services Sales Agents",1.0020571428571428,1.0020571428571428,1.0135714285714286,1.0,1.14,1.0,1.04,1.16,1.0,1.0,1.03,1.05,1.0,2.14,1.2,1.01,1.5614285714285714,1.0,1.0,1.0,1.0204285714285717,1.2142857142857144,1.96,1.0020571428571428,1.0020571428571428,2.2308,1.19,1.26,1.78,1.0020571428571428,1.0042857142857142,1.0271428571428571,1.2,1.03,1.11,4.27,1.95,2.31,1.55,1.0,1.0,1.2036571428571428,1.3214285714285714,1.03,1.01
41-3041.00,Travel Agents,1.0664285714285715,1.0357142857142856,1.0549142857142857,1.0206285714285714,1.16,1.0,1.01,1.11,1.0,1.0,1.0,1.0,1.0,2.17,1.04,1.0,1.3008,1.2678571428571428,1.0,1.0,1.0910285714285717,1.0803571428571428,1.11,1.0803571428571428,1.0,2.596342857142857,1.06,1.0,1.32,1.0,1.0,1.0,1.6,1.0,1.2,4.86,1.67,3.71,1.02,1.0,1.0,1.24,1.3785714285714286,1.0,1.0
41-4011.00,"Sales Representatives, Wholesale and Manufacturing, Technical and Scientific Products",1.0,1.268571428571429,1.1885714285714286,1.0,2.79,1.68,1.23,1.79,1.81,2.22,1.7,1.46,1.11,2.72,2.23,1.02,1.6875,1.394285714285714,1.0,1.0,1.0894857142857144,1.231428571428571,3.64,1.0,1.268571428571429,2.1635714285714283,2.22,1.19,1.4542857142857144,1.0,1.0,1.0,1.77,1.25,1.3,3.34,2.71,2.32,2.19,1.0,1.0,1.25,1.4821428571428572,2.38,1.06
41-4011.07,Solar Sales Representatives and Assessors,1.1339285714285714,1.0135714285714286,1.2857142857142856,1.0020571428571428,1.66,1.56,1.0,1.85,1.66,1.29,1.78,1.36,1.15,2.99,1.61,1.18,2.044642857142857,1.1339285714285714,1.0020571428571428,1.0020571428571428,1.2771428571428571,1.0885714285714283,3.13,1.0357142857142856,1.0020571428571428,2.044642857142857,2.63,1.97,1.5207142857142857,1.0042857142857142,1.0,1.1071428571428572,1.34,1.33,1.25,4.29,2.14,1.74,1.72,1.0089285714285714,1.0089285714285714,1.1734857142857142,1.8057142857142856,1.53,1.23
41-4012.00,"Sales Representatives, Wholesale and Manufacturing, Except Technical and Scientific Products",1.25,1.3008,1.157142857142857,1.0271428571428571,3.03,1.66,1.07,1.74,1.07,1.33,1.09,1.52,1.0,2.17,2.53,1.0,1.4017857142857142,1.32,1.0442857142857145,1.0206285714285714,2.1648,1.077942857142857,4.33,1.2208,1.2857142857142856,1.9842857142857144,2.74,1.17,1.3392000000000002,1.0664285714285715,1.0664285714285715,1.0535714285714286,2.31,1.17,1.88,3.35,2.74,2.38,2.52,1.0535714285714286,1.0336571428571428,1.231428571428571,1.36,1.82,1.0
41-9011.00,Demonstrators and Product Promoters,1.3008,1.12,1.2857142857142856,1.3008,1.79,1.86,1.0,1.35,1.0,1.41,1.12,1.72,1.0,2.31,1.41,1.0,1.8728571428571428,1.345,1.268571428571429,1.197142857142857,2.034057142857143,1.4628571428571429,1.3,1.197142857142857,1.3571428571428572,2.023657142857143,1.32,1.41,1.625,1.0,1.0549142857142857,1.0206285714285714,2.77,1.11,2.01,1.6,4.51,4.06,2.11,1.28,1.3785714285714286,1.5300000000000002,1.837942857142857,2.56,1.0
41-9012.00,Models,1.2036571428571428,1.0,1.0271428571428571,1.2142857142857144,2.49,2.3,1.07,3.0,1.23,1.01,1.02,1.17,1.07,1.71,1.42,1.0,1.3785714285714286,1.0206285714285714,1.655,1.655,1.4846714285714286,1.0089285714285714,1.34,1.0357142857142856,1.4628571428571429,1.4179428571428572,1.38,1.47,1.0206285714285714,1.0089285714285714,1.0089285714285714,1.077942857142857,2.83,1.02,1.74,3.38,2.6,1.51,1.14,1.3571428571428572,1.1734857142857142,1.6875,1.32,1.02,1.01
41-9021.00,Real Estate Brokers,1.0020571428571428,1.0336571428571428,1.147857142857143,1.0,1.48,1.16,1.22,1.6,1.29,1.03,1.33,1.07,1.0,2.06,2.51,1.03,1.5508,1.0089285714285714,1.0,1.0,1.0913142857142857,1.0442857142857145,4.63,1.0020571428571428,1.0206285714285714,2.542057142857143,3.87,2.01,1.32,1.0,1.0020571428571428,1.0271428571428571,1.11,1.03,1.1,3.67,2.37,1.92,1.93,1.0,1.0,1.28,1.2142857142857144,1.13,1.0
41-9022.00,Real Estate Sales Agents,1.0664285714285715,1.147857142857143,1.335714285714286,1.0206285714285714,1.79,1.43,1.16,1.76,1.16,1.14,1.24,1.47,1.0,2.14,2.37,1.0,1.9842857142857144,1.1607142857142858,1.0089285714285714,1.0089285714285714,1.3,1.22,4.48,1.0442857142857145,1.1885714285714286,2.142857142857143,3.32,2.95,1.5614285714285714,1.1106285714285715,1.1339285714285714,1.22,1.42,1.33,1.67,3.24,2.74,1.9,2.32,1.0206285714285714,1.0271428571428571,1.3125,1.7200000000000002,1.3,1.24
41-9031.00,Sales Engineers,1.1734857142857142,1.1339285714285714,1.32,1.0,1.35,1.06,1.0,1.16,1.39,1.68,1.03,1.0,1.0,1.87,1.18,1.06,1.8125,1.32,1.0,1.0,1.0846,1.1734857142857142,1.89,1.1885714285714286,1.0271428571428571,2.4522285714285714,1.18,1.4,1.7200000000000002,1.0,1.0,1.0,1.08,1.0,1.06,3.72,2.05,1.56,1.53,1.0,1.0,1.1339285714285714,1.837942857142857,1.82,1.03
41-9041.00,Telemarketers,1.0664285714285715,1.0357142857142856,1.0089285714285714,1.0,1.34,1.22,1.0,1.4,1.0,1.0,1.05,1.0,1.0,3.86,1.4,1.0,1.0885714285714283,1.12,1.0,1.0,1.2857142857142856,1.12,1.14,1.0357142857142856,1.0,1.8057142857142856,1.28,1.09,1.0535714285714286,1.0,1.0,1.0,1.23,1.0,1.02,4.85,1.54,3.47,1.29,1.0,1.0,1.0992,1.0664285714285715,1.0,1.0
41-9091.00,"Door-to-Door Sales Workers, News and Street Vendors, and Related Workers",1.0020571428571428,1.0020571428571428,1.0,1.0,1.46,1.46,1.29,1.62,1.17,1.17,1.08,1.5,1.04,1.83,1.71,1.0,1.4179428571428572,1.0664285714285715,1.0,1.0,1.6150857142857142,1.0357142857142856,2.79,1.0089285714285714,1.0020571428571428,1.7734857142857143,1.62,1.79,1.0357142857142856,1.0,1.0,1.0089285714285714,1.54,1.04,1.25,2.96,3.08,2.43,1.71,1.0089285714285714,1.0206285714285714,1.3008,1.1785714285714286,1.38,1.0
43-1011.00,First-Line Supervisors of Office and Administrative Support Workers,1.0336571428571428,1.0,1.1734857142857142,1.0442857142857145,1.73,1.11,1.37,1.12,1.16,1.15,1.18,1.14,1.0,2.39,1.21,1.03,1.7734857142857143,1.4906285714285716,1.0206285714285714,1.0089285714285714,1.6143999999999998,1.4285714285714286,1.3,1.0357142857142856,1.0942857142857143,2.25,1.21,1.09,1.6063428571428573,1.0,1.0,1.0,1.5,1.05,1.22,4.3,2.14,2.39,1.68,1.0271428571428571,1.0442857142857145,1.077942857142857,1.6063428571428573,1.4,1.04
43-2011.00,"Switchboard Operators, Including Answering Service",1.3008,1.25,1.0020571428571428,1.0271428571428571,2.06,1.28,1.67,1.47,1.01,1.06,1.0,1.13,1.28,2.54,1.08,1.0,1.5625,1.394285714285714,1.0,1.0,1.021,1.32,1.23,1.25,1.0442857142857145,2.105,1.3,1.05,1.5300000000000002,1.0,1.0020571428571428,1.0,1.88,1.0,1.33,3.69,2.34,2.92,2.21,1.0,1.0,1.1071428571428572,1.1885714285714286,1.06,1.0
43-2021.00,Telephone Operators,1.231428571428571,1.231428571428571,1.0357142857142856,1.0357142857142856,1.68,1.06,1.42,1.65,1.0,1.0,1.0,1.0,1.42,3.52,1.61,1.42,1.25,1.5508,1.0,1.0,1.1489285714285713,1.32,1.0,1.197142857142857,1.0,1.822857142857143,1.0,1.08,1.3571428571428572,1.0,1.1408,1.0,2.28,1.0,1.0,3.82,2.46,3.48,1.7,1.0,1.0,1.157142857142857,1.077942857142857,1.64,1.08
43-3011.00,Bill and Account Collectors,1.0407142857142857,1.0271428571428571,1.0535714285714286,1.0020571428571428,1.46,1.0,1.31,1.06,1.0,1.03,1.01,1.17,1.0,2.96,1.12,1.0,1.5614285714285714,1.28,1.0,1.0,1.119,1.32,1.5,1.0271428571428571,1.0,2.125,1.17,1.0,1.6063428571428573,1.0,1.0,1.0,1.29,1.0,1.01,4.64,1.76,2.12,1.69,1.0,1.0,1.0336571428571428,1.32,1.0,1.0
43-3021.00,Billing and Posting Clerks,1.1734857142857142,1.1339285714285714,1.0,1.0664285714285715,2.5,1.06,1.59,2.08,1.02,1.0,1.0,1.05,1.05,3.25,1.21,1.0,1.3008,1.1885714285714286,1.0,1.0,1.2426142857142857,1.0885714285714283,1.88,1.157142857142857,1.0,2.354914285714286,1.27,1.05,1.5785714285714287,1.0,1.0,1.0,1.51,1.05,1.28,4.63,2.07,3.09,1.82,1.0,1.0,1.335714285714286,1.1885714285714286,1.21,1.0
43-3031.00,"Bookkeeping, Accounting, and Auditing Clerks",1.25,1.25,1.0,1.0271428571428571,1.5,1.45,1.17,1.44,1.0,1.01,1.02,1.02,1.0,3.21,1.54,1.0,1.5508,1.51,1.0,1.0,1.1692857142857145,1.1071428571428572,1.53,1.25,1.0,2.645714285714285,1.4,1.11,1.7734857142857143,1.0,1.0,1.0,1.51,1.0,1.21,4.46,2.07,2.96,1.98,1.0,1.0,1.1339285714285714,1.25,1.11,1.0
43-3041.00,Gambling Cage Workers,1.3392000000000002,1.2857142857142856,1.0206285714285714,1.1428571428571428,2.78,1.34,1.6,2.0,1.0,1.0,1.0,1.11,1.0,3.73,1.51,1.0,1.3392000000000002,1.3571428571428572,1.16,1.0549142857142857,1.8529428571428568,1.077942857142857,1.0,1.3392000000000002,1.2142857142857144,2.44,1.29,1.02,1.7734857142857143,1.0,1.0020571428571428,1.0020571428571428,2.55,1.04,1.67,2.33,4.05,4.23,2.72,1.3008,1.2142857142857144,1.7036571428571428,1.2142857142857144,1.14,1.0
43-3051.00,Payroll and Timekeeping Clerks,1.1106285714285715,1.0357142857142856,1.0,1.0206285714285714,1.41,1.1,1.23,1.12,1.0,1.0,1.02,1.03,1.0,2.33,1.03,1.0,1.3392000000000002,1.231428571428571,1.0,1.0,1.2473714285714286,1.16,1.28,1.1428571428571428,1.0,2.4732142857142856,1.12,1.06,1.7036571428571428,1.0,1.0,1.0,1.39,1.04,1.15,4.79,1.99,2.98,1.63,1.0,1.0,1.2142857142857144,1.25,1.23,1.0
43-3061.00,Procurement Clerks,1.0549142857142857,1.0,1.0,1.0357142857142856,2.46,1.4,1.12,1.38,1.02,1.01,1.01,1.06,1.05,2.79,2.25,1.0,1.2592,1.0549142857142857,1.0,1.0,1.803,1.157142857142857,1.48,1.0549142857142857,1.0357142857142856,2.596342857142857,1.33,1.29,1.5300000000000002,1.0,1.0,1.0,1.38,1.14,1.36,4.23,2.07,1.75,2.03,1.0,1.0357142857142856,1.12,1.1785714285714286,1.7,1.01
43-3071.00,Tellers,1.5300000000000002,1.394285714285714,1.0885714285714283,1.077942857142857,1.75,1.55,2.35,1.74,1.22,1.11,1.38,1.2,1.18,2.38,1.08,1.07,1.655,1.595,1.0803571428571428,1.0089285714285714,1.6297142857142857,1.2142857142857144,1.25,1.3392000000000002,1.268571428571429,2.2071428571428573,1.22,1.19,1.7857142857142856,1.0,1.1106285714285715,1.0,2.2,1.02,1.5,3.13,3.55,4.11,2.26,1.0664285714285715,1.2142857142857144,1.3571428571428572,1.32,1.05,1.06
43-4011.00,Brokerage Clerks,1.231428571428571,1.231428571428571,1.0549142857142857,1.0,1.74,1.28,1.03,1.31,1.0,1.0,1.0,1.0,1.11,3.43,1.15,1.0,1.6364285714285711,1.7036571428571428,1.0,1.0,1.0456857142857143,1.268571428571429,1.0,1.231428571428571,1.0,2.524285714285714,1.0,1.0,1.655,1.0,1.0,1.0,1.31,1.0,1.08,4.11,2.36,3.21,1.73,1.0,1.0,1.0042857142857142,1.32,1.0,1.0
43-4021.00,Correspondence Clerks,1.0020571428571428,1.0,1.0089285714285714,1.0020571428571428,1.24,1.1,1.21,1.1,1.0,1.0,1.0,1.0,1.05,3.29,1.0,1.0,1.4821428571428572,1.12,1.0,1.0,1.3192,1.0664285714285715,1.19,1.0020571428571428,1.0,2.354914285714286,1.05,1.0,1.4542857142857144,1.0,1.0,1.0,1.67,1.0,1.21,4.63,1.97,2.45,1.98,1.0,1.0,1.1339285714285714,1.2857142857142856,1.19,1.0
43-4031.00,"Court, Municipal, and License Clerks",1.28,1.1734857142857142,1.0,1.0942857142857143,1.66,1.59,1.29,1.46,1.03,1.01,1.0,1.17,1.01,2.49,1.31,1.01,1.4821428571428572,1.3008,1.0,1.0,1.352,1.2036571428571428,1.26,1.2208,1.0,2.4522285714285714,1.19,1.13,1.4179428571428572,1.0,1.0020571428571428,1.0,2.04,1.08,1.41,4.24,2.26,3.04,1.81,1.0,1.0,1.3125,1.2036571428571428,1.12,1.0
43-4041.00,"Credit Authorizers, Checkers, and Clerks",1.0042857142857142,1.0,1.0357142857142856,1.0803571428571428,1.71,1.58,1.01,2.94,1.0,1.17,1.0,1.26,1.0,3.15,1.8,1.07,1.32,1.0042857142857142,1.0,1.0,1.0137142857142858,1.077942857142857,1.42,1.0135714285714286,1.0,2.2928571428571427,1.15,1.14,1.4179428571428572,1.0,1.0,1.0020571428571428,1.59,1.0,1.28,4.67,1.86,2.34,1.88,1.0,1.0,1.2592,1.2036571428571428,1.02,1.0
43-4051.00,Customer Service Representatives,1.231428571428571,1.1257142857142857,1.0089285714285714,1.0206285714285714,1.44,1.08,1.68,1.11,1.25,1.16,1.43,1.26,1.0,2.65,1.21,1.02,1.467857142857143,1.4179428571428572,1.0089285714285714,1.0020571428571428,1.7484285714285712,1.268571428571429,1.15,1.197142857142857,1.0089285714285714,2.216428571428572,1.29,1.12,1.4691999999999998,1.0,1.0,1.0,2.12,1.08,1.52,4.0,3.23,3.99,1.94,1.0089285714285714,1.0206285714285714,1.0336571428571428,1.3392000000000002,1.48,1.06
43-4061.00,"Eligibility Interviewers, Government Programs",1.1885714285714286,1.1408,1.0,1.0020571428571428,1.35,1.0,1.17,1.08,1.05,1.0,1.0,1.0,1.0,2.41,1.15,1.0,1.3785714285714286,1.157142857142857,1.0,1.0,1.0103714285714285,1.147857142857143,1.61,1.157142857142857,1.0,2.1635714285714283,1.38,1.16,1.4017857142857142,1.0,1.0,1.0,1.53,1.0,1.18,4.68,1.88,3.02,1.63,1.0,1.0,1.147857142857143,1.32,1.36,1.38
43-4071.00,File Clerks,1.4906285714285716,1.2142857142857144,1.0336571428571428,1.1257142857142857,1.44,1.14,1.58,1.06,1.09,1.0,1.07,1.24,1.19,1.98,1.12,1.0,1.7385714285714284,1.6063428571428573,1.1785714285714286,1.1785714285714286,1.722057142857143,1.0664285714285715,1.19,1.4821428571428572,1.2000000000000002,2.7142857142857144,1.19,1.16,1.9792,1.0,1.0089285714285714,1.0,1.77,1.09,1.79,4.18,2.37,2.58,2.49,1.1785714285714286,1.2857142857142856,1.394285714285714,1.302857142857143,1.52,1.17
43-4081.00,"Hotel, Motel, and Resort Desk Clerks",1.32,1.25,1.0271428571428571,1.062857142857143,1.56,1.15,1.1,1.22,1.0,1.15,1.15,1.17,1.17,2.56,1.31,1.16,1.6875,1.4285714285714286,1.0271428571428571,1.0442857142857145,1.7498,1.268571428571429,1.42,1.32,1.0535714285714286,2.125,1.42,1.25,1.3808,1.0,1.0,1.0803571428571428,2.15,1.05,1.34,2.26,3.95,3.28,2.3,1.0271428571428571,1.0885714285714283,1.32,1.302857142857143,1.38,1.0
43-4111.00,"Interviewers, Except Eligibility and Loan",1.16,1.1428571428571428,1.0020571428571428,1.0042857142857142,2.74,2.5,3.48,2.5,1.41,1.03,1.0,1.28,1.01,4.14,1.27,1.13,1.3785714285714286,1.25,1.0,1.0,1.217,1.2857142857142856,1.42,1.1428571428571428,1.0020571428571428,2.275,1.28,1.28,1.3214285714285714,1.0,1.0,1.0,1.87,1.0,1.75,4.59,1.81,2.92,2.0,1.0,1.0,1.077942857142857,1.2000000000000002,1.16,1.09
43-4121.00,"Library Assistants, Clerical",1.3785714285714286,1.197142857142857,1.0271428571428571,1.1785714285714286,1.86,1.23,2.35,2.0,1.01,1.0,1.13,1.63,1.0,3.05,1.31,1.0,1.6364285714285711,1.4542857142857144,1.16,1.197142857142857,2.632914285714285,1.268571428571429,1.1,1.302857142857143,1.25,2.1635714285714283,1.45,1.3,1.7485714285714289,1.0042857142857142,1.0,1.1408,2.76,1.35,2.16,3.12,2.78,3.51,2.5,1.1428571428571428,1.32,1.4628571428571429,1.4435714285714285,1.43,1.1
43-4131.00,Loan Interviewers and Clerks,1.0206285714285714,1.0357142857142856,1.0271428571428571,1.0089285714285714,1.85,1.12,1.66,1.08,1.0,1.03,1.0,1.01,1.02,2.73,1.01,1.0,1.6875,1.4906285714285716,1.0,1.0,1.1121142857142856,1.32,1.91,1.0206285714285714,1.0,2.524285714285714,1.05,1.04,1.6875,1.0,1.0,1.0,1.52,1.0,1.24,4.69,2.0,2.85,1.82,1.0,1.0,1.0664285714285715,1.5508,1.0,1.0
43-4141.00,New Accounts Clerks,1.1257142857142857,1.1408,1.0,1.0206285714285714,1.75,1.34,1.1,1.63,1.0,1.0,1.0,1.0,1.0,2.54,1.0,1.0,1.3571428571428572,1.3706285714285715,1.0089285714285714,1.0020571428571428,1.2480428571428572,1.1339285714285714,1.0,1.1885714285714286,1.0,2.524285714285714,1.46,1.16,1.5300000000000002,1.0,1.0,1.0,2.46,1.0,1.49,3.42,2.97,3.32,2.62,1.0089285714285714,1.0,1.1734857142857142,1.268571428571429,1.0,1.0
43-4151.00,Order Clerks,1.1734857142857142,1.0549142857142857,1.0357142857142856,1.0549142857142857,2.27,1.42,1.0,1.88,1.63,1.25,1.47,1.02,1.0,3.46,1.49,1.0,1.6063428571428573,1.1885714285714286,1.0,1.0020571428571428,1.4805714285714286,1.1339285714285714,1.93,1.12,1.0089285714285714,2.7142857142857144,1.65,1.0,1.9085714285714288,1.0,1.0206285714285714,1.0,2.05,1.02,1.13,4.19,2.45,1.64,2.33,1.0020571428571428,1.0,1.231428571428571,1.3392000000000002,2.32,1.45
43-4161.00,"Human Resources Assistants, Except Payroll and Timekeeping",1.0,1.0,1.0089285714285714,1.0206285714285714,1.84,1.28,1.54,1.45,1.05,1.05,1.03,1.29,1.0,2.29,1.22,1.02,1.655,1.147857142857143,1.0,1.0,1.321,1.0942857142857143,1.33,1.0,1.0,2.354914285714286,1.06,1.02,1.4821428571428572,1.0,1.0,1.0,1.63,1.02,1.52,4.27,2.08,2.44,2.1,1.0,1.0,1.0885714285714283,1.2857142857142856,1.12,1.0
43-4171.00,Receptionists and Information Clerks,1.268571428571429,1.197142857142857,1.0089285714285714,1.0042857142857142,2.43,1.08,2.88,1.01,1.0,1.0,1.0,1.32,1.0,2.82,1.21,1.0,1.7200000000000002,1.3571428571428572,1.0,1.0,1.3164857142857145,1.32,1.02,1.231428571428571,1.0357142857142856,2.023657142857143,1.02,1.01,1.5785714285714287,1.0,1.0,1.0042857142857142,1.93,1.0,1.48,4.06,2.39,3.64,2.05,1.0,1.0089285714285714,1.0336571428571428,1.3008,1.27,1.07
43-4181.00,Reservation and Transportation Ticket Agents and Travel Clerks,1.4179428571428572,1.32,1.0336571428571428,1.2142857142857144,3.04,1.24,1.49,1.54,1.04,1.21,1.16,1.82,1.06,3.82,2.04,1.0,1.7734857142857143,1.6714285714285717,1.2142857142857144,1.1257142857142857,2.8614,1.335714285714286,2.17,1.32,1.32,2.275,2.94,1.12,1.5625,1.0,1.197142857142857,1.0042857142857142,1.89,1.0,1.44,3.03,3.26,3.04,2.56,1.2208,1.4691999999999998,1.3785714285714286,1.32,2.76,1.16
43-5011.00,Cargo and Freight Agents,1.157142857142857,1.157142857142857,1.1785714285714286,1.077942857142857,2.36,1.59,1.37,2.35,1.84,2.52,1.78,1.66,1.49,2.94,2.31,2.24,1.542142857142857,1.3392000000000002,1.0549142857142857,1.0357142857142856,2.626857142857143,1.25,2.65,1.1734857142857142,1.12,2.0028571428571427,2.13,1.82,1.7385714285714284,1.0664285714285715,1.1071428571428572,1.0664285714285715,1.97,1.89,1.76,4.24,2.18,3.18,1.85,1.0664285714285715,1.1071428571428572,1.0992,1.3571428571428572,2.67,2.38
43-5011.01,Freight Forwarders,1.1408,1.0992,1.157142857142857,1.0271428571428571,1.49,1.0,1.0,1.01,1.0,1.0,1.0,1.0,1.01,2.18,1.79,1.0,1.7734857142857143,1.25,1.0271428571428571,1.0442857142857145,2.2452571428571426,1.3571428571428572,1.21,1.0885714285714283,1.062857142857143,2.2071428571428573,1.39,1.2,1.9085714285714288,1.0357142857142856,1.062857142857143,1.077942857142857,1.5,1.0,1.49,4.47,1.7,2.41,1.61,1.0442857142857145,1.062857142857143,1.12,1.7734857142857143,1.59,1.0
43-5021.00,Couriers and Messengers,1.7485714285714289,1.8571428571428568,1.7485714285714289,1.4179428571428572,3.81,1.85,3.92,3.01,2.0,1.4,1.2,2.69,1.82,2.86,2.76,1.18,1.8839285714285712,1.7571428571428571,1.4906285714285716,1.25,2.7188714285714286,1.32,4.07,1.8328571428571427,2.0028571428571427,2.044642857142857,3.65,1.63,1.7485714285714289,1.3008,1.5625,1.5625,2.07,1.21,1.85,4.23,2.43,3.64,2.68,1.655,1.7036571428571428,1.7734857142857143,1.4179428571428572,3.47,1.0
43-5031.00,Public Safety Telecommunicators,1.3392000000000002,1.3392000000000002,1.25,1.0271428571428571,2.7,1.04,1.38,2.26,1.03,1.01,1.01,1.02,1.02,3.59,1.04,1.0,1.6665142857142858,1.51,1.0357142857142856,1.0357142857142856,1.3094,1.5300000000000002,1.06,1.3785714285714286,1.2142857142857144,2.2471428571428573,1.03,1.03,2.0,1.0,1.4028571428571428,1.0135714285714286,1.14,1.01,1.02,4.99,1.74,4.61,1.41,1.0357142857142856,1.0549142857142857,1.2208,1.5142857142857142,1.02,1.0
43-5032.00,"Dispatchers, Except Police, Fire, and Ambulance",1.12,1.268571428571429,1.0664285714285715,1.0020571428571428,2.21,1.46,1.11,1.5,1.34,1.37,1.28,1.34,1.01,2.62,1.76,1.27,1.7734857142857143,1.4906285714285716,1.0,1.0,1.3001142857142858,1.3571428571428572,3.25,1.197142857142857,1.0,2.4732142857142856,2.12,1.39,1.7385714285714284,1.0,1.0,1.0020571428571428,1.73,1.17,1.4,4.18,2.29,3.38,2.14,1.0,1.0,1.0992,1.3785714285714286,1.71,1.31
43-5041.00,"Meter Readers, Utilities",1.7142857142857144,1.822857142857143,1.5300000000000002,1.2592,4.18,3.52,2.08,4.0,2.7,3.54,1.88,3.49,1.65,3.77,4.64,2.2,1.8571428571428568,1.595,1.5693714285714286,1.394285714285714,2.507142857142857,1.3392000000000002,4.39,1.6714285714285717,1.822857142857143,2.1607142857142856,5.0,1.37,1.872228571428572,1.268571428571429,1.542142857142857,1.3785714285714286,3.82,1.73,3.42,2.42,3.79,4.57,3.64,1.5300000000000002,1.6391999999999998,1.9085714285714288,1.4249999999999998,3.86,1.28
43-5051.00,Postal Service Clerks,1.7857142857142856,1.3785714285714286,1.25,1.3392000000000002,3.19,2.71,1.69,2.16,1.56,1.79,1.21,2.07,1.13,3.8,1.69,1.29,1.7385714285714284,1.822857142857143,1.3392000000000002,1.1408,2.896228571428572,1.28,1.63,1.872228571428572,1.4542857142857144,2.2928571428571427,1.8,1.75,1.7857142857142856,1.0,1.0664285714285715,1.0020571428571428,3.34,1.08,2.04,1.84,4.34,3.86,2.83,1.375,1.655,1.872228571428572,1.32,2.05,1.01
43-5052.00,Postal Service Mail Carriers,1.822857142857143,1.8057142857142856,1.4691999999999998,1.32,3.18,1.78,1.33,2.75,1.33,1.83,1.01,3.16,1.04,3.07,4.06,1.0,1.6875,1.7734857142857143,1.3571428571428572,1.2857142857142856,3.3478,1.2857142857142856,4.77,1.8057142857142856,1.7734857142857143,1.9085714285714288,4.91,2.31,1.655,1.2142857142857144,1.268571428571429,1.3571428571428572,3.36,1.01,1.71,2.71,3.48,4.18,3.12,1.595,1.7036571428571428,1.7485714285714289,1.268571428571429,2.06,1.0
43-5053.00,"Postal Service Mail Sorters, Processors, and Processing Machine Operators",1.6714285714285717,1.7734857142857143,1.302857142857143,1.4179428571428572,4.11,2.45,1.19,2.16,1.21,2.51,1.05,2.6,1.02,4.4,1.77,1.0,1.5207142857142857,1.8571428571428568,1.2857142857142856,1.1257142857142857,3.028728571428571,1.335714285714286,1.14,2.105,1.9842857142857144,2.4732142857142856,1.37,1.26,1.7934857142857146,1.0020571428571428,1.51,1.0089285714285714,3.66,1.08,2.49,1.85,4.31,4.51,3.75,1.4179428571428572,2.023657142857143,1.8571428571428568,1.2857142857142856,3.6,1.01
43-5061.00,"Production, Planning, and Expediting Clerks",1.25,1.197142857142857,1.197142857142857,1.0803571428571428,2.31,1.12,1.04,1.61,1.29,1.69,1.05,1.08,1.42,3.52,2.12,1.08,1.7734857142857143,1.335714285714286,1.0206285714285714,1.0206285714285714,1.4649142857142858,1.2592,1.44,1.231428571428571,1.0357142857142856,2.4035714285714285,1.9,1.27,1.7857142857142856,1.0,1.0803571428571428,1.0020571428571428,1.63,1.16,1.27,4.15,2.19,2.83,2.17,1.0357142857142856,1.0357142857142856,1.231428571428571,1.5614285714285714,4.23,1.19
43-5071.00,"Shipping, Receiving, and Inventory Clerks",1.7571428571428571,1.5508,1.3785714285714286,1.22,2.47,1.74,1.17,1.97,1.9,1.63,1.62,2.77,1.02,2.96,2.79,1.49,1.7734857142857143,1.6391999999999998,1.268571428571429,1.1885714285714286,3.1976000000000004,1.268571428571429,1.82,1.822857142857143,1.595,2.2767857142857144,2.17,1.46,1.822857142857143,1.231428571428571,1.268571428571429,1.197142857142857,2.73,1.89,2.25,2.91,3.25,3.2,3.05,1.3785714285714286,1.7200000000000002,1.7734857142857143,1.5165142857142857,3.54,1.73
43-5111.00,"Weighers, Measurers, Checkers, and Samplers, Recordkeeping",1.7036571428571428,1.5785714285714287,1.1734857142857142,1.268571428571429,3.09,1.89,1.04,2.91,2.09,3.45,1.94,2.07,1.03,3.98,3.44,1.49,1.8571428571428568,1.822857142857143,1.268571428571429,1.231428571428571,3.0016,1.3785714285714286,1.86,1.595,1.4249999999999998,2.7142857142857144,1.65,1.81,2.0028571428571427,1.077942857142857,1.4691999999999998,1.077942857142857,2.87,1.5,1.77,2.36,3.83,4.19,2.95,1.2857142857142856,1.3571428571428572,1.4179428571428572,1.5357142857142858,4.03,1.47
43-6011.00,Executive Secretaries and Executive Administrative Assistants,1.0942857142857143,1.0664285714285715,1.0089285714285714,1.0089285714285714,1.84,1.15,1.32,1.39,1.01,1.0,1.01,1.09,1.0,2.68,1.3,1.0,1.837942857142857,1.5207142857142857,1.0,1.0,1.9001714285714284,1.1885714285714286,1.21,1.1257142857142857,1.0549142857142857,2.6950857142857143,1.15,1.15,1.8328571428571427,1.0,1.0,1.0,1.59,1.0,1.19,4.42,1.96,3.43,1.85,1.0,1.0206285714285714,1.062857142857143,1.4017857142857142,1.07,1.0
43-6012.00,Legal Secretaries and Administrative Assistants,1.1785714285714286,1.1428571428571428,1.0206285714285714,1.0206285714285714,1.48,1.17,1.0,1.39,1.0,1.0,1.0,1.06,1.0,3.39,1.22,1.0,1.7200000000000002,1.268571428571429,1.0,1.0,1.521142857142857,1.2142857142857144,1.75,1.16,1.0,2.98,1.02,1.08,1.394285714285714,1.0,1.0,1.0,1.55,1.17,1.42,4.14,2.41,2.56,2.26,1.0,1.0,1.1785714285714286,1.3785714285714286,1.0,1.0
43-6013.00,Medical Secretaries and Administrative Assistants,1.231428571428571,1.157142857142857,1.0020571428571428,1.0089285714285714,1.87,1.58,3.42,1.22,1.05,1.02,1.0,1.02,1.45,2.25,1.09,1.0,1.3392000000000002,1.6875,1.0,1.0,1.504471428571429,1.077942857142857,1.07,1.197142857142857,1.0,2.0608,1.0,1.0,1.3392000000000002,1.0,1.0,1.0,1.68,1.0,1.2,4.59,1.81,3.43,1.69,1.0,1.0,1.062857142857143,1.2857142857142856,1.81,1.37
43-6014.00,"Secretaries and Administrative Assistants, Except Legal, Medical, and Executive",1.1785714285714286,1.1257142857142857,1.0,1.0020571428571428,1.66,1.24,2.16,1.45,1.02,1.02,1.0,1.11,1.0,2.69,1.17,1.0,1.3785714285714286,1.2592,1.0,1.0,1.3729714285714285,1.1408,1.42,1.197142857142857,1.0,2.596342857142857,1.36,1.07,1.3571428571428572,1.0,1.0,1.0,1.53,1.06,1.15,4.57,1.98,2.91,1.95,1.0,1.0,1.0942857142857143,1.32,1.04,1.0
43-9021.00,Data Entry Keyers,1.2857142857142856,1.268571428571429,1.1408,1.077942857142857,1.89,1.78,1.45,1.44,1.0,1.0,1.0,1.36,1.0,3.13,1.0,1.0,1.6875,2.178571428571429,1.0271428571428571,1.0442857142857145,1.6308857142857145,1.25,1.0,1.25,1.0549142857142857,2.596342857142857,1.0,1.0,1.982142857142857,1.0,1.0407142857142857,1.0,1.73,1.0,1.08,4.89,1.49,2.96,2.02,1.0442857142857145,1.0664285714285715,1.25,1.394285714285714,1.0,1.0
43-9022.00,Word Processors and Typists,1.1785714285714286,1.25,1.0271428571428571,1.0442857142857145,2.1,1.41,1.86,1.51,1.0,1.0,1.0,1.15,1.02,2.65,1.54,1.0,1.4435714285714285,1.68,1.0,1.0,1.4849714285714286,1.0992,1.33,1.28,1.0020571428571428,2.7142857142857144,1.06,1.09,1.8571428571428568,1.0,1.0,1.0,1.61,1.12,1.44,4.9,1.83,2.76,1.97,1.0,1.0,1.231428571428571,1.4285714285714286,1.0,1.0
43-9031.00,Desktop Publishers,1.4928571428571429,1.4691999999999998,1.268571428571429,1.0942857142857143,1.64,1.03,1.02,1.23,1.08,1.14,1.0,1.17,1.0,2.9,1.34,1.0,1.8571428571428568,1.6063428571428573,1.0206285714285714,1.0206285714285714,1.3702857142857143,1.25,1.51,1.4928571428571429,1.1257142857142857,2.8363428571428573,1.48,1.09,2.071428571428572,1.0206285714285714,1.0206285714285714,1.0357142857142856,1.19,1.0,1.04,4.63,1.55,3.75,1.52,1.0442857142857145,1.0206285714285714,1.1885714285714286,2.645714285714285,1.0,1.0
43-9041.00,Insurance Claims and Policy Processing Clerks,1.1257142857142857,1.1408,1.0089285714285714,1.0664285714285715,1.03,1.19,1.01,1.26,1.0,1.0,1.0,1.0,1.0,2.67,1.08,1.01,1.4628571428571429,1.1785714285714286,1.0,1.0,1.1423714285714286,1.231428571428571,1.16,1.1257142857142857,1.0089285714285714,2.3392857142857144,1.04,1.01,1.595,1.0042857142857142,1.0135714285714286,1.0135714285714286,1.18,1.0,1.21,4.89,1.54,2.89,1.48,1.0020571428571428,1.0020571428571428,1.2592,1.231428571428571,1.0,1.0
43-9051.00,"Mail Clerks and Mail Machine Operators, Except Postal Service",1.7857142857142856,1.5508,1.2592,1.32,2.12,1.33,1.03,1.82,1.16,1.77,1.0,1.3,1.01,2.39,1.74,1.0,1.6714285714285717,1.9449142857142856,1.2857142857142856,1.2142857142857144,2.7742857142857145,1.3008,1.39,1.9085714285714288,1.5785714285714287,2.0608,1.16,1.01,1.7385714285714284,1.0535714285714286,1.4017857142857142,1.1071428571428572,3.0,1.02,1.95,3.26,3.84,4.29,3.0,1.3392000000000002,1.7385714285714284,1.655,1.3785714285714286,1.51,1.14
43-9061.00,"Office Clerks, General",1.25,1.28,1.0357142857142856,1.0336571428571428,2.2,1.42,2.12,1.38,1.06,1.16,1.06,1.22,1.03,2.87,1.31,1.03,1.6875,1.3706285714285715,1.0,1.0,1.3965142857142858,1.268571428571429,1.26,1.2036571428571428,1.0407142857142857,2.105,1.16,1.06,1.5785714285714287,1.0,1.0,1.0,1.81,1.03,1.37,4.38,2.19,3.03,2.17,1.0,1.0271428571428571,1.1071428571428572,1.32,1.29,1.06
43-9071.00,"Office Machine Operators, Except Computer",1.822857142857143,1.7734857142857143,1.345,1.268571428571429,2.51,1.27,1.16,1.16,1.56,1.28,1.11,1.49,1.16,3.01,1.16,1.16,1.6875,1.7734857142857143,1.25,1.16,2.110857142857143,1.5357142857142858,1.28,1.6875,1.4179428571428572,2.1677714285714287,1.73,1.24,1.6875,1.0042857142857142,1.4249999999999998,1.0,1.99,1.16,1.49,2.56,3.25,2.98,2.22,1.28,1.3392000000000002,1.51,1.625,1.69,1.08
43-9081.00,Proofreaders and Copy Markers,1.1257142857142857,1.0206285714285714,1.0,1.0271428571428571,1.81,1.12,1.01,1.25,1.0,1.0,1.0,1.0,1.0,3.78,1.25,1.0,1.0942857142857143,1.197142857142857,1.0,1.0,1.1077142857142857,1.0357142857142856,1.29,1.1257142857142857,1.0,2.596342857142857,1.21,1.08,1.7934857142857146,1.0,1.0020571428571428,1.0,1.17,1.0,1.01,4.85,1.46,3.74,1.47,1.0,1.0,1.077942857142857,1.24,1.0,1.0
43-9111.00,Statistical Assistants,1.0714285714285714,1.0336571428571428,1.0089285714285714,1.0442857142857145,1.35,1.75,1.27,1.95,1.12,1.04,1.0,1.04,1.0,2.92,1.38,1.0,1.75,1.2592,1.0,1.0,1.0571714285714289,1.1071428571428572,1.41,1.0714285714285714,1.0,2.571428571428571,1.22,1.22,1.7857142857142856,1.0,1.0,1.0,1.17,1.0,1.12,4.79,1.68,1.79,1.79,1.0,1.0,1.0535714285714286,1.6875,1.07,1.0
45-1011.00,"First-Line Supervisors of Farming, Fishing, and Forestry Workers",1.7571428571428571,1.9657142857142855,1.8057142857142856,1.4542857142857144,3.75,2.35,1.4,2.53,2.36,3.23,2.22,3.21,1.25,3.28,3.84,2.05,2.105,1.655,1.5508,1.3392000000000002,2.8760285714285714,1.5614285714285714,4.27,1.7857142857142856,1.837942857142857,2.2071428571428573,4.49,3.1,1.8914285714285717,1.32,1.6364285714285711,1.51,2.82,1.88,2.06,2.66,3.2,3.55,2.84,1.5785714285714287,1.7200000000000002,1.7734857142857143,1.8571428571428568,3.83,2.23
45-2011.00,Agricultural Inspectors,1.6364285714285711,1.4691999999999998,1.3571428571428572,1.16,4.1,2.43,1.72,2.47,2.23,2.25,2.1,2.69,1.12,3.97,3.7,1.1,2.1607142857142856,1.5207142857142857,1.268571428571429,1.1257142857142857,2.0774428571428576,1.394285714285714,2.67,1.4542857142857144,1.51,2.5428571428571427,3.92,3.34,2.044642857142857,1.1106285714285715,1.3392000000000002,1.2857142857142856,3.08,1.79,1.67,2.74,3.63,3.64,3.27,1.25,1.2857142857142856,1.3571428571428572,1.75,3.68,1.77
45-2021.00,Animal Breeders,1.8571428571428568,1.6364285714285711,1.3392000000000002,1.5785714285714287,3.1,2.22,2.07,1.99,1.55,1.41,1.14,2.95,1.13,1.86,2.54,1.13,1.822857142857143,1.8914285714285717,1.3785714285714286,1.3125,2.9014857142857142,1.2857142857142856,3.16,1.7385714285714284,1.8571428571428568,2.1142857142857143,4.25,3.62,1.6063428571428573,1.0271428571428571,1.2036571428571428,1.1339285714285714,2.83,1.18,2.54,2.31,3.45,2.85,2.86,1.4906285714285716,1.822857142857143,1.8571428571428568,1.5357142857142858,2.93,1.03
45-2041.00,"Graders and Sorters, Agricultural Products",1.625,1.32,1.077942857142857,1.2678571428571428,2.7,1.32,1.26,1.46,1.12,1.53,1.71,1.54,1.04,2.56,2.1,1.0,1.289285714285714,1.7857142857142856,1.197142857142857,1.157142857142857,3.8645714285714288,1.0535714285714286,1.38,2.0028571428571427,1.4542857142857144,1.9257142857142855,1.65,1.65,1.24,1.0,1.25,1.0,2.79,1.78,1.41,1.37,4.65,4.46,2.47,1.3125,1.5785714285714287,1.7734857142857143,1.077942857142857,4.15,1.7
45-2091.00,Agricultural Equipment Operators,1.9257142857142855,2.596342857142857,2.105,1.2592,3.65,1.35,1.16,1.5,1.37,2.41,1.12,2.37,1.12,2.17,3.9,1.56,2.105,1.822857142857143,1.32,1.231428571428571,2.647,2.06,4.07,1.9085714285714288,2.596342857142857,2.216428571428572,4.3,3.12,1.7385714285714284,1.394285714285714,2.086428571428572,1.3571428571428572,2.1,1.23,1.93,3.12,2.94,3.41,2.88,1.4435714285714285,1.9449142857142856,1.9449142857142856,1.7385714285714284,3.13,1.57
45-2092.00,"Farmworkers and Laborers, Crop, Nursery, and Greenhouse",2.337142857142857,2.44,1.5357142857142858,2.1142857142857143,3.02,1.82,1.29,2.18,1.76,2.6,2.23,3.22,1.38,2.4,3.77,1.36,1.9085714285714288,2.1228571428571428,1.872228571428572,1.7485714285714289,3.091885714285714,1.3571428571428572,2.93,2.422142857142857,2.375,2.2071428571428573,4.45,2.7,1.4435714285714285,1.32,2.1635714285714283,1.5207142857142857,3.59,1.65,2.92,1.59,3.61,3.85,3.57,2.071428571428572,2.4035714285714285,2.662857142857143,1.655,3.12,1.5
45-2093.00,"Farmworkers, Farm, Ranch, and Aquacultural Animals",2.0608,2.265085714285714,1.7385714285714284,1.4691999999999998,4.3,1.69,2.51,3.1,1.51,2.08,1.36,3.61,1.04,3.52,3.85,1.64,1.9085714285714288,1.9085714285714288,1.6714285714285717,1.3392000000000002,3.0787000000000004,1.5357142857142858,3.63,1.9449142857142856,1.9842857142857144,2.044642857142857,4.12,3.74,1.7385714285714284,1.2208,1.6875,1.4285714285714286,2.96,1.15,1.68,1.84,4.13,3.18,3.89,1.5785714285714287,2.1357142857142857,2.0028571428571427,1.6875,2.56,1.33
45-3031.00,Fishing and Hunting Workers,2.105,1.9642857142857144,2.044642857142857,1.9085714285714288,2.75,2.52,2.2,4.05,2.15,2.57,2.1,3.75,1.19,3.63,3.95,1.85,2.6185714285714288,1.8057142857142856,1.5785714285714287,1.5785714285714287,2.9142857142857146,1.8571428571428568,2.85,1.9257142857142855,1.9257142857142855,2.1607142857142856,4.89,3.05,1.6714285714285717,1.655,2.023657142857143,3.265714285714286,3.26,1.62,2.43,2.19,4.0,3.86,3.05,1.7734857142857143,2.265085714285714,2.2071428571428573,1.655,4.05,1.95
45-4011.00,Forest and Conservation Workers,1.8571428571428568,1.9285714285714288,1.8571428571428568,1.9449142857142856,3.94,1.87,1.56,2.63,2.91,3.69,1.54,4.4,1.0,3.52,4.05,2.62,1.9085714285714288,1.822857142857143,1.4821428571428572,1.32,3.1077571428571438,1.4542857142857144,4.57,1.8571428571428568,1.9842857142857144,1.872228571428572,4.7,2.68,1.8571428571428568,1.3008,1.51,1.595,2.62,1.53,2.22,2.53,3.39,3.08,3.26,1.9449142857142856,2.2471428571428573,2.1357142857142857,1.8571428571428568,4.31,2.1
45-4021.00,Fallers,2.071428571428572,2.4089285714285715,2.2342,1.894285714285714,4.31,3.06,1.05,2.45,2.56,4.88,1.92,3.84,1.0,3.66,3.41,4.2,2.044642857142857,1.6875,2.105,1.8571428571428568,3.939428571428572,1.8839285714285712,2.56,2.2071428571428573,2.524285714285714,2.02,4.94,1.3,1.8571428571428568,1.5541999999999998,2.900357142857142,1.706342857142857,4.13,1.67,3.33,1.78,4.4,4.84,4.02,2.1492,2.607142857142857,2.3192,2.028485714285714,4.97,1.85
45-4022.00,Logging Equipment Operators,2.225714285714286,2.7142857142857144,2.354914285714286,1.3785714285714286,3.64,2.27,1.0,2.53,1.37,3.67,2.4,2.76,1.0,3.82,2.92,3.93,2.25,1.7142857142857144,1.3008,1.25,2.9950857142857137,1.7734857142857143,4.87,1.9449142857142856,2.571428571428571,2.0028571428571427,4.23,2.01,1.9449142857142856,1.6875,2.6950857142857143,1.822857142857143,2.4,1.7,1.43,4.36,2.0,4.98,1.85,1.268571428571429,1.7734857142857143,1.6428571428571428,1.9085714285714288,4.59,1.44
45-4023.00,Log Graders and Scalers,1.7857142857142856,1.8914285714285717,1.7734857142857143,1.3008,3.66,1.84,1.04,2.33,1.34,3.98,1.79,3.01,1.03,3.68,3.92,1.81,1.9449142857142856,1.7857142857142856,1.3392000000000002,1.2208,2.7185,1.335714285714286,3.42,1.7857142857142856,1.837942857142857,2.596342857142857,4.96,2.4,1.9449142857142856,1.1257142857142857,1.4249999999999998,1.32,2.75,1.32,2.39,3.04,3.35,4.26,3.07,1.3392000000000002,1.5892857142857142,1.4249999999999998,1.8057142857142856,4.83,1.72
47-1011.00,First-Line Supervisors of Construction Trades and Extraction Workers,1.8057142857142856,1.8571428571428568,1.4928571428571429,1.231428571428571,3.88,2.41,1.05,3.55,2.95,4.18,2.84,3.46,1.15,4.11,4.21,2.46,1.9085714285714288,1.8571428571428568,1.2036571428571428,1.2857142857142856,2.994142857142857,1.6063428571428573,4.26,1.9085714285714288,1.8057142857142856,2.216428571428572,4.43,2.55,1.8571428571428568,1.24,1.4017857142857142,1.335714285714286,2.66,2.02,2.39,2.58,3.62,3.2,3.14,1.32,1.4017857142857142,1.5357142857142858,1.8914285714285717,4.9,2.68
47-1011.03,Solar Energy Installation Managers,1.9085714285714288,1.8571428571428568,1.6063428571428573,1.25,3.6,2.91,1.05,2.8,3.73,3.36,3.91,3.17,1.05,3.3,4.07,2.24,2.0028571428571427,1.6875,1.4691999999999998,1.6063428571428573,3.579142857142857,1.4435714285714285,4.31,1.822857142857143,1.7200000000000002,2.25,4.42,3.09,1.8057142857142856,1.24,1.4017857142857142,1.25,2.9,2.79,2.78,2.43,3.92,3.61,3.18,1.3392000000000002,1.4435714285714285,1.5614285714285714,2.125,3.96,2.82
47-2011.00,Boilermakers,2.178571428571429,2.7142857142857144,1.7734857142857143,1.5300000000000002,3.22,3.37,1.4,2.99,3.18,3.27,3.06,3.61,1.47,3.44,4.21,1.95,1.8571428571428568,2.178571428571429,1.5785714285714287,1.7734857142857143,2.508571428571429,1.7734857142857143,3.42,2.178571428571429,2.1228571428571428,2.7142857142857144,3.27,2.51,1.8571428571428568,1.2857142857142856,1.8571428571428568,1.3571428571428572,2.86,2.83,3.1,2.09,4.09,3.42,3.39,1.5693714285714286,1.8571428571428568,1.8571428571428568,1.9657142857142855,4.62,3.43
47-2021.00,Brickmasons and Blockmasons,2.225714285714286,1.822857142857143,1.6875,2.216428571428572,4.15,3.2,1.14,3.55,3.4,4.59,4.27,3.61,1.25,4.54,4.42,2.39,1.8571428571428568,1.9642857142857144,1.7857142857142856,1.9085714285714288,3.7945,1.5207142857142857,2.18,2.2767857142857144,2.216428571428572,2.422142857142857,4.97,3.02,1.6391999999999998,1.197142857142857,1.7734857142857143,1.32,4.11,4.15,2.91,1.38,4.86,4.37,3.39,1.822857142857143,2.571428571428571,2.765714285714286,2.4522285714285714,5.0,3.51
47-2022.00,Stonemasons,2.2342857142857144,1.8571428571428568,1.7734857142857143,2.044642857142857,4.45,3.36,1.1,3.38,2.22,4.31,3.19,2.97,1.02,4.33,3.83,3.13,2.02,1.9642857142857144,1.7734857142857143,1.7934857142857146,3.6896,1.4017857142857142,2.86,2.422142857142857,2.02,2.44,4.76,2.66,1.7036571428571428,1.335714285714286,1.7200000000000002,1.3571428571428572,4.23,2.49,2.81,1.08,4.69,4.71,2.9,2.1677714285714287,3.091428571428572,2.596342857142857,2.265085714285714,4.98,3.36
47-2031.00,Carpenters,2.2928571428571427,2.06,1.7200000000000002,1.8057142857142856,3.9,2.57,1.66,2.64,2.68,3.7,3.53,2.93,1.35,4.26,3.43,2.54,2.02,2.31,1.4691999999999998,1.655,3.6012142857142853,1.5785714285714287,2.59,2.4971428571428573,2.19,2.31,3.91,2.98,1.8914285714285717,1.3392000000000002,1.9449142857142856,1.5785714285714287,3.59,2.95,3.09,1.44,4.6,4.07,3.37,1.6063428571428573,2.2308,2.25,2.645714285714285,4.93,2.81
47-2041.00,Carpet Installers,2.0028571428571427,1.7734857142857143,1.68,1.8914285714285717,4.14,3.63,1.57,2.77,1.9,2.84,1.51,3.5,1.0,3.51,2.42,1.53,1.822857142857143,1.872228571428572,1.6714285714285717,1.47,4.251885714285714,1.4179428571428572,3.15,1.9257142857142855,1.8328571428571427,2.1142857142857143,2.06,1.64,1.595,1.197142857142857,1.3392000000000002,1.3571428571428572,3.77,1.27,4.46,1.37,2.24,4.73,2.5,1.9085714285714288,2.517857142857143,2.354914285714286,2.125,3.43,1.53
47-2042.00,"Floor Layers, Except Carpet, Wood, and Hard Tiles",2.02,1.7200000000000002,1.3438428571428571,1.6575,4.34,3.84,1.32,2.52,1.79,3.79,1.13,2.69,1.0,3.01,1.69,1.45,1.5184857142857142,1.836785714285714,1.2825,1.1734857142857142,2.923142857142857,1.2049142857142856,2.35,1.9524142857142857,1.6706285714285714,2.25,1.76,1.47,1.2825,1.0357142857142856,1.2857142857142856,1.09,4.03,1.0,4.32,1.6,2.73,4.89,2.13,1.4564285714285714,1.9524142857142857,1.94,1.94,2.65,2.2
47-2043.00,Floor Sanders and Finishers,2.131428571428572,2.1228571428571428,1.4906285714285716,1.822857142857143,4.9,3.23,1.24,2.32,3.14,4.01,2.03,2.86,1.1,4.56,2.55,3.81,1.6875,1.9257142857142855,1.6714285714285717,1.335714285714286,3.4166,1.147857142857143,2.76,2.0779428571428573,2.1228571428571428,2.0028571428571427,1.85,1.95,1.5508,1.1408,1.8571428571428568,1.1785714285714286,4.69,1.94,4.56,1.79,4.12,4.88,4.2,2.0028571428571427,1.9449142857142856,2.4522285714285714,1.7385714285714284,4.53,3.51
47-2044.00,Tile and Stone Setters,1.9085714285714288,1.8571428571428568,1.5207142857142857,1.5357142857142858,4.2,2.97,1.07,3.12,1.53,3.29,2.23,2.9,1.0,4.25,3.12,1.58,1.9449142857142856,1.9449142857142856,1.6875,1.6714285714285717,3.0500000000000003,1.25,1.6,1.9085714285714288,1.9449142857142856,2.265085714285714,2.81,2.44,1.5625,1.1071428571428572,1.5892857142857142,1.3571428571428572,4.28,2.1,4.47,1.43,4.05,4.9,2.53,1.872228571428572,1.9842857142857144,2.1492,2.4732142857142856,4.91,2.04
47-2051.00,Cement Masons and Concrete Finishers,2.071428571428572,2.1142857142857143,1.7857142857142856,1.9642857142857144,4.51,2.83,1.19,3.1,1.95,3.89,2.7,3.37,1.25,4.43,4.29,3.31,1.9085714285714288,1.872228571428572,1.7857142857142856,1.4821428571428572,3.850457142857143,1.3571428571428572,3.28,2.3906285714285715,2.216428571428572,2.31,4.81,2.92,1.7734857142857143,1.1734857142857142,1.8571428571428568,1.3706285714285715,4.12,1.79,3.83,1.39,4.82,4.93,4.4,1.9257142857142855,2.211428571428572,2.6696428571428568,2.044642857142857,4.44,2.95
47-2053.00,Terrazzo Workers and Finishers,2.0608,1.9842857142857144,1.6714285714285717,1.8914285714285717,3.82,2.48,1.28,2.69,3.17,3.36,1.64,2.54,1.1,4.4,2.85,2.69,1.9642857142857144,2.044642857142857,1.625,1.4179428571428572,3.7760142857142855,1.2857142857142856,1.78,2.327857142857143,2.071428571428572,2.1607142857142856,1.97,1.76,1.7734857142857143,1.1408,1.7734857142857143,1.1885714285714286,3.79,1.53,3.79,1.25,4.38,4.78,3.07,1.9449142857142856,2.1750857142857143,2.3392857142857144,1.9449142857142856,4.84,2.26
47-2061.00,Construction Laborers,2.1142857142857143,2.086428571428572,1.8571428571428568,1.9449142857142856,4.19,3.27,1.04,3.59,2.6,4.34,2.21,2.9,1.1,4.12,4.48,2.91,1.9085714285714288,1.9085714285714288,1.6364285714285711,1.655,3.142,1.2857142857142856,3.02,2.5428571428571427,2.265085714285714,2.044642857142857,4.63,3.22,1.4821428571428572,1.3392000000000002,1.837942857142857,1.3785714285714286,2.62,1.76,2.22,1.49,4.65,4.18,2.71,1.9449142857142856,2.571428571428571,2.205357142857143,1.7734857142857143,4.94,2.48
47-2071.00,"Paving, Surfacing, and Tamping Equipment Operators",1.8571428571428568,2.524285714285714,1.8914285714285717,1.4435714285714285,4.22,2.88,2.5,3.54,2.58,4.26,2.41,4.0,1.63,4.23,4.15,4.26,1.9085714285714288,1.8057142857142856,1.4906285714285716,1.3008,2.4484,1.7200000000000002,3.87,1.822857142857143,2.36,1.7734857142857143,4.3,2.79,1.7200000000000002,1.4017857142857142,2.125,1.6714285714285717,3.61,2.38,2.43,3.08,3.21,4.23,2.9,1.595,1.9842857142857144,1.9842857142857144,1.8571428571428568,4.25,2.27
47-2072.00,Pile Driver Operators,1.9257142857142855,2.782857142857143,2.7142857142857144,1.595,4.54,3.2,1.3,3.32,2.59,4.39,3.0,3.46,1.22,4.78,4.04,3.71,1.9449142857142856,1.822857142857143,1.5625,1.4179428571428572,3.741057142857143,1.6875,3.15,2.1228571428571428,2.7142857142857144,1.8571428571428568,4.98,2.37,1.7734857142857143,1.6364285714285711,2.645714285714285,1.7857142857142856,3.21,1.81,2.72,3.1,3.31,4.55,2.9,1.3785714285714286,1.655,1.6063428571428573,1.9842857142857144,4.98,2.98
47-2073.00,Operating Engineers and Other Construction Equipment Operators,2.044642857142857,2.8363428571428573,2.662857142857143,1.3392000000000002,4.51,2.4,1.15,2.91,2.74,4.69,1.75,3.36,1.05,3.83,3.63,3.94,2.216428571428572,1.8571428571428568,1.2857142857142856,1.2142857142857144,3.4695714285714288,1.8571428571428568,4.01,1.9842857142857144,2.645714285714285,2.44,5.0,2.41,1.9449142857142856,1.4435714285714285,2.3192,1.8057142857142856,3.07,1.51,1.79,3.16,2.79,4.65,2.02,1.3008,1.8571428571428568,1.6875,1.9842857142857144,4.98,2.59
47-2081.00,Drywall and Ceiling Tile Installers,2.1677714285714287,1.9085714285714288,1.6875,1.7385714285714284,3.45,3.09,1.24,2.96,1.74,3.33,3.17,2.8,1.28,4.07,3.36,1.83,1.8571428571428568,2.044642857142857,1.7734857142857143,2.1607142857142856,3.020885714285714,1.268571428571429,1.5,2.216428571428572,1.9085714285714288,2.216428571428572,3.13,2.87,1.7485714285714289,1.1106285714285715,1.7200000000000002,1.3125,3.62,3.37,3.01,1.32,4.86,4.74,3.97,1.9449142857142856,2.0028571428571427,2.216428571428572,2.125,4.1,2.65
47-2082.00,Tapers,1.9085714285714288,1.6714285714285717,1.3392000000000002,1.2142857142857144,4.12,3.33,1.34,3.25,1.67,2.54,3.72,2.75,1.03,3.71,3.24,1.37,1.51,1.7734857142857143,1.5357142857142858,1.6063428571428573,1.9617142857142855,1.24,2.76,1.9085714285714288,1.7934857142857146,2.1492,1.91,2.32,1.32,1.1792,1.28,1.231428571428571,3.64,3.2,2.87,1.2,4.78,4.7,3.77,1.5625,1.4928571428571429,1.9842857142857144,1.4691999999999998,4.1,2.67
47-2111.00,Electricians,2.1677714285714287,1.9842857142857144,1.822857142857143,1.5892857142857142,4.5,4.4,1.2,3.75,4.59,4.04,3.69,4.47,1.07,4.5,4.17,2.42,2.1635714285714283,2.2767857142857144,1.7734857142857143,1.8571428571428568,3.802057142857143,1.6364285714285711,3.52,2.044642857142857,1.8571428571428568,2.765714285714286,4.13,3.83,1.8914285714285717,1.25,1.8057142857142856,1.36,4.68,4.2,3.75,1.81,4.55,4.94,4.23,1.75,1.8125,2.1492,2.36,4.95,3.22
47-2121.00,Glaziers,2.337142857142857,1.9449142857142856,1.7734857142857143,1.4542857142857144,3.59,3.06,1.4,3.15,2.52,3.59,3.77,3.33,1.13,3.96,3.99,2.3,1.8571428571428568,1.8571428571428568,1.5300000000000002,1.8571428571428568,3.635628571428571,1.3392000000000002,3.18,2.0028571428571427,2.0608,2.375,4.44,3.77,1.4017857142857142,1.1785714285714286,1.4017857142857142,1.1785714285714286,3.66,3.47,3.48,1.67,4.28,4.75,3.15,1.6364285714285711,1.9085714285714288,2.0608,1.8914285714285717,4.74,3.32
47-2131.00,"Insulation Workers, Floor, Ceiling, and Wall",1.9257142857142855,1.9642857142857144,1.7857142857142856,1.7036571428571428,4.12,3.78,1.06,2.89,2.66,2.93,3.69,3.91,1.03,3.75,4.03,1.52,1.7734857142857143,1.822857142857143,1.7734857142857143,2.02,3.5582142857142856,1.4821428571428572,3.68,2.1142857142857143,2.1142857142857143,1.8914285714285717,3.89,3.39,1.7036571428571428,1.268571428571429,1.6875,1.4285714285714286,3.13,3.26,3.37,1.67,4.63,4.26,3.13,1.7857142857142856,1.8571428571428568,2.1492,1.9085714285714288,3.99,4.31
47-2132.00,"Insulation Workers, Mechanical",1.9449142857142856,1.7385714285714284,1.6063428571428573,1.51,3.98,3.98,1.48,3.23,2.53,2.87,3.84,3.38,1.01,3.87,3.65,1.23,1.7200000000000002,1.8571428571428568,1.8571428571428568,1.872228571428572,4.082285714285715,1.4542857142857144,1.88,1.9085714285714288,1.9085714285714288,1.9449142857142856,3.29,2.67,1.6063428571428573,1.1071428571428572,1.32,1.2208,3.94,4.52,3.05,1.46,4.71,4.56,3.17,1.6875,1.9085714285714288,2.105,1.7734857142857143,4.92,3.81
47-2141.00,"Painters, Construction and Maintenance",2.178571428571429,1.7200000000000002,1.32,1.6391999999999998,4.01,3.05,1.69,2.68,2.82,2.34,3.95,2.34,1.04,3.03,3.13,1.39,1.8057142857142856,1.8057142857142856,1.8571428571428568,1.8571428571428568,3.1316,1.1607142857142858,1.11,1.9085714285714288,1.822857142857143,2.02,2.87,2.37,1.2857142857142856,1.0942857142857143,1.2857142857142856,1.1785714285714286,3.79,4.13,3.5,1.06,4.94,4.64,3.8,1.7734857142857143,1.8057142857142856,1.9449142857142856,1.7734857142857143,3.84,2.53
47-2142.00,Paperhangers,2.1142857142857143,1.9449142857142856,1.51,1.4179428571428572,3.24,2.83,1.44,2.89,2.43,2.32,3.38,2.9,1.0,3.05,2.9,1.19,1.6391999999999998,2.0028571428571427,1.837942857142857,1.9257142857142855,3.6577428571428574,1.1735714285714285,2.45,2.216428571428572,2.02,2.216428571428572,2.75,2.22,1.5785714285714287,1.0885714285714283,1.1222285714285714,1.2036571428571428,3.76,4.28,3.49,1.56,4.44,4.55,3.15,1.7200000000000002,1.6665142857142858,2.044642857142857,1.8057142857142856,4.23,3.24
47-2151.00,Pipelayers,2.071428571428572,2.1142857142857143,1.8571428571428568,1.4017857142857142,3.33,3.42,1.81,2.62,2.14,3.18,1.31,2.15,1.0,4.03,4.17,2.68,1.7734857142857143,1.8571428571428568,1.4435714285714285,1.4017857142857142,3.4338,1.2857142857142856,2.49,1.8571428571428568,1.8571428571428568,1.8571428571428568,4.9,2.26,1.7200000000000002,1.2857142857142856,1.8571428571428568,1.4249999999999998,3.77,2.57,2.89,1.66,4.37,3.72,3.31,1.8571428571428568,2.044642857142857,1.9285714285714288,1.8571428571428568,5.0,2.6
47-2152.00,"Plumbers, Pipefitters, and Steamfitters",2.0028571428571427,1.9085714285714288,1.625,1.822857142857143,4.42,3.8,2.09,3.48,3.15,3.91,3.78,3.7,1.25,4.06,3.57,2.58,2.0608,2.1677714285714287,1.5508,1.6714285714285717,3.3944,1.5614285714285714,2.32,2.1607142857142856,1.9085714285714288,2.216428571428572,3.89,3.42,1.8914285714285717,1.28,1.655,1.5300000000000002,3.83,3.75,3.21,1.36,4.69,4.76,3.86,1.625,1.8914285714285717,2.105,2.205357142857143,4.9,3.55
47-2152.04,Solar Thermal Installers and Technicians,2.086428571428572,1.8728571428571428,1.5785714285714287,1.6875,2.59,3.36,1.09,3.33,3.08,3.1,3.95,2.59,1.27,2.72,3.46,1.53,1.9449142857142856,1.9449142857142856,1.655,1.7036571428571428,2.6,1.6063428571428573,3.63,1.8571428571428568,1.655,2.2928571428571427,4.17,3.0,1.8728571428571428,1.1885714285714286,1.5614285714285714,1.4017857142857142,2.97,3.16,3.31,2.42,3.68,3.9,2.86,1.51,1.8057142857142856,1.8914285714285717,2.096342857142857,3.35,2.47
47-2161.00,Plasterers and Stucco Masons,2.1228571428571428,1.8914285714285717,1.4542857142857144,1.872228571428572,2.91,2.38,1.22,2.54,2.11,3.76,3.45,3.63,1.01,4.13,3.31,1.47,1.7734857142857143,1.8571428571428568,1.7857142857142856,1.9257142857142855,3.176457142857143,1.4179428571428572,3.04,2.31,2.0028571428571427,2.2767857142857144,4.35,1.97,1.5785714285714287,1.2142857142857144,1.7200000000000002,1.231428571428571,3.49,3.03,3.13,1.23,4.62,4.9,3.06,1.9085714285714288,2.1635714285714283,2.2928571428571427,1.9085714285714288,4.16,2.56
47-2171.00,Reinforcing Iron and Rebar Workers,2.1142857142857143,2.044642857142857,1.7734857142857143,1.9085714285714288,3.68,3.24,1.53,2.86,3.21,3.29,3.64,4.22,2.01,4.18,4.42,1.97,1.7734857142857143,2.0028571428571427,1.8571428571428568,1.7857142857142856,3.979242857142857,1.4691999999999998,1.86,2.265085714285714,2.327857142857143,2.0608,4.6,2.22,1.5785714285714287,1.22,2.0028571428571427,1.4435714285714285,4.06,2.81,3.21,1.32,4.1,4.58,3.86,2.105,2.645714285714285,2.5428571428571427,1.8914285714285717,4.49,3.51
47-2181.00,Roofers,2.1142857142857143,1.9085714285714288,1.8057142857142856,1.51,4.31,3.05,1.17,3.37,3.82,3.81,4.9,3.71,1.29,4.11,4.19,1.64,1.9449142857142856,1.9449142857142856,2.0608,2.7142857142857144,4.0176,1.3125,2.97,2.1142857142857143,2.1607142857142856,2.265085714285714,4.98,2.2,1.7734857142857143,1.1734857142857142,1.837942857142857,1.25,3.76,3.3,3.65,1.68,3.87,4.09,3.51,2.044642857142857,1.9842857142857144,2.4732142857142856,1.8571428571428568,4.46,3.24
47-2211.00,Sheet Metal Workers,2.02,1.9842857142857144,1.8571428571428568,1.51,4.41,2.77,1.19,2.4,2.95,3.66,2.22,4.11,1.49,4.28,2.88,2.23,1.8571428571428568,2.0028571428571427,1.5785714285714287,1.5892857142857142,2.9301142857142857,1.3571428571428572,1.6,2.0608,2.105,2.265085714285714,2.51,2.42,1.8571428571428568,1.157142857142857,1.8571428571428568,1.4179428571428572,3.74,1.72,2.46,1.48,4.84,4.57,3.36,1.8057142857142856,1.9842857142857144,1.9449142857142856,2.4971428571428573,4.95,2.72
47-2221.00,Structural Iron and Steel Workers,2.662857142857143,2.645714285714285,2.4732142857142856,2.4035714285714285,4.35,3.86,1.4,4.07,3.45,4.3,4.66,4.19,1.47,4.82,4.53,2.65,2.4035714285714285,2.4522285714285714,1.9449142857142856,2.524285714285714,4.041314285714286,1.9642857142857144,2.67,2.662857142857143,2.782857142857143,2.607142857142857,4.8,3.29,1.8914285714285717,1.5614285714285714,2.3857142857142857,1.4906285714285716,3.72,3.38,3.03,1.61,4.61,4.73,3.85,2.1142857142857143,3.005714285714286,2.596342857142857,2.662857142857143,5.0,4.45
47-2231.00,Solar Photovoltaic Installers,1.9642857142857144,1.822857142857143,1.5785714285714287,1.4821428571428572,3.05,3.69,1.29,3.59,4.25,4.24,4.55,3.47,1.64,3.97,4.08,2.25,1.8057142857142856,1.9642857142857144,1.4821428571428572,1.8571428571428568,3.947971428571429,1.4,4.19,2.0028571428571427,1.9085714285714288,2.2767857142857144,4.69,3.72,1.9449142857142856,1.25,1.44,1.3571428571428572,3.55,3.35,3.58,2.16,4.27,4.55,3.12,1.6063428571428573,1.9449142857142856,1.9449142857142856,2.354914285714286,4.79,3.49
47-3011.00,"Helpers--Brickmasons, Blockmasons, Stonemasons, and Tile and Marble Setters",1.9792,1.8571428571428568,1.8914285714285717,1.8571428571428568,4.4,3.45,1.37,3.19,2.51,4.09,4.15,3.4,1.55,4.45,3.93,2.9,1.9642857142857144,1.8571428571428568,1.7734857142857143,1.8571428571428568,4.107314285714286,1.4435714285714285,1.83,1.9642857142857144,2.1607142857142856,2.02,4.32,2.85,1.6714285714285717,1.22,1.8057142857142856,1.4821428571428572,3.94,3.61,3.04,1.35,4.37,4.54,3.51,1.8571428571428568,2.4714285714285715,2.4035714285714285,1.9085714285714288,4.95,3.58
47-3012.00,Helpers--Carpenters,1.9642857142857144,1.822857142857143,1.822857142857143,1.7385714285714284,3.97,3.66,1.48,3.02,2.15,4.36,3.25,3.69,1.22,4.48,3.53,3.03,1.7734857142857143,1.822857142857143,1.6364285714285711,1.5785714285714287,3.739328571428572,1.5300000000000002,2.8,1.9257142857142855,1.9085714285714288,2.0608,4.16,2.96,1.4435714285714285,1.2142857142857144,1.8571428571428568,1.3008,3.6,3.16,3.19,1.6,4.62,4.65,3.13,1.6875,2.06,1.8571428571428568,1.9657142857142855,4.77,3.29
47-3013.00,Helpers--Electricians,2.105,2.0028571428571427,1.5357142857142858,1.5207142857142857,3.98,4.25,1.13,3.15,3.7,3.99,3.37,3.21,1.27,4.43,3.45,2.35,1.8057142857142856,2.105,1.7734857142857143,1.8571428571428568,3.4731428571428573,1.231428571428571,2.5,2.607142857142857,1.9642857142857144,2.662857142857143,3.95,3.77,1.4928571428571429,1.16,1.4821428571428572,1.197142857142857,3.45,3.86,3.79,1.55,4.62,4.72,3.95,1.5357142857142858,1.8057142857142856,2.0028571428571427,1.8914285714285717,4.91,2.76
47-3014.00,"Helpers--Painters, Paperhangers, Plasterers, and Stucco Masons",1.9792,1.5239285714285713,1.4959857142857145,1.7514285714285711,2.87,2.2,1.1,2.19,2.32,2.69,3.53,1.92,1.17,3.02,2.87,1.58,1.822857142857143,1.822857142857143,1.876342857142857,2.02,2.6448,1.4564285714285714,1.58,1.9792,1.8002714285714283,1.7857142857142856,3.96,2.83,1.4821428571428572,1.335714285714286,1.3803571428571428,1.2328571428571429,3.79,3.56,3.16,1.25,4.49,4.5,2.86,1.7514285714285711,2.2342,2.2342,1.5625,4.09,2.48
47-3015.00,"Helpers--Pipelayers, Plumbers, Pipefitters, and Steamfitters",2.02,1.8914285714285717,1.5625,1.6063428571428573,3.2,4.02,2.78,3.04,2.57,3.47,2.78,3.57,1.37,3.54,3.74,2.57,1.4542857142857144,1.822857142857143,1.5508,1.5508,3.457428571428571,1.2208,4.35,2.131428571428572,2.02,1.9642857142857144,4.48,3.36,1.268571428571429,1.1106285714285715,1.4249999999999998,1.268571428571429,4.11,2.36,3.8,1.89,4.24,4.64,3.14,1.5300000000000002,1.9657142857142855,2.044642857142857,1.9449142857142856,4.45,1.61
47-3016.00,Helpers--Roofers,1.8839285714285712,1.6875,1.8328571428571427,1.7822285714285715,3.94,2.75,1.18,2.7,2.86,3.32,4.51,3.5,3.02,3.55,3.93,2.29,1.822857142857143,1.9085714285714288,1.8571428571428568,2.4285714285714284,2.2155,1.5207142857142857,2.26,2.1142857142857143,1.9792,1.7036571428571428,4.5,2.97,1.7036571428571428,1.2592,1.7734857142857143,1.5207142857142857,3.94,2.7,3.98,1.75,4.57,4.68,3.66,1.9657142857142855,2.211428571428572,2.6185714285714288,1.9642857142857144,3.89,3.02
47-4011.00,Construction and Building Inspectors,1.2857142857142856,1.25,1.4285714285714286,1.1428571428571428,2.84,2.68,1.36,3.24,2.2,2.88,3.16,2.12,1.04,3.68,3.4,1.24,2.1357142857142857,1.1339285714285714,1.2857142857142856,1.3571428571428572,1.4457142857142855,1.2857142857142856,4.52,1.0942857142857143,1.2857142857142856,2.596342857142857,4.48,3.68,1.8571428571428568,1.16,1.197142857142857,1.32,2.24,2.12,2.16,2.8,3.36,2.16,2.92,1.268571428571429,1.16,1.3392000000000002,1.8571428571428568,4.32,1.96
47-4011.01,Energy Auditors,1.7200000000000002,1.8571428571428568,1.302857142857143,1.1885714285714286,3.31,3.24,1.24,3.55,1.97,2.24,2.62,2.17,1.03,2.75,3.29,1.24,1.8571428571428568,1.7734857142857143,1.231428571428571,1.268571428571429,2.202857142857143,1.3785714285714286,3.57,1.7734857142857143,1.6364285714285711,2.4035714285714285,3.72,2.76,1.8571428571428568,1.2036571428571428,1.1607142857142858,1.32,2.24,2.07,2.34,2.69,2.97,2.76,2.28,1.1734857142857142,1.3392000000000002,1.4435714285714285,1.8571428571428568,3.76,2.36
47-4021.00,Elevator and Escalator Installers and Repairers,2.1607142857142856,2.0028571428571427,1.6875,1.335714285714286,4.31,4.57,2.19,4.44,4.85,4.36,4.59,4.23,1.0,4.42,3.83,1.63,1.7734857142857143,2.1607142857142856,1.5357142857142858,1.9085714285714288,2.5216857142857143,1.5508,4.27,2.1228571428571428,1.9085714285714288,2.2928571428571427,3.26,2.56,1.837942857142857,1.0942857142857143,1.9085714285714288,1.32,4.43,2.68,3.5,2.16,4.03,4.84,3.59,1.394285714285714,1.5785714285714287,1.9449142857142856,2.125,4.57,2.49
47-4031.00,Fence Erectors,1.9257142857142855,1.9085714285714288,1.822857142857143,1.9449142857142856,3.29,3.28,1.36,2.82,1.98,4.24,3.83,3.12,1.13,4.34,3.77,3.26,1.6875,1.9642857142857144,1.7734857142857143,1.394285714285714,3.354742857142857,1.32,3.84,2.2767857142857144,2.216428571428572,1.9085714285714288,4.76,2.78,1.4542857142857144,1.25,1.822857142857143,1.3571428571428572,3.94,2.98,3.64,1.68,4.46,4.17,3.95,1.9449142857142856,2.36,2.524285714285714,1.837942857142857,4.94,2.6
47-4041.00,Hazardous Materials Removal Workers,2.1142857142857143,2.4732142857142856,1.837942857142857,1.4435714285714285,4.14,3.28,1.72,2.64,3.08,3.24,3.14,2.84,1.9,2.99,3.45,2.65,1.8571428571428568,1.822857142857143,1.4435714285714285,1.4435714285714285,2.904185714285714,1.5693714285714286,2.96,1.9642857142857144,2.275,2.216428571428572,3.58,3.32,1.8914285714285717,1.231428571428571,1.837942857142857,1.3008,3.1,3.11,3.13,2.25,3.87,3.85,3.62,1.4017857142857142,1.8914285714285717,1.8057142857142856,2.086428571428572,4.58,4.52
47-4051.00,Highway Maintenance Workers,2.02,2.5428571428571427,1.822857142857143,1.6714285714285717,4.65,2.74,2.05,3.65,2.41,4.33,2.29,3.66,1.19,4.63,4.24,4.02,1.9449142857142856,1.9085714285714288,1.595,1.32,1.8325714285714283,1.7734857142857143,4.46,2.0028571428571427,2.596342857142857,1.9642857142857144,4.94,2.02,1.822857142857143,1.2857142857142856,1.9449142857142856,1.625,4.12,1.91,2.24,2.77,3.95,4.49,3.41,1.9449142857142856,2.2308,1.9842857142857144,1.9449142857142856,4.86,2.19
47-4061.00,Rail-Track Laying and Maintenance Equipment Operators,2.1228571428571428,2.645714285714285,2.1492,1.9842857142857144,3.97,2.94,1.57,3.94,2.76,4.31,2.32,3.86,1.49,4.79,4.38,3.71,2.4035714285714285,1.872228571428572,1.8571428571428568,1.595,3.508642857142857,1.822857142857143,4.13,2.225714285714286,2.571428571428571,2.02,4.95,2.03,2.0028571428571427,1.2857142857142856,2.354914285714286,1.595,3.75,1.48,2.83,2.36,3.79,4.35,3.26,1.822857142857143,2.205357142857143,2.06,2.19,4.99,2.64
47-4071.00,Septic Tank Servicers and Sewer Pipe Cleaners,2.071428571428572,2.354914285714286,1.9792,1.7734857142857143,4.53,3.01,3.58,4.1,2.82,3.74,1.85,3.37,1.17,4.27,4.33,3.28,1.9085714285714288,1.8057142857142856,1.655,1.5357142857142858,2.568914285714285,1.9642857142857144,4.27,2.225714285714286,2.071428571428572,2.0028571428571427,4.95,2.49,1.8571428571428568,1.3571428571428572,2.125,1.5207142857142857,3.6,2.01,2.93,2.43,3.41,4.29,3.18,1.6364285714285711,1.9449142857142856,2.0,1.8571428571428568,4.5,2.43
47-4091.00,Segmental Pavers,2.0608,2.2071428571428573,1.7857142857142856,1.7200000000000002,3.17,1.85,1.31,2.76,1.93,3.16,1.82,2.48,1.03,4.11,3.71,1.71,1.7734857142857143,1.8328571428571427,1.5357142857142858,1.231428571428571,3.7876857142857134,1.5614285714285714,4.39,2.02,2.216428571428572,2.105,4.35,2.31,1.625,1.2592,1.8571428571428568,1.51,2.24,1.35,1.9,3.08,3.16,2.93,3.44,1.51,2.044642857142857,1.8914285714285717,1.8914285714285717,4.13,1.22
47-4099.03,Weatherization Installers and Technicians,1.9642857142857144,1.8914285714285717,1.872228571428572,1.4821428571428572,3.74,4.0,1.65,3.43,2.7,3.91,3.35,3.43,1.04,3.32,3.74,1.61,1.9449142857142856,1.8571428571428568,1.5357142857142858,1.51,3.132614285714286,1.4691999999999998,3.43,2.225714285714286,1.9449142857142856,2.4485714285714284,4.41,3.13,1.7734857142857143,1.1785714285714286,1.822857142857143,1.3392000000000002,3.26,2.61,3.39,1.91,3.96,3.96,3.17,1.5357142857142858,1.8057142857142856,1.9449142857142856,1.9449142857142856,4.57,4.0
47-5011.00,"Derrick Operators, Oil and Gas",2.229642857142857,2.645714285714285,2.4285714285714284,1.7200000000000002,4.99,3.79,1.01,4.24,4.62,4.83,4.61,4.73,2.16,4.94,4.68,3.78,2.0642,2.086428571428572,2.0060714285714285,2.1492,3.3967714285714283,2.2071428571428573,2.69,2.4260714285714284,2.662857142857143,2.044642857142857,4.99,3.11,2.086428571428572,1.394285714285714,2.571428571428571,1.5239285714285713,4.14,3.48,2.91,1.91,4.48,4.64,3.63,2.1607142857142856,2.5028571428571427,2.3392857142857144,2.086428571428572,5.0,4.05
47-5012.00,"Rotary Drill Operators, Oil and Gas",2.178571428571429,2.607142857142857,1.7734857142857143,1.5357142857142858,4.71,3.29,1.28,3.42,4.2,4.38,3.83,3.64,1.85,4.86,4.45,3.91,1.75,2.117857142857143,1.6124142857142856,1.625,3.877171428571428,1.6875,2.91,2.327857142857143,2.375,2.3906285714285715,4.97,3.71,1.9128571428571428,1.1885714285714286,1.9524142857142857,1.3571428571428572,3.36,2.72,2.07,1.75,4.36,4.53,2.85,1.4199142857142857,1.9077714285714285,1.7824999999999998,1.894285714285714,4.98,3.4
47-5013.00,"Service Unit Operators, Oil and Gas",2.2857142857142856,2.662857142857143,2.023657142857143,1.5300000000000002,4.77,4.12,1.43,3.57,4.54,4.58,3.93,4.07,2.18,4.63,4.61,2.59,2.0028571428571427,1.8914285714285717,1.6875,1.822857142857143,3.4696,2.1142857142857143,4.26,2.0608,2.422142857142857,2.216428571428572,5.0,3.09,2.1492,1.3008,2.1607142857142856,1.5300000000000002,3.86,3.43,2.63,1.84,4.3,4.25,3.35,1.625,1.9085714285714288,1.8571428571428568,1.9842857142857144,4.97,4.23
47-5022.00,"Excavating and Loading Machine and Dragline Operators, Surface Mining",2.225714285714286,2.782857142857143,2.662857142857143,1.6875,4.38,2.62,1.21,2.93,2.56,4.07,2.47,3.06,1.14,4.04,3.71,4.39,2.4732142857142856,2.1142857142857143,1.4249999999999998,1.3008,3.733714285714286,2.0028571428571427,4.04,2.283657142857143,2.8363428571428573,2.216428571428572,4.1,2.15,1.8571428571428568,2.0608,2.6950857142857143,2.1228571428571428,2.49,1.88,1.79,4.04,2.45,4.72,1.97,1.5207142857142857,2.071428571428571,1.8057142857142856,2.0,4.94,1.67
47-5023.00,"Earth Drillers, Except Oil and Gas",2.283657142857143,2.7142857142857144,2.354914285714286,1.1734857142857142,4.24,3.26,1.3,3.5,3.34,4.41,2.93,3.64,1.13,4.37,3.61,4.05,2.0028571428571427,1.9085714285714288,1.147857142857143,1.335714285714286,3.2386000000000004,1.9642857142857144,3.34,2.327857142857143,2.596342857142857,2.1607142857142856,4.36,1.89,2.19,1.268571428571429,2.596342857142857,1.5508,3.25,1.98,2.24,2.13,4.13,4.67,2.96,1.289285714285714,1.4691999999999998,1.6063428571428573,2.044642857142857,4.77,2.18
47-5032.00,"Explosives Workers, Ordnance Handling Experts, and Blasters",2.44,2.3392857142857144,2.0642,1.4821428571428572,4.38,2.3,1.17,3.48,4.83,4.13,2.86,3.05,1.0,4.21,4.25,3.38,2.065,2.375,1.4691999999999998,1.4928571428571429,3.714742857142857,1.8571428571428568,4.05,2.77,2.315,2.77,4.92,2.09,2.166785714285714,1.2142857142857144,2.5028571428571427,1.3034857142857144,3.39,1.5,2.87,1.82,4.27,4.52,3.3,1.4928571428571429,1.822857142857143,1.8571428571428568,2.028485714285714,5.0,2.59
47-5041.00,Continuous Mining Machine Operators,2.283657142857143,2.7142857142857144,2.25,1.625,5.0,3.99,1.23,3.99,3.48,4.76,2.45,2.86,1.0,4.82,2.72,3.59,2.19,1.8914285714285717,1.6063428571428573,1.2857142857142856,2.729242857142857,2.2071428571428573,2.9,2.1492,2.524285714285714,2.216428571428572,1.93,1.92,1.9842857142857144,1.3571428571428572,2.571428571428571,1.655,3.59,1.75,2.18,2.1,3.94,4.89,2.87,1.6875,2.0,1.9842857142857144,1.8571428571428568,5.0,3.15
47-5043.00,"Roof Bolters, Mining",2.337142857142857,2.782857142857143,2.327857142857143,1.9077714285714285,4.98,4.55,2.05,3.24,4.65,4.99,2.25,3.74,1.0,4.81,3.35,4.16,1.9449142857142856,1.8914285714285717,1.7385714285714284,1.9085714285714288,3.3049285714285714,1.8571428571428568,1.91,2.5428571428571427,2.524285714285714,2.225714285714286,2.28,2.28,1.625,1.4906285714285716,2.524285714285714,1.7385714285714284,4.59,1.71,2.65,1.19,4.91,4.99,4.34,1.9449142857142856,2.4035714285714285,2.1635714285714283,1.8571428571428568,5.0,3.56
47-5044.00,"Loading and Moving Machine Operators, Underground Mining",2.044642857142857,2.524285714285714,2.1357142857142857,1.4542857142857144,4.78,3.93,1.18,4.08,4.45,4.5,1.38,3.18,1.09,4.11,2.59,4.33,1.8571428571428568,1.7734857142857143,1.4928571428571429,1.32,2.537114285714286,1.8057142857142856,2.24,2.086428571428572,2.105,2.044642857142857,2.12,1.91,1.9085714285714288,1.4691999999999998,2.3192,1.595,3.83,1.72,2.13,3.27,2.75,4.62,2.73,1.6875,1.7200000000000002,1.9085714285714288,1.8571428571428568,4.67,3.21
47-5051.00,"Rock Splitters, Quarry",2.3906285714285715,2.1607142857142856,1.7734857142857143,1.9285714285714288,4.48,1.85,1.0,2.12,2.82,3.75,3.02,2.82,1.51,3.46,3.95,3.74,1.4821428571428572,1.8914285714285717,1.7521428571428572,1.6942857142857144,2.983942857142857,1.4691999999999998,1.85,2.086428571428572,2.265085714285714,2.044642857142857,4.77,2.46,1.625,1.157142857142857,1.9077714285714285,1.335714285714286,3.57,2.06,2.51,1.53,4.48,4.01,2.94,2.023657142857143,2.3392857142857144,2.2308,1.822857142857143,5.0,2.63
47-5071.00,"Roustabouts, Oil and Gas",2.0028571428571427,2.044642857142857,1.8571428571428568,1.4821428571428572,4.05,3.24,1.14,3.15,3.35,3.7,2.69,3.14,1.29,3.59,4.6,2.3,1.9642857142857144,1.8571428571428568,1.6364285714285711,1.822857142857143,3.102142857142857,1.8571428571428568,4.3,2.178571428571429,2.2767857142857144,2.071428571428572,4.98,2.65,1.8057142857142856,1.3392000000000002,1.822857142857143,1.302857142857143,3.76,1.88,2.97,1.77,4.16,4.69,3.09,1.9085714285714288,2.205357142857143,2.086428571428572,1.8571428571428568,5.0,2.65
47-5081.00,Helpers--Extraction Workers,2.283657142857143,2.4732142857142856,2.1492,1.8571428571428568,4.68,3.38,1.15,3.54,4.29,4.89,3.45,3.54,1.0,4.76,4.36,3.28,2.265085714285714,2.105,1.8571428571428568,1.8571428571428568,4.391071428571429,1.9449142857142856,4.0,2.392857142857143,2.524285714285714,2.1677714285714287,4.67,2.36,1.8328571428571427,1.4435714285714285,2.524285714285714,1.822857142857143,3.8,2.33,2.68,2.35,3.65,4.44,3.47,1.9085714285714288,2.4522285714285714,2.3857142857142857,1.9085714285714288,5.0,3.31
49-1011.00,"First-Line Supervisors of Mechanics, Installers, and Repairers",1.8571428571428568,1.8571428571428568,1.7734857142857143,1.268571428571429,3.81,2.36,1.37,2.17,2.74,3.54,2.43,2.67,1.47,3.97,3.42,1.69,2.044642857142857,1.8571428571428568,1.268571428571429,1.231428571428571,2.8979285714285714,1.8571428571428568,3.04,1.8571428571428568,1.8057142857142856,2.596342857142857,3.26,2.15,1.9449142857142856,1.1785714285714286,1.75,1.1885714285714286,3.13,1.72,2.32,3.11,3.01,3.78,2.89,1.25,1.4910714285714284,1.7385714285714284,2.1357142857142857,3.95,1.91
49-2011.00,"Computer, Automated Teller, and Office Machine Repairers",1.9842857142857144,1.9449142857142856,1.32,1.1785714285714286,3.18,3.18,1.19,2.12,2.27,1.59,1.26,2.49,1.03,2.2,2.55,1.06,1.595,2.2071428571428573,1.25,1.16,2.0911857142857144,1.3808,3.2,1.9449142857142856,1.625,2.596342857142857,2.25,1.44,1.7734857142857143,1.1408,1.2857142857142856,1.24,2.58,1.22,2.7,2.04,3.92,4.24,2.62,1.16,1.32,1.4179428571428572,2.19,2.0,1.1
49-2021.00,"Radio, Cellular, and Tower Equipment Installers and Repairers",2.105,1.9449142857142856,1.6364285714285711,1.3392000000000002,2.63,2.75,1.21,2.34,1.77,2.75,3.09,2.15,1.78,2.78,3.05,1.48,1.8914285714285717,2.044642857142857,1.4179428571428572,1.5625,3.4592857142857136,1.51,3.27,1.9257142857142855,1.837942857142857,2.3906285714285715,3.56,2.24,1.9085714285714288,1.2142857142857144,1.4928571428571429,1.3785714285714286,2.62,2.2,2.27,2.74,2.96,4.28,2.64,1.4,1.7734857142857143,1.8057142857142856,2.0342857142857143,3.89,2.5
49-2022.00,"Telecommunications Equipment Installers and Repairers, Except Line Installers",2.2767857142857144,2.0028571428571427,1.822857142857143,1.542142857142857,3.43,3.66,1.86,3.77,2.76,3.88,3.37,3.02,1.11,3.76,3.84,1.4,2.086428571428572,2.265085714285714,1.822857142857143,1.8571428571428568,2.802742857142857,1.7734857142857143,4.72,2.1677714285714287,2.0608,2.645714285714285,4.34,2.47,2.044642857142857,1.22,1.7200000000000002,1.4821428571428572,3.04,2.68,2.86,2.44,3.54,4.33,2.84,1.6875,1.8571428571428568,1.8914285714285717,2.205357142857143,4.08,2.73
49-2091.00,Avionics Technicians,2.0608,2.105,1.3214285714285714,1.25,3.57,3.13,1.12,2.69,3.52,3.02,2.42,2.98,1.39,3.73,2.59,1.26,1.8057142857142856,2.4035714285714285,1.2142857142857144,1.2142857142857144,2.723071428571429,1.7734857142857143,2.0,2.044642857142857,1.75,2.6185714285714288,2.68,2.12,1.822857142857143,1.0442857142857145,1.3008,1.077942857142857,2.85,2.17,2.65,2.98,3.11,4.22,2.48,1.197142857142857,1.3392000000000002,1.4435714285714285,2.2471428571428573,4.07,2.51
49-2092.00,"Electric Motor, Power Tool, and Related Repairers",2.31,2.1357142857142857,1.9285714285714288,1.4179428571428572,4.59,2.91,2.02,3.01,3.86,3.97,2.27,3.8,1.0,3.99,3.42,1.63,1.7734857142857143,2.7142857142857144,1.32,1.268571428571429,3.3533714285714287,2.044642857142857,2.55,2.4732142857142856,1.9449142857142856,2.5428571428571427,2.62,2.34,1.9085714285714288,1.157142857142857,1.9449142857142856,1.1785714285714286,3.06,2.0,3.02,1.91,4.4,4.64,2.9,1.394285714285714,1.7734857142857143,1.7036571428571428,2.1635714285714283,4.67,2.46
49-2093.00,"Electrical and Electronics Installers and Repairers, Transportation Equipment",2.5,2.0028571428571427,1.5508,1.24,4.19,3.91,1.16,2.78,3.43,3.89,2.18,3.76,1.1,4.09,3.29,1.68,1.8571428571428568,2.19,1.3392000000000002,1.3706285714285715,3.186657142857143,1.4435714285714285,2.88,2.1677714285714287,1.9642857142857144,2.7142857142857144,4.01,2.03,1.6428571428571428,1.077942857142857,1.3571428571428572,1.0885714285714283,3.75,2.31,3.86,2.27,3.98,4.76,3.32,1.268571428571429,1.3392000000000002,1.8057142857142856,1.8914285714285717,4.43,1.88
49-2094.00,"Electrical and Electronics Repairers, Commercial and Industrial Equipment",2.2767857142857144,1.8914285714285717,1.5785714285714287,1.32,3.66,3.01,1.03,2.37,3.34,3.61,2.69,2.89,1.26,4.07,2.34,1.55,1.8571428571428568,2.4522285714285714,1.2857142857142856,1.32,2.732542857142857,1.8057142857142856,1.99,2.4035714285714285,1.6063428571428573,2.6950857142857143,2.25,2.09,2.205357142857143,1.0714285714285714,1.6364285714285711,1.0714285714285714,2.88,1.92,2.58,2.66,3.6,4.0,3.04,1.2857142857142856,1.625,1.4910714285714284,2.205357142857143,5.0,2.45
49-2095.00,"Electrical and Electronics Repairers, Powerhouse, Substation, and Relay",2.2767857142857144,2.044642857142857,1.6364285714285711,1.3214285714285714,4.01,3.32,1.62,3.91,4.25,3.94,3.6,3.27,2.11,4.61,4.21,1.87,1.8571428571428568,2.0028571428571427,1.4017857142857142,1.4821428571428572,2.7314285714285718,1.4691999999999998,3.5,1.9449142857142856,1.6665142857142858,2.645714285714285,4.32,3.54,1.9449142857142856,1.1428571428571428,1.4249999999999998,1.1785714285714286,2.76,2.65,2.64,2.28,3.71,4.12,3.2,1.302857142857143,1.3392000000000002,1.6714285714285717,1.9285714285714288,4.98,3.47
49-2096.00,"Electronic Equipment Installers and Repairers, Motor Vehicles",2.5428571428571427,2.0608,1.4691999999999998,1.25,4.54,3.92,1.11,2.61,2.22,2.99,1.43,3.47,1.0,4.67,3.05,1.32,1.7734857142857143,2.5428571428571427,1.302857142857143,1.25,3.9406,1.8571428571428568,4.66,2.1607142857142856,1.9642857142857144,2.44,2.26,1.36,1.7734857142857143,1.1785714285714286,1.6364285714285711,1.268571428571429,3.73,1.24,3.25,2.07,4.09,4.64,3.42,1.25,1.5785714285714287,1.872228571428572,2.354914285714286,4.21,1.85
49-2097.00,Audiovisual Equipment Installers and Repairers,1.9085714285714288,1.822857142857143,1.5207142857142857,1.4249999999999998,3.61,3.47,1.07,2.83,2.79,2.61,2.63,2.79,1.0,3.01,3.2,1.38,2.0028571428571427,2.4035714285714285,1.3785714285714286,1.2000000000000002,3.0007,1.9449142857142856,3.89,1.9642857142857144,1.6063428571428573,2.4035714285714285,3.78,3.11,1.8057142857142856,1.197142857142857,1.22,1.28,3.36,3.25,3.25,2.29,3.93,3.97,2.74,1.32,1.51,1.5785714285714287,2.3392857142857144,2.87,1.52
49-2098.00,Security and Fire Alarm Systems Installers,2.0608,1.8571428571428568,1.4179428571428572,1.3392000000000002,2.87,2.94,1.8,2.92,2.07,2.79,3.11,2.42,1.0,3.77,3.49,1.66,1.8914285714285717,1.9842857142857144,1.32,1.4285714285714286,3.0271428571428576,1.5785714285714287,4.33,2.0608,1.9085714285714288,2.2928571428571427,3.43,2.52,1.822857142857143,1.1257142857142857,1.3008,1.32,2.36,3.46,2.12,1.66,4.33,3.75,2.76,1.3571428571428572,1.4435714285714285,1.7385714285714284,2.023657142857143,4.57,2.31
49-3011.00,Aircraft Mechanics and Service Technicians,2.4732142857142856,2.765714285714286,1.9285714285714288,1.5357142857142858,4.47,3.87,1.39,2.91,3.9,3.53,3.33,3.27,1.4,4.73,4.12,1.48,2.105,2.821428571428571,1.4179428571428572,1.4542857142857144,3.748428571428571,2.4035714285714285,3.2,2.7142857142857144,2.645714285714285,2.894285714285714,4.02,2.37,2.1492,1.231428571428571,1.9657142857142855,1.3785714285714286,3.51,3.11,3.21,2.5,4.0,4.59,3.52,1.4821428571428572,1.8914285714285717,1.9642857142857144,2.4714285714285715,4.66,3.07
49-3021.00,Automotive Body and Related Repairers,2.1607142857142856,1.9449142857142856,1.6875,1.5207142857142857,5.0,3.54,1.0,2.27,4.47,3.41,1.35,3.31,1.05,4.46,2.66,1.85,1.837942857142857,2.044642857142857,1.5357142857142858,1.4285714285714286,2.900428571428571,1.604285714285714,3.81,2.105,1.9085714285714288,2.2471428571428573,2.02,1.91,1.7734857142857143,1.25,1.6875,1.268571428571429,4.22,1.19,3.93,1.65,4.19,4.95,3.47,1.5508,1.8914285714285717,1.8914285714285717,2.3192,4.88,4.12
49-3022.00,Automotive Glass Installers and Repairers,1.8571428571428568,1.8571428571428568,1.7385714285714284,1.28,2.59,3.48,1.03,3.52,1.54,3.33,1.86,3.66,1.02,3.35,3.86,1.19,1.7734857142857143,1.8571428571428568,1.3785714285714286,1.1408,3.542628571428572,1.3008,4.64,1.9085714285714288,1.872228571428572,2.1607142857142856,4.75,3.86,1.4542857142857144,1.1885714285714286,1.302857142857143,1.22,3.19,1.67,2.23,2.18,3.93,4.1,2.73,1.4285714285714286,1.9449142857142856,1.7734857142857143,1.8571428571428568,4.98,2.1
49-3023.00,Automotive Service Technicians and Mechanics,2.31,2.31,1.625,1.625,4.83,4.18,1.18,2.86,4.36,4.16,1.23,3.96,1.03,4.58,3.62,1.71,1.625,2.524285714285714,1.32,1.32,3.421428571428572,1.8728571428571428,4.81,2.596342857142857,2.044642857142857,2.327857142857143,2.99,2.49,2.086428571428572,1.28,1.6875,1.4691999999999998,3.59,1.15,3.04,1.64,4.6,4.93,2.97,1.4542857142857144,1.7385714285714284,1.8571428571428568,2.2308,4.57,1.71
49-3031.00,Bus and Truck Mechanics and Diesel Engine Specialists,2.337142857142857,2.4732142857142856,1.9085714285714288,1.4017857142857142,4.8,4.35,1.65,3.24,3.49,4.29,2.88,3.83,1.03,4.58,4.2,2.38,1.8914285714285717,2.4893714285714283,1.3785714285714286,1.595,3.296785714285714,2.524285714285714,4.62,2.337142857142857,2.31,2.7142857142857144,4.29,2.97,1.8571428571428568,1.25,1.8571428571428568,1.25,4.41,2.38,3.95,1.76,4.4,4.79,3.68,1.6875,1.8914285714285717,2.0608,2.205357142857143,4.76,2.83
49-3041.00,Farm Equipment Mechanics and Service Technicians,2.4732142857142856,2.7142857142857144,1.8571428571428568,1.7036571428571428,4.62,4.19,1.27,3.33,3.27,4.1,2.2,3.34,1.18,4.51,3.78,2.37,1.7485714285714289,2.607142857142857,1.4435714285714285,1.3706285714285715,3.5784,2.3192,3.51,2.5,2.7142857142857144,2.5428571428571427,3.68,3.34,1.9085714285714288,1.231428571428571,1.8914285714285717,1.3785714285714286,4.24,1.98,3.52,1.86,4.41,4.67,3.41,1.625,2.125,2.086428571428572,2.596342857142857,4.83,1.87
49-3042.00,"Mobile Heavy Equipment Mechanics, Except Engines",2.2767857142857144,2.7142857142857144,1.8728571428571428,1.7734857142857143,4.69,4.49,1.59,3.74,3.53,4.55,2.79,4.21,1.07,4.44,4.44,3.5,1.9842857142857144,2.5428571428571427,1.8057142857142856,1.6875,3.6772,1.9657142857142855,4.06,2.7142857142857144,2.4971428571428573,2.596342857142857,4.49,2.26,2.086428571428572,1.2857142857142856,2.19,1.4542857142857144,4.1,2.0,3.5,1.86,4.23,4.65,3.08,1.4928571428571429,2.205357142857143,1.9842857142857144,2.4285714285714284,5.0,2.15
49-3043.00,Rail Car Repairers,2.44,2.5428571428571427,1.75,1.7734857142857143,4.48,3.43,1.1,4.46,3.42,4.04,3.55,3.94,1.79,4.57,4.29,1.87,1.9449142857142856,2.4035714285714285,1.822857142857143,1.8571428571428568,3.5188571428571427,1.8571428571428568,3.49,2.5428571428571427,2.4732142857142856,2.4035714285714285,4.26,2.83,2.0608,1.3008,2.3392857142857144,1.302857142857143,3.58,2.43,3.42,1.57,4.58,4.88,3.59,1.8571428571428568,2.2928571428571427,2.3392857142857144,2.1750857142857143,4.89,3.56
49-3051.00,Motorboat Mechanics and Service Technicians,2.178571428571429,2.4035714285714285,1.8571428571428568,1.3571428571428572,4.5,4.15,1.7,3.68,3.13,3.8,2.26,3.36,1.03,3.93,3.89,1.94,1.8571428571428568,2.31,1.268571428571429,1.231428571428571,3.519857142857143,2.125,3.47,2.178571428571429,2.125,2.2071428571428573,4.68,3.93,1.7734857142857143,1.1734857142857142,1.7200000000000002,1.197142857142857,3.14,2.22,3.11,1.84,4.3,4.48,3.36,1.4285714285714286,1.822857142857143,1.9085714285714288,2.023657142857143,3.9,1.86
49-3052.00,Motorcycle Mechanics,2.422142857142857,2.4522285714285714,1.5300000000000002,1.4017857142857142,4.98,3.94,1.0,2.55,3.43,3.61,1.19,3.85,1.0,4.74,3.81,2.32,1.5508,2.596342857142857,1.3571428571428572,1.1734857142857142,3.7094,2.4732142857142856,2.15,2.5428571428571427,1.9449142857142856,2.524285714285714,3.52,2.21,1.4691999999999998,1.0206285714285714,1.4691999999999998,1.25,4.3,1.11,3.76,1.62,4.88,5.0,3.84,1.3392000000000002,1.9449142857142856,1.9449142857142856,2.211428571428572,4.72,1.28
49-3053.00,Outdoor Power Equipment and Other Small Engine Mechanics,2.225714285714286,2.1142857142857143,1.6875,1.32,4.34,3.02,1.11,1.78,2.81,4.3,1.41,3.12,1.0,4.19,2.66,1.25,1.5785714285714287,2.4893714285714283,1.25,1.1408,2.777028571428572,1.8571428571428568,2.0,2.1677714285714287,1.9449142857142856,2.265085714285714,3.58,2.33,1.7200000000000002,1.1408,1.7734857142857143,1.2036571428571428,3.16,1.26,3.16,1.65,4.49,4.65,3.08,1.32,1.8571428571428568,1.75,2.3192,4.41,1.3
49-3091.00,Bicycle Repairers,2.225714285714286,1.9085714285714288,1.5207142857142857,1.394285714285714,4.14,2.13,1.0,1.87,2.33,3.31,1.3,3.06,1.0,3.92,2.26,1.01,1.5300000000000002,2.5428571428571427,1.268571428571429,1.268571428571429,3.615142857142857,1.3392000000000002,1.67,2.422142857142857,1.7036571428571428,2.283657142857143,1.68,1.71,1.5625,1.0442857142857145,1.3125,1.0357142857142856,2.93,1.3,2.26,1.85,4.5,4.94,2.44,1.25,1.8057142857142856,1.8057142857142856,2.5428571428571427,4.32,1.13
49-3092.00,Recreational Vehicle Service Technicians,1.9085714285714288,2.25,1.6364285714285711,1.32,3.37,3.46,1.63,2.85,3.06,3.92,2.91,3.59,1.0,3.2,3.34,1.18,1.8057142857142856,2.354914285714286,1.32,1.6665142857142858,2.697142857142857,1.875,3.56,2.283657142857143,1.8571428571428568,2.607142857142857,3.76,3.28,1.8571428571428568,1.1408,1.4542857142857144,1.2000000000000002,3.19,2.43,3.61,1.94,4.15,4.01,3.52,1.2857142857142856,1.7734857142857143,1.8571428571428568,1.9657142857142855,3.56,1.33
49-3093.00,Tire Repairers and Changers,1.6428571428571428,1.8571428571428568,1.5300000000000002,1.4542857142857144,4.37,3.51,1.65,2.6,3.31,3.79,1.81,2.78,1.23,3.89,4.25,2.13,1.7734857142857143,1.8914285714285717,1.394285714285714,1.24,2.9705142857142857,1.4179428571428572,3.72,2.1677714285714287,2.1228571428571428,2.105,2.91,2.75,1.394285714285714,1.197142857142857,1.8057142857142856,1.28,4.06,1.58,3.91,1.44,4.67,4.78,3.98,1.5625,2.3857142857142857,2.375,1.4821428571428572,3.96,1.25
49-9011.00,Mechanical Door Repairers,2.283657142857143,1.9449142857142856,1.7857142857142856,1.6364285714285711,3.72,3.33,1.29,3.55,2.62,4.05,4.1,3.72,1.2,3.72,4.16,1.81,1.7734857142857143,2.0608,1.822857142857143,1.822857142857143,3.0732000000000004,1.655,4.69,2.337142857142857,1.9085714285714288,2.327857142857143,4.14,3.72,1.655,1.197142857142857,1.7200000000000002,1.3785714285714286,3.41,3.63,3.08,2.01,4.03,4.32,2.82,1.6714285714285717,2.2308,2.216428571428572,2.0342857142857143,4.51,2.6
49-9012.00,"Control and Valve Installers and Repairers, Except Mechanical Door",2.0608,1.8571428571428568,1.7734857142857143,1.3392000000000002,3.91,3.65,1.76,3.83,3.97,3.88,2.68,3.71,1.66,4.09,3.99,1.98,1.8057142857142856,1.9449142857142856,1.3785714285714286,1.655,3.1976000000000004,1.5207142857142857,4.11,2.0028571428571427,1.9085714285714288,2.31,4.62,3.16,1.8571428571428568,1.1071428571428572,1.51,1.1885714285714286,3.27,2.08,2.93,2.77,3.38,4.45,2.84,1.3392000000000002,1.4435714285714285,1.4928571428571429,1.9285714285714288,4.96,2.93
49-9021.00,"Heating, Air Conditioning, and Refrigeration Mechanics and Installers",2.354914285714286,1.9842857142857144,1.6063428571428573,1.6171428571428572,4.08,3.88,1.75,3.36,3.59,3.8,3.89,3.45,1.24,3.57,3.95,1.59,1.7857142857142856,2.4035714285714285,1.4435714285714285,1.4285714285714286,3.2446,1.9657142857142855,3.25,2.2071428571428573,1.9642857142857144,2.4893714285714283,4.05,3.13,1.8571428571428568,1.32,1.6063428571428573,1.32,3.34,3.15,2.82,2.02,3.9,4.4,3.09,1.5785714285714287,2.023657142857143,1.8914285714285717,2.2308,4.6,2.53
49-9031.00,Home Appliance Repairers,2.4893714285714283,1.8914285714285717,1.4821428571428572,1.2857142857142856,3.87,4.1,1.49,3.09,3.06,2.87,1.42,3.89,1.16,2.55,3.87,1.26,1.5625,2.4732142857142856,1.3785714285714286,1.268571428571429,3.4932571428571437,1.905,4.2,2.327857142857143,1.8571428571428568,2.2767857142857144,3.49,2.89,1.7734857142857143,1.2142857142857144,1.3392000000000002,1.16,3.27,1.4,3.45,2.4,3.22,4.59,2.73,1.595,1.822857142857143,1.8571428571428568,2.205357142857143,2.43,1.11
49-9041.00,Industrial Machinery Mechanics,2.327857142857143,2.596342857142857,1.8057142857142856,1.4928571428571429,4.1,2.93,1.3,2.52,3.37,4.06,3.08,3.99,1.13,3.94,3.21,1.67,1.7734857142857143,2.596342857142857,1.655,1.625,3.067,2.3392857142857144,2.14,2.4893714285714283,2.354914285714286,2.5428571428571427,2.69,2.1,1.822857142857143,1.268571428571429,2.524285714285714,1.25,2.6,1.99,2.38,2.18,3.95,4.45,3.45,1.5508,1.9449142857142856,1.9085714285714288,2.2857142857142856,4.65,2.5
49-9043.00,"Maintenance Workers, Machinery",2.392857142857143,2.0028571428571427,1.655,1.32,4.38,3.46,1.44,2.86,3.71,3.86,2.97,2.59,1.08,4.35,3.45,1.6,1.7734857142857143,1.8571428571428568,1.32,1.32,3.071214285714285,1.595,2.4,2.02,1.9085714285714288,2.105,2.91,2.34,1.8571428571428568,1.1428571428571428,1.8057142857142856,1.268571428571429,2.99,2.38,2.85,1.93,4.3,4.13,3.6,1.3785714285714286,1.8571428571428568,1.8571428571428568,1.9449142857142856,4.95,2.87
49-9044.00,Millwrights,2.337142857142857,2.645714285714285,1.8057142857142856,1.8571428571428568,4.32,4.09,1.68,4.05,3.77,4.5,3.86,3.67,1.95,4.77,4.14,2.77,1.9449142857142856,2.645714285714285,1.8057142857142856,1.8571428571428568,4.090214285714286,2.086428571428572,3.09,2.782857142857143,2.596342857142857,2.7142857142857144,4.36,3.73,1.9449142857142856,1.2857142857142856,2.023657142857143,1.4285714285714286,3.91,2.73,3.45,1.82,4.27,4.68,3.09,1.5785714285714287,2.422142857142857,2.327857142857143,2.596342857142857,5.0,4.23
49-9045.00,"Refractory Materials Repairers, Except Brickmasons",2.269914285714286,2.105,1.6706285714285714,1.3803571428571428,5.0,3.62,1.83,4.47,4.41,4.48,3.93,4.38,1.98,4.81,4.74,3.49,1.7385714285714284,1.894285714285714,1.625,1.9257142857142855,3.696485714285714,1.6403571428571428,2.05,2.105,2.0642,2.2071428571428573,2.98,2.72,1.7385714285714284,1.157142857142857,1.8406285714285715,1.2825,4.58,2.78,2.66,1.51,4.38,4.45,3.83,1.5541999999999998,1.595,1.9642857142857144,1.8057142857142856,5.0,4.53
49-9051.00,Electrical Power-Line Installers and Repairers,2.4485714285714284,2.4732142857142856,1.8571428571428568,1.5677714285714286,3.74,3.62,1.17,4.43,4.93,4.75,4.82,4.33,1.49,4.54,4.32,3.22,2.1492,2.4035714285714285,1.7385714285714284,1.9085714285714288,4.098228571428572,1.595,4.5,2.265085714285714,2.7142857142857144,2.662857142857143,5.0,1.9,1.7857142857142856,1.2592,2.023657142857143,1.5693714285714286,3.4,3.1,2.3,2.13,4.19,4.3,2.45,1.9449142857142856,2.1750857142857143,1.9449142857142856,1.9449142857142856,4.99,4.69
49-9052.00,Telecommunications Line Installers and Repairers,2.0608,2.0342857142857143,1.6875,1.4435714285714285,4.17,3.79,2.34,3.4,3.67,4.13,4.0,3.67,1.58,3.44,4.1,2.16,1.822857142857143,1.8571428571428568,1.4906285714285716,1.7385714285714284,3.0425,1.4179428571428572,4.8,2.0028571428571427,2.086428571428572,2.265085714285714,4.83,3.58,1.8571428571428568,1.25,1.5508,1.3571428571428572,3.54,3.16,2.93,2.16,3.92,4.59,3.25,1.4179428571428572,1.8571428571428568,1.872228571428572,1.8914285714285717,4.77,3.04
49-9061.00,Camera and Photographic Equipment Repairers,2.275,1.9285714285714288,1.5357142857142858,1.0089285714285714,3.14,1.4,1.0,1.79,2.18,2.19,1.0,2.41,1.0,1.96,1.22,1.0,2.0,2.4522285714285714,1.0,1.0,1.8086285714285717,1.3571428571428572,1.11,2.044642857142857,1.4179428571428572,2.645714285714285,1.14,1.14,1.7734857142857143,1.0,1.0535714285714286,1.0,1.56,1.04,1.36,4.17,2.31,4.74,1.46,1.0,1.231428571428571,1.3008,2.4732142857142856,1.99,1.0
49-9062.00,Medical Equipment Repairers,2.086428571428572,1.9842857142857144,1.4821428571428572,1.25,2.9,3.03,2.53,2.29,3.23,2.37,1.57,2.39,2.41,2.79,2.59,1.33,1.75,2.4971428571428573,1.25,1.197142857142857,2.9462,1.8057142857142856,3.57,2.0028571428571427,1.7734857142857143,2.571428571428571,2.46,1.71,1.8571428571428568,1.197142857142857,1.3785714285714286,1.1785714285714286,2.63,1.8,2.49,2.41,3.54,3.79,2.63,1.268571428571429,1.4179428571428572,1.7385714285714284,2.2857142857142856,3.39,2.13
49-9063.00,Musical Instrument Repairers and Tuners,2.7142857142857144,2.6185714285714288,1.4017857142857142,1.3125,3.2,2.62,1.43,1.73,2.29,3.09,1.0,2.76,1.05,3.77,1.43,1.33,1.822857142857143,2.928571428571429,1.2142857142857144,1.197142857142857,2.9149,3.3563428571428573,2.14,2.662857142857143,1.8571428571428568,2.821428571428571,1.29,1.55,1.7734857142857143,1.0206285714285714,1.3785714285714286,1.0442857142857145,2.67,1.09,1.76,3.36,2.76,4.86,1.7,1.1257142857142857,1.5357142857142858,1.4435714285714285,2.4035714285714285,3.95,1.41
49-9064.00,Watch and Clock Repairers,2.765714285714286,2.7142857142857144,1.4821428571428572,1.0089285714285714,3.17,2.07,1.03,1.05,2.1,2.49,1.0,1.9,1.0,3.07,1.0,1.0,1.604285714285714,3.1750857142857143,1.0,1.0,2.372928571428571,1.394285714285714,1.25,2.1142857142857143,1.51,3.0357142857142856,1.0,1.0,1.595,1.0,1.231428571428571,1.0,1.86,1.14,1.39,4.68,2.22,5.0,1.52,1.0,1.0942857142857143,1.1257142857142857,2.044642857142857,2.22,1.01
49-9071.00,"Maintenance and Repair Workers, General",2.337142857142857,2.105,1.7734857142857143,1.302857142857143,3.85,3.1,2.02,2.77,3.49,4.21,3.0,3.65,1.11,3.75,4.18,1.63,1.8571428571428568,2.086428571428572,1.822857142857143,1.68,3.3880571428571438,1.8571428571428568,3.81,2.3906285714285715,2.1635714285714283,2.4893714285714283,4.24,2.29,1.8571428571428568,1.1785714285714286,1.5508,1.268571428571429,3.68,2.61,3.04,1.93,4.1,4.4,3.89,1.6714285714285717,1.8914285714285717,1.8914285714285717,2.275,3.85,2.46
49-9081.00,Wind Turbine Service Technicians,2.265085714285714,2.2471428571428573,1.7734857142857143,1.9842857142857144,4.54,4.8,1.13,4.29,4.91,4.58,4.97,3.49,1.14,4.53,4.64,2.54,2.023657142857143,2.375,1.7734857142857143,1.9085714285714288,4.004028571428571,1.8057142857142856,4.54,2.1677714285714287,2.1635714285714283,2.524285714285714,4.75,4.44,1.9449142857142856,1.231428571428571,1.8571428571428568,1.268571428571429,4.57,3.77,3.62,2.19,4.14,4.84,3.22,1.8571428571428568,1.8914285714285717,1.9842857142857144,2.1635714285714283,5.0,5.0
49-9091.00,"Coin, Vending, and Amusement Machine Servicers and Repairers",2.02,2.02,1.4285714285714286,1.2208,3.03,2.77,1.29,2.61,1.65,1.81,1.28,2.49,1.02,3.24,2.86,1.02,1.6391999999999998,2.216428571428572,1.2142857142857144,1.1257142857142857,2.163828571428572,1.3392000000000002,3.77,2.1677714285714287,1.9257142857142855,2.0608,3.3,2.67,1.6665142857142858,1.0803571428571428,1.22,1.22,2.8,1.21,3.26,2.26,3.34,4.05,3.3,1.231428571428571,1.595,1.4179428571428572,1.9842857142857144,2.72,1.45
49-9092.00,Commercial Divers,2.551428571428572,2.4893714285714283,2.125,1.8571428571428568,3.82,3.48,1.48,3.41,2.89,3.49,2.45,3.05,1.14,4.22,3.49,2.37,2.086428571428572,2.375,1.8914285714285717,1.822857142857143,3.807485714285714,1.7385714285714284,3.14,2.2767857142857144,2.5428571428571427,2.542057142857143,4.61,3.34,2.2308,1.394285714285714,1.9449142857142856,1.8571428571428568,3.48,2.32,2.54,2.02,3.78,4.18,2.7,1.9449142857142856,2.0028571428571427,1.9449142857142856,2.023657142857143,4.69,3.98
49-9094.00,Locksmiths and Safe Repairers,2.607142857142857,2.216428571428572,1.7734857142857143,1.335714285714286,2.84,2.96,1.52,3.31,1.6,3.36,1.88,2.81,1.08,3.54,3.19,1.4,1.7385714285714284,2.4893714285714283,1.32,1.25,3.4570000000000003,1.4906285714285716,4.35,2.1142857142857143,1.8571428571428568,2.821428571428571,4.38,3.85,1.7485714285714289,1.1408,1.4691999999999998,1.2142857142857144,2.65,1.65,2.62,2.54,3.38,4.15,2.54,1.28,1.5785714285714287,1.8571428571428568,2.4522285714285714,3.92,1.52
49-9095.00,Manufactured Building and Mobile Home Installers,2.4485714285714284,2.6853571428571428,2.363842857142857,1.8571428571428568,3.75,3.93,1.05,2.86,2.82,4.91,3.4,3.84,1.02,4.54,3.97,2.92,2.25,2.44,2.19,2.0642,4.2895,1.822857142857143,3.33,2.5,2.9942,2.4260714285714284,4.43,2.09,1.9128571428571428,1.4821428571428572,2.645714285714285,1.876342857142857,4.67,3.53,4.66,1.09,4.81,4.39,3.42,2.1607142857142856,2.5028571428571427,2.4732142857142856,2.6696428571428568,2.26,1.09
49-9096.00,Riggers,1.8571428571428568,2.19,2.36,1.4017857142857142,4.16,3.83,1.22,3.57,2.98,4.2,3.32,3.51,1.48,4.33,4.68,2.4,2.086428571428572,1.8571428571428568,1.822857142857143,1.8914285714285717,3.741285714285714,1.6714285714285717,3.66,1.9449142857142856,2.1492,2.0608,4.58,2.9,1.8571428571428568,1.302857142857143,1.9449142857142856,1.3571428571428572,3.81,2.98,3.21,1.72,4.11,4.5,3.62,1.7734857142857143,1.9449142857142856,2.044642857142857,2.1750857142857143,4.95,2.88
49-9097.00,Signal and Track Switch Repairers,2.2767857142857144,2.4732142857142856,1.822857142857143,1.5207142857142857,3.99,3.07,1.21,3.47,2.95,3.57,3.12,3.29,1.23,4.65,4.4,2.2,2.25,2.4035714285714285,1.4906285714285716,1.5207142857142857,2.665,1.8571428571428568,4.52,2.265085714285714,2.1142857142857143,2.1635714285714283,4.67,2.05,1.9842857142857144,1.3392000000000002,2.044642857142857,1.6364285714285711,2.83,2.28,2.34,2.41,3.62,4.24,3.1,1.595,1.7734857142857143,1.8914285714285717,2.354914285714286,4.99,2.08
49-9098.00,"Helpers--Installation, Maintenance, and Repair Workers",2.071428571428572,2.2071428571428573,1.6063428571428573,1.7385714285714284,4.09,3.16,1.56,3.41,3.3,3.73,3.23,3.65,1.23,4.16,3.87,1.98,1.7734857142857143,2.0028571428571427,1.655,1.7734857142857143,2.8413142857142857,1.5892857142857142,3.13,2.1677714285714287,2.0608,2.071428571428572,3.94,2.49,1.7734857142857143,1.1885714285714286,1.7734857142857143,1.3008,3.13,2.38,2.66,2.08,3.99,4.16,3.44,1.8571428571428568,2.1357142857142857,1.9085714285714288,1.9285714285714288,4.77,3.12
49-9099.01,Geothermal Technicians,2.0608,2.2471428571428573,1.8057142857142856,1.32,4.57,2.58,1.36,3.53,4.74,3.67,3.39,3.75,1.16,4.21,4.3,1.89,1.8914285714285717,1.8914285714285717,1.4179428571428572,1.5785714285714287,3.400142857142857,1.7200000000000002,4.71,1.8914285714285717,2.06,2.645714285714285,4.67,3.23,2.4522285714285714,1.268571428571429,1.9285714285714288,1.3392000000000002,2.8,2.52,2.51,2.79,3.26,3.85,2.91,1.394285714285714,1.6665142857142858,1.822857142857143,2.205357142857143,4.78,3.15
51-1011.00,First-Line Supervisors of Production and Operating Workers,1.822857142857143,1.8057142857142856,1.4,1.2857142857142856,3.67,2.82,1.37,2.67,3.14,4.22,2.26,3.09,1.38,4.42,3.66,1.18,1.8571428571428568,1.8057142857142856,1.2857142857142856,1.1785714285714286,2.407857142857143,1.4,2.44,1.822857142857143,1.6063428571428573,1.9642857142857144,2.63,2.33,1.9085714285714288,1.16,1.6171428571428572,1.1428571428571428,2.51,1.86,1.93,2.27,3.98,2.97,3.53,1.2857142857142856,1.32,1.4249999999999998,1.9449142857142856,4.84,2.12
51-2011.00,"Aircraft Structure, Surfaces, Rigging, and Systems Assemblers",1.9449142857142856,2.023657142857143,1.6875,1.5300000000000002,4.67,2.4,1.35,1.79,4.09,3.44,1.42,3.13,1.27,4.02,2.05,1.52,1.75,2.3857142857142857,1.3785714285714286,1.4821428571428572,3.080542857142857,1.7734857142857143,1.46,2.105,1.8914285714285717,2.31,1.45,1.44,1.8571428571428568,1.25,1.5892857142857142,1.25,3.21,1.28,2.29,2.49,3.71,4.86,2.89,1.4285714285714286,1.7385714285714284,1.8057142857142856,2.3192,4.97,2.61
51-2021.00,"Coil Winders, Tapers, and Finishers",2.225714285714286,2.0028571428571427,1.51,1.3392000000000002,4.29,2.0,1.08,2.04,2.06,3.39,1.64,3.72,1.0,3.78,2.38,1.0,1.6714285714285717,1.9842857142857144,1.1257142857142857,1.1257142857142857,2.821471428571429,1.4542857142857144,1.09,2.0608,1.7385714285714284,1.9642857142857144,1.49,1.33,1.7200000000000002,1.0357142857142856,1.6875,1.0357142857142856,3.53,1.32,2.0,1.78,4.62,4.79,2.07,1.1734857142857142,1.4691999999999998,1.4928571428571429,1.4435714285714285,4.99,1.64
51-2022.00,Electrical and Electronic Equipment Assemblers,2.2308,1.8914285714285717,1.3125,1.2036571428571428,3.44,2.07,1.11,2.26,3.19,2.74,1.51,2.88,1.14,3.14,1.86,1.18,1.6875,2.4732142857142856,1.0942857142857143,1.0549142857142857,3.109428571428571,1.4017857142857142,1.46,2.105,1.822857142857143,2.662857142857143,1.92,1.5,1.7734857142857143,1.0,1.4249999999999998,1.0442857142857145,2.58,1.53,2.0,3.42,3.02,4.47,2.45,1.1885714285714286,1.655,1.625,2.1357142857142857,4.71,2.58
51-2023.00,Electromechanical Equipment Assemblers,2.265085714285714,2.044642857142857,1.32,1.231428571428571,3.28,2.46,1.26,2.23,2.93,2.61,1.52,2.16,1.02,3.15,1.41,1.02,1.8571428571428568,2.4035714285714285,1.1257142857142857,1.1257142857142857,2.6450000000000005,1.6875,1.03,2.1607142857142856,1.595,2.4035714285714285,1.11,1.02,1.7734857142857143,1.0,1.3125,1.0,2.55,1.34,1.8,2.73,3.28,4.29,2.38,1.1792,1.4691999999999998,1.655,2.06,4.98,1.46
51-2031.00,Engine and Other Machine Assemblers,2.283657142857143,1.9842857142857144,1.7734857142857143,1.3571428571428572,4.1,2.86,1.01,2.71,3.13,3.86,2.02,3.37,1.16,4.3,2.91,1.67,1.7734857142857143,2.1607142857142856,1.2857142857142856,1.197142857142857,3.9310857142857145,1.7200000000000002,1.75,2.216428571428572,2.023657142857143,2.0608,2.1,1.75,1.8571428571428568,1.16,1.75,1.268571428571429,3.74,1.85,2.21,1.89,4.23,4.67,2.94,1.47,1.9085714285714288,1.822857142857143,2.2471428571428573,4.88,2.32
51-2041.00,Structural Metal Fabricators and Fitters,2.0028571428571427,2.06,1.6063428571428573,1.2857142857142856,4.48,3.0,1.28,2.33,3.11,3.85,2.25,3.66,1.14,4.62,3.71,1.48,1.8057142857142856,1.8571428571428568,1.3392000000000002,1.3008,3.536799999999999,1.2857142857142856,1.53,1.9085714285714288,1.9449142857142856,2.044642857142857,2.2,1.59,1.4435714285714285,1.0803571428571428,1.6875,1.16,2.98,1.77,2.63,1.76,4.3,4.56,2.92,1.2857142857142856,1.9449142857142856,1.8571428571428568,2.1357142857142857,5.0,2.32
51-2051.00,Fiberglass Laminators and Fabricators,2.216428571428572,1.9449142857142856,1.7734857142857143,1.7385714285714284,4.7,3.18,1.11,1.48,3.78,3.2,2.32,2.55,1.01,4.5,2.8,1.4,1.7734857142857143,1.8571428571428568,1.7734857142857143,1.3785714285714286,2.9275714285714285,1.6875,1.29,2.023657142857143,2.31,2.31,1.67,1.34,1.8571428571428568,1.25,1.8057142857142856,1.25,4.11,2.3,3.63,1.63,4.96,4.43,2.81,1.7485714285714289,1.9449142857142856,2.1228571428571428,2.086428571428572,4.95,4.74
51-2061.00,Timing Device Assemblers and Adjusters,2.596342857142857,1.9449142857142856,1.655,1.0,2.57,1.77,1.0,1.95,2.05,2.08,1.64,2.58,1.0,2.83,1.36,1.01,1.51,3.0357142857142856,1.0,1.0,2.5498,1.625,1.67,2.105,1.625,2.3857142857142857,1.26,1.02,1.4821428571428572,1.077942857142857,1.3785714285714286,1.0885714285714283,1.3,1.21,1.22,3.57,2.46,2.91,1.93,1.0,1.157142857142857,1.0221428571428572,2.023657142857143,2.74,1.0
51-2092.00,Team Assemblers,1.9085714285714288,1.8571428571428568,1.3808,1.32,3.51,1.64,1.17,2.33,2.54,2.75,1.22,2.68,1.66,3.76,1.8,1.32,1.8571428571428568,2.044642857142857,1.32,1.197142857142857,3.781257142857143,1.4435714285714285,1.27,2.225714285714286,1.7200000000000002,2.044642857142857,1.19,1.12,1.7036571428571428,1.0535714285714286,1.7385714285714284,1.077942857142857,3.0,1.12,2.13,2.45,3.6,4.69,2.96,1.3392000000000002,1.7385714285714284,1.8571428571428568,1.8571428571428568,4.88,1.89
51-3011.00,Bakers,1.822857142857143,1.7485714285714289,1.2142857142857144,1.1428571428571428,1.67,1.5,1.29,1.83,1.46,2.49,1.34,3.84,1.0,2.7,4.0,1.01,1.595,1.8571428571428568,1.1785714285714286,1.1257142857142857,1.8898857142857144,1.5207142857142857,1.97,1.822857142857143,1.625,2.422142857142857,1.16,1.08,1.8571428571428568,1.0,1.2000000000000002,1.0,2.86,1.31,2.01,1.57,4.4,4.05,3.41,1.24,1.3008,1.655,1.8057142857142856,4.16,1.25
51-3021.00,Butchers and Meat Cutters,2.0028571428571427,1.9449142857142856,1.4906285714285716,1.4285714285714286,2.53,1.34,1.1,1.91,1.07,4.32,1.01,2.82,1.0,3.64,4.13,1.0,1.6714285714285717,1.8914285714285717,1.268571428571429,1.268571428571429,2.889671428571428,1.4906285714285716,1.0,2.1607142857142856,1.8057142857142856,2.1607142857142856,1.28,1.04,1.595,1.0442857142857145,1.6391999999999998,1.0442857142857145,3.5,1.05,1.59,1.3,4.86,4.78,2.86,1.4350857142857143,1.8057142857142856,1.822857142857143,1.7385714285714284,4.55,1.68
51-3022.00,"Meat, Poultry, and Fish Cutters and Trimmers",2.105,1.9642857142857144,1.4542857142857144,1.4821428571428572,2.55,2.15,1.99,2.45,2.14,3.49,1.22,2.35,1.0,2.71,4.27,2.02,1.6714285714285717,1.822857142857143,1.3392000000000002,1.2592,3.5064285714285712,1.4821428571428572,2.47,1.8328571428571427,1.7142857142857144,2.044642857142857,2.29,1.0,1.4542857142857144,1.0664285714285715,1.6391999999999998,1.0664285714285715,3.87,1.08,1.06,1.23,5.0,4.63,2.93,1.4179428571428572,1.4435714285714285,1.9449142857142856,1.6428571428571428,4.72,2.56
51-3023.00,Slaughterers and Meat Packers,2.178571428571429,1.9449142857142856,1.2592,1.4906285714285716,2.86,1.72,1.7,1.74,1.04,3.03,2.05,3.65,1.08,2.97,3.15,1.07,1.3785714285714286,2.02,1.3008,1.1792,3.1488,1.24,1.58,1.9642857142857144,1.7734857142857143,1.9642857142857144,1.67,1.16,1.3571428571428572,1.0,1.75,1.0,3.07,1.67,1.45,1.13,4.34,4.66,2.22,1.4542857142857144,1.9449142857142856,1.9085714285714288,1.28,4.84,3.05
51-3091.00,"Food and Tobacco Roasting, Baking, and Drying Machine Operators and Tenders",1.9449142857142856,1.9842857142857144,1.2857142857142856,1.2857142857142856,3.26,2.13,1.25,2.61,1.67,2.12,2.0,2.73,1.02,4.36,3.98,1.34,1.7734857142857143,1.8571428571428568,1.2857142857142856,1.231428571428571,2.6350857142857143,1.8571428571428568,1.01,1.8571428571428568,1.822857142857143,2.4732142857142856,1.23,1.13,1.9449142857142856,1.0442857142857145,1.5625,1.0271428571428571,2.75,1.62,2.06,1.45,4.78,4.2,3.4,1.4906285714285716,1.4928571428571429,1.822857142857143,1.8057142857142856,4.82,2.33
51-3092.00,Food Batchmakers,1.6391999999999998,1.9085714285714288,1.2857142857142856,1.2036571428571428,3.27,1.44,1.0,1.5,2.25,2.88,1.72,1.85,1.0,3.61,2.59,1.0,1.3125,1.5693714285714286,1.268571428571429,1.1885714285714286,3.093185714285714,1.7385714285714284,1.02,1.822857142857143,1.3785714285714286,2.216428571428572,1.01,1.01,1.8914285714285717,1.0206285714285714,1.6171428571428572,1.1785714285714286,3.19,2.03,2.46,1.67,4.38,4.15,3.32,1.3392000000000002,1.4179428571428572,1.7734857142857143,1.4435714285714285,4.85,1.87
51-3093.00,Food Cooking Machine Operators and Tenders,1.7857142857142856,1.872228571428572,1.32,1.302857142857143,2.94,1.85,1.0,1.12,2.73,2.5,2.53,2.64,1.0,3.46,3.64,1.0,1.4179428571428572,1.6428571428571428,1.2857142857142856,1.231428571428571,3.435657142857143,1.5300000000000002,1.26,1.7142857142857144,1.6875,2.044642857142857,2.82,2.74,1.6875,1.0206285714285714,1.8914285714285717,1.0206285714285714,2.09,1.25,1.7,1.65,3.95,4.61,4.29,1.335714285714286,1.595,1.5207142857142857,1.4017857142857142,4.26,2.86
51-4021.00,"Extruding and Drawing Machine Setters, Operators, and Tenders, Metal and Plastic",1.9085714285714288,2.375,1.7734857142857143,1.6063428571428573,4.29,2.33,1.49,2.44,2.82,3.81,1.74,3.82,1.52,4.65,3.33,1.15,1.8571428571428568,1.9285714285714288,1.5508,1.394285714285714,3.1109714285714283,1.4179428571428572,1.0,2.1228571428571428,2.216428571428572,2.0608,1.45,1.01,1.8571428571428568,1.25,2.31,1.1885714285714286,3.46,1.88,1.7,1.77,4.44,3.85,4.02,1.7485714285714289,1.9449142857142856,2.0028571428571427,1.8914285714285717,5.0,2.18
51-4022.00,"Forging Machine Setters, Operators, and Tenders, Metal and Plastic",2.0028571428571427,2.125,1.4910714285714284,1.3392000000000002,3.34,2.9,1.05,2.67,2.21,5.0,1.73,3.73,1.17,4.43,3.85,2.7,1.51,1.8914285714285717,1.2857142857142856,1.2142857142857144,3.4772,1.625,1.9,1.8914285714285717,1.8571428571428568,2.2071428571428573,1.9,1.55,1.8914285714285717,1.16,1.9449142857142856,1.1785714285714286,2.6,1.52,2.07,2.06,4.43,4.2,3.41,1.32,1.5508,1.75,1.8914285714285717,5.0,1.85
51-4023.00,"Rolling Machine Setters, Operators, and Tenders, Metal and Plastic",2.1142857142857143,2.596342857142857,1.8571428571428568,1.5614285714285714,4.04,2.31,1.03,2.45,2.84,3.85,1.85,3.67,2.11,4.24,2.96,2.07,1.9085714285714288,2.0028571428571427,1.5357142857142858,1.2857142857142856,3.6521714285714286,1.7734857142857143,1.25,2.1228571428571428,2.4035714285714285,2.3906285714285715,1.36,1.3,2.086428571428572,1.3008,2.596342857142857,1.28,3.42,1.8,1.93,1.71,4.31,4.15,3.78,1.7857142857142856,2.086428571428572,1.9449142857142856,1.8571428571428568,5.0,2.07
51-4031.00,"Cutting, Punching, and Press Machine Setters, Operators, and Tenders, Metal and Plastic",2.2767857142857144,2.4732142857142856,1.8571428571428568,1.3571428571428572,4.74,2.34,1.23,2.57,3.06,4.33,1.24,3.89,1.47,4.64,3.12,1.04,1.822857142857143,1.8571428571428568,1.2857142857142856,1.22,2.7140714285714287,1.32,1.02,1.9642857142857144,1.9657142857142855,2.422142857142857,1.42,2.43,1.8571428571428568,1.16,2.044642857142857,1.25,3.2,1.23,2.03,2.57,3.73,4.62,3.04,1.5207142857142857,1.8571428571428568,1.8571428571428568,1.8571428571428568,4.86,1.24
51-4032.00,"Drilling and Boring Machine Tool Setters, Operators, and Tenders, Metal and Plastic",2.02,2.2928571428571427,1.6665142857142858,1.268571428571429,4.23,1.97,1.0,2.37,2.4,4.03,1.33,2.63,1.11,4.26,2.15,1.45,1.7857142857142856,2.1635714285714283,1.25,1.197142857142857,3.205257142857143,1.7200000000000002,1.23,2.0028571428571427,1.8057142857142856,2.275,1.07,1.1,1.9285714285714288,1.1428571428571428,2.125,1.197142857142857,2.87,1.31,1.83,2.11,3.92,4.4,2.92,1.32,1.7734857142857143,1.7385714285714284,2.023657142857143,4.93,1.3
51-4033.00,"Grinding, Lapping, Polishing, and Buffing Machine Tool Setters, Operators, and Tenders, Metal and Plastic",2.071428571428572,2.7142857142857144,1.9449142857142856,1.4179428571428572,3.72,1.84,1.19,2.42,1.8,3.84,1.52,2.65,1.23,3.58,2.38,1.58,1.9449142857142856,1.9085714285714288,1.3392000000000002,1.32,3.6177857142857137,1.655,1.58,2.225714285714286,2.1142857142857143,2.422142857142857,1.53,1.37,2.0028571428571427,1.0357142857142856,2.4035714285714285,1.1071428571428572,2.84,1.31,1.66,1.87,4.11,4.93,2.66,1.335714285714286,1.9449142857142856,1.9085714285714288,2.023657142857143,5.0,1.65
51-4034.00,"Lathe and Turning Machine Tool Setters, Operators, and Tenders, Metal and Plastic",2.225714285714286,2.225714285714286,1.655,1.3392000000000002,2.61,2.42,1.0,1.09,1.36,1.51,1.22,2.2,1.0,3.63,2.25,1.2,1.7385714285714284,1.9642857142857144,1.3008,1.1792,2.633257142857143,1.394285714285714,1.46,1.9449142857142856,1.9449142857142856,2.1142857142857143,1.52,1.03,1.8571428571428568,1.1428571428571428,1.9449142857142856,1.1106285714285715,2.56,1.2,2.13,1.73,4.09,4.37,2.73,1.3392000000000002,1.8057142857142856,1.8571428571428568,1.9085714285714288,5.0,2.02
51-4035.00,"Milling and Planing Machine Setters, Operators, and Tenders, Metal and Plastic",2.19,2.19,1.4179428571428572,1.3785714285714286,4.12,2.76,1.01,2.43,2.61,3.55,1.95,3.47,1.0,4.34,3.4,1.63,1.6875,1.9449142857142856,1.3008,1.1785714285714286,3.3244,1.4017857142857142,1.51,2.216428571428572,2.0028571428571427,2.1677714285714287,1.27,1.08,1.7734857142857143,1.12,2.044642857142857,1.1106285714285715,3.42,1.97,2.23,1.48,4.5,4.5,3.75,1.4435714285714285,1.7734857142857143,1.9085714285714288,1.9449142857142856,4.89,1.58
51-4041.00,Machinists,2.265085714285714,2.3392857142857144,1.6063428571428573,1.4017857142857142,3.16,1.7,1.01,1.79,1.71,3.92,1.41,3.17,1.44,3.92,2.11,1.47,1.7734857142857143,2.354914285714286,1.32,1.268571428571429,3.0214857142857148,1.6364285714285711,1.33,2.1677714285714287,1.9449142857142856,2.125,1.34,1.32,1.8571428571428568,1.1071428571428572,1.8914285714285717,1.25,3.29,1.23,1.65,1.88,4.51,4.85,2.81,1.3785714285714286,1.5614285714285714,1.75,2.1750857142857143,4.94,1.45
51-4051.00,Metal-Refining Furnace Operators and Tenders,2.1677714285714287,2.645714285714285,1.9085714285714288,1.655,4.95,2.66,1.08,2.93,4.27,3.73,2.26,4.86,1.56,4.54,4.82,2.3,1.7734857142857143,1.8571428571428568,1.5785714285714287,1.2857142857142856,3.4910857142857146,1.9085714285714288,1.11,2.2767857142857144,2.1635714285714283,2.225714285714286,1.82,1.27,1.9449142857142856,1.268571428571429,2.216428571428572,1.345,3.26,2.07,1.56,2.14,4.04,4.47,3.05,1.7200000000000002,1.9449142857142856,1.9285714285714288,1.8057142857142856,5.0,4.04
51-4052.00,"Pourers and Casters, Metal",2.225714285714286,2.071428571428572,1.625,1.2857142857142856,3.86,1.65,1.03,1.84,2.81,3.15,1.83,4.23,1.01,3.3,3.93,1.38,1.7734857142857143,1.822857142857143,1.2857142857142856,1.268571428571429,2.7190857142857143,1.4821428571428572,1.15,2.071428571428572,1.9085714285714288,2.096342857142857,1.27,1.2,1.9449142857142856,1.25,1.9842857142857144,1.25,3.21,1.34,1.94,1.38,4.56,3.78,3.23,1.4542857142857144,1.837942857142857,1.8571428571428568,1.655,5.0,2.0
51-4061.00,"Model Makers, Metal and Plastic",2.31,2.4035714285714285,1.6063428571428573,1.3392000000000002,3.24,1.37,1.0,1.34,1.48,3.02,1.16,3.27,1.0,2.93,1.8,1.02,1.8571428571428568,2.31,1.2857142857142856,1.197142857142857,2.960228571428572,1.4691999999999998,1.19,2.265085714285714,2.044642857142857,2.7142857142857144,1.12,1.01,1.7857142857142856,1.0803571428571428,2.3192,1.157142857142857,1.94,1.47,1.56,1.33,4.61,4.54,2.86,1.3571428571428572,1.8571428571428568,1.8571428571428568,2.524285714285714,4.97,1.34
51-4062.00,"Patternmakers, Metal and Plastic",2.1607142857142856,2.044642857142857,1.5165142857142857,1.24,4.48,2.71,1.02,1.94,2.16,3.96,1.1,2.22,1.14,4.38,2.22,1.36,1.8057142857142856,1.9449142857142856,1.2592,1.16,2.089128571428572,1.5785714285714287,1.81,2.0028571428571427,1.837942857142857,2.4893714285714283,1.94,1.18,1.7734857142857143,1.0803571428571428,1.7200000000000002,1.0942857142857143,2.74,1.36,2.37,2.24,3.84,4.53,3.2,1.28,1.3392000000000002,1.4928571428571429,2.086428571428572,5.0,2.16
51-4071.00,Foundry Mold and Coremakers,2.1142857142857143,1.8571428571428568,1.6364285714285711,1.7734857142857143,4.88,2.06,1.0,3.48,3.92,4.33,2.41,3.84,1.0,4.41,4.74,2.45,1.7385714285714284,2.02,1.51,1.231428571428571,3.9105571428571424,1.3392000000000002,1.08,2.354914285714286,1.9642857142857144,1.9642857142857144,2.51,1.31,1.5300000000000002,1.16,1.9842857142857144,1.1428571428571428,3.08,1.58,2.03,1.25,4.6,4.25,3.26,1.7385714285714284,2.25,2.225714285714286,1.8571428571428568,5.0,2.77
51-4072.00,"Molding, Coremaking, and Casting Machine Setters, Operators, and Tenders, Metal and Plastic",2.225714285714286,2.0608,1.6364285714285711,1.7734857142857143,4.51,2.35,1.1,2.8,3.28,4.24,1.95,3.91,1.0,4.22,3.82,1.39,1.7734857142857143,1.9449142857142856,1.6364285714285711,1.4017857142857142,3.4558857142857144,1.7036571428571428,1.09,2.1228571428571428,2.02,2.044642857142857,1.44,1.14,2.0028571428571427,1.0442857142857145,1.9449142857142856,1.1071428571428572,3.2,1.69,2.6,1.28,4.55,4.33,3.65,1.6714285714285717,2.023657142857143,1.9085714285714288,1.8571428571428568,4.98,1.22
51-4081.00,"Multiple Machine Tool Setters, Operators, and Tenders, Metal and Plastic",2.337142857142857,2.645714285714285,1.3785714285714286,1.268571428571429,3.02,1.75,1.08,1.61,1.98,3.14,1.06,3.31,1.02,3.15,2.26,1.3,1.9842857142857144,1.9449142857142856,1.2857142857142856,1.268571428571429,3.707542857142857,1.8571428571428568,1.24,2.327857142857143,1.9085714285714288,2.44,1.12,1.12,1.8571428571428568,1.1785714285714286,1.9842857142857144,1.1785714285714286,2.88,1.47,1.5,1.81,4.36,4.24,3.0,1.32,1.8057142857142856,1.7385714285714284,2.3192,4.96,1.65
51-4111.00,Tool and Die Makers,2.044642857142857,2.3192,1.6875,1.32,3.77,2.31,1.0,2.82,2.01,4.32,1.17,3.43,1.02,4.1,2.14,1.41,1.7734857142857143,2.1492,1.25,1.1339285714285714,2.9872,1.32,1.07,2.0608,1.9842857142857144,2.4732142857142856,1.32,1.14,1.7734857142857143,1.0664285714285715,1.837942857142857,1.1257142857142857,2.52,1.03,2.08,1.78,4.13,4.31,2.96,1.32,1.5142857142857142,1.6942857142857144,2.524285714285714,5.0,2.02
51-4121.00,"Welders, Cutters, Solderers, and Brazers",2.31,1.9842857142857144,1.7200000000000002,1.32,4.03,2.64,1.09,3.07,2.82,3.15,1.79,3.47,1.49,3.96,3.19,1.23,1.7734857142857143,2.0028571428571427,1.231428571428571,1.28,2.6185,1.4249999999999998,1.49,1.872228571428572,1.6364285714285711,2.19,1.52,1.39,1.655,1.2036571428571428,1.6364285714285711,1.25,3.02,1.46,2.09,2.52,3.52,4.51,2.79,1.3571428571428572,1.6665142857142858,1.7734857142857143,1.9077714285714285,4.65,2.31
51-4122.00,"Welding, Soldering, and Brazing Machine Setters, Operators, and Tenders",2.0028571428571427,2.216428571428572,1.655,1.4285714285714286,4.25,2.84,1.24,3.01,3.31,3.29,1.8,4.06,2.25,4.54,3.89,1.35,1.8571428571428568,1.8571428571428568,1.268571428571429,1.2208,3.1724714285714284,1.5207142857142857,1.21,2.0028571428571427,1.9085714285714288,2.2767857142857144,1.69,1.58,1.8571428571428568,1.16,1.8571428571428568,1.1257142857142857,2.88,1.32,2.29,2.19,4.26,4.17,3.29,1.32,1.8057142857142856,1.8571428571428568,2.044642857142857,4.92,3.24
51-4191.00,"Heat Treating Equipment Setters, Operators, and Tenders, Metal and Plastic",2.178571428571429,2.2308,1.8914285714285717,1.6391999999999998,4.44,2.85,1.1,2.69,3.31,3.52,2.34,3.49,1.25,4.26,3.96,1.22,1.8571428571428568,1.9642857142857144,1.6714285714285717,1.24,3.702142857142857,1.7734857142857143,1.04,2.1142857142857143,2.265085714285714,2.2071428571428573,1.51,1.04,2.086428571428572,1.28,2.4035714285714285,1.28,2.96,1.47,2.1,1.73,4.54,4.47,3.78,1.9642857142857144,2.2308,2.105,1.9449142857142856,4.79,2.12
51-4192.00,"Layout Workers, Metal and Plastic",2.2767857142857144,1.7857142857142856,1.6364285714285711,1.3785714285714286,4.65,2.92,1.5,3.7,3.19,4.03,2.56,3.85,1.54,4.62,4.24,2.15,1.8571428571428568,2.0028571428571427,1.2857142857142856,1.16,3.8529142857142857,1.25,1.27,2.1142857142857143,1.8571428571428568,2.596342857142857,2.21,2.43,1.9449142857142856,1.0803571428571428,1.5357142857142858,1.1785714285714286,3.44,2.07,2.79,1.91,4.28,4.29,3.92,1.32,1.6364285714285711,1.822857142857143,2.524285714285714,5.0,2.87
51-4193.00,"Plating Machine Setters, Operators, and Tenders, Metal and Plastic",2.0028571428571427,2.105,1.6063428571428573,1.2857142857142856,4.71,2.0,1.1,3.0,4.2,3.22,2.22,3.34,1.0,4.57,3.85,1.09,1.7200000000000002,1.8571428571428568,1.32,1.231428571428571,3.724857142857142,1.6063428571428573,1.4,2.044642857142857,2.023657142857143,2.1492,1.46,1.27,1.8571428571428568,1.0442857142857145,1.467857142857143,1.077942857142857,2.81,1.41,2.01,1.75,4.27,4.4,3.57,1.4821428571428572,1.8571428571428568,1.8914285714285717,1.5357142857142858,4.79,2.71
51-4194.00,"Tool Grinders, Filers, and Sharpeners",2.392857142857143,2.44,1.625,1.4542857142857144,4.06,2.19,1.0,2.46,2.23,3.66,1.24,3.89,1.0,3.6,2.66,2.15,1.7734857142857143,2.44,1.2857142857142856,1.2036571428571428,3.323071428571428,1.822857142857143,1.48,2.44,1.8571428571428568,2.6185714285714288,1.91,1.01,2.0028571428571427,1.0357142857142856,2.06,1.0535714285714286,3.22,1.37,2.46,1.51,4.67,4.92,3.34,1.25,1.8571428571428568,1.7734857142857143,2.1492,4.99,2.39
51-5111.00,Prepress Technicians and Workers,1.8057142857142856,1.8571428571428568,1.268571428571429,1.0178571428571428,3.21,1.33,1.0,1.46,1.81,1.51,1.0,1.78,1.23,3.42,1.21,1.0,1.5892857142857142,1.7385714285714284,1.0,1.0,1.7152,1.2363428571428572,1.29,1.6875,1.1107142857142858,2.571428571428571,1.18,1.07,1.822857142857143,1.0,1.1734857142857142,1.0,1.44,1.0,1.33,4.21,2.34,3.55,2.02,1.0,1.0407142857142857,1.062857142857143,2.044642857142857,1.36,1.0
51-5112.00,Printing Press Operators,2.0028571428571427,2.3857142857142857,1.5892857142857142,1.1885714285714286,4.45,2.6,1.0,1.66,3.58,3.77,1.96,2.87,1.02,3.95,1.75,1.11,1.822857142857143,2.06,1.302857142857143,1.22,3.3852857142857147,1.5357142857142858,1.6,2.0028571428571427,1.9449142857142856,2.765714285714286,1.13,1.0,1.8571428571428568,1.0089285714285714,1.7734857142857143,1.0336571428571428,3.31,1.53,2.75,1.67,4.4,4.72,3.91,1.3571428571428572,1.8571428571428568,1.7385714285714284,1.9449142857142856,3.97,1.39
51-5113.00,Print Binding and Finishing Workers,2.105,1.9842857142857144,1.4821428571428572,1.5207142857142857,3.71,2.47,1.0,1.24,2.44,3.71,1.15,2.57,1.0,3.95,1.48,1.03,1.7200000000000002,2.1607142857142856,1.3785714285714286,1.3125,3.3060571428571426,1.5892857142857142,1.19,2.0608,1.7857142857142856,2.2928571428571427,1.1,1.05,1.837942857142857,1.197142857142857,1.8728571428571428,1.231428571428571,2.96,1.17,1.77,1.54,4.71,4.29,3.25,1.5614285714285714,1.6875,1.9085714285714288,2.086428571428572,3.93,1.16
51-6011.00,Laundry and Dry-Cleaning Workers,1.9257142857142855,1.8914285714285717,1.197142857142857,1.3785714285714286,2.99,1.32,3.19,1.61,2.13,1.51,1.16,1.89,1.38,2.01,1.93,1.42,1.4017857142857142,1.8057142857142856,1.3571428571428572,1.2592,2.604857142857143,1.2857142857142856,1.04,1.7485714285714289,1.604285714285714,1.8914285714285717,1.59,1.49,1.4179428571428572,1.0,1.3785714285714286,1.0,3.39,1.16,2.3,1.38,4.62,3.99,3.68,1.3785714285714286,1.3785714285714286,1.8057142857142856,1.394285714285714,4.09,2.3
51-6021.00,"Pressers, Textile, Garment, and Related Materials",2.1492,2.0028571428571427,1.4691999999999998,1.5625,2.56,1.69,1.15,1.45,1.79,2.16,1.15,3.75,1.15,2.61,2.83,1.15,1.51,1.9449142857142856,1.32,1.1408,2.586314285714286,1.28,1.0,2.1228571428571428,1.9449142857142856,1.9642857142857144,1.58,1.29,1.4017857142857142,1.0,1.8571428571428568,1.0,3.43,1.15,1.46,1.55,4.28,4.24,2.74,1.5207142857142857,1.4821428571428572,1.822857142857143,1.32,1.75,1.18
51-6031.00,Sewing Machine Operators,2.4732142857142856,2.1607142857142856,1.6875,1.32,2.81,1.56,1.0,1.76,1.49,1.74,1.1,1.64,1.0,2.73,1.82,1.21,1.6875,2.044642857142857,1.231428571428571,1.1257142857142857,2.685185714285714,1.3785714285714286,1.0,2.216428571428572,1.9085714285714288,2.1492,1.0,1.0,1.7036571428571428,1.0,1.8571428571428568,1.0020571428571428,3.28,1.02,1.5,4.44,1.82,4.68,1.65,1.2592,1.3392000000000002,1.3392000000000002,1.8571428571428568,2.87,1.36
51-6041.00,Shoe and Leather Workers and Repairers,2.2471428571428573,1.8914285714285717,1.3392000000000002,1.335714285714286,4.46,1.83,1.0,1.2,1.58,4.4,1.0,2.7,1.0,4.08,1.34,1.04,1.5625,2.0028571428571427,1.1408,1.157142857142857,2.8681,1.4435714285714285,1.0,1.8914285714285717,1.6714285714285717,2.1607142857142856,1.0,1.09,1.3571428571428572,1.0206285714285714,1.595,1.0271428571428571,2.54,1.09,1.45,2.05,4.3,5.0,3.13,1.25,1.3785714285714286,1.5207142857142857,1.8571428571428568,2.17,1.49
51-6042.00,Shoe Machine Operators and Tenders,2.265085714285714,2.1677714285714287,1.6063428571428573,1.2857142857142856,3.34,2.13,1.01,1.9,2.31,3.8,1.0,2.18,1.0,3.8,2.23,1.0,1.8057142857142856,1.9842857142857144,1.2142857142857144,1.2142857142857144,2.9059857142857144,1.6063428571428573,1.65,1.9085714285714288,1.822857142857143,2.5428571428571427,1.02,1.02,1.8571428571428568,1.0089285714285714,1.8571428571428568,1.0357142857142856,3.15,1.0,1.51,3.3,3.26,5.0,2.18,1.32,1.4542857142857144,1.8057142857142856,1.7734857142857143,4.38,1.0
51-6051.00,"Sewers, Hand",2.765714285714286,2.044642857142857,1.6063428571428573,1.0357142857142856,2.43,1.53,1.32,1.48,1.0,2.49,1.0,1.7,1.0,3.38,1.11,1.0,1.6875,2.8363428571428573,1.0,1.0089285714285714,1.9857142857142855,1.22,1.53,2.729371428571429,1.822857142857143,2.4732142857142856,1.05,1.0,1.5785714285714287,1.0,1.268571428571429,1.0135714285714286,2.84,1.0,1.32,2.65,3.74,3.6,2.23,1.0020571428571428,1.268571428571429,1.157142857142857,1.9842857142857144,1.59,1.0
51-6052.00,"Tailors, Dressmakers, and Custom Sewers",2.596342857142857,2.1607142857142856,1.231428571428571,1.197142857142857,1.84,1.03,1.06,1.16,1.0,1.82,1.03,2.15,1.0,2.32,1.52,1.05,1.4285714285714286,2.596342857142857,1.0803571428571428,1.0271428571428571,1.7104,1.25,1.34,1.9842857142857144,1.7385714285714284,2.4732142857142856,1.14,1.15,1.4906285714285716,1.0,1.4435714285714285,1.0020571428571428,2.72,1.05,1.67,3.82,2.6,4.83,2.09,1.1428571428571428,1.2142857142857144,1.335714285714286,2.3906285714285715,1.98,1.0
51-6061.00,Textile Bleaching and Dyeing Machine Operators and Tenders,2.216428571428572,2.265085714285714,1.3785714285714286,1.3571428571428572,4.7,2.31,1.07,2.79,4.0,3.87,2.18,3.2,1.03,3.97,4.06,1.0,1.7485714285714289,1.9085714285714288,1.32,1.25,3.3185714285714285,1.4435714285714285,1.48,2.0028571428571427,1.8057142857142856,2.0608,1.17,1.2,1.9449142857142856,1.0549142857142857,1.9285714285714288,1.1257142857142857,2.88,1.97,2.03,1.58,4.63,3.98,4.07,1.4821428571428572,1.822857142857143,1.8571428571428568,1.8571428571428568,4.52,1.72
51-6062.00,"Textile Cutting Machine Setters, Operators, and Tenders",2.4035714285714285,2.023657142857143,1.8571428571428568,1.4017857142857142,3.69,2.12,1.0,2.06,1.63,3.5,2.0,2.83,1.0,4.04,2.75,1.0,1.8057142857142856,1.9449142857142856,1.32,1.22,2.7984571428571425,1.7385714285714284,1.13,1.9642857142857144,1.9085714285714288,1.9842857142857144,1.42,1.05,1.8571428571428568,1.1734857142857142,2.096342857142857,1.1071428571428572,2.66,1.56,1.98,1.81,4.37,4.29,3.57,1.595,1.9085714285714288,1.9085714285714288,2.0,2.13,1.0
51-6063.00,"Textile Knitting and Weaving Machine Setters, Operators, and Tenders",2.4893714285714283,2.31,1.2857142857142856,1.2036571428571428,3.47,1.67,1.33,1.43,1.37,2.82,1.0,3.02,1.0,4.41,1.24,1.0,1.4435714285714285,2.31,1.2857142857142856,1.1257142857142857,2.915657142857143,1.51,1.18,2.0028571428571427,2.1142857142857143,1.9085714285714288,1.0,1.0,1.7734857142857143,1.0,1.822857142857143,1.0020571428571428,2.94,1.1,2.21,2.07,4.03,4.81,3.94,1.595,1.5785714285714287,1.9642857142857144,1.8571428571428568,4.59,1.22
51-6064.00,"Textile Winding, Twisting, and Drawing Out Machine Setters, Operators, and Tenders",2.4971428571428573,2.25,1.7385714285714284,1.5508,3.46,1.84,1.21,3.02,1.55,2.5,1.06,3.03,1.17,4.48,2.82,1.37,1.8571428571428568,2.275,1.7734857142857143,1.268571428571429,2.6592,1.7385714285714284,1.09,2.1492,2.0028571428571427,2.086428571428572,1.18,1.09,1.8914285714285717,1.0206285714285714,2.2308,1.0271428571428571,3.26,1.15,2.05,1.43,4.62,4.65,4.73,1.7385714285714284,1.9085714285714288,1.9642857142857144,1.822857142857143,4.19,1.53
51-6091.00,"Extruding and Forming Machine Setters, Operators, and Tenders, Synthetic and Glass Fibers",2.0608,2.225714285714286,1.6063428571428573,1.4821428571428572,4.65,2.3,1.12,2.06,2.57,3.33,2.09,3.0,1.28,4.66,4.22,1.26,1.655,2.0608,1.2857142857142856,1.268571428571429,3.0642857142857145,1.6364285714285711,1.7,2.044642857142857,2.0028571428571427,2.1607142857142856,1.73,1.12,1.8914285714285717,1.1785714285714286,2.125,1.2142857142857144,2.61,1.64,1.71,2.24,3.35,3.88,2.94,1.3008,1.75,1.8571428571428568,1.8571428571428568,5.0,1.81
51-6092.00,Fabric and Apparel Patternmakers,2.06,1.8571428571428568,1.4821428571428572,1.302857142857143,2.24,1.48,1.05,1.36,1.0,1.78,1.19,1.84,1.05,2.53,1.17,1.0,1.9085714285714288,2.1142857142857143,1.231428571428571,1.1785714285714286,2.1594857142857142,1.3392000000000002,1.1,1.872228571428572,1.6391999999999998,2.662857142857143,1.05,1.0,2.0028571428571427,1.0,1.25,1.0,2.2,1.05,1.75,3.06,3.17,3.78,2.07,1.2142857142857144,1.32,1.4179428571428572,2.821428571428571,1.7,1.0
51-6093.00,Upholsterers,2.765714285714286,2.422142857142857,1.822857142857143,1.7036571428571428,3.04,2.34,1.09,1.85,2.18,2.93,1.11,3.54,1.0,3.25,1.75,1.11,1.7734857142857143,2.7142857142857144,1.655,1.3571428571428572,3.3108428571428576,1.4542857142857144,1.29,2.662857142857143,2.4732142857142856,2.645714285714285,1.2,1.2,1.7385714285714284,1.1734857142857142,1.6063428571428573,1.25,3.8,1.28,2.64,1.61,4.63,4.89,3.44,1.4028571428571428,2.0,1.9449142857142856,2.4522285714285714,3.93,1.31
51-7011.00,Cabinetmakers and Bench Carpenters,2.4893714285714283,2.422142857142857,1.7857142857142856,1.7734857142857143,3.81,2.24,1.01,1.93,2.96,4.16,1.8,2.75,1.0,3.39,2.96,1.25,1.8914285714285717,2.596342857142857,1.7734857142857143,1.2592,3.7231,1.7142857142857144,1.57,2.5428571428571427,2.216428571428572,2.4893714285714283,1.86,1.74,1.822857142857143,1.0803571428571428,2.125,1.2208,3.43,1.83,2.51,1.49,4.64,4.29,3.4,1.7200000000000002,2.125,2.216428571428572,2.3857142857142857,4.76,1.8
51-7021.00,Furniture Finishers,2.225714285714286,2.1607142857142856,1.5357142857142858,1.872228571428572,4.66,1.23,1.09,2.1,4.01,2.34,1.18,1.63,1.0,3.65,2.33,1.09,1.8571428571428568,1.9842857142857144,1.5207142857142857,1.32,3.0914428571428574,1.5300000000000002,1.51,2.4035714285714285,1.9449142857142856,2.765714285714286,1.3,1.32,1.822857142857143,1.0407142857142857,1.4691999999999998,1.0271428571428571,3.28,1.18,2.36,1.52,4.65,4.84,3.59,1.7385714285714284,2.0028571428571427,2.0028571428571427,2.3192,4.93,2.63
51-7031.00,"Model Makers, Wood",2.4732142857142856,2.25,1.51,1.32,3.71,2.17,1.01,1.49,1.31,4.36,1.57,1.26,1.0,4.02,2.38,1.7,1.7385714285714284,2.4732142857142856,1.2857142857142856,1.268571428571429,3.3092,1.4906285714285716,2.16,2.1607142857142856,1.9085714285714288,2.4893714285714283,1.48,1.41,1.822857142857143,1.0942857142857143,1.9285714285714288,1.12,2.81,1.38,1.81,1.94,4.1,3.99,2.61,1.3008,1.5207142857142857,1.6364285714285711,2.3192,4.91,1.4
51-7032.00,"Patternmakers, Wood",2.596342857142857,2.645714285714285,1.8571428571428568,1.394285714285714,3.95,1.99,1.2,1.55,1.89,4.15,1.4,2.72,1.0,3.81,2.52,1.13,1.8057142857142856,2.2308,1.2857142857142856,1.1408,3.3206000000000007,1.4179428571428572,2.22,2.7142857142857144,1.9449142857142856,2.524285714285714,2.39,2.11,1.8571428571428568,1.1734857142857142,2.3392857142857144,1.1107142857142858,2.6,1.32,1.99,2.1,4.02,4.43,2.7,1.3392000000000002,1.9449142857142856,1.8571428571428568,2.2471428571428573,4.57,2.18
51-7041.00,"Sawing Machine Setters, Operators, and Tenders, Wood",2.0608,2.31,1.8571428571428568,1.3392000000000002,4.77,2.53,1.22,2.23,2.01,4.91,1.94,2.9,1.0,4.68,3.71,1.49,1.822857142857143,2.0028571428571427,1.3008,1.157142857142857,3.5813000000000006,1.4017857142857142,1.43,2.02,1.9449142857142856,2.0608,2.04,1.8,1.7734857142857143,1.16,2.044642857142857,1.1106285714285715,3.75,1.28,2.33,1.52,4.48,4.44,3.09,1.9085714285714288,1.822857142857143,1.9449142857142856,1.837942857142857,5.0,1.09
51-7042.00,"Woodworking Machine Setters, Operators, and Tenders, Except Sawing",1.9449142857142856,2.2928571428571427,1.8057142857142856,1.822857142857143,4.99,2.99,1.03,2.45,2.69,4.54,1.6,3.34,1.04,4.78,3.51,1.25,1.9085714285714288,1.9842857142857144,1.4435714285714285,1.2592,3.166714285714286,1.5357142857142858,1.44,2.1607142857142856,2.0028571428571427,2.31,1.7,1.38,1.9085714285714288,1.1107142857142858,2.4522285714285714,1.12,3.83,1.3,2.57,1.39,4.74,4.81,3.3,1.4542857142857144,2.0028571428571427,2.0028571428571427,2.1357142857142857,4.32,1.99
51-8011.00,Nuclear Power Reactor Operators,1.7734857142857143,1.7734857142857143,1.3785714285714286,1.0,2.54,1.94,1.11,2.39,2.74,2.39,2.06,1.61,3.64,3.42,2.35,1.39,1.9449142857142856,1.7385714285714284,1.0020571428571428,1.0020571428571428,1.2712571428571429,1.822857142857143,1.37,1.394285714285714,1.4628571428571429,2.5428571428571427,2.16,1.85,2.645714285714285,1.0020571428571428,1.7734857142857143,1.0020571428571428,1.79,1.7,1.64,3.62,2.46,3.36,1.99,1.0,1.0,1.22,1.7734857142857143,4.53,2.31
51-8012.00,Power Distributors and Dispatchers,1.2857142857142856,1.4691999999999998,1.2857142857142856,1.0206285714285714,2.4,2.1,1.42,2.32,2.5,2.14,2.91,2.15,1.0,3.74,2.26,1.7,1.8571428571428568,1.302857142857143,1.0,1.0442857142857145,1.0445142857142855,1.2857142857142856,2.67,1.25,1.0885714285714283,2.354914285714286,2.8,2.23,2.023657142857143,1.0020571428571428,1.231428571428571,1.0664285714285715,2.12,2.37,1.85,3.44,2.96,3.73,2.28,1.0206285714285714,1.0089285714285714,1.1885714285714286,1.8571428571428568,2.84,2.4
51-8013.00,Power Plant Operators,1.8571428571428568,1.8571428571428568,1.5357142857142858,1.268571428571429,4.19,2.96,1.45,3.97,4.6,4.05,4.24,3.57,1.18,4.55,4.28,2.06,1.9085714285714288,1.8571428571428568,1.2857142857142856,1.2857142857142856,2.4271714285714285,1.75,3.62,1.9085714285714288,1.7200000000000002,2.571428571428571,4.11,3.76,2.2471428571428573,1.1428571428571428,1.8914285714285717,1.268571428571429,2.4,2.42,2.1,2.99,3.22,3.93,2.99,1.3392000000000002,1.2857142857142856,1.4691999999999998,1.8057142857142856,5.0,2.88
51-8013.03,Biomass Plant Technicians,1.9085714285714288,2.4732142857142856,1.655,1.2857142857142856,4.48,2.95,1.44,4.01,4.64,4.2,4.42,4.24,1.16,4.72,4.29,2.07,1.9449142857142856,1.8057142857142856,1.32,1.3392000000000002,2.4845428571428574,1.822857142857143,2.86,1.8914285714285717,2.086428571428572,2.596342857142857,3.67,3.46,2.205357142857143,1.2857142857142856,2.086428571428572,1.268571428571429,2.43,2.57,2.11,3.52,2.62,3.34,2.89,1.3571428571428572,1.655,1.5892857142857142,1.9085714285714288,4.96,2.49
51-8013.04,Hydroelectric Plant Technicians,1.9085714285714288,2.375,1.5785714285714287,1.5614285714285714,3.1,3.26,1.43,3.57,4.13,4.12,3.21,3.2,1.04,4.23,3.75,1.73,2.044642857142857,1.9085714285714288,1.5614285714285714,1.7857142857142856,3.071157142857143,1.7734857142857143,4.05,1.9085714285714288,1.9449142857142856,2.645714285714285,3.62,2.56,2.3192,1.28,1.8125,1.32,2.76,2.56,2.53,2.38,3.48,3.66,3.5,1.5357142857142858,1.6063428571428573,1.8571428571428568,2.105,5.0,3.0
51-8021.00,Stationary Engineers and Boiler Operators,1.9085714285714288,1.9449142857142856,1.4928571428571429,1.3008,4.47,3.38,2.35,3.41,4.29,3.99,3.66,3.4,1.13,4.6,4.08,1.36,1.8571428571428568,1.9449142857142856,1.32,1.2857142857142856,2.893885714285714,1.7385714285714284,2.71,1.9449142857142856,1.9085714285714288,2.4893714285714283,4.26,3.06,2.205357142857143,1.24,1.9449142857142856,1.2592,2.62,2.36,2.52,2.59,3.58,3.55,3.23,1.3008,1.6875,1.5357142857142858,1.7734857142857143,4.28,2.38
51-8031.00,Water and Wastewater Treatment Plant and System Operators,1.8571428571428568,1.9085714285714288,1.6171428571428572,1.2857142857142856,4.29,3.39,3.29,3.08,4.17,3.88,2.71,2.79,1.08,4.21,3.61,2.43,1.8571428571428568,1.7734857142857143,1.32,1.2857142857142856,2.4849,1.3785714285714286,4.58,1.8571428571428568,1.75,2.354914285714286,4.65,3.92,1.8571428571428568,1.1785714285714286,1.8057142857142856,1.32,2.5,2.17,2.21,2.54,3.38,3.46,2.83,1.268571428571429,1.302857142857143,1.822857142857143,1.8057142857142856,4.54,2.58
51-8091.00,Chemical Plant and System Operators,2.0608,2.3392857142857144,1.4542857142857144,1.302857142857143,4.85,3.34,1.3,3.3,4.94,3.65,3.7,3.82,1.19,4.8,4.07,1.67,2.25,1.8914285714285717,1.32,1.4821428571428572,2.6092,1.935,2.93,1.9085714285714288,1.7734857142857143,2.4732142857142856,4.54,4.17,2.2928571428571427,1.0535714285714286,2.125,1.0992,2.44,2.12,2.05,2.7,3.28,3.9,3.12,1.3706285714285715,1.5785714285714287,1.6875,1.7200000000000002,4.98,3.24
51-8092.00,Gas Plant Operators,1.8571428571428568,2.0,1.625,1.268571428571429,4.01,2.64,1.0,2.7,4.06,3.28,2.32,2.07,1.07,4.39,3.6,1.35,2.086428571428572,1.8571428571428568,1.2857142857142856,1.32,1.9462857142857144,1.8571428571428568,3.66,1.822857142857143,1.8057142857142856,2.327857142857143,4.29,3.3,2.596342857142857,1.25,2.1357142857142857,1.3008,2.53,1.72,1.92,2.88,3.01,3.71,2.92,1.3008,1.3785714285714286,1.5785714285714287,1.8914285714285717,4.44,2.18
51-8093.00,"Petroleum Pump System Operators, Refinery Operators, and Gaugers",1.8571428571428568,1.9085714285714288,1.595,1.302857142857143,4.7,2.75,1.04,3.81,4.76,3.69,4.33,3.52,1.54,4.35,4.69,1.92,1.9657142857142855,1.822857142857143,1.4691999999999998,1.6875,2.731242857142857,2.02,3.37,1.8571428571428568,1.822857142857143,2.375,4.84,3.88,2.571428571428571,1.231428571428571,2.0342857142857143,1.3706285714285715,2.7,2.48,2.07,3.32,3.0,3.86,2.92,1.394285714285714,1.6063428571428573,1.6875,1.8571428571428568,5.0,2.46
51-8099.01,Biofuels Processing Technicians,2.105,2.2928571428571427,1.6364285714285711,1.6364285714285711,4.82,3.12,1.2,3.15,4.8,3.49,4.07,3.3,1.17,4.45,4.45,1.78,1.9285714285714288,2.044642857142857,1.5785714285714287,1.595,3.0982000000000003,1.822857142857143,2.98,2.105,2.086428571428572,2.275,4.28,3.64,2.275,1.28,2.1492,1.4179428571428572,2.32,2.59,2.01,2.84,3.31,3.65,3.17,1.4691999999999998,1.6665142857142858,1.822857142857143,1.8914285714285717,5.0,2.94
51-9011.00,Chemical Equipment Operators and Tenders,1.9085714285714288,2.375,1.75,1.3008,4.69,3.47,1.6,2.92,4.55,3.84,3.49,3.55,1.18,4.37,4.25,1.57,2.0608,1.8571428571428568,1.32,1.4821428571428572,2.871742857142857,1.5785714285714287,1.7,1.9642857142857144,2.19,2.422142857142857,4.12,2.64,2.3857142857142857,1.197142857142857,2.086428571428572,1.28,2.61,2.42,2.25,2.7,3.72,3.66,3.68,1.335714285714286,1.7385714285714284,1.7036571428571428,1.8914285714285717,5.0,3.82
51-9012.00,"Separating, Filtering, Clarifying, Precipitating, and Still Machine Setters, Operators, and Tenders",2.02,1.9085714285714288,1.6875,1.4542857142857144,4.64,3.03,1.18,3.09,3.49,3.51,3.3,3.51,1.57,4.35,3.83,1.7,1.8571428571428568,1.8571428571428568,1.5614285714285714,1.7857142857142856,2.871742857142857,1.822857142857143,1.28,1.8571428571428568,1.9085714285714288,2.5428571428571427,1.63,1.37,2.327857142857143,1.25,2.125,1.268571428571429,2.52,1.94,1.7,2.51,3.34,3.94,3.23,1.6063428571428573,2.023657142857143,1.8571428571428568,1.8571428571428568,4.91,2.13
51-9021.00,"Crushing, Grinding, and Polishing Machine Setters, Operators, and Tenders",2.071428571428572,2.354914285714286,1.6875,1.5785714285714287,3.77,2.68,1.15,1.76,3.38,3.49,2.83,2.08,1.0,3.77,3.06,2.0,1.837942857142857,1.9449142857142856,1.4821428571428572,1.3571428571428572,2.9274142857142857,1.8571428571428568,2.61,2.1677714285714287,2.1607142857142856,2.25,3.4,2.81,1.9449142857142856,1.231428571428571,2.2928571428571427,1.3785714285714286,2.48,1.8,2.2,2.24,3.93,4.28,3.59,1.6875,1.9449142857142856,1.9449142857142856,1.8914285714285717,5.0,3.65
51-9022.00,"Grinding and Polishing Workers, Hand",2.607142857142857,2.375,1.5207142857142857,1.4017857142857142,4.53,1.36,1.02,1.8,1.94,4.83,1.47,3.47,1.0,4.48,3.25,1.09,1.7200000000000002,2.375,1.268571428571429,1.28,4.774685714285715,1.595,1.67,2.265085714285714,2.0028571428571427,2.4732142857142856,2.53,1.51,1.822857142857143,1.1785714285714286,1.8057142857142856,1.1785714285714286,3.13,1.34,1.43,2.29,3.91,4.83,2.32,1.231428571428571,1.7036571428571428,1.7485714285714289,1.822857142857143,4.83,2.32
51-9023.00,"Mixing and Blending Machine Setters, Operators, and Tenders",1.9642857142857144,1.9449142857142856,1.6063428571428573,1.4179428571428572,4.62,1.97,1.0,2.55,4.53,3.77,2.99,2.02,1.04,4.18,3.06,1.19,1.9449142857142856,1.8571428571428568,1.2857142857142856,1.32,3.5882571428571426,1.51,1.23,1.9642857142857144,1.9449142857142856,2.105,2.49,2.06,1.9449142857142856,1.1734857142857142,1.9842857142857144,1.25,3.63,1.72,2.07,1.63,4.69,4.5,3.4,1.4179428571428572,1.8571428571428568,1.822857142857143,1.5207142857142857,5.0,3.28
51-9031.00,"Cutters and Trimmers, Hand",1.9449142857142856,1.8914285714285717,1.2142857142857144,1.2592,2.13,1.04,1.03,1.5,1.14,2.24,1.04,1.77,1.02,1.88,2.14,1.02,1.6875,1.837942857142857,1.268571428571429,1.197142857142857,2.7049857142857143,1.32,1.0,2.1142857142857143,1.7734857142857143,2.105,1.02,1.0,1.5207142857142857,1.0,1.6063428571428573,1.0089285714285714,2.88,1.02,1.71,1.5,4.56,4.66,2.35,1.16,1.8571428571428568,1.5300000000000002,1.5508,2.65,1.94
51-9032.00,"Cutting and Slicing Machine Setters, Operators, and Tenders",2.2767857142857144,2.4893714285714283,1.9842857142857144,1.4542857142857144,3.78,2.35,1.22,1.7,1.9,4.11,1.65,2.46,1.34,4.33,3.01,1.08,1.7734857142857143,2.4893714285714283,1.3706285714285715,1.1428571428571428,3.722114285714286,1.4017857142857142,1.34,2.265085714285714,2.1492,2.3906285714285715,1.7,1.77,1.9842857142857144,1.1106285714285715,2.19,1.157142857142857,3.52,1.47,2.33,1.53,4.77,4.36,3.82,1.6391999999999998,1.9449142857142856,1.9085714285714288,2.1492,4.84,1.48
51-9041.00,"Extruding, Forming, Pressing, and Compacting Machine Setters, Operators, and Tenders",2.216428571428572,2.0028571428571427,1.8571428571428568,1.5508,4.28,2.84,1.67,2.35,2.36,3.52,2.69,3.64,1.05,4.43,4.04,1.21,2.044642857142857,2.044642857142857,1.51,1.197142857142857,3.003142857142857,1.822857142857143,1.04,2.0608,1.9842857142857144,2.105,1.13,1.17,2.4732142857142856,1.0357142857142856,2.4732142857142856,1.157142857142857,2.83,1.68,2.03,1.72,4.55,4.09,3.55,1.7571428571428571,1.9842857142857144,1.9449142857142856,2.096342857142857,5.0,2.33
51-9051.00,"Furnace, Kiln, Oven, Drier, and Kettle Operators and Tenders",1.9642857142857144,2.25,1.4,1.3785714285714286,4.46,2.53,1.55,2.72,2.55,3.62,2.61,4.13,1.39,4.61,4.58,1.9,1.3785714285714286,1.7200000000000002,1.32,1.5207142857142857,3.6477,1.197142857142857,1.39,1.822857142857143,1.8571428571428568,2.2471428571428573,1.76,1.92,1.9285714285714288,1.0271428571428571,2.023657142857143,1.16,3.2,1.78,1.65,2.25,3.87,4.28,2.99,1.3392000000000002,1.8057142857142856,1.8571428571428568,1.3785714285714286,5.0,2.41
51-9061.00,"Inspectors, Testers, Sorters, Samplers, and Weighers",1.8571428571428568,1.6665142857142858,1.2857142857142856,1.2208,4.27,2.65,1.02,2.64,3.01,3.39,2.07,2.44,1.0,4.16,3.21,1.07,1.8057142857142856,1.8914285714285717,1.2142857142857144,1.2208,3.059714285714286,1.32,1.68,1.8571428571428568,1.5614285714285714,2.3392857142857144,1.94,1.66,2.105,1.0535714285714286,1.4542857142857144,1.0885714285714283,2.4,1.42,2.29,2.37,3.82,3.75,3.51,1.2142857142857144,1.394285714285714,1.4691999999999998,1.8571428571428568,4.93,1.75
51-9071.00,Jewelers and Precious Stone and Metal Workers,2.2928571428571427,1.837942857142857,1.3785714285714286,1.2036571428571428,3.74,1.56,1.3,1.08,2.19,2.68,1.38,3.01,1.27,3.11,1.77,1.07,1.394285714285714,2.4035714285714285,1.0178571428571428,1.0178571428571428,2.284,1.197142857142857,1.65,1.8057142857142856,1.302857142857143,2.8020571428571426,2.01,1.22,1.51,1.0271428571428571,1.2363428571428572,1.0336571428571428,1.68,1.21,1.25,4.09,2.06,4.38,1.99,1.0221428571428572,1.157142857142857,1.268571428571429,1.9842857142857144,3.25,2.15
51-9071.06,Gem and Diamond Workers,2.875,2.2871428571428574,1.51,1.0042857142857142,3.91,1.21,1.0,1.33,3.2,2.07,1.0,1.43,1.0,2.99,1.23,1.14,1.51,2.6393714285714287,1.0,1.0,2.4101,1.25,1.67,2.023657142857143,1.4435714285714285,3.6742857142857135,1.08,1.06,1.6875,1.0,1.231428571428571,1.0,1.39,1.0,1.21,4.75,1.41,4.64,1.22,1.0,1.0992,1.0135714285714286,1.9657142857142855,1.96,1.13
51-9081.00,Dental Laboratory Technicians,2.5428571428571427,2.596342857142857,1.3392000000000002,1.0442857142857145,4.54,1.34,3.64,1.26,3.46,3.18,1.05,3.61,1.07,3.34,1.73,1.0,1.7200000000000002,2.7142857142857144,1.0,1.0,2.5561,1.5,1.92,2.0028571428571427,1.6875,2.877142857142857,1.03,1.03,1.8571428571428568,1.0206285714285714,1.4691999999999998,1.1106285714285715,1.92,1.0,1.2,4.44,2.05,4.72,2.0,1.0,1.2142857142857144,1.3008,2.4035714285714285,4.4,1.95
51-9082.00,Medical Appliance Technicians,2.375,2.2308,1.8571428571428568,1.4179428571428572,4.74,2.09,2.91,1.14,3.34,4.32,1.38,3.26,1.85,4.24,1.67,1.15,1.7734857142857143,2.354914285714286,1.268571428571429,1.231428571428571,2.4427000000000003,1.8571428571428568,1.65,2.1607142857142856,1.9792,2.645714285714285,1.18,1.02,1.7036571428571428,1.0,1.6875,1.0,2.92,1.12,1.96,1.96,4.34,4.48,2.91,1.25,1.6063428571428573,1.7142857142857144,2.4732142857142856,4.57,2.75
51-9083.00,Ophthalmic Laboratory Technicians,2.542057142857143,2.517857142857143,1.7036571428571428,1.0549142857142857,3.84,1.63,2.16,1.32,1.61,2.07,1.02,2.81,1.01,3.48,1.25,1.13,1.8057142857142856,2.4035714285714285,1.1339285714285714,1.0089285714285714,2.456328571428572,1.3008,1.02,2.2071428571428573,1.7734857142857143,2.7207142857142856,1.01,1.0,1.822857142857143,1.0,1.8571428571428568,1.0,2.47,1.07,2.12,2.13,3.87,4.58,3.22,1.24,1.16,1.4179428571428572,1.9449142857142856,2.12,1.28
51-9111.00,Packaging and Filling Machine Operators and Tenders,2.0028571428571427,2.096342857142857,1.467857142857143,1.3392000000000002,4.52,2.56,1.15,1.49,2.03,4.09,2.1,3.12,1.13,4.01,2.75,1.18,1.7734857142857143,1.9657142857142855,1.34,1.32,3.255914285714286,1.6714285714285717,1.07,2.06,1.8571428571428568,2.023657142857143,1.72,1.21,1.9085714285714288,1.16,1.9285714285714288,1.25,3.91,2.02,2.17,1.55,4.57,4.55,3.87,1.51,1.7200000000000002,1.8571428571428568,1.822857142857143,4.24,2.05
51-9123.00,"Painting, Coating, and Decorating Workers",2.25,1.6665142857142858,1.3785714285714286,1.197142857142857,4.0,2.08,1.02,2.12,3.22,1.14,1.16,1.27,1.16,3.81,1.84,1.0,1.4464285714285716,1.8571428571428568,1.25,1.1785714285714286,3.352371428571429,1.2857142857142856,1.0,1.9257142857142855,1.6063428571428573,2.4035714285714285,1.23,1.25,1.302857142857143,1.0,1.0442857142857145,1.0135714285714286,2.34,1.21,1.9,2.58,3.38,4.4,2.42,1.25,1.3392000000000002,1.5892857142857142,1.3785714285714286,2.66,2.26
51-9124.00,"Coating, Painting, and Spraying Machine Setters, Operators, and Tenders",2.225714285714286,2.422142857142857,1.6665142857142858,1.8914285714285717,4.35,2.3,1.72,2.34,3.67,2.48,2.2,3.09,1.11,4.66,4.04,1.26,2.044642857142857,2.0028571428571427,1.5357142857142858,1.3571428571428572,2.9456,1.6063428571428573,1.74,2.1677714285714287,1.8914285714285717,2.3906285714285715,2.11,1.57,1.9449142857142856,1.3008,1.7734857142857143,1.3008,3.36,1.43,2.32,1.31,4.28,4.83,3.8,1.7734857142857143,1.6665142857142858,1.9449142857142856,1.9449142857142856,4.25,3.84
51-9141.00,Semiconductor Processing Technicians,2.2071428571428573,2.044642857142857,1.4928571428571429,1.2825,4.08,2.69,1.0,2.54,4.09,2.31,1.14,1.88,1.57,3.61,1.93,1.0,1.5821428571428573,2.166785714285714,1.3034857142857144,1.1210714285714285,3.2986857142857136,1.335714285714286,1.8,1.9524142857142857,1.876342857142857,2.363842857142857,1.28,1.01,1.894285714285714,1.0675,1.5184857142857142,1.0357142857142856,2.16,1.47,1.54,2.85,3.56,3.9,3.35,1.3571428571428572,1.6575,1.5821428571428573,1.8571428571428568,4.57,3.09
51-9151.00,Photographic Process Workers and Processing Machine Operators,1.9257142857142855,1.9257142857142855,1.32,1.32,4.0,2.39,2.64,1.96,3.22,2.24,1.82,1.74,1.0,2.83,2.93,1.0,1.7200000000000002,1.822857142857143,1.1885714285714286,1.1734857142857142,1.8256,1.3392000000000002,1.41,1.8328571428571427,1.4928571428571429,2.4732142857142856,2.23,1.76,1.9085714285714288,1.0,1.5357142857142858,1.0042857142857142,2.98,2.02,2.24,2.47,3.9,3.93,3.44,1.394285714285714,1.3785714285714286,1.5357142857142858,1.9085714285714288,1.95,1.18
51-9161.00,Computer Numerically Controlled Tool Operators,2.375,2.3857142857142857,1.9657142857142855,1.3785714285714286,4.12,1.69,1.1,1.63,2.54,4.07,1.22,3.38,1.34,4.28,2.07,1.15,1.8728571428571428,2.086428571428572,1.32,1.231428571428571,3.243785714285714,2.19,1.29,2.086428571428572,1.9842857142857144,2.375,1.27,1.25,2.0028571428571427,1.3008,2.25,1.28,2.83,1.24,1.57,1.6,4.6,4.22,3.07,1.394285714285714,1.7734857142857143,1.9085714285714288,2.205357142857143,4.99,1.49
51-9162.00,Computer Numerically Controlled Tool Programmers,1.8571428571428568,1.8571428571428568,1.6063428571428573,1.1257142857142857,3.34,1.93,1.31,1.36,2.81,3.21,1.68,2.4,1.0,4.0,2.4,1.32,1.8057142857142856,1.8571428571428568,1.268571428571429,1.1106285714285715,2.6951,1.6063428571428573,1.5,1.7385714285714284,1.7734857142857143,2.7142857142857144,1.38,1.15,2.178571428571429,1.0206285714285714,1.8057142857142856,1.0535714285714286,2.65,1.37,1.96,2.83,3.19,4.5,2.67,1.268571428571429,1.2857142857142856,1.5357142857142858,2.1750857142857143,4.88,1.37
51-9191.00,Adhesive Bonding Machine Operators and Tenders,2.1228571428571428,2.2071428571428573,1.822857142857143,1.7857142857142856,4.78,2.92,1.34,2.13,2.94,3.87,1.75,2.88,1.6,4.21,2.76,1.41,1.7734857142857143,2.0608,1.7385714285714284,1.32,4.066514285714286,1.6875,1.0,2.1228571428571428,2.1635714285714283,2.1607142857142856,1.22,1.26,2.0028571428571427,1.2142857142857144,2.086428571428572,1.157142857142857,3.22,1.57,2.9,1.47,4.58,4.64,3.8,1.7934857142857146,2.31,2.1142857142857143,1.9449142857142856,4.54,2.3
51-9192.00,"Cleaning, Washing, and Metal Pickling Equipment Operators and Tenders",1.9085714285714288,1.9085714285714288,1.4906285714285716,1.2857142857142856,3.32,2.49,1.53,1.95,2.85,2.14,1.97,2.68,1.02,4.44,3.33,1.03,1.595,1.822857142857143,1.5207142857142857,1.268571428571429,3.405628571428572,1.4017857142857142,1.0,1.822857142857143,1.822857142857143,2.0028571428571427,2.53,1.43,1.9085714285714288,1.0535714285714286,1.5165142857142857,1.077942857142857,2.98,2.14,2.62,1.97,4.7,3.87,4.35,1.5625,1.6063428571428573,1.8571428571428568,1.4691999999999998,5.0,2.57
51-9193.00,Cooling and Freezing Equipment Operators and Tenders,1.9642857142857144,1.9449142857142856,1.6364285714285711,1.4017857142857142,3.56,2.58,1.01,2.83,3.44,3.6,2.82,2.85,1.0,4.52,4.05,1.3,1.7734857142857143,1.9449142857142856,1.3392000000000002,1.4017857142857142,3.320114285714286,1.3785714285714286,2.03,1.9449142857142856,1.8571428571428568,2.327857142857143,3.21,2.25,2.125,1.1106285714285715,1.9449142857142856,1.1885714285714286,2.27,2.05,2.01,2.39,4.32,3.82,3.41,1.6391999999999998,1.9449142857142856,1.9449142857142856,1.78,4.99,3.54
51-9194.00,Etchers and Engravers,2.571428571428571,2.4732142857142856,1.4542857142857144,1.25,4.25,2.19,1.0,1.68,2.63,2.96,1.2,2.19,1.4,3.65,2.17,1.03,1.655,2.1635714285714283,1.197142857142857,1.2000000000000002,2.9042142857142856,1.3571428571428572,1.59,2.086428571428572,1.7734857142857143,2.748571428571428,1.33,1.08,1.7385714285714284,1.0442857142857145,1.5357142857142858,1.077942857142857,2.32,1.25,1.79,2.75,3.41,4.38,2.54,1.2208,1.4017857142857142,1.5785714285714287,1.9449142857142856,3.66,1.87
51-9195.00,"Molders, Shapers, and Casters, Except Metal and Plastic",2.071428571428572,2.0028571428571427,1.3125,1.4435714285714285,3.72,2.18,1.17,2.74,2.53,3.33,1.79,3.52,1.03,4.16,3.26,1.43,1.8057142857142856,2.0608,1.36,1.3785714285714286,3.666,1.4017857142857142,1.19,1.9792,1.9085714285714288,2.125,1.73,1.58,1.7200000000000002,1.157142857142857,1.7385714285714284,1.24,3.53,1.77,2.02,1.23,4.75,4.59,3.85,1.5207142857142857,1.6875,1.837942857142857,1.837942857142857,4.96,1.74
51-9195.03,"Stone Cutters and Carvers, Manufacturing",2.645714285714285,2.4035714285714285,1.4435714285714285,1.51,4.74,1.56,1.08,1.91,2.85,3.39,1.07,3.16,1.0,4.51,3.16,2.0,1.6875,2.2928571428571427,1.2857142857142856,1.16,4.191057142857142,1.2592,1.32,2.354914285714286,1.9642857142857144,2.354914285714286,2.61,2.23,1.595,1.0549142857142857,1.5785714285714287,1.0942857142857143,3.62,1.14,2.12,1.47,4.74,4.75,2.93,1.595,1.9842857142857144,1.9642857142857144,2.044642857142857,4.44,3.24
51-9195.04,"Glass Blowers, Molders, Benders, and Finishers",2.645714285714285,2.4732142857142856,1.7385714285714284,1.4628571428571429,4.46,2.69,1.16,3.12,2.77,3.85,1.7,4.98,1.0,4.38,4.09,1.05,1.8728571428571428,2.2928571428571427,1.2857142857142856,1.2142857142857144,2.5066,1.6063428571428573,1.16,2.354914285714286,2.0608,2.596342857142857,1.13,1.1,2.0608,1.0664285714285715,2.375,1.077942857142857,2.02,1.24,1.83,2.43,3.6,4.0,2.63,1.4285714285714286,1.655,1.822857142857143,2.4522285714285714,4.88,2.27
51-9195.05,"Potters, Manufacturing",2.7142857142857144,2.4971428571428573,1.6063428571428573,1.4821428571428572,4.15,1.52,1.0,1.69,1.66,2.05,1.02,2.25,1.02,2.43,2.4,1.0,1.655,2.5428571428571427,1.2857142857142856,1.1885714285714286,3.818785714285714,1.22,2.13,2.596342857142857,2.2928571428571427,2.4035714285714285,1.61,2.46,1.6875,1.0885714285714283,1.51,1.1071428571428572,2.9,1.14,1.51,3.14,2.84,4.48,1.94,1.3785714285714286,1.7734857142857143,1.7734857142857143,2.4035714285714285,2.51,1.9
51-9196.00,"Paper Goods Machine Setters, Operators, and Tenders",2.0028571428571427,1.9642857142857144,1.5207142857142857,1.28,3.93,3.22,1.13,2.54,2.75,3.94,2.15,3.44,1.0,4.89,3.38,1.37,1.4928571428571429,1.9085714285714288,1.268571428571429,1.197142857142857,3.740114285714286,1.7734857142857143,1.06,1.9085714285714288,1.75,2.105,1.12,1.06,1.7200000000000002,1.0357142857142856,1.8571428571428568,1.0664285714285715,3.51,1.76,2.34,1.46,4.68,4.65,3.0,1.3392000000000002,1.5357142857142858,1.8057142857142856,1.7200000000000002,4.78,1.11
51-9197.00,Tire Builders,2.1677714285714287,2.354914285714286,1.4691999999999998,1.5625,4.47,2.28,1.14,2.12,3.97,4.31,2.44,3.75,1.27,4.64,2.85,1.28,1.5207142857142857,2.1142857142857143,1.6875,1.32,3.6242857142857137,1.4249999999999998,1.42,2.375,2.354914285714286,2.1142857142857143,1.81,1.38,1.625,1.0803571428571428,2.023657142857143,1.1106285714285715,4.45,1.62,2.04,1.09,5.0,4.87,3.06,1.8571428571428568,1.9449142857142856,2.1607142857142856,1.7734857142857143,4.77,1.06
51-9198.00,Helpers--Production Workers,1.9449142857142856,2.086428571428572,1.7385714285714284,1.4906285714285716,3.51,2.9,1.02,2.17,2.12,3.47,2.19,3.47,1.11,4.17,3.17,1.78,1.7385714285714284,1.9085714285714288,1.3571428571428572,1.25,3.686,1.4542857142857144,1.55,2.0028571428571427,1.9085714285714288,2.1607142857142856,2.12,1.62,1.8571428571428568,1.16,1.75,1.1257142857142857,3.54,2.05,2.18,2.03,3.75,4.62,3.17,1.7857142857142856,2.044642857142857,2.086428571428572,1.655,4.94,2.57
53-1041.00,Aircraft Cargo Handling Supervisors,1.7485714285714289,1.8057142857142856,1.8571428571428568,1.5207142857142857,3.46,2.67,1.39,2.52,2.24,3.59,2.2,1.98,1.21,4.62,3.39,1.36,2.216428571428572,1.6875,1.5207142857142857,1.3008,3.4406857142857143,1.7385714285714284,4.23,1.8914285714285717,2.071428571428572,2.1607142857142856,4.38,2.86,2.0608,1.2857142857142856,1.8571428571428568,1.32,2.96,1.81,2.23,2.48,3.52,3.32,3.11,1.5785714285714287,2.205357142857143,1.9085714285714288,2.1635714285714283,4.36,1.62
53-1042.00,"First-Line Supervisors of Helpers, Laborers, and Material Movers, Hand",1.7036571428571428,1.6063428571428573,1.3571428571428572,1.32,2.82,1.61,1.25,2.89,2.24,2.49,1.13,1.17,1.1,3.62,3.23,1.06,1.8571428571428568,1.6364285714285711,1.2857142857142856,1.197142857142857,2.293214285714286,1.268571428571429,2.77,1.8571428571428568,1.4017857142857142,2.0028571428571427,3.11,2.34,1.51,1.2208,1.3392000000000002,1.2208,1.56,1.32,1.55,3.16,3.3,1.8,2.78,1.2857142857142856,1.4249999999999998,1.6665142857142858,1.8057142857142856,3.04,1.75
53-1042.01,Recycling Coordinators,1.3392000000000002,1.4928571428571429,1.4542857142857144,1.0,4.08,1.64,2.09,2.48,2.27,3.43,1.44,2.76,1.0,3.51,3.22,1.61,1.6364285714285711,1.5508,1.0020571428571428,1.0,2.334357142857143,1.25,3.6,1.335714285714286,1.542142857142857,2.02,4.1,3.03,1.51,1.0942857142857143,1.268571428571429,1.1885714285714286,2.09,1.21,1.42,3.4,2.94,2.51,2.4,1.0020571428571428,1.28,1.3571428571428572,1.3785714285714286,3.88,1.26
53-1043.00,First-Line Supervisors of Material-Moving Machine and Vehicle Operators,1.6875,1.4691999999999998,1.5614285714285714,1.0442857142857145,3.43,2.04,1.43,1.81,1.66,3.02,1.77,2.25,1.1,3.67,3.61,1.64,1.9642857142857144,1.51,1.268571428571429,1.0942857142857143,2.8723428571428573,1.3785714285714286,3.09,1.4691999999999998,1.5614285714285714,2.2071428571428573,3.85,1.82,1.7734857142857143,1.1785714285714286,1.3392000000000002,1.25,2.33,1.38,2.08,2.76,3.62,3.51,3.77,1.231428571428571,1.3392000000000002,1.4017857142857142,1.8057142857142856,3.34,1.88
53-2011.00,"Airline Pilots, Copilots, and Flight Engineers",2.607142857142857,3.3271428571428574,2.9522285714285714,1.1106285714285715,3.5,2.85,2.05,3.65,2.78,2.75,3.62,1.66,3.51,4.41,3.59,2.21,3.497857142857143,1.9449142857142856,1.0803571428571428,1.268571428571429,1.827928571428572,2.571428571428571,4.57,2.1607142857142856,2.821428571428571,3.0335714285714284,3.42,1.61,2.894285714285714,2.645714285714285,3.321428571428572,2.98,1.86,1.57,1.36,4.74,1.94,4.6,1.99,1.0549142857142857,1.3392000000000002,1.2208,2.36,3.59,1.97
53-2012.00,Commercial Pilots,2.0028571428571427,3.005714285714286,2.765714285714286,1.3008,3.61,3.09,2.43,3.3,3.41,3.75,2.87,2.42,2.44,3.73,3.16,1.86,3.0357142857142856,1.8057142857142856,1.25,1.2036571428571428,2.471714285714285,1.9449142857142856,3.96,2.0608,2.6950857142857143,2.729371428571429,3.72,3.24,2.782857142857143,1.8914285714285717,2.765714285714286,2.596342857142857,2.65,1.91,2.05,4.34,1.99,3.56,2.17,1.2142857142857144,1.3392000000000002,1.4821428571428572,2.086428571428572,3.68,2.39
53-2021.00,Air Traffic Controllers,1.51,1.7734857142857143,1.6063428571428573,1.0,2.17,1.29,1.28,2.53,1.16,1.18,2.07,1.13,1.69,3.51,1.39,1.13,2.894285714285714,1.8057142857142856,1.0,1.0,1.1596,1.7385714285714284,1.2,1.394285714285714,1.0206285714285714,2.8363428571428573,1.13,1.14,2.9522285714285714,1.0664285714285715,1.1071428571428572,1.1257142857142857,1.52,1.17,1.22,4.44,2.27,4.17,1.57,1.0,1.0,1.12,2.607142857142857,1.13,1.13
53-2022.00,Airfield Operations Specialists,1.394285714285714,1.7200000000000002,1.6063428571428573,1.1071428571428572,3.98,2.25,1.6,3.51,2.95,3.03,2.59,1.75,1.14,4.3,3.65,1.61,2.4971428571428573,1.3785714285714286,1.12,1.1408,2.2865,1.5508,4.41,1.5207142857142857,1.3785714285714286,2.4035714285714285,4.21,1.87,2.0028571428571427,1.3392000000000002,1.3571428571428572,1.4691999999999998,2.56,1.87,1.67,3.06,3.31,3.41,3.12,1.1106285714285715,1.1408,1.345,1.8571428571428568,3.99,1.72
53-2031.00,Flight Attendants,1.7385714285714284,1.268571428571429,1.268571428571429,1.3392000000000002,4.41,4.18,4.04,3.35,3.32,3.08,4.5,2.27,4.28,4.85,3.27,3.3,1.9449142857142856,1.6875,1.7385714285714284,1.8914285714285717,3.28,1.5693714285714286,4.17,1.7385714285714284,1.655,2.2767857142857144,2.7,1.77,1.9449142857142856,1.0020571428571428,1.3392000000000002,1.0089285714285714,3.68,1.4,2.9,2.39,4.07,3.05,3.87,1.655,1.7734857142857143,1.8571428571428568,1.32,2.9,2.21
53-3011.00,"Ambulance Drivers and Attendants, Except Emergency Medical Technicians",1.9085714285714288,1.8914285714285717,1.822857142857143,1.4928571428571429,3.6,3.39,3.89,2.32,2.62,2.69,1.69,2.55,1.86,3.06,3.34,1.52,1.9842857142857144,1.8057142857142856,1.6875,1.2208,2.795914285714286,1.4906285714285716,4.1,1.8571428571428568,1.9449142857142856,2.125,4.23,3.56,1.8914285714285717,1.3392000000000002,2.096342857142857,1.9449142857142856,3.44,1.54,2.6,3.22,3.04,3.84,2.76,1.4017857142857142,2.1750857142857143,1.8571428571428568,1.7734857142857143,4.26,1.63
53-3031.00,Driver/Sales Workers,1.6428571428571428,1.8571428571428568,1.4628571428571429,1.3392000000000002,3.46,3.39,1.36,3.72,1.61,2.22,1.84,2.59,1.0,3.71,4.82,1.29,1.8571428571428568,1.822857142857143,1.4017857142857142,1.2592,4.054900000000001,1.3785714285714286,4.1,1.7734857142857143,1.8057142857142856,2.0028571428571427,5.0,2.37,1.7385714285714284,1.394285714285714,1.5357142857142858,1.4906285714285716,4.17,2.27,3.33,2.9,3.61,4.61,3.83,1.4017857142857142,1.8571428571428568,1.8571428571428568,1.3785714285714286,3.54,1.29
53-3032.00,Heavy and Tractor-Trailer Truck Drivers,1.8571428571428568,2.596342857142857,2.25,1.4691999999999998,3.86,2.43,1.15,3.11,2.45,2.46,2.1,2.53,1.19,3.61,4.24,2.73,2.729371428571429,1.7385714285714284,1.3706285714285715,1.3571428571428572,2.4001714285714284,1.8571428571428568,4.95,1.8571428571428568,2.645714285714285,2.1142857142857143,4.76,2.81,1.7734857142857143,1.8571428571428568,2.571428571428571,2.44,2.56,1.75,1.75,4.16,2.21,4.42,2.18,1.4542857142857144,1.9657142857142855,1.7385714285714284,1.8571428571428568,4.35,1.81
53-3033.00,Light Truck Drivers,1.7036571428571428,1.9085714285714288,1.822857142857143,1.4017857142857142,3.08,2.11,1.45,2.71,1.99,1.93,1.62,1.91,1.0,2.39,3.48,1.09,2.265085714285714,1.604285714285714,1.5207142857142857,1.1785714285714286,3.675228571428572,1.51,4.61,1.872228571428572,2.216428571428572,1.9642857142857144,4.15,2.58,1.7485714285714289,1.5207142857142857,1.9085714285714288,2.1142857142857143,3.05,1.23,1.84,3.56,2.81,4.19,3.34,1.7934857142857146,2.096342857142857,1.9449142857142856,1.7385714285714284,3.47,1.07
53-3051.00,"Bus Drivers, School",1.8328571428571427,2.105,2.071428571428572,1.335714285714286,3.11,1.8,2.15,2.23,1.96,1.83,1.14,1.58,1.45,3.86,3.46,1.78,2.5,1.3571428571428572,1.28,1.1734857142857142,1.3828,1.837942857142857,4.84,1.7036571428571428,2.0608,2.2767857142857144,3.9,2.11,1.7734857142857143,2.105,2.25,2.0028571428571427,2.31,1.28,1.49,4.27,1.78,4.39,1.75,1.197142857142857,1.28,1.5614285714285714,1.6063428571428573,1.63,1.54
53-3052.00,"Bus Drivers, Transit and Intercity",1.872228571428572,2.3906285714285715,2.131428571428572,1.1785714285714286,3.52,2.0,2.88,2.94,1.13,1.92,1.0,1.69,1.1,4.03,2.82,1.67,2.613485714285714,1.5300000000000002,1.1885714285714286,1.0803571428571428,1.7248,1.7385714285714284,4.64,1.5693714285714286,2.375,2.0285714285714285,3.16,2.1,1.7734857142857143,1.9642857142857144,2.4035714285714285,2.0779428571428573,2.09,1.0,1.58,4.85,1.76,4.47,1.61,1.1106285714285715,1.3008,1.4542857142857144,1.5625,1.78,1.0
53-3053.00,Shuttle Drivers and Chauffeurs,1.8328571428571427,2.1607142857142856,1.935,1.197142857142857,2.87,1.88,2.37,2.22,1.09,1.59,1.15,1.56,1.17,3.84,3.21,1.28,2.551428571428572,1.5785714285714287,1.2592,1.1885714285714286,1.8179285714285716,1.625,4.96,1.655,2.071428571428572,2.337142857142857,4.35,1.87,1.7857142857142856,1.7934857142857146,2.1635714285714283,2.044642857142857,2.84,1.04,2.02,4.02,2.65,3.91,2.09,1.16,1.3392000000000002,1.655,1.394285714285714,2.65,2.05
53-4011.00,Locomotive Engineers,1.9085714285714288,2.7142857142857144,2.44,1.32,4.36,3.47,1.5,3.7,3.3,3.99,2.15,2.96,1.75,4.86,4.45,3.94,3.172857142857143,1.8571428571428568,1.2857142857142856,1.24,2.9051142857142858,1.9792,4.74,2.02,2.524285714285714,2.3906285714285715,4.44,2.16,2.4732142857142856,1.7385714285714284,2.8020571428571426,1.9449142857142856,2.82,2.51,1.42,4.37,2.4,4.61,2.11,1.24,1.5614285714285714,1.625,1.8571428571428568,4.85,1.24
53-4013.00,"Rail Yard Engineers, Dinkey Operators, and Hostlers",2.02,2.4732142857142856,2.0028571428571427,1.4435714285714285,4.31,2.88,1.0,3.4,2.41,3.35,1.9,2.78,1.0,4.48,4.15,3.14,2.6950857142857143,1.822857142857143,1.6364285714285711,1.7385714285714284,3.4174,1.7734857142857143,3.92,2.02,2.205357142857143,2.265085714285714,4.68,1.96,1.9449142857142856,1.6714285714285717,2.524285714285714,1.8571428571428568,2.95,2.31,1.98,3.74,2.25,4.32,2.39,1.3785714285714286,1.8914285714285717,1.9085714285714288,1.9842857142857144,4.95,1.45
53-4022.00,"Railroad Brake, Signal, and Switch Operators and Locomotive Firers",2.0779428571428573,2.422142857142857,1.6875,1.655,4.79,3.21,1.5,4.3,4.0,4.37,3.1,2.92,1.06,4.93,4.05,4.1,2.4035714285714285,1.7857142857142856,1.625,1.5677714285714286,2.734571428571429,1.822857142857143,4.56,2.02,2.1492,2.375,4.72,1.96,2.1142857142857143,1.335714285714286,2.3392857142857144,1.4821428571428572,2.98,2.52,2.11,3.74,2.46,4.43,2.53,1.5357142857142858,1.7200000000000002,1.9285714285714288,1.7485714285714289,4.71,1.27
53-4031.00,Railroad Conductors and Yardmasters,1.7734857142857143,1.9449142857142856,1.8571428571428568,1.231428571428571,4.32,2.8,1.6,3.81,3.25,3.7,2.62,3.11,1.14,4.65,4.13,3.04,2.4522285714285714,1.6875,1.51,1.625,3.0478857142857145,1.7734857142857143,4.34,1.655,1.7734857142857143,2.31,4.7,1.74,1.9449142857142856,1.3785714285714286,2.125,1.4821428571428572,2.5,2.06,1.99,3.91,2.54,3.15,2.61,1.51,1.5785714285714287,1.655,2.023657142857143,4.82,1.15
53-4041.00,Subway and Streetcar Operators,2.0779428571428573,2.782857142857143,2.071428571428572,1.32,3.83,2.4,2.99,3.5,3.8,2.95,2.19,2.77,1.24,3.7,3.64,2.35,2.422142857142857,1.822857142857143,1.4179428571428572,1.2857142857142856,1.7064857142857142,1.8571428571428568,5.0,2.071428571428572,2.596342857142857,2.178571428571429,4.04,2.32,2.1228571428571428,1.625,2.8020571428571426,1.7734857142857143,3.02,1.47,1.68,4.24,2.61,4.92,2.55,1.2857142857142856,1.394285714285714,1.4179428571428572,1.7734857142857143,4.33,1.2
53-5011.00,Sailors and Marine Oilers,2.1677714285714287,2.5428571428571427,2.524285714285714,1.7734857142857143,4.6,3.63,1.74,3.12,3.26,3.67,3.05,3.82,1.99,4.96,4.93,3.04,2.877142857142857,1.8914285714285717,1.8057142857142856,1.9449142857142856,3.5055571428571435,2.086428571428572,1.39,2.1142857142857143,2.4035714285714285,2.205357142857143,5.0,1.84,2.2767857142857144,1.625,1.9842857142857144,1.822857142857143,3.86,2.47,2.69,1.91,4.2,4.35,3.68,1.822857142857143,2.096342857142857,2.0,1.9842857142857144,5.0,2.69
53-5021.00,"Captains, Mates, and Pilots of Water Vessels",2.216428571428572,2.216428571428572,2.19,1.6364285714285711,3.88,2.98,1.67,4.07,2.98,3.18,2.94,3.21,1.36,4.43,3.54,3.39,2.6185714285714288,1.9449142857142856,1.4691999999999998,1.8328571428571427,2.983714285714285,1.837942857142857,4.22,2.0608,2.044642857142857,2.354914285714286,4.34,3.04,2.25,1.6364285714285711,2.1635714285714283,2.7207142857142856,2.87,2.38,1.85,2.86,3.41,4.31,2.46,1.4179428571428572,1.7385714285714284,1.9842857142857144,2.044642857142857,4.31,2.06
53-5022.00,Motorboat Operators,2.1228571428571428,2.7142857142857144,2.0028571428571427,1.4691999999999998,3.53,2.02,1.51,3.33,2.99,2.48,2.14,2.39,1.03,3.13,3.7,2.0,2.8150000000000004,1.9449142857142856,1.32,1.5785714285714287,1.9102857142857144,1.822857142857143,2.88,2.1677714285714287,2.1142857142857143,2.044642857142857,4.26,3.22,2.31,1.822857142857143,2.086428571428572,2.596342857142857,2.37,1.8,1.62,2.8,2.94,3.62,2.34,1.2592,1.8914285714285717,1.8571428571428568,2.0,4.1,1.14
53-5031.00,Ship Engineers,1.9449142857142856,2.4522285714285714,1.4821428571428572,1.302857142857143,4.19,4.07,1.32,3.59,3.96,4.27,2.67,3.09,1.22,4.66,4.03,3.46,1.8571428571428568,1.9842857142857144,1.3392000000000002,1.32,3.2308,2.023657142857143,3.41,1.9085714285714288,1.9449142857142856,2.4035714285714285,4.39,3.74,1.8914285714285717,1.2678571428571428,1.9449142857142856,1.4017857142857142,2.96,2.26,2.39,2.56,3.31,4.19,2.67,1.51,1.8571428571428568,1.8571428571428568,2.096342857142857,4.55,2.25
53-6011.00,Bridge and Lock Tenders,1.7857142857142856,1.9842857142857144,1.6665142857142858,1.32,2.0,1.8,1.16,2.95,1.79,2.6,3.2,1.95,1.0,2.55,2.42,1.37,2.1357142857142857,1.6063428571428573,1.2857142857142856,1.32,1.6010714285714285,1.8571428571428568,2.5,1.5785714285714287,1.8057142857142856,1.9642857142857144,3.37,2.65,1.822857142857143,1.3785714285714286,1.8914285714285717,1.25,1.89,1.8,1.6,3.2,2.84,3.2,2.11,1.25,1.36,1.4691999999999998,1.4285714285714286,3.37,1.95
53-6021.00,Parking Attendants,1.5300000000000002,1.822857142857143,1.7857142857142856,1.25,3.51,1.37,1.58,1.79,1.01,2.05,1.0,1.17,1.13,3.42,3.42,1.0,2.071428571428572,1.5357142857142858,1.5300000000000002,1.2036571428571428,1.9280714285714289,1.25,3.97,1.6714285714285717,1.7485714285714289,2.02,3.61,3.45,1.7385714285714284,1.595,1.7385714285714284,1.8328571428571427,3.36,1.0,1.08,3.06,3.07,4.21,3.87,1.595,1.51,1.7036571428571428,1.7036571428571428,1.89,1.14
53-6031.00,Automotive and Watercraft Service Attendants,1.9085714285714288,1.9642857142857144,1.604285714285714,1.4179428571428572,4.57,2.99,1.14,2.59,3.01,4.45,1.62,4.13,1.01,4.0,3.55,1.44,1.822857142857143,2.0028571428571427,1.4821428571428572,1.3125,2.761428571428572,1.655,3.43,1.9642857142857144,1.9449142857142856,2.0028571428571427,4.45,3.09,1.595,1.2142857142857144,1.7385714285714284,1.335714285714286,3.08,1.6,3.75,2.04,4.59,4.72,4.07,1.9085714285714288,1.9085714285714288,2.044642857142857,1.8571428571428568,4.75,1.13
53-6041.00,Traffic Technicians,1.5357142857142858,1.467857142857143,1.394285714285714,1.077942857142857,2.73,1.61,1.0,2.04,1.75,3.58,1.64,2.03,1.02,2.67,3.0,1.11,1.9842857142857144,1.655,1.0357142857142856,1.0442857142857145,2.2971142857142857,1.3785714285714286,4.35,1.36,1.3571428571428572,2.0028571428571427,4.0,1.26,1.9085714285714288,1.25,1.4249999999999998,1.3008,2.08,1.37,1.78,3.56,2.43,3.11,2.25,1.0549142857142857,1.0885714285714283,1.1107142857142858,1.9449142857142856,3.92,1.6
53-6051.00,Transportation Inspectors,1.268571428571429,1.3125,1.595,1.1885714285714286,3.56,3.26,1.33,3.37,2.65,3.07,3.05,2.57,1.38,3.74,3.41,1.38,2.105,1.0271428571428571,1.28,1.28,1.588,1.394285714285714,4.0,1.0664285714285715,1.3571428571428572,2.265085714285714,4.18,3.46,1.9449142857142856,1.335714285714286,1.32,1.51,2.22,2.38,1.93,2.8,3.1,2.38,2.69,1.3471428571428572,1.3125,1.5785714285714287,1.9085714285714288,4.11,1.94
53-6051.01,Aviation Inspectors,1.8571428571428568,1.9842857142857144,1.6063428571428573,1.2142857142857144,3.82,3.69,2.14,3.56,3.08,3.06,2.79,2.8,1.33,4.07,3.85,1.87,2.1492,1.8057142857142856,1.268571428571429,1.2208,2.2480285714285717,1.9449142857142856,3.37,1.8571428571428568,1.7200000000000002,2.7142857142857144,3.59,2.73,2.1492,1.197142857142857,1.4464285714285716,1.2857142857142856,3.22,2.0,2.44,3.06,3.5,3.26,2.63,1.25,1.2857142857142856,1.4017857142857142,2.105,3.98,3.15
53-6051.07,"Transportation Vehicle, Equipment and Systems Inspectors, Except Aviation",1.9449142857142856,1.8057142857142856,1.7036571428571428,1.157142857142857,3.77,2.7,1.38,2.85,3.67,3.2,2.45,3.85,1.07,4.55,2.89,2.05,1.7385714285714284,1.8057142857142856,1.25,1.197142857142857,2.269,1.822857142857143,3.56,1.7734857142857143,1.7385714285714284,2.596342857142857,3.64,2.95,1.7734857142857143,1.25,1.4249999999999998,1.268571428571429,3.14,1.38,3.03,1.63,4.41,3.87,3.79,1.3008,1.3392000000000002,1.655,1.7385714285714284,4.33,1.4
53-6061.00,Passenger Attendants,1.4179428571428572,1.4179428571428572,1.3706285714285715,1.25,3.61,1.82,2.06,1.4,1.13,1.56,1.21,2.09,1.0,3.22,3.83,1.11,1.655,1.3008,1.4691999999999998,1.3785714285714286,1.3752,1.4821428571428572,3.44,1.394285714285714,1.4542857142857144,1.8057142857142856,3.17,2.42,1.5357142857142858,1.0714285714285714,1.1607142857142858,1.0714285714285714,2.16,1.07,1.55,3.8,2.51,3.07,2.52,1.3706285714285715,1.394285714285714,1.6364285714285711,1.3571428571428572,1.55,1.14
53-7011.00,Conveyor Operators and Tenders,1.9449142857142856,2.375,1.8914285714285717,1.302857142857143,4.37,2.15,1.21,2.31,1.84,3.18,2.25,2.48,1.11,4.35,3.94,1.8,1.9449142857142856,1.8571428571428568,1.32,1.32,3.2335571428571432,1.8571428571428568,2.18,1.9449142857142856,2.19,2.0028571428571427,3.85,3.48,2.044642857142857,1.197142857142857,1.6685714285714286,1.197142857142857,2.82,1.95,1.9,2.65,3.73,4.36,2.68,1.28,1.9085714285714288,1.8571428571428568,1.8571428571428568,5.0,2.79
53-7021.00,Crane and Tower Operators,2.1677714285714287,2.8363428571428573,2.6950857142857143,1.3571428571428572,4.22,2.82,1.07,3.36,2.46,4.0,3.74,2.64,1.03,4.43,3.83,2.67,2.6950857142857143,1.8571428571428568,1.32,1.4542857142857144,3.3442857142857143,1.7734857142857143,3.77,2.1142857142857143,2.7142857142857144,2.2308,3.79,3.19,1.9449142857142856,1.6875,2.524285714285714,1.7857142857142856,2.6,2.22,1.83,3.38,2.5,4.26,2.1,1.28,1.7200000000000002,1.7036571428571428,1.9449142857142856,4.95,2.48
53-7031.00,Dredge Operators,2.0608,2.7142857142857144,2.2928571428571427,1.4017857142857142,2.65,2.13,1.05,2.76,2.28,3.93,2.35,3.63,1.05,4.37,4.11,2.81,2.125,1.872228571428572,1.3008,1.2592,3.016,1.7934857142857146,2.67,1.9792,2.571428571428571,1.9257142857142855,4.45,3.63,1.837942857142857,1.335714285714286,2.2308,1.5508,1.76,1.65,1.39,3.51,2.91,4.68,2.27,1.2678571428571428,1.7734857142857143,1.7385714285714284,1.6875,4.92,1.55
53-7041.00,Hoist and Winch Operators,1.9881285714285712,2.4577714285714283,2.315,1.2857142857142856,4.67,4.2,1.01,3.33,4.1,4.67,4.59,2.89,1.04,4.99,3.76,3.78,1.8839285714285712,1.836785714285714,1.394285714285714,1.7607142857142857,3.471628571428571,1.9257142857142855,4.17,1.935,2.296428571428572,1.982142857142857,3.07,2.32,2.086428571428572,1.4285714285714286,2.315,1.4375,4.33,1.84,1.74,3.45,2.6,4.89,3.18,1.3706285714285715,1.728842857142857,1.6124142857142856,1.9257142857142855,5.0,2.67
53-7051.00,Industrial Truck and Tractor Operators,1.872228571428572,2.7142857142857144,2.2471428571428573,1.4464285714285716,3.94,2.96,1.08,1.96,1.95,3.29,2.01,3.11,1.15,3.5,4.43,2.37,2.327857142857143,1.8571428571428568,1.4285714285714286,1.3571428571428572,3.4771428571428573,1.6875,1.8,2.071428571428572,2.645714285714285,1.9085714285714288,3.55,2.63,1.9085714285714288,1.8571428571428568,2.125,1.9085714285714288,3.63,1.34,2.02,2.45,3.69,4.71,2.96,1.4821428571428572,2.096342857142857,1.9085714285714288,1.9085714285714288,5.0,2.72
53-7061.00,Cleaners of Vehicles and Equipment,1.6714285714285717,1.8571428571428568,1.4179428571428572,1.4691999999999998,4.77,3.12,1.64,2.24,3.16,2.73,1.34,2.51,1.01,3.96,3.85,1.41,1.4179428571428572,1.7857142857142856,1.595,1.16,2.962985714285714,1.0664285714285715,4.94,1.9642857142857144,1.9085714285714288,2.0779428571428573,2.89,3.87,1.3125,1.1257142857142857,1.32,1.24,3.77,1.56,3.14,1.97,4.18,4.38,3.94,1.7485714285714289,1.3785714285714286,1.8571428571428568,1.3571428571428572,4.65,2.49
53-7062.00,"Laborers and Freight, Stock, and Material Movers, Hand",1.8571428571428568,1.8914285714285717,1.655,1.8571428571428568,4.5,3.39,1.05,2.39,3.58,4.2,1.83,3.76,1.0,3.9,4.32,2.1,1.8571428571428568,1.7734857142857143,1.5207142857142857,1.231428571428571,3.1798,1.2857142857142856,2.72,1.9085714285714288,2.2308,1.9449142857142856,4.3,3.81,1.3785714285714286,1.268571428571429,1.7734857142857143,1.268571428571429,3.27,1.55,1.94,2.66,4.05,4.51,2.82,1.9449142857142856,2.645714285714285,2.3392857142857144,1.7200000000000002,4.42,2.67
53-7062.04,Recycling and Reclamation Workers,2.1607142857142856,2.354914285714286,1.8571428571428568,1.3571428571428572,4.43,2.49,1.91,3.14,2.01,3.05,1.56,2.72,1.08,3.58,3.81,1.83,1.822857142857143,2.0028571428571427,1.5614285714285714,1.3008,3.2821857142857143,1.4435714285714285,3.19,2.327857142857143,2.3392857142857144,2.2071428571428573,4.32,3.72,1.8328571428571427,1.2592,1.9842857142857144,1.3392000000000002,3.56,1.57,2.35,1.85,4.33,4.24,3.56,1.5508,1.8057142857142856,1.9642857142857144,1.4691999999999998,4.85,2.43
53-7063.00,Machine Feeders and Offbearers,2.2767857142857144,2.3392857142857144,1.5614285714285714,1.4179428571428572,3.71,1.92,1.08,1.55,1.89,3.0,1.75,2.25,1.02,4.16,2.6,1.25,1.6875,1.7734857142857143,1.3392000000000002,1.268571428571429,3.3331000000000004,1.5357142857142858,1.23,1.8571428571428568,1.7385714285714284,1.9449142857142856,1.72,1.44,1.8057142857142856,1.0206285714285714,2.044642857142857,1.0271428571428571,3.05,1.39,1.89,1.66,4.46,4.33,3.31,1.3571428571428572,1.8571428571428568,1.7734857142857143,1.5614285714285714,4.76,1.78
53-7064.00,"Packers and Packagers, Hand",1.5625,1.4435714285714285,1.4285714285714286,1.4542857142857144,3.69,1.65,1.85,1.74,2.04,3.11,1.77,2.31,1.18,3.33,2.96,1.52,1.32,1.655,1.2857142857142856,1.1257142857142857,3.611671428571429,1.157142857142857,1.47,1.8914285714285717,1.7857142857142856,2.0028571428571427,1.92,1.61,1.4179428571428572,1.0942857142857143,1.268571428571429,1.1408,3.34,1.73,2.31,1.88,4.27,4.06,3.21,1.4821428571428572,1.8571428571428568,1.9449142857142856,1.335714285714286,4.38,2.13
53-7065.00,Stockers and Order Fillers,1.7857142857142856,1.5165142857142857,1.5508,1.5625,2.06,1.7,1.56,1.53,1.21,1.38,1.43,1.54,1.0,2.23,1.83,1.1,1.6942857142857144,1.5785714285714287,1.5207142857142857,1.51,2.9244,1.3008,1.53,1.872228571428572,1.8571428571428568,2.216428571428572,1.74,1.41,1.6063428571428573,1.157142857142857,1.1885714285714286,1.231428571428571,2.8,1.56,2.12,2.4,3.9,3.06,3.34,1.5207142857142857,1.822857142857143,1.9257142857142855,1.5614285714285714,1.76,1.24
53-7071.00,Gas Compressor and Gas Pumping Station Operators,2.283657142857143,2.1142857142857143,1.6063428571428573,1.268571428571429,4.63,2.81,1.15,3.08,4.12,4.44,2.98,2.97,1.44,4.7,4.51,2.41,1.9449142857142856,2.283657142857143,1.2857142857142856,1.32,3.2277142857142858,1.7385714285714284,4.42,2.283657142857143,2.1677714285714287,2.216428571428572,4.83,4.04,2.19,1.197142857142857,2.044642857142857,1.268571428571429,2.33,2.13,2.03,3.06,3.0,3.65,3.1,1.268571428571429,1.4249999999999998,1.7734857142857143,1.6875,5.0,2.33
53-7072.00,"Pump Operators, Except Wellhead Pumpers",1.9449142857142856,2.105,1.8571428571428568,1.604285714285714,4.85,2.62,1.0,2.94,3.59,4.23,3.24,2.4,1.24,3.67,4.22,1.95,1.9449142857142856,1.8914285714285717,1.4906285714285716,1.5300000000000002,3.151385714285714,1.8571428571428568,4.74,1.9449142857142856,1.9449142857142856,2.3906285714285715,4.69,2.55,2.4732142857142856,1.268571428571429,1.8914285714285717,1.3392000000000002,2.57,1.86,2.17,2.52,3.44,4.11,2.33,1.5207142857142857,1.8571428571428568,1.822857142857143,1.9285714285714288,4.99,1.55
53-7073.00,Wellhead Pumpers,1.822857142857143,2.2857142857142856,1.32,1.4691999999999998,5.0,3.23,1.23,3.55,4.76,3.95,3.13,4.08,1.32,4.3,4.51,1.36,1.6714285714285717,1.7200000000000002,1.467857142857143,1.6171428571428572,2.5332142857142856,1.2857142857142856,4.97,1.9085714285714288,2.086428571428572,2.1607142857142856,4.97,2.32,2.023657142857143,1.1785714285714286,2.125,1.3008,2.48,1.73,1.88,2.72,2.95,3.38,2.59,1.595,1.9449142857142856,1.8914285714285717,1.78,5.0,1.59
53-7081.00,Refuse and Recyclable Material Collectors,1.7232142857142856,1.7734857142857143,1.655,1.5207142857142857,4.3,1.86,2.92,3.0,1.75,3.73,1.37,2.92,1.23,3.58,4.22,2.3,1.8914285714285717,1.5300000000000002,1.4628571428571429,1.394285714285714,2.862,1.595,4.68,1.7934857142857146,2.02,1.822857142857143,4.89,1.99,1.4179428571428572,1.4285714285714286,1.9085714285714288,1.4179428571428572,3.17,1.6,2.17,3.47,3.09,4.15,2.66,1.5625,2.044642857142857,1.9085714285714288,1.4821428571428572,4.99,1.42
53-7121.00,"Tank Car, Truck, and Ship Loaders",2.0608,2.645714285714285,2.354914285714286,1.6875,4.73,3.6,1.12,3.67,4.65,4.22,4.2,2.92,1.23,4.58,4.27,2.75,2.225714285714286,1.9449142857142856,1.7200000000000002,1.8571428571428568,3.5979,1.8571428571428568,4.24,2.225714285714286,2.596342857142857,2.1607142857142856,4.76,2.93,2.1677714285714287,1.3785714285714286,2.4035714285714285,1.5,3.14,2.97,2.6,2.48,3.62,4.31,3.49,1.872228571428572,2.4522285714285714,2.096342857142857,1.8571428571428568,4.94,4.18
