4MA Error,4MA Squared Error,4MA Absolute Error
-1458.25,2131286,1458.25
5188.0,26924205,5188.0
855.25,737655,855.25
-1470.5,2177079,1470.5
-768.75,591259,768.75
931.25,869000,931.25
-289.5,85038,289.5
1818.75,3308895,1818.75
-221.5,49540,221.5
507.75,260692,507.75
2789.0,7778758,2789.0
178.5,32320,178.5
-543.75,295758,543.75
634.75,403797,634.75
-1449.25,2100805,1449.25
-846.5,716720,846.5
2147.75,4631737,2147.75
-1083.25,1174035,1083.25
27.0,2020,43.5
3153.5,9947704,3153.5
-102.5,18885,102.5
342.75,117495,342.75
-897.0,804696,897.0
4064.0,16516344,4064.0
1051.0,1202546,1051.0
973.75,948268,973.75
-64.5,4433,64.5
-178.0,32394,178.0
1402.5,1967568,1402.5
1801.25,3244589,1801.25
-1027.0,1060894,1027.0
679.25,461914,679.25
2355.75,5549900,2355.75
-2163.25,4690110,2163.25
-520.0,270546,520.0
-211.5,44804,211.5
146.25,21504,146.25
-731.0,534667,731.0
-1010.75,1022001,1010.75
-97.0,9820,97.0
-499.0,251358,499.0
-46.5,2587,46.5
-828.75,693822,828.75
947.0,899362,947.0
-1307.25,1712969,1307.25
-659.75,435304,659.75
1393.5,1942202,1393.5
-503.25,253705,503.25
-2056.75,4232059,2056.75
-483.75,234292,483.75
1121.75,1258718,1121.75
2440.0,5953606,2440.0
374.75,140529,374.75
1496.0,2238524,1496.0
2487.75,6191343,2487.75
983.5,967808,983.5
2155.25,4645146,2155.25
11.5,1832,36.0
1737.0,3017252,1737.0
-272.0,74662,272.0
-648.75,421519,648.75
505.5,256167,505.5
-1830.0,3348940,1830.0
491.25,243462,491.25
1315.25,1732284,1315.25
947.5,897976,947.5
-330.5,109848,330.5
1234.75,1525619,1234.75
-1021.0,1047948,1021.0
62.0,4808,62.0
-222.75,51535,222.75
-671.25,450690,671.25
28.5,1423,29.0
-2180.25,4768721,2180.25
-45.25,2214,45.25
484.25,235191,484.25
114.75,24300,118.25
-1939.25,3762611,1939.25
3420.0,11696450,3420.0
3153.5,9947704,3153.5
1260.5,1594946,1260.5
-2306.0,5317888,2306.0
-789.25,623644,789.25
-948.75,900502,948.75
90.5,8908,90.5
-2892.5,8375212,2892.5
339.25,115822,339.25
-1438.0,2068164,1438.0
34.0,1645,34.0
1607.0,2583643,1607.0
2266.5,5137254,2266.5
-1921.25,3691226,1921.25
691.5,478452,691.5
3268.0,10687510,3268.0
1809.0,3287040,1809.0
939.25,882322,939.25
1339.25,1870613,1339.25
562.75,330070,562.75
1809.75,3289697,1809.75
1719.0,2954988,1719.0
1750.5,3064547,1750.5
2045.75,4185198,2045.75
2133.75,4552908,2133.75
2247.75,5070022,2247.75
2615.25,6842316,2615.25
1467.25,2164279,1467.25
2623.0,6882940,2623.0
662.25,440154,662.25
2454.25,6026861,2454.25
1208.25,1460252,1208.25
2398.75,5767067,2398.75
319.75,103028,319.75
894.0,801540,894.0
651.25,424392,651.25
-1903.5,3623954,1903.5
952.5,907263,952.5
732.75,540334,732.75
2098.0,4402454,2098.0
759.5,577505,759.5
4366.25,19067251,4366.25
-861.5,742479,861.5
228.25,52119,228.25
-458.5,210249,458.5
-2766.25,7652455,2766.25
630.0,396966,630.0
181.5,33166,181.5
-197.0,40258,197.0
-2489.0,6196068,2489.0
1913.75,3667210,1913.75
581.5,339304,581.5
594.5,353798,594.5
72.0,5516,72.0
2386.75,5704654,2386.75
594.5,353798,594.5
520.25,271346,520.25
211.0,47404,211.0
1583.0,2511402,1583.0
885.0,783360,885.0
2812.5,7910160,2812.5
2909.5,8467244,2909.5
-1048.5,1099508,1048.5
-433.75,188755,433.75
2037.5,4151784,2037.5
1119.75,1256085,1119.75
-2559.0,6551278,2559.0
-1114.25,1241821,1114.25
-964.5,931543,964.5
-89.5,8771,89.5
669.0,448487,669.0
-3013.0,9079635,3013.0
-474.25,225107,474.25
-4364.5,19050288,4364.5
1996.5,3987466,1996.5
2256.75,5098099,2256.75
986.25,973129,986.25
-117.25,16957,117.25
1553.0,2411989,1553.0
3285.5,10800109,3285.5
813.25,661730,813.25
56.25,3890,56.25
1306.0,1706680,1306.0
434.75,190182,434.75
-4713.25,22220078,4713.25
-49.75,3215,49.75
-2094.25,4386717,2094.25
1112.5,1238272,1112.5
204.75,42112,204.75
-1030.25,1061559,1030.25
-494.25,244680,494.25
1204.75,1451479,1204.75
-1303.75,1700568,1303.75
-380.0,146638,380.0
-330.75,109401,330.75
-173.0,31198,173.0
3104.5,9645332,3104.5
-740.0,547842,740.0
755.0,570028,755.0
2126.0,4521837,2126.0
1191.0,1419572,1191.0
-2652.75,7037089,2652.75
1665.0,2779116,1665.0
693.75,481589,693.75
-1772.75,3142730,1772.75
-2496.5,6233070,2496.5
1524.0,2323064,1524.0
-886.0,786640,886.0
-111.5,12482,111.5
-1156.5,1337618,1156.5
1740.75,3030214,1740.75
2769.5,7670322,2769.5
142.25,20375,142.25
-157.25,25618,157.25
-2407.0,5802383,2407.0
1168.5,1367338,1168.5
-212.75,47231,212.75
1066.5,1138040,1066.5
-2500.5,6255546,2500.5
-135.0,25998,135.0
-676.75,460754,676.75
1970.25,3881887,1970.25
765.75,586689,765.75
-3436.5,11810092,3436.5
-854.0,729442,854.0
1129.5,1289826,1129.5
7.75,1057,28.25
-1227.25,1506628,1227.25
471.5,226354,471.5
-14.0,5148,70.0
-1165.75,1358977,1165.75
479.0,231452,479.0
1350.25,1823570,1350.25
476.75,228723,476.75
1141.75,1303887,1141.75
130.75,17132,130.75
1727.5,2990984,1727.5
1303.25,1699789,1303.25
-185.0,34262,185.0
291.75,85867,291.75
-407.0,165668,407.0
-941.75,889140,941.75
773.5,599394,773.5
1122.75,1261779,1122.75
1226.0,1503414,1226.0
1969.5,3879995,1969.5
1883.25,3562122,1883.25
982.0,973124,982.0
2060.75,4246942,2060.75
-881.75,778230,881.75
-2812.25,7911417,2812.25
-1132.25,1282140,1132.25
-902.5,816726,902.5
756.5,572899,756.5
-937.0,878247,937.0
361.0,130454,361.0
1033.5,1071270,1033.5
-1671.25,2795494,1671.25
-268.25,90078,268.25
-160.5,25825,160.5
2307.0,5322268,2307.0
-546.75,299557,546.75
-3.5,886,29.5
-906.0,823308,906.0
1858.25,3453105,1858.25
520.5,272950,520.5
2022.75,4094017,2022.75
-2434.0,5932153,2434.0
30.5,954,30.5
935.25,875427,935.25
99.25,11396,99.25
1348.75,1819891,1348.75
1705.5,2909198,1705.5
-570.0,324916,570.0
1060.75,1125248,1060.75
-2012.25,4049164,2012.25
574.5,330626,574.5
1283.0,1646230,1283.0
-169.75,34568,169.75
2355.75,5550187,2355.75
-807.25,651773,807.25
-64.0,13410,96.5
1436.75,2064604,1436.75
1186.5,1408446,1186.5
-1738.5,3022984,1738.5
922.0,850485,922.0
2074.0,4301594,2074.0
-3413.25,11656441,3413.25
-44.0,2996,44.0
3216.5,10346059,3216.5
755.25,572884,755.25
447.25,203428,447.25
997.75,1002044,997.75
1287.5,1659438,1287.5
-174.25,30566,174.25
2254.75,5083992,2254.75
437.5,192074,437.5
-1438.0,2067982,1438.0
-488.75,240197,488.75
2047.75,4193332,2047.75
968.0,938057,968.0
-1340.75,1797671,1340.75
2590.5,6712058,2590.5
882.25,786628,882.25
951.25,912684,951.25
-1384.5,1917456,1384.5
386.75,150443,386.75
882.25,786628,882.25
719.25,517363,719.25
733.0,537691,733.0
706.25,502619,706.25
733.0,537691,733.0
719.25,517363,719.25
627.0,393452,627.0
706.25,502619,706.25
2848.5,8113985,2848.5
931.25,869000,931.25
-1176.25,1385509,1176.25
739.25,547956,739.25
-444.25,198032,444.25
-162.25,27913,162.25
1879.25,3532127,1879.25
213.75,45748,213.75
-933.5,871646,933.5
1401.5,1966704,1401.5
3053.25,9323084,3053.25
-593.75,353103,593.75
707.0,499889,707.0
882.25,786628,882.25
733.0,537691,733.0
739.25,547956,739.25
739.25,547956,739.25
733.0,537691,733.0
719.25,517363,719.25
739.25,547956,739.25
739.25,547956,739.25
733.0,537691,733.0
719.25,517363,719.25
627.0,393452,627.0
160.75,25975,160.75
627.0,393452,627.0
739.25,547956,739.25
733.0,537691,733.0
1424.0,2028834,1424.0
-3812.0,14545746,3812.0
2798.25,7836539,2798.25
-1234.5,1524596,1234.5
1963.0,3854114,1963.0
-1370.0,1876924,1370.0
5001.0,25010538,5001.0
940.25,884607,940.25
-778.75,606539,778.75
-907.0,824748,907.0
948.25,901186,948.25
-922.5,851132,922.5
-907.0,824748,907.0
-924.5,856092,924.5
-907.0,824748,907.0
-947.75,900249,947.75
-908.0,824902,908.0
-778.75,606539,778.75
-881.25,777144,881.25
689.75,476156,689.75
-631.25,398501,631.25
-981.5,963686,981.5
-111.25,14415,111.25
-924.5,856092,924.5
-778.75,606539,778.75
661.75,439124,661.75
420.5,177216,420.5
4919.5,24201490,4919.5
-924.5,856092,924.5
-922.5,851132,922.5
-881.25,777144,881.25
-872.0,770704,872.0
-881.25,777144,881.25
101.25,13305,101.25
-922.5,851132,922.5
-277.5,77392,277.5
-285.75,82769,285.75
-497.25,249946,497.25
-1816.75,3302875,1816.75
-305.0,102028,305.0
-135.75,18569,135.75
162.5,26788,162.5
1412.75,1996362,1412.75
1864.0,3474584,1864.0
1875.75,3520386,1875.75
848.75,720616,848.75
-1821.5,3320958,1821.5
-924.5,856092,924.5
-947.75,900249,947.75
-947.75,900249,947.75
-947.75,900249,947.75
-922.5,851132,922.5
-145.0,21096,145.0
1001.25,1006495,1001.25
-916.0,839268,916.0
-904.75,818671,904.75
-922.5,851132,922.5
465.75,217189,465.75
1418.0,2010818,1418.0
986.0,972246,986.0
1493.5,2236180,1493.5
2299.75,5289129,2299.75
2592.25,6720083,2592.25
495.0,246378,495.0
248.75,61901,248.75
-30.0,1774,31.0
126.5,16096,126.5
-1015.0,1030760,1015.0
-1626.5,2652308,1626.5
853.5,729230,853.5
2647.5,7009374,2647.5
-940.5,885669,940.5
1679.5,2821138,1679.5
2365.25,5594729,2365.25
576.0,333534,576.0
550.75,313902,550.75
2059.0,4242044,2059.0
-3075.0,9456660,3075.0
676.0,456996,676.0
4388.0,19270648,4388.0
2278.5,5191620,2278.5
1637.5,2681426,1637.5
-590.0,348633,590.0
4802.5,23070508,4802.5
897.0,810276,897.0
453.0,205618,453.0
-186.25,35406,186.25
6.0,302,14.5
-136.25,20225,136.25
64.25,5584,64.25
1163.0,1352936,1163.0
-358.0,142092,358.0
-720.5,519393,720.5
-954.5,911298,954.5
-1357.5,1842978,1357.5
-203.0,45506,203.0
-1798.5,3235294,1798.5
-448.0,203269,448.0
-565.0,320070,565.0
-579.5,342072,579.5
911.25,830436,911.25
-860.0,739800,860.0
675.75,457147,675.75
101.75,10719,101.75
251.5,63736,251.5
936.75,877766,936.75
-807.25,653537,807.25
452.0,205122,452.0
-1179.75,1393341,1179.75
-432.0,189958,432.0
-1341.25,1799796,1341.25
1745.0,3045226,1745.0
-543.0,295380,543.0
-423.5,179363,423.5
-1557.75,2427282,1557.75
352.5,125050,352.5
-897.75,808498,897.75
-2529.75,6403653,2529.75
804.75,650108,804.75
-419.5,176032,419.5
-1719.0,2956662,1719.0
-2317.25,5372986,2317.25
-156.25,26116,156.25
422.75,182416,422.75
-557.75,314110,557.75
2072.5,4296492,2072.5
-566.25,323808,566.25
-229.5,52682,229.5
145.0,23286,145.0
-1124.5,1265429,1124.5
204.5,45251,204.5
309.5,95880,309.5
130.5,37058,141.5
-3274.5,10724400,3274.5
-2477.5,6138316,2477.5
1813.75,3289846,1813.75
-918.75,844113,918.75
2122.75,4507321,2122.75
2104.75,4432808,2104.75
2051.0,4206647,2051.0
-3443.25,11856624,3443.25
-2062.25,4254282,2062.25
-2240.5,5020042,2240.5
-708.0,502214,708.0
-2872.75,8253145,2872.75
-246.5,60784,246.5
-1890.0,3572490,1890.0
1943.25,3776660,1943.25
2420.75,5860307,2420.75
-1351.5,1827454,1351.5
-1874.0,3512005,1874.0
-62.75,5084,62.75
160.25,26157,160.25
2253.5,5083420,2253.5
2659.25,7071859,2659.25
2404.25,5786905,2404.25
-761.25,579593,761.25
-970.0,941518,970.0
80.75,10225,80.75
-1867.5,3488254,1867.5
-2431.25,5914291,2431.25
-1019.75,1041970,1019.75
-1042.75,1087444,1042.75
-421.75,180091,421.75
-616.0,379502,616.0
3773.75,14241720,3773.75
-3597.25,12940263,3597.25
-2115.75,4476517,2115.75
-598.75,363026,598.75
-1140.0,1299650,1140.0
-1483.25,2200615,1483.25
-1549.75,2402855,1549.75
-2338.0,5466852,2338.0
-2378.75,5658487,2378.75
685.0,469933,685.0
-1796.25,3227661,1796.25
-1184.0,1401884,1184.0
185.0,34378,185.0
-175.5,31111,175.5
813.5,666036,813.5
-2567.0,6589836,2567.0
-308.0,94948,308.0
-1297.25,1682937,1297.25
775.0,600866,775.0
-1515.0,2295278,1515.0
198.0,39548,198.0
198.0,39548,198.0
228.0,52971,228.0
1222.25,1494002,1222.25
-127.25,33362,134.75
360.25,130625,360.25
50.25,5323,52.75
-1021.25,1042975,1021.25
1306.0,1716874,1306.0
-726.5,529291,726.5
-551.5,322990,551.5
-1120.75,1262919,1120.75
-2719.25,7394479,2719.25
-912.75,834000,912.75
-3094.5,9576012,3094.5
-521.75,272317,521.75
-567.75,323769,567.75
19639.75,385835302,19639.75
-1595.75,2546506,1595.75
-354.75,126733,354.75
3.75,349,18.25
-939.0,881752,939.0
-939.0,881752,939.0
-556.0,309188,556.0
-751.5,565884,751.5
-362.25,131365,362.25
181.0,33304,181.0
-1175.5,1381902,1175.5
-1037.5,1077884,1037.5
-1464.5,2151580,1464.5
-1733.25,3004374,1733.25
1358.5,1847612,1358.5
565.75,320182,565.75
-835.5,698219,835.5
-1352.25,1833118,1352.25
-1420.0,2024274,1420.0
-1092.5,1193785,1092.5
-430.75,185603,430.75
-2675.5,7158860,2675.5
-620.75,385869,620.75
-1692.75,2865798,1692.75
462.0,213520,462.0
-980.0,961906,980.0
-922.0,851792,922.0
1177.75,1391771,1177.75
1663.25,2766822,1663.25
496.75,247398,496.75
3223.5,10395144,3223.5
2204.0,4861736,2204.0
2252.5,5076466,2252.5
-199.5,42780,199.5
1598.25,2559527,1598.25
-1033.0,1067772,1033.0
410.0,170084,410.0
1656.0,2757749,1656.0
213.25,46988,213.25
-1080.75,1169702,1080.75
452.0,204464,452.0
-89.0,8268,89.0
1251.75,1567422,1251.75
892.5,796950,892.5
4042.25,16340295,4042.25
-1178.0,1388050,1178.0
2497.0,6235071,2497.0
-2959.25,8757257,2959.25
-250.0,62874,250.0
-287.75,84113,287.75
-2831.5,8020314,2831.5
-1811.25,3280987,1811.25
246.75,60941,246.75
-1901.0,3615188,1901.0
-1646.5,2713200,1646.5
-500.25,252166,500.25
-484.5,235546,484.5
-1385.25,1918978,1385.25
-1354.0,1834682,1354.0
-1471.75,2166352,1471.75
361.25,131141,361.25
298.0,91058,298.0
1846.5,3409685,1846.5
1434.5,2058962,1434.5
-1189.0,1415368,1189.0
-3684.5,13580046,3684.5
-386.75,149587,386.75
-2364.5,5591166,2364.5
-2124.0,4514214,2124.0
-215.5,46796,215.5
-236.0,55760,236.0
631.75,400031,631.75
-3049.5,9300310,3049.5
-297.5,89132,297.5
81.0,6670,81.0
1303.0,1698985,1303.0
1170.5,1370169,1170.5
-55.0,6632,60.0
-633.75,402622,633.75
-1854.5,3439400,1854.5
-691.5,478325,691.5
-2401.75,5769829,2401.75
1614.0,2605272,1614.0
-1598.5,2555252,1598.5
-82.5,11862,82.5
-334.5,112146,334.5
-1787.25,3194450,1787.25
-261.5,69194,261.5
282.0,81294,282.0
-2291.5,5251128,2291.5
869.0,755864,869.0
-66.5,6366,66.5
-1443.25,2084050,1443.25
526.75,277778,526.75
638.5,409630,638.5
-3748.25,14052275,3748.25
637.75,406786,637.75
-950.0,902679,950.0
-503.5,254932,503.5
623.5,390984,623.5
132.5,17838,132.5
-3029.5,9178057,3029.5
199.5,41132,199.5
-3034.0,9206432,3034.0
-2546.0,6482304,2546.0
-213.5,45780,213.5
34.75,5424,64.75
889.75,791781,889.75
-2088.75,4363390,2088.75
-441.75,208367,441.75
787.75,622019,787.75
-326.0,108460,326.0
-439.5,193869,439.5
888.5,789434,888.5
-1002.5,1005750,1002.5
-324.75,108532,324.75
-670.5,451464,670.5
679.0,462350,679.0
1605.5,2577645,1605.5
-76.25,6235,76.25
1187.5,1410688,1187.5
-234.25,55551,234.25
-2350.75,5526277,2350.75
1698.25,2885198,1698.25
-718.25,517562,718.25
-1342.0,1803808,1342.0
1635.75,2675844,1635.75
1037.5,1085162,1037.5
-984.25,969348,984.25
304.25,94811,304.25
894.75,803270,894.75
1884.25,3550424,1884.25
-412.25,171643,412.25
1081.5,1170978,1081.5
1659.25,2753545,1659.25
40.75,1759,40.75
474.75,227222,474.75
-2232.5,4989026,2232.5
344.5,124096,344.5
-846.75,717255,846.75
-1310.75,1718662,1310.75
-1263.0,1597178,1263.0
-620.75,385333,620.75
-592.25,350956,592.25
-1496.75,2241697,1496.75
657.75,441998,657.75
2992.25,8953861,2992.25
659.0,434390,659.0
519.0,270164,519.0
1168.0,1366604,1168.0
292.5,90328,292.5
673.75,453967,673.75
311.0,99932,311.0
1456.0,2120300,1456.0
593.0,352062,593.0
504.0,254068,504.0
2788.0,7774024,2788.0
-2577.75,6646686,2577.75
-215.75,49778,215.75
1913.75,3662473,1913.75
2227.5,4962604,2227.5
690.5,485646,690.5
-2751.5,7574764,2751.5
-3832.25,14686235,3832.25
-2092.75,4380497,2092.75
649.75,424960,649.75
-5852.5,34251968,5852.5
2229.5,4970854,2229.5
1141.75,1306805,1141.75
-5035.75,25359899,5035.75
-2676.0,7161076,2676.0
-1198.5,1440356,1198.5
-8382.75,70272814,8382.75
-346.25,120491,346.25
-7.25,348,15.25
-2364.5,5592885,2364.5
-2514.25,6322384,2514.25
-2079.75,4325593,2079.75
-1436.25,2063172,1436.25
1049.25,1102321,1049.25
-847.75,718742,847.75
-902.0,813638,902.0
452.0,205868,452.0
118.25,14135,118.25
-1725.25,2982079,1725.25
2278.25,5191666,2278.25
1090.5,1189242,1090.5
486.25,236578,486.25
-2656.75,7058821,2656.75
-1774.75,3186419,1774.75
-463.25,215795,463.25
-11100.0,123211488,11100.0
-10530.0,110888694,10530.0
-2497.5,6238494,2497.5
-920.75,851480,920.75
-731.0,541192,731.0
396.0,158400,396.0
-2782.5,7742405,2782.5
-1122.5,1260298,1122.5
-866.75,760549,866.75
-1139.75,1301291,1139.75
7205.5,52130259,7205.5
1623.75,2652282,1623.75
-2535.75,6434458,2535.75
-1310.25,1724001,1310.25
982.5,967378,982.5
-852.25,740831,852.25
1731.25,2999810,1731.25
-3024.0,9149249,3024.0
-1119.0,1252178,1119.0
1041.5,1088265,1041.5
-925.25,856193,925.25
941.0,885756,941.0
1090.75,1189823,1090.75
-587.25,345852,587.25
222.25,50476,222.25
-15.25,436,15.25
-1643.75,2706718,1643.75
170.25,32738,170.25
-1037.0,1079910,1037.0
-933.0,874358,933.0
4747.0,22537812,4747.0
1147.25,1317224,1147.25
-1721.75,2964756,1721.75
280.25,80343,280.25
1933.0,3746151,1933.0
5392.75,29081853,5392.75
-793.5,641427,793.5
1407.5,1983136,1407.5
2805.75,7873244,2805.75
-1632.0,2667386,1632.0
3380.75,11429594,3380.75
995.5,993685,995.5
3521.0,12406661,3521.0
2488.5,6194223,2488.5
2773.75,7698014,2773.75
5316.75,28269797,5316.75
5322.25,28334651,5322.25
-1224.75,1500705,1224.75
1557.25,2426944,1557.25
2251.25,5068227,2251.25
1054.5,1112733,1054.5
3709.25,13762874,3709.25
1003.0,1006756,1003.0
6060.0,36740604,6060.0
1294.5,1676113,1294.5
1061.75,1128892,1061.75
209.25,46469,209.25
4731.5,22387428,4731.5
3645.5,13298760,3645.5
330.0,126200,330.0
3113.0,9694409,3113.0
2957.5,8747046,2957.5
2571.5,6612802,2571.5
2304.25,5314754,2304.25
3596.75,12938362,3596.75
-727.75,530798,727.75
2761.0,7624035,2761.0
3838.5,14758498,3838.5
2307.25,5325206,2307.25
-286.5,82097,286.5
-319.25,103889,319.25
2392.25,5727673,2392.25
-980.5,962515,980.5
-170.75,29332,170.75
-288.5,83270,288.5
-509.75,260082,509.75
2067.25,4274065,2067.25
1525.0,2336450,1525.0
1378.25,1901958,1378.25
-139.5,20972,139.5
-2100.5,4412926,2100.5
-766.5,587536,766.5
-2858.5,8171454,2858.5
1749.5,3060900,1749.5
-277.0,76958,277.0
332.0,110702,332.0
164.75,27534,164.75
-192.0,37176,192.0
-1478.0,2190826,1478.0
-2455.0,6032492,2455.0
-1055.0,1113794,1055.0
-515.75,266025,515.75
75.0,5694,75.0
1021.0,1042815,1021.0
-1000.25,1005890,1000.25
-945.25,893631,945.25
337.25,115070,337.25
-2022.5,4090574,2022.5
-1750.5,3069012,1750.5
-337.25,117370,337.25
-2320.0,5382966,2320.0
851.0,724644,851.0
-934.0,872516,934.0
-1526.75,2336084,1526.75
-958.75,926816,958.75
-494.75,244838,494.75
-302.75,91724,302.75
2954.0,8730550,2954.0
-3340.0,11157512,3340.0
-1433.75,2055647,1433.75
-503.0,253048,503.0
-580.25,338198,580.25
-1273.25,1621677,1273.25
-2024.5,4098660,2024.5
-2675.0,7155640,2675.0
-869.25,770312,869.25
-880.5,775538,880.5
-1274.0,1623694,1274.0
990.5,983304,990.5
1734.5,3008662,1734.5
-984.5,969250,984.5
660.0,435874,660.0
-2604.75,6786552,2604.75
-77.5,6138,77.5
-2231.25,4979262,2231.25
-1197.25,1433682,1197.25
-1190.75,1418556,1190.75
-2527.75,6389554,2527.75
929.75,865626,929.75
-1050.75,1104197,1050.75
-1596.75,2549845,1596.75
355.0,126034,355.0
-664.25,441418,664.25
128.75,19205,128.75
4412.0,19465757,4412.0
2305.25,5314183,2305.25
-2510.75,6303926,2510.75
-630.25,398396,630.25
572.25,327738,572.25
2797.5,7828726,2797.5
-673.0,453980,673.0
-1515.0,2298625,1515.0
-1396.25,1951336,1396.25
-898.0,807850,898.0
-867.25,752953,867.25
-89.25,8225,89.25
-1595.0,2544109,1595.0
-329.75,108866,329.75
-459.0,210940,459.0
-968.25,939403,968.25
892.75,797870,892.75
1512.75,2290913,1512.75
-28.75,1671,30.25
2877.25,8279754,2877.25
1366.0,1865970,1366.0
-2239.5,5015498,2239.5
-150.5,23709,150.5
5496.0,30206102,5496.0
2517.25,6336581,2517.25
-528.25,279332,528.25
2035.0,4142500,2035.0
808.75,654476,808.75
578.75,335364,578.75
1002.0,1004708,1002.0
3272.25,10708350,3272.25
100.75,10431,100.75
2148.25,4616087,2148.25
1890.5,3574000,1890.5
1486.0,2208274,1486.0
-2109.75,4461967,2109.75
1324.75,1755769,1324.75
-319.0,102538,319.0
57.75,6906,59.75
2949.5,8699573,2949.5
3659.0,13388650,3659.0
-3679.5,13539347,3679.5
-2187.25,4784378,2187.25
-734.5,540318,734.5
-424.75,180421,424.75
-936.25,876812,936.25
-1460.0,2131990,1460.0
-2278.75,5192725,2278.75
3361.25,11298730,3361.25
-2255.5,5088390,2255.5
-10.75,5653,74.25
95.5,10952,95.5
2257.25,5095345,2257.25
2166.75,4696503,2166.75
-1788.5,3198938,1788.5
-329.25,109227,329.25
779.0,624154,779.0
394.0,159156,394.0
-1326.25,1759524,1326.25
1811.25,3281639,1811.25
1901.0,3637992,1901.0
350.0,122674,350.0
1539.75,2372113,1539.75
1034.25,1069683,1034.25
3249.0,10556205,3249.0
1626.0,2645783,1626.0
3265.5,10663522,3265.5
3383.75,11450119,3383.75
3396.0,11533802,3396.0
3265.75,10665302,3265.75
3196.25,10219182,3196.25
-1810.25,3278863,1810.25
-570.0,325262,570.0
678.25,464249,678.25
-2168.75,4703521,2168.75
2404.25,5782831,2404.25
5672.25,32175166,5672.25
-2095.25,4391093,2095.25
-1388.25,1934575,1388.25
-1632.25,2664431,1632.25
-515.25,269507,515.25
-3239.5,10494549,3239.5
-2864.0,8203214,2864.0
-102.75,12138,102.75
-1335.25,1784678,1335.25
-1899.5,3609550,1899.5
-2891.75,8367767,2891.75
-1668.0,2782600,1668.0
-138.75,19316,138.75
-1054.25,1111444,1054.25
3791.5,14378568,3791.5
456.0,210066,456.0
1173.0,1376030,1173.0
-1479.0,2189422,1479.0
-1035.0,1072444,1035.0
-306.75,96313,306.75
4446.25,19775612,4446.25
-1695.0,2873058,1695.0
546.75,307928,546.75
-527.25,278794,527.25
-2777.0,7712426,2777.0
1553.75,2427893,1553.75
-2754.75,7589703,2754.75
2954.5,8730303,2954.5
1588.0,2523482,1588.0
-1464.75,2145519,1464.75
-2165.25,4688814,2165.25
1806.5,3266280,1806.5
-977.5,956986,977.5
-1163.0,1353012,1163.0
5373.75,28877246,5373.75
-537.5,289087,537.5
-464.5,216963,464.5
-646.25,418337,646.25
-1547.0,2393220,1547.0
-1822.0,3320344,1822.0
-2607.0,6797740,2607.0
-584.0,341580,584.0
-562.5,318258,562.5
-1023.25,1053143,1023.25
1692.25,2869425,1692.25
-1978.0,3913872,1978.0
745.25,555649,745.25
-1076.25,1159875,1076.25
-2764.0,7643588,2764.0
4325.25,18709023,4325.25
-1043.25,1088542,1043.25
-108.0,11810,108.0
-3198.5,10230586,3198.5
773.75,599533,773.75
-1693.0,2867578,1693.0
-302.5,101374,302.5
675.75,457810,675.75
-1404.75,1973377,1404.75
-291.25,84945,291.25
495.25,245771,495.25
629.25,396330,629.25
-458.0,212934,458.0
-2052.25,4212720,2052.25
2281.75,5221469,2281.75
675.75,457810,675.75
-2111.25,4457534,2111.25
-1256.5,1582294,1256.5
-1871.75,3521072,1871.75
-1258.5,1585549,1258.5
-352.0,123939,352.0
-1075.5,1158474,1075.5
-1233.0,1520298,1233.0
1278.75,1636134,1278.75
-475.0,225806,475.0
-1334.25,1783427,1334.25
2834.5,8037231,2834.5
-1588.5,2523514,1588.5
-1220.0,1490088,1220.0
209.75,44024,209.75
534.5,286162,534.5
-717.0,515084,717.0
524.25,274986,524.25
550.5,303074,550.5
-1022.5,1045728,1022.5
1806.75,3265629,1806.75
1073.5,1152988,1073.5
-603.25,366103,603.25
879.5,773690,879.5
676.0,458420,676.0
-1391.25,1938480,1391.25
829.5,688231,829.5
6496.25,42202010,6496.25
1779.0,3166416,1779.0
1647.25,2713696,1647.25
-532.5,283792,532.5
-1361.5,1855824,1361.5
-1366.5,1867366,1366.5
1204.0,1451066,1204.0
1524.5,2324274,1524.5
-541.5,293670,541.5
1054.0,1110934,1054.0
-339.75,116156,339.75
1458.5,2128868,1458.5
-137.5,19162,137.5
-741.75,550214,741.75
591.0,350378,591.0
-1013.5,1027272,1013.5
-494.25,253747,494.25
744.75,556839,744.75
-446.25,205504,446.25
-873.75,763442,873.75
-304.0,93900,304.0
-659.25,435858,659.25
-1864.5,3476584,1864.5
661.5,440914,661.5
237.5,59450,237.5
-1855.75,3445706,1855.75
3338.5,11161968,3338.5
1729.75,2993015,1729.75
-129.75,18979,129.75
344.25,119127,344.25
2839.25,8067632,2839.25
-1635.5,2688818,1635.5
1215.25,1477238,1215.25
2878.0,8316560,2878.0
-3297.0,10873023,3297.0
-622.5,391696,622.5
171.75,29846,171.75
340.25,115834,340.25
522.5,274040,522.5
-1423.5,2029592,1423.5
-656.5,431551,656.5
529.25,282437,529.25
1.25,2138,45.75
-1317.75,1742132,1317.75
268.25,72059,268.25
-1078.0,1162633,1078.0
-659.75,435793,659.75
-1405.75,1976191,1405.75
-213.0,45738,213.0
-257.0,66134,257.0
-577.75,338489,577.75
-168.25,28666,168.25
375.25,140862,375.25
-1014.0,1066622,1014.0
766.25,587285,766.25
-1039.5,1081004,1039.5
-1500.25,2252312,1500.25
-247.25,78080,247.25
2003.75,4015406,2003.75
2752.5,7578395,2752.5
1170.0,1370104,1170.0
225.75,53637,225.75
-318.75,104344,318.75
1574.75,2481541,1574.75
283.75,87448,283.75
-38.0,1965,38.0
424.0,179866,424.0
-1.25,108,9.25
653.5,428420,653.5
716.75,543975,716.75
-2324.0,5401350,2324.0
1324.75,1756093,1324.75
3041.75,9252314,3041.75
-237.75,56919,237.75
653.25,427081,653.25
876.0,767925,876.0
-575.25,332769,575.25
1480.0,2193746,1480.0
-377.0,142162,377.0
253.0,64106,253.0
-1198.75,1437254,1198.75
1373.25,1887108,1373.25
-1494.75,2234683,1494.75
-1065.5,1139574,1065.5
1756.75,3086943,1756.75
1400.75,1964773,1400.75
5332.0,28430422,5332.0
825.5,681464,825.5
-641.0,413118,641.0
-284.5,81304,284.5
538.5,290884,538.5
217.5,47322,217.5
-59.25,3555,59.25
-458.5,210544,458.5
-417.0,174135,417.0
667.0,444935,667.0
3888.5,15120548,3888.5
2871.5,8245694,2871.5
-372.5,139367,372.5
-1245.25,1556028,1245.25
660.25,436616,660.25
5907.75,34901701,5907.75
-451.0,204342,451.0
81.75,17618,104.25
-346.5,120966,346.5
2697.25,7275850,2697.25
2025.25,4106216,2025.25
1645.5,2719887,1645.5
2339.5,5473342,2339.5
771.25,595032,771.25
-421.5,181312,421.5
433.0,187624,433.0
-1821.25,3318626,1821.25
-979.5,959904,979.5
1673.25,2799883,1673.25
-317.75,102628,317.75
72.5,5882,72.5
2411.0,5815088,2411.0
266.75,71386,266.75
938.0,880104,938.0
475.0,227564,475.0
-431.75,186865,431.75
906.25,822403,906.25
1490.25,2224477,1490.25
1273.75,1622446,1273.75
1475.25,2177967,1475.25
803.25,647276,803.25
-623.25,390214,623.25
1730.75,2995537,1730.75
-161.75,31416,161.75
1017.5,1035910,1017.5
-874.0,765538,874.0
3302.5,10907577,3302.5
679.75,462327,679.75
3543.75,12558186,3543.75
3594.0,12918165,3594.0
1363.5,1859278,1363.5
92.25,9019,92.25
-982.25,965156,982.25
-2488.25,6191474,2488.25
147.25,22379,147.25
262.0,69414,262.0
1461.75,2141379,1461.75
793.25,629307,793.25
937.0,878004,937.0
959.25,921581,959.25
27.0,3603,53.0
-202.0,46136,202.0
4536.5,20580054,4536.5
177.5,32177,177.5
3374.0,11385124,3374.0
-2611.75,6821893,2611.75
-700.5,491112,700.5
-3229.75,10431421,3229.75
-1619.0,2634190,1619.0
1777.5,3171719,1777.5
1192.25,1423277,1192.25
352.5,124346,352.5
1095.25,1199967,1095.25
1266.0,1604022,1266.0
-852.5,727222,852.5
862.0,743230,862.0
-1085.25,1209342,1085.25
647.5,419337,647.5
629.75,397881,629.75
1015.25,1032763,1015.25
2272.5,5174188,2272.5
441.25,197738,441.25
931.25,869867,931.25
341.25,116590,341.25
952.0,906362,952.0
1889.0,3571150,1889.0
-277.25,77228,277.25
1350.5,1825704,1350.5
-917.5,844008,917.5
300.75,91398,300.75
1705.75,2913592,1705.75
54.0,3050,54.0
60.75,3717,60.75
1343.0,1804608,1343.0
912.75,837330,912.75
1424.0,2027901,1424.0
1119.0,1252264,1119.0
1147.0,1317450,1147.0
-79.0,6984,79.0
-953.5,909843,953.5
528.75,280684,528.75
634.5,403102,634.5
793.25,629307,793.25
793.25,629307,793.25
818.0,669742,818.0
2565.0,6582292,2565.0
937.0,878004,937.0
865.25,750422,865.25
793.25,629307,793.25
951.0,906338,951.0
828.75,687666,828.75
793.25,629307,793.25
844.75,714077,844.75
818.0,669742,818.0
984.25,968865,984.25
895.75,803856,895.75
844.75,714077,844.75
818.0,669742,818.0
951.0,906338,951.0
984.25,968865,984.25
886.75,793865,886.75
984.25,968865,984.25
1939.0,3759951,1939.0
-1805.0,3258274,1805.0
1335.75,1788424,1335.75
558.25,312208,558.25
1551.25,2408326,1551.25
1790.75,3206793,1790.75
1291.0,1670406,1291.0
2067.25,4277437,2067.25
1185.0,1433934,1185.0
-104.0,11824,104.0
1510.25,2281028,1510.25
-628.0,394489,628.0
308.5,95262,308.5
2304.5,5310790,2304.5
-598.5,367040,598.5
-766.25,597706,766.25
1955.75,3828029,1955.75
4363.25,19039686,4363.25
1008.25,1020629,1008.25
-1381.0,1907366,1381.0
2129.5,4534822,2129.5
-780.5,613540,780.5
-1177.25,1387827,1177.25
-20.0,2300,43.5
494.5,244552,494.5
169.25,28869,169.25
-512.75,266048,512.75
-313.25,98204,313.25
697.25,489060,697.25
259.5,67368,259.5
-148.5,22955,148.5
-556.25,309815,556.25
-223.0,50132,223.0
-417.0,175222,417.0
676.5,459073,676.5
-970.5,942312,970.5
742.25,552740,742.25
4370.25,19101498,4370.25
2338.25,5467747,2338.25
3641.5,13264702,3641.5
1728.0,2987460,1728.0
312.0,97784,312.0
-451.0,203568,451.0
2013.75,4057556,2013.75
1063.25,1130531,1063.25
375.0,144110,375.0
1446.25,2103167,1446.25
1324.25,1754078,1324.25
836.25,699737,836.25
261.75,73668,261.75
774.0,599290,774.0
-803.5,645644,803.5
317.75,105928,317.75
-66.75,4571,66.75
-1424.5,2032138,1424.5
1155.75,1335810,1155.75
-1709.75,2923676,1709.75
-116.75,14335,116.75
721.0,522294,721.0
1166.5,1362981,1166.5
1012.75,1025791,1012.75
985.25,970734,985.25
1223.25,1502174,1223.25
899.0,812010,899.0
1123.5,1262772,1123.5
790.25,626689,790.25
-221.75,51364,221.75
142.5,20808,142.5
-65.5,4532,65.5
358.25,128363,358.25
1370.75,1881294,1370.75
5890.75,34701277,5890.75
356.75,127441,356.75
679.25,461560,679.25
865.25,750422,865.25
3611.25,13041435,3611.25
-930.0,865994,930.0
-435.25,202171,435.25
144.0,20856,144.0
793.25,629307,793.25
1423.0,2031436,1423.0
818.0,669742,818.0
831.75,696020,831.75
818.0,669742,818.0
937.0,878004,937.0
1197.75,1435594,1197.75
1436.75,2064917,1436.75
-981.25,963721,981.25
669.5,449651,669.5
1223.25,1496605,1223.25
5089.75,25907770,5089.75
632.75,404271,632.75
445.5,199541,445.5
-471.75,241266,471.75
736.0,542474,736.0
688.5,474234,688.5
798.25,637267,798.25
-160.75,25865,160.75
867.75,753755,867.75
-247.25,61449,247.25
-593.25,352096,593.25
1395.0,1947630,1395.0
887.0,789086,887.0
-698.0,487722,698.0
-2415.75,5852455,2415.75
1740.0,3028075,1740.0
1293.0,1671898,1293.0
-827.0,683960,827.0
1228.0,1509091,1228.0
-1485.75,2207907,1485.75
-3149.75,9921232,3149.75
-207.75,43820,207.75
214.5,46019,214.5
659.75,435494,659.75
802.5,644279,802.5
2343.5,5498910,2343.5
1388.75,1929196,1388.75
2051.5,4208690,2051.5
-38.75,1721,38.75
100.5,11650,100.5
-829.0,687316,829.0
3520.0,12417049,3520.0
1259.0,1585106,1259.0
547.5,299822,547.5
-374.0,166202,374.0
183.5,35412,183.5
1114.75,1243291,1114.75
235.25,55484,235.25
1258.25,1583858,1258.25
-366.25,134329,366.25
605.5,373111,605.5
1660.5,2757306,1660.5
1046.25,1096734,1046.25
2230.0,4973130,2230.0
1743.25,3039073,1743.25
1492.0,2226101,1492.0
1442.5,2082972,1442.5
1067.75,1140133,1067.75
-25.5,670,25.5
-855.5,731896,855.5
331.5,112600,331.5
193.25,37396,193.25
1718.75,2954357,1718.75
784.5,619274,784.5
1300.25,1691725,1300.25
2301.75,5298075,2301.75
192.75,37964,192.75
332.25,115071,332.25
3.25,3020,54.75
-1141.25,1302465,1141.25
-1152.0,1327158,1152.0
-1554.75,2424571,1554.75
-1841.5,3391477,1841.5
-559.25,322439,559.25
2818.5,7944138,2818.5
-1366.25,1884668,1366.25
1268.0,1609110,1268.0
-1117.0,1248252,1117.0
-509.75,260007,509.75
1575.0,2484752,1575.0
-855.0,738440,855.0
374.75,143249,374.75
706.75,499749,706.75
1332.25,1779691,1332.25
1210.5,1470147,1210.5
1379.5,1905286,1379.5
1249.25,1565929,1249.25
1630.5,2660750,1630.5
-1713.5,2936338,1713.5
-104.75,10982,104.75
146.25,21525,146.25
-1240.5,1546034,1240.5
-391.75,162467,391.75
-1987.75,3951342,1987.75
-995.25,991382,995.25
953.5,909424,953.5
854.75,731729,854.75
592.25,350811,592.25
-957.75,917512,957.75
749.5,562492,749.5
1750.75,3071537,1750.75
3438.25,11823524,3438.25
-386.5,149758,386.5
165.0,27808,165.0
-1453.5,2112686,1453.5
972.25,945311,972.25
-2535.75,6431557,2535.75
-371.25,138301,371.25
885.5,785422,885.5
-1371.5,1881112,1371.5
1162.5,1351416,1162.5
-21.75,3984,59.25
487.75,238318,487.75
733.75,539123,733.75
445.0,198834,445.0
603.75,364528,603.75
265.5,70546,265.5
-1019.5,1039436,1019.5
1543.25,2383472,1543.25
424.5,180252,424.5
866.5,755529,866.5
520.5,271768,520.5
-691.75,479766,691.75
-997.0,994622,997.0
296.5,98027,296.5
-2206.25,4870362,2206.25
2098.5,4405882,2098.5
2895.0,8382622,2895.0
-522.75,274010,522.75
2334.25,5450604,2334.25
1902.75,3622752,1902.75
625.25,391146,625.25
-497.5,247680,497.5
-152.25,28410,152.25
-3124.5,9763717,3124.5
-52.0,3909,52.0
1383.5,1916376,1383.5
-2420.25,5875410,2420.25
-205.25,42151,205.25
738.75,549346,738.75
1258.75,1584965,1258.75
480.5,231272,480.5
1477.0,2183252,1477.0
1599.25,2558389,1599.25
-141.0,27455,141.0
556.25,309515,556.25
1098.0,1205700,1098.0
133.0,19173,133.0
123.5,15618,123.5
-273.5,76530,273.5
8.75,112,8.75
1858.0,3453263,1858.0
-801.0,642359,801.0
-379.5,144515,379.5
-1142.5,1310270,1142.5
794.5,639220,794.5
1306.5,1707105,1306.5
-986.5,974278,986.5
-807.0,651510,807.0
324.75,107991,324.75
16.25,1893,40.25
465.25,222350,465.25
1592.75,2537303,1592.75
617.25,381037,617.25
4549.0,20694909,4549.0
1206.25,1458915,1206.25
319.5,102576,319.5
1554.5,2416646,1554.5
173.5,30118,173.5
897.75,807420,897.75
-267.25,71457,267.25
-351.5,124134,351.5
-56.0,3272,56.0
-263.75,69572,263.75
-95.25,10026,95.25
-87.25,7616,87.25
-93.5,10234,93.5
-406.25,165690,406.25
-271.0,73704,271.0
-659.25,434631,659.25
868.5,754536,868.5
310.75,96619,310.75
904.75,818695,904.75
699.0,489356,699.0
1290.5,1665568,1290.5
252.75,63961,252.75
625.75,391647,625.75
569.75,324773,569.75
12.25,310,14.25
0.25,739,26.75
1570.0,2465648,1570.0
1341.75,1800469,1341.75
974.25,950914,974.25
1795.25,3223001,1795.25
1360.5,1850968,1360.5
422.0,185538,422.0
354.75,126642,354.75
769.5,592290,769.5
292.0,87742,292.0
-105.25,11513,105.25
247.5,65193,247.5
865.0,748264,865.0
199.0,39951,199.0
240.5,58270,240.5
172.0,30362,172.0
123.5,15313,123.5
3464.5,12003988,3464.5
-280.5,78742,280.5
-140.25,23338,140.25
5207.25,27117396,5207.25
5207.0,27114825,5207.0
704.75,497567,704.75
194.5,39632,194.5
615.0,378848,615.0
1824.75,3329713,1824.75
1698.25,2884968,1698.25
1701.25,2894252,1701.25
1788.25,3199278,1788.25
3511.5,12331199,3511.5
690.75,477150,690.75
727.75,529964,727.75
-3174.25,10076578,3174.25
-3119.75,9739406,3119.75
-3325.5,11061224,3325.5
-1766.75,3121569,1766.75
-1914.25,3666245,1914.25
-1579.25,2494405,1579.25
1934.5,3742708,1934.5
-60.75,3931,60.75
-237.75,56558,237.75
-141.75,20106,141.75
-1324.5,1754609,1324.5
-175.25,31857,175.25
-1254.5,1576590,1254.5
-2349.5,5521038,2349.5
-3596.5,12934955,3596.5
-36.25,1985,36.25
550.5,303054,550.5
-1142.25,1310029,1142.25
205.75,45449,205.75
2605.5,6789174,2605.5
-1547.0,2393246,1547.0
-2307.75,5326288,2307.75
-1534.75,2355806,1534.75
-3185.75,10149625,3185.75
2686.75,7218843,2686.75
1687.25,2903486,1687.25
-2527.75,6415391,2527.75
-3415.75,11667707,3415.75
-663.5,441416,663.5
-3065.75,9399871,3065.75
-1728.75,3033693,1728.75
1238.0,1535805,1238.0
-667.5,445816,667.5
1626.75,2646850,1626.75
2070.25,4286018,2070.25
-3608.5,13022428,3608.5
744.0,584258,744.0
717.5,514826,717.5
793.75,630123,793.75
40.25,11253,97.75
-785.5,617032,785.5
-2021.0,4085020,2021.0
991.75,989013,991.75
-2116.5,4480378,2116.5
2194.5,4817034,2194.5
-1511.75,2285841,1511.75
-1698.75,2887468,1698.75
-1692.75,2867635,1692.75
-827.75,686077,827.75
-722.75,523376,722.75
2280.75,5204109,2280.75
-2755.75,7595389,2755.75
62.75,5458,62.75
-1016.75,1035528,1016.75
111.0,12334,111.0
-1821.0,3316845,1821.0
936.25,876787,936.25
-390.5,153183,390.5
123.0,15707,123.0
-345.5,121094,345.5
-735.5,543523,735.5
71.5,5123,71.5
3253.25,10585544,3253.25
563.5,319188,563.5
-2950.75,8708838,2950.75
-917.25,841772,917.25
175.25,33359,175.25
3375.25,11394825,3375.25
-2290.5,5246484,2290.5
-218.5,47844,218.5
-706.75,499939,706.75
-131.0,20390,131.0
-762.0,583244,762.0
-1770.5,3136046,1770.5
-637.75,406732,637.75
-1068.75,1143310,1068.75
-1281.5,1642257,1281.5
1774.75,3154738,1774.75
3583.25,12859179,3583.25
-1281.5,1642257,1281.5
-4844.25,23467007,4844.25
-973.5,947934,973.5
-1715.25,2949619,1715.25
4106.75,16873038,4106.75
4394.0,19317206,4394.0
-1314.25,1727254,1314.25
-1194.0,1425918,1194.0
2133.25,4553810,2133.25
249.5,62382,249.5
-3426.0,11737868,3426.0
-148.0,25154,148.0
-2191.0,4800486,2191.0
1349.0,1823982,1349.0
-1182.25,1399197,1182.25
2068.5,4279307,2068.5
-1523.5,2321065,1523.5
-3391.0,11501460,3391.0
-3432.5,11782230,3432.5
1078.5,1163668,1078.5
-1849.75,3421764,1849.75
818.75,670586,818.75
-2268.75,5147285,2268.75
3884.75,15091392,3884.75
51.5,13856,105.5
-247.75,61884,247.75
-1795.0,3226354,1795.0
-1006.75,1013691,1006.75
-366.25,134583,366.25
-820.75,673937,820.75
-2137.5,4569020,2137.5
622.75,391710,622.75
5484.5,30079806,5484.5
-367.75,135524,367.75
-455.75,210782,455.75
-672.25,451946,672.25
-1015.75,1032548,1015.75
-124.75,15999,124.75
-120.0,14534,120.0
-1025.5,1052262,1025.5
-1026.5,1054637,1026.5
3495.75,12220859,3495.75
-2508.75,6294163,2508.75
-1174.25,1380545,1174.25
-3659.25,13390374,3659.25
3399.5,11556620,3399.5
-3633.0,13198720,3633.0
2779.5,7726374,2779.5
-1951.0,3806452,1951.0
-2218.75,4922888,2218.75
2340.75,5484184,2340.75
-2632.0,6928548,2632.0
-158.5,25225,158.5
237.5,56852,237.5
-2974.75,8850499,2974.75
-1359.75,1850629,1359.75
-1652.75,2731758,1652.75
2420.25,5858063,2420.25
985.5,974368,985.5
3381.0,11431172,3381.0
-1240.75,1541292,1240.75
-1279.5,1638148,1279.5
1053.75,1110619,1053.75
1221.75,1494076,1221.75
603.0,369000,603.0
-316.75,106345,316.75
1263.0,1600228,1263.0
1170.75,1370804,1170.75
874.0,764388,874.0
23.5,935,23.5
420.5,177452,420.5
-23.25,1276,27.75
1031.0,1063094,1031.0
1434.5,2062155,1434.5
1211.75,1484792,1211.75
569.0,324167,569.0
127.25,16583,127.25
33.5,1480,33.5
-309.0,98403,309.0
-668.75,447252,668.75
273.25,78483,273.25
-440.25,194316,440.25
892.0,795868,892.0
-270.0,72945,270.0
1205.75,1454271,1205.75
-658.0,433122,658.0
-308.0,96958,308.0
101.5,10309,101.5
-515.5,290980,515.5
-868.0,771930,868.0
-392.75,154359,392.75
-464.0,218660,464.0
601.5,362322,601.5
-410.25,168326,410.25
-697.5,486516,697.5
3706.75,13740055,3706.75
3567.75,12730203,3567.75
-520.5,271223,520.5
1722.0,2969718,1722.0
-191.25,39561,191.25
458.0,214336,458.0
-775.0,601789,775.0
-1098.25,1206188,1098.25
-1013.5,1028894,1013.5
-924.75,855307,924.75
-1322.0,1747706,1322.0
851.0,724614,851.0
-207.5,48613,207.5
-242.25,60439,242.25
-229.5,57789,229.5
748.25,559881,748.25
-1153.75,1331508,1153.75
-603.75,364571,603.75
726.5,529263,726.5
-548.0,300510,548.0
-263.5,71860,263.5
-499.5,249616,499.5
1076.25,1158430,1076.25
883.25,780382,883.25
911.25,830478,911.25
1293.25,1672707,1293.25
-744.25,554454,744.25
92.0,13088,92.0
-15.5,3280,55.0
139.25,21186,139.25
-616.75,403107,616.75
946.0,897906,946.0
1159.75,1345038,1159.75
1690.0,2857364,1690.0
2453.75,6020898,2453.75
2158.5,4659731,2158.5
-25.0,2351,41.0
-1669.75,2790012,1669.75
-1599.75,2559534,1599.75
-289.75,87669,289.75
-534.75,286213,534.75
-1020.5,1041682,1020.5
-997.75,995519,997.75
-34.25,3363,46.75
212.75,45525,212.75
622.5,387512,622.5
1015.75,1032239,1015.75
989.5,984560,989.5
458.75,210638,458.75
604.5,365805,604.5
633.5,401707,633.5
482.5,233877,482.5
1226.75,1505147,1226.75
1169.75,1368493,1169.75
575.75,331603,575.75
1060.25,1140837,1060.25
874.25,764323,874.25
200.0,40169,200.0
536.0,289024,536.0
-403.25,163133,403.25
1128.0,1272882,1128.0
-365.25,133625,365.25
1555.0,2418438,1555.0
-1318.25,1739736,1318.25
799.25,641134,799.25
2702.25,7306450,2702.25
2758.75,7611153,2758.75
1968.0,3873097,1968.0
-793.5,630448,793.5
585.0,344382,585.0
229.5,54406,229.5
1251.25,1567175,1251.25
1407.0,1982512,1407.0
690.75,477283,690.75
1545.25,2387906,1545.25
615.5,379658,615.5
190.75,43086,190.75
1043.75,1089466,1043.75
527.5,281228,527.5
-571.5,326662,571.5
1461.75,2137795,1461.75
838.5,703134,838.5
1222.5,1495325,1222.5
-742.0,557468,742.0
944.5,893176,944.5
-345.0,120256,345.0
-608.5,374030,608.5
-5.5,76,8.5
508.5,261654,508.5
1146.0,1313652,1146.0
-702.75,494090,702.75
1055.75,1115888,1055.75
3137.0,9841328,3137.0
-503.75,258171,503.75
-116.25,14107,116.25
-655.75,443263,655.75
1705.5,2908888,1705.5
254.0,64753,254.0
1036.0,1074202,1036.0
-654.5,429141,654.5
1535.0,2360532,1535.0
-1849.25,3420052,1849.25
161.5,28977,161.5
597.75,362516,597.75
-104.5,12389,104.5
184.0,33942,184.0
1180.5,1396899,1180.5
243.25,59843,243.25
2819.0,7947210,2819.0
1232.75,1519815,1232.75
-57.75,6928,60.75
-122.5,15028,122.5
57.0,3280,57.0
141.0,20231,141.0
1155.0,1334402,1155.0
-431.75,189534,431.75
2023.25,4094155,2023.25
1206.0,1455466,1206.0
1109.75,1232033,1109.75
1404.0,1974186,1404.0
226.5,51402,226.5
389.5,151866,389.5
4685.0,21949692,4685.0
4543.0,20638910,4543.0
662.5,439288,662.5
1505.0,2265392,1505.0
27.0,940,27.0
1165.75,1359517,1165.75
688.75,476020,688.75
1099.75,1209618,1099.75
-256.75,65942,256.75
60.5,3796,60.5
1144.5,1310115,1144.5
3651.25,13331799,3651.25
1069.0,1143390,1069.0
-171.0,29318,171.0
2067.25,4279499,2067.25
-25.25,4835,64.75
1964.5,3859342,1964.5
3268.0,10680174,3268.0
956.75,916020,956.75
595.25,354379,595.25
-75.0,6564,75.0
1209.5,1464477,1209.5
550.25,303850,550.25
2593.25,6725150,2593.25
1867.25,3489988,1867.25
2376.5,5648024,2376.5
-226.75,52442,226.75
189.5,35992,189.5
-3661.0,13405132,3661.0
-660.25,436684,660.25
395.75,157635,395.75
-1029.25,1060101,1029.25
-2964.25,8787939,2964.25
-228.75,52443,228.75
-2941.5,8652434,2941.5
-1504.0,2262064,1504.0
-1441.25,2078310,1441.25
-3404.0,11594110,3404.0
-6181.0,38204780,6181.0
-2980.5,8883398,2980.5
-3943.5,15551661,3943.5
-3084.25,9512974,3084.25
-4011.25,16090748,4011.25
-3589.75,12886391,3589.75
-2371.25,5623401,2371.25
-3120.75,9739921,3120.75
-2199.75,4839909,2199.75
-1835.25,3372207,1835.25
-2232.0,4981962,2232.0
-2148.25,4615462,2148.25
-4309.0,18572530,4309.0
-2715.25,7395773,2715.25
-1928.75,3720488,1928.75
-4204.75,17688244,4204.75
-3455.0,11940658,3455.0
-2321.25,5388495,2321.25
-863.0,745544,863.0
-2745.25,7537616,2745.25
-1849.5,3474297,1849.5
-1901.25,3616212,1901.25
-3672.25,13492637,3672.25
2321.25,5392356,2321.25
-4668.0,21791962,4668.0
2195.25,4834581,2195.25
-2085.75,4353189,2085.75
-2731.25,7459810,2731.25
-3725.5,13888590,3725.5
-2782.5,7743367,2782.5
-5635.0,31754676,5635.0
-4652.25,21643576,4652.25
-2493.5,6220032,2493.5
-1784.25,3186481,1784.25
-1283.0,1646108,1283.0
-2307.25,5323922,2307.25
-2593.25,6726088,2593.25
-2904.25,8436397,2904.25
-2150.5,4624668,2150.5
-4216.75,17782416,4216.75
-5577.75,31115639,5577.75
-2450.75,6006596,2450.75
-6928.0,47997220,6928.0
-2524.25,6371917,2524.25
-2660.5,7078458,2660.5
-2660.5,7078458,2660.5
-2788.75,7779049,2788.75
-2039.75,4160656,2039.75
-752.5,566666,752.5
286.25,83236,286.25
-1153.75,1331155,1153.75
-5220.0,27248410,5220.0
-546.0,298574,546.0
-4299.0,18481428,4299.0
-3496.75,12236855,3496.75
3148.0,9911164,3148.0
1319.0,1742078,1319.0
-1898.75,3606233,1898.75
-4121.75,16989779,4121.75
-4352.25,18942166,4352.25
-4147.75,17204347,4147.75
-4125.75,17021839,4125.75
-5194.25,26980280,5194.25
-3266.5,10671964,3266.5
-3549.75,12604500,3549.75
-3015.0,9090262,3015.0
-950.25,904441,950.25
-3261.25,10642811,3261.25
-3878.0,15047930,3878.0
-3926.5,15419130,3926.5
-887.0,786920,887.0
-1498.5,2246128,1498.5
-1713.5,2936412,1713.5
-1713.5,2936412,1713.5
-5985.0,35820632,5985.0
-2444.25,5982608,2444.25
-2152.75,4634474,2152.75
82.0,13622,83.0
-3077.75,9472584,3077.75
-702.5,495672,702.5
-1478.25,2194327,1478.25
-2056.25,4237243,2056.25
-1992.25,3970037,1992.25
-2762.0,7628743,2762.0
-2620.5,6873916,2620.5
-1075.0,1155716,1075.0
-1596.25,2549842,1596.25
-1443.5,2095038,1443.5
-1448.75,2099450,1448.75
-1383.75,1915135,1383.75
-1261.25,1595463,1261.25
-1192.25,1421598,1192.25
-4704.0,22136638,4704.0
-4957.5,24592452,4957.5
-2571.75,6638081,2571.75
-1001.5,1004337,1001.5
300.5,132495,300.5
-2806.75,7877898,2806.75
-2339.25,5472177,2339.25
-2885.5,8326672,2885.5
-2340.25,5495074,2340.25
-2438.5,5953192,2438.5
-1811.75,3290667,1811.75
-2480.75,6154153,2480.75
-1593.25,2538585,1593.25
-3641.0,13256927,3641.0
-2856.0,8157870,2856.0
-3640.75,13255173,3640.75
-792.25,627700,792.25
-697.5,488538,697.5
-2694.5,7260478,2694.5
-275.0,77026,275.0
-3652.25,13339175,3652.25
-509.25,259560,509.25
-1198.5,1436448,1198.5
-2666.75,7118533,2666.75
-721.0,520444,721.0
-1678.0,2815696,1678.0
-3161.5,10003758,3161.5
-699.25,489619,699.25
-769.0,593966,769.0
-3845.25,14792416,3845.25
-2265.25,5133411,2265.25
-1359.25,1847852,1359.25
149.5,22464,149.5
-1369.25,1876397,1369.25
-1082.25,1173703,1082.25
-2684.5,7206622,2684.5
-909.0,827616,909.0
-922.0,850138,922.0
-708.5,502194,708.5
-2951.5,8711469,2951.5
-747.75,559398,747.75
-826.25,685115,826.25
-836.5,699754,836.5
-929.5,864002,929.5
-558.25,311880,558.25
-780.75,609690,780.75
-922.0,850138,922.0
-747.75,559398,747.75
-4648.75,21611239,4648.75
-1269.75,1613587,1269.75
1183.0,1400586,1183.0
392.25,154294,392.25
-2822.25,7965120,2822.25
-1328.0,1763968,1328.0
-1409.75,1991784,1409.75
-1533.25,2354314,1533.25
-1525.5,2329732,1525.5
-2154.75,4655174,2154.75
-1971.25,3885877,1971.25
-2358.0,5560912,2358.0
-418.5,178294,418.5
-2291.25,5250096,2291.25
638.25,407395,638.25
-3542.0,12545850,3542.0
-3147.25,9913882,3147.25
-2649.75,7034663,2649.75
-1950.5,3804468,1950.5
-1506.5,2269568,1506.5
-241.0,58394,241.0
-1020.0,1040592,1020.0
-1126.5,1269202,1126.5
-2259.25,5104490,2259.25
-2597.0,6744615,2597.0
-788.5,622142,788.5
-2389.0,5708084,2389.0
-2114.5,4471256,2114.5
3021.0,9126942,3021.0
-333.5,111412,333.5
-2777.5,7715606,2777.5
-1698.75,2909032,1698.75
-2289.75,5244018,2289.75
-3320.75,11043452,3320.75
-2139.5,4580196,2139.5
-2112.75,4464880,2112.75
939.5,882819,939.5
-709.75,507143,709.75
168.5,28817,168.5
-742.75,552600,742.75
-3266.75,10671947,3266.75
1318.75,1739381,1318.75
-2597.0,6744615,2597.0
-2414.75,5831702,2414.75
1315.25,1730894,1315.25
-2450.25,6007120,2450.25
-2244.75,5040378,2244.75
-1647.0,2712650,1647.0
-1275.25,1630968,1275.25
-870.0,764004,870.0
-1416.5,2007006,1416.5
-1793.0,3214894,1793.0
-974.0,955422,974.0
-2044.75,4181403,2044.75
-2021.5,4135416,2021.5
-1084.25,1177300,1084.25
85.5,7658,85.5
694.5,519440,694.5
-577.0,341962,577.0
-1357.5,1843078,1357.5
-435.0,189696,435.0
-2462.5,6066688,2462.5
201.25,42411,201.25
1.75,1732,38.25
-2137.75,4571602,2137.75
-2975.75,8855096,2975.75
-633.25,401998,633.25
712.5,507880,712.5
-2208.0,4875940,2208.0
-1819.5,3319687,1819.5
-1419.5,2016430,1419.5
-1669.0,2785828,1669.0
1447.0,2094524,1447.0
-163.0,31128,163.0
-258.5,69442,258.5
-653.25,426949,653.25
-1657.25,2746594,1657.25
-1617.5,2619075,1617.5
-1739.75,3026759,1739.75
1680.0,2824733,1680.0
-823.75,683996,823.75
-239.75,57666,239.75
-1609.5,2596502,1609.5
798.75,638021,798.75
-1139.0,1297392,1139.0
-1418.5,2012192,1418.5
-1877.25,3526493,1877.25
1442.0,2081016,1442.0
-2124.25,4516631,2124.25
-1734.0,3006773,1734.0
-1802.25,3248229,1802.25
1601.5,2565872,1601.5
2639.75,6968355,2639.75
1757.5,3088832,1757.5
3201.25,10249192,3201.25
-972.0,944852,972.0
-806.0,649650,806.0
3428.75,11756686,3428.75
-530.5,291957,530.5
-1784.75,3185764,1784.75
-2053.0,4217800,2053.0
-2131.0,4541195,2131.0
-1947.5,3801242,1947.5
-1617.0,2614888,1617.0
-99.75,11111,99.75
-2745.5,7539594,2745.5
-1451.0,2107688,1451.0
1684.25,2837015,1684.25
-1671.25,2793112,1671.25
-1471.75,2166164,1471.75
-88.75,8354,88.75
-1344.5,1807739,1344.5
-1471.75,2166164,1471.75
-2352.75,5550661,2352.75
-779.0,607588,779.0
-745.0,556666,745.0
-737.0,544398,737.0
1326.0,1758504,1326.0
-935.5,876472,935.5
-875.0,767296,875.0
-313.75,98549,313.75
1859.5,3458518,1859.5
1996.75,3987667,1996.75
-215.25,46703,215.25
-1218.75,1487442,1218.75
-2279.25,5196055,2279.25
-5448.0,29680990,5448.0
-2413.5,5825488,2413.5
-2621.75,6873657,2621.75
450.25,209432,450.25
2333.25,5445723,2333.25
-3631.0,13184194,3631.0
2575.75,6641770,2575.75
-446.25,199727,446.25
-4689.75,21993822,4689.75
-3418.5,11686970,3418.5
1948.25,3796062,1948.25
1651.5,2727614,1651.5
2192.0,4804880,2192.0
2196.25,4826636,2196.25
2357.75,5559164,2357.75
-875.5,769430,875.5
1720.5,2960438,1720.5
650.75,423711,650.75
3681.75,13556944,3681.75
-424.0,186212,424.0
2352.5,5534986,2352.5
156.5,24532,156.5
236.0,55778,236.0
162.0,26406,162.0
-399.5,164322,399.5
2450.0,6003952,2450.0
19.0,3568,55.0
793.75,632451,793.75
2566.0,6584382,2566.0
182.0,34698,182.0
-1065.5,1135506,1065.5
1424.75,2076677,1424.75
349.5,124492,349.5
2179.75,4751392,2179.75
99.0,10362,99.0
-2632.0,6929738,2632.0
-1579.25,2497984,1579.25
-2644.0,6992114,2644.0
-1442.25,2080163,1442.25
2426.75,5902169,2426.75
1158.75,1343470,1158.75
-197.5,39563,197.5
-1547.0,2393255,1547.0
-1223.75,1497700,1223.75
459.0,211122,459.0
380.75,145133,380.75
440.5,194618,440.5
-952.5,924276,952.5
1926.0,3709645,1926.0
-741.25,554239,741.25
-685.75,470299,685.75
-1016.0,1032296,1016.0
-260.25,68044,260.25
3611.5,13044661,3611.5
-1515.0,2295442,1515.0
310.25,97428,310.25
3269.75,10691945,3269.75
39.0,2176,39.0
-590.0,363882,590.0
1384.0,1916085,1384.0
166.75,28258,166.75
-38.25,1486,38.25
-3.5,947,30.5
985.75,981394,985.75
-2408.75,5802395,2408.75
1358.0,1845958,1358.0
1517.0,2301978,1517.0
198.0,58473,198.0
2827.0,7992294,2827.0
2826.25,7988064,2826.25
-822.75,679663,822.75
135.25,20246,135.25
1228.25,1511663,1228.25
1026.0,1059326,1026.0
-1030.75,1063655,1030.75
2524.75,6375109,2524.75
468.25,219362,468.25
-1826.25,3335230,1826.25
-1825.0,3330900,1825.0
-1796.75,3232087,1796.75
752.0,565532,752.0
-995.25,992051,995.25
-972.25,945590,972.25
-986.75,977029,986.75
582.0,340324,582.0
188.5,36531,188.5
-670.0,449582,670.0
-1671.0,2792332,1671.0
-1056.75,1117127,1056.75
2412.75,5828805,2412.75
2132.5,4549414,2132.5
-201.0,40968,201.0
-258.25,69330,258.25
-424.5,181110,424.5
-314.75,101006,314.75
-325.5,108923,325.5
639.0,408579,639.0
699.0,488646,699.0
690.0,476502,690.0
1233.75,1523372,1233.75
2160.25,4669477,2160.25
-513.0,263226,513.0
2298.75,5285025,2298.75
570.5,326732,570.5
-1390.0,1932862,1390.0
620.5,385424,620.5
1745.5,3055468,1745.5
480.0,232432,480.0
2705.75,7322260,2705.75
586.25,344867,586.25
-1640.5,2709200,1640.5
-634.25,404606,634.25
1018.5,1037814,1018.5
2059.0,4245822,2059.0
554.25,307510,554.25
554.25,307510,554.25
-1125.5,1267686,1125.5
1185.0,1404692,1185.0
-1314.75,1737191,1314.75
1343.75,1805968,1343.75
1226.5,1504522,1226.5
1181.0,1395090,1181.0
2288.75,5238394,2288.75
-1942.5,3805552,1942.5
1031.0,1063762,1031.0
1181.0,1395090,1181.0
1779.25,3165750,1779.25
2277.0,5184802,2277.0
2234.5,4993543,2234.5
2103.5,4427365,2103.5
345.5,119617,345.5
2482.25,6161580,2482.25
1379.25,1904816,1379.25
-1444.5,2088745,1444.5
1164.75,1357888,1164.75
1660.0,2757206,1660.0
3843.25,14771594,3843.25
1779.25,3170881,1779.25
3642.25,13267127,3642.25
1608.5,2587902,1608.5
1790.0,3204410,1790.0
1125.75,1267477,1125.75
2409.75,5809330,2409.75
197.0,38838,197.0
1427.0,2038396,1427.0
-312.5,101318,312.5
1660.0,2757488,1660.0
2101.0,4414450,2101.0
1962.0,3849538,1962.0
2004.75,4020926,2004.75
3975.5,15814506,3975.5
3366.75,11343243,3366.75
883.0,781452,883.0
988.0,979322,988.0
2895.25,8386946,2895.25
1789.0,3203024,1789.0
1730.25,2993784,1730.25
1726.5,2980936,1726.5
1730.25,2993848,1730.25
228.0,52506,228.0
-33.25,2543,40.25
2118.75,4489183,2118.75
1930.25,3727808,1930.25
1930.0,3726876,1930.0
3946.75,15576882,3946.75
1723.5,2981290,1723.5
4213.0,17750188,4213.0
4115.5,16999206,4115.5
2635.25,6945369,2635.25
517.0,271942,517.0
-3690.0,13616914,3690.0
3711.0,13773148,3711.0
-4254.25,18110380,4254.25
3633.25,13202582,3633.25
2894.5,8380292,2894.5
-4328.0,18732782,4328.0
-2315.75,5364799,2315.75
2901.75,8425012,2901.75
-3460.25,11974073,3460.25
-4281.5,18339039,4281.5
-2195.5,4820444,2195.5
-4055.0,16445110,4055.0
-1550.25,2415474,1550.25
-1956.5,3830954,1956.5
-2007.0,4028290,2007.0
-1321.75,1752929,1321.75
-5553.0,30836211,5553.0
3472.75,12060127,3472.75
-4382.25,19205671,4382.25
-1380.25,1924946,1380.25
-3645.5,13300922,3645.5
2692.5,7250028,2692.5
2757.0,7603025,2757.0
609.5,373893,609.5
1498.0,2244056,1498.0
3619.5,13101078,3619.5
2464.0,6073237,2464.0
3474.25,12071227,3474.25
699.5,490164,699.5
3991.0,15928182,3991.0
2770.25,7674610,2770.25
4319.75,18660461,4319.75
-3428.5,11755868,3428.5
3102.5,9626626,3102.5
-2898.5,8404356,2898.5
5271.5,27788858,5271.5
1275.0,1631020,1275.0
1923.0,3697958,1923.0
-3334.25,11118905,3334.25
3776.75,14275788,3776.75
-2163.0,4682774,2163.0
-5409.75,29266361,5409.75
-2901.25,8418131,2901.25
-2222.25,4938501,2222.25
-5508.5,30343682,5508.5
-6155.5,37892120,6155.5
3538.25,12520696,3538.25
-5921.0,35058304,5921.0
-3348.0,11211153,3348.0
1422.75,2025778,1422.75
-3348.0,11211153,3348.0
-3385.5,11461793,3385.5
-3533.25,12489915,3533.25
4587.75,21219167,4587.75
3087.0,9530360,3087.0
3444.0,11865326,3444.0
5876.75,34536203,5876.75
3926.0,15416234,3926.0
3584.25,12853944,3584.25
3675.0,13509086,3675.0
-4698.5,22076336,4698.5
2789.0,7809150,2789.0
1385.25,1919115,1385.25
1498.75,2246555,1498.75
2641.75,6979795,2641.75
2213.75,4901189,2213.75
-3348.0,11211153,3348.0
-528.75,281204,528.75
2020.25,4084146,2020.25
2155.25,4645460,2155.25
2155.25,4645460,2155.25
1385.25,1919115,1385.25
3527.75,12445388,3527.75
2546.0,6487853,2546.0
2248.5,5055914,2248.5
305.25,100696,305.25
1368.0,1871444,1368.0
2803.25,7858328,2803.25
-584.5,353882,584.5
826.25,683152,826.25
2900.5,8413783,2900.5
-4076.25,16622069,4076.25
3866.75,14952402,3866.75
-1577.75,2489875,1577.75
-1620.5,2627112,1620.5
-1698.5,2885022,1698.5
-1673.0,2799512,1673.0
-1647.25,2716688,1647.25
-1562.0,2440150,1562.0
-1562.0,2440150,1562.0
-1508.0,2275978,1508.0
-1845.0,3406476,1845.0
-2514.75,6325764,2514.75
-459.75,218149,459.75
2257.75,5105363,2257.75
-2558.75,6549814,2558.75
-2512.25,6312387,2512.25
-943.0,890154,943.0
-956.5,915178,956.5
-1059.0,1122612,1059.0
1433.25,2054207,1433.25
1844.25,3401280,1844.25
1631.5,2663284,1631.5
843.75,713024,843.75
-1386.5,1923949,1386.5
-1218.0,1484400,1218.0
1433.75,2057742,1433.75
1566.25,2454428,1566.25
-1374.5,1891803,1374.5
-1424.5,2030030,1424.5
1059.75,1124908,1059.75
2493.5,6219768,2493.5
-2985.25,8911743,2985.25
540.75,306403,540.75
-1648.5,2734426,1648.5
-1726.75,2982881,1726.75
-1248.75,1559519,1248.75
-2536.0,6431400,2536.0
-1108.25,1228253,1108.25
-907.75,824703,907.75
103.25,11846,103.25
3069.5,9429956,3069.5
3275.25,10728673,3275.25
-755.75,571320,755.75
-702.5,493563,702.5
-2567.5,6592650,2567.5
-1103.5,1217762,1103.5
1996.5,3988861,1996.5
1063.25,1130772,1063.25
744.75,555175,744.75
-1853.75,3436723,1853.75
2287.0,5242474,2287.0
2389.75,5714376,2389.75
-2213.5,4899813,2213.5
-1315.5,1730808,1315.5
-1779.5,3167224,1779.5
751.5,565324,751.5
980.5,964479,980.5
-711.75,506607,711.75
-1182.5,1399325,1182.5
-1346.25,1821662,1346.25
-1647.75,2715701,1647.75
-1480.5,2192081,1480.5
54.75,3065,54.75
101.0,14044,101.0
-916.25,840874,916.25
-1111.5,1238192,1111.5
1894.0,3588148,1894.0
2456.25,6043624,2456.25
1043.5,1089040,1043.5
-1322.25,1748464,1322.25
-1194.0,1434860,1194.0
-1337.75,1790088,1337.75
-291.75,90190,291.75
689.5,475731,689.5
953.25,909798,953.25
-437.5,191727,437.5
-25.5,1618,31.0
-1228.25,1510616,1228.25
815.5,668477,815.5
1429.5,2044203,1429.5
1612.0,2600948,1612.0
694.0,482048,694.0
170.75,29235,170.75
-1141.75,1304214,1141.75
-128.75,19950,128.75
-789.0,622779,789.0
625.5,394139,625.5
-415.75,175042,415.75
315.0,99498,315.0
1066.75,1138296,1066.75
-523.75,274418,523.75
-1647.0,2715362,1647.0
-2893.25,8370931,2893.25
935.25,874792,935.25
-2348.75,5516910,2348.75
-252.5,71989,252.5
-2520.0,6350428,2520.0
-2459.5,6050498,2459.5
537.75,291808,537.75
-1627.75,2651066,1627.75
-2554.5,6525492,2554.5
-357.75,130086,357.75
522.75,273354,522.75
-1686.75,2846877,1686.75
-1646.0,2709706,1646.0
-2788.0,7774117,2788.0
-680.5,463868,680.5
2325.75,5410584,2325.75
169.25,28689,169.25
4135.25,17100483,4135.25
3443.5,11858154,3443.5
156.0,24382,156.0
-641.25,411548,641.25
-1809.0,3278894,1809.0
-816.25,669018,816.25
96.0,17774,96.0
-744.25,553943,744.25
2564.0,6574166,2564.0
-1551.0,2417532,1551.0
-3960.75,15687686,3960.75
157.25,24732,157.25
-548.5,302880,548.5
551.0,306690,551.0
-751.25,566300,751.25
355.25,126215,355.25
151.75,23030,151.75
-775.5,601421,775.5
-3069.75,9424140,3069.75
3225.5,10404404,3225.5
30.75,5524,66.75
74.0,11340,77.0
41.5,2783,41.5
-1177.75,1388759,1177.75
-454.0,207050,454.0
-1218.0,1484400,1218.0
-1325.25,1774993,1325.25
1683.5,2835627,1683.5
-151.75,23733,151.75
41.75,1769,41.75
1228.0,1515354,1228.0
-1674.25,2812739,1674.25
369.25,136411,369.25
-2484.0,6184334,2484.0
-123.25,16904,123.25
29.0,1046,29.0
1851.0,3431104,1851.0
1843.75,3400136,1843.75
1924.5,3705638,1924.5
1959.0,3839726,1959.0
3115.75,9708347,3115.75
1934.5,3743454,1934.5
-2660.75,7080501,2660.75
-34.25,5231,62.75
1572.25,2472422,1572.25
2770.0,7674778,2770.0
-105.25,16656,105.25
130.0,16974,130.0
-383.5,147084,383.5
1816.25,3299215,1816.25
-974.75,951773,974.75
-372.0,142560,372.0
-1618.25,2619682,1618.25
1016.5,1037720,1016.5
878.25,774214,878.25
944.5,894814,944.5
-519.5,281976,519.5
-1633.5,2671132,1633.5
-884.5,782464,884.5
2804.5,7865296,2804.5
-2102.0,4418870,2102.0
1044.5,1091438,1044.5
3292.0,10838112,3292.0
259.25,68184,259.25
-642.5,414498,642.5
-2372.5,5630493,2372.5
-2660.75,7080501,2660.75
191.75,37186,191.75
-897.0,805078,897.0
930.0,871634,930.0
-651.5,426207,651.5
-136.75,19891,136.75
-1475.25,2176693,1475.25
6.0,586,21.5
242.5,58824,242.5
1194.0,1426416,1194.0
488.5,238878,488.5
1004.5,1011673,1004.5
-27.5,2415,40.5
-2820.75,7957703,2820.75
-152.0,23916,152.0
18883.75,357006494,18883.75
6028.75,36345951,6028.75
1567.75,2458499,1567.75
4803.25,23073001,4803.25
1681.25,2826936,1681.25
684.5,468696,684.5
1708.75,2921459,1708.75
3875.25,15020506,3875.25
3599.25,12956651,3599.25
1982.75,3931343,1982.75
848.5,719990,848.5
1658.0,2751224,1658.0
-775.5,608634,775.5
237.5,57483,237.5
-2357.75,5559018,2357.75
2980.0,8880408,2980.0
-1061.75,1127588,1061.75
3573.75,12773034,3573.75
-980.75,961904,980.75
117.25,13767,117.25
-654.5,429130,654.5
171.25,30386,171.25
1679.25,2822644,1679.25
67.0,4758,67.0
-312.25,99189,312.25
137.25,23234,137.25
-1623.25,2635586,1623.25
-555.0,308223,555.0
1977.25,3912803,1977.25
817.75,668835,817.75
2574.25,6628445,2574.25
-927.0,868746,927.0
49.5,2622,49.5
-1402.25,1972276,1402.25
904.75,818783,904.75
-1478.5,2188484,1478.5
133.0,17750,133.0
-1096.5,1203696,1096.5
-186.25,39908,186.25
-96.75,18941,104.25
-2534.5,6427086,2534.5
-548.5,336538,548.5
-1299.0,1688666,1299.0
479.25,229741,479.25
2776.0,7708326,2776.0
-14.0,1088,29.5
681.25,464830,681.25
-2768.75,7665988,2768.75
-860.25,740209,860.25
-1299.5,1688708,1299.5
1984.75,3946126,1984.75
-557.5,315655,557.5
1223.0,1495792,1223.0
-379.0,158533,379.0
3074.0,9450722,3074.0
-680.25,463338,680.25
-511.75,262229,511.75
1238.75,1543618,1238.75
340.5,116392,340.5
-1374.75,1899980,1374.75
-76.0,7124,76.0
198.0,41318,198.0
3620.0,13151652,3620.0
-455.75,208280,455.75
201.5,41667,201.5
-778.0,615688,778.0
-20.25,4423,63.25
-197.25,42004,197.25
3046.0,9281038,3046.0
2760.5,7620414,2760.5
-553.25,306703,553.25
4234.5,17935000,4234.5
1533.25,2351977,1533.25
-896.0,806307,896.0
3491.0,12191238,3491.0
851.0,727312,851.0
1416.5,2007774,1416.5
98.0,16366,98.0
-1218.75,1486471,1218.75
1595.25,2545090,1595.25
877.5,770106,877.5
2205.75,4872867,2205.75
-547.25,301078,547.25
1532.75,2350241,1532.75
3359.25,11285212,3359.25
3807.25,14498227,3807.25
-1614.5,2610514,1614.5
1133.0,1283920,1133.0
-397.5,158129,397.5
654.0,430527,654.0
1243.25,1546878,1243.25
1420.25,2035306,1420.25
1144.5,1312762,1144.5
-425.5,185475,425.5
1909.75,3653334,1909.75
-1013.25,1029929,1013.25
-1350.0,1823542,1350.0
-645.5,417829,645.5
1716.75,2956132,1716.75
1440.0,2073638,1440.0
1782.0,3176370,1782.0
1112.5,1238210,1112.5
-769.0,592780,769.0
-912.25,832258,912.25
580.75,337399,580.75
-1447.5,2095384,1447.5
418.75,176820,418.75
-508.0,261224,508.0
748.5,560612,748.5
1519.5,2309848,1519.5
-204.75,41988,204.75
-780.75,611040,780.75
852.0,727320,852.0
-1660.5,2757355,1660.5
1122.25,1260598,1122.25
394.5,157277,394.5
-847.0,719443,847.0
-878.75,772208,878.75
1998.0,3992386,1998.0
1111.5,1236130,1111.5
2516.0,6336868,2516.0
-470.25,221142,470.25
587.0,344632,587.0
-405.75,171945,405.75
1120.75,1256613,1120.75
-50.25,2588,50.25
563.5,317822,563.5
796.25,635402,796.25
133.5,18336,133.5
421.5,178013,421.5
4330.25,18752263,4330.25
279.25,77993,279.25
-131.0,21579,131.0
2905.25,8440481,2905.25
-1266.25,1603487,1266.25
266.25,71323,266.25
-833.5,705374,833.5
-710.5,504858,710.5
352.0,124582,352.0
3448.0,11888848,3448.0
1353.0,1831599,1353.0
2026.0,4106016,2026.0
-1041.5,1089500,1041.5
745.0,558518,745.0
1619.5,2623036,1619.5
-185.75,34705,185.75
2274.5,5174732,2274.5
1831.5,3354424,1831.5
930.5,866247,930.5
-544.75,296792,544.75
-2587.5,6695476,2587.5
4640.0,21530570,4640.0
645.25,419305,645.25
1444.75,2088450,1444.75
155.5,25988,155.5
3705.5,13731081,3705.5
3888.75,15124037,3888.75
3684.25,13574292,3684.25
821.0,675058,821.0
2332.0,5440944,2332.0
-600.5,360651,600.5
1009.0,1019114,1009.0
-1626.0,2651932,1626.0
-1195.0,1438162,1195.0
4654.0,21668006,4654.0
509.25,259454,509.25
3024.0,9146617,3024.0
-31.25,1245,31.25
14.25,1806,39.75
765.5,587238,765.5
2122.25,4507710,2122.25
-702.0,493646,702.0
852.5,730774,852.5
2334.5,5453988,2334.5
1491.0,2223615,1491.0
3343.25,11182837,3343.25
1195.25,1443837,1195.25
1609.75,2625757,1609.75
429.25,184819,429.25
1496.75,2244851,1496.75
1866.5,3484508,1866.5
1039.5,1082644,1039.5
470.25,221180,470.25
-2526.0,6380762,2526.0
278.25,88518,278.25
2745.25,7536710,2745.25
608.0,369888,608.0
-1016.75,1035923,1016.75
-604.0,365484,604.0
-2032.75,4132271,2032.75
3457.75,11956305,3457.75
1344.75,1809443,1344.75
-2867.25,8224382,2867.25
567.75,324495,567.75
-1726.25,3051735,1726.25
-1036.75,1077647,1036.75
3134.75,9829713,3134.75
1425.5,2032513,1425.5
323.25,106159,323.25
-103.0,10976,103.0
1715.0,2941276,1715.0
359.5,130346,359.5
1463.0,2141152,1463.0
333.5,112262,333.5
285.75,82508,285.75
2284.75,5220641,2284.75
1454.0,2114474,1454.0
-749.75,566856,749.75
2305.5,5334706,2305.5
1816.5,3299855,1816.5
1380.75,1906576,1380.75
795.25,636978,795.25
-1000.5,1001159,1000.5
1395.5,1947458,1395.5
-582.25,339361,582.25
-936.75,878748,936.75
3008.0,9051768,3008.0
-54.25,4071,54.25
2372.75,5633301,2372.75
-417.0,174686,417.0
-365.5,135802,365.5
1315.0,1738818,1315.0
1610.5,2595074,1610.5
-1838.5,3380486,1838.5
776.5,604488,776.5
1305.25,1704659,1305.25
-434.25,190673,434.25
1540.25,2372707,1540.25
-140.75,20163,140.75
-556.0,321346,556.0
7357.5,54136744,7357.5
1168.5,1368487,1168.5
2231.5,4982648,2231.5
1073.75,1153334,1073.75
957.25,922231,957.25
1363.5,1859147,1363.5
1107.75,1235516,1107.75
421.0,177896,421.0
1187.5,1410788,1187.5
754.25,570773,754.25
4242.25,17998682,4242.25
2396.75,5745158,2396.75
550.5,303316,550.5
-47.75,3653,47.75
266.25,73345,266.25
1554.5,2420318,1554.5
2450.5,6006048,2450.5
-1914.5,3666304,1914.5
-85.75,7860,85.75
1522.75,2319574,1522.75
2412.5,5831730,2412.5
2154.0,4646300,2154.0
2694.75,7268462,2694.75
244.5,59854,244.5
598.0,372340,598.0
448.75,203183,448.75
1349.0,1820798,1349.0
-1237.75,1533791,1237.75
1721.75,2964485,1721.75
-489.75,241453,489.75
3967.75,15751136,3967.75
-1261.0,1590164,1261.0
0.5,2324,46.5
244.0,59766,244.0
2378.0,5655120,2378.0
-1358.0,1844450,1358.0
341.5,116710,341.5
2749.75,7562246,2749.75
212.5,45921,212.5
-1033.75,1073158,1033.75
175.0,31228,175.0
3050.75,9307146,3050.75
1206.25,1463586,1206.25
2070.25,4285942,2070.25
2114.25,4472580,2114.25
1344.25,1807376,1344.25
1542.75,2382553,1542.75
315.25,99682,315.25
-992.0,994832,992.0
-58.0,3572,58.0
-687.25,473537,687.25
762.75,582334,762.75
2422.5,5872366,2422.5
549.25,305380,549.25
1017.25,1035452,1017.25
1301.25,1698430,1301.25
1643.75,2701961,1643.75
-278.25,78329,278.25
2733.0,7470802,2733.0
-739.5,546916,739.5
905.25,819623,905.25
4888.5,23897826,4888.5
3976.75,15814569,3976.75
443.25,196502,443.25
1976.0,3905206,1976.0
1804.75,3263726,1804.75
2705.0,7319588,2705.0
2136.0,4569348,2136.0
1712.75,2933630,1712.75
402.75,163565,402.75
7.5,8834,93.5
-844.25,716517,844.25
3003.25,9019615,3003.25
685.0,469324,685.0
788.75,623527,788.75
2122.0,4509194,2122.0
1406.5,1980405,1406.5
1006.0,1013950,1006.0
1916.25,3672157,1916.25
4003.5,16028106,4003.5
2685.5,7212060,2685.5
-168.25,37760,168.25
61.5,4236,61.5
-64.25,7932,66.25
-157.5,26469,157.5
-682.0,465138,682.0
1010.75,1037225,1010.75
-20.25,1326,30.25
-909.75,828262,909.75
-5254.0,27606560,5254.0
-218.25,48092,218.25
2839.25,8065369,2839.25
-2872.75,8252941,2872.75
-750.5,563826,750.5
-451.75,204141,451.75
-299.0,89476,299.0
729.75,532693,729.75
572.0,329084,572.0
-760.25,581007,760.25
1291.25,1667852,1291.25
146.0,21752,146.0
1820.25,3313651,1820.25
2255.25,5087903,2255.25
-482.75,246409,482.75
-216.25,61114,216.25
222.75,49839,222.75
867.75,773637,867.75
-1098.25,1207183,1098.25
58.0,19536,127.0
-850.0,723054,850.0
-437.5,191423,437.5
842.25,757386,842.25
1036.25,1075210,1036.25
-1035.75,1073149,1035.75
-1447.5,2095618,1447.5
-1955.25,3823049,1955.25
144.0,21570,144.0
-346.5,120072,346.5
57.0,5283,57.0
365.0,133260,365.0
-818.5,670012,818.5
1430.25,2046253,1430.25
2064.0,4260124,2064.0
-115.0,13738,115.0
692.25,480337,692.25
284.5,84022,284.5
535.25,286627,535.25
865.75,750220,865.75
195.0,38223,195.0
623.75,391746,623.75
849.5,722018,849.5
786.0,618558,786.0
-1217.5,1483120,1217.5
732.75,541379,732.75
531.0,286730,531.0
-293.25,87177,293.25
-59.75,4004,59.75
1323.25,1751056,1323.25
367.25,135107,367.25
80.0,6676,80.0
-339.5,115528,339.5
1239.5,1537270,1239.5
1246.75,1555055,1246.75
1453.25,2117849,1453.25
-1672.0,2796362,1672.0
-320.75,104672,320.75
-153.5,24321,153.5
-313.75,101443,313.75
-580.25,337787,580.25
-461.75,214005,461.75
3052.25,9316326,3052.25
2291.0,5248707,2291.0
-1466.25,2155119,1466.25
280.0,78572,280.0
1446.0,2097176,1446.0
1747.0,3052670,1747.0
3500.0,12250792,3500.0
-171.0,30152,171.0
215.0,52162,215.0
308.75,98550,308.75
3600.25,12964088,3600.25
16.0,10891,103.0
2078.5,4321555,2078.5
371.75,140985,371.75
827.75,685318,827.75
-265.0,70394,265.0
759.5,577036,759.5
-68.75,5181,68.75
-608.5,370839,608.5
-180.75,32836,180.75
65.5,4466,65.5
247.0,61062,247.0
173.0,30312,173.0
95.25,9507,95.25
620.75,385615,620.75
-2908.25,8458000,2908.25
755.0,571924,755.0
321.0,103230,321.0
2587.0,6716908,2587.0
-2311.75,5351435,2311.75
1066.5,1137693,1066.5
-64.75,4458,64.75
1616.75,2613896,1616.75
985.0,978188,985.0
735.25,546420,735.25
4082.5,16667770,4082.5
975.75,952190,975.75
2113.0,4464988,2113.0
1648.75,2718432,1648.75
-1032.0,1065226,1032.0
1100.25,1210566,1100.25
1498.25,2248510,1498.25
1875.25,3517782,1875.25
1833.25,3361196,1833.25
-1147.0,1315700,1147.0
-1134.25,1291064,1134.25
581.75,338480,581.75
1.5,431,20.5
571.5,327543,571.5
2212.5,4897414,2212.5
-554.75,309497,554.75
2544.0,6481674,2544.0
1793.0,3218838,1793.0
-907.25,823659,907.25
2845.75,8105840,2845.75
-288.0,83028,288.0
-984.0,971288,984.0
-949.25,904790,949.25
1163.25,1353256,1163.25
-1392.25,1939916,1392.25
1262.25,1593490,1262.25
837.5,716566,837.5
-600.0,361686,600.0
1905.25,3632657,1905.25
-455.25,207549,455.25
590.5,351060,590.5
834.25,696128,834.25
2159.0,4661470,2159.0
-1420.0,2018802,1420.0
-609.5,375918,609.5
-69.0,4800,69.0
598.0,357614,598.0
327.0,107186,327.0
-824.0,679217,824.0
3146.75,9902765,3146.75
2253.0,5076114,2253.0
-413.25,170854,413.25
-1953.75,3818765,1953.75
-996.25,992731,996.25
2739.0,7502320,2739.0
-239.75,57779,239.75
-1485.0,2207894,1485.0
197.0,39138,197.0
-1127.25,1270768,1127.25
-133.25,17771,133.25
1127.0,1270834,1127.0
-198.5,41072,198.5
790.75,625578,790.75
781.5,611068,781.5
2519.75,6349747,2519.75
10026.5,100725330,10026.5
184.5,38694,184.5
291.0,87988,291.0
-398.25,158664,398.25
-1494.5,2235092,1494.5
472.5,224991,472.5
-512.75,263142,512.75
-651.5,425060,651.5
2298.0,5281034,2298.0
587.5,348464,587.5
-1784.0,3184324,1784.0
424.25,189740,424.25
935.75,875819,935.75
983.75,967822,983.75
854.5,730423,854.5
1779.25,3166870,1779.25
317.0,102848,317.0
-549.25,303207,549.25
610.25,374282,610.25
1585.75,2515976,1585.75
-1464.5,2144778,1464.5
-3622.25,13121595,3622.25
3572.25,12762840,3572.25
-394.0,155660,394.0
1490.5,2223795,1490.5
-637.25,406190,637.25
-31.75,2012,33.75
1956.25,3836181,1956.25
-1153.0,1330318,1153.0
-194.25,37953,194.25
-3250.0,10562660,3250.0
-3045.0,9277294,3045.0
930.0,865593,930.0
-1253.75,1573123,1253.75
1984.5,3938987,1984.5
2122.75,4506074,2122.75
17371.25,301760411,17371.25
-151.75,23057,151.75
-1921.25,3693963,1921.25
8478.5,71885025,8478.5
100.25,10496,100.25
885.75,785815,885.75
-1260.5,1589018,1260.5
-414.25,173036,414.25
-125.5,22398,125.5
-1484.0,2202280,1484.0
-76.25,10559,76.25
4117.5,16953836,4117.5
-2446.5,5993844,2446.5
-1072.5,1151492,1072.5
1814.5,3293942,1814.5
646.25,417657,646.25
-4229.75,17891188,4229.75
-1699.75,2893420,1699.75
377.25,143086,377.25
1730.5,2994716,1730.5
-2559.75,6553378,2559.75
2453.75,6020996,2453.75
2609.0,6808840,2609.0
1944.5,3781630,1944.5
-438.75,192534,438.75
904.0,817718,904.0
1825.25,3333680,1825.25
-1186.0,1406884,1186.0
3806.25,14487551,3806.25
1466.5,2150892,1466.5
1131.5,1281406,1131.5
-291.0,85804,291.0
2203.0,4853238,2203.0
-1401.25,1968908,1401.25
1043.0,1088094,1043.0
-1132.75,1283379,1132.75
-1392.25,1941674,1392.25
-40.0,1971,40.0
-670.0,448974,670.0
2485.25,6176597,2485.25
-1831.0,3354462,1831.0
70.5,5129,70.5
-413.25,171957,413.25
70.75,5808,70.75
1740.25,3028738,1740.25
-631.75,400002,631.75
-293.5,88286,293.5
778.5,608526,778.5
-539.25,291145,539.25
3353.5,11249822,3353.5
4467.75,19973684,4467.75
656.25,432265,656.25
3369.0,11354496,3369.0
275.75,77646,275.75
-1254.75,1582557,1254.75
2285.25,5222584,2285.25
1038.0,1078960,1038.0
-1762.0,3105850,1762.0
917.75,846718,917.75
1892.0,3588253,1892.0
1241.5,1541874,1241.5
72.25,9881,75.25
3681.5,13556898,3681.5
-3958.0,15669250,3958.0
5653.75,31965216,5653.75
203.0,41410,203.0
-1635.75,2676289,1635.75
-3470.5,12101438,3470.5
-2242.75,5040726,2242.75
-2706.0,7322553,2706.0
-3607.5,13014736,3607.5
104.25,11969,104.25
-2165.0,4695260,2165.0
-5599.75,31392738,5599.75
-46.0,9438,84.5
-3901.25,15264844,3901.25
-474.0,226221,474.0
-1063.5,1132940,1063.5
-4035.5,16286032,4035.5
-1140.25,1303876,1140.25
943.5,890596,943.5
-1364.5,1861992,1364.5
-5204.5,27181358,5204.5
-679.0,462786,679.0
-3964.75,15754394,3964.75
4642.75,21557397,4642.75
-715.5,513958,715.5
150.75,28794,150.75
2116.5,4482046,2116.5
-3680.5,13547196,3680.5
-3890.25,15136069,3890.25
2879.25,8290452,2879.25
-2064.75,4264428,2064.75
-1943.25,3777235,1943.25
-159.75,25709,159.75
-801.75,644936,801.75
-1140.25,1300671,1140.25
634.25,403791,634.25
634.0,402572,634.0
1195.25,1431301,1195.25
-2752.75,7577936,2752.75
-3552.25,12636695,3552.25
8832.25,83001618,8832.25
934.25,880585,934.25
2892.5,8382531,2892.5
-1577.5,2488820,1577.5
-1207.75,1459160,1207.75
-396.75,165941,396.75
-1942.75,3782761,1942.75
-525.75,276937,525.75
-1440.25,2076417,1440.25
-1050.0,1102650,1050.0
4761.25,22746422,4761.25
4898.5,23995470,4898.5
3709.0,13758790,3709.0
-2642.5,6983436,2642.5
2907.5,8453858,2907.5
-187.5,35668,187.5
577.25,333796,577.25
-1826.0,3334880,1826.0
1380.0,1915010,1380.0
6446.5,41592087,6446.5
514.75,273304,514.75
1797.5,3326544,1797.5
3355.25,11261441,3355.25
1254.5,1577258,1254.5
-434.25,190546,434.25
9.5,842,23.5
5684.5,32314654,5684.5
-388.75,159447,388.75
-1560.0,2434514,1560.0
-720.0,526566,720.0
-1611.75,2597940,1611.75
-1010.0,1030584,1010.0
817.5,670926,817.5
-64.0,4200,64.0
-841.5,711718,841.5
-26.25,2175,38.25
2289.75,5243567,2289.75
430.5,185765,430.5
-2528.5,6393592,2528.5
-2548.75,6496603,2548.75
-64.5,22094,131.0
1104.5,1228382,1104.5
2638.0,6959530,2638.0
1154.75,1368509,1154.75
1669.5,2799043,1669.5
1851.25,3427485,1851.25
1296.75,1682564,1296.75
-623.5,396236,623.5
-1068.75,1142567,1068.75
1247.5,1556571,1247.5
2604.75,6786157,2604.75
2713.5,7427998,2713.5
2198.75,4838222,2198.75
2131.0,4542532,2131.0
388.5,157600,388.5
-165.5,28138,165.5
3641.0,13259285,3641.0
487.75,245280,487.75
1500.75,2271814,1500.75
1054.25,1112264,1054.25
1037.0,1080366,1037.0
2542.75,6475638,2542.75
2852.75,8140596,2852.75
915.25,838635,915.25
2827.0,7992209,2827.0
-812.0,689158,812.0
4585.75,21031150,4585.75
-894.25,800255,894.25
1741.0,3032398,1741.0
-39.0,1683,39.0
459.5,219074,459.5
4443.0,19741154,4443.0
1399.5,1959034,1399.5
19.75,11004,101.75
-781.5,611265,781.5
1705.75,2910164,1705.75
181.25,38093,181.25
3319.0,11016907,3319.0
-76.25,6405,76.25
4116.75,16957780,4116.75
1086.5,1243164,1086.5
2626.0,6896354,2626.0
3449.25,11897606,3449.25
1597.25,2551250,1597.25
306.25,94314,306.25
4536.25,20577858,4536.25
1111.0,1235028,1111.0
1154.25,1341406,1154.25
-1804.5,3259632,1804.5
3399.75,11558586,3399.75
1071.25,1170161,1071.25
2003.25,4014477,2003.25
2592.0,6719148,2592.0
1047.5,1097374,1047.5
2724.5,7424942,2724.5
2374.0,5641014,2374.0
2054.25,4220736,2054.25
4076.0,16614817,4076.0
2184.0,4782210,2184.0
2406.5,5793306,2406.5
1024.75,1055067,1024.75
2457.0,6039738,2457.0
1344.75,1808984,1344.75
3043.75,9264749,3043.75
51.25,5746,55.25
3158.5,9976308,3158.5
5517.75,30445598,5517.75
3692.75,13636520,3692.75
3679.5,13538864,3679.5
2141.25,4588379,2141.25
4375.25,19148701,4375.25
4174.75,17428945,4174.75
3617.5,13086790,3617.5
2724.0,7421284,2724.0
4271.75,18248013,4271.75
-74.5,8370,74.5
460.5,223116,460.5
1873.5,3514421,1873.5
2572.5,6642916,2572.5
264.75,81541,264.75
2433.5,5932863,2433.5
2734.5,7477532,2734.5
1213.0,1471586,1213.0
330.25,115672,330.25
-960.25,938275,960.25
-103.25,14665,103.25
-1074.0,1153568,1074.0
-1469.75,2160400,1469.75
-682.75,467054,682.75
-1334.75,1788660,1334.75
-263.0,69346,263.0
-907.5,824128,907.5
88.0,7862,88.0
484.5,241308,484.5
-287.25,86212,287.25
-1109.25,1230525,1109.25
3454.0,11930166,3454.0
-238.25,56875,238.25
-784.25,616096,784.25
-719.5,517724,719.5
609.25,372629,609.25
-1947.25,3793797,1947.25
2123.5,4513034,2123.5
-592.5,351074,592.5
-1036.25,1078075,1036.25
-374.75,183869,374.75
-1364.25,1869329,1364.25
390.0,153386,390.0
1535.75,2362922,1535.75
-397.75,158902,397.75
-1077.0,1162064,1077.0
-2607.5,6799598,2607.5
1303.5,1699374,1303.5
-249.5,65312,249.5
-995.5,991547,995.5
847.25,717956,847.25
2138.25,4572143,2138.25
595.0,355014,595.0
1436.75,2064762,1436.75
1590.75,2533275,1590.75
-118.0,20168,118.0
-2907.75,8455083,2907.75
802.25,651135,802.25
-739.75,547473,739.75
682.5,466209,682.5
4265.0,18191300,4265.0
-1567.5,2457062,1567.5
-647.0,419128,647.0
151.0,23860,151.0
244.5,60112,244.5
125.25,17059,125.25
-1405.5,1976088,1405.5
-349.0,123966,349.0
-2769.25,7677378,2769.25
-2027.0,4112064,2027.0
1823.25,3336444,1823.25
-2053.75,4218048,2053.75
-1177.0,1385798,1177.0
-866.25,750835,866.25
-601.75,362734,601.75
-830.25,689331,830.25
1000.25,1001126,1000.25
-5094.75,25956637,5094.75
-18.25,428,18.25
-272.25,88903,272.25
661.75,440021,661.75
-3026.25,9158555,3026.25
74.5,7032,74.5
-103.0,21333,120.5
286.0,81848,286.0
-56.0,3176,56.0
-22.25,1846,36.75
1679.5,2825978,1679.5
-129.25,17734,129.25
-108.75,20527,108.75
-138.25,19129,138.25
-290.25,84393,290.25
-1176.5,1387654,1176.5
300.0,90004,300.0
-362.25,131250,362.25
-3078.0,9475866,3078.0
509.25,261362,509.25
-2146.75,4609719,2146.75
1126.5,1270190,1126.5
422.0,181522,422.0
782.75,630631,782.75
2093.75,4384831,2093.75
1060.5,1125227,1060.5
706.5,502178,706.5
-680.0,462571,680.0
2757.5,7606516,2757.5
-730.0,542146,730.0
2000.75,4004872,2000.75
-2474.25,6125224,2474.25
-2889.75,8352717,2889.75
-217.75,49367,217.75
-4083.0,16695414,4083.0
-7613.25,57983607,7613.25
-2720.75,7405221,2720.75
-20173.0,406952064,20173.0
-2251.0,5090834,2251.0
-7266.5,52803677,7266.5
-15431.0,238119266,15431.0
-5258.25,27650458,5258.25
-7303.0,53345396,7303.0
-11090.75,123081829,11090.75
-15821.25,250331917,15821.25
-15152.25,229603960,15152.25
-12533.5,157111191,12533.5
-14672.5,215304886,14672.5
-10094.75,101911029,10094.75
-8782.25,77140673,8782.25
-4862.25,23649229,4862.25
-5402.5,29285262,5402.5
-4177.5,17457348,4177.5
-2566.0,6607886,2566.0
-3487.5,12199585,3487.5
-3825.25,14649371,3825.25
-3013.5,9151330,3013.5
-6108.75,37321776,6108.75
-2101.5,4419662,2101.5
849.75,746193,849.75
1028.0,1062432,1028.0
-2200.0,4842070,2200.0
-6628.25,51764168,6628.25
-4250.75,18084828,4250.75
-8867.5,78635218,8867.5
-3017.25,16859248,3861.25
-2492.5,6212574,2492.5
-4735.25,23099285,4735.25
-8165.25,66674860,8165.25
-3404.5,11590812,3404.5
-1376.25,1894085,1376.25
-989.5,979851,989.5
-11671.75,136258357,11671.75
-6651.5,44247486,6651.5
-9123.75,83243094,9123.75
-5100.75,26019286,5100.75
-7935.5,62974124,7935.5
-7326.75,53684582,7326.75
-3666.5,13446052,3666.5
-1608.75,2588450,1608.75
-5684.0,32308256,5684.0
-2463.25,6072962,2463.25
-2920.0,8529142,2920.0
-278.25,78580,278.25
-946.25,896369,946.25
-5809.5,33752948,5809.5
-4552.5,20743084,4552.5
-1007.0,1021730,1007.0
-3554.5,12634642,3554.5
-4580.25,20981213,4580.25
-6249.25,39054765,6249.25
-5552.75,30833627,5552.75
-26.75,7553,82.25
1254.75,1575177,1254.75
-7169.25,51402148,7169.25
-3542.25,12551486,3542.25
-19186.25,368150126,19186.25
-16079.0,258563332,16079.0
-4156.75,17291296,4156.75
2187.25,4789761,2187.25
-5755.5,33126156,5755.5
-5254.75,27663851,5254.75
-5304.5,28139516,5304.5
-4410.25,19452180,4410.25
-2740.0,7511188,2740.0
-1237.25,1531165,1237.25
-1908.5,3644283,1908.5
-6841.5,46806401,6841.5
-5192.75,26966102,5192.75
-3805.0,14481954,3805.0
-5247.75,27540397,5247.75
-5292.0,28020364,5292.0
-3608.5,13021612,3608.5
1800.5,3241844,1800.5
-46.75,2677,46.75
300.5,92080,300.5
154.75,24282,154.75
-604.75,374064,604.75
1660.0,2756112,1660.0
713.0,508710,713.0
560.0,314112,560.0
1260.0,1587636,1260.0
-2487.0,6185542,2487.0
41.75,4125,48.75
-72.25,7178,72.25
-957.5,916928,957.5
1666.25,2776438,1666.25
-301.0,92883,301.0
583.0,340826,583.0
369.0,136844,369.0
1216.5,1480300,1216.5
-304.75,92899,304.75
-1502.0,2256952,1502.0
985.5,982573,985.5
-10.5,518,20.0
-900.75,812122,900.75
198.5,40456,198.5
882.0,778864,882.0
-1673.0,2800510,1673.0
1030.5,1062052,1030.5
926.25,858711,926.25
533.0,284934,533.0
275.0,75714,275.0
1407.25,1980404,1407.25
983.0,966412,983.0
2859.5,8177787,2859.5
-21.0,1202,27.5
3841.5,14763654,3841.5
319.25,102125,319.25
2296.0,5273769,2296.0
-2056.0,4230330,2056.0
2747.5,7548864,2747.5
-117.0,13792,117.0
1685.75,2842349,1685.75
2249.5,5061102,2249.5
2605.25,6787366,2605.25
-92.25,8956,92.25
-70.75,5045,70.75
-4838.0,23421538,4838.0
-927.25,859807,927.25
-613.75,376829,613.75
94.5,9088,94.5
473.25,225180,473.25
-906.5,821752,906.5
1042.25,1087605,1042.25
-1006.0,1012228,1006.0
-4593.5,21125404,4593.5
84.0,7154,84.0
16.75,341,16.75
-2075.5,4316150,2075.5
6386.0,42466196,6386.0
-3131.25,9807160,3131.25
-1376.25,1894103,1376.25
1582.75,2506415,1582.75
626.25,393128,626.25
1283.5,1647513,1283.5
714.0,509884,714.0
-566.0,322274,566.0
704.0,496502,704.0
-929.75,867221,929.75
1484.75,2204519,1484.75
2153.5,4638470,2153.5
-996.75,993558,996.75
145.5,53786,180.5
-3344.5,11186246,3344.5
-3422.25,11716467,3422.25
306.5,93975,306.5
-1677.25,2813464,1677.25
1426.0,2033688,1426.0
1580.5,2500532,1580.5
-135.5,22772,135.5
1223.5,1496964,1223.5
2186.25,4779829,2186.25
1606.0,2581508,1606.0
-677.5,459046,677.5
-103.75,14403,103.75
2995.5,8985177,2995.5
-1083.75,1175952,1083.75
1121.75,1259215,1121.75
982.25,965578,982.25
1179.25,1391198,1179.25
251.5,67687,251.5
-1547.75,2396996,1547.75
3170.0,10050832,3170.0
-637.25,406458,637.25
-1264.25,1601867,1264.25
3433.25,11791157,3433.25
674.0,454500,674.0
617.5,387477,617.5
271.25,74662,271.25
1107.5,1227114,1107.5
-1294.0,1676316,1294.0
-1615.5,2612462,1615.5
3145.75,9897072,3145.75
1639.0,2690264,1639.0
1141.0,1305500,1141.0
1408.75,1985186,1408.75
1133.5,1286246,1133.5
789.0,622692,789.0
104.0,10834,104.0
-813.0,664186,813.0
820.0,672484,820.0
-1080.75,1172286,1080.75
1317.25,1735635,1317.25
197.25,39456,197.25
321.0,112596,321.0
-459.25,210926,459.25
-10.0,502,19.5
940.25,884273,940.25
2.75,256,15.75
299.75,93602,299.75
-1657.5,2749612,1657.5
-164.0,26996,164.0
-439.75,193397,439.75
-1212.0,1469704,1212.0
841.5,708341,841.5
-481.0,243471,481.0
-1507.5,2273350,1507.5
-539.25,291407,539.25
2037.0,4153040,2037.0
1354.25,1844285,1354.25
-1080.75,1168321,1080.75
1039.75,1081124,1039.75
-1281.5,1642868,1281.5
248.0,61552,248.0
445.25,199626,445.25
229.0,52572,229.0
1794.75,3221144,1794.75
99.5,13561,99.5
-345.25,119841,345.25
1630.75,2663866,1630.75
642.0,420201,642.0
-422.0,190516,422.0
1554.0,2416520,1554.0
108.5,12158,108.5
257.75,71609,257.75
1265.75,1607686,1265.75
-490.25,240988,490.25
-232.25,60254,232.25
467.25,218965,467.25
561.5,319737,561.5
596.75,356674,596.75
1359.0,1853239,1359.0
1729.25,2991167,1729.25
-1603.25,2577850,1603.25
946.0,896836,946.0
1341.5,1800334,1341.5
934.5,886198,934.5
1400.0,1961892,1400.0
1392.75,1939802,1392.75
1424.0,2027828,1424.0
-263.75,70351,263.75
-222.0,49456,222.0
-518.25,269517,518.25
-1187.0,1409312,1187.0
-2406.5,5791471,2406.5
-932.0,868672,932.0
-116.5,14226,116.5
-466.25,217480,466.25
902.0,816722,902.0
850.25,725330,850.25
2454.5,6024770,2454.5
-852.25,738388,852.25
-1597.75,2552909,1597.75
939.25,882659,939.25
3205.5,10277456,3205.5
-1741.0,3031182,1741.0
-1788.0,3197046,1788.0
-1681.0,2829668,1681.0
-1625.25,2642814,1625.25
-1963.0,3853452,1963.0
-1864.5,3480206,1864.5
-1802.0,3251112,1802.0
-932.0,877744,932.0
1990.0,3960454,1990.0
175.5,31166,175.5
-1117.0,1248733,1117.0
1293.75,1673789,1293.75
-110.25,12174,110.25
1628.75,2652829,1628.75
1299.0,1688416,1299.0
1630.25,2657784,1630.25
3822.75,14613966,3822.75
-199.5,40272,199.5
1599.75,2559445,1599.75
1102.75,1219071,1102.75
-1203.5,1448918,1203.5
923.75,853704,923.75
-356.5,127296,356.5
-672.0,452235,672.0
813.0,661468,813.0
1168.0,1364248,1168.0
723.25,546140,723.25
-467.25,218709,467.25
572.5,328183,572.5
963.25,928391,963.25
25.0,632,25.0
-668.5,447260,668.5
925.75,857084,925.75
46.5,3512,46.5
-127.5,16264,127.5
3918.25,15372010,3918.25
2424.25,5878139,2424.25
-766.75,588604,766.75
369.5,136786,369.5
-516.5,266782,516.5
3365.5,11327624,3365.5
-497.75,248620,497.75
1067.75,1151908,1067.75
1024.25,1049149,1024.25
125.0,15696,125.0
5037.75,25378993,5037.75
-699.25,489314,699.25
-510.0,260342,510.0
-180.75,34663,180.75
-860.75,744903,860.75
-1401.5,2528204,1401.5
389.75,153411,389.75
81.25,7124,81.25
312.75,97991,312.75
365.5,134644,365.5
-1336.75,1787936,1336.75
652.0,433510,652.0
1245.25,1550698,1245.25
799.75,647764,799.75
616.25,380108,616.25
426.5,182530,426.5
1481.25,2208348,1481.25
972.75,947421,972.75
1414.25,2005273,1414.25
-800.5,641598,800.5
1456.0,2128598,1456.0
498.75,251772,498.75
-513.5,263694,513.5
-982.25,964834,982.25
-1099.0,1214370,1099.0
-1112.5,1238696,1112.5
-16.0,405,16.0
1188.75,1413936,1188.75
1966.5,3867384,1966.5
2279.5,5209007,2279.5
1054.25,1113234,1054.25
209.75,45335,209.75
636.75,405557,636.75
-873.75,765183,873.75
3902.0,15225824,3902.0
761.0,580058,761.0
311.25,98127,311.25
-80.0,7050,80.0
886.5,794574,886.5
1272.75,1623783,1272.75
2217.5,4966414,2217.5
2460.75,6055830,2460.75
3077.5,9472446,3077.5
-269.75,72795,269.75
982.5,966238,982.5
79.75,7622,79.75
-16.5,378,16.5
147.0,22744,147.0
-231.5,53829,231.5
-22.25,552,22.25
819.5,751998,819.5
1689.5,2854534,1689.5
-1009.75,1019626,1009.75
-1102.5,1217325,1102.5
-798.0,636902,798.0
1030.25,1067651,1030.25
-1689.25,2853637,1689.25
330.0,109840,330.0
3428.0,11762029,3428.0
1596.5,2550258,1596.5
-547.5,311326,547.5
1607.0,2582584,1607.0
420.5,177232,420.5
1292.5,1671531,1292.5
-1147.0,1325710,1147.0
925.25,856439,925.25
2407.5,5797949,2407.5
5071.75,25722719,5071.75
3019.75,9119113,3019.75
-1197.75,1446914,1197.75
2989.25,8935630,2989.25
7908.0,62536542,7908.0
-616.0,383822,616.0
2981.25,8890692,2981.25
2989.25,8935630,2989.25
815.0,676632,815.0
1713.5,2936739,1713.5
93.0,8794,93.0
133.0,20670,133.0
-1972.25,3901863,1972.25
1620.0,2624526,1620.0
1244.5,1549638,1244.5
1871.5,3503070,1871.5
-1338.75,1794851,1338.75
-315.25,100304,315.25
603.0,363658,603.0
-1485.0,2209850,1485.0
-1276.75,1632678,1276.75
1736.0,3013802,1736.0
1704.75,2907542,1704.75
23.25,1041,23.75
3137.5,9843915,3137.5
1538.0,2366478,1538.0
778.25,606487,778.25
627.75,409395,627.75
1529.25,2338630,1529.25
740.0,555576,740.0
773.75,605495,773.75
582.0,343122,582.0
2965.75,8795819,2965.75
923.5,854210,923.5
325.0,105838,325.0
1206.25,1457287,1206.25
680.25,463767,680.25
-248.5,63565,248.5
95.0,9046,95.0
1053.5,1109987,1053.5
571.25,326567,571.25
3317.25,11006083,3317.25
4247.5,18042696,4247.5
361.5,136316,361.5
-3584.0,12847174,3584.0
1329.5,1767996,1329.5
2773.25,7691724,2773.25
-225.25,126543,274.75
2556.75,6549141,2556.75
1436.25,2064732,1436.25
-1172.75,1375384,1172.75
-80.75,6857,80.75
633.0,410790,633.0
1848.75,3418422,1848.75
-478.25,230673,478.25
1280.0,1644216,1280.0
1227.25,1515343,1227.25
1756.25,3085657,1756.25
3726.5,13895266,3726.5
3314.75,10987709,3314.75
1327.5,1766510,1327.5
3426.5,11755078,3426.5
3952.75,15626562,3952.75
636.0,405656,636.0
-331.5,110025,331.5
1005.75,1012249,1005.75
-256.5,65802,256.5
-256.5,65802,256.5
1763.75,3113015,1763.75
2521.75,6360248,2521.75
2394.75,5736627,2394.75
1029.75,1060434,1029.75
1901.5,3616548,1901.5
-403.75,163679,403.75
3949.25,15596656,3949.25
1225.0,1501826,1225.0
-304.25,92636,304.25
3785.5,14344985,3785.5
541.25,292984,541.25
-1950.75,3805633,1950.75
-149.0,24096,149.0
-3279.0,10756068,3279.0
7.0,260,14.5
670.0,459230,670.0
199.25,39797,199.25
685.5,470740,685.5
787.25,619787,787.25
-644.75,415939,644.75
138.0,20730,138.0
389.75,152453,389.75
765.0,588330,765.0
1264.5,1599754,1264.5
996.75,993534,996.75
232.25,60299,232.25
-1341.75,1800348,1341.75
-563.25,317801,563.25
-145.5,21226,145.5
556.75,310027,556.75
-778.5,607997,778.5
803.0,645124,803.0
93.5,8916,93.5
531.75,283135,531.75
-27.5,1220,27.5
-224.75,50935,224.75
270.0,81484,270.0
484.25,237986,484.25
-1286.75,1655907,1286.75
555.5,308726,555.5
1214.0,1473920,1214.0
-1713.0,2951662,1713.0
-1575.0,2481562,1575.0
229.25,59909,229.25
987.75,976401,987.75
-109.0,12526,109.0
601.0,365657,601.0
-4001.5,16012042,4001.5
-1427.75,2038511,1427.75
-1435.0,2064786,1435.0
61.25,7154,61.75
-2938.75,8639180,2938.75
1132.75,1283992,1132.75
620.25,390229,620.25
1318.0,1746348,1318.0
-542.5,296434,542.5
1127.5,1277265,1127.5
893.75,798799,893.75
1062.0,1127978,1062.0
-87.25,7654,87.25
964.0,930566,964.0
3574.5,12779638,3574.5
952.0,906550,952.0
-586.25,350319,586.25
-2899.75,8408596,2899.75
-529.75,280745,529.75
911.75,833606,911.75
-257.25,67331,257.25
-234.75,55335,234.75
-2632.0,6929456,2632.0
575.75,331605,575.75
-378.75,143455,378.75
-750.0,581960,750.0
547.0,299256,547.0
2224.5,4958242,2224.5
-935.75,877768,935.75
682.25,465482,682.25
399.25,159595,399.25
547.0,300579,547.0
328.75,108564,328.75
-259.75,67593,259.75
-748.25,560089,748.25
-1616.25,2615876,1616.25
-1872.75,3509828,1872.75
-321.5,103524,321.5
2157.0,4657784,2157.0
106.75,12427,106.75
1360.0,1849642,1360.0
-2161.5,4673198,2161.5
1282.0,1643698,1282.0
423.25,251971,423.25
-1213.5,1472794,1213.5
1824.25,3328715,1824.25
2558.75,6549553,2558.75
2847.0,8120948,2847.0
436.75,236461,436.75
3000.25,9002148,3000.25
1540.5,2373305,1540.5
2003.5,4015274,2003.5
551.0,303818,551.0
1499.25,2247935,1499.25
-1613.0,2602084,1613.0
2396.75,5750102,2396.75
-2769.0,7667610,2769.0
120.0,14921,120.0
-467.0,218138,467.0
1610.75,2595291,1610.75
1235.75,1527248,1235.75
-689.75,475993,689.75
-27.0,2662,44.5
-986.25,975305,986.25
-40.25,1666,40.25
13.75,829,25.25
-1530.0,2341101,1530.0
1255.75,1587814,1255.75
815.5,665186,815.5
-3021.25,9128081,3021.25
-1249.25,1572839,1249.25
-611.25,380237,611.25
351.25,123501,351.25
-734.5,540052,734.5
-912.25,834024,912.25
-987.25,979384,987.25
-912.25,834024,912.25
-836.0,699670,836.0
-1094.0,1201802,1094.0
-993.75,987912,993.75
-950.5,905269,950.5
2417.5,5848962,2417.5
-494.0,244782,494.0
-2113.25,4469169,2113.25
469.0,220447,469.0
-292.0,101044,292.0
59.5,3565,59.5
-104.5,11248,104.5
2431.0,5910830,2431.0
-1171.25,1379927,1171.25
-649.75,422311,649.75
835.75,704864,835.75
587.0,351478,587.0
1378.5,1900266,1378.5
1122.0,1258916,1122.0
183.75,33849,183.75
-1154.0,1331720,1154.0
-754.25,568954,754.25
-1974.0,3908922,1974.0
1441.75,2079720,1441.75
1373.75,1891933,1373.75
-2380.25,5665599,2380.25
-2026.25,4105844,2026.25
531.75,285760,531.75
-1004.0,1008672,1004.0
1518.75,2310741,1518.75
-2111.0,4456687,2111.0
1244.0,1547994,1244.0
792.0,627390,792.0
958.75,919354,958.75
-150.75,24903,150.75
101.0,15392,101.0
502.75,265757,502.75
-166.75,27828,166.75
574.25,332627,574.25
4242.0,18033626,4242.0
594.5,355582,594.5
596.5,355880,596.5
485.5,235940,485.5
-1253.0,1574072,1253.0
-1299.25,1688162,1299.25
-2264.25,5127549,2264.25
3597.75,12945676,3597.75
354.75,126081,354.75
-598.25,362000,598.25
623.25,389655,623.25
-1357.25,1842171,1357.25
-219.25,50293,219.25
1626.0,2648612,1626.0
-888.25,789854,888.25
113.0,12772,113.0
4479.5,20069272,4479.5
-10.0,1910,41.5
521.75,276931,521.75
246.25,61718,246.25
484.25,240302,484.25
958.5,919334,958.5
1016.75,1034765,1016.75
-960.0,930972,960.0
171.25,29472,171.25
570.75,325764,570.75
-405.25,167608,405.25
732.75,542289,732.75
-3255.25,10596802,3255.25
2224.25,4947411,2224.25
1689.25,2856593,1689.25
3342.5,11173178,3342.5
633.25,401709,633.25
-1819.25,3309724,1819.25
-288.0,91782,288.0
-16.75,351,16.75
800.0,640808,800.0
2585.75,6686925,2585.75
3088.75,9543328,3088.75
-856.5,734652,856.5
742.75,551687,742.75
-1659.0,2752442,1659.0
2109.0,4451135,2109.0
1253.25,1570645,1253.25
-273.25,75535,273.25
252.5,65024,252.5
479.25,230254,479.25
-45.5,3019,45.5
-73.75,5474,73.75
107.0,11762,107.0
2368.75,5612813,2368.75
1655.75,2741652,1655.75
742.5,551932,742.5
544.5,296559,544.5
-2408.25,5799976,2408.25
449.0,204416,449.0
-687.25,475714,687.25
-2473.0,6115870,2473.0
168.0,28366,168.0
-391.0,153099,391.0
-337.0,113990,337.0
594.5,354188,594.5
323.25,105059,323.25
2320.75,5385993,2320.75
177.25,33859,177.25
-390.75,152883,390.75
-1320.75,1744915,1320.75
433.75,188153,433.75
-1850.75,3425321,1850.75
1533.75,2352700,1533.75
-559.5,315846,559.5
-894.5,800178,894.5
-1708.5,2919214,1708.5
1749.75,3063215,1749.75
1056.25,1117101,1056.25
290.5,85244,290.5
-859.5,738814,859.5
-792.0,628810,792.0
-1387.25,1925380,1387.25
809.25,654965,809.25
-39.75,1720,39.75
-2338.25,5467641,2338.25
74.75,5751,74.75
-674.75,468608,674.75
246.25,61718,246.25
-1682.75,2833117,1682.75
-1032.0,1101324,1032.0
803.0,646838,803.0
-203.75,41549,203.75
16.75,579,18.75
-526.75,277514,526.75
1671.25,2793847,1671.25
-1297.5,1685075,1297.5
1696.25,2880088,1696.25
-1119.5,1253953,1119.5
-80.75,6862,80.75
948.0,899128,948.0
1049.0,1100517,1049.0
-814.25,663916,814.25
-853.75,736685,853.75
2203.75,4856732,2203.75
-585.5,342903,585.5
1005.0,1010080,1005.0
282.0,79720,282.0
-1834.25,3364538,1834.25
101.5,11828,101.5
-1310.75,1718357,1310.75
-458.75,215656,458.75
-321.75,103630,321.75
1340.75,1801390,1340.75
1458.5,2127834,1458.5
317.0,101680,317.0
38.5,2592,39.0
3034.0,9211012,3034.0
2744.75,7537979,2744.75
-2527.0,6386514,2527.0
1786.75,3195117,1786.75
1404.25,1972332,1404.25
1783.75,3182183,1783.75
1235.75,1527154,1235.75
-203.25,41434,203.25
-1249.0,1560108,1249.0
-129.5,21934,129.5
2435.25,5930895,2435.25
-1502.75,2259271,1502.75
-703.25,494937,703.25
-859.25,738361,859.25
2777.75,7720976,2777.75
-310.75,97798,310.75
-769.0,591744,769.0
-593.0,354870,593.0
439.25,193009,439.25
811.5,659055,811.5
1222.25,1494115,1222.25
1001.5,1003026,1001.5
769.0,592304,769.0
1111.75,1239821,1111.75
765.75,586434,765.75
-1471.25,2167291,1471.25
-417.0,175466,417.0
973.5,1075874,973.5
1882.5,3544278,1882.5
2355.75,5555526,2355.75
-1846.0,3408084,1846.0
3292.0,10839522,3292.0
410.25,170052,410.25
2399.5,5757644,2399.5
795.5,633527,795.5
112.75,17716,112.75
559.5,313080,559.5
121.75,14998,121.75
1055.75,1117307,1055.75
-2318.0,5376903,2318.0
465.75,217659,465.75
1352.0,1828998,1352.0
-1408.75,1984577,1408.75
1063.0,1133796,1063.0
128.75,16790,128.75
-2092.75,4380459,2092.75
376.5,142240,376.5
-117.5,15674,117.5
657.5,433189,657.5
1401.5,1969903,1401.5
1235.25,1525955,1235.25
-1864.25,3475583,1864.25
587.5,345822,587.5
465.75,217640,465.75
630.75,398016,630.75
2255.5,5093343,2255.5
831.75,692312,831.75
65.25,5933,65.25
-535.0,286594,535.0
396.25,160076,396.25
1791.75,3219088,1791.75
1576.25,2484845,1576.25
-365.0,137724,365.0
29.5,871,29.5
-248.5,63616,248.5
1892.0,3580210,1892.0
915.5,838170,915.5
265.0,70236,265.0
-707.75,501071,707.75
789.75,623877,789.75
1228.75,1509887,1228.75
-807.5,652562,807.5
-3241.75,10509323,3241.75
4.25,1477,32.25
-121.5,15762,121.5
-1125.5,1268198,1125.5
-1142.5,1308244,1142.5
-2449.0,6000634,2449.0
-279.0,80248,279.0
1189.0,1414123,1189.0
2042.0,4174230,2042.0
1103.0,1216703,1103.0
173.25,30185,173.25
-478.5,236199,478.5
7.0,4674,68.0
-941.25,886157,941.25
2222.5,4946327,2222.5
-1804.25,3255448,1804.25
910.0,828788,910.0
-457.25,210506,457.25
173.25,30185,173.25
-272.5,74378,272.5
-49.5,3677,49.5
291.25,117689,291.25
-1342.75,1803082,1342.75
-1432.0,2050866,1432.0
-935.75,876574,935.75
-1430.25,2048619,1430.25
619.25,385480,619.25
1360.25,1850502,1360.25
901.0,814514,901.0
1007.75,1015614,1007.75
-423.0,179054,423.0
-55.0,3066,55.0
-1606.0,2581544,1606.0
69.5,5412,69.5
-569.5,324446,569.5
-1076.75,1160832,1076.75
522.5,276488,522.5
-307.0,95122,307.0
-106.25,12429,106.25
74.25,5633,74.25
1847.25,3412397,1847.25
711.0,505908,711.0
536.5,288588,536.5
784.0,629795,784.0
365.25,133587,365.25
-89.25,44176,190.25
-200.0,40104,200.0
839.5,719949,839.5
-777.0,604036,777.0
166.75,28759,166.75
3924.0,15398768,3924.0
393.5,154954,393.5
10.0,3240,56.0
3590.75,12895468,3590.75
381.75,151274,381.75
2006.0,4024055,2006.0
1132.75,1285871,1132.75
2075.25,4306863,2075.25
2813.75,7934743,2813.75
504.0,255070,504.0
-1342.75,1804066,1342.75
74.5,5678,74.5
509.5,259606,509.5
520.5,271306,520.5
357.25,127862,357.25
1085.75,1178949,1085.75
212.0,45008,212.0
1175.0,1381664,1175.0
468.0,219045,468.0
235.75,56013,235.75
300.75,90778,300.75
19.0,1264,30.0
-638.5,408788,638.5
801.25,652259,801.25
1536.25,2362250,1536.25
1126.75,1272154,1126.75
232.0,53868,232.0
-623.5,393224,623.5
4692.5,22030662,4692.5
446.75,203824,446.75
471.75,223293,471.75
965.5,932312,965.5
547.75,303406,547.75
1455.25,2117915,1455.25
2419.0,5856408,2419.0
508.25,258349,508.25
2768.0,7662004,2768.0
2584.75,6689483,2584.75
2369.5,5619520,2369.5
2245.0,5040558,2245.0
2336.0,5459632,2336.0
871.25,759113,871.25
909.75,835710,909.75
340.5,116232,340.5
80.5,6687,80.5
2030.0,4122190,2030.0
326.25,106659,326.25
953.5,909286,953.5
-1673.25,2800086,1673.25
428.5,184518,428.5
2668.25,7119596,2668.25
612.5,375176,612.5
327.0,106944,327.0
3507.25,12303297,3507.25
673.25,453769,673.25
635.75,404191,635.75
637.25,409169,637.25
326.25,106659,326.25
831.25,691175,831.25
528.75,280468,528.75
-861.25,747987,861.25
-701.25,491943,701.25
-1259.0,1585230,1259.0
-1073.0,1151696,1073.0
-1243.75,1547196,1243.75
-951.0,904830,951.0
-594.0,352846,594.0
-216.0,47554,216.0
-1385.25,1919703,1385.25
-1560.5,2435722,1560.5
-1674.0,2802425,1674.0
45.25,2282,45.25
1159.0,1350870,1159.0
-1086.25,1182268,1086.25
976.75,956589,976.75
2090.25,4369398,2090.25
1538.5,2367946,1538.5
73.5,15719,101.5
2506.0,6281406,2506.0
32.25,1056,32.25
2471.5,6108340,2471.5
-722.75,523943,722.75
-2317.0,5369228,2317.0
868.25,753862,868.25
-420.5,177786,420.5
-2133.75,4554475,2133.75
-246.5,60856,246.5
1785.0,3189198,1785.0
-201.25,41392,201.25
512.75,265697,512.75
1232.75,1520334,1232.75
252.25,64516,252.25
-1346.75,1813876,1346.75
2709.25,7340540,2709.25
921.25,849164,921.25
-357.25,128214,357.25
-896.75,804242,896.75
-246.25,60960,246.25
-573.25,332256,573.25
-341.0,120358,341.0
151.25,29609,151.25
2630.0,6919282,2630.0
-387.5,150174,387.5
-501.75,255635,501.75
-336.25,113282,336.25
390.0,193634,390.0
189.75,36145,189.75
65.5,5222,65.5
-287.75,83288,287.75
602.25,363115,602.25
-307.5,99704,307.5
373.0,139204,373.0
1322.25,1750590,1322.25
1786.0,3190246,1786.0
1308.75,1713343,1308.75
-886.0,785272,886.0
-757.25,574124,757.25
705.0,497138,705.0
1903.75,3624306,1903.75
-1125.0,1266052,1125.0
790.25,639965,790.25
1122.25,1259566,1122.25
2150.0,4625274,2150.0
188.5,52577,188.5
-172.25,32818,172.25
435.75,189885,435.75
1580.75,2499491,1580.75
-857.5,738238,857.5
420.25,176814,420.25
1454.75,2116601,1454.75
-2784.25,7759713,2784.25
-190.75,43156,190.75
-1956.25,3829277,1956.25
-1680.25,2823716,1680.25
1591.25,2532669,1591.25
1018.0,1038020,1018.0
-1287.0,1657212,1287.0
473.0,223863,473.0
-702.0,494568,702.0
151.5,23741,151.5
-1868.5,3499548,1868.5
-510.5,261318,510.5
1151.75,1326556,1151.75
451.0,203626,451.0
-723.0,523633,723.0
-666.25,444251,666.25
-1117.75,1257457,1117.75
-487.25,240867,487.25
39.75,3841,47.25
-215.0,50386,215.0
265.5,73708,265.5
-277.5,78692,277.5
1060.5,1125007,1060.5
-836.75,701360,836.75
365.0,133252,365.0
709.5,513453,709.5
487.25,237857,487.25
332.75,112593,332.75
362.75,131624,362.75
2390.75,5715723,2390.75
649.0,422394,649.0
2335.5,5454720,2335.5
-79.5,7438,79.5
-1278.0,1634932,1278.0
-139.25,21140,139.25
1627.25,2648979,1627.25
381.25,145669,381.25
1468.5,2157190,1468.5
1628.75,2653941,1628.75
843.5,711757,843.5
882.25,778399,882.25
-146.5,21585,146.5
1379.25,1910396,1379.25
-132.0,17720,132.0
1668.75,2787415,1668.75
1668.75,2787415,1668.75
1842.5,3398672,1842.5
184.5,34644,184.5
422.75,182536,422.75
309.25,95749,309.25
-1392.25,1941778,1392.25
-1444.5,2091214,1444.5
1771.75,3141735,1771.75
-2034.5,4141673,2034.5
603.0,363754,603.0
550.75,303544,550.75
1389.0,1929647,1389.0
147.0,22738,147.0
-465.75,220637,465.75
1279.25,1636758,1279.25
-451.75,204818,451.75
2336.0,5458062,2336.0
1968.75,3876231,1968.75
-110.25,14891,110.25
1376.5,1895216,1376.5
-195.0,39919,195.0
-94.75,8988,94.75
298.5,89262,298.5
887.5,788102,887.5
548.75,301601,548.75
313.0,98378,313.0
999.75,1000748,999.75
-324.75,106321,324.75
1361.25,1853016,1361.25
10.75,1066,29.25
883.25,781583,883.25
429.0,203394,429.0
-351.5,123818,351.5
622.75,387890,622.75
1830.75,3351731,1830.75
-1141.5,1303906,1141.5
1808.75,3271592,1808.75
-1242.5,1543841,1242.5
-743.25,552706,743.25
1200.5,1441428,1200.5
-872.25,760906,872.25
-1113.75,1240565,1113.75
-714.75,511120,714.75
470.25,221166,470.25
-313.75,102109,313.75
1702.0,2911478,1702.0
682.25,466080,682.25
-22.25,20198,140.25
-734.25,541599,734.25
328.75,109991,328.75
-801.5,662038,801.5
-1087.0,1186900,1087.0
544.75,297216,544.75
877.25,769979,877.25
1493.0,2231430,1493.0
-312.25,97738,312.25
-632.25,401055,632.25
-734.0,546709,734.0
695.0,483454,695.0
976.0,953232,976.0
-747.25,558466,747.25
643.75,415499,643.75
876.25,768410,876.25
-95.25,11504,95.25
-842.5,710898,842.5
2036.75,4152647,2036.75
-189.5,37608,189.5
357.25,128248,357.25
60.0,7040,62.0
62.0,6272,62.0
-128.75,16660,128.75
182.25,34481,182.25
720.5,533082,720.5
791.75,626905,791.75
-174.75,33985,174.75
505.0,256404,505.0
-372.75,139875,372.75
-206.25,42646,206.25
-402.75,162295,402.75
-43.75,1940,43.75
-428.75,183935,428.75
-218.25,54604,218.25
-240.5,57878,240.5
-1541.5,4598993,1541.5
1182.25,1398823,1182.25
-712.75,509269,712.75
2680.25,7184036,2680.25
2873.75,8261495,2873.75
1016.5,1034576,1016.5
-113.75,18587,113.75
-219.0,47976,219.0
1322.25,1752895,1322.25
6173.75,38128319,6173.75
-1142.5,1306954,1142.5
2220.75,4933181,2220.75
-1309.75,1715556,1309.75
-283.75,80819,283.75
-152.75,26996,152.75
371.25,137852,371.25
-778.5,606946,778.5
719.25,517714,719.25
-55.0,3066,55.0
349.0,121812,349.0
349.0,121812,349.0
881.0,776206,881.0
2842.25,8078545,2842.25
117.25,13891,117.25
762.25,586046,762.25
1465.25,2146961,1465.25
-30.75,1534,30.75
181.5,32973,181.5
375.25,141175,375.25
-790.25,624528,790.25
311.5,98440,311.5
250.0,63560,250.0
438.75,192520,438.75
378.25,143119,378.25
-531.75,284154,531.75
309.75,96123,309.75
-974.5,951075,974.5
-42.0,3701,44.0
5878.75,34560581,5878.75
-2208.75,4879231,2208.75
-579.25,335619,579.25
-2242.25,5029156,2242.25
525.5,276459,525.5
3190.75,10201429,3190.75
451.0,234220,451.0
-195.5,41535,195.5
630.0,396951,630.0
-27.5,4164,57.5
-256.5,65871,256.5
535.75,287186,535.75
-543.0,294868,543.0
-628.25,395498,628.25
-233.75,56642,233.75
-869.5,763372,869.5
40.0,1616,40.0
-157.5,25359,157.5
1080.25,1169950,1080.25
2273.5,5169732,2273.5
-462.25,213821,462.25
-387.25,150605,387.25
596.75,361205,596.75
286.75,82309,286.75
-476.25,226831,476.25
5.75,50,5.75
-487.75,239179,487.75
230.0,52951,230.0
1685.75,2845831,1685.75
1731.5,3002754,1731.5
-595.0,354052,595.0
118.75,14107,118.75
46.75,2197,46.75
-1622.25,2632390,1622.25
88.5,7849,88.5
2219.75,4927912,2219.75
-236.75,56528,236.75
-1292.5,1670828,1292.5
666.25,444327,666.25
-1299.0,1687910,1299.0
-401.75,162763,401.75
-1085.5,1178762,1085.5
-2023.0,4093388,2023.0
-555.25,308632,555.25
-799.5,639208,799.5
-620.5,386338,620.5
-10.0,490,19.0
-520.75,275858,520.75
2044.0,4178078,2044.0
-313.75,105749,313.75
-86.0,8926,86.0
18.75,466,18.75
-1543.75,2383484,1543.75
-1364.0,1868187,1364.0
1016.25,1032811,1016.25
-157.75,30253,157.75
-87.0,7644,87.0
-992.75,986097,992.75
393.5,156250,393.5
-1129.75,1278972,1129.75
-390.75,153326,390.75
-555.75,309332,555.75
355.75,128195,355.75
1541.5,2376932,1541.5
974.5,952451,974.5
-532.75,283868,532.75
-789.75,623800,789.75
-91.5,8440,91.5
1498.25,2245304,1498.25
-490.25,240400,490.25
1061.75,1127630,1061.75
413.5,175819,413.5
123.0,17588,123.0
-1854.75,3440100,1854.75
751.0,565536,751.0
352.25,124855,352.25
-1401.25,1967924,1401.25
-1325.0,1755692,1325.0
187.25,36210,187.25
1288.5,1660234,1288.5
380.5,145952,380.5
-839.25,707632,839.25
-1185.25,1405458,1185.25
-1488.0,2214348,1488.0
-304.25,93263,304.25
275.75,76212,275.75
-421.5,177789,421.5
293.0,87456,293.0
321.25,104207,321.25
-644.0,416946,644.0
-11.0,134,11.0
-72.5,5312,72.5
185.0,35011,185.0
-211.75,44929,211.75
1363.25,1858594,1363.25
-216.25,47766,216.25
965.5,932853,965.5
1484.25,2203036,1484.25
-1162.0,1350808,1162.0
-365.25,135740,365.25
430.5,186370,430.5
-355.25,126228,355.25
-571.0,335467,571.0
-481.25,231627,481.25
1513.5,2291764,1513.5
-577.5,334504,577.5
-1074.5,1157394,1074.5
-495.75,246085,495.75
-446.0,200689,446.0
-442.25,196064,442.25
1200.75,1442196,1200.75
-184.75,35095,184.75
-945.75,894783,945.75
-1578.25,2510024,1578.25
-1011.5,1024294,1011.5
273.0,74899,273.0
-423.25,183684,423.25
-130.75,18625,130.75
1617.75,2617856,1617.75
239.25,57262,239.25
255.75,65500,255.75
1519.0,2308348,1519.0
1438.5,2070103,1438.5
-9.0,484,19.5
1815.75,3297322,1815.75
-951.75,911146,951.75
794.5,633368,794.5
-608.75,370592,608.75
433.75,188143,433.75
409.5,169500,409.5
684.25,470878,684.25
704.25,496033,704.25
-4.75,411,17.75
808.75,657189,808.75
-537.0,308798,537.0
354.5,125826,354.5
-720.5,524522,720.5
-429.25,191750,429.25
626.75,393053,626.75
600.0,360008,600.0
2313.75,5359655,2313.75
3284.5,10790605,3284.5
-1090.75,1189837,1090.75
-47.75,3669,47.75
-531.25,282236,531.25
-510.5,261340,510.5
135.5,20480,135.5
728.25,530567,728.25
-375.75,142362,375.75
-234.0,54847,234.0
-234.0,54847,234.0
-18.75,1704,36.75
-49.75,3073,49.75
3747.5,14049430,3747.5
579.75,336356,579.75
1218.5,1484792,1218.5
321.0,103617,321.0
2803.25,7865453,2803.25
417.5,175239,417.5
701.5,492271,701.5
-122.5,26394,122.5
794.5,639868,794.5
3898.0,15194788,3898.0
527.25,280250,527.25
-1085.0,1179252,1085.0
663.75,442797,663.75
-710.5,504908,710.5
185.0,34546,185.0
2646.0,7010572,2646.0
1525.0,2328668,1525.0
179.0,32830,179.0
-727.0,528758,727.0
-2518.25,6347688,2518.25
86.5,9939,86.5
-838.0,710090,838.0
-931.5,869478,931.5
-56.5,3507,56.5
-360.75,130440,360.75
-384.75,149003,384.75
1860.5,3461512,1860.5
-392.5,154285,392.5
-991.0,982810,991.0
1659.75,2757574,1659.75
-734.25,539145,734.25
717.5,517734,717.5
2098.5,4404238,2098.5
-1027.0,1076070,1027.0
-1291.25,1667363,1291.25
477.0,227777,477.0
-7.5,172,10.5
-676.25,458686,676.25
1514.25,2293257,1514.25
-1596.0,2548025,1596.0
-1259.75,1590481,1259.75
1292.25,1670656,1292.25
196.75,40554,196.75
-725.0,527330,725.0
-136.25,18606,136.25
-361.25,132273,361.25
-771.75,597429,771.75
54.5,6676,60.5
511.25,273422,511.25
-668.25,446608,668.25
1869.5,3513866,1869.5
438.75,192520,438.75
99.75,10342,99.75
-339.5,116162,339.5
427.25,182546,427.25
374.0,139998,374.0
1574.75,2479961,1574.75
1093.0,1195808,1093.0
1541.0,2376294,1541.0
-588.5,348118,588.5
90.25,8600,90.25
-798.75,643243,798.75
1072.0,1150056,1072.0
1117.75,1284428,1117.75
346.5,146807,346.5
-382.0,148629,382.0
-421.25,177456,421.25
-373.75,139758,373.75
-449.5,202054,449.5
-433.75,188143,433.75
1282.0,1643710,1282.0
160.25,43652,160.25
-12.0,250,12.5
-132.25,17511,132.25
-188.5,35598,188.5
-2366.25,5601572,2366.25
-1795.75,3225142,1795.75
-2005.5,4025526,2005.5
-412.0,170228,412.0
-403.75,168617,403.75
-1117.75,1251158,1117.75
-1333.5,1778320,1333.5
1622.0,2684504,1622.0
-2289.75,5245151,2289.75
-2046.25,4187978,2046.25
-1330.0,1770248,1330.0
-2151.75,4631579,2151.75
240.0,57682,240.0
227.25,59654,227.25
-274.0,75308,274.0
-280.0,80314,280.0
-52.5,3336,52.5
78.25,8453,78.25
602.75,368619,602.75
615.75,382486,615.75
-1428.5,2040747,1428.5
-1110.0,1232470,1110.0
383.0,146771,383.0
-742.0,550802,742.0
-274.75,75697,274.75
1001.5,1004061,1001.5
24.5,628,24.5
-186.75,34879,186.75
1339.75,1807197,1339.75
1356.25,1844210,1356.25
1355.25,1838850,1355.25
2370.5,5619506,2370.5
1092.0,1192660,1092.0
1880.0,3534906,1880.0
358.5,129127,358.5
-718.5,519008,718.5
-2560.0,6565870,2560.0
3463.0,11996932,3463.0
-157.75,25246,157.75
-778.5,606958,778.5
-3419.0,11691386,3419.0
-971.5,955296,971.5
-1745.75,3052334,1745.75
-5569.75,31023257,5569.75
-1888.0,3566275,1888.0
-314.5,100276,314.5
-290.5,84939,290.5
-3442.0,11857040,3442.0
-520.75,271356,520.75
-876.5,770224,876.5
-9.75,11112,104.25
-262.75,70216,262.75
-3223.75,10393484,3223.75
-1278.0,1633782,1278.0
-42.75,2181,42.75
-66.5,4839,66.5
-171.0,38314,171.0
-3818.0,14577598,3818.0
171.0,30470,171.0
40.0,5380,60.0
97.75,21209,107.75
22.5,5848,72.0
238.75,58049,238.75
238.75,58049,238.75
174.0,31661,174.0
252.25,65528,252.25
22.5,5848,72.0
-1588.5,2523353,1588.5
-2227.0,4959894,2227.0
-133.0,20295,133.0
-16.5,3226,54.0
-1891.75,3578726,1891.75
-1471.25,2172282,1471.25
59.25,47976,210.75
-1689.75,2855538,1689.75
-1833.5,3361741,1833.5
-2512.25,6311885,2512.25
-2785.5,7760737,2785.5
-2682.0,7193800,2682.0
-1674.25,2803809,1674.25
-2253.25,5082143,2253.25
-980.25,964061,980.25
-2599.75,6759488,2599.75
-3664.75,13430449,3664.75
-2192.0,4805155,2192.0
-833.5,694998,833.5
-2320.75,5385889,2320.75
-2321.5,5405660,2321.5
-2290.25,5247833,2290.25
-2125.25,4517436,2125.25
124.0,17952,124.0
-2118.5,4491530,2118.5
-2118.5,4491530,2118.5
-920.25,848219,920.25
-515.0,265484,515.0
3081.25,9494129,3081.25
-1606.25,2581086,1606.25
-1400.25,1961523,1400.25
-881.25,776806,881.25
-1322.5,1749013,1322.5
-2375.0,5646478,2375.0
-1399.75,1959578,1399.75
-341.0,120177,341.0
-239.75,61051,239.75
197.5,41978,197.5
-1050.25,1107845,1050.25
-24.5,720,24.5
88.25,9669,88.25
-2993.0,8958804,2993.0
-1401.75,1965634,1401.75
-1332.5,1775740,1332.5
-1399.25,1957934,1399.25
-1867.0,3485790,1867.0
-2241.0,5022094,2241.0
-1447.0,2120552,1447.0
-1309.75,1715857,1309.75
-2490.75,6204190,2490.75
-49.0,3448,49.0
-2390.0,5712505,2390.0
-1739.75,3027279,1739.75
-2632.75,6931384,2632.75
344.5,147837,344.5
-1639.0,2688098,1639.0
-1658.75,2751636,1658.75
-1631.75,2662658,1631.75
-2321.25,5388707,2321.25
-1572.25,2474132,1572.25
-3272.75,10711265,3272.75
-1812.75,3286099,1812.75
-1230.75,1520334,1230.75
-1010.75,1021617,1010.75
-1701.75,2895989,1701.75
-823.25,677855,823.25
4137.75,17121036,4137.75
-2823.25,7970807,2823.25
-1865.25,3482728,1865.25
-1683.5,2837612,1683.5
-969.25,940181,969.25
-2747.25,7549618,2747.25
-2535.75,6431734,2535.75
-2587.5,6726382,2587.5
-480.0,230956,480.0
-1860.0,3460242,1860.0
-2562.75,6569694,2562.75
1001.0,1002030,1001.0
-1855.0,3441702,1855.0
-928.75,864470,928.75
-1143.25,1308160,1143.25
-1134.75,1292738,1134.75
-802.75,644880,802.75
-1124.5,1264507,1124.5
-1518.25,2307868,1518.25
-830.0,690289,830.0
-1062.0,1128422,1062.0
-1424.75,2030050,1424.75
-1260.0,1592874,1260.0
-939.5,883112,939.5
-1310.0,1716200,1310.0
-1278.75,1636314,1278.75
-2004.75,4020341,2004.75
-2453.75,6029720,2453.75
-1166.25,1360200,1166.25
-1309.75,1716835,1309.75
-819.25,672150,819.25
-3439.5,11830922,3439.5
-635.75,404219,635.75
-638.25,407432,638.25
-739.0,546268,739.0
-945.0,893126,945.0
-811.75,659073,811.75
-1084.0,1176790,1084.0
-821.75,675709,821.75
-823.5,678302,823.5
-827.75,685398,827.75
-671.0,453075,671.0
-1015.75,1032314,1015.75
-728.5,531078,728.5
-728.5,531078,728.5
-665.25,442710,665.25
-2500.0,6254660,2500.0
-1291.25,1667450,1291.25
-1528.0,2335464,1528.0
-1534.75,2365921,1534.75
-678.0,460694,678.0
-1313.5,1725332,1313.5
-1567.0,2461124,1567.0
-1626.0,2644061,1626.0
-1688.5,2864508,1688.5
-570.75,325884,570.75
-921.0,848264,921.0
-702.75,494330,702.75
-726.75,531571,726.75
-1463.25,2142494,1463.25
-833.0,694058,833.0
656.5,431427,656.5
673.25,457383,673.25
-602.75,363453,602.75
-476.0,232082,476.0
-1634.0,2672632,1634.0
-3231.75,10444350,3231.75
-1630.75,2659574,1630.75
113.0,104664,300.5
-520.25,270976,520.25
-2753.25,7581461,2753.25
-3863.75,14930269,3863.75
-263.25,69744,263.25
-269.75,72806,269.75
1222.5,1495560,1222.5
-730.5,535490,730.5
2331.25,5437465,2331.25
54.25,72147,261.75
-1006.25,1018510,1006.25
-93.25,9128,93.25
-2333.0,5443644,2333.0
495.25,263372,495.25
-3306.0,10929732,3306.0
141.75,20823,141.75
577.0,334842,577.0
-728.5,531078,728.5
-827.75,685398,827.75
-1878.75,3529979,1878.75
-823.75,678687,823.75
-385.0,148408,385.0
-1384.75,1923157,1384.75
-857.75,736167,857.75
-2576.0,6656574,2576.0
-613.5,376420,613.5
-1195.25,1429035,1195.25
-785.75,618649,785.75
281.25,79175,281.25
-1892.75,3585511,1892.75
-2345.0,5499616,2345.0
-252.25,96190,252.25
532.0,284426,532.0
-1926.75,3716731,1926.75
-576.75,333632,576.75
880.25,774896,880.25
-483.5,235976,483.5
-1848.0,3415458,1848.0
-612.75,375985,612.75
-598.25,358944,598.25
-833.25,694895,833.25
-1433.0,2054422,1433.0
-690.0,476882,690.0
-240.75,58228,240.75
-724.25,526200,724.25
-613.75,378495,613.75
-577.0,334040,577.0
255.0,69606,255.0
-567.25,324057,567.25
-2264.25,5132199,2264.25
-482.75,235051,482.75
-216.5,46988,216.5
-1343.0,1806252,1343.0
-889.0,790375,889.0
-1280.0,1638430,1280.0
-862.0,744200,862.0
-850.5,729999,850.5
-1117.75,1250317,1117.75
-210.75,44768,210.75
1138.0,1296040,1138.0
-727.25,530031,727.25
-1432.75,2054759,1432.75
-326.0,108580,326.0
-268.5,73903,268.5
2209.25,4892307,2209.25
-11.75,2282,46.25
565.75,321311,565.75
-734.0,551694,734.0
-35.5,2086,35.5
-905.5,824560,905.5
1194.0,1426670,1194.0
667.25,454891,667.25
-154.75,25138,154.75
729.25,533234,729.25
1257.25,1584365,1257.25
-1627.5,2648869,1627.5
-1727.25,2984820,1727.25
812.5,660861,812.5
1101.25,1213556,1101.25
648.75,421208,648.75
319.5,102183,319.5
332.5,110760,332.5
998.5,1011290,998.5
743.25,553314,743.25
-484.5,240372,484.5
1169.0,1366600,1169.0
476.75,227787,476.75
-510.0,260444,510.0
780.0,608678,780.0
474.5,225446,474.5
3234.5,10462406,3234.5
-3582.25,12833876,3582.25
-3329.0,11082842,3329.0
-1236.75,1535681,1236.75
11.0,150,11.0
-429.5,185016,429.5
-21.25,4655,64.75
1142.75,1310379,1142.75
3.0,70,6.0
-345.25,119806,345.25
-92.5,8600,92.5
953.75,913410,953.75
-38.75,5336,61.75
907.75,825816,907.75
-582.0,351722,582.0
774.0,599197,774.0
-2476.75,6137516,2476.75
-574.75,331204,574.75
1987.25,3949586,1987.25
556.0,309142,556.0
-374.25,142044,374.25
851.0,724538,851.0
58.75,3554,58.75
1457.75,2125146,1457.75
1347.0,1817313,1347.0
1359.5,1848879,1359.5
1075.25,1159352,1075.25
-1238.0,1542838,1238.0
783.75,614321,783.75
1269.0,1610543,1269.0
941.75,888767,941.75
1885.75,3560417,1885.75
1013.75,1034398,1013.75
96.0,9590,96.0
3259.75,10627571,3259.75
1545.5,2389866,1545.5
1074.25,1157784,1074.25
1078.25,1162646,1078.25
784.5,621021,784.5
894.0,799354,894.0
-430.0,186642,430.0
395.0,161760,395.0
669.75,454702,669.75
1171.5,1380200,1171.5
-833.5,694728,833.5
1509.0,2279788,1509.0
-839.5,704816,839.5
1631.25,2662163,1631.25
-839.5,704816,839.5
-813.25,661753,813.25
-806.5,654554,806.5
1626.5,2645654,1626.5
1816.5,3303644,1816.5
1615.5,2610891,1615.5
1429.75,2045559,1429.75
1555.0,2423802,1555.0
1469.25,2158762,1469.25
1220.25,1489989,1220.25
-573.75,331428,573.75
1636.75,2679813,1636.75
229.75,59776,229.75
-1732.5,3004060,1732.5
-1305.25,1703861,1305.25
2098.75,4404755,2098.75
-90.75,12478,90.75
476.0,228060,476.0
486.0,237680,486.0
248.25,62108,248.25
-1232.5,1531498,1232.5
1405.0,1986958,1405.0
-3530.5,12464775,3530.5
1484.75,2207014,1484.75
1425.75,2044709,1425.75
301.25,91496,301.25
1248.0,1562832,1248.0
872.25,761344,872.25
1180.25,1394495,1180.25
1257.25,1584365,1257.25
746.25,556901,746.25
1336.0,1786172,1336.0
550.0,310624,550.0
-431.25,186321,431.25
802.75,645548,802.75
2069.75,4284026,2069.75
1675.75,2808159,1675.75
2050.5,4205612,2050.5
1321.0,1745836,1321.0
-843.0,712740,843.0
42.0,3990,47.0
-1174.5,1381470,1174.5
-563.5,319478,563.5
13.25,326,15.25
-1067.0,1140734,1067.0
-779.75,608327,779.75
-434.75,189053,434.75
-421.0,178442,421.0
1809.75,3278599,1809.75
-1742.75,3037765,1742.75
-438.0,192284,438.0
-822.5,689932,822.5
-3113.0,9690808,3113.0
-1929.25,3722783,1929.25
-1229.5,1513612,1229.5
2384.75,5687239,2384.75
-1544.75,2386306,1544.75
939.25,882358,939.25
-3610.0,13032526,3610.0
-3206.25,10287258,3206.25
-3075.5,9458818,3075.5
-1428.25,2042551,1428.25
-1620.75,2643672,1620.75
-1303.75,1702362,1303.75
-3147.0,9904847,3147.0
-3147.0,9904847,3147.0
-3169.0,10042714,3169.0
-3368.75,11348712,3368.75
-3169.0,10042714,3169.0
-3249.75,10561178,3249.75
1868.25,3490803,1868.25
-1334.25,1780957,1334.25
-866.25,750644,866.25
-786.5,618616,786.5
917.75,845490,917.75
1005.5,1011585,1005.5
-2569.75,6609917,2569.75
-2039.5,4159706,2039.5
-1497.0,2242466,1497.0
938.75,881361,938.75
1894.0,3587264,1894.0
388.25,153424,388.25
1487.0,2215508,1487.0
-2353.5,5539750,2353.5
-2210.25,4887409,2210.25
-2046.0,4189850,2046.0
-1011.0,1022134,1011.0
664.75,451178,664.75
1117.25,1253551,1117.25
-563.75,317980,563.75
-563.75,317980,563.75
719.75,518397,719.75
-1703.5,2904130,1703.5
-642.75,413275,642.75
804.0,657734,804.0
-1392.25,1953711,1392.25
1061.25,1126650,1061.25
-1628.0,2655356,1628.0
-774.5,600488,774.5
-1728.25,2988274,1728.25
-243.5,64418,243.5
-1442.0,2079382,1442.0
-1098.25,1208211,1098.25
-1664.25,2770869,1664.25
-396.25,160438,396.25
-1780.0,3169096,1780.0
-1780.5,3170246,1780.5
-3707.5,13745983,3707.5
-2087.25,4357832,2087.25
-921.5,850929,921.5
-2195.0,4818135,2195.0
-1907.25,3639465,1907.25
-1962.5,3851465,1962.5
515.25,267841,515.25
543.0,295356,543.0
886.0,786044,886.0
-86.0,7416,86.0
-1021.75,1117064,1021.75
-1029.75,1062618,1029.75
-529.5,280778,529.5
-1229.5,1511682,1229.5
-1001.75,1004420,1001.75
-1426.5,2035068,1426.5
-1118.75,1256195,1118.75
-876.0,768940,876.0
-1001.75,1004420,1001.75
-1130.25,1290671,1130.25
-672.25,451960,672.25
-1645.5,2715098,1645.5
-1491.25,2223890,1491.25
-1645.25,2706897,1645.25
-370.0,138308,370.0
-1695.0,2878290,1695.0
-648.75,421435,648.75
-1724.25,2976863,1724.25
-509.25,259803,509.25
-654.5,429079,654.5
-1943.75,3778376,1943.75
-892.5,796655,892.5
-428.5,183862,428.5
-315.5,100056,315.5
-1169.0,1366562,1169.0
-1573.0,2474658,1573.0
1241.75,1542941,1241.75
-370.25,137118,370.25
-1307.75,1711013,1307.75
-594.0,352992,594.0
-351.75,129405,351.75
-448.25,201630,448.25
-538.0,289452,538.0
-499.75,251224,499.75
-593.25,351981,593.25
-656.25,431371,656.25
-502.5,252562,502.5
-538.0,289452,538.0
-1331.5,1772932,1331.5
-1468.25,2156255,1468.25
-1798.25,3234226,1798.25
-1862.25,3469894,1862.25
868.0,755362,868.0
-2353.0,5537522,2353.0
-820.75,673646,820.75
-907.0,830058,907.0
-876.75,776839,876.75
-1580.0,2505252,1580.0
-815.5,665175,815.5
4087.5,16707690,4087.5
6.25,133,6.25
-984.25,968840,984.25
-2327.0,5416459,2327.0
-3073.0,9445278,3073.0
-1382.5,1911564,1382.5
2997.0,8983742,2997.0
-1345.5,1834243,1345.5
-199.75,42098,199.75
-417.75,174570,417.75
-362.0,131802,362.0
-511.75,261899,511.75
1412.5,1995234,1412.5
-2764.75,7644852,2764.75
-214.75,47128,214.75
1187.25,1411668,1187.25
-1304.75,1703079,1304.75
-677.5,460911,677.5
-483.0,234020,483.0
1783.5,3182636,1783.5
-968.25,939821,968.25
-3965.75,15735734,3965.75
2130.25,4540648,2130.25
1979.5,3921117,1979.5
1826.75,3339278,1826.75
-1283.0,1648480,1283.0
1138.5,1296396,1138.5
1719.0,2955182,1719.0
-539.25,298816,539.25
-355.75,128371,355.75
-1684.75,2841129,1684.75
1277.25,1634713,1277.25
-853.25,728528,853.25
1981.75,3931798,1981.75
-430.5,186122,430.5
-1193.5,1424464,1193.5
-1395.75,1949196,1395.75
-95.75,9295,95.75
12.25,2476,47.75
-2850.0,8122794,2850.0
-325.5,108012,325.5
-1095.5,1200448,1095.5
2187.25,4786168,2187.25
-15.75,836,24.75
584.75,357877,584.75
351.5,125724,351.5
786.25,618725,786.25
3856.25,14870892,3856.25
-845.25,714499,845.25
-74.0,10114,74.0
-362.25,132550,362.25
-434.0,190582,434.0
-1356.25,1840111,1356.25
-1502.5,2257510,1502.5
1395.5,1948078,1395.5
2197.5,4831444,2197.5
4410.0,19448433,4410.0
-883.75,781769,883.75
-95.25,9124,95.25
-221.5,49506,221.5
534.75,291339,534.75
-171.5,29433,171.5
-745.0,555522,745.0
-163.5,26824,163.5
-177.0,33588,177.0
-348.75,121692,348.75
-171.5,29433,171.5
-171.5,29433,171.5
-178.75,32410,178.75
-163.5,26824,163.5
1040.25,1082865,1040.25
-1031.0,1064604,1031.0
-1177.75,1387830,1177.75
491.5,241620,491.5
-1010.25,1044571,1010.25
261.25,70692,261.25
598.75,358522,598.75
-230.5,53276,230.5
598.75,358522,598.75
290.5,84412,290.5
-619.0,390747,619.0
-1719.5,2957042,1719.5
-2283.75,5215926,2283.75
-1838.0,3388856,1838.0
-21.5,2236,42.0
644.5,417639,644.5
-2202.0,4848945,2202.0
503.5,253694,503.5
-2233.75,4990712,2233.75
-1579.0,2493246,1579.0
-1763.75,3112528,1763.75
-1856.25,3445681,1856.25
387.75,151038,387.75
-1954.25,3825638,1954.25
509.0,268216,509.0
785.25,616867,785.25
572.0,327510,572.0
-421.0,178442,421.0
292.0,85480,292.0
-1125.25,1266245,1125.25
-1213.75,1475820,1213.75
324.25,105257,324.25
-1683.75,2838070,1683.75
-1215.75,1478769,1215.75
-446.0,199206,446.0
-554.25,308080,554.25
-211.5,59132,211.5
337.0,140320,337.0
-159.5,25450,159.5
-2612.0,6822918,2612.0
23.5,1542,31.0
123.5,15538,123.5
-1450.25,2104370,1450.25
-781.25,611067,781.25
-1450.75,2105011,1450.75
-1515.25,2296602,1515.25
-1435.25,2062320,1435.25
-1159.25,1345529,1159.25
-730.75,535662,730.75
-1976.0,3904628,1976.0
3548.75,12598714,3548.75
-261.25,68777,261.25
122.75,29798,125.25
-904.5,821632,904.5
328.0,108994,328.0
187.25,35084,187.25
-241.0,58290,241.0
49.5,12357,99.5
-1454.5,2115688,1454.5
-1730.0,2993298,1730.0
283.0,80300,283.0
-1534.25,2354254,1534.25
-1545.5,2388700,1545.5
-1311.25,1719569,1311.25
-374.75,141614,374.75
-1707.5,2916123,1707.5
-1184.25,1414614,1184.25
-2202.0,4849864,2202.0
-1960.5,3845500,1960.5
-116.25,13831,116.25
-187.75,37513,187.75
-213.0,47055,213.0
-995.25,1001528,995.25
-1014.5,1029240,1014.5
1610.5,2606484,1610.5
-1138.75,1298586,1138.75
-1143.5,1314484,1143.5
-1377.0,1901176,1377.0
1742.0,3036984,1742.0
-1818.75,3307858,1818.75
737.5,566716,737.5
-1385.0,1918300,1385.0
-1231.0,1527042,1231.0
158.75,25776,158.75
-224.5,50957,224.5
290.5,84412,290.5
-823.75,678611,823.75
-814.75,664067,814.75
-919.5,845498,919.5
85.5,7440,85.5
313.0,98032,313.0
734.75,539859,734.75
-782.0,611532,782.0
-1101.5,1226645,1101.5
-443.75,196918,443.75
980.5,961710,980.5
-434.5,190628,434.5
-137.0,19282,137.0
716.0,512773,716.0
-650.5,424359,650.5
-718.5,517004,718.5
-697.5,487596,697.5
-916.25,844312,916.25
148.75,23982,148.75
110.75,13943,110.75
-664.25,441233,664.25
909.0,843330,909.0
246.75,62871,246.75
17.75,662,19.75
-2492.5,6215994,2492.5
-150.75,22779,150.75
590.5,348746,590.5
-2895.5,8383944,2895.5
-3171.5,10090482,3171.5
2953.75,8726965,2953.75
-3541.5,12545834,3541.5
-3468.0,12027910,3468.0
-1986.25,3945486,1986.25
-105.75,33616,149.75
2669.5,7128002,2669.5
-2784.5,7754370,2784.5
-1185.25,1406551,1185.25
-8.75,5220,71.25
147.25,25496,147.25
-2606.25,6795017,2606.25
225.5,51516,225.5
-16.25,6080,75.75
-1406.0,1979412,1406.0
-2759.0,7613998,2759.0
-731.75,536489,731.75
-1647.5,2714629,1647.5
-2257.25,5108240,2257.25
-2629.5,6915086,2629.5
-2060.25,4244727,2060.25
-2048.5,4199626,2048.5
-2294.25,5264086,2294.25
-3099.75,9611347,3099.75
-298.0,89389,298.0
-3057.5,9349301,3057.5
-953.75,936175,953.75
-3220.75,10374030,3220.75
-2556.5,6539948,2556.5
-2414.75,5832261,2414.75
-2375.5,5645164,2375.5
-3179.25,10108431,3179.25
-2355.0,5547255,2355.0
-1590.5,2532396,1590.5
1812.5,3285886,1812.5
-2612.5,6825270,2612.5
-2185.75,4782369,2185.75
-1439.25,2072756,1439.25
-197.75,40367,197.75
-1481.0,2200588,1481.0
-592.75,353164,592.75
-1389.75,1931585,1389.75
760.75,579241,760.75
959.0,920491,959.0
-3085.75,9523011,3085.75
2107.25,4447351,2107.25
-2664.0,7099552,2664.0
-1574.25,2478370,1574.25
-4169.5,17384869,4169.5
-3002.25,9013693,3002.25
308.0,96296,308.0
573.0,329008,573.0
61.5,3825,61.5
-3062.5,9381416,3062.5
-2742.0,7518622,2742.0
-928.75,862969,928.75
1001.0,1009238,1001.0
1242.0,1543028,1242.0
1209.5,1465924,1209.5
1230.5,1519412,1230.5
223.75,51833,223.75
-989.25,978684,989.25
3382.75,11443729,3382.75
1.75,15096,122.75
188.25,37272,188.25
489.5,239822,489.5
906.0,821516,906.0
72.0,6798,72.0
-711.25,506828,711.25
892.25,797054,892.25
1249.25,1560654,1249.25
-1649.5,2721848,1649.5
2432.5,5917495,2432.5
1787.25,3201509,1787.25
-1517.5,2302906,1517.5
-1014.0,1029356,1014.0
-1637.0,2680094,1637.0
-287.25,83153,287.25
354.25,127823,354.25
-648.5,421109,648.5
2399.25,5759038,2399.25
-1476.25,2180392,1476.25
2326.0,5413710,2326.0
-2492.75,6215837,2492.75
-625.75,391729,625.75
-392.25,160972,392.25
2380.25,5665786,2380.25
-2502.5,6267486,2502.5
509.25,264479,509.25
-1221.5,1492825,1221.5
-960.25,922576,960.25
682.0,471706,682.0
188.25,35683,188.25
32.75,1476,32.75
-1356.75,1844415,1356.75
-550.75,305571,550.75
960.25,926346,960.25
1913.5,3663102,1913.5
1897.25,3599773,1897.25
884.75,785576,884.75
-2606.75,6796358,2606.75
-1672.0,2797492,1672.0
-3615.5,13072014,3615.5
1913.25,3660931,1913.25
152.0,23246,152.0
2294.0,5263434,2294.0
737.5,544268,737.5
-227.25,52647,227.25
2062.0,4254298,2062.0
551.5,304888,551.5
2511.75,6325362,2511.75
245.75,60919,245.75
-975.0,955702,975.0
3482.0,12147894,3482.0
-206.0,42670,206.0
-559.25,313514,559.25
1274.0,1626924,1274.0
409.5,168106,409.5
1826.25,3335367,1826.25
583.75,341384,583.75
-118.75,14132,118.75
-462.25,217456,462.25
849.75,728417,849.75
2021.25,4088133,2021.25
24.75,680,24.75
-1003.75,1009041,1003.75
-1415.5,2003972,1415.5
1260.0,1587676,1260.0
3008.75,9052937,3008.75
-1940.25,3771173,1940.25
-2079.75,4325751,2079.75
172.25,34223,172.25
-1564.25,2446881,1564.25
279.5,82276,279.5
-1738.25,3021871,1738.25
-1484.0,2202497,1484.0
-1637.0,2682230,1637.0
-1418.25,2011665,1418.25
-1594.25,2541991,1594.25
-1886.0,3557314,1886.0
-1609.25,2591734,1609.25
-2191.0,4800562,2191.0
-1592.0,2534468,1592.0
307.5,94572,307.5
-145.5,22476,145.5
515.75,266430,515.75
384.5,163406,384.5
-3823.75,14622349,3823.75
821.0,674266,821.0
1567.0,2455999,1567.0
55.0,3215,55.0
-107.25,16096,107.25
-1097.25,1204400,1097.25
2101.25,4418240,2101.25
-3529.75,12460530,3529.75
1849.25,3421395,1849.25
1321.75,1747218,1321.75
-2156.25,4650925,2156.25
-249.75,62945,249.75
910.25,829562,910.25
-578.5,335168,578.5
1259.25,1596594,1259.25
-228.75,53549,228.75
-1144.75,1310468,1144.75
791.5,649010,791.5
1202.5,1457884,1202.5
-797.5,636032,797.5
2252.25,5073216,2252.25
837.5,701456,837.5
45.5,7392,72.5
-1243.0,1545176,1243.0
-317.25,109284,317.25
2864.75,8234362,2864.75
-1754.0,3076794,1754.0
-117.5,19833,117.5
735.25,540633,735.25
-1142.75,1308421,1142.75
1131.0,1287534,1131.0
1068.75,1142250,1068.75
-361.75,132547,361.75
2159.5,4663728,2159.5
-996.25,992714,996.25
154.0,26476,154.0
-1564.25,2450359,1564.25
-345.25,119257,345.25
147.5,24622,147.5
502.0,254456,502.0
74.5,7041,74.5
-2345.75,5503447,2345.75
674.75,455457,674.75
403.75,163022,403.75
569.5,327141,569.5
-1201.25,1444185,1201.25
305.75,94004,305.75
-580.25,336970,580.25
-1685.25,2842120,1685.25
2522.25,6362085,2522.25
-1312.0,1722075,1312.0
-2039.25,4158703,2039.25
190.75,37854,190.75
793.75,630085,793.75
812.75,663579,812.75
-5919.0,35034706,5919.0
1352.0,1828158,1352.0
-630.0,399750,630.0
975.75,952336,975.75
-896.25,803869,896.25
-1512.75,2293536,1512.75
408.5,169872,408.5
1173.5,1377206,1173.5
904.0,817346,904.0
1009.5,1019248,1009.5
-1256.75,1579516,1256.75
1011.25,1025666,1011.25
-1307.0,1710156,1307.0
-845.25,715054,845.25
-186.25,35063,186.25
3712.0,13782860,3712.0
2086.0,4351422,2086.0
3678.5,13531384,3678.5
3117.0,9732362,3117.0
1635.0,2674368,1635.0
3203.75,10265832,3203.75
2869.75,8240989,2869.75
-289.75,87013,289.75
735.25,583361,735.25
2180.75,4759078,2180.75
-229.75,54065,229.75
-800.25,640650,800.25
731.0,534580,731.0
203.5,41467,203.5
-1320.75,1750597,1320.75
1034.25,1070454,1034.25
-2178.75,4750290,2178.75
-16.75,9165,94.25
-1885.25,3555863,1885.25
-181.5,35256,181.5
-1974.75,3902002,1974.75
-83.25,10159,83.25
-1790.75,3206880,1790.75
2286.5,5232134,2286.5
2329.75,5428192,2329.75
2304.75,5315248,2304.75
1262.0,1601998,1262.0
-1866.5,3484056,1866.5
2330.25,5431124,2330.25
-278.75,77711,278.75
2559.0,6550259,2559.0
771.25,594838,771.25
612.5,375975,612.5
347.5,120765,347.5
-528.0,279242,528.0
2519.75,6352125,2519.75
-895.0,802112,895.0
-1081.75,1170372,1081.75
-61.75,5861,61.75
-1049.75,1102923,1049.75
229.0,52462,229.0
-45.0,2652,45.0
-553.25,308146,553.25
-2468.75,6097743,2468.75
-1674.25,2806519,1674.25
1395.5,1948736,1395.5
825.5,683345,825.5
1456.75,2122221,1456.75
-380.75,145583,380.75
-1585.0,2513188,1585.0
-288.5,84042,288.5
34.0,1718,34.0
-556.75,319472,556.75
48.75,4018,48.75
-1716.75,2949336,1716.75
121.75,15815,121.75
1049.25,1107379,1049.25
3145.5,9900430,3145.5
1417.0,2009859,1417.0
531.0,284414,531.0
1310.75,1719840,1310.75
2776.75,7719424,2776.75
2679.25,7180139,2679.25
2413.25,5827851,2413.25
1310.75,1719840,1310.75
2707.25,7329651,2707.25
948.0,899554,948.0
-1150.75,1324691,1150.75
1258.5,1584873,1258.5
-306.75,94549,306.75
822.0,675870,822.0
-1151.5,1326920,1151.5
-2268.5,5146121,2268.5
2154.75,4643302,2154.75
-1015.25,1030874,1015.25
-859.75,744046,859.75
241.5,58385,241.5
31.0,1316,31.0
459.5,211363,459.5
1493.75,2232889,1493.75
-177.25,32706,177.25
286.25,82993,286.25
-647.25,419160,647.25
1344.25,1808217,1344.25
1425.75,2033967,1425.75
362.5,133014,362.5
156.25,24582,156.25
721.5,521146,721.5
1367.25,1869829,1367.25
1193.75,1425062,1193.75
1179.25,1406707,1179.25
-1175.5,1385729,1175.5
-535.75,290196,535.75
411.75,173005,411.75
128.0,16764,128.0
-1534.5,2354866,1534.5
1407.0,1981422,1407.0
-24.0,11734,104.0
66.25,6055,66.25
-2264.75,5129333,2264.75
-1927.0,3713346,1927.0
670.75,450065,670.75
2516.75,6334321,2516.75
-1707.25,2914729,1707.25
1535.0,2356602,1535.0
770.25,594085,770.25
2181.75,4760052,2181.75
247.0,63832,247.0
-2332.0,5438232,2332.0
567.0,321612,567.0
2372.0,5631642,2372.0
-597.25,356882,597.25
1016.25,1038832,1016.25
-1794.5,3220632,1794.5
621.0,386072,621.0
-827.5,704206,827.5
-39.5,2576,42.5
-2536.5,6436762,2536.5
1854.5,3441390,1854.5
106.75,11434,106.75
1250.75,1564673,1250.75
966.5,936954,966.5
584.75,349299,584.75
-444.25,197585,444.25
-227.75,52034,227.75
640.0,414522,640.0
-1452.25,2109616,1452.25
2502.5,6269736,2502.5
427.75,183611,427.75
3029.5,9180159,3029.5
290.0,84850,290.0
1357.25,1842252,1357.25
-1195.25,1429502,1195.25
1680.0,2822818,1680.0
-486.5,236914,486.5
-201.75,40769,201.75
1087.75,1195767,1087.75
-130.25,23144,130.25
-279.75,78493,279.75
1177.25,1386423,1177.25
-467.0,220237,467.0
565.0,319256,565.0
-12.25,5816,75.25
532.5,283924,532.5
-117.25,14962,117.25
392.25,154300,392.25
-1765.25,3117847,1765.25
-612.75,375477,612.75
602.5,363280,602.5
813.5,661811,813.5
264.0,69926,264.0
554.5,309825,554.5
1235.0,1525676,1235.0
1140.25,1300252,1140.25
-243.25,59524,243.25
505.0,255158,505.0
-1917.0,3677288,1917.0
-248.5,64422,248.5
-858.0,736517,858.0
-1414.5,2040953,1414.5
-1583.75,2508830,1583.75
560.75,315266,560.75
3348.25,11226257,3348.25
1245.5,1552680,1245.5
-405.25,167708,405.25
1493.75,2232470,1493.75
-872.0,763172,872.0
337.25,114885,337.25
-1537.25,2363609,1537.25
19.0,546,19.5
-40.0,2894,40.0
5813.5,33797183,5813.5
758.5,575360,758.5
1182.75,1400011,1182.75
1595.25,2544901,1595.25
149.75,22712,149.75
2013.75,4059187,2013.75
2987.75,8927192,2987.75
-1087.25,1182973,1087.25
800.75,641772,800.75
-2917.5,8511876,2917.5
-870.5,764036,870.5
-2242.5,5028812,2242.5
-2173.25,4723127,2173.25
-2048.25,4195335,2048.25
-3153.5,9946108,3153.5
-2467.5,6089858,2467.5
-528.0,278796,528.0
-525.75,276429,525.75
-464.75,216017,464.75
771.0,594684,771.0
-1873.75,3511695,1873.75
-6.5,1960,43.5
807.75,657974,807.75
-1338.5,1792135,1338.5
-432.75,188743,432.75
-1777.0,3160330,1777.0
-799.25,639880,799.25
-1933.25,3738957,1933.25
-1283.0,1647536,1283.0
-861.5,742194,861.5
-1109.5,1231102,1109.5
-1922.0,3697568,1922.0
1212.75,1471080,1212.75
-827.5,684954,827.5
-2363.5,5586241,2363.5
-1929.5,3723026,1929.5
1789.25,3208775,1789.25
2220.25,4946838,2220.25
-1072.5,1151380,1072.5
1129.75,1278443,1129.75
-1191.0,1418874,1191.0
-357.75,130262,357.75
-701.25,492154,701.25
1323.25,1752929,1323.25
32.25,1473,33.75
-1364.5,1863871,1364.5
-538.25,289762,538.25
-1204.5,1455052,1204.5
-2670.25,7130236,2670.25
-417.25,177613,417.25
753.75,568825,753.75
-790.5,625984,790.5
-2634.75,6942323,2634.75
-874.5,765742,874.5
-1717.25,2949940,1717.25
380.75,145479,380.75
-1978.75,3917594,1978.75
989.25,979112,989.25
-544.0,297922,544.0
-1854.5,3439443,1854.5
-2224.5,4949304,2224.5
-1678.75,2829957,1678.75
-730.0,533032,730.0
-693.75,481435,693.75
411.5,183684,411.5
324.25,105278,324.25
-1083.25,1175815,1083.25
-2482.0,6161652,2482.0
-2367.0,5602698,2367.0
226.5,54374,226.5
-2037.25,4150654,2037.25
225.75,53939,225.75
-1057.5,1119178,1057.5
173.5,33476,173.5
5.75,650,24.75
-1696.25,2878528,1696.25
196.0,39944,196.0
-1843.0,3397076,1843.0
769.0,592348,769.0
-447.0,200392,447.0
-5212.0,27166668,5212.0
-1496.5,2242147,1496.5
-3118.25,9724186,3118.25
-493.75,252770,493.75
-856.25,746228,856.25
-1133.5,1285818,1133.5
-1308.25,1712840,1308.25
-2190.5,4798742,2190.5
-981.75,966267,981.75
-875.0,768938,875.0
-1026.0,1053468,1026.0
-1548.5,2399335,1548.5
-1716.75,2947794,1716.75
-4273.25,18261413,4273.25
-2432.75,5922349,2432.75
-1195.0,1428112,1195.0
-1635.5,2675888,1635.5
-3187.0,10159052,3187.0
-1594.0,2540844,1594.0
-78.75,6472,78.75
-124.5,15623,124.5
-378.5,145214,378.5
-1578.25,2490990,1578.25
-74.5,10454,74.5
2951.25,8709931,2951.25
-875.0,767546,875.0
-1794.25,3219401,1794.25
-2868.75,8234126,2868.75
-594.25,354132,594.25
1880.25,3560454,1880.25
-3246.5,10540756,3246.5
-487.25,237573,487.25
2346.75,5515125,2346.75
-3209.0,10298578,3209.0
-21.5,3300,53.0
-806.75,651545,806.75
-263.75,69608,263.75
277.0,79756,277.0
-414.5,171834,414.5
-2658.75,7069033,2658.75
1199.5,1444833,1199.5
-4520.25,21249406,4520.25
-3093.5,9569864,3093.5
1115.25,1245130,1115.25
604.0,365126,604.0
-1735.75,3014146,1735.75
-2217.5,4917618,2217.5
-2209.25,4880839,2209.25
-1919.0,3683318,1919.0
-724.0,524256,724.0
-6.25,3058,54.75
-308.5,95870,308.5
-2073.75,4307882,2073.75
2631.75,6931415,2631.75
982.5,965486,982.5
-1835.0,3367668,1835.0
-2137.5,4569372,2137.5
-43.5,248438,496.5
-289.75,95783,289.75
-1172.5,1375486,1172.5
-4216.25,17781140,4216.25
185.5,34460,185.5
-1083.25,1173544,1083.25
-2408.75,5802090,2408.75
-3423.25,11723353,3423.25
-1137.0,1296500,1137.0
-1260.0,1649864,1260.0
-2837.5,8052890,2837.5
-432.25,186870,432.25
-2141.5,4586616,2141.5
-452.5,207411,452.5
-1775.5,3154683,1775.5
-3428.5,11759317,3428.5
284.0,80742,284.0
-8659.5,74989235,8659.5
136.5,18671,136.5
-412.5,173448,412.5
-101.5,14668,101.5
-1571.5,2470512,1571.5
-4308.0,18559136,4308.0
1737.25,3018189,1737.25
-118.75,19262,118.75
-1435.25,2061605,1435.25
-2380.0,5669300,2380.0
-2693.25,7256181,2693.25
-2429.25,5902961,2429.25
358.25,132869,358.25
5301.0,28103386,5301.0
-4053.5,16430956,4053.5
-1162.25,1351556,1162.25
-2975.5,8854874,2975.5
-49.5,3830,49.5
-335.25,112436,335.25
-2929.5,8582423,2929.5
-1495.25,2354171,1495.25
-2720.25,7408271,2720.25
-633.25,401224,633.25
-3007.0,9055764,3007.0
502.5,258454,502.5
-2326.5,5414500,2326.5
-2590.25,6709432,2590.25
-355.25,126330,355.25
252.25,63698,252.25
-1732.0,3001810,1732.0
-2076.75,4313619,2076.75
-3680.5,13549062,3680.5
-1690.75,2858689,1690.75
-2233.75,4991344,2233.75
-3067.25,9409733,3067.25
1471.0,2168846,1471.0
137.5,23142,137.5
2282.5,5212595,2282.5
-2313.0,5350618,2313.0
-2915.5,8502366,2915.5
-2300.0,5292434,2300.0
-5130.25,26319480,5130.25
-1434.5,2058784,1434.5
-64.5,4854,64.5
-1572.25,2472157,1572.25
-1120.75,1257058,1120.75
1279.25,1636576,1279.25
-88.25,7806,88.25
-1775.75,3153407,1775.75
-256.25,66761,256.25
-2778.25,7719976,2778.25
-2258.75,5104029,2258.75
-373.75,139855,373.75
140.0,19684,140.0
166.25,28875,166.25
816.0,666544,816.0
-215.75,50913,215.75
-964.5,931156,964.5
-861.25,742052,861.25
-794.75,631647,794.75
-890.25,884609,890.25
-1747.0,3053206,1747.0
-750.25,563828,750.25
336.25,113286,336.25
-72.75,13294,89.25
111.0,12500,111.0
-913.75,835221,913.75
-215.75,46814,215.75
-188.0,35485,188.0
-1520.5,2313119,1520.5
262.75,69068,262.75
-436.0,191832,436.0
-3357.0,11269595,3357.0
760.0,577827,760.0
1315.25,1743770,1315.25
-2316.75,5367355,2316.75
-1020.75,1045020,1020.75
-804.0,646482,804.0
274.25,76027,274.25
-1290.75,1666187,1290.75
1008.0,1016366,1008.0
-935.75,879139,935.75
-122.0,15032,122.0
681.75,465192,681.75
636.0,408160,636.0
1165.25,1360319,1165.25
1572.5,2473702,1572.5
-1168.5,1371094,1168.5
-311.0,97387,311.0
-2440.25,5954923,2440.25
1092.5,1194242,1092.5
-1396.0,1950286,1396.0
-189.25,36419,189.25
1653.5,2736196,1653.5
-959.75,921176,959.75
-800.5,643150,800.5
2013.75,4059187,2013.75
4558.25,20777726,4558.25
-3541.5,12548343,3541.5
3840.5,14761372,3840.5
-1557.75,2427181,1557.75
1263.25,1596031,1263.25
1913.25,3660931,1913.25
1897.25,3599773,1897.25
1897.25,3599773,1897.25
1897.25,3599773,1897.25
2018.75,4078813,2018.75
1919.5,3685522,1919.5
1913.25,3660931,1913.25
1931.25,3730231,1931.25
2018.75,4078813,2018.75
1868.0,3489566,1868.0
1897.25,3599773,1897.25
1913.25,3660931,1913.25
1897.25,3599773,1897.25
1913.5,3663102,1913.5
1897.25,3599773,1897.25
2018.75,4078813,2018.75
1932.0,3733581,1932.0
2013.75,4059187,2013.75
-824.75,681509,824.75
-2711.5,7353425,2711.5
639.25,410540,639.25
553.75,308002,553.75
-4561.0,20802979,4561.0
615.0,380388,615.0
553.0,305871,553.0
-527.75,279756,527.75
1184.25,1402567,1184.25
-1189.25,1417483,1189.25
2768.25,7663294,2768.25
443.25,202144,443.25
1913.5,3663102,1913.5
1931.25,3730231,1931.25
-2345.75,5503709,2345.75
1931.25,3730231,1931.25
1897.25,3599773,1897.25
-2674.0,7150669,2674.0
326.25,106854,326.25
-2392.75,5725862,2392.75
-2070.75,4288076,2070.75
-2353.0,5536725,2353.0
504.25,256074,504.25
-1363.75,1861933,1363.75
-1025.75,1052288,1025.75
-1999.25,3997088,1999.25
-1838.5,3380934,1838.5
-779.5,615572,779.5
-2325.75,5412691,2325.75
-337.0,115838,337.0
5806.25,33712982,5806.25
787.75,625576,787.75
-2708.5,7336534,2708.5
282.25,80659,282.25
-1705.75,2909588,1705.75
-1529.75,2357533,1529.75
-2774.25,7698154,2774.25
-382.75,148302,382.75
101.75,11050,101.75
159.25,25859,159.25
-85.25,8393,85.25
228.25,52445,228.25
-17.0,634,23.5
-1317.0,1734516,1317.0
613.0,376559,613.0
6962.75,48485046,6962.75
-1223.5,1498836,1223.5
-3069.5,9426816,3069.5
1774.0,3147398,1774.0
-3335.5,11126834,3335.5
-1401.75,1971348,1401.75
-1664.75,2771401,1664.75
1284.75,1652117,1284.75
-2030.5,4123488,2030.5
-805.5,650436,805.5
-770.0,594505,770.0
-1899.75,3609120,1899.75
2539.75,6450641,2539.75
145.0,21035,145.0
1526.75,2331258,1526.75
-242.75,58961,242.75
-633.0,403786,633.0
447.25,255650,447.25
1746.25,3050163,1746.25
602.75,365168,602.75
5921.25,35062733,5921.25
2244.5,5051482,2244.5
1508.0,2276112,1508.0
-1529.25,2345049,1529.25
2409.0,5843163,2409.0
-406.5,168356,406.5
338.5,120218,338.5
1019.5,1039473,1019.5
-868.5,756870,868.5
-1943.75,3778172,1943.75
-2129.5,4536002,2129.5
-1775.5,3152698,1775.5
-2769.0,7675190,2769.0
-1212.5,1470393,1212.5
-1285.5,1652631,1285.5
-1697.5,2882826,1697.5
-1374.25,1896922,1374.25
689.25,475360,689.25
1580.75,2498783,1580.75
-2296.75,5275232,2296.75
-2940.0,8655266,2940.0
-1877.0,3523790,1877.0
13.0,11224,105.0
-2396.75,5744462,2396.75
1571.5,2480750,1571.5
451.0,206966,451.0
-1613.75,2605660,1613.75
-3300.0,10890024,3300.0
-176.0,32914,176.0
-1386.5,1922472,1386.5
-1476.25,2179591,1476.25
152.5,26832,152.5
-203.0,44992,203.0
-496.0,247488,496.0
728.75,531238,728.75
-1900.75,3645555,1900.75
2573.5,6624760,2573.5
4115.25,16960889,4115.25
-1519.0,2308084,1519.0
1812.25,3285611,1812.25
1343.5,1805252,1343.5
374.25,140149,374.25
-891.0,793922,891.0
-1082.0,1171000,1082.0
-270.25,74391,270.25
2718.75,7391678,2718.75
885.5,784612,885.5
1443.25,2084372,1443.25
272.5,75136,272.5
1242.25,1543973,1242.25
-235.5,56810,235.5
2131.75,4551798,2131.75
671.25,457480,671.25
-69.0,11434,81.5
-1462.75,2139790,1462.75
-617.0,381019,617.0
-761.75,580329,761.75
507.0,258412,507.0
-1562.25,2441282,1562.25
-235.25,55352,235.25
-80.0,6886,80.0
-2658.25,7067882,2658.25
-1307.0,1712154,1307.0
1668.75,2868889,1668.75
-622.25,387386,622.25
3196.0,10215266,3196.0
205.25,42169,205.25
-668.5,446925,668.5
-810.75,657384,810.75
-1665.25,2775059,1665.25
-1974.0,3896874,1974.0
-1336.0,1786054,1336.0
-910.5,829898,910.5
-2596.0,6750259,2596.0
-3058.5,9363704,3058.5
-3094.75,9579764,3094.75
-3960.5,15686788,3960.5
-486.0,239278,486.0
-2937.0,8634742,2937.0
-1382.0,1913012,1382.0
125.0,24464,125.0
-1004.5,1010118,1004.5
-742.0,550612,742.0
-2317.5,5372989,2317.5
-2075.75,4311267,2075.75
-2117.5,4483813,2117.5
101.0,10724,101.0
2650.25,7024000,2650.25
-836.25,699449,836.25
-3169.5,10047042,3169.5
1133.25,1286448,1133.25
-319.25,101950,319.25
-682.25,466048,682.25
-2419.5,5854382,2419.5
1327.75,1765603,1327.75
-608.5,370432,608.5
77.5,39686,183.5
440.75,194464,440.75
2473.0,6115743,2473.0
2530.75,6406657,2530.75
791.25,627697,791.25
356.25,130875,356.25
-1157.5,1341064,1157.5
1987.75,3951391,1987.75
2647.5,7009359,2647.5
3117.0,9715782,3117.0
-333.25,112699,333.25
2568.75,6598650,2568.75
-110.75,12433,110.75
-986.5,974667,986.5
610.0,376148,610.0
3211.75,10315906,3211.75
-784.75,616138,784.75
-506.25,256350,506.25
-2010.75,4043265,2010.75
-1070.0,1144968,1070.0
1350.25,1823337,1350.25
182.75,33769,182.75
1526.75,2331258,1526.75
1419.25,2017400,1419.25
1444.0,2085514,1444.0
-1373.5,1889859,1373.5
1344.75,1808776,1344.75
1400.0,1961466,1400.0
1502.5,2259158,1502.5
-1447.0,2093872,1447.0
1474.25,2173463,1474.25
-1263.75,1598813,1263.75
1344.75,1808776,1344.75
1502.5,2259158,1502.5
1474.25,2173463,1474.25
1474.25,2173463,1474.25
1381.75,1912423,1381.75
1436.5,2069108,1436.5
1526.75,2331258,1526.75
1502.5,2259158,1502.5
1474.25,2173463,1474.25
1419.25,2017400,1419.25
1474.25,2173463,1474.25
1381.75,1912423,1381.75
1381.75,1912423,1381.75
1654.5,2737396,1654.5
1344.75,1808776,1344.75
590.25,353754,590.25
1526.75,2331258,1526.75
-1429.75,2045173,1429.75
1474.25,2173463,1474.25
3147.25,9916697,3147.25
-931.25,868742,931.25
1444.0,2085514,1444.0
194.0,38568,194.0
-665.75,443766,665.75
1084.75,1180901,1084.75
860.0,740472,860.0
1111.75,1256450,1111.75
-61.25,4581,61.25
127.0,16406,127.0
-694.25,482111,694.25
1333.75,1779781,1333.75
218.75,48292,218.75
374.5,141748,374.5
1331.75,1774717,1331.75
-145.25,21665,145.25
473.5,226140,473.5
-215.75,46553,215.75
-1222.5,1494664,1222.5
-32.5,2868,42.5
551.75,304532,551.75
629.5,399031,629.5
-369.25,141217,369.25
-447.5,200887,447.5
126.75,18656,126.75
-1761.25,3102179,1761.25
978.5,957622,978.5
-1662.0,2762750,1662.0
1230.5,1518226,1230.5
-511.25,264126,511.25
1271.25,1616285,1271.25
-2577.75,6644807,2577.75
-931.5,867776,931.5
-650.0,430076,650.0
564.5,319246,564.5
870.0,759884,870.0
-830.25,693445,830.25
1859.0,3457574,1859.0
484.25,236684,484.25
1420.5,2020733,1420.5
135.75,18905,135.75
-537.0,289532,537.0
-388.5,152718,388.5
315.75,99871,315.75
401.5,161232,401.5
-566.0,320764,566.0
396.5,157465,396.5
-217.5,48106,217.5
-56.0,4464,56.0
1183.75,1406201,1183.75
14.5,2168,42.5
-481.5,240682,481.5
1087.75,1193261,1087.75
2502.25,6262069,2502.25
1260.75,1589565,1260.75
631.5,399181,631.5
-609.5,371876,609.5
1566.25,2454106,1566.25
1760.5,3103084,1760.5
2678.75,7175822,2678.75
2584.5,6680303,2584.5
422.0,184092,422.0
361.0,130650,361.0
1023.5,1055228,1023.5
300.25,90172,300.25
1106.75,1225414,1106.75
1078.25,1162634,1078.25
-1808.25,3271242,1808.25
599.0,359132,599.0
1121.75,1258389,1121.75
-362.25,133658,362.25
309.0,96084,309.0
-63.25,4031,63.25
1674.75,2805099,1674.75
1645.0,2707084,1645.0
336.5,113943,336.5
983.5,967364,983.5
-469.75,222805,469.75
-1525.25,2340730,1525.25
2676.0,8100187,2676.0
1196.25,1431105,1196.25
561.5,315348,561.5
1810.25,3277925,1810.25
170.5,38302,170.5
2598.0,6749900,2598.0
1629.0,2654988,1629.0
123.5,15487,123.5
-876.25,767904,876.25
804.75,648590,804.75
453.75,207105,453.75
1733.0,3005374,1733.0
-676.75,459380,676.75
485.0,239842,485.0
-2050.5,4209738,2050.5
8.0,1656,39.5
773.75,598739,773.75
-444.5,197664,444.5
2181.5,4759451,2181.5
1925.5,3708088,1925.5
-959.0,919972,959.0
-396.75,157592,396.75
488.75,239176,488.75
1344.0,1806492,1344.0
1532.75,2349332,1532.75
-348.5,121808,348.5
-442.75,196638,442.75
-192.75,38071,192.75
892.5,796880,892.5
25.75,683,25.75
2040.0,4161686,2040.0
1783.0,3179438,1783.0
-1533.75,2352442,1533.75
319.25,102064,319.25
-557.0,310336,557.0
798.25,639214,798.25
1055.75,1115120,1055.75
1615.0,2608440,1615.0
1187.5,1410224,1187.5
1894.75,3590141,1894.75
681.5,465322,681.5
1808.5,3270890,1808.5
-691.25,478203,691.25
894.0,800285,894.0
274.0,80150,274.0
-355.0,126055,355.0
109.0,14144,109.0
802.75,645249,802.75
-660.75,442581,660.75
77.75,6798,77.75
1234.5,1524149,1234.5
-950.25,903773,950.25
-925.25,866056,925.25
-904.5,820722,904.5
666.75,447455,666.75
-1226.0,1503248,1226.0
821.5,676802,821.5
491.25,241362,491.25
355.25,126251,355.25
1939.0,3760484,1939.0
716.25,513597,716.25
-1420.75,2018545,1420.75
-348.75,123565,348.75
824.25,681544,824.25
-187.0,40172,187.0
1407.25,1980895,1407.25
2588.5,6700582,2588.5
20.0,434,20.0
499.75,260374,499.75
269.0,72876,269.0
510.5,283148,510.5
682.0,465464,682.0
-1503.25,2273514,1503.25
636.75,407611,636.75
622.0,389068,622.0
1588.25,2523037,1588.25
1790.75,3206943,1790.75
-707.5,501971,707.5
-1576.75,2486502,1576.75
-623.75,389899,623.75
-805.0,648383,805.0
1616.25,2612306,1616.25
1181.0,1398988,1181.0
-1550.25,2404473,1550.25
-635.75,404267,635.75
251.5,64591,251.5
-392.5,161387,392.5
-869.75,767233,869.75
-262.5,70547,262.5
-746.0,557940,746.0
-1454.5,2115746,1454.5
-1608.75,2588519,1608.75
-880.25,775435,880.25
323.75,108010,323.75
-1027.5,1056519,1027.5
-1478.5,2186925,1478.5
1882.75,3546628,1882.75
3888.25,15119873,3888.25
-546.25,298695,546.25
933.5,872984,933.5
-1172.75,1375670,1172.75
-1595.25,2544905,1595.25
817.5,669044,817.5
-1930.5,3726888,1930.5
-1028.5,1058266,1028.5
-884.25,786967,884.25
817.5,669044,817.5
622.25,388081,622.25
-792.75,737440,792.75
3117.75,9720947,3117.75
-529.75,280894,529.75
-305.25,93320,305.25
-1189.25,1414954,1189.25
-1852.5,3431878,1852.5
-682.25,468716,682.25
-462.75,217675,462.75
-3269.25,10688019,3269.25
-2858.5,8171218,2858.5
-1824.0,3327220,1824.0
-595.75,358379,595.75
-2327.0,5414990,2327.0
-2406.75,5792479,2406.75
-2936.0,8620348,2936.0
3870.75,14982912,3870.75
-770.0,592959,770.0
232.0,53860,232.0
115.0,18446,115.0
-797.75,636471,797.75
676.0,457252,676.0
782.75,613406,782.75
717.0,514882,717.0
-1905.5,3631142,1905.5
148.5,23555,148.5
-2116.5,4483440,2116.5
1124.5,1276684,1124.5
-2746.25,7541958,2746.25
330.25,111916,330.25
124.75,16040,124.75
1082.5,1171868,1082.5
-3207.5,10288114,3207.5
-994.25,988685,994.25
-834.0,695602,834.0
-2270.25,5157104,2270.25
-378.25,144398,378.25
-965.5,950830,965.5
1939.0,3761206,1939.0
-3154.75,9954336,3154.75
-178.75,31975,178.75
-2422.75,5870076,2422.75
117.0,13738,117.0
484.75,235352,484.75
1208.75,1461307,1208.75
-127.0,16498,127.0
-2327.25,5416427,2327.25
-808.25,653908,808.25
1846.75,3419209,1846.75
-3085.25,9519901,3085.25
-1446.0,2093912,1446.0
215.0,47792,215.0
-59.75,4749,59.75
-473.25,224432,473.25
1498.25,2245753,1498.25
-712.0,506947,712.0
-2225.5,4954219,2225.5
-376.75,145116,376.75
-349.75,122359,349.75
-628.0,395514,628.0
524.5,275245,524.5
-2383.75,5701467,2383.75
-1827.0,3339338,1827.0
-1674.75,2808428,1674.75
-246.75,61257,246.75
3300.5,10896324,3300.5
-129.5,16774,129.5
-356.5,128052,356.5
-1304.75,1702581,1304.75
134.75,19297,134.75
-999.75,1000509,999.75
-516.75,267094,516.75
-1134.25,1287241,1134.25
182.75,33621,182.75
-1308.5,1713408,1308.5
210.25,44369,210.25
-899.25,808964,899.25
1024.75,1050588,1024.75
-1170.75,1372597,1170.75
-1172.75,1376485,1172.75
959.0,920004,959.0
933.75,872560,933.75
670.5,449588,670.5
828.0,685906,828.0
-916.25,849686,916.25
-375.25,143625,375.25
336.0,112926,336.0
-43.5,2030,43.5
168.75,39242,168.75
-725.0,527982,725.0
-1824.25,3328253,1824.25
-71.0,6098,71.0
-608.75,373531,608.75
-2422.25,5867309,2422.25
2269.25,5150141,2269.25
1103.0,1221628,1103.0
-957.25,916810,957.25
-730.75,534084,730.75
-1393.5,1941935,1393.5
-1045.5,1095684,1045.5
-425.5,181184,425.5
-1818.25,3306701,1818.25
-927.25,860016,927.25
-1230.5,1517056,1230.5
-228.25,54733,228.25
-153.5,23584,153.5
1261.0,1590486,1261.0
1283.25,1646824,1283.25
-3129.0,9796828,3129.0
-295.5,87472,295.5
-1467.5,2153616,1467.5
-1335.75,1784688,1335.75
-1471.5,2165954,1471.5
-167.25,35764,167.25
2299.0,5285900,2299.0
2638.25,6962970,2638.25
-604.75,367775,604.75
-589.5,347580,589.5
-298.75,91234,298.75
-240.25,61003,240.25
-305.75,98859,305.75
123.25,15210,123.25
-1571.75,2470934,1571.75
156.75,24856,156.75
-1219.0,1486343,1219.0
-256.25,65981,256.25
1366.5,1867684,1366.5
-188.75,37676,188.75
-104.5,11205,104.5
-553.0,305870,553.0
43.25,2784,43.25
-1621.75,2630284,1621.75
-363.0,132064,363.0
-2026.0,4106190,2026.0
2619.25,6860866,2619.25
-241.5,59828,241.5
-497.5,248420,497.5
-271.5,74771,271.5
-371.25,138901,371.25
-358.25,129894,358.25
-484.5,234760,484.5
-448.25,201805,448.25
-1726.25,2980043,1726.25
-532.5,283619,532.5
-372.75,138965,372.75
-681.75,466659,681.75
-1568.25,2459443,1568.25
1183.5,1400818,1183.5
-2501.0,6273811,2501.0
811.25,658155,811.25
864.0,746574,864.0
1404.0,1971454,1404.0
-310.0,97256,310.0
1292.75,1671559,1292.75
225.25,51173,225.25
-671.0,450398,671.0
-50.0,2644,50.0
750.25,563171,750.25
526.5,277578,526.5
1151.0,1324803,1151.0
-31.25,2287,46.25
-1049.5,1102898,1049.5
1273.0,1621260,1273.0
1169.75,1368689,1169.75
-1210.25,1466369,1210.25
2348.75,5516716,2348.75
-1293.75,1673887,1293.75
1060.0,1123604,1060.0
1372.5,1883762,1372.5
27.75,2272,44.25
625.25,391387,625.25
3949.5,15600697,3949.5
3329.75,11087545,3329.75
828.25,686393,828.25
762.25,581111,762.25
-362.0,131158,362.0
-461.75,214103,461.75
-670.5,449662,670.5
-2160.75,4669255,2160.75
891.25,794328,891.25
875.0,765886,875.0
-3072.25,9451451,3072.25
-269.75,72814,269.75
-447.25,201821,447.25
-1957.5,3833854,1957.5
-1013.75,1031393,1013.75
779.5,607630,779.5
-1183.75,1401576,1183.75
1649.5,2721534,1649.5
347.25,120706,347.25
960.0,927866,960.0
-1899.75,3611290,1899.75
-569.5,324490,569.5
270.25,73603,270.25
822.0,675696,822.0
-2132.75,4548733,2132.75
1404.25,1972256,1404.25
1342.5,1804205,1342.5
-717.5,516254,717.5
1337.75,1789754,1337.75
-601.0,361429,601.0
113.25,13772,113.25
127.25,16323,127.25
-1880.25,3543133,1880.25
-1331.5,1773474,1331.5
-1174.25,1380447,1174.25
-1225.0,1503088,1225.0
-907.75,825758,907.75
2198.0,4832622,2198.0
438.25,193095,438.25
2548.75,6504340,2548.75
1596.75,2550328,1596.75
2832.75,8032867,2832.75
797.5,636352,797.5
991.75,984468,991.75
740.75,552997,740.75
637.5,410729,637.5
818.25,670964,818.25
466.75,247177,466.75
761.5,581780,761.5
460.25,221289,460.25
-757.5,576167,757.5
-624.25,391118,624.25
1835.25,3368466,1835.25
-645.75,417317,645.75
1407.75,1982194,1407.75
682.25,470777,682.25
-475.5,227174,475.5
717.5,517796,717.5
1326.25,1759780,1326.25
1970.75,3883982,1970.75
-506.0,256598,506.0
149.75,23342,149.75
-1015.75,1038191,1015.75
-510.25,260997,510.25
951.75,905986,951.75
168.5,28402,168.5
-601.5,361967,601.5
-161.25,26024,161.25
-1628.0,2650510,1628.0
256.5,65818,256.5
-2638.5,6961810,2638.5
-514.25,268979,514.25
257.25,70251,257.25
-840.75,713711,840.75
1295.25,1678011,1295.25
999.0,998024,999.0
1351.0,1825796,1351.0
-76.5,6241,76.5
1206.0,1456750,1206.0
553.75,307887,553.75
-614.5,377722,614.5
-1315.5,1730576,1315.5
-1685.25,2840639,1685.25
-294.0,87160,294.0
1229.75,1512387,1229.75
-1660.0,2755880,1660.0
2287.75,5235609,2287.75
-787.5,620546,787.5
-380.75,145298,380.75
1002.5,1005144,1002.5
-359.0,129822,359.0
-1077.75,1161961,1077.75
-370.25,139019,370.25
1339.25,1793776,1339.25
1223.25,1496356,1223.25
551.25,304177,551.25
3589.0,12887416,3589.0
425.75,181748,425.75
-1231.0,1515394,1231.0
-232.75,54366,232.75
115.5,16500,115.5
424.25,181537,424.25
741.75,553789,741.75
1875.75,3524101,1875.75
690.25,476867,690.25
-31.75,1469,33.75
-1561.0,2436848,1561.0
-746.0,556728,746.0
-1215.0,1482232,1215.0
201.5,40814,201.5
-261.25,68323,261.25
-1666.75,2797451,1666.75
-757.5,573899,757.5
-774.75,601626,774.75
-978.0,956726,978.0
1781.5,3174634,1781.5
-14.75,270,14.75
3934.5,15485302,3934.5
1254.0,1572620,1254.0
601.5,367142,601.5
-1152.0,1330600,1152.0
1545.0,2387200,1545.0
63.75,4305,63.75
1373.5,1889256,1373.5
980.0,960512,980.0
1479.25,2194440,1479.25
3380.75,11431914,3380.75
3402.5,11577811,3402.5
2132.75,4558525,2132.75
466.0,217196,466.0
-1041.75,1085591,1041.75
577.5,333856,577.5
3.0,8316,91.0
-268.75,72651,268.75
1011.5,1024130,1011.5
-148.5,23794,148.5
-1600.5,2561674,1600.5
2539.75,6451055,2539.75
-222.25,49571,222.25
-1455.5,2120945,1455.5
164.75,28014,164.75
-803.0,644894,803.0
-74.0,5509,74.0
-798.5,637678,798.5
-306.75,94729,306.75
-25.5,3225,50.5
-235.5,56843,235.5
-277.0,76859,277.0
-743.5,555146,743.5
-771.25,594858,771.25
336.75,114279,336.75
3269.25,10696800,3269.25
-195.0,38136,195.0
376.25,145605,376.25
805.25,649981,805.25
19.5,1538,34.0
-1989.25,3957123,1989.25
1570.25,2467737,1570.25
-556.0,309360,556.0
-911.5,831990,911.5
-1072.75,1150932,1072.75
-59.25,3561,59.25
-406.0,165022,406.0
-324.0,106006,324.0
-7.5,67,7.5
18.75,2491,46.25
-455.25,207536,455.25
1403.5,1970100,1403.5
2802.0,7852240,2802.0
135.0,18466,135.0
-256.25,66971,256.25
547.0,300088,547.0
309.0,96038,309.0
-407.5,172064,407.5
492.75,243179,492.75
-313.75,99128,313.75
-1596.75,2560192,1596.75
-834.75,696828,834.75
-80.5,7628,80.5
398.25,158877,398.25
664.25,448057,664.25
-895.75,802672,895.75
1551.25,2420642,1551.25
528.25,279158,528.25
334.25,127979,334.25
593.0,352336,593.0
-207.5,47401,207.5
947.5,897798,947.5
-617.5,384920,617.5
1297.25,1684883,1297.25
172.25,29946,172.25
-1369.5,1875702,1369.5
-1260.25,1588475,1260.25
-178.25,32271,178.25
1568.25,2460784,1568.25
1299.0,1687732,1299.0
792.5,628242,792.5
247.75,61426,247.75
384.25,147798,384.25
225.75,51221,225.75
1563.0,2445870,1563.0
-210.25,44234,210.25
399.0,159398,399.0
3205.75,10296539,3205.75
-2032.0,4130358,2032.0
1199.75,1439444,1199.75
425.0,192438,425.0
-280.75,78921,280.75
-64.0,15664,107.5
-323.5,106802,323.5
1108.75,1229385,1108.75
377.25,142379,377.25
916.0,839366,916.0
707.75,500967,707.75
1138.25,1295652,1138.25
1186.5,1407819,1186.5
992.5,985499,992.5
663.5,440282,663.5
-626.0,422610,626.0
99.5,9936,99.5
662.75,439558,662.75
-2204.0,4857810,2204.0
-173.75,30554,173.75
-994.75,990776,994.75
-1312.0,1722454,1312.0
576.5,332414,576.5
456.5,208886,456.5
-326.75,109659,326.75
-1463.0,2141342,1463.0
-34.75,4214,54.75
538.0,290952,538.0
-224.0,50644,224.0
-213.25,45747,213.25
-15.0,298,15.0
-97.75,13186,97.75
1005.0,1010814,1005.0
113.5,23508,113.5
1517.5,2303724,1517.5
1609.25,2590563,1609.25
1680.5,2825452,1680.5
1585.0,2512372,1585.0
-483.25,239589,483.25
1164.75,1356653,1164.75
578.75,338254,578.75
1528.75,2337539,1528.75
263.25,83574,263.25
877.75,790994,877.75
-297.5,88507,297.5
-199.75,40109,199.75
4571.75,20902261,4571.75
4522.75,20455306,4522.75
1071.25,1147934,1071.25
3703.5,13716272,3703.5
3579.5,12812962,3579.5
676.5,457780,676.5
2631.75,6926250,2631.75
522.0,277416,522.0
1335.75,1784492,1335.75
3225.75,10405656,3225.75
456.75,208676,456.75
157.0,24655,157.0
-1613.25,2603750,1613.25
-907.75,824022,907.75
3077.0,9468192,3077.0
-242.75,59651,242.75
305.0,93042,305.0
533.5,285187,533.5
-683.75,472825,683.75
554.75,307818,554.75
-414.75,173077,414.75
-2877.5,8280064,2877.5
1020.5,1045518,1020.5
-421.75,183442,421.75
593.25,352053,593.25
-676.5,457673,676.5
-3417.0,11682930,3417.0
703.75,496797,703.75
-2676.5,7164038,2676.5
-169.0,29050,169.0
296.75,89239,296.75
-1008.25,1017113,1008.25
-109.75,12884,109.75
1500.0,2250608,1500.0
665.75,443837,665.75
674.75,455621,674.75
137.5,25160,137.5
-1441.75,2079098,1441.75
-3514.75,12353543,3514.75
-2002.5,4010064,2002.5
1576.75,2486180,1576.75
522.5,274164,522.5
-167.5,28314,167.5
-914.75,837243,914.75
2294.5,5274458,2294.5
-738.5,549360,738.5
-2781.5,7739519,2781.5
821.25,674596,821.25
1745.0,3046167,1745.0
1321.5,1746409,1321.5
425.0,181440,425.0
2096.0,4394346,2096.0
-1951.25,3807424,1951.25
234.5,67378,234.5
-64.0,4662,64.0
-177.25,33799,177.25
-793.5,629682,793.5
-204.75,42136,204.75
-768.5,591207,768.5
71.0,6430,71.0
1219.0,1488866,1219.0
-169.75,30814,169.75
845.0,714204,845.0
1587.75,2522353,1587.75
414.5,180772,414.5
-2049.75,4202585,2049.75
-224.75,66210,224.75
1613.5,2605738,1613.5
1804.5,3256420,1804.5
-1324.5,1758082,1324.5
-567.25,323200,567.25
-464.75,217320,464.75
127.75,19604,127.75
764.0,583758,764.0
-1393.0,1940506,1393.0
-1800.75,3276092,1800.75
-1189.25,1414851,1189.25
-1564.0,2453930,1564.0
3769.25,14208118,3769.25
-648.25,420274,648.25
83.25,8638,83.25
2634.25,6939882,2634.25
2120.25,4495956,2120.25
402.5,163666,402.5
575.25,331044,575.25
260.75,68554,260.75
194.5,37984,194.5
401.75,161544,401.75
252.75,64213,252.75
-619.25,387939,619.25
-614.5,381458,614.5
-1984.5,3938878,1984.5
-882.25,779286,882.25
-1035.0,1072111,1035.0
1409.0,1985556,1409.0
524.25,276939,524.25
-1479.75,2191471,1479.75
1231.0,1515825,1231.0
-549.25,305741,549.25
-126.5,16926,126.5
-89.75,9803,89.75
-192.5,38786,192.5
-665.5,443447,665.5
695.75,487248,695.75
-316.5,100538,316.5
-185.25,38650,185.25
-557.5,310851,557.5
3064.25,9390067,3064.25
-381.5,146918,381.5
1116.0,1245886,1116.0
-1077.25,1160674,1077.25
4304.25,18527049,4304.25
667.25,445264,667.25
1584.5,2524943,1584.5
1536.75,2372794,1536.75
-1278.0,1633578,1278.0
1357.25,1842521,1357.25
250.0,62792,250.0
654.0,430046,654.0
2805.25,7870999,2805.25
-262.75,69871,262.75
-931.5,871866,931.5
-813.75,666282,813.75
-1153.25,1331171,1153.25
-407.25,170866,407.25
-1156.0,1336372,1156.0
2547.25,6488666,2547.25
1759.5,3095959,1759.5
1203.75,1449050,1203.75
894.75,800949,894.75
779.5,607878,779.5
-1124.75,1265306,1124.75
1666.5,2777958,1666.5
1320.75,1744563,1320.75
1216.0,1478666,1216.0
-2352.5,5534792,2352.5
1298.25,1686917,1298.25
1823.0,3323522,1823.0
-2649.0,7017214,2649.0
-2210.5,4886354,2210.5
-201.5,40662,201.5
-32.25,1054,32.25
1267.0,1610816,1267.0
563.75,319740,563.75
-976.5,953650,976.5
2976.25,8859454,2976.25
1989.5,3966236,1989.5
737.5,544559,737.5
166.0,28343,166.0
110.25,12166,110.25
454.0,206518,454.0
568.25,323184,568.25
439.0,194386,439.0
41.0,2042,41.0
152.75,23405,152.75
285.75,81684,285.75
629.5,396653,629.5
-248.5,62509,248.5
183.25,33633,183.25
76.75,5893,76.75
108.75,11845,108.75
-1416.5,2006584,1416.5
-171.0,29422,171.0
3136.25,9837274,3136.25
-3541.75,12544277,3541.75
209.5,43971,209.5
-739.0,547130,739.0
-674.0,454294,674.0
-2323.75,5432334,2323.75
-3000.25,9006377,3000.25
1613.0,2604639,1613.0
1011.25,1025629,1011.25
446.0,198934,446.0
-1076.75,1160237,1076.75
979.25,958957,979.25
-1717.5,2950511,1717.5
1789.0,3201635,1789.0
-1408.5,1984682,1408.5
2283.5,5220500,2283.5
1498.75,2246284,1498.75
-1156.0,1337182,1156.0
140.5,21140,140.5
-1099.25,1208390,1099.25
170.5,30470,170.5
-1970.25,3882337,1970.25
-523.75,276302,523.75
-1258.5,1584290,1258.5
-103.5,26104,124.0
-235.0,55626,235.0
461.25,214300,461.25
312.0,97492,312.0
245.0,60817,245.0
386.5,151122,386.5
448.25,205397,448.25
2440.25,5954869,2440.25
157.5,25554,157.5
2162.75,4680823,2162.75
-45.25,3971,48.25
1392.25,1948228,1392.25
2547.5,6504291,2547.5
-1472.75,2169685,1472.75
3101.75,9621012,3101.75
1076.0,1158750,1076.0
2150.75,4627164,2150.75
1819.0,3308922,1819.0
2528.75,6398068,2528.75
1801.75,3246952,1801.75
1623.75,2636909,1623.75
-1437.0,2065114,1437.0
-1558.5,2430731,1558.5
-222.25,49405,222.25
-289.0,86732,289.0
-181.75,35381,181.75
220.5,49229,220.5
247.5,61430,247.5
-388.75,151691,388.75
-615.75,381068,615.75
1100.25,1210802,1100.25
-69.5,6820,69.5
2291.25,5253838,2291.25
775.75,603426,775.75
2258.25,5099878,2258.25
-1650.0,2725986,1650.0
-167.75,28487,167.75
377.5,142567,377.5
3732.75,13944783,3732.75
-127.75,16401,127.75
-519.5,270836,519.5
-127.5,17416,127.5
1956.75,3828884,1956.75
614.5,378862,614.5
-333.0,110892,333.0
218.75,47971,218.75
435.25,195762,435.25
216.25,47819,216.25
820.5,674289,820.5
119.25,14377,119.25
78.5,9407,78.5
451.75,210416,451.75
425.0,182414,425.0
355.0,127814,355.0
2489.5,6206256,2489.5
2174.75,4731828,2174.75
2251.5,5069416,2251.5
82.25,17965,105.75
3282.0,10772296,3282.0
-1246.5,1553792,1246.5
3075.25,9461358,3075.25
-382.5,146346,382.5
-3141.75,9872787,3141.75
3149.75,9920999,3149.75
-2219.75,4928723,2219.75
696.5,485180,696.5
-167.0,27923,167.0
-462.0,214248,462.0
-564.0,318627,564.0
-296.0,88018,296.0
-494.0,244781,494.0
995.75,995522,995.75
-1400.5,1968212,1400.5
-406.0,165288,406.0
380.5,148738,380.5
652.75,426106,652.75
-1897.0,3600684,1897.0
3092.25,9562152,3092.25
822.5,681324,822.5
-1051.25,1105405,1051.25
4799.25,23034179,4799.25
-136.25,22135,136.25
-2009.5,4061388,2009.5
2324.25,5403040,2324.25
-380.75,145599,380.75
136.0,18834,136.0
133.0,19410,133.0
-316.25,100303,316.25
2228.5,4967343,2228.5
-754.5,569642,754.5
-866.0,750040,866.0
585.75,344187,585.75
-150.0,24718,150.0
1011.0,1022976,1011.0
776.0,603027,776.0
835.5,698152,835.5
246.5,83137,246.5
416.5,174640,416.5
2489.5,6197650,2489.5
511.5,262114,511.5
483.75,235347,483.75
-239.5,58460,239.5
2151.0,4631444,2151.0
834.5,696976,834.5
704.5,505218,704.5
-1411.25,1992250,1411.25
-841.0,711133,841.0
613.0,379618,613.0
410.0,222394,410.0
909.25,831739,909.25
4011.5,16096691,4011.5
1543.25,2386271,1543.25
3253.5,10588634,3253.5
110.5,12396,110.5
5593.75,31290971,5593.75
449.25,208636,449.25
901.5,812712,901.5
2522.0,6363511,2522.0
-1400.25,1963379,1400.25
341.25,116728,341.25
1268.25,1610558,1268.25
2366.5,5602781,2366.5
1268.25,1610558,1268.25
1335.75,1784492,1335.75
1233.75,1523653,1233.75
-62.0,3950,62.0
754.0,568525,754.0
-1243.75,1547769,1243.75
119.75,14953,119.75
480.75,234411,480.75
-1614.25,2605853,1614.25
-341.75,116812,341.75
72.75,7873,72.75
2826.5,7989176,2826.5
518.5,268988,518.5
2416.0,5841684,2416.0
-809.75,655738,809.75
-1092.5,1193581,1092.5
-723.75,524337,723.75
3592.5,12915462,3592.5
-136.25,23436,136.25
-206.75,42850,206.75
-417.75,174538,417.75
1254.5,1574672,1254.5
528.25,280834,528.25
1418.75,2012885,1418.75
386.5,151740,386.5
2322.25,5394590,2322.25
660.75,437581,660.75
432.0,186634,432.0
729.0,535539,729.0
422.5,178977,422.5
251.5,64708,251.5
648.5,420742,648.5
558.75,325724,558.75
996.5,993773,996.5
291.25,85216,291.25
552.5,305927,552.5
-391.75,153639,391.75
5177.5,26813104,5177.5
1935.25,3749141,1935.25
1588.5,2546642,1588.5
2683.0,7198534,2683.0
1830.5,3379640,1830.5
5446.5,29665810,5446.5
-5798.75,33626867,5798.75
-4050.0,16404102,4050.0
1959.0,3838458,1959.0
-2927.25,8570317,2927.25
719.5,519690,719.5
-218.25,47645,218.25
-619.5,383920,619.5
-3540.25,12536434,3540.25
-4227.0,17867796,4227.0
-629.5,411420,629.5
-4936.0,24364100,4936.0
-725.75,531440,725.75
-3685.5,13583558,3685.5
-2921.0,8532300,2921.0
-1160.0,1350504,1160.0
-3222.25,10383177,3222.25
497.5,247670,497.5
-1780.0,3172354,1780.0
366.75,138900,366.75
-3227.25,10415780,3227.25
755.25,572446,755.25
-441.75,197344,441.75
-1301.75,1699937,1301.75
-4648.5,21608841,4648.5
-6210.75,38575294,6210.75
876.75,771789,876.75
-5446.75,29667104,5446.75
-6870.25,47201477,6870.25
-3788.5,14360046,3788.5
-5883.5,34622604,5883.5
-1366.25,1873007,1366.25
2805.5,7875752,2805.5
212.0,59622,212.0
-4853.75,23566128,4853.75
-6293.75,39612445,6293.75
-3708.25,13760397,3708.25
-6112.75,37366388,6112.75
-7051.5,49723871,7051.5
-4681.75,22077821,4681.75
-4428.25,19616791,4428.25
-4303.5,18520191,4303.5
-4553.5,20734953,4553.5
-3033.75,9211971,3033.75
-1543.0,2382188,1543.0
-3613.5,13068282,3613.5
-2299.0,5300718,2299.0
-1850.0,3424388,1850.0
-3291.25,10834526,3291.25
-1603.25,2571142,1603.25
-5587.5,31220282,5587.5
-3382.0,11438500,3382.0
-3559.25,12675413,3559.25
-3271.25,10701315,3271.25
681.25,464143,681.25
-3296.25,10865876,3296.25
-4326.0,18724786,4326.0
1534.75,2360914,1534.75
2415.5,5852803,2415.5
-1747.25,3053264,1747.25
-3143.0,9878466,3143.0
-3732.5,13931636,3732.5
-1487.75,2214854,1487.75
-1165.0,1362204,1165.0
-2409.75,5812560,2409.75
-6486.0,42068238,6486.0
-3860.0,14899704,3860.0
-5436.25,29552897,5436.25
-3685.25,13582786,3685.25
3273.0,10712668,3273.0
-6883.5,47383634,6883.5
-3103.25,9630848,3103.25
-6567.0,43127976,6567.0
-1518.25,2305603,1518.25
-3483.5,12154808,3483.5
-2637.75,6958917,2637.75
-1803.75,3255878,1803.75
-3542.5,12554557,3542.5
-7724.0,59660888,7724.0
-6694.25,44853700,6694.25
-6966.75,48537166,6966.75
-845.0,721082,845.0
-3097.0,9591922,3097.0
1368.5,1876268,1368.5
742.0,550762,742.0
-2128.0,4532741,2128.0
996.0,993850,996.0
-5247.25,27534911,5247.25
1309.75,1718564,1309.75
-4808.75,23124124,4808.75
-2048.0,4218552,2048.0
1314.0,1729272,1314.0
1320.75,1747795,1320.75
1309.75,1718564,1309.75
-872.0,763320,872.0
-1374.0,1887880,1374.0
-2809.75,7894788,2809.75
-1408.5,1988296,1408.5
427.0,184106,427.0
-468.75,220799,468.75
-1438.0,2070156,1438.0
-1257.25,1584873,1257.25
-4561.0,20827684,4561.0
-4066.75,16539047,4066.75
-4204.25,17677885,4204.25
-4248.0,18046444,4248.0
-1378.0,1899550,1378.0
1279.0,1636502,1279.0
-6045.5,36548984,6045.5
-384.5,153250,384.5
-1215.25,1481631,1215.25
-1198.5,1442984,1198.5
-1936.75,3753449,1936.75
-3181.75,10125076,3181.75
-4951.5,24517444,4951.5
-2360.0,5569950,2360.0
-5576.5,31097410,5576.5
-195.25,39439,195.25
-4908.75,24096098,4908.75
-3419.25,11702887,3419.25
-1677.0,2812367,1677.0
-1070.25,1145584,1070.25
-121.25,24688,121.25
-78.25,22207,126.75
-4297.75,18471434,4297.75
5998.0,35976134,5998.0
-4041.0,16330126,4041.0
351.5,131773,351.5
-2152.0,4634134,2152.0
-2990.5,8943824,2990.5
-504.0,254566,504.0
813.25,661379,813.25
206.25,45545,206.25
-345.5,146948,345.5
-215.25,46451,215.25
-2042.75,4174281,2042.75
-1478.0,2189615,1478.0
1090.0,1189178,1090.0
-2978.5,8872186,2978.5
-3452.25,11918773,3452.25
15.0,1379,32.0
-2712.25,7372162,2712.25
-2024.75,4106624,2024.75
559.5,319292,559.5
-3043.5,9264034,3043.5
-3651.0,13332418,3651.0
233.75,58418,233.75
-7193.75,51750063,7193.75
-5299.0,28079787,5299.0
-1605.75,2578818,1605.75
-3798.75,14461758,3798.75
-1852.75,3432710,1852.75
-1455.75,2132155,1455.75
-2708.5,7336024,2708.5
2432.25,5920517,2432.25
-6560.5,43040342,6560.5
-2572.75,6619407,2572.75
-5571.75,31045103,5571.75
-1191.25,1419814,1191.25
-1924.5,3712147,1924.5
2199.0,4835888,2199.0
-987.5,978306,987.5
-3207.5,10290239,3207.5
-1313.75,1725989,1313.75
1157.75,1341964,1157.75
-2849.75,8121177,2849.75
-2079.25,4326735,2079.25
-226.5,53037,226.5
-1346.5,1813160,1346.5
-388.25,156009,388.25
-1462.0,2138970,1462.0
-1595.0,2544163,1595.0
3266.25,10669746,3266.25
1115.5,1258048,1115.5
7151.25,51140476,7151.25
-1004.5,1011790,1004.5
-1569.25,2466675,1569.25
668.0,448353,668.0
981.75,965385,981.75
-2171.75,4716514,2171.75
-1353.5,1832722,1353.5
-4115.5,16937566,4115.5
1126.5,1277674,1126.5
1325.25,1756361,1325.25
1720.0,2958462,1720.0
-2210.0,4888257,2210.0
1883.5,3549437,1883.5
2013.25,4055504,2013.25
-1347.0,1817326,1347.0
1760.5,3108970,1760.5
1710.25,2951780,1710.25
-226.75,51562,226.75
-1935.5,3746615,1935.5
1636.25,2697484,1636.25
249.25,63146,249.25
677.0,458594,677.0
-593.0,354048,593.0
4388.75,19265464,4388.75
-1421.0,2023650,1421.0
2755.0,7590299,2755.0
489.75,243554,489.75
1088.5,1187164,1088.5
427.25,185656,427.25
409.75,168128,409.75
545.5,300082,545.5
3973.0,15785212,3973.0
2814.0,7919335,2814.0
2680.25,7185140,2680.25
-624.25,390385,624.25
1551.25,2406632,1551.25
-783.5,627862,783.5
196.75,42267,196.75
4249.25,18057748,4249.25
3204.5,10272635,3204.5
-1486.5,2210463,1486.5
-1991.0,3965110,1991.0
-1716.25,2946363,1716.25
-1750.0,3066901,1750.0
-1437.75,2067264,1437.75
-1855.0,3441218,1855.0
-1765.5,3117107,1765.5
-1277.75,1633006,1277.75
-1870.5,3498774,1870.5
-205.0,42504,205.0
-1508.0,2278014,1508.0
-2348.0,5513364,2348.0
-415.0,172948,415.0
2989.0,8934157,2989.0
-2281.5,5206316,2281.5
88.75,8183,88.75
-1693.5,2869439,1693.5
1915.0,3671210,1915.0
1080.25,1173281,1080.25
-402.0,162276,402.0
1284.5,1652976,1284.5
938.75,885349,938.75
4860.0,23626260,4860.0
3216.5,10348106,3216.5
1372.25,1887008,1372.25
2671.75,7146224,2671.75
2450.25,6011096,2450.25
1618.5,2620355,1618.5
3351.0,11235384,3351.0
1229.0,1510514,1229.0
1870.75,3500014,1870.75
1982.0,3930038,1982.0
1924.0,3716202,1924.0
995.25,990533,995.25
-231.75,54271,231.75
1810.25,3277227,1810.25
-1289.75,1665448,1289.75
2014.5,4064945,2014.5
-3066.5,9406533,3066.5
-1182.25,1399273,1182.25
351.75,124065,351.75
-2158.25,4659668,2158.25
-1461.75,2137612,1461.75
-663.0,440902,663.0
-3664.75,13430911,3664.75
361.0,130426,361.0
1304.75,1702702,1304.75
-68.25,6769,68.25
1695.5,2875692,1695.5
-2189.25,4794003,2189.25
685.75,470306,685.75
-485.5,235870,485.5
840.0,710448,840.0
464.75,216796,464.75
1007.25,1015420,1007.25
1867.75,3488681,1867.75
-1245.0,1551331,1245.0
2656.5,7062163,2656.5
4211.5,17741090,4211.5
1395.25,1947118,1395.25
1033.25,1068278,1033.25
1273.75,1623269,1273.75
1354.25,1835056,1354.25
2194.5,4823545,2194.5
694.75,484040,694.75
-990.5,982160,990.5
680.5,464041,680.5
479.25,230326,479.25
2212.25,4894381,2212.25
-753.25,569709,753.25
-2245.0,5040270,2245.0
2744.0,7529540,2744.0
-72.0,7388,72.0
3324.0,11049298,3324.0
1980.75,3925833,1980.75
1499.5,2251016,1499.5
1538.0,2365868,1538.0
1989.75,3965820,1989.75
2069.25,4283975,2069.25
1738.5,3022522,1738.5
2549.5,6500829,2549.5
1763.75,3114301,1763.75
1812.5,3288609,1812.5
654.5,462284,654.5
2189.25,4793358,2189.25
2958.75,8754922,2958.75
2421.25,5863285,2421.25
147.25,21861,147.25
-48.75,2609,48.75
-1031.0,1071268,1031.0
-1789.25,3203040,1789.25
-715.0,515944,715.0
138.5,23034,138.5
1487.0,2214604,1487.0
1612.0,2598944,1612.0
-2504.25,6272640,2504.25
975.25,952009,975.25
974.5,949802,974.5
945.25,897448,945.25
942.5,890480,942.5
-57.75,3415,57.75
994.25,988536,994.25
-728.5,530762,728.5
-132.0,17690,132.0
2172.75,4720846,2172.75
2643.0,6986390,2643.0
2914.5,8502232,2914.5
-820.0,673701,820.0
666.0,444456,666.0
3008.0,9064820,3008.0
-170.5,33103,170.5
3246.25,10548472,3246.25
-2855.0,8151328,2855.0
1191.75,1421203,1191.75
1322.75,1749863,1322.75
1931.75,3732428,1931.75
1373.25,1886588,1373.25
-1410.0,1988340,1410.0
1450.5,2104174,1450.5
2309.0,5332114,2309.0
2207.0,4870920,2207.0
-2947.5,8688138,2947.5
843.5,711612,843.5
2267.25,5145487,2267.25
1691.5,2871073,1691.5
664.25,442592,664.25
-796.75,634921,796.75
1673.5,2800860,1673.5
428.25,186914,428.25
213.75,46186,213.75
-948.75,900223,948.75
-1136.0,1292010,1136.0
-308.25,96775,308.25
-1074.25,1154259,1074.25
-948.75,900223,948.75
-45.25,3919,48.25
-1857.75,3459655,1857.75
-916.5,840765,916.5
1174.75,1380416,1174.75
1311.0,1719564,1311.0
1386.0,1921193,1386.0
-1173.0,1375970,1173.0
-2286.25,5228523,2286.25
1736.0,3014298,1736.0
2206.75,4870080,2206.75
1856.0,3445932,1856.0
850.25,770105,850.25
-2110.5,4457405,2110.5
4468.25,19965342,4468.25
-597.5,357370,597.5
1089.25,1187209,1089.25
1266.25,1603526,1266.25
1052.25,1107669,1052.25
1352.5,1829432,1352.5
863.5,746544,863.5
3532.0,12477993,3532.0
48.0,2441,48.0
-1032.5,1066094,1032.5
-450.25,203115,450.25
-455.25,207273,455.25
-1138.25,1295627,1138.25
-1309.0,1718178,1309.0
-2616.75,6847481,2616.75
-139.75,25733,139.75
665.5,443298,665.5
-2054.25,4221824,2054.25
-931.75,868336,931.75
1416.0,2005558,1416.0
2132.25,4546850,2132.25
-1251.0,1565266,1251.0
2028.25,4113846,2028.25
2118.75,4489367,2118.75
2172.75,4720846,2172.75
2132.25,4546850,2132.25
195.25,40096,195.25
2140.5,4582906,2140.5
642.5,413372,642.5
2160.75,4669276,2160.75
-700.75,491070,700.75
-1179.0,1390484,1179.0
2028.25,4113846,2028.25
2142.0,4589728,2142.0
-387.0,151990,387.0
2106.75,4438500,2106.75
1572.5,2472830,1572.5
699.25,489290,699.25
-114.25,14864,114.25
2845.0,8098858,2845.0
2832.5,8024564,2832.5
1681.75,2828515,1681.75
156.0,24754,156.0
-949.5,901845,949.5
922.0,855767,922.0
2239.25,5015136,2239.25
1274.5,3183522,1312.5
2582.5,6669318,2582.5
1983.5,3935206,1983.5
527.75,280101,527.75
1425.75,2032777,1425.75
2513.0,6315778,2513.0
-357.0,142732,357.0
-880.75,778687,880.75
682.5,466084,682.5
1003.0,1006166,1003.0
1730.25,2994394,1730.25
2792.0,7807147,2792.0
1724.5,2978010,1724.5
3017.0,9102292,3017.0
-1102.75,1220411,1102.75
-1787.0,3194210,1787.0
-829.5,688452,829.5
3124.0,9759472,3124.0
2214.0,4903618,2214.0
504.25,255770,504.25
734.5,541176,734.5
1585.75,2516616,1585.75
1855.0,3448002,1855.0
1164.0,1359352,1164.0
1831.75,3355319,1831.75
1115.25,1244229,1115.25
908.0,825213,908.0
-3.75,772,27.25
2964.5,8788288,2964.5
1761.25,3102568,1761.25
-1605.25,2577221,1605.25
3015.25,9100447,3015.25
1202.5,1449266,1202.5
1027.5,1056222,1027.5
4048.75,16392462,4048.75
-705.5,498494,705.5
3100.75,9615367,3100.75
-962.5,927928,962.5
1341.75,1809772,1341.75
3184.75,10149324,3184.75
932.75,870863,932.75
1106.75,1225714,1106.75
1320.5,1743960,1320.5
-1426.0,2033596,1426.0
-1410.0,1988340,1410.0
707.5,501326,707.5
3350.0,11222532,3350.0
-3686.0,13586730,3686.0
1614.5,2606834,1614.5
3789.0,14358380,3789.0
-3131.5,9808932,3131.5
-1551.75,2407933,1551.75
3196.25,10219540,3196.25
3590.75,12894659,3590.75
1750.5,3068330,1750.5
1426.5,2035350,1426.5
-754.5,583948,754.5
476.0,227766,476.0
583.75,341185,583.75
1512.5,2289998,1512.5
-1291.5,1673618,1291.5
-216.25,46918,216.25
1343.5,1806918,1343.5
667.75,446910,667.75
-395.75,157122,395.75
-526.0,279494,526.0
-743.0,553532,743.0
-1497.0,2241213,1497.0
5834.75,34051163,5834.75
4096.5,16791632,4096.5
3295.5,10861379,3295.5
1059.25,1124011,1059.25
1535.25,2359585,1535.25
1263.0,1617246,1263.0
-1132.75,1303662,1132.75
508.0,260346,508.0
1051.75,1111142,1051.75
360.25,132468,360.25
328.0,113216,328.0
2022.5,4091488,2022.5
3653.5,13348706,3653.5
-1283.0,1646272,1283.0
1842.0,3395520,1842.0
-666.25,443903,666.25
-237.75,56614,237.75
-583.0,341865,583.0
0.5,3482,59.0
-408.0,166830,408.0
186.75,48988,186.75
-510.75,266236,510.75
-1430.25,2047364,1430.25
-658.0,432968,658.0
-1941.0,3767588,1941.0
2108.5,4446154,2108.5
-1517.0,2303139,1517.0
1123.25,1264898,1123.25
42.0,1862,42.0
-577.5,333598,577.5
-409.25,175948,409.25
1700.75,2898140,1700.75
107.5,12056,107.5
323.75,105772,323.75
2393.0,5728848,2393.0
3505.75,12292208,3505.75
-4.5,587,21.0
-1009.75,1019718,1009.75
-948.0,899149,948.0
-1963.75,3856575,1963.75
1969.25,3883539,1969.25
2023.5,4094780,2023.5
-656.0,430538,656.0
155.75,24479,155.75
74.0,6945,74.0
4291.75,18424429,4291.75
968.75,938854,968.75
-1569.25,2479129,1569.25
-366.0,149958,366.0
-1654.25,2736671,1654.25
2765.0,7645412,2765.0
88.25,19266,106.75
-1490.75,2222534,1490.75
-1886.75,3560836,1886.75
-1552.25,2410210,1552.25
1521.5,2316064,1521.5
-391.5,156148,391.5
147.0,24878,147.0
224.25,50475,224.25
125.5,15812,125.5
-44.5,6632,68.0
-118.75,17159,118.75
-293.75,115652,293.75
132.75,19703,132.75
-463.0,214564,463.0
-309.0,95526,309.0
-232.0,54442,232.0
2423.75,5879494,2423.75
-294.75,88013,294.75
2007.25,4029181,2007.25
328.5,109686,328.5
-38.25,6121,68.25
-258.5,66922,258.5
-985.5,978870,985.5
681.25,464122,681.25
401.25,161111,401.25
1592.75,2537034,1592.75
6259.5,39183878,6259.5
19.5,3495,51.5
2955.0,8734178,2955.0
491.0,252442,491.0
-1552.0,2409354,1552.0
581.75,338547,581.75
30.25,2106,35.25
-386.75,149795,386.75
971.5,947894,971.5
1186.75,1409902,1186.75
1414.5,2057699,1414.5
255.5,67414,255.5
2285.75,5225147,2285.75
-446.0,199149,446.0
-1480.75,2195790,1480.75
1257.5,1591786,1257.5
-928.5,862464,928.5
1664.0,2774842,1664.0
477.25,228512,477.25
-42.0,2524,42.0
-994.5,989135,994.5
-212.25,52161,212.25
-1516.0,2298970,1516.0
3066.0,9410616,3066.0
1110.0,1240958,1110.0
-102.25,35657,158.75
1797.0,3229218,1797.0
2687.75,7224512,2687.75
923.75,854243,923.75
1725.0,2975640,1725.0
2262.25,5117994,2262.25
1138.0,1295070,1138.0
-645.0,420252,645.0
2790.0,7785314,2790.0
3830.5,14672819,3830.5
165.0,27690,165.0
-27.0,1058,27.0
3915.0,15331552,3915.0
2469.5,6098605,2469.5
-709.5,504054,709.5
720.0,532667,720.0
1826.75,3343318,1826.75
1877.0,3526531,1877.0
1837.25,3379366,1837.25
1646.25,2710450,1646.25
1053.5,1110991,1053.5
1396.5,1950502,1396.5
-1552.0,2409934,1552.0
769.25,593634,769.25
648.25,420285,648.25
470.5,224868,470.5
59.0,3572,59.0
419.75,176286,419.75
2500.5,6268153,2500.5
2552.0,6515258,2552.0
1961.5,3852354,1961.5
2241.75,5031084,2241.75
3351.5,11232675,3351.5
-1691.0,2863270,1691.0
3407.0,11608546,3407.0
-878.0,776088,878.0
3350.0,11222620,3350.0
1799.5,3245596,1799.5
2778.75,7751471,2778.75
1977.25,3909596,1977.25
12.5,194,12.5
1846.5,3411892,1846.5
407.25,166462,407.25
6096.25,37168705,6096.25
2035.0,4143220,2035.0
3663.5,13424623,3663.5
3911.0,15384416,3911.0
-807.0,651254,807.0
2991.5,8951532,2991.5
-979.25,958953,979.25
2716.75,7382024,2716.75
883.75,781512,883.75
1065.75,1135969,1065.75
-308.0,94979,308.0
-1235.25,1526665,1235.25
1672.25,2796709,1672.25
-256.5,65864,256.5
-3459.5,11973398,3459.5
-837.5,706976,837.5
1665.25,2774112,1665.25
1930.0,3725482,1930.0
-217.5,47362,217.5
328.0,107590,328.0
-95.0,10868,95.0
-4994.5,24946518,4994.5
-896.5,805148,896.5
174.0,30508,174.0
433.25,187889,433.25
-1235.25,1526792,1235.25
115.75,13770,115.75
-878.0,772328,878.0
-218.25,47768,218.25
-210.5,44342,210.5
16.25,877,24.75
-794.75,631657,794.75
193.25,37865,193.25
-1128.0,1289424,1128.0
-2816.25,7932586,2816.25
-324.0,105604,324.0
-1044.5,1094111,1044.5
3452.25,11918130,3452.25
-492.25,243053,492.25
-698.25,498330,698.25
-1159.75,1362043,1159.75
469.0,220148,469.0
-4298.5,18477313,4298.5
945.75,894467,945.75
-985.5,973564,985.5
4199.0,17633046,4199.0
749.5,561833,749.5
4045.0,16363020,4045.0
1214.0,1482014,1214.0
-439.75,193751,439.75
-1556.5,2423176,1556.5
-603.5,370938,603.5
-426.75,182455,426.75
-420.0,176419,420.0
2159.75,4667310,2159.75
-617.5,381312,617.5
-2067.5,4276966,2067.5
2652.0,7033170,2652.0
1532.75,2349398,1532.75
2129.5,4534776,2129.5
2344.0,5504250,2344.0
2129.5,4534776,2129.5
2057.25,4233229,2057.25
-776.25,604114,776.25
2214.75,4908123,2214.75
-133.25,18854,133.25
-510.75,261408,510.75
-2047.25,4198614,2047.25
3251.5,10572822,3251.5
-584.0,343040,584.0
-1196.5,1431796,1196.5
-2364.75,5592460,2364.75
-902.0,813608,902.0
-1303.5,1713465,1303.5
-634.75,403105,634.75
-1845.5,3406590,1845.5
228.25,52424,228.25
775.25,601336,775.25
69.0,4782,69.0
-1851.75,3431711,1851.75
-1088.75,1185496,1088.75
185.5,34831,185.5
466.25,217510,466.25
205.25,44468,205.25
1350.25,1824812,1350.25
-803.5,652345,803.5
-648.5,421211,648.5
225.0,50738,225.0
774.5,599870,774.5
-43.5,2120,43.5
-58.5,14134,103.0
180.75,33291,180.75
-1443.25,2084115,1443.25
-507.75,259543,507.75
339.75,115498,339.75
4096.5,16796940,4096.5
3961.25,15691853,3961.25
-192.0,38430,192.0
-2702.25,7302663,2702.25
257.75,73796,257.75
-268.75,73576,268.75
4196.75,17613328,4196.75
-115.25,14102,115.25
-949.25,901643,949.25
-2175.5,4733030,2175.5
-775.5,601506,775.5
1032.75,1067135,1032.75
-639.5,409248,639.5
49.75,2676,49.75
-3001.25,9013023,3001.25
495.75,246029,495.75
-268.0,74288,268.0
1957.25,3839534,1957.25
-674.5,456426,674.5
-1170.5,1370858,1170.5
-100.75,15020,100.75
1032.75,1066671,1032.75
-573.75,330110,573.75
-300.25,97577,300.25
-640.0,409694,640.0
-550.0,302589,550.0
-317.0,103316,317.0
-653.75,427458,653.75
-323.75,105617,323.75
-567.75,322675,567.75
-734.25,541223,734.25
442.0,195872,442.0
-972.25,945624,972.25
338.5,114842,338.5
-464.0,217292,464.0
-428.75,184291,428.75
65.0,4504,65.0
-2642.25,6982433,2642.25
-340.0,116178,340.0
740.75,548969,740.75
-1573.0,2474623,1573.0
-1736.5,3015970,1736.5
95.5,11086,95.5
300.75,92504,300.75
-690.5,476906,690.5
1628.0,2673504,1628.0
-2922.0,8552334,2922.0
-305.25,95631,305.25
812.5,660738,812.5
-1573.0,2476870,1573.0
-560.75,314870,560.75
-2307.5,5330958,2307.5
-924.5,855359,924.5
956.5,914952,956.5
-727.0,529115,727.0
953.25,922116,953.25
-461.25,217115,461.25
-3398.0,11546486,3398.0
-930.5,865868,930.5
942.0,887680,942.0
-1786.25,3193725,1786.25
557.5,310886,557.5
-895.0,801332,895.0
426.75,182482,426.75
-72.5,5720,72.5
-273.75,74992,273.75
-582.5,339750,582.5
-1094.0,1198242,1094.0
-1583.25,2518136,1583.25
573.5,329001,573.5
394.0,157839,394.0
-1240.25,1538520,1240.25
-478.25,232407,478.25
1716.5,2946555,1716.5
2541.25,6458087,2541.25
894.75,805200,894.75
367.25,136747,367.25
-316.75,102598,316.75
1147.0,1317007,1147.0
-203.25,45901,203.25
-1049.0,1100420,1049.0
3439.5,11831637,3439.5
-402.5,162069,402.5
-3354.5,11252986,3354.5
-433.0,189102,433.0
1430.75,2047712,1430.75
292.5,88750,292.5
392.75,164955,392.75
-241.25,58310,241.25
-1264.5,1599094,1264.5
610.0,373882,610.0
-1102.25,1248271,1102.25
186.5,34980,186.5
-1482.25,2197174,1482.25
378.75,144855,378.75
-638.75,408364,638.75
269.5,73360,269.5
626.0,393600,626.0
926.5,860217,926.5
-610.5,378646,610.5
527.0,277906,527.0
-808.0,652944,808.0
338.0,115500,338.0
-1945.75,3786939,1945.75
686.0,472414,686.0
3415.25,11664020,3415.25
291.5,85202,291.5
-111.5,12524,111.5
862.0,746090,862.0
1841.0,3389690,1841.0
359.75,133681,359.75
4864.25,23660943,4864.25
4873.5,23751090,4873.5
-225.0,51136,225.0
-3824.0,14623606,3824.0
-4035.0,16289260,4035.0
1395.0,1947448,1395.0
-1342.5,1802452,1342.5
275.25,75824,275.25
282.75,80718,282.75
-889.25,791272,889.25
8.75,147,9.75
-2267.0,5139502,2267.0
-2318.5,5375493,2318.5
1606.0,2588302,1606.0
-1543.0,2383792,1543.0
1505.25,2266018,1505.25
-20.5,1510,32.0
1659.0,2753602,1659.0
-1135.75,1293271,1135.75
-143.25,21068,143.25
-1705.0,2907038,1705.0
196.0,39400,196.0
-1277.0,1630960,1277.0
-1050.5,1114176,1050.5
-707.5,500625,707.5
959.25,920178,959.25
1052.5,1108236,1052.5
1484.5,2204900,1484.5
699.25,489049,699.25
564.25,318464,564.25
-26.75,1646,30.25
-259.25,67274,259.25
-1698.0,2883344,1698.0
1614.0,2605448,1614.0
2003.0,4013082,2003.0
57.75,4387,57.75
-1941.0,3768790,1941.0
-457.75,213484,457.75
1670.0,2789352,1670.0
1756.5,3085810,1756.5
1569.75,2465152,1569.75
1844.5,3406144,1844.5
-1215.0,1476258,1215.0
1361.75,1860605,1361.75
-182.75,42928,182.75
-2268.5,5148702,2268.5
-2384.25,5684657,2384.25
1921.0,3691768,1921.0
-134.5,18189,134.5
-469.75,221124,469.75
-641.25,411806,641.25
-1028.5,1059068,1028.5
1128.0,1272537,1128.0
-1735.75,3015468,1735.75
54.5,5714,67.0
-2781.75,7739287,2781.75
-963.25,927859,963.25
2255.0,5085108,2255.0
-505.5,256566,505.5
310.5,96433,310.5
-263.0,70626,263.0
-2022.0,4088572,2022.0
831.0,690647,831.0
608.75,370592,608.75
732.75,538447,732.75
-582.0,339100,582.0
-1708.5,2927866,1708.5
-2438.75,5947520,2438.75
138.25,19345,138.25
-390.75,156562,390.75
-2404.0,5794372,2404.0
-635.5,403908,635.5
-48.75,2429,48.75
-738.0,545316,738.0
1073.25,1152375,1073.25
659.5,435404,659.5
-1620.0,2624456,1620.0
1590.75,2532697,1590.75
431.75,187679,431.75
557.25,320742,557.25
1483.5,2201448,1483.5
1694.5,2872634,1694.5
819.5,671749,819.5
-1774.25,3149098,1774.25
-2408.25,5800098,2408.25
1600.75,2562464,1600.75
795.75,633844,795.75
854.25,730019,854.25
1005.5,1011158,1005.5
654.25,429004,654.25
-1265.75,1602677,1265.75
-350.5,122894,350.5
219.25,49417,219.25
-649.0,421659,649.0
4.75,202,10.25
-2464.0,6071621,2464.0
-1006.0,1013190,1006.0
-596.5,356250,596.5
216.75,47791,216.75
-914.0,836352,914.0
-2034.25,4139623,2034.25
1133.0,1283896,1133.0
-1945.75,3786084,1945.75
1104.25,1219583,1104.25
-2491.75,6210330,2491.75
1534.5,2355036,1534.5
-1045.75,1093912,1045.75
2311.75,5346674,2311.75
-1033.25,1069132,1033.25
865.5,750978,865.5
-1366.5,1870091,1366.5
-1528.25,2335584,1528.25
-1238.0,1532794,1238.0
587.0,348122,587.0
-78.0,6376,78.0
-2005.25,4021974,2005.25
485.5,236262,485.5
187.0,35126,187.0
-274.25,78020,274.25
-69.5,5740,69.5
592.75,351491,592.75
-2177.5,4742536,2177.5
1758.0,3094622,1758.0
2696.25,7272758,2696.25
581.75,338451,581.75
-320.5,103229,320.5
630.75,397864,630.75
433.0,187590,433.0
1295.25,1689345,1295.25
2738.0,7500292,2738.0
379.75,145577,379.75
-648.0,424732,648.0
-358.75,130307,358.75
-487.5,238058,487.5
305.5,93475,305.5
1257.25,1580735,1257.25
-91.0,15510,91.0
-823.25,678887,823.25
715.25,511900,715.25
2064.5,4264140,2064.5
-1731.25,2997706,1731.25
-1796.5,3227459,1796.5
2191.75,4804978,2191.75
-470.25,221258,470.25
2294.75,5265896,2294.75
-510.0,260753,510.0
-413.5,171056,413.5
-1510.25,2281291,1510.25
3000.5,9004524,3000.5
1432.5,2145832,1432.5
1954.75,3821057,1954.75
-1484.25,2204818,1484.25
-1925.0,3705688,1925.0
-887.5,789771,887.5
-709.75,505962,709.75
2896.25,8388930,2896.25
3151.75,9934786,3151.75
-3114.25,9701297,3114.25
1225.0,1500998,1225.0
1063.0,1130102,1063.0
-582.25,339218,582.25
842.25,709572,842.25
-2079.75,4327710,2079.75
1412.0,1994692,1412.0
-911.75,832267,911.75
-1265.0,1600250,1265.0
-1199.0,1438995,1199.0
-347.5,120774,347.5
-1862.0,3475582,1862.0
-4003.25,16026418,4003.25
399.75,160701,399.75
-3137.25,9851166,3137.25
-2018.25,4073335,2018.25
-2109.75,4452834,2109.75
-3254.25,10590606,3254.25
-991.25,982588,991.25
-3622.75,13134709,3622.75
-2585.75,6690704,2585.75
-2905.75,8446101,2905.75
-3845.25,14786516,3845.25
-3462.5,11993267,3462.5
-1575.75,2483489,1575.75
-2999.0,8994403,2999.0
-468.75,221391,468.75
-261.75,68899,261.75
-2043.0,4174716,2043.0
-2609.5,6810472,2609.5
-1833.75,3362744,1833.75
-3502.25,12265787,3502.25
-3039.25,9245327,3039.25
-1376.75,1895821,1376.75
-2326.0,5410606,2326.0
-2833.75,8030202,2833.75
-1562.25,2440687,1562.25
-2403.0,5774422,2403.0
-3097.75,9601310,3097.75
-2615.75,6842409,2615.75
-2982.75,8898587,2982.75
-3302.0,10903249,3302.0
-1502.25,2257056,1502.25
-2607.25,6801165,2607.25
-1033.0,1067104,1033.0
-1340.0,1796408,1340.0
-196.25,39837,196.25
-1041.25,1086886,1041.25
-1855.0,3441111,1855.0
-2630.5,6919825,2630.5
-789.0,623038,789.0
-1896.75,3603609,1896.75
-5438.25,29582914,5438.25
-1074.75,1156054,1074.75
-6253.0,39101598,6253.0
-1954.25,3819115,1954.25
-3519.0,12385150,3519.0
-4416.75,19507819,4416.75
-948.0,900338,948.0
-4084.25,16685082,4084.25
2146.75,4610923,2146.75
-747.5,561022,747.5
-4276.75,18291815,4276.75
-1529.75,2342176,1529.75
-1494.0,2233304,1494.0
-4455.25,19849377,4455.25
-244.0,59542,244.0
-1517.75,2306632,1517.75
-3878.0,15039376,3878.0
-1885.25,3554392,1885.25
-1968.25,3879675,1968.25
-2986.75,8920779,2986.75
-2060.5,4247828,2060.5
-1980.5,3924046,1980.5
-1494.5,2234404,1494.5
-2060.75,4253063,2060.75
-3255.25,10598570,3255.25
-2154.75,4644056,2154.75
-3862.0,14916988,3862.0
-2025.5,4102891,2025.5
-1767.25,3123946,1767.25
-4090.0,16728437,4090.0
-2296.75,5275344,2296.75
-2296.75,5275388,2296.75
-2537.25,6438370,2537.25
-1921.5,3692176,1921.5
-2581.25,6665489,2581.25
-1465.75,2150429,1465.75
-2730.0,7453832,2730.0
-1301.25,1694716,1301.25
-1298.75,1693176,1298.75
-2471.75,6109885,2471.75
-2981.0,8887423,2981.0
-1487.75,2217046,1487.75
-3885.25,15096220,3885.25
-2345.75,5503304,2345.75
-2698.75,7283302,2698.75
-2340.75,5480116,2340.75
-2652.5,7037402,2652.5
-1492.75,2228332,1492.75
-2513.75,6318973,2513.75
-2143.25,4593745,2143.25
-2739.5,7506715,2739.5
-2406.5,5791275,2406.5
-3425.75,11744276,3425.75
-1464.5,2144824,1464.5
375.0,140644,375.0
-2692.0,7247472,2692.0
-2755.25,7596317,2755.25
-2519.75,6349514,2519.75
-1029.0,1065512,1029.0
-1487.0,2216556,1487.0
-1893.0,3586156,1893.0
-1730.0,3001850,1730.0
-3286.25,10801918,3286.25
-2838.0,8054630,2838.0
-408.25,166679,408.25
-2792.75,7799848,2792.75
-2133.25,4551336,2133.25
-2748.75,7556325,2748.75
-3002.5,9017946,3002.5
-1992.5,3970076,1992.5
-2117.0,4483144,2117.0
-2879.75,8293710,2879.75
-4324.25,18699615,4324.25
-1858.25,3453409,1858.25
-1086.25,1181344,1086.25
-605.25,366692,605.25
-3432.75,11784071,3432.75
-3381.75,11437308,3381.75
-5134.5,26363962,5134.5
-1258.75,1584581,1258.75
-1512.5,2288048,1512.5
1283.75,1650452,1283.75
-3438.5,11824030,3438.5
-3059.25,9362532,3059.25
102.75,11566,102.75
-1029.25,1059670,1029.25
-3818.25,14585514,3818.25
-4273.0,18259258,4273.0
-3055.0,9335042,3055.0
-2533.75,6423170,2533.75
-751.25,565226,751.25
-1707.0,2914878,1707.0
-4265.0,18190820,4265.0
-2018.5,4074376,2018.5
-2258.75,5102505,2258.75
-2665.0,7102504,2665.0
-1531.0,2343966,1531.0
-2054.5,4234030,2054.5
-4644.25,21569450,4644.25
-2204.5,4860006,2204.5
-1595.75,2547282,1595.75
-1498.25,2244777,1498.25
-1484.25,2203833,1484.25
-2943.0,8661323,2943.0
-1136.25,1291095,1136.25
-1002.0,1004500,1002.0
-3878.75,15046451,3878.75
-653.75,427402,653.75
-1686.5,2845430,1686.5
-3223.0,10387772,3223.0
-1716.75,2947279,1716.75
-4542.5,20638067,4542.5
-2775.25,7702168,2775.25
-1678.25,2817997,1678.25
6.0,1972,44.0
-241.0,59056,241.0
-2145.25,4602335,2145.25
-830.0,690594,830.0
-1695.5,2876242,1695.5
-808.5,653828,808.5
-1660.25,2759063,1660.25
23.0,6084,74.5
-257.5,66344,257.5
290.5,84671,290.5
-1558.75,2432213,1558.75
-2533.5,6418752,2533.5
-499.25,249288,499.25
-1642.75,2698673,1642.75
-2423.75,5875016,2423.75
-1911.75,3656122,1911.75
-1891.25,3577263,1891.25
103.25,12963,103.25
-5348.0,28602812,5348.0
-2776.0,7706198,2776.0
-2785.25,7757776,2785.25
-2340.5,5482698,2340.5
-2342.75,5489066,2342.75
-894.0,799750,894.0
-2190.25,4797292,2190.25
1523.5,2323318,1523.5
-3685.25,13581289,3685.25
1915.75,3671652,1915.75
-3487.75,12166588,3487.75
-4089.5,16724030,4089.5
-4089.5,16724030,4089.5
-3928.25,15432507,3928.25
-1457.75,2126543,1457.75
-3904.75,15247104,3904.75
-2343.25,5491456,2343.25
-2020.25,4081457,2020.25
-1125.25,1267601,1125.25
-2982.75,8898198,2982.75
-4113.25,16918872,4113.25
-1154.75,1335191,1154.75
-4100.0,16811875,4100.0
261.5,69008,261.5
-1782.5,3195804,1782.5
424.5,180265,424.5
414.5,172025,414.5
-2434.5,5929106,2434.5
453.5,206624,453.5
-84.5,7210,84.5
-3549.0,12610418,3549.0
-3950.5,15611352,3950.5
-593.75,353794,593.75
-5262.5,27701460,5262.5
-1884.5,3551593,1884.5
-3090.75,9552750,3090.75
-4154.25,17283814,4154.25
-4219.0,17800331,4219.0
-3964.0,15735398,3964.0
-5530.25,30586209,5530.25
-4054.5,16456850,4054.5
-2950.0,8705897,2950.0
11624.75,135157127,11624.75
11409.5,130183976,11409.5
76.5,7264,76.5
-409.75,170325,409.75
-1087.25,1182733,1087.25
598.25,359833,598.25
286.5,82882,286.5
-169.5,28816,169.5
-469.5,233321,469.5
-5.0,110,9.0
147.5,21858,147.5
-51.5,2730,51.5
-274.5,75658,274.5
12.5,549,18.5
295.25,89766,295.25
13.25,183,13.25
-274.0,75290,274.0
-1768.75,3128518,1768.75
-872.5,761934,872.5
-32.25,3134,45.75
61.25,9491,75.75
-4101.5,16822394,4101.5
-1251.75,1567512,1251.75
7936.75,62992821,7936.75
-3187.75,10164815,3187.75
-1470.0,2163768,1470.0
-1986.75,3947714,1986.75
-612.75,375481,612.75
-2675.25,7158624,2675.25
-436.0,190202,436.0
-4610.25,21255768,4610.25
-2659.75,7074288,2659.75
-3531.5,12480778,3531.5
-975.75,953167,975.75
619.5,386188,619.5
-3183.25,10139846,3183.25
2112.75,4492983,2112.75
3473.5,12128494,3473.5
703.75,502310,703.75
1142.0,1309716,1142.0
2924.75,8555097,2924.75
1806.75,3264564,1806.75
1702.75,2903086,1702.75
1926.25,3715379,1926.25
624.75,395048,624.75
876.75,770213,876.75
3666.75,13445076,3666.75
1347.5,1817320,1347.5
919.0,844856,919.0
1076.5,1163588,1076.5
2543.75,6475889,2543.75
914.5,838387,914.5
1739.75,3032639,1739.75
1979.75,3919891,1979.75
3184.0,10138016,3184.0
360.0,132866,360.0
-427.0,183260,427.0
1067.25,1139387,1067.25
1121.0,1256886,1121.0
-5369.75,28840934,5369.75
2780.25,7734516,2780.25
3014.5,9090412,3014.5
2851.75,8132793,2851.75
5160.75,26637887,5160.75
1641.5,2694962,1641.5
2801.0,7852480,2801.0
-237.75,68695,237.75
862.0,756798,862.0
3359.75,11289968,3359.75
2208.5,4881656,2208.5
3029.25,9177510,3029.25
2234.5,4993522,2234.5
1526.75,2337128,1526.75
462.5,214670,462.5
1451.75,2107628,1451.75
-270.75,75635,270.75
489.0,244352,489.0
577.75,334423,577.75
2825.0,7981264,2825.0
1078.75,1164520,1078.75
683.25,467874,683.25
105.5,12030,105.5
1918.75,3682877,1918.75
-1778.0,3161390,1778.0
-2243.75,5039142,2243.75
203.5,77352,203.5
-1508.5,2283621,1508.5
1235.5,1530259,1235.5
3394.25,11522739,3394.25
-3769.25,14207598,3769.25
307.0,95286,307.0
619.5,386188,619.5
-1290.75,1666046,1290.75
-2793.0,7804336,2793.0
-3405.75,11599838,3405.75
-1834.25,3364506,1834.25
-2954.0,8726134,2954.0
-1725.0,2978038,1725.0
-1465.0,2146906,1465.0
1559.5,2437380,1559.5
-826.5,683480,826.5
2043.25,4250914,2043.25
-25.0,12302,106.0
-4011.25,16091401,4011.25
62.25,6169,62.25
-1176.5,1384232,1176.5
-2914.5,8494432,2914.5
-1647.25,2729653,1647.25
-3185.75,10149154,3185.75
-1437.5,2066482,1437.5
-2997.5,8987455,2997.5
430.5,186461,430.5
-1841.25,3390304,1841.25
1308.75,1712890,1308.75
-1783.75,3181865,1783.75
1405.5,1979154,1405.5
-1381.25,1907971,1381.25
1028.25,1057355,1028.25
-4009.25,16075160,4009.25
-10.0,3374,56.5
-547.0,299368,547.0
-834.25,696571,834.25
-480.75,231721,480.75
-981.0,962368,981.0
-4932.5,24330993,4932.5
-784.75,617084,784.75
-3112.25,9688927,3112.25
-2829.25,8004782,2829.25
-3165.25,10019058,3165.25
-1518.0,2305183,1518.0
-1883.5,3551100,1883.5
-2388.5,5705138,2388.5
-2388.5,5705138,2388.5
-560.5,316442,560.5
-1662.0,2762280,1662.0
-3482.75,12131889,3482.75
-1458.75,2135749,1458.75
-3355.0,11256076,3355.0
-2848.75,8116093,2848.75
-3494.75,12213982,3494.75
-1929.5,3723456,1929.5
-2190.25,4798036,2190.25
-2517.0,6335792,2517.0
-2616.0,6843694,2616.0
-3632.75,13198488,3632.75
-2552.25,6514258,2552.25
-997.5,995389,997.5
-2712.5,7358566,2712.5
-3095.0,9580546,3095.0
-2450.0,6002988,2450.0
-1218.75,1486246,1218.75
-537.5,289138,537.5
-1610.5,2595774,1610.5
-2435.0,5929250,2435.0
-1967.75,3872074,1967.75
-2827.5,7997158,2827.5
-2503.75,6268778,2503.75
-1834.0,3363858,1834.0
-1933.0,3736586,1933.0
-2072.0,4294392,2072.0
-1962.75,3852428,1962.75
-2082.75,4344482,2082.75
-6185.5,38260504,6185.5
-6235.0,38876768,6235.0
-6302.0,39718329,6302.0
-6269.0,39306260,6269.0
-1658.5,2750655,1658.5
-1843.25,3397770,1843.25
471.25,222371,471.25
1693.75,2887360,1693.75
-4247.5,18041704,4247.5
-2853.5,8142895,2853.5
-506.5,256690,506.5
-2257.5,5096440,2257.5
-28.75,2004,33.25
-2662.5,7089849,2662.5
-1261.0,1591114,1261.0
-1330.75,1776880,1330.75
-1209.75,1463529,1209.75
-2799.5,7837236,2799.5
1105.75,1222916,1105.75
88.75,8452,88.75
-1862.25,3469331,1862.25
-673.0,452998,673.0
-4420.5,19542076,4420.5
-4242.5,18001310,4242.5
-1896.75,3603028,1896.75
-4007.0,16056170,4007.0
-280.75,78856,280.75
-2243.75,5034678,2243.75
-2713.25,7362585,2713.25
-2516.75,6334723,2516.75
-3402.5,11582738,3402.5
-3912.25,15307572,3912.25
-2735.75,7484552,2735.75
-3869.0,14969498,3869.0
-2204.25,4861978,2204.25
-3164.0,10012692,3164.0
-2432.0,5914832,2432.0
-3707.5,13748114,3707.5
47.75,2580,47.75
-2036.75,4149055,2036.75
-2037.25,4155329,2037.25
-3955.0,15643204,3955.0
-2895.75,8386295,2895.75
750.0,563774,750.0
-368.25,137566,368.25
-1435.5,2062828,1435.5
301.0,90933,301.0
-1813.25,3289091,1813.25
-2128.75,4531581,2128.75
-626.5,392782,626.5
-1105.5,1222158,1105.5
-977.25,955360,977.25
2229.5,4970715,2229.5
-1011.25,1022634,1011.25
2483.0,6165362,2483.0
-1252.0,1567627,1252.0
-1900.75,3613109,1900.75
-750.25,562913,750.25
111.5,14169,111.5
-1997.0,3988026,1997.0
-3181.75,10138364,3181.75
578.75,335046,578.75
-2564.25,6578295,2564.25
196.75,39519,196.75
198.5,48242,198.5
-1254.75,1576238,1254.75
-983.75,969930,983.75
-175.25,158121,348.25
1074.75,1155104,1074.75
-1977.25,3909680,1977.25
-841.5,708318,841.5
1202.75,1450998,1202.75
-201.75,43620,201.75
834.75,697624,834.75
-642.25,412684,642.25
263.5,69860,263.5
-8.75,428,17.75
1059.0,1122268,1059.0
642.75,415511,642.75
1017.75,1044107,1017.75
283.5,81886,283.5
246.25,64377,246.25
-1923.25,3700283,1923.25
26.75,1249,26.75
114.0,13202,114.0
-1269.25,1614567,1269.25
-1679.0,2819140,1679.0
-1680.75,2825064,1680.75
-2509.5,6297672,2509.5
-1150.5,1330272,1150.5
-412.5,171124,412.5
-462.25,214048,462.25
-52.75,2810,52.75
-781.0,610124,781.0
-1587.75,2535049,1587.75
-1513.25,2291107,1513.25
60.0,3844,60.0
3466.25,12014917,3466.25
-743.0,552936,743.0
-348.25,121472,348.25
-166.25,27726,166.25
-175.0,32210,175.0
-475.0,225951,475.0
99.25,10125,99.25
-1967.5,3964316,1967.5
758.25,576100,758.25
-438.75,193095,438.75
809.25,656717,809.25
-1702.25,2897670,1702.25
-2145.5,4606045,2145.5
-2004.0,4029156,2004.0
188.5,48664,188.5
595.5,363646,595.5
-1682.0,2830826,1682.0
-2271.5,5169829,2271.5
-1618.75,2620410,1618.75
-2102.25,4419649,2102.25
668.0,447520,668.0
-1173.0,1376088,1173.0
-461.25,212755,461.25
729.0,531727,729.0
-450.0,202704,450.0
-2409.0,5803554,2409.0
-1040.75,1083623,1040.75
-1681.75,2828297,1681.75
-427.25,182977,427.25
2753.25,7589143,2753.25
2859.5,8176915,2859.5
64.0,4626,64.0
-266.5,91242,266.5
-909.75,827672,909.75
-256.25,66500,256.25
-3072.25,9459849,3072.25
2297.25,5277438,2297.25
-605.25,375691,605.25
-1644.25,2703580,1644.25
-1133.0,1283718,1133.0
-1615.25,2610581,1615.25
1854.5,3439656,1854.5
498.75,248769,498.75
1004.25,1008559,1004.25
462.25,213763,462.25
-1303.75,1701771,1303.75
-239.0,57306,239.0
450.75,203191,450.75
-364.5,133682,364.5
290.0,84134,290.0
-1274.0,1632175,1274.0
-682.75,466979,682.75
-3922.75,15391307,3922.75
-900.25,817264,900.25
1057.5,1118326,1057.5
468.5,220074,468.5
-1979.25,3917838,1979.25
-1539.5,2370122,1539.5
211.0,44524,211.0
448.25,201103,448.25
-436.5,190651,436.5
635.5,404510,635.5
167.75,34089,167.75
161.75,26231,161.75
-1203.25,1448103,1203.25
-2669.25,7136629,2669.25
963.5,928568,963.5
661.75,438112,661.75
-207.25,43270,207.25
-1025.0,1051558,1025.0
1221.25,1491660,1221.25
-1017.25,1035814,1017.25
-1352.75,1829980,1352.75
-924.75,855193,924.75
-1412.5,2001124,1412.5
-1086.0,1179402,1086.0
-220.75,49191,220.75
-253.25,65059,253.25
-759.0,576989,759.0
-840.75,706891,840.75
-941.5,886514,941.5
1621.75,2632652,1621.75
1727.0,2982591,1727.0
402.25,161815,402.25
4295.0,18447902,4295.0
-1326.25,1760086,1326.25
-499.5,249515,499.5
-1530.75,2345256,1530.75
540.5,293271,540.5
294.75,88265,294.75
1740.25,3028695,1740.25
-1938.25,3756919,1938.25
-1578.0,2490182,1578.0
-1325.25,1757361,1325.25
-1764.0,3116094,1764.0
-2379.75,5663863,2379.75
-2759.0,7614274,2759.0
-2023.75,4097351,2023.75
-733.0,537439,733.0
-1161.5,1349115,1161.5
1645.75,2708512,1645.75
-1409.5,1986753,1409.5
-181.0,33048,181.0
1572.0,2471214,1572.0
-1835.5,3369193,1835.5
44.0,12971,105.0
72.0,5188,72.0
2413.5,5825048,2413.5
2236.5,5002082,2236.5
1899.25,3607224,1899.25
2144.5,4598968,2144.5
1950.5,3805422,1950.5
2294.75,5267528,2294.75
1688.25,2850801,1688.25
-1548.0,2403973,1548.0
1791.25,3209137,1791.25
2256.75,5093044,2256.75
2480.75,6154553,2480.75
1503.5,2262236,1503.5
1761.25,3102107,1761.25
1594.75,2543676,1594.75
1719.0,2957310,1719.0
1739.5,3025934,1739.5
-1583.75,2508479,1583.75
34.25,1213,34.25
-357.5,128040,357.5
-1674.75,2804911,1674.75
-1810.75,3280817,1810.75
36.5,4427,55.5
-1506.5,2269575,1506.5
-252.75,63904,252.75
2436.75,5942977,2436.75
2416.25,5840948,2416.25
2416.25,5840948,2416.25
-1310.25,1716814,1310.25
-2063.5,4258484,2063.5
1756.75,3087352,1756.75
-329.5,108722,329.5
-12408.0,153962466,12408.0
1923.5,3700592,1923.5
1782.25,3176547,1782.25
1856.75,3455586,1856.75
1766.0,3119074,1766.0
1958.0,3834612,1958.0
-883.5,788352,883.5
386.0,150052,386.0
-980.25,964330,980.25
-1215.5,1484272,1215.5
-1156.5,1337818,1156.5
-883.5,784104,883.5
975.75,952198,975.75
-900.25,810749,900.25
777.25,604363,777.25
71.25,5148,71.25
-957.75,928186,957.75
-660.5,436272,660.5
1642.0,2696410,1642.0
1545.0,2387058,1545.0
-277.25,76923,277.25
-1473.75,2172604,1473.75
1782.25,3176547,1782.25
-1644.75,2708518,1644.75
1304.25,1702914,1304.25
1939.0,3760542,1939.0
2839.75,8066564,2839.75
-681.0,465611,681.0
2585.5,6685682,2585.5
-116.75,14094,116.75
-708.75,508235,708.75
-424.25,180316,424.25
1168.25,1364875,1168.25
-503.25,253369,503.25
-2541.75,6460824,2541.75
-352.5,128228,352.5
-825.5,683820,825.5
-926.75,858968,926.75
-1978.5,3916824,1978.5
43.0,5954,64.0
-1734.5,3009180,1734.5
-320.25,103053,320.25
-1011.75,1023716,1011.75
1118.0,1249945,1118.0
-665.25,442861,665.25
-893.25,797904,893.25
-205.0,43183,205.0
-1654.0,2735734,1654.0
-2014.0,4056458,2014.0
791.0,627718,791.0
257.0,66958,257.0
1551.0,2406899,1551.0
-1514.0,2294990,1514.0
12.5,632,21.0
-1136.5,1291760,1136.5
382.5,151828,382.5
-2215.5,4908674,2215.5
-819.0,672275,819.0
252.5,64188,252.5
-1525.75,2330099,1525.75
319.5,102784,319.5
-212.5,45484,212.5
17.25,326,17.25
-897.25,817014,897.25
-817.25,673194,817.25
212.0,46240,212.0
-1008.5,1032222,1008.5
-48.0,2308,48.0
899.75,819043,899.75
301.25,91614,301.25
307.0,95306,307.0
3430.25,11766631,3430.25
-1282.0,1643984,1282.0
-100.25,10226,100.25
856.75,735503,856.75
223.25,50143,223.25
-934.5,873490,934.5
1212.5,1470522,1212.5
-798.0,646338,798.0
1286.0,1660382,1286.0
-40.75,1804,40.75
1477.5,2187732,1477.5
-1053.75,1110395,1053.75
-2813.0,7914208,2813.0
2006.25,4025141,2006.25
-354.0,126617,354.0
-567.5,325402,567.5
-1500.75,2253764,1500.75
1453.0,2111467,1453.0
127.25,21398,127.25
1255.25,1579925,1255.25
-817.0,667493,817.0
-981.5,963799,981.5
3159.25,9984055,3159.25
357.75,128329,357.75
-999.5,999033,999.5
1004.0,1008718,1004.0
-1127.75,1274096,1127.75
-886.5,786208,886.5
-629.25,395999,629.25
-901.0,812448,901.0
-254.75,67302,254.75
-1061.25,1128090,1061.25
-2426.0,5885554,2426.0
732.0,540116,732.0
-1292.5,1670564,1292.5
-463.5,216134,463.5
-1296.5,1684512,1296.5
-4131.0,17065850,4131.0
747.5,560567,747.5
560.25,314192,560.25
263.75,69870,263.75
162.5,26420,162.5
294.5,89882,294.5
169.0,32414,169.0
282.75,79981,282.75
-444.5,198172,444.5
324.5,106652,324.5
-763.25,640750,763.25
-633.0,403150,633.0
-1151.5,1330178,1151.5
-1273.5,1624722,1273.5
951.0,907911,951.0
-1379.0,1909750,1379.0
1372.25,1883855,1372.25
-1915.0,3667588,1915.0
-360.5,132191,360.5
-1703.25,2901549,1703.25
-1003.5,1009204,1003.5
845.75,715445,845.75
875.5,766647,875.5
1895.0,3591098,1895.0
-1129.0,1282690,1129.0
-2710.5,7349143,2710.5
-364.75,133139,364.75
-815.25,664761,815.25
-3052.25,9316526,3052.25
-1090.5,1191685,1090.5
-2525.25,6377115,2525.25
-3046.25,9280346,3046.25
868.75,757928,868.75
-2890.75,8359127,2890.75
-2771.75,7688311,2771.75
-328.5,108467,328.5
874.75,765196,874.75
-639.25,409051,639.25
2661.75,7085284,2661.75
-2923.5,8553184,2923.5
-590.5,349026,590.5
1154.5,1333104,1154.5
-1158.75,1346142,1158.75
-764.5,585256,764.5
1002.0,1004200,1002.0
102.5,10630,102.5
-2127.5,4528034,2127.5
-123.5,16898,123.5
-2476.5,6133104,2476.5
-33.25,1539,33.25
-2917.5,8511959,2917.5
326.25,106481,326.25
300.75,90473,300.75
1055.75,1115050,1055.75
-1504.75,2264432,1504.75
-2177.5,4741664,2177.5
-2224.0,4946212,2224.0
-779.0,607316,779.0
-1470.0,2160990,1470.0
-1944.0,3781978,1944.0
-452.0,204756,452.0
-265.25,70568,265.25
589.75,348434,589.75
-1926.25,3712593,1926.25
-35.25,6535,72.75
155.0,24448,155.0
1901.25,3615708,1901.25
-1548.5,2397902,1548.5
198.0,39394,198.0
831.5,691494,831.5
-1285.75,1654602,1285.75
-752.0,566162,752.0
-831.75,692350,831.75
2059.25,4241312,2059.25
-1583.25,2507277,1583.25
-675.5,457256,675.5
-1443.5,2083704,1443.5
-1750.75,3095174,1750.75
233.25,54447,233.25
-1266.75,1604659,1266.75
-1123.5,1262262,1123.5
-2229.0,4971154,2229.0
-1493.5,2230568,1493.5
-387.25,151724,387.25
-159.0,25311,159.0
-1031.0,1065768,1031.0
1922.25,3696607,1922.25
905.75,820645,905.75
-1053.25,1112091,1053.25
2808.25,7886737,2808.25
-1659.25,2754995,1659.25
-1070.5,1149650,1070.5
1959.75,3841546,1959.75
-2331.0,5434380,2331.0
57.75,4253,57.75
-608.75,371387,608.75
1196.0,1431172,1196.0
4045.0,16362354,4045.0
-347.75,121070,347.75
880.0,775645,880.0
1857.75,3451706,1857.75
3851.5,14838150,3851.5
1175.0,1381538,1175.0
1298.5,1686910,1298.5
1782.25,3176660,1782.25
-891.0,793898,891.0
1476.25,2193550,1476.25
1359.75,1850094,1359.75
1558.5,2429932,1558.5
-582.5,341254,582.5
1265.75,1606187,1265.75
203.5,41774,203.5
-768.75,591033,768.75
-3604.25,12998386,3604.25
-525.5,278055,525.5
742.25,551024,742.25
546.0,304094,546.0
550.75,303913,550.75
461.5,214901,461.5
113.5,16278,113.5
39.5,1714,39.5
344.75,119230,344.75
-537.25,288921,537.25
637.75,416064,637.75
-682.25,467534,682.25
-6.0,774,27.0
567.25,322103,567.25
1013.75,1029319,1013.75
-679.75,462605,679.75
152.75,24011,152.75
-33.75,5744,67.75
-620.5,387362,620.5
-521.75,272336,521.75
-807.5,655965,807.5
-763.75,583427,763.75
-793.5,630665,793.5
768.5,591195,768.5
-461.0,212538,461.0
-1042.75,1090015,1042.75
-354.75,126909,354.75
-1605.0,2578809,1605.0
-222.75,51852,222.75
389.25,151707,389.25
2019.25,4077434,2019.25
1132.25,1282620,1132.25
-1789.0,3200630,1789.0
154.0,24782,154.0
471.0,221870,471.0
336.25,113894,336.25
157.5,27371,157.5
-559.75,313431,559.75
400.5,160562,400.5
-225.75,52257,225.75
-187.5,35838,187.5
852.25,727228,852.25
-175.75,30956,175.75
410.75,169585,410.75
-213.5,46320,213.5
-92.25,11096,92.25
-1180.25,1393131,1180.25
-483.25,234231,483.25
-206.5,43380,206.5
-288.0,82968,288.0
-221.0,48874,221.0
1036.75,1077086,1036.75
1732.0,3001206,1732.0
1665.0,2772595,1665.0
-9.5,426,18.0
-274.75,75738,274.75
776.5,604865,776.5
497.5,247804,497.5
-884.5,785002,884.5
1673.25,2800688,1673.25
1130.25,1277470,1130.25
292.75,86446,292.75
793.25,629579,793.25
516.75,267312,516.75
-130.75,17163,130.75
160.25,25741,160.25
-179.5,32228,179.5
1296.75,1705088,1296.75
993.5,987572,993.5
447.0,199839,447.0
723.25,525184,723.25
0.75,39548,198.75
457.5,210713,457.5
981.75,969316,981.75
693.75,482750,693.75
1470.25,2161735,1470.25
879.75,776497,879.75
-688.5,476570,688.5
387.75,151739,387.75
-476.25,232049,476.25
-393.5,154888,393.5
976.75,954096,976.75
1046.0,1094118,1046.0
766.75,588019,766.75
1698.5,2884916,1698.5
572.0,328042,572.0
1148.75,1319709,1148.75
557.75,311241,557.75
1822.75,3348959,1822.75
602.25,362710,602.25
-48.5,5027,51.5
660.0,435756,660.0
1371.0,1879864,1371.0
219.5,52704,219.5
705.25,497386,705.25
1971.0,3884898,1971.0
144.0,20874,144.0
-373.0,139192,373.0
-347.75,122476,347.75
-230.0,54182,230.0
1438.0,2067873,1438.0
207.5,43352,207.5
586.75,348365,586.75
651.25,424130,651.25
-219.0,48014,219.0
644.0,415002,644.0
422.5,178622,422.5
-400.5,160832,400.5
386.75,150505,386.75
-29.0,3648,51.5
803.75,646074,803.75
877.0,769208,877.0
1207.0,1459814,1207.0
1247.5,1556288,1247.5
-629.0,402054,629.0
-335.75,112804,335.75
2301.75,5298111,2301.75
3497.5,12235321,3497.5
-107.75,11690,107.75
873.25,762677,873.25
406.0,165102,406.0
3346.0,11196238,3346.0
2375.25,5641869,2375.25
2377.25,5658295,2377.25
-530.25,281349,530.25
4078.0,16631828,4078.0
3936.75,15498258,3936.75
3845.5,14788158,3845.5
1766.25,3119647,1766.25
3910.5,15292311,3910.5
758.5,575328,758.5
681.75,465174,681.75
1164.25,1363738,1164.25
-406.5,167027,406.5
137.25,18955,137.25
-1299.5,1691110,1299.5
-297.0,91263,297.0
-123.0,19974,123.0
745.75,556509,745.75
-352.5,124498,352.5
2740.5,7511109,2740.5
-2911.75,8482355,2911.75
-1063.5,1131040,1063.5
960.5,922578,960.5
1329.5,1768904,1329.5
-634.5,403506,634.5
-1505.75,2268703,1505.75
-1356.25,1839500,1356.25
1747.0,3055611,1747.0
-239.25,58341,239.25
1161.75,1349752,1161.75
5264.5,27716240,5264.5
869.25,759289,869.25
378.5,143689,378.5
1161.5,1350566,1161.5
283.5,81748,283.5
-1294.5,1678122,1294.5
-1050.25,1103318,1050.25
-1819.0,3309610,1819.0
-661.25,437826,661.25
487.25,237859,487.25
554.25,307886,554.25
-701.5,492573,701.5
1447.75,2097310,1447.75
2174.25,4728366,2174.25
2186.5,4781175,2186.5
1945.5,3785974,1945.5
2465.25,6085704,2465.25
-111.5,12638,111.5
99.25,9857,99.25
-561.25,315433,561.25
-737.0,545724,737.0
-1253.5,1571820,1253.5
420.5,176846,420.5
-688.25,476348,688.25
1742.5,3039044,1742.5
1212.25,1469563,1212.25
-223.5,440638,587.5
-639.75,409607,639.75
-321.0,104380,321.0
257.5,67034,257.5
-3323.5,11045827,3323.5
-1526.0,2328692,1526.0
1109.5,1231710,1109.5
1224.25,1499047,1224.25
1410.0,1988548,1410.0
1460.25,2132381,1460.25
-268.25,72310,268.25
96.0,9748,96.0
686.0,471216,686.0
482.75,235377,482.75
1669.25,2791238,1669.25
-1240.0,1538138,1240.0
-523.0,274138,523.0
-1337.75,1790931,1337.75
-635.5,404652,635.5
1939.0,3760542,1939.0
1597.75,2554826,1597.75
1986.0,3944492,1986.0
1766.0,3119074,1766.0
1782.25,3176547,1782.25
1911.5,3654102,1911.5
-256.0,66092,256.0
1756.75,3087352,1756.75
-150.25,23823,150.25
96.25,10419,96.25
-21.75,481,21.75
1669.75,2788307,1669.75
-1296.0,1680378,1296.0
651.0,451972,651.0
637.5,406900,637.5
-304.5,94897,304.5
1527.0,2331796,1527.0
634.0,402658,634.0
831.25,691040,831.25
205.75,44319,205.75
-1220.0,1489515,1220.0
-821.0,674044,821.0
-536.5,288398,536.5
-1063.25,1133256,1063.25
2730.75,7459098,2730.75
-1223.25,1497764,1223.25
314.25,98944,314.25
802.25,644123,802.25
-624.5,390096,624.5
171.5,31000,171.5
298.75,89608,298.75
-1183.5,1401202,1183.5
-215.5,46498,215.5
-979.25,959083,979.25
-808.25,657107,808.25
624.5,393818,624.5
780.25,608882,780.25
-753.5,567946,753.5
-833.5,695138,833.5
462.75,218021,462.75
833.75,698495,833.75
865.5,749790,865.5
792.25,627739,792.25
1079.25,1165730,1079.25
-141.25,22235,141.25
-730.5,537486,730.5
75.0,7824,75.0
490.75,241191,490.75
-62.25,4145,62.25
1320.5,1743731,1320.5
330.75,115714,330.75
1267.25,1605955,1267.25
25.5,1586,30.5
474.0,229236,474.0
-100.75,10356,100.75
566.75,323671,566.75
2265.0,5133374,2265.0
-53.5,2880,53.5
-418.0,177180,418.0
16.5,448,16.5
-51.5,2937,51.5
682.25,468398,682.25
793.25,630926,793.25
1065.0,1134610,1065.0
1079.0,1164874,1079.0
-13.0,1016,29.0
-247.25,61700,247.25
2605.75,6790819,2605.75
51.0,2610,51.0
911.5,831270,911.5
490.75,241049,490.75
-112.25,12643,112.25
729.25,532313,729.25
1357.25,1843800,1357.25
-374.0,139894,374.0
1578.5,2491857,1578.5
958.0,920096,958.0
634.75,404962,634.75
1319.5,1749339,1319.5
-531.25,282420,531.25
-945.75,894572,945.75
-44.0,2474,44.0
960.0,923518,960.0
1198.75,1437163,1198.75
1175.0,1381166,1175.0
-898.0,806532,898.0
961.0,923716,961.0
1009.25,1019243,1009.25
395.75,159005,395.75
-360.25,132352,360.25
-489.75,240335,489.75
-127.75,18428,127.75
-288.5,83358,288.5
-532.0,283142,532.0
275.25,78283,275.25
534.0,285974,534.0
763.5,582993,763.5
-651.75,426593,651.75
-902.5,817644,902.5
457.75,211131,457.75
-1357.25,1842395,1357.25
265.75,71752,265.75
785.5,619194,785.5
3992.75,15942808,3992.75
-461.0,212543,461.0
-1369.0,1889330,1369.0
-424.25,180463,424.25
1812.5,3286852,1812.5
1755.5,3082015,1755.5
186.25,46635,186.25
1547.75,2395729,1547.75
-1931.0,3740116,1931.0
1078.25,1163101,1078.25
431.25,188489,431.25
1938.0,3755988,1938.0
-238.75,57026,238.75
374.0,140266,374.0
136.25,18575,136.25
106.5,11376,106.5
170.75,30661,170.75
1759.5,3101684,1759.5
140.75,29764,140.75
1353.75,1833593,1353.75
1217.5,1483048,1217.5
-519.25,270760,519.25
411.75,169759,411.75
687.75,473031,687.75
-704.0,496784,704.0
-185.0,39887,185.0
949.25,901762,949.25
-545.75,297899,545.75
408.5,167008,408.5
-376.0,143238,376.0
-487.0,237190,487.0
961.0,924012,961.0
808.0,653178,808.0
1870.25,3498636,1870.25
-709.5,503456,709.5
1056.75,1117243,1056.75
1602.0,2566412,1602.0
-156.5,27858,156.5
120.5,14652,120.5
487.75,239041,487.75
-655.0,429458,655.0
-1631.5,2663198,1631.5
-1069.75,1144884,1069.75
725.5,526404,725.5
-925.0,859496,925.0
2177.75,4746101,2177.75
-544.75,297041,544.75
198.0,39248,198.0
-363.0,132050,363.0
-962.25,926220,962.25
-53.25,2927,53.25
1755.0,3080267,1755.0
-284.75,81148,284.75
-200.25,40318,200.25
1285.75,1654704,1285.75
4349.5,18922396,4349.5
4633.25,21475983,4633.25
4454.25,19849809,4454.25
444.5,198453,444.5
-689.75,481199,689.75
-2097.75,4401010,2097.75
1598.0,2564865,1598.0
343.5,118092,343.5
1497.0,2242024,1497.0
795.5,632851,795.5
-2380.75,5668176,2380.75
-2360.75,5573373,2360.75
-1711.75,2930109,1711.75
-1301.0,1693204,1301.0
2284.0,5217402,2284.0
-1249.75,1561938,1249.75
1274.25,1624433,1274.25
1626.75,2648409,1626.75
-144.5,33100,144.5
-78.0,6236,78.0
-112.0,13100,112.0
-1699.0,2888326,1699.0
1246.75,1555686,1246.75
1360.0,1849632,1360.0
1381.0,1908380,1381.0
1073.75,1160558,1073.75
759.5,577755,759.5
1500.25,2251373,1500.25
1432.5,2052194,1432.5
1536.25,2361454,1536.25
-1446.75,2093120,1446.75
-1548.25,2397195,1548.25
-1458.0,2125818,1458.0
-308.5,97526,308.5
2107.0,4440142,2107.0
-765.25,585649,765.25
822.5,677969,822.5
-1391.5,1936428,1391.5
1198.5,1436408,1198.5
-681.0,463808,681.0
2024.0,4098320,2024.0
-433.75,188491,433.75
-1254.25,1575436,1254.25
4456.25,19861742,4456.25
861.5,756951,861.5
-1288.25,1663226,1288.25
-17.25,2354,45.25
-2771.75,7683240,2771.75
1670.25,2794732,1670.25
3637.5,13244642,3637.5
2492.0,6211992,2492.0
871.5,760674,871.5
4239.5,17981185,4239.5
-1549.25,2400358,1549.25
-2526.75,6384905,2526.75
-568.5,324558,568.5
952.25,909896,952.25
-2083.25,4340674,2083.25
-3003.75,9022584,3003.75
486.25,237169,486.25
1309.0,1714264,1309.0
-2327.0,5414936,2327.0
-1398.5,1956421,1398.5
1493.0,2229146,1493.0
1658.5,2752978,1658.5
-517.25,272927,517.25
245.5,60352,245.5
1149.0,1321730,1149.0
810.75,662266,810.75
1250.25,1563374,1250.25
1837.25,3382351,1837.25
1315.75,1731276,1315.75
1410.5,1989585,1410.5
1152.25,1327962,1152.25
1584.75,2511463,1584.75
1954.0,3827488,1954.0
2094.5,4387608,2094.5
560.5,317719,560.5
-6.0,1170,33.0
-407.0,167724,407.0
-1431.0,2047827,1431.0
1675.25,2806503,1675.25
2049.0,4198576,2049.0
557.75,311388,557.75
-440.0,193605,440.0
1668.0,2786022,1668.0
1316.25,1732779,1316.25
1636.0,2677546,1636.0
-410.0,168180,410.0
-560.0,314252,560.0
1798.75,3236514,1798.75
819.5,673312,819.5
-37.0,5794,66.5
1682.0,2844296,1682.0
2092.5,4378896,2092.5
2499.75,6263274,2499.75
283.25,80277,283.25
-2305.75,5317313,2305.75
-1296.75,1681867,1296.75
-537.5,299738,537.5
-196.0,38422,196.0
-1176.5,1384180,1176.5
-6.25,557,22.25
549.0,301802,549.0
540.25,291927,540.25
2015.25,4062400,2015.25
346.5,120133,346.5
2881.25,8302262,2881.25
139.0,19812,139.0
-113.5,13222,113.5
1432.5,2056301,1432.5
3093.25,9569309,3093.25
2990.5,8943296,2990.5
-496.0,246506,496.0
1435.75,2061892,1435.75
-1464.25,2144048,1464.25
-724.75,526208,724.75
-323.5,123949,323.5
170.75,29410,170.75
-782.75,614366,782.75
900.0,812721,900.0
76.75,28558,148.75
1225.25,1502864,1225.25
-363.0,134078,363.0
1438.25,2068805,1438.25
-107.25,11592,107.25
699.25,490152,699.25
3456.5,11947485,3456.5
-1023.75,1048160,1023.75
-1248.0,1560318,1248.0
-1102.0,1214462,1102.0
838.0,709167,838.0
1557.25,2425094,1557.25
-1154.75,1333673,1154.75
-1655.25,2741919,1655.25
-749.25,562219,749.25
2890.25,8361908,2890.25
1555.75,2420394,1555.75
-441.0,194624,441.0
72.25,5710,72.25
228.75,52562,228.75
2383.75,5684187,2383.75
-737.0,543456,737.0
303.25,92377,303.25
-1013.5,1027859,1013.5
748.75,560647,748.75
934.5,873466,934.5
1533.75,2353334,1533.75
416.5,173572,416.5
-228.0,52109,228.0
106.0,11954,106.0
355.0,126104,355.0
391.5,153307,391.5
102.25,10793,102.25
-110.25,12204,110.25
180.75,33138,180.75
-56.75,3528,56.75
145.25,23831,145.25
284.25,86932,284.25
-560.75,314779,560.75
721.0,520395,721.0
-465.75,216933,465.75
723.25,523421,723.25
723.25,523421,723.25
374.75,146962,374.75
-102.25,10662,102.25
-550.0,302560,550.0
-777.75,604935,777.75
-635.25,403561,635.25
821.5,675005,821.5
-419.25,175844,419.25
1741.75,3037910,1741.75
1774.75,3163889,1774.75
1934.75,3743325,1934.75
1321.0,1745132,1321.0
-475.5,228040,475.5
-385.75,153530,385.75
-589.75,347810,589.75
2356.75,5555429,2356.75
2393.75,5730820,2393.75
133.75,17967,133.75
-112.25,13243,112.25
1429.5,2043730,1429.5
-1185.0,1404526,1185.0
1081.5,1170948,1081.5
-576.75,332692,576.75
-431.75,186893,431.75
-374.25,140086,374.25
1077.75,1161684,1077.75
-997.5,995156,997.5
898.25,806929,898.25
-267.0,71441,267.0
2595.25,6735448,2595.25
1902.25,3623328,1902.25
357.5,129706,357.5
1660.0,2758875,1660.0
985.5,971788,985.5
955.75,913823,955.75
-215.0,46232,215.0
801.75,642842,801.75
846.75,717012,846.75
818.25,670051,818.25
1029.25,1059370,1029.25
239.5,57404,239.5
1001.25,1003329,1001.25
752.5,566416,752.5
793.75,631019,793.75
-383.25,150896,383.25
2425.25,5882082,2425.25
-2.75,316,15.75
1062.5,1128942,1062.5
445.5,199804,445.5
2480.5,6156158,2480.5
2671.5,7142514,2671.5
3184.5,10141640,3184.5
164.0,31596,164.0
1149.75,1321981,1149.75
1019.0,1038442,1019.0
1123.5,1262526,1123.5
1180.75,1394222,1180.75
54.25,3270,54.25
879.25,773110,879.25
2886.5,8332492,2886.5
875.25,766214,875.25
916.75,840995,916.75
3219.75,10366854,3219.75
2779.0,7723152,2779.0
-539.5,291122,539.5
-1331.5,1775392,1331.5
-1418.75,2012906,1418.75
-1627.25,2648165,1627.25
-2035.5,4146153,2035.5
1159.75,1345517,1159.75
1192.25,1421464,1192.25
1192.25,1421464,1192.25
-557.25,310570,557.25
-604.0,369043,604.0
-200.75,40505,200.75
3065.75,9399292,3065.75
-623.0,388516,623.0
-495.5,245886,495.5
4422.0,19564594,4422.0
91.5,9000,91.5
211.75,49779,211.75
2478.75,6144577,2478.75
4413.75,19481226,4413.75
1564.25,2450699,1564.25
2493.75,6218937,2493.75
242.25,58786,242.25
2877.25,8278925,2877.25
-949.75,915716,949.75
1237.75,1532201,1237.75
1108.0,1228292,1108.0
1018.25,1036924,1018.25
927.0,863550,927.0
4093.25,16754931,4093.25
1029.0,1060194,1029.0
-309.0,109180,309.0
1733.5,3005330,1733.5
1090.75,1193982,1090.75
-764.75,589013,764.75
2205.0,4862296,2205.0
751.25,564544,751.25
1719.75,2958339,1719.75
1446.0,2091326,1446.0
360.0,130316,360.0
954.25,910783,954.25
-99.5,13935,99.5
1492.25,2228351,1492.25
1661.5,2761684,1661.5
714.0,510122,714.0
992.5,985070,992.5
776.5,603352,776.5
1717.0,2948260,1717.0
1044.0,1089946,1044.0
1297.25,1683214,1297.25
1465.5,2152752,1465.5
665.75,443460,665.75
1617.75,2623378,1617.75
3315.75,10995079,3315.75
157.5,25494,157.5
280.75,79801,280.75
1762.0,3104681,1762.0
-784.5,617006,784.5
2834.25,8033129,2834.25
3783.0,14311931,3783.0
4845.25,23476665,4845.25
3434.0,11792358,3434.0
3064.25,9389643,3064.25
-77.75,16322,101.25
3040.75,9246964,3040.75
1245.25,1550946,1245.25
962.0,926450,962.0
673.5,454374,673.5
1052.0,1108270,1052.0
3294.5,10853896,3294.5
3503.5,12275892,3503.5
562.75,316816,562.75
865.75,752028,865.75
3375.0,11391318,3375.0
1393.5,1942378,1393.5
2462.75,6065271,2462.75
3548.5,12593932,3548.5
669.25,453353,669.25
2068.75,4279766,2068.75
5174.5,26777740,5174.5
587.75,345840,587.75
980.75,961912,980.75
1066.25,1137606,1066.25
2285.5,5223626,2285.5
3606.25,13007628,3606.25
225.5,54948,225.5
1782.5,3177407,1782.5
570.25,325191,570.25
379.75,144665,379.75
1258.0,1587672,1258.0
468.75,242611,468.75
1413.0,1996996,1413.0
2192.75,4927211,2192.75
1610.5,2594217,1610.5
1347.75,1816492,1347.75
2352.5,5536346,2352.5
1413.0,1996996,1413.0
4226.75,17865854,4226.75
1822.0,3336198,1822.0
684.25,494697,684.25
2671.5,7173964,2671.5
1004.5,1009040,1004.5
1570.25,2469740,1570.25
4689.75,21999975,4689.75
-176.75,35908,176.75
2072.5,4295592,2072.5
798.5,638000,798.5
1776.25,3155230,1776.25
3099.0,9604961,3099.0
353.0,129440,353.0
3640.25,13270825,3640.25
680.5,463096,680.5
651.0,424362,651.0
651.0,424362,651.0
3565.25,12722954,3565.25
1931.0,3729306,1931.0
1769.25,3131364,1769.25
1317.25,1735343,1317.25
1190.0,1416558,1190.0
2817.5,7938689,2817.5
300.0,90006,300.0
132.0,18296,132.0
495.0,245034,495.0
232.0,57132,232.0
446.0,198918,446.0
392.75,157111,392.75
446.75,199588,446.75
443.0,196906,443.0
333.25,111118,333.25
404.0,163866,404.0
404.0,163866,404.0
460.75,213370,460.75
333.25,111118,333.25
222.75,50725,222.75
232.0,57132,232.0
495.0,245034,495.0
392.75,157111,392.75
264.25,69841,264.25
443.0,196906,443.0
288.25,83159,288.25
504.0,254162,504.0
1068.0,1140648,1068.0
796.75,635033,796.75
4477.75,20051419,4477.75
1376.25,1896607,1376.25
-176.25,31385,176.25
2447.25,5989127,2447.25
1399.0,1958848,1399.0
318.75,101612,318.75
686.5,474087,686.5
497.0,247912,497.0
301.25,90879,301.25
178.0,33592,178.0
287.5,82916,287.5
272.25,74785,272.25
4330.25,18751666,4330.25
3959.0,15674192,3959.0
965.5,932558,965.5
926.75,862686,926.75
4336.0,18807200,4336.0
3595.75,12935806,3595.75
2845.5,8100063,2845.5
2915.0,8497430,2915.0
3164.25,10026268,3164.25
900.75,812239,900.75
1157.25,1339401,1157.25
3716.75,13814601,3716.75
3342.75,11174476,3342.75
1916.5,3675304,1916.5
4027.5,16220980,4027.5
1321.75,1747148,1321.75
1543.5,2383180,1543.5
2779.75,7727202,2779.75
519.5,270758,519.5
4008.25,16067246,4008.25
-593.25,353158,593.25
-355.5,128420,355.5
1549.75,2402061,1549.75
1003.75,1007971,1003.75
1141.75,1303602,1141.75
548.0,301648,548.0
548.0,301648,548.0
536.25,287848,536.25
796.75,635216,796.75
536.25,287848,536.25
650.0,422608,650.0
578.0,334100,578.0
513.25,264292,513.25
561.25,315363,561.25
598.25,359699,598.25
527.25,279879,527.25
725.75,527730,725.75
545.25,297955,545.25
527.25,279879,527.25
513.25,264292,513.25
527.75,280450,527.75
725.75,527730,725.75
662.25,440346,662.25
3120.75,9739222,3120.75
1139.5,1299412,1139.5
3858.25,14927602,3858.25
3857.0,14876666,3857.0
3772.75,14233671,3772.75
2891.25,8361607,2891.25
1689.75,2855421,1689.75
2247.0,5049038,2247.0
5310.75,28204557,5310.75
1369.5,1883720,1369.5
692.5,481479,692.5
838.75,703666,838.75
3147.5,9907206,3147.5
2472.0,6111392,2472.0
2014.25,4057385,2014.25
19.25,1092,26.25
312.0,111744,312.0
737.75,560127,737.75
1040.25,1084374,1040.25
1216.5,1479974,1216.5
3832.0,14684736,3832.0
411.0,170222,411.0
3054.5,9330159,3054.5
3914.75,15325434,3914.75
1232.75,1520780,1232.75
4655.75,21677531,4655.75
524.5,277652,524.5
1749.25,3059900,1749.25
1778.75,3164008,1778.75
2866.5,8217072,2866.5
3589.5,12885354,3589.5
1849.25,3419787,1849.25
1844.25,3401262,1844.25
602.25,363779,602.25
622.75,388360,622.75
780.75,609634,780.75
1795.75,3224723,1795.75
596.25,355515,596.25
992.0,989256,992.0
939.75,883735,939.75
927.25,859850,927.25
1007.5,1015102,1007.5
1052.5,1108946,1052.5
754.25,569182,754.25
1437.5,2066427,1437.5
1847.5,3414666,1847.5
1357.0,1842026,1357.0
3893.25,15158676,3893.25
1405.25,1974756,1405.25
1190.25,1416846,1190.25
783.75,619415,783.75
1434.5,2057975,1434.5
1858.25,3453555,1858.25
1445.25,2089496,1445.25
2168.25,4701426,2168.25
3628.5,13172990,3628.5
-1326.0,1758400,1326.0
1433.5,2054944,1433.5
316.5,100314,316.5
3802.5,14459763,3802.5
1054.25,1111691,1054.25
-950.0,902530,950.0
-549.75,309421,549.75
1623.5,2639990,1623.5
2737.0,7491518,2737.0
-1074.0,1154080,1074.0
3851.0,14830530,3851.0
374.5,142323,374.5
-1209.5,1462989,1209.5
1252.75,1569387,1252.75
726.75,530471,726.75
-693.0,481733,693.0
1320.75,1745027,1320.75
1219.75,1491371,1219.75
1450.0,2103798,1450.0
319.25,104575,319.25
2191.0,4800608,2191.0
438.5,194640,438.5
656.0,430594,656.0
815.25,664891,815.25
383.5,147153,383.5
1729.5,3003845,1729.5
2680.75,7187729,2680.75
2940.25,8645271,2940.25
2935.0,8614310,2935.0
822.25,677932,822.25
923.25,852489,923.25
-83.0,7996,83.0
312.5,100191,312.5
2767.25,7658637,2767.25
3555.25,12639867,3555.25
1657.5,2747835,1657.5
-36.0,7938,81.5
3083.5,9509791,3083.5
3062.5,9379052,3062.5
153.25,24342,153.25
74.0,5786,74.0
-9.5,5302,72.0
-962.75,928837,962.75
1161.0,1348060,1161.0
643.5,414192,643.5
376.0,141692,376.0
440.25,194961,440.25
747.25,559000,747.25
3423.0,11717352,3423.0
644.75,416273,644.75
6602.25,43591216,6602.25
-96.25,12600,96.25
3038.25,9232630,3038.25
156.75,24581,156.75
1047.0,1098104,1047.0
1607.75,2585104,1607.75
1213.25,1472006,1213.25
803.75,646447,803.75
1193.75,1425163,1193.75
1101.0,1212448,1101.0
2487.0,6185458,2487.0
-1002.5,1005340,1002.5
334.75,112088,334.75
1006.25,1013438,1006.25
-367.75,137596,367.75
2560.25,6555220,2560.25
2611.5,6822112,2611.5
1877.75,3548108,1877.75
4036.5,16294173,4036.5
2690.75,7240158,2690.75
1529.25,2340642,1529.25
1480.0,2190446,1480.0
339.0,116620,339.0
2258.25,5099887,2258.25
1128.0,1281130,1128.0
2602.75,6774924,2602.75
3004.0,9024150,3004.0
1725.25,2978556,1725.25
1303.0,1706002,1303.0
1364.5,1862958,1364.5
2890.5,8360406,2890.5
573.25,328712,573.25
3036.75,9222385,3036.75
951.5,906087,951.5
3040.0,9242498,3040.0
1169.25,1367756,1169.25
1150.5,1324092,1150.5
2343.5,5492153,2343.5
-330.75,109430,330.75
243.25,59840,243.25
4316.0,18627920,4316.0
4263.75,18182347,4263.75
508.75,261403,508.75
4239.5,17974210,4239.5
2200.75,4843636,2200.75
1344.75,1808427,1344.75
1863.0,3470798,1863.0
541.75,293500,541.75
1913.0,3659628,1913.0
3205.75,10276961,3205.75
1682.5,2830988,1682.5
1402.25,1966343,1402.25
3898.5,15202534,3898.5
2293.5,5260428,2293.5
4105.5,16861151,4105.5
2275.25,5178557,2275.25
-550.0,302526,550.0
2887.75,8385643,2887.75
2599.5,6757702,2599.5
3190.0,10179272,3190.0
1708.75,2921394,1708.75
1175.5,1387292,1175.5
3743.5,14014354,3743.5
2953.5,8724130,2953.5
1518.75,2309978,1518.75
1462.0,2137612,1462.0
2767.75,7660724,2767.75
2127.75,4528656,2127.75
835.75,698617,835.75
3585.75,12858849,3585.75
3356.75,11267932,3356.75
521.75,275780,521.75
-474.0,227201,474.0
1335.75,1786011,1335.75
-134.75,21670,134.75
405.0,164828,405.0
19.75,1949,39.25
1275.75,1627579,1275.75
381.75,146149,381.75
305.0,93074,305.0
3218.5,10365069,3218.5
3501.25,12263549,3501.25
1950.25,3803906,1950.25
2167.5,4698904,2167.5
-396.25,157449,396.25
2624.75,6904644,2624.75
3302.5,10906854,3302.5
69.0,13786,95.0
2734.75,7480763,2734.75
884.5,784069,884.5
1821.0,3316412,1821.0
1172.0,1375522,1172.0
604.75,370035,604.75
890.0,801416,890.0
-487.0,237668,487.0
2224.5,4949035,2224.5
495.0,245394,495.0
2600.75,6789605,2600.75
531.25,298102,531.25
7194.5,51762476,7194.5
-913.0,833926,913.0
320.75,102980,320.75
518.5,282320,518.5
1278.75,1635607,1278.75
-244.25,63542,244.25
9124.25,83262015,9124.25
3059.5,9383416,3059.5
4997.25,24978678,4997.25
-241.5,59530,241.5
4314.0,18618628,4314.0
2382.0,5680280,2382.0
-1551.25,2415748,1551.25
449.25,204563,449.25
227.5,52328,227.5
2619.25,6871342,2619.25
2071.0,4289218,2071.0
1107.75,1237980,1107.75
997.0,994223,997.0
679.5,463542,679.5
3546.0,12578956,3546.0
4494.5,20204410,4494.5
2881.5,8303348,2881.5
2520.0,6360452,2520.0
-1862.5,3469604,1862.5
1256.0,1581212,1256.0
399.75,162436,399.75
739.5,546870,739.5
914.0,835622,914.0
-1436.0,2062222,1436.0
-1515.5,2299618,1515.5
5800.5,33667337,5800.5
1820.25,3318617,1820.25
-197.25,46390,197.25
1147.0,1318736,1147.0
921.75,869573,921.75
780.75,609597,780.75
3119.75,9732897,3119.75
3676.25,13524823,3676.25
448.25,201596,448.25
6826.25,46600521,6826.25
2376.5,5658044,2376.5
4336.5,18812354,4336.5
290.75,86356,290.75
321.0,105976,321.0
1515.75,2298229,1515.75
1703.25,2970452,1703.25
762.75,586010,762.75
851.0,724350,851.0
2116.75,4481474,2116.75
3488.0,12166162,3488.0
2188.75,4794851,2188.75
1169.0,1367504,1169.0
1615.75,2618558,1615.75
3705.0,13734776,3705.0
-1944.5,3808149,1944.5
1057.5,1119624,1057.5
1002.25,1005025,1002.25
4170.25,17393766,4170.25
3164.25,10014807,3164.25
1778.5,3166430,1778.5
3088.0,9538120,3088.0
-395.5,157728,395.5
7651.75,58574556,7651.75
981.0,962704,981.0
460.25,212476,460.25
3344.5,11187014,3344.5
2895.75,8392257,2895.75
-91.75,9333,91.75
-429.75,195731,429.75
1228.5,1509488,1228.5
1647.5,2715576,1647.5
2399.25,5757121,2399.25
699.75,503826,699.75
-1038.5,1090708,1038.5
973.5,948060,973.5
914.0,835410,914.0
3797.25,14419965,3797.25
4931.5,24319801,4931.5
1645.0,2706128,1645.0
-585.0,342230,585.0
422.5,178656,422.5
4374.5,19138074,4374.5
-1523.75,2324023,1523.75
3591.0,12896048,3591.0
4183.5,17508278,4183.5
1633.5,2671786,1633.5
611.0,373968,611.0
322.0,105146,322.0
2118.75,4491709,2118.75
3653.0,13345532,3653.0
1724.25,2973060,1724.25
3660.5,13403469,3660.5
520.75,272150,520.75
3697.75,13680010,3697.75
1100.25,1211489,1100.25
3065.75,9398917,3065.75
939.75,888056,939.75
2035.0,4141552,2035.0
395.0,156102,395.0
536.75,299042,536.75
3070.25,9427578,3070.25
1849.25,3420503,1849.25
2765.0,7646292,2765.0
3043.5,9264844,3043.5
116.0,15374,116.0
1879.5,3536026,1879.5
1164.25,1362113,1164.25
2308.0,5328786,2308.0
1471.75,2166203,1471.75
2865.25,8211754,2865.25
-1638.75,2687333,1638.75
2543.25,6472801,2543.25
1407.25,1986261,1407.25
3566.0,12716386,3566.0
3765.75,14181514,3765.75
4932.5,24330969,4932.5
3264.25,10662053,3264.25
0.5,3044,54.5
3269.5,10692904,3269.5
4275.25,18278941,4275.25
6084.0,37016397,6084.0
1569.5,2464231,1569.5
1879.25,3573777,1879.25
4194.5,17603284,4194.5
865.0,752160,865.0
4097.5,16799702,4097.5
1122.75,1260800,1122.75
5090.0,25976498,5090.0
-399.0,159570,399.0
1278.5,1637558,1278.5
1393.0,1943942,1393.0
713.5,510378,713.5
-1139.0,1305902,1139.0
2585.75,6687146,2585.75
1126.25,1273339,1126.25
3403.25,11595134,3403.25
-3459.75,11969968,3459.75
1391.5,1937750,1391.5
2152.25,4655303,2152.25
1748.75,3058288,1748.75
331.25,109754,331.25
1716.25,2945886,1716.25
816.25,668594,816.25
1537.25,2363265,1537.25
2514.5,6323565,2514.5
3131.0,9803638,3131.0
2580.5,6661098,2580.5
1143.5,1308276,1143.5
1350.5,1823896,1350.5
2757.25,7604600,2757.25
1330.25,1771463,1330.25
2921.25,8533729,2921.25
663.25,440045,663.25
2395.25,5737314,2395.25
3934.25,15480410,3934.25
2211.0,4888574,2211.0
1198.75,1437301,1198.75
498.0,250134,498.0
3912.25,15306549,3912.25
1346.0,1821352,1346.0
2944.25,8674851,2944.25
1967.5,3871065,1967.5
921.25,848901,921.25
1098.75,1207392,1098.75
1604.5,2575344,1604.5
1722.5,2991356,1722.5
-453.0,205216,453.0
789.25,623386,789.25
2740.75,7518409,2740.75
-261.5,68420,261.5
989.5,979322,989.5
2938.75,8646448,2938.75
2364.5,5591924,2364.5
188.25,36183,188.25
1892.5,3581963,1892.5
521.25,272045,521.25
2416.5,5840079,2416.5
2160.75,4671146,2160.75
3205.25,10283164,3205.25
922.75,851751,922.75
1291.5,1668843,1291.5
68.25,4756,68.25
1698.75,2907321,1698.75
883.5,780684,883.5
1222.75,1495244,1222.75
-36.0,3644,48.0
-1417.0,2013867,1417.0
-552.75,306530,552.75
1057.75,1118953,1057.75
7950.25,63208163,7950.25
-1187.75,1411033,1187.75
-608.0,374730,608.0
1556.75,2425531,1556.75
104.0,10846,104.0
-287.25,84919,287.25
-469.5,224789,469.5
602.0,363252,602.0
4133.75,17090653,4133.75
1075.5,1160102,1075.5
-171.75,35792,171.75
2605.0,6787388,2605.0
-26.0,1722,28.0
2741.0,7521221,2741.0
1704.25,2907063,1704.25
1870.75,3500989,1870.75
1564.0,2446328,1564.0
102.0,22158,111.0
4141.5,17152957,4141.5
44.75,2039,44.75
4790.0,22944316,4790.0
1800.25,3243648,1800.25
2865.0,8208602,2865.0
1383.5,1914392,1383.5
-2034.75,4141955,2034.75
4441.0,19728022,4441.0
3538.75,12545630,3538.75
1938.25,3758937,1938.25
3653.25,13350423,3653.25
975.5,961204,975.5
3798.75,14453566,3798.75
2013.75,4061421,2013.75
-492.25,260813,492.25
3062.5,9380034,3062.5
1435.75,2061678,1435.75
2963.75,8788126,2963.75
2464.0,6072284,2464.0
5734.75,32887901,5734.75
3835.5,14716552,3835.5
2127.0,4528882,2127.0
2862.5,8194661,2862.5
4502.75,20278502,4502.75
3718.0,13823606,3718.0
2924.0,8549834,2924.0
3672.25,13485753,3672.25
3279.0,10753702,3279.0
3317.75,11007696,3317.75
3907.75,15272273,3907.75
5978.5,35742737,5978.5
1042.0,1085862,1042.0
5370.0,28837168,5370.0
-1084.75,1178313,1084.75
3200.75,10247077,3200.75
6356.5,40405582,6356.5
2652.5,7036768,2652.5
2213.5,4902618,2213.5
4091.75,16747603,4091.75
4144.75,18698569,4144.75
2465.75,6083234,2465.75
3000.25,9001522,3000.25
2494.25,6227436,2494.25
4213.25,17751594,4213.25
2910.75,8474255,2910.75
2225.5,4952953,2225.5
1113.5,1241832,1113.5
1987.0,3948188,1987.0
2763.75,7638411,2763.75
2594.5,6731966,2594.5
3225.5,10404303,3225.5
3793.25,14408915,3793.25
4436.75,19684905,4436.75
3926.25,15417876,3926.25
4.0,2420,49.0
1753.0,3075226,1753.0
13208.25,174476848,13208.25
3918.25,15354396,3918.25
3180.25,10120200,3180.25
3753.25,14092577,3753.25
2730.0,7474164,2730.0
3139.25,9856445,3139.25
-754.0,572368,754.0
3463.75,12001432,3463.75
3738.75,13978294,3738.75
3434.75,11797571,3434.75
5483.0,30068768,5483.0
-2330.75,5434630,2330.75
5807.75,33731333,5807.75
4085.75,16695475,4085.75
6434.25,41400367,6434.25
338.75,122990,338.75
2957.5,8746968,2957.5
4890.25,23915889,4890.25
2537.0,6440878,2537.0
5106.5,26077448,5106.5
4597.25,21135002,4597.25
4622.5,21367541,4622.5
6489.0,42115636,6489.0
1837.5,3378000,1837.5
4031.5,16273005,4031.5
3870.25,14981874,3870.25
4720.75,22290124,4720.75
3157.75,9990810,3157.75
4106.75,16982865,4106.75
3606.0,13012978,3606.0
3154.0,9949528,3154.0
1014.75,1030323,1014.75
429.5,186457,429.5
3140.75,9869088,3140.75
2972.75,8843627,2972.75
805.0,649066,805.0
15023.75,225750806,15023.75
3866.5,14949912,3866.5
1083.5,1174251,1083.5
4095.0,16769932,4095.0
2847.0,8106540,2847.0
3167.5,10033504,3167.5
3320.25,11026744,3320.25
4580.5,20981884,4580.5
5439.25,29594409,5439.25
7238.25,52392400,7238.25
6203.75,38489418,6203.75
6152.75,37867837,6152.75
995.5,991848,995.5
4713.0,22214694,4713.0
1945.0,3785156,1945.0
3511.5,12331714,3511.5
2889.25,8361634,2889.25
3338.25,11144398,3338.25
147.0,22984,147.0
5043.5,25441208,5043.5
3445.0,11870226,3445.0
743.75,553198,743.75
504.25,256466,504.25
2477.75,6139484,2477.75
2730.25,7454719,2730.25
2810.0,7896592,2810.0
2202.25,4854277,2202.25
-747.5,562370,747.5
9916.0,98329522,9916.0
2067.5,4276986,2067.5
6297.5,39658910,6297.5
1974.75,3901761,1974.75
4267.75,18219404,4267.75
3328.75,11083294,3328.75
3030.0,9181712,3030.0
3228.25,10421603,3228.25
4389.25,19266375,4389.25
5897.25,34783086,5897.25
3529.0,12456292,3529.0
799.5,639739,799.5
1903.0,3621514,1903.0
3354.25,11253952,3354.25
440.0,203130,440.0
3293.5,10847266,3293.5
1973.5,3896394,1973.5
1933.5,3738520,1933.5
2480.25,6152617,2480.25
-1742.75,3041846,1742.75
2512.25,6312599,2512.25
1289.75,1664971,1289.75
903.0,816692,903.0
-613.5,376484,613.5
1318.25,1741188,1318.25
1030.75,1063364,1030.75
1009.75,1020622,1009.75
1391.25,1935935,1391.25
-505.25,255342,505.25
1124.0,1266242,1124.0
733.0,537744,733.0
93.5,8782,93.5
32.0,1050,32.0
1231.75,1543149,1231.75
-1208.5,1460576,1208.5
57.5,12150,94.0
-1484.5,2203785,1484.5
488.75,239124,488.75
388.0,150740,388.0
1646.75,2712877,1646.75
-3463.0,12013340,3463.0
-777.75,605118,777.75
-126.25,16054,126.25
1215.5,1481487,1215.5
-1145.75,1312972,1145.75
1227.75,1511896,1227.75
2042.25,4187650,2042.25
2951.5,8711691,2951.5
3218.75,10360878,3218.75
3218.75,10360878,3218.75
145.5,25278,145.5
145.5,25278,145.5
99.0,9878,99.0
1491.5,2224633,1491.5
154.5,23930,154.5
-1069.0,1142898,1069.0
1012.75,1025759,1012.75
2558.75,6548925,2558.75
-250.75,63684,250.75
46.0,2154,46.0
253.75,71732,253.75
1679.75,2822368,1679.75
2290.25,5256765,2290.25
622.0,386930,622.0
-457.75,209866,457.75
2267.5,5152912,2267.5
348.5,121814,348.5
-82.5,7394,82.5
1613.5,2615956,1613.5
1973.75,3896209,1973.75
-985.5,975168,985.5
829.75,688735,829.75
-1024.75,1050616,1024.75
1512.25,2287578,1512.25
960.75,924117,960.75
120.5,15114,120.5
2241.0,5029276,2241.0
-1.5,7486,86.0
230.5,55209,230.5
479.75,230825,479.75
-1361.75,1869353,1361.75
1501.75,2255314,1501.75
1640.0,2690544,1640.0
2230.25,4975840,2230.25
468.5,219790,468.5
654.5,428626,654.5
5501.5,30267634,5501.5
714.0,509850,714.0
2163.0,4687446,2163.0
-523.5,287344,523.5
262.0,68994,262.0
114.25,22151,114.25
2943.25,8662751,2943.25
59.0,3582,59.0
-435.0,189606,435.0
461.25,212902,461.25
3036.75,9221902,3036.75
2461.5,6059056,2461.5
2899.0,8438471,2899.0
700.5,490906,700.5
-679.0,461735,679.0
-302.0,91552,302.0
3030.0,9181192,3030.0
1579.75,2495626,1579.75
1895.75,3594077,1895.75
-894.0,802374,894.0
699.5,489323,699.5
1182.75,1400014,1182.75
-730.25,533717,730.25
695.75,485405,695.75
-602.0,364578,602.0
-33.5,7858,80.0
1622.75,2640559,1622.75
1623.75,2637195,1623.75
-836.0,702866,836.0
-1989.25,3989944,1989.25
1123.0,1261291,1123.0
176.25,31710,176.25
3592.0,12902796,3592.0
1148.75,1319728,1148.75
854.0,729320,854.0
-1470.0,2161862,1470.0
1716.5,2947786,1716.5
425.0,180924,425.0
482.5,235570,482.5
1846.5,3410641,1846.5
-690.0,495642,690.0
-2195.0,4820214,2195.0
-303.25,97604,303.25
2307.5,5328194,2307.5
1046.25,1095404,1046.25
2126.75,4527629,2126.75
219.75,48409,219.75
1793.75,3223670,1793.75
104.5,11057,104.5
-1309.25,1714593,1309.25
282.0,79884,282.0
1278.75,1635283,1278.75
-1137.75,1310297,1137.75
-434.25,188661,434.25
-824.5,681580,824.5
1071.25,1149973,1071.25
2373.75,5635166,2373.75
413.0,171018,413.0
1210.75,1466371,1210.75
1914.25,3665305,1914.25
-2453.0,6021992,2453.0
-1131.25,1279855,1131.25
-1063.5,1134553,1063.5
3311.25,10966747,3311.25
-554.5,307640,554.5
1345.0,1811558,1345.0
2198.0,4834040,2198.0
2091.5,4374530,2091.5
-465.75,218167,465.75
-1.75,1154,32.75
1085.5,1178658,1085.5
-166.0,29450,166.0
2136.5,4625368,2136.5
974.25,952060,974.25
-301.5,91125,301.5
3050.25,9309158,3050.25
-324.75,113440,324.75
2311.25,5344776,2311.25
343.0,118466,343.0
2129.0,4537744,2129.0
2780.5,7731526,2780.5
2470.5,6104385,2470.5
2474.5,6123222,2474.5
-1152.25,1327692,1152.25
-416.75,174724,416.75
507.0,1084770,814.5
3315.5,10995546,3315.5
-1058.0,1125532,1058.0
2950.25,8705540,2950.25
329.25,108510,329.25
982.75,968859,982.75
1450.0,2102536,1450.0
1014.5,1030151,1014.5
-141.75,21302,141.75
1846.25,3409595,1846.25
1192.5,1422486,1192.5
2412.25,5820255,2412.25
163.5,26812,163.5
1032.5,1067428,1032.5
-328.75,108218,328.75
3233.5,10456574,3233.5
-696.25,487601,696.25
851.0,728859,851.0
3965.25,15739022,3965.25
634.25,402374,634.25
1009.75,1021938,1009.75
253.25,69904,253.25
-158.75,30230,158.75
1957.25,3831513,1957.25
3190.25,10183535,3190.25
1268.5,1610508,1268.5
636.0,408345,636.0
243.25,59461,243.25
-52.5,5178,52.5
1293.25,1674220,1293.25
1373.5,1888338,1373.5
2790.25,7787359,2790.25
958.5,919222,958.5
2213.25,4908253,2213.25
1329.0,1766848,1329.0
1149.75,1322274,1149.75
1960.0,3841688,1960.0
3836.75,14722241,3836.75
-633.25,401102,633.25
2405.75,5790925,2405.75
802.75,644609,802.75
1802.0,3247268,1802.0
3159.25,9986495,3159.25
215.0,46514,215.0
-50.5,2558,50.5
-1649.5,2720902,1649.5
309.5,95859,309.5
-212.0,45516,212.0
3812.75,14555074,3812.75
3278.0,10745346,3278.0
1369.0,1874178,1369.0
-24.5,25826,158.5
638.25,407828,638.25
-4383.25,19213481,4383.25
275.25,77060,275.25
481.75,232356,481.75
895.5,803377,895.5
1549.75,2402013,1549.75
-2162.25,4689427,2162.25
1610.75,2599620,1610.75
1682.75,2833283,1682.75
2452.75,6016509,2452.75
1593.75,2543845,1593.75
-814.75,676762,814.75
1714.5,2939948,1714.5
306.25,94934,306.25
4081.0,16658154,4081.0
2921.0,8549552,2921.0
1694.5,2874320,1694.5
2840.5,8069234,2840.5
12674.25,160641980,12674.25
1669.5,2787937,1669.5
2842.25,8079005,2842.25
894.75,802097,894.75
652.5,430878,652.5
-513.25,264413,513.25
-972.5,949628,972.5
-612.5,375468,612.5
1534.0,2353290,1534.0
-1339.5,1794288,1339.5
191.75,37451,191.75
-4086.0,16695426,4086.0
-1248.0,1558117,1248.0
3032.75,9216557,3032.75
1060.0,1124548,1060.0
2589.75,6719640,2589.75
2237.5,5007732,2237.5
5334.5,28466570,5334.5
-275.5,79548,275.5
1567.0,2469590,1567.0
1916.25,3672351,1916.25
332.75,111825,332.75
3654.75,13357500,3654.75
3355.5,11264069,3355.5
583.5,353943,583.5
3585.75,12857719,3585.75
-831.5,693398,831.5
1289.25,1664956,1289.25
-1237.25,1530816,1237.25
1587.25,2520104,1587.25
-988.0,980020,988.0
2270.5,5173544,2270.5
7740.75,59920526,7740.75
-1159.5,1344536,1159.5
589.0,346988,589.0
2083.75,4342244,2083.75
-1202.0,1445758,1202.0
1583.75,2510002,1583.75
6839.75,46782752,6839.75
833.25,703086,833.25
-2196.0,4827358,2196.0
2779.0,7723046,2779.0
2232.75,4987765,2232.75
661.75,440439,661.75
2180.25,4754429,2180.25
625.75,393585,625.75
2847.0,8105474,2847.0
2462.25,6062703,2462.25
-1368.0,1872090,1368.0
-1635.5,2680989,1635.5
1791.0,3207865,1791.0
362.0,131554,362.0
-1036.0,1074604,1036.0
-618.75,385869,618.75
-287.25,82873,287.25
-372.25,138806,372.25
-1226.5,1515454,1226.5
1704.5,2906772,1704.5
1704.5,2906772,1704.5
1089.5,1187048,1089.5
-5.25,3028,54.75
-3111.25,9681662,3111.25
908.0,826619,908.0
-687.75,474445,687.75
2421.75,5868432,2421.75
-1436.0,2062864,1436.0
618.5,386705,618.5
-33.5,2124,34.0
-687.25,473945,687.25
1042.25,1086479,1042.25
-194.5,39812,194.5
-1499.25,2248062,1499.25
-1444.75,2109151,1444.75
1647.5,2716888,1647.5
1862.5,3470932,1862.5
4478.5,20060044,4478.5
-20.5,441,20.5
1138.5,1296774,1138.5
-1649.0,2719534,1649.0
-1837.25,3375821,1837.25
-1774.75,3150695,1774.75
350.0,122622,350.0
458.25,210031,458.25
1040.75,1086599,1040.75
28.0,10312,97.5
215.5,49688,215.5
864.5,749361,864.5
540.25,292171,540.25
-424.75,180849,424.75
-2729.0,7452227,2729.0
579.5,335990,579.5
747.0,564750,747.0
443.75,202723,443.75
447.75,200665,447.75
2865.0,8209954,2865.0
1681.25,2826766,1681.25
2240.75,5021378,2240.75
2770.75,7677463,2770.75
-1445.75,2092379,1445.75
103.75,10927,103.75
-32.5,1248,32.5
888.5,792464,888.5
-9.25,191,9.25
-189.75,37749,189.75
492.25,243057,492.25
1812.5,3286604,1812.5
-614.75,378395,614.75
-1398.25,1955645,1398.25
2201.5,4850031,2201.5
548.0,301640,548.0
-300.0,91097,300.0
1061.75,1127627,1061.75
-2093.0,4385550,2093.0
-1897.75,3602371,1897.75
2160.5,4669294,2160.5
2551.5,6511358,2551.5
838.25,702999,838.25
92.0,9696,92.0
131.0,17314,131.0
1706.5,2922798,1706.5
2048.75,4200485,2048.75
-216.0,47580,216.0
2791.75,7794048,2791.75
3037.5,9227495,3037.5
3020.75,9130951,3020.75
1162.25,1353690,1162.25
-232.25,81251,232.25
85.0,11138,85.0
3596.75,12940822,3596.75
1039.75,1084776,1039.75
-1362.0,1855146,1362.0
-1294.75,1702108,1294.75
-1058.25,1127213,1058.25
-1780.0,3168416,1780.0
657.5,447142,657.5
-1623.0,2634232,1623.0
2440.75,5959889,2440.75
-321.75,106009,321.75
1893.75,3586960,1893.75
-57.0,6220,57.0
1235.25,1527319,1235.25
-1244.25,1548343,1244.25
1142.25,1305441,1142.25
-152.25,24137,152.25
-620.25,391096,620.25
-378.75,143905,378.75
4418.75,19525457,4418.75
4494.5,20203440,4494.5
-755.25,570951,755.25
913.75,835039,913.75
-973.0,947018,973.0
1933.5,3738627,1933.5
4489.5,20157832,4489.5
790.75,625364,790.75
-1695.5,2874852,1695.5
815.25,664720,815.25
785.0,621202,785.0
-1414.25,2000751,1414.25
-1292.5,1671062,1292.5
-277.75,78405,277.75
3099.25,9607090,3099.25
961.0,923562,961.0
836.0,699222,836.0
-661.25,437519,661.25
1558.0,2429796,1558.0
838.25,702732,838.25
-140.5,19755,140.5
46.5,2586,46.5
3195.0,10208684,3195.0
159.0,31136,159.0
-1312.5,1722804,1312.5
3961.75,15695582,3961.75
-94.5,9724,94.5
528.5,279358,528.5
21.75,531,21.75
2593.75,6727797,2593.75
-1145.25,1311666,1145.25
-1399.25,1959557,1399.25
1041.25,1096207,1041.25
2264.75,5129174,2264.75
89.75,8994,89.75
-1791.5,3211738,1791.5
-86.25,7759,86.25
948.5,901032,948.5
-1012.75,1026205,1012.75
-209.5,43912,209.5
-329.0,110468,329.0
997.0,998676,997.0
-1226.5,1510564,1226.5
-184.0,33916,184.0
1387.0,1927856,1387.0
2240.75,5024856,2240.75
-275.5,76510,275.5
1939.75,3763160,1939.75
-231.25,54428,231.25
-373.0,140154,373.0
1649.0,2727717,1649.0
-3101.5,9619810,3101.5
-2479.0,6145598,2479.0
1917.75,3681190,1917.75
-2807.75,7883577,2807.75
-497.0,252030,497.0
1537.75,2364870,1537.75
-1835.25,3368158,1835.25
-1791.0,3209946,1791.0
4409.0,19440450,4409.0
1607.5,2584314,1607.5
-1250.75,1564418,1250.75
2027.25,4114153,2027.25
473.0,226827,473.0
3218.0,10357558,3218.0
-727.25,528954,727.25
1040.25,1087535,1040.25
1684.0,2841882,1684.0
913.25,835916,913.25
1158.25,1341823,1158.25
3432.5,11782122,3432.5
410.25,172117,410.25
596.5,355917,596.5
1130.5,1280442,1130.5
174.75,34119,174.75
-600.0,361494,600.0
1094.25,1198096,1094.25
3376.75,11402689,3376.75
-1171.0,1371338,1171.0
1550.75,2406697,1550.75
1489.0,2217408,1489.0
426.25,186626,426.25
180.0,36834,180.0
1898.5,3604476,1898.5
785.75,663393,785.75
-1549.5,2401343,1549.5
1684.0,2838094,1684.0
-1885.0,3553756,1885.0
-345.25,119506,345.25
1644.25,2703561,1644.25
594.25,355180,594.25
-55.5,7545,66.5
3267.25,10675805,3267.25
3386.75,11492109,3386.75
3386.75,11492109,3386.75
805.75,649303,805.75
-3194.25,10203295,3194.25
534.25,288665,534.25
1523.0,2325558,1523.0
1227.0,1511884,1227.0
2356.25,5555805,2356.25
-751.75,565208,751.75
1670.75,2792124,1670.75
-152.5,24634,152.5
2111.0,4456330,2111.0
7629.25,58206063,7629.25
1447.0,2095518,1447.0
1551.25,2413401,1551.25
2746.25,7542041,2746.25
2189.75,4798133,2189.75
1305.5,1716012,1305.5
-411.0,169510,411.0
-2260.25,5108803,2260.25
978.75,969354,978.75
3063.5,9389150,3063.5
518.5,269122,518.5
-49.75,5332,54.75
-480.0,231401,480.0
-146.75,21810,146.75
-684.75,470266,684.75
-828.5,687611,828.5
329.5,109290,329.5
-299.75,89886,299.75
-1016.25,1048280,1016.25
914.75,839503,914.75
-334.5,116240,334.5
454.25,209752,454.25
3706.75,14573643,3706.75
1492.5,2228919,1492.5
1073.5,1152436,1073.5
-973.75,948233,973.75
1090.25,1188695,1090.25
502.75,253844,502.75
3027.0,9191816,3027.0
-139.5,20028,139.5
4120.5,16981252,4120.5
1598.25,2556502,1598.25
-899.5,810333,899.5
2167.25,4709280,2167.25
1608.0,2585752,1608.0
-1018.25,1039271,1018.25
-744.75,561187,744.75
4598.0,21150258,4598.0
-495.75,246296,495.75
-157.25,30984,157.25
-897.0,805888,897.0
-906.5,832424,906.5
2201.0,4844490,2201.0
-1810.25,3277862,1810.25
1721.5,2964181,1721.5
596.5,356696,596.5
1680.0,2825706,1680.0
2293.25,5259051,2293.25
1967.25,3871654,1967.25
2537.75,6441560,2537.75
110.5,14801,110.5
-1266.25,1622885,1266.25
541.25,293385,541.25
-278.75,86779,278.75
943.5,895704,943.5
729.25,533420,729.25
-538.5,295854,538.5
147.25,21689,147.25
1470.25,2174388,1470.25
1995.5,3983224,1995.5
1542.25,2378700,1542.25
592.5,353976,592.5
-112.0,17656,112.0
985.75,972799,985.75
651.5,443734,651.5
467.5,219058,467.5
-255.0,65560,255.0
-1742.75,3037676,1742.75
1975.0,3926248,1975.0
1930.5,3730560,1930.5
453.75,208048,453.75
1905.25,3631607,1905.25
2270.75,5157806,2270.75
478.25,228882,478.25
717.5,515919,717.5
1179.0,1393266,1179.0
1030.25,1062588,1030.25
1056.5,1118058,1056.5
779.0,607228,779.0
-981.75,963988,981.75
1336.25,1786067,1336.25
-128.75,17151,128.75
-197.0,39250,197.0
2371.25,5641124,2371.25
3688.75,13607720,3688.75
1210.25,1465076,1210.25
2093.5,4384527,2093.5
575.75,331598,575.75
1193.0,1423520,1193.0
3586.25,12868025,3586.25
2240.0,5017646,2240.0
-363.0,132556,363.0
187.75,35823,187.75
665.25,442735,665.25
1572.25,2472989,1572.25
-750.5,563312,750.5
-1825.0,3330978,1825.0
1988.25,3954179,1988.25
212.25,46526,212.25
2458.75,6046206,2458.75
370.75,138739,370.75
154.75,28482,154.75
-584.5,343358,584.5
-947.5,898781,947.5
3205.75,10281785,3205.75
-613.5,378334,613.5
-401.25,163142,401.25
1526.5,2330210,1526.5
-3340.5,11159014,3340.5
831.5,697716,831.5
2987.25,8931827,2987.25
2383.5,5684982,2383.5
-2225.25,4952200,2225.25
7987.75,63812584,7987.75
-18.75,2040,40.25
-287.0,82396,287.0
2044.25,4179407,2044.25
-1200.0,1441022,1200.0
3565.5,12712792,3565.5
271.5,74694,271.5
-525.75,278027,525.75
-495.75,249542,495.75
142.25,21761,142.25
-1015.0,1031486,1015.0
-847.25,721289,847.25
-85.25,7294,85.25
294.0,92372,294.0
-469.25,220766,469.25
848.25,722009,848.25
1229.0,1515068,1229.0
952.75,911356,952.75
412.25,170352,412.25
-1197.0,1433272,1197.0
832.25,707107,832.25
204.0,55542,204.0
-544.75,300593,544.75
54.0,3671,54.0
57.0,3292,57.0
132.25,18976,132.25
250.75,68286,250.75
-1511.5,2284738,1511.5
124.5,16238,124.5
-176.5,141805,332.5
-2181.0,4761190,2181.0
526.0,286396,526.0
35.25,1486,35.25
-199.25,40229,199.25
-932.75,871434,932.75
924.0,854461,924.0
416.25,185108,416.25
-734.25,561256,734.25
576.75,335139,576.75
511.0,261870,511.0
-202.75,41259,202.75
925.5,856630,925.5
1009.0,1019352,1009.0
-2461.0,6135376,2461.0
-1546.5,2396194,1546.5
3786.0,14335692,3786.0
608.75,370846,608.75
2503.5,6303442,2503.5
4037.5,16302570,4037.5
-696.25,484811,696.25
308.0,96389,308.0
-460.0,212116,460.0
-119.0,14284,119.0
-1154.25,1336363,1154.25
909.25,827141,909.25
3794.0,14394830,3794.0
261.75,73977,261.75
-1150.75,1324509,1150.75
-1107.0,1227018,1107.0
563.0,331758,563.0
4369.25,19605401,4369.25
-869.5,756218,869.5
-728.0,530718,728.0
-1625.75,2647394,1625.75
1599.75,2559504,1599.75
89.25,10818,89.25
1339.5,1795332,1339.5
795.25,632444,795.25
-1644.0,2703280,1644.0
301.5,98148,301.5
-1130.75,1282233,1130.75
279.75,78337,279.75
-1672.0,2797412,1672.0
103.5,11487,103.5
63.25,4734,63.25
680.25,465273,680.25
-1405.0,1974070,1405.0
-1308.0,1711378,1308.0
-1116.0,1256028,1116.0
-2392.75,5725295,2392.75
-1195.75,1429858,1195.75
-644.75,415741,644.75
-651.0,424001,651.0
-626.25,392271,626.25
577.0,334962,577.0
-1365.5,1865326,1365.5
2245.25,5041523,2245.25
454.25,207321,454.25
996.5,993367,996.5
-603.5,366920,603.5
735.0,540276,735.0
1932.0,3733600,1932.0
-1295.25,1677740,1295.25
-2361.5,5578364,2361.5
-656.0,431278,656.0
-12.75,3000,53.25
962.25,925946,962.25
5156.25,26589665,5156.25
940.75,885125,940.75
-263.5,71044,263.5
-1584.0,2514028,1584.0
2297.0,5284503,2297.0
2276.5,5183734,2276.5
2397.0,5747626,2397.0
-566.0,320510,566.0
160.75,26234,160.75
-1710.25,2925104,1710.25
-1300.0,1690542,1300.0
-1449.25,2100380,1449.25
-1414.0,2001204,1414.0
-708.75,504420,708.75
-1.5,2170,46.5
373.25,140081,373.25
-976.5,953772,976.5
822.5,684505,822.5
617.5,382460,617.5
1994.0,3991924,1994.0
1002.75,1009733,1002.75
-52.75,3142,52.75
840.5,713105,840.5
352.75,124490,352.75
429.5,184589,429.5
-883.25,780644,883.25
1409.25,1986189,1409.25
-124.25,15679,124.25
-996.0,992332,996.0
1734.5,3009902,1734.5
-810.5,656921,810.5
-1121.25,1258560,1121.25
-490.0,240134,490.0
3059.75,9363942,3059.75
255.75,67222,255.75
-264.0,70778,264.0
-644.25,417690,644.25
35.25,2881,40.75
309.25,95685,309.25
44.75,2022,44.75
264.5,72132,264.5
1927.0,3714536,1927.0
-702.5,493640,702.5
-1169.0,1366668,1169.0
757.0,573084,757.0
5521.5,30536340,5521.5
-170.25,31326,170.25
2086.75,4354719,2086.75
3126.5,9776782,3126.5
1194.25,1427810,1194.25
-1426.0,2033528,1426.0
-129.0,16667,129.0
510.75,272464,510.75
-1235.0,1526282,1235.0
4408.25,19437836,4408.25
843.5,711912,843.5
-642.0,416266,642.0
829.75,688736,829.75
1271.0,1615971,1271.0
-698.0,489033,698.0
-579.25,336997,579.25
803.25,645414,803.25
1423.25,2026453,1423.25
1884.75,3552404,1884.75
988.0,977084,988.0
3795.25,14405084,3795.25
-810.75,657716,810.75
444.5,198410,444.5
180.75,33427,180.75
-79.5,9700,79.5
2568.25,6597181,2568.25
1509.5,2279266,1509.5
1357.25,1842611,1357.25
1235.5,1526566,1235.5
1404.5,1975762,1404.5
2525.5,6378166,2525.5
-186.75,35277,186.75
1326.25,1763220,1326.25
2655.0,7050928,2655.0
-60.25,9698,77.75
281.5,84876,281.5
186.0,34708,186.0
-1198.25,1436139,1198.25
-977.5,955516,977.5
-555.0,308155,555.0
-260.5,68548,260.5
189.0,35778,189.0
1020.75,1041982,1020.75
2066.5,4272587,2066.5
2665.0,7110342,2665.0
2008.5,4035195,2008.5
3461.25,11980345,3461.25
3476.75,12093110,3476.75
2063.5,4261940,2063.5
3471.5,12051488,3471.5
1972.75,3892024,1972.75
3204.25,10267328,3204.25
2085.5,4350437,2085.5
3201.0,10246450,3201.0
24.75,2330,41.25
-854.75,734599,854.75
1861.25,3464588,1861.25
1450.0,2104404,1450.0
911.5,838096,911.5
3138.25,9852412,3138.25
3261.75,10639521,3261.75
3036.75,9222112,3036.75
-384.0,148186,384.0
1361.75,1855510,1361.75
1533.0,2351282,1533.0
3589.0,12880935,3589.0
3517.0,12392272,3517.0
3235.75,10471284,3235.75
597.25,357984,597.25
-2186.5,4781357,2186.5
203.75,42501,203.75
-2657.25,7061000,2657.25
-807.5,652446,807.5
-425.25,182275,425.25
26.75,1572,28.75
211.5,45544,211.5
-779.75,608974,779.75
73.75,5968,73.75
61.75,4342,61.75
-407.25,165931,407.25
2358.25,5563622,2358.25
-608.5,370467,608.5
-929.25,864691,929.25
-733.75,538407,733.75
-658.75,435554,658.75
959.25,922375,959.25
-2188.75,4795145,2188.75
2013.75,4055545,2013.75
-2229.5,4970716,2229.5
933.5,872394,933.5
1542.5,2381131,1542.5
-2037.25,4153346,2037.25
-1011.25,1024174,1011.25
1114.75,1242797,1114.75
2856.5,8173520,2856.5
1108.75,1240725,1108.75
-1903.25,3622699,1903.25
-548.5,301182,548.5
-146.0,23864,146.0
-2227.5,4963415,2227.5
1120.25,1256341,1120.25
-142.25,20434,142.25
-1335.25,1782911,1335.25
-893.75,807743,893.75
-2005.75,4023054,2005.75
-999.0,1001044,999.0
-500.75,256626,500.75
2961.75,8783276,2961.75
-138.0,19106,138.0
2967.25,8809047,2967.25
-2525.25,6382048,2525.25
-1054.75,1120380,1054.75
2061.0,4249690,2061.0
-1668.5,2784781,1668.5
-1856.25,3446378,1856.25
-2526.75,6403192,2526.75
-757.5,576342,757.5
-128.75,25020,128.75
317.5,114050,317.5
523.25,276899,523.25
3149.25,10715400,3149.25
407.5,171104,407.5
825.75,687033,825.75
12.5,1085,29.5
-1224.0,1498541,1224.0
-354.25,126748,354.25
-1085.25,1179164,1085.25
-956.25,916723,956.25
888.5,791480,888.5
-2003.25,4015161,2003.25
-312.75,98949,312.75
531.5,284499,531.5
436.0,190746,436.0
-590.75,349111,590.75
564.0,318786,564.0
2901.5,8425274,2901.5
-278.5,80094,278.5
-374.5,140526,374.5
-2838.0,8117612,2838.0
-1439.0,2076320,1439.0
-2962.25,8782121,2962.25
-452.25,205311,452.25
3805.0,14482659,3805.0
-1966.5,3869041,1966.5
-837.5,701538,837.5
-138.0,21126,138.0
-922.25,851722,922.25
-323.0,104539,323.0
553.0,306298,553.0
-1513.25,2290760,1513.25
3303.75,10963056,3303.75
4250.0,18065217,4250.0
-589.0,353984,589.0
1558.5,2428934,1558.5
911.25,833926,911.25
1578.25,2491188,1578.25
-930.25,868544,930.25
-241.5,60578,241.5
195.0,39556,195.0
-513.25,263725,513.25
1661.75,2763227,1661.75
1060.75,1127769,1060.75
650.0,425838,650.0
-235.25,58008,235.25
1859.25,3461477,1859.25
617.25,382962,617.25
-1213.0,1471844,1213.0
-1868.75,3492767,1868.75
-1586.0,2516888,1586.0
991.5,983092,991.5
1584.5,2511218,1584.5
1771.0,3152318,1771.0
2728.0,7442998,2728.0
2692.75,7251158,2692.75
2454.25,6037030,2454.25
-562.0,316122,562.0
2314.75,5360122,2314.75
1839.25,3382871,1839.25
-398.0,160927,398.0
-495.25,245285,495.25
168.25,31146,168.25
-577.5,333636,577.5
2941.5,8653991,2941.5
1133.75,1290422,1133.75
-3394.75,11525098,3394.75
549.25,302078,549.25
-493.5,247408,493.5
78.25,11429,78.25
941.0,891488,941.0
-490.5,245266,490.5
1724.0,2972556,1724.0
-1078.75,1164981,1078.75
829.5,688802,829.5
1095.75,1203109,1095.75
250.25,63872,250.25
317.0,101124,317.0
252.5,69626,252.5
-48.5,4270,50.5
-883.25,780486,883.25
30.5,1047,30.5
1097.25,1204554,1097.25
187.75,35261,187.75
79.25,6676,79.25
2004.25,4017082,2004.25
-210.0,46116,210.0
1873.25,3511232,1873.25
-737.25,543557,737.25
33.25,1166,33.25
2919.5,8534831,2919.5
205.75,43775,205.75
616.25,382555,616.25
934.25,873727,934.25
-1734.75,3010931,1734.75
3840.25,14824689,3840.25
-2543.75,6491909,2543.75
1868.75,3495064,1868.75
-1869.0,3495786,1869.0
771.5,597698,771.5
429.75,189051,429.75
166.0,28768,166.0
-968.75,940813,968.75
563.5,325838,563.5
3447.25,11883536,3447.25
3532.75,12487764,3532.75
1303.5,1699138,1303.5
-123.5,17806,123.5
1909.0,3644324,1909.0
2961.5,8773744,2961.5
-624.75,390416,624.75
172.25,29693,172.25
897.0,809152,897.0
1232.0,1520646,1232.0
993.5,987935,993.5
-372.0,139512,372.0
-1317.75,1737472,1317.75
-529.0,280044,529.0
628.75,395745,628.75
435.25,189529,435.25
-488.75,238942,488.75
-2259.75,5106762,2259.75
637.75,407626,637.75
-3734.0,13947182,3734.0
-2139.25,4577303,2139.25
537.75,290761,537.75
-112.75,12739,112.75
962.75,930896,962.75
959.25,923067,959.25
221.75,49205,221.75
-1027.0,1055666,1027.0
-828.75,692123,828.75
204.75,42061,204.75
3417.75,11681499,3417.75
-542.5,294576,542.5
-269.0,75388,269.0
1988.75,3955491,1988.75
-626.5,394728,626.5
-1390.25,1932862,1390.25
87.25,8302,87.25
-1341.25,1799009,1341.25
-214.75,47326,214.75
-2914.0,8491574,2914.0
317.75,101286,317.75
902.75,815831,902.75
-2337.75,5470563,2337.75
1246.25,1556120,1246.25
926.25,858000,926.25
3421.25,11706793,3421.25
-1092.5,1195322,1092.5
-515.0,267456,515.0
1764.5,3135372,1764.5
-2455.75,6033765,2455.75
615.75,379782,615.75
1420.25,2024053,1420.25
174.75,31454,174.75
-1775.25,3156565,1775.25
1843.5,3403582,1843.5
1637.0,2681036,1637.0
3654.25,13360486,3654.25
489.25,243367,489.25
-2540.25,6454316,2540.25
-3390.75,11498244,3390.75
242.75,59127,242.75
1875.75,3518731,1875.75
1842.75,3395736,1842.75
525.0,278039,525.0
194.5,38651,194.5
782.0,615496,782.0
455.75,213148,455.75
573.0,328739,573.0
411.75,169668,411.75
913.0,836395,913.0
1169.25,1389141,1169.25
1207.5,1465654,1207.5
115.5,13674,115.5
364.5,136468,364.5
-2740.25,7511418,2740.25
-3071.0,9432132,3071.0
-3096.25,9589988,3096.25
-10.25,311,14.25
-1788.0,3199172,1788.0
1321.0,1746806,1321.0
-1023.5,1047739,1023.5
-1288.75,1663133,1288.75
-1344.75,1808915,1344.75
-383.75,147657,383.75
1008.5,1023411,1008.5
857.75,735944,857.75
1102.25,1215941,1102.25
2919.0,8523180,2919.0
1178.0,1389978,1178.0
-1407.25,1980476,1407.25
2676.0,7161740,2676.0
-1019.5,1039713,1019.5
2464.25,6076870,2464.25
-1091.0,1190658,1091.0
-1237.75,1533919,1237.75
176.75,32330,176.75
-1064.75,1133948,1064.75
480.75,231155,480.75
-1384.75,1932511,1384.75
1472.0,2166906,1472.0
883.25,780426,883.25
729.25,532199,729.25
786.0,618530,786.0
-58.75,3562,58.75
-121.0,14740,121.0
210.0,44170,210.0
1371.25,1880800,1371.25
898.75,808940,898.75
105.25,11156,105.25
423.75,180318,423.75
203.0,41482,203.0
1288.5,1664238,1288.5
2004.25,4018001,2004.25
285.25,84056,285.25
-2779.5,7726040,2779.5
1022.0,1045273,1022.0
968.75,940754,968.75
218.25,48881,218.25
-941.25,886908,941.25
-1632.25,2664529,1632.25
1058.5,1120460,1058.5
-689.75,486565,689.75
1874.75,3514842,1874.75
3274.0,10722386,3274.0
-2021.5,4086571,2021.5
-2112.75,4466071,2112.75
1225.75,1502522,1225.75
356.5,130222,356.5
-1944.75,3785492,1944.75
742.25,550952,742.25
-679.5,471091,679.5
1412.5,1998349,1412.5
-2287.0,5236134,2287.0
440.5,194803,440.5
636.5,405891,636.5
349.25,122471,349.25
883.25,792232,883.25
1674.75,2805788,1674.75
1198.0,1435258,1198.0
-691.75,478541,691.75
458.75,212815,458.75
3302.25,10909596,3302.25
263.25,71381,263.25
115.5,14348,115.5
-759.75,580333,759.75
1622.75,2635458,1622.75
3406.75,12322601,3406.75
-427.0,184474,427.0
-258.0,67596,258.0
3012.75,9079443,3012.75
1249.5,1561657,1249.5
864.0,750910,864.0
2479.0,6148270,2479.0
-672.25,451973,672.25
1788.0,3197210,1788.0
1127.25,1271356,1127.25
687.25,479164,687.25
256.5,66126,256.5
-2334.0,5448480,2334.0
2057.25,4232532,2057.25
1727.0,2998558,1727.0
288.25,83356,288.25
3994.5,15966144,3994.5
1506.0,2268338,1506.0
2735.25,7482216,2735.25
3228.5,10424186,3228.5
1881.25,3539228,1881.25
-884.0,781478,884.0
1114.25,1242693,1114.25
999.5,999404,999.5
2084.75,4346811,2084.75
3134.25,9840100,3134.25
3040.5,9249075,3040.5
856.0,733065,856.0
-436.75,191324,436.75
1426.0,2034378,1426.0
-220.5,48646,220.5
1548.0,2396450,1548.0
-524.75,276426,524.75
1930.5,3729116,1930.5
1877.25,3525380,1877.25
-1820.75,3317250,1820.75
-668.25,447998,668.25
547.5,301704,547.5
1439.0,2100544,1439.0
-2395.25,5740247,2395.25
2055.0,4223146,2055.0
2011.0,4051354,2011.0
-537.25,288842,537.25
2055.25,4225426,2055.25
-157.5,25709,157.5
127.0,16347,127.0
2734.25,7477742,2734.25
2047.5,4193019,2047.5
1133.75,1289877,1133.75
270.0,77530,270.0
257.0,75210,257.0
386.5,150582,386.5
1738.0,3021762,1738.0
2663.0,7100128,2663.0
2609.25,6808432,2609.25
-1935.25,3748364,1935.25
-194.5,38330,194.5
-618.75,383052,618.75
-993.5,992378,993.5
-345.0,120066,345.0
-1588.5,2523462,1588.5
1966.0,3874468,1966.0
139.0,19860,139.0
-773.75,598867,773.75
-77.0,6946,77.0
2821.0,7966695,2821.0
-2298.75,5284346,2298.75
262.0,69736,262.0
912.0,836448,912.0
332.25,113685,332.25
403.5,162828,403.5
1450.0,2102686,1450.0
630.75,399634,630.75
1863.75,3475714,1863.75
-1587.5,2520477,1587.5
1513.75,2291459,1513.75
893.25,797994,893.25
1488.0,2214184,1488.0
167.25,33214,167.25
1732.5,3003160,1732.5
-650.5,423160,650.5
1287.0,1657030,1287.0
1784.25,3187582,1784.25
541.75,294266,541.75
-126.0,16822,126.0
979.0,976548,979.0
2438.5,5951910,2438.5
1189.0,1415300,1189.0
1919.0,3682724,1919.0
195.25,38150,195.25
-2860.0,8179656,2860.0
142.25,22407,142.25
-648.25,420494,648.25
-239.5,57762,239.5
1531.75,2352944,1531.75
-1759.25,3095891,1759.25
-944.0,891380,944.0
-771.5,597189,771.5
-1828.75,3344779,1828.75
-1938.0,3756286,1938.0
414.75,173210,414.75
-525.25,275952,525.25
-1513.75,2291549,1513.75
81.25,10131,81.25
-2513.0,6315690,2513.0
1326.5,1759623,1326.5
1196.25,1434600,1196.25
961.0,923764,961.0
-1160.75,1347379,1160.75
269.5,72792,269.5
3444.0,11866138,3444.0
-447.0,202490,447.0
-537.25,289189,537.25
-1025.0,1050890,1025.0
-404.5,165038,404.5
1176.0,1399332,1176.0
-505.5,265138,505.5
2329.75,5436433,2329.75
1027.5,1055886,1027.5
414.75,176568,414.75
284.75,81107,284.75
2667.25,7114672,2667.25
-1516.25,2301540,1516.25
199.25,39783,199.25
1025.25,1051614,1025.25
2083.75,4343263,2083.75
1806.0,3261958,1806.0
-1516.25,2301540,1516.25
-1444.25,2087329,1444.25
1258.25,1583439,1258.25
713.75,511454,713.75
3454.25,11931857,3454.25
1308.25,1715760,1308.25
-226.75,51434,226.75
2363.75,5587649,2363.75
-686.25,471995,686.25
912.75,834471,912.75
836.5,701632,836.5
79.25,6335,79.25
2611.0,6819184,2611.0
2086.75,4355152,2086.75
-557.25,310613,557.25
4334.5,18789543,4334.5
2895.75,8385499,2895.75
3063.5,9386240,3063.5
2862.0,8194994,2862.0
4747.25,22544992,4747.25
859.0,741340,859.0
57.5,6194,58.0
2496.25,6233317,2496.25
2109.75,4451047,2109.75
-951.0,904691,951.0
-1048.25,1099444,1048.25
425.5,181228,425.5
-1796.25,3226878,1796.25
324.0,105267,324.0
52.5,9066,79.0
-94.0,10305,94.0
160.0,26022,160.0
1906.0,3634320,1906.0
2348.0,5514402,2348.0
-1761.25,3104239,1761.25
-1079.0,1165884,1079.0
-1152.75,1334361,1152.75
-335.75,112865,335.75
1536.25,2360117,1536.25
2530.5,6404184,2530.5
936.25,877112,936.25
1295.0,1677034,1295.0
2436.5,5936662,2436.5
210.75,44432,210.75
1730.5,2994992,1730.5
3810.0,14516106,3810.0
1681.0,2826435,1681.0
-189.5,36400,189.5
2431.0,5916504,2431.0
-2292.0,5253592,2292.0
275.25,76614,275.25
1911.5,3667182,1911.5
83.25,8021,83.25
-1624.75,2640385,1624.75
1269.25,1618543,1269.25
-697.0,486624,697.0
5226.5,27316353,5226.5
-703.75,497805,703.75
575.75,331495,575.75
3190.75,10180911,3190.75
2448.0,5993046,2448.0
-369.75,139421,369.75
-1408.0,1982538,1408.0
3607.5,13015700,3607.5
899.75,809854,899.75
-487.5,237744,487.5
1854.5,3439614,1854.5
-575.25,341270,575.25
4893.0,23943812,4893.0
4686.5,21971048,4686.5
276.5,77246,276.5
1113.75,1240812,1113.75
870.0,757728,870.0
1537.25,2364761,1537.25
-199.0,40848,199.0
-567.0,336090,567.0
-1684.0,2836284,1684.0
-1377.5,1897621,1377.5
334.75,112354,334.75
2669.0,7129796,2669.0
-556.75,310020,556.75
126.25,16535,126.25
35.25,11711,102.25
388.25,162109,388.25
301.0,93966,301.0
389.0,162540,389.0
308.5,95250,308.5
112.0,13832,112.0
-268.75,73008,268.75
-795.0,635374,795.0
302.25,92094,302.25
-456.25,208562,456.25
457.75,209679,457.75
2230.0,4973944,2230.0
1069.25,1143338,1069.25
2829.0,8005397,2829.0
1316.5,1733307,1316.5
495.25,250106,495.25
1158.25,1341696,1158.25
1312.75,1725848,1312.75
1655.0,2747774,1655.0
2628.5,6923322,2628.5
1476.75,2185314,1476.75
1602.5,2573121,1602.5
1134.0,1286322,1134.0
-159.75,26355,159.75
2271.0,5160314,2271.0
1947.75,3793781,1947.75
1794.5,3222770,1794.5
-727.75,549753,727.75
638.75,430478,638.75
2142.75,4593856,2142.75
2187.5,4787438,2187.5
4626.0,21400108,4626.0
206.0,42520,206.0
-1553.75,2414378,1553.75
-334.5,115758,334.5
2276.25,5187683,2276.25
-1006.25,1013338,1006.25
-635.5,405937,635.5
2382.25,5675322,2382.25
3790.0,14372937,3790.0
-1432.75,2052834,1432.75
1721.0,2975658,1721.0
250.75,65773,250.75
-876.5,772050,876.5
-880.5,777638,880.5
-1.75,1413,37.25
-961.0,923904,961.0
4337.0,18812056,4337.0
443.5,200152,443.5
325.5,109000,325.5
912.25,833952,912.25
2033.75,4137126,2033.75
2013.0,4054330,2013.0
227.25,52506,227.25
1975.0,3900696,1975.0
2067.75,4277436,2067.75
1008.25,1019203,1008.25
92.5,8566,92.5
2277.75,5188550,2277.75
1816.0,3297888,1816.0
-361.75,132086,361.75
-343.5,118414,343.5
-131.0,17236,131.0
321.25,107147,321.25
912.25,832658,912.25
-422.75,178974,422.75
-748.0,561026,748.0
1947.75,3793937,1947.75
-2415.75,5837684,2415.75
-4175.25,17433542,4175.25
-1661.75,2773950,1661.75
5889.5,34690397,5889.5
-2596.75,6743187,2596.75
758.25,575059,758.25
3800.75,14456274,3800.75
2100.75,4415604,2100.75
-4834.5,23377378,4834.5
839.25,704585,839.25
-5118.75,26202370,5118.75
-5263.75,27710930,5263.75
-679.5,461800,679.5
-2624.0,6885642,2624.0
-265.75,73106,265.75
-543.0,348136,543.0
-685.5,476753,685.5
-1411.25,1992548,1411.25
-6422.75,41252153,6422.75
-912.5,833072,912.5
-5715.75,32722429,5715.75
-9688.5,93874703,9688.5
-10966.5,120265656,10966.5
-8348.5,69704281,8348.5
255.25,80009,255.25
-2226.5,4966234,2226.5
-551.75,307172,551.75
-5942.0,35309940,5942.0
-1474.0,2179608,1474.0
-704.0,514604,704.0
-3926.25,15418357,3926.25
-11043.25,121956540,11043.25
-7273.25,52909627,7273.25
-3613.25,13071836,3613.25
-5116.5,26182798,5116.5
-6754.0,45618564,6754.0
-7810.0,61000344,7810.0
-6402.0,40986278,6402.0
-4215.5,17773612,4215.5
-5520.0,30471106,5520.0
-2995.75,8989491,2995.75
-1514.25,2307504,1514.25
-3527.5,12462512,3527.5
-2410.25,5814188,2410.25
-7459.75,55656761,7459.75
-7310.25,53440140,7310.25
-6645.5,44165706,6645.5
-7226.5,52231995,7226.5
-3001.0,9024842,3001.0
-3651.5,13367166,3651.5
-5166.5,26701614,5166.5
-5281.5,27908110,5281.5
-6953.5,48352273,6953.5
-10584.0,112107832,10584.0
-5742.75,32979792,5742.75
-6581.5,43316216,6581.5
-2749.75,7565324,2749.75
-6220.75,38699753,6220.75
-7123.25,50769382,7123.25
-6418.5,41201997,6418.5
-6271.25,39334334,6271.25
-4575.0,20936892,4575.0
-3754.5,14107104,3754.5
-198.0,39464,198.0
-125.25,16461,125.25
-6614.75,43757813,6614.75
-4670.5,21813590,4670.5
-566.0,374950,566.0
-2856.75,8169813,2856.75
-6232.0,38838104,6232.0
-6947.5,48269751,6947.5
-2512.75,6318368,2512.75
830.25,695590,830.25
99.75,42940,181.25
-7712.0,59478202,7712.0
3790.25,14373286,3790.25
-3845.0,14784039,3845.0
-53.25,10962,86.75
-122.0,22090,122.0
-712.5,510468,712.5
-744.75,554692,744.75
-5378.75,28934610,5378.75
2145.0,4607366,2145.0
-398.75,162272,398.75
-4014.0,16112494,4014.0
1858.75,3456043,1858.75
3218.75,10360570,3218.75
-4510.75,20348084,4510.75
-301.0,92580,301.0
-5252.5,27593798,5252.5
-1006.5,1015068,1006.5
-4621.75,21361619,4621.75
-6683.25,44666668,6683.25
2795.0,7823498,2795.0
2684.25,7218042,2684.25
-2508.75,6327368,2508.75
-925.75,869397,925.75
203.25,53802,203.25
-7300.5,53297968,7300.5
-11709.0,137100798,11709.0
-10079.25,101593658,10079.25
-5648.25,31902743,5648.25
-7783.25,60585957,7783.25
-4219.0,17803810,4219.0
-7247.25,52522795,7247.25
-4642.25,21551210,4642.25
-140.75,20839,140.75
-4013.5,16108690,4013.5
-3457.5,11971750,3457.5
-8315.25,69143410,8315.25
-7799.75,60836879,7799.75
1265.25,1601548,1265.25
-1296.75,1684826,1296.75
567.0,331109,567.0
-704.0,495950,704.0
-7364.5,54246803,7364.5
-735.25,636611,735.25
-6299.75,39690854,6299.75
-11131.0,123899562,11131.0
-6081.0,36983980,6081.0
113.5,20126,113.5
550.25,312119,550.25
238.5,58487,238.5
1171.75,1379382,1171.75
619.0,383472,619.0
-3385.75,11466208,3385.75
5630.0,31722174,5630.0
-6358.25,40427983,6358.25
-6206.25,38517705,6206.25
3052.0,9314846,3052.0
2831.5,8022956,2831.5
-9978.5,99570645,9978.5
-2152.25,4646889,2152.25
-1190.0,1432720,1190.0
-2491.75,6209222,2491.75
-1868.5,3513705,1868.5
-6032.0,36386016,6032.0
5848.25,34202187,5848.25
-1674.5,2804314,1674.5
-2206.0,4873934,2206.0
-5810.0,33756262,5810.0
-2660.0,7076132,2660.0
-6985.5,48799961,6985.5
-2225.25,4965850,2225.25
-3329.75,11087356,3329.75
-1298.5,1741216,1298.5
1034.75,1070722,1034.75
-5277.25,27868772,5277.25
-2741.75,7577826,2741.75
-10486.0,109956296,10486.0
2516.5,6334664,2516.5
726.25,527668,726.25
-7115.0,50623272,7115.0
-12813.5,164227780,12813.5
-627.25,404215,627.25
-1768.5,3145698,1768.5
7191.0,51710738,7191.0
-4178.75,17463528,4178.75
642.25,413201,642.25
-5462.25,29838065,5462.25
-7180.25,51559336,7180.25
-6450.25,41605966,6450.25
-2723.0,7453426,2723.0
-3329.75,11087356,3329.75
-1339.0,1802430,1339.0
-8850.75,78346721,8850.75
-2171.75,4716837,2171.75
881.0,776470,881.0
-2403.75,5779759,2403.75
-4851.0,23559888,4851.0
6116.25,37419008,6116.25
-6453.75,41651352,6453.75
-3922.5,15391724,3922.5
-9096.75,82751636,9096.75
-4228.0,17876150,4228.0
-1476.75,2181221,1476.75
-8960.0,80285036,8960.0
-4483.0,20103458,4483.0
-3619.0,13097516,3619.0
-9915.25,98318895,9915.25
-1753.5,3137182,1753.5
-7581.5,57479444,7581.5
5739.75,32947562,5739.75
985.25,970720,985.25
1367.75,1871864,1367.75
-190.5,38284,190.5
-4001.0,16008334,4001.0
3888.0,15119302,3888.0
-4788.25,22930976,4788.25
-4589.25,21062624,4589.25
337.0,114388,337.0
35.75,2149,35.75
203.5,45055,203.5
1075.75,1169992,1075.75
1154.0,1335032,1154.0
953.25,908827,953.25
979.25,959010,979.25
2651.25,7029776,2651.25
1119.5,1256183,1119.5
1221.25,1502012,1221.25
979.25,959010,979.25
1608.25,2591989,1608.25
-221.5,56722,221.5
3750.25,14064940,3750.25
-268.25,87908,268.25
2720.5,7405616,2720.5
-3214.75,10334845,3214.75
593.0,352644,593.0
2723.25,7418019,2723.25
3451.25,11911776,3451.25
2670.0,7134852,2670.0
-6661.0,44375986,6661.0
-35.0,1242,35.0
-6642.0,44116250,6642.0
904.5,818253,904.5
819.5,676958,819.5
-5685.5,32325033,5685.5
-3746.5,14039054,3746.5
-2930.0,8584914,2930.0
1332.5,1775574,1332.5
-2389.75,5713672,2389.75
-9662.25,93359193,9662.25
1523.25,2489828,1523.25
-3488.0,12181882,3488.0
-3500.0,12251920,3500.0
-2258.25,5103400,2258.25
-5819.0,33868958,5819.0
-600.75,361079,600.75
3027.5,9166812,3027.5
-4794.5,22998852,4794.5
1968.25,3876901,1968.25
-762.5,665528,762.5
-3537.25,12514009,3537.25
-3537.25,12514009,3537.25
-4378.5,19171304,4378.5
-4378.5,19171304,4378.5
-5037.25,25373930,5037.25
-8613.0,74185308,8613.0
4132.75,17087186,4132.75
-625.5,392638,625.5
-2182.75,4766431,2182.75
-6283.0,39476120,6283.0
-1862.25,3468085,1862.25
-5472.5,29948882,5472.5
-4251.75,18077707,4251.75
2259.75,5108783,2259.75
-4512.25,20363276,4512.25
-5862.75,34373890,5862.75
-7951.25,63223045,7951.25
-3741.5,14359588,3741.5
-6298.75,39682137,6298.75
-7820.25,61157634,7820.25
-4613.0,21285195,4613.0
-3979.0,15845604,3979.0
2914.0,8497994,2914.0
-5333.75,28455950,5333.75
2487.0,6190600,2487.0
3244.5,10527536,3244.5
-1074.25,1154114,1074.25
-1195.75,1431164,1195.75
2554.5,6527242,2554.5
2355.75,5575449,2355.75
2741.5,7515846,2741.5
2743.0,7525618,2743.0
2851.75,8143663,2851.75
3486.5,12159946,3486.5
2790.25,7813566,2790.25
3536.5,12511344,3536.5
3550.75,12612700,3550.75
3744.25,14023206,3744.25
3468.5,12030522,3468.5
-3254.75,10594470,3254.75
2851.75,8143663,2851.75
-2047.0,4195564,2047.0
-1349.5,1834528,1349.5
1985.0,3941012,1985.0
2441.0,5959520,2441.0
-6912.25,47779643,6912.25
1504.5,2266803,1504.5
356.5,127310,356.5
-2074.25,4313085,2074.25
-3168.25,10038263,3168.25
-1668.25,2784029,1668.25
-3234.75,10467085,3234.75
-6296.0,39649132,6296.0
-3260.25,10629248,3260.25
-6487.0,42081528,6487.0
-3111.25,9680693,3111.25
967.5,940103,967.5
-2964.5,8790824,2964.5
-1259.0,1585156,1259.0
694.5,482920,694.5
-1586.5,2537450,1586.5
4094.5,16765636,4094.5
1467.0,2153566,1467.0
-1173.0,1376100,1173.0
-250.5,66252,250.5
6497.0,42211594,6497.0
4134.25,17093927,4134.25
-169.0,28568,169.0
-856.75,736019,856.75
3083.5,9516830,3083.5
2112.75,4463900,2112.75
1051.75,1106196,1051.75
2503.5,6269838,2503.5
-619.5,383852,619.5
1226.75,1508732,1226.75
-120.75,17391,120.75
1313.25,1725873,1313.25
2161.0,4688462,2161.0
-532.5,287160,532.5
253.5,67575,253.5
3397.25,11541429,3397.25
1516.0,2299358,1516.0
6380.0,40709114,6380.0
-45.25,2100,45.25
-2014.0,4060488,2014.0
-967.25,941627,967.25
3159.75,9985889,3159.75
87.75,32932,158.75
621.25,388906,621.25
-328.25,111888,328.25
170.5,30382,170.5
-279.75,81336,279.75
-2320.25,5386751,2320.25
-3619.75,13102663,3619.75
-2963.0,8779420,2963.0
-3096.75,9590455,3096.75
5873.75,34501131,5873.75
42.75,1870,42.75
111.25,15948,111.25
1041.25,1084363,1041.25
-286.5,110814,286.5
1063.5,1131106,1063.5
1995.0,3982236,1995.0
-6273.25,39355061,6273.25
-2609.0,6806918,2609.0
-7335.25,53824769,7335.25
243.75,80048,243.75
-5057.0,25573888,5057.0
1513.0,2290288,1513.0
1288.75,1662973,1288.75
-5712.25,32633588,5712.25
-1457.5,2124664,1457.5
-3694.5,13654278,3694.5
-3442.25,11852386,3442.25
-1583.0,2506912,1583.0
1163.25,1357030,1163.25
-3659.5,13393058,3659.5
-2664.0,7097386,2664.0
-8286.5,68673083,8286.5
-10938.75,119672396,10938.75
-18096.75,327498586,18096.75
-17745.25,314894767,17745.25
-6085.75,37040529,6085.75
-8815.0,77709344,8815.0
-15323.75,234817542,15323.75
-8358.25,69915100,8358.25
-7811.5,61028178,7811.5
-17593.0,309514870,17593.0
-9940.75,98822658,9940.75
-8804.5,77527992,8804.5
-11682.5,136482664,11682.5
-8860.25,78513201,8860.25
-11967.75,143234103,11967.75
-5256.75,27634355,5256.75
-6605.25,43629680,6605.25
-8395.25,70480744,8395.25
-11971.75,143323081,11971.75
-5529.25,30603260,5529.25
-4666.75,21778973,4666.75
-11612.0,134840398,11612.0
-10134.25,102703245,10134.25
-9090.0,82629844,9090.0
-12811.25,164128224,12811.25
-4428.75,19613883,4428.75
-6938.75,48170980,6938.75
-10928.0,119421202,10928.0
-1438.0,2067993,1438.0
-8012.0,64196602,8012.0
-8109.75,65772613,8109.75
-2674.5,7153635,2674.5
-5757.25,33147490,5757.25
-3016.25,9100190,3016.25
-3211.75,10319646,3211.75
-5829.5,33984689,5829.5
-8423.5,70990143,8423.5
-9806.0,96201570,9806.0
-4557.5,20778206,4557.5
-8763.0,76810548,8763.0
-7604.75,57838914,7604.75
-5115.25,26166380,5115.25
-6984.0,48776668,6984.0
-6355.25,40390588,6355.25
-1526.5,2339709,1526.5
-8299.25,68878661,8299.25
-3032.5,9201422,3032.5
-8162.75,66665164,8162.75
-5868.0,34472648,5868.0
-2042.5,4180089,2042.5
-472.5,228038,472.5
-3959.25,15676001,3959.25
-5042.0,25422650,5042.0
-608.5,373580,608.5
-5905.0,34915274,5905.0
1744.5,3051508,1744.5
-991.5,983092,991.5
441.25,204870,441.25
1106.25,1225736,1106.25
-8570.0,73762461,8570.0
-3443.75,11859488,3443.75
-9372.5,87848532,9372.5
-4022.25,16196261,4022.25
-8105.75,65716237,8105.75
-5560.5,30930978,5560.5
-3130.0,9796994,3130.0
2751.25,7569967,2751.25
-1620.5,2628836,1620.5
1864.25,3494565,1864.25
3073.5,9448325,3073.5
-2581.0,6668482,2581.0
-1055.75,1115516,1055.75
696.25,495392,696.25
-414.0,173120,414.0
2710.0,7382938,2710.0
-2368.25,5609566,2368.25
2850.0,8132728,2850.0
-2388.0,5703306,2388.0
-1810.5,3278090,1810.5
-2283.0,5212330,2283.0
-4219.5,17817523,4219.5
-8095.75,65546108,8095.75
-1752.75,3072425,1752.75
1086.5,1204372,1086.5
-1142.75,1307036,1142.75
-3685.75,13585619,3685.75
-3450.75,11910463,3450.75
-7836.5,61422884,7836.5
-9781.75,95683714,9781.75
-4613.75,21289701,4613.75
-8777.5,77045696,8777.5
-5038.75,25389200,5038.75
-3907.5,15280396,3907.5
-9159.75,83901714,9159.75
-6808.75,46359497,6808.75
-6631.25,43979923,6631.25
-4231.0,17901764,4231.0
-4226.25,17863398,4226.25
-5053.0,25533728,5053.0
-4119.25,16971032,4119.25
74.75,7352,74.75
-6489.75,42121675,6489.75
-2511.25,6321724,2511.25
-5034.75,25349226,5034.75
-7448.75,55484083,7448.75
-6448.0,41577358,6448.0
-2649.0,7019526,2649.0
-1811.75,3283034,1811.75
-8127.25,66052230,8127.25
-1648.0,2716186,1648.0
2089.5,4366037,2089.5
-3030.75,9197937,3030.75
-1066.25,1152158,1066.25
-5943.75,35328260,5943.75
-1072.25,1152346,1072.25
2930.0,8593832,2930.0
-115.25,27896,120.75
-1390.75,1936902,1390.75
-6346.0,40279838,6346.0
-7631.25,58236789,7631.25
-10509.25,110444439,10509.25
-5408.0,29248425,5408.0
-2147.25,4610753,2147.25
702.25,493242,702.25
-6626.75,43914074,6626.75
1267.25,1606313,1267.25
-4291.5,18417330,4291.5
-6994.0,48917332,6994.0
-1232.0,1519648,1232.0
1699.5,2888547,1699.5
1975.5,3902880,1975.5
-7237.25,52378559,7237.25
-9208.75,84805496,9208.75
-3770.0,14212924,3770.0
-2405.0,5793439,2405.0
1901.0,3614482,1901.0
-2167.25,4700005,2167.25
-7965.75,63454435,7965.75
-5286.75,27960402,5286.75
-4224.75,17851229,4224.75
-1368.0,1889668,1368.0
-487.0,237769,487.0
2455.0,6073050,2455.0
3224.75,10400425,3224.75
-1764.75,3114528,1764.75
-575.5,331426,575.5
1826.0,3355908,1826.0
-2504.75,6293225,2504.75
1241.25,1544415,1241.25
-615.0,382720,615.0
-108.75,14188,108.75
88.5,13462,88.5
77.75,11647,78.25
102.75,14252,102.75
-7267.25,52815451,7267.25
-5370.25,28840478,5370.25
420.75,191981,420.75
-5729.0,32882163,5729.0
-4054.0,16435664,4054.0
3136.75,9842154,3136.75
2976.75,8863009,2976.75
768.75,592811,768.75
-9050.25,81907137,9050.25
230.25,53311,230.25
532.75,287282,532.75
-3497.5,12232754,3497.5
705.0,502312,705.0
602.5,363422,602.5
-7425.0,55131048,7425.0
-6612.25,43722313,6612.25
-3896.0,15183816,3896.0
-5096.25,25984068,5096.25
-1901.5,3617954,1901.5
-6178.75,38178539,6178.75
-2526.25,6385668,2526.25
3771.75,14234701,3771.75
726.5,534494,726.5
-5466.5,29891462,5466.5
-5022.25,25226652,5022.25
-5073.5,25740512,5073.5
-6771.25,45849844,6771.25
-4386.25,19241248,4386.25
1399.0,1962474,1399.0
-1491.25,2236565,1491.25
-4113.5,16921277,4113.5
-3885.75,15106497,3885.75
-2796.25,7825148,2796.25
-3563.5,12698590,3563.5
-3446.5,11891049,3446.5
-3260.0,10627778,3260.0
-839.5,707854,839.5
-3790.25,14373889,3790.25
-914.25,836180,914.25
1513.0,2290288,1513.0
-2780.0,7737344,2780.0
-5032.25,25345694,5032.25
-5874.5,34510028,5874.5
-6316.25,39895924,6316.25
-6581.0,43310254,6581.0
-11232.75,126179917,11232.75
1184.25,1408315,1184.25
-4995.5,24955839,4995.5
-5961.75,35545516,5961.75
-5787.75,33504001,5787.75
-6510.0,42391193,6510.0
-6624.5,43885478,6624.5
-899.5,813855,899.5
610.25,372651,610.25
-973.0,970022,973.0
-1198.0,1436135,1198.0
-894.5,805408,894.5
800.75,643259,800.75
-10212.25,104297153,10212.25
-3011.25,9067719,3011.25
825.75,693581,825.75
1552.5,2411518,1552.5
-2467.5,6088774,2467.5
1653.0,2738582,1653.0
1535.0,2357076,1535.0
1460.25,2132538,1460.25
-2236.0,5001042,2236.0
192.25,37046,192.25
559.75,313372,559.75
3104.5,9638058,3104.5
-935.75,875867,935.75
1993.25,3974088,1993.25
1687.25,2847685,1687.25
-601.25,361805,601.25
-1096.25,1219387,1096.25
-5053.25,25535569,5053.25
-5035.75,25359853,5035.75
1638.5,2684824,1638.5
1927.25,3744984,1927.25
-1183.0,1399932,1183.0
-1462.5,2138976,1462.5
2125.0,4516232,2125.0
-1221.25,1492615,1221.25
5760.0,33182914,5760.0
-1739.5,3026392,1739.5
1236.0,1531020,1236.0
6033.25,36402688,6033.25
-1668.0,2783012,1668.0
-1343.25,1804906,1343.25
-3020.0,9120573,3020.0
-2733.25,7470922,2733.25
-4512.25,20360423,4512.25
1199.25,1438758,1199.25
2972.75,8857071,2972.75
3804.75,14477515,3804.75
-12.5,1067,22.5
1432.0,2050720,1432.0
-2403.25,5777721,2403.25
-1029.0,1066767,1029.0
4017.0,16140506,4017.0
2053.5,4224251,2053.5
4724.25,22326967,4724.25
2215.0,4907706,2215.0
-3628.0,13169838,3628.0
1018.75,1037882,1018.75
1727.25,2983453,1727.25
2320.5,5388570,2320.5
-567.5,322588,567.5
-6725.0,45236060,6725.0
2332.75,5441882,2332.75
-8876.0,78786238,8876.0
-5594.0,31364408,5594.0
-6960.75,48464327,6960.75
-131.0,17962,131.0
-6035.25,36429151,6035.25
-8969.75,80463446,8969.75
-10869.25,118141328,10869.25
-12538.0,157204500,12538.0
873.0,762155,873.0
-10242.75,104918701,10242.75
-4972.25,24732002,4972.25
-11683.5,136506200,11683.5
-1796.25,3233866,1796.25
-5758.5,33161326,5758.5
-2541.5,6485886,2541.5
-380.75,147719,380.75
-353.25,130459,353.25
-3185.25,10174600,3185.25
-5777.25,33380454,5777.25
1139.5,1298608,1139.5
-10178.75,103626937,10178.75
-5383.5,28982731,5383.5
1601.5,2565360,1601.5
-360.25,130222,360.25
-113.25,12960,113.25
1220.0,1582358,1220.0
-65.0,5599,65.0
1627.25,2648313,1627.25
173.0,30780,173.0
947.25,897715,947.25
827.5,685632,827.5
-1064.75,1136804,1064.75
-1111.5,1238688,1111.5
-1109.25,1234081,1109.25
-1027.75,1056889,1027.75
-3290.75,10856679,3290.75
558.25,312235,558.25
560.75,315167,560.75
1060.75,1125380,1060.75
-1208.5,1461984,1208.5
-4587.5,21045345,4587.5
-416.5,191488,416.5
-2010.0,4040246,2010.0
245.25,60207,245.25
-2592.0,6718690,2592.0
-837.0,734795,837.0
-23.5,2780,46.5
273.75,77126,273.75
-1443.25,2083505,1443.25
-961.0,924788,961.0
-523.75,276301,523.75
2366.5,5613022,2366.5
717.5,515152,717.5
1130.75,1283466,1130.75
129.5,16958,129.5
1042.75,1087598,1042.75
634.25,408118,634.25
-49.0,2572,49.0
-39.25,1634,39.25
1704.0,2904076,1704.0
1799.25,3240830,1799.25
-943.25,890063,943.25
-984.5,969773,984.5
-1247.5,1560252,1247.5
-144.5,25394,144.5
-675.0,455960,675.0
-1249.5,1562974,1249.5
-1994.75,3980006,1994.75
300.5,90436,300.5
435.75,189892,435.75
558.0,314666,558.0
-2286.5,5228101,2286.5
-1907.25,3642801,1907.25
212.75,45331,212.75
511.5,264986,511.5
-171.5,30058,171.5
-1621.5,2629666,1621.5
797.0,635510,797.0
289.75,97940,289.75
-1594.0,2540928,1594.0
35.75,1449,35.75
789.5,644692,789.5
-1603.5,2612426,1603.5
70.0,10496,76.5
4151.75,17240729,4151.75
26.5,1372,26.5
3104.5,9640278,3104.5
-203.5,41700,203.5
-361.5,131170,361.5
328.0,109844,328.0
321.25,107603,321.25
-1190.0,1422346,1190.0
-1368.25,1873348,1368.25
1159.5,1344686,1159.5
-411.75,176064,411.75
3208.0,10292200,3208.0
-1099.75,1210635,1099.75
973.25,955599,973.25
-697.25,486163,697.25
-724.75,536766,724.75
-66.0,5920,66.0
-1726.75,2981732,1726.75
-1286.75,1657929,1286.75
607.5,370470,607.5
535.75,293004,535.75
66.5,6917,66.5
253.25,64150,253.25
-1167.0,1371526,1167.0
1852.25,3430951,1852.25
1145.25,1314387,1145.25
-2142.0,4590333,2142.0
-58.75,3502,58.75
-1092.0,1198628,1092.0
-240.25,60765,240.25
-1710.0,2924430,1710.0
-415.0,174042,415.0
822.0,679980,822.0
-1043.25,1093378,1043.25
79.75,10371,79.75
298.0,90698,298.0
17.0,1186,27.5
-282.25,80666,282.25
1041.75,1085697,1041.75
149.25,23232,149.25
-5859.0,34328092,5859.0
628.25,394786,628.25
-1801.5,3246548,1801.5
3337.5,11141834,3337.5
-1003.0,1006090,1003.0
-1022.25,1047150,1022.25
2762.75,7678399,2762.75
-1741.75,3033746,1741.75
-1959.25,3863959,1959.25
-255.75,70401,255.75
3337.5,11141834,3337.5
942.25,887935,942.25
-3937.5,15504095,3937.5
2208.5,4878052,2208.5
-3613.0,13054668,3613.0
-822.0,676084,822.0
392.5,162900,392.5
1238.5,1534912,1238.5
-1540.75,2374076,1540.75
1905.75,3632631,1905.75
-1530.25,2343336,1530.25
-884.75,783798,884.75
-567.75,323228,567.75
-2757.5,7603922,2757.5
-1992.25,3969137,1992.25
1959.5,3840406,1959.5
-1020.5,1045454,1020.5
-2877.75,8281542,2877.75
167.5,29916,167.5
-2021.5,4089386,2021.5
536.75,288845,536.75
-1080.25,1167191,1080.25
-190.5,36376,190.5
-220.75,49742,220.75
-997.0,1016416,997.0
-157.25,25838,157.25
70.5,7680,70.5
177.5,35143,177.5
-123.0,17176,123.0
44.25,3642,45.25
154.25,32978,154.25
44.25,3642,45.25
100.25,10210,100.25
309.5,95885,309.5
452.5,204951,452.5
87.25,8186,87.25
-724.5,532261,724.5
93.5,8937,93.5
724.5,524946,724.5
1096.75,1202963,1096.75
-841.75,710049,841.75
-438.0,193696,438.0
-2541.5,6462510,2541.5
-4549.75,20700302,4549.75
384.0,148617,384.0
-1027.25,1056032,1027.25
1443.75,2084442,1443.75
-833.5,694944,833.5
-1850.25,3424000,1850.25
-1016.25,1038660,1016.25
574.75,330537,574.75
512.0,262152,512.0
162.0,28998,162.0
1013.5,1039392,1013.5
4157.25,17282934,4157.25
1987.5,3952004,1987.5
1657.0,2779942,1657.0
-450.75,203355,450.75
-133.75,17912,133.75
1354.25,1845201,1354.25
-1184.25,1412256,1184.25
-2331.5,5435908,2331.5
427.5,204074,427.5
1192.25,1422680,1192.25
-493.5,245950,493.5
-203.0,42658,203.0
1337.75,1789955,1337.75
454.25,207928,454.25
-305.0,93162,305.0
-260.0,69246,260.0
-203.0,42658,203.0
-256.75,67845,256.75
-347.5,123327,347.5
-167.75,31435,167.75
-172.25,29724,172.25
-260.0,69246,260.0
-2263.0,5121284,2263.0
-203.0,42658,203.0
-1171.25,1371896,1171.25
-447.75,204220,447.75
2694.75,7261698,2694.75
1807.5,3273004,1807.5
-2536.5,6435076,2536.5
-2404.25,5780614,2404.25
2508.25,6292847,2508.25
-4618.75,21334153,4618.75
-2513.0,6317112,2513.0
-168.5,28407,168.5
-3892.25,15149706,3892.25
-2111.0,4466440,2111.0
-2116.5,4490882,2116.5
-342.75,121629,342.75
-2161.75,4673538,2161.75
-1070.0,1147118,1070.0
-1403.0,1968468,1403.0
-950.75,903963,950.75
-1701.0,2893437,1701.0
619.5,384709,619.5
1556.5,2423110,1556.5
-1819.75,3311606,1819.75
3359.75,11291032,3359.75
3169.25,10050750,3169.25
905.25,830229,905.25
-1222.0,1494492,1222.0
3492.0,12194438,3492.0
37.0,1406,37.0
-1141.0,1304382,1141.0
-1492.75,2228369,1492.75
-1046.5,1097943,1046.5
-630.25,397324,630.25
-517.0,267538,517.0
-1851.25,3439613,1851.25
-3200.5,10244605,3200.5
-165.0,27363,165.0
567.25,333506,567.25
-5930.0,35165190,5930.0
-1892.0,3580408,1892.0
2013.25,4054396,2013.25
-1326.5,1760029,1326.5
331.5,114806,331.5
12.5,852,17.0
83.25,7329,83.25
122.75,15395,122.75
145.0,22932,145.0
145.0,22932,145.0
31.0,1478,33.5
145.0,22932,145.0
122.75,15395,122.75
145.0,22932,145.0
100.5,11538,100.5
3.0,918,29.0
112.5,13134,112.5
3.0,918,29.0
-4296.25,18457978,4296.25
839.75,731943,839.75
1487.75,2213939,1487.75
3.0,918,29.0
-113.0,14072,113.0
122.75,15395,122.75
-1632.25,2664473,1632.25
1093.0,1197726,1093.0
948.75,905218,948.75
-1187.0,1418775,1187.0
-483.75,241070,483.75
-227.75,54673,227.75
-332.0,110298,332.0
281.25,79266,281.25
1053.5,1111706,1053.5
-1390.25,1932842,1390.25
-653.25,434392,653.25
1745.5,3046828,1745.5
-3347.75,11207442,3347.75
-2320.25,5383575,2320.25
380.5,146022,380.5
90.0,8160,90.0
992.5,985971,992.5
-21.5,628,21.5
-2275.25,5177795,2275.25
-2297.5,5278627,2297.5
-2427.75,5894211,2427.75
1706.75,2914842,1706.75
31.0,1478,33.5
536.0,292070,536.0
100.5,11538,100.5
-175.0,30880,175.0
-2457.5,6040532,2457.5
161.0,26676,161.0
122.75,15395,122.75
145.0,22932,145.0
83.25,7329,83.25
31.0,1478,33.5
12.5,852,17.0
83.25,7329,83.25
161.0,26676,161.0
122.75,15395,122.75
83.25,7329,83.25
1316.25,1732561,1316.25
-1105.5,1228311,1105.5
2118.75,4493176,2118.75
2131.5,4545666,2131.5
2105.5,4434700,2105.5
610.5,375587,610.5
-1137.0,1292990,1137.0
-1581.25,2500631,1581.25
2025.75,4104349,2025.75
1624.5,2640495,1624.5
-1250.75,1564484,1250.75
-867.75,754434,867.75
1685.25,2841777,1685.25
-1864.5,3478026,1864.5
1393.5,1942342,1393.5
970.25,941624,970.25
4322.0,18679882,4322.0
1277.0,1630935,1277.0
-4667.25,21814821,4667.25
-552.5,309628,552.5
-1734.75,3011791,1734.75
-1819.75,3312940,1819.75
-2414.75,5831760,2414.75
2314.75,5361361,2314.75
1511.5,2291458,1511.5
-109.25,12130,109.25
891.75,795629,891.75
-2079.0,4324410,2079.0
-2649.75,7021282,2649.75
-145.5,21405,145.5
-1886.75,3562252,1886.75
-2131.75,4544426,2131.75
593.5,355788,593.5
-2277.0,5184744,2277.0
-1968.0,3876056,1968.0
-1562.75,2443375,1562.75
1927.0,3719632,1927.0
-2032.5,4138290,2032.5
-2257.5,5097568,2257.5
1278.0,1638702,1278.0
-2619.0,6859250,2619.0
-725.5,526538,725.5
1319.25,1740491,1319.25
-3460.75,11977280,3460.75
739.0,547056,739.0
1807.75,3269516,1807.75
-1234.0,1525030,1234.0
-1049.0,1101922,1049.0
3051.25,9310193,3051.25
-376.0,141429,376.0
-853.0,728002,853.0
-975.25,954687,975.25
1736.5,3019210,1736.5
311.75,97293,311.75
909.75,879805,909.75
152.75,23532,152.75
-4637.0,21509364,4637.0
765.75,586540,765.75
-5242.0,27479160,5242.0
1030.75,1067408,1030.75
765.75,586540,765.75
1166.75,1361928,1166.75
1103.0,1222330,1103.0
-680.75,463815,680.75
330.75,116499,330.75
-4587.5,21046256,4587.5
-80.5,11104,80.5
-3938.0,15508264,3938.0
-2563.5,6571826,2563.5
-3254.75,10595507,3254.75
-3887.5,15132119,3887.5
-1875.75,3518460,1875.75
465.75,219781,465.75
167.25,29760,167.25
-1190.0,1417978,1190.0
1518.75,2306964,1518.75
-3470.0,12043084,3470.0
-1785.75,3196612,1785.75
-1905.0,3631732,1905.0
-1841.25,3391297,1841.25
-1800.0,3245932,1800.0
-3880.0,15131434,3880.0
-1825.25,3332623,1825.25
-1785.75,3196612,1785.75
-1905.0,3631732,1905.0
-1719.0,2955548,1719.0
-1905.0,3631732,1905.0
-1825.25,3332623,1825.25
-1719.0,2955548,1719.0
-1801.0,3246838,1801.0
-1688.0,2849454,1688.0
-1905.0,3631732,1905.0
-1905.0,3631732,1905.0
-1688.0,2849454,1688.0
-1803.25,3252141,1803.25
-1785.75,3196612,1785.75
-1905.0,3631732,1905.0
-1905.0,3631732,1905.0
-1841.25,3391297,1841.25
-1719.0,2955548,1719.0
-1800.0,3245932,1800.0
-1841.25,3391297,1841.25
-1800.0,3243334,1800.0
1178.5,1390202,1178.5
-271.5,73792,271.5
-1801.0,3246838,1801.0
-1825.25,3332623,1825.25
53.75,3165,53.75
-539.25,290849,539.25
623.5,388763,623.5
-86.75,7636,86.75
-324.0,105016,324.0
-2059.5,4241618,2059.5
-2206.25,4867843,2206.25
-1345.0,1809078,1345.0
-1190.0,1416358,1190.0
-3262.0,10641044,3262.0
-1149.75,1321981,1149.75
-3089.25,9543575,3089.25
-4230.75,17962211,4230.75
-484.5,234774,484.5
-777.5,604566,777.5
-949.25,901085,949.25
-2949.0,8703298,2949.0
-3130.0,9802918,3130.0
-3816.0,14607496,3816.0
-633.5,401380,633.5
-972.75,946933,972.75
-4412.75,19476449,4412.75
-4624.5,21386659,4624.5
-1970.25,3887268,1970.25
-2336.25,5458323,2336.25
-1819.5,3312498,1819.5
-4132.5,17078659,4132.5
-1892.0,3580093,1892.0
-3244.75,10529056,3244.75
-3101.5,9619796,3101.5
1550.5,2410592,1550.5
147.0,22810,147.0
-4933.0,24335248,4933.0
-2673.0,7151002,2673.0
-3606.75,13009149,3606.75
-2669.75,7129047,2669.75
-4015.25,16123648,4015.25
-4943.75,24441373,4943.75
-1748.5,3057582,1748.5
19.25,4663,63.75
-3648.5,13313213,3648.5
-4926.75,24273584,4926.75
-1750.25,3080682,1750.25
-3494.0,12210082,3494.0
258.25,66714,258.25
-2263.25,5132655,2263.25
828.75,689037,828.75
-326.25,106486,326.25
963.0,927658,963.0
1193.0,1423316,1193.0
1099.0,1207830,1099.0
338.25,114434,338.25
424.25,180017,424.25
-1247.25,1557433,1247.25
-3475.0,12078388,3475.0
-580.75,350729,580.75
-3125.0,9765855,3125.0
-4279.25,18330698,4279.25
-892.25,796360,892.25
265.75,76942,265.75
-3354.25,11251081,3354.25
-3155.75,9958916,3155.75
-1940.75,3767097,1940.75
-2763.0,7635558,2763.0
-797.0,635328,797.0
-1461.0,2134809,1461.0
517.75,268843,517.75
-483.5,233874,483.5
455.25,215218,455.25
-2174.5,4731783,2174.5
-2239.0,5013368,2239.0
-1025.5,1056700,1025.5
-4061.0,16491814,4061.0
455.25,215218,455.25
-2354.0,5541375,2354.0
-1565.5,2450946,1565.5
-3619.75,13103337,3619.75
-3919.75,15364791,3919.75
-3979.0,15834640,3979.0
-1586.25,2516958,1586.25
-1783.75,3181854,1783.75
-1100.25,1210552,1100.25
-2842.5,8079848,2842.5
-2963.5,8783234,2963.5
-746.5,557298,746.5
-1513.0,2289334,1513.0
-476.75,227363,476.75
-1649.0,2721914,1649.0
-3306.5,10933012,3306.5
-355.75,127031,355.75
-1906.0,3633006,1906.0
-5592.25,31274044,5592.25
-960.5,923045,960.5
-1995.75,3983272,1995.75
-1865.0,3481609,1865.0
-2603.0,6775804,2603.0
-2694.25,7259413,2694.25
-3416.75,11674497,3416.75
-2692.5,7250507,2692.5
-1376.5,1895804,1376.5
-1938.5,3758447,1938.5
-3853.0,14848374,3853.0
-3135.5,9847636,3135.5
111.5,12718,111.5
-4021.5,16179945,4021.5
87.5,8694,87.5
-99.5,10990,99.5
-2705.25,7327367,2705.25
-157.5,25444,157.5
88.5,9262,88.5
-3479.0,12105230,3479.0
-3091.5,9557652,3091.5
-157.5,25444,157.5
-346.5,120640,346.5
-2138.0,4572572,2138.0
-2791.0,7792286,2791.0
-1645.25,2707012,1645.25
673.0,458118,673.0
1103.0,1222330,1103.0
1264.75,1599784,1264.75
1103.0,1222330,1103.0
728.5,533180,728.5
1176.5,1389949,1176.5
1240.25,1538866,1240.25
1264.75,1599784,1264.75
908.0,824965,908.0
534.25,289969,534.25
1166.75,1361928,1166.75
1176.5,1389949,1176.5
765.75,586540,765.75
-4056.5,16455774,4056.5
-508.75,258850,508.75
-1902.75,3620837,1902.75
-3575.0,12781232,3575.0
-3496.0,12222082,3496.0
-3573.25,12768674,3573.25
-6554.75,43015882,6554.75
-4779.25,22841259,4779.25
-6206.75,38538088,6206.75
-3667.75,13452442,3667.75
-359.25,129308,359.25
286.25,88624,286.25
-2126.75,4523214,2126.75
-2026.75,4110115,2026.75
-1633.5,2668673,1633.5
-2416.75,5840750,2416.75
6422.25,41317908,6422.25
9205.0,84745484,9205.0
5947.25,35386003,5947.25
5788.75,33560262,5788.75
-3528.0,12449438,3528.0
-2674.0,7153052,2674.0
358.0,159344,358.0
-3014.25,9085733,3014.25
-3041.5,9251728,3041.5
1289.25,1662523,1289.25
-4210.5,17728416,4210.5
-2282.0,5228120,2282.0
-4174.0,17422278,4174.0
-1320.25,1746184,1320.25
-3091.75,9558983,3091.75
-1016.5,1036030,1016.5
-2942.75,8673182,2942.75
-701.0,525932,701.0
-402.5,165386,402.5
6064.25,36830581,6064.25
-1768.5,3127716,1768.5
-1749.25,3157400,1749.25
-2058.75,4238739,2058.75
-4215.25,17769098,4215.25
484.0,234548,484.0
-2342.75,5504200,2342.75
-6506.25,42333223,6506.25
-403.5,162951,403.5
-1289.25,1662236,1289.25
-2605.5,6788704,2605.5
-1327.75,1763041,1327.75
1354.0,1834316,1354.0
-3916.25,15337023,3916.25
-1840.25,3388366,1840.25
-3526.0,12434727,3526.0
-2031.5,4127035,2031.5
90.5,9352,90.5
-2928.75,8577961,2928.75
-1118.75,1252342,1118.75
-942.75,888844,942.75
-1431.75,2049966,1431.75
-4833.0,23358074,4833.0
-39.75,3023,41.75
-3077.0,9471816,3077.0
1020.75,1053037,1020.75
-1559.0,2432666,1559.0
-2141.75,4588396,2141.75
-2931.75,8595849,2931.75
-763.25,608077,763.25
-2789.75,7782871,2789.75
-1640.25,2692423,1640.25
-1251.75,1570294,1251.75
-4590.0,21070142,4590.0
-1411.5,2267338,1411.5
-4342.25,18857161,4342.25
509.75,261956,509.75
-3805.0,14489287,3805.0
23.5,814,24.5
-1281.75,1643361,1281.75
618.5,383128,618.5
-4219.0,17801186,4219.0
-900.5,811312,900.5
-374.5,144362,374.5
609.5,371908,609.5
-919.5,845732,919.5
-3297.75,10875536,3297.75
-1569.25,2476904,1569.25
-1024.25,1051729,1024.25
-3875.0,15017186,3875.0
-925.5,857577,925.5
-494.75,244804,494.75
-1808.5,3271118,1808.5
-1214.25,1474582,1214.25
-1501.75,2259089,1501.75
-4589.5,21068698,4589.5
-5122.75,26253127,5122.75
-2318.75,5377080,2318.75
-5060.5,25609832,5060.5
-1833.0,3361018,1833.0
-1020.5,1041430,1020.5
382.0,146570,382.0
-1169.25,1367339,1169.25
-2296.5,5274250,2296.5
-1003.25,1010851,1003.25
1958.25,3834926,1958.25
-4409.25,19444164,4409.25
-1752.75,3074016,1752.75
-1130.25,1286752,1130.25
-1566.5,2517616,1566.5
-1760.5,3100665,1760.5
-120.75,15132,120.75
-4798.75,23029059,4798.75
-2400.25,5761311,2400.25
994.25,1003479,994.25
3203.0,10263424,3203.0
-1969.5,3879614,1969.5
-2730.5,7455732,2730.5
569.75,347182,569.75
-1877.25,3527026,1877.25
1546.0,2391356,1546.0
-622.0,401050,622.0
-990.25,980636,990.25
-147.25,21915,147.25
464.25,215702,464.25
1310.0,1720106,1310.0
1215.5,1483812,1215.5
1124.25,1272577,1124.25
-625.75,391900,625.75
-1844.75,3403298,1844.75
-2708.5,7336747,2708.5
-4208.5,17712536,4208.5
-3678.0,13529246,3678.0
-2800.0,7840651,2800.0
-283.0,80878,283.0
-279.25,89663,279.25
-3196.75,10225777,3196.75
-1465.0,2146376,1465.0
-5070.5,25728026,5070.5
-4638.0,21512546,4638.0
1412.25,1999115,1412.25
1891.25,3580672,1891.25
840.0,716302,840.0
-3645.25,13300012,3645.25
2158.25,4664753,2158.25
757.75,576203,757.75
2199.0,4836818,2199.0
3059.0,9362244,3059.0
3358.5,11282140,3358.5
3193.5,10199426,3193.5
2802.25,7859709,2802.25
1521.0,2324336,1521.0
5315.0,28253862,5315.0
3040.5,9249516,3040.5
3615.0,13068911,3615.0
3140.5,9873882,3140.5
-533.25,284545,533.25
1356.25,1843693,1356.25
1796.0,3231800,1796.0
3418.25,11827500,3418.25
-895.0,801574,895.0
-888.75,794604,888.75
2654.0,7044470,2654.0
-1471.5,2170100,1471.5
-3253.75,10586972,3253.75
-2069.5,4286972,2069.5
-3072.5,9440819,3072.5
-4819.0,23225334,4819.0
-3158.75,9978122,3158.75
782.25,613738,782.25
-5008.25,25098840,5008.25
-3117.5,9718886,3117.5
-5.5,700,25.0
355.0,128102,355.0
1337.75,1790039,1337.75
2179.5,4753756,2179.5
-1621.0,2628494,1621.0
2767.25,7657922,2767.25
-277.0,77100,277.0
1435.25,2082424,1435.25
-3633.0,13202116,3633.0
-3717.25,13820980,3717.25
1277.75,1639428,1277.75
3677.5,13524258,3677.5
1237.25,1531294,1237.25
1222.0,1493793,1222.0
2315.0,5359598,2315.0
212.25,46779,212.25
488.25,238539,488.25
6961.25,48459305,6961.25
689.5,489700,689.5
512.25,263913,512.25
-1365.0,1863310,1365.0
-904.25,832867,904.25
-3427.0,11759534,3427.0
-2021.25,4096168,2021.25
1684.5,2838380,1684.5
95.75,9212,95.75
-4559.5,20789146,4559.5
-3119.75,9752631,3119.75
-5165.75,26685398,5165.75
-4062.0,16500166,4062.0
-3921.5,15379471,3921.5
1218.25,1487201,1218.25
-140.0,24334,140.0
-1979.25,3917665,1979.25
22.75,524,22.75
1114.25,1253390,1114.25
-467.0,220650,467.0
569.25,324049,569.25
-703.5,501011,703.5
575.75,343424,575.75
-942.75,888901,942.75
1832.75,3359507,1832.75
934.0,872362,934.0
3228.5,10424294,3228.5
1967.25,3870172,1967.25
3230.0,10433424,3230.0
3363.0,11331020,3363.0
3523.75,12418020,3523.75
3495.75,12223442,3495.75
-111.25,13595,111.25
-1657.0,2745818,1657.0
-1944.75,3785201,1944.75
-1611.5,2597002,1611.5
1994.5,3978836,1994.5
266.0,71097,266.0
329.75,109592,329.75
-2018.75,4076575,2018.75
1892.25,3581326,1892.25
-1225.25,1501341,1225.25
598.25,358124,598.25
-1835.0,3367708,1835.0
-360.25,131658,360.25
-2654.75,7050447,2654.75
-508.75,259400,508.75
-1215.0,1477316,1215.0
-1598.0,2555529,1598.0
-1176.5,1385870,1176.5
-421.0,177748,421.0
-2668.0,7136440,2668.0
-3268.0,10679966,3268.0
-3092.5,9569212,3092.5
-1371.5,1882275,1371.5
-1560.25,2434497,1560.25
-3557.5,12656258,3557.5
-565.25,319678,565.25
-867.25,752452,867.25
-2505.25,6290685,2505.25
-2649.25,7042863,2649.25
-1804.75,3257306,1804.75
-1967.25,3876376,1967.25
-3035.25,9856737,3035.25
-1267.0,1611186,1267.0
-1720.25,2959655,1720.25
-2552.75,6518146,2552.75
22.5,3126,51.0
-2069.75,4284023,2069.75
845.5,715041,845.5
-1300.75,1692171,1300.75
-2622.0,6876062,2622.0
-2002.0,4008296,2002.0
-2866.75,8219497,2866.75
-394.5,155646,394.5
335.0,112819,335.0
1849.25,3424914,1849.25
-2853.25,8146046,2853.25
-572.75,328291,572.75
-1237.5,1531450,1237.5
-1055.25,1117546,1055.25
-1608.25,2587187,1608.25
2627.0,6901871,2627.0
2556.0,6541974,2556.0
-96.0,15560,96.0
-864.25,747381,864.25
-428.75,185495,428.75
-30.5,3532,50.5
1464.75,2145657,1464.75
1731.25,2997534,1731.25
620.5,385664,620.5
-1066.25,1137593,1066.25
-1265.25,1602751,1265.25
-1991.25,3966331,1991.25
-1950.5,3806931,1950.5
-1408.25,1984671,1408.25
1216.75,1480885,1216.75
-857.25,734958,857.25
-917.0,840932,917.0
-1245.5,1551298,1245.5
-1287.75,1658357,1287.75
-273.75,74987,273.75
-898.25,806985,898.25
-931.75,868200,931.75
-720.25,518773,720.25
4136.5,17110952,4136.5
-1166.0,1359576,1166.0
-1696.25,2877633,1696.25
-728.25,531082,728.25
-675.75,456664,675.75
4295.75,18455182,4295.75
-1177.5,1386825,1177.5
-1198.0,1435494,1198.0
924.0,861830,924.0
401.75,163420,401.75
222.0,49924,222.0
-106.75,15414,106.75
-1128.75,1275543,1128.75
496.75,251508,496.75
-960.0,922654,960.0
-3197.5,10225048,3197.5
-2229.25,4971434,2229.25
1516.75,2340691,1516.75
1004.0,1022216,1004.0
-1920.0,3689334,1920.0
2252.5,5074334,2252.5
-1235.5,1529674,1235.5
-837.25,701885,837.25
-469.5,220902,469.5
-965.75,939362,965.75
-64.75,8938,69.25
61.25,4036,61.25
-639.5,409990,639.5
-1496.5,2240990,1496.5
-1679.75,2822034,1679.75
392.25,154494,392.25
-74.75,5605,74.75
-1626.25,2645796,1626.25
-516.75,271225,516.75
-2368.0,5610208,2368.0
-2032.5,4131299,2032.5
-1548.5,2408925,1548.5
-279.5,78398,279.5
5545.25,30750101,5545.25
-758.25,575656,758.25
3604.0,12989026,3604.0
-455.0,209518,455.0
3421.0,11707298,3421.0
3230.0,10433424,3230.0
3495.75,12223442,3495.75
-410.5,169382,410.5
2260.0,5108094,2260.0
-2928.0,8573290,2928.0
-3416.25,11673149,3416.25
3230.0,10433424,3230.0
-310.0,96456,310.0
-874.75,765401,874.75
-5073.0,25738426,5073.0
-620.0,384656,620.0
109.0,65240,227.5
2463.75,6074471,2463.75
3863.75,14940668,3863.75
718.5,516332,718.5
-1176.0,1383054,1176.0
-1909.0,3644314,1909.0
1387.25,1925638,1387.25
-3429.25,11764708,3429.25
189.0,36231,189.0
-929.25,864235,929.25
3891.25,15147419,3891.25
111.75,12598,111.75
2311.5,5343593,2311.5
1394.75,1946695,1394.75
-929.0,868492,929.0
1169.5,1372580,1169.5
-3856.25,14872811,3856.25
2801.75,7849828,2801.75
-1117.75,1249501,1117.75
-2566.25,6585895,2566.25
48.0,4896,52.5
-210.75,56956,210.75
-216.75,93707,235.25
-1210.0,1464458,1210.0
-1644.25,2703671,1644.25
264.25,69899,264.25
-2080.5,4329632,2080.5
-1590.0,2528158,1590.0
882.25,778786,882.25
1169.25,1367149,1169.25
-1264.25,1598415,1264.25
1251.75,1585172,1251.75
825.0,680862,825.0
132.0,51826,185.0
888.0,788632,888.0
504.25,254356,504.25
868.25,753929,868.25
3713.5,13830938,3713.5
-6751.25,45579571,6751.25
-3926.75,15420683,3926.75
1444.75,2095638,1444.75
-168.75,28962,168.75
1189.5,1422670,1189.5
-42.0,1780,42.0
2144.75,4599972,2144.75
-179.5,34302,179.5
-1771.5,3140954,1771.5
-1522.75,2320237,1522.75
-442.75,196151,442.75
1968.25,3874297,1968.25
-2963.75,8786983,2963.75
1821.5,3322178,1821.5
-4289.5,18481384,4289.5
-1784.5,3187239,1784.5
-1477.5,2183171,1477.5
-843.75,713279,843.75
-1328.0,1764002,1328.0
1986.5,3954225,1986.5
1532.0,2347534,1532.0
2100.75,4445268,2100.75
-723.0,522758,723.0
-1047.25,1103343,1047.25
-1350.75,1824930,1350.75
3362.0,11305916,3362.0
614.0,377025,614.0
-1400.0,1961138,1400.0
-3044.75,9270661,3044.75
-1912.0,3656066,1912.0
-1487.75,2216044,1487.75
-4417.75,19522555,4417.75
-1633.25,2672773,1633.25
-4478.75,20066312,4478.75
-1919.75,3685577,1919.75
-2363.75,5587343,2363.75
-947.5,897990,947.5
-1585.0,2512718,1585.0
-1797.5,3231234,1797.5
-1074.0,1153970,1074.0
-281.75,79991,281.75
-1854.0,3437470,1854.0
-3204.0,10266122,3204.0
-2190.75,4799758,2190.75
-1074.0,1153970,1074.0
166.0,30581,166.0
-1079.0,1164978,1079.0
688.5,474124,688.5
3194.5,10211540,3194.5
-1172.5,1376188,1172.5
420.25,178960,420.25
2582.5,6669468,2582.5
-1864.5,3492006,1864.5
-2768.25,7664057,2768.25
-749.0,563778,749.0
2848.75,8117697,2848.75
-319.5,103840,319.5
-629.5,397934,629.5
2130.75,4540875,2130.75
-1072.75,1151939,1072.75
1333.0,1777217,1333.0
2069.5,4284409,2069.5
1471.25,2164664,1471.25
1323.5,1751692,1323.5
1312.5,1722696,1312.5
1413.75,2003029,1413.75
1931.25,3729938,1931.25
1326.75,1760661,1326.75
-2895.75,8385635,2895.75
1902.5,3619817,1902.5
-1206.25,1465684,1206.25
815.75,665524,815.75
-1964.0,3860150,1964.0
2274.5,5174882,2274.5
651.5,424584,651.5
1240.0,1538178,1240.0
1222.5,1494549,1222.5
-1733.25,3005682,1733.25
-2254.5,5094260,2254.5
-2774.75,7699313,2774.75
2757.5,7604184,2757.5
2654.5,7051243,2654.5
-1740.0,3029110,1740.0
6633.0,43997915,6633.0
4187.0,17576422,4187.0
-1654.5,2743121,1654.5
-719.75,519488,719.75
1773.5,3153784,1773.5
-1874.75,3518678,1874.75
-1666.0,2775822,1666.0
-1629.25,2654709,1629.25
427.25,203669,427.25
-1677.75,2815102,1677.75
-1790.0,3208144,1790.0
-1623.0,2635060,1623.0
1472.5,2168398,1472.5
1472.5,2168398,1472.5
3838.25,14738183,3838.25
-2677.0,7166374,2677.0
-2250.5,5065392,2250.5
-1351.25,1843556,1351.25
2918.75,8519337,2918.75
-500.5,257582,500.5
2326.25,5411604,2326.25
-3697.75,13673384,3697.75
1229.25,1520156,1229.25
-792.75,630610,792.75
457.0,211406,457.0
141.0,20122,141.0
-2947.75,8689790,2947.75
2318.0,5375966,2318.0
-508.0,258216,508.0
-911.5,837348,911.5
-891.0,796606,891.0
345.0,120501,345.0
-440.5,194096,440.5
-558.75,314749,558.75
-1915.5,3672564,1915.5
-1967.75,3872517,1967.75
-1001.0,1002080,1001.0
-2124.25,4515662,2124.25
-2061.5,4250364,2061.5
676.25,457647,676.25
-2272.0,5162661,2272.0
-351.25,123498,351.25
216.75,50319,216.75
-672.5,452576,672.5
-420.75,178350,420.75
-2067.5,4274810,2067.5
-1970.75,3884657,1970.75
748.25,560169,748.25
-848.75,721691,848.75
-633.5,401822,633.5
-3028.25,9181300,3028.25
-1865.75,3481272,1865.75
-1845.0,3407372,1845.0
1022.75,1053135,1022.75
-715.75,512844,715.75
-1678.5,2817574,1678.5
-713.0,508852,713.0
-1899.75,3609688,1899.75
-2448.75,5997066,2448.75
-2944.25,8669370,2944.25
-151.5,23105,151.5
-2819.5,7951064,2819.5
1948.25,3795718,1948.25
-1013.25,1027250,1013.25
-136.5,20997,136.5
-4.5,632,22.0
-412.5,172002,412.5
3802.25,14458096,3802.25
-1327.5,1762363,1327.5
-1844.0,3400364,1844.0
-856.5,734062,856.5
-1105.5,1222454,1105.5
-4079.0,16640228,4079.0
221.0,50030,221.0
-202.75,41821,202.75
-2416.0,5837434,2416.0
1849.75,3422802,1849.75
-1027.75,1056575,1027.75
2753.25,7582920,2753.25
-2410.0,5814674,2410.0
-1609.75,2592469,1609.75
380.5,147044,380.5
-1873.75,3511087,1873.75
253.0,64532,253.0
55.5,3635,55.5
-635.25,403885,635.25
448.75,201527,448.75
-802.25,643625,802.25
-1040.0,1081888,1040.0
921.25,848799,921.25
6.75,3864,61.75
-2141.0,4584140,2141.0
-2079.25,4327222,2079.25
-2255.25,5086373,2255.25
-2141.0,4584140,2141.0
-2011.0,4044158,2011.0
-742.25,551228,742.25
-1521.0,2313640,1521.0
-2133.25,4551332,2133.25
-1432.75,2052790,1432.75
-1499.25,2247869,1499.25
-1443.0,2082254,1443.0
-1646.25,2710805,1646.25
-1512.0,2286688,1512.0
-761.75,580399,761.75
-1099.0,1207946,1099.0
-159.75,29319,159.75
5405.75,29222443,5405.75
3706.75,13752810,3706.75
989.0,983755,989.0
-122.5,15338,122.5
1155.25,1342196,1155.25
2923.75,8550155,2923.75
3528.5,12451052,3528.5
-1327.75,1770284,1327.75
-4132.0,17076224,4132.0
-1817.75,3313270,1817.75
-91.0,10610,91.0
-2870.75,8261302,2870.75
-1950.5,3805081,1950.5
-3973.0,15863254,3973.0
-94.0,10785,94.0
-1.5,431,19.5
-6616.25,43782331,6616.25
-5397.5,29133968,5397.5
-156.75,24647,156.75
4336.0,18800928,4336.0
-503.0,256862,503.0
1067.25,1139092,1067.25
290.5,84650,290.5
2743.25,7527508,2743.25
1110.5,1233348,1110.5
1072.0,1151286,1072.0
2713.75,7366281,2713.75
1187.5,1410302,1187.5
3348.75,11215831,3348.75
2820.75,7957181,2820.75
1036.0,1074432,1036.0
2889.75,8358898,2889.75
2885.5,8326122,2885.5
-544.0,299148,544.0
2934.75,8612927,2934.75
2934.75,8612927,2934.75
2705.75,7323083,2705.75
2822.0,7964230,2822.0
2874.75,8264813,2874.75
2874.75,8264813,2874.75
2704.5,7316354,2704.5
2744.0,7529585,2744.0
1046.75,1096139,1046.75
-183.75,35752,183.75
2305.25,5314582,2305.25
-604.25,365596,604.25
2733.0,7469905,2733.0
-202.75,41952,202.75
162.25,38286,162.25
-42.5,6808,73.0
2933.0,8602682,2933.0
-85.5,8647,85.5
2825.5,7990188,2825.5
33.0,1318,33.0
1112.5,1246088,1112.5
-108.75,12199,108.75
600.0,364808,600.0
2799.75,7840539,2799.75
242.75,59142,242.75
2226.0,4955716,2226.0
3103.5,9633724,3103.5
2749.25,7559295,2749.25
2829.75,8008884,2829.75
-64.75,4226,64.75
197.25,39487,197.25
2854.0,8145344,2854.0
386.0,150158,386.0
1331.0,1771976,1331.0
66.25,4969,66.25
-73.0,5606,73.0
-261.25,69642,261.25
-125.25,20361,125.25
221.5,49146,221.5
-769.75,593211,769.75
-205.75,42366,205.75
-161.5,26883,161.5
-530.75,281960,530.75
-198.75,44244,198.75
-320.0,106716,320.0
2854.0,8145344,2854.0
2.25,226,12.75
3068.0,9435080,3068.0
3434.25,11801703,3434.25
541.0,296086,541.0
755.25,570476,755.25
4281.5,18335694,4281.5
253.75,64546,253.75
3235.75,10474622,3235.75
-1019.0,1041760,1019.0
5011.0,25111100,5011.0
4978.25,24783219,4978.25
5002.75,25029059,5002.75
2695.0,7263474,2695.0
-1450.5,2109962,1450.5
1275.75,1627556,1275.75
3686.25,13588478,3686.25
3657.0,13374878,3657.0
-1561.75,2441516,1561.75
4516.75,20401329,4516.75
3479.0,12111244,3479.0
3418.25,11685188,3418.25
3418.25,11685188,3418.25
3032.5,9200728,3032.5
1788.25,3201194,1788.25
-2097.0,4397720,2097.0
-6870.0,47197646,6870.0
-5481.75,30057076,5481.75
-418.75,176817,418.75
-210.25,46787,210.25
484.75,243881,484.75
-603.0,364633,603.0
65.75,7124,67.75
1420.75,2021014,1420.75
3442.75,11855680,3442.75
-4144.25,17179462,4144.25
-697.75,488029,697.75
-2555.25,6529554,2555.25
-2751.0,7569592,2751.0
3594.0,12917622,3594.0
857.0,743060,857.0
-128.25,31408,132.25
-243.75,65490,243.75
-290.75,190091,324.25
-3301.5,10906606,3301.5
-1218.75,1486957,1218.75
-1132.0,1281734,1132.0
-480.25,232826,480.25
-1225.25,1501954,1225.25
-987.0,974660,987.0
1443.0,2088223,1443.0
2696.75,7287533,2696.75
-1374.75,1890151,1374.75
3692.5,13635479,3692.5
-1973.5,3895642,1973.5
3523.75,12418020,3523.75
3228.5,10424294,3228.5
3230.0,10433424,3230.0
3523.75,12418020,3523.75
3366.0,11341712,3366.0
3515.25,12358826,3515.25
3515.25,12358826,3515.25
-1310.5,1733816,1310.5
-1637.25,2684296,1637.25
-335.0,112845,335.0
3286.0,10806736,3286.0
3005.25,9037144,3005.25
3110.75,9683061,3110.75
3294.75,10864647,3294.75
3356.5,11266144,3356.5
3262.0,10673930,3262.0
3827.5,14649838,3827.5
1244.75,1558964,1244.75
2037.25,4163460,2037.25
1489.0,2219026,1489.0
2938.5,8639296,2938.5
2884.25,8319302,2884.25
2927.0,8568574,2927.0
2961.25,8770882,2961.25
3515.25,12358826,3515.25
2628.75,6910920,2628.75
3366.0,11341712,3366.0
3421.0,11707298,3421.0
3523.75,12418020,3523.75
3495.75,12223442,3495.75
3523.75,12418020,3523.75
3230.0,10433424,3230.0
3523.75,12418020,3523.75
3230.0,10433424,3230.0
1010.0,1021920,1010.0
1678.0,2821652,1678.0
3228.5,10424294,3228.5
-294.0,86958,294.0
-2885.5,8340170,2885.5
1453.75,2121695,1453.75
1946.25,3842995,1946.25
46.5,3131,46.5
3429.75,11767666,3429.75
-534.5,286040,534.5
1173.5,1378674,1173.5
1400.75,1964852,1400.75
71.75,9494,82.25
1622.5,2640591,1622.5
1230.0,1516734,1230.0
1234.0,1530929,1234.0
2926.0,8563454,2926.0
3071.5,9439610,3071.5
-2536.25,6441806,2536.25
2916.25,8505190,2916.25
3071.5,9439610,3071.5
2969.75,8819842,2969.75
2961.25,8770882,2961.25
2916.25,8505190,2916.25
2961.25,8770882,2961.25
2742.25,7520039,2742.25
2969.75,8819842,2969.75
2926.0,8563454,2926.0
519.25,288001,519.25
-516.25,285423,516.25
4218.5,17812317,4218.5
718.75,2125358,1265.75
-2264.25,5130826,2264.25
721.0,528888,721.0
-2404.75,5787803,2404.75
671.25,455761,671.25
479.5,230492,479.5
-41.0,6104,66.5
-700.75,511440,700.75
-1528.25,2335826,1528.25
-2528.0,6393478,2528.0
-737.5,544492,737.5
-2289.75,5245546,2289.75
-203.75,74050,203.75
-2113.25,4467186,2113.25
-2246.75,5047982,2246.75
3742.75,14011444,3742.75
-1745.0,3048506,1745.0
1187.75,1411058,1187.75
-1184.5,1404338,1184.5
-3670.0,13470074,3670.0
329.0,108384,329.0
105.0,19600,105.0
1021.75,1044242,1021.75
558.25,312568,558.25
2113.0,4464966,2113.0
-513.75,271970,513.75
3133.0,10454458,3133.0
-1119.0,1253032,1119.0
-478.75,229210,478.75
-1156.5,1337756,1156.5
-579.75,336753,579.75
-180.25,39996,180.25
-196.75,38834,196.75
3382.0,11443010,3382.0
2006.75,4037612,2006.75
-335.75,112977,335.75
-5231.5,28197345,5231.5
2212.0,4898522,2212.0
-293.25,86869,293.25
-1647.75,2716395,1647.75
3179.5,10111082,3179.5
2135.75,4561597,2135.75
-513.0,263417,513.0
1447.25,2094551,1447.25
39.5,1832,39.5
-470.5,221628,470.5
2904.75,8437615,2904.75
-177.25,31655,177.25
1432.5,2052763,1432.5
2359.75,5590241,2359.75
1625.25,2642538,1625.25
1730.5,2995742,1730.5
-345.0,120696,345.0
-558.75,312329,558.75
-292.0,85530,292.0
-300.5,90574,300.5
-403.25,162905,403.25
-295.0,87618,295.0
-394.0,155744,394.0
2994.75,8968843,2994.75
-212.0,45092,212.0
3184.5,10141060,3184.5
2473.5,6121654,2473.5
2994.75,8968843,2994.75
2706.5,7325572,2706.5
2177.0,4751788,2177.0
-1307.25,1710652,1307.25
2322.0,5406958,2322.0
491.25,241373,491.25
2322.25,5393159,2322.25
-1742.75,3037179,1742.75
-4.0,1216,33.0
1366.25,1869875,1366.25
1419.5,2015583,1419.5
-672.75,452631,672.75
-1826.75,3342324,1826.75
2765.25,7650819,2765.25
570.25,326399,570.25
3070.25,9427739,3070.25
496.0,246062,496.0
2852.75,8138396,2852.75
236.0,56941,236.0
-254.0,64678,254.0
-1435.25,2073814,1435.25
322.5,104124,322.5
3107.0,9653706,3107.0
-425.75,183164,425.75
210.25,44426,210.25
2845.0,8094414,2845.0
-498.0,249780,498.0
1178.75,1391308,1178.75
-159.25,27416,159.25
-1255.75,1578805,1255.75
-512.25,263899,512.25
2194.5,4818049,2194.5
2239.25,5017322,2239.25
577.25,336140,577.25
-87.0,9142,87.0
265.75,70702,265.75
2206.75,4872359,2206.75
-766.0,588028,766.0
-789.25,625114,789.25
-1231.0,1520698,1231.0
962.25,926541,962.25
812.0,661318,812.0
-1079.75,1169051,1079.75
2814.0,7921940,2814.0
90.0,8381,90.0
297.75,91623,297.75
2123.0,4507408,2123.0
2549.0,6499102,2549.0
2790.0,7790350,2790.0
1498.5,2246155,1498.5
407.0,174438,407.0
685.0,469712,685.0
-1315.75,1731319,1315.75
50.75,9630,83.75
128.0,22716,128.0
249.0,63542,249.0
-233.25,54437,233.25
1897.0,3599054,1897.0
1726.0,2979318,1726.0
4371.25,19108247,4371.25
2326.5,5412922,2326.5
1368.5,1873160,1368.5
995.0,991756,995.0
996.75,995879,996.75
1125.75,1267504,1125.75
2760.0,7617785,2760.0
3504.75,12309154,3504.75
-1030.25,1061560,1030.25
766.0,587550,766.0
382.5,146668,382.5
960.5,924727,960.5
-741.25,549719,741.25
-382.25,146117,382.25
-1782.0,3175918,1782.0
-3765.25,14177217,3765.25
566.75,321227,566.75
540.5,292530,540.5
1222.0,1493305,1222.0
972.5,946398,972.5
966.0,933808,966.0
1021.5,1045084,1021.5
948.5,900303,948.5
1091.0,1190302,1091.0
1052.0,1106748,1052.0
973.75,948827,973.75
1269.5,1612072,1269.5
1050.75,1105186,1050.75
-17.5,456,18.0
1091.0,1190302,1091.0
971.25,943932,971.25
3156.25,9964347,3156.25
329.25,110472,329.25
2892.0,8363888,2892.0
-1517.25,2751325,1517.25
-1703.0,2900371,1703.0
2178.0,4744224,2178.0
-850.5,724675,850.5
-1817.0,3302034,1817.0
-2223.25,4949524,2223.25
-1799.75,3240238,1799.75
-1580.0,2496582,1580.0
183.25,35081,183.25
2149.75,4621437,2149.75
1522.5,2319271,1522.5
209.75,45367,209.75
943.25,890384,943.25
1111.0,1234372,1111.0
973.75,948827,973.75
973.75,948827,973.75
477.0,228258,477.0
968.75,940075,968.75
1016.25,1033124,1016.25
1136.5,1292258,1136.5
461.5,213508,461.5
925.25,856751,925.25
1004.5,1009670,1004.5
1101.0,1213888,1101.0
1093.75,1196470,1093.75
517.75,272656,517.75
1033.5,1068164,1033.5
1068.5,1142818,1068.5
537.25,288695,537.25
1260.0,1588829,1260.0
-711.5,506468,711.5
1422.25,2037759,1422.25
-991.75,983585,991.75
-110.25,13655,110.25
1110.0,1232716,1110.0
940.0,884669,940.0
328.75,111045,328.75
2723.75,7418868,2723.75
2025.25,4110362,2025.25
1327.0,1762644,1327.0
3189.25,10172173,3189.25
1979.5,3919836,1979.5
-739.75,547566,739.75
-667.0,448348,667.0
1442.75,2081545,1442.75
1187.5,1410302,1187.5
998.75,997864,998.75
854.5,730282,854.5
1550.25,2404466,1550.25
1248.75,1583191,1248.75
712.25,507347,712.25
108.0,12292,108.0
642.0,413456,642.0
-1517.25,2302415,1517.25
3932.0,15461003,3932.0
778.25,605816,778.25
642.0,413456,642.0
751.25,564801,751.25
814.5,678550,814.5
2312.5,5347906,2312.5
1799.0,3237454,1799.0
1584.25,2514439,1584.25
1958.5,3836016,1958.5
1694.0,2869686,1694.0
2099.5,4419118,2099.5
377.25,142860,377.25
393.5,154924,393.5
311.25,98236,311.25
38.0,1516,38.0
438.25,192166,438.25
1147.0,1315712,1147.0
-2681.5,7190543,2681.5
477.25,227954,477.25
917.75,847593,917.75
826.25,683213,826.25
3457.25,11982536,3457.25
4443.25,19744096,4443.25
2210.25,4897005,2210.25
1987.25,3949660,1987.25
688.5,474184,688.5
201.75,44134,201.75
602.5,392674,602.5
544.75,298786,544.75
2753.0,7579050,2753.0
2436.25,5938045,2436.25
2769.75,7671708,2769.75
2722.5,7412785,2722.5
2787.0,7775724,2787.0
38.0,1516,38.0
1687.5,2875938,1687.5
3669.75,13467198,3669.75
3669.75,13467198,3669.75
1561.5,2440540,1561.5
1584.25,2514439,1584.25
1751.0,3071540,1751.0
1694.0,2869686,1694.0
1713.0,2948318,1713.0
1694.0,2869686,1694.0
3665.0,13433133,3665.0
2076.75,4314645,2076.75
798.75,639961,798.75
1003.25,1006571,1003.25
616.75,381660,616.75
964.0,929972,964.0
721.0,520372,721.0
1479.25,2188281,1479.25
765.0,586452,765.0
829.5,688876,829.5
1040.25,1083494,1040.25
726.5,528748,726.5
746.25,556959,746.25
726.5,528748,726.5
2415.25,5833512,2415.25
717.25,515489,717.25
3230.0,10434962,3230.0
2453.75,6021182,2453.75
51.75,2857,51.75
259.5,67702,259.5
1984.0,3936700,1984.0
1379.25,1902878,1379.25
92.75,11839,92.75
1457.25,2124803,1457.25
1457.25,2124803,1457.25
2511.0,6306312,2511.0
-1151.0,1324928,1151.0
3305.5,10927356,3305.5
4946.75,24470407,4946.75
724.25,524609,724.25
617.0,380830,617.0
3226.75,10414152,3226.75
2986.75,8920754,2986.75
1109.5,1231490,1109.5
1109.5,1231490,1109.5
347.75,120939,347.75
338.0,114300,338.0
-47.5,2456,47.5
282.75,85243,282.75
91.75,8726,91.75
277.75,79476,277.75
86.5,7578,86.5
229.5,53052,229.5
2157.25,4657033,2157.25
2880.25,8296421,2880.25
1293.75,1674180,1293.75
2139.0,4585422,2139.0
1324.25,1753700,1324.25
768.0,614170,768.0
2376.75,5649979,2376.75
1210.75,1467586,1210.75
1120.5,1255962,1120.5
1148.0,1318086,1148.0
1041.0,1083686,1041.0
2548.75,6496438,2548.75
1084.5,1176206,1084.5
1922.75,3697872,1922.75
1335.75,1785337,1335.75
489.0,240228,489.0
592.0,350525,592.0
2288.75,5239033,2288.75
3112.5,9688380,3112.5
3391.5,11502476,3391.5
3615.5,13075512,3615.5
3645.25,13288390,3645.25
2089.5,4367332,2089.5
1562.75,2443434,1562.75
1954.75,3829669,1954.75
2515.75,6329604,2515.75
2089.5,4367332,2089.5
2103.0,4423190,2103.0
1787.5,3198061,1787.5
1753.25,3074342,1753.25
2125.25,4517983,2125.25
1115.5,1244400,1115.5
1865.5,3480756,1865.5
1679.5,2831210,1679.5
1583.5,2507859,1583.5
1610.0,2593272,1610.0
2244.0,5051454,2244.0
1794.75,3223681,1794.75
1837.0,3378023,1837.0
3005.75,9041392,3005.75
568.0,322850,568.0
2864.25,8203986,2864.25
2802.25,7853719,2802.25
1180.0,1392412,1180.0
1905.5,3631023,1905.5
297.25,88766,297.25
859.5,740724,859.5
4439.75,19713017,4439.75
5299.5,28087930,5299.5
2663.25,7093485,2663.25
1836.5,3372848,1836.5
4624.0,21383422,4624.0
3240.5,10502064,3240.5
2288.25,5236479,2288.25
1114.75,1242674,1114.75
1313.5,1725678,1313.5
1884.25,3550461,1884.25
1333.75,1779004,1333.75
1317.5,1736631,1317.5
1337.0,1787676,1337.0
685.0,470535,685.0
1293.75,1673981,1293.75
516.0,270958,516.0
489.25,239897,489.25
-985.0,976748,985.0
143.75,23210,143.75
2425.25,5881876,2425.25
492.75,244243,492.75
3282.0,10774044,3282.0
2872.5,8255792,2872.5
2649.5,7021496,2649.5
1674.25,2804464,1674.25
616.25,380716,616.25
2666.0,7108894,2666.0
3244.0,10525428,3244.0
2028.75,4125115,2028.75
2141.75,4587882,2141.75
3510.0,12321796,3510.0
886.25,787602,886.25
3029.75,9179609,3029.75
934.75,875807,934.75
2934.0,8609112,2934.0
1892.5,3581576,1892.5
1759.75,3096774,1759.75
492.25,247250,492.25
472.25,223044,472.25
721.25,521952,721.25
851.25,724960,851.25
1601.25,2564237,1601.25
391.0,156188,391.0
848.75,725830,848.75
683.75,467752,683.75
148.0,21925,148.0
1649.5,2720890,1649.5
1631.75,2663460,1631.75
3281.75,10777590,3281.75
2122.25,4509996,2122.25
3541.75,12544511,3541.75
1390.75,1934305,1390.75
853.75,729058,853.75
644.0,414966,644.0
1550.75,2405115,1550.75
848.5,720227,848.5
979.5,959594,979.5
928.25,861665,928.25
1540.75,2374796,1540.75
1774.25,3148464,1774.25
1746.75,3053021,1746.75
1148.0,1317954,1148.0
1630.5,2663872,1630.5
1746.75,3053021,1746.75
1227.25,1506379,1227.25
2012.5,4050194,2012.5
3328.75,11085141,3328.75
2875.0,8268190,2875.0
675.75,457640,675.75
2489.5,6200784,2489.5
2232.0,4986170,2232.0
2072.25,4303172,2072.25
2343.75,5493267,2343.75
2599.5,6757721,2599.5
453.75,206358,453.75
2795.75,7817229,2795.75
4581.5,21001112,4581.5
1230.75,1514759,1230.75
1205.25,1454112,1205.25
3474.5,12073450,3474.5
1693.0,2866870,1693.0
3394.5,11522669,3394.5
2173.5,4726536,2173.5
1889.0,3569724,1889.0
1624.5,2640898,1624.5
1804.25,3258496,1804.25
1704.0,2905109,1704.0
1859.0,3456460,1859.0
835.5,699028,835.5
2541.75,6460658,2541.75
835.5,699028,835.5
3216.5,10346874,3216.5
4471.5,19995445,4471.5
2437.5,5945388,2437.5
4467.5,19960233,4467.5
3584.5,12854667,3584.5
2776.0,7726416,2776.0
2815.25,7926609,2815.25
2052.0,4287788,2052.0
-1009.25,1019740,1009.25
2727.5,7448682,2727.5
-998.25,998325,998.25
3231.75,10455416,3231.75
3433.75,11799336,3433.75
2547.5,6489904,2547.5
3956.75,15658233,3956.75
1272.75,1620391,1272.75
984.0,980958,984.0
-930.75,890261,930.75
1295.5,1678916,1295.5
3532.25,12484690,3532.25
6235.25,38880316,6235.25
-7191.75,51817538,7191.75
4389.75,19270298,4389.75
438.0,233570,438.0
3040.5,9247025,3040.5
-87.75,21650,117.75
3476.75,12098985,3476.75
89.5,9576,89.5
-196.75,43213,196.75
4833.0,23362510,4833.0
1715.0,2943486,1715.0
1559.0,2430558,1559.0
2066.5,4270862,2066.5
306.0,107214,306.0
999.25,998535,999.25
-3516.75,12367672,3516.75
5396.25,29129238,5396.25
3360.5,11308741,3360.5
44.25,33746,178.25
2669.75,7180724,2669.75
4634.5,21580408,4634.5
3796.5,14414174,3796.5
3157.75,9977346,3157.75
3849.5,14818948,3849.5
-48.0,20668,135.5
1111.0,1330192,1111.0
3752.25,14079459,3752.25
-1335.25,1783039,1335.25
225.5,62805,225.5
-1961.5,3891615,1961.5
2365.0,5593658,2365.0
2639.0,6964632,2639.0
958.5,919382,958.5
4429.75,19627427,4429.75
4057.75,16468448,4057.75
3876.75,15034606,3876.75
11.0,29562,171.5
2311.25,5342644,2311.25
-1921.5,3695032,1921.5
1748.5,3057714,1748.5
423.5,179499,423.5
6986.25,48811330,6986.25
-2663.5,7122312,2663.5
2364.25,5591209,2364.25
3382.25,11443082,3382.25
2211.0,4890095,2211.0
689.75,476730,689.75
2754.5,7595582,2754.5
450.25,217625,450.25
869.5,758680,869.5
5486.5,30121032,5486.5
3591.5,12903298,3591.5
925.5,857098,925.5
1029.75,1060629,1029.75
-4011.5,16093900,4011.5
-868.0,754262,868.0
3210.25,10305723,3210.25
2675.25,7157282,2675.25
-2778.0,7717524,2778.0
865.75,765779,865.75
2567.75,6593343,2567.75
3226.0,10407524,3226.0
3093.25,9587068,3093.25
2687.25,7226409,2687.25
3739.75,13986232,3739.75
3077.75,9522628,3077.75
1272.75,1620391,1272.75
1179.75,1400731,1179.75
923.0,854612,923.0
1815.5,3300320,1815.5
1272.75,1620391,1272.75
2881.75,8308807,2881.75
6807.5,46342563,6807.5
1277.25,1633013,1277.25
815.0,745210,815.0
927.75,894669,927.75
1883.75,3549346,1883.75
-633.25,401712,633.25
1601.75,2569972,1601.75
4364.5,19051070,4364.5
547.0,300983,547.0
3023.25,9150871,3023.25
6384.0,40792370,6384.0
3181.0,10119460,3181.0
1959.75,3841953,1959.75
-626.0,391942,626.0
2381.25,5682595,2381.25
2492.25,6216344,2492.25
5060.25,25649875,5060.25
-3669.0,13465672,3669.0
153.5,35790,153.5
-856.25,735714,856.25
2162.5,4676518,2162.5
5297.75,28068769,5297.75
2867.75,8238095,2867.75
1846.75,3417333,1846.75
3024.25,9157728,3024.25
2838.25,8055697,2838.25
1138.0,1310029,1138.0
4383.0,19298614,4383.0
2257.25,5096368,2257.25
-987.5,981828,987.5
4034.25,16275196,4034.25
4874.25,23767868,4874.25
-399.0,168655,399.0
27314.25,746798804,27314.25
1573.25,2475798,1573.25
1116.5,1278964,1116.5
1118.75,1251798,1118.75
1079.0,1164926,1079.0
1118.75,1251798,1118.75
9401.75,88405602,9401.75
1984.25,3954134,1984.25
3969.75,15764813,3969.75
1023.0,1046674,1023.0
6124.5,37510280,6124.5
1248.0,1558160,1248.0
165.0,88506,247.5
1245.5,1551372,1245.5
1272.75,1620391,1272.75
1272.75,1620391,1272.75
984.0,980958,984.0
1245.5,1551372,1245.5
984.0,980958,984.0
996.75,994031,996.75
1245.5,1551372,1245.5
1052.5,1108924,1052.5
1245.5,1551372,1245.5
1245.5,1551372,1245.5
1179.75,1400731,1179.75
1295.5,1678916,1295.5
984.0,980958,984.0
1015.25,1030766,1015.25
984.0,980958,984.0
1195.25,1438442,1195.25
1015.25,1030766,1015.25
923.0,854612,923.0
4639.75,21543264,4639.75
4479.0,20085640,4479.0
1628.0,2652986,1628.0
1591.0,2531480,1591.0
-1742.25,3043169,1742.25
2561.0,6567866,2561.0
1387.25,1928284,1387.25
4443.0,19742018,4443.0
5239.75,27455216,5239.75
5640.0,31809634,5640.0
1826.75,3337032,1826.75
4604.5,21220062,4604.5
-2126.25,4521029,2126.25
5412.25,29292659,5412.25
4745.75,22522611,4745.75
4163.5,17334772,4163.5
-1309.75,1718587,1309.75
5132.25,26490005,5132.25
-435.0,191170,435.0
-197.75,39617,197.75
2679.5,7186641,2679.5
278.5,79389,278.5
2798.75,7840811,2798.75
2303.0,5305296,2303.0
3475.25,12078112,3475.25
1933.0,3736516,1933.0
4336.25,18803967,4336.25
2147.5,4620704,2147.5
4159.0,17297332,4159.0
4343.0,18869222,4343.0
4351.5,18942522,4351.5
4731.25,22386230,4731.25
16.75,7341,83.25
2182.0,4765562,2182.0
-1409.25,1989007,1409.25
1457.0,2123820,1457.0
-193.5,37486,193.5
2525.5,6385906,2525.5
1109.0,1230678,1109.0
3244.25,10547192,3244.25
2836.0,8043861,2836.0
3065.75,9398862,3065.75
4306.75,18556294,4306.75
4037.0,16305382,4037.0
3756.0,14113720,3756.0
2866.5,8217473,2866.5
2306.5,5377306,2306.5
2759.25,7624346,2759.25
2831.25,8016258,2831.25
3197.75,10226251,3197.75
2081.0,4336918,2081.0
2178.75,4748436,2178.75
1613.5,2618764,1613.5
368.0,142678,368.0
1669.5,2788758,1669.5
5017.25,25174064,5017.25
3621.75,13127337,3621.75
3069.5,9422376,3069.5
6226.5,38769402,6226.5
2683.0,7198838,2683.0
-483.25,234647,483.25
4131.75,17071398,4131.75
7103.25,50464874,7103.25
992.0,1017530,992.0
612.5,375360,612.5
-673.0,462146,673.0
6316.25,40012766,6316.25
2846.75,8104583,2846.75
978.75,965065,978.75
2611.25,6818805,2611.25
2388.5,5718700,2388.5
1579.5,2494906,1579.5
4027.0,16223306,4027.0
3398.0,11558438,3398.0
2586.25,6695472,2586.25
4796.75,23043630,4796.75
2680.25,7190535,2680.25
1991.5,3980844,1991.5
4397.25,19381615,4397.25
2694.75,7262178,2694.75
1364.25,1883014,1364.25
718.75,517225,718.75
4397.25,19381615,4397.25
491.25,241346,491.25
2575.25,6633936,2575.25
3099.0,9607054,3099.0
2289.25,5240822,2289.25
2191.5,4819898,2191.5
4856.0,23581216,4856.0
5323.0,28341062,5323.0
3487.5,12162703,3487.5
1855.25,3443535,1855.25
4136.5,17112074,4136.5
1921.0,3690256,1921.0
-779.25,613079,779.25
2109.75,4458883,2109.75
3099.0,9607054,3099.0
4013.75,16130956,4013.75
6459.0,41725575,6459.0
2870.5,8240063,2870.5
1390.75,1936391,1390.75
4679.75,21900065,4679.75
5029.75,25307696,5029.75
3430.25,11767007,3430.25
2016.25,4065608,2016.25
1115.0,1244832,1115.0
9364.75,87701976,9364.75
-282.0,106960,282.0
3857.75,14882926,3857.75
7692.75,59183709,7692.75
194.75,41100,194.75
3253.5,10591913,3253.5
2744.25,7537673,2744.25
3930.5,15453063,3930.5
5834.0,34035902,5834.0
2889.25,8352233,2889.25
936.0,876112,936.0
4668.25,21819724,4668.25
4019.0,16153343,4019.0
3176.0,10095212,3176.0
6641.5,44112317,6641.5
5836.0,34069512,5836.0
2615.5,6841432,2615.5
2229.0,4996844,2229.0
684.25,468460,684.25
2556.75,6538097,2556.75
2401.25,5825090,2401.25
3090.5,9552034,3090.5
6149.25,37814259,6149.25
6295.0,39627466,6295.0
3169.25,10048206,3169.25
2417.75,5849937,2417.75
1014.0,1029254,1014.0
2981.5,8889462,2981.5
4300.0,18490084,4300.0
10018.0,100379590,10018.0
137.75,19564,137.75
1640.5,2692234,1640.5
1050.25,1103080,1050.25
311.75,97546,311.75
3933.25,15470660,3933.25
5533.75,30747894,5533.75
8941.25,79963650,8941.25
2137.5,4571442,2137.5
3777.5,14275312,3777.5
2177.25,4748560,2177.25
7729.5,59749246,7729.5
7681.5,59025598,7681.5
2509.0,6296088,2509.0
6043.0,36520364,6043.0
4898.0,23990728,4898.0
4738.5,22458622,4738.5
4902.75,24045042,4902.75
6132.5,37608028,6132.5
6504.75,42315588,6504.75
4802.25,23063198,4802.25
4907.0,24104698,4907.0
2897.25,8395837,2897.25
5115.0,26170146,5115.0
3150.5,9935166,3150.5
6465.5,41857478,6465.5
4770.0,22826322,4770.0
6319.75,39951695,6319.75
3284.75,11215428,3284.75
7328.25,53706586,7328.25
3078.75,9479211,3078.75
1344.75,1808794,1344.75
6819.0,46526636,6819.0
5555.75,30866599,5555.75
5169.0,26719998,5169.0
4593.5,21103188,4593.5
-718.75,518266,718.75
8009.5,64171072,8009.5
8064.25,65036755,8064.25
5301.0,28105007,5301.0
1535.5,2362228,1535.5
1097.0,1205081,1097.0
-4306.25,18544065,4306.25
-4646.5,21590270,4646.5
1672.5,2798498,1672.5
4858.0,23618866,4858.0
5345.25,28574574,5345.25
-1014.0,1036954,1014.0
-2857.0,8164630,2857.0
-13887.5,192876602,13887.5
-14555.25,211879839,14555.25
-6828.25,46644326,6828.25
-4245.0,18038940,4245.0
-5969.25,35632956,5969.25
-9490.25,90092339,9490.25
-3877.25,15035503,3877.25
1450.0,2106446,1450.0
-6143.75,37747850,6143.75
-7451.0,55517454,7451.0
-584.0,352414,584.0
1957.0,3831608,1957.0
861.25,742525,861.25
1531.0,2345150,1531.0
1840.0,3429548,1840.0
3085.75,9522385,3085.75
3217.75,10355350,3217.75
2925.25,8557229,2925.25
4024.5,16196614,4024.5
3957.75,15664470,3957.75
4075.25,16607733,4075.25
629.75,396896,629.75
1945.75,3789822,1945.75
877.75,771696,877.75
453.0,229872,453.0
-1772.25,3147555,1772.25
280.75,82651,280.75
-203.0,41660,203.0
464.75,216617,464.75
2468.0,6096610,2468.0
582.75,346941,582.75
-365.25,134001,365.25
1493.75,2231511,1493.75
1808.75,3273976,1808.75
283.25,80694,283.25
-459.25,213368,459.25
1600.5,2570482,1600.5
-1381.0,1908001,1381.0
-420.75,209194,420.75
606.0,403156,606.0
4513.75,20395523,4513.75
1288.5,1660581,1288.5
3198.0,10228090,3198.0
2359.25,5568694,2359.25
-2222.75,4941019,2222.75
1305.25,1721903,1305.25
-1277.75,1640887,1277.75
814.75,667392,814.75
4380.75,19191001,4380.75
648.75,421507,648.75
1455.75,2119420,1455.75
-3015.25,9093611,3015.25
47.75,28644,161.75
-1068.0,1170940,1068.0
1961.5,3847914,1961.5
-1752.25,3073445,1752.25
580.25,340544,580.25
-1501.0,2285425,1501.0
-431.25,186279,431.25
617.25,381426,617.25
-343.5,118610,343.5
277.0,77376,277.0
370.25,140481,370.25
1498.0,2250754,1498.0
205.0,65300,205.0
712.75,508139,712.75
-597.0,395570,597.0
1485.25,2206459,1485.25
2451.0,6010042,2451.0
110.25,20022,110.25
2518.5,6348355,2518.5
352.25,124118,352.25
3036.5,9220920,3036.5
3883.5,15083112,3883.5
-5143.0,26458882,5143.0
2492.25,6211387,2492.25
-2830.5,8012081,2830.5
-3912.75,15311625,3912.75
166.75,28937,166.75
665.5,444414,665.5
-2883.0,8311706,2883.0
2300.5,5292696,2300.5
-2304.0,5353550,2304.0
1135.25,1303763,1135.25
1184.0,1403722,1184.0
-2932.25,8634628,2932.25
104.25,11323,104.25
5334.0,28452194,5334.0
7985.0,63775614,7985.0
-289.75,87371,289.75
7843.5,61522870,7843.5
747.0,558660,747.0
128.0,78032,246.5
-3659.25,13407404,3659.25
-8392.5,70485140,8392.5
-6997.25,48963237,6997.25
-767.0,608078,767.0
2549.25,6505861,2549.25
5703.75,32538817,5703.75
3323.25,11057842,3323.25
3477.75,12110800,3477.75
4034.0,16273466,4034.0
937.25,880217,937.25
1435.0,2073635,1435.0
-244.75,60302,244.75
248.75,64888,248.75
3943.25,15550833,3943.25
-476.75,229574,476.75
1110.5,1250259,1110.5
2137.0,4601438,2137.0
2904.25,8434748,2904.25
950.75,906987,950.75
3659.5,13396924,3659.5
6777.75,45940840,6777.75
541.25,358563,541.25
430.75,201793,430.75
7449.25,55492734,7449.25
357.25,164716,357.25
2447.0,5988532,2447.0
4122.75,16999861,4122.75
4199.75,17672483,4199.75
5026.25,25268073,5026.25
4972.75,24734561,4972.75
4123.25,17104479,4123.25
5909.75,34925219,5909.75
824.25,682351,824.25
777.0,614843,777.0
396.75,165913,396.75
-637.0,406030,637.0
-263.5,69673,263.5
6937.5,48130105,6937.5
-2361.5,5602136,2361.5
-166.0,28026,166.0
-2272.75,5174103,2272.75
258.25,82511,258.25
1510.75,2297694,1510.75
-1344.5,1809170,1344.5
-1011.75,1023899,1011.75
-2093.5,4419606,2093.5
-3975.75,15818308,3975.75
-4298.0,18472832,4298.0
-2394.25,5740661,2394.25
180.0,37638,180.0
-3628.0,13162590,3628.0
469.25,222856,469.25
5352.5,28742354,5352.5
-1386.5,1947352,1386.5
-2943.25,8689316,2943.25
-1433.5,2056836,1433.5
1990.25,4008317,1990.25
1010.5,1033312,1010.5
-4962.0,24627618,4962.0
-6462.25,41760677,6462.25
-3215.75,10341935,3215.75
5031.75,25319013,5031.75
-3878.25,15049944,3878.25
-3971.5,15772947,3971.5
-3937.25,15501953,3937.25
5105.5,26066134,5105.5
4046.75,16378275,4046.75
4760.25,22660316,4760.25
-3663.25,13421377,3663.25
-5743.0,32982152,5743.0
1891.0,3579430,1891.0
2217.5,4922975,2217.5
4488.75,20149054,4488.75
1665.25,2790289,1665.25
1888.25,3567487,1888.25
-4188.75,17545825,4188.75
1367.5,1870238,1367.5
330.0,129034,330.0
6630.0,43958828,6630.0
-2677.5,7169388,2677.5
3478.25,12099051,3478.25
1701.0,2915705,1701.0
-4657.0,21689190,4657.0
1888.25,3567487,1888.25
-4853.0,23554148,4853.0
-4308.5,18565624,4308.5
-2719.5,7395692,2719.5
2964.25,8789341,2964.25
3110.5,9678044,3110.5
2553.75,6524999,2553.75
-1675.75,2809798,1675.75
3389.75,11490597,3389.75
-5248.5,27549882,5248.5
-1171.25,1371920,1171.25
-162.25,26382,162.25
-1802.0,3251216,1802.0
18.0,2068,41.5
7036.0,49522010,7036.0
-1904.5,3629163,1904.5
-1819.25,3309899,1819.25
1767.75,3129447,1767.75
-2602.5,6773088,2602.5
-6805.75,46348538,6805.75
-863.0,746480,863.0
-3269.75,10694009,3269.75
-5081.0,25817386,5081.0
-2494.5,6231750,2494.5
-45.25,4062,47.25
140.75,20358,140.75
-2159.25,4666498,2159.25
4099.0,16802378,4099.0
-1718.75,2954445,1718.75
2675.75,7163818,2675.75
-1904.5,3636152,1904.5
5935.5,35236786,5935.5
-1270.25,1621189,1270.25
1678.5,2851065,1678.5
1564.5,2447799,1564.5
2010.5,4042352,2010.5
5163.0,26659228,5163.0
3340.75,11161982,3340.75
9.0,11176,102.5
1049.0,1208070,1049.0
-1476.25,2180084,1476.25
-953.75,909998,953.75
3023.25,9143861,3023.25
3519.0,12383938,3519.0
-945.0,917888,945.0
33.0,47642,212.5
-1801.25,3251196,1801.25
2398.5,5758922,2398.5
-1201.75,1445235,1201.75
-642.25,432250,642.25
-6184.25,38312434,6184.25
-1275.25,1638167,1275.25
-5042.75,25429341,5042.75
5096.75,25977349,5096.75
8059.0,64953778,8059.0
637.5,412124,637.5
-2220.75,5023999,2220.75
2843.5,8086917,2843.5
2299.0,5359303,2299.0
-3205.75,10285276,3205.75
-880.25,774957,880.25
-912.75,838138,912.75
1144.5,1311640,1144.5
1584.25,2513761,1584.25
5735.75,32902283,5735.75
1587.0,2520280,1587.0
-1768.75,3128943,1768.75
-1609.25,2589806,1609.25
494.0,307130,494.0
1075.25,1159395,1075.25
-430.5,185513,430.5
-337.0,113856,337.0
3708.25,13758735,3708.25
-3322.25,11037347,3322.25
419.0,228278,419.0
5680.0,32263802,5680.0
-795.0,632813,795.0
2503.5,6268624,2503.5
737.5,550437,737.5
-1850.5,3425100,1850.5
-4626.5,21443327,4626.5
-1159.0,1343390,1159.0
5124.0,26255872,5124.0
1550.75,2409338,1550.75
-3559.0,12667880,3559.0
-1341.25,1799824,1341.25
-985.0,974066,985.0
-2030.75,4130348,2030.75
-1765.25,3122237,1765.25
-3118.25,9727412,3118.25
-2837.75,8056350,2837.75
3102.75,9629671,3102.75
3166.25,10053618,3166.25
3306.75,10935451,3306.75
3230.5,10438490,3230.5
3102.75,9629671,3102.75
2936.0,8667098,2936.0
2652.0,7044516,2652.0
-1792.5,3220199,1792.5
2727.0,7437270,2727.0
2450.75,6010038,2450.75
1409.0,1990762,1409.0
3055.75,9343732,3055.75
-26.25,4600,61.75
-768.25,590213,768.25
-164.0,28968,164.0
-290.5,84540,290.5
4116.5,16947368,4116.5
5224.75,27308105,5224.75
5772.25,33338185,5772.25
-796.75,639211,796.75
-248.75,64462,248.75
6857.0,47020600,6857.0
6528.5,42643019,6528.5
5411.5,29329503,5411.5
522.5,282327,522.5
3497.5,12232587,3497.5
3211.75,10336793,3211.75
-261.25,70189,261.25
3479.75,12173849,3479.75
498.5,248714,498.5
-399.75,170735,399.75
479.0,238360,479.0
1816.75,3301053,1816.75
6133.0,37624323,6133.0
4863.75,23658142,4863.75
-3089.0,9545838,3089.0
-1643.75,2702080,1643.75
6660.25,44391368,6660.25
6485.5,42129621,6485.5
708.75,511467,708.75
906.5,837976,906.5
-2399.0,5756950,2399.0
1012.5,1027083,1012.5
723.0,532636,723.0
487.5,238536,487.5
4886.0,23887922,4886.0
7763.25,60281106,7763.25
2178.0,4743743,2178.0
-565.0,321166,565.0
5329.0,28399988,5329.0
-638.75,414785,638.75
1617.25,2753879,1617.25
6451.75,41634086,6451.75
6040.25,36485566,6040.25
184.0,43496,184.0
1567.75,2463687,1567.75
4488.25,20144501,4488.25
1358.75,1874514,1358.75
4865.75,23692755,4865.75
4933.25,24339143,4933.25
4285.25,18373722,4285.25
-1203.0,1464340,1203.0
3296.25,10867465,3296.25
4672.25,21858566,4672.25
2552.25,6514540,2552.25
-2890.25,8355215,2890.25
-2297.75,5279716,2297.75
1106.25,1225292,1106.25
1154.5,1333814,1154.5
105.25,22814,109.75
-3112.0,9684625,3112.0
-1424.25,2044251,1424.25
-5025.5,25264306,5025.5
1335.75,1788149,1335.75
-1031.75,1065074,1031.75
2628.75,6916105,2628.75
4953.25,24536048,4953.25
-4575.0,20938138,4575.0
-5566.75,31015226,5566.75
2706.75,7331943,2706.75
-2901.75,8424396,2901.75
-4266.0,18199120,4266.0
-1211.0,1468330,1211.0
958.5,918911,958.5
-1754.25,3079323,1754.25
-3913.75,15317593,3913.75
-2537.75,6554628,2537.75
-4281.75,18333526,4281.75
-2491.5,6210661,2491.5
-3607.5,13027986,3607.5
-8450.0,71407942,8450.0
1538.0,2371062,1538.0
-664.75,453199,664.75
329.0,200324,337.5
-3811.5,14529362,3811.5
-266.25,71966,266.25
-4281.75,18333526,4281.75
-4585.25,21028521,4585.25
-4742.0,22489072,4742.0
-9482.5,89918648,9482.5
-677.25,462132,677.25
-2015.0,4108268,2015.0
-875.0,765774,875.0
740.0,553844,740.0
844.0,712652,844.0
-7318.25,53559877,7318.25
-7118.25,50669915,7118.25
-1449.0,2110258,1449.0
-2083.25,4343422,2083.25
-2719.5,7401256,2719.5
2840.5,8082856,2840.5
-693.25,493917,693.25
1661.0,2760094,1661.0
-4349.75,18920718,4349.75
-2606.5,6794007,2606.5
-904.5,820800,904.5
-8920.0,79566888,8920.0
-6367.25,40543115,6367.25
3083.75,9512546,3083.75
1039.25,1085869,1039.25
-2839.25,8061783,2839.25
-6707.0,44988478,6707.0
4379.75,19185103,4379.75
-1961.5,3961242,1961.5
1006.0,1018440,1006.0
-967.75,936647,967.75
-6897.0,47569534,6897.0
-8373.0,70109196,8373.0
-1198.0,1443309,1198.0
259.0,68032,259.0
-2864.25,8217098,2864.25
3338.5,11248648,3338.5
-2548.75,6504780,2548.75
-5159.0,26618852,5159.0
-4839.25,23418350,4839.25
-3234.75,10467127,3234.75
-5142.5,26445495,5142.5
-1258.75,1592686,1258.75
-545.0,320976,545.0
2581.5,6665316,2581.5
-5046.25,25474200,5046.25
-5854.25,34279897,5854.25
3980.25,15936741,3980.25
-5190.25,26939051,5190.25
-5662.0,32063966,5662.0
-6039.75,36480249,6039.75
4716.25,22244150,4716.25
-5019.0,25194654,5019.0
-731.25,534817,731.25
-334.75,112785,334.75
6632.25,43987053,6632.25
-2395.0,5736418,2395.0
-2574.75,6630667,2574.75
-3113.5,9694344,3113.5
5220.0,27282394,5220.0
-2705.75,7326071,2705.75
-4165.75,17354815,4165.75
-4709.5,22180403,4709.5
-3967.75,15743992,3967.75
-5217.5,27224127,5217.5
-4964.5,24666656,4964.5
-4440.25,19716344,4440.25
-1872.5,3507604,1872.5
-507.0,271902,507.0
3691.0,13627286,3691.0
-1596.0,2547249,1596.0
-3416.25,11672455,3416.25
2712.5,7363543,2712.5
1216.75,1481101,1216.75
2868.0,8226282,2868.0
-2902.5,8456150,2902.5
1628.0,2654082,1628.0
-559.5,313490,559.5
-983.75,967964,983.75
-4538.25,20607561,4538.25
3522.0,12411800,3522.0
-4799.5,23054965,4799.5
-2217.25,4952060,2217.25
-814.5,665912,814.5
-3778.5,14277442,3778.5
-679.0,493310,679.0
-499.75,250417,499.75
-802.5,647798,802.5
-913.5,842228,913.5
1126.5,1274132,1126.5
41.5,12968,103.5
3044.75,9343289,3044.75
-1604.25,2576372,1604.25
-1229.5,1514210,1229.5
54.0,24034,143.5
-9116.75,83115133,9116.75
265.5,70894,265.5
-1161.5,1351744,1161.5
-1240.5,1539399,1240.5
-1636.0,2680102,1636.0
-1165.5,1361052,1165.5
-2111.5,4472360,2111.5
-392.25,159351,392.25
-314.0,325818,406.5
-1921.5,3713342,1921.5
-567.5,335251,567.5
-3658.0,13381071,3658.0
509.0,259968,509.0
-1019.0,1040016,1019.0
-270.75,147448,283.25
-147.25,23602,147.25
241.75,59953,241.75
-7287.25,53104814,7287.25
-7483.25,55999069,7483.25
-2356.0,5568494,2356.0
-4905.5,24088268,4905.5
4067.75,16553126,4067.75
-2782.25,7783076,2782.25
1649.75,2726395,1649.75
-422.25,187575,422.25
-1115.75,1277216,1115.75
-5644.75,31882902,5644.75
-3288.25,10821757,3288.25
-4148.5,17220598,4148.5
-5852.75,34256176,5852.75
-3994.0,15955752,3994.0
-3263.0,10705515,3263.0
-8763.75,76810352,8763.75
-11904.25,141711960,11904.25
-11382.75,129575131,11382.75
-694.5,557492,694.5
-10777.25,116168393,10777.25
-12039.75,144979046,12039.75
-9292.75,86374706,9292.75
-8167.5,66708842,8167.5
-10275.5,105588268,10275.5
-5131.0,26438442,5131.0
-14014.5,196503374,14014.5
-5037.0,25371568,5037.0
-7312.5,53473655,7312.5
-9686.0,93823631,9686.0
-8579.75,73612625,8579.75
-9394.25,88255886,9394.25
-7005.25,49076084,7005.25
-14028.0,196845052,14028.0
-18698.25,349638121,18698.25
-7764.5,60302892,7764.5
-7763.75,60276731,7763.75
-2714.0,7365950,2714.0
-6316.25,39901586,6316.25
-32099.25,1030378487,32099.25
-2874.25,8261983,2874.25
-15933.5,253884896,15933.5
-13837.25,191728991,13837.25
-3292.75,10916690,3292.75
-15562.0,242178666,15562.0
-5695.0,32439042,5695.0
-21888.0,479092156,21888.0
-5085.0,25857742,5085.0
-13606.0,185136360,13606.0
-7346.5,53982578,7346.5
-12736.75,162282311,12736.75
-5199.25,27034870,5199.25
-8555.25,73194443,8555.25
-5734.5,32885352,5734.5
-7350.75,54099785,7350.75
-8992.5,80866104,8992.5
-8320.75,69252407,8320.75
-8687.25,75471319,8687.25
-8891.75,79066865,8891.75
-2588.75,6701758,2588.75
-5577.0,31103180,5577.0
-2837.5,8056778,2837.5
-11006.0,121195820,11006.0
-5594.25,31300074,5594.25
-2379.0,5662682,2379.0
-7577.5,57424407,7577.5
-6451.0,41649408,6451.0
-10990.75,120798383,10990.75
-2463.5,6069680,2463.5
-2481.0,6219734,2481.0
-4989.75,24900434,4989.75
-10417.0,108524176,10417.0
-538.0,290858,538.0
-6515.25,42456139,6515.25
388.75,174555,388.75
-7499.5,56265473,7499.5
-7339.5,53874130,7339.5
-8224.0,67660170,8224.0
-5027.5,25344570,5027.5
-2035.0,4151812,2035.0
-14216.25,202103550,14216.25
-5884.75,34630522,5884.75
-1654.75,2738489,1654.75
-9408.75,88529606,9408.75
-9916.25,98336367,9916.25
-10211.75,104283662,10211.75
-8093.25,65501292,8093.25
-10705.0,114603094,10705.0
-3472.75,12063309,3472.75
-12144.5,147500538,12144.5
-10710.25,114709787,10710.25
-11843.0,140266272,11843.0
-5154.0,26564121,5154.0
-11880.5,141148935,11880.5
-3288.25,10821757,3288.25
-8591.5,73814320,8591.5
-798.5,639638,798.5
-14207.0,201842290,14207.0
-2932.25,8753636,2932.25
-3322.25,11039173,3322.25
-11712.5,137230842,11712.5
218.25,51625,218.25
-12380.0,153281566,12380.0
-7743.75,59980498,7743.75
-7318.5,53561032,7318.5
-7743.75,59980498,7743.75
-3785.0,14327966,3785.0
-1536.0,2394610,1536.0
176.75,35080,176.75
-9135.75,83464526,9135.75
1268.25,1719535,1268.25
1353.0,1831546,1353.0
-8994.75,80941728,8994.75
-3509.5,12325225,3509.5
-10349.25,107130015,10349.25
-545.5,299822,545.5
-8513.5,72480201,8513.5
-1168.0,1364576,1168.0
-3593.5,12921877,3593.5
-3662.25,13412603,3662.25
-741.0,579548,741.0
-3928.0,15429254,3928.0
-4454.75,19859142,4454.75
3120.75,9798121,3120.75
-4389.5,19267724,4389.5
-526.25,277631,526.25
-769.0,682426,769.0
-5979.5,35756880,5979.5
-1116.75,1247975,1116.75
