O*NET-SOC Code,Title,Category Flexibility Combined,Mathematical Reasoning Combined,Updating and Using Relevant Knowledge Combined,Selective Attention Combined,Mathematics Combined,Complex Problem Solving Combined,Science Combined,Learning Strategies Combined,Deductive Reasoning Combined,Written Comprehension Combined,Inductive Reasoning Combined,Critical Thinking Combined,Reading Comprehension Combined,Time Management Combined,Active Learning Combined,Visualization Combined,Time Sharing Combined,Information Ordering Combined,Perceptual Speed Combined,Equipment Selection Combined,Flexibility of Closure Combined,"Organizing, Planning, and Prioritizing Work Combined",Speed of Closure Combined,Problem Sensitivity Combined,Memorization Combined,Written Expression Combined,Number Facility Combined,Writing Combined,Scheduling Work and Activities Combined
11-1011.00,Chief Executives,2.4285714285714284,2.205357142857143,3.406842857142857,1.8914285714285717,2.125,3.3563428571428573,1.0664285714285715,2.1357142857142857,3.117142857142857,3.265714285714286,3.091428571428572,3.2935714285714286,3.0592,3.0357142857142856,2.7678571428571432,1.9657142857142855,1.7734857142857143,2.765714285714286,1.8571428571428568,1.0042857142857142,2.1635714285714283,3.869385714285715,1.8914285714285717,3.091428571428572,1.837942857142857,3.117142857142857,2.1357142857142857,2.9522285714285714,2.7829
11-1011.03,Chief Sustainability Officers,2.06,1.75,3.635285714285714,1.9085714285714288,1.837942857142857,2.765714285714286,1.3008,2.275,2.954285714285714,2.821428571428571,2.6950857142857143,2.8363428571428573,2.821428571428571,2.3192,2.524285714285714,1.7200000000000002,1.5508,2.4035714285714285,1.3785714285714286,1.0042857142857142,1.8057142857142856,3.922271428571429,1.5165142857142857,2.6950857142857143,1.542142857142857,2.9522285714285714,1.8057142857142856,2.894285714285714,2.852271428571429
11-1021.00,General and Operations Managers,2.105,1.837942857142857,2.668,1.7734857142857143,1.6364285714285711,2.4522285714285714,1.0442857142857145,1.8914285714285717,2.6950857142857143,2.7142857142857144,2.25,2.596342857142857,2.7142857142857144,2.4522285714285714,2.4035714285714285,1.6875,1.7200000000000002,2.2928571428571427,1.4435714285714285,1.0,1.5785714285714287,3.1028571428571428,1.4435714285714285,2.6950857142857143,1.4017857142857142,2.7142857142857144,1.8057142857142856,2.3857142857142857,2.5736
11-2011.00,Advertising and Promotions Managers,2.3192,1.8914285714285717,2.7831714285714284,1.7385714285714284,1.9285714285714288,2.3857142857142857,1.0549142857142857,1.9285714285714288,2.8514285714285714,2.7142857142857144,2.3857142857142857,2.765714285714286,2.571428571428571,2.3857142857142857,2.3242857142857147,2.0028571428571427,1.5300000000000002,2.205357142857143,1.7385714285714284,1.0020571428571428,1.9449142857142856,3.5178857142857143,1.6364285714285711,2.4971428571428573,1.51,2.645714285714285,1.837942857142857,2.524285714285714,2.3572
11-2021.00,Marketing Managers,2.1635714285714283,2.096342857142857,2.8273714285714284,1.7734857142857143,1.78,2.4522285714285714,1.1607142857142858,2.06,2.8020571428571426,2.765714285714286,2.524285714285714,2.748571428571428,2.748571428571428,2.3392857142857144,2.6950857142857143,1.8571428571428568,1.655,2.125,1.7200000000000002,1.0,1.8571428571428568,3.8044285714285713,1.75,2.4522285714285714,1.6942857142857144,2.6950857142857143,2.06,2.2471428571428573,2.3577142857142857
11-2022.00,Sales Managers,2.1635714285714283,2.007142857142857,2.984928571428571,1.6875,1.8914285714285717,2.524285714285714,1.0549142857142857,2.096342857142857,2.645714285714285,2.7142857142857144,2.645714285714285,2.645714285714285,2.645714285714285,2.571428571428571,2.524285714285714,1.4464285714285716,1.4906285714285716,1.9085714285714288,1.5207142857142857,1.0,1.7734857142857143,3.404714285714286,1.8057142857142856,2.596342857142857,1.8057142857142856,2.7142857142857144,1.9722285714285717,2.4971428571428573,2.466742857142857
11-2033.00,Fundraising Managers,1.8914285714285717,1.8728571428571428,3.2824,1.68,1.7857142857142856,2.4035714285714285,1.0089285714285714,1.6364285714285711,2.6950857142857143,2.6950857142857143,2.105,2.729371428571429,2.596342857142857,2.2071428571428573,2.2308,1.32,1.6391999999999998,2.1607142857142856,1.3392000000000002,1.0,1.4821428571428572,3.4823142857142866,1.4821428571428572,2.2308,1.6063428571428573,2.8020571428571426,1.8914285714285717,2.645714285714285,2.0659
11-3012.00,Administrative Services Managers,1.9449142857142856,1.5785714285714287,3.0459,1.9085714285714288,1.3785714285714286,2.0028571428571427,1.0,1.9285714285714288,2.4522285714285714,2.7142857142857144,2.2071428571428573,2.524285714285714,2.7142857142857144,2.7142857142857144,2.023657142857143,1.7385714285714284,1.872228571428572,1.9449142857142856,1.595,1.0042857142857142,1.6391999999999998,3.639357142857142,1.4192,2.3392857142857144,1.6063428571428573,2.645714285714285,1.6875,2.4732142857142856,3.3195857142857146
11-3013.00,Facilities Managers,1.9842857142857144,1.655,3.1011999999999995,1.7385714285714284,1.6875,2.1492,1.0535714285714286,1.9285714285714288,2.4522285714285714,2.571428571428571,2.4035714285714285,2.4732142857142856,2.524285714285714,2.275,1.9449142857142856,1.6364285714285711,1.6364285714285711,2.422142857142857,1.6875,1.335714285714286,1.8728571428571428,3.735357142857143,1.5357142857142858,2.4732142857142856,1.5892857142857142,2.4522285714285714,1.6063428571428573,2.205357142857143,3.008657142857143
11-3013.01,Security Managers,2.31,1.6665142857142858,3.446742857142857,2.375,1.51,2.7142857142857144,1.0206285714285714,2.19,2.782857142857143,2.8363428571428573,2.729371428571429,2.912857142857143,2.782857142857143,2.3392857142857144,2.354914285714286,1.8057142857142856,1.9285714285714288,2.4732142857142856,1.9257142857142855,1.2142857142857144,2.354914285714286,3.2928571428571427,2.19,3.375,1.7200000000000002,2.765714285714286,1.7385714285714284,2.524285714285714,3.023214285714286
11-3021.00,Computer and Information Systems Managers,2.0028571428571427,1.8571428571428568,3.2087857142857144,1.7734857142857143,1.9449142857142856,2.524285714285714,1.147857142857143,2.125,2.7142857142857144,2.877142857142857,2.7142857142857144,2.782857142857143,2.7142857142857144,2.275,2.3192,1.8571428571428568,1.4906285714285716,2.571428571428571,1.6875,1.2514285714285711,1.8571428571428568,3.837142857142857,1.6875,2.7142857142857144,1.6063428571428573,2.6185714285714288,1.9449142857142856,2.571428571428571,2.760228571428572
11-3031.00,Financial Managers,2.06,2.3392857142857144,2.914228571428572,1.655,2.2928571428571427,2.4522285714285714,1.0089285714285714,1.9657142857142855,2.98,3.0592,2.6950857142857143,2.821428571428571,2.877142857142857,2.4035714285714285,2.4285714285714284,1.3392000000000002,1.3571428571428572,2.375,1.7036571428571428,1.0135714285714286,2.086428571428572,3.2163142857142857,1.8571428571428568,2.645714285714285,1.5614285714285714,2.6950857142857143,2.517857142857143,2.422142857142857,2.580228571428572
11-3031.01,Treasurers and Controllers,2.3857142857142857,2.748571428571428,3.451428571428571,1.6063428571428573,2.6696428571428568,2.9522285714285714,1.0089285714285714,1.9657142857142855,2.98,2.9522285714285714,2.9522285714285714,3.117142857142857,2.894285714285714,2.36,2.5907142857142857,1.5165142857142857,1.394285714285714,2.596342857142857,1.9449142857142856,1.0,1.8571428571428568,3.508471428571429,1.837942857142857,2.98,1.6875,2.765714285714286,2.7207142857142856,2.542057142857143,2.6552285714285717
11-3031.03,Investment Fund Managers,2.275,2.748571428571428,3.198857142857143,1.9842857142857144,2.2308,2.524285714285714,1.0,1.837942857142857,2.9522285714285714,2.877142857142857,2.6950857142857143,2.7142857142857144,2.821428571428571,2.2471428571428573,2.524285714285714,1.6875,1.7200000000000002,2.596342857142857,1.8571428571428568,1.0,2.19,2.9737,1.837942857142857,2.6696428571428568,1.8057142857142856,2.7207142857142856,2.5907142857142857,2.4522285714285714,1.8070857142857144
11-3051.00,Industrial Production Managers,2.2471428571428573,2.096342857142857,2.790642857142857,1.8914285714285717,2.275,2.4522285714285714,1.0992,2.571428571428571,2.821428571428571,2.7142857142857144,2.645714285714285,2.7142857142857144,2.645714285714285,2.6950857142857143,2.4971428571428573,1.9842857142857144,1.7734857142857143,2.7142857142857144,1.9085714285714288,1.32,1.9285714285714288,2.9230857142857145,1.7734857142857143,2.765714285714286,1.7734857142857143,2.4285714285714284,1.9842857142857144,2.36,2.569728571428572
11-3051.01,Quality Control Systems Managers,2.023657142857143,1.9842857142857144,3.212,1.8728571428571428,1.9842857142857144,2.6185714285714288,1.4017857142857142,2.023657142857143,2.821428571428571,2.765714285714286,2.877142857142857,2.6185714285714288,2.765714285714286,2.3392857142857144,2.542057142857143,1.75,1.7200000000000002,2.3392857142857144,2.125,1.197142857142857,2.4285714285714284,3.5459285714285707,1.9842857142857144,3.0592,1.8057142857142856,2.765714285714286,1.9449142857142856,2.645714285714285,2.709557142857143
11-3051.02,Geothermal Production Managers,2.125,2.205357142857143,3.092428571428571,1.9285714285714288,2.205357142857143,2.354914285714286,1.4928571428571429,2.086428571428572,2.7142857142857144,2.542057142857143,2.3906285714285715,2.662857142857143,2.748571428571428,2.4522285714285714,2.1607142857142856,1.8571428571428568,1.625,2.2928571428571427,1.9285714285714288,1.467857142857143,1.9449142857142856,3.882842857142857,1.6364285714285711,2.765714285714286,1.5614285714285714,2.4035714285714285,2.06,2.4035714285714285,3.7846428571428574
11-3051.03,Biofuels Production Managers,2.023657142857143,2.023657142857143,2.666,2.2928571428571427,1.9285714285714288,2.275,2.0,2.19,2.524285714285714,2.765714285714286,2.3857142857142857,2.596342857142857,2.645714285714285,2.3392857142857144,2.1635714285714283,1.75,1.9642857142857144,2.1357142857142857,2.1635714285714283,1.0135714285714286,2.044642857142857,2.8000285714285718,1.837942857142857,2.4732142857142856,1.6364285714285711,2.4732142857142856,1.8728571428571428,2.25,2.4487
11-3051.04,Biomass Power Plant Managers,2.125,1.8914285714285717,2.700314285714286,1.9449142857142856,1.9285714285714288,2.4732142857142856,1.5357142857142858,1.8914285714285717,2.821428571428571,2.821428571428571,2.645714285714285,2.7142857142857144,2.748571428571428,2.4035714285714285,2.023657142857143,1.78,1.6063428571428573,2.4522285714285714,2.023657142857143,1.32,2.044642857142857,3.784857142857143,1.8571428571428568,2.98,1.7200000000000002,2.571428571428571,1.9449142857142856,2.1357142857142857,3.3348285714285715
11-3051.06,Hydroelectric Production Managers,2.1635714285714283,2.086428571428572,2.8209285714285715,2.086428571428572,2.125,2.4035714285714285,2.044642857142857,2.4035714285714285,2.596342857142857,2.9522285714285714,2.4732142857142856,2.571428571428571,2.6950857142857143,2.4732142857142856,2.354914285714286,2.086428571428572,1.9085714285714288,2.4285714285714284,2.4035714285714285,1.3008,2.1635714285714283,3.3895,1.8728571428571428,2.6950857142857143,1.6942857142857144,2.542057142857143,2.086428571428572,2.3857142857142857,3.095028571428572
11-3061.00,Purchasing Managers,2.06,2.096342857142857,3.2773428571428567,2.0028571428571427,1.9449142857142856,2.1607142857142856,1.0,2.071428571428571,2.645714285714285,2.6950857142857143,2.4522285714285714,2.571428571428571,2.645714285714285,2.645714285714285,2.205357142857143,1.3571428571428572,1.6063428571428573,2.524285714285714,1.75,1.0,1.75,3.702057142857143,1.6875,2.4522285714285714,1.6364285714285711,2.571428571428571,2.086428571428572,2.645714285714285,2.4043428571428573
11-3071.00,"Transportation, Storage, and Distribution Managers",2.327857142857143,1.7200000000000002,2.8137142857142856,1.75,1.7200000000000002,2.354914285714286,1.0,2.105,2.5428571428571427,2.662857142857143,2.44,2.354914285714286,2.5428571428571427,2.4035714285714285,2.354914285714286,1.5785714285714287,1.6364285714285711,2.327857142857143,1.7734857142857143,1.0020571428571428,1.9642857142857144,3.3299714285714286,1.6665142857142858,2.5428571428571427,1.5785714285714287,2.607142857142857,1.8057142857142856,2.354914285714286,2.8758857142857144
11-3071.04,Supply Chain Managers,2.4732142857142856,2.06,3.007142857142857,1.9085714285714288,1.8571428571428568,2.645714285714285,1.0065142857142857,1.9285714285714288,2.596342857142857,2.821428571428571,2.596342857142857,2.645714285714285,2.7142857142857144,2.7142857142857144,2.4732142857142856,1.6665142857142858,1.6665142857142858,2.5428571428571427,1.7734857142857143,1.0,1.8571428571428568,3.387714285714286,1.5785714285714287,2.645714285714285,1.5207142857142857,2.7142857142857144,1.8914285714285717,2.645714285714285,2.7316
11-3111.00,Compensation and Benefits Managers,1.9449142857142856,2.086428571428572,3.4133142857142857,1.5,1.8914285714285717,2.105,1.0,1.8914285714285717,2.25,2.821428571428571,2.19,2.645714285714285,2.765714285714286,2.4035714285714285,2.571428571428571,1.231428571428571,1.32,1.9449142857142856,1.3785714285714286,1.0,1.51,3.349,1.4017857142857142,2.375,1.32,2.765714285714286,2.023657142857143,2.765714285714286,2.571428571428572
11-3121.00,Human Resources Managers,2.2308,1.9285714285714288,3.2414285714285715,2.0285714285714285,1.8571428571428568,2.7142857142857144,1.0357142857142856,2.524285714285714,2.821428571428571,3.1149142857142853,2.7142857142857144,2.821428571428571,3.0335714285714284,2.765714285714286,2.765714285714286,1.32,1.5625,2.265085714285714,1.6063428571428573,1.0,1.8057142857142856,3.824071428571429,1.9449142857142856,2.645714285714285,1.8571428571428568,2.8363428571428573,1.9285714285714288,2.782857142857143,2.788642857142857
11-3131.00,Training and Development Managers,2.4035714285714285,1.6364285714285711,3.5896000000000003,1.7200000000000002,1.7734857142857143,2.4971428571428573,1.0271428571428571,3.4375,2.596342857142857,2.645714285714285,2.524285714285714,2.571428571428571,2.7142857142857144,2.3857142857142857,2.6696428571428568,1.6063428571428573,1.5508,2.524285714285714,1.7200000000000002,1.0,1.7200000000000002,3.8267428571428574,1.7734857142857143,2.571428571428571,1.8057142857142856,2.954285714285714,1.5614285714285714,2.6950857142857143,3.2496
11-9013.00,"Farmers, Ranchers, and Other Agricultural Managers",2.524285714285714,2.0,2.812857142857143,1.8571428571428568,1.8057142857142856,2.31,1.5785714285714287,1.8728571428571428,2.6950857142857143,2.571428571428571,2.6950857142857143,2.645714285714285,2.6696428571428568,2.275,2.2308,2.1635714285714283,1.6364285714285711,2.4522285714285714,2.0608,1.4691999999999998,2.125,3.406857142857143,1.7200000000000002,2.6950857142857143,1.6665142857142858,2.4522285714285714,1.8057142857142856,2.1635714285714283,2.6784714285714286
11-9021.00,Construction Managers,2.524285714285714,2.3392857142857144,2.992857142857143,2.0608,2.3857142857142857,2.765714285714286,1.32,1.9842857142857144,2.877142857142857,2.765714285714286,2.6950857142857143,2.877142857142857,2.748571428571428,2.765714285714286,2.645714285714285,2.8020571428571426,1.8914285714285717,2.821428571428571,1.8571428571428568,1.077942857142857,2.354914285714286,3.6,1.9449142857142856,2.894285714285714,1.6875,2.6950857142857143,2.1635714285714283,2.524285714285714,3.321428571428572
11-9031.00,"Education and Childcare Administrators, Preschool and Daycare",1.9449142857142856,1.7734857142857143,2.6497,1.9449142857142856,1.7734857142857143,2.44,1.0535714285714286,2.4522285714285714,2.765714285714286,2.765714285714286,2.596342857142857,2.7142857142857144,2.765714285714286,2.524285714285714,2.3857142857142857,1.4928571428571429,1.7385714285714284,2.422142857142857,1.5785714285714287,1.0,1.7734857142857143,2.9636571428571425,1.6875,2.645714285714285,1.8571428571428568,2.894285714285714,1.7200000000000002,2.571428571428571,2.715657142857143
11-9032.00,"Education Administrators, Kindergarten through Secondary",2.645714285714285,2.06,3.016,1.9085714285714288,1.9657142857142855,3.005714285714286,1.157142857142857,3.585714285714286,3.44,3.544642857142857,2.8363428571428573,3.31,3.375,2.748571428571428,2.765714285714286,1.51,1.7857142857142856,2.7142857142857144,1.7036571428571428,1.0020571428571428,1.9449142857142856,3.754171428571429,1.9085714285714288,3.0892857142857144,1.8571428571428568,3.3563428571428573,1.8728571428571428,3.44,2.5021714285714287
11-9033.00,"Education Administrators, Postsecondary",2.4035714285714285,1.8728571428571428,3.2885714285714287,2.02,1.837942857142857,2.645714285714285,1.0357142857142856,2.571428571428571,2.645714285714285,3.005714285714286,2.765714285714286,2.894285714285714,3.0592,2.7142857142857144,2.645714285714285,1.5207142857142857,1.655,2.524285714285714,1.6063428571428573,1.0,1.9449142857142856,3.8305,1.7385714285714284,2.729371428571429,1.6875,3.117142857142857,1.8057142857142856,2.821428571428571,2.661828571428572
11-9041.00,Architectural and Engineering Managers,2.2471428571428573,2.6950857142857143,3.4064,1.9842857142857144,2.748571428571428,2.821428571428571,1.6364285714285711,2.0028571428571427,2.748571428571428,3.205357142857143,2.748571428571428,2.748571428571428,2.9522285714285714,2.645714285714285,2.596342857142857,2.6696428571428568,1.5614285714285714,2.524285714285714,1.8057142857142856,1.0,2.06,3.514457142857143,1.8057142857142856,2.6950857142857143,1.7200000000000002,2.9008000000000003,2.36,2.765714285714286,2.881728571428572
11-9041.01,Biofuels/Biodiesel Technology and Product Development Managers,2.3392857142857144,2.3392857142857144,3.454342857142857,2.2071428571428573,1.9449142857142856,2.4522285714285714,1.9085714285714288,1.8728571428571428,2.877142857142857,2.821428571428571,2.6185714285714288,2.542057142857143,2.5907142857142857,2.125,2.205357142857143,1.8728571428571428,1.8057142857142856,2.596342857142857,1.9077714285714285,1.3785714285714286,2.044642857142857,3.153785714285714,1.655,2.7142857142857144,1.6942857142857144,2.6950857142857143,2.125,2.4522285714285714,2.588457142857143
11-9051.00,Food Service Managers,1.8571428571428568,1.7200000000000002,2.2521142857142857,1.872228571428572,1.7734857142857143,1.8571428571428568,1.0549142857142857,1.9449142857142856,2.5428571428571427,2.5428571428571427,1.8571428571428568,2.4035714285714285,2.524285714285714,2.3857142857142857,2.1357142857142857,1.4,1.7385714285714284,1.8571428571428568,1.7734857142857143,1.0942857142857143,1.6364285714285711,2.412071428571428,1.5625,2.596342857142857,1.6875,2.0,1.822857142857143,1.8914285714285717,2.3897714285714287
11-9071.00,Gambling Managers,2.0028571428571427,1.8571428571428568,2.3817142857142857,2.06,1.9449142857142856,2.225714285714286,1.0549142857142857,2.086428571428572,2.4732142857142856,2.19,2.5428571428571427,2.7142857142857144,2.3857142857142857,2.4732142857142856,2.2928571428571427,1.4179428571428572,1.9285714285714288,2.2928571428571427,1.9085714285714288,1.0,2.044642857142857,2.665571428571429,1.9449142857142856,2.571428571428571,1.7734857142857143,2.2071428571428573,2.044642857142857,2.4522285714285714,2.5694
11-9072.00,"Entertainment and Recreation Managers, Except Gambling",2.044642857142857,1.6665142857142858,2.898142857142857,1.8571428571428568,1.4691999999999998,1.9257142857142855,1.0178571428571428,2.1357142857142857,2.3392857142857144,2.4035714285714285,2.25,2.4732142857142856,2.524285714285714,2.3392857142857144,2.2308,1.6171428571428572,1.5785714285714287,2.086428571428572,1.4928571428571429,1.0,1.6875,3.671928571428571,1.3785714285714286,2.4035714285714285,1.51,2.4732142857142856,1.75,2.4971428571428573,3.0689428571428574
11-9081.00,Lodging Managers,1.9642857142857144,1.935,2.332,1.8914285714285717,1.6665142857142858,2.2767857142857144,1.0,2.2308,2.4522285714285714,2.7142857142857144,2.216428571428572,2.524285714285714,2.596342857142857,2.524285714285714,2.524285714285714,1.5614285714285714,1.7734857142857143,2.225714285714286,1.7734857142857143,1.0407142857142857,1.8571428571428568,3.0355000000000003,1.8057142857142856,2.607142857142857,1.6364285714285711,2.7142857142857144,1.6875,2.645714285714285,2.9197714285714285
11-9111.00,Medical and Health Services Managers,2.1142857142857143,1.9722285714285717,3.5896000000000003,1.8057142857142856,1.75,2.5,1.5357142857142858,2.2471428571428573,2.7142857142857144,2.9522285714285714,2.7142857142857144,2.8363428571428573,2.765714285714286,2.7142857142857144,2.596342857142857,1.3392000000000002,1.5614285714285714,2.4035714285714285,1.655,1.0,1.7734857142857143,3.6508,1.4928571428571429,2.7142857142857144,1.6875,2.765714285714286,1.837942857142857,2.7142857142857144,3.2896
11-9121.00,Natural Sciences Managers,2.645714285714285,2.2857142857142856,3.829857142857143,1.822857142857143,2.211428571428572,2.748571428571428,3.1750857142857143,2.3857142857142857,3.142857142857143,3.2285714285714286,3.091428571428572,2.877142857142857,3.142857142857143,2.2477714285714288,2.696428571428572,1.4435714285714285,1.3392000000000002,2.7142857142857144,1.4464285714285716,1.0042857142857142,1.9085714285714288,4.014100000000001,1.4017857142857142,2.6950857142857143,1.4017857142857142,3.142857142857143,2.1750857142857143,3.057142857142857,3.115771428571428
11-9121.01,Clinical Research Coordinators,2.125,1.8571428571428568,2.4219,1.7734857142857143,1.8057142857142856,2.354914285714286,1.8571428571428568,2.023657142857143,2.7142857142857144,2.821428571428571,2.596342857142857,2.571428571428571,2.821428571428571,2.2928571428571427,2.36,1.6665142857142858,1.7734857142857143,2.645714285714285,1.822857142857143,1.0020571428571428,1.8571428571428568,3.8371,1.8057142857142856,2.7142857142857144,1.6665142857142858,2.7142857142857144,1.8571428571428568,2.7142857142857144,2.8146
11-9121.02,Water Resource Specialists,2.1492,2.086428571428572,3.6939428571428574,1.8571428571428568,2.205357142857143,2.6185714285714288,1.9285714285714288,1.9842857142857144,2.6950857142857143,2.765714285714286,2.6950857142857143,2.7142857142857144,2.765714285714286,2.596342857142857,2.205357142857143,1.837942857142857,1.7385714285714284,2.571428571428571,1.9285714285714288,1.0,2.125,3.106942857142857,1.7734857142857143,2.596342857142857,1.6875,2.6950857142857143,2.205357142857143,2.7142857142857144,3.0339714285714283
11-9131.00,Postmasters and Mail Superintendents,2.071428571428572,1.7734857142857143,2.4623142857142857,1.822857142857143,1.625,1.9449142857142856,1.0357142857142856,2.105,2.337142857142857,2.607142857142857,2.225714285714286,2.524285714285714,2.662857142857143,2.662857142857143,2.0028571428571427,1.4542857142857144,1.6391999999999998,2.1677714285714287,1.6714285714285717,1.0,1.7142857142857144,3.2275000000000005,1.5300000000000002,2.327857142857143,1.4542857142857144,2.2928571428571427,1.7200000000000002,2.205357142857143,3.072057142857143
11-9141.00,"Property, Real Estate, and Community Association Managers",1.8571428571428568,1.822857142857143,3.057142857142857,1.7857142857142856,1.8571428571428568,1.9449142857142856,1.0271428571428571,1.78,2.3857142857142857,2.7142857142857144,2.31,2.3857142857142857,2.645714285714285,2.0,1.8914285714285717,1.4910714285714284,1.5508,1.9449142857142856,1.32,1.0020571428571428,1.5614285714285714,3.374642857142857,1.3392000000000002,2.31,1.3392000000000002,2.571428571428571,1.8571428571428568,2.4971428571428573,2.6846428571428573
11-9151.00,Social and Community Service Managers,1.9657142857142855,1.9077714285714285,3.1195,1.8057142857142856,1.722057142857143,2.6950857142857143,1.3571428571428572,2.4035714285714285,2.6950857142857143,2.7142857142857144,2.524285714285714,2.6950857142857143,2.6185714285714288,2.645714285714285,2.596342857142857,1.5614285714285714,1.837942857142857,2.25,1.6875,1.0,1.8571428571428568,3.5256000000000003,1.6665142857142858,2.7142857142857144,1.6875,2.6950857142857143,1.9077714285714285,2.571428571428571,2.805885714285714
11-9161.00,Emergency Management Directors,2.4971428571428573,1.8057142857142856,3.246214285714286,1.8571428571428568,1.8571428571428568,3.3979428571428576,1.1885714285714286,2.645714285714285,2.894285714285714,2.765714285714286,2.821428571428571,2.877142857142857,2.765714285714286,2.524285714285714,2.6696428571428568,2.06,1.8571428571428568,2.645714285714285,1.8571428571428568,1.0,1.8914285714285717,3.803028571428572,1.8571428571428568,3.0357142857142856,1.7734857142857143,2.821428571428571,1.7734857142857143,2.821428571428571,2.6392857142857142
11-9171.00,Funeral Home Managers,1.9085714285714288,1.75,3.1244,1.5625,1.6063428571428573,1.9642857142857144,1.0357142857142856,1.8057142857142856,2.0608,2.645714285714285,1.8571428571428568,2.2928571428571427,2.4522285714285714,2.354914285714286,1.8057142857142856,1.51,1.655,2.0608,1.4542857142857144,1.0020571428571428,1.5614285714285714,3.601899999999999,1.32,2.354914285714286,1.6364285714285711,2.4732142857142856,1.6364285714285711,2.096342857142857,3.047
11-9179.01,Fitness and Wellness Coordinators,1.9449142857142856,1.6364285714285711,2.9197714285714285,1.7200000000000002,1.3808,1.9449142857142856,1.1339285714285714,2.275,2.7142857142857144,2.645714285714285,2.4035714285714285,2.4035714285714285,2.4522285714285714,2.023657142857143,2.19,1.7385714285714284,1.7734857142857143,2.354914285714286,1.51,1.1408,1.7200000000000002,3.3885714285714283,1.467857142857143,2.571428571428571,1.822857142857143,2.571428571428571,1.542142857142857,2.2928571428571427,3.2839142857142862
11-9179.02,Spa Managers,2.086428571428572,1.837942857142857,3.2776000000000005,1.7142857142857144,1.7200000000000002,2.0608,1.0020571428571428,2.2308,2.596342857142857,2.4035714285714285,2.31,2.645714285714285,2.275,2.571428571428571,2.3857142857142857,1.5357142857142858,1.7385714285714284,2.1492,1.5785714285714287,1.0271428571428571,1.6875,2.558542857142857,1.4691999999999998,2.551428571428572,1.5892857142857142,2.3192,1.8571428571428568,2.096342857142857,2.879714285714285
11-9199.01,Regulatory Affairs Managers,1.8571428571428568,1.4928571428571429,3.8126,1.7385714285714284,1.5165142857142857,2.2767857142857144,1.3706285714285715,2.0,2.645714285714285,2.894285714285714,2.645714285714285,2.645714285714285,2.8363428571428573,2.4035714285714285,2.3392857142857144,1.268571428571429,1.5508,2.4035714285714285,1.6063428571428573,1.0,1.8057142857142856,3.389142857142857,1.6063428571428573,2.571428571428571,1.467857142857143,2.912857142857143,1.5165142857142857,2.912857142857143,2.524142857142857
11-9199.02,Compliance Managers,2.096342857142857,1.4017857142857142,3.5477571428571437,1.8571428571428568,1.36,2.125,1.0271428571428571,2.125,2.877142857142857,2.877142857142857,2.765714285714286,2.821428571428571,2.765714285714286,1.9449142857142856,2.524285714285714,1.3008,1.4017857142857142,2.3392857142857144,1.5892857142857142,1.0020571428571428,1.7734857142857143,3.5055571428571435,1.542142857142857,2.9522285714285714,1.5892857142857142,2.894285714285714,1.3392000000000002,2.6950857142857143,2.8559
11-9199.08,Loss Prevention Managers,1.9642857142857144,1.6665142857142858,2.7228571428571438,2.1635714285714283,1.6875,2.596342857142857,1.0,2.044642857142857,2.596342857142857,2.645714285714285,2.596342857142857,2.645714285714285,2.7142857142857144,2.596342857142857,2.4732142857142856,1.6875,1.6063428571428573,1.9449142857142856,1.8057142857142856,1.0,2.06,3.3354285714285714,1.8057142857142856,2.782857142857143,1.5625,2.645714285714285,1.75,2.524285714285714,2.3957714285714284
11-9199.09,Wind Energy Operations Managers,2.0342857142857143,1.8057142857142856,3.273142857142857,1.8914285714285717,1.9285714285714288,2.205357142857143,1.16,1.8914285714285717,2.571428571428571,2.7142857142857144,2.571428571428571,2.645714285714285,2.645714285714285,2.044642857142857,2.0342857142857143,1.9285714285714288,1.7734857142857143,2.5428571428571427,1.9085714285714288,1.4435714285714285,1.9085714285714288,3.698685714285715,1.7200000000000002,2.7142857142857144,1.7734857142857143,2.7142857142857144,1.8057142857142856,2.571428571428571,3.4091714285714283
11-9199.10,Wind Energy Development Managers,2.044642857142857,2.06,3.149714285714286,1.7485714285714289,2.0,2.105,1.12,1.7200000000000002,2.877142857142857,2.821428571428571,2.7142857142857144,2.821428571428571,2.748571428571428,2.2308,2.36,1.837942857142857,1.5785714285714287,2.2071428571428573,1.5357142857142858,1.0135714285714286,1.9085714285714288,3.693828571428572,1.6063428571428573,2.645714285714285,1.6063428571428573,2.5428571428571427,1.8914285714285717,2.596342857142857,2.975657142857143
11-9199.11,Brownfield Redevelopment Specialists and Site Managers,2.4971428571428573,2.524285714285714,3.0312857142857146,1.655,2.4522285714285714,2.8363428571428573,1.9285714285714288,1.8571428571428568,2.98,3.0357142857142856,2.765714285714286,2.821428571428571,2.928571428571429,2.19,2.2471428571428573,2.023657142857143,1.36,2.645714285714285,1.75,1.0135714285714286,1.9285714285714288,3.507514285714285,1.4910714285714284,3.1750857142857143,1.4928571428571429,2.821428571428571,2.096342857142857,2.6950857142857143,3.010214285714285
13-1011.00,"Agents and Business Managers of Artists, Performers, and Athletes",1.8571428571428568,1.5785714285714287,2.807714285714286,1.7385714285714284,1.32,2.1492,1.0549142857142857,1.6364285714285711,2.524285714285714,2.7142857142857144,2.4035714285714285,2.4732142857142856,2.7142857142857144,2.327857142857143,2.25,1.268571428571429,1.51,1.9642857142857144,1.1734857142857142,1.0,1.3392000000000002,3.0513000000000003,1.32,2.5428571428571427,1.2857142857142856,2.4971428571428573,1.4435714285714285,2.4522285714285714,2.6692
13-1021.00,"Buyers and Purchasing Agents, Farm Products",1.9285714285714288,2.023657142857143,2.867114285714286,1.7734857142857143,1.8571428571428568,1.9642857142857144,1.1222285714285714,1.6428571428571428,2.265085714285714,2.4522285714285714,2.1492,2.5428571428571427,2.19,1.9085714285714288,1.9449142857142856,1.3392000000000002,1.6714285714285717,1.9449142857142856,1.4821428571428572,1.0,1.5892857142857142,2.9363,1.4017857142857142,2.0608,1.4928571428571429,2.044642857142857,1.9842857142857144,1.9449142857142856,1.8983428571428576
13-1022.00,"Wholesale and Retail Buyers, Except Farm Products",2.205357142857143,2.2928571428571427,2.800342857142857,1.7485714285714289,2.023657142857143,2.0028571428571427,1.0942857142857143,1.8728571428571428,2.571428571428571,2.571428571428571,2.086428571428572,2.571428571428571,2.2471428571428573,1.8914285714285717,2.3192,1.51,1.2857142857142856,1.9842857142857144,1.6364285714285711,1.0,1.7734857142857143,2.717542857142857,1.655,2.31,1.36,2.0342857142857143,2.086428571428572,1.9657142857142855,1.8397
13-1023.00,"Purchasing Agents, Except Wholesale, Retail, and Farm Products",2.1492,1.8571428571428568,2.8568571428571428,1.7385714285714284,1.8914285714285717,2.7142857142857144,1.0020571428571428,1.8914285714285717,2.748571428571428,2.782857142857143,2.662857142857143,2.596342857142857,2.8363428571428573,2.125,2.596342857142857,1.3008,1.5785714285714287,2.4971428571428573,1.3785714285714286,1.0,1.5785714285714287,3.5505714285714287,1.5357142857142858,2.2928571428571427,1.6364285714285711,2.7142857142857144,1.9642857142857144,2.7142857142857144,2.526185714285714
13-1031.00,"Claims Adjusters, Examiners, and Investigators",2.2308,1.8914285714285717,2.988085714285714,1.7485714285714289,1.7734857142857143,2.2071428571428573,1.0271428571428571,1.5892857142857142,2.877142857142857,3.1149142857142853,2.877142857142857,2.821428571428571,3.005714285714286,1.8571428571428568,2.125,1.51,1.5508,2.25,1.7485714285714289,1.0065142857142857,2.086428571428572,3.3486714285714285,1.9285714285714288,2.4522285714285714,1.6063428571428573,2.6950857142857143,1.9285714285714288,2.4522285714285714,1.9176571428571427
13-1032.00,"Insurance Appraisers, Auto Damage",1.9449142857142856,1.5785714285714287,2.976,1.9085714285714288,1.6364285714285711,1.7734857142857143,1.0042857142857142,1.24,2.205357142857143,2.4732142857142856,2.125,2.275,2.2928571428571427,1.9642857142857144,1.8057142857142856,1.542142857142857,1.4017857142857142,1.9449142857142856,1.4691999999999998,1.0442857142857145,1.7385714285714284,3.021742857142857,1.3785714285714286,2.422142857142857,1.25,2.4035714285714285,1.625,2.2767857142857144,2.3445714285714283
13-1041.00,Compliance Officers,2.1492,1.28,2.5207,1.8571428571428568,1.3008,1.9257142857142855,1.0,1.7385714285714284,2.44,2.7142857142857144,2.25,2.2928571428571427,2.607142857142857,2.0028571428571427,1.8914285714285717,1.4821428571428572,1.6364285714285711,2.327857142857143,1.655,1.0,1.837942857142857,2.683885714285714,1.5785714285714287,2.2767857142857144,1.4821428571428572,2.607142857142857,1.3785714285714286,2.422142857142857,2.145
13-1041.01,Environmental Compliance Inspectors,2.4971428571428573,1.8571428571428568,2.7225,1.8571428571428568,1.8914285714285717,2.6185714285714288,1.9285714285714288,1.9285714285714288,3.0357142857142856,2.877142857142857,3.0357142857142856,2.821428571428571,3.0357142857142856,1.8571428571428568,2.6185714285714288,1.8571428571428568,1.6875,2.571428571428571,2.3392857142857144,1.0,2.6950857142857143,2.8,1.8057142857142856,3.1750857142857143,1.75,2.954285714285714,1.9842857142857144,2.6950857142857143,2.3114285714285714
13-1041.03,Equal Opportunity Representatives and Officers,2.125,1.75,3.1916571428571427,1.7385714285714284,1.5892857142857142,2.422142857142857,1.0664285714285715,1.9657142857142855,2.877142857142857,3.1149142857142853,2.782857142857143,2.928571428571429,3.117142857142857,1.8571428571428568,2.571428571428571,1.4435714285714285,1.7734857142857143,2.4732142857142856,1.7385714285714284,1.0020571428571428,2.044642857142857,3.460342857142857,1.8914285714285717,2.8363428571428573,1.6665142857142858,3.005714285714286,1.78,2.8020571428571426,2.492585714285714
13-1041.04,Government Property Inspectors and Investigators,2.3392857142857144,1.8571428571428568,2.453085714285714,2.071428571428572,1.837942857142857,2.2071428571428573,1.157142857142857,1.8914285714285717,2.821428571428571,2.7142857142857144,2.894285714285714,2.765714285714286,2.821428571428571,1.9449142857142856,2.2071428571428573,2.044642857142857,1.9449142857142856,2.7142857142857144,2.265085714285714,1.0,2.571428571428571,3.4816428571428566,2.086428571428572,2.821428571428571,1.9449142857142856,2.7142857142857144,1.8571428571428568,2.7142857142857144,2.3471714285714285
13-1041.06,Coroners,2.4971428571428573,1.4,3.773571428571428,1.8571428571428568,1.6063428571428573,2.02,2.205357142857143,1.9449142857142856,2.765714285714286,2.8363428571428573,3.0357142857142856,2.782857142857143,2.928571428571429,1.9085714285714288,2.3192,1.9085714285714288,1.6063428571428573,2.645714285714285,1.9085714285714288,1.1071428571428572,2.4732142857142856,3.24,1.8914285714285717,2.6950857142857143,1.6063428571428573,2.765714285714286,1.4192,2.4971428571428573,2.6278571428571427
13-1041.07,Regulatory Affairs Specialists,2.0,1.8571428571428568,3.3085714285714287,1.7385714285714284,1.6171428571428572,2.524285714285714,1.1408,1.8571428571428568,2.6950857142857143,3.265714285714286,2.596342857142857,2.748571428571428,2.954285714285714,2.1492,2.2471428571428573,1.394285714285714,1.3785714285714286,2.4522285714285714,1.7734857142857143,1.0,1.9722285714285717,3.309285714285714,1.6942857142857144,2.645714285714285,1.6063428571428573,2.8363428571428573,1.6171428571428572,2.765714285714286,2.6392857142857142
13-1041.08,Customs Brokers,2.2308,1.8057142857142856,3.2928571428571427,1.9085714285714288,1.8571428571428568,2.225714285714286,1.0,1.9085714285714288,2.337142857142857,2.645714285714285,2.0028571428571427,2.524285714285714,2.645714285714285,2.0028571428571427,2.1635714285714283,1.32,1.655,2.2071428571428573,1.6875,1.0,1.8571428571428568,2.7752285714285714,1.6665142857142858,2.0028571428571427,1.6875,2.4732142857142856,1.8057142857142856,2.524285714285714,1.9369
13-1051.00,Cost Estimators,2.1357142857142857,2.765714285714286,3.5147857142857144,1.8571428571428568,2.765714285714286,2.2308,1.0206285714285714,1.8057142857142856,2.6185714285714288,2.6950857142857143,2.8363428571428573,2.6185714285714288,2.765714285714286,1.8571428571428568,2.2471428571428573,1.8571428571428568,1.28,2.4971428571428573,1.7385714285714284,1.0020571428571428,1.8571428571428568,2.914814285714286,1.655,2.023657142857143,1.2857142857142856,2.571428571428571,2.748571428571428,2.4285714285714284,2.8987571428571437
13-1071.00,Human Resources Specialists,1.9842857142857144,1.4017857142857142,2.827,1.6391999999999998,1.2857142857142856,1.9449142857142856,1.0020571428571428,1.9285714285714288,2.645714285714285,2.7142857142857144,2.125,2.645714285714285,2.7142857142857144,1.8571428571428568,2.086428571428572,1.302857142857143,1.3392000000000002,2.125,1.2857142857142856,1.0,1.78,3.329542857142857,1.2857142857142856,2.5428571428571427,1.4017857142857142,2.596342857142857,1.4249999999999998,2.645714285714285,2.5829285714285715
13-1074.00,Farm Labor Contractors,1.5785714285714287,1.3008,1.3276,1.6875,1.3392000000000002,1.6875,1.0135714285714286,1.3785714285714286,1.7734857142857143,1.8057142857142856,1.7200000000000002,1.9285714285714288,1.7200000000000002,2.023657142857143,1.4691999999999998,1.22,1.5892857142857142,1.7385714285714284,1.36,1.0042857142857142,1.4017857142857142,1.743942857142857,1.2142857142857144,1.9842857142857144,1.28,1.8057142857142856,1.3392000000000002,1.6875,1.6587428571428573
13-1075.00,Labor Relations Specialists,1.9449142857142856,1.5892857142857142,2.780857142857143,1.7734857142857143,1.5165142857142857,2.4035714285714285,1.0,1.8914285714285717,2.7207142857142856,2.877142857142857,2.571428571428571,2.765714285714286,2.821428571428571,2.0608,2.3857142857142857,1.4179428571428572,1.5785714285714287,2.1492,1.5614285714285714,1.0,1.7200000000000002,3.096,1.75,2.765714285714286,1.7200000000000002,2.877142857142857,1.6875,2.928571428571429,2.654514285714286
13-1081.00,Logisticians,2.06,1.9657142857142855,2.9051714285714287,1.7036571428571428,1.9657142857142855,2.524285714285714,1.0942857142857143,2.0,2.98,2.7142857142857144,2.7142857142857144,2.765714285714286,2.6950857142857143,2.275,2.25,1.9449142857142856,1.5625,2.662857142857143,1.6875,1.0,1.8571428571428568,3.694342857142857,1.7385714285714284,2.765714285714286,1.7200000000000002,2.4522285714285714,2.06,2.275,2.936528571428571
13-1081.01,Logistics Engineers,2.4522285714285714,2.894285714285714,3.2352142857142856,1.822857142857143,2.765714285714286,2.782857142857143,1.6364285714285711,2.06,2.98,3.005714285714286,2.877142857142857,2.8514285714285714,2.928571428571429,2.5428571428571427,2.765714285714286,2.1635714285714283,1.6063428571428573,2.7142857142857144,1.8057142857142856,1.157142857142857,2.044642857142857,3.334085714285714,1.7200000000000002,2.877142857142857,1.655,2.765714285714286,2.6696428571428568,2.8363428571428573,2.793571428571429
13-1081.02,Logistics Analysts,2.205357142857143,2.4522285714285714,3.007142857142857,2.044642857142857,2.071428571428571,2.645714285714285,1.0803571428571428,1.75,2.571428571428571,2.645714285714285,2.571428571428571,2.765714285714286,2.7142857142857144,2.086428571428572,2.1357142857142857,1.7200000000000002,1.595,2.571428571428571,1.9085714285714288,1.0,2.086428571428572,3.104285714285714,1.7200000000000002,2.4522285714285714,1.6875,2.2857142857142856,2.2471428571428573,2.36,2.371728571428571
13-1111.00,Management Analysts,2.205357142857143,1.8914285714285717,3.6012571428571434,1.8571428571428568,1.9285714285714288,2.7142857142857144,1.22,2.071428571428571,2.821428571428571,2.8363428571428573,2.765714285714286,2.8363428571428573,2.8363428571428573,2.044642857142857,2.2471428571428573,1.4192,1.625,2.4522285714285714,1.4906285714285716,1.0020571428571428,1.8571428571428568,3.6837,1.6364285714285711,2.782857142857143,1.6714285714285717,2.821428571428571,1.837942857142857,2.7142857142857144,2.5428571428571427
13-1121.00,"Meeting, Convention, and Event Planners",1.9842857142857144,1.8571428571428568,2.744371428571428,1.872228571428572,1.5357142857142858,2.31,1.0089285714285714,1.5677714285714286,2.596342857142857,2.821428571428571,2.265085714285714,2.596342857142857,2.7142857142857144,2.4732142857142856,2.0608,1.8571428571428568,1.8571428571428568,2.25,1.5785714285714287,1.0942857142857143,1.7734857142857143,3.986971428571429,1.51,2.645714285714285,1.4179428571428572,2.765714285714286,1.7734857142857143,2.2928571428571427,3.5240857142857145
13-1131.00,Fundraisers,1.9449142857142856,1.8571428571428568,3.1214285714285714,1.6875,1.8571428571428568,2.044642857142857,1.0206285714285714,1.8057142857142856,2.6185714285714288,2.7142857142857144,2.5428571428571427,2.645714285714285,2.7142857142857144,2.0342857142857143,2.125,1.3571428571428572,1.5625,2.205357142857143,1.2857142857142856,1.0020571428571428,1.5508,3.467028571428572,1.3392000000000002,2.1142857142857143,1.5165142857142857,2.7142857142857144,1.822857142857143,2.765714285714286,2.5697142857142854
13-1141.00,"Compensation, Benefits, and Job Analysis Specialists",1.9285714285714288,2.06,3.063285714285714,1.822857142857143,1.9449142857142856,2.06,1.1734857142857142,1.9077714285714285,2.4522285714285714,2.6950857142857143,2.354914285714286,2.524285714285714,2.645714285714285,1.8571428571428568,2.275,1.2857142857142856,1.2857142857142856,2.2308,1.6364285714285711,1.0,1.8571428571428568,3.2883571428571434,1.6665142857142858,2.4035714285714285,1.3214285714285714,2.36,1.8728571428571428,2.3192,1.641457142857143
13-1151.00,Training and Development Specialists,2.125,1.4542857142857144,3.479714285714285,1.822857142857143,1.4928571428571429,2.044642857142857,1.0992,3.2285714285714286,2.524285714285714,2.765714285714286,2.31,2.645714285714285,2.645714285714285,2.4035714285714285,2.596342857142857,1.4691999999999998,1.6875,2.0028571428571427,1.4628571428571429,1.0020571428571428,1.6063428571428573,3.2961142857142858,1.6063428571428573,2.4732142857142856,1.8914285714285717,2.765714285714286,1.5614285714285714,2.6950857142857143,2.5970714285714283
13-1161.00,Market Research Analysts and Marketing Specialists,2.4732142857142856,2.3192,3.592742857142857,1.7734857142857143,2.086428571428572,2.5428571428571427,1.4017857142857142,1.8571428571428568,2.877142857142857,2.928571428571429,2.894285714285714,2.7142857142857144,2.98,1.8914285714285717,2.4285714285714284,1.5165142857142857,1.4435714285714285,2.596342857142857,1.7200000000000002,1.0,1.9285714285714288,3.703428571428572,1.5892857142857142,2.4522285714285714,1.6875,2.928571428571429,2.1357142857142857,2.765714285714286,2.4175
13-1161.01,Search Marketing Strategists,2.1607142857142856,1.7200000000000002,3.938,1.8571428571428568,1.7200000000000002,2.6950857142857143,1.0089285714285714,1.8057142857142856,2.596342857142857,2.7142857142857144,2.524285714285714,2.524285714285714,2.6950857142857143,2.06,2.524285714285714,1.3392000000000002,1.6063428571428573,2.375,1.5165142857142857,1.0,1.9449142857142856,3.0593142857142857,1.655,2.596342857142857,1.51,2.6950857142857143,1.7200000000000002,2.3392857142857144,2.119771428571428
13-1199.04,Business Continuity Planners,2.2308,1.8057142857142856,3.2167142857142856,1.872228571428572,1.7734857142857143,3.1750857142857143,1.0,2.2471428571428573,3.091428571428572,2.821428571428571,2.9522285714285714,3.0592,2.821428571428571,2.1635714285714283,2.877142857142857,1.78,1.5508,2.7142857142857144,1.6875,1.0020571428571428,2.19,3.516142857142857,1.7200000000000002,3.3563428571428573,1.7734857142857143,3.091428571428572,1.7734857142857143,2.877142857142857,2.638
13-1199.05,Sustainability Specialists,2.044642857142857,1.8571428571428568,3.1103714285714283,1.6364285714285711,1.7734857142857143,2.354914285714286,1.3125,1.9449142857142856,2.571428571428571,2.765714285714286,2.524285714285714,2.645714285714285,2.765714285714286,1.8571428571428568,2.086428571428572,1.5614285714285714,1.5165142857142857,2.1142857142857143,1.7734857142857143,1.0020571428571428,1.837942857142857,3.1368285714285715,1.4435714285714285,2.4522285714285714,1.36,2.765714285714286,1.7734857142857143,2.765714285714286,2.782257142857143
13-1199.06,Online Merchants,1.8914285714285717,1.9657142857142855,2.8321571428571426,1.5508,1.8914285714285717,1.8571428571428568,1.0089285714285714,1.4928571428571429,2.2308,2.422142857142857,2.086428571428572,2.3857142857142857,2.4035714285714285,1.7036571428571428,1.837942857142857,1.51,1.32,1.9842857142857144,1.4249999999999998,1.0267857142857142,1.467857142857143,2.478828571428571,1.36,2.071428571428572,1.4249999999999998,2.2928571428571427,1.9285714285714288,2.105,1.781942857142857
13-1199.07,Security Management Specialists,2.2928571428571427,1.4821428571428572,3.605714285714286,2.02,1.5614285714285714,2.524285714285714,1.0357142857142856,1.9285714285714288,2.894285714285714,2.662857142857143,2.7142857142857144,2.7142857142857144,2.596342857142857,2.1492,2.1635714285714283,1.8571428571428568,1.625,2.645714285714285,1.7485714285714289,1.2036571428571428,2.4732142857142856,3.347142857142857,1.7734857142857143,3.0892857142857144,1.6875,2.662857142857143,1.5165142857142857,2.4035714285714285,2.9474285714285715
13-2011.00,Accountants and Auditors,2.086428571428572,2.275,3.1726,1.7036571428571428,2.205357142857143,2.19,1.0135714285714286,1.75,2.7678571428571432,2.748571428571428,2.7207142857142856,2.6185714285714288,2.748571428571428,1.9449142857142856,2.06,1.3008,1.4435714285714285,2.4522285714285714,1.7857142857142856,1.0178571428571428,1.9657142857142855,3.404671428571428,1.7734857142857143,2.6185714285714288,1.4691999999999998,2.6185714285714288,2.205357142857143,2.2928571428571427,2.497557142857143
13-2022.00,Appraisers of Personal and Business Property,2.3392857142857144,1.9642857142857144,3.666242857142857,1.9285714285714288,1.8728571428571428,1.7857142857142856,1.0336571428571428,1.6171428571428572,2.4732142857142856,2.645714285714285,2.422142857142857,2.31,2.596342857142857,1.8571428571428568,1.9085714285714288,1.5892857142857142,1.36,2.354914285714286,1.722057142857143,1.0,1.7734857142857143,3.021257142857143,1.78,2.1607142857142856,1.4928571428571429,2.354914285714286,1.9642857142857144,2.25,2.4029714285714285
13-2023.00,Appraisers and Assessors of Real Estate,2.1635714285714283,1.822857142857143,2.9039714285714284,1.822857142857143,1.5785714285714287,1.9085714285714288,1.0065142857142857,1.4928571428571429,2.2928571428571427,2.354914285714286,2.25,2.25,2.4035714285714285,1.655,1.8125,1.6665142857142858,1.4017857142857142,1.9842857142857144,1.6063428571428573,1.0042857142857142,1.8914285714285717,2.520485714285714,1.4691999999999998,1.9449142857142856,1.4691999999999998,2.2071428571428573,1.9085714285714288,2.105,2.008514285714286
13-2031.00,Budget Analysts,2.06,2.748571428571428,2.8466714285714287,1.8571428571428568,2.596342857142857,2.422142857142857,1.0089285714285714,1.5614285714285714,2.524285714285714,2.645714285714285,2.4035714285714285,2.596342857142857,2.571428571428571,1.8571428571428568,2.0028571428571427,1.25,1.5207142857142857,2.4732142857142856,1.8571428571428568,1.0,1.8057142857142856,3.2809428571428576,1.32,2.4732142857142856,1.3571428571428572,2.4971428571428573,2.748571428571428,2.1750857142857143,1.7008
13-2041.00,Credit Analysts,2.06,2.6185714285714288,2.791428571428572,1.7734857142857143,2.4008000000000003,1.8571428571428568,1.0206285714285714,1.4928571428571429,2.7678571428571432,2.6950857142857143,2.6950857142857143,2.645714285714285,2.4971428571428573,1.8571428571428568,2.354914285714286,1.22,1.2857142857142856,2.354914285714286,1.8914285714285717,1.0,1.8914285714285717,2.6089285714285717,1.7200000000000002,2.571428571428571,1.4691999999999998,2.36,2.7207142857142856,2.1750857142857143,1.4928571428571429
13-2052.00,Personal Financial Advisors,1.8571428571428568,2.354914285714286,3.7086857142857146,1.7036571428571428,2.4035714285714285,2.4035714285714285,1.0206285714285714,1.8571428571428568,2.8150000000000004,2.7142857142857144,2.645714285714285,2.6185714285714288,2.782857142857143,1.8571428571428568,2.044642857142857,1.268571428571429,1.5785714285714287,2.105,1.7385714285714284,1.0,1.7200000000000002,3.253942857142857,1.6063428571428573,2.4971428571428573,1.6063428571428573,2.571428571428571,2.6185714285714288,2.645714285714285,2.459657142857143
13-2053.00,Insurance Underwriters,2.044642857142857,1.7734857142857143,2.807157142857143,1.7385714285714284,1.7734857142857143,1.9449142857142856,1.0206285714285714,1.75,2.3392857142857144,2.748571428571428,2.524285714285714,2.524285714285714,2.4732142857142856,1.7734857142857143,2.023657142857143,1.302857142857143,1.394285714285714,2.023657142857143,1.4821428571428572,1.0,1.8571428571428568,3.021442857142857,1.3571428571428572,2.275,1.3008,2.524285714285714,1.6875,2.4732142857142856,1.4853714285714288
13-2061.00,Financial Examiners,2.645714285714285,2.3857142857142857,3.2928571428571427,1.9085714285714288,2.4522285714285714,2.645714285714285,1.0089285714285714,2.3192,3.0592,3.205357142857143,3.005714285714286,3.005714285714286,2.894285714285714,2.3392857142857144,2.542057142857143,1.4179428571428572,1.394285714285714,2.524285714285714,1.8571428571428568,1.0,1.9449142857142856,3.2866,1.8571428571428568,2.821428571428571,1.7200000000000002,2.765714285714286,2.211428571428572,2.7142857142857144,2.0095714285714283
13-2071.00,Credit Counselors,1.8057142857142856,1.9449142857142856,2.937142857142857,1.8571428571428568,1.9085714285714288,2.1607142857142856,1.0,1.9449142857142856,2.4732142857142856,2.645714285714285,2.4732142857142856,2.524285714285714,2.596342857142857,1.9449142857142856,2.31,1.32,1.625,2.0028571428571427,1.4906285714285716,1.0,1.6364285714285711,2.7479142857142858,1.4821428571428572,2.524285714285714,1.36,2.571428571428571,1.9449142857142856,2.4732142857142856,1.9865142857142857
13-2072.00,Loan Officers,1.8571428571428568,2.0028571428571427,2.8816,1.68,2.0028571428571427,2.0028571428571427,1.0,1.655,2.524285714285714,2.7142857142857144,2.524285714285714,2.571428571428571,2.645714285714285,1.9842857142857144,1.9449142857142856,1.1408,1.3785714285714286,1.9449142857142856,1.3785714285714286,1.0,1.595,2.8522,1.3392000000000002,2.375,1.2857142857142856,2.645714285714285,2.125,2.3192,1.8671714285714285
13-2081.00,"Tax Examiners and Collectors, and Revenue Agents",1.9449142857142856,1.9449142857142856,2.7470714285714286,1.6714285714285717,2.044642857142857,1.8571428571428568,1.0,1.8057142857142856,2.7142857142857144,2.765714285714286,2.7142857142857144,2.5428571428571427,2.765714285714286,1.822857142857143,2.205357142857143,1.3392000000000002,1.4285714285714286,2.607142857142857,1.7385714285714284,1.0,1.8914285714285717,3.3535000000000004,1.6063428571428573,2.3906285714285715,1.7385714285714284,2.4522285714285714,2.211428571428572,2.044642857142857,2.0831142857142857
13-2082.00,Tax Preparers,1.9085714285714288,1.8914285714285717,3.8188,1.822857142857143,1.8571428571428568,1.8057142857142856,1.0,1.7200000000000002,2.524285714285714,2.645714285714285,1.9642857142857144,2.2928571428571427,2.7142857142857144,1.9085714285714288,1.9085714285714288,1.25,1.2857142857142856,2.0028571428571427,1.7142857142857144,1.0,1.822857142857143,3.161342857142857,1.4017857142857142,1.8571428571428568,1.2857142857142856,1.8571428571428568,2.1635714285714283,1.8571428571428568,2.3712142857142857
13-2099.01,Financial Quantitative Analysts,2.2471428571428573,3.414285714285714,3.4578571428571423,1.872228571428572,3.414285714285714,2.6950857142857143,1.1734857142857142,1.8571428571428568,2.954285714285714,3.091428571428572,2.7678571428571432,3.117142857142857,3.0357142857142856,1.8571428571428568,2.524285714285714,1.2857142857142856,1.3008,2.524285714285714,1.5357142857142858,1.0,1.8057142857142856,2.6100000000000003,1.6063428571428573,2.571428571428571,1.4435714285714285,2.645714285714285,2.954285714285714,2.4285714285714284,1.9
13-2099.04,"Fraud Examiners, Investigators and Analysts",1.8571428571428568,1.8914285714285717,3.4092,1.9449142857142856,1.822857142857143,2.662857142857143,1.0,1.8057142857142856,2.7142857142857144,2.765714285714286,2.7142857142857144,2.821428571428571,2.7142857142857144,1.9842857142857144,2.4732142857142856,1.2857142857142856,1.7200000000000002,2.2928571428571427,1.5300000000000002,1.0,2.1492,3.282057142857143,1.595,2.782857142857143,1.6063428571428573,2.9732142857142856,1.8057142857142856,2.8363428571428573,2.644342857142857
15-1211.00,Computer Systems Analysts,2.205357142857143,2.0,3.874857142857143,1.8057142857142856,1.9657142857142855,2.36,1.335714285714286,1.9085714285714288,2.8363428571428573,2.821428571428571,2.6950857142857143,2.571428571428571,2.8514285714285714,2.023657142857143,2.4971428571428573,2.096342857142857,1.4906285714285716,2.7142857142857144,1.8571428571428568,1.4249999999999998,1.9449142857142856,2.5990857142857147,1.9285714285714288,2.6950857142857143,1.5892857142857142,2.36,1.9285714285714288,2.36,1.718457142857143
15-1211.01,Health Informatics Specialists,2.571428571428571,1.9085714285714288,3.897142857142857,1.8571428571428568,1.8571428571428568,2.8363428571428573,1.32,2.571428571428571,2.928571428571429,3.1750857142857143,2.765714285714286,2.765714285714286,3.3563428571428573,2.105,2.866071428571429,1.8057142857142856,1.51,2.571428571428571,1.8571428571428568,1.1607142857142858,1.8914285714285717,3.665371428571428,1.6063428571428573,2.7142857142857144,1.5892857142857142,2.877142857142857,1.8057142857142856,2.7142857142857144,2.6448
15-1212.00,Information Security Analysts,2.2928571428571427,1.7200000000000002,3.4966428571428567,1.9449142857142856,1.4249999999999998,2.422142857142857,1.2036571428571428,1.837942857142857,2.765714285714286,2.765714285714286,2.765714285714286,2.6950857142857143,2.765714285714286,1.9449142857142856,2.2471428571428573,1.75,1.7200000000000002,2.596342857142857,1.8571428571428568,1.1071428571428572,2.19,2.8194142857142857,1.8057142857142856,2.765714285714286,1.4910714285714284,2.645714285714285,1.4910714285714284,2.3392857142857144,1.7498
15-1221.00,Computer and Information Research Scientists,2.7207142857142856,2.445,4.146700000000001,1.8057142857142856,2.4892,2.877142857142857,2.023657142857143,2.0,3.1750857142857143,2.8020571428571426,3.0592,2.821428571428571,2.7678571428571432,2.3192,2.742857142857143,2.1635714285714283,1.4542857142857144,2.6696428571428568,1.8571428571428568,1.22,1.9285714285714288,2.804157142857143,1.8057142857142856,2.748571428571428,1.7734857142857143,2.6696428571428568,2.205357142857143,2.4008000000000003,2.3464
15-1231.00,Computer Network Support Specialists,1.9657142857142855,1.4691999999999998,3.8782857142857146,1.9449142857142856,1.4192,2.044642857142857,1.1885714285714286,1.7521428571428572,2.645714285714285,2.4971428571428573,2.422142857142857,2.4732142857142856,2.3192,1.7485714285714289,2.086428571428572,1.8728571428571428,1.4017857142857142,2.3392857142857144,1.5785714285714287,1.5892857142857142,1.8571428571428568,2.8768,1.6063428571428573,2.44,1.5892857142857142,2.275,1.4464285714285716,2.0,2.1615714285714285
15-1232.00,Computer User Support Specialists,1.8571428571428568,1.5508,3.5893714285714284,1.822857142857143,1.3571428571428572,2.216428571428572,1.1339285714285714,1.9449142857142856,2.31,2.7142857142857144,2.19,2.524285714285714,2.7142857142857144,1.8571428571428568,1.9842857142857144,1.7734857142857143,1.625,2.354914285714286,1.8571428571428568,1.22,1.7734857142857143,2.5252,1.542142857142857,2.354914285714286,1.6063428571428573,2.5428571428571427,1.3785714285714286,2.1142857142857143,2.165714285714285
15-1241.00,Computer Network Architects,2.7142857142857144,1.9285714285714288,3.6399999999999992,1.8571428571428568,2.0,2.6950857142857143,1.3008,1.8914285714285717,2.765714285714286,2.928571428571429,2.7142857142857144,2.8363428571428573,2.765714285714286,1.9449142857142856,2.2471428571428573,1.78,1.5508,2.765714285714286,1.8571428571428568,1.6364285714285711,1.9449142857142856,3.0271428571428567,1.5892857142857142,2.662857142857143,1.6364285714285711,2.765714285714286,1.8057142857142856,2.4035714285714285,2.4678857142857145
15-1241.01,Telecommunications Engineering Specialists,1.9449142857142856,1.9085714285714288,3.5355571428571437,1.8571428571428568,1.8571428571428568,2.023657142857143,1.1734857142857142,1.7734857142857143,2.2857142857142856,2.3857142857142857,2.086428571428572,2.4035714285714285,2.4522285714285714,1.8571428571428568,2.275,1.7734857142857143,1.5357142857142858,2.275,1.8571428571428568,1.4821428571428572,1.8914285714285717,3.2883571428571434,1.4464285714285716,2.4522285714285714,1.4,2.2471428571428573,1.9085714285714288,2.205357142857143,2.855714285714286
15-1242.00,Database Administrators,2.3192,1.9449142857142856,2.906628571428572,1.8571428571428568,2.0,2.6950857142857143,1.25,1.9285714285714288,2.765714285714286,2.6950857142857143,2.6950857142857143,2.645714285714285,2.6696428571428568,1.7734857142857143,2.4714285714285715,1.8571428571428568,1.3571428571428572,2.6950857142857143,1.8571428571428568,1.062857142857143,2.086428571428572,2.8676857142857144,1.8057142857142856,2.596342857142857,1.5614285714285714,2.4008000000000003,1.8571428571428568,2.2471428571428573,2.551
15-1243.00,Database Architects,2.2308,1.9842857142857144,3.6845714285714286,1.9642857142857144,1.8914285714285717,2.645714285714285,1.22,1.8057142857142856,2.8020571428571426,2.645714285714285,2.571428571428571,2.596342857142857,2.6950857142857143,1.8571428571428568,2.1635714285714283,1.8057142857142856,1.302857142857143,2.6185714285714288,1.9085714285714288,1.0664285714285715,2.0028571428571427,2.974428571428571,1.7200000000000002,2.524285714285714,1.51,2.2471428571428573,1.9449142857142856,2.1750857142857143,2.112857142857143
15-1243.01,Data Warehousing Specialists,2.25,1.9449142857142856,3.5392,1.8571428571428568,1.9285714285714288,2.31,1.157142857142857,1.6364285714285711,2.571428571428571,2.645714285714285,2.524285714285714,2.596342857142857,2.645714285714285,1.7385714285714284,1.9285714285714288,1.6364285714285711,1.22,2.645714285714285,1.6665142857142858,1.062857142857143,1.8571428571428568,2.944,1.5357142857142858,2.19,1.4464285714285716,2.4285714285714284,1.9285714285714288,2.086428571428572,1.9571428571428573
15-1244.00,Network and Computer Systems Administrators,2.1635714285714283,1.8914285714285717,3.5318285714285715,2.06,1.9657142857142855,2.571428571428571,1.4464285714285716,1.905,2.571428571428571,2.6950857142857143,2.571428571428571,2.596342857142857,2.645714285714285,2.1357142857142857,2.1357142857142857,1.94,1.5207142857142857,2.645714285714285,1.8571428571428568,1.8728571428571428,2.06,3.3452000000000006,1.6665142857142858,2.7142857142857144,1.6875,2.205357142857143,1.8571428571428568,2.1357142857142857,2.2064000000000004
15-1251.00,Computer Programmers,1.837942857142857,1.9449142857142856,3.4557714285714285,1.9449142857142856,1.9449142857142856,2.524285714285714,1.6875,1.5165142857142857,2.524285714285714,2.7142857142857144,2.524285714285714,2.524285714285714,2.19,1.9449142857142856,1.9842857142857144,1.7385714285714284,1.3785714285714286,2.571428571428571,1.7734857142857143,1.0,1.8914285714285717,2.7168,1.302857142857143,2.4732142857142856,1.3785714285714286,2.205357142857143,1.9449142857142856,2.044642857142857,1.5969285714285717
15-1252.00,Software Developers,2.3392857142857144,1.9077714285714285,3.285142857142857,1.872228571428572,1.8125,2.19,1.3008,1.722057142857143,2.571428571428571,2.7207142857142856,2.3857142857142857,2.6950857142857143,2.517857142857143,1.9842857142857144,2.2928571428571427,1.4691999999999998,1.268571428571429,2.4522285714285714,1.6364285714285711,1.28,1.5785714285714287,3.168228571428571,1.51,2.524285714285714,1.3785714285714286,2.4285714285714284,1.5892857142857142,2.1635714285714283,2.249485714285714
15-1253.00,Software Quality Assurance Analysts and Testers,1.9449142857142856,1.8057142857142856,3.7264,1.8571428571428568,1.6875,2.0608,1.78,1.8057142857142856,2.7142857142857144,2.765714285714286,2.7142857142857144,2.596342857142857,2.765714285714286,1.8571428571428568,1.9449142857142856,1.6364285714285711,1.625,2.571428571428571,1.9449142857142856,1.12,2.023657142857143,3.2601142857142857,1.4464285714285716,2.765714285714286,1.4017857142857142,2.596342857142857,1.4691999999999998,2.524285714285714,2.3068714285714287
15-1254.00,Web Developers,2.125,1.872228571428572,3.5849999999999995,1.9842857142857144,1.7200000000000002,2.354914285714286,1.3214285714285714,1.837942857142857,2.645714285714285,2.4522285714285714,2.2071428571428573,2.524285714285714,2.4971428571428573,1.822857142857143,2.2928571428571427,2.096342857142857,1.22,2.3392857142857144,1.8914285714285717,1.2857142857142856,2.023657142857143,3.0785714285714287,1.837942857142857,2.4035714285714285,1.51,2.096342857142857,1.75,2.06,2.479514285714286
15-1255.01,Video Game Designers,1.9657142857142855,1.8057142857142856,3.0635714285714286,2.275,1.837942857142857,2.4522285714285714,1.0271428571428571,1.8057142857142856,2.524285714285714,2.662857142857143,2.571428571428571,2.524285714285714,2.571428571428571,2.19,2.2928571428571427,2.205357142857143,1.6063428571428573,2.596342857142857,1.822857142857143,1.0020571428571428,1.8914285714285717,2.801428571428572,1.7200000000000002,2.524285714285714,1.6364285714285711,2.596342857142857,1.8057142857142856,2.2471428571428573,1.85
15-1299.01,Web Administrators,1.9842857142857144,1.8057142857142856,3.502142857142857,1.8057142857142856,1.3392000000000002,2.524285714285714,1.3808,1.8571428571428568,2.645714285714285,2.765714285714286,2.524285714285714,2.765714285714286,2.6950857142857143,1.8914285714285717,2.1357142857142857,1.7734857142857143,1.335714285714286,2.275,1.7200000000000002,1.147857142857143,1.8914285714285717,3.002357142857143,1.7734857142857143,2.645714285714285,1.6942857142857144,2.4522285714285714,1.6665142857142858,2.086428571428572,2.039642857142857
15-1299.02,Geographic Information Systems Technologists and Technicians,2.086428571428572,2.06,3.849785714285714,1.9257142857142855,1.9285714285714288,2.044642857142857,1.24,1.6364285714285711,2.524285714285714,2.571428571428571,2.354914285714286,2.4035714285714285,2.645714285714285,1.7385714285714284,1.8914285714285717,2.105,1.4542857142857144,2.354914285714286,1.625,1.0135714285714286,1.9657142857142855,2.9714285714285715,1.5165142857142857,2.25,1.4435714285714285,2.125,1.8914285714285717,1.9842857142857144,2.337285714285714
15-1299.03,Document Management Specialists,2.1607142857142856,1.6063428571428573,2.837214285714286,1.8571428571428568,1.4017857142857142,2.354914285714286,1.0178571428571428,1.8571428571428568,2.354914285714286,2.645714285714285,2.422142857142857,2.4732142857142856,2.596342857142857,2.023657142857143,2.044642857142857,1.6665142857142858,1.6063428571428573,2.524285714285714,1.7385714285714284,1.0,1.9085714285714288,3.0,1.655,2.422142857142857,1.51,2.571428571428571,1.467857142857143,2.524285714285714,2.3754285714285714
15-1299.05,Information Security Engineers,2.06,1.6942857142857144,3.726228571428571,2.044642857142857,1.5165142857142857,2.205357142857143,1.1875,1.837942857142857,2.6185714285714288,2.877142857142857,2.4971428571428573,2.765714285714286,2.9522285714285714,1.7385714285714284,2.1635714285714283,1.5165142857142857,1.4542857142857144,2.524285714285714,1.9842857142857144,1.25,2.125,2.7497285714285717,1.4691999999999998,2.4035714285714285,1.7200000000000002,2.3857142857142857,1.6665142857142858,2.542057142857143,1.9527142857142856
15-1299.08,Computer Systems Engineers/Architects,2.2471428571428573,1.9449142857142856,3.405142857142857,1.8571428571428568,1.8914285714285717,2.571428571428571,1.8914285714285717,1.8914285714285717,2.765714285714286,2.765714285714286,2.7142857142857144,2.7142857142857144,2.7142857142857144,1.8571428571428568,2.542057142857143,1.837942857142857,1.3392000000000002,2.645714285714285,1.8571428571428568,1.24,1.9449142857142856,3.0828571428571427,1.7200000000000002,2.765714285714286,1.7734857142857143,2.821428571428571,1.9449142857142856,2.645714285714285,2.0045
15-1299.09,Information Technology Project Managers,2.205357142857143,1.8914285714285717,3.7297142857142864,1.7734857142857143,1.837942857142857,2.36,1.24,1.9285714285714288,2.645714285714285,2.821428571428571,2.645714285714285,2.894285714285714,2.7142857142857144,2.662857142857143,2.3192,1.8057142857142856,1.32,2.596342857142857,1.6875,1.0,1.8914285714285717,4.309714285714286,1.6665142857142858,2.645714285714285,1.5892857142857142,2.7142857142857144,1.9449142857142856,2.7142857142857144,3.932500000000001
15-2011.00,Actuaries,2.7142857142857144,3.585714285714286,3.5231285714285714,2.086428571428572,3.321428571428572,2.98,1.302857142857143,1.9077714285714285,3.091428571428572,3.0357142857142856,3.0592,3.205357142857143,3.205357142857143,2.0,2.2857142857142856,1.5165142857142857,1.4542857142857144,2.645714285714285,1.7200000000000002,1.0,2.086428571428572,2.821028571428571,1.6063428571428573,2.6950857142857143,1.5357142857142858,2.7142857142857144,3.1750857142857143,2.4285714285714284,1.9282
15-2021.00,Mathematicians,2.645714285714285,4.428571428571429,3.895357142857143,1.9085714285714288,4.428571428571429,3.091428571428572,2.684285714285714,2.2471428571428573,3.142857142857143,3.282057142857143,3.0077714285714285,3.2285714285714286,3.142857142857143,1.75,3.1942857142857144,1.7200000000000002,1.1885714285714286,3.0077714285714285,1.7734857142857143,1.0,2.205357142857143,2.6100000000000003,1.9077714285714285,2.524285714285714,1.7734857142857143,3.1750857142857143,3.585714285714286,2.7292,1.9910714285714288
15-2031.00,Operations Research Analysts,2.4971428571428573,3.375,3.642914285714286,1.8571428571428568,3.44,3.005714285714286,2.044642857142857,1.8571428571428568,3.005714285714286,3.0357142857142856,3.0592,2.765714285714286,2.821428571428571,1.9085714285714288,2.6950857142857143,1.4192,1.2857142857142856,2.6950857142857143,1.625,1.0,1.9842857142857144,3.1596857142857147,1.5357142857142858,2.765714285714286,1.7385714285714284,2.7142857142857144,2.877142857142857,2.7142857142857144,2.916357142857142
15-2041.00,Statisticians,2.4035714285714285,3.678571428571429,3.805,1.8057142857142856,3.982057142857143,2.6950857142857143,2.3857142857142857,1.9085714285714288,3.0077714285714285,3.117142857142857,3.091428571428572,2.928571428571429,3.091428571428572,1.8571428571428568,2.524285714285714,1.6364285714285711,1.2857142857142856,2.571428571428571,1.7734857142857143,1.0,1.8914285714285717,3.267285714285715,1.7734857142857143,2.125,1.6875,3.091428571428572,3.4722285714285714,2.6696428571428568,1.7285
15-2041.01,Biostatisticians,2.4971428571428573,3.321428571428572,3.468228571428571,1.7734857142857143,3.6477714285714287,2.928571428571429,2.98,2.3192,3.1750857142857143,3.2285714285714286,3.321428571428572,3.091428571428572,3.1942857142857144,2.0,3.091428571428572,1.8914285714285717,1.22,2.748571428571428,1.7734857142857143,1.0442857142857145,1.8571428571428568,3.1123142857142856,1.8571428571428568,2.645714285714285,1.7734857142857143,3.0077714285714285,2.6185714285714288,3.0077714285714285,2.1286
15-2051.01,Business Intelligence Analysts,2.4971428571428573,2.3392857142857144,3.3354285714285714,1.75,2.3857142857142857,2.275,1.0664285714285715,1.8571428571428568,2.7678571428571432,2.98,2.877142857142857,2.748571428571428,2.821428571428571,1.9085714285714288,2.6950857142857143,1.3571428571428572,1.3392000000000002,2.4971428571428573,1.5892857142857142,1.0,2.0028571428571427,3.0312857142857146,1.7200000000000002,2.125,1.3214285714285714,2.765714285714286,2.096342857142857,2.571428571428571,1.897642857142857
15-2051.02,Clinical Data Managers,2.2471428571428573,2.2308,3.1128571428571425,1.8571428571428568,2.3857142857142857,2.2928571428571427,1.4435714285714285,1.8728571428571428,2.894285714285714,2.821428571428571,2.596342857142857,2.821428571428571,2.748571428571428,2.19,2.4971428571428573,1.3785714285714286,1.3125,2.782857142857143,1.8057142857142856,1.1885714285714286,1.9842857142857144,3.43,1.6364285714285711,2.596342857142857,1.6063428571428573,2.6950857142857143,1.9842857142857144,2.571428571428571,2.7095
15-2099.01,Bioinformatics Technicians,2.3192,2.542057142857143,3.901857142857143,2.1607142857142856,2.3192,2.2071428571428573,2.023657142857143,1.7200000000000002,2.4732142857142856,2.928571428571429,2.524285714285714,2.3392857142857144,2.6696428571428568,1.8571428571428568,2.3857142857142857,1.8914285714285717,1.6875,2.354914285714286,1.9285714285714288,1.0042857142857142,2.2308,2.853485714285714,1.7200000000000002,2.3192,1.7734857142857143,2.542057142857143,2.023657142857143,2.3392857142857144,1.6837999999999995
17-1011.00,"Architects, Except Landscape and Naval",2.821428571428571,2.2471428571428573,3.386428571428571,1.9449142857142856,2.4714285714285715,2.6696428571428568,1.8057142857142856,2.0028571428571427,3.142857142857143,2.877142857142857,2.765714285714286,2.928571428571429,3.0357142857142856,2.0342857142857143,2.542057142857143,3.117142857142857,1.6875,2.7142857142857144,2.0028571428571427,1.0089285714285714,2.4522285714285714,3.3205714285714283,1.8914285714285717,2.98,1.7734857142857143,2.765714285714286,2.4008000000000003,2.6950857142857143,3.135
17-1012.00,Landscape Architects,2.645714285714285,1.9285714285714288,3.1492857142857145,1.8057142857142856,2.06,2.645714285714285,1.6875,1.8057142857142856,2.7142857142857144,2.782857142857143,2.607142857142857,2.596342857142857,2.782857142857143,2.3392857142857144,2.3857142857142857,2.894285714285714,1.6875,2.3392857142857144,1.4928571428571429,1.0,1.7734857142857143,3.218928571428571,1.3392000000000002,2.645714285714285,1.4928571428571429,2.7142857142857144,1.9285714285714288,2.4971428571428573,2.4000000000000004
17-1021.00,Cartographers and Photogrammetrists,2.096342857142857,1.8571428571428568,3.4533571428571426,1.822857142857143,1.837942857142857,1.9449142857142856,1.1885714285714286,1.8057142857142856,2.3857142857142857,2.765714285714286,2.4971428571428573,2.3392857142857144,2.765714285714286,1.8914285714285717,2.086428571428572,2.086428571428572,1.6063428571428573,2.125,1.8571428571428568,1.0714285714285714,2.19,2.690971428571429,1.7200000000000002,2.023657142857143,1.6171428571428572,2.3857142857142857,1.837942857142857,2.2928571428571427,2.550442857142857
17-1022.00,Surveyors,2.1357142857142857,2.765714285714286,3.510214285714286,1.8571428571428568,2.765714285714286,1.9842857142857144,1.6364285714285711,2.06,2.765714285714286,2.765714285714286,2.6950857142857143,2.571428571428571,2.6950857142857143,2.06,2.086428571428572,2.1357142857142857,1.6875,2.4971428571428573,1.9449142857142856,1.3392000000000002,2.096342857142857,3.185714285714285,1.8914285714285717,2.265085714285714,1.6364285714285711,2.6950857142857143,2.6185714285714288,2.571428571428571,3.16
17-1022.01,Geodetic Surveyors,2.524285714285714,3.0357142857142856,3.4886,1.8571428571428568,3.1750857142857143,2.524285714285714,2.06,1.9285714285714288,2.6950857142857143,3.091428571428572,2.765714285714286,2.6950857142857143,2.877142857142857,1.837942857142857,2.4008000000000003,2.1635714285714283,1.655,2.7142857142857144,1.8914285714285717,1.268571428571429,2.765714285714286,2.8907,1.8914285714285717,2.4285714285714284,1.8571428571428568,2.765714285714286,2.748571428571428,2.542057142857143,2.5732
17-2011.00,Aerospace Engineers,2.4285714285714284,2.954285714285714,3.8809999999999993,1.8914285714285717,2.954285714285714,2.748571428571428,3.1942857142857144,2.275,3.0357142857142856,3.282057142857143,2.821428571428571,3.0592,3.142857142857143,2.125,2.4522285714285714,2.086428571428572,1.6875,2.7142857142857144,1.8914285714285717,1.0135714285714286,1.9842857142857144,3.268128571428571,1.655,2.765714285714286,1.6063428571428573,2.954285714285714,2.275,2.8514285714285714,2.3039
17-2021.00,Agricultural Engineers,2.6185714285714288,2.4008000000000003,4.006428571428572,1.8571428571428568,2.6185714285714288,2.6950857142857143,2.1492,1.8057142857142856,2.928571428571429,3.0357142857142856,2.877142857142857,2.645714285714285,2.98,1.9657142857142855,2.2471428571428573,2.354914285714286,1.7734857142857143,2.6696428571428568,1.8057142857142856,1.22,1.8571428571428568,3.605714285714286,1.4249999999999998,2.748571428571428,1.4464285714285716,2.821428571428571,2.2471428571428573,2.7142857142857144,3.2875
17-2031.00,Bioengineers and Biomedical Engineers,2.6393714285714287,2.571428571428571,3.976714285714285,1.9449142857142856,2.8514285714285714,2.8514285714285714,2.9008000000000003,2.2471428571428573,3.0357142857142856,3.091428571428572,3.117142857142857,2.9008000000000003,3.142857142857143,1.9842857142857144,2.8150000000000004,2.3392857142857144,1.5207142857142857,2.6950857142857143,1.8571428571428568,1.7200000000000002,2.2308,2.987114285714286,1.6875,3.0357142857142856,1.6875,3.0357142857142856,2.2308,2.821428571428571,2.4852142857142856
17-2041.00,Chemical Engineers,3.142857142857143,2.645714285714285,3.0236857142857145,1.9285714285714288,2.866071428571429,2.877142857142857,3.282057142857143,1.94,3.142857142857143,3.142857142857143,3.091428571428572,3.2285714285714286,2.877142857142857,2.071428571428571,2.954285714285714,2.1357142857142857,1.4542857142857144,2.877142857142857,2.096342857142857,1.2665142857142857,2.2928571428571427,3.013428571428572,1.8571428571428568,2.98,1.6364285714285711,2.2857142857142856,2.4971428571428573,2.211428571428572,2.3485714285714288
17-2051.00,Civil Engineers,2.6185714285714288,2.954285714285714,3.242857142857143,1.8914285714285717,2.954285714285714,2.6950857142857143,2.571428571428571,1.9722285714285717,3.091428571428572,3.142857142857143,2.7142857142857144,2.9008000000000003,3.057142857142857,2.571428571428571,2.4850000000000003,2.6185714285714288,1.6364285714285711,2.645714285714285,2.4035714285714285,1.0089285714285714,2.4035714285714285,3.267285714285715,1.9722285714285717,3.0357142857142856,1.6665142857142858,2.7142857142857144,2.571428571428571,2.2471428571428573,3.2395714285714283
17-2051.01,Transportation Engineers,2.7142857142857144,2.748571428571428,3.257,1.8571428571428568,2.9008000000000003,2.8020571428571426,1.9285714285714288,1.9085714285714288,3.0357142857142856,3.0357142857142856,2.877142857142857,2.7142857142857144,2.877142857142857,2.596342857142857,2.2471428571428573,2.6185714285714288,1.4821428571428572,2.748571428571428,1.8571428571428568,1.0,1.9842857142857144,3.257,1.78,2.98,1.6875,2.765714285714286,2.645714285714285,2.765714285714286,3.1830000000000003
17-2051.02,Water/Wastewater Engineers,2.571428571428571,2.8514285714285714,3.3793,1.9449142857142856,2.8514285714285714,2.954285714285714,2.4714285714285715,2.1357142857142857,3.091428571428572,2.98,2.765714285714286,2.765714285714286,2.877142857142857,2.524285714285714,2.2857142857142856,2.571428571428571,1.7734857142857143,2.7142857142857144,1.8057142857142856,1.1071428571428572,2.1635714285714283,3.5622000000000003,1.75,2.8020571428571426,1.5677714285714286,2.765714285714286,2.571428571428571,2.7142857142857144,3.0336
17-2061.00,Computer Hardware Engineers,2.4714285714285715,2.023657142857143,3.9480571428571434,1.8057142857142856,2.086428571428572,2.6950857142857143,1.8728571428571428,1.837942857142857,2.821428571428571,2.928571428571429,2.765714285714286,2.765714285714286,2.928571428571429,1.9085714285714288,2.6185714285714288,2.2471428571428573,1.3008,2.765714285714286,1.8057142857142856,1.5892857142857142,1.9449142857142856,3.170857142857143,1.36,2.645714285714285,1.7200000000000002,2.6185714285714288,1.9842857142857144,2.6950857142857143,2.5168
17-2071.00,Electrical Engineers,2.645714285714285,2.4714285714285715,3.928342857142857,1.9449142857142856,2.4008000000000003,2.645714285714285,2.0342857142857143,1.8571428571428568,2.821428571428571,3.117142857142857,2.765714285714286,2.765714285714286,2.877142857142857,1.8914285714285717,2.596342857142857,2.06,1.7734857142857143,2.748571428571428,1.9449142857142856,1.3392000000000002,1.8571428571428568,3.9058,1.3392000000000002,2.877142857142857,1.655,2.9522285714285714,2.275,2.894285714285714,3.8282
17-2072.00,"Electronics Engineers, Except Computer",2.4714285714285715,2.6185714285714288,2.9368,1.8057142857142856,2.4714285714285715,2.765714285714286,1.9285714285714288,1.8571428571428568,2.821428571428571,2.877142857142857,2.821428571428571,2.765714285714286,2.765714285714286,1.7200000000000002,2.211428571428572,2.4008000000000003,1.625,2.765714285714286,1.8571428571428568,1.837942857142857,2.023657142857143,2.6626,1.8571428571428568,2.6950857142857143,1.7200000000000002,2.6950857142857143,2.086428571428572,2.4285714285714284,2.066
17-2072.01,Radio Frequency Identification Device Specialists,2.1635714285714283,1.837942857142857,3.461785714285714,1.7734857142857143,1.7822285714285715,2.2308,1.268571428571429,1.7521428571428572,2.821428571428571,2.645714285714285,2.5428571428571427,2.596342857142857,2.4971428571428573,1.822857142857143,2.06,1.837942857142857,1.3785714285714286,2.4732142857142856,1.4928571428571429,1.5614285714285714,1.7200000000000002,3.170357142857143,1.3392000000000002,2.5,1.3392000000000002,2.275,1.8728571428571428,2.1635714285714283,2.6205
17-2081.00,Environmental Engineers,2.1357142857142857,2.1750857142857143,3.1776857142857144,1.8571428571428568,2.36,2.6950857142857143,2.36,1.8571428571428568,2.765714285714286,3.0357142857142856,2.928571428571429,2.7142857142857144,3.0357142857142856,2.205357142857143,2.6185714285714288,1.8914285714285717,1.625,2.542057142857143,1.8571428571428568,1.0,1.9842857142857144,3.487928571428572,1.8057142857142856,2.821428571428571,1.8571428571428568,3.091428571428572,2.125,2.821428571428571,2.991142857142857
17-2111.00,"Health and Safety Engineers, Except Mining Safety Engineers and Inspectors",2.3392857142857144,1.6063428571428573,3.2016,2.1492,1.8057142857142856,2.4035714285714285,1.51,2.125,2.607142857142857,2.6950857142857143,2.671428571428572,2.524285714285714,2.7142857142857144,1.9842857142857144,2.1635714285714283,1.837942857142857,1.655,2.19,1.9285714285714288,1.0,2.1492,3.2520571428571423,1.75,2.5428571428571427,1.4928571428571429,2.4035714285714285,1.6171428571428572,2.524285714285714,2.4666571428571427
17-2111.02,Fire-Prevention and Protection Engineers,2.6950857142857143,2.044642857142857,3.694342857142857,1.7734857142857143,1.9842857142857144,2.7142857142857144,2.4035714285714285,2.023657142857143,3.0592,2.765714285714286,2.894285714285714,2.9732142857142856,2.7142857142857144,2.19,2.6950857142857143,2.2308,1.4542857142857144,2.645714285714285,1.9085714285714288,1.25,2.571428571428571,3.1024,1.9285714285714288,3.1149142857142853,1.5785714285714287,2.7142857142857144,1.9842857142857144,2.645714285714285,2.853485714285714
17-2112.00,Industrial Engineers,2.3192,2.06,3.051028571428571,2.02,2.2471428571428573,2.6950857142857143,1.28,1.75,2.765714285714286,2.877142857142857,2.821428571428571,2.765714285714286,2.928571428571429,1.8571428571428568,2.2471428571428573,2.1750857142857143,1.6875,2.4971428571428573,1.6875,1.0135714285714286,1.8914285714285717,2.910171428571429,1.3392000000000002,2.645714285714285,1.36,2.821428571428571,2.023657142857143,2.6185714285714288,1.9555
17-2112.01,Human Factors Engineers and Ergonomists,2.571428571428571,2.3857142857142857,3.2807142857142857,1.7734857142857143,2.4285714285714284,2.7142857142857144,2.086428571428572,2.044642857142857,3.0357142857142856,3.091428571428572,2.928571428571429,2.877142857142857,3.0357142857142856,1.9449142857142856,2.6696428571428568,2.2471428571428573,1.3785714285714286,2.748571428571428,1.8571428571428568,1.147857142857143,1.8571428571428568,2.890000000000001,1.8571428571428568,2.6950857142857143,1.75,2.98,2.205357142857143,2.877142857142857,2.1142857142857143
17-2112.02,Validation Engineers,2.524285714285714,2.2471428571428573,3.2167142857142856,1.8571428571428568,2.096342857142857,2.571428571428571,2.7207142857142856,1.8914285714285717,2.9522285714285714,2.9522285714285714,2.765714285714286,2.765714285714286,3.005714285714286,1.8914285714285717,2.1635714285714283,1.75,1.7200000000000002,2.571428571428571,1.822857142857143,1.0020571428571428,1.8571428571428568,2.911785714285714,1.4249999999999998,2.765714285714286,1.3392000000000002,2.8363428571428573,2.06,2.765714285714286,2.213214285714286
17-2112.03,Manufacturing Engineers,2.877142857142857,2.8150000000000004,2.9188,2.1357142857142857,2.928571428571429,2.821428571428571,2.1357142857142857,2.2471428571428573,3.091428571428572,3.0077714285714285,2.877142857142857,2.571428571428571,3.0357142857142856,2.3857142857142857,2.684285714285714,2.7142857142857144,1.5357142857142858,2.6950857142857143,2.1357142857142857,1.9722285714285717,2.4971428571428573,3.0736,2.0342857142857143,2.877142857142857,1.78,2.6393714285714287,2.7678571428571432,2.7207142857142856,2.1917142857142857
17-2121.00,Marine Engineers and Naval Architects,2.7678571428571432,2.6185714285714288,3.2176000000000005,2.0028571428571427,2.5907142857142857,2.9522285714285714,2.4714285714285715,1.8728571428571428,3.4375,2.928571428571429,2.877142857142857,2.9522285714285714,2.8514285714285714,2.3392857142857144,2.4285714285714284,2.571428571428571,1.6875,2.98,1.7857142857142856,1.467857142857143,2.2928571428571427,2.8642857142857143,1.9449142857142856,2.98,1.6875,2.928571428571429,2.1635714285714283,2.571428571428571,2.700228571428571
17-2131.00,Materials Engineers,3.0357142857142856,2.8150000000000004,3.800571428571428,1.9085714285714288,2.571428571428571,2.7142857142857144,3.0357142857142856,2.0342857142857143,3.0357142857142856,3.091428571428572,2.821428571428571,2.748571428571428,3.0357142857142856,1.8914285714285717,2.446428571428572,2.2471428571428573,1.3785714285714286,2.524285714285714,2.0028571428571427,1.268571428571429,2.044642857142857,3.03,1.6364285714285711,2.748571428571428,1.36,3.0077714285714285,2.1357142857142857,2.7207142857142856,2.5942857142857143
17-2141.00,Mechanical Engineers,2.4714285714285715,2.8514285714285714,3.4271142857142856,1.9285714285714288,2.7678571428571432,2.7678571428571432,2.7678571428571432,1.9077714285714285,3.0357142857142856,3.0357142857142856,2.821428571428571,2.6950857142857143,2.954285714285714,1.9657142857142855,2.517857142857143,2.3857142857142857,1.6364285714285711,2.748571428571428,1.9285714285714288,1.4464285714285716,2.086428571428572,3.324428571428572,1.7734857142857143,2.765714285714286,1.8571428571428568,2.4971428571428573,2.542057142857143,2.36,2.176685714285714
17-2141.01,Fuel Cell Engineers,2.571428571428571,2.6950857142857143,3.684828571428571,2.105,2.4714285714285715,2.2471428571428573,2.571428571428571,1.9449142857142856,2.765714285714286,3.091428571428572,2.765714285714286,2.821428571428571,3.0357142857142856,1.822857142857143,2.4971428571428573,2.2471428571428573,1.6875,2.571428571428571,2.0342857142857143,1.6364285714285711,2.2308,3.153171428571428,1.8571428571428568,2.821428571428571,1.7734857142857143,2.928571428571429,2.205357142857143,2.6185714285714288,2.401942857142857
17-2141.02,Automotive Engineers,2.4971428571428573,2.954285714285714,3.2293571428571437,1.8571428571428568,3.0077714285714285,2.894285714285714,2.3242857142857147,1.8057142857142856,3.091428571428572,3.0357142857142856,2.98,3.117142857142857,3.0357142857142856,2.044642857142857,2.53,2.6185714285714288,1.467857142857143,2.7678571428571432,1.7734857142857143,1.22,1.8057142857142856,3.408571428571429,1.75,2.821428571428571,1.6063428571428573,2.645714285714285,2.6185714285714288,2.6950857142857143,2.7990000000000004
17-2151.00,"Mining and Geological Engineers, Including Mining Safety Engineers",2.765714285714286,2.8020571428571426,3.1375,2.19,2.8150000000000004,2.9522285714285714,2.4285714285714284,2.023657142857143,3.091428571428572,3.091428571428572,2.98,2.928571428571429,3.0357142857142856,2.3192,2.4714285714285715,2.36,1.51,2.765714285714286,1.9842857142857144,1.4464285714285716,2.4522285714285714,3.283142857142857,1.9657142857142855,2.928571428571429,1.6875,2.98,2.275,2.821428571428571,2.637657142857143
17-2161.00,Nuclear Engineers,2.7142857142857144,2.765714285714286,3.2671428571428573,1.9449142857142856,2.877142857142857,2.821428571428571,2.9522285714285714,1.8914285714285717,2.877142857142857,3.142857142857143,2.821428571428571,3.1750857142857143,3.142857142857143,2.3857142857142857,2.645714285714285,1.9085714285714288,1.7200000000000002,2.765714285714286,2.125,1.0942857142857143,2.2928571428571427,2.7010000000000005,1.8057142857142856,3.4564285714285714,1.6364285714285711,3.2285714285714286,2.571428571428571,3.0357142857142856,2.312
17-2171.00,Petroleum Engineers,2.645714285714285,2.2471428571428573,3.220928571428571,1.9085714285714288,2.2857142857142856,2.6950857142857143,2.36,1.8571428571428568,2.7142857142857144,2.98,2.7142857142857144,2.877142857142857,3.0357142857142856,2.4035714285714285,2.524285714285714,2.044642857142857,1.7734857142857143,2.571428571428571,1.8571428571428568,1.1257142857142857,1.8571428571428568,3.5530857142857144,1.75,2.7142857142857144,1.4628571428571429,2.98,1.9842857142857144,2.748571428571428,2.614514285714286
17-2199.03,"Energy Engineers, Except Wind and Solar",2.275,2.645714285714285,3.4581000000000004,2.0028571428571427,2.6185714285714288,2.645714285714285,2.6393714285714287,1.8057142857142856,2.765714285714286,2.98,2.765714285714286,2.765714285714286,3.117142857142857,2.023657142857143,2.524285714285714,2.1635714285714283,1.6875,2.7142857142857144,1.8057142857142856,1.0089285714285714,1.8914285714285717,2.994142857142857,1.625,2.8363428571428573,1.5357142857142858,2.524285714285714,2.2857142857142856,2.6950857142857143,2.716
17-2199.05,Mechatronics Engineers,2.1635714285714283,2.211428571428572,3.0626285714285717,1.9449142857142856,2.36,2.748571428571428,1.9842857142857144,1.9449142857142856,2.98,2.98,2.645714285714285,2.571428571428571,2.6185714285714288,1.9657142857142855,2.211428571428572,2.205357142857143,1.7385714285714284,2.6185714285714288,1.7200000000000002,1.4928571428571429,1.8571428571428568,2.902214285714286,1.7734857142857143,2.6950857142857143,1.7734857142857143,2.9008000000000003,1.9285714285714288,2.571428571428571,2.4658285714285717
17-2199.06,Microsystems Engineers,2.4285714285714284,2.275,3.31,2.2071428571428573,2.3192,2.748571428571428,2.4522285714285714,2.086428571428572,2.8514285714285714,3.0592,2.8020571428571426,2.765714285714286,3.0357142857142856,2.2928571428571427,2.3857142857142857,2.2928571428571427,1.9285714285714288,2.542057142857143,2.086428571428572,1.4249999999999998,2.125,2.8994285714285715,1.8057142857142856,2.6696428571428568,1.8728571428571428,2.7678571428571432,2.2471428571428573,2.571428571428571,2.088814285714286
17-2199.07,Photonics Engineers,2.7292,3.0077714285714285,3.3408,1.8057142857142856,2.826514285714286,2.36,2.4285714285714284,1.9285714285714288,3.1942857142857144,3.142857142857143,2.928571428571429,3.0357142857142856,3.057142857142857,1.8057142857142856,2.8714285714285714,2.3242857142857147,1.4017857142857142,2.877142857142857,1.8914285714285717,1.94,2.1635714285714283,2.6128,1.8057142857142856,2.6185714285714288,1.6875,2.9008000000000003,2.517857142857143,2.954285714285714,2.343857142857143
17-2199.08,Robotics Engineers,2.596342857142857,2.954285714285714,3.8259857142857134,1.9449142857142856,2.8150000000000004,2.6950857142857143,2.1357142857142857,2.275,3.0357142857142856,3.142857142857143,2.928571428571429,2.98,3.0077714285714285,2.4971428571428573,2.7678571428571432,2.9008000000000003,1.822857142857143,2.928571428571429,2.275,2.2477714285714288,2.524285714285714,3.1197,1.9077714285714285,3.005714285714286,1.8571428571428568,2.9008000000000003,2.36,2.524285714285714,2.8837
17-2199.09,Nanosystems Engineers,2.954285714285714,2.8150000000000004,3.488857142857143,2.044642857142857,2.954285714285714,2.6950857142857143,3.0357142857142856,2.0,3.142857142857143,3.305714285714286,3.091428571428572,3.091428571428572,3.142857142857143,2.0342857142857143,3.0077714285714285,2.1750857142857143,1.36,2.748571428571428,1.8057142857142856,1.7242857142857142,2.524285714285714,2.836,1.75,2.7207142857142856,1.8057142857142856,3.057142857142857,2.4008000000000003,2.9008000000000003,2.4016
17-2199.10,Wind Energy Engineers,1.94,2.7207142857142856,2.9587857142857144,1.6063428571428573,2.607142857142857,2.36,2.205357142857143,1.7200000000000002,2.8020571428571426,2.7207142857142856,2.524285714285714,2.928571428571429,2.8150000000000004,1.8728571428571428,2.071428571428571,2.211428571428572,1.28,2.1357142857142857,1.7200000000000002,1.0135714285714286,1.8728571428571428,2.834642857142857,1.5357142857142858,2.275,1.5614285714285714,2.3192,2.3392857142857144,2.275,2.316342857142857
17-2199.11,Solar Energy Systems Engineers,2.3857142857142857,2.4522285714285714,3.017514285714286,1.8571428571428568,2.36,2.645714285714285,2.2471428571428573,1.8057142857142856,2.821428571428571,3.091428571428572,2.6950857142857143,2.7142857142857144,2.765714285714286,1.8914285714285717,2.2471428571428573,2.0,1.7200000000000002,2.542057142857143,1.8057142857142856,1.268571428571429,1.8571428571428568,2.988214285714286,1.6364285714285711,2.821428571428571,1.5892857142857142,2.821428571428571,2.071428571428571,2.645714285714285,2.5877714285714286
17-3011.00,Architectural and Civil Drafters,2.1492,2.105,3.247657142857143,1.9842857142857144,2.125,2.3392857142857144,1.4542857142857144,1.822857142857143,2.2928571428571427,2.4035714285714285,2.105,2.2308,2.4035714285714285,2.0028571428571427,2.19,2.4971428571428573,1.4691999999999998,2.19,1.5508,1.0664285714285715,1.9842857142857144,2.629371428571429,1.78,2.023657142857143,1.5614285714285714,2.31,1.8914285714285717,2.19,1.997657142857143
17-3012.00,Electrical and Electronics Drafters,1.9842857142857144,1.822857142857143,3.2425,1.7734857142857143,1.875,2.105,1.157142857142857,1.6063428571428573,2.205357142857143,2.7142857142857144,2.086428571428572,2.2928571428571427,2.3192,1.9449142857142856,2.0028571428571427,2.4522285714285714,1.4691999999999998,2.2308,1.7734857142857143,1.0664285714285715,1.8571428571428568,3.171428571428572,1.7734857142857143,2.1492,1.6063428571428573,2.4035714285714285,1.837942857142857,2.25,2.155428571428572
17-3013.00,Mechanical Drafters,2.0,2.2928571428571427,2.7615,2.044642857142857,2.2471428571428573,1.9449142857142856,1.22,1.7734857142857143,2.096342857142857,2.1357142857142857,2.06,2.044642857142857,2.2471428571428573,1.8057142857142856,2.1635714285714283,2.4285714285714284,1.36,2.071428571428571,1.8057142857142856,1.0135714285714286,2.0342857142857143,2.5280571428571426,1.5892857142857142,2.06,1.3125,2.044642857142857,1.9657142857142855,1.8914285714285717,1.7806857142857144
17-3021.00,Aerospace Engineering and Operations Technologists and Technicians,2.096342857142857,1.8914285714285717,2.7411714285714286,1.9842857142857144,1.8571428571428568,2.2071428571428573,2.1357142857142857,1.7734857142857143,2.645714285714285,2.7142857142857144,2.645714285714285,2.645714285714285,2.4732142857142856,1.9842857142857144,1.8571428571428568,2.205357142857143,1.7385714285714284,2.596342857142857,2.086428571428572,1.5508,2.1492,2.494,1.6364285714285711,2.6950857142857143,1.7200000000000002,2.571428571428571,1.8571428571428568,1.9449142857142856,2.6315714285714287
17-3022.00,Civil Engineering Technologists and Technicians,2.125,2.5428571428571427,2.858628571428571,1.8571428571428568,2.265085714285714,1.9842857142857144,1.655,1.467857142857143,2.645714285714285,2.645714285714285,2.275,2.4893714285714283,2.6185714285714288,1.7734857142857143,1.8057142857142856,2.4971428571428573,1.6063428571428573,2.3192,1.7734857142857143,1.0042857142857142,1.9449142857142856,2.9264142857142854,1.822857142857143,2.524285714285714,1.4464285714285716,2.4971428571428573,2.2071428571428573,2.125,2.3213285714285714
17-3023.00,Electrical and Electronic Engineering Technologists and Technicians,2.086428571428572,1.7200000000000002,3.1450857142857145,1.8328571428571427,1.7200000000000002,2.105,1.1339285714285714,1.6063428571428573,2.5428571428571427,2.6950857142857143,2.4893714285714283,2.4732142857142856,2.645714285714285,1.7385714285714284,1.9842857142857144,2.3192,1.51,2.3392857142857144,2.0028571428571427,1.6063428571428573,1.9285714285714288,2.730528571428572,1.655,2.216428571428572,1.5614285714285714,2.2308,1.6364285714285711,2.044642857142857,2.2669428571428574
17-3024.00,Electro-Mechanical and Mechatronics Technologists and Technicians,1.9449142857142856,1.8571428571428568,2.8184571428571425,1.9842857142857144,1.8057142857142856,2.0028571428571427,1.75,1.8057142857142856,2.524285714285714,2.205357142857143,2.524285714285714,2.4035714285714285,2.2857142857142856,1.8571428571428568,1.9842857142857144,2.211428571428572,1.822857142857143,2.524285714285714,2.2928571428571427,1.9449142857142856,1.9842857142857144,2.8653142857142857,1.872228571428572,2.422142857142857,1.7200000000000002,2.044642857142857,1.8571428571428568,1.9449142857142856,1.8468428571428568
17-3024.01,Robotics Technicians,2.096342857142857,1.8571428571428568,2.9417714285714283,2.216428571428572,2.071428571428571,2.422142857142857,1.8125,1.8914285714285717,2.8363428571428573,2.821428571428571,2.7142857142857144,2.645714285714285,2.645714285714285,1.872228571428572,2.096342857142857,2.524285714285714,1.6875,2.645714285714285,2.044642857142857,1.9842857142857144,2.086428571428572,2.9231714285714285,1.8914285714285717,2.645714285714285,1.8914285714285717,2.1750857142857143,1.75,2.0028571428571427,2.266057142857143
17-3025.00,Environmental Engineering Technologists and Technicians,2.4971428571428573,2.0,2.337142857142857,1.9449142857142856,2.071428571428571,2.023657142857143,2.275,1.8571428571428568,2.662857142857143,3.0357142857142856,2.7142857142857144,2.645714285714285,2.645714285714285,1.9449142857142856,2.524285714285714,1.8728571428571428,1.7734857142857143,2.645714285714285,1.8571428571428568,1.4821428571428572,1.8914285714285717,2.426342857142857,1.7200000000000002,2.6950857142857143,1.7200000000000002,2.211428571428572,2.0,2.1750857142857143,1.9033857142857145
17-3026.00,Industrial Engineering Technologists and Technicians,2.275,2.096342857142857,2.890885714285714,1.9642857142857144,2.1357142857142857,2.524285714285714,1.837942857142857,1.75,2.7142857142857144,2.571428571428571,2.7142857142857144,2.596342857142857,2.7142857142857144,2.086428571428572,2.0342857142857143,2.205357142857143,1.7385714285714284,2.275,1.9085714285714288,1.231428571428571,1.8571428571428568,2.8845714285714283,1.6875,2.662857142857143,1.6063428571428573,2.2471428571428573,2.023657142857143,2.1357142857142857,1.9733428571428573
17-3026.01,Nanotechnology Engineering Technologists and Technicians,2.7678571428571432,2.1492,3.1492857142857145,2.31,2.275,2.354914285714286,2.4971428571428573,1.9657142857142855,2.765714285714286,3.265714285714286,2.596342857142857,2.662857142857143,3.0592,1.7734857142857143,2.275,2.044642857142857,1.6364285714285711,2.8020571428571426,2.105,1.6364285714285711,2.044642857142857,3.0397142857142856,1.8057142857142856,2.765714285714286,1.6875,2.8514285714285714,2.2308,2.6185714285714288,2.627142857142857
17-3027.00,Mechanical Engineering Technologists and Technicians,2.517857142857143,2.19,2.9197857142857147,2.1607142857142856,2.086428571428572,2.31,1.9285714285714288,1.75,2.6185714285714288,2.821428571428571,2.571428571428571,2.524285714285714,2.6696428571428568,1.9449142857142856,1.9842857142857144,2.3192,1.6063428571428573,2.6950857142857143,2.044642857142857,1.6875,2.1492,2.858457142857143,1.6063428571428573,2.571428571428571,1.7200000000000002,2.3192,2.3857142857142857,2.2928571428571427,2.2335142857142856
17-3027.01,Automotive Engineering Technicians,2.19,1.8571428571428568,3.126214285714286,2.044642857142857,2.023657142857143,2.044642857142857,1.6942857142857144,1.5165142857142857,2.5428571428571427,2.645714285714285,2.375,2.2071428571428573,2.4971428571428573,1.7036571428571428,1.8914285714285717,1.9842857142857144,1.6364285714285711,2.25,1.9842857142857144,1.7734857142857143,2.023657142857143,2.5984,1.6364285714285711,2.4732142857142856,1.51,2.1492,1.655,2.044642857142857,2.205857142857143
17-3029.01,Non-Destructive Testing Specialists,1.9842857142857144,1.8571428571428568,3.296785714285714,1.9085714285714288,1.9449142857142856,1.9085714285714288,1.8571428571428568,1.9842857142857144,2.7142857142857144,2.607142857142857,2.6185714285714288,2.2928571428571427,2.596342857142857,1.822857142857143,2.1635714285714283,1.9449142857142856,1.75,2.375,1.9449142857142856,1.5508,2.1635714285714283,2.7104857142857144,1.8914285714285717,2.894285714285714,1.6665142857142858,2.3392857142857144,1.8057142857142856,2.0028571428571427,2.521157142857143
17-3029.08,Photonics Technicians,1.9449142857142856,1.7734857142857143,2.8262285714285715,1.8571428571428568,1.75,1.9842857142857144,1.51,1.7200000000000002,2.0028571428571427,2.3857142857142857,1.9085714285714288,2.2308,2.3392857142857144,1.8571428571428568,2.086428571428572,1.9449142857142856,1.5357142857142858,2.1492,1.9642857142857144,1.75,1.6364285714285711,2.557142857142857,1.655,2.31,1.4249999999999998,2.086428571428572,1.7734857142857143,1.9449142857142856,2.151214285714285
17-3031.00,Surveying and Mapping Technicians,1.9449142857142856,1.7385714285714284,2.6796,1.7036571428571428,2.125,1.9449142857142856,1.077942857142857,1.5892857142857142,2.044642857142857,2.375,2.0608,2.105,2.5428571428571427,1.7734857142857143,1.8914285714285717,1.75,1.5357142857142858,2.125,1.7036571428571428,1.0221428571428572,2.023657142857143,2.491885714285714,1.4542857142857144,2.0028571428571427,1.4691999999999998,2.086428571428572,1.6364285714285711,2.125,1.9108
19-1011.00,Animal Scientists,2.645714285714285,2.086428571428572,3.691828571428571,1.9085714285714288,2.3192,2.765714285714286,2.7142857142857144,2.044642857142857,2.877142857142857,3.142857142857143,3.0357142857142856,2.821428571428571,3.1750857142857143,2.044642857142857,2.645714285714285,1.75,1.6364285714285711,2.645714285714285,1.822857142857143,1.0042857142857142,1.8571428571428568,3.2407000000000004,1.4464285714285716,2.877142857142857,1.7200000000000002,3.091428571428572,2.1635714285714283,2.821428571428571,2.6905
19-1012.00,Food Scientists and Technologists,2.765714285714286,2.1635714285714283,3.0271428571428576,1.8571428571428568,2.06,2.596342857142857,2.596342857142857,1.9657142857142855,2.877142857142857,3.0357142857142856,2.821428571428571,2.928571428571429,2.98,2.06,2.765714285714286,1.6364285714285711,1.5785714285714287,2.765714285714286,1.9449142857142856,1.1408,2.2308,3.388128571428572,1.8914285714285717,3.117142857142857,1.6875,2.821428571428571,2.19,2.6950857142857143,2.2517428571428573
19-1013.00,Soil and Plant Scientists,2.765714285714286,2.096342857142857,3.625942857142857,1.8571428571428568,2.2471428571428573,2.748571428571428,3.091428571428572,2.2471428571428573,3.091428571428572,3.1942857142857144,3.142857142857143,2.877142857142857,3.142857142857143,1.7734857142857143,2.928571428571429,1.7734857142857143,1.6875,2.765714285714286,1.8571428571428568,1.0,2.19,3.3485714285714288,1.8057142857142856,2.8020571428571426,1.7734857142857143,3.0357142857142856,1.9449142857142856,2.8020571428571426,2.950942857142857
19-1021.00,Biochemists and Biophysicists,3.1942857142857144,3.0357142857142856,4.4660714285714285,1.8571428571428568,2.954285714285714,2.894285714285714,3.742857142857143,2.877142857142857,3.142857142857143,3.4375,3.4375,3.377142857142857,3.535,1.94,3.34,2.086428571428572,1.3571428571428572,2.821428571428571,1.9449142857142856,1.4249999999999998,2.4522285714285714,3.347142857142857,1.8914285714285717,2.9008000000000003,1.8914285714285717,3.497857142857143,2.4714285714285715,3.377142857142857,2.6757142857142853
19-1022.00,Microbiologists,3.0357142857142856,2.042057142857143,3.204071428571429,2.2928571428571427,2.1750857142857143,2.4971428571428573,3.585714285714286,2.4035714285714285,3.142857142857143,3.321428571428572,3.282057142857143,2.98,3.282057142857143,2.1085714285714285,2.8514285714285714,1.9657142857142855,1.5207142857142857,2.6950857142857143,1.9657142857142855,1.0942857142857143,2.571428571428571,3.330214285714286,1.722057142857143,3.142857142857143,1.6875,3.2285714285714286,2.007142857142857,3.091428571428572,2.7728
19-1023.00,Zoologists and Wildlife Biologists,2.3857142857142857,1.8571428571428568,3.096742857142857,2.044642857142857,1.8914285714285717,2.662857142857143,2.596342857142857,1.8914285714285717,2.7142857142857144,3.142857142857143,2.7142857142857144,2.7142857142857144,3.0357142857142856,2.275,2.4035714285714285,1.7734857142857143,1.8571428571428568,2.524285714285714,1.7857142857142856,1.0,2.023657142857143,3.448771428571429,1.4910714285714284,2.524285714285714,1.3785714285714286,3.142857142857143,1.8914285714285717,2.6950857142857143,2.917642857142857
19-1029.01,Bioinformatics Scientists,2.6185714285714288,2.8020571428571426,4.086157142857143,2.2308,2.4714285714285715,2.821428571428571,2.6185714285714288,2.0342857142857143,3.0357142857142856,3.265714285714286,2.98,2.9522285714285714,3.1750857142857143,2.105,2.5907142857142857,1.94,1.655,2.821428571428571,2.06,1.0442857142857145,2.2308,3.3359999999999994,1.9077714285714285,2.98,1.9842857142857144,3.265714285714286,2.5907142857142857,2.954285714285714,2.5586714285714285
19-1029.02,Molecular and Cellular Biologists,3.0357142857142856,2.8514285714285714,3.856,2.044642857142857,2.7207142857142856,2.765714285714286,3.678571428571429,2.8514285714285714,3.142857142857143,3.844285714285714,3.3979428571428576,3.1750857142857143,3.713657142857143,2.1750857142857143,2.9008000000000003,1.8057142857142856,1.5785714285714287,2.8514285714285714,1.8571428571428568,1.1885714285714286,2.205357142857143,3.3012,1.9285714285714288,2.98,1.6364285714285711,3.3979428571428576,2.4714285714285715,3.321428571428572,2.5762285714285715
19-1029.03,Geneticists,2.765714285714286,2.645714285714285,3.997028571428571,1.822857142857143,2.645714285714285,2.7142857142857144,2.9522285714285714,2.596342857142857,3.0357142857142856,3.742857142857143,3.265714285714286,2.877142857142857,3.321428571428572,2.0,2.765714285714286,1.7734857142857143,1.5614285714285714,2.645714285714285,1.7734857142857143,1.0020571428571428,2.25,3.4557714285714285,1.7385714285714284,3.0357142857142856,1.6063428571428573,3.414285714285714,2.4732142857142856,3.091428571428572,2.2445714285714287
19-1029.04,Biologists,3.142857142857143,2.748571428571428,4.007714285714286,1.8571428571428568,2.748571428571428,2.571428571428571,3.585714285714286,2.1357142857142857,3.0077714285714285,3.282057142857143,3.2285714285714286,3.091428571428572,3.282057142857143,2.0342857142857143,2.954285714285714,1.8571428571428568,1.5300000000000002,2.7142857142857144,1.8571428571428568,1.0,2.2857142857142856,3.762085714285714,1.8057142857142856,2.6950857142857143,1.75,3.2285714285714286,1.9842857142857144,3.2285714285714286,2.8795714285714284
19-1031.00,Conservation Scientists,2.2308,2.0028571428571427,3.0411428571428574,1.7385714285714284,1.9449142857142856,2.4035714285714285,2.25,1.7734857142857143,2.524285714285714,2.928571428571429,2.2928571428571427,2.3392857142857144,2.596342857142857,2.044642857142857,2.086428571428572,1.8057142857142856,1.6364285714285711,2.4732142857142856,1.7485714285714289,1.0271428571428571,2.19,3.1888,1.7521428571428572,2.422142857142857,1.6364285714285711,2.542057142857143,2.0028571428571427,2.3857142857142857,2.769257142857142
19-1031.02,Range Managers,2.1635714285714283,1.8914285714285717,3.4124,1.822857142857143,1.8728571428571428,2.542057142857143,1.9077714285714285,1.75,2.6185714285714288,2.765714285714286,2.6185714285714288,2.571428571428571,2.6950857142857143,1.8571428571428568,2.1635714285714283,1.8057142857142856,1.4179428571428572,2.1492,1.5207142857142857,1.0336571428571428,1.8571428571428568,3.157142857142857,1.32,2.6950857142857143,1.3571428571428572,2.6950857142857143,1.837942857142857,2.2857142857142856,2.597028571428572
19-1031.03,Park Naturalists,1.9449142857142856,1.32,2.8893142857142857,1.8571428571428568,1.22,1.9842857142857144,1.3706285714285715,2.086428571428572,2.265085714285714,2.6185714285714288,2.0608,2.4522285714285714,2.6950857142857143,1.822857142857143,2.044642857142857,1.8057142857142856,1.8057142857142856,2.105,1.8571428571428568,1.0089285714285714,1.8571428571428568,3.1286857142857145,1.5508,2.2071428571428573,1.6875,2.6185714285714288,1.3785714285714286,2.571428571428571,2.894428571428572
19-1032.00,Foresters,2.645714285714285,1.8728571428571428,2.6341428571428573,1.822857142857143,1.9722285714285717,2.6950857142857143,1.75,1.7734857142857143,2.645714285714285,2.6950857142857143,2.645714285714285,2.645714285714285,2.645714285714285,2.3392857142857144,2.1750857142857143,1.9842857142857144,1.8057142857142856,2.645714285714285,1.7385714285714284,1.2592,2.3192,3.2742571428571425,1.6665142857142858,2.571428571428571,1.5892857142857142,2.571428571428571,1.837942857142857,2.6185714285714288,3.110357142857143
19-1041.00,Epidemiologists,2.928571428571429,2.4971428571428573,4.050928571428572,1.9085714285714288,2.6185714285714288,3.0892857142857144,3.2285714285714286,2.3857142857142857,3.2285714285714286,3.535,3.414285714285714,3.145,3.377142857142857,2.205357142857143,3.0357142857142856,1.8914285714285717,1.625,2.6185714285714288,1.8571428571428568,1.0042857142857142,2.4035714285714285,3.434285714285714,1.9285714285714288,3.205357142857143,1.7734857142857143,3.321428571428572,2.275,3.0592,2.6535714285714285
19-1042.00,"Medical Scientists, Except Epidemiologists",2.821428571428571,2.36,4.1401714285714295,1.9449142857142856,2.542057142857143,2.9008000000000003,3.2285714285714286,2.3192,3.091428571428572,3.1942857142857144,3.34,3.0357142857142856,3.25,2.096342857142857,3.2285714285714286,1.6171428571428572,1.7734857142857143,2.821428571428571,1.8571428571428568,1.0664285714285715,2.205357142857143,3.3781428571428567,1.8571428571428568,3.057142857142857,1.8571428571428568,3.2285714285714286,2.1357142857142857,3.265714285714286,2.544828571428571
19-2011.00,Astronomers,2.542057142857143,3.091428571428572,4.080400000000001,2.2071428571428573,3.2285714285714286,2.4285714285714284,3.377142857142857,2.571428571428571,3.117142857142857,3.2285714285714286,3.1750857142857143,2.8363428571428573,3.377142857142857,1.8057142857142856,3.091428571428572,1.837942857142857,1.6063428571428573,2.748571428571428,1.9449142857142856,1.0664285714285715,2.8020571428571426,3.0016,1.6063428571428573,2.4971428571428573,1.7036571428571428,3.2285714285714286,2.877142857142857,3.2285714285714286,2.1775857142857142
19-2012.00,Physicists,3.106514285714286,4.15,3.819914285714286,2.2857142857142856,3.553571428571428,3.0077714285714285,3.9735714285714288,3.057142857142857,3.451428571428571,3.553571428571428,3.451428571428571,3.1750857142857143,3.73,2.096342857142857,3.3571428571428568,2.5907142857142857,1.6665142857142858,3.142857142857143,1.9285714285714288,1.1885714285714286,2.3192,3.020885714285714,2.3192,3.091428571428572,1.9077714285714285,3.408571428571429,3.553571428571428,3.142857142857143,2.411142857142857
19-2021.00,Atmospheric and Space Scientists,2.3192,2.4285714285714284,3.507142857142857,1.7734857142857143,2.36,2.645714285714285,3.091428571428572,2.023657142857143,2.821428571428571,3.2285714285714286,2.894285714285714,2.765714285714286,3.1750857142857143,1.8571428571428568,2.765714285714286,1.5785714285714287,1.6665142857142858,2.571428571428571,1.8057142857142856,1.0,2.3192,2.92,1.7734857142857143,2.645714285714285,1.7734857142857143,2.954285714285714,1.9657142857142855,2.645714285714285,2.3398571428571424
19-2031.00,Chemists,2.8020571428571426,2.6185714285714288,3.418971428571429,1.8571428571428568,2.7678571428571432,2.542057142857143,3.282057142857143,1.8571428571428568,3.091428571428572,3.091428571428572,3.091428571428572,2.821428571428571,3.142857142857143,1.8914285714285717,2.5907142857142857,2.0,1.595,2.748571428571428,1.9085714285714288,1.5357142857142858,2.19,3.0413142857142854,1.6665142857142858,2.6950857142857143,1.7200000000000002,3.091428571428572,2.542057142857143,2.8150000000000004,2.502414285714286
19-2032.00,Materials Scientists,2.8020571428571426,2.2471428571428573,3.5839000000000003,1.8057142857142856,2.3857142857142857,2.765714285714286,3.091428571428572,1.9657142857142855,3.091428571428572,3.091428571428572,3.0357142857142856,2.821428571428571,3.0357142857142856,1.8914285714285717,2.571428571428571,2.0,1.5785714285714287,2.645714285714285,1.8571428571428568,1.0336571428571428,2.1635714285714283,2.7990000000000004,1.5892857142857142,2.7142857142857144,1.5357142857142858,3.091428571428572,2.023657142857143,2.8020571428571426,2.3248
19-2041.00,"Environmental Scientists and Specialists, Including Health",2.645714285714285,2.096342857142857,3.3698571428571427,1.837942857142857,2.3242857142857147,2.7142857142857144,2.928571428571429,2.1635714285714283,2.8363428571428573,3.2285714285714286,2.98,2.748571428571428,3.0357142857142856,2.205357142857143,2.571428571428571,1.5892857142857142,1.6063428571428573,2.645714285714285,1.6665142857142858,1.0,2.275,3.1170714285714283,1.75,3.0592,1.6875,2.928571428571429,2.0342857142857143,2.98,2.6965
19-2041.01,Climate Change Policy Analysts,1.9842857142857144,1.8571428571428568,3.747,1.8571428571428568,1.9285714285714288,2.6185714285714288,1.6364285714285711,1.8914285714285717,2.7142857142857144,3.0335714285714284,2.7142857142857144,2.7142857142857144,2.9732142857142856,2.1492,2.524285714285714,1.6063428571428573,1.6063428571428573,2.3392857142857144,1.3785714285714286,1.0,1.9449142857142856,3.2645285714285714,1.6875,2.571428571428571,1.6364285714285711,2.765714285714286,1.8571428571428568,2.6950857142857143,2.3145714285714285
19-2041.02,Environmental Restoration Planners,2.3192,2.19,3.5926428571428564,1.8057142857142856,2.086428571428572,2.645714285714285,2.3857142857142857,1.9285714285714288,2.748571428571428,2.98,2.821428571428571,2.765714285714286,2.748571428571428,1.9657142857142855,2.4285714285714284,2.023657142857143,1.7200000000000002,2.6185714285714288,1.8057142857142856,1.0271428571428571,1.8914285714285717,3.5073142857142856,1.6942857142857144,2.571428571428571,1.5677714285714286,2.877142857142857,2.044642857142857,2.748571428571428,3.0692142857142857
19-2041.03,Industrial Ecologists,2.3857142857142857,2.4522285714285714,3.3972571428571428,1.7385714285714284,2.36,2.571428571428571,2.542057142857143,2.0,3.117142857142857,2.9171428571428573,3.0592,2.748571428571428,3.117142857142857,1.8914285714285717,2.4971428571428573,1.7200000000000002,1.2857142857142856,2.524285714285714,1.7734857142857143,1.0,2.205357142857143,2.560328571428572,1.75,2.9008000000000003,1.5165142857142857,3.091428571428572,2.071428571428571,2.98,1.8973428571428568
19-2042.00,"Geoscientists, Except Hydrologists and Geographers",2.821428571428571,2.6696428571428568,3.7531142857142856,1.822857142857143,2.4008000000000003,2.6950857142857143,2.98,1.9449142857142856,2.877142857142857,3.2285714285714286,3.005714285714286,2.821428571428571,3.1750857142857143,1.7734857142857143,2.205357142857143,1.9285714285714288,1.3571428571428572,2.6950857142857143,1.8571428571428568,1.12,2.125,3.367728571428572,1.7734857142857143,2.821428571428571,1.4691999999999998,2.877142857142857,2.125,2.9008000000000003,2.4398285714285715
19-2043.00,Hydrologists,2.571428571428571,2.8020571428571426,3.4671428571428566,1.7734857142857143,2.7207142857142856,2.6185714285714288,2.8020571428571426,1.9657142857142855,2.8514285714285714,3.142857142857143,2.9008000000000003,2.928571428571429,2.9008000000000003,1.8728571428571428,2.6393714285714287,2.0342857142857143,1.4017857142857142,2.4522285714285714,2.0028571428571427,1.2036571428571428,2.4035714285714285,3.227928571428571,1.7200000000000002,2.748571428571428,1.7385714285714284,2.98,2.2857142857142856,2.542057142857143,2.456457142857143
19-2099.01,Remote Sensing Scientists and Technologists,2.6185714285714288,2.748571428571428,3.4557714285714285,1.8571428571428568,2.6185714285714288,2.6185714285714288,2.645714285714285,1.9449142857142856,3.145,3.091428571428572,3.0892857142857144,2.877142857142857,3.0357142857142856,1.837942857142857,2.36,1.9842857142857144,1.51,2.6950857142857143,1.8571428571428568,1.0357142857142856,2.2071428571428573,3.2880000000000003,1.51,2.765714285714286,1.6063428571428573,2.98,2.4971428571428573,2.9008000000000003,2.7197714285714287
19-3011.00,Economists,1.9842857142857144,2.9522285714285714,3.9792,1.6875,2.894285714285714,2.6185714285714288,1.22,2.1357142857142857,2.928571428571429,3.2285714285714286,2.9522285714285714,3.117142857142857,3.117142857142857,1.8571428571428568,2.6185714285714288,1.4179428571428572,1.2857142857142856,2.205357142857143,1.4179428571428572,1.0,1.7385714285714284,3.1008857142857145,1.4179428571428572,2.4971428571428573,1.7734857142857143,3.142857142857143,2.4714285714285715,2.877142857142857,2.0314
19-3011.01,Environmental Economists,2.044642857142857,3.117142857142857,3.6732,1.9449142857142856,3.0357142857142856,2.4522285714285714,1.5165142857142857,2.205357142857143,2.645714285714285,3.265714285714286,2.645714285714285,2.821428571428571,3.0357142857142856,1.8571428571428568,2.645714285714285,1.75,1.4179428571428572,2.0028571428571427,1.7734857142857143,1.0,2.0342857142857143,2.6010428571428568,1.5614285714285714,2.6950857142857143,1.8571428571428568,3.0357142857142856,2.6950857142857143,2.9522285714285714,1.5740714285714286
19-3022.00,Survey Researchers,2.4285714285714284,2.821428571428571,3.2352000000000003,1.822857142857143,2.98,2.596342857142857,1.8057142857142856,2.125,3.005714285714286,3.0892857142857144,3.31,3.265714285714286,3.145,2.096342857142857,2.748571428571428,1.302857142857143,1.32,2.8363428571428573,1.5785714285714287,1.0,2.0028571428571427,3.6112428571428574,1.7734857142857143,2.2928571428571427,1.6063428571428573,3.2935714285714286,2.6950857142857143,3.0892857142857144,2.7952000000000004
19-3032.00,Industrial-Organizational Psychologists,2.571428571428571,2.596342857142857,3.64,1.8328571428571427,2.3857142857142857,2.765714285714286,2.524285714285714,2.4971428571428573,3.0592,3.3563428571428573,2.8363428571428573,3.005714285714286,3.2935714285714286,2.4035714285714285,2.6950857142857143,1.5508,1.4464285714285716,2.7142857142857144,1.6875,1.0,1.8057142857142856,3.88,1.75,2.821428571428571,1.6942857142857144,3.265714285714286,2.096342857142857,3.265714285714286,2.381828571428572
19-3033.00,Clinical and Counseling Psychologists,2.3192,1.4017857142857142,3.6639999999999993,1.8839285714285712,1.3785714285714286,2.4732142857142856,1.394285714285714,2.31,2.7142857142857144,3.25,2.765714285714286,3.0335714285714284,3.346428571428571,2.044642857142857,2.596342857142857,1.2857142857142856,1.4179428571428572,2.275,1.4542857142857144,1.0,1.8914285714285717,2.8768,1.6063428571428573,3.052142857142857,1.6875,3.0335714285714284,1.3392000000000002,2.9732142857142856,2.4784
19-3034.00,School Psychologists,2.086428571428572,1.837942857142857,2.433528571428572,1.822857142857143,1.595,2.571428571428571,1.25,2.3857142857142857,2.8363428571428573,3.1750857142857143,2.877142857142857,2.765714285714286,3.205357142857143,2.2308,2.4522285714285714,1.4821428571428572,1.7734857142857143,2.19,1.7734857142857143,1.0,1.8914285714285717,2.8798000000000004,1.4249999999999998,2.821428571428571,1.655,3.0357142857142856,1.75,2.765714285714286,1.7304
19-3039.02,Neuropsychologists,2.6185714285714288,1.9285714285714288,3.9328,1.9449142857142856,1.9657142857142855,3.0592,2.4522285714285714,2.517857142857143,3.265714285714286,3.585714285714286,3.597771428571429,3.145,3.69,1.9842857142857144,2.8020571428571426,1.5357142857142858,1.655,2.4522285714285714,1.8057142857142856,1.0,1.9842857142857144,3.2025142857142863,1.78,3.2285714285714286,1.8057142857142856,3.625,1.6665142857142858,3.2935714285714286,2.3485714285714288
19-3039.03,Clinical Neuropsychologists,2.748571428571428,1.822857142857143,3.848371428571428,2.0608,1.6665142857142858,2.765714285714286,1.6665142857142858,2.3857142857142857,3.172857142857143,3.4564285714285714,3.2935714285714286,3.0335714285714284,3.117142857142857,2.19,2.7207142857142856,1.4821428571428572,1.7385714285714284,2.571428571428571,1.822857142857143,1.0,2.3392857142857144,3.0736,1.8571428571428568,3.321428571428572,1.8914285714285717,3.145,1.7200000000000002,2.8020571428571426,1.9588
19-3041.00,Sociologists,2.3857142857142857,2.0,3.925,1.7200000000000002,1.9077714285714285,2.4522285714285714,2.023657142857143,2.748571428571428,2.765714285714286,3.117142857142857,2.8363428571428573,2.877142857142857,3.0357142857142856,1.822857142857143,2.821428571428571,1.268571428571429,1.32,2.1357142857142857,1.3392000000000002,1.0,1.7200000000000002,3.421428571428572,1.3392000000000002,2.2928571428571427,1.5892857142857142,3.117142857142857,1.5165142857142857,3.0357142857142856,2.452857142857143
19-3051.00,Urban and Regional Planners,2.3857142857142857,1.9657142857142855,3.592,1.7734857142857143,2.0,2.6185714285714288,1.6364285714285711,1.822857142857143,2.6950857142857143,2.821428571428571,2.645714285714285,2.821428571428571,2.877142857142857,2.205357142857143,2.3242857142857147,2.1357142857142857,1.6875,2.4522285714285714,1.6364285714285711,1.0,1.8914285714285717,3.767142857142857,1.4910714285714284,2.765714285714286,1.4464285714285716,2.877142857142857,1.9285714285714288,2.6950857142857143,2.927314285714286
19-3091.00,Anthropologists and Archeologists,2.6950857142857143,1.7734857142857143,3.695714285714285,1.9449142857142856,1.75,2.524285714285714,1.8571428571428568,2.3192,3.0592,3.414285714285714,3.0357142857142856,3.117142857142857,3.2285714285714286,1.8571428571428568,2.748571428571428,1.9657142857142855,1.6875,2.645714285714285,1.7734857142857143,1.0020571428571428,2.524285714285714,3.101785714285714,1.8057142857142856,2.19,1.7734857142857143,3.4722285714285714,1.7036571428571428,3.321428571428572,2.510714285714286
19-3092.00,Geographers,2.542057142857143,1.9285714285714288,3.6,1.7734857142857143,1.8914285714285717,2.2928571428571427,2.2308,2.096342857142857,2.765714285714286,3.117142857142857,2.894285714285714,2.7142857142857144,3.117142857142857,1.8914285714285717,2.542057142857143,1.8914285714285717,1.51,2.571428571428571,1.9449142857142856,1.0,2.06,3.0934857142857144,1.5614285714285714,2.4035714285714285,1.7200000000000002,3.1750857142857143,1.9285714285714288,3.1750857142857143,2.142142857142857
19-3093.00,Historians,2.086428571428572,1.231428571428571,2.4525,1.7485714285714289,1.1785714285714286,2.105,1.5785714285714287,2.1635714285714283,2.524285714285714,3.7714285714285714,2.645714285714285,2.9522285714285714,3.6142857142857134,1.7036571428571428,2.7142857142857144,1.25,1.3008,2.1492,1.3392000000000002,1.0,1.6875,2.2921,1.3392000000000002,2.06,1.4821428571428572,3.265714285714286,1.197142857142857,3.1750857142857143,1.9555
19-3094.00,Political Scientists,2.023657142857143,1.8914285714285717,4.2841000000000005,1.7734857142857143,1.8914285714285717,2.4035714285714285,1.6942857142857144,2.3392857142857144,2.571428571428571,3.523657142857143,2.765714285714286,3.0357142857142856,3.265714285714286,1.7734857142857143,2.8363428571428573,1.32,1.4435714285714285,2.086428571428572,1.3392000000000002,1.0,1.7734857142857143,3.2230000000000003,1.4249999999999998,2.4035714285714285,1.7734857142857143,3.091428571428572,1.36,2.98,2.28
19-3099.01,Transportation Planners,2.2471428571428573,2.096342857142857,3.4607142857142854,1.8914285714285717,2.4008000000000003,2.765714285714286,1.4435714285714285,1.8571428571428568,2.877142857142857,2.765714285714286,2.765714285714286,2.821428571428571,2.821428571428571,2.125,2.6185714285714288,2.645714285714285,1.6364285714285711,2.542057142857143,1.8057142857142856,1.008571428571429,2.023657142857143,3.381071428571429,1.822857142857143,2.6950857142857143,1.7734857142857143,2.765714285714286,1.9285714285714288,2.765714285714286,2.356
19-4012.00,Agricultural Technicians,1.9842857142857144,1.8571428571428568,2.476514285714286,1.822857142857143,1.8057142857142856,1.8057142857142856,1.75,1.8057142857142856,2.1492,2.3857142857142857,2.1635714285714283,2.125,2.19,1.8571428571428568,1.9449142857142856,1.6875,1.7200000000000002,2.086428571428572,1.822857142857143,1.2142857142857144,1.8571428571428568,2.7278714285714285,1.32,2.422142857142857,1.302857142857143,2.275,1.8571428571428568,2.023657142857143,2.2478857142857143
19-4012.01,Precision Agriculture Technicians,2.096342857142857,1.9842857142857144,3.171428571428572,1.8571428571428568,2.044642857142857,2.105,1.7036571428571428,1.8571428571428568,2.7142857142857144,2.596342857142857,2.765714285714286,2.422142857142857,2.645714285714285,1.822857142857143,2.275,2.0,1.6875,2.4035714285714285,1.9085714285714288,1.3392000000000002,2.096342857142857,2.379371428571429,1.8571428571428568,2.275,1.7200000000000002,2.596342857142857,1.9285714285714288,2.25,2.2672
19-4013.00,Food Science Technicians,1.9449142857142856,1.8571428571428568,2.4690571428571424,1.9085714285714288,1.78,1.9085714285714288,2.044642857142857,1.8057142857142856,2.31,2.4732142857142856,2.31,2.086428571428572,2.524285714285714,1.8571428571428568,1.8914285714285717,1.6364285714285711,1.5785714285714287,1.9085714285714288,1.9449142857142856,1.0992,1.9085714285714288,2.477314285714286,1.32,2.1142857142857143,1.302857142857143,2.4732142857142856,1.8571428571428568,2.2071428571428573,1.4517714285714285
19-4021.00,Biological Technicians,2.3857142857142857,2.0,3.184,2.19,2.0342857142857143,2.125,2.422142857142857,1.7385714285714284,2.4971428571428573,2.542057142857143,2.6950857142857143,2.645714285714285,2.98,1.7734857142857143,2.3857142857142857,1.8914285714285717,1.4542857142857144,2.524285714285714,1.8914285714285717,1.1885714285714286,2.1357142857142857,2.8600000000000003,1.6875,2.4285714285714284,1.4542857142857144,2.4522285714285714,1.8914285714285717,2.275,2.039642857142857
19-4031.00,Chemical Technicians,2.4971428571428573,1.9449142857142856,2.7457714285714285,1.9449142857142856,1.8914285714285717,1.9449142857142856,2.8363428571428573,1.9842857142857144,2.4971428571428573,2.765714285714286,2.571428571428571,2.765714285714286,2.765714285714286,1.9085714285714288,2.105,1.9449142857142856,1.5785714285714287,2.524285714285714,1.9285714285714288,1.6875,1.9449142857142856,3.007942857142857,1.8571428571428568,2.571428571428571,1.7200000000000002,2.645714285714285,1.8914285714285717,2.645714285714285,1.7935714285714286
19-4042.00,"Environmental Science and Protection Technicians, Including Health",2.205357142857143,1.8914285714285717,2.8974571428571427,1.822857142857143,1.9449142857142856,2.125,2.1492,1.8914285714285717,2.645714285714285,2.765714285714286,2.4522285714285714,2.4732142857142856,2.765714285714286,1.8914285714285717,1.9449142857142856,1.8914285714285717,1.7734857142857143,2.275,1.8571428571428568,1.147857142857143,1.9449142857142856,2.817828571428572,1.7734857142857143,2.4971428571428573,1.5892857142857142,2.645714285714285,1.9449142857142856,2.645714285714285,2.8018
19-4043.00,"Geological Technicians, Except Hydrologic Technicians",2.125,1.9285714285714288,2.7057,1.7857142857142856,1.75,1.9842857142857144,1.5207142857142857,1.5508,2.086428571428572,2.645714285714285,2.1492,2.1607142857142856,2.571428571428571,2.0028571428571427,1.78,1.6942857142857144,1.5892857142857142,2.25,1.8571428571428568,1.3571428571428572,2.06,2.5178857142857143,1.4928571428571429,1.9285714285714288,1.4928571428571429,2.1492,1.8125,2.125,1.7405714285714289
19-4051.00,Nuclear Technicians,2.0028571428571427,1.7734857142857143,3.499428571428572,2.125,1.75,2.0028571428571427,1.7200000000000002,1.7734857142857143,2.2928571428571427,2.645714285714285,2.265085714285714,2.265085714285714,2.354914285714286,1.8914285714285717,1.9792,1.6063428571428573,1.9842857142857144,2.44,2.4035714285714285,1.5785714285714287,2.1635714285714283,2.3398571428571424,1.6875,2.607142857142857,1.5357142857142858,2.2308,1.6364285714285711,2.086428571428572,1.8365714285714287
19-4051.02,Nuclear Monitoring Technicians,2.2928571428571427,1.9085714285714288,3.1553714285714287,2.524285714285714,1.9449142857142856,1.9449142857142856,1.9449142857142856,1.9842857142857144,2.7142857142857144,2.645714285714285,2.7142857142857144,2.645714285714285,2.571428571428571,1.8914285714285717,1.8914285714285717,1.7734857142857143,1.822857142857143,2.524285714285714,2.265085714285714,1.0357142857142856,2.0608,2.7460142857142857,1.6875,2.894285714285714,1.6665142857142858,2.524285714285714,1.9085714285714288,2.096342857142857,2.3327857142857145
19-4061.00,Social Science Research Assistants,1.8914285714285717,1.9449142857142856,2.500571428571429,1.9449142857142856,2.1750857142857143,2.0608,2.086428571428572,1.8914285714285717,2.3392857142857144,2.821428571428571,2.125,2.524285714285714,3.0357142857142856,1.7734857142857143,2.096342857142857,1.6364285714285711,1.2857142857142856,2.265085714285714,1.6063428571428573,1.0271428571428571,1.837942857142857,3.0008285714285714,1.4928571428571429,2.06,1.542142857142857,2.524285714285714,1.8914285714285717,2.524285714285714,1.7718857142857145
19-4071.00,Forest and Conservation Technicians,1.9449142857142856,1.7200000000000002,3.0662714285714285,1.9449142857142856,1.6875,1.8571428571428568,1.5625,1.8571428571428568,2.4035714285714285,2.354914285714286,2.216428571428572,2.327857142857143,2.275,2.044642857142857,1.8571428571428568,2.1635714285714283,1.7734857142857143,2.375,1.7734857142857143,1.3008,1.9077714285714285,3.2924,1.6063428571428573,2.4732142857142856,1.5614285714285714,1.9842857142857144,1.6875,1.8914285714285717,2.822228571428571
19-4092.00,Forensic Science Technicians,2.6185714285714288,1.7200000000000002,3.1709285714285715,1.8571428571428568,1.7200000000000002,2.354914285714286,2.125,1.9285714285714288,2.748571428571428,2.877142857142857,2.765714285714286,2.765714285714286,2.765714285714286,1.8571428571428568,2.3192,2.0,1.625,2.571428571428571,2.125,1.268571428571429,2.765714285714286,2.5922285714285715,2.1357142857142857,2.596342857142857,1.6875,2.765714285714286,1.6665142857142858,2.765714285714286,1.3666
19-4099.01,Quality Control Analysts,1.8914285714285717,1.9449142857142856,2.497942857142857,1.9449142857142856,1.9285714285714288,2.105,1.7200000000000002,1.7200000000000002,2.4971428571428573,2.7142857142857144,2.1492,2.1635714285714283,2.524285714285714,1.8571428571428568,1.9449142857142856,1.7200000000000002,1.5785714285714287,1.9842857142857144,1.9842857142857144,1.1408,1.9842857142857144,2.3284,1.655,2.4035714285714285,1.6875,2.596342857142857,1.8057142857142856,2.086428571428572,1.3459857142857143
19-4099.03,Remote Sensing Technicians,2.2471428571428573,2.3242857142857147,3.311728571428571,2.086428571428572,2.3857142857142857,2.086428571428572,1.6364285714285711,1.75,2.524285714285714,2.517857142857143,2.4035714285714285,2.524285714285714,2.4714285714285715,1.7385714285714284,2.0,2.1635714285714283,1.5892857142857142,2.524285714285714,1.9085714285714288,1.3808,2.4008000000000003,2.829728571428572,1.6942857142857144,2.4732142857142856,1.6063428571428573,2.4714285714285715,2.1357142857142857,2.205357142857143,2.363885714285714
19-5011.00,Occupational Health and Safety Specialists,2.205357142857143,1.9085714285714288,3.590928571428571,1.9085714285714288,1.9285714285714288,2.422142857142857,1.75,2.0342857142857143,2.765714285714286,2.645714285714285,2.765714285714286,2.571428571428571,2.7142857142857144,1.8571428571428568,2.3192,1.8571428571428568,1.8057142857142856,2.524285714285714,1.9085714285714288,1.16,2.596342857142857,3.132614285714286,1.8571428571428568,3.091428571428572,1.7200000000000002,2.645714285714285,1.8571428571428568,2.7142857142857144,2.506342857142857
19-5012.00,Occupational Health and Safety Technicians,2.044642857142857,1.6875,3.369714285714286,1.8571428571428568,1.6875,2.044642857142857,1.655,1.8571428571428568,2.645714285714285,2.645714285714285,2.645714285714285,2.645714285714285,2.596342857142857,1.8571428571428568,1.9449142857142856,1.4017857142857142,1.6063428571428573,2.105,1.8571428571428568,1.0,2.086428571428572,3.224285714285714,1.75,2.6950857142857143,1.4821428571428572,2.4732142857142856,1.6063428571428573,2.524285714285714,2.6448
21-1011.00,Substance Abuse and Behavioral Disorder Counselors,2.044642857142857,1.302857142857143,2.859714285714285,1.9085714285714288,1.2857142857142856,2.25,1.197142857142857,2.205357142857143,2.7142857142857144,2.821428571428571,2.7142857142857144,2.8363428571428573,2.821428571428571,1.8914285714285717,2.571428571428571,1.5614285714285714,1.8571428571428568,2.354914285714286,1.4910714285714284,1.0,1.8571428571428568,3.598642857142857,1.595,2.894285714285714,1.6364285714285711,2.7142857142857144,1.2857142857142856,2.7142857142857144,3.112342857142857
21-1012.00,"Educational, Guidance, and Career Counselors and Advisors",1.9842857142857144,1.5785714285714287,3.586728571428571,1.872228571428572,1.3785714285714286,2.4732142857142856,1.0357142857142856,2.4732142857142856,2.6696428571428568,2.877142857142857,2.6185714285714288,2.645714285714285,2.748571428571428,2.023657142857143,2.571428571428571,1.4435714285714285,1.5614285714285714,2.0608,1.4906285714285716,1.0,1.655,3.3142857142857145,1.4928571428571429,2.6696428571428568,1.6364285714285711,2.821428571428571,1.3392000000000002,2.645714285714285,2.4544
21-1013.00,Marriage and Family Therapists,2.375,1.268571428571429,3.1056142857142857,1.9449142857142856,1.22,2.765714285714286,1.6171428571428572,2.1357142857142857,2.765714285714286,2.877142857142857,2.877142857142857,2.748571428571428,2.821428571428571,1.9449142857142856,2.6696428571428568,1.302857142857143,1.7200000000000002,2.4035714285714285,1.625,1.0,1.9085714285714288,3.109528571428571,2.0,2.928571428571429,1.7734857142857143,2.765714285714286,1.268571428571429,2.821428571428571,1.9685428571428571
21-1014.00,Mental Health Counselors,2.4971428571428573,1.3392000000000002,3.5849999999999995,2.125,1.2857142857142856,2.571428571428571,1.905,2.1750857142857143,3.1750857142857143,2.9522285714285714,3.2285714285714286,2.877142857142857,3.117142857142857,1.8914285714285717,2.571428571428571,1.2857142857142856,1.4285714285714286,2.4971428571428573,1.4464285714285716,1.0,1.8914285714285717,2.969828571428571,1.7734857142857143,3.321428571428572,1.7734857142857143,2.894285714285714,1.2857142857142856,2.8363428571428573,2.467857142857143
21-1015.00,Rehabilitation Counselors,1.9449142857142856,1.3392000000000002,2.6659428571428574,1.5508,1.2857142857142856,2.096342857142857,1.3571428571428572,2.1357142857142857,2.645714285714285,2.645714285714285,2.524285714285714,2.4522285714285714,2.571428571428571,2.0028571428571427,1.9842857142857144,1.268571428571429,1.6063428571428573,1.9449142857142856,1.4179428571428572,1.0,1.6875,3.263,1.5357142857142858,2.6950857142857143,1.4,2.645714285714285,1.32,2.4971428571428573,2.8286714285714285
21-1021.00,"Child, Family, and School Social Workers",1.9842857142857144,1.3808,2.7934,1.8571428571428568,1.268571428571429,2.44,1.3571428571428572,1.9449142857142856,2.596342857142857,2.8363428571428573,2.596342857142857,2.894285714285714,2.765714285714286,2.524285714285714,2.275,1.3571428571428572,1.7385714285714284,2.2071428571428573,1.6063428571428573,1.0,1.7734857142857143,3.2057285714285717,1.6364285714285711,3.0335714285714284,1.6063428571428573,2.782857142857143,1.2857142857142856,2.6185714285714288,2.3914714285714287
21-1022.00,Healthcare Social Workers,2.0,1.2857142857142856,2.7984,1.8571428571428568,1.2857142857142856,2.596342857142857,1.6063428571428573,2.096342857142857,2.765714285714286,2.821428571428571,2.645714285714285,2.7142857142857144,2.821428571428571,1.9842857142857144,2.571428571428571,1.25,1.7200000000000002,2.2308,1.6171428571428572,1.0,1.7734857142857143,3.2815000000000003,1.7200000000000002,2.877142857142857,1.7385714285714284,2.6950857142857143,1.2857142857142856,2.6950857142857143,2.3176
21-1023.00,Mental Health and Substance Abuse Social Workers,2.422142857142857,1.5357142857142858,3.0332,1.9085714285714288,1.2857142857142856,2.645714285714285,1.6364285714285711,2.524285714285714,2.877142857142857,2.894285714285714,2.821428571428571,2.7142857142857144,2.765714285714286,2.2471428571428573,2.2471428571428573,1.302857142857143,1.6364285714285711,2.571428571428571,1.75,1.0,1.9642857142857144,3.319257142857143,1.78,3.1750857142857143,1.75,2.894285714285714,1.4,2.571428571428571,2.841342857142857
21-1091.00,Health Education Specialists,1.8571428571428568,1.3808,4.001828571428572,1.822857142857143,1.36,1.9085714285714288,1.5892857142857142,2.765714285714286,2.4522285714285714,2.821428571428571,2.5428571428571427,2.571428571428571,2.571428571428571,2.105,2.4893714285714283,1.3392000000000002,1.6063428571428573,1.9085714285714288,1.32,1.0,1.4821428571428572,3.8560000000000008,1.3392000000000002,2.327857142857143,1.3808,2.821428571428571,1.3785714285714286,2.782857142857143,3.716457142857143
21-1092.00,Probation Officers and Correctional Treatment Specialists,1.8571428571428568,1.2142857142857144,3.0945,1.822857142857143,1.157142857142857,2.327857142857143,1.0803571428571428,1.467857142857143,2.7142857142857144,2.7142857142857144,2.596342857142857,2.645714285714285,2.6950857142857143,2.1492,2.105,1.2857142857142856,1.5207142857142857,1.8571428571428568,1.32,1.0,1.604285714285714,3.621185714285714,1.3785714285714286,2.7142857142857144,1.32,2.571428571428571,1.197142857142857,2.524285714285714,2.987114285714286
21-1093.00,Social and Human Service Assistants,1.8914285714285717,1.2857142857142856,2.6475428571428576,1.8914285714285717,1.2857142857142856,2.0028571428571427,1.1607142857142858,1.8057142857142856,2.645714285714285,2.596342857142857,2.086428571428572,2.4971428571428573,2.571428571428571,1.8914285714285717,2.044642857142857,1.3392000000000002,1.75,1.8571428571428568,1.655,1.0,1.8914285714285717,2.543628571428571,1.7200000000000002,2.596342857142857,1.7200000000000002,2.596342857142857,1.3214285714285714,2.4522285714285714,2.17
21-1094.00,Community Health Workers,2.0028571428571427,1.5165142857142857,3.833071428571429,1.7734857142857143,1.3785714285714286,2.25,1.0178571428571428,2.275,2.4035714285714285,2.5428571428571427,2.3392857142857144,2.4732142857142856,2.645714285714285,2.1492,2.354914285714286,1.5357142857142858,1.7857142857142856,2.0028571428571427,1.5165142857142857,1.0,1.6665142857142858,4.0375,1.4906285714285716,2.4732142857142856,1.51,2.422142857142857,1.4,2.662857142857143,3.232942857142857
21-2011.00,Clergy,2.1635714285714283,1.1735714285714285,2.2623714285714285,2.0608,1.2665142857142857,2.422142857142857,1.0206285714285714,2.4522285714285714,2.7142857142857144,2.7142857142857144,2.662857142857143,2.524285714285714,2.954285714285714,2.596342857142857,2.524285714285714,1.2857142857142856,1.7734857142857143,2.422142857142857,1.51,1.0,1.8571428571428568,2.5840000000000005,1.7200000000000002,2.877142857142857,2.023657142857143,2.7142857142857144,1.4928571428571429,2.6950857142857143,2.2912857142857144
21-2021.00,"Directors, Religious Activities and Education",1.9085714285714288,1.5207142857142857,3.0194,1.822857142857143,1.4,2.3392857142857144,1.0206285714285714,2.524285714285714,2.4732142857142856,2.7142857142857144,2.2308,2.645714285714285,2.645714285714285,2.06,2.596342857142857,1.5614285714285714,1.4821428571428572,2.0028571428571427,1.3785714285714286,1.0,1.7385714285714284,3.740114285714286,1.6364285714285711,2.4522285714285714,1.7734857142857143,2.7142857142857144,1.655,2.2471428571428573,2.812442857142857
23-1011.00,Lawyers,2.571428571428571,1.5785714285714287,3.4414,2.0028571428571427,1.302857142857143,2.894285714285714,1.0357142857142856,1.9449142857142856,3.005714285714286,3.585714285714286,2.821428571428571,3.5,3.44,2.4971428571428573,2.6185714285714288,1.5357142857142858,1.7036571428571428,2.6950857142857143,1.6063428571428573,1.0,1.8571428571428568,3.383714285714285,1.7734857142857143,2.7142857142857144,1.837942857142857,3.5,1.4691999999999998,3.265714285714286,2.243
23-1012.00,Judicial Law Clerks,2.25,1.6171428571428572,2.542857142857143,1.822857142857143,1.22,2.2928571428571427,1.0,1.8571428571428568,2.571428571428571,3.44,2.645714285714285,3.145,3.44,2.044642857142857,2.6185714285714288,1.2363428571428572,1.394285714285714,2.422142857142857,1.51,1.0,1.75,2.5451428571428574,1.4464285714285716,2.4732142857142856,1.6665142857142858,3.0892857142857144,1.5357142857142858,2.9522285714285714,1.0774857142857144
23-1021.00,"Administrative Law Judges, Adjudicators, and Hearing Officers",1.9842857142857144,1.4249999999999998,3.474057142857144,1.9085714285714288,1.3808,2.645714285714285,1.0664285714285715,1.822857142857143,3.117142857142857,3.321428571428572,3.265714285714286,3.377142857142857,3.205357142857143,2.086428571428572,2.6185714285714288,1.1339285714285714,1.655,2.4732142857142856,1.5785714285714287,1.0,1.7734857142857143,2.9777714285714287,1.595,2.7142857142857144,1.6364285714285711,3.2285714285714286,1.4192,3.1750857142857143,1.992457142857143
23-1022.00,"Arbitrators, Mediators, and Conciliators",1.8571428571428568,1.32,3.4702,1.9257142857142855,1.3392000000000002,2.4732142857142856,1.0089285714285714,1.7734857142857143,2.765714285714286,3.265714285714286,2.7142857142857144,3.0357142857142856,2.9522285714285714,1.7385714285714284,2.645714285714285,1.2857142857142856,1.4285714285714286,1.9842857142857144,1.268571428571429,1.0,1.8057142857142856,2.4085714285714284,1.7200000000000002,2.524285714285714,1.2857142857142856,3.205357142857143,1.2857142857142856,3.0892857142857144,2.2074857142857143
23-1023.00,"Judges, Magistrate Judges, and Magistrates",2.0028571428571427,1.4192,3.4973142857142863,1.8571428571428568,1.3392000000000002,3.2285714285714286,1.147857142857143,1.7200000000000002,3.585714285714286,3.414285714285714,3.321428571428572,4.187142857142857,3.205357142857143,2.36,2.98,1.268571428571429,1.6364285714285711,2.645714285714285,1.655,1.0,1.837942857142857,3.0346857142857147,1.8057142857142856,2.7142857142857144,1.7200000000000002,3.2285714285714286,1.3214285714285714,3.1750857142857143,2.837885714285714
23-2011.00,Paralegals and Legal Assistants,1.8571428571428568,1.2857142857142856,3.1056142857142857,1.7734857142857143,1.25,1.8571428571428568,1.0271428571428571,1.4017857142857142,1.9642857142857144,2.7142857142857144,1.9642857142857144,2.1635714285714283,2.645714285714285,1.822857142857143,1.8914285714285717,1.2857142857142856,1.3392000000000002,1.9085714285714288,1.7734857142857143,1.0,1.7734857142857143,3.0774857142857144,1.2857142857142856,2.071428571428572,1.6063428571428573,2.645714285714285,1.3214285714285714,2.662857142857143,2.08
23-2093.00,"Title Examiners, Abstractors, and Searchers",1.837942857142857,1.32,2.6652142857142858,1.6875,1.4017857142857142,1.9085714285714288,1.0089285714285714,1.4179428571428572,2.2071428571428573,2.7142857142857144,2.0028571428571427,2.354914285714286,2.729371428571429,1.9842857142857144,1.8914285714285717,1.28,1.268571428571429,1.8571428571428568,1.51,1.0,1.7857142857142856,2.824,1.2592,1.9257142857142855,1.2857142857142856,2.4732142857142856,1.302857142857143,2.2308,1.695557142857143
25-1011.00,"Business Teachers, Postsecondary",2.044642857142857,2.096342857142857,3.2922,1.822857142857143,1.9285714285714288,2.3392857142857144,1.1734857142857142,3.0357142857142856,2.748571428571428,3.1750857142857143,2.645714285714285,2.8020571428571426,3.142857142857143,2.125,2.8020571428571426,1.3392000000000002,1.32,2.1635714285714283,1.36,1.0,1.6063428571428573,3.1087,1.6364285714285711,2.105,1.8057142857142856,3.282057142857143,1.9842857142857144,3.142857142857143,2.380585714285714
25-1021.00,"Computer Science Teachers, Postsecondary",2.1357142857142857,2.1085714285714285,4.019071428571429,1.872228571428572,2.06,2.571428571428571,1.655,2.8020571428571426,2.596342857142857,3.091428571428572,2.596342857142857,2.8514285714285714,3.142857142857143,2.096342857142857,2.6950857142857143,1.542142857142857,1.3392000000000002,2.524285714285714,1.5,1.0357142857142856,1.8057142857142856,3.2596000000000003,1.4017857142857142,2.25,1.7734857142857143,3.142857142857143,1.8571428571428568,3.091428571428572,2.3126285714285717
25-1022.00,"Mathematical Science Teachers, Postsecondary",1.9285714285714288,3.205357142857143,2.964057142857143,1.7385714285714284,3.265714285714286,2.354914285714286,1.4435714285714285,2.748571428571428,2.765714285714286,2.877142857142857,2.6950857142857143,2.6950857142857143,3.091428571428572,1.9842857142857144,2.6185714285714288,1.3392000000000002,1.6063428571428573,2.19,1.3392000000000002,1.0,1.5785714285714287,2.2992142857142857,1.4017857142857142,1.9842857142857144,1.8571428571428568,2.8514285714285714,3.0592,2.954285714285714,1.8508285714285715
25-1031.00,"Architecture Teachers, Postsecondary",2.2857142857142856,1.9842857142857144,3.921628571428572,1.7385714285714284,2.007142857142857,2.5907142857142857,1.5165142857142857,2.9522285714285714,2.765714285714286,3.142857142857143,2.6950857142857143,2.8020571428571426,3.2285714285714286,2.125,2.8514285714285714,2.4714285714285715,1.5785714285714287,2.6950857142857143,1.4179428571428572,1.0065142857142857,1.8571428571428568,4.050928571428572,1.5207142857142857,2.542057142857143,1.7734857142857143,3.142857142857143,1.9285714285714288,3.142857142857143,3.1939
25-1032.00,"Engineering Teachers, Postsecondary",2.6185714285714288,2.6696428571428568,4.289028571428572,1.8914285714285717,2.8514285714285714,2.086428571428572,2.2928571428571427,2.894285714285714,2.748571428571428,3.282057142857143,2.748571428571428,2.6950857142857143,3.091428571428572,1.9085714285714288,2.542057142857143,2.023657142857143,1.5508,2.6185714285714288,1.4906285714285716,1.0065142857142857,1.8571428571428568,3.2030857142857143,1.5892857142857142,2.275,1.7734857142857143,3.057142857142857,2.445,2.954285714285714,3.074414285714286
25-1041.00,"Agricultural Sciences Teachers, Postsecondary",1.9449142857142856,1.9285714285714288,3.7648000000000006,1.5207142857142857,1.9285714285714288,2.4522285714285714,2.2928571428571427,3.0592,2.821428571428571,3.1750857142857143,2.821428571428571,2.765714285714286,3.2285714285714286,2.19,2.928571428571429,1.32,1.32,2.2471428571428573,1.3392000000000002,1.0,1.51,3.6066857142857143,1.3392000000000002,2.4732142857142856,1.8571428571428568,3.091428571428572,1.8914285714285717,3.142857142857143,3.3798857142857144
25-1042.00,"Biological Science Teachers, Postsecondary",2.2857142857142856,1.9449142857142856,4.168471428571428,1.7385714285714284,1.9842857142857144,2.4035714285714285,2.7142857142857144,2.9522285714285714,2.765714285714286,3.2285714285714286,2.821428571428571,2.6950857142857143,3.1942857142857144,2.31,2.928571428571429,1.302857142857143,1.4017857142857142,2.4285714285714284,1.4017857142857142,1.0135714285714286,1.51,3.652114285714287,1.4017857142857142,2.1635714285714283,1.7200000000000002,3.2285714285714286,1.5892857142857142,3.0357142857142856,2.9815714285714288
25-1043.00,"Forestry and Conservation Science Teachers, Postsecondary",1.9842857142857144,2.044642857142857,4.322,1.7385714285714284,1.8914285714285717,2.645714285714285,2.086428571428572,2.8363428571428573,2.6185714285714288,3.321428571428572,2.6185714285714288,2.748571428571428,3.2285714285714286,2.044642857142857,2.821428571428571,1.3214285714285714,1.3392000000000002,1.9842857142857144,1.4691999999999998,1.0,1.5300000000000002,3.2661,1.2857142857142856,2.4035714285714285,1.7200000000000002,3.1750857142857143,1.7734857142857143,3.1750857142857143,2.3282
25-1051.00,"Atmospheric, Earth, Marine, and Space Sciences Teachers, Postsecondary",2.211428571428572,2.36,3.4518000000000004,1.6875,2.36,2.524285714285714,2.765714285714286,2.748571428571428,2.821428571428571,3.1942857142857144,2.821428571428571,2.821428571428571,3.1942857142857144,2.0342857142857143,2.748571428571428,1.36,1.3392000000000002,2.36,1.3392000000000002,1.0,1.6364285714285711,2.952571428571429,1.36,2.542057142857143,1.8571428571428568,3.1942857142857144,2.086428571428572,3.0357142857142856,2.3589857142857142
25-1052.00,"Chemistry Teachers, Postsecondary",2.2471428571428573,2.071428571428571,3.357214285714286,1.9449142857142856,2.205357142857143,2.645714285714285,2.821428571428571,2.7142857142857144,2.928571428571429,3.142857142857143,2.8020571428571426,2.7142857142857144,3.2285714285714286,2.0342857142857143,2.7142857142857144,1.5677714285714286,1.6875,2.205357142857143,1.4464285714285716,1.077942857142857,1.8571428571428568,2.9008000000000003,1.4017857142857142,2.524285714285714,1.8914285714285717,3.2285714285714286,1.837942857142857,3.1750857142857143,2.0764
25-1053.00,"Environmental Science Teachers, Postsecondary",1.9842857142857144,1.9449142857142856,3.663542857142857,1.7385714285714284,1.9285714285714288,2.524285714285714,2.928571428571429,2.821428571428571,2.765714285714286,3.2285714285714286,2.765714285714286,2.821428571428571,3.2285714285714286,2.0,2.748571428571428,1.28,1.5357142857142858,2.1357142857142857,1.3785714285714286,1.0,1.6063428571428573,3.3648571428571428,1.3392000000000002,2.1492,1.7200000000000002,3.142857142857143,1.625,3.0357142857142856,2.556685714285714
25-1054.00,"Physics Teachers, Postsecondary",2.096342857142857,2.645714285714285,3.8619142857142856,1.7385714285714284,2.4971428571428573,2.4971428571428573,3.0592,2.877142857142857,2.8020571428571426,3.091428571428572,2.8020571428571426,3.091428571428572,3.2285714285714286,2.0028571428571427,2.877142857142857,1.4691999999999998,1.4179428571428572,2.1750857142857143,1.3785714285714286,1.1428571428571428,1.3392000000000002,3.2176,1.3392000000000002,2.4893714285714283,1.7734857142857143,3.142857142857143,2.19,3.142857142857143,2.7277
25-1061.00,"Anthropology and Archeology Teachers, Postsecondary",2.4285714285714284,1.6942857142857144,3.8685142857142862,1.9449142857142856,1.6942857142857144,2.4035714285714285,2.524285714285714,3.414285714285714,2.6185714285714288,3.5,2.928571428571429,2.928571428571429,3.678571428571429,2.422142857142857,3.205357142857143,1.2857142857142856,1.7857142857142856,2.4732142857142856,1.32,1.0,1.822857142857143,3.5299428571428564,1.4249999999999998,2.2308,1.9449142857142856,3.6477714285714287,1.4928571428571429,3.585714285714286,2.7901
25-1062.00,"Area, Ethnic, and Cultural Studies Teachers, Postsecondary",1.8571428571428568,1.3214285714285714,3.3902142857142854,1.7385714285714284,1.302857142857143,2.4893714285714283,1.5892857142857142,2.7142857142857144,2.4035714285714285,3.091428571428572,2.4732142857142856,2.6950857142857143,3.265714285714286,2.205357142857143,2.7142857142857144,1.302857142857143,1.6063428571428573,1.8914285714285717,1.3392000000000002,1.0,1.5207142857142857,3.536585714285714,1.3785714285714286,1.9842857142857144,1.7200000000000002,3.1750857142857143,1.302857142857143,3.091428571428572,2.756742857142857
25-1063.00,"Economics Teachers, Postsecondary",1.9285714285714288,2.275,3.8211714285714287,1.7385714285714284,2.205357142857143,2.1635714285714283,1.5677714285714286,2.645714285714285,2.6950857142857143,3.142857142857143,2.6185714285714288,2.6950857142857143,2.877142857142857,1.8057142857142856,2.6185714285714288,1.5614285714285714,1.625,1.9842857142857144,1.5357142857142858,1.0,1.6875,2.6165714285714285,1.5508,2.3192,1.8571428571428568,3.142857142857143,2.211428571428572,2.765714285714286,1.8342857142857143
25-1064.00,"Geography Teachers, Postsecondary",2.0342857142857143,1.6665142857142858,4.059571428571429,1.7385714285714284,1.75,2.5428571428571427,2.06,2.596342857142857,2.524285714285714,3.142857142857143,2.524285714285714,2.645714285714285,3.0357142857142856,2.044642857142857,2.6950857142857143,1.4249999999999998,1.4906285714285716,2.096342857142857,1.3392000000000002,1.0,1.625,2.689042857142857,1.36,2.1607142857142856,1.5357142857142858,3.1750857142857143,1.44,3.1750857142857143,2.4223
25-1065.00,"Political Science Teachers, Postsecondary",1.8914285714285717,1.34,4.0192,1.822857142857143,1.302857142857143,2.571428571428571,1.4435714285714285,2.645714285714285,2.2471428571428573,3.321428571428572,2.524285714285714,2.6950857142857143,3.1750857142857143,1.8914285714285717,2.7142857142857144,1.157142857142857,1.4906285714285716,1.8914285714285717,1.32,1.0,1.394285714285714,3.032714285714285,1.32,1.9842857142857144,1.7200000000000002,3.142857142857143,1.32,3.091428571428572,2.642271428571428
25-1066.00,"Psychology Teachers, Postsecondary",2.023657142857143,1.837942857142857,3.937428571428572,1.5357142857142858,1.9285714285714288,2.524285714285714,2.4008000000000003,3.321428571428572,2.6950857142857143,3.2285714285714286,2.6950857142857143,2.748571428571428,3.2285714285714286,2.0,2.9008000000000003,1.32,1.32,2.023657142857143,1.3392000000000002,1.0,1.5508,3.4905857142857144,1.3392000000000002,2.205357142857143,1.7734857142857143,3.2285714285714286,1.5165142857142857,3.142857142857143,2.8474285714285714
25-1067.00,"Sociology Teachers, Postsecondary",1.9449142857142856,1.4192,3.841428571428572,1.6063428571428573,1.52,2.1357142857142857,1.9375,3.091428571428572,2.6950857142857143,3.091428571428572,2.765714285714286,2.6185714285714288,3.091428571428572,2.2308,2.6393714285714287,1.1408,1.32,2.044642857142857,1.3392000000000002,1.0,1.4017857142857142,3.672457142857143,1.3392000000000002,2.0,1.5357142857142858,3.142857142857143,1.36,3.0357142857142856,2.701171428571429
25-1071.00,"Health Specialties Teachers, Postsecondary",2.0,1.8057142857142856,4.087028571428571,1.8571428571428568,1.8571428571428568,2.571428571428571,2.125,2.765714285714286,2.596342857142857,3.2285714285714286,2.524285714285714,2.765714285714286,3.2285714285714286,2.524285714285714,2.7142857142857144,1.3392000000000002,1.6364285714285711,2.1357142857142857,1.3392000000000002,1.0549142857142857,1.4910714285714284,3.431842857142857,1.44,2.205357142857143,1.7734857142857143,3.142857142857143,1.7200000000000002,3.142857142857143,2.2705
25-1072.00,"Nursing Instructors and Teachers, Postsecondary",2.1357142857142857,1.8571428571428568,4.287714285714285,1.9085714285714288,1.7734857142857143,2.4971428571428573,1.7385714285714284,2.894285714285714,2.645714285714285,3.2285714285714286,2.645714285714285,2.748571428571428,3.142857142857143,2.205357142857143,2.645714285714285,1.4192,1.75,2.4522285714285714,1.6714285714285717,1.0135714285714286,1.8571428571428568,4.0113714285714295,1.6665142857142858,2.6185714285714288,1.7200000000000002,3.091428571428572,1.7734857142857143,3.091428571428572,2.8582142857142863
25-1081.00,"Education Teachers, Postsecondary",1.9449142857142856,1.36,3.0271285714285714,1.7734857142857143,1.36,2.571428571428571,1.2857142857142856,3.005714285714286,2.748571428571428,3.2285714285714286,2.6950857142857143,2.571428571428571,3.265714285714286,2.25,2.821428571428571,1.2208,1.32,2.023657142857143,1.36,1.0,1.3392000000000002,3.7193714285714288,1.3392000000000002,2.524285714285714,1.6364285714285711,3.2285714285714286,1.3392000000000002,3.091428571428572,2.372142857142857
25-1082.00,"Library Science Teachers, Postsecondary",2.096342857142857,1.4249999999999998,4.179714285714285,1.7734857142857143,1.4017857142857142,2.4035714285714285,1.3392000000000002,2.877142857142857,2.6950857142857143,3.321428571428572,2.645714285714285,2.765714285714286,3.2285714285714286,2.0,2.877142857142857,1.32,1.595,2.1750857142857143,1.4017857142857142,1.0,1.7200000000000002,3.240914285714286,1.4017857142857142,2.2308,1.7734857142857143,3.091428571428572,1.36,3.0357142857142856,1.6889142857142856
25-1111.00,"Criminal Justice and Law Enforcement Teachers, Postsecondary",1.8914285714285717,1.34,3.3310000000000004,1.7385714285714284,1.2857142857142856,2.1357142857142857,1.1607142857142858,2.7142857142857144,2.524285714285714,3.142857142857143,2.596342857142857,2.8363428571428573,3.091428571428572,1.9842857142857144,2.7142857142857144,1.2857142857142856,1.625,1.9842857142857144,1.2857142857142856,1.0,1.36,3.5303571428571425,1.3392000000000002,2.3392857142857144,1.6875,3.142857142857143,1.2857142857142856,2.928571428571429,2.3814571428571427
25-1112.00,"Law Teachers, Postsecondary",2.096342857142857,1.3392000000000002,3.749142857142858,1.5785714285714287,1.3214285714285714,2.3392857142857144,1.0664285714285715,3.0892857142857144,3.091428571428572,3.414285714285714,2.928571428571429,3.091428571428572,3.377142857142857,1.837942857142857,3.0357142857142856,1.2142857142857144,1.2857142857142856,2.096342857142857,1.4017857142857142,1.0,1.4435714285714285,3.2744285714285715,1.3808,2.1635714285714283,1.722057142857143,3.142857142857143,1.302857142857143,3.142857142857143,2.274285714285714
25-1113.00,"Social Work Teachers, Postsecondary",2.044642857142857,1.4691999999999998,4.038628571428571,1.5785714285714287,1.6063428571428573,2.524285714285714,1.6063428571428573,3.265714285714286,2.821428571428571,3.091428571428572,2.7142857142857144,2.821428571428571,3.091428571428572,2.096342857142857,3.091428571428572,1.2857142857142856,1.4017857142857142,2.2471428571428573,1.2857142857142856,1.0,1.4691999999999998,4.199757142857143,1.3392000000000002,2.3392857142857144,1.7200000000000002,3.142857142857143,1.2857142857142856,3.0357142857142856,2.993828571428572
25-1121.00,"Art, Drama, and Music Teachers, Postsecondary",2.1357142857142857,1.2857142857142856,3.247771428571429,1.7385714285714284,1.302857142857143,2.1492,1.12,2.894285714285714,2.3857142857142857,3.2285714285714286,2.4035714285714285,2.4522285714285714,2.98,2.4035714285714285,2.821428571428571,1.8571428571428568,1.51,2.096342857142857,1.3392000000000002,1.0089285714285714,1.595,3.5714,1.3392000000000002,2.0608,1.6428571428571428,3.117142857142857,1.3008,2.6950857142857143,3.0203714285714285
25-1122.00,"Communications Teachers, Postsecondary",1.837942857142857,1.4017857142857142,3.451742857142858,1.7857142857142856,1.44,2.31,1.268571428571429,2.928571428571429,2.571428571428571,3.0357142857142856,2.524285714285714,2.6950857142857143,3.117142857142857,2.023657142857143,2.821428571428571,1.302857142857143,1.3392000000000002,1.9449142857142856,1.3392000000000002,1.0,1.595,3.072357142857143,1.4017857142857142,2.096342857142857,1.7734857142857143,3.091428571428572,1.4435714285714285,2.98,2.378157142857143
25-1123.00,"English Language and Literature Teachers, Postsecondary",2.06,1.268571428571429,3.1016,1.7734857142857143,1.268571428571429,2.125,1.0942857142857143,3.142857142857143,2.596342857142857,3.7714285714285714,2.596342857142857,2.571428571428571,3.678571428571429,1.9842857142857144,2.645714285714285,1.2857142857142856,1.5625,1.94,1.268571428571429,1.0,1.655,3.6742857142857135,1.3808,2.2308,1.75,3.321428571428572,1.268571428571429,3.265714285714286,3.3371714285714287
25-1124.00,"Foreign Language and Literature Teachers, Postsecondary",1.8057142857142856,1.268571428571429,2.884085714285714,1.822857142857143,1.231428571428571,2.2928571428571427,1.147857142857143,2.7142857142857144,2.2308,3.0357142857142856,2.4035714285714285,2.524285714285714,3.091428571428572,1.9285714285714288,2.645714285714285,1.2857142857142856,1.32,1.8571428571428568,1.32,1.0,1.51,3.164114285714285,1.32,2.086428571428572,1.7734857142857143,3.0357142857142856,1.268571428571429,3.0357142857142856,1.9505428571428567
25-1125.00,"History Teachers, Postsecondary",1.9842857142857144,1.2857142857142856,4.091199999999999,1.8571428571428568,1.2857142857142856,2.275,1.22,2.894285714285714,2.596342857142857,3.2285714285714286,2.596342857142857,2.596342857142857,3.205357142857143,2.4732142857142856,2.645714285714285,1.197142857142857,1.3392000000000002,2.06,1.32,1.0,1.4542857142857144,3.025428571428572,1.4017857142857142,2.044642857142857,1.8057142857142856,3.414285714285714,1.2857142857142856,3.117142857142857,2.3204285714285717
25-1126.00,"Philosophy and Religion Teachers, Postsecondary",1.9449142857142856,1.302857142857143,3.2561,1.5357142857142858,1.302857142857143,2.3392857142857144,1.147857142857143,2.9008000000000003,2.6950857142857143,3.2285714285714286,2.821428571428571,2.821428571428571,3.265714285714286,1.8571428571428568,2.7207142857142856,1.25,1.2857142857142856,1.9842857142857144,1.4017857142857142,1.0,1.3785714285714286,3.1803857142857144,1.3392000000000002,2.044642857142857,1.822857142857143,3.142857142857143,1.302857142857143,3.142857142857143,2.627428571428572
25-1192.00,"Family and Consumer Sciences Teachers, Postsecondary",1.9449142857142856,1.75,3.3668285714285715,1.6875,1.6665142857142858,1.9842857142857144,1.4017857142857142,2.821428571428571,2.4971428571428573,3.117142857142857,2.3392857142857144,2.571428571428571,2.98,1.8914285714285717,2.542057142857143,1.4249999999999998,1.3571428571428572,2.023657142857143,1.4017857142857142,1.0,1.51,3.1485142857142856,1.2857142857142856,2.105,1.7200000000000002,2.928571428571429,1.3808,2.542057142857143,2.2979571428571437
25-1193.00,"Recreation and Fitness Studies Teachers, Postsecondary",1.9449142857142856,1.5614285714285714,3.5793857142857144,1.822857142857143,1.4192,2.265085714285714,1.542142857142857,2.7142857142857144,2.524285714285714,3.0357142857142856,2.524285714285714,2.645714285714285,2.821428571428571,2.327857142857143,2.36,1.3392000000000002,1.6364285714285711,2.096342857142857,1.3392000000000002,1.0,1.51,3.254257142857143,1.3392000000000002,1.9449142857142856,1.6665142857142858,2.877142857142857,1.3808,2.765714285714286,2.365485714285714
25-1194.00,"Career/Technical Education Teachers, Postsecondary",1.837942857142857,1.3392000000000002,3.5537142857142854,1.822857142857143,1.4017857142857142,2.0028571428571427,1.1257142857142857,2.7142857142857144,2.4035714285714285,2.645714285714285,2.044642857142857,2.4732142857142856,2.596342857142857,1.8571428571428568,2.645714285714285,1.6063428571428573,1.6391999999999998,2.044642857142857,1.36,1.3785714285714286,1.5300000000000002,3.349,1.2857142857142856,2.2767857142857144,1.7734857142857143,2.645714285714285,1.36,2.4971428571428573,2.7393142857142854
25-2011.00,"Preschool Teachers, Except Special Education",1.8057142857142856,1.394285714285714,1.7453285714285711,1.8057142857142856,1.268571428571429,1.8571428571428568,1.0549142857142857,2.645714285714285,2.071428571428572,2.1677714285714287,1.8571428571428568,2.225714285714286,2.2767857142857144,1.8571428571428568,1.9085714285714288,1.5785714285714287,1.7385714285714284,1.9257142857142855,1.4628571428571429,1.0206285714285714,1.8057142857142856,2.201885714285714,1.5300000000000002,2.4893714285714283,1.625,1.9085714285714288,1.2857142857142856,1.8571428571428568,1.8884571428571428
25-2012.00,"Kindergarten Teachers, Except Special Education",1.9449142857142856,1.5357142857142858,3.0186428571428574,1.9642857142857144,1.4017857142857142,2.0608,1.0271428571428571,2.662857142857143,2.2308,2.662857142857143,2.2308,2.205357142857143,2.5428571428571427,2.2767857142857144,2.0028571428571427,1.4928571428571429,1.8571428571428568,2.0028571428571427,1.6063428571428573,1.0,1.7385714285714284,3.5201,1.595,2.4893714285714283,1.6875,2.645714285714285,1.6391999999999998,2.044642857142857,2.597142857142857
25-2021.00,"Elementary School Teachers, Except Special Education",2.0608,1.822857142857143,2.7922571428571428,1.9085714285714288,1.7200000000000002,1.9449142857142856,1.2857142857142856,3.0892857142857144,2.596342857142857,2.645714285714285,2.607142857142857,2.662857142857143,2.596342857142857,2.327857142857143,2.524285714285714,1.6063428571428573,1.822857142857143,2.3906285714285715,1.5785714285714287,1.0357142857142856,1.8571428571428568,2.886142857142857,1.5785714285714287,2.7142857142857144,1.7734857142857143,2.645714285714285,1.7036571428571428,2.5428571428571427,2.7950857142857144
25-2022.00,"Middle School Teachers, Except Special and Career/Technical Education",1.8057142857142856,1.8057142857142856,3.125328571428572,1.8571428571428568,1.7734857142857143,2.216428571428572,1.1785714285714286,2.8571428571428568,2.4732142857142856,2.645714285714285,2.1635714285714283,2.524285714285714,2.645714285714285,2.4732142857142856,2.645714285714285,1.5614285714285714,1.6875,2.5428571428571427,1.6875,1.0,1.8571428571428568,3.606914285714286,1.6665142857142858,2.5428571428571427,1.822857142857143,2.645714285714285,1.8057142857142856,2.596342857142857,2.7060714285714287
25-2023.00,"Career/Technical Education Teachers, Middle School",2.044642857142857,1.595,3.225714285714286,1.9449142857142856,1.51,1.9642857142857144,1.1734857142857142,2.7142857142857144,2.596342857142857,2.7142857142857144,2.375,2.596342857142857,2.765714285714286,1.8571428571428568,2.25,1.75,1.822857142857143,1.9085714285714288,1.8571428571428568,1.0549142857142857,1.6875,2.986814285714286,1.6063428571428573,2.571428571428571,1.655,2.645714285714285,1.4691999999999998,2.354914285714286,2.1984142857142857
25-2031.00,"Secondary School Teachers, Except Special and Career/Technical Education",2.0028571428571427,1.8914285714285717,3.150742857142857,1.8571428571428568,1.75,2.0608,1.268571428571429,2.821428571428571,2.645714285714285,2.7142857142857144,2.524285714285714,2.645714285714285,2.7142857142857144,2.0028571428571427,2.524285714285714,1.6875,1.7200000000000002,2.1677714285714287,1.7734857142857143,1.0,1.7734857142857143,3.332214285714286,1.6875,2.571428571428571,1.7734857142857143,2.7142857142857144,1.7734857142857143,2.4035714285714285,2.6531
25-2032.00,"Career/Technical Education Teachers, Secondary School",2.3392857142857144,1.822857142857143,3.664671428571429,1.9449142857142856,1.8914285714285717,2.375,1.0942857142857143,2.8363428571428573,2.748571428571428,2.8363428571428573,2.662857142857143,2.7142857142857144,2.8363428571428573,2.31,2.645714285714285,1.7200000000000002,1.8571428571428568,2.524285714285714,1.7385714285714284,1.1257142857142857,1.8571428571428568,3.975000000000001,1.8914285714285717,2.7142857142857144,1.8571428571428568,2.7142857142857144,1.7734857142857143,2.662857142857143,3.1919857142857144
25-2051.00,"Special Education Teachers, Preschool",1.9657142857142855,1.268571428571429,2.6517571428571425,2.105,1.3785714285714286,2.086428571428572,1.2142857142857144,2.571428571428571,2.6950857142857143,2.7142857142857144,2.571428571428571,2.596342857142857,2.6950857142857143,1.9085714285714288,2.4035714285714285,1.4464285714285716,1.822857142857143,2.19,1.51,1.0042857142857142,1.6364285714285711,3.1026571428571423,1.5357142857142858,2.821428571428571,1.5614285714285714,2.571428571428571,1.268571428571429,2.571428571428571,2.1942857142857144
25-2056.00,"Special Education Teachers, Elementary School",2.265085714285714,1.625,3.5043,2.1142857142857143,1.6063428571428573,2.2071428571428573,1.1257142857142857,3.0592,2.765714285714286,2.7142857142857144,2.596342857142857,2.607142857142857,2.782857142857143,1.9085714285714288,2.2928571428571427,1.7036571428571428,1.7036571428571428,2.265085714285714,1.7036571428571428,1.0178571428571428,2.0028571428571427,3.822571428571428,1.6665142857142858,2.782857142857143,1.625,2.4522285714285714,1.5508,2.524285714285714,2.4149571428571432
25-2057.00,"Special Education Teachers, Middle School",1.8571428571428568,1.6364285714285711,2.607828571428572,1.9085714285714288,1.6063428571428573,2.216428571428572,1.1106285714285715,2.765714285714286,2.596342857142857,2.645714285714285,2.596342857142857,2.524285714285714,2.645714285714285,2.4732142857142856,2.7142857142857144,1.5614285714285714,1.6875,2.524285714285714,1.5207142857142857,1.0,1.8057142857142856,3.1973000000000003,1.6875,2.645714285714285,1.7734857142857143,2.645714285714285,1.7200000000000002,2.645714285714285,1.8268
25-2058.00,"Special Education Teachers, Secondary School",2.0,1.6665142857142858,3.208885714285714,1.8571428571428568,1.5785714285714287,2.2767857142857144,1.2036571428571428,3.117142857142857,2.596342857142857,2.645714285714285,2.596342857142857,2.524285714285714,2.7142857142857144,2.327857142857143,2.3192,1.6364285714285711,1.8057142857142856,2.327857142857143,1.7200000000000002,1.0,1.8057142857142856,3.4091714285714283,1.7734857142857143,2.662857142857143,1.7734857142857143,2.645714285714285,1.7200000000000002,2.645714285714285,2.373328571428571
25-2059.01,Adapted Physical Education Specialists,1.9285714285714288,1.2857142857142856,2.422,1.9085714285714288,1.2857142857142856,2.086428571428572,1.062857142857143,2.645714285714285,2.596342857142857,2.645714285714285,2.1492,2.596342857142857,2.645714285714285,1.9842857142857144,2.662857142857143,1.5165142857142857,1.7734857142857143,2.205357142857143,1.7200000000000002,1.0042857142857142,1.9085714285714288,3.1,1.6875,2.596342857142857,1.6875,2.5428571428571427,1.2857142857142856,2.596342857142857,2.230057142857143
25-3011.00,"Adult Basic Education, Adult Secondary Education, and English as a Second Language Instructors",1.8057142857142856,1.7385714285714284,2.4423142857142857,1.822857142857143,1.5785714285714287,1.9085714285714288,1.0664285714285715,2.524285714285714,2.2928571428571427,2.7142857142857144,2.1635714285714283,2.25,2.524285714285714,2.044642857142857,2.1607142857142856,1.2857142857142856,1.655,2.0,1.6063428571428573,1.0,1.822857142857143,2.635885714285714,1.6063428571428573,2.25,1.7200000000000002,2.7142857142857144,1.7385714285714284,2.4522285714285714,1.8519571428571429
25-3021.00,Self-Enrichment Teachers,1.8571428571428568,1.268571428571429,2.294442857142857,1.5508,1.231428571428571,1.7734857142857143,1.0206285714285714,2.19,1.9449142857142856,2.1357142857142857,1.8571428571428568,1.9449142857142856,2.1357142857142857,1.7385714285714284,1.9449142857142856,1.4821428571428572,1.394285714285714,1.9449142857142856,1.32,1.0,1.5207142857142857,2.3872857142857145,1.2857142857142856,1.8914285714285717,1.51,2.06,1.25,1.8914285714285717,2.0370285714285714
25-3031.00,"Substitute Teachers, Short-Term",1.7200000000000002,1.231428571428571,1.6408,1.6063428571428573,1.197142857142857,1.7385714285714284,1.0271428571428571,1.9085714285714288,2.105,2.3392857142857144,2.02,2.105,2.4035714285714285,1.872228571428572,1.822857142857143,1.3392000000000002,1.5357142857142858,1.7734857142857143,1.4017857142857142,1.0020571428571428,1.4435714285714285,1.924057142857143,1.32,2.023657142857143,1.5614285714285714,2.3392857142857144,1.32,2.023657142857143,1.6285714285714286
25-3041.00,Tutors,1.8571428571428568,1.8057142857142856,2.95,1.9449142857142856,1.6714285714285717,2.1677714285714287,1.0549142857142857,2.662857142857143,2.0608,2.7142857142857144,2.0608,2.4732142857142856,2.782857142857143,2.023657142857143,2.31,1.32,1.6875,2.0028571428571427,1.3785714285714286,1.0,1.7734857142857143,2.812857142857143,1.595,2.2308,1.7734857142857143,2.7142857142857144,1.6063428571428573,2.4035714285714285,2.0815
25-4011.00,Archivists,2.765714285714286,1.3392000000000002,3.5938571428571424,1.8571428571428568,1.2857142857142856,2.0028571428571427,1.1734857142857142,1.8057142857142856,2.4035714285714285,2.877142857142857,2.2071428571428573,2.3192,2.8363428571428573,1.7734857142857143,2.1492,1.4691999999999998,1.32,2.645714285714285,1.4179428571428572,1.0,1.51,3.5531857142857146,1.4017857142857142,1.8914285714285717,1.6063428571428573,2.748571428571428,1.4691999999999998,2.6950857142857143,2.6128
25-4012.00,Curators,2.6185714285714288,1.8728571428571428,3.0662714285714285,1.9449142857142856,1.8057142857142856,2.354914285714286,1.1785714285714286,2.125,2.8020571428571426,3.0357142857142856,2.571428571428571,2.7207142857142856,2.98,2.096342857142857,2.4714285714285715,2.2471428571428573,1.655,2.275,1.6875,1.0020571428571428,2.096342857142857,3.490042857142857,1.4928571428571429,2.542057142857143,1.6875,2.954285714285714,1.78,2.9008000000000003,2.626842857142857
25-4013.00,Museum Technicians and Conservators,2.06,1.5142857142857142,2.383728571428572,1.8571428571428568,1.4464285714285716,1.9085714285714288,1.4435714285714285,1.8057142857142856,2.1635714285714283,2.3857142857142857,2.06,2.086428571428572,2.542057142857143,1.7200000000000002,1.8914285714285717,2.086428571428572,1.51,2.354914285714286,1.7734857142857143,1.0885714285714283,1.9449142857142856,2.5424,1.3808,2.06,1.7200000000000002,2.3857142857142857,1.34,2.205357142857143,1.7140571428571427
25-4022.00,Librarians and Media Collections Specialists,2.2071428571428573,1.32,3.276571428571429,1.7857142857142856,1.25,1.7485714285714289,1.0042857142857142,1.837942857142857,2.044642857142857,2.729371428571429,2.0028571428571427,2.4035714285714285,2.645714285714285,1.872228571428572,1.9642857142857144,1.3008,1.4821428571428572,2.31,1.6364285714285711,1.0065142857142857,1.75,2.9044,1.8057142857142856,1.8914285714285717,1.8125,2.4732142857142856,1.3392000000000002,2.4035714285714285,2.1984142857142857
25-4031.00,Library Technicians,1.9085714285714288,1.2857142857142856,2.1907,1.7385714285714284,1.302857142857143,1.4285714285714286,1.0089285714285714,1.822857142857143,1.8571428571428568,2.205357142857143,1.7734857142857143,1.9285714285714288,2.3192,1.655,1.7734857142857143,1.2857142857142856,1.2857142857142856,1.8571428571428568,1.655,1.0020571428571428,1.8057142857142856,2.3623857142857148,1.2857142857142856,1.8057142857142856,1.4928571428571429,1.8571428571428568,1.302857142857143,1.8057142857142856,1.6089142857142855
25-9021.00,Farm and Home Management Educators,2.4971428571428573,1.9285714285714288,3.6149714285714287,1.8571428571428568,2.0,2.571428571428571,1.6875,2.6185714285714288,2.821428571428571,3.005714285714286,2.877142857142857,2.524285714285714,3.0357142857142856,2.105,2.7678571428571432,1.8571428571428568,1.822857142857143,2.765714285714286,1.8057142857142856,1.0089285714285714,1.8914285714285717,3.654142857142857,1.8571428571428568,2.645714285714285,1.9085714285714288,2.877142857142857,1.8914285714285717,2.748571428571428,3.385
25-9031.00,Instructional Coordinators,2.375,1.822857142857143,3.3299714285714286,1.8914285714285717,1.7200000000000002,2.596342857142857,1.0442857142857145,3.205357142857143,2.6950857142857143,3.3563428571428573,2.6185714285714288,2.6950857142857143,2.98,2.4522285714285714,2.6950857142857143,1.8571428571428568,1.7385714285714284,2.524285714285714,1.6364285714285711,1.0020571428571428,1.8571428571428568,3.935,1.7734857142857143,2.7142857142857144,1.9449142857142856,3.145,1.8571428571428568,3.005714285714286,3.0577857142857146
25-9042.00,"Teaching Assistants, Preschool, Elementary, Middle, and Secondary School, Except Special Education",2.02,1.4906285714285716,3.261414285714286,1.7385714285714284,1.5357142857142858,1.9085714285714288,1.0477714285714286,2.19,2.1492,2.375,1.9449142857142856,2.02,2.354914285714286,2.0028571428571427,1.872228571428572,1.655,1.6875,2.216428571428572,1.655,1.0,1.625,3.214857142857143,1.5508,2.25,1.6665142857142858,2.2071428571428573,1.5785714285714287,2.19,2.8511428571428565
25-9043.00,"Teaching Assistants, Special Education",1.822857142857143,1.2208,2.089385714285714,1.7934857142857146,1.157142857142857,1.6428571428571428,1.0271428571428571,2.354914285714286,2.0608,2.265085714285714,1.872228571428572,2.19,2.31,1.595,1.7857142857142856,1.3785714285714286,1.605714285714286,1.9257142857142855,1.5300000000000002,1.0336571428571428,1.595,2.320428571428572,1.5785714285714287,2.375,1.6364285714285711,2.086428571428572,1.2592,1.9449142857142856,1.6853142857142858
25-9044.00,"Teaching Assistants, Postsecondary",1.8571428571428568,1.4017857142857142,2.488457142857144,1.822857142857143,1.3571428571428572,1.9449142857142856,1.231428571428571,2.19,2.1357142857142857,2.7142857142857144,2.023657142857143,2.023657142857143,2.748571428571428,1.8571428571428568,1.8914285714285717,1.3392000000000002,1.4179428571428572,1.8571428571428568,1.32,1.0,1.4821428571428572,2.6701428571428574,1.32,1.9449142857142856,1.4017857142857142,2.4285714285714284,1.4435714285714285,2.086428571428572,1.9770285714285716
27-1011.00,Art Directors,2.3857142857142857,1.6685714285714286,3.643371428571428,1.6875,1.467857142857143,2.4035714285714285,1.0089285714285714,1.9657142857142855,2.4971428571428573,2.7142857142857144,2.3857142857142857,2.571428571428571,2.4732142857142856,2.354914285714286,2.2471428571428573,2.596342857142857,1.5508,2.524285714285714,1.7200000000000002,1.0020571428571428,1.8571428571428568,3.4777142857142858,1.75,2.4732142857142856,1.5165142857142857,2.3192,1.467857142857143,2.36,1.854042857142857
27-1012.00,Craft Artists,2.0,1.4906285714285716,2.242,1.8057142857142856,1.3392000000000002,1.6875,1.0,1.302857142857143,1.8571428571428568,1.8571428571428568,1.822857142857143,1.9449142857142856,1.8571428571428568,1.4285714285714286,1.655,2.542057142857143,1.2857142857142856,1.8571428571428568,1.2857142857142856,1.2857142857142856,1.2857142857142856,2.753714285714286,1.2857142857142856,1.822857142857143,1.2857142857142856,1.6063428571428573,1.4464285714285716,1.6875,1.9617142857142855
27-1013.00,"Fine Artists, Including Painters, Sculptors, and Illustrators",1.9842857142857144,1.2208,2.5322285714285715,1.8057142857142856,1.2208,1.7734857142857143,1.0,1.4691999999999998,1.8571428571428568,1.8571428571428568,1.8571428571428568,2.044642857142857,1.8914285714285717,1.7385714285714284,2.086428571428572,2.821428571428571,1.3571428571428572,1.8571428571428568,1.4821428571428572,1.231428571428571,1.655,2.7641142857142857,1.3008,1.8571428571428568,1.1339285714285714,1.8057142857142856,1.3392000000000002,1.7385714285714284,1.387
27-1014.00,Special Effects Artists and Animators,2.0342857142857143,1.595,3.5384,1.8571428571428568,1.3808,1.9285714285714288,1.0020571428571428,1.8057142857142856,2.4035714285714285,2.7142857142857144,2.086428571428572,2.4732142857142856,2.571428571428571,1.8571428571428568,2.023657142857143,2.7142857142857144,1.51,2.1492,1.6875,1.1408,1.6875,2.371085714285714,1.5892857142857142,2.31,1.4192,2.3392857142857144,1.4928571428571429,1.9085714285714288,2.1866000000000003
27-1021.00,Commercial and Industrial Designers,2.1750857142857143,1.845,2.796342857142857,1.9449142857142856,1.875,2.524285714285714,1.6364285714285711,1.7200000000000002,2.8150000000000004,2.571428571428571,2.3192,2.571428571428571,2.6950857142857143,2.0028571428571427,2.142857142857143,2.6696428571428568,1.595,2.4522285714285714,1.6875,1.2363428571428572,2.1357142857142857,2.698057142857144,1.4017857142857142,2.4522285714285714,1.5614285714285714,2.1750857142857143,1.7200000000000002,2.1750857142857143,1.6213857142857144
27-1022.00,Fashion Designers,2.4522285714285714,1.335714285714286,3.054742857142857,1.8571428571428568,1.36,2.216428571428572,1.0065142857142857,1.9449142857142856,2.4035714285714285,2.5428571428571427,2.1142857142857143,2.645714285714285,2.4035714285714285,2.4732142857142856,2.2767857142857144,2.422142857142857,1.4285714285714286,1.9449142857142856,1.7385714285714284,1.0357142857142856,1.7734857142857143,3.782228571428572,1.32,2.1677714285714287,1.2857142857142856,2.354914285714286,1.467857142857143,2.19,2.532142857142857
27-1023.00,Floral Designers,2.1142857142857143,1.335714285714286,2.0278714285714283,1.6428571428571428,1.3785714285714286,1.655,1.0089285714285714,1.3785714285714286,1.9449142857142856,1.8571428571428568,1.7734857142857143,2.086428571428572,1.8057142857142856,1.9257142857142855,1.822857142857143,2.44,1.3785714285714286,2.0028571428571427,1.3785714285714286,1.0549142857142857,1.3125,2.6185714285714288,1.3125,1.7385714285714284,1.231428571428571,1.7734857142857143,1.24,1.5892857142857142,1.6474000000000002
27-1024.00,Graphic Designers,1.8914285714285717,1.25,3.164285714285714,1.822857142857143,1.302857142857143,1.9449142857142856,1.0020571428571428,1.75,2.086428571428572,2.327857142857143,1.9449142857142856,2.2471428571428573,2.1357142857142857,1.9085714285714288,2.044642857142857,2.096342857142857,1.4906285714285716,1.9085714285714288,1.5625,1.0020571428571428,1.6875,3.3542857142857145,1.4017857142857142,2.023657142857143,1.302857142857143,2.2928571428571427,1.2857142857142856,1.9642857142857144,2.4000000000000004
27-1025.00,Interior Designers,2.3192,1.822857142857143,3.142857142857143,1.822857142857143,1.8914285714285717,2.4035714285714285,1.0020571428571428,1.6364285714285711,2.4035714285714285,2.645714285714285,1.9642857142857144,2.7142857142857144,2.7142857142857144,2.02,1.9449142857142856,2.7142857142857144,1.6364285714285711,2.096342857142857,1.7036571428571428,1.0,1.8057142857142856,3.6742857142857135,1.467857142857143,2.524285714285714,1.4017857142857142,2.4522285714285714,1.7734857142857143,2.4522285714285714,2.9188
27-1026.00,Merchandise Displayers and Window Trimmers,2.0028571428571427,1.2592,1.945971428571429,1.7385714285714284,1.197142857142857,1.7734857142857143,1.0089285714285714,1.394285714285714,2.0028571428571427,1.8571428571428568,1.8571428571428568,2.086428571428572,1.8914285714285717,1.822857142857143,1.8057142857142856,2.596342857142857,1.3785714285714286,2.044642857142857,1.625,1.0271428571428571,1.5508,3.101571428571429,1.3571428571428572,1.9085714285714288,1.16,1.8571428571428568,1.268571428571429,1.7734857142857143,1.794057142857143
27-1027.00,Set and Exhibit Designers,2.25,1.6875,3.0428571428571427,1.8571428571428568,1.9657142857142855,2.3192,1.0942857142857143,1.7385714285714284,2.4035714285714285,2.596342857142857,2.25,2.4732142857142856,2.645714285714285,2.422142857142857,1.9449142857142856,2.928571428571429,1.7385714285714284,2.4732142857142856,1.8057142857142856,1.1734857142857142,1.8571428571428568,3.7072,1.6875,2.596342857142857,1.5357142857142858,2.4732142857142856,1.6875,2.0028571428571427,2.6013714285714284
27-2011.00,Actors,1.75,1.0,1.3103,1.8914285714285717,1.0,1.7036571428571428,1.0357142857142856,1.625,1.8057142857142856,2.44,1.8057142857142856,1.8571428571428568,2.596342857142857,1.8571428571428568,1.6063428571428573,1.5785714285714287,1.7200000000000002,1.8057142857142856,1.268571428571429,1.0,1.4249999999999998,2.012057142857143,1.36,1.9449142857142856,2.645714285714285,1.9077714285714285,1.0020571428571428,1.9077714285714285,1.4218000000000002
27-2012.00,Producers and Directors,2.4035714285714285,1.6665142857142858,3.222,1.9085714285714288,1.5614285714285714,2.19,1.0020571428571428,2.06,2.9522285714285714,2.748571428571428,2.354914285714286,2.765714285714286,2.7142857142857144,2.542057142857143,2.125,2.4971428571428573,1.9449142857142856,2.4732142857142856,1.8571428571428568,1.12,2.1492,3.372642857142857,1.9449142857142856,2.7142857142857144,1.7734857142857143,2.6696428571428568,1.5892857142857142,2.6696428571428568,2.7058857142857144
27-2012.03,Media Programming Directors,2.1492,1.5892857142857142,3.070271428571428,1.9842857142857144,1.302857142857143,2.571428571428571,1.0206285714285714,1.8914285714285717,2.524285714285714,2.782857142857143,2.4522285714285714,2.8363428571428573,2.782857142857143,2.662857142857143,2.596342857142857,1.6942857142857144,1.8571428571428568,2.4035714285714285,1.4435714285714285,1.0,1.8057142857142856,2.8018,1.7200000000000002,2.782857142857143,1.7200000000000002,2.782857142857143,1.5614285714285714,2.524285714285714,2.470857142857143
27-2012.04,Talent Directors,1.9449142857142856,1.4179428571428572,2.140542857142857,1.7734857142857143,1.268571428571429,2.044642857142857,1.0357142857142856,1.655,2.4035714285714285,2.7142857142857144,2.375,2.645714285714285,2.645714285714285,1.9642857142857144,1.8914285714285717,1.6665142857142858,1.6714285714285717,2.044642857142857,1.4017857142857142,1.0,1.6063428571428573,2.824,1.3392000000000002,2.1607142857142856,1.4691999999999998,2.4522285714285714,1.4691999999999998,2.044642857142857,2.5698571428571437
27-2012.05,Media Technical Directors/Managers,2.1492,1.2857142857142856,3.132,2.205357142857143,1.36,2.2928571428571427,1.0020571428571428,2.125,2.7142857142857144,2.524285714285714,2.4732142857142856,2.645714285714285,2.4971428571428573,2.3392857142857144,2.2308,2.1357142857142857,1.9449142857142856,2.2928571428571427,2.0028571428571427,1.5892857142857142,2.044642857142857,3.7182857142857135,1.8914285714285717,2.7142857142857144,1.655,2.4732142857142856,1.3392000000000002,2.19,2.2235428571428573
27-2021.00,Athletes and Sports Competitors,1.625,1.24,2.6730857142857145,1.9449142857142856,1.24,1.822857142857143,1.1071428571428572,1.8057142857142856,2.02,1.9642857142857144,2.0608,2.225714285714286,1.9085714285714288,1.8571428571428568,1.8571428571428568,1.822857142857143,1.7734857142857143,1.9642857142857144,1.7734857142857143,1.0,1.6875,2.872,1.3785714285714286,2.2342857142857144,1.4179428571428572,1.7200000000000002,1.24,1.7200000000000002,2.6065
27-2022.00,Coaches and Scouts,2.524285714285714,1.3571428571428572,2.571142857142857,1.9842857142857144,1.32,2.596342857142857,1.0992,2.782857142857143,2.6185714285714288,2.524285714285714,2.571428571428571,2.7142857142857144,2.7142857142857144,2.645714285714285,2.645714285714285,2.4892,1.8057142857142856,2.645714285714285,1.722057142857143,1.1734857142857142,1.9842857142857144,3.3829,1.75,2.571428571428571,1.7200000000000002,2.3392857142857144,1.302857142857143,2.4971428571428573,2.705457142857143
27-2023.00,"Umpires, Referees, and Other Sports Officials",1.7036571428571428,1.3008,2.809971428571428,2.211428571428572,1.4542857142857144,1.7857142857142856,1.0407142857142857,1.822857142857143,2.044642857142857,1.8571428571428568,1.822857142857143,2.19,1.8914285714285717,1.7734857142857143,1.8571428571428568,1.6063428571428573,1.9449142857142856,1.7734857142857143,2.096342857142857,1.0020571428571428,2.06,1.4605714285714284,1.8914285714285717,2.4035714285714285,1.7857142857142856,1.7036571428571428,1.3008,1.625,1.6827142857142858
27-2031.00,Dancers,1.6875,1.0357142857142856,1.525,1.822857142857143,1.0206285714285714,1.4542857142857144,1.0,1.5892857142857142,1.6364285714285711,1.6875,1.5614285714285714,1.7485714285714289,1.7200000000000002,1.6714285714285717,1.7200000000000002,1.6875,1.4285714285714286,1.837942857142857,1.5357142857142858,1.0,1.6063428571428573,2.0504,1.467857142857143,1.7857142857142856,1.837942857142857,1.5785714285714287,1.0357142857142856,1.5357142857142858,1.2204142857142857
27-2032.00,Choreographers,1.8571428571428568,1.25,2.2032,1.9085714285714288,1.077942857142857,1.8571428571428568,1.0020571428571428,2.31,2.354914285714286,2.265085714285714,2.0028571428571427,2.1492,2.2071428571428573,2.1492,2.044642857142857,2.4732142857142856,1.7734857142857143,2.086428571428572,1.6063428571428573,1.0,1.6364285714285711,3.592,1.3392000000000002,2.4035714285714285,1.822857142857143,1.8914285714285717,1.2142857142857144,1.8571428571428568,2.889642857142857
27-2041.00,Music Directors and Composers,2.2928571428571427,1.3008,2.6011285714285712,2.023657142857143,1.2592,1.9449142857142856,1.0135714285714286,1.75,2.4714285714285715,2.524285714285714,2.023657142857143,2.3392857142857144,2.25,1.9449142857142856,2.1492,1.4435714285714285,1.6063428571428573,2.571428571428571,1.6875,1.0542857142857145,2.023657142857143,3.0452857142857144,1.8571428571428568,2.1492,2.0342857142857143,2.25,1.4017857142857142,2.19,2.921242857142857
27-2042.00,Musicians and Singers,1.8057142857142856,1.28,2.1811,1.8728571428571428,1.157142857142857,1.5165142857142857,1.0042857142857142,1.6364285714285711,1.7385714285714284,2.25,1.7385714285714284,1.7485714285714289,1.872228571428572,1.6714285714285717,1.625,1.655,1.6063428571428573,1.8571428571428568,1.7857142857142856,1.0271428571428571,1.9449142857142856,2.2049714285714286,2.044642857142857,1.8057142857142856,2.4285714285714284,1.9085714285714288,1.28,1.6875,1.7125714285714286
27-3011.00,Broadcast Announcers and Radio Disc Jockeys,1.8571428571428568,1.1408,2.9608428571428576,2.0608,1.0942857142857143,1.8571428571428568,1.0,1.302857142857143,2.1635714285714283,2.645714285714285,1.9642857142857144,2.571428571428571,2.645714285714285,2.0028571428571427,1.9449142857142856,1.268571428571429,1.8571428571428568,1.9449142857142856,1.4435714285714285,1.0206285714285714,1.3571428571428572,2.7728571428571427,1.8571428571428568,1.9449142857142856,2.071428571428571,2.524285714285714,1.16,2.211428571428572,2.029257142857143
27-3023.00,"News Analysts, Reporters, and Journalists",1.78,1.231428571428571,3.0148,2.02,1.2142857142857144,2.0028571428571427,1.0,1.4435714285714285,2.1635714285714283,2.422142857142857,2.19,2.19,2.551428571428572,2.2071428571428573,2.086428571428572,1.3706285714285715,1.5207142857142857,2.19,1.4906285714285716,1.0,1.8571428571428568,2.939314285714285,1.5785714285714287,2.19,1.6875,2.4893714285714283,1.3571428571428572,2.821428571428571,1.9330285714285715
27-3031.00,Public Relations Specialists,1.8571428571428568,1.302857142857143,3.2936714285714284,1.7385714285714284,1.2857142857142856,2.19,1.0357142857142856,1.837942857142857,2.645714285714285,2.6950857142857143,2.4035714285714285,2.6950857142857143,2.7142857142857144,2.596342857142857,2.275,1.5785714285714287,1.7036571428571428,1.8571428571428568,1.2857142857142856,1.0,1.4435714285714285,3.8985,1.3392000000000002,2.6950857142857143,1.4017857142857142,2.821428571428571,1.3392000000000002,2.7142857142857144,2.866857142857143
27-3041.00,Editors,2.354914285714286,1.3008,2.9445571428571427,1.8571428571428568,1.3808,1.9449142857142856,1.0,1.8057142857142856,2.3392857142857144,3.7049142857142856,2.2308,2.645714285714285,3.837942857142857,2.36,2.1750857142857143,1.8057142857142856,1.51,2.2308,1.8728571428571428,1.0,2.096342857142857,2.806142857142857,1.6875,2.1492,1.6364285714285711,3.585714285714286,1.302857142857143,3.321428571428572,2.330285714285714
27-3042.00,Technical Writers,1.8914285714285717,1.1106285714285715,3.361642857142857,1.51,1.0549142857142857,1.75,1.0089285714285714,1.4821428571428572,2.571428571428571,3.005714285714286,2.0608,2.4522285714285714,3.1750857142857143,1.9085714285714288,2.1635714285714283,1.9285714285714288,1.2036571428571428,2.4971428571428573,1.3008,1.0,1.4249999999999998,3.0085714285714285,1.2208,2.0608,1.197142857142857,3.377142857142857,1.1257142857142857,3.7714285714285714,1.9298285714285717
27-3043.00,Writers and Authors,1.8571428571428568,1.0271428571428571,2.982571428571428,1.625,1.0178571428571428,1.8571428571428568,1.0020571428571428,1.7200000000000002,2.023657142857143,2.894285714285714,2.06,2.4971428571428573,2.8363428571428573,2.265085714285714,2.105,1.4928571428571429,1.4285714285714286,1.8914285714285717,1.25,1.0,1.5614285714285714,2.8136857142857146,1.6063428571428573,1.9657142857142855,1.3706285714285715,3.4564285714285714,1.0271428571428571,3.742857142857143,2.102257142857143
27-3043.05,"Poets, Lyricists and Creative Writers",1.9085714285714288,1.1257142857142857,2.912285714285714,1.8571428571428568,1.0803571428571428,1.9842857142857144,1.0020571428571428,1.6875,2.06,2.894285714285714,2.19,2.4732142857142856,3.205357142857143,1.6875,2.4732142857142856,1.5892857142857142,1.1408,2.023657142857143,1.22,1.0,1.6875,3.296785714285714,1.5165142857142857,1.94,1.302857142857143,3.475,1.1257142857142857,4.080357142857142,2.1066857142857143
27-3091.00,Interpreters and Translators,1.8571428571428568,1.16,3.126057142857143,2.096342857142857,1.1785714285714286,1.8571428571428568,1.0020571428571428,1.8914285714285717,1.9449142857142856,2.7142857142857144,1.8571428571428568,2.4522285714285714,2.645714285714285,1.8571428571428568,1.9085714285714288,1.5300000000000002,1.8571428571428568,2.422142857142857,1.8057142857142856,1.0,1.8057142857142856,2.410057142857143,1.8571428571428568,2.354914285714286,1.7385714285714284,2.7142857142857144,1.16,2.571428571428571,1.684
27-3092.00,Court Reporters and Simultaneous Captioners,1.4179428571428572,1.16,3.4576857142857143,2.178571428571429,1.0549142857142857,1.32,1.0,1.268571428571429,1.7734857142857143,2.645714285714285,1.5785714285714287,1.5892857142857142,2.096342857142857,1.7485714285714289,1.4691999999999998,1.157142857142857,1.4542857142857144,1.9642857142857144,1.4821428571428572,1.0089285714285714,1.32,2.7388,1.3008,1.7036571428571428,1.4464285714285716,2.607142857142857,1.1257142857142857,2.105,2.222314285714286
27-4011.00,Audio and Video Technicians,1.9449142857142856,1.36,3.427428571428571,1.9449142857142856,1.2857142857142856,1.9642857142857144,1.0,1.75,2.1492,2.3392857142857144,2.1635714285714283,2.3392857142857144,2.2928571428571427,1.8571428571428568,1.8571428571428568,2.0,1.822857142857143,2.524285714285714,1.8914285714285717,1.5625,1.9842857142857144,3.154057142857143,1.4464285714285716,2.4732142857142856,1.3392000000000002,2.25,1.3571428571428572,1.9449142857142856,2.661728571428572
27-4012.00,Broadcast Technicians,1.8914285714285717,1.4906285714285716,3.317714285714286,2.1750857142857143,1.7200000000000002,2.044642857142857,1.1257142857142857,1.8057142857142856,2.1635714285714283,2.31,1.9449142857142856,2.327857142857143,2.096342857142857,1.9449142857142856,1.9449142857142856,1.8914285714285717,1.625,2.0028571428571427,1.9285714285714288,1.75,1.9842857142857144,2.8425,1.7200000000000002,2.4035714285714285,1.6665142857142858,1.9642857142857144,1.3392000000000002,2.0028571428571427,2.1286428571428573
27-4014.00,Sound Engineering Technicians,2.125,1.32,3.511542857142857,2.1142857142857143,1.2857142857142856,2.0608,1.0664285714285715,1.5357142857142858,2.19,2.19,1.9449142857142856,2.3392857142857144,2.1635714285714283,1.9085714285714288,1.9449142857142856,1.7200000000000002,1.7385714285714284,1.9449142857142856,1.9449142857142856,1.5357142857142858,2.044642857142857,2.8957714285714284,2.0028571428571427,1.9842857142857144,1.4691999999999998,2.086428571428572,1.3392000000000002,1.9085714285714288,2.5542857142857143
27-4021.00,Photographers,2.023657142857143,1.268571428571429,3.166942857142857,1.8571428571428568,1.25,1.9085714285714288,1.1607142857142858,1.7734857142857143,2.1357142857142857,2.1635714285714283,1.8571428571428568,1.9842857142857144,1.9449142857142856,1.8571428571428568,1.9449142857142856,2.645714285714285,1.7200000000000002,1.8571428571428568,1.6875,1.4017857142857142,1.8914285714285717,3.200357142857143,1.542142857142857,2.19,1.2857142857142856,1.8571428571428568,1.25,1.7734857142857143,3.0261571428571425
27-4031.00,"Camera Operators, Television, Video, and Film",1.822857142857143,1.2857142857142856,3.119371428571428,2.044642857142857,1.268571428571429,1.8914285714285717,1.0,1.7200000000000002,2.06,1.8728571428571428,1.9085714285714288,2.06,2.044642857142857,1.9449142857142856,1.8057142857142856,2.4732142857142856,1.8571428571428568,2.0028571428571427,1.837942857142857,1.6665142857142858,2.044642857142857,2.380585714285714,1.4821428571428572,2.216428571428572,1.36,1.75,1.2857142857142856,1.7734857142857143,1.5807857142857142
27-4032.00,Film and Video Editors,2.2308,1.2857142857142856,3.5578857142857143,2.105,1.22,2.0028571428571427,1.0,1.6364285714285711,2.19,2.4971428571428573,2.023657142857143,2.25,2.275,1.9085714285714288,2.044642857142857,2.4035714285714285,1.51,2.524285714285714,1.9449142857142856,1.1339285714285714,1.9449142857142856,3.1888,1.6171428571428572,2.086428571428572,1.4464285714285716,2.2308,1.2857142857142856,1.9449142857142856,2.1712
29-1011.00,Chiropractors,2.1750857142857143,1.5892857142857142,3.1894285714285715,1.822857142857143,1.4928571428571429,2.354914285714286,2.275,1.837942857142857,2.877142857142857,2.821428571428571,2.877142857142857,2.6950857142857143,2.8514285714285714,2.044642857142857,2.3192,1.8057142857142856,1.655,2.524285714285714,1.7734857142857143,1.0,1.9842857142857144,2.837371428571428,1.837942857142857,3.0357142857142856,1.6875,2.645714285714285,1.4910714285714284,2.524285714285714,2.5753
29-1021.00,"Dentists, General",2.571428571428571,1.8914285714285717,4.1304,2.596342857142857,1.75,2.765714285714286,2.4732142857142856,2.1357142857142857,3.1750857142857143,2.821428571428571,3.34,2.9522285714285714,3.142857142857143,2.645714285714285,2.8514285714285714,2.205357142857143,1.837942857142857,2.645714285714285,1.8914285714285717,1.4179428571428572,2.3392857142857144,3.522685714285714,1.94,3.377142857142857,1.6875,2.2308,1.8571428571428568,2.2857142857142856,2.938928571428572
29-1022.00,Oral and Maxillofacial Surgeons,2.3192,1.8057142857142856,4.077142857142857,2.4035714285714285,1.6364285714285711,2.9522285714285714,2.3857142857142857,1.9077714285714285,3.091428571428572,2.954285714285714,3.142857142857143,3.0357142857142856,3.25,2.105,2.8514285714285714,2.3242857142857147,1.8057142857142856,2.748571428571428,1.9449142857142856,1.3008,2.275,2.859314285714286,1.7200000000000002,3.25,1.7200000000000002,2.542057142857143,1.8057142857142856,2.3857142857142857,2.5503
29-1023.00,Orthodontists,2.1635714285714283,1.6171428571428572,3.6782714285714286,2.044642857142857,1.4192,2.7142857142857144,2.19,2.125,2.7142857142857144,2.765714285714286,2.765714285714286,2.7142857142857144,2.6950857142857143,2.571428571428571,2.571428571428571,2.096342857142857,1.822857142857143,2.571428571428571,1.75,1.197142857142857,1.8057142857142856,2.963542857142857,1.5357142857142858,3.1750857142857143,1.6364285714285711,2.7142857142857144,1.6428571428571428,2.36,2.6428000000000003
29-1024.00,Prosthodontists,1.9449142857142856,1.6875,4.099257142857143,1.9642857142857144,1.3742857142857143,2.524285714285714,1.8571428571428568,1.8057142857142856,2.7142857142857144,2.6185714285714288,2.7142857142857144,2.7142857142857144,2.4522285714285714,2.044642857142857,1.9285714285714288,2.2471428571428573,1.75,2.1492,1.7734857142857143,1.231428571428571,1.8571428571428568,3.4817142857142858,1.4249999999999998,2.8363428571428573,1.3785714285714286,2.2471428571428573,1.36,2.19,2.5022
29-1031.00,Dietitians and Nutritionists,2.6950857142857143,1.9449142857142856,3.6334142857142857,1.822857142857143,1.8571428571428568,2.6950857142857143,2.1635714285714283,2.6185714285714288,2.765714285714286,2.821428571428571,2.765714285714286,2.765714285714286,3.091428571428572,2.125,2.542057142857143,1.5357142857142858,1.5207142857142857,2.571428571428571,1.7734857142857143,1.0,1.7734857142857143,2.954728571428572,1.467857142857143,2.7142857142857144,1.7200000000000002,2.821428571428571,1.8571428571428568,2.748571428571428,1.956857142857143
29-1041.00,Optometrists,2.571428571428571,1.8571428571428568,4.324371428571428,2.044642857142857,1.8571428571428568,2.3192,2.524285714285714,1.9449142857142856,3.0357142857142856,3.0357142857142856,3.091428571428572,2.894285714285714,3.1750857142857143,2.044642857142857,2.1750857142857143,1.8571428571428568,1.822857142857143,2.645714285714285,1.9842857142857144,1.0,2.645714285714285,2.6768,1.75,3.2285714285714286,1.5677714285714286,2.645714285714285,1.94,2.7142857142857144,2.5292142857142856
29-1051.00,Pharmacists,2.748571428571428,2.086428571428572,3.6529142857142856,1.9085714285714288,2.044642857142857,2.31,2.275,2.023657142857143,2.748571428571428,3.1750857142857143,2.6950857142857143,2.8020571428571426,3.0357142857142856,2.354914285714286,2.542057142857143,1.4464285714285716,1.8571428571428568,2.6185714285714288,1.9449142857142856,1.0135714285714286,1.837942857142857,2.833828571428572,1.8057142857142856,2.98,1.8914285714285717,2.6950857142857143,2.1635714285714283,2.645714285714285,1.6529285714285713
29-1071.00,Physician Assistants,2.3192,1.8571428571428568,4.412114285714285,1.8057142857142856,1.8571428571428568,2.645714285714285,2.4522285714285714,2.023657142857143,2.9522285714285714,2.928571428571429,3.1750857142857143,3.0592,3.117142857142857,2.205357142857143,2.6950857142857143,1.7734857142857143,1.7385714285714284,2.7142857142857144,1.8571428571428568,1.0042857142857142,2.205357142857143,3.2616,1.8057142857142856,3.117142857142857,1.7734857142857143,2.765714285714286,1.8057142857142856,2.7142857142857144,2.058014285714286
29-1071.01,Anesthesiologist Assistants,1.9449142857142856,1.8571428571428568,3.570828571428572,2.422142857142857,1.7734857142857143,2.023657142857143,1.822857142857143,1.8728571428571428,2.596342857142857,2.765714285714286,2.596342857142857,2.4035714285714285,2.6696428571428568,2.0608,2.2928571428571427,1.8057142857142856,1.8571428571428568,2.3392857142857144,2.422142857142857,1.4435714285714285,2.205357142857143,2.4485428571428574,1.8571428571428568,2.8363428571428573,1.75,2.3392857142857144,1.9077714285714285,2.06,1.5832000000000002
29-1081.00,Podiatrists,2.4522285714285714,1.7734857142857143,3.3322000000000003,1.8571428571428568,1.8057142857142856,2.6185714285714288,2.3392857142857144,2.125,3.205357142857143,3.282057142857143,3.282057142857143,2.821428571428571,3.25,2.0,3.091428571428572,2.06,1.7036571428571428,2.3857142857142857,1.8571428571428568,1.335714285714286,2.4971428571428573,2.9538571428571427,1.9449142857142856,3.3979428571428576,1.8571428571428568,2.894285714285714,1.8057142857142856,2.748571428571428,2.0063
29-1122.00,Occupational Therapists,2.086428571428572,1.3571428571428572,3.496328571428572,2.0028571428571427,1.2857142857142856,2.205357142857143,1.6875,2.596342857142857,2.7142857142857144,2.645714285714285,2.7142857142857144,2.7142857142857144,2.7142857142857144,2.524285714285714,2.596342857142857,1.7734857142857143,1.7385714285714284,2.645714285714285,1.7200000000000002,1.0089285714285714,1.8057142857142856,3.346028571428572,1.6063428571428573,2.7142857142857144,1.4691999999999998,2.7142857142857144,1.4542857142857144,2.7142857142857144,2.4525714285714284
29-1122.01,"Low Vision Therapists, Orientation and Mobility Specialists, and Vision Rehabilitation Therapists",2.105,1.5614285714285714,2.758642857142857,1.8571428571428568,1.3008,2.25,1.197142857142857,2.662857142857143,2.4522285714285714,2.7142857142857144,2.3192,2.3857142857142857,2.645714285714285,1.8914285714285717,2.524285714285714,1.7200000000000002,1.6665142857142858,2.3192,1.7734857142857143,1.0042857142857142,1.8057142857142856,3.101571428571429,1.6063428571428573,2.765714285714286,1.6665142857142858,2.645714285714285,1.2857142857142856,2.571428571428571,2.413057142857143
29-1123.00,Physical Therapists,2.0,1.6364285714285711,3.383714285714286,1.872228571428572,1.4192,2.1492,1.6364285714285711,1.9449142857142856,2.6950857142857143,2.7142857142857144,2.6950857142857143,2.662857142857143,2.877142857142857,2.4035714285714285,1.9842857142857144,1.8057142857142856,1.7734857142857143,2.596342857142857,1.7734857142857143,1.0942857142857143,1.837942857142857,2.7984571428571425,1.6875,2.6950857142857143,1.7200000000000002,2.645714285714285,1.6875,2.645714285714285,2.3668
29-1124.00,Radiation Therapists,2.06,1.75,3.8191428571428574,1.9449142857142856,1.7200000000000002,1.9085714285714288,1.75,1.8057142857142856,2.3857142857142857,2.571428571428571,2.044642857142857,2.3392857142857144,2.524285714285714,1.9842857142857144,1.8571428571428568,1.822857142857143,1.7734857142857143,2.4522285714285714,1.837942857142857,1.6063428571428573,1.8914285714285717,2.744657142857143,1.7385714285714284,2.596342857142857,1.6171428571428572,2.265085714285714,1.7200000000000002,1.9842857142857144,2.4391142857142856
29-1125.00,Recreational Therapists,1.9085714285714288,1.2857142857142856,2.847942857142857,1.8571428571428568,1.2857142857142856,2.25,1.25,2.19,2.645714285714285,2.645714285714285,2.524285714285714,2.645714285714285,2.645714285714285,2.0028571428571427,2.105,1.5892857142857142,1.8571428571428568,2.354914285714286,1.75,1.0206285714285714,1.822857142857143,3.5675,1.302857142857143,2.645714285714285,1.36,2.645714285714285,1.2857142857142856,2.645714285714285,3.162871428571428
29-1126.00,Respiratory Therapists,1.9657142857142855,1.7734857142857143,3.56,1.872228571428572,1.7200000000000002,2.0608,2.0,1.9085714285714288,2.5428571428571427,2.4732142857142856,2.662857142857143,2.645714285714285,2.4971428571428573,1.9449142857142856,2.354914285714286,1.4928571428571429,1.7734857142857143,2.5428571428571427,2.0028571428571427,1.4435714285714285,1.8571428571428568,3.2436,1.542142857142857,2.7142857142857144,1.6364285714285711,2.2928571428571427,1.7734857142857143,2.06,2.024857142857143
29-1127.00,Speech-Language Pathologists,2.571428571428571,1.7200000000000002,3.433514285714286,1.822857142857143,1.34,2.596342857142857,1.8057142857142856,2.765714285714286,2.765714285714286,3.005714285714286,2.877142857142857,2.8363428571428573,3.2285714285714286,2.044642857142857,2.748571428571428,1.5614285714285714,1.7036571428571428,2.6185714285714288,1.9449142857142856,1.0442857142857145,2.2857142857142856,3.759171428571429,1.9842857142857144,2.821428571428571,1.7200000000000002,3.205357142857143,1.4928571428571429,2.877142857142857,2.072542857142857
29-1128.00,Exercise Physiologists,2.2928571428571427,1.7734857142857143,3.202485714285714,1.822857142857143,1.8057142857142856,2.31,1.8057142857142856,2.205357142857143,2.7142857142857144,2.98,2.928571428571429,2.7142857142857144,2.928571428571429,1.8914285714285717,2.2471428571428573,1.6875,1.655,2.354914285714286,1.7200000000000002,1.1339285714285714,1.8571428571428568,2.749657142857143,1.4910714285714284,2.8363428571428573,1.5508,2.6950857142857143,1.6665142857142858,2.645714285714285,2.0032
29-1129.01,Art Therapists,1.9842857142857144,1.3392000000000002,3.1642857142857146,1.9085714285714288,1.3392000000000002,2.275,1.25,2.1750857142857143,2.645714285714285,2.765714285714286,2.645714285714285,2.645714285714285,2.645714285714285,2.086428571428572,2.524285714285714,1.8571428571428568,1.4179428571428572,2.0,1.36,1.1257142857142857,1.8057142857142856,3.388128571428572,1.5357142857142858,2.7142857142857144,1.3392000000000002,2.6950857142857143,1.3392000000000002,2.4971428571428573,2.5659428571428573
29-1129.02,Music Therapists,1.9449142857142856,1.2857142857142856,2.9730857142857143,2.4732142857142856,1.231428571428571,2.086428571428572,1.0942857142857143,2.4732142857142856,2.645714285714285,2.645714285714285,2.645714285714285,2.7142857142857144,2.7142857142857144,1.8914285714285717,2.205357142857143,1.6364285714285711,1.8057142857142856,2.4732142857142856,1.75,1.0664285714285715,1.822857142857143,2.9131428571428573,1.5892857142857142,2.782857142857143,1.6875,2.645714285714285,1.2857142857142856,2.205357142857143,2.3062857142857145
29-1131.00,Veterinarians,2.125,1.9449142857142856,3.865,1.9085714285714288,1.9449142857142856,2.5428571428571427,2.6950857142857143,1.8571428571428568,2.821428571428571,2.9522285714285714,3.091428571428572,2.748571428571428,3.1750857142857143,2.125,2.877142857142857,1.8057142857142856,1.7734857142857143,2.571428571428571,1.595,1.12,2.086428571428572,2.238142857142857,1.6171428571428572,3.1942857142857144,1.5508,2.542057142857143,1.8914285714285717,2.4714285714285715,1.4770857142857143
29-1141.00,Registered Nurses,2.3192,1.8571428571428568,4.404928571428572,2.06,1.837942857142857,2.2071428571428573,1.7734857142857143,2.1635714285714283,2.782857142857143,2.821428571428571,3.091428571428572,2.765714285714286,2.748571428571428,1.9449142857142856,2.4714285714285715,1.8914285714285717,1.9449142857142856,2.645714285714285,1.9449142857142856,1.1106285714285715,2.205357142857143,3.757857142857142,1.9449142857142856,3.2285714285714286,1.9085714285714288,2.524285714285714,1.8571428571428568,2.524285714285714,2.159771428571428
29-1141.01,Acute Care Nurses,2.125,1.822857142857143,3.4685714285714284,2.0028571428571427,1.8571428571428568,2.5,1.8571428571428568,2.275,2.8363428571428573,3.0335714285714284,2.894285714285714,2.782857142857143,3.1750857142857143,2.2071428571428573,2.821428571428571,1.7200000000000002,1.8571428571428568,2.7142857142857144,1.8571428571428568,1.2000000000000002,2.0028571428571427,3.4601,1.9449142857142856,3.265714285714286,1.822857142857143,2.765714285714286,1.6063428571428573,2.7142857142857144,2.1671428571428573
29-1141.02,Advanced Practice Psychiatric Nurses,2.25,1.6063428571428573,4.296542857142857,1.9792,1.655,2.44,1.7385714285714284,2.4732142857142856,2.8363428571428573,2.894285714285714,2.821428571428571,2.7142857142857144,2.821428571428571,2.662857142857143,2.645714285714285,1.4821428571428572,1.655,2.645714285714285,1.7734857142857143,1.0,1.9085714285714288,3.498571428571428,1.8057142857142856,3.585714285714286,1.6875,2.7142857142857144,1.7200000000000002,2.7142857142857144,2.097514285714285
29-1141.03,Critical Care Nurses,2.1750857142857143,1.8057142857142856,3.847171428571429,2.4732142857142856,1.7734857142857143,2.3906285714285715,1.8914285714285717,2.0342857142857143,2.765714285714286,2.645714285714285,2.765714285714286,2.765714285714286,2.7142857142857144,2.1635714285714283,2.645714285714285,1.7734857142857143,1.8571428571428568,2.596342857142857,2.524285714285714,1.0442857142857145,2.596342857142857,3.2813142857142856,2.2308,3.2285714285714286,1.7734857142857143,2.596342857142857,1.7734857142857143,2.36,2.180771428571429
29-1141.04,Clinical Nurse Specialists,2.571428571428571,1.8057142857142856,4.169142857142857,2.0028571428571427,1.6428571428571428,2.6950857142857143,2.071428571428571,2.4971428571428573,2.821428571428571,2.877142857142857,2.821428571428571,2.821428571428571,2.877142857142857,2.4971428571428573,2.821428571428571,1.5892857142857142,1.8571428571428568,2.571428571428571,1.8571428571428568,1.0,1.8571428571428568,3.5508571428571427,1.8571428571428568,2.821428571428571,1.8057142857142856,2.765714285714286,1.8571428571428568,2.645714285714285,2.211428571428572
29-1151.00,Nurse Anesthetists,2.275,1.9449142857142856,4.128571428571429,2.4285714285714284,2.044642857142857,2.821428571428571,2.596342857142857,2.19,2.765714285714286,3.005714285714286,2.821428571428571,2.782857142857143,2.894285714285714,2.1492,2.7142857142857144,1.9449142857142856,1.9449142857142856,2.782857142857143,2.1492,1.6875,2.044642857142857,3.194628571428572,2.044642857142857,3.678571428571429,1.8571428571428568,2.7142857142857144,1.9449142857142856,2.19,2.554042857142857
29-1161.00,Nurse Midwives,2.3192,1.6875,3.9079,2.0608,1.6063428571428573,2.5428571428571427,1.8728571428571428,2.086428571428572,2.9522285714285714,3.0892857142857144,2.821428571428571,2.9522285714285714,2.765714285714286,1.9842857142857144,2.765714285714286,1.822857142857143,1.9085714285714288,2.4971428571428573,1.9449142857142856,1.0089285714285714,1.9449142857142856,3.5292142857142856,1.8914285714285717,3.282057142857143,1.9085714285714288,2.7142857142857144,1.6665142857142858,2.645714285714285,2.6354
29-1171.00,Nurse Practitioners,2.3192,1.837942857142857,3.9127857142857145,1.8571428571428568,1.8914285714285717,2.8363428571428573,2.524285714285714,2.3857142857142857,2.9522285714285714,3.321428571428572,3.265714285714286,2.8363428571428573,3.1750857142857143,2.3192,2.765714285714286,1.7734857142857143,1.8571428571428568,2.7142857142857144,1.8571428571428568,1.0664285714285715,2.1635714285714283,3.2918571428571424,1.9449142857142856,3.377142857142857,1.8914285714285717,2.894285714285714,1.8571428571428568,2.7142857142857144,2.065714285714286
29-1181.00,Audiologists,2.086428571428572,1.8057142857142856,4.156028571428571,1.7734857142857143,1.8057142857142856,2.4522285714285714,1.9285714285714288,2.3192,2.98,3.117142857142857,3.091428571428572,2.821428571428571,3.2285714285714286,1.9642857142857144,2.877142857142857,1.5892857142857142,1.6714285714285717,2.4971428571428573,1.9449142857142856,1.4192,2.023657142857143,2.948885714285714,1.8571428571428568,3.1942857142857144,1.7734857142857143,2.877142857142857,1.5892857142857142,2.821428571428571,2.7958857142857143
29-1211.00,Anesthesiologists,1.9285714285714288,1.8914285714285717,3.8714,2.596342857142857,1.9657142857142855,2.7142857142857144,2.662857142857143,2.086428571428572,3.375,3.265714285714286,3.205357142857143,3.19,3.091428571428572,2.571428571428571,2.542057142857143,1.595,1.8914285714285717,2.6950857142857143,2.524285714285714,1.0271428571428571,2.4732142857142856,3.011885714285714,1.7734857142857143,4.142857142857142,1.4435714285714285,2.7142857142857144,1.8571428571428568,2.7142857142857144,2.519771428571429
29-1213.00,Dermatologists,2.2471428571428573,1.7200000000000002,2.8491142857142853,1.9085714285714288,1.4464285714285716,2.3857142857142857,2.4035714285714285,1.9842857142857144,3.2285714285714286,2.821428571428571,3.34,2.894285714285714,3.0077714285714285,1.9449142857142856,2.524285714285714,1.7200000000000002,1.595,2.4732142857142856,1.8571428571428568,1.0178571428571428,2.205357142857143,2.807,1.837942857142857,3.321428571428572,1.8571428571428568,2.6950857142857143,1.7200000000000002,2.4285714285714284,2.0144
29-1214.00,Emergency Medicine Physicians,2.4522285714285714,1.6942857142857144,4.298057142857143,2.4035714285714285,1.75,2.9522285714285714,1.8571428571428568,2.4971428571428573,3.3563428571428573,3.6477714285714287,3.655714285714285,3.2935714285714286,3.377142857142857,2.0028571428571427,2.877142857142857,1.837942857142857,1.9842857142857144,3.0592,2.19,1.0,2.645714285714285,3.22,2.4285714285714284,3.597771428571429,2.2308,3.25,1.6942857142857144,2.8363428571428573,1.9153
29-1215.00,Family Medicine Physicians,2.0342857142857143,1.7200000000000002,4.422185714285714,2.0028571428571427,1.7200000000000002,2.821428571428571,2.645714285714285,2.044642857142857,2.9732142857142856,3.321428571428572,3.282057142857143,3.172857142857143,3.321428571428572,2.662857142857143,2.7142857142857144,1.51,1.8914285714285717,2.205357142857143,1.8571428571428568,1.0135714285714286,2.1635714285714283,2.1716571428571427,1.6875,4.0,1.542142857142857,3.091428571428572,1.7036571428571428,2.8363428571428573,1.5099571428571428
29-1216.00,General Internal Medicine Physicians,2.7142857142857144,1.8571428571428568,4.3364714285714285,2.0028571428571427,1.7734857142857143,2.7142857142857144,2.7142857142857144,2.096342857142857,3.2285714285714286,3.2285714285714286,3.497857142857143,3.0357142857142856,3.2285714285714286,2.023657142857143,2.645714285714285,1.7734857142857143,1.8057142857142856,2.765714285714286,2.044642857142857,1.0664285714285715,2.3192,3.3121428571428573,1.8057142857142856,3.713657142857143,1.8571428571428568,3.0357142857142856,1.8571428571428568,2.765714285714286,2.5109142857142857
29-1217.00,Neurologists,2.7678571428571432,2.0342857142857143,4.234857142857143,1.9085714285714288,1.8728571428571428,3.0592,2.6185714285714288,2.445,3.414285714285714,3.282057142857143,3.75,3.1750857142857143,3.451428571428571,2.2471428571428573,2.8150000000000004,2.2308,1.6875,2.748571428571428,2.2928571428571427,1.0336571428571428,2.7207142857142856,3.439128571428572,2.211428571428572,3.669642857142857,1.7734857142857143,2.8514285714285714,2.023657142857143,2.877142857142857,2.889142857142857
29-1218.00,Obstetricians and Gynecologists,2.3857142857142857,1.7200000000000002,4.166142857142858,1.9449142857142856,1.75,2.7142857142857144,2.6696428571428568,2.3392857142857144,3.265714285714286,3.321428571428572,3.69,3.414285714285714,3.4375,2.524285714285714,2.894285714285714,1.7200000000000002,1.8571428571428568,2.571428571428571,1.8914285714285717,1.0,2.044642857142857,3.271428571428572,1.8571428571428568,4.359999999999999,1.7734857142857143,3.005714285714286,1.7200000000000002,2.7142857142857144,2.603
29-1221.00,"Pediatricians, General",1.8914285714285717,1.7200000000000002,4.143314285714286,2.044642857142857,1.5677714285714286,2.765714285714286,2.765714285714286,2.044642857142857,3.005714285714286,3.321428571428572,3.8125,3.0892857142857144,3.2285714285714286,2.0,2.765714285714286,1.4249999999999998,1.8571428571428568,2.571428571428571,1.8571428571428568,1.0,1.9842857142857144,2.2296,1.8057142857142856,3.377142857142857,1.8057142857142856,3.1750857142857143,1.7200000000000002,2.7142857142857144,1.3417142857142856
29-1222.00,"Physicians, Pathologists",2.6185714285714288,1.8914285714285717,4.199114285714286,1.9449142857142856,1.8914285714285717,2.98,2.7142857142857144,2.1357142857142857,3.282057142857143,3.282057142857143,4.15,3.0592,3.6092857142857135,2.2471428571428573,3.0357142857142856,1.8057142857142856,1.6875,2.6950857142857143,1.8914285714285717,1.0664285714285715,2.6696428571428568,3.1053714285714284,2.1357142857142857,3.7764285714285712,1.6875,3.265714285714286,1.8571428571428568,3.2285714285714286,2.0395857142857143
29-1223.00,Psychiatrists,2.6950857142857143,1.7734857142857143,3.960157142857143,1.872228571428572,1.51,2.748571428571428,2.6950857142857143,2.571428571428571,3.0592,3.145,3.117142857142857,3.145,3.2285714285714286,2.125,2.877142857142857,1.4928571428571429,1.7385714285714284,2.6185714285714288,1.6875,1.0,2.044642857142857,2.621714285714286,1.8571428571428568,3.091428571428572,1.8571428571428568,3.1750857142857143,1.6063428571428573,2.9522285714285714,1.9831
29-1224.00,Radiologists,2.6185714285714288,1.8914285714285717,4.347357142857143,1.9285714285714288,1.8057142857142856,2.821428571428571,2.4732142857142856,2.2471428571428573,3.2308,3.4722285714285714,3.5,3.1750857142857143,3.377142857142857,2.2928571428571427,2.748571428571428,2.1635714285714283,1.7734857142857143,2.6185714285714288,2.2071428571428573,1.0885714285714283,2.8514285714285714,3.3028571428571425,2.096342857142857,3.5,1.8571428571428568,3.0592,1.8914285714285717,2.9522285714285714,2.6809
29-1229.01,Allergists and Immunologists,2.3192,2.0,3.7102857142857135,2.1677714285714287,1.75,2.765714285714286,2.596342857142857,2.4035714285714285,3.205357142857143,3.265714285714286,3.2285714285714286,2.8363428571428573,3.375,2.4732142857142856,2.98,1.6665142857142858,1.8571428571428568,2.205357142857143,1.9285714285714288,1.0271428571428571,2.205357142857143,3.3144,1.9285714285714288,3.625,1.8057142857142856,2.821428571428571,1.8914285714285717,2.894285714285714,1.8137714285714288
29-1229.02,Hospitalists,2.6696428571428568,1.9285714285714288,4.078399999999999,1.8571428571428568,1.8571428571428568,2.894285714285714,2.19,2.2857142857142856,3.2285714285714286,3.321428571428572,3.69,3.117142857142857,3.282057142857143,2.1635714285714283,3.1750857142857143,1.8571428571428568,1.8571428571428568,2.6185714285714288,1.9842857142857144,1.0020571428571428,2.3857142857142857,3.2352000000000003,2.2857142857142856,3.25,1.8571428571428568,2.928571428571429,1.8914285714285717,2.8020571428571426,2.5990857142857147
29-1229.03,Urologists,2.4971428571428573,1.7200000000000002,4.361971428571429,2.086428571428572,1.75,2.821428571428571,2.4522285714285714,2.023657142857143,3.205357142857143,3.414285714285714,3.4375,3.0892857142857144,3.414285714285714,2.4035714285714285,2.596342857142857,1.8057142857142856,1.8571428571428568,2.645714285714285,1.9842857142857144,1.0357142857142856,2.36,3.6487,2.096342857142857,3.8125,1.8571428571428568,3.265714285714286,1.75,2.8363428571428573,3.0827285714285715
29-1229.04,Physical Medicine and Rehabilitation Physicians,2.571428571428571,1.75,4.003557142857144,1.8571428571428568,1.9077714285714285,2.6185714285714288,2.2857142857142856,2.211428571428572,3.0592,3.091428571428572,3.2285714285714286,3.0592,3.142857142857143,2.4285714285714284,2.5907142857142857,2.096342857142857,1.5357142857142858,2.8020571428571426,1.822857142857143,1.0089285714285714,2.1635714285714283,3.233028571428571,1.8914285714285717,3.2285714285714286,1.7385714285714284,2.748571428571428,1.8057142857142856,2.571428571428571,2.6492
29-1229.05,Preventive Medicine Physicians,2.8514285714285714,2.086428571428572,3.8524428571428566,2.0028571428571427,2.023657142857143,3.321428571428572,2.8150000000000004,2.866071428571429,3.4722285714285714,3.34,3.713657142857143,3.377142857142857,3.655714285714285,2.3857142857142857,3.091428571428572,1.9842857142857144,1.8057142857142856,2.748571428571428,1.8571428571428568,1.0,2.4522285714285714,3.474857142857142,2.023657142857143,3.451428571428571,1.9085714285714288,3.142857142857143,1.9449142857142856,3.1750857142857143,2.5345142857142857
29-1229.06,Sports Medicine Physicians,2.25,1.6665142857142858,4.187285714285714,2.0028571428571427,1.6171428571428572,2.645714285714285,2.125,2.4522285714285714,3.117142857142857,3.2308,3.265714285714286,3.0892857142857144,3.31,2.422142857142857,2.8020571428571426,2.1635714285714283,1.8728571428571428,2.4522285714285714,2.06,1.08,2.3392857142857144,3.5102,1.9657142857142855,3.56,1.7734857142857143,3.005714285714286,1.5614285714285714,2.524285714285714,2.438485714285714
29-1241.00,"Ophthalmologists, Except Pediatric",2.4522285714285714,1.8914285714285717,4.106242857142858,2.1492,2.0342857142857143,2.765714285714286,2.5428571428571427,2.3192,3.1750857142857143,3.321428571428572,3.497857142857143,3.265714285714286,3.6092857142857135,2.645714285714285,2.821428571428571,1.8914285714285717,1.7385714285714284,2.571428571428571,2.023657142857143,1.1257142857142857,2.596342857142857,3.1375,1.78,3.6092857142857135,1.7734857142857143,2.98,1.8914285714285717,2.7142857142857144,2.7249142857142856
29-1291.00,Acupuncturists,1.8571428571428568,1.2857142857142856,3.4412571428571432,1.8571428571428568,1.268571428571429,2.0028571428571427,1.3571428571428572,1.6665142857142858,2.596342857142857,2.571428571428571,2.4971428571428573,2.4732142857142856,2.2471428571428573,1.8571428571428568,1.9085714285714288,1.6875,1.5,1.8914285714285717,1.6364285714285711,1.0549142857142857,1.8571428571428568,2.716,1.3571428571428572,2.596342857142857,1.2857142857142856,2.1635714285714283,1.2857142857142856,2.06,2.2018285714285715
29-1292.00,Dental Hygienists,1.8571428571428568,1.3008,3.1787142857142854,1.8914285714285717,1.231428571428571,1.7385714285714284,1.4691999999999998,1.75,1.8571428571428568,2.1750857142857143,2.023657142857143,2.1142857142857143,1.9657142857142855,1.8571428571428568,1.8571428571428568,1.8057142857142856,1.822857142857143,1.8914285714285717,1.8571428571428568,1.0992,1.8914285714285717,2.3653,1.3392000000000002,2.645714285714285,1.36,2.0,1.3008,1.9449142857142856,2.063028571428571
29-1299.01,Naturopathic Physicians,2.571428571428571,1.7734857142857143,3.624,1.9449142857142856,1.655,2.645714285714285,1.9449142857142856,2.275,3.2285714285714286,3.142857142857143,3.282057142857143,2.8363428571428573,3.321428571428572,1.9449142857142856,2.524285714285714,1.7734857142857143,1.6875,2.645714285714285,1.8571428571428568,1.0020571428571428,2.275,2.942857142857143,1.7734857142857143,3.321428571428572,1.655,2.748571428571428,1.7734857142857143,2.7142857142857144,2.456
29-1299.02,Orthoptists,2.0,1.4691999999999998,3.192857142857143,1.8571428571428568,1.75,2.275,2.4035714285714285,2.2471428571428573,2.877142857142857,2.928571428571429,3.0357142857142856,2.7142857142857144,2.7292,1.8571428571428568,2.2471428571428573,1.8057142857142856,1.5508,2.0342857142857143,1.9449142857142856,1.0089285714285714,2.1750857142857143,2.1228571428571428,1.8057142857142856,3.091428571428572,1.467857142857143,2.765714285714286,1.4017857142857142,2.4285714285714284,1.520457142857143
29-2011.00,Medical and Clinical Laboratory Technologists,2.6950857142857143,1.9085714285714288,3.9584,2.19,1.9842857142857144,2.105,2.877142857142857,1.837942857142857,2.821428571428571,2.894285714285714,3.0335714285714284,2.7142857142857144,2.6696428571428568,2.1492,2.2308,1.8571428571428568,1.5508,2.782857142857143,1.9842857142857144,1.837942857142857,2.3192,2.989028571428572,1.9842857142857144,3.005714285714286,1.7385714285714284,2.205357142857143,1.822857142857143,2.096342857142857,2.213028571428572
29-2011.01,Cytogenetic Technologists,2.4522285714285714,1.8571428571428568,3.695714285714285,2.0028571428571427,1.8571428571428568,2.1492,2.205357142857143,1.8057142857142856,2.6950857142857143,2.765714285714286,2.6950857142857143,2.645714285714285,2.8514285714285714,1.9449142857142856,2.086428571428572,1.8057142857142856,1.3785714285714286,2.7142857142857144,1.9842857142857144,1.077942857142857,2.3857142857142857,2.681985714285714,1.6063428571428573,2.571428571428571,1.3785714285714286,2.6185714285714288,1.822857142857143,2.571428571428571,1.931
29-2011.02,Cytotechnologists,2.205357142857143,1.5892857142857142,3.099357142857143,1.9842857142857144,1.6364285714285711,2.0028571428571427,1.7734857142857143,1.75,2.524285714285714,2.7142857142857144,2.596342857142857,2.524285714285714,2.596342857142857,1.8571428571428568,2.0,1.78,1.4628571428571429,2.2857142857142856,1.8057142857142856,1.147857142857143,2.4522285714285714,2.018128571428571,1.6171428571428572,2.571428571428571,1.4179428571428572,2.071428571428571,1.34,1.9657142857142855,1.4617
29-2011.04,Histotechnologists,2.023657142857143,1.4435714285714285,2.542,2.0028571428571427,1.4928571428571429,1.9642857142857144,1.7142857142857144,1.7200000000000002,2.086428571428572,2.524285714285714,1.9842857142857144,2.19,2.3392857142857144,1.9449142857142856,2.0028571428571427,1.7200000000000002,1.4435714285714285,2.086428571428572,1.75,1.28,1.9657142857142855,2.367542857142857,1.6063428571428573,2.19,1.6364285714285711,2.2308,1.4928571428571429,1.9842857142857144,1.598842857142857
29-2012.00,Medical and Clinical Laboratory Technicians,2.06,1.822857142857143,3.689514285714286,1.9085714285714288,1.625,1.9085714285714288,2.086428571428572,1.837942857142857,1.9085714285714288,2.1677714285714287,1.8914285714285717,2.1492,2.2071428571428573,1.9085714285714288,1.8914285714285717,1.7734857142857143,1.7385714285714284,2.4893714285714283,1.822857142857143,1.5207142857142857,1.9085714285714288,2.4840857142857145,1.6875,2.5428571428571427,1.6364285714285711,1.9085714285714288,1.7857142857142856,1.9085714285714288,1.4980857142857142
29-2012.01,Histology Technicians,1.9257142857142855,1.2036571428571428,2.4571428571428573,1.68,1.231428571428571,1.9257142857142855,1.8328571428571427,1.4928571428571429,2.1607142857142856,2.19,1.8328571428571427,2.2928571428571427,2.1492,1.7485714285714289,1.8057142857142856,1.655,1.2857142857142856,2.02,1.7036571428571428,1.197142857142857,1.625,2.4300571428571427,1.3571428571428572,2.02,1.231428571428571,1.9449142857142856,1.3008,1.8571428571428568,1.5576
29-2031.00,Cardiovascular Technologists and Technicians,1.9285714285714288,1.6364285714285711,2.9497,1.9842857142857144,1.5785714285714287,1.9449142857142856,1.822857142857143,1.8057142857142856,2.4522285714285714,2.2928571428571427,2.4522285714285714,2.4732142857142856,2.542057142857143,1.8571428571428568,2.023657142857143,1.655,1.822857142857143,2.2071428571428573,2.105,1.302857142857143,2.044642857142857,2.527628571428571,1.8571428571428568,2.8363428571428573,1.6063428571428573,2.25,1.5892857142857142,2.06,1.6222857142857143
29-2032.00,Diagnostic Medical Sonographers,1.9842857142857144,1.4249999999999998,3.493,1.8914285714285717,1.36,1.9085714285714288,1.9257142857142855,1.8571428571428568,2.1492,2.596342857142857,2.2071428571428573,2.25,2.524285714285714,2.105,2.0608,1.8571428571428568,1.7734857142857143,1.9449142857142856,1.9285714285714288,1.3785714285714286,2.19,2.4085714285714284,1.8571428571428568,2.44,1.5677714285714286,2.327857142857143,1.36,2.086428571428572,2.0059142857142858
29-2033.00,Nuclear Medicine Technologists,2.086428571428572,1.9085714285714288,3.366228571428572,1.7734857142857143,1.9085714285714288,1.9085714285714288,2.125,1.75,2.25,2.4732142857142856,2.25,2.4893714285714283,2.4285714285714284,1.8571428571428568,1.9449142857142856,1.8057142857142856,1.655,2.4732142857142856,1.8571428571428568,1.335714285714286,1.8571428571428568,2.646285714285714,1.51,2.596342857142857,1.6875,2.2928571428571427,1.9085714285714288,2.2071428571428573,2.097714285714286
29-2034.00,Radiologic Technologists and Technicians,1.9449142857142856,1.32,3.2669714285714284,1.872228571428572,1.2857142857142856,1.5785714285714287,1.24,1.6875,2.31,2.354914285714286,2.2071428571428573,2.125,2.2928571428571427,1.822857142857143,1.7385714285714284,1.9085714285714288,1.6364285714285711,2.216428571428572,1.9842857142857144,1.289285714285714,2.023657142857143,2.3545,1.6665142857142858,2.607142857142857,1.655,1.8571428571428568,1.3571428571428572,1.8571428571428568,1.6326999999999998
29-2035.00,Magnetic Resonance Imaging Technologists,1.9449142857142856,1.4821428571428572,3.0876714285714284,1.9449142857142856,1.6063428571428573,1.9085714285714288,1.6875,1.75,2.086428571428572,2.6950857142857143,2.086428571428572,2.2308,2.645714285714285,1.822857142857143,1.9449142857142856,1.8057142857142856,1.6364285714285711,2.1635714285714283,1.9085714285714288,1.2857142857142856,1.9842857142857144,2.491428571428571,1.6364285714285711,2.265085714285714,1.6364285714285711,2.3392857142857144,1.5357142857142858,1.9449142857142856,1.8837714285714284
29-2036.00,Medical Dosimetrists,2.25,2.275,3.679714285714286,2.023657142857143,2.3857142857142857,2.4522285714285714,2.19,2.096342857142857,3.005714285714286,3.005714285714286,3.0592,2.894285714285714,3.0357142857142856,2.25,2.445,2.06,1.5508,2.542057142857143,1.9657142857142855,1.0221428571428572,2.125,3.321428571428572,1.6665142857142858,2.8514285714285714,1.6063428571428573,2.748571428571428,2.086428571428572,2.7207142857142856,2.4935714285714283
29-2051.00,Dietetic Technicians,2.06,1.8057142857142856,2.810928571428571,1.7734857142857143,1.8057142857142856,1.9085714285714288,1.25,1.9449142857142856,2.25,2.044642857142857,2.044642857142857,1.9449142857142856,1.9842857142857144,1.8571428571428568,1.9449142857142856,1.7734857142857143,1.7200000000000002,1.9449142857142856,1.6875,1.0,1.822857142857143,2.738,1.4179428571428572,2.044642857142857,1.4,1.9449142857142856,1.7385714285714284,1.9449142857142856,2.233257142857143
29-2052.00,Pharmacy Technicians,2.31,1.7385714285714284,2.640142857142857,1.8571428571428568,1.8571428571428568,1.872228571428572,1.1885714285714286,1.7734857142857143,1.9842857142857144,2.662857142857143,1.8571428571428568,2.1635714285714283,2.422142857142857,1.8571428571428568,1.9449142857142856,1.3392000000000002,1.822857142857143,2.2767857142857144,1.9449142857142856,1.0,1.7734857142857143,2.5425142857142857,1.467857142857143,2.178571428571429,1.4691999999999998,1.9085714285714288,1.9085714285714288,1.8571428571428568,1.8845
29-2053.00,Psychiatric Technicians,1.8571428571428568,1.25,2.36,1.9085714285714288,1.25,1.8571428571428568,1.268571428571429,1.9285714285714288,2.524285714285714,2.354914285714286,2.4035714285714285,2.4035714285714285,2.524285714285714,1.822857142857143,1.9085714285714288,1.3785714285714286,1.6875,1.9642857142857144,1.625,1.0020571428571428,1.75,2.881,1.3785714285714286,2.7142857142857144,1.32,2.2928571428571427,1.25,2.0028571428571427,1.7770714285714284
29-2055.00,Surgical Technologists,1.8571428571428568,1.4542857142857144,3.2187142857142854,2.3192,1.6364285714285711,1.8571428571428568,1.3785714285714286,1.8914285714285717,1.9657142857142855,1.9657142857142855,1.8914285714285717,1.9449142857142856,2.071428571428571,1.9085714285714288,1.8571428571428568,1.8571428571428568,1.8057142857142856,2.086428571428572,2.205357142857143,1.4691999999999998,2.023657142857143,2.8413142857142857,1.7200000000000002,2.4732142857142856,1.7200000000000002,1.8571428571428568,1.6814285714285715,1.8057142857142856,1.8485714285714288
29-2056.00,Veterinary Technologists and Technicians,2.096342857142857,1.837942857142857,3.2752,1.9085714285714288,1.655,2.0028571428571427,1.7734857142857143,1.8571428571428568,2.596342857142857,2.524285714285714,2.596342857142857,2.571428571428571,2.4035714285714285,1.822857142857143,1.9085714285714288,1.7200000000000002,1.7734857142857143,2.327857142857143,1.8571428571428568,1.32,1.9449142857142856,2.9446142857142856,1.7200000000000002,2.571428571428571,1.7200000000000002,1.9449142857142856,1.837942857142857,1.9642857142857144,1.7898571428571428
29-2057.00,Ophthalmic Medical Technicians,1.8571428571428568,1.5785714285714287,3.145342857142857,1.9085714285714288,1.5357142857142858,1.5508,1.268571428571429,1.6063428571428573,1.9642857142857144,2.205357142857143,1.8571428571428568,1.8914285714285717,2.096342857142857,1.6063428571428573,1.8914285714285717,1.4192,1.4435714285714285,1.8571428571428568,1.3785714285714286,1.4,1.6364285714285711,2.1933714285714285,1.3392000000000002,2.19,1.4435714285714285,2.02,1.4928571428571429,1.9085714285714288,1.7636714285714286
29-2061.00,Licensed Practical and Licensed Vocational Nurses,1.9449142857142856,1.595,3.4120000000000004,1.8571428571428568,1.7734857142857143,1.9642857142857144,1.6063428571428573,1.9449142857142856,2.571428571428571,2.765714285714286,2.4732142857142856,2.571428571428571,2.6185714285714288,2.216428571428572,2.105,1.6665142857142858,1.8571428571428568,2.1635714285714283,1.8057142857142856,1.0020571428571428,1.8571428571428568,3.171428571428572,1.7734857142857143,2.765714285714286,1.7857142857142856,2.2308,1.7734857142857143,2.0028571428571427,2.160742857142857
29-2081.00,"Opticians, Dispensing",1.9449142857142856,1.7385714285714284,3.635457142857143,1.822857142857143,1.7734857142857143,1.8571428571428568,1.0942857142857143,1.6942857142857144,2.1228571428571428,2.422142857142857,1.8571428571428568,2.3857142857142857,2.524285714285714,1.822857142857143,1.8571428571428568,1.7734857142857143,1.7485714285714289,2.02,1.822857142857143,1.2208,1.6875,2.807957142857143,1.625,2.1228571428571428,1.4017857142857142,2.31,1.8057142857142856,2.044642857142857,2.145
29-2091.00,Orthotists and Prosthetists,2.4008000000000003,1.8057142857142856,3.1785714285714284,1.9449142857142856,1.9285714285714288,2.4732142857142856,1.8728571428571428,1.9842857142857144,2.877142857142857,2.821428571428571,2.821428571428571,2.765714285714286,2.877142857142857,1.9085714285714288,2.6696428571428568,2.645714285714285,1.595,2.6185714285714288,1.6875,1.4017857142857142,1.7385714285714284,3.192142857142857,1.4928571428571429,2.765714285714286,1.32,2.8020571428571426,1.4928571428571429,2.821428571428571,2.5404285714285715
29-2092.00,Hearing Aid Specialists,1.9449142857142856,1.3571428571428572,3.6732,1.8571428571428568,1.4192,1.9085714285714288,1.0942857142857143,1.8571428571428568,2.0608,2.25,1.9642857142857144,2.096342857142857,2.086428571428572,1.8571428571428568,1.9449142857142856,1.7734857142857143,1.51,1.9449142857142856,1.8571428571428568,1.2857142857142856,1.9449142857142856,2.581,1.7200000000000002,2.178571428571429,1.5785714285714287,1.9449142857142856,1.4464285714285716,1.9085714285714288,1.9345142857142856
29-2099.01,Neurodiagnostic Technologists,1.9449142857142856,1.5508,3.618057142857143,1.9449142857142856,1.4249999999999998,1.9085714285714288,1.5357142857142858,1.9449142857142856,2.645714285714285,2.596342857142857,2.645714285714285,2.571428571428571,2.6185714285714288,1.8571428571428568,1.9842857142857144,1.7734857142857143,1.5508,2.596342857142857,1.9449142857142856,1.1734857142857142,1.9842857142857144,2.8368,1.7485714285714289,2.7142857142857144,1.5207142857142857,2.205357142857143,1.3392000000000002,2.1492,2.3110857142857144
29-2099.05,Ophthalmic Medical Technologists,1.8571428571428568,1.6875,2.992857142857143,1.9449142857142856,1.6063428571428573,1.822857142857143,1.4910714285714284,1.8571428571428568,2.044642857142857,2.4035714285714285,2.205357142857143,2.1635714285714283,2.1750857142857143,1.8914285714285717,1.8571428571428568,1.5614285714285714,1.3392000000000002,1.8571428571428568,1.8571428571428568,1.1107142857142858,1.9449142857142856,2.3091428571428567,1.4249999999999998,2.645714285714285,1.4906285714285716,2.044642857142857,1.5785714285714287,2.06,1.725
29-2099.08,Patient Representatives,1.9085714285714288,1.3808,3.074442857142857,1.9085714285714288,1.2857142857142856,2.0028571428571427,1.157142857142857,1.75,2.225714285714286,2.4732142857142856,2.225714285714286,2.4035714285714285,2.596342857142857,2.105,2.125,1.268571428571429,1.7734857142857143,2.071428571428572,1.6063428571428573,1.0,1.7734857142857143,3.238042857142857,1.655,2.354914285714286,1.6364285714285711,2.4732142857142856,1.3808,2.205357142857143,1.9372
29-9091.00,Athletic Trainers,1.9285714285714288,1.2857142857142856,3.318914285714285,1.8914285714285717,1.3392000000000002,2.086428571428572,1.3706285714285715,2.1750857142857143,2.6185714285714288,2.596342857142857,2.6185714285714288,2.6950857142857143,2.524285714285714,1.9642857142857144,2.571428571428571,1.875,1.625,2.524285714285714,1.8057142857142856,1.0664285714285715,2.096342857142857,3.1586,1.7200000000000002,3.117142857142857,1.6875,2.524285714285714,1.2857142857142856,2.3857142857142857,2.3037714285714284
29-9092.00,Genetic Counselors,2.06,1.9449142857142856,4.227085714285715,1.822857142857143,1.6875,2.607142857142857,2.0028571428571427,1.9285714285714288,3.0592,3.265714285714286,2.98,2.6950857142857143,3.117142857142857,1.9449142857142856,2.596342857142857,1.6063428571428573,1.6875,2.645714285714285,1.8057142857142856,1.0,1.9449142857142856,3.019428571428572,1.7734857142857143,2.7142857142857144,1.7734857142857143,3.091428571428572,1.7734857142857143,2.748571428571428,1.8722
29-9093.00,Surgical Assistants,1.9085714285714288,1.5357142857142858,3.5646142857142853,2.25,1.5614285714285714,2.0028571428571427,1.6063428571428573,1.9449142857142856,2.2928571428571427,2.4732142857142856,2.2928571428571427,2.31,2.4971428571428573,1.7385714285714284,1.8914285714285717,1.9842857142857144,1.822857142857143,2.31,2.19,1.12,2.086428571428572,2.967857142857143,1.8571428571428568,2.596342857142857,1.8571428571428568,2.125,1.655,2.023657142857143,1.8217857142857143
29-9099.01,Midwives,2.044642857142857,1.4249999999999998,3.284957142857144,2.2471428571428573,1.4464285714285716,2.105,1.7734857142857143,2.086428571428572,2.98,2.6950857142857143,2.877142857142857,2.7142857142857144,2.5907142857142857,1.822857142857143,2.2308,1.6665142857142858,1.6875,2.3392857142857144,1.8571428571428568,1.0442857142857145,2.023657142857143,3.1270857142857142,1.7200000000000002,3.1942857142857144,1.7200000000000002,2.4285714285714284,1.4464285714285716,2.096342857142857,2.8294428571428574
31-1121.00,Home Health Aides,1.822857142857143,1.32,2.5808,1.8571428571428568,1.3571428571428572,1.8571428571428568,1.077942857142857,1.8571428571428568,2.0028571428571427,1.8571428571428568,2.0608,2.105,2.044642857142857,1.9085714285714288,1.8571428571428568,1.7200000000000002,1.822857142857143,1.9642857142857144,1.5207142857142857,1.0,1.7734857142857143,2.502557142857143,1.5207142857142857,2.375,1.3008,1.9085714285714288,1.32,1.872228571428572,2.068342857142857
31-1122.00,Personal Care Aides,1.7385714285714284,1.25,2.768,1.7142857142857144,1.25,1.6391999999999998,1.0803571428571428,1.6875,1.9642857142857144,1.9642857142857144,1.822857142857143,2.0028571428571427,1.8057142857142856,1.7857142857142856,1.7385714285714284,1.4017857142857142,1.6391999999999998,1.8571428571428568,1.4179428571428572,1.0,1.4179428571428572,3.211428571428572,1.32,2.178571428571429,1.3785714285714286,1.822857142857143,1.3008,1.7734857142857143,2.2311999999999994
31-1131.00,Nursing Assistants,1.8571428571428568,1.32,2.5322285714285715,1.7385714285714284,1.3008,1.5207142857142857,1.0942857142857143,1.4179428571428572,1.9085714285714288,1.9085714285714288,1.8571428571428568,1.9449142857142856,1.9085714285714288,1.604285714285714,1.7385714285714284,1.2857142857142856,1.4179428571428572,1.9085714285714288,1.4017857142857142,1.0135714285714286,1.4017857142857142,2.275428571428572,1.32,2.2342857142857144,1.3785714285714286,1.872228571428572,1.32,1.6875,1.7301428571428572
31-1132.00,Orderlies,1.6875,1.1408,1.9367,1.4179428571428572,1.0942857142857143,1.289285714285714,1.0089285714285714,1.32,1.7385714285714284,1.6875,1.6714285714285717,1.5300000000000002,1.4285714285714286,1.4542857142857144,1.3008,1.3125,1.3392000000000002,1.595,1.3571428571428572,1.0089285714285714,1.32,2.253042857142857,1.3008,1.935,1.3125,1.5300000000000002,1.1785714285714286,1.5207142857142857,1.2476285714285713
31-1133.00,Psychiatric Aides,1.8571428571428568,1.3008,3.0259428571428573,1.9449142857142856,1.3008,1.9085714285714288,1.0803571428571428,1.837942857142857,2.216428571428572,2.178571428571429,2.1142857142857143,2.1492,1.9842857142857144,1.7734857142857143,1.9642857142857144,1.4179428571428572,1.7734857142857143,2.0028571428571427,1.8571428571428568,1.0,1.8571428571428568,2.7794,1.625,2.596342857142857,1.32,1.9449142857142856,1.3008,1.9085714285714288,2.0126285714285714
31-2011.00,Occupational Therapy Assistants,1.8914285714285717,1.2857142857142856,3.450285714285714,1.8571428571428568,1.3392000000000002,1.8571428571428568,1.157142857142857,2.044642857142857,2.2308,2.4522285714285714,2.0028571428571427,2.1492,2.4522285714285714,2.0285714285714285,2.044642857142857,1.6063428571428573,1.7385714285714284,2.105,1.7200000000000002,1.0206285714285714,1.5614285714285714,3.0876,1.3785714285714286,2.571428571428571,1.4928571428571429,2.4732142857142856,1.302857142857143,2.086428571428572,2.2987
31-2012.00,Occupational Therapy Aides,1.8571428571428568,1.231428571428571,2.6535714285714285,1.6063428571428573,1.25,1.872228571428572,1.0664285714285715,1.8571428571428568,2.0028571428571427,1.9449142857142856,1.8571428571428568,2.086428571428572,2.023657142857143,1.822857142857143,1.8571428571428568,1.3808,1.655,1.9085714285714288,1.4017857142857142,1.0135714285714286,1.4906285714285716,2.826742857142857,1.32,2.375,1.32,1.9449142857142856,1.268571428571429,1.9085714285714288,2.4825142857142857
31-2021.00,Physical Therapist Assistants,1.8571428571428568,1.302857142857143,3.424471428571428,1.9642857142857144,1.3571428571428572,1.9085714285714288,1.4179428571428572,1.837942857142857,2.1635714285714283,2.524285714285714,2.044642857142857,2.2471428571428573,2.2471428571428573,1.8571428571428568,2.0028571428571427,1.8571428571428568,1.7385714285714284,1.9449142857142856,1.8571428571428568,1.2592,1.7200000000000002,2.4174,1.5614285714285714,2.524285714285714,1.36,2.044642857142857,1.302857142857143,2.0028571428571427,1.947314285714286
31-2022.00,Physical Therapist Aides,1.7734857142857143,1.25,3.0959714285714286,1.822857142857143,1.268571428571429,1.7036571428571428,1.1734857142857142,1.6665142857142858,1.7734857142857143,1.8571428571428568,1.8571428571428568,1.8914285714285717,1.9085714285714288,1.68,1.8571428571428568,1.44,1.4435714285714285,1.8571428571428568,1.595,1.0089285714285714,1.5300000000000002,2.371428571428571,1.32,1.9642857142857144,1.3785714285714286,1.822857142857143,1.2857142857142856,1.8571428571428568,1.9682
31-9011.00,Massage Therapists,1.6875,1.16,2.474285714285714,1.9085714285714288,1.2142857142857144,1.7857142857142856,1.1071428571428572,1.7200000000000002,1.9449142857142856,1.9449142857142856,1.8571428571428568,1.9285714285714288,1.8914285714285717,1.6391999999999998,1.8571428571428568,1.268571428571429,1.4017857142857142,1.8057142857142856,1.268571428571429,1.0,1.4017857142857142,2.3200000000000003,1.3392000000000002,2.1492,1.32,1.9085714285714288,1.1408,1.822857142857143,1.839314285714286
31-9091.00,Dental Assistants,1.8914285714285717,1.32,3.064214285714286,1.8571428571428568,1.32,1.822857142857143,1.25,1.5357142857142858,2.105,2.2071428571428573,1.8571428571428568,1.8914285714285717,2.044642857142857,1.655,1.9449142857142856,1.5165142857142857,1.822857142857143,1.9642857142857144,1.6391999999999998,1.25,1.4435714285714285,2.8813142857142857,1.3392000000000002,1.9842857142857144,1.302857142857143,1.9085714285714288,1.4179428571428572,1.8571428571428568,2.86
31-9092.00,Medical Assistants,1.9449142857142856,1.6875,3.9797,1.7200000000000002,1.6063428571428573,1.822857142857143,1.5207142857142857,1.9449142857142856,2.25,2.607142857142857,2.044642857142857,2.354914285714286,2.571428571428571,1.822857142857143,2.086428571428572,1.4179428571428572,1.8057142857142856,2.0028571428571427,1.822857142857143,1.0885714285714283,1.9449142857142856,3.3831999999999995,1.5614285714285714,2.5428571428571427,1.7385714285714284,2.422142857142857,1.8057142857142856,2.105,2.5701142857142854
31-9093.00,Medical Equipment Preparers,1.9085714285714288,1.268571428571429,3.490714285714285,1.7734857142857143,1.4017857142857142,1.625,1.1257142857142857,1.655,2.0028571428571427,1.9449142857142856,1.7485714285714289,2.0285714285714285,1.872228571428572,1.7857142857142856,1.8571428571428568,1.9285714285714288,1.6875,1.9642857142857144,2.0028571428571427,1.2857142857142856,1.822857142857143,3.650057142857143,1.3571428571428572,2.225714285714286,1.2857142857142856,1.8035714285714288,1.32,1.7385714285714284,2.0411
31-9094.00,Medical Transcriptionists,1.9085714285714288,1.1885714285714286,2.665714285714286,1.9449142857142856,1.1071428571428572,1.5785714285714287,1.0442857142857145,1.3392000000000002,1.8571428571428568,2.8363428571428573,1.8571428571428568,1.8914285714285717,2.7142857142857144,1.7857142857142856,1.7734857142857143,1.12,1.32,1.9642857142857144,1.822857142857143,1.0,1.7734857142857143,2.569257142857143,1.3785714285714286,1.8571428571428568,1.32,2.6950857142857143,1.231428571428571,2.4893714285714283,1.8904285714285716
31-9095.00,Pharmacy Aides,1.7857142857142856,1.604285714285714,3.257142857142857,1.5207142857142857,1.51,1.595,1.0357142857142856,1.4821428571428572,1.8571428571428568,2.0028571428571427,1.6875,1.822857142857143,2.044642857142857,1.5207142857142857,1.6714285714285717,1.3392000000000002,1.4906285714285716,1.8328571428571427,1.7036571428571428,1.0206285714285714,1.4179428571428572,2.1246428571428573,1.22,1.9642857142857144,1.268571428571429,1.7857142857142856,1.5207142857142857,1.625,1.7917
31-9096.00,Veterinary Assistants and Laboratory Animal Caretakers,1.8057142857142856,1.5300000000000002,2.422014285714286,1.7485714285714289,1.655,1.604285714285714,1.5508,1.3392000000000002,1.9085714285714288,1.8571428571428568,1.8571428571428568,2.0028571428571427,1.9449142857142856,1.68,1.8057142857142856,1.3785714285714286,1.4285714285714286,1.9642857142857144,1.6171428571428572,1.0664285714285715,1.822857142857143,2.8321571428571426,1.302857142857143,2.205357142857143,1.32,1.9642857142857144,1.5300000000000002,1.9842857142857144,1.9650571428571428
31-9097.00,Phlebotomists,1.9449142857142856,1.3571428571428572,3.395142857142857,1.8571428571428568,1.3392000000000002,1.5508,1.4179428571428572,1.8057142857142856,2.105,2.3857142857142857,1.9085714285714288,2.044642857142857,1.9842857142857144,1.8571428571428568,1.8571428571428568,1.5614285714285714,1.4542857142857144,2.044642857142857,1.8571428571428568,1.1071428571428572,1.9449142857142856,3.265285714285714,1.32,2.1677714285714287,1.3785714285714286,1.9085714285714288,1.3392000000000002,1.9085714285714288,2.6302
31-9099.01,Speech-Language Pathology Assistants,1.7734857142857143,1.3392000000000002,2.7931,1.7200000000000002,1.268571428571429,2.0028571428571427,1.231428571428571,2.0,2.2071428571428573,2.645714285714285,2.2071428571428573,2.096342857142857,2.571428571428571,1.7734857142857143,1.9449142857142856,1.3785714285714286,1.7857142857142856,2.265085714285714,1.7200000000000002,1.0089285714285714,1.7734857142857143,3.0597,1.6875,2.4522285714285714,1.542142857142857,2.645714285714285,1.36,1.9842857142857144,2.343742857142857
31-9099.02,Endoscopy Technicians,1.9449142857142856,1.32,3.1522857142857146,1.9449142857142856,1.2857142857142856,1.8571428571428568,1.1339285714285714,1.625,2.0028571428571427,2.354914285714286,1.8571428571428568,2.0608,2.4971428571428573,1.822857142857143,1.9842857142857144,1.7734857142857143,1.7200000000000002,1.9642857142857144,1.8571428571428568,1.4179428571428572,1.8571428571428568,2.5232,1.3392000000000002,2.3906285714285715,1.4821428571428572,1.9085714285714288,1.32,1.9085714285714288,1.789942857142857
33-1011.00,First-Line Supervisors of Correctional Officers,1.8571428571428568,1.32,2.6662857142857144,2.096342857142857,1.32,2.044642857142857,1.0357142857142856,1.9449142857142856,2.7142857142857144,2.596342857142857,2.524285714285714,2.7142857142857144,2.571428571428571,2.2471428571428573,2.044642857142857,1.4464285714285716,1.8571428571428568,2.0608,1.9449142857142856,1.0,1.9842857142857144,3.1726,1.6875,2.7142857142857144,1.5508,2.571428571428571,1.4435714285714285,2.2928571428571427,2.8944
33-1012.00,First-Line Supervisors of Police and Detectives,2.1635714285714283,1.6063428571428573,3.4011571428571425,2.1607142857142856,1.4928571428571429,2.571428571428571,1.0357142857142856,2.571428571428571,2.6950857142857143,2.7142857142857144,2.645714285714285,2.7142857142857144,2.7142857142857144,2.3857142857142857,2.645714285714285,1.7200000000000002,1.837942857142857,2.524285714285714,1.8571428571428568,1.062857142857143,2.096342857142857,3.063285714285714,1.8571428571428568,2.765714285714286,1.8571428571428568,2.645714285714285,1.5892857142857142,2.571428571428571,2.6298714285714286
33-1021.00,First-Line Supervisors of Firefighting and Prevention Workers,2.1492,1.5508,3.700014285714286,2.125,1.5614285714285714,2.2071428571428573,1.0992,2.06,2.4732142857142856,2.4522285714285714,2.422142857142857,2.5428571428571427,2.4035714285714285,2.3392857142857144,2.0028571428571427,1.9842857142857144,1.8914285714285717,2.4035714285714285,2.086428571428572,1.335714285714286,2.0342857142857143,3.574771428571429,1.9285714285714288,2.613485714285714,1.8728571428571428,2.4035714285714285,1.5614285714285714,2.086428571428572,3.289571428571428
33-1091.00,First-Line Supervisors of Security Workers,1.8571428571428568,1.32,2.381628571428572,2.3392857142857144,1.25,2.265085714285714,1.0089285714285714,2.0,2.44,2.327857142857143,2.662857142857143,2.596342857142857,2.645714285714285,2.265085714285714,1.9085714285714288,1.5614285714285714,1.655,2.1142857142857143,1.9257142857142855,1.0885714285714283,2.31,2.8693,2.125,2.662857142857143,1.655,2.354914285714286,1.3785714285714286,2.4035714285714285,2.1664000000000003
33-2011.00,Firefighters,1.9842857142857144,1.6364285714285711,3.2557,1.872228571428572,1.6665142857142858,1.9642857142857144,1.268571428571429,1.8057142857142856,2.524285714285714,2.1492,2.4522285714285714,2.5428571428571427,1.9842857142857144,1.8328571428571427,2.2071428571428573,2.125,1.7200000000000002,2.25,2.19,1.7385714285714284,2.3857142857142857,2.6761,1.9842857142857144,3.005714285714286,1.837942857142857,2.0,1.6063428571428573,1.8728571428571428,1.949242857142857
33-2021.00,Fire Inspectors and Investigators,2.2928571428571427,1.4435714285714285,3.7181,2.1492,1.5892857142857142,1.9842857142857144,1.1885714285714286,1.8914285714285717,2.645714285714285,2.7142857142857144,2.524285714285714,2.3392857142857144,2.2308,1.8914285714285717,1.9449142857142856,1.7200000000000002,1.6364285714285711,2.422142857142857,1.837942857142857,1.0042857142857142,2.3392857142857144,3.0941,1.6364285714285711,2.729371428571429,1.6665142857142858,2.7142857142857144,1.51,2.2928571428571427,2.6697
33-2022.00,Forest Fire Inspectors and Prevention Specialists,1.8914285714285717,1.5165142857142857,2.8280000000000003,1.8914285714285717,1.3808,2.1607142857142856,1.22,1.9449142857142856,2.354914285714286,2.25,2.2928571428571427,2.662857142857143,2.023657142857143,2.023657142857143,1.9285714285714288,1.7200000000000002,1.6665142857142858,1.9449142857142856,2.044642857142857,1.2464285714285714,2.3857142857142857,3.3081142857142862,1.9842857142857144,2.765714285714286,1.4017857142857142,2.086428571428572,1.6063428571428573,1.9085714285714288,2.229685714285714
33-3011.00,Bailiffs,1.36,1.0271428571428571,3.421571428571428,2.225714285714286,1.0535714285714286,1.6391999999999998,1.0,1.32,1.9085714285714288,1.8571428571428568,1.8571428571428568,1.8914285714285717,1.7734857142857143,1.68,1.5300000000000002,1.197142857142857,1.5785714285714287,1.822857142857143,1.4435714285714285,1.0,1.4435714285714285,2.746942857142857,1.4435714285714285,2.596342857142857,1.3008,1.5625,1.0942857142857143,1.4017857142857142,1.7776
33-3012.00,Correctional Officers and Jailers,1.8057142857142856,1.268571428571429,2.9762000000000004,2.275,1.2857142857142856,1.9257142857142855,1.0206285714285714,1.8571428571428568,2.375,2.02,2.4732142857142856,2.422142857142857,2.354914285714286,1.8571428571428568,2.0028571428571427,1.8057142857142856,1.8571428571428568,1.9642857142857144,1.8571428571428568,1.0714285714285714,2.044642857142857,2.857857142857143,1.7734857142857143,2.7142857142857144,1.51,1.8571428571428568,1.3392000000000002,1.8571428571428568,2.002142857142857
33-3021.00,Detectives and Criminal Investigators,2.354914285714286,1.51,3.482485714285715,2.044642857142857,1.3571428571428572,2.4893714285714283,1.1885714285714286,1.7200000000000002,2.894285714285714,2.7142857142857144,2.989371428571429,2.8363428571428573,2.6950857142857143,1.8914285714285717,2.2071428571428573,1.7734857142857143,2.0028571428571427,2.596342857142857,1.9642857142857144,1.0535714285714286,2.354914285714286,3.182928571428571,2.1492,2.9522285714285714,1.8057142857142856,2.422142857142857,1.4435714285714285,2.2308,2.3002857142857143
33-3021.02,Police Identification and Records Officers,2.3192,1.6171428571428572,3.5488,1.8571428571428568,1.2857142857142856,1.8571428571428568,1.1071428571428572,1.75,2.645714285714285,2.596342857142857,2.645714285714285,2.524285714285714,2.571428571428571,1.8571428571428568,1.8571428571428568,1.7200000000000002,1.75,2.645714285714285,1.8571428571428568,1.0,2.3392857142857144,2.8368,1.4691999999999998,2.3392857142857144,1.32,2.571428571428571,1.4435714285714285,2.044642857142857,1.8874
33-3021.06,Intelligence Analysts,2.3392857142857144,1.7734857142857143,3.622,1.8571428571428568,1.7200000000000002,2.354914285714286,1.22,1.8571428571428568,2.98,3.117142857142857,3.205357142857143,2.877142857142857,3.265714285714286,1.8571428571428568,2.4971428571428573,1.6875,1.4691999999999998,2.7142857142857144,1.8914285714285717,1.0,2.645714285714285,3.1159857142857144,2.0342857142857143,2.8363428571428573,1.6364285714285711,2.98,1.6364285714285711,2.7142857142857144,1.8103428571428573
33-3031.00,Fish and Game Wardens,1.9449142857142856,1.4435714285714285,3.2528,1.9285714285714288,1.6665142857142858,2.105,1.6875,1.8057142857142856,2.4732142857142856,2.4035714285714285,2.782857142857143,2.645714285714285,2.542057142857143,1.8571428571428568,2.0,1.51,1.8571428571428568,1.9449142857142856,1.7385714285714284,1.157142857142857,2.125,3.301428571428572,1.8571428571428568,2.765714285714286,1.4435714285714285,2.3392857142857144,1.4464285714285716,2.023657142857143,2.886571428571429
33-3041.00,Parking Enforcement Workers,1.6391999999999998,1.2142857142857144,2.4575714285714287,1.6428571428571428,1.28,1.595,1.0,1.4249999999999998,1.8571428571428568,1.8571428571428568,1.7857142857142856,1.9085714285714288,1.822857142857143,1.7485714285714289,1.6391999999999998,1.3392000000000002,1.4906285714285716,1.9642857142857144,1.7142857142857144,1.12,1.4017857142857142,2.6428000000000003,1.3785714285714286,1.9449142857142856,1.4017857142857142,1.7571428571428571,1.25,1.6391999999999998,2.0557714285714286
33-3051.00,Police and Sheriff's Patrol Officers,2.19,1.335714285714286,3.524171428571428,2.044642857142857,1.3785714285714286,1.9257142857142855,1.0336571428571428,1.6942857142857144,2.912857142857143,2.5428571428571427,2.801428571428572,2.524285714285714,2.4522285714285714,1.9642857142857144,2.327857142857143,1.6063428571428573,1.9285714285714288,2.422142857142857,1.9842857142857144,1.0178571428571428,2.3392857142857144,2.9490142857142856,1.9257142857142855,3.125,1.8914285714285717,2.25,1.4435714285714285,2.125,2.3191428571428574
33-3051.04,Customs and Border Protection Officers,1.837942857142857,1.4179428571428572,3.490171428571429,2.086428571428572,1.3785714285714286,1.9085714285714288,1.1408,1.6665142857142858,2.645714285714285,2.645714285714285,2.7142857142857144,2.662857142857143,2.596342857142857,1.9285714285714288,2.0608,1.51,1.7857142857142856,2.1492,2.0028571428571427,1.0,2.1492,2.4331428571428573,1.6875,2.765714285714286,1.5625,2.4035714285714285,1.4464285714285716,2.4035714285714285,2.040914285714286
33-3052.00,Transit and Railroad Police,1.8571428571428568,1.32,3.187428571428572,2.044642857142857,1.2857142857142856,2.178571428571429,1.0020571428571428,1.8728571428571428,2.524285714285714,2.105,2.596342857142857,2.3906285714285715,1.9842857142857144,1.8914285714285717,1.9642857142857144,1.6665142857142858,1.7857142857142856,2.02,1.8571428571428568,1.0,2.1492,2.5553142857142856,1.9449142857142856,2.782857142857143,1.4435714285714285,2.2767857142857144,1.302857142857143,1.9642857142857144,2.054428571428572
33-9011.00,Animal Control Workers,1.8571428571428568,1.25,2.9730857142857143,1.8571428571428568,1.1428571428571428,1.7734857142857143,1.0020571428571428,1.6875,2.1677714285714287,1.9657142857142855,2.205357142857143,2.25,1.8571428571428568,1.8571428571428568,1.7734857142857143,1.2857142857142856,1.8057142857142856,1.8571428571428568,1.32,1.0,1.7200000000000002,3.3170285714285708,1.2857142857142856,2.662857142857143,1.2857142857142856,1.8571428571428568,1.2142857142857144,1.8571428571428568,2.4949714285714286
33-9021.00,Private Detectives and Investigators,1.9449142857142856,1.4821428571428572,3.2119000000000004,2.105,1.3785714285714286,2.178571428571429,1.0442857142857145,1.4542857142857144,2.645714285714285,2.645714285714285,2.8363428571428573,2.6950857142857143,2.645714285714285,1.8571428571428568,2.1492,1.4017857142857142,1.655,2.2071428571428573,1.8571428571428568,1.0135714285714286,2.125,2.702057142857143,1.6875,2.765714285714286,1.3392000000000002,2.645714285714285,1.4691999999999998,2.354914285714286,2.3542571428571426
33-9031.00,Gambling Surveillance Officers and Gambling Investigators,1.7036571428571428,1.2208,3.4963714285714285,2.7142857142857144,1.28,1.7142857142857144,1.0089285714285714,1.6171428571428572,2.25,1.9449142857142856,2.4732142857142856,2.4732142857142856,2.125,1.8057142857142856,1.9449142857142856,1.4017857142857142,1.9085714285714288,1.9449142857142856,2.105,1.0,2.31,3.052357142857143,2.023657142857143,2.912857142857143,1.3392000000000002,2.225714285714286,1.24,1.9449142857142856,2.130928571428571
33-9032.00,Security Guards,1.3571428571428572,1.16,2.8491,2.3192,1.1785714285714286,1.5508,1.0442857142857145,1.5207142857142857,1.9642857142857144,1.8571428571428568,1.8571428571428568,1.9085714285714288,1.8571428571428568,1.4542857142857144,1.7385714285714284,1.4435714285714285,1.6391999999999998,1.8914285714285717,1.8057142857142856,1.0,1.9449142857142856,3.399428571428572,1.51,2.5428571428571427,1.3571428571428572,1.6714285714285717,1.16,1.6875,2.511542857142857
33-9091.00,Crossing Guards and Flaggers,1.3706285714285715,1.0206285714285714,1.6288857142857145,1.872228571428572,1.0549142857142857,1.3706285714285715,1.0,1.1106285714285715,1.7485714285714289,1.394285714285714,1.7036571428571428,1.625,1.3571428571428572,1.231428571428571,1.289285714285714,1.157142857142857,1.625,1.6391999999999998,1.3571428571428572,1.0,1.197142857142857,1.592857142857143,1.197142857142857,2.1142857142857143,1.1428571428571428,1.345,1.0357142857142856,1.25,1.605985714285714
33-9092.00,"Lifeguards, Ski Patrol, and Other Recreational Protective Service Workers",1.51,1.0535714285714286,2.478485714285714,2.044642857142857,1.0336571428571428,1.7485714285714289,1.0442857142857145,1.9085714285714288,1.9449142857142856,1.7200000000000002,1.8571428571428568,1.8571428571428568,1.7734857142857143,1.3706285714285715,1.6875,1.2857142857142856,1.8571428571428568,1.822857142857143,1.8571428571428568,1.0271428571428571,2.096342857142857,2.198928571428572,1.8571428571428568,2.765714285714286,1.4017857142857142,1.6063428571428573,1.1071428571428572,1.5614285714285714,1.6278857142857144
33-9093.00,Transportation Security Screeners,1.9085714285714288,1.2142857142857144,2.5503,2.4035714285714285,1.2036571428571428,1.6875,1.1071428571428572,1.5892857142857142,2.2071428571428573,1.9449142857142856,2.25,2.125,1.8571428571428568,1.4906285714285716,1.8057142857142856,1.6364285714285711,1.7200000000000002,2.044642857142857,2.1635714285714283,1.2036571428571428,2.3857142857142857,1.6031,1.7734857142857143,2.729371428571429,1.5614285714285714,1.655,1.2142857142857144,1.7036571428571428,1.7115714285714287
33-9099.02,Retail Loss Prevention Specialists,1.8571428571428568,1.4542857142857144,3.052857142857143,2.19,1.6364285714285711,1.822857142857143,1.0089285714285714,1.7385714285714284,2.225714285714286,2.1142857142857143,2.31,2.422142857142857,2.1635714285714283,1.7857142857142856,1.9642857142857144,1.5614285714285714,1.4821428571428572,1.9642857142857144,1.6875,1.0065142857142857,2.0028571428571427,3.2807142857142857,1.655,2.551428571428572,1.4821428571428572,2.023657142857143,1.5165142857142857,1.9842857142857144,2.4328000000000003
35-1011.00,Chefs and Head Cooks,2.044642857142857,1.8571428571428568,2.150714285714286,2.105,1.8571428571428568,2.125,1.1071428571428572,2.044642857142857,2.6950857142857143,2.1607142857142856,2.327857142857143,2.524285714285714,2.25,2.596342857142857,2.275,2.0028571428571427,2.044642857142857,2.607142857142857,1.9285714285714288,1.3008,1.7734857142857143,3.1357714285714287,1.4017857142857142,2.8363428571428573,1.8571428571428568,2.023657142857143,1.9085714285714288,1.9449142857142856,2.656085714285714
35-1012.00,First-Line Supervisors of Food Preparation and Serving Workers,1.8571428571428568,1.7200000000000002,2.347514285714286,1.8571428571428568,1.8571428571428568,1.8571428571428568,1.0,1.9449142857142856,2.178571428571429,2.1357142857142857,1.8571428571428568,2.1357142857142857,2.1635714285714283,2.096342857142857,1.8914285714285717,1.8571428571428568,1.8571428571428568,1.8571428571428568,1.7734857142857143,1.0135714285714286,1.655,2.7081142857142857,1.32,2.283657142857143,1.7200000000000002,1.8571428571428568,1.8057142857142856,1.8914285714285717,2.585285714285714
35-2011.00,"Cooks, Fast Food",1.36,1.16,1.7894285714285714,1.7036571428571428,1.231428571428571,1.302857142857143,1.0,1.231428571428571,1.7385714285714284,1.7385714285714284,1.4435714285714285,1.5508,1.6063428571428573,1.4542857142857144,1.4435714285714285,1.2142857142857144,1.5785714285714287,1.872228571428572,1.3008,1.0,1.197142857142857,1.7040000000000002,1.28,1.7036571428571428,1.2857142857142856,1.3706285714285715,1.231428571428571,1.2857142857142856,1.3342857142857143
35-2012.00,"Cooks, Institution and Cafeteria",1.9085714285714288,1.5300000000000002,1.8925714285714288,1.8571428571428568,1.7385714285714284,1.822857142857143,1.0,1.6875,1.9085714285714288,1.8571428571428568,1.8571428571428568,1.822857142857143,1.7734857142857143,1.8571428571428568,1.7734857142857143,1.7857142857142856,1.8571428571428568,1.9449142857142856,1.625,1.0442857142857145,1.3571428571428572,2.466742857142857,1.268571428571429,1.9449142857142856,1.3392000000000002,1.7036571428571428,1.6364285714285711,1.655,1.681
35-2013.00,"Cooks, Private Household",1.8571428571428568,1.2857142857142856,2.1136,1.8571428571428568,1.3571428571428572,1.822857142857143,1.0271428571428571,1.595,1.9449142857142856,1.8571428571428568,1.8571428571428568,2.0028571428571427,1.8571428571428568,1.8571428571428568,1.8057142857142856,1.5508,1.4179428571428572,1.9085714285714288,1.5207142857142857,1.0942857142857143,1.4542857142857144,2.936685714285714,1.32,2.0028571428571427,1.32,1.7036571428571428,1.3785714285714286,1.7385714285714284,1.8670857142857145
35-2014.00,"Cooks, Restaurant",1.7734857142857143,1.268571428571429,1.217,1.822857142857143,1.4249999999999998,1.394285714285714,1.0206285714285714,1.302857142857143,1.7385714285714284,1.6364285714285711,1.51,1.8914285714285717,1.625,1.8571428571428568,1.6875,1.595,1.8571428571428568,1.8571428571428568,1.8571428571428568,1.0942857142857143,1.4691999999999998,1.5224571428571427,1.2857142857142856,1.9085714285714288,1.32,1.4435714285714285,1.3785714285714286,1.3785714285714286,1.0897
35-2015.00,"Cooks, Short Order",1.7385714285714284,1.28,1.8717142857142852,1.7857142857142856,1.32,1.5207142857142857,1.0,1.2857142857142856,1.595,1.5625,1.5207142857142857,1.7734857142857143,1.7208,1.9449142857142856,1.4691999999999998,1.3785714285714286,1.822857142857143,1.9085714285714288,1.6364285714285711,1.0135714285714286,1.3706285714285715,1.7379571428571428,1.302857142857143,1.7485714285714289,1.4542857142857144,1.3008,1.335714285714286,1.3785714285714286,1.5934428571428572
35-2021.00,Food Preparation Workers,1.6063428571428573,1.1734857142857142,1.420828571428571,1.4628571428571429,1.25,1.2857142857142856,1.0,1.2857142857142856,1.4906285714285716,1.3785714285714286,1.4285714285714286,1.5,1.4628571428571429,1.605714285714286,1.268571428571429,1.268571428571429,1.3008,1.625,1.268571428571429,1.0020571428571428,1.268571428571429,1.8839285714285712,1.25,1.4906285714285716,1.22,1.22,1.231428571428571,1.22,1.154114285714286
35-3011.00,Bartenders,1.7734857142857143,1.3785714285714286,1.960942857142857,1.8571428571428568,1.3785714285714286,1.7485714285714289,1.0,1.7734857142857143,1.8571428571428568,1.8571428571428568,1.8571428571428568,1.872228571428572,1.8571428571428568,1.7142857142857144,1.8571428571428568,1.5614285714285714,1.7734857142857143,1.9642857142857144,1.655,1.0089285714285714,1.6875,1.8400000000000003,1.3392000000000002,1.9285714285714288,1.7857142857142856,1.822857142857143,1.4821428571428572,1.75,1.6685714285714286
35-3023.00,Fast Food and Counter Workers,1.2857142857142856,1.231428571428571,1.604328571428571,1.4628571428571429,1.268571428571429,1.2036571428571428,1.0,1.2857142857142856,1.3571428571428572,1.32,1.32,1.5357142857142858,1.4179428571428572,1.3706285714285715,1.2036571428571428,1.12,1.537142857142857,1.5,1.2857142857142856,1.0,1.268571428571429,1.4807714285714286,1.25,1.5508,1.3571428571428572,1.268571428571429,1.3008,1.25,1.3703714285714286
35-3023.01,Baristas,1.6875,1.3008,1.4710857142857143,1.6714285714285717,1.32,1.4435714285714285,1.0,1.394285714285714,1.7036571428571428,1.8914285714285717,1.5785714285714287,1.7385714285714284,1.7857142857142856,1.5508,1.6063428571428573,1.4691999999999998,1.7571428571428571,1.8328571428571427,1.625,1.0992,1.655,2.2168,1.6063428571428573,1.8328571428571427,1.5357142857142858,1.655,1.4285714285714286,1.5508,1.4313142857142855
35-3031.00,Waiters and Waitresses,1.4906285714285716,1.24,1.8419714285714284,1.6391999999999998,1.3008,1.4628571428571429,1.0,1.2857142857142856,1.68,1.7734857142857143,1.5,1.7734857142857143,1.5300000000000002,1.5300000000000002,1.4821428571428572,1.3125,1.8839285714285712,1.6428571428571428,1.302857142857143,1.0,1.3571428571428572,1.4524,1.2857142857142856,1.9449142857142856,1.6063428571428573,1.4906285714285716,1.268571428571429,1.32,1.1771857142857145
35-3041.00,"Food Servers, Nonrestaurant",1.3785714285714286,1.16,1.7247142857142856,1.6428571428571428,1.2142857142857144,1.3392000000000002,1.0,1.302857142857143,1.5693714285714286,1.6875,1.604285714285714,1.6391999999999998,1.5693714285714286,1.5693714285714286,1.302857142857143,1.3392000000000002,1.3785714285714286,1.5693714285714286,1.3392000000000002,1.0020571428571428,1.32,2.0659,1.1785714285714286,1.7036571428571428,1.28,1.4542857142857144,1.3008,1.302857142857143,1.3186
35-9011.00,Dining Room and Cafeteria Attendants and Bartender Helpers,1.4821428571428572,1.1785714285714286,1.5916,1.4179428571428572,1.157142857142857,1.2857142857142856,1.0,1.2857142857142856,1.4906285714285716,1.32,1.4542857142857144,1.5625,1.394285714285714,1.3785714285714286,1.3392000000000002,1.3571428571428572,1.3571428571428572,1.6428571428571428,1.268571428571429,1.0,1.25,1.7781142857142858,1.1734857142857142,1.4542857142857144,1.2142857142857144,1.1785714285714286,1.1785714285714286,1.1785714285714286,2.0863
35-9021.00,Dishwashers,1.4906285714285716,1.0549142857142857,1.2991857142857144,1.4628571428571429,1.0357142857142856,1.22,1.0,1.1785714285714286,1.2857142857142856,1.2857142857142856,1.2857142857142856,1.4285714285714286,1.268571428571429,1.4628571428571429,1.22,1.22,1.268571428571429,1.5693714285714286,1.2857142857142856,1.0714285714285714,1.2857142857142856,1.5371428571428574,1.1107142857142858,1.5,1.1408,1.1885714285714286,1.0803571428571428,1.1607142857142858,1.3586
35-9031.00,"Hosts and Hostesses, Restaurant, Lounge, and Coffee Shop",1.6063428571428573,1.268571428571429,1.4524,1.7036571428571428,1.2036571428571428,1.2036571428571428,1.0,1.2857142857142856,1.7857142857142856,1.822857142857143,1.7857142857142856,1.655,1.5693714285714286,1.4906285714285716,1.4628571428571429,1.268571428571429,1.6714285714285717,1.7385714285714284,1.302857142857143,1.0,1.3808,1.7517714285714283,1.3392000000000002,1.822857142857143,1.3392000000000002,1.394285714285714,1.302857142857143,1.32,1.1774714285714285
37-1011.00,First-Line Supervisors of Housekeeping and Janitorial Workers,1.9085714285714288,1.32,2.608771428571429,1.5207142857142857,1.3392000000000002,1.872228571428572,1.0,1.9085714285714288,1.9085714285714288,1.8571428571428568,1.8571428571428568,1.9842857142857144,1.9285714285714288,2.205357142857143,1.7734857142857143,1.3392000000000002,1.3785714285714286,1.9642857142857144,1.4542857142857144,1.16,1.5207142857142857,2.9486857142857144,1.3392000000000002,1.9642857142857144,1.32,1.8571428571428568,1.5614285714285714,1.8057142857142856,2.8748714285714287
37-1012.00,"First-Line Supervisors of Landscaping, Lawn Service, and Groundskeeping Workers",1.8057142857142856,1.4928571428571429,2.981414285714286,1.8914285714285717,1.7734857142857143,1.9085714285714288,1.0885714285714283,1.9085714285714288,1.9449142857142856,2.1635714285714283,1.9449142857142856,2.4732142857142856,2.096342857142857,2.662857142857143,1.9085714285714288,2.044642857142857,1.872228571428572,1.9449142857142856,1.9449142857142856,1.289285714285714,1.9449142857142856,3.3716,1.3785714285714286,2.225714285714286,1.4435714285714285,1.9449142857142856,1.5785714285714287,1.8571428571428568,3.398171428571429
37-2011.00,"Janitors and Cleaners, Except Maids and Housekeeping Cleaners",1.6063428571428573,1.062857142857143,2.115785714285714,1.5693714285714286,1.0336571428571428,1.3785714285714286,1.0,1.24,1.655,1.4249999999999998,1.5357142857142858,1.5300000000000002,1.4821428571428572,1.5300000000000002,1.4906285714285716,1.3785714285714286,1.32,1.7385714285714284,1.32,1.2142857142857144,1.3392000000000002,2.4976000000000003,1.197142857142857,1.7857142857142856,1.1885714285714286,1.3571428571428572,1.0535714285714286,1.4435714285714285,2.097428571428571
37-2012.00,Maids and Housekeeping Cleaners,1.32,1.1428571428571428,1.4769142857142858,1.5693714285714286,1.1257142857142857,1.3392000000000002,1.0,1.24,1.4906285714285716,1.5357142857142858,1.4906285714285716,1.5300000000000002,1.4906285714285716,1.6428571428571428,1.2592,1.268571428571429,1.2857142857142856,1.5693714285714286,1.2857142857142856,1.0089285714285714,1.2857142857142856,1.7886857142857144,1.1785714285714286,1.5693714285714286,1.1785714285714286,1.2857142857142856,1.1785714285714286,1.32,1.5013714285714286
37-2021.00,Pest Control Workers,1.9642857142857144,1.5625,2.600942857142857,1.822857142857143,1.6063428571428573,1.9642857142857144,1.25,1.6875,2.1228571428571428,1.9642857142857144,2.071428571428572,2.327857142857143,1.8571428571428568,2.071428571428572,1.872228571428572,1.822857142857143,1.822857142857143,1.9642857142857144,1.8057142857142856,1.3008,2.044642857142857,2.4134,1.4691999999999998,2.1228571428571428,1.3392000000000002,2.1228571428571428,1.7200000000000002,2.1228571428571428,2.178257142857143
37-3011.00,Landscaping and Groundskeeping Workers,1.4691999999999998,1.0357142857142856,2.3114285714285714,1.7734857142857143,1.0803571428571428,1.3785714285714286,1.077942857142857,1.3008,1.595,1.3571428571428572,1.625,1.5049142857142856,1.335714285714286,1.4628571428571429,1.3571428571428572,1.7857142857142856,1.268571428571429,1.7036571428571428,1.3706285714285715,1.28,1.4350857142857143,2.1990857142857143,1.2000000000000002,1.822857142857143,1.1785714285714286,1.147857142857143,1.1257142857142857,1.1339285714285714,1.9478857142857144
37-3012.00,"Pesticide Handlers, Sprayers, and Applicators, Vegetation",1.8571428571428568,1.3571428571428572,2.608357142857143,1.7485714285714289,1.3571428571428572,1.822857142857143,1.197142857142857,1.3571428571428572,1.9642857142857144,1.9085714285714288,1.822857142857143,1.872228571428572,1.822857142857143,1.872228571428572,1.6391999999999998,1.595,1.5207142857142857,1.8571428571428568,1.4821428571428572,1.335714285714286,1.5357142857142858,2.629385714285714,1.4249999999999998,1.9257142857142855,1.25,1.6063428571428573,1.7036571428571428,1.4821428571428572,2.276942857142857
37-3013.00,Tree Trimmers and Pruners,1.7734857142857143,1.1428571428571428,2.4665000000000004,2.0608,1.1734857142857142,1.8328571428571427,1.0942857142857143,1.3571428571428572,1.9642857142857144,1.6063428571428573,1.9085714285714288,1.9642857142857144,1.5785714285714287,1.75,1.4906285714285716,1.9449142857142856,1.7734857142857143,1.8571428571428568,1.51,1.5693714285714286,1.7857142857142856,1.867942857142857,1.2857142857142856,2.337142857142857,1.22,1.5357142857142858,1.1106285714285715,1.5357142857142858,1.957
39-1013.00,First-Line Supervisors of Gambling Services Workers,1.6714285714285717,1.5207142857142857,1.9617142857142855,2.2071428571428573,1.5508,1.9642857142857144,1.0135714285714286,1.6875,2.265085714285714,2.2928571428571427,2.125,2.4522285714285714,2.354914285714286,2.2071428571428573,1.8571428571428568,1.4179428571428572,1.837942857142857,2.105,1.6875,1.12,1.8571428571428568,2.1544,1.822857142857143,2.4732142857142856,1.9449142857142856,2.2071428571428573,1.7036571428571428,2.105,1.6644571428571429
39-1022.00,First-Line Supervisors of Personal Service Workers,1.8571428571428568,1.32,2.7067428571428573,1.822857142857143,1.3392000000000002,1.9085714285714288,1.0271428571428571,1.9449142857142856,2.25,2.422142857142857,1.9449142857142856,2.596342857142857,2.4035714285714285,2.4732142857142856,1.9085714285714288,1.3392000000000002,1.7734857142857143,1.9085714285714288,1.5614285714285714,1.0,1.5785714285714287,2.4384,1.2857142857142856,2.5428571428571427,1.2857142857142856,2.125,1.2857142857142856,2.0028571428571427,2.3213714285714286
39-2011.00,Animal Trainers,1.822857142857143,1.25,2.3224,1.822857142857143,1.2036571428571428,1.7857142857142856,1.147857142857143,2.3857142857142857,2.06,1.8571428571428568,1.9285714285714288,2.1492,1.837942857142857,1.7857142857142856,2.0028571428571427,1.5785714285714287,1.7200000000000002,1.9642857142857144,1.6391999999999998,1.0020571428571428,1.7385714285714284,2.446428571428571,1.5785714285714287,2.571428571428571,1.4435714285714285,1.822857142857143,1.268571428571429,1.7385714285714284,2.251857142857143
39-2021.00,Animal Caretakers,1.6063428571428573,1.2142857142857144,2.1662,1.5508,1.268571428571429,1.5207142857142857,1.0357142857142856,1.2857142857142856,1.8571428571428568,1.7385714285714284,1.822857142857143,1.7200000000000002,1.822857142857143,1.4285714285714286,1.4179428571428572,1.2857142857142856,1.3392000000000002,1.8328571428571427,1.3392000000000002,1.0549142857142857,1.4906285714285716,2.623142857142857,1.2857142857142856,1.9842857142857144,1.32,1.4821428571428572,1.25,1.625,1.7952
39-3011.00,Gambling Dealers,1.6875,1.537142857142857,1.4051285714285715,1.8571428571428568,1.5,1.3571428571428572,1.0,1.2857142857142856,1.9085714285714288,1.6665142857142858,1.7734857142857143,1.7200000000000002,1.7485714285714289,1.5357142857142858,1.4249999999999998,1.4179428571428572,1.655,1.9449142857142856,1.7734857142857143,1.0,1.6875,1.099357142857143,1.6875,2.0028571428571427,1.4017857142857142,1.335714285714286,1.7385714285714284,1.4017857142857142,1.1988
39-3012.00,Gambling and Sports Book Writers and Runners,1.6364285714285711,1.68,2.0455,1.8057142857142856,1.7857142857142856,1.4821428571428572,1.0089285714285714,1.3785714285714286,1.9449142857142856,1.8914285714285717,1.7857142857142856,1.7734857142857143,1.78,1.4179428571428572,1.5785714285714287,1.302857142857143,1.7385714285714284,2.0028571428571427,1.6875,1.0,1.4691999999999998,1.3952,1.4179428571428572,1.9792,1.4017857142857142,1.7857142857142856,1.7485714285714289,1.7385714285714284,1.4216
39-3021.00,Motion Picture Projectionists,1.7734857142857143,1.0206285714285714,1.885342857142857,1.8571428571428568,1.0357142857142856,1.604285714285714,1.0,1.2857142857142856,1.6875,1.8571428571428568,1.7200000000000002,1.7385714285714284,1.8571428571428568,1.7036571428571428,1.3392000000000002,1.6665142857142858,1.5300000000000002,1.8571428571428568,1.822857142857143,1.32,1.6875,1.702942857142857,1.268571428571429,1.872228571428572,1.1734857142857142,1.5785714285714287,1.1071428571428572,1.44,1.6771
39-3031.00,"Ushers, Lobby Attendants, and Ticket Takers",1.4542857142857144,1.157142857142857,1.7155,1.5693714285714286,1.1734857142857142,1.4542857142857144,1.0,1.1107142857142858,1.6391999999999998,1.6714285714285717,1.5625,1.655,1.5625,1.4285714285714286,1.4906285714285716,1.268571428571429,1.4285714285714286,1.5625,1.4906285714285716,1.0,1.4542857142857144,1.39,1.32,1.822857142857143,1.28,1.3785714285714286,1.22,1.3785714285714286,1.44
39-3091.00,Amusement and Recreation Attendants,1.3571428571428572,1.2208,1.7771428571428571,1.604285714285714,1.25,1.3392000000000002,1.0,1.32,1.625,1.6875,1.5300000000000002,1.6875,1.394285714285714,1.4906285714285716,1.394285714285714,1.32,1.3785714285714286,1.6391999999999998,1.3392000000000002,1.0020571428571428,1.302857142857143,1.8349571428571427,1.3392000000000002,2.071428571428572,1.2857142857142856,1.4628571428571429,1.24,1.4285714285714286,1.6765714285714286
39-3092.00,Costume Attendants,1.9085714285714288,1.0885714285714283,1.9643857142857144,1.7857142857142856,1.0714285714285714,1.4249999999999998,1.0,1.2036571428571428,1.822857142857143,1.822857142857143,1.822857142857143,1.7734857142857143,1.837942857142857,1.5625,1.4821428571428572,1.5892857142857142,1.197142857142857,1.9085714285714288,1.4017857142857142,1.0020571428571428,1.5357142857142858,2.610514285714286,1.231428571428571,1.9642857142857144,1.0885714285714283,1.7734857142857143,1.1339285714285714,1.51,1.6697
39-3093.00,"Locker Room, Coatroom, and Dressing Room Attendants",1.3214285714285714,1.0089285714285714,1.3726,1.3785714285714286,1.0206285714285714,1.2857142857142856,1.0,1.0206285714285714,1.655,1.7200000000000002,1.5508,1.5892857142857142,1.5508,1.4179428571428572,1.32,1.0357142857142856,1.231428571428571,1.655,1.0942857142857143,1.0042857142857142,1.1071428571428572,1.4546285714285714,1.0942857142857143,1.7734857142857143,1.0885714285714283,1.5625,1.0206285714285714,1.3785714285714286,1.1157142857142857
39-4011.00,Embalmers,1.6875,1.2142857142857144,2.932857142857143,1.604285714285714,1.2857142857142856,1.8057142857142856,1.5207142857142857,1.44,2.0028571428571427,1.9285714285714288,1.9085714285714288,1.9449142857142856,1.9657142857142855,1.9449142857142856,1.8571428571428568,1.9085714285714288,1.4179428571428572,2.044642857142857,1.4435714285714285,1.0885714285714283,1.6875,2.562142857142857,1.197142857142857,2.216428571428572,1.231428571428571,1.8571428571428568,1.231428571428571,1.9085714285714288,2.0210857142857144
39-4021.00,Funeral Attendants,1.302857142857143,1.1106285714285715,1.6314285714285717,1.3571428571428572,1.12,1.3571428571428572,1.0089285714285714,1.2142857142857144,1.7734857142857143,1.8571428571428568,1.5785714285714287,1.6063428571428573,1.6875,1.4691999999999998,1.268571428571429,1.3392000000000002,1.3785714285714286,1.7036571428571428,1.157142857142857,1.0357142857142856,1.16,1.6875,1.1428571428571428,1.8057142857142856,1.28,1.6875,1.16,1.3785714285714286,1.3016
39-4031.00,"Morticians, Undertakers, and Funeral Arrangers",1.8914285714285717,1.6364285714285711,2.6562142857142863,1.9085714285714288,1.6875,1.8914285714285717,1.147857142857143,1.7200000000000002,2.06,2.1357142857142857,1.8571428571428568,2.096342857142857,2.2471428571428573,2.19,1.8571428571428568,1.7200000000000002,1.8057142857142856,2.0028571428571427,1.36,1.0135714285714286,1.6875,3.4288,1.3808,2.31,1.4249999999999998,2.1357142857142857,1.6665142857142858,2.2471428571428573,3.1760571428571427
39-5011.00,Barbers,1.3785714285714286,1.0942857142857143,2.267957142857143,1.9085714285714288,1.1408,1.3785714285714286,1.0089285714285714,1.2036571428571428,1.7734857142857143,1.7200000000000002,1.7200000000000002,1.7385714285714284,1.5300000000000002,1.6364285714285711,1.5357142857142858,1.8571428571428568,1.5625,1.595,1.197142857142857,1.157142857142857,1.2857142857142856,1.597142857142857,1.2036571428571428,1.822857142857143,1.2142857142857144,1.3571428571428572,1.157142857142857,1.2857142857142856,1.899
39-5012.00,"Hairdressers, Hairstylists, and Cosmetologists",1.8571428571428568,1.3706285714285715,3.0175714285714283,1.822857142857143,1.394285714285714,1.822857142857143,1.0885714285714283,1.8057142857142856,1.8914285714285717,1.8571428571428568,1.8571428571428568,2.19,1.8571428571428568,1.7485714285714289,1.9642857142857144,2.2928571428571427,1.8057142857142856,1.8571428571428568,1.5785714285714287,1.12,1.7734857142857143,2.6713142857142858,1.4542857142857144,1.9449142857142856,1.302857142857143,1.5693714285714286,1.32,1.7734857142857143,2.2477142857142858
39-5091.00,"Makeup Artists, Theatrical and Performance",2.1635714285714283,1.3571428571428572,2.635428571428572,2.105,1.3392000000000002,1.7485714285714289,1.0357142857142856,1.655,2.086428571428572,2.071428571428572,1.8571428571428568,2.086428571428572,2.265085714285714,1.7857142857142856,1.9085714285714288,2.4971428571428573,1.4542857142857144,2.02,1.655,1.1785714285714286,1.6875,3.022857142857143,1.4928571428571429,2.105,1.4017857142857142,1.9085714285714288,1.4017857142857142,1.7734857142857143,2.605714285714286
39-5092.00,Manicurists and Pedicurists,1.5357142857142858,1.0206285714285714,1.5906714285714283,1.604285714285714,1.157142857142857,1.3571428571428572,1.0,1.3008,1.51,1.4821428571428572,1.5207142857142857,1.5357142857142858,1.5300000000000002,1.5300000000000002,1.5625,1.4285714285714286,1.4628571428571429,1.4906285714285716,1.2857142857142856,1.0442857142857145,1.32,1.4926285714285714,1.25,1.625,1.0942857142857143,1.28,1.12,1.3008,1.3832142857142855
39-5093.00,Shampooers,1.4821428571428572,1.0664285714285715,1.980357142857143,1.595,1.0992,1.3008,1.0,1.25,1.595,1.5785714285714287,1.5508,1.4542857142857144,1.4821428571428572,1.4821428571428572,1.3571428571428572,1.231428571428571,1.4821428571428572,1.4628571428571429,1.2036571428571428,1.0206285714285714,1.3125,1.9576,1.147857142857143,1.5625,1.1222285714285714,1.4285714285714286,1.077942857142857,1.394285714285714,1.6786
39-5094.00,Skincare Specialists,1.8914285714285717,1.0664285714285715,3.210171428571429,1.8328571428571427,1.16,1.7485714285714289,1.0206285714285714,1.7200000000000002,2.071428571428572,2.0028571428571427,1.8571428571428568,1.9085714285714288,1.9449142857142856,1.7857142857142856,1.8914285714285717,1.4906285714285716,1.394285714285714,1.822857142857143,1.394285714285714,1.1257142857142857,1.595,3.2955428571428573,1.28,1.9642857142857144,1.2142857142857144,1.822857142857143,1.1071428571428572,1.7036571428571428,2.671428571428572
39-6011.00,Baggage Porters and Bellhops,1.5625,1.231428571428571,2.2036,1.822857142857143,1.268571428571429,1.5693714285714286,1.0,1.3571428571428572,1.604285714285714,1.7734857142857143,1.5693714285714286,1.7857142857142856,1.7036571428571428,1.604285714285714,1.3785714285714286,1.3785714285714286,1.822857142857143,1.6714285714285717,1.5508,1.0357142857142856,1.3785714285714286,2.1867142857142854,1.2857142857142856,1.7857142857142856,1.302857142857143,1.5300000000000002,1.24,1.5300000000000002,2.310857142857143
39-6012.00,Concierges,1.7734857142857143,1.2857142857142856,2.896428571428572,1.7036571428571428,1.2857142857142856,1.7734857142857143,1.0,1.302857142857143,2.071428571428572,1.822857142857143,1.822857142857143,2.0,1.8571428571428568,1.822857142857143,1.7385714285714284,1.22,1.5,1.9085714285714288,1.2857142857142856,1.0,1.394285714285714,3.1794571428571428,1.3785714285714286,2.1142857142857143,1.6665142857142858,1.8571428571428568,1.302857142857143,1.75,2.2565
39-7011.00,Tour Guides and Escorts,1.542142857142857,1.16,2.197342857142857,1.604285714285714,1.16,1.3392000000000002,1.0,1.467857142857143,1.7734857142857143,1.9449142857142856,1.7734857142857143,1.837942857142857,1.8571428571428568,1.605714285714286,1.4249999999999998,1.197142857142857,1.625,1.7734857142857143,1.197142857142857,1.0,1.3785714285714286,1.4978285714285715,1.2142857142857144,1.8571428571428568,1.6875,1.604285714285714,1.16,1.4017857142857142,1.7513999999999998
39-7012.00,Travel Guides,1.9085714285714288,1.3571428571428572,2.505285714285714,1.822857142857143,1.5357142857142858,1.9449142857142856,1.0,1.75,2.044642857142857,2.4893714285714283,1.9085714285714288,2.1357142857142857,2.205357142857143,1.9642857142857144,1.9085714285714288,1.6063428571428573,1.8571428571428568,1.9642857142857144,1.655,1.0357142857142856,1.6875,2.777457142857143,1.4906285714285716,2.1492,1.542142857142857,1.9085714285714288,1.5614285714285714,1.9842857142857144,2.3452
39-9011.00,Childcare Workers,1.822857142857143,1.268571428571429,1.9856714285714283,1.8914285714285717,1.3008,1.822857142857143,1.0020571428571428,1.8914285714285717,1.9085714285714288,1.9449142857142856,1.8571428571428568,1.9085714285714288,1.8571428571428568,1.7734857142857143,1.8571428571428568,1.655,1.822857142857143,1.8571428571428568,1.5508,1.0,1.7734857142857143,2.331,1.6364285714285711,2.265085714285714,1.6063428571428573,1.8571428571428568,1.268571428571429,1.822857142857143,1.722057142857143
39-9011.01,Nannies,1.7385714285714284,1.0549142857142857,2.194857142857143,1.9085714285714288,1.0664285714285715,2.02,1.0549142857142857,2.0028571428571427,2.216428571428572,2.02,2.071428571428572,2.1677714285714287,1.8571428571428568,2.071428571428572,1.8571428571428568,1.6063428571428573,1.8057142857142856,1.8571428571428568,1.4691999999999998,1.0,1.7734857142857143,2.7917714285714283,1.6364285714285711,2.645714285714285,1.6364285714285711,1.822857142857143,1.231428571428571,1.822857142857143,2.4016
39-9031.00,Exercise Trainers and Group Fitness Instructors,1.8571428571428568,1.1257142857142857,3.2911428571428574,1.8571428571428568,1.0942857142857143,1.6364285714285711,1.0803571428571428,2.096342857142857,1.8571428571428568,1.8571428571428568,1.8571428571428568,1.8571428571428568,1.8914285714285717,1.8571428571428568,1.8571428571428568,1.2857142857142856,1.7734857142857143,1.8571428571428568,1.2857142857142856,1.0942857142857143,1.32,2.7783285714285717,1.2857142857142856,1.8571428571428568,1.4017857142857142,1.7734857142857143,1.16,1.6942857142857144,2.0105
39-9032.00,Recreation Workers,1.9085714285714288,1.3571428571428572,3.060928571428572,1.8571428571428568,1.32,1.9085714285714288,1.0549142857142857,1.9449142857142856,2.044642857142857,2.105,1.8571428571428568,2.1635714285714283,1.9842857142857144,2.0028571428571427,1.9449142857142856,1.5785714285714287,1.822857142857143,1.9085714285714288,1.5207142857142857,1.0206285714285714,1.5785714285714287,3.410628571428572,1.6063428571428573,2.1677714285714287,1.2857142857142856,1.9449142857142856,1.3392000000000002,1.9449142857142856,3.244
39-9041.00,Residential Advisors,1.7200000000000002,1.2857142857142856,2.2235142857142858,1.7857142857142856,1.2857142857142856,1.9085714285714288,1.0206285714285714,1.7200000000000002,2.105,2.275,1.9085714285714288,2.4971428571428573,2.023657142857143,2.216428571428572,1.8571428571428568,1.4542857142857144,1.5693714285714286,1.822857142857143,1.4285714285714286,1.0,1.5508,3.3079,1.4542857142857144,2.551428571428572,1.2857142857142856,1.9842857142857144,1.2857142857142856,1.8571428571428568,2.3806
41-1011.00,First-Line Supervisors of Retail Sales Workers,1.8571428571428568,1.6665142857142858,2.065,1.7857142857142856,1.75,2.0,1.0,2.0,2.096342857142857,1.9657142857142855,1.8571428571428568,2.3857142857142857,2.1085714285714285,2.096342857142857,1.9657142857142855,1.542142857142857,1.595,1.9449142857142856,1.6063428571428573,1.0,1.7385714285714284,2.488457142857144,1.6665142857142858,2.1635714285714283,1.6875,2.071428571428571,1.7734857142857143,2.0342857142857143,2.3664
41-1012.00,First-Line Supervisors of Non-Retail Sales Workers,2.1142857142857143,1.9449142857142856,2.734457142857143,1.6875,1.8571428571428568,2.354914285714286,1.0,2.1635714285714283,2.524285714285714,2.571428571428571,2.524285714285714,2.4522285714285714,2.542057142857143,2.645714285714285,2.2928571428571427,1.7200000000000002,1.5207142857142857,2.1677714285714287,1.6364285714285711,1.0,1.6875,3.019285714285714,1.394285714285714,2.1142857142857143,1.6364285714285711,2.3857142857142857,1.8914285714285717,2.4971428571428573,2.8414
41-2011.00,Cashiers,1.6875,1.394285714285714,1.5001571428571427,1.7385714285714284,1.4906285714285716,1.2857142857142856,1.0042857142857142,1.268571428571429,1.6063428571428573,1.9085714285714288,1.6063428571428573,1.6875,1.655,1.5785714285714287,1.2857142857142856,1.1885714285714286,1.7385714285714284,1.7857142857142856,1.4435714285714285,1.0,1.2857142857142856,1.4686,1.268571428571429,1.7857142857142856,1.5207142857142857,1.4928571428571429,1.5207142857142857,1.3392000000000002,1.1974
41-2012.00,Gambling Change Persons and Booth Cashiers,1.8057142857142856,1.7208,2.3200000000000003,1.7734857142857143,1.6714285714285717,1.604285714285714,1.0,1.302857142857143,1.822857142857143,1.872228571428572,1.7485714285714289,1.7734857142857143,1.9085714285714288,1.345,1.302857142857143,1.3392000000000002,1.5625,1.9642857142857144,1.8571428571428568,1.0885714285714283,1.5785714285714287,2.2215000000000003,1.3392000000000002,1.9642857142857144,1.3785714285714286,1.604285714285714,1.9085714285714288,1.655,1.680042857142857
41-2021.00,Counter and Rental Clerks,1.7200000000000002,1.5508,1.6705285714285714,1.8571428571428568,1.4017857142857142,1.595,1.0,1.32,1.7734857142857143,2.0028571428571427,1.7385714285714284,1.872228571428572,2.0028571428571427,1.68,1.5625,1.302857142857143,1.4192,1.9085714285714288,1.5300000000000002,1.0664285714285715,1.655,2.0605857142857142,1.32,1.8328571428571427,1.4179428571428572,1.8571428571428568,1.7385714285714284,1.8571428571428568,1.4165714285714286
41-2022.00,Parts Salespersons,1.9449142857142856,1.5625,2.8665571428571432,1.8571428571428568,1.625,1.7734857142857143,1.0,1.4179428571428572,1.8571428571428568,2.2767857142857144,1.9642857142857144,2.044642857142857,2.1677714285714287,1.7857142857142856,1.837942857142857,1.7200000000000002,1.6875,2.071428571428572,1.8571428571428568,1.32,1.822857142857143,2.604571428571429,1.7734857142857143,1.9257142857142855,1.6665142857142858,1.9792,1.7385714285714284,1.7857142857142856,2.446214285714285
41-2031.00,Retail Salespersons,1.7734857142857143,1.5207142857142857,2.3114285714285714,1.7036571428571428,1.4628571428571429,1.625,1.0,1.5207142857142857,1.8057142857142856,1.8571428571428568,1.7734857142857143,1.9449142857142856,1.8914285714285717,1.822857142857143,1.822857142857143,1.4542857142857144,1.625,1.822857142857143,1.4542857142857144,1.0,1.3785714285714286,1.9110285714285715,1.3392000000000002,1.9842857142857144,1.5625,1.8571428571428568,1.6063428571428573,1.8571428571428568,1.4617142857142855
41-3011.00,Advertising Sales Agents,1.9285714285714288,1.7200000000000002,2.805142857142857,1.822857142857143,1.6875,1.8914285714285717,1.0,1.6063428571428573,2.096342857142857,2.596342857142857,1.9842857142857144,2.205357142857143,2.3192,1.8571428571428568,1.9722285714285717,1.7734857142857143,1.7734857142857143,1.9657142857142855,1.655,1.0,1.7385714285714284,3.3788285714285715,1.655,1.9449142857142856,1.5914285714285714,2.3392857142857144,1.7200000000000002,2.023657142857143,2.4032857142857145
41-3021.00,Insurance Sales Agents,1.9842857142857144,1.9085714285714288,2.357,1.625,1.8571428571428568,1.837942857142857,1.0020571428571428,1.6875,2.1635714285714283,2.7142857142857144,1.9842857142857144,2.524285714285714,2.7142857142857144,2.071428571428572,1.9657142857142855,1.25,1.5508,1.9085714285714288,1.5207142857142857,1.0,1.7385714285714284,2.650114285714285,1.4542857142857144,2.125,1.4464285714285716,2.4035714285714285,1.8571428571428568,2.354914285714286,1.9102
41-3031.00,"Securities, Commodities, and Financial Services Sales Agents",2.044642857142857,2.086428571428572,3.0898,1.7036571428571428,1.9842857142857144,2.19,1.0135714285714286,1.6665142857142858,2.6696428571428568,2.542057142857143,2.19,2.4732142857142856,2.3392857142857144,1.872228571428572,2.3392857142857144,1.3214285714285714,1.542142857142857,2.1492,1.78,1.0065142857142857,1.837942857142857,2.983085714285714,1.845,2.3392857142857144,1.5892857142857142,2.2928571428571427,2.096342857142857,2.19,1.9324571428571429
41-3041.00,Travel Agents,1.8571428571428568,1.537142857142857,2.78,1.7208,1.6714285714285717,1.822857142857143,1.0089285714285714,1.4821428571428572,2.1357142857142857,2.5428571428571427,1.8571428571428568,2.1357142857142857,2.607142857142857,1.822857142857143,1.9449142857142856,1.3785714285714286,1.7734857142857143,1.9642857142857144,1.32,1.0020571428571428,1.51,2.5419857142857145,1.3571428571428572,2.0285714285714285,1.7385714285714284,1.9085714285714288,1.822857142857143,1.9085714285714288,2.002857142857143
41-4011.00,"Sales Representatives, Wholesale and Manufacturing, Technical and Scientific Products",1.8571428571428568,1.7385714285714284,1.7849,1.5625,1.7734857142857143,2.0608,1.0442857142857145,1.75,2.3857142857142857,2.645714285714285,1.9285714285714288,2.275,2.6185714285714288,1.9085714285714288,2.3392857142857144,1.4821428571428572,1.4906285714285716,1.9285714285714288,1.4542857142857144,1.0549142857142857,1.6875,2.678114285714285,1.7734857142857143,2.096342857142857,1.8914285714285717,2.524285714285714,1.837942857142857,2.2308,1.6532142857142855
41-4011.07,Solar Sales Representatives and Assessors,1.9285714285714288,1.7734857142857143,3.064,1.7385714285714284,1.75,1.9449142857142856,1.0271428571428571,1.6875,2.2308,2.4035714285714285,1.9449142857142856,2.2928571428571427,2.354914285714286,1.7734857142857143,1.9085714285714288,1.8057142857142856,1.32,1.9449142857142856,1.5207142857142857,1.0135714285714286,1.8571428571428568,3.000771428571429,1.6875,2.105,1.4691999999999998,2.19,1.7734857142857143,1.9085714285714288,2.272685714285714
41-4012.00,"Sales Representatives, Wholesale and Manufacturing, Except Technical and Scientific Products",1.9085714285714288,1.4691999999999998,3.1662857142857144,1.4691999999999998,1.4017857142857142,1.9085714285714288,1.0,1.3785714285714286,1.9842857142857144,2.524285714285714,1.8914285714285717,2.3392857142857144,2.275,1.8571428571428568,1.9842857142857144,1.36,1.3785714285714286,1.9449142857142856,1.3392000000000002,1.0,1.4435714285714285,2.831185714285714,1.3392000000000002,1.9842857142857144,1.4017857142857142,2.4035714285714285,1.4928571428571429,2.044642857142857,2.011542857142857
41-9011.00,Demonstrators and Product Promoters,1.8571428571428568,1.3392000000000002,1.7590428571428571,1.822857142857143,1.3008,1.68,1.0,1.6875,1.9085714285714288,1.8571428571428568,1.8571428571428568,1.8571428571428568,2.044642857142857,1.822857142857143,1.8057142857142856,1.837942857142857,1.75,1.8571428571428568,1.625,1.0,1.5508,2.031528571428572,1.3571428571428572,1.8571428571428568,1.6665142857142858,1.8571428571428568,1.3392000000000002,1.8571428571428568,1.3869142857142858
41-9012.00,Models,1.5165142857142857,1.077942857142857,1.2316857142857145,1.5207142857142857,1.0089285714285714,1.22,1.0,1.0020571428571428,1.2857142857142856,1.4249999999999998,1.3571428571428572,1.4350857142857143,1.4285714285714286,1.4285714285714286,1.2036571428571428,1.32,1.3392000000000002,1.32,1.0206285714285714,1.0,1.0549142857142857,1.6287142857142856,1.0089285714285714,1.3571428571428572,1.12,1.4435714285714285,1.0549142857142857,1.2857142857142856,1.5966285714285715
41-9021.00,Real Estate Brokers,1.5785714285714287,1.7385714285714284,3.2725714285714287,1.394285714285714,1.8057142857142856,1.822857142857143,1.0020571428571428,1.4285714285714286,2.4971428571428573,2.7142857142857144,2.0028571428571427,2.596342857142857,2.6950857142857143,1.8571428571428568,2.4035714285714285,1.2142857142857144,1.3392000000000002,1.8571428571428568,1.32,1.0,1.3785714285714286,2.8184714285714287,1.1785714285714286,2.19,1.2857142857142856,2.2928571428571427,1.3392000000000002,2.19,1.98
41-9022.00,Real Estate Sales Agents,1.9449142857142856,1.8571428571428568,3.2286571428571427,1.5785714285714287,1.9842857142857144,1.9085714285714288,1.0020571428571428,1.51,2.2471428571428573,2.645714285714285,1.9842857142857144,2.4971428571428573,2.36,2.0608,1.9842857142857144,1.7200000000000002,1.5357142857142858,1.9085714285714288,1.5614285714285714,1.0,1.8571428571428568,3.5362857142857145,1.595,2.0,1.6364285714285711,2.0608,1.8057142857142856,2.19,2.7278571428571428
41-9031.00,Sales Engineers,2.4971428571428573,2.096342857142857,2.9721,1.7734857142857143,2.0342857142857143,2.645714285714285,1.32,1.9657142857142855,2.7142857142857144,2.98,2.7142857142857144,2.7142857142857144,3.091428571428572,2.1142857142857143,2.6185714285714288,1.837942857142857,1.6063428571428573,2.571428571428571,1.7200000000000002,1.1257142857142857,1.7734857142857143,2.8334857142857146,1.8571428571428568,2.571428571428571,1.8914285714285717,2.6950857142857143,2.2471428571428573,2.571428571428571,1.6918571428571427
41-9041.00,Telemarketers,1.4017857142857142,1.0664285714285715,3.2824,1.7934857142857146,1.0271428571428571,1.394285714285714,1.0,1.0535714285714286,1.655,1.9085714285714288,1.6063428571428573,1.8914285714285717,2.044642857142857,1.4179428571428572,1.231428571428571,1.0664285714285715,1.3392000000000002,1.4906285714285716,1.0535714285714286,1.0,1.157142857142857,2.734857142857143,1.0803571428571428,1.7036571428571428,1.1885714285714286,1.7200000000000002,1.1071428571428572,1.5357142857142858,1.970457142857143
41-9091.00,"Door-to-Door Sales Workers, News and Street Vendors, and Related Workers",1.5892857142857142,1.2592,1.7485714285714289,1.51,1.1408,1.5207142857142857,1.0,1.3571428571428572,1.7734857142857143,1.8571428571428568,1.7200000000000002,1.837942857142857,1.7857142857142856,1.7200000000000002,1.6063428571428573,1.1785714285714286,1.4542857142857144,1.822857142857143,1.0357142857142856,1.0,1.2208,2.5635,1.12,1.7734857142857143,1.3785714285714286,1.872228571428572,1.2857142857142856,1.7385714285714284,1.9101428571428567
43-1011.00,First-Line Supervisors of Office and Administrative Support Workers,1.9642857142857144,1.6875,2.59,1.7485714285714289,1.6875,2.105,1.0,2.4035714285714285,2.354914285714286,2.7142857142857144,2.1607142857142856,2.596342857142857,2.607142857142857,2.4732142857142856,2.4732142857142856,1.6063428571428573,1.7734857142857143,2.216428571428572,1.6063428571428573,1.0,1.595,2.850542857142857,1.5508,2.422142857142857,1.5357142857142858,2.645714285714285,1.6665142857142858,2.4732142857142856,2.407342857142857
43-2011.00,"Switchboard Operators, Including Answering Service",1.4821428571428572,1.1257142857142857,1.866442857142857,1.7208,1.157142857142857,1.4542857142857144,1.0,1.268571428571429,1.7485714285714289,1.822857142857143,1.7142857142857144,1.6875,1.822857142857143,1.5625,1.4821428571428572,1.1885714285714286,1.5508,1.68,1.5300000000000002,1.0,1.3571428571428572,1.2854285714285714,1.4691999999999998,1.7385714285714284,1.3785714285714286,1.822857142857143,1.22,1.595,1.2442571428571427
43-2021.00,Telephone Operators,1.4821428571428572,1.197142857142857,2.6056857142857144,1.8571428571428568,1.1106285714285715,1.5785714285714287,1.0,1.2857142857142856,1.7036571428571428,1.8571428571428568,1.7385714285714284,1.822857142857143,1.822857142857143,1.4285714285714286,1.3571428571428572,1.077942857142857,1.2857142857142856,1.655,1.3571428571428572,1.0,1.4542857142857144,1.8718285714285716,1.3392000000000002,1.822857142857143,1.2142857142857144,1.655,1.1734857142857142,1.4017857142857142,1.6312
43-3011.00,Bill and Account Collectors,1.8571428571428568,1.6063428571428573,1.894,1.8571428571428568,1.6063428571428573,1.7734857142857143,1.0,1.3392000000000002,1.7734857142857143,2.4035714285714285,1.837942857142857,2.06,2.096342857142857,1.822857142857143,1.7385714285714284,1.32,1.3785714285714286,1.7734857142857143,1.6063428571428573,1.0,1.5677714285714286,2.807928571428572,1.302857142857143,1.8571428571428568,1.3392000000000002,2.25,1.6875,2.0028571428571427,1.5646857142857142
43-3021.00,Billing and Posting Clerks,1.9085714285714288,1.7385714285714284,3.0349857142857144,1.625,1.9257142857142855,1.7036571428571428,1.0020571428571428,1.5165142857142857,2.023657142857143,2.216428571428572,1.8914285714285717,1.9842857142857144,2.265085714285714,1.8328571428571427,1.655,1.1885714285714286,1.32,2.1607142857142856,1.5785714285714287,1.0271428571428571,1.7036571428571428,2.5581714285714288,1.4691999999999998,2.0028571428571427,1.5614285714285714,2.02,1.9085714285714288,1.822857142857143,1.4554
43-3031.00,"Bookkeeping, Accounting, and Auditing Clerks",1.9085714285714288,2.596342857142857,2.4221714285714286,1.822857142857143,2.1492,1.7734857142857143,1.0020571428571428,1.268571428571429,1.8914285714285717,2.596342857142857,1.9842857142857144,2.044642857142857,2.205357142857143,1.822857142857143,1.78,1.25,1.2857142857142856,1.9449142857142856,1.7734857142857143,1.0,1.7200000000000002,2.862157142857143,1.4017857142857142,2.071428571428572,1.4435714285714285,2.354914285714286,2.3857142857142857,1.9449142857142856,1.6724
43-3041.00,Gambling Cage Workers,1.7734857142857143,1.935714285714286,2.17,1.9085714285714288,1.9257142857142855,1.4017857142857142,1.0,1.4179428571428572,2.0028571428571427,1.9085714285714288,1.8571428571428568,1.9285714285714288,1.8571428571428568,1.7857142857142856,1.4435714285714285,1.2142857142857144,1.542142857142857,1.9642857142857144,1.7734857142857143,1.0,1.4542857142857144,1.7505714285714284,1.302857142857143,2.1677714285714287,1.5207142857142857,1.8571428571428568,2.0779428571428573,1.8571428571428568,1.35
43-3051.00,Payroll and Timekeeping Clerks,1.7734857142857143,2.2071428571428573,2.5505714285714287,1.822857142857143,2.0028571428571427,1.8571428571428568,1.0,1.467857142857143,1.9085714285714288,2.596342857142857,1.9085714285714288,1.9449142857142856,2.5428571428571427,1.8057142857142856,1.7200000000000002,1.25,1.302857142857143,2.0608,1.7036571428571428,1.0,1.655,2.756571428571428,1.302857142857143,2.044642857142857,1.32,2.375,2.1492,1.9449142857142856,1.5002142857142855
43-3061.00,Procurement Clerks,1.822857142857143,1.872228571428572,2.720085714285714,1.6391999999999998,1.68,2.1142857142857143,1.0,1.4691999999999998,2.1142857142857143,2.645714285714285,2.071428571428572,2.4732142857142856,2.7142857142857144,1.8571428571428568,2.1635714285714283,1.1785714285714286,1.4285714285714286,2.178571428571429,1.5300000000000002,1.0,1.3785714285714286,2.5686,1.32,2.1142857142857143,1.268571428571429,2.225714285714286,1.5357142857142858,2.216428571428572,2.1362
43-3071.00,Tellers,1.8571428571428568,1.9085714285714288,2.968,1.9642857142857144,1.7857142857142856,1.7734857142857143,1.0,1.4464285714285716,1.9842857142857144,2.0028571428571427,1.8914285714285717,1.9842857142857144,1.9842857142857144,1.822857142857143,1.8057142857142856,1.32,1.7734857142857143,2.1228571428571428,1.7857142857142856,1.0,1.7036571428571428,2.489057142857143,1.4821428571428572,2.216428571428572,1.3392000000000002,1.9642857142857144,2.283657142857143,1.8571428571428568,1.8791285714285717
43-4011.00,Brokerage Clerks,1.8057142857142856,1.9085714285714288,2.295,1.9085714285714288,2.0,1.7734857142857143,1.0,1.6364285714285711,2.205357142857143,2.4732142857142856,1.9449142857142856,2.2308,2.4732142857142856,2.1142857142857143,1.8571428571428568,1.32,1.6875,2.071428571428572,1.655,1.0,1.7385714285714284,2.1417,1.5785714285714287,2.0608,1.51,2.354914285714286,2.1357142857142857,2.06,1.2775
43-4021.00,Correspondence Clerks,1.8571428571428568,1.6063428571428573,2.186142857142857,1.8571428571428568,1.625,1.7385714285714284,1.0089285714285714,1.5508,1.9642857142857144,2.7142857142857144,1.9085714285714288,2.275,2.571428571428571,1.822857142857143,1.6875,1.2857142857142856,1.335714285714286,1.9642857142857144,1.4542857142857144,1.0,1.655,3.0051142857142854,1.6063428571428573,2.02,1.32,2.782857142857143,1.655,2.765714285714286,1.6978285714285717
43-4031.00,"Court, Municipal, and License Clerks",1.8328571428571427,1.4542857142857144,2.688,1.6391999999999998,1.4179428571428572,1.7036571428571428,1.0020571428571428,1.5614285714285714,2.0608,2.2928571428571427,2.0028571428571427,2.086428571428572,2.2308,1.9085714285714288,1.6063428571428573,1.2036571428571428,1.51,2.02,1.4179428571428572,1.0271428571428571,1.7036571428571428,2.516114285714285,1.4691999999999998,1.9792,1.5357142857142858,2.1492,1.4542857142857144,2.19,1.7879999999999998
43-4041.00,"Credit Authorizers, Checkers, and Clerks",1.7200000000000002,1.5785714285714287,3.0022857142857142,1.5785714285714287,1.5357142857142858,1.5625,1.0020571428571428,1.4821428571428572,2.0028571428571427,2.25,2.0028571428571427,2.086428571428572,2.31,1.8328571428571427,1.6063428571428573,1.2036571428571428,1.3571428571428572,1.8914285714285717,1.4179428571428572,1.0,1.7200000000000002,2.7626857142857144,1.4821428571428572,2.071428571428572,1.36,1.9842857142857144,1.5785714285714287,1.9449142857142856,1.5097142857142858
43-4051.00,Customer Service Representatives,1.7200000000000002,1.5300000000000002,3.0224,1.7734857142857143,1.4017857142857142,1.9085714285714288,1.0,1.6665142857142858,2.0028571428571427,2.0608,1.9449142857142856,2.125,2.0608,1.9085714285714288,1.7734857142857143,1.3392000000000002,1.3785714285714286,1.9085714285714288,1.4691999999999998,1.0,1.7200000000000002,2.9414285714285717,1.4179428571428572,2.337142857142857,1.4542857142857144,2.1677714285714287,1.4435714285714285,1.8571428571428568,2.198928571428572
43-4061.00,"Eligibility Interviewers, Government Programs",1.9449142857142856,1.6063428571428573,3.2815000000000003,1.7734857142857143,1.4017857142857142,1.9085714285714288,1.0089285714285714,1.4821428571428572,2.4035714285714285,2.596342857142857,2.354914285714286,2.2928571428571427,2.645714285714285,1.8571428571428568,1.9842857142857144,1.32,1.3785714285714286,2.105,1.4017857142857142,1.0,1.6364285714285711,2.9497,1.32,2.1492,1.32,2.596342857142857,1.4249999999999998,2.524285714285714,1.938542857142857
43-4071.00,File Clerks,2.4485714285714284,1.3392000000000002,3.3006857142857142,2.02,1.3392000000000002,1.6391999999999998,1.0,1.4017857142857142,1.9085714285714288,2.3906285714285715,1.822857142857143,1.8571428571428568,2.337142857142857,1.7857142857142856,1.6714285714285717,1.302857142857143,1.4179428571428572,2.3928571428571432,1.9792,1.0020571428571428,1.822857142857143,3.03,1.4542857142857144,1.8571428571428568,1.4435714285714285,2.1607142857142856,1.3571428571428572,1.9085714285714288,2.4118
43-4081.00,"Hotel, Motel, and Resort Desk Clerks",1.8571428571428568,1.5,2.3795714285714284,1.7734857142857143,1.4906285714285716,1.7857142857142856,1.0,1.6063428571428573,1.8571428571428568,1.8914285714285717,1.8057142857142856,1.94,2.0,1.8571428571428568,1.5625,1.302857142857143,1.4017857142857142,1.8571428571428568,1.3808,1.0,1.4017857142857142,2.2425571428571427,1.3392000000000002,1.9642857142857144,1.4,1.8571428571428568,1.595,1.7734857142857143,1.5786571428571428
43-4111.00,"Interviewers, Except Eligibility and Loan",1.9449142857142856,1.3785714285714286,3.091728571428572,1.9642857142857144,1.3785714285714286,1.9449142857142856,1.0,1.7734857142857143,2.044642857142857,2.3857142857142857,2.0028571428571427,2.044642857142857,2.2928571428571427,2.044642857142857,1.8057142857142856,1.2000000000000002,1.3785714285714286,2.0608,1.3214285714285714,1.0,1.4464285714285716,3.4359285714285708,1.3808,2.0028571428571427,1.4249999999999998,2.1492,1.4017857142857142,2.086428571428572,2.2138857142857145
43-4121.00,"Library Assistants, Clerical",1.8571428571428568,1.268571428571429,2.919314285714286,1.7485714285714289,1.3392000000000002,1.5693714285714286,1.0,1.4542857142857144,1.7036571428571428,2.1677714285714287,1.7385714285714284,1.822857142857143,2.044642857142857,1.6714285714285717,1.3785714285714286,1.4435714285714285,1.5693714285714286,2.0608,1.7485714285714289,1.0,1.655,2.3753714285714285,1.3392000000000002,1.872228571428572,1.4821428571428572,1.8571428571428568,1.3214285714285714,1.8571428571428568,1.810514285714286
43-4131.00,Loan Interviewers and Clerks,1.9285714285714288,1.9842857142857144,2.9885714285714284,1.9085714285714288,1.9449142857142856,2.071428571428572,1.0042857142857142,1.6364285714285711,2.4035714285714285,2.782857142857143,2.31,2.571428571428571,2.645714285714285,2.0028571428571427,2.19,1.5508,1.6714285714285717,2.422142857142857,1.6875,1.0,1.7734857142857143,2.9874285714285715,1.6875,2.327857142857143,1.44,2.4522285714285714,1.9285714285714288,2.4522285714285714,1.6615142857142855
43-4141.00,New Accounts Clerks,1.7385714285714284,1.7857142857142856,2.254942857142857,1.5300000000000002,1.8057142857142856,1.655,1.0,1.4542857142857144,2.0028571428571427,2.571428571428571,1.9085714285714288,2.06,2.2928571428571427,1.6714285714285717,1.655,1.268571428571429,1.4542857142857144,1.9085714285714288,1.5300000000000002,1.0,1.4285714285714286,2.2978571428571426,1.4542857142857144,1.872228571428572,1.5207142857142857,1.8571428571428568,1.7734857142857143,1.8571428571428568,1.4011
43-4151.00,Order Clerks,1.9449142857142856,1.5207142857142857,3.185142857142857,1.822857142857143,1.7857142857142856,1.7036571428571428,1.0,1.4179428571428572,1.9085714285714288,2.327857142857143,1.9085714285714288,2.06,2.25,1.7385714285714284,1.8571428571428568,1.3392000000000002,1.595,1.9642857142857144,1.9085714285714288,1.0,1.7857142857142856,3.4888,1.7734857142857143,2.1142857142857143,1.4017857142857142,2.02,1.7734857142857143,1.9085714285714288,1.8247142857142855
43-4161.00,"Human Resources Assistants, Except Payroll and Timekeeping",1.872228571428572,1.2857142857142856,2.9254857142857142,1.5508,1.2857142857142856,1.7857142857142856,1.0020571428571428,1.6171428571428572,2.0028571428571427,2.596342857142857,1.8571428571428568,2.2308,2.7142857142857144,1.872228571428572,1.8914285714285717,1.2857142857142856,1.5785714285714287,2.0028571428571427,1.4821428571428572,1.0,1.655,3.7095142857142855,1.3571428571428572,2.105,1.3392000000000002,2.571428571428571,1.302857142857143,2.2928571428571427,2.410685714285714
43-4171.00,Receptionists and Information Clerks,1.6063428571428573,1.394285714285714,2.430314285714286,1.822857142857143,1.268571428571429,1.655,1.0,1.3008,1.6665142857142858,2.1228571428571428,1.6875,1.9085714285714288,1.9449142857142856,1.7036571428571428,1.5300000000000002,1.3008,1.7036571428571428,1.6875,1.5785714285714287,1.0,1.4691999999999998,2.4001714285714284,1.3008,1.7200000000000002,1.4542857142857144,2.02,1.4542857142857144,1.8571428571428568,1.7328571428571429
43-4181.00,Reservation and Transportation Ticket Agents and Travel Clerks,1.8571428571428568,1.4628571428571429,2.9316,1.822857142857143,1.5785714285714287,1.8571428571428568,1.0,1.6063428571428573,1.9449142857142856,2.265085714285714,1.8571428571428568,2.2308,2.1142857142857143,1.9085714285714288,1.8571428571428568,1.32,1.7385714285714284,2.1228571428571428,1.5625,1.0,1.7036571428571428,2.1123000000000003,1.5508,1.9085714285714288,1.4691999999999998,1.9085714285714288,1.4691999999999998,1.9085714285714288,1.363057142857143
43-5011.00,Cargo and Freight Agents,1.8914285714285717,1.4928571428571429,1.789485714285714,1.8571428571428568,1.4464285714285716,1.822857142857143,1.0,1.268571428571429,1.8571428571428568,2.5428571428571427,1.8571428571428568,2.1635714285714283,2.0028571428571427,1.9085714285714288,1.6875,1.3571428571428572,1.6875,1.8057142857142856,1.7385714285714284,1.0664285714285715,1.6391999999999998,1.8756,1.32,1.9085714285714288,1.3392000000000002,1.9449142857142856,1.655,1.8571428571428568,1.6711142857142858
43-5011.01,Freight Forwarders,1.9449142857142856,1.8571428571428568,2.962428571428572,1.7036571428571428,1.8914285714285717,1.9449142857142856,1.0,1.7200000000000002,2.275,2.5428571428571427,1.9085714285714288,2.1492,2.2767857142857144,2.0028571428571427,1.9449142857142856,1.7734857142857143,1.7734857142857143,2.1228571428571428,1.9085714285714288,1.0535714285714286,1.872228571428572,3.2170428571428573,1.7857142857142856,2.1607142857142856,1.655,2.19,1.9085714285714288,2.0028571428571427,3.266
43-5021.00,Couriers and Messengers,1.8328571428571427,1.2592,1.7062000000000002,1.7036571428571428,1.4542857142857144,1.5508,1.0020571428571428,1.3008,1.822857142857143,1.9642857142857144,1.6428571428571428,1.7485714285714289,1.822857142857143,1.8839285714285712,1.5207142857142857,1.4179428571428572,1.7734857142857143,1.9085714285714288,1.7485714285714289,1.0020571428571428,1.3785714285714286,1.862142857142857,1.2857142857142856,1.7934857142857146,1.3008,1.7208,1.268571428571429,1.7857142857142856,1.4148571428571428
43-5031.00,Public Safety Telecommunicators,1.8571428571428568,1.2857142857142856,3.580457142857143,2.645714285714285,1.25,2.0028571428571427,1.0206285714285714,1.7200000000000002,2.524285714285714,2.178571428571429,2.071428571428572,2.524285714285714,2.4035714285714285,1.8057142857142856,1.9085714285714288,1.5142857142857142,2.1635714285714283,2.4732142857142856,2.0,1.0535714285714286,1.8571428571428568,2.9789714285714286,1.8571428571428568,2.7142857142857144,1.8057142857142856,2.044642857142857,1.2857142857142856,1.8571428571428568,2.296342857142857
43-5032.00,"Dispatchers, Except Police, Fire, and Ambulance",1.8571428571428568,1.4017857142857142,1.858,2.0028571428571427,1.32,1.9085714285714288,1.0020571428571428,1.6875,2.422142857142857,2.216428571428572,1.8914285714285717,2.1357142857142857,2.2767857142857144,2.225714285714286,1.822857142857143,1.3785714285714286,1.7385714285714284,1.9085714285714288,1.7385714285714284,1.0,1.655,2.275428571428572,1.7734857142857143,2.216428571428572,1.5785714285714287,2.216428571428572,1.4017857142857142,1.872228571428572,1.922542857142857
43-5041.00,"Meter Readers, Utilities",1.7734857142857143,1.4628571428571429,2.049785714285714,1.6714285714285717,1.4179428571428572,1.7036571428571428,1.0020571428571428,1.4928571428571429,1.6875,1.8571428571428568,1.7385714285714284,1.7857142857142856,1.822857142857143,1.7485714285714289,1.5300000000000002,1.4249999999999998,1.4017857142857142,1.872228571428572,1.872228571428572,1.0992,1.5357142857142858,1.9984,1.3571428571428572,1.822857142857143,1.32,1.595,1.4906285714285716,1.6364285714285711,1.729857142857143
43-5051.00,Postal Service Clerks,1.8328571428571427,1.605714285714286,2.5883714285714285,1.822857142857143,1.625,1.625,1.0,1.32,1.9085714285714288,2.105,1.8571428571428568,1.9285714285714288,1.9449142857142856,1.7485714285714289,1.4628571428571429,1.32,1.6875,1.872228571428572,1.7857142857142856,1.0,1.5785714285714287,2.159542857142857,1.5300000000000002,1.822857142857143,1.3571428571428572,1.7385714285714284,1.822857142857143,1.8057142857142856,1.4411285714285715
43-5052.00,Postal Service Mail Carriers,1.8571428571428568,1.0885714285714283,1.5243428571428572,1.7385714285714284,1.0992,1.3785714285714286,1.0,1.12,1.6875,1.8571428571428568,1.6875,1.7857142857142856,1.6665142857142858,1.6391999999999998,1.2857142857142856,1.268571428571429,1.5614285714285714,1.872228571428572,1.655,1.0,1.5625,1.5668571428571427,1.1785714285714286,1.7857142857142856,1.2000000000000002,1.4017857142857142,1.1339285714285714,1.3392000000000002,1.0845142857142858
43-5053.00,"Postal Service Mail Sorters, Processors, and Processing Machine Operators",1.7934857142857146,1.1785714285714286,1.6908571428571428,1.7036571428571428,1.197142857142857,1.4285714285714286,1.0,1.3392000000000002,1.7142857142857144,1.8328571428571427,1.6714285714285717,1.7485714285714289,1.7857142857142856,1.6714285714285717,1.32,1.2857142857142856,1.2857142857142856,1.7934857142857146,1.7934857142857146,1.0020571428571428,1.394285714285714,1.5168857142857144,1.3392000000000002,1.7485714285714289,1.2592,1.4285714285714286,1.231428571428571,1.335714285714286,1.2242571428571427
43-5061.00,"Production, Planning, and Expediting Clerks",1.9085714285714288,1.6063428571428573,2.1124,1.9642857142857144,1.6063428571428573,1.9449142857142856,1.0020571428571428,1.4179428571428572,2.25,2.265085714285714,1.8914285714285717,2.2308,2.4035714285714285,2.25,1.6875,1.5614285714285714,1.4906285714285716,2.4893714285714283,1.7857142857142856,1.0020571428571428,1.7200000000000002,2.7104857142857144,1.4179428571428572,2.375,1.1607142857142858,2.2071428571428573,1.6875,1.9085714285714288,2.2656428571428573
43-5071.00,"Shipping, Receiving, and Inventory Clerks",1.8571428571428568,1.3785714285714286,2.3024,1.68,1.4017857142857142,1.604285714285714,1.0,1.36,1.822857142857143,1.8571428571428568,1.822857142857143,1.8571428571428568,1.9449142857142856,1.68,1.4179428571428572,1.5165142857142857,1.36,1.9642857142857144,1.822857142857143,1.0089285714285714,1.51,2.6477714285714287,1.3392000000000002,1.9642857142857144,1.3392000000000002,1.7485714285714289,1.4691999999999998,1.6364285714285711,2.188
43-5111.00,"Weighers, Measurers, Checkers, and Samplers, Recordkeeping",2.105,1.7485714285714289,2.8228857142857144,2.0028571428571427,1.7385714285714284,1.7385714285714284,1.0535714285714286,1.625,1.9449142857142856,2.02,1.8571428571428568,2.02,1.9642857142857144,1.7734857142857143,1.6875,1.5357142857142858,1.5625,1.9642857142857144,2.0028571428571427,1.1339285714285714,1.9449142857142856,2.960714285714286,1.4017857142857142,1.9792,1.4821428571428572,1.9085714285714288,1.7857142857142856,1.8057142857142856,1.8697428571428567
43-6011.00,Executive Secretaries and Executive Administrative Assistants,1.9449142857142856,1.7036571428571428,3.2230000000000003,1.8571428571428568,1.5625,1.8057142857142856,1.0206285714285714,1.8057142857142856,1.9449142857142856,2.7142857142857144,1.8914285714285717,2.205357142857143,2.7142857142857144,1.9642857142857144,1.9449142857142856,1.4017857142857142,1.7734857142857143,2.0608,1.8328571428571427,1.0020571428571428,1.8571428571428568,3.9665,1.5785714285714287,1.9642857142857144,1.6875,2.7142857142857144,1.6364285714285711,2.4732142857142856,3.384457142857143
43-6012.00,Legal Secretaries and Administrative Assistants,1.8571428571428568,1.32,2.515428571428572,1.7208,1.3392000000000002,1.7734857142857143,1.0,1.3785714285714286,1.8571428571428568,2.7142857142857144,1.7734857142857143,1.8571428571428568,2.7142857142857144,1.9642857142857144,1.7200000000000002,1.3785714285714286,1.4285714285714286,1.9085714285714288,1.394285714285714,1.0,1.32,3.2238857142857147,1.3392000000000002,1.8571428571428568,1.3008,2.645714285714285,1.3392000000000002,2.596342857142857,2.6074
43-6013.00,Medical Secretaries and Administrative Assistants,1.8571428571428568,1.32,2.639042857142857,1.7385714285714284,1.32,1.8328571428571427,1.0020571428571428,1.3392000000000002,1.9085714285714288,2.5,1.9085714285714288,1.9085714285714288,2.1142857142857143,1.872228571428572,1.4017857142857142,1.2857142857142856,1.604285714285714,1.872228571428572,1.3392000000000002,1.0,1.32,2.8655,1.22,1.822857142857143,1.32,1.9085714285714288,1.32,1.9085714285714288,2.4105857142857143
43-6014.00,"Secretaries and Administrative Assistants, Except Legal, Medical, and Executive",1.8571428571428568,1.25,2.089,1.822857142857143,1.231428571428571,1.7036571428571428,1.0,1.3008,1.822857142857143,2.662857142857143,1.822857142857143,2.0342857142857143,2.596342857142857,2.071428571428572,1.8057142857142856,1.32,1.7385714285714284,2.1677714285714287,1.3571428571428572,1.0,1.302857142857143,2.879642857142857,1.2857142857142856,1.9085714285714288,1.3008,2.662857142857143,1.28,2.375,1.957
43-9021.00,Data Entry Keyers,1.9085714285714288,1.394285714285714,3.0481571428571432,1.9792,1.2857142857142856,1.6714285714285717,1.0,1.3392000000000002,1.7385714285714284,2.2342857142857144,1.822857142857143,1.7734857142857143,2.265085714285714,1.822857142857143,1.5300000000000002,1.394285714285714,1.5,2.071428571428572,1.982142857142857,1.0357142857142856,1.6875,2.881,1.51,1.7734857142857143,1.3706285714285715,1.872228571428572,1.32,1.8571428571428568,1.6116857142857142
43-9022.00,Word Processors and Typists,1.822857142857143,1.3706285714285715,2.007428571428571,1.6391999999999998,1.5785714285714287,1.2857142857142856,1.0,1.1885714285714286,1.822857142857143,2.422142857142857,1.6063428571428573,1.625,2.25,1.822857142857143,1.3571428571428572,1.4285714285714286,1.335714285714286,1.9085714285714288,1.8571428571428568,1.0020571428571428,1.51,3.1514571428571427,1.3785714285714286,1.7385714285714284,1.25,2.044642857142857,1.3571428571428572,2.044642857142857,1.6222857142857143
43-9031.00,Desktop Publishers,2.354914285714286,1.2857142857142856,3.010628571428572,1.9085714285714288,1.302857142857143,2.096342857142857,1.0,1.8057142857142856,2.2928571428571427,2.571428571428571,1.8571428571428568,2.524285714285714,2.571428571428571,2.06,1.8571428571428568,2.645714285714285,1.5785714285714287,2.662857142857143,2.071428571428572,1.1434857142857142,2.0342857142857143,2.9814285714285718,1.5165142857142857,2.216428571428572,1.4285714285714286,2.4035714285714285,1.394285714285714,2.096342857142857,2.2016142857142857
43-9041.00,Insurance Claims and Policy Processing Clerks,1.9449142857142856,1.5207142857142857,2.5907142857142857,1.6714285714285717,1.4691999999999998,1.822857142857143,1.0020571428571428,1.5508,1.8908,2.354914285714286,1.7934857142857146,2.086428571428572,2.25,2.071428571428572,1.6364285714285711,1.231428571428571,1.5207142857142857,2.02,1.595,1.0,1.6063428571428573,2.4436,1.4691999999999998,1.8421428571428573,1.4435714285714285,2.105,1.6942857142857144,1.9449142857142856,1.332542857142857
43-9051.00,"Mail Clerks and Mail Machine Operators, Except Postal Service",1.8328571428571427,1.2592,1.499428571428571,1.7036571428571428,1.3571428571428572,1.335714285714286,1.0020571428571428,1.32,1.7857142857142856,1.9085714285714288,1.7385714285714284,1.822857142857143,1.7485714285714289,1.7485714285714289,1.3785714285714286,1.3785714285714286,1.3785714285714286,1.872228571428572,1.7385714285714284,1.077942857142857,1.4542857142857144,1.4888714285714286,1.3392000000000002,1.8571428571428568,1.32,1.7385714285714284,1.28,1.7385714285714284,1.053
43-9061.00,"Office Clerks, General",1.8571428571428568,1.655,2.039885714285714,1.7857142857142856,1.3392000000000002,1.5207142857142857,1.0,1.36,1.822857142857143,2.225714285714286,1.822857142857143,1.8571428571428568,2.375,1.7857142857142856,1.6875,1.32,1.5693714285714286,1.9085714285714288,1.5785714285714287,1.0,1.6364285714285711,2.425657142857143,1.32,1.8328571428571427,1.32,2.1228571428571428,1.6063428571428573,1.9449142857142856,1.828
43-9071.00,"Office Machine Operators, Except Computer",1.7200000000000002,1.5,2.166785714285714,1.822857142857143,1.4285714285714286,1.6714285714285717,1.0,1.2857142857142856,1.655,2.1228571428571428,1.625,1.7485714285714289,1.872228571428572,1.7485714285714289,1.655,1.625,1.4906285714285716,1.9257142857142855,1.6875,1.375,1.5614285714285714,2.428,1.2857142857142856,1.7857142857142856,1.2857142857142856,1.6391999999999998,1.625,1.7385714285714284,1.5175
43-9081.00,Proofreaders and Copy Markers,1.51,1.1428571428571428,2.560285714285714,1.6391999999999998,1.1257142857142857,1.4691999999999998,1.0020571428571428,1.197142857142857,1.9085714285714288,3.052142857142857,1.655,1.8571428571428568,2.9732142857142856,1.625,1.51,1.24,1.157142857142857,1.8571428571428568,1.7934857142857146,1.0,1.5357142857142858,2.2705,1.2000000000000002,1.9642857142857144,1.2857142857142856,2.4971428571428573,1.0271428571428571,2.4971428571428573,1.358857142857143
43-9111.00,Statistical Assistants,2.1492,3.523657142857143,3.0131,1.9642857142857144,3.3563428571428573,2.265085714285714,1.4,1.8057142857142856,2.4522285714285714,2.7142857142857144,2.327857142857143,2.524285714285714,2.571428571428571,1.9642857142857144,2.4035714285714285,1.6875,1.4435714285714285,2.4732142857142856,1.7857142857142856,1.0,1.9642857142857144,3.2402,1.822857142857143,2.023657142857143,1.7385714285714284,2.596342857142857,2.98,2.3392857142857144,1.9670571428571428
45-1011.00,"First-Line Supervisors of Farming, Fishing, and Forestry Workers",2.1492,1.6364285714285711,2.3577142857142857,1.6875,1.837942857142857,2.0028571428571427,1.3125,2.086428571428572,2.19,2.023657142857143,2.1492,2.4732142857142856,2.2928571428571427,2.25,1.9657142857142855,1.8571428571428568,1.7734857142857143,2.105,1.8914285714285717,1.5357142857142858,1.8914285714285717,2.8321571428571426,1.7200000000000002,2.4893714285714283,1.5357142857142858,2.023657142857143,1.6063428571428573,2.06,2.4894285714285718
45-2011.00,Agricultural Inspectors,2.096342857142857,1.4821428571428572,2.8254571428571427,1.8914285714285717,1.6364285714285711,1.9842857142857144,1.6875,1.8057142857142856,2.596342857142857,2.4035714285714285,2.596342857142857,2.4971428571428573,2.571428571428571,1.7734857142857143,2.086428571428572,1.75,1.655,1.9085714285714288,2.044642857142857,1.0020571428571428,2.3392857142857144,2.9844285714285714,1.9085714285714288,2.7142857142857144,1.36,2.06,1.4435714285714285,2.096342857142857,1.9045
45-2021.00,Animal Breeders,1.9085714285714288,1.394285714285714,1.7982571428571428,1.4821428571428572,1.3392000000000002,1.822857142857143,1.822857142857143,1.32,1.9449142857142856,1.8057142857142856,1.8571428571428568,2.044642857142857,1.7734857142857143,1.6875,1.7857142857142856,1.5357142857142858,1.22,1.8571428571428568,1.6063428571428573,1.0271428571428571,1.6875,1.7664571428571427,1.335714285714286,1.9085714285714288,1.1607142857142858,1.4906285714285716,1.3392000000000002,1.6875,1.6776428571428572
45-2041.00,"Graders and Sorters, Agricultural Products",1.7934857142857146,1.0664285714285715,1.557257142857143,1.3785714285714286,1.077942857142857,1.2592,1.0089285714285714,1.077942857142857,1.4179428571428572,1.28,1.394285714285714,1.4821428571428572,1.289285714285714,1.335714285714286,1.24,1.077942857142857,1.0885714285714283,1.335714285714286,1.24,1.0,1.3706285714285715,1.939714285714286,1.0664285714285715,1.5207142857142857,1.0664285714285715,1.2036571428571428,1.1071428571428572,1.2464285714285714,1.3405142857142858
45-2091.00,Agricultural Equipment Operators,1.5892857142857142,1.077942857142857,2.426414285714286,1.7734857142857143,1.1408,1.51,1.0549142857142857,1.1071428571428572,1.822857142857143,1.4464285714285716,1.7385714285714284,1.7385714285714284,1.335714285714286,1.3785714285714286,1.335714285714286,1.7385714285714284,1.4542857142857144,1.8571428571428568,1.7385714285714284,1.4285714285714286,1.6063428571428573,1.3572,1.3571428571428572,2.02,1.2208,1.2857142857142856,1.1071428571428572,1.28,1.4201714285714284
45-2092.00,"Farmworkers and Laborers, Crop, Nursery, and Greenhouse",1.7036571428571428,1.335714285714286,2.5970714285714283,1.625,1.3008,1.4928571428571429,1.0178571428571428,1.4542857142857144,1.822857142857143,1.5785714285714287,1.7385714285714284,1.655,1.655,1.625,1.5785714285714287,1.655,1.5892857142857142,1.625,1.4435714285714285,1.4691999999999998,1.5785714285714287,2.1913,1.394285714285714,2.0,1.32,1.7036571428571428,1.3008,1.625,1.7542285714285717
45-2093.00,"Farmworkers, Farm, Ranch, and Aquacultural Animals",1.8571428571428568,1.24,2.1715,1.822857142857143,1.28,1.6428571428571428,1.1734857142857142,1.3392000000000002,2.0608,1.8571428571428568,1.872228571428572,2.02,1.7857142857142856,1.7734857142857143,1.6391999999999998,1.6875,1.6364285714285711,1.872228571428572,1.7385714285714284,1.5693714285714286,1.822857142857143,2.284957142857144,1.4179428571428572,2.2767857142857144,1.32,1.6063428571428573,1.32,1.6364285714285711,1.8584
45-3031.00,Fishing and Hunting Workers,1.822857142857143,1.2142857142857144,2.748571428571429,1.7036571428571428,1.3008,1.5300000000000002,1.0885714285714283,1.6875,1.8839285714285712,1.51,1.8908,1.872228571428572,1.625,1.6391999999999998,1.51,1.655,1.5508,1.7385714285714284,1.6714285714285717,1.375,2.3392857142857144,2.4114285714285715,1.7734857142857143,2.0608,1.3193714285714284,1.345,1.2592,1.3785714285714286,1.8496428571428571
45-4011.00,Forest and Conservation Workers,1.8571428571428568,1.25,2.3817142857142857,1.8571428571428568,1.3008,1.6714285714285717,1.231428571428571,1.5785714285714287,1.9085714285714288,1.822857142857143,1.8571428571428568,1.9085714285714288,1.822857142857143,1.7385714285714284,1.7857142857142856,1.8571428571428568,1.7036571428571428,1.8571428571428568,1.8571428571428568,1.32,1.9085714285714288,2.501714285714286,1.32,2.1607142857142856,1.32,1.595,1.268571428571429,1.5508,1.9144285714285716
45-4021.00,Fallers,1.7514285714285711,1.2464285714285714,1.4588,1.706342857142857,1.2957142857142858,1.5785714285714287,1.1339285714285714,1.0407142857142857,1.8057142857142856,1.2631285714285714,1.6875,1.9642857142857144,1.25,1.4542857142857144,1.394285714285714,2.028485714285714,1.5635714285714286,1.836785714285714,1.8571428571428568,1.5508,2.044642857142857,1.5796,1.4928571428571429,1.9524142857142857,1.1885714285714286,1.2142857142857144,1.375,1.157142857142857,1.129257142857143
45-4022.00,Logging Equipment Operators,1.8571428571428568,1.394285714285714,2.2204,1.822857142857143,1.3706285714285715,1.5693714285714286,1.0357142857142856,1.3571428571428572,1.7385714285714284,1.4906285714285716,1.6391999999999998,1.7385714285714284,1.4821428571428572,1.7385714285714284,1.3785714285714286,1.9085714285714288,1.3392000000000002,1.8571428571428568,1.9449142857142856,1.5,1.6391999999999998,2.044,1.32,2.0285714285714285,1.2857142857142856,1.4017857142857142,1.394285714285714,1.595,1.7323428571428572
45-4023.00,Log Graders and Scalers,2.205357142857143,1.822857142857143,2.089257142857143,1.8571428571428568,1.6875,1.7385714285714284,1.0803571428571428,1.4179428571428572,1.9642857142857144,1.8571428571428568,1.9642857142857144,1.9642857142857144,1.7734857142857143,1.7734857142857143,1.7857142857142856,1.8057142857142856,1.7200000000000002,1.8571428571428568,1.9449142857142856,1.1071428571428572,1.9842857142857144,2.573714285714286,1.4691999999999998,2.1228571428571428,1.2142857142857144,1.872228571428572,1.8571428571428568,1.8571428571428568,2.053
47-1011.00,First-Line Supervisors of Construction Trades and Extraction Workers,1.8571428571428568,1.8571428571428568,2.7822000000000005,1.9085714285714288,1.75,1.9842857142857144,1.0664285714285715,1.9085714285714288,2.2308,2.205357142857143,2.044642857142857,2.265085714285714,2.2308,2.19,1.8914285714285717,1.8914285714285717,1.8571428571428568,2.216428571428572,1.8571428571428568,1.7036571428571428,1.7734857142857143,3.0931428571428574,1.3392000000000002,2.2767857142857144,1.32,1.9842857142857144,1.837942857142857,1.8914285714285717,3.0690285714285714
47-1011.03,Solar Energy Installation Managers,1.8571428571428568,1.75,3.0597,1.8571428571428568,1.75,1.9842857142857144,1.157142857142857,1.8571428571428568,2.354914285714286,2.596342857142857,2.19,2.2928571428571427,2.4035714285714285,2.4732142857142856,1.9285714285714288,2.125,1.7734857142857143,2.19,1.8057142857142856,1.4017857142857142,1.8914285714285717,3.078828571428572,1.655,2.4035714285714285,1.4928571428571429,2.275,1.75,1.9285714285714288,2.625142857142857
47-2011.00,Boilermakers,1.8571428571428568,1.32,2.475357142857143,1.8571428571428568,1.3392000000000002,1.8914285714285717,1.147857142857143,1.6875,2.283657142857143,1.8571428571428568,2.071428571428572,2.071428571428572,1.8571428571428568,1.8571428571428568,1.8571428571428568,1.9657142857142855,1.75,1.8571428571428568,1.8571428571428568,1.8571428571428568,1.8571428571428568,2.214928571428572,1.4435714285714285,2.337142857142857,1.2857142857142856,1.8571428571428568,1.32,1.6665142857142858,2.136571428571429
47-2021.00,Brickmasons and Blockmasons,1.8571428571428568,1.5625,2.4865714285714287,1.8571428571428568,1.9077714285714285,1.604285714285714,1.1339285714285714,1.3392000000000002,1.7857142857142856,1.822857142857143,1.7857142857142856,1.9085714285714288,1.595,1.7485714285714289,1.5693714285714286,2.4522285714285714,1.7385714285714284,2.0028571428571427,1.6391999999999998,1.4628571428571429,1.6391999999999998,2.9,1.32,1.9085714285714288,1.2857142857142856,1.3785714285714286,1.604285714285714,1.3785714285714286,3.039514285714286
47-2022.00,Stonemasons,1.9085714285714288,1.5508,2.378285714285714,1.9257142857142855,1.8571428571428568,1.9257142857142855,1.0549142857142857,1.6063428571428573,1.9085714285714288,1.5508,1.7734857142857143,2.1607142857142856,1.68,1.9642857142857144,1.6875,2.265085714285714,1.4821428571428572,2.0608,1.7036571428571428,1.3571428571428572,1.6875,2.537142857142857,1.4542857142857144,2.1228571428571428,1.3392000000000002,1.4435714285714285,1.595,1.5508,2.058628571428572
47-2031.00,Carpenters,1.9449142857142856,1.7385714285714284,2.573714285714286,1.9085714285714288,2.0,1.822857142857143,1.0407142857142857,1.595,2.25,1.8571428571428568,2.044642857142857,2.2308,1.9449142857142856,1.822857142857143,1.822857142857143,2.645714285714285,1.6875,2.1607142857142856,1.8914285714285717,1.655,1.9285714285714288,2.6894285714285715,1.5614285714285714,2.4893714285714283,1.51,1.655,1.6875,1.7036571428571428,2.319685714285715
47-2041.00,Carpet Installers,1.6875,1.5693714285714286,2.5446857142857144,1.7485714285714289,1.9657142857142855,1.6875,1.0,1.5165142857142857,1.7857142857142856,1.5785714285714287,1.7385714285714284,1.822857142857143,1.5207142857142857,1.68,1.4906285714285716,2.125,1.5625,1.8571428571428568,1.595,1.3571428571428572,1.8057142857142856,2.144,1.2857142857142856,2.0779428571428573,1.32,1.345,1.6391999999999998,1.25,1.7924000000000002
47-2042.00,"Floor Layers, Except Carpet, Wood, and Hard Tiles",1.6124142857142856,1.1071428571428572,2.331,1.7734857142857143,1.3392000000000002,1.625,1.0135714285714286,1.3008,1.8571428571428568,1.7200000000000002,1.7734857142857143,1.7734857142857143,1.4691999999999998,1.6391999999999998,1.625,1.94,1.4035714285714285,1.8571428571428568,1.2825,1.077942857142857,1.3803571428571428,2.480242857142857,1.147857142857143,1.8002714285714283,1.045,1.4564285714285714,1.197142857142857,1.4435714285714285,2.573714285714286
47-2043.00,Floor Sanders and Finishers,1.625,1.2142857142857144,2.6644,1.7485714285714289,1.2142857142857144,1.625,1.0020571428571428,1.3008,1.655,1.4179428571428572,1.5300000000000002,1.595,1.5508,1.7036571428571428,1.5207142857142857,1.7385714285714284,1.3008,1.7734857142857143,1.5508,1.28,1.4179428571428572,2.3460142857142854,1.2142857142857144,1.625,1.2208,1.32,1.2208,1.3008,2.083428571428572
47-2044.00,Tile and Stone Setters,1.9085714285714288,1.625,2.145057142857143,1.8057142857142856,1.8914285714285717,1.7857142857142856,1.0020571428571428,1.32,1.8571428571428568,1.7734857142857143,1.8571428571428568,1.8914285714285717,1.7385714285714284,1.822857142857143,1.4928571428571429,2.4732142857142856,1.3392000000000002,1.9642857142857144,1.5625,1.32,1.5614285714285714,2.3877999999999995,1.3785714285714286,1.9792,1.32,1.4821428571428572,1.6063428571428573,1.2857142857142856,1.9935714285714288
47-2051.00,Cement Masons and Concrete Finishers,1.7571428571428571,1.3706285714285715,2.3022,1.8328571428571427,1.6364285714285711,1.7485714285714289,1.0089285714285714,1.394285714285714,1.8421428571428573,1.32,1.68,1.68,1.3706285714285715,1.8328571428571427,1.28,2.044642857142857,1.4249999999999998,1.9257142857142855,1.7734857142857143,1.2592,1.6875,2.8496,1.28,1.8839285714285712,1.2142857142857144,1.3008,1.3571428571428572,1.268571428571429,3.048828571428571
47-2053.00,Terrazzo Workers and Finishers,1.655,1.25,1.9144285714285716,1.822857142857143,1.4435714285714285,1.5508,1.0549142857142857,1.3392000000000002,1.6714285714285717,1.32,1.5207142857142857,1.5508,1.28,1.625,1.4179428571428572,1.9449142857142856,1.5165142857142857,1.7485714285714289,1.7734857142857143,1.4285714285714286,1.6063428571428573,2.5717,1.268571428571429,1.7571428571428571,1.25,1.1408,1.3125,1.2036571428571428,2.370571428571429
47-2061.00,Construction Laborers,1.822857142857143,1.25,2.8606,1.822857142857143,1.197142857142857,1.655,1.0357142857142856,1.32,1.7485714285714289,1.7734857142857143,1.7036571428571428,1.655,1.655,1.51,1.3392000000000002,1.7734857142857143,1.4542857142857144,1.9085714285714288,1.4821428571428572,1.4906285714285716,1.3571428571428572,2.4802857142857144,1.3008,1.9642857142857144,1.25,1.32,1.1408,1.3571428571428572,2.037
47-2071.00,"Paving, Surfacing, and Tamping Equipment Operators",1.5625,1.25,2.3464,1.8571428571428568,1.2857142857142856,1.5785714285714287,1.0020571428571428,1.3785714285714286,1.7857142857142856,1.4179428571428572,1.625,1.822857142857143,1.4542857142857144,1.5300000000000002,1.4906285714285716,1.8571428571428568,1.7734857142857143,1.8571428571428568,1.7200000000000002,1.4542857142857144,1.4821428571428572,2.0838142857142854,1.25,2.0779428571428573,1.25,1.2036571428571428,1.2857142857142856,1.2036571428571428,1.7208
47-2072.00,Pile Driver Operators,1.4906285714285716,1.2000000000000002,2.219314285714286,2.0028571428571427,1.2208,1.5625,1.0206285714285714,1.2036571428571428,1.872228571428572,1.4249999999999998,1.7857142857142856,1.8057142857142856,1.4821428571428572,1.7385714285714284,1.2857142857142856,1.9842857142857144,1.7200000000000002,1.7857142857142856,1.7734857142857143,1.3008,1.4691999999999998,2.4688,1.25,2.071428571428572,1.157142857142857,1.2857142857142856,1.1792,1.335714285714286,1.854228571428572
47-2073.00,Operating Engineers and Other Construction Equipment Operators,1.8057142857142856,1.2208,2.470171428571428,1.9285714285714288,1.231428571428571,1.7036571428571428,1.0442857142857145,1.3392000000000002,1.8571428571428568,1.7734857142857143,1.8571428571428568,1.8057142857142856,1.6714285714285717,1.822857142857143,1.7036571428571428,1.9842857142857144,1.8914285714285717,1.8571428571428568,1.9449142857142856,1.4179428571428572,1.595,2.8081,1.3392000000000002,1.9642857142857144,1.3008,1.4017857142857142,1.197142857142857,1.268571428571429,2.656
47-2081.00,Drywall and Ceiling Tile Installers,1.6875,1.3706285714285715,1.429942857142857,1.872228571428572,1.3785714285714286,1.5785714285714287,1.0020571428571428,1.268571428571429,1.822857142857143,1.7385714285714284,1.7385714285714284,1.7485714285714289,1.6875,1.7036571428571428,1.32,2.125,1.51,1.872228571428572,1.7485714285714289,1.3706285714285715,1.5508,2.065,1.3008,1.822857142857143,1.268571428571429,1.4928571428571429,1.3392000000000002,1.3008,1.5142857142857142
47-2082.00,Tapers,1.5625,1.0357142857142856,1.8694,1.5785714285714287,1.0549142857142857,1.36,1.0042857142857142,1.32,1.655,1.51,1.655,1.5508,1.3785714285714286,1.655,1.3571428571428572,1.4691999999999998,1.3785714285714286,1.655,1.32,1.077942857142857,1.3008,1.6308,1.1257142857142857,1.625,1.2142857142857144,1.268571428571429,1.0664285714285715,1.2857142857142856,1.4780285714285717
47-2111.00,Electricians,2.044642857142857,1.8571428571428568,3.0544,1.9449142857142856,1.9285714285714288,1.9085714285714288,1.2857142857142856,1.9285714285714288,2.645714285714285,2.0608,2.596342857142857,2.275,1.9842857142857144,1.8914285714285717,2.044642857142857,2.36,1.7734857142857143,2.524285714285714,1.8914285714285717,1.822857142857143,2.044642857142857,3.53,1.7200000000000002,2.662857142857143,1.8057142857142856,1.8571428571428568,1.8571428571428568,1.8914285714285717,2.2985
47-2121.00,Glaziers,1.8571428571428568,1.3571428571428572,2.3988571428571426,1.8571428571428568,1.3214285714285714,1.6714285714285717,1.0442857142857145,1.3392000000000002,1.8571428571428568,1.8571428571428568,1.822857142857143,1.8571428571428568,1.822857142857143,1.7857142857142856,1.3785714285714286,1.8914285714285717,1.4017857142857142,1.9085714285714288,1.4017857142857142,1.28,1.3785714285714286,2.617842857142857,1.302857142857143,1.9642857142857144,1.231428571428571,1.4017857142857142,1.3785714285714286,1.3785714285714286,2.156414285714286
47-2131.00,"Insulation Workers, Floor, Ceiling, and Wall",1.7734857142857143,1.28,1.8768571428571428,1.822857142857143,1.335714285714286,1.5300000000000002,1.0,1.32,1.5785714285714287,1.655,1.4906285714285716,1.7857142857142856,1.5207142857142857,1.595,1.4906285714285716,1.9085714285714288,1.3392000000000002,1.7734857142857143,1.7036571428571428,1.335714285714286,1.655,1.836,1.3785714285714286,1.7385714285714284,1.3785714285714286,1.3785714285714286,1.3571428571428572,1.3392000000000002,1.4408285714285716
47-2132.00,"Insulation Workers, Mechanical",1.822857142857143,1.32,2.287185714285714,1.9085714285714288,1.32,1.5508,1.0206285714285714,1.3392000000000002,1.7857142857142856,1.6875,1.7385714285714284,1.8571428571428568,1.6875,1.7857142857142856,1.655,1.7734857142857143,1.4821428571428572,1.872228571428572,1.6063428571428573,1.1071428571428572,1.4906285714285716,2.632642857142857,1.32,1.9257142857142855,1.1071428571428572,1.394285714285714,1.32,1.2857142857142856,2.23
47-2141.00,"Painters, Construction and Maintenance",1.3808,1.197142857142857,2.2741,1.8057142857142856,1.2857142857142856,1.22,1.0357142857142856,1.2142857142857144,1.7857142857142856,1.8571428571428568,1.655,1.8571428571428568,1.6875,1.7857142857142856,1.268571428571429,1.7734857142857143,1.32,1.8057142857142856,1.2857142857142856,1.0942857142857143,1.2857142857142856,3.546,1.25,1.6875,1.1257142857142857,1.2857142857142856,1.2857142857142856,1.2857142857142856,2.697142857142857
47-2142.00,Paperhangers,1.6063428571428573,1.1408,1.8626285714285715,1.6875,1.197142857142857,1.625,1.0135714285714286,1.25,1.6714285714285717,1.5357142857142858,1.7036571428571428,1.6391999999999998,1.4691999999999998,1.6391999999999998,1.25,1.8057142857142856,1.4928571428571429,1.872228571428572,1.5785714285714287,1.0442857142857145,1.32,1.8354142857142857,1.1734857142857142,1.7036571428571428,1.0664285714285715,1.3571428571428572,1.1408,1.2857142857142856,1.6804
47-2151.00,Pipelayers,1.7734857142857143,1.2857142857142856,1.7621714285714285,1.8571428571428568,1.2857142857142856,1.394285714285714,1.0,1.3392000000000002,1.7734857142857143,1.7734857142857143,1.6875,1.822857142857143,1.7385714285714284,1.7734857142857143,1.2857142857142856,1.8571428571428568,1.2857142857142856,1.8571428571428568,1.7200000000000002,1.4628571428571429,1.5357142857142858,2.0410000000000004,1.2857142857142856,1.822857142857143,1.268571428571429,1.4906285714285716,1.2142857142857144,1.2857142857142856,1.5067857142857144
47-2152.00,"Plumbers, Pipefitters, and Steamfitters",1.8839285714285712,1.4821428571428572,2.407057142857143,1.8328571428571427,1.5785714285714287,1.822857142857143,1.12,1.4691999999999998,2.2071428571428573,1.7857142857142856,2.1492,2.25,1.7385714285714284,1.822857142857143,1.6063428571428573,2.205357142857143,1.625,2.023657142857143,1.8914285714285717,1.595,1.9285714285714288,2.8088285714285712,1.5614285714285714,2.375,1.3785714285714286,1.5508,1.51,1.625,2.2736714285714283
47-2152.04,Solar Thermal Installers and Technicians,1.8914285714285717,1.5785714285714287,2.4428714285714284,1.9257142857142855,1.5892857142857142,1.8571428571428568,1.08,1.6171428571428572,1.8914285714285717,2.105,1.8914285714285717,2.125,2.105,1.9085714285714288,1.8914285714285717,2.096342857142857,1.75,2.044642857142857,1.8728571428571428,1.8057142857142856,2.044642857142857,2.2964285714285717,1.7385714285714284,2.105,1.5614285714285714,1.8914285714285717,1.655,1.837942857142857,1.860228571428572
47-2161.00,Plasterers and Stucco Masons,1.7734857142857143,1.3008,2.140857142857143,1.7734857142857143,1.268571428571429,1.5625,1.0042857142857142,1.4628571428571429,1.7385714285714284,1.655,1.6875,1.655,1.5625,1.7857142857142856,1.5300000000000002,1.9085714285714288,1.32,1.822857142857143,1.5785714285714287,1.2592,1.5207142857142857,1.9889,1.3392000000000002,1.8328571428571427,1.268571428571429,1.4821428571428572,1.2857142857142856,1.36,1.5880571428571428
47-2171.00,Reinforcing Iron and Rebar Workers,1.7485714285714289,1.2592,1.6459428571428572,1.6875,1.4435714285714285,1.595,1.0089285714285714,1.3571428571428572,1.7857142857142856,1.4542857142857144,1.6391999999999998,1.822857142857143,1.4906285714285716,1.625,1.3706285714285715,1.8914285714285717,1.4821428571428572,1.7857142857142856,1.5785714285714287,1.25,1.6714285714285717,2.5142857142857142,1.268571428571429,1.8328571428571427,1.231428571428571,1.2036571428571428,1.3008,1.2036571428571428,1.9843428571428572
47-2181.00,Roofers,1.7200000000000002,1.2142857142857144,2.6002,1.8571428571428568,1.3785714285714286,1.7385714285714284,1.0089285714285714,1.32,1.8914285714285717,1.6665142857142858,1.822857142857143,1.872228571428572,1.655,1.7857142857142856,1.5508,1.8571428571428568,1.7036571428571428,1.8571428571428568,1.7734857142857143,1.16,1.5508,2.486542857142857,1.2592,2.131428571428572,1.197142857142857,1.3392000000000002,1.32,1.2857142857142856,2.1902285714285714
47-2211.00,Sheet Metal Workers,1.9449142857142856,1.822857142857143,2.508142857142857,1.9642857142857144,1.8914285714285717,1.7036571428571428,1.077942857142857,1.51,1.9085714285714288,1.9085714285714288,1.8571428571428568,1.9085714285714288,1.8328571428571427,1.8571428571428568,1.6391999999999998,2.4971428571428573,1.6875,2.0028571428571427,1.8571428571428568,1.5207142857142857,1.9085714285714288,2.776757142857143,1.32,1.9085714285714288,1.32,1.4542857142857144,1.68,1.3571428571428572,2.0622
47-2221.00,Structural Iron and Steel Workers,1.7857142857142856,1.3571428571428572,1.9610714285714288,2.178571428571429,1.3392000000000002,1.822857142857143,1.0042857142857142,1.8057142857142856,1.9085714285714288,1.8571428571428568,1.8057142857142856,1.9449142857142856,1.75,1.822857142857143,1.8571428571428568,2.662857142857143,1.822857142857143,2.105,1.8914285714285717,1.36,1.7385714285714284,2.5697142857142854,1.2857142857142856,2.178571428571429,1.268571428571429,1.4017857142857142,1.5625,1.4249999999999998,2.0035142857142856
47-2231.00,Solar Photovoltaic Installers,1.8571428571428568,1.4179428571428572,2.088857142857143,1.8571428571428568,1.6364285714285711,1.8571428571428568,1.2036571428571428,1.4628571428571429,2.0028571428571427,1.8057142857142856,1.8571428571428568,2.125,1.8571428571428568,1.8571428571428568,1.8571428571428568,2.354914285714286,1.6364285714285711,2.275,1.9449142857142856,1.6875,1.6875,2.5142857142857142,1.4435714285714285,2.225714285714286,1.2857142857142856,1.6875,1.4017857142857142,1.5142857142857142,2.160357142857143
47-3011.00,"Helpers--Brickmasons, Blockmasons, Stonemasons, and Tile and Marble Setters",1.6391999999999998,1.345,2.2992142857142857,1.7385714285714284,1.3571428571428572,1.5508,1.0089285714285714,1.3785714285714286,1.6428571428571428,1.3785714285714286,1.4628571428571429,1.68,1.4179428571428572,1.7142857142857144,1.4179428571428572,1.9085714285714288,1.4906285714285716,1.7208,1.6714285714285717,1.3706285714285715,1.625,2.4877857142857147,1.3008,1.6714285714285717,1.22,1.2142857142857144,1.3008,1.25,2.225357142857143
47-3012.00,Helpers--Carpenters,1.7857142857142856,1.32,2.3585000000000003,1.822857142857143,1.4435714285714285,1.605714285714286,1.0,1.32,1.822857142857143,1.4017857142857142,1.6428571428571428,1.7857142857142856,1.604285714285714,1.604285714285714,1.5693714285714286,1.9657142857142855,1.4435714285714285,1.7857142857142856,1.4435714285714285,1.5693714285714286,1.394285714285714,2.3805,1.302857142857143,1.9085714285714288,1.36,1.3571428571428572,1.4435714285714285,1.4249999999999998,1.5221428571428572
47-3013.00,Helpers--Electricians,1.7734857142857143,1.289285714285714,3.236,1.9085714285714288,1.28,1.604285714285714,1.1257142857142857,1.3785714285714286,1.9085714285714288,1.542142857142857,1.7734857142857143,1.9085714285714288,1.5614285714285714,1.5300000000000002,1.604285714285714,1.8914285714285717,1.4821428571428572,1.9449142857142856,1.4928571428571429,1.5625,1.51,3.170628571428572,1.197142857142857,1.9642857142857144,1.36,1.4435714285714285,1.3571428571428572,1.4179428571428572,2.5180714285714285
47-3014.00,"Helpers--Painters, Paperhangers, Plasterers, and Stucco Masons",1.595,1.0046428571428572,1.6723428571428571,1.5541999999999998,1.0042857142857142,1.4179428571428572,1.0020571428571428,1.3785714285714286,1.5625,1.3034857142857144,1.5239285714285713,1.5625,1.28,1.625,1.394285714285714,1.5625,1.3034857142857144,1.5720571428571428,1.4821428571428572,1.289285714285714,1.3571428571428572,1.6284571428571428,1.25,1.595,1.1885714285714286,1.2421428571428572,1.0135714285714286,1.25,1.4210714285714283
47-3015.00,"Helpers--Pipelayers, Plumbers, Pipefitters, and Steamfitters",1.7385714285714284,1.2678571428571428,2.585514285714286,1.595,1.2464285714285714,1.4628571428571429,1.0020571428571428,1.268571428571429,1.7385714285714284,1.3392000000000002,1.625,1.6391999999999998,1.394285714285714,1.4542857142857144,1.4350857142857143,1.9449142857142856,1.32,1.8571428571428568,1.268571428571429,1.394285714285714,1.32,2.2480285714285717,1.197142857142857,1.8421428571428573,1.16,1.16,1.2208,1.2142857142857144,1.9927857142857144
47-3016.00,Helpers--Roofers,1.6714285714285717,1.3125,2.8384857142857145,1.6714285714285717,1.3125,1.6063428571428573,1.0,1.4017857142857142,1.6714285714285717,1.5165142857142857,1.595,1.604285714285714,1.4435714285714285,1.5785714285714287,1.4906285714285716,1.9642857142857144,1.394285714285714,1.6428571428571428,1.7036571428571428,1.5207142857142857,1.8571428571428568,2.289957142857143,1.2857142857142856,1.9257142857142855,1.2363428571428572,1.268571428571429,1.3125,1.3785714285714286,2.1332285714285715
47-4011.00,Construction and Building Inspectors,1.9449142857142856,1.7734857142857143,3.4196571428571434,1.9449142857142856,1.9657142857142855,2.02,1.4821428571428572,1.8571428571428568,2.645714285714285,2.7142857142857144,2.7142857142857144,2.596342857142857,2.7142857142857144,2.044642857142857,1.9449142857142856,1.8571428571428568,1.7734857142857143,1.9842857142857144,1.8571428571428568,1.0,1.9449142857142856,2.9856,1.7734857142857143,2.782857142857143,1.5207142857142857,2.645714285714285,1.7734857142857143,1.9449142857142856,2.456
47-4011.01,Energy Auditors,2.044642857142857,2.354914285714286,3.260757142857143,1.8057142857142856,2.1492,2.086428571428572,1.7200000000000002,1.8571428571428568,2.524285714285714,2.7142857142857144,2.524285714285714,2.524285714285714,2.596342857142857,1.8571428571428568,1.9842857142857144,1.8571428571428568,1.7734857142857143,2.2308,1.8571428571428568,1.25,2.125,2.5445714285714285,1.822857142857143,2.4522285714285714,1.6875,2.7142857142857144,2.2928571428571427,2.4522285714285714,2.176685714285714
47-4021.00,Elevator and Escalator Installers and Repairers,1.9449142857142856,1.4691999999999998,2.6374571428571425,1.8571428571428568,1.3571428571428572,2.0608,1.2363428571428572,1.4435714285714285,2.225714285714286,1.9449142857142856,2.071428571428572,2.216428571428572,1.9449142857142856,1.8571428571428568,1.9085714285714288,2.125,1.5508,2.02,1.837942857142857,2.105,1.9085714285714288,2.5577571428571426,1.4017857142857142,2.375,1.4435714285714285,1.8328571428571427,1.3392000000000002,1.6875,2.1018428571428576
47-4031.00,Fence Erectors,1.4906285714285716,1.2857142857142856,1.6459428571428572,1.595,1.467857142857143,1.5785714285714287,1.0020571428571428,1.3571428571428572,1.7485714285714289,1.4249999999999998,1.6875,1.822857142857143,1.4542857142857144,1.822857142857143,1.335714285714286,1.837942857142857,1.3008,1.872228571428572,1.4542857142857144,1.4628571428571429,1.4179428571428572,2.662257142857143,1.25,1.822857142857143,1.25,1.32,1.32,1.2857142857142856,2.127214285714285
47-4041.00,Hazardous Materials Removal Workers,2.25,1.394285714285714,2.5970714285714283,1.9085714285714288,1.302857142857143,1.8571428571428568,1.25,1.4821428571428572,2.2928571428571427,2.125,2.105,2.2928571428571427,1.9085714285714288,1.8571428571428568,1.8571428571428568,2.086428571428572,1.8057142857142856,2.105,1.8914285714285717,1.4906285714285716,1.8914285714285717,2.0406857142857144,1.625,2.7142857142857144,1.6063428571428573,2.071428571428572,1.4285714285714286,1.822857142857143,2.04
47-4051.00,Highway Maintenance Workers,1.822857142857143,1.32,2.3389714285714285,1.9085714285714288,1.3008,1.7857142857142856,1.0,1.25,1.822857142857143,1.6364285714285711,1.822857142857143,1.7385714285714284,1.6875,1.625,1.4179428571428572,1.9449142857142856,1.8571428571428568,1.872228571428572,1.822857142857143,1.1885714285714286,1.9085714285714288,3.584714285714285,1.335714285714286,2.02,1.268571428571429,1.51,1.32,1.3008,1.8376714285714288
47-4061.00,Rail-Track Laying and Maintenance Equipment Operators,1.7036571428571428,1.24,2.7645428571428567,1.9449142857142856,1.3571428571428572,1.6391999999999998,1.0089285714285714,1.4821428571428572,1.9085714285714288,1.7385714285714284,1.822857142857143,1.9085714285714288,1.4435714285714285,1.7857142857142856,1.5508,2.19,1.7734857142857143,1.872228571428572,2.0028571428571427,1.5207142857142857,2.1492,2.7268428571428576,1.595,2.1228571428571428,1.268571428571429,1.4821428571428572,1.3008,1.3785714285714286,2.0638428571428573
47-4071.00,Septic Tank Servicers and Sewer Pipe Cleaners,1.655,1.32,2.2276,1.8571428571428568,1.4691999999999998,1.8057142857142856,1.0135714285714286,1.5508,1.9085714285714288,1.655,1.8571428571428568,1.9085714285714288,1.7200000000000002,1.822857142857143,1.655,1.8571428571428568,1.7734857142857143,1.7734857142857143,1.8571428571428568,1.4350857142857143,2.0285714285714285,1.9345285714285712,1.51,2.071428571428572,1.4179428571428572,1.5614285714285714,1.4691999999999998,1.5614285714285714,1.563685714285714
47-4091.00,Segmental Pavers,1.822857142857143,1.32,1.8785714285714288,1.8728571428571428,1.2857142857142856,1.7385714285714284,1.0020571428571428,1.4691999999999998,1.9085714285714288,1.7857142857142856,1.872228571428572,1.9642857142857144,1.6875,1.822857142857143,1.5785714285714287,1.8914285714285717,1.6665142857142858,2.0028571428571427,1.625,1.2857142857142856,1.4821428571428572,2.4892000000000003,1.4017857142857142,1.9792,1.268571428571429,1.7485714285714289,1.32,1.6063428571428573,1.947942857142857
47-4099.03,Weatherization Installers and Technicians,1.8571428571428568,1.595,2.7835,1.822857142857143,1.6875,1.6391999999999998,1.1257142857142857,1.595,1.8571428571428568,1.8057142857142856,1.8571428571428568,2.044642857142857,1.8571428571428568,1.822857142857143,1.7734857142857143,1.9449142857142856,1.7734857142857143,2.0028571428571427,1.7734857142857143,1.4179428571428572,1.9449142857142856,2.8112000000000004,1.4435714285714285,2.337142857142857,1.3392000000000002,1.75,1.5614285714285714,1.8057142857142856,2.4796
47-5011.00,"Derrick Operators, Oil and Gas",1.7142857142857144,1.394285714285714,1.8329285714285717,2.19,1.4928571428571429,1.9257142857142855,1.0089285714285714,1.7200000000000002,1.9792,1.6575,1.9257142857142855,2.1142857142857143,1.7734857142857143,1.7385714285714284,1.655,2.086428571428572,1.8406285714285715,1.9524142857142857,2.086428571428572,1.595,2.19,1.7041428571428572,1.7857142857142856,2.269914285714286,1.4691999999999998,1.6575,1.4657142857142855,1.655,1.431542857142857
47-5012.00,"Rotary Drill Operators, Oil and Gas",1.9524142857142857,1.4285714285714286,2.414642857142857,2.36,1.3706285714285715,1.9449142857142856,1.0135714285714286,1.8914285714285717,2.1492,1.9128571428571428,2.105,2.216428571428572,1.9085714285714288,1.9077714285714285,1.8057142857142856,1.894285714285714,1.8057142857142856,2.4089285714285715,1.9128571428571428,1.5207142857142857,1.822857142857143,2.147,1.51,2.5,1.4464285714285716,2.0060714285714285,1.5239285714285713,1.8571428571428568,2.039028571428571
47-5013.00,"Service Unit Operators, Oil and Gas",1.8571428571428568,1.6391999999999998,2.5833714285714287,2.0608,1.595,1.9085714285714288,1.0206285714285714,1.6391999999999998,1.9842857142857144,1.822857142857143,2.0028571428571427,2.2767857142857144,1.8571428571428568,1.7200000000000002,1.8571428571428568,1.9842857142857144,1.822857142857143,1.8571428571428568,2.1492,1.5785714285714287,1.872228571428572,3.031257142857143,1.7385714285714284,2.5,1.4179428571428572,1.822857142857143,1.655,1.8571428571428568,2.6090285714285715
47-5022.00,"Excavating and Loading Machine and Dragline Operators, Surface Mining",1.7734857142857143,1.3008,2.415228571428571,1.8914285714285717,1.4017857142857142,1.822857142857143,1.0,1.4435714285714285,1.8571428571428568,1.822857142857143,1.822857142857143,1.8571428571428568,1.8571428571428568,1.822857142857143,1.822857142857143,2.0,1.8571428571428568,1.7734857142857143,1.8571428571428568,1.822857142857143,1.8571428571428568,2.586671428571428,1.7385714285714284,1.9449142857142856,1.2857142857142856,1.604285714285714,1.32,1.51,2.117085714285714
47-5023.00,"Earth Drillers, Except Oil and Gas",1.837942857142857,1.3125,2.216742857142857,1.8571428571428568,1.3125,1.7857142857142856,1.0664285714285715,1.3571428571428572,2.0028571428571427,1.822857142857143,1.9449142857142856,1.9642857142857144,1.625,1.604285714285714,1.5625,2.044642857142857,1.7734857142857143,2.0028571428571427,2.19,1.7142857142857144,1.8571428571428568,1.9702,1.595,2.1635714285714283,1.3392000000000002,1.822857142857143,1.302857142857143,1.4691999999999998,1.9781714285714287
47-5032.00,"Explosives Workers, Ordnance Handling Experts, and Blasters",2.086428571428572,1.5239285714285713,3.413728571428572,2.19,1.6171428571428572,2.105,1.1734857142857142,1.822857142857143,2.5428571428571427,1.9285714285714288,2.5428571428571427,2.31,2.096342857142857,2.105,1.9449142857142856,2.028485714285714,1.8571428571428568,2.645714285714285,2.166785714285714,1.51,2.086428571428572,3.0736,1.5184857142857142,2.662857142857143,1.3228571428571427,1.7385714285714284,1.5541999999999998,1.7734857142857143,2.7660142857142853
47-5041.00,Continuous Mining Machine Operators,1.8571428571428568,1.1734857142857142,2.3759428571428574,2.071428571428572,1.197142857142857,1.8571428571428568,1.0336571428571428,1.4928571428571429,1.9085714285714288,1.4691999999999998,1.9449142857142856,2.0028571428571427,1.5625,1.7857142857142856,1.625,1.8571428571428568,1.822857142857143,1.8571428571428568,1.9842857142857144,1.4435714285714285,1.9449142857142856,2.222557142857143,1.6063428571428573,2.422142857142857,1.3392000000000002,1.3785714285714286,1.1734857142857142,1.32,1.7190857142857143
47-5043.00,"Roof Bolters, Mining",1.6714285714285717,1.1785714285714286,2.526014285714286,2.1607142857142856,1.28,1.68,1.0535714285714286,1.4464285714285716,1.8571428571428568,1.4906285714285716,1.7734857142857143,2.02,1.4435714285714285,1.8571428571428568,1.7734857142857143,1.8571428571428568,1.822857142857143,2.216428571428572,1.625,1.604285714285714,1.6714285714285717,2.091871428571429,1.2857142857142856,2.327857142857143,1.3392000000000002,1.36,1.268571428571429,1.36,1.581942857142857
47-5044.00,"Loading and Moving Machine Operators, Underground Mining",1.8571428571428568,1.1785714285714286,1.5321428571428577,1.9085714285714288,1.1785714285714286,1.5785714285714287,1.0,1.24,1.7385714285714284,1.7200000000000002,1.7734857142857143,1.7857142857142856,1.7036571428571428,1.4179428571428572,1.32,1.8571428571428568,1.872228571428572,1.8571428571428568,1.9085714285714288,1.51,1.595,1.5624,1.3392000000000002,1.9642857142857144,1.231428571428571,1.36,1.1785714285714286,1.2857142857142856,1.235428571428571
47-5051.00,"Rock Splitters, Quarry",1.7734857142857143,1.157142857142857,1.7382857142857144,1.7385714285714284,1.1885714285714286,1.625,1.0020571428571428,1.2857142857142856,1.7385714285714284,1.4928571428571429,1.6875,1.655,1.595,1.595,1.3392000000000002,1.822857142857143,1.5614285714285714,1.7734857142857143,1.625,1.25,1.625,1.576,1.197142857142857,1.7857142857142856,1.2142857142857144,1.3392000000000002,1.2142857142857144,1.3392000000000002,1.3520571428571428
47-5071.00,"Roustabouts, Oil and Gas",1.7385714285714284,1.16,2.2036,1.8571428571428568,1.2142857142857144,1.4906285714285716,1.0,1.3571428571428572,1.7485714285714289,1.3785714285714286,1.625,1.6814285714285715,1.3392000000000002,1.604285714285714,1.4542857142857144,1.8571428571428568,1.6391999999999998,1.872228571428572,1.8057142857142856,1.4179428571428572,1.7857142857142856,3.089885714285714,1.335714285714286,2.0285714285714285,1.2857142857142856,1.231428571428571,1.25,1.3008,2.78
47-5081.00,Helpers--Extraction Workers,1.7734857142857143,1.3571428571428572,2.565257142857143,1.9642857142857144,1.4821428571428572,1.7036571428571428,1.0271428571428571,1.5207142857142857,1.872228571428572,1.595,1.822857142857143,1.872228571428572,1.625,1.5207142857142857,1.7036571428571428,1.9085714285714288,1.6875,1.9257142857142855,1.8328571428571427,1.8328571428571427,1.822857142857143,2.6378,1.4542857142857144,2.1228571428571428,1.4542857142857144,1.3785714285714286,1.32,1.4435714285714285,2.378285714285714
49-1011.00,"First-Line Supervisors of Mechanics, Installers, and Repairers",2.1357142857142857,1.8057142857142856,3.025857142857143,2.0028571428571427,1.837942857142857,2.096342857142857,1.147857142857143,2.1357142857142857,2.596342857142857,2.7142857142857144,2.5428571428571427,2.524285714285714,2.4971428571428573,2.524285714285714,2.205357142857143,2.1357142857142857,1.75,2.571428571428571,1.9449142857142856,1.6875,2.1635714285714283,3.3717428571428574,1.8057142857142856,2.524285714285714,1.8057142857142856,2.211428571428572,1.8571428571428568,2.0,2.5375
49-2011.00,"Computer, Automated Teller, and Office Machine Repairers",1.8571428571428568,1.2036571428571428,3.0659000000000005,1.8571428571428568,1.22,2.0608,1.2036571428571428,1.6063428571428573,1.9449142857142856,2.2071428571428573,1.9449142857142856,2.1142857142857143,1.9449142857142856,1.9642857142857144,1.8571428571428568,2.19,1.7385714285714284,2.0608,1.7734857142857143,1.9642857142857144,1.7200000000000002,2.0237,1.394285714285714,2.1228571428571428,1.4435714285714285,1.8571428571428568,1.268571428571429,1.8571428571428568,1.6522428571428571
49-2021.00,"Radio, Cellular, and Tower Equipment Installers and Repairers",1.9085714285714288,1.595,3.8469,1.8571428571428568,1.7200000000000002,1.822857142857143,1.1071428571428572,1.5785714285714287,2.105,1.9842857142857144,1.9449142857142856,2.0028571428571427,2.0028571428571427,1.9449142857142856,1.822857142857143,2.0342857142857143,1.51,2.1492,1.9085714285714288,1.7734857142857143,1.75,3.273142857142857,1.4691999999999998,2.44,1.604285714285714,1.8571428571428568,1.4691999999999998,1.8571428571428568,2.7043
49-2022.00,"Telecommunications Equipment Installers and Repairers, Except Line Installers",1.9085714285714288,1.5693714285714286,3.0941,1.9085714285714288,1.4017857142857142,2.105,1.2857142857142856,1.7734857142857143,2.1607142857142856,2.06,2.1607142857142856,2.4035714285714285,2.2308,1.8571428571428568,1.9085714285714288,2.205357142857143,1.7734857142857143,2.25,2.044642857142857,1.9449142857142856,2.0608,2.592914285714285,1.7485714285714289,2.337142857142857,1.822857142857143,1.8057142857142856,1.4435714285714285,1.8914285714285717,1.471485714285714
49-2091.00,Avionics Technicians,1.8571428571428568,1.4821428571428572,3.6877857142857136,1.9285714285714288,1.3392000000000002,2.25,1.7734857142857143,1.6063428571428573,2.4522285714285714,2.748571428571428,2.4035714285714285,2.4732142857142856,2.125,1.9842857142857144,1.8914285714285717,2.2471428571428573,1.6063428571428573,2.524285714285714,1.822857142857143,1.8571428571428568,1.8728571428571428,2.6606571428571426,1.4017857142857142,2.524285714285714,1.4691999999999998,2.4035714285714285,1.3785714285714286,2.0028571428571427,1.9821857142857144
49-2092.00,"Electric Motor, Power Tool, and Related Repairers",1.9285714285714288,1.5,2.4735,2.0,1.6364285714285711,2.1228571428571428,1.3392000000000002,1.6875,2.044642857142857,1.9085714285714288,2.044642857142857,2.327857142857143,1.8571428571428568,1.7734857142857143,1.837942857142857,2.1635714285714283,1.7200000000000002,2.2071428571428573,1.9085714285714288,2.178571428571429,1.9449142857142856,2.988885714285714,1.9449142857142856,2.283657142857143,1.5625,1.7734857142857143,1.4821428571428572,1.7385714285714284,2.307314285714286
49-2093.00,"Electrical and Electronics Installers and Repairers, Transportation Equipment",1.8914285714285717,1.3785714285714286,2.7946142857142857,1.822857142857143,1.36,1.9085714285714288,1.36,1.36,1.9085714285714288,1.8571428571428568,1.9085714285714288,2.1228571428571428,1.9449142857142856,1.8914285714285717,1.4249999999999998,1.8914285714285717,1.51,2.0028571428571427,1.6428571428571428,1.5207142857142857,1.8057142857142856,2.6020000000000003,1.3392000000000002,2.2767857142857144,1.25,1.8057142857142856,1.3785714285714286,1.8571428571428568,1.7580857142857145
49-2094.00,"Electrical and Electronics Repairers, Commercial and Industrial Equipment",2.1357142857142857,1.7734857142857143,2.7353,1.8571428571428568,1.7200000000000002,2.2471428571428573,1.6875,1.8057142857142856,2.524285714285714,2.096342857142857,2.096342857142857,2.4732142857142856,2.211428571428572,1.8571428571428568,1.8571428571428568,2.205357142857143,1.3785714285714286,2.645714285714285,2.205357142857143,1.9842857142857144,2.205357142857143,2.5530142857142857,1.6364285714285711,2.645714285714285,1.75,1.8571428571428568,1.7200000000000002,1.8571428571428568,1.598085714285714
49-2095.00,"Electrical and Electronics Repairers, Powerhouse, Substation, and Relay",1.8571428571428568,1.7734857142857143,3.242457142857143,1.8571428571428568,1.4249999999999998,1.9085714285714288,1.5508,1.4017857142857142,1.9085714285714288,2.31,1.9085714285714288,2.327857142857143,2.19,1.8571428571428568,1.8057142857142856,1.9285714285714288,1.5892857142857142,2.1142857142857143,1.9449142857142856,1.604285714285714,1.9449142857142856,2.603,1.4542857142857144,2.2767857142857144,1.6875,1.9842857142857144,1.6875,1.8057142857142856,1.8830714285714287
49-2096.00,"Electronic Equipment Installers and Repairers, Motor Vehicles",1.9842857142857144,1.4249999999999998,3.868171428571429,2.1142857142857143,1.4017857142857142,1.9085714285714288,1.1885714285714286,1.4821428571428572,2.1677714285714287,1.9085714285714288,2.1142857142857143,2.1142857142857143,1.9449142857142856,1.9085714285714288,1.595,2.354914285714286,1.7857142857142856,2.044642857142857,1.7734857142857143,1.7857142857142856,1.822857142857143,2.786114285714285,1.5207142857142857,2.1677714285714287,1.302857142857143,1.8057142857142856,1.4017857142857142,1.7734857142857143,1.9285428571428571
49-2097.00,Audiovisual Equipment Installers and Repairers,1.9085714285714288,1.4542857142857144,3.6064000000000007,1.7485714285714289,1.4017857142857142,2.0608,1.147857142857143,1.6364285714285711,1.9642857142857144,2.0,1.9085714285714288,2.06,1.9842857142857144,1.822857142857143,1.8057142857142856,2.3392857142857144,1.4435714285714285,2.044642857142857,1.8057142857142856,1.822857142857143,1.8914285714285717,2.996114285714285,1.5357142857142858,2.071428571428572,1.5357142857142858,1.7385714285714284,1.4435714285714285,1.6875,1.9628
49-2098.00,Security and Fire Alarm Systems Installers,1.872228571428572,1.3008,3.2007142857142856,1.7385714285714284,1.3392000000000002,1.9085714285714288,1.1339285714285714,1.4691999999999998,2.0608,1.8914285714285717,2.0028571428571427,2.19,1.9842857142857144,1.822857142857143,1.8057142857142856,2.023657142857143,1.6364285714285711,2.02,1.822857142857143,1.3571428571428572,1.7734857142857143,2.4652857142857143,1.3392000000000002,2.2767857142857144,1.32,1.822857142857143,1.3392000000000002,1.7734857142857143,1.810857142857143
49-3011.00,Aircraft Mechanics and Service Technicians,2.125,1.7200000000000002,3.643885714285715,2.044642857142857,1.7734857142857143,2.44,1.5165142857142857,1.6875,2.645714285714285,2.894285714285714,2.6950857142857143,2.765714285714286,2.8363428571428573,1.8571428571428568,1.9842857142857144,2.4714285714285715,1.6875,2.765714285714286,2.1492,2.02,2.4732142857142856,2.920357142857143,1.8914285714285717,3.19,1.7385714285714284,2.0028571428571427,1.5357142857142858,1.8571428571428568,2.390257142857143
49-3021.00,Automotive Body and Related Repairers,1.9085714285714288,1.32,3.254142857142857,1.9085714285714288,1.32,1.8057142857142856,1.0089285714285714,1.3785714285714286,1.8057142857142856,1.822857142857143,1.8057142857142856,1.8571428571428568,1.7734857142857143,1.7857142857142856,1.604285714285714,2.3192,1.4017857142857142,2.0028571428571427,1.7734857142857143,1.625,1.8571428571428568,2.830857142857143,1.3008,2.0028571428571427,1.302857142857143,1.3785714285714286,1.36,1.4179428571428572,2.2145
49-3022.00,Automotive Glass Installers and Repairers,1.5207142857142857,1.1885714285714286,2.266971428571429,1.6875,1.25,1.625,1.0357142857142856,1.4179428571428572,1.822857142857143,1.5785714285714287,1.7385714285714284,1.7385714285714284,1.5357142857142858,1.8057142857142856,1.5508,1.8571428571428568,1.51,1.822857142857143,1.4542857142857144,1.68,1.32,1.8946857142857143,1.268571428571429,1.7857142857142856,1.22,1.4542857142857144,1.25,1.4691999999999998,1.4086857142857143
49-3023.00,Automotive Service Technicians and Mechanics,1.8571428571428568,1.32,3.413271428571429,1.9257142857142855,1.3785714285714286,1.9085714285714288,1.062857142857143,1.6063428571428573,2.5428571428571427,2.0028571428571427,2.422142857142857,2.25,1.7036571428571428,1.7857142857142856,1.655,2.2308,1.8328571428571427,2.19,2.086428571428572,1.7857142857142856,2.125,2.3076714285714286,1.8057142857142856,2.375,1.7734857142857143,1.5785714285714287,1.3785714285714286,1.595,1.4979142857142858
49-3031.00,Bus and Truck Mechanics and Diesel Engine Specialists,1.8057142857142856,1.25,2.9823,1.8571428571428568,1.2857142857142856,1.8571428571428568,1.1339285714285714,1.655,2.265085714285714,1.837942857142857,2.023657142857143,2.086428571428572,1.7734857142857143,1.822857142857143,1.7200000000000002,2.205357142857143,1.8057142857142856,2.1492,1.8571428571428568,1.9085714285714288,1.9449142857142856,2.2992,1.36,2.216428571428572,1.3392000000000002,1.6063428571428573,1.302857142857143,1.6364285714285711,1.5952285714285714
49-3041.00,Farm Equipment Mechanics and Service Technicians,1.8571428571428568,1.5785714285714287,2.936528571428571,2.044642857142857,1.6364285714285711,2.02,1.197142857142857,1.6875,2.2767857142857144,2.02,2.25,2.2928571428571427,1.822857142857143,1.822857142857143,1.8914285714285717,2.596342857142857,1.6063428571428573,2.2071428571428573,1.9085714285714288,1.9642857142857144,2.1492,2.7388,1.8571428571428568,2.3906285714285715,1.7385714285714284,1.7485714285714289,1.5614285714285714,1.7036571428571428,1.5059999999999998
49-3042.00,"Mobile Heavy Equipment Mechanics, Except Engines",1.9449142857142856,1.604285714285714,2.8415428571428567,2.06,1.7036571428571428,1.9842857142857144,1.1885714285714286,1.6364285714285711,2.2308,2.023657142857143,2.1635714285714283,2.086428571428572,2.023657142857143,1.8571428571428568,1.8571428571428568,2.4285714285714284,1.7734857142857143,2.3192,2.086428571428572,2.105,2.044642857142857,2.6614,1.7734857142857143,2.422142857142857,1.6364285714285711,1.6875,1.595,1.822857142857143,1.9977285714285715
49-3043.00,Rail Car Repairers,1.8571428571428568,1.3392000000000002,2.2063428571428574,1.8914285714285717,1.3392000000000002,1.655,1.1071428571428572,1.5207142857142857,1.9085714285714288,1.7200000000000002,1.8571428571428568,2.086428571428572,1.7385714285714284,1.8057142857142856,1.6875,2.1750857142857143,1.5357142857142858,1.9085714285714288,2.0608,1.595,2.044642857142857,2.441071428571429,1.6063428571428573,2.1607142857142856,1.3785714285714286,1.595,1.3785714285714286,1.7385714285714284,1.7242857142857144
49-3051.00,Motorboat Mechanics and Service Technicians,1.822857142857143,1.32,3.0051142857142854,1.8571428571428568,1.3571428571428572,1.872228571428572,1.25,1.2857142857142856,2.2767857142857144,1.7200000000000002,2.375,2.0608,1.6875,1.595,1.4435714285714285,2.023657142857143,1.4928571428571429,2.086428571428572,1.7734857142857143,1.7934857142857146,1.8914285714285717,2.216285714285714,1.3785714285714286,2.3906285714285715,1.32,1.595,1.32,1.5357142857142858,1.666
49-3052.00,Motorcycle Mechanics,1.9085714285714288,1.3008,3.356042857142857,1.9085714285714288,1.3785714285714286,1.9085714285714288,1.157142857142857,1.5207142857142857,2.337142857142857,1.7857142857142856,2.2342857142857144,1.9449142857142856,1.8571428571428568,1.9085714285714288,1.9449142857142856,2.211428571428572,1.7734857142857143,1.9085714285714288,1.4691999999999998,1.6428571428571428,1.7734857142857143,3.0931428571428574,1.32,2.1677714285714287,1.394285714285714,1.7200000000000002,1.3785714285714286,1.7200000000000002,2.3886000000000003
49-3053.00,Outdoor Power Equipment and Other Small Engine Mechanics,1.8571428571428568,1.32,2.982671428571429,1.8914285714285717,1.2857142857142856,1.7857142857142856,1.12,1.4542857142857144,2.0028571428571427,1.6364285714285711,1.8914285714285717,1.9642857142857144,1.7036571428571428,1.655,1.6875,2.3192,1.5785714285714287,2.0028571428571427,1.7200000000000002,1.8839285714285712,1.8571428571428568,2.034471428571429,1.4017857142857142,1.9642857142857144,1.3785714285714286,1.6875,1.2857142857142856,1.5785714285714287,1.4885142857142857
49-3091.00,Bicycle Repairers,1.8571428571428568,1.28,3.1280857142857146,1.822857142857143,1.32,1.8571428571428568,1.0135714285714286,1.595,1.822857142857143,1.8571428571428568,1.822857142857143,2.1677714285714287,1.8571428571428568,1.7200000000000002,1.6714285714285717,2.5428571428571427,1.5300000000000002,2.1677714285714287,1.5625,1.8908,1.604285714285714,2.8918857142857144,1.4542857142857144,2.1228571428571428,1.4179428571428572,1.6714285714285717,1.3785714285714286,1.6714285714285717,2.3428571428571425
49-3092.00,Recreational Vehicle Service Technicians,1.8571428571428568,1.197142857142857,2.8034285714285714,1.7734857142857143,1.2857142857142856,1.9085714285714288,1.0549142857142857,1.2857142857142856,1.9085714285714288,1.8571428571428568,1.8571428571428568,2.0,1.8571428571428568,1.7734857142857143,1.8571428571428568,1.9657142857142855,1.3214285714285714,2.1357142857142857,1.8571428571428568,1.822857142857143,1.8571428571428568,1.7450571428571429,1.5614285714285714,2.422142857142857,1.2857142857142856,1.6875,1.2142857142857144,1.6364285714285711,1.4391142857142856
49-3093.00,Tire Repairers and Changers,1.5625,1.231428571428571,2.1678571428571427,1.7036571428571428,1.268571428571429,1.5625,1.0,1.36,1.822857142857143,1.604285714285714,1.605714285714286,1.68,1.4285714285714286,1.7485714285714289,1.3571428571428572,1.4821428571428572,1.4179428571428572,1.822857142857143,1.394285714285714,1.2592,1.4435714285714285,2.044942857142857,1.2857142857142856,1.872228571428572,1.2857142857142856,1.394285714285714,1.2857142857142856,1.3785714285714286,1.4994
49-9011.00,Mechanical Door Repairers,1.7734857142857143,1.3785714285714286,2.1198571428571427,1.7385714285714284,1.5357142857142858,1.822857142857143,1.0,1.4906285714285716,1.8571428571428568,1.872228571428572,1.8571428571428568,2.071428571428572,1.872228571428572,1.7734857142857143,1.6428571428571428,2.0342857142857143,1.51,1.872228571428572,1.655,1.625,1.7036571428571428,2.0277142857142856,1.6875,2.1228571428571428,1.3785714285714286,1.7857142857142856,1.2857142857142856,1.7200000000000002,1.7722857142857142
49-9012.00,"Control and Valve Installers and Repairers, Except Mechanical Door",1.9449142857142856,1.3785714285714286,3.071428571428572,1.8571428571428568,1.24,1.8571428571428568,1.12,1.51,2.105,1.9449142857142856,1.9449142857142856,2.0608,1.8914285714285717,1.625,1.8057142857142856,1.9285714285714288,1.6364285714285711,2.1492,1.8571428571428568,1.6714285714285717,1.822857142857143,2.8358000000000003,1.28,2.1677714285714287,1.2857142857142856,1.872228571428572,1.3392000000000002,1.822857142857143,2.0990714285714285
49-9021.00,"Heating, Air Conditioning, and Refrigeration Mechanics and Installers",2.086428571428572,1.4691999999999998,2.5574285714285714,1.7385714285714284,1.5892857142857142,2.044642857142857,1.1339285714285714,1.7200000000000002,2.4732142857142856,1.9842857142857144,2.2928571428571427,2.2928571428571427,2.02,1.7385714285714284,1.9085714285714288,2.2308,1.7200000000000002,2.125,1.8571428571428568,1.9285714285714288,2.096342857142857,2.210114285714286,1.6063428571428573,2.596342857142857,1.655,1.6714285714285717,1.467857142857143,1.7036571428571428,1.9052
49-9031.00,Home Appliance Repairers,1.75,1.4179428571428572,3.225057142857142,1.8571428571428568,1.32,1.9085714285714288,1.1339285714285714,1.3392000000000002,1.9085714285714288,1.9085714285714288,1.8571428571428568,2.2767857142857144,1.872228571428572,1.8571428571428568,1.604285714285714,2.205357142857143,1.7734857142857143,1.9642857142857144,1.7734857142857143,1.822857142857143,1.8571428571428568,2.1934,1.4179428571428572,2.225714285714286,1.302857142857143,1.822857142857143,1.5785714285714287,1.6875,1.8564285714285715
49-9041.00,Industrial Machinery Mechanics,1.8914285714285717,1.4691999999999998,2.940714285714286,1.9642857142857144,1.4928571428571429,1.9085714285714288,1.1607142857142858,1.6665142857142858,1.9842857142857144,1.9085714285714288,1.8571428571428568,2.31,1.8057142857142856,1.8571428571428568,1.9449142857142856,2.2857142857142856,1.7200000000000002,2.3857142857142857,1.822857142857143,1.9449142857142856,1.8057142857142856,2.2440571428571428,1.7734857142857143,2.283657142857143,1.51,1.7200000000000002,1.3392000000000002,1.6875,1.6852428571428573
49-9043.00,"Maintenance Workers, Machinery",1.7734857142857143,1.2857142857142856,2.487314285714286,1.8571428571428568,1.25,1.7734857142857143,1.0942857142857143,1.3008,1.8571428571428568,1.75,1.8571428571428568,1.8571428571428568,1.8571428571428568,1.7485714285714289,1.5300000000000002,1.9449142857142856,1.625,1.8571428571428568,1.8571428571428568,1.6875,1.8571428571428568,2.749942857142857,1.2857142857142856,2.1228571428571428,1.302857142857143,1.7385714285714284,1.2857142857142856,1.4179428571428572,1.9807857142857144
49-9044.00,Millwrights,1.8571428571428568,1.595,2.9780285714285712,1.8571428571428568,1.6063428571428573,1.9085714285714288,1.0803571428571428,1.7385714285714284,1.9085714285714288,1.8057142857142856,1.9085714285714288,2.1228571428571428,1.8571428571428568,2.0028571428571427,1.7200000000000002,2.596342857142857,1.8057142857142856,2.524285714285714,1.9449142857142856,1.6714285714285717,1.9449142857142856,3.257,1.6063428571428573,2.354914285714286,1.4542857142857144,1.7200000000000002,1.655,1.655,2.875342857142857
49-9045.00,"Refractory Materials Repairers, Except Brickmasons",1.7734857142857143,1.2631285714285714,2.077842857142857,2.028485714285714,1.25,1.4906285714285716,1.0,1.3785714285714286,1.8571428571428568,1.75,1.822857142857143,1.8057142857142856,1.7036571428571428,1.6714285714285717,1.4179428571428572,1.8057142857142856,1.51,1.8406285714285715,1.7385714285714284,1.4350857142857143,1.5821428571428573,2.216914285714286,1.3571428571428572,1.876342857142857,1.1210714285714285,1.6124142857142856,1.2825,1.4821428571428572,1.7150285714285711
49-9051.00,Electrical Power-Line Installers and Repairers,1.8571428571428568,1.231428571428571,1.776257142857143,1.8571428571428568,1.268571428571429,1.9085714285714288,1.1071428571428572,1.6875,2.2767857142857144,1.7734857142857143,2.0285714285714285,1.9085714285714288,1.8571428571428568,1.822857142857143,1.8571428571428568,1.9449142857142856,1.7200000000000002,2.4522285714285714,1.7857142857142856,1.4906285714285716,1.9449142857142856,2.162857142857143,1.51,2.7142857142857144,1.32,1.6364285714285711,1.2857142857142856,1.5892857142857142,1.6382571428571429
49-9052.00,Telecommunications Line Installers and Repairers,1.7734857142857143,1.2857142857142856,2.797942857142857,1.822857142857143,1.25,1.9085714285714288,1.12,1.3571428571428572,1.9085714285714288,1.8571428571428568,1.8571428571428568,1.9449142857142856,1.8057142857142856,1.7385714285714284,1.655,1.8914285714285717,1.7036571428571428,1.872228571428572,1.8571428571428568,1.3571428571428572,1.8571428571428568,2.4685714285714284,1.3571428571428572,2.02,1.2857142857142856,1.7036571428571428,1.3785714285714286,1.6665142857142858,1.7722857142857142
49-9061.00,Camera and Photographic Equipment Repairers,1.8057142857142856,1.4435714285714285,2.5392,1.8328571428571427,1.4928571428571429,1.9449142857142856,1.3008,1.5207142857142857,1.9842857142857144,2.086428571428572,1.9842857142857144,2.2071428571428573,2.06,1.9085714285714288,1.8914285714285717,2.4732142857142856,1.394285714285714,2.023657142857143,1.7734857142857143,1.8914285714285717,1.6875,2.100714285714286,1.51,2.1492,1.51,1.4928571428571429,1.6063428571428573,1.6942857142857144,1.5645714285714285
49-9062.00,Medical Equipment Repairers,1.8571428571428568,1.6875,3.1175714285714284,1.8571428571428568,1.8057142857142856,1.8571428571428568,1.32,1.6364285714285711,2.19,2.205357142857143,2.044642857142857,2.1357142857142857,2.096342857142857,1.822857142857143,1.8571428571428568,2.2857142857142856,1.4017857142857142,2.2857142857142856,1.8571428571428568,1.8571428571428568,1.9285714285714288,3.142,1.8057142857142856,2.2767857142857144,1.7385714285714284,1.8571428571428568,1.7734857142857143,1.75,1.790814285714286
49-9063.00,Musical Instrument Repairers and Tuners,1.9449142857142856,1.25,2.401942857142857,2.044642857142857,1.268571428571429,1.9085714285714288,1.077942857142857,1.4691999999999998,2.071428571428572,1.8571428571428568,2.105,2.354914285714286,1.8571428571428568,1.8571428571428568,1.7200000000000002,2.4035714285714285,1.5785714285714287,1.9449142857142856,1.7734857142857143,1.822857142857143,2.105,2.704857142857142,1.8571428571428568,2.31,1.5508,1.6063428571428573,1.2857142857142856,1.7200000000000002,2.162
49-9064.00,Watch and Clock Repairers,1.9085714285714288,1.268571428571429,2.4465714285714286,1.8571428571428568,1.2857142857142856,1.7734857142857143,1.1339285714285714,1.231428571428571,1.8057142857142856,1.8571428571428568,1.8057142857142856,1.9085714285714288,1.7734857142857143,1.4435714285714285,1.4017857142857142,2.044642857142857,1.4249999999999998,2.0608,1.595,1.5207142857142857,1.7200000000000002,2.342285714285714,1.2857142857142856,2.0028571428571427,1.3392000000000002,1.51,1.2857142857142856,1.4017857142857142,1.8983428571428576
49-9071.00,"Maintenance and Repair Workers, General",1.9085714285714288,1.4435714285714285,3.2563714285714287,1.9085714285714288,1.4435714285714285,1.9085714285714288,1.1408,1.4249999999999998,2.044642857142857,1.8914285714285717,1.9842857142857144,2.0028571428571427,1.8914285714285717,1.822857142857143,1.9449142857142856,2.275,1.4821428571428572,2.5428571428571427,1.8571428571428568,1.8571428571428568,1.9449142857142856,3.246871428571428,1.7036571428571428,2.2767857142857144,1.36,1.9085714285714288,1.4435714285714285,1.7734857142857143,2.2775
49-9081.00,Wind Turbine Service Technicians,1.9449142857142856,1.36,2.939714285714286,1.9449142857142856,1.44,1.9642857142857144,1.2857142857142856,1.8571428571428568,2.4522285714285714,2.044642857142857,2.0028571428571427,2.1142857142857143,2.044642857142857,1.822857142857143,1.9449142857142856,2.1635714285714283,1.837942857142857,2.044642857142857,1.9449142857142856,1.822857142857143,2.023657142857143,3.034828571428572,1.6875,2.551428571428572,1.7200000000000002,1.822857142857143,1.36,1.7385714285714284,1.983542857142857
49-9091.00,"Coin, Vending, and Amusement Machine Servicers and Repairers",1.7200000000000002,1.2857142857142856,1.9945,1.822857142857143,1.2857142857142856,1.7385714285714284,1.0549142857142857,1.22,1.9085714285714288,1.8571428571428568,1.872228571428572,1.7734857142857143,1.7734857142857143,1.7385714285714284,1.4906285714285716,1.9842857142857144,1.6063428571428573,1.9257142857142855,1.6665142857142858,1.4542857142857144,1.6714285714285717,1.6384,1.2208,1.9085714285714288,1.2857142857142856,1.655,1.4542857142857144,1.5785714285714287,1.4716714285714287
49-9092.00,Commercial Divers,1.9449142857142856,1.32,2.6512,1.9842857142857144,1.3392000000000002,2.0028571428571427,1.4821428571428572,1.8057142857142856,2.31,2.125,2.25,2.5428571428571427,2.125,2.0608,1.8914285714285717,2.023657142857143,1.9085714285714288,2.216428571428572,2.2308,1.822857142857143,2.205357142857143,2.5057142857142853,1.6875,2.607142857142857,1.36,1.8914285714285717,1.4017857142857142,1.8571428571428568,2.164185714285714
49-9094.00,Locksmiths and Safe Repairers,1.837942857142857,1.4285714285714286,3.108228571428572,1.822857142857143,1.4906285714285716,1.7142857142857144,1.0,1.4179428571428572,2.02,1.8571428571428568,1.9085714285714288,2.0608,1.8571428571428568,1.9257142857142855,1.6364285714285711,2.4522285714285714,1.32,2.0608,1.7485714285714289,1.5693714285714286,1.822857142857143,2.881,1.5357142857142858,2.02,1.3571428571428572,1.7934857142857146,1.3785714285714286,1.625,2.681985714285714
49-9095.00,Manufactured Building and Mobile Home Installers,2.02,1.5239285714285713,3.597314285714285,2.044642857142857,1.6665142857142858,2.105,1.077942857142857,2.0608,2.2342,1.9285714285714288,1.9889285714285716,2.2767857142857144,1.9449142857142856,2.0608,2.02,2.6696428571428568,1.9524142857142857,2.19,1.9128571428571428,1.7036571428571428,2.044642857142857,3.8379285714285705,1.6575,2.337142857142857,1.8057142857142856,1.7514285714285711,1.6124142857142856,1.6665142857142858,3.8077
49-9096.00,Riggers,1.8571428571428568,1.0535714285714286,2.476985714285714,1.8571428571428568,1.0885714285714283,1.8571428571428568,1.0271428571428571,1.0992,1.8571428571428568,1.7857142857142856,1.8571428571428568,1.9085714285714288,1.7208,1.822857142857143,1.5207142857142857,2.1750857142857143,1.655,2.0028571428571427,1.8571428571428568,1.7385714285714284,1.655,2.436857142857143,1.302857142857143,2.2767857142857144,1.2857142857142856,1.4691999999999998,1.077942857142857,1.4691999999999998,1.637714285714286
49-9097.00,Signal and Track Switch Repairers,1.8057142857142856,1.5357142857142858,2.028928571428572,1.8914285714285717,1.4821428571428572,2.02,1.0942857142857143,1.6364285714285711,2.205357142857143,1.8057142857142856,2.086428571428572,2.327857142857143,1.7734857142857143,1.8571428571428568,1.8057142857142856,2.354914285714286,1.8057142857142856,1.9085714285714288,1.9842857142857144,2.029285714285714,2.354914285714286,2.541142857142857,1.6875,2.327857142857143,1.6875,1.8057142857142856,1.4542857142857144,1.8057142857142856,1.886285714285714
49-9098.00,"Helpers--Installation, Maintenance, and Repair Workers",1.7385714285714284,1.268571428571429,2.7108857142857143,1.8571428571428568,1.231428571428571,1.4906285714285716,1.0020571428571428,1.4542857142857144,1.7934857142857146,1.4821428571428572,1.6714285714285717,1.8328571428571427,1.4906285714285716,1.625,1.5785714285714287,1.9285714285714288,1.5508,1.872228571428572,1.7734857142857143,1.595,1.822857142857143,2.4795857142857143,1.2857142857142856,1.7485714285714289,1.32,1.32,1.25,1.32,1.8231142857142857
49-9099.01,Geothermal Technicians,1.8914285714285717,1.8057142857142856,3.0128,2.205357142857143,1.78,1.872228571428572,1.32,1.36,2.327857142857143,1.8571428571428568,1.9449142857142856,2.0028571428571427,2.0028571428571427,1.8057142857142856,1.9085714285714288,2.205357142857143,1.8571428571428568,2.0028571428571427,2.4522285714285714,1.7734857142857143,2.044642857142857,3.066542857142857,1.7200000000000002,2.4732142857142856,1.5508,1.9085714285714288,1.7734857142857143,1.8571428571428568,2.3186142857142857
51-1011.00,First-Line Supervisors of Production and Operating Workers,1.9642857142857144,1.822857142857143,2.5276,1.8914285714285717,1.5677714285714286,2.096342857142857,1.0442857142857145,1.9449142857142856,2.4732142857142856,2.422142857142857,2.354914285714286,2.4732142857142856,2.3392857142857144,2.596342857142857,1.9449142857142856,1.9449142857142856,1.8057142857142856,2.1635714285714283,1.9085714285714288,1.4017857142857142,1.822857142857143,2.845,1.595,2.662857142857143,1.3808,2.4035714285714285,1.7734857142857143,2.096342857142857,2.5968571428571425
51-2011.00,"Aircraft Structure, Surfaces, Rigging, and Systems Assemblers",1.8571428571428568,1.3785714285714286,2.8492,1.9657142857142855,1.5892857142857142,1.822857142857143,1.1607142857142858,1.6665142857142858,1.9842857142857144,2.096342857142857,1.8571428571428568,1.9449142857142856,1.8914285714285717,1.8571428571428568,1.8057142857142856,2.3192,1.5785714285714287,2.2308,1.8571428571428568,1.7734857142857143,1.7734857142857143,2.5910714285714285,1.4249999999999998,2.327857142857143,1.2857142857142856,1.7385714285714284,1.467857142857143,1.75,2.0965
51-2021.00,"Coil Winders, Tapers, and Finishers",1.625,1.1071428571428572,1.973614285714285,1.9085714285714288,1.12,1.3706285714285715,1.0,1.268571428571429,1.7485714285714289,1.7385714285714284,1.7036571428571428,1.7734857142857143,1.7385714285714284,1.4179428571428572,1.335714285714286,1.4435714285714285,1.302857142857143,1.7036571428571428,1.7200000000000002,1.0549142857142857,1.4906285714285716,2.0144,1.1785714285714286,1.9085714285714288,1.1428571428571428,1.394285714285714,1.157142857142857,1.32,1.9058857142857144
51-2022.00,Electrical and Electronic Equipment Assemblers,1.7734857142857143,1.2142857142857144,2.1978,1.7734857142857143,1.32,1.5785714285714287,1.1885714285714286,1.32,1.8571428571428568,1.9085714285714288,1.9449142857142856,1.8571428571428568,2.0028571428571427,1.7385714285714284,1.6364285714285711,2.1357142857142857,1.32,2.0028571428571427,1.7734857142857143,1.2678571428571428,1.5892857142857142,2.317042857142857,1.32,1.8571428571428568,1.2142857142857144,1.655,1.25,1.7036571428571428,1.5292428571428571
51-2023.00,Electromechanical Equipment Assemblers,1.8571428571428568,1.3008,2.468414285714286,1.7734857142857143,1.268571428571429,1.4542857142857144,1.2857142857142856,1.2036571428571428,1.9085714285714288,1.822857142857143,1.8571428571428568,1.822857142857143,1.8571428571428568,1.7036571428571428,1.4179428571428572,2.06,1.335714285714286,2.1635714285714283,1.7734857142857143,1.394285714285714,1.7857142857142856,1.9071,1.335714285714286,2.044642857142857,1.28,1.7036571428571428,1.25,1.4542857142857144,1.4536000000000002
51-2031.00,Engine and Other Machine Assemblers,1.8571428571428568,1.2857142857142856,2.3842857142857143,1.8571428571428568,1.2857142857142856,1.604285714285714,1.2036571428571428,1.2857142857142856,1.8571428571428568,1.8914285714285717,1.8571428571428568,1.8571428571428568,1.9449142857142856,1.604285714285714,1.4435714285714285,2.2471428571428573,1.7385714285714284,1.9085714285714288,1.8571428571428568,1.4821428571428572,1.8571428571428568,1.7847285714285714,1.2857142857142856,1.9085714285714288,1.32,1.4017857142857142,1.2857142857142856,1.4017857142857142,1.4888857142857144
51-2041.00,Structural Metal Fabricators and Fitters,1.8571428571428568,1.289285714285714,2.797942857142857,1.8571428571428568,1.32,1.3392000000000002,1.0803571428571428,1.0803571428571428,1.8571428571428568,1.8057142857142856,1.7734857142857143,1.68,1.7485714285714289,1.4628571428571429,1.335714285714286,2.1357142857142857,1.595,1.8914285714285717,1.4435714285714285,1.2592,1.3392000000000002,2.5675428571428576,1.1785714285714286,1.8571428571428568,1.1785714285714286,1.4179428571428572,1.2592,1.3785714285714286,1.6190285714285713
51-2051.00,Fiberglass Laminators and Fabricators,1.8571428571428568,1.394285714285714,1.9396,1.872228571428572,1.4179428571428572,1.822857142857143,1.1071428571428572,1.6364285714285711,1.822857142857143,1.822857142857143,1.822857142857143,1.7734857142857143,1.7857142857142856,1.7036571428571428,1.7385714285714284,2.086428571428572,1.467857142857143,2.0028571428571427,1.8571428571428568,1.24,2.023657142857143,2.0841142857142856,1.268571428571429,2.0779428571428573,1.2857142857142856,1.6063428571428573,1.4285714285714286,1.6714285714285717,1.7587285714285716
51-2061.00,Timing Device Assemblers and Adjusters,1.822857142857143,1.3571428571428572,2.0025714285714287,1.7200000000000002,1.231428571428571,1.6875,1.25,1.32,1.822857142857143,1.6665142857142858,1.7734857142857143,1.7734857142857143,1.655,1.655,1.36,2.023657142857143,1.5614285714285714,1.9842857142857144,1.4821428571428572,1.5785714285714287,1.655,2.101514285714286,1.3008,2.02,1.2363428571428572,1.5508,1.25,1.51,1.5572857142857144
51-2092.00,Team Assemblers,1.8571428571428568,1.1785714285714286,1.9128571428571428,1.8571428571428568,1.2142857142857144,1.7036571428571428,1.0,1.4179428571428572,1.872228571428572,1.8571428571428568,1.822857142857143,1.822857142857143,1.822857142857143,1.7857142857142856,1.3785714285714286,1.8571428571428568,1.7734857142857143,2.044642857142857,1.7036571428571428,1.2142857142857144,1.4435714285714285,2.1907,1.2857142857142856,1.872228571428572,1.32,1.8571428571428568,1.197142857142857,1.7200000000000002,1.7981428571428573
51-3011.00,Bakers,1.8571428571428568,1.289285714285714,1.5996571428571429,1.8571428571428568,1.3785714285714286,1.3571428571428572,1.0942857142857143,1.3571428571428572,1.822857142857143,1.822857142857143,1.7385714285714284,1.8571428571428568,1.7385714285714284,1.7857142857142856,1.8571428571428568,1.8057142857142856,1.51,1.8571428571428568,1.8571428571428568,1.0442857142857145,1.6714285714285717,2.2002,1.3008,1.8328571428571427,1.268571428571429,1.51,1.3571428571428572,1.3785714285714286,1.5225857142857142
51-3021.00,Butchers and Meat Cutters,1.9085714285714288,1.4542857142857144,1.9374,1.7142857142857144,1.394285714285714,1.6714285714285717,1.0089285714285714,1.3571428571428572,1.7200000000000002,1.7734857142857143,1.7200000000000002,1.8571428571428568,1.8571428571428568,1.8571428571428568,1.4542857142857144,1.7385714285714284,1.6391999999999998,1.9085714285714288,1.595,1.062857142857143,1.5625,2.2903,1.4017857142857142,1.872228571428572,1.2857142857142856,1.36,1.5207142857142857,1.4910714285714284,2.0410000000000004
51-3022.00,"Meat, Poultry, and Fish Cutters and Trimmers",1.6875,1.24,2.496857142857143,1.6814285714285715,1.335714285714286,1.4179428571428572,1.0,1.4017857142857142,1.6875,1.5677714285714286,1.5625,1.822857142857143,1.4435714285714285,1.5693714285714286,1.4435714285714285,1.6428571428571428,1.302857142857143,1.7857142857142856,1.4542857142857144,1.197142857142857,1.4435714285714285,2.6182,1.2592,1.7857142857142856,1.32,1.4906285714285716,1.3392000000000002,1.3392000000000002,1.719242857142857
51-3023.00,Slaughterers and Meat Packers,1.5,1.1106285714285715,1.4031,1.5785714285714287,1.0803571428571428,1.22,1.0,1.1785714285714286,1.4628571428571429,1.22,1.4628571428571429,1.3706285714285715,1.22,1.268571428571429,1.2142857142857144,1.28,1.25,1.625,1.3571428571428572,1.0271428571428571,1.2142857142857144,1.5833714285714289,1.1106285714285715,1.6391999999999998,1.1106285714285715,1.1734857142857142,1.1428571428571428,1.1071428571428572,1.2916285714285711
51-3091.00,"Food and Tobacco Roasting, Baking, and Drying Machine Operators and Tenders",1.9449142857142856,1.0442857142857145,1.8830285714285715,1.9449142857142856,1.0535714285714286,1.7857142857142856,1.0942857142857143,1.5357142857142858,1.7734857142857143,1.7200000000000002,1.7200000000000002,1.9085714285714288,1.872228571428572,1.5693714285714286,1.5614285714285714,1.8057142857142856,1.3392000000000002,1.9085714285714288,1.9449142857142856,1.32,1.822857142857143,2.166628571428572,1.32,2.0028571428571427,1.302857142857143,1.822857142857143,1.1257142857142857,1.7734857142857143,1.9174285714285717
51-3092.00,Food Batchmakers,1.8571428571428568,1.3785714285714286,2.0654285714285714,1.8571428571428568,1.595,1.7036571428571428,1.25,1.32,1.7734857142857143,1.9085714285714288,1.7734857142857143,1.872228571428572,1.9085714285714288,1.625,1.5300000000000002,1.4435714285714285,1.3392000000000002,2.1677714285714287,1.8914285714285717,1.077942857142857,1.655,1.9778857142857145,1.28,1.9085714285714288,1.32,1.6875,1.4179428571428572,1.7734857142857143,1.573314285714286
51-3093.00,Food Cooking Machine Operators and Tenders,1.7200000000000002,1.268571428571429,2.175,1.8328571428571427,1.268571428571429,1.6391999999999998,1.1734857142857142,1.32,1.7734857142857143,1.9792,1.7385714285714284,1.68,1.8328571428571427,1.5207142857142857,1.5508,1.4017857142857142,1.3785714285714286,1.9449142857142856,1.6875,1.0357142857142856,1.4435714285714285,2.183757142857143,1.2857142857142856,2.1228571428571428,1.268571428571429,1.625,1.3785714285714286,1.655,1.4840714285714285
51-4021.00,"Extruding and Drawing Machine Setters, Operators, and Tenders, Metal and Plastic",1.7734857142857143,1.3008,2.105714285714286,1.8914285714285717,1.5357142857142858,1.7485714285714289,1.1408,1.3785714285714286,1.8571428571428568,1.7734857142857143,1.7036571428571428,1.8328571428571427,1.7734857142857143,1.6714285714285717,1.5207142857142857,1.8914285714285717,1.51,1.9085714285714288,1.8571428571428568,1.5785714285714287,1.872228571428572,2.6086857142857145,1.3706285714285715,1.9792,1.2857142857142856,1.32,1.4285714285714286,1.4628571428571429,1.6109714285714287
51-4022.00,"Forging Machine Setters, Operators, and Tenders, Metal and Plastic",1.75,1.3008,2.156628571428571,1.8571428571428568,1.3392000000000002,1.6364285714285711,1.0336571428571428,1.4435714285714285,1.8571428571428568,1.9642857142857144,1.8571428571428568,1.7734857142857143,1.872228571428572,1.7485714285714289,1.4179428571428572,1.8914285714285717,1.3571428571428572,1.9642857142857144,1.8914285714285717,1.25,1.6875,1.9814857142857143,1.32,1.9642857142857144,1.25,1.7385714285714284,1.32,1.6875,1.5704285714285713
51-4023.00,"Rolling Machine Setters, Operators, and Tenders, Metal and Plastic",1.8057142857142856,1.4542857142857144,2.6493857142857142,2.023657142857143,1.4928571428571429,1.7857142857142856,1.0206285714285714,1.7385714285714284,1.9642857142857144,1.9085714285714288,1.872228571428572,1.9085714285714288,1.822857142857143,1.8571428571428568,1.8571428571428568,1.8571428571428568,1.5785714285714287,1.9642857142857144,2.086428571428572,1.5508,1.8571428571428568,2.3176,1.5508,2.337142857142857,1.4906285714285716,1.6391999999999998,1.394285714285714,1.6063428571428573,1.6870571428571428
51-4031.00,"Cutting, Punching, and Press Machine Setters, Operators, and Tenders, Metal and Plastic",1.7200000000000002,1.2857142857142856,1.6170714285714285,1.9085714285714288,1.2857142857142856,1.6063428571428573,1.0357142857142856,1.2857142857142856,1.8571428571428568,1.8571428571428568,1.8571428571428568,1.8571428571428568,1.75,1.6875,1.5300000000000002,1.8571428571428568,1.4249999999999998,1.9642857142857144,1.8571428571428568,1.231428571428571,1.8571428571428568,1.68,1.2857142857142856,1.8571428571428568,1.25,1.4691999999999998,1.2857142857142856,1.4542857142857144,1.144285714285714
51-4032.00,"Drilling and Boring Machine Tool Setters, Operators, and Tenders, Metal and Plastic",1.8571428571428568,1.5207142857142857,2.661142857142857,2.0028571428571427,1.5614285714285714,1.7485714285714289,1.12,1.3392000000000002,1.8571428571428568,1.872228571428572,1.8571428571428568,1.8571428571428568,1.9085714285714288,1.6428571428571428,1.5300000000000002,2.023657142857143,1.5677714285714286,2.0028571428571427,1.9285714285714288,1.4906285714285716,1.6714285714285717,1.8505,1.2857142857142856,2.0028571428571427,1.2857142857142856,1.7857142857142856,1.5785714285714287,1.4910714285714284,1.432
51-4033.00,"Grinding, Lapping, Polishing, and Buffing Machine Tool Setters, Operators, and Tenders, Metal and Plastic",1.8057142857142856,1.5,2.404,1.9085714285714288,1.75,1.7385714285714284,1.0357142857142856,1.3571428571428572,1.872228571428572,1.9085714285714288,1.822857142857143,1.822857142857143,1.872228571428572,1.5625,1.5207142857142857,2.023657142857143,1.3571428571428572,1.9842857142857144,2.0028571428571427,1.5300000000000002,1.872228571428572,2.1682,1.604285714285714,2.1677714285714287,1.32,1.3785714285714286,1.51,1.394285714285714,1.466
51-4034.00,"Lathe and Turning Machine Tool Setters, Operators, and Tenders, Metal and Plastic",1.7734857142857143,1.4435714285714285,2.4934857142857147,1.8571428571428568,1.3392000000000002,1.6364285714285711,1.0803571428571428,1.268571428571429,1.8571428571428568,1.8571428571428568,1.7734857142857143,1.6364285714285711,1.822857142857143,1.5625,1.2857142857142856,1.9085714285714288,1.2857142857142856,1.8571428571428568,1.8571428571428568,1.4906285714285716,1.6875,2.6119714285714286,1.2142857142857144,1.9085714285714288,1.2857142857142856,1.394285714285714,1.4017857142857142,1.3571428571428572,2.47
51-4035.00,"Milling and Planing Machine Setters, Operators, and Tenders, Metal and Plastic",1.7200000000000002,1.595,2.5031714285714286,1.9449142857142856,1.6364285714285711,1.595,1.0206285714285714,1.3392000000000002,1.9085714285714288,1.8571428571428568,1.8571428571428568,1.9085714285714288,1.7385714285714284,1.5508,1.5508,1.9449142857142856,1.4179428571428572,1.9085714285714288,1.7734857142857143,1.3785714285714286,1.7385714285714284,2.130357142857143,1.3008,1.9642857142857144,1.32,1.5508,1.5207142857142857,1.5207142857142857,1.4764285714285714
51-4041.00,Machinists,1.8914285714285717,1.7734857142857143,2.474971428571429,2.044642857142857,1.7385714285714284,1.8571428571428568,1.0535714285714286,1.3808,2.044642857142857,1.8571428571428568,1.8571428571428568,1.9449142857142856,1.8057142857142856,1.7036571428571428,1.7200000000000002,2.1750857142857143,1.6063428571428573,1.9085714285714288,1.8571428571428568,1.6063428571428573,1.8571428571428568,2.449442857142857,1.5165142857142857,2.0028571428571427,1.3785714285714286,1.7200000000000002,1.7200000000000002,1.5614285714285714,1.9060857142857144
51-4051.00,Metal-Refining Furnace Operators and Tenders,1.7734857142857143,1.4285714285714286,2.14,2.105,1.5614285714285714,1.822857142857143,1.231428571428571,1.3571428571428572,1.872228571428572,1.7734857142857143,1.822857142857143,1.8571428571428568,1.822857142857143,1.7734857142857143,1.5693714285714286,1.8057142857142856,1.7385714285714284,1.9642857142857144,1.9449142857142856,1.5,1.822857142857143,2.200228571428571,1.3392000000000002,2.178571428571429,1.4285714285714286,1.5625,1.51,1.6875,1.9399714285714285
51-4052.00,"Pourers and Casters, Metal",1.8571428571428568,1.2142857142857144,2.047657142857143,1.8571428571428568,1.2142857142857144,1.4542857142857144,1.1257142857142857,1.3571428571428572,1.7734857142857143,1.595,1.6875,1.8571428571428568,1.655,1.6391999999999998,1.3571428571428572,1.655,1.5892857142857142,1.7734857142857143,1.9449142857142856,1.231428571428571,1.7734857142857143,1.6984857142857144,1.268571428571429,1.8571428571428568,1.2857142857142856,1.2857142857142856,1.25,1.302857142857143,1.5029714285714286
51-4061.00,"Model Makers, Metal and Plastic",1.822857142857143,1.625,2.4652000000000003,1.9642857142857144,1.6665142857142858,1.655,1.0664285714285715,1.2857142857142856,2.02,2.1142857142857143,1.822857142857143,2.044642857142857,1.7734857142857143,1.8571428571428568,1.5614285714285714,2.524285714285714,1.6063428571428573,2.2071428571428573,1.7857142857142856,1.8571428571428568,1.7734857142857143,1.890285714285714,1.3571428571428572,2.0608,1.2857142857142856,1.7485714285714289,1.4821428571428572,1.4928571428571429,1.664
51-4062.00,"Patternmakers, Metal and Plastic",1.8914285714285717,1.4179428571428572,2.5435,1.9842857142857144,1.4691999999999998,1.7857142857142856,1.0357142857142856,1.32,1.9085714285714288,1.8571428571428568,1.822857142857143,1.8571428571428568,1.8571428571428568,1.6714285714285717,1.5207142857142857,2.086428571428572,1.6063428571428573,1.9449142857142856,1.7734857142857143,1.3706285714285715,1.6063428571428573,2.8993,1.3008,2.0028571428571427,1.25,1.7200000000000002,1.4435714285714285,1.3785714285714286,1.685
51-4071.00,Foundry Mold and Coremakers,1.7385714285714284,1.1785714285714286,1.5738,1.822857142857143,1.25,1.4906285714285716,1.0089285714285714,1.2142857142857144,1.5693714285714286,1.32,1.4906285714285716,1.6714285714285717,1.3571428571428572,1.6714285714285717,1.4179428571428572,1.8571428571428568,1.3392000000000002,1.7857142857142856,1.5300000000000002,1.2142857142857144,1.4542857142857144,2.0005,1.2857142857142856,1.8328571428571427,1.1785714285714286,1.2857142857142856,1.268571428571429,1.25,1.456
51-4072.00,"Molding, Coremaking, and Casting Machine Setters, Operators, and Tenders, Metal and Plastic",1.9085714285714288,1.3785714285714286,1.9984,1.8571428571428568,1.3785714285714286,1.5625,1.0042857142857142,1.4017857142857142,1.9257142857142855,1.9085714285714288,1.7485714285714289,1.7485714285714289,1.9085714285714288,1.68,1.604285714285714,1.8571428571428568,1.4691999999999998,2.0028571428571427,2.0028571428571427,1.3571428571428572,1.822857142857143,2.159057142857143,1.4906285714285716,1.9085714285714288,1.2857142857142856,1.5300000000000002,1.3785714285714286,1.5785714285714287,1.6369857142857145
51-4081.00,"Multiple Machine Tool Setters, Operators, and Tenders, Metal and Plastic",1.8914285714285717,1.4285714285714286,2.9242285714285714,2.06,1.3785714285714286,1.8571428571428568,1.0135714285714286,1.542142857142857,1.8571428571428568,1.9085714285714288,1.8571428571428568,1.8914285714285717,1.8571428571428568,1.7734857142857143,1.7734857142857143,2.3192,1.8057142857142856,2.0028571428571427,1.8571428571428568,1.4691999999999998,1.822857142857143,2.6662857142857144,1.3571428571428572,2.1677714285714287,1.3392000000000002,1.7734857142857143,1.394285714285714,1.6875,2.2357142857142858
51-4111.00,Tool and Die Makers,2.2857142857142856,1.7485714285714289,2.5383142857142857,2.044642857142857,1.7200000000000002,1.8571428571428568,1.1339285714285714,1.3392000000000002,1.9449142857142856,1.9657142857142855,1.8571428571428568,1.9449142857142856,1.837942857142857,1.872228571428572,1.8914285714285717,2.524285714285714,1.3571428571428572,2.205357142857143,1.7734857142857143,1.9085714285714288,1.5357142857142858,2.626442857142857,1.32,2.1228571428571428,1.2857142857142856,1.8057142857142856,1.4249999999999998,1.4464285714285716,1.7012285714285715
51-4121.00,"Welders, Cutters, Solderers, and Brazers",1.8057142857142856,1.28,1.6147428571428573,1.822857142857143,1.3392000000000002,1.5357142857142858,1.0885714285714283,1.2857142857142856,1.8571428571428568,1.4691999999999998,1.7734857142857143,1.6391999999999998,1.4542857142857144,1.5625,1.3125,1.9077714285714285,1.4928571428571429,1.6714285714285717,1.655,1.3571428571428572,1.7385714285714284,1.610742857142857,1.4017857142857142,2.0028571428571427,1.1885714285714286,1.1607142857142858,1.2142857142857144,1.1607142857142858,1.3633142857142857
51-4122.00,"Welding, Soldering, and Brazing Machine Setters, Operators, and Tenders",1.8571428571428568,1.197142857142857,2.5128,1.9085714285714288,1.3008,1.822857142857143,1.0942857142857143,1.268571428571429,1.8571428571428568,1.7734857142857143,1.8571428571428568,1.8571428571428568,1.8571428571428568,1.5785714285714287,1.4628571428571429,2.044642857142857,1.3392000000000002,1.9085714285714288,1.8571428571428568,1.3392000000000002,1.7734857142857143,1.8774285714285712,1.32,1.9085714285714288,1.2142857142857144,1.4542857142857144,1.197142857142857,1.4017857142857142,1.5690714285714285
51-4191.00,"Heat Treating Equipment Setters, Operators, and Tenders, Metal and Plastic",1.9657142857142855,1.5,1.873557142857143,2.205357142857143,1.7734857142857143,1.655,1.16,1.6364285714285711,1.9085714285714288,1.8571428571428568,1.7734857142857143,1.8571428571428568,1.8057142857142856,1.655,1.655,1.9449142857142856,1.5357142857142858,2.044642857142857,2.086428571428572,1.5614285714285714,1.9085714285714288,1.7963999999999998,1.4435714285714285,2.1142857142857143,1.32,1.7036571428571428,1.4906285714285716,1.7036571428571428,1.636342857142857
51-4192.00,"Layout Workers, Metal and Plastic",1.9285714285714288,1.872228571428572,2.591928571428572,1.9449142857142856,1.9449142857142856,1.822857142857143,1.0135714285714286,1.32,2.0028571428571427,1.9085714285714288,1.8571428571428568,1.8914285714285717,1.822857142857143,1.625,1.655,2.524285714285714,1.5357142857142858,2.0608,1.9449142857142856,1.5,1.9085714285714288,2.550628571428572,1.3785714285714286,2.1607142857142856,1.2857142857142856,1.6714285714285717,1.8571428571428568,1.6171428571428572,2.122371428571429
51-4193.00,"Plating Machine Setters, Operators, and Tenders, Metal and Plastic",1.8571428571428568,1.197142857142857,2.2288,1.8571428571428568,1.197142857142857,1.5207142857142857,1.268571428571429,1.3785714285714286,1.8571428571428568,1.8057142857142856,1.8571428571428568,1.7857142857142856,1.872228571428572,1.7857142857142856,1.3392000000000002,1.5357142857142858,1.4179428571428572,1.8571428571428568,1.8571428571428568,1.32,1.8571428571428568,2.065,1.32,1.9642857142857144,1.2142857142857144,1.7200000000000002,1.2142857142857144,1.655,1.8114285714285716
51-4194.00,"Tool Grinders, Filers, and Sharpeners",1.8571428571428568,1.7734857142857143,1.8657142857142857,2.105,1.7200000000000002,1.7385714285714284,1.0020571428571428,1.51,1.8571428571428568,1.9085714285714288,1.7036571428571428,1.9257142857142855,1.8057142857142856,1.655,1.655,2.1492,1.5508,1.8571428571428568,2.0028571428571427,1.68,2.0028571428571427,2.5405,1.51,2.02,1.4542857142857144,1.51,1.7734857142857143,1.4821428571428572,1.3450857142857142
51-5111.00,Prepress Technicians and Workers,1.9449142857142856,1.3571428571428572,3.3609714285714287,1.822857142857143,1.2857142857142856,1.822857142857143,1.077942857142857,1.4435714285714285,1.8571428571428568,1.9085714285714288,1.9642857142857144,1.9085714285714288,1.8571428571428568,1.8328571428571427,1.8057142857142856,2.044642857142857,1.302857142857143,1.9085714285714288,1.822857142857143,1.28,1.822857142857143,2.705,1.24,2.0028571428571427,1.2857142857142856,1.8057142857142856,1.25,1.7734857142857143,2.2948000000000004
51-5112.00,Printing Press Operators,1.8571428571428568,1.2857142857142856,2.470285714285714,1.9449142857142856,1.32,1.822857142857143,1.0,1.3392000000000002,1.9449142857142856,1.9085714285714288,1.8571428571428568,1.9449142857142856,1.9449142857142856,1.9085714285714288,1.7734857142857143,1.9449142857142856,1.4821428571428572,1.9449142857142856,1.8571428571428568,1.5357142857142858,1.822857142857143,3.2642857142857142,1.3392000000000002,2.0608,1.32,1.75,1.2857142857142856,1.5165142857142857,2.9457142857142857
51-5113.00,Print Binding and Finishing Workers,1.8057142857142856,1.25,1.8584,1.872228571428572,1.3392000000000002,1.822857142857143,1.0020571428571428,1.6171428571428572,1.9257142857142855,1.872228571428572,1.872228571428572,1.9642857142857144,1.872228571428572,1.7036571428571428,1.51,2.086428571428572,1.5892857142857142,1.9285714285714288,1.837942857142857,1.4821428571428572,1.837942857142857,2.4190000000000005,1.4435714285714285,2.071428571428572,1.4179428571428572,1.7385714285714284,1.302857142857143,1.655,1.4813714285714286
51-6011.00,Laundry and Dry-Cleaning Workers,1.655,1.0992,1.245142857142857,1.595,1.077942857142857,1.4435714285714285,1.0,1.3785714285714286,1.6875,1.5625,1.625,1.625,1.5300000000000002,1.6391999999999998,1.4906285714285716,1.394285714285714,1.3571428571428572,1.6391999999999998,1.4179428571428572,1.12,1.4435714285714285,2.221942857142857,1.25,1.7036571428571428,1.1607142857142858,1.2857142857142856,1.0992,1.3392000000000002,1.6598428571428572
51-6021.00,"Pressers, Textile, Garment, and Related Materials",1.4017857142857142,1.0549142857142857,1.6128571428571428,1.4821428571428572,1.0664285714285715,1.3125,1.0,1.1071428571428572,1.4542857142857144,1.22,1.4179428571428572,1.4821428571428572,1.25,1.4285714285714286,1.24,1.32,1.0549142857142857,1.4542857142857144,1.4017857142857142,1.16,1.3808,2.108928571428572,1.1106285714285715,1.4906285714285716,1.1106285714285715,1.157142857142857,1.0549142857142857,1.1607142857142858,1.8526
51-6031.00,Sewing Machine Operators,1.7734857142857143,1.231428571428571,1.6061714285714286,1.6714285714285717,1.268571428571429,1.5300000000000002,1.0,1.32,1.7857142857142856,1.5785714285714287,1.5693714285714286,1.5300000000000002,1.4906285714285716,1.5300000000000002,1.3008,1.8571428571428568,1.302857142857143,1.7934857142857146,1.7036571428571428,1.0535714285714286,1.655,1.9081428571428571,1.2857142857142856,1.7857142857142856,1.1257142857142857,1.268571428571429,1.231428571428571,1.2857142857142856,1.2605142857142857
51-6041.00,Shoe and Leather Workers and Repairers,1.8571428571428568,1.197142857142857,1.5061714285714287,1.7142857142857144,1.157142857142857,1.4179428571428572,1.0,1.077942857142857,1.822857142857143,1.6875,1.68,1.822857142857143,1.604285714285714,1.595,1.4435714285714285,1.8571428571428568,1.2857142857142856,1.8571428571428568,1.3571428571428572,1.231428571428571,1.3785714285714286,1.5728,1.231428571428571,1.8328571428571427,1.0942857142857143,1.3785714285714286,1.197142857142857,1.3392000000000002,1.3405142857142858
51-6042.00,Shoe Machine Operators and Tenders,1.8057142857142856,1.268571428571429,1.8561142857142856,1.8571428571428568,1.268571428571429,1.5785714285714287,1.0020571428571428,1.2208,1.6875,1.7200000000000002,1.6875,1.7142857142857144,1.872228571428572,1.655,1.3008,1.7734857142857143,1.2857142857142856,1.75,1.8571428571428568,1.51,1.6364285714285711,1.917028571428572,1.25,1.822857142857143,1.2208,1.2857142857142856,1.2857142857142856,1.32,1.4324
51-6051.00,"Sewers, Hand",1.9085714285714288,1.25,2.0671142857142857,1.6875,1.302857142857143,1.4906285714285716,1.0,1.2857142857142856,1.5625,1.2857142857142856,1.4435714285714285,1.4542857142857144,1.4821428571428572,1.595,1.394285714285714,1.9842857142857144,1.268571428571429,1.9085714285714288,1.5785714285714287,1.0206285714285714,1.4542857142857144,2.512342857142857,1.2857142857142856,1.6714285714285717,1.2857142857142856,1.268571428571429,1.2857142857142856,1.22,2.1996857142857142
51-6052.00,"Tailors, Dressmakers, and Custom Sewers",1.8571428571428568,1.2036571428571428,2.2192,1.6391999999999998,1.2036571428571428,1.6063428571428573,1.0,1.25,1.6665142857142858,1.7734857142857143,1.6364285714285711,1.8571428571428568,1.6063428571428573,1.872228571428572,1.6063428571428573,2.3906285714285715,1.32,1.8914285714285717,1.4906285714285716,1.268571428571429,1.6364285714285711,2.600742857142857,1.3392000000000002,1.7734857142857143,1.2857142857142856,1.655,1.25,1.4821428571428572,1.7455142857142858
51-6061.00,Textile Bleaching and Dyeing Machine Operators and Tenders,1.8571428571428568,1.4179428571428572,2.539657142857143,1.9085714285714288,1.51,1.4906285714285716,1.0549142857142857,1.2857142857142856,1.872228571428572,1.6875,1.7485714285714289,1.7385714285714284,1.7385714285714284,1.68,1.3392000000000002,1.8571428571428568,1.51,1.9085714285714288,1.9449142857142856,1.4028571428571428,1.8571428571428568,2.169157142857143,1.4285714285714286,1.8571428571428568,1.25,1.4285714285714286,1.4285714285714286,1.5357142857142858,1.8272142857142857
51-6062.00,"Textile Cutting Machine Setters, Operators, and Tenders",1.8571428571428568,1.268571428571429,1.5925714285714283,1.9449142857142856,1.3392000000000002,1.655,1.0,1.2857142857142856,1.8571428571428568,1.6875,1.7036571428571428,1.7385714285714284,1.655,1.7385714285714284,1.4285714285714286,2.0,1.302857142857143,1.9642857142857144,1.8571428571428568,1.4542857142857144,1.8057142857142856,1.9813428571428573,1.3392000000000002,1.9085714285714288,1.32,1.32,1.2857142857142856,1.5207142857142857,1.4795285714285713
51-6063.00,"Textile Knitting and Weaving Machine Setters, Operators, and Tenders",1.6875,1.1428571428571428,2.186514285714286,1.9085714285714288,1.1408,1.4542857142857144,1.0020571428571428,1.28,1.7036571428571428,1.625,1.595,1.604285714285714,1.595,1.5207142857142857,1.2142857142857144,1.8571428571428568,1.3392000000000002,1.7036571428571428,1.7734857142857143,1.3571428571428572,1.595,1.983142857142857,1.2142857142857144,1.9085714285714288,1.16,1.4542857142857144,1.1428571428571428,1.394285714285714,1.6620142857142857
51-6064.00,"Textile Winding, Twisting, and Drawing Out Machine Setters, Operators, and Tenders",1.822857142857143,1.268571428571429,1.5600571428571428,1.9449142857142856,1.2857142857142856,1.4285714285714286,1.0,1.394285714285714,1.7036571428571428,1.4691999999999998,1.595,1.8571428571428568,1.4542857142857144,1.4542857142857144,1.4179428571428572,1.822857142857143,1.3392000000000002,1.7734857142857143,1.8914285714285717,1.3571428571428572,1.822857142857143,1.6290285714285715,1.4691999999999998,1.9085714285714288,1.3008,1.32,1.2857142857142856,1.394285714285714,1.2585142857142857
51-6091.00,"Extruding and Forming Machine Setters, Operators, and Tenders, Synthetic and Glass Fibers",1.8571428571428568,1.3571428571428572,2.2169714285714286,2.0,1.268571428571429,1.7857142857142856,1.0221428571428572,1.3785714285714286,1.9449142857142856,1.8571428571428568,1.9085714285714288,1.8057142857142856,1.7385714285714284,1.822857142857143,1.655,1.8571428571428568,1.822857142857143,1.9449142857142856,1.8914285714285717,1.5207142857142857,1.8571428571428568,1.814,1.3008,2.225714285714286,1.2857142857142856,1.6942857142857144,1.302857142857143,1.6063428571428573,1.5691428571428572
51-6092.00,Fabric and Apparel Patternmakers,2.275,2.1228571428571428,2.558228571428572,2.0028571428571427,1.9085714285714288,1.8571428571428568,1.0020571428571428,1.8571428571428568,2.354914285714286,2.1228571428571428,2.044642857142857,2.327857142857143,1.9842857142857144,1.9642857142857144,1.9085714285714288,2.821428571428571,1.822857142857143,2.4732142857142856,2.0028571428571427,1.0442857142857145,1.9449142857142856,2.496114285714286,1.5785714285714287,2.086428571428572,1.4464285714285716,1.9085714285714288,2.071428571428572,1.822857142857143,1.8217857142857143
51-6093.00,Upholsterers,1.8571428571428568,1.4821428571428572,2.168,1.8571428571428568,1.5357142857142858,1.8571428571428568,1.0178571428571428,1.6875,1.8571428571428568,1.9642857142857144,1.7734857142857143,2.1142857142857143,1.9085714285714288,1.8571428571428568,1.822857142857143,2.4522285714285714,1.467857142857143,1.9449142857142856,1.7385714285714284,1.4906285714285716,1.822857142857143,2.604271428571429,1.4285714285714286,1.9642857142857144,1.2857142857142856,1.4906285714285716,1.5207142857142857,1.5508,2.0757000000000003
51-7011.00,Cabinetmakers and Bench Carpenters,1.822857142857143,1.604285714285714,1.9676714285714283,1.8914285714285717,1.8057142857142856,1.7385714285714284,1.0206285714285714,1.4017857142857142,1.872228571428572,1.9449142857142856,1.822857142857143,1.8571428571428568,1.7036571428571428,1.8571428571428568,1.6875,2.3857142857142857,1.4435714285714285,2.023657142857143,1.822857142857143,1.822857142857143,1.7385714285714284,2.2155,1.5785714285714287,1.9257142857142855,1.3008,1.5625,1.5625,1.4691999999999998,1.7041428571428572
51-7021.00,Furniture Finishers,1.9449142857142856,1.2142857142857144,2.331314285714286,2.0028571428571427,1.25,1.7385714285714284,1.0020571428571428,1.4821428571428572,1.8571428571428568,1.8571428571428568,1.9085714285714288,1.9449142857142856,1.6875,1.822857142857143,1.6875,2.3192,1.3808,1.8914285714285717,1.822857142857143,1.4435714285714285,1.9449142857142856,2.4206857142857143,1.4542857142857144,1.872228571428572,1.2857142857142856,1.4017857142857142,1.2857142857142856,1.4435714285714285,1.6891142857142856
51-7031.00,"Model Makers, Wood",1.9085714285714288,1.5508,2.1714571428571428,1.9285714285714288,1.4179428571428572,1.7200000000000002,1.0549142857142857,1.335714285714286,1.8571428571428568,2.0028571428571427,1.8571428571428568,1.8571428571428568,1.822857142857143,1.7857142857142856,1.655,2.3192,1.6063428571428573,2.0608,1.822857142857143,1.2208,1.8571428571428568,2.7670000000000003,1.3571428571428572,2.02,1.2857142857142856,1.6665142857142858,1.5508,1.6063428571428573,1.6975714285714285
51-7032.00,"Patternmakers, Wood",1.9449142857142856,1.7485714285714289,2.6055,1.9449142857142856,1.8571428571428568,1.9085714285714288,1.0942857142857143,1.32,1.9085714285714288,1.8571428571428568,1.8057142857142856,1.8914285714285717,1.9085714285714288,1.7036571428571428,1.625,2.2471428571428573,1.4928571428571429,2.0028571428571427,1.8571428571428568,1.6875,1.7385714285714284,2.6740000000000004,1.3392000000000002,1.9085714285714288,1.2857142857142856,1.625,1.6875,1.4906285714285716,1.6229714285714285
51-7041.00,"Sawing Machine Setters, Operators, and Tenders, Wood",1.7036571428571428,1.25,1.5500714285714283,1.9449142857142856,1.2142857142857144,1.5207142857142857,1.0089285714285714,1.268571428571429,1.7857142857142856,1.5892857142857142,1.822857142857143,1.7857142857142856,1.5165142857142857,1.595,1.32,1.837942857142857,1.2363428571428572,1.7200000000000002,1.7734857142857143,1.268571428571429,1.6875,1.487142857142857,1.22,1.9257142857142855,1.22,1.3008,1.28,1.147857142857143,1.5258
51-7042.00,"Woodworking Machine Setters, Operators, and Tenders, Except Sawing",1.822857142857143,1.268571428571429,1.6329142857142855,2.096342857142857,1.4928571428571429,1.625,1.0357142857142856,1.3785714285714286,1.822857142857143,1.7734857142857143,1.7385714285714284,1.822857142857143,1.6875,1.5300000000000002,1.4542857142857144,2.1357142857142857,1.467857142857143,1.822857142857143,1.9085714285714288,1.6714285714285717,1.822857142857143,1.6170714285714285,1.625,1.9257142857142855,1.268571428571429,1.25,1.394285714285714,1.22,1.1920285714285714
51-8011.00,Nuclear Power Reactor Operators,1.9842857142857144,1.8914285714285717,3.5428,2.1492,1.6875,2.2767857142857144,1.75,1.8571428571428568,2.596342857142857,2.7142857142857144,2.596342857142857,2.645714285714285,2.662857142857143,2.1492,1.9449142857142856,1.7734857142857143,1.8571428571428568,2.7142857142857144,2.645714285714285,1.0,2.105,2.6548857142857143,1.8057142857142856,2.8363428571428573,1.7200000000000002,2.4522285714285714,1.8057142857142856,2.071428571428572,2.047428571428572
51-8012.00,Power Distributors and Dispatchers,1.8571428571428568,1.7200000000000002,3.1394285714285712,1.8571428571428568,1.7200000000000002,2.044642857142857,1.157142857142857,1.6875,2.524285714285714,2.422142857142857,2.596342857142857,2.4035714285714285,2.354914285714286,1.8571428571428568,1.8571428571428568,1.8571428571428568,1.6063428571428573,2.25,2.023657142857143,1.0407142857142857,1.8571428571428568,2.8044857142857147,1.6875,2.7142857142857144,1.2857142857142856,2.354914285714286,1.7200000000000002,1.9085714285714288,2.2084
51-8013.00,Power Plant Operators,1.8571428571428568,1.2857142857142856,2.2326571428571427,2.096342857142857,1.268571428571429,1.9642857142857144,1.25,1.394285714285714,2.4893714285714283,1.9085714285714288,2.044642857142857,2.4732142857142856,1.9449142857142856,1.7734857142857143,1.8057142857142856,1.8057142857142856,1.8571428571428568,2.086428571428572,2.2471428571428573,1.4906285714285716,1.9085714285714288,2.1618285714285714,1.4542857142857144,2.662857142857143,1.3392000000000002,1.8571428571428568,1.3392000000000002,1.8571428571428568,1.8977
51-8013.03,Biomass Plant Technicians,1.7734857142857143,1.3785714285714286,2.456557142857143,2.023657142857143,1.6875,1.8571428571428568,1.289285714285714,1.8571428571428568,2.0028571428571427,1.9642857142857144,1.9449142857142856,1.9449142857142856,1.8571428571428568,1.8571428571428568,1.8571428571428568,1.9085714285714288,1.822857142857143,2.1492,2.205357142857143,1.5300000000000002,1.7734857142857143,2.031657142857143,1.6875,2.2767857142857144,1.5892857142857142,1.8571428571428568,1.4464285714285716,1.8571428571428568,1.8628714285714287
51-8013.04,Hydroelectric Plant Technicians,1.8571428571428568,1.7734857142857143,2.587857142857143,2.25,1.8914285714285717,1.8571428571428568,1.394285714285714,1.5785714285714287,2.354914285714286,2.125,2.25,2.283657142857143,2.1635714285714283,1.822857142857143,1.8571428571428568,2.105,1.7385714285714284,2.422142857142857,2.3192,1.7200000000000002,1.9449142857142856,2.549042857142857,1.7734857142857143,2.6950857142857143,1.6364285714285711,1.9449142857142856,1.8057142857142856,1.8571428571428568,2.0149
51-8021.00,Stationary Engineers and Boiler Operators,1.9449142857142856,1.3392000000000002,2.888457142857143,1.9842857142857144,1.3392000000000002,1.9449142857142856,1.3785714285714286,1.3392000000000002,2.0028571428571427,1.9449142857142856,2.0028571428571427,2.0028571428571427,1.9449142857142856,1.8571428571428568,1.9449142857142856,1.7734857142857143,1.655,2.0028571428571427,2.205357142857143,1.51,1.7734857142857143,2.847314285714286,1.4435714285714285,2.327857142857143,1.3785714285714286,1.8914285714285717,1.3392000000000002,1.8057142857142856,2.3374714285714284
51-8031.00,Water and Wastewater Treatment Plant and System Operators,1.8057142857142856,1.6364285714285711,2.746942857142857,1.9085714285714288,1.7734857142857143,1.8571428571428568,1.4628571428571429,1.6875,2.071428571428572,2.25,1.9085714285714288,1.8571428571428568,1.8571428571428568,1.8571428571428568,1.7200000000000002,1.8057142857142856,1.6875,1.9085714285714288,1.8571428571428568,1.6063428571428573,1.8571428571428568,2.8613714285714287,1.3392000000000002,2.1357142857142857,1.2857142857142856,1.8571428571428568,1.7200000000000002,1.7200000000000002,2.3569142857142857
51-8091.00,Chemical Plant and System Operators,1.8571428571428568,1.655,2.204,2.4732142857142856,1.6665142857142858,2.0028571428571427,1.7734857142857143,1.7734857142857143,2.4035714285714285,2.1635714285714283,2.096342857142857,2.3392857142857144,2.205357142857143,1.9642857142857144,1.9642857142857144,1.7200000000000002,1.7734857142857143,2.2928571428571427,2.2928571428571427,1.32,1.9085714285714288,1.4978,1.8057142857142856,2.4732142857142856,1.6063428571428573,1.9085714285714288,1.7734857142857143,1.8571428571428568,1.1889142857142858
51-8092.00,Gas Plant Operators,1.822857142857143,1.595,2.8540857142857146,2.1492,1.7734857142857143,1.8571428571428568,1.25,1.655,2.125,2.06,1.9285714285714288,2.1607142857142856,1.9449142857142856,1.8571428571428568,1.8057142857142856,1.8914285714285717,1.822857142857143,1.9842857142857144,2.596342857142857,1.4249999999999998,2.205357142857143,2.3672285714285715,1.6364285714285711,2.4035714285714285,1.36,1.9085714285714288,1.6875,1.8571428571428568,1.9505428571428567
51-8093.00,"Petroleum Pump System Operators, Refinery Operators, and Gaugers",1.9449142857142856,1.7734857142857143,1.9903428571428567,2.2928571428571427,1.6364285714285711,1.9085714285714288,1.25,1.7734857142857143,2.205357142857143,2.023657142857143,2.06,2.0,2.2071428571428573,1.8571428571428568,1.8571428571428568,1.8571428571428568,1.8057142857142856,2.4732142857142856,2.571428571428571,1.4028571428571428,2.4732142857142856,2.179428571428572,1.7200000000000002,2.354914285714286,1.5785714285714287,1.8571428571428568,1.6875,1.8571428571428568,1.5026142857142857
51-8099.01,Biofuels Processing Technicians,2.06,1.7200000000000002,2.5664285714285717,2.2308,1.7734857142857143,1.8057142857142856,1.6714285714285717,1.5892857142857142,2.0608,2.3392857142857144,2.0608,1.9449142857142856,2.3392857142857144,1.8057142857142856,1.7385714285714284,1.8914285714285717,1.872228571428572,2.1492,2.275,1.4821428571428572,1.9842857142857144,2.213457142857143,1.6063428571428573,2.1492,1.6428571428571428,2.0028571428571427,1.75,1.9085714285714288,1.5704
51-9011.00,Chemical Equipment Operators and Tenders,2.071428571428571,1.5300000000000002,2.362057142857143,2.06,1.7734857142857143,1.872228571428572,1.4906285714285716,1.625,2.0028571428571427,2.354914285714286,1.9449142857142856,2.0608,2.1492,1.822857142857143,1.822857142857143,1.8914285714285717,1.7385714285714284,2.19,2.3857142857142857,1.4179428571428572,1.9449142857142856,2.3872,1.6364285714285711,2.524285714285714,1.5207142857142857,2.0028571428571427,1.4928571428571429,1.8571428571428568,1.6973285714285713
51-9012.00,"Separating, Filtering, Clarifying, Precipitating, and Still Machine Setters, Operators, and Tenders",1.8571428571428568,1.4628571428571429,1.8789,1.9085714285714288,1.6063428571428573,1.7734857142857143,1.4285714285714286,1.7200000000000002,1.8571428571428568,1.7734857142857143,1.8571428571428568,1.9085714285714288,1.822857142857143,1.822857142857143,1.7734857142857143,1.8571428571428568,1.5892857142857142,2.02,2.327857142857143,1.3706285714285715,1.9449142857142856,1.8688857142857145,1.51,2.1607142857142856,1.4928571428571429,1.6665142857142858,1.4906285714285716,1.7734857142857143,1.3846285714285715
51-9021.00,"Crushing, Grinding, and Polishing Machine Setters, Operators, and Tenders",1.8914285714285717,1.3571428571428572,1.9796,1.8914285714285717,1.4691999999999998,1.7385714285714284,1.1885714285714286,1.5357142857142858,1.8571428571428568,1.8571428571428568,1.8571428571428568,1.8057142857142856,1.8571428571428568,1.822857142857143,1.655,1.8914285714285717,1.6665142857142858,1.8057142857142856,1.9449142857142856,1.3808,1.9085714285714288,1.9644285714285716,1.5207142857142857,1.9642857142857144,1.2857142857142856,1.5207142857142857,1.4179428571428572,1.7734857142857143,1.5370285714285714
51-9022.00,"Grinding and Polishing Workers, Hand",1.8571428571428568,1.1785714285714286,3.783,1.872228571428572,1.28,1.625,1.0042857142857142,1.32,1.7036571428571428,1.6875,1.6063428571428573,1.7036571428571428,1.655,1.625,1.4435714285714285,1.822857142857143,1.5357142857142858,1.9085714285714288,1.822857142857143,1.4906285714285716,1.7857142857142856,3.585814285714286,1.32,1.872228571428572,1.268571428571429,1.5357142857142858,1.231428571428571,1.4435714285714285,2.667714285714286
51-9023.00,"Mixing and Blending Machine Setters, Operators, and Tenders",1.9842857142857144,1.2857142857142856,1.8184,1.9449142857142856,1.4435714285714285,1.595,1.22,1.5508,1.8914285714285717,1.9085714285714288,1.8571428571428568,1.872228571428572,1.9085714285714288,1.9085714285714288,1.625,1.5207142857142857,1.6714285714285717,1.9449142857142856,1.9449142857142856,1.32,1.7036571428571428,2.4571428571428573,1.3785714285714286,1.9449142857142856,1.2857142857142856,1.7036571428571428,1.32,1.655,1.8015714285714288
51-9031.00,"Cutters and Trimmers, Hand",1.822857142857143,1.1428571428571428,1.645857142857143,1.8057142857142856,1.16,1.4542857142857144,1.0,1.231428571428571,1.655,1.655,1.6063428571428573,1.4906285714285716,1.655,1.7036571428571428,1.32,1.5508,1.2857142857142856,1.9085714285714288,1.5207142857142857,1.0020571428571428,1.51,1.7985714285714285,1.1785714285714286,1.655,1.197142857142857,1.3571428571428572,1.1785714285714286,1.3392000000000002,1.3209142857142857
51-9032.00,"Cutting and Slicing Machine Setters, Operators, and Tenders",1.872228571428572,1.4285714285714286,1.8351428571428572,2.044642857142857,1.4906285714285716,1.7385714285714284,1.0357142857142856,1.3008,1.9257142857142855,1.9085714285714288,1.822857142857143,1.822857142857143,1.872228571428572,1.595,1.4628571428571429,2.1492,1.3392000000000002,2.0028571428571427,1.9842857142857144,1.4906285714285716,1.7734857142857143,1.8043428571428568,1.595,2.0779428571428573,1.32,1.7036571428571428,1.394285714285714,1.394285714285714,1.4943428571428572
51-9041.00,"Extruding, Forming, Pressing, and Compacting Machine Setters, Operators, and Tenders",1.9085714285714288,1.3125,2.233942857142857,2.023657142857143,1.32,1.7385714285714284,1.0803571428571428,1.32,1.872228571428572,1.872228571428572,1.822857142857143,1.7857142857142856,1.7857142857142856,1.5625,1.4906285714285716,2.096342857142857,1.5357142857142858,2.0028571428571427,2.4732142857142856,1.4179428571428572,1.6875,1.844142857142857,1.3706285714285715,1.9792,1.268571428571429,1.4906285714285716,1.32,1.595,1.577342857142857
51-9051.00,"Furnace, Kiln, Oven, Drier, and Kettle Operators and Tenders",1.8057142857142856,1.2857142857142856,2.448485714285714,1.9842857142857144,1.3571428571428572,1.5165142857142857,1.1408,1.24,1.822857142857143,2.0608,1.822857142857143,1.9085714285714288,1.9085714285714288,1.4179428571428572,1.4691999999999998,1.3785714285714286,1.3571428571428572,1.9085714285714288,1.9285714285714288,1.062857142857143,1.4464285714285716,2.2614714285714284,1.12,2.1677714285714287,1.1339285714285714,1.7385714285714284,1.24,1.6063428571428573,1.736357142857143
51-9061.00,"Inspectors, Testers, Sorters, Samplers, and Weighers",1.9085714285714288,1.51,2.724142857142857,1.8571428571428568,1.5785714285714287,1.7385714285714284,1.0885714285714283,1.302857142857143,1.8571428571428568,2.023657142857143,1.8057142857142856,2.044642857142857,1.9085714285714288,1.7857142857142856,1.4691999999999998,1.8571428571428568,1.4435714285714285,1.9085714285714288,2.105,1.1785714285714286,2.0028571428571427,2.2716000000000003,1.3571428571428572,2.0028571428571427,1.32,1.8057142857142856,1.3785714285714286,2.0028571428571427,1.5315571428571428
51-9071.00,Jewelers and Precious Stone and Metal Workers,1.9449142857142856,1.25,2.394357142857143,1.75,1.25,1.5785714285714287,1.0135714285714286,1.4249999999999998,1.8571428571428568,1.8057142857142856,1.8057142857142856,2.0,1.7200000000000002,1.6063428571428573,1.5677714285714286,1.9842857142857144,1.4179428571428572,1.8914285714285717,1.51,1.231428571428571,1.8125,2.732285714285714,1.3214285714285714,1.8571428571428568,1.268571428571429,1.6665142857142858,1.3392000000000002,1.5892857142857142,1.9571428571428573
51-9071.06,Gem and Diamond Workers,2.06,1.655,1.990628571428572,1.7485714285714289,1.7200000000000002,1.655,1.0336571428571428,1.3785714285714286,1.9449142857142856,1.837942857142857,1.837942857142857,1.8914285714285717,1.7734857142857143,1.51,1.5614285714285714,1.9657142857142855,1.3571428571428572,1.7857142857142856,1.6875,1.5785714285714287,2.1357142857142857,2.095285714285714,1.5165142857142857,1.9257142857142855,1.2036571428571428,1.5892857142857142,1.7036571428571428,1.6665142857142858,1.4280285714285714
51-9081.00,Dental Laboratory Technicians,1.9085714285714288,1.2857142857142856,3.0277142857142856,2.044642857142857,1.3214285714285714,1.822857142857143,1.24,1.8057142857142856,1.9792,1.9257142857142855,1.822857142857143,2.086428571428572,2.02,1.9642857142857144,1.8571428571428568,2.4035714285714285,1.4691999999999998,2.105,1.8571428571428568,1.4691999999999998,1.8914285714285717,2.8708857142857145,1.3785714285714286,2.02,1.32,1.595,1.302857142857143,1.7734857142857143,2.375
51-9082.00,Medical Appliance Technicians,1.8571428571428568,1.7385714285714284,2.3274285714285714,1.822857142857143,1.7200000000000002,2.02,1.2036571428571428,1.7734857142857143,2.422142857142857,2.0028571428571427,2.1142857142857143,2.375,2.354914285714286,1.8914285714285717,1.8571428571428568,2.4732142857142856,1.7734857142857143,2.1677714285714287,1.7036571428571428,1.655,1.8057142857142856,2.746942857142857,1.5207142857142857,2.4893714285714283,1.4435714285714285,1.8571428571428568,1.7200000000000002,1.8571428571428568,1.8699142857142856
51-9083.00,Ophthalmic Laboratory Technicians,1.822857142857143,1.32,2.1188285714285717,1.9449142857142856,1.36,1.5785714285714287,1.0942857142857143,1.51,2.02,1.8571428571428568,1.6714285714285717,1.822857142857143,1.822857142857143,1.8328571428571427,1.625,1.9449142857142856,1.3785714285714286,1.9085714285714288,1.822857142857143,1.5785714285714287,1.7857142857142856,2.060828571428572,1.3571428571428572,1.9642857142857144,1.268571428571429,1.604285714285714,1.36,1.655,1.670057142857143
51-9111.00,Packaging and Filling Machine Operators and Tenders,1.8057142857142856,1.3392000000000002,2.3623000000000003,1.8571428571428568,1.32,1.5300000000000002,1.0,1.36,1.7734857142857143,1.8057142857142856,1.7385714285714284,1.604285714285714,1.7734857142857143,1.6391999999999998,1.4179428571428572,1.822857142857143,1.7385714285714284,1.8571428571428568,1.9085714285714288,1.25,1.8571428571428568,2.2382285714285715,1.3392000000000002,1.872228571428572,1.2857142857142856,1.6665142857142858,1.32,1.5207142857142857,1.7354285714285718
51-9123.00,"Painting, Coating, and Decorating Workers",1.5357142857142858,1.16,1.9320857142857144,1.4542857142857144,1.1408,1.32,1.0,1.2857142857142856,1.6875,1.7036571428571428,1.6875,1.655,1.5625,1.5508,1.32,1.3785714285714286,1.302857142857143,1.6391999999999998,1.302857142857143,1.1107142857142858,1.3785714285714286,1.6994285714285715,1.2208,1.7485714285714289,1.16,1.3008,1.16,1.335714285714286,1.7419857142857142
51-9124.00,"Coating, Painting, and Spraying Machine Setters, Operators, and Tenders",1.7734857142857143,1.268571428571429,2.344,1.8571428571428568,1.268571428571429,1.7036571428571428,1.0020571428571428,1.5508,1.7857142857142856,1.7200000000000002,1.7385714285714284,1.7200000000000002,1.6063428571428573,1.6391999999999998,1.4821428571428572,1.9449142857142856,1.34,1.8571428571428568,1.9449142857142856,1.7036571428571428,1.9449142857142856,2.3020428571428573,1.4435714285714285,1.7857142857142856,1.2857142857142856,1.5207142857142857,1.2857142857142856,1.3571428571428572,1.7154714285714283
51-9141.00,Semiconductor Processing Technicians,1.8057142857142856,1.268571428571429,2.6473714285714287,1.75,1.22,1.6875,1.157142857142857,1.3571428571428572,2.0060714285714285,2.2071428571428573,1.9642857142857144,1.9792,2.1492,1.6875,1.4821428571428572,1.8571428571428568,1.3803571428571428,1.9889285714285716,1.894285714285714,1.4179428571428572,1.6575,2.9658571428571427,1.2328571428571429,1.9128571428571428,1.4249999999999998,2.028485714285714,1.25,1.655,1.567857142857143
51-9151.00,Photographic Process Workers and Processing Machine Operators,1.8914285714285717,1.4435714285714285,2.5832571428571427,2.0028571428571427,1.3214285714285714,1.8328571428571427,1.0885714285714283,1.6171428571428572,2.0028571428571427,2.0608,1.9449142857142856,1.9449142857142856,2.044642857142857,1.822857142857143,1.7734857142857143,1.9085714285714288,1.7734857142857143,2.0028571428571427,1.9085714285714288,1.655,1.9642857142857144,2.9363,1.51,1.9449142857142856,1.542142857142857,1.822857142857143,1.4821428571428572,1.7200000000000002,1.658
51-9161.00,Computer Numerically Controlled Tool Operators,1.9449142857142856,1.75,2.3183857142857143,2.06,1.7200000000000002,1.9085714285714288,1.0992,1.6364285714285711,1.9085714285714288,1.8571428571428568,1.8571428571428568,2.354914285714286,1.9077714285714285,1.822857142857143,1.7734857142857143,2.205357142857143,1.6875,2.265085714285714,2.0028571428571427,1.6875,1.9449142857142856,2.4212,1.8571428571428568,2.354914285714286,1.6875,1.8057142857142856,1.8571428571428568,1.6665142857142858,1.7955
51-9162.00,Computer Numerically Controlled Tool Programmers,1.9449142857142856,2.2928571428571427,2.9820571428571427,1.9449142857142856,2.023657142857143,1.9449142857142856,1.1885714285714286,1.6063428571428573,2.0,2.071428571428571,1.8571428571428568,2.0,2.0342857142857143,1.8571428571428568,1.9077714285714285,2.1750857142857143,1.655,2.596342857142857,2.178571428571429,1.6665142857142858,1.8057142857142856,2.645428571428571,1.7734857142857143,2.283657142857143,1.5892857142857142,1.8914285714285717,1.8571428571428568,1.8057142857142856,2.015142857142857
51-9191.00,Adhesive Bonding Machine Operators and Tenders,1.9085714285714288,1.4285714285714286,1.8009142857142857,1.9842857142857144,1.51,1.625,1.0357142857142856,1.3785714285714286,1.8328571428571427,1.9085714285714288,1.7857142857142856,1.7385714285714284,1.7142857142857144,1.822857142857143,1.5508,1.9449142857142856,1.5625,1.9085714285714288,2.0028571428571427,1.3392000000000002,1.7857142857142856,2.4625142857142857,1.3571428571428572,2.02,1.28,1.5625,1.4179428571428572,1.5625,1.4992
51-9192.00,"Cleaning, Washing, and Metal Pickling Equipment Operators and Tenders",1.7857142857142856,1.197142857142857,2.2206,1.7385714285714284,1.16,1.4542857142857144,1.0442857142857145,1.3785714285714286,1.595,1.4464285714285716,1.595,1.5693714285714286,1.5625,1.6714285714285717,1.3392000000000002,1.4691999999999998,1.4435714285714285,1.8328571428571427,1.9085714285714288,1.157142857142857,1.4435714285714285,2.1322,1.32,1.6714285714285717,1.25,1.3785714285714286,1.197142857142857,1.4249999999999998,1.6612
51-9193.00,Cooling and Freezing Equipment Operators and Tenders,1.822857142857143,1.4691999999999998,2.2648,1.8728571428571428,1.4691999999999998,2.071428571428572,1.0942857142857143,1.51,2.071428571428572,1.8571428571428568,1.8571428571428568,2.216428571428572,1.8571428571428568,1.8571428571428568,1.8914285714285717,1.78,1.4435714285714285,1.8571428571428568,2.125,1.6875,1.6875,2.3302714285714288,1.4017857142857142,2.1677714285714287,1.36,1.7857142857142856,1.625,1.7734857142857143,1.7519714285714287
51-9194.00,Etchers and Engravers,1.8571428571428568,1.268571428571429,2.1860714285714287,1.9642857142857144,1.25,1.5207142857142857,1.0042857142857142,1.3571428571428572,1.8571428571428568,1.8571428571428568,1.822857142857143,1.8914285714285717,1.872228571428572,1.6875,1.4435714285714285,1.9449142857142856,1.3392000000000002,1.8914285714285717,1.7385714285714284,1.4017857142857142,1.655,2.618257142857143,1.268571428571429,1.9085714285714288,1.32,1.6665142857142858,1.2857142857142856,1.4017857142857142,1.9827
51-9195.00,"Molders, Shapers, and Casters, Except Metal and Plastic",1.7385714285714284,1.1885714285714286,2.079742857142857,1.8328571428571427,1.2142857142857144,1.4542857142857144,1.0,1.28,1.7485714285714289,1.8057142857142856,1.7857142857142856,1.6063428571428573,1.7036571428571428,1.6063428571428573,1.4249999999999998,1.837942857142857,1.5785714285714287,1.9657142857142855,1.7200000000000002,1.335714285714286,1.6364285714285711,2.2000857142857138,1.3008,1.7036571428571428,1.2857142857142856,1.6063428571428573,1.28,1.5785714285714287,1.5104
51-9195.03,"Stone Cutters and Carvers, Manufacturing",1.9085714285714288,1.2464285714285714,2.5552857142857146,1.9449142857142856,1.289285714285714,1.595,1.0206285714285714,1.4017857142857142,1.8328571428571427,1.7734857142857143,1.7857142857142856,1.822857142857143,1.7734857142857143,1.5693714285714286,1.4285714285714286,2.044642857142857,1.289285714285714,1.872228571428572,1.595,1.345,1.6063428571428573,2.9611428571428577,1.157142857142857,1.9085714285714288,1.2464285714285714,1.3125,1.2678571428571428,1.4017857142857142,1.9022285714285712
51-9195.04,"Glass Blowers, Molders, Benders, and Finishers",1.8571428571428568,1.4906285714285716,1.6589857142857145,2.25,1.4906285714285716,1.6875,1.1339285714285714,1.5508,1.7734857142857143,1.8057142857142856,1.7734857142857143,1.8571428571428568,1.8571428571428568,1.655,1.7734857142857143,2.4522285714285714,1.7385714285714284,1.8571428571428568,2.0608,1.4435714285714285,1.7385714285714284,1.2658857142857145,1.32,1.8571428571428568,1.4179428571428572,1.6063428571428573,1.51,1.6063428571428573,1.2185714285714286
51-9195.05,"Potters, Manufacturing",1.9449142857142856,1.2142857142857144,1.5882857142857143,1.9085714285714288,1.28,1.4906285714285716,1.0442857142857145,1.147857142857143,1.9449142857142856,1.8057142857142856,1.8571428571428568,1.8914285714285717,1.7200000000000002,1.4691999999999998,1.302857142857143,2.4035714285714285,1.4179428571428572,1.9449142857142856,1.6875,1.0664285714285715,1.625,2.5037714285714285,1.1885714285714286,1.8914285714285717,1.2036571428571428,1.6665142857142858,1.197142857142857,1.5165142857142857,2.105442857142857
51-9196.00,"Paper Goods Machine Setters, Operators, and Tenders",1.837942857142857,1.2142857142857144,2.0846285714285715,1.9449142857142856,1.32,1.6391999999999998,1.0,1.302857142857143,1.7857142857142856,1.7200000000000002,1.7385714285714284,1.822857142857143,1.5625,1.7485714285714289,1.604285714285714,1.7200000000000002,1.625,1.9085714285714288,1.7200000000000002,1.4017857142857142,1.7385714285714284,2.172028571428571,1.268571428571429,1.8839285714285712,1.2142857142857144,1.4821428571428572,1.28,1.3785714285714286,1.5997714285714286
51-9197.00,Tire Builders,1.51,1.16,2.3668,1.9449142857142856,1.1408,1.3571428571428572,1.0,1.268571428571429,1.7036571428571428,1.4821428571428572,1.6714285714285717,1.7142857142857144,1.3785714285714286,1.5625,1.25,1.7734857142857143,1.231428571428571,1.625,1.625,1.1408,1.5785714285714287,2.5816285714285714,1.16,1.7485714285714289,1.1785714285714286,1.268571428571429,1.1785714285714286,1.25,1.773257142857143
51-9198.00,Helpers--Production Workers,1.7385714285714284,1.231428571428571,1.9267714285714288,1.7385714285714284,1.25,1.3571428571428572,1.0089285714285714,1.268571428571429,1.7036571428571428,1.604285714285714,1.6875,1.5625,1.5207142857142857,1.335714285714286,1.268571428571429,1.655,1.3571428571428572,1.7934857142857146,1.8571428571428568,1.2142857142857144,1.3785714285714286,1.8338285714285716,1.28,1.8328571428571427,1.16,1.2857142857142856,1.25,1.2036571428571428,1.387514285714286
53-1041.00,Aircraft Cargo Handling Supervisors,1.9085714285714288,1.7734857142857143,3.0262,2.25,1.822857142857143,1.872228571428572,1.0357142857142856,2.2928571428571427,2.1677714285714287,1.9085714285714288,1.9085714285714288,2.375,1.9642857142857144,2.31,1.822857142857143,2.1635714285714283,2.0028571428571427,2.0028571428571427,2.0608,1.2036571428571428,2.0028571428571427,3.0545571428571425,1.8571428571428568,2.44,1.51,1.872228571428572,1.8057142857142856,1.9842857142857144,2.505171428571429
53-1042.00,"First-Line Supervisors of Helpers, Laborers, and Material Movers, Hand",1.8571428571428568,1.3785714285714286,2.8040000000000003,1.9085714285714288,1.3785714285714286,2.02,1.0271428571428571,1.9285714285714288,2.4035714285714285,2.4732142857142856,2.0608,2.2308,2.06,2.2308,1.75,1.8057142857142856,1.7734857142857143,2.023657142857143,1.51,1.12,1.6063428571428573,2.871842857142857,1.4542857142857144,2.2928571428571427,1.32,1.9842857142857144,1.4691999999999998,1.9449142857142856,2.341057142857143
53-1042.01,Recycling Coordinators,1.9257142857142855,1.625,2.9520428571428576,1.7934857142857146,1.5892857142857142,1.7857142857142856,1.0089285714285714,1.8571428571428568,2.216428571428572,2.105,2.0608,2.31,2.25,2.354914285714286,1.9449142857142856,1.3785714285714286,1.51,2.1142857142857143,1.51,1.0135714285714286,1.655,3.943385714285714,1.3785714285714286,2.02,1.3571428571428572,1.9842857142857144,1.655,1.9449142857142856,3.624657142857143
53-1043.00,First-Line Supervisors of Material-Moving Machine and Vehicle Operators,1.9085714285714288,1.7385714285714284,2.8321571428571426,1.9085714285714288,1.5625,2.2071428571428573,1.0089285714285714,1.9449142857142856,2.4035714285714285,2.524285714285714,2.071428571428572,2.354914285714286,2.4035714285714285,2.662857142857143,1.9449142857142856,1.8057142857142856,1.8571428571428568,2.19,1.7734857142857143,1.077942857142857,1.9085714285714288,3.077642857142857,1.6875,2.4732142857142856,1.3785714285714286,2.3392857142857144,1.7857142857142856,2.2308,2.5846
53-2011.00,"Airline Pilots, Copilots, and Flight Engineers",1.9657142857142855,1.9449142857142856,3.6565,2.765714285714286,2.06,2.354914285714286,1.6875,1.8914285714285717,2.9522285714285714,2.765714285714286,2.821428571428571,2.8363428571428573,2.6950857142857143,2.596342857142857,2.6185714285714288,2.36,2.821428571428571,2.765714285714286,2.894285714285714,1.0,2.765714285714286,2.5372,2.36,3.678571428571429,1.9449142857142856,1.9842857142857144,2.1635714285714283,1.9842857142857144,1.5196857142857143
53-2012.00,Commercial Pilots,1.9449142857142856,1.8057142857142856,3.573,2.7142857142857144,1.7200000000000002,2.354914285714286,1.6364285714285711,2.06,2.7142857142857144,2.645714285714285,2.7142857142857144,2.7142857142857144,2.6185714285714288,1.8571428571428568,2.4971428571428573,2.086428571428572,2.4971428571428573,2.7142857142857144,2.782857142857143,1.062857142857143,2.3857142857142857,3.8211714285714287,2.06,3.1750857142857143,1.5614285714285714,2.275,1.6364285714285711,1.8571428571428568,2.5021714285714287
53-2021.00,Air Traffic Controllers,2.4971428571428573,1.9449142857142856,3.4746714285714293,3.44,1.8057142857142856,2.928571428571429,1.1607142857142858,2.023657142857143,3.1149142857142853,2.596342857142857,2.8571428571428568,2.8363428571428573,2.571428571428571,2.25,2.4732142857142856,2.607142857142857,3.504914285714286,2.765714285714286,2.9522285714285714,1.0089285714285714,3.0892857142857144,3.0868857142857142,3.265714285714286,3.475,1.8571428571428568,2.1492,1.9285714285714288,1.9449142857142856,1.6076285714285712
53-2022.00,Airfield Operations Specialists,1.9449142857142856,1.5508,3.429142857142857,2.086428571428572,1.3392000000000002,2.105,1.0664285714285715,1.8914285714285717,2.782857142857143,2.7142857142857144,2.375,2.524285714285714,2.571428571428571,1.9085714285714288,2.044642857142857,1.8571428571428568,1.8571428571428568,2.4035714285714285,2.0028571428571427,1.0089285714285714,2.0028571428571427,3.0203714285714285,1.7385714285714284,2.894285714285714,1.3785714285714286,2.4035714285714285,1.3785714285714286,2.105,2.178571428571429
53-2031.00,Flight Attendants,1.8571428571428568,1.268571428571429,2.532142857142857,1.9449142857142856,1.268571428571429,1.7036571428571428,1.0271428571428571,1.5625,2.354914285714286,1.8571428571428568,1.9842857142857144,2.096342857142857,2.06,1.9085714285714288,1.9085714285714288,1.32,1.7734857142857143,1.9642857142857144,1.9449142857142856,1.0,1.7857142857142856,2.2685714285714287,1.6875,2.524285714285714,1.32,1.7734857142857143,1.32,1.822857142857143,1.9097857142857144
53-3011.00,"Ambulance Drivers and Attendants, Except Emergency Medical Technicians",1.8571428571428568,1.197142857142857,2.713914285714286,1.8571428571428568,1.231428571428571,1.7385714285714284,1.0549142857142857,1.4179428571428572,2.1635714285714283,1.9449142857142856,1.9449142857142856,2.071428571428572,1.9449142857142856,1.7036571428571428,1.9085714285714288,1.7734857142857143,1.9449142857142856,1.9085714285714288,1.8914285714285717,1.1428571428571428,1.8571428571428568,2.1914571428571428,1.6875,2.5428571428571427,1.268571428571429,1.8057142857142856,1.2000000000000002,1.7734857142857143,1.7895142857142858
53-3031.00,Driver/Sales Workers,1.8571428571428568,1.375,1.4962285714285717,1.7036571428571428,1.4350857142857143,1.822857142857143,1.0,1.268571428571429,1.8571428571428568,1.8571428571428568,1.822857142857143,2.023657142857143,1.8571428571428568,1.7857142857142856,1.5300000000000002,1.3785714285714286,1.655,1.8571428571428568,1.7385714285714284,1.0,1.5300000000000002,2.267257142857143,1.2857142857142856,1.9085714285714288,1.32,1.8057142857142856,1.4350857142857143,1.75,1.6039
53-3032.00,Heavy and Tractor-Trailer Truck Drivers,1.8571428571428568,1.268571428571429,1.9438285714285717,2.0028571428571427,1.268571428571429,1.5785714285714287,1.0,1.25,1.9085714285714288,1.8571428571428568,1.7734857142857143,1.822857142857143,1.8571428571428568,1.8571428571428568,1.4542857142857144,1.8571428571428568,1.8571428571428568,1.822857142857143,1.7734857142857143,1.3008,1.7857142857142856,1.870228571428572,1.4435714285714285,2.1228571428571428,1.268571428571429,1.4542857142857144,1.2857142857142856,1.655,1.5428000000000002
53-3033.00,Light Truck Drivers,1.7036571428571428,1.32,2.5824285714285717,1.7734857142857143,1.3785714285714286,1.5207142857142857,1.0020571428571428,1.231428571428571,1.872228571428572,1.8571428571428568,1.7485714285714289,1.7857142857142856,1.9085714285714288,1.7485714285714289,1.32,1.7385714285714284,1.7200000000000002,1.822857142857143,1.7485714285714289,1.1071428571428572,1.4179428571428572,2.3569142857142857,1.32,1.9257142857142855,1.25,1.5625,1.32,1.625,1.9337142857142855
53-3051.00,"Bus Drivers, School",1.5357142857142858,1.1885714285714286,1.9776,1.9449142857142856,1.147857142857143,1.5165142857142857,1.0,1.4179428571428572,1.822857142857143,1.75,1.7385714285714284,1.935,1.8571428571428568,1.7036571428571428,1.4821428571428572,1.6063428571428573,1.9842857142857144,1.9449142857142856,1.7734857142857143,1.0020571428571428,1.655,2.0128857142857144,1.6875,2.071428571428572,1.4928571428571429,1.6875,1.3571428571428572,1.6364285714285711,2.0131
53-3052.00,"Bus Drivers, Transit and Intercity",1.4285714285714286,1.16,2.2722857142857142,2.105,1.25,1.3193714285714284,1.0,1.28,1.6428571428571428,1.7571428571428571,1.5625,1.8328571428571427,1.595,1.8328571428571427,1.4628571428571429,1.5625,2.044642857142857,1.7485714285714289,1.7734857142857143,1.0206285714285714,1.604285714285714,1.7309714285714286,1.4542857142857144,2.071428571428572,1.4285714285714286,1.5,1.1785714285714286,1.4542857142857144,1.624857142857143
53-3053.00,Shuttle Drivers and Chauffeurs,1.6364285714285711,1.1607142857142858,2.6719285714285714,1.9257142857142855,1.1885714285714286,1.4691999999999998,1.0,1.3785714285714286,1.872228571428572,1.7734857142857143,1.8328571428571427,1.9257142857142855,1.7385714285714284,1.7036571428571428,1.5508,1.394285714285714,1.9449142857142856,1.872228571428572,1.7857142857142856,1.0885714285714283,1.6875,2.345485714285714,1.4435714285714285,1.9792,1.5165142857142857,1.5785714285714287,1.394285714285714,1.5892857142857142,2.258928571428571
53-4011.00,Locomotive Engineers,1.6875,1.4821428571428572,2.092,2.7142857142857144,1.5614285714285714,1.9085714285714288,1.0206285714285714,1.8057142857142856,2.0028571428571427,2.0028571428571427,2.1142857142857143,2.1677714285714287,2.19,1.8328571428571427,1.9085714285714288,1.8571428571428568,2.125,2.216428571428572,2.4732142857142856,1.0535714285714286,2.31,2.013257142857143,1.7734857142857143,2.3906285714285715,1.4017857142857142,1.7857142857142856,1.5357142857142858,1.822857142857143,1.956728571428572
53-4013.00,"Rail Yard Engineers, Dinkey Operators, and Hostlers",1.7734857142857143,1.2857142857142856,2.7706,2.105,1.394285714285714,2.0608,1.0357142857142856,1.625,2.0028571428571427,1.8914285714285717,1.8571428571428568,1.9642857142857144,1.9449142857142856,1.9085714285714288,1.7857142857142856,1.9842857142857144,1.8571428571428568,1.9085714285714288,1.9449142857142856,1.5,1.9449142857142856,2.7078857142857142,1.6364285714285711,2.765714285714286,1.3392000000000002,1.655,1.2857142857142856,1.6714285714285717,2.1226285714285718
53-4022.00,"Railroad Brake, Signal, and Switch Operators and Locomotive Firers",1.7036571428571428,1.25,2.626385714285714,1.8571428571428568,1.28,1.7200000000000002,1.0,1.5785714285714287,2.0028571428571427,2.044642857142857,1.9642857142857144,1.9257142857142855,1.9085714285714288,1.7485714285714289,1.5785714285714287,1.7485714285714289,1.8914285714285717,1.9642857142857144,2.1142857142857143,1.0535714285714286,1.9085714285714288,2.101,1.5625,2.1142857142857143,1.22,1.7036571428571428,1.3571428571428572,1.6063428571428573,1.5245714285714285
53-4031.00,Railroad Conductors and Yardmasters,1.9449142857142856,1.4179428571428572,2.290857142857143,1.9842857142857144,1.467857142857143,2.086428571428572,1.0357142857142856,1.6875,2.275,1.9642857142857144,2.0608,2.354914285714286,1.9842857142857144,2.25,1.8571428571428568,2.023657142857143,1.822857142857143,2.3392857142857144,1.9449142857142856,1.0,1.8571428571428568,2.485471428571429,1.595,2.5428571428571427,1.3571428571428572,1.9085714285714288,1.4435714285714285,1.822857142857143,1.5026142857142857
53-4041.00,Subway and Streetcar Operators,1.8571428571428568,1.3706285714285715,2.7641142857142857,2.216428571428572,1.394285714285714,1.822857142857143,1.0,1.6063428571428573,2.1228571428571428,1.8571428571428568,1.8571428571428568,1.9285714285714288,1.9449142857142856,1.8571428571428568,1.8571428571428568,1.7734857142857143,2.0028571428571427,1.9642857142857144,2.1228571428571428,1.25,2.071428571428572,1.6446142857142858,1.5785714285714287,2.225714285714286,1.4192,1.6875,1.4628571428571429,1.625,1.459342857142857
53-5011.00,Sailors and Marine Oilers,1.8571428571428568,1.4542857142857144,2.4050714285714285,2.0028571428571427,1.4542857142857144,1.822857142857143,1.1257142857142857,1.5614285714285714,1.9085714285714288,1.8914285714285717,1.9085714285714288,1.9085714285714288,1.837942857142857,1.8571428571428568,1.7734857142857143,1.9842857142857144,1.8914285714285717,1.9449142857142856,2.2767857142857144,1.625,2.2471428571428573,1.975,1.5785714285714287,2.375,1.3785714285714286,1.7734857142857143,1.3785714285714286,1.7200000000000002,1.882857142857143
53-5021.00,"Captains, Mates, and Pilots of Water Vessels",2.0028571428571427,1.5357142857142858,2.8565714285714283,2.1635714285714283,1.4691999999999998,2.0028571428571427,1.1885714285714286,1.8057142857142856,2.375,2.31,2.2071428571428573,2.105,2.0028571428571427,2.096342857142857,2.023657142857143,2.044642857142857,2.044642857142857,2.3392857142857144,2.25,1.6063428571428573,2.1492,2.461942857142857,1.8914285714285717,2.422142857142857,1.6942857142857144,2.19,1.5892857142857142,1.9449142857142856,2.2074857142857143
53-5022.00,Motorboat Operators,1.7734857142857143,1.268571428571429,1.5517714285714286,2.2308,1.3785714285714286,1.8571428571428568,1.0357142857142856,1.4928571428571429,2.02,1.7200000000000002,1.8571428571428568,2.023657142857143,1.8057142857142856,1.8571428571428568,1.6875,2.0,2.044642857142857,1.8914285714285717,2.31,1.6063428571428573,2.023657142857143,1.6191,1.5357142857142858,2.31,1.6063428571428573,1.6364285714285711,1.268571428571429,1.5892857142857142,1.4771571428571428
53-5031.00,Ship Engineers,1.9449142857142856,1.5508,2.568257142857143,2.096342857142857,1.4691999999999998,2.1492,1.2514285714285711,1.7200000000000002,2.7142857142857144,2.4971428571428573,2.205357142857143,2.596342857142857,2.023657142857143,1.8571428571428568,2.0028571428571427,2.096342857142857,1.8571428571428568,2.1635714285714283,1.8914285714285717,1.8571428571428568,1.9449142857142856,3.0034,1.7734857142857143,2.765714285714286,1.4691999999999998,2.06,1.655,1.8571428571428568,2.7712571428571424
53-6011.00,Bridge and Lock Tenders,1.7734857142857143,1.268571428571429,1.8714285714285717,1.9449142857142856,1.268571428571429,1.7385714285714284,1.0042857142857142,1.4542857142857144,1.7734857142857143,1.7734857142857143,1.7385714285714284,1.8571428571428568,1.6391999999999998,1.7036571428571428,1.4179428571428572,1.4285714285714286,1.6665142857142858,1.9642857142857144,1.822857142857143,1.0535714285714286,1.6875,1.5642857142857145,1.3808,1.822857142857143,1.4017857142857142,1.7200000000000002,1.32,1.7734857142857143,1.441
53-6021.00,Parking Attendants,1.5614285714285714,1.375,1.4032,1.8914285714285717,1.5625,1.4542857142857144,1.0,1.32,1.7142857142857144,1.5207142857142857,1.7142857142857144,1.7385714285714284,1.4028571428571428,1.394285714285714,1.3125,1.7036571428571428,1.51,1.7142857142857144,1.7385714285714284,1.0089285714285714,1.75,1.7896,1.32,1.9257142857142855,1.32,1.4628571428571429,1.4906285714285716,1.5,1.2016
53-6031.00,Automotive and Watercraft Service Attendants,1.595,1.345,2.7197142857142858,1.7385714285714284,1.3706285714285715,1.6428571428571428,1.0206285714285714,1.3571428571428572,1.7571428571428571,1.7734857142857143,1.595,1.822857142857143,1.625,1.7208,1.4285714285714286,1.8571428571428568,1.595,1.8328571428571427,1.595,1.394285714285714,1.595,2.048914285714286,1.394285714285714,1.7142857142857144,1.3008,1.4906285714285716,1.3785714285714286,1.5508,1.8634857142857144
53-6041.00,Traffic Technicians,1.9842857142857144,1.8571428571428568,2.5860000000000003,1.9085714285714288,1.837942857142857,2.1635714285714283,1.7200000000000002,1.6665142857142858,2.3192,2.354914285714286,2.327857142857143,2.125,2.2857142857142856,1.8914285714285717,1.8914285714285717,1.9449142857142856,1.4691999999999998,2.06,1.9085714285714288,1.1785714285714286,1.9449142857142856,2.4478,1.4928571428571429,2.3906285714285715,1.4017857142857142,2.023657142857143,1.8571428571428568,1.9842857142857144,1.885
53-6051.00,Transportation Inspectors,2.086428571428572,1.7734857142857143,3.0713714285714286,1.872228571428572,1.6063428571428573,1.9842857142857144,1.0271428571428571,1.6063428571428573,2.375,2.4035714285714285,2.31,2.31,2.354914285714286,2.0608,1.6875,1.9085714285714288,1.5785714285714287,2.1492,1.9449142857142856,1.0020571428571428,2.086428571428572,3.014742857142857,1.7385714285714284,2.645714285714285,1.5165142857142857,2.354914285714286,1.6875,2.31,2.3049142857142857
53-6051.01,Aviation Inspectors,2.044642857142857,1.5357142857142858,3.895,2.0028571428571427,1.4249999999999998,2.2308,1.94,1.8057142857142856,2.7142857142857144,2.645714285714285,2.782857142857143,2.7142857142857144,2.3906285714285715,2.044642857142857,1.9842857142857144,2.105,1.8571428571428568,2.2928571428571427,2.1492,1.655,2.044642857142857,3.351571428571428,1.78,2.9522285714285714,1.4249999999999998,2.4522285714285714,1.4691999999999998,2.216428571428572,2.8426571428571425
53-6051.07,"Transportation Vehicle, Equipment and Systems Inspectors, Except Aviation",1.7734857142857143,1.25,1.9174285714285717,1.822857142857143,1.25,1.5207142857142857,1.4691999999999998,1.268571428571429,1.8571428571428568,1.75,1.8571428571428568,1.822857142857143,1.8914285714285717,1.7734857142857143,1.5,1.7385714285714284,1.655,1.75,1.7734857142857143,1.2857142857142856,1.9085714285714288,1.4948285714285714,1.4435714285714285,2.225714285714286,1.3008,1.6875,1.25,1.6364285714285711,1.1501142857142856
53-6061.00,Passenger Attendants,1.7734857142857143,1.2678571428571428,1.4722857142857142,1.7857142857142856,1.2208,1.5508,1.0,1.132857142857143,1.9792,1.8571428571428568,1.822857142857143,1.8728571428571428,1.822857142857143,1.51,1.5785714285714287,1.3571428571428572,1.6875,1.655,1.5357142857142858,1.0,1.625,1.785742857142857,1.32,2.1607142857142856,1.32,1.5508,1.289285714285714,1.51,1.1411
53-7011.00,Conveyor Operators and Tenders,1.8057142857142856,1.25,2.0806857142857145,2.0028571428571427,1.268571428571429,1.7857142857142856,1.1607142857142858,1.32,2.071428571428572,1.7734857142857143,2.02,1.822857142857143,1.7734857142857143,1.7734857142857143,1.655,1.8571428571428568,1.6714285714285717,2.0,2.044642857142857,1.3008,1.872228571428572,2.319914285714286,1.4017857142857142,2.1677714285714287,1.32,1.822857142857143,1.25,1.6875,1.7197714285714287
53-7021.00,Crane and Tower Operators,1.625,1.4179428571428572,2.6128,2.1142857142857143,1.4906285714285716,1.604285714285714,1.0020571428571428,1.4017857142857142,1.8571428571428568,1.7734857142857143,1.6714285714285717,1.9642857142857144,1.8571428571428568,1.822857142857143,1.6391999999999998,1.9449142857142856,1.7142857142857144,1.7857142857142856,1.9449142857142856,1.2857142857142856,1.7036571428571428,2.135542857142857,1.3392000000000002,2.0779428571428573,1.32,1.6391999999999998,1.3785714285714286,1.5508,1.7695
53-7031.00,Dredge Operators,1.5207142857142857,1.197142857142857,1.7378,1.9085714285714288,1.268571428571429,1.625,1.0178571428571428,1.4928571428571429,1.655,1.4435714285714285,1.5508,1.7857142857142856,1.51,1.595,1.4542857142857144,1.6875,1.5357142857142858,1.822857142857143,1.837942857142857,1.625,1.8057142857142856,1.950742857142857,1.32,1.8839285714285712,1.231428571428571,1.394285714285714,1.197142857142857,1.32,1.1874285714285715
53-7041.00,Hoist and Winch Operators,1.7514285714285711,1.2421428571428572,2.0286714285714287,1.935,1.4350857142857143,1.765,1.0178571428571428,1.5357142857142858,1.8092,1.6714285714285717,1.8453571428571427,2.0292857142857144,1.595,1.982142857142857,1.5693714285714286,1.9257142857142855,1.6124142857142856,1.876342857142857,2.086428571428572,1.625,1.625,2.9897714285714283,1.4285714285714286,2.184914285714286,1.4821428571428572,1.4564285714285714,1.394285714285714,1.4017857142857142,1.4129714285714283
53-7051.00,Industrial Truck and Tractor Operators,1.4691999999999998,1.32,2.227942857142857,1.9449142857142856,1.3008,1.3571428571428572,1.0089285714285714,1.28,1.9085714285714288,1.4179428571428572,1.5625,1.5625,1.6714285714285717,1.6428571428571428,1.3008,1.9085714285714288,1.7385714285714284,1.7934857142857146,1.9085714285714288,1.2142857142857144,1.5508,2.922142857142857,1.25,1.9642857142857144,1.1885714285714286,1.4285714285714286,1.36,1.4542857142857144,2.3577142857142857
53-7061.00,Cleaners of Vehicles and Equipment,1.4435714285714285,1.077942857142857,2.052542857142857,1.3571428571428572,1.0664285714285715,1.2592,1.0089285714285714,1.1257142857142857,1.6714285714285717,1.2857142857142856,1.4821428571428572,1.3571428571428572,1.335714285714286,1.5300000000000002,1.2142857142857144,1.3571428571428572,1.3392000000000002,1.595,1.3125,1.335714285714286,1.3125,2.202114285714286,1.1785714285714286,1.7142857142857144,1.16,1.1785714285714286,1.1408,1.1408,2.0013
53-7062.00,"Laborers and Freight, Stock, and Material Movers, Hand",1.7385714285714284,1.197142857142857,1.491285714285714,1.822857142857143,1.25,1.2857142857142856,1.0,1.32,1.822857142857143,1.7734857142857143,1.6875,1.4285714285714286,1.5300000000000002,1.4906285714285716,1.2857142857142856,1.7200000000000002,1.3808,1.7734857142857143,1.3785714285714286,1.12,1.3392000000000002,2.512028571428572,1.32,1.822857142857143,1.197142857142857,1.4628571428571429,1.268571428571429,1.3785714285714286,1.5322857142857145
53-7062.04,Recycling and Reclamation Workers,1.9642857142857144,1.1734857142857142,1.8069714285714285,1.8328571428571427,1.1885714285714286,1.4691999999999998,1.0042857142857142,1.2857142857142856,1.5785714285714287,1.6875,1.5785714285714287,1.6875,1.6665142857142858,1.5785714285714287,1.4821428571428572,1.4691999999999998,1.6063428571428573,1.872228571428572,1.8328571428571427,1.335714285714286,1.8328571428571427,2.1758285714285712,1.394285714285714,1.6714285714285717,1.268571428571429,1.655,1.1885714285714286,1.4928571428571429,1.9821142857142855
53-7063.00,Machine Feeders and Offbearers,1.7734857142857143,1.3125,1.478557142857143,1.7734857142857143,1.2592,1.302857142857143,1.0135714285714286,1.25,1.6364285714285711,1.6942857142857144,1.6364285714285711,1.5614285714285714,1.7200000000000002,1.5357142857142858,1.2857142857142856,1.5614285714285714,1.5785714285714287,1.822857142857143,1.8057142857142856,1.077942857142857,1.7734857142857143,1.4984857142857142,1.2142857142857144,1.7857142857142856,1.28,1.6875,1.3571428571428572,1.394285714285714,1.2775
53-7064.00,"Packers and Packagers, Hand",1.4179428571428572,1.16,2.3966857142857143,1.5300000000000002,1.1785714285714286,1.25,1.0,1.16,1.4906285714285716,1.32,1.4285714285714286,1.5,1.4628571428571429,1.335714285714286,1.16,1.335714285714286,1.22,1.5300000000000002,1.4179428571428572,1.0549142857142857,1.32,2.1378571428571425,1.2142857142857144,1.7571428571428571,1.1785714285714286,1.268571428571429,1.197142857142857,1.268571428571429,1.6129142857142855
53-7065.00,Stockers and Order Fillers,1.7734857142857143,1.2142857142857144,1.7652571428571429,1.7485714285714289,1.25,1.4017857142857142,1.0042857142857142,1.3785714285714286,1.6063428571428573,1.872228571428572,1.5785714285714287,1.595,1.8571428571428568,1.5785714285714287,1.4179428571428572,1.5614285714285714,1.4821428571428572,1.7857142857142856,1.6063428571428573,1.0135714285714286,1.4017857142857142,2.1451,1.3706285714285715,1.7734857142857143,1.394285714285714,1.51,1.394285714285714,1.5614285714285714,1.3760285714285714
53-7071.00,Gas Compressor and Gas Pumping Station Operators,1.8571428571428568,1.3392000000000002,3.069642857142857,1.9085714285714288,1.3785714285714286,1.8571428571428568,1.157142857142857,1.4249999999999998,1.9842857142857144,1.872228571428572,1.9449142857142856,2.1228571428571428,1.9449142857142856,1.7857142857142856,1.6391999999999998,1.6875,1.7857142857142856,1.9642857142857144,2.19,1.3392000000000002,1.9085714285714288,2.558,1.7385714285714284,2.2767857142857144,1.3785714285714286,1.822857142857143,1.3785714285714286,1.822857142857143,1.7334285714285715
53-7072.00,"Pump Operators, Except Wellhead Pumpers",1.8914285714285717,1.7385714285714284,2.862342857142857,1.9842857142857144,1.5165142857142857,1.7734857142857143,1.197142857142857,1.36,1.9085714285714288,1.9085714285714288,1.8571428571428568,1.9449142857142856,1.9085714285714288,1.822857142857143,1.7734857142857143,1.9285714285714288,1.542142857142857,2.0028571428571427,2.4732142857142856,1.3785714285714286,1.9085714285714288,3.017357142857142,1.6364285714285711,2.2767857142857144,1.3392000000000002,1.9257142857142855,1.7385714285714284,1.7385714285714284,2.2304571428571425
53-7073.00,Wellhead Pumpers,1.8057142857142856,1.2208,2.287,1.78,1.289285714285714,1.822857142857143,1.0020571428571428,1.1734857142857142,1.9085714285714288,1.7385714285714284,1.9085714285714288,1.9085714285714288,1.7200000000000002,1.6875,1.4179428571428572,1.78,1.4017857142857142,1.9642857142857144,2.023657142857143,1.3785714285714286,1.4435714285714285,2.8192857142857144,1.28,2.337142857142857,1.3392000000000002,1.5508,1.2592,1.4906285714285716,2.188
53-7081.00,Refuse and Recyclable Material Collectors,1.595,1.0,1.3994714285714285,1.5300000000000002,1.0,1.4179428571428572,1.0,1.0206285714285714,1.4906285714285716,1.4821428571428572,1.4285714285714286,1.655,1.4628571428571429,1.51,1.289285714285714,1.4821428571428572,1.5207142857142857,1.6714285714285717,1.4179428571428572,1.0942857142857143,1.394285714285714,1.3714285714285714,1.231428571428571,1.5693714285714286,1.25,1.4285714285714286,1.0,1.4285714285714286,1.1014285714285714
53-7121.00,"Tank Car, Truck, and Ship Loaders",1.7734857142857143,1.4542857142857144,2.8176,1.9085714285714288,1.4542857142857144,1.822857142857143,1.0535714285714286,1.51,1.7734857142857143,1.8571428571428568,1.7734857142857143,1.822857142857143,2.0028571428571427,1.872228571428572,1.6875,1.8571428571428568,1.822857142857143,1.822857142857143,2.1677714285714287,1.4691999999999998,1.8571428571428568,2.734385714285714,1.4285714285714286,2.1228571428571428,1.2857142857142856,1.7857142857142856,1.4906285714285716,1.7857142857142856,2.4972142857142856
