O*NET-SOC Code,Title,Consequence of Error,Freedom to Make Decisions,Frequency of Decision Making,Health and Safety of Other Workers,Impact of Decisions on Co-workers or Company Results,Work Outcomes and Results of Other Workers,"Determine Tasks, Priorities and Goals",Developing Objectives and Strategies Combined,Making Decisions and Solving Problems Combined,Judgment and Decision Making Combined
11-1011.00,Chief Executives,3.02,4.95,4.59,4.16,4.75,4.7,4.8,3.7846,4.3,3.8821428571428576
11-1011.03,Chief Sustainability Officers,2.15,4.37,3.67,2.63,3.96,3.85,4.44,3.78,3.898814285714285,2.645714285714285
11-1021.00,General and Operations Managers,2.52,4.81,4.92,4.54,4.53,4.33,4.7,2.436228571428571,3.3214857142857146,2.4522285714285714
11-2011.00,Advertising and Promotions Managers,2.19,4.04,4.31,2.52,4.03,3.8,4.23,2.3482857142857143,2.683942857142857,2.571428571428571
11-2021.00,Marketing Managers,2.76,4.42,4.1,2.21,4.15,4.04,4.63,2.828842857142857,3.2282571428571427,2.571428571428571
11-2022.00,Sales Managers,2.0,4.24,4.1,2.43,4.15,3.9,4.38,3.1589285714285715,3.8417714285714286,2.645714285714285
11-2033.00,Fundraising Managers,2.79,4.38,4.16,2.67,4.11,3.63,4.58,2.754642857142857,2.6668285714285718,2.524285714285714
11-3012.00,Administrative Services Managers,2.77,4.12,3.9,4.03,3.85,4.04,4.03,1.9352,3.1482,2.0028571428571427
11-3013.00,Facilities Managers,2.73,4.28,4.46,4.54,3.96,4.32,4.57,2.432628571428572,3.6175,2.2071428571428573
11-3013.01,Security Managers,3.26,4.25,3.72,4.1,4.15,3.89,4.0,3.1214285714285714,3.92,2.671428571428572
11-3021.00,Computer and Information Systems Managers,3.72,4.42,3.93,2.94,4.34,4.54,4.75,2.9776714285714285,3.5873714285714287,2.5428571428571427
11-3031.00,Financial Managers,2.99,4.12,4.26,3.04,4.52,4.53,4.43,2.548857142857143,3.2632,2.4522285714285714
11-3031.01,Treasurers and Controllers,3.33,4.36,3.88,2.16,4.2,4.12,4.36,3.4258428571428574,4.096428571428572,3.0592
11-3031.03,Investment Fund Managers,3.74,4.53,4.49,1.65,4.35,3.67,4.51,2.548857142857143,3.737157142857143,2.748571428571428
11-3051.00,Industrial Production Managers,3.02,4.39,4.44,4.54,4.27,4.48,4.54,2.277257142857142,3.2736,2.877142857142857
11-3051.01,Quality Control Systems Managers,2.76,4.23,4.4,4.13,4.43,4.13,4.49,2.435528571428572,3.324142857142857,2.765714285714286
11-3051.02,Geothermal Production Managers,4.11,4.63,4.24,4.83,4.39,4.73,4.74,2.3213714285714286,3.423942857142857,2.422142857142857
11-3051.03,Biofuels Production Managers,3.95,4.42,4.61,4.79,4.55,4.74,4.13,1.9919714285714285,3.4000000000000004,2.3857142857142857
11-3051.04,Biomass Power Plant Managers,3.56,4.54,4.25,4.94,4.32,4.74,4.41,2.577,3.3123142857142853,2.524285714285714
11-3051.06,Hydroelectric Production Managers,4.0,4.57,4.42,4.85,4.42,4.62,4.48,2.553828571428572,3.375142857142857,2.596342857142857
11-3061.00,Purchasing Managers,2.16,4.21,3.58,2.79,3.84,4.16,4.37,2.820571428571429,3.5358142857142854,2.4732142857142856
11-3071.00,"Transportation, Storage, and Distribution Managers",3.04,4.16,4.4,3.94,4.02,4.08,4.01,2.5022,3.344557142857143,2.25
11-3071.04,Supply Chain Managers,2.35,4.05,3.6,3.95,3.67,4.2,4.19,3.0270714285714284,3.5060285714285717,2.7142857142857144
11-3111.00,Compensation and Benefits Managers,2.62,4.33,3.86,2.76,3.86,3.24,4.48,2.92,3.2911428571428574,2.645714285714285
11-3121.00,Human Resources Managers,2.95,4.27,4.14,3.5,4.05,3.64,4.27,2.9554285714285715,3.8132,2.821428571428571
11-3131.00,Training and Development Managers,1.68,4.36,3.14,2.32,3.14,4.04,4.43,3.0892857142857144,3.436828571428572,2.4522285714285714
11-9013.00,"Farmers, Ranchers, and Other Agricultural Managers",3.04,4.55,3.54,4.22,4.09,3.96,4.53,2.633742857142857,3.4059,2.3392857142857144
11-9021.00,Construction Managers,3.5,4.2,4.1,4.3,4.15,3.8,3.9,2.426285714285714,3.315785714285714,2.9522285714285714
11-9031.00,"Education and Childcare Administrators, Preschool and Daycare",3.85,4.38,4.48,4.52,4.14,4.58,4.44,2.2968571428571427,2.9756,2.596342857142857
11-9032.00,"Education Administrators, Kindergarten through Secondary",1.92,4.14,3.92,3.85,3.9,4.66,4.32,3.021257142857143,4.031071428571429,3.4564285714285714
11-9033.00,"Education Administrators, Postsecondary",2.35,4.63,4.47,2.71,4.54,4.03,4.66,3.0858571428571424,3.8914,2.645714285714285
11-9041.00,Architectural and Engineering Managers,2.52,4.53,3.99,3.22,4.15,4.19,4.52,1.9387857142857143,3.8322,2.748571428571428
11-9041.01,Biofuels/Biodiesel Technology and Product Development Managers,2.82,4.46,3.98,3.4,3.79,3.91,4.44,2.9781571428571434,3.685257142857143,2.4522285714285714
11-9051.00,Food Service Managers,2.83,4.19,4.57,4.24,4.55,4.61,3.9,2.1351142857142857,2.6477714285714287,1.9085714285714288
11-9071.00,Gambling Managers,3.54,4.27,4.65,4.25,4.38,4.1,4.21,2.1908000000000003,2.7655000000000003,2.422142857142857
11-9072.00,"Entertainment and Recreation Managers, Except Gambling",3.21,4.37,3.83,4.16,3.95,3.8,4.39,2.6142714285714286,3.2605142857142857,2.31
11-9081.00,Lodging Managers,2.6,4.52,4.55,4.2,4.52,4.55,4.66,2.6628857142857143,3.438428571428571,2.4732142857142856
11-9111.00,Medical and Health Services Managers,2.41,3.89,3.74,3.54,3.52,4.11,4.11,2.856342857142857,3.5921,2.7142857142857144
11-9121.00,Natural Sciences Managers,3.12,4.13,3.25,3.89,4.03,4.22,4.39,3.148514285714286,3.817971428571429,2.6185714285714288
11-9121.01,Clinical Research Coordinators,2.68,4.21,3.52,2.98,3.71,3.34,4.01,1.7640285714285715,2.681714285714286,2.354914285714286
11-9121.02,Water Resource Specialists,2.19,4.14,3.52,3.41,3.59,3.62,4.14,3.228228571428572,3.885,2.596342857142857
11-9131.00,Postmasters and Mail Superintendents,2.42,3.97,4.5,4.68,4.16,4.69,3.89,2.517085714285714,3.244,2.0028571428571427
11-9141.00,"Property, Real Estate, and Community Association Managers",2.6,4.25,3.95,3.3,4.05,3.85,4.25,2.3712142857142857,3.528142857142857,2.023657142857143
11-9151.00,Social and Community Service Managers,2.92,4.35,4.26,3.73,4.41,4.19,4.37,2.7198857142857147,2.9258571428571427,2.6950857142857143
11-9161.00,Emergency Management Directors,2.68,4.36,3.33,4.14,3.55,3.64,4.32,2.996142857142857,3.8038857142857134,2.821428571428571
11-9171.00,Funeral Home Managers,3.72,4.53,4.64,3.65,4.29,3.99,4.03,2.4196428571428568,3.6508857142857134,2.1142857142857143
11-9179.01,Fitness and Wellness Coordinators,2.04,4.5,3.2,3.85,3.04,3.52,4.5,2.313542857142857,2.644857142857143,2.0028571428571427
11-9179.02,Spa Managers,2.13,4.33,4.73,3.94,4.63,3.86,4.01,2.3445142857142853,3.1942857142857144,2.2767857142857144
11-9199.01,Regulatory Affairs Managers,2.91,3.96,3.61,1.91,4.04,3.43,4.04,3.0585142857142857,3.6348571428571432,2.571428571428571
11-9199.02,Compliance Managers,3.07,4.28,4.08,4.0,4.26,3.93,4.33,2.653928571428572,3.523428571428572,2.3857142857142857
11-9199.08,Loss Prevention Managers,2.82,4.36,4.09,4.64,4.18,3.52,4.14,2.7527714285714286,3.615571428571428,2.645714285714285
11-9199.09,Wind Energy Operations Managers,4.39,4.57,4.39,4.88,4.39,4.2,4.59,2.297528571428571,3.701000000000001,2.2308
11-9199.10,Wind Energy Development Managers,2.35,4.43,3.6,2.46,3.84,3.33,4.69,2.3464,3.6904,2.31
11-9199.11,Brownfield Redevelopment Specialists and Site Managers,2.23,3.77,3.32,3.41,3.73,3.32,4.0,2.7004,3.680228571428572,2.7142857142857144
13-1011.00,"Agents and Business Managers of Artists, Performers, and Athletes",2.78,4.22,4.59,1.5,4.13,3.11,4.42,2.418614285714286,2.6428000000000003,2.1357142857142857
13-1021.00,"Buyers and Purchasing Agents, Farm Products",3.68,4.6,4.63,2.99,4.46,3.18,4.68,2.4050714285714285,3.0991428571428576,2.1492
13-1022.00,"Wholesale and Retail Buyers, Except Farm Products",3.15,4.4,4.45,2.38,4.24,3.73,4.5,1.8825142857142856,2.730114285714286,2.275
13-1023.00,"Purchasing Agents, Except Wholesale, Retail, and Farm Products",2.74,4.05,4.05,2.55,4.05,3.28,4.3,2.6032857142857138,3.088142857142857,2.596342857142857
13-1031.00,"Claims Adjusters, Examiners, and Investigators",2.71,4.51,4.86,1.92,4.52,2.34,4.3,1.7776,3.346514285714286,2.4732142857142856
13-1032.00,"Insurance Appraisers, Auto Damage",2.65,4.45,4.8,1.39,4.48,2.43,4.43,1.7934857142857146,3.202514285714285,1.9449142857142856
13-1041.00,Compliance Officers,3.51,3.68,3.73,2.29,3.57,2.32,3.33,1.8714857142857144,2.921885714285714,2.216428571428572
13-1041.01,Environmental Compliance Inspectors,2.26,3.95,3.11,2.8,3.35,2.35,4.0,1.7135714285714283,2.685714285714286,2.3192
13-1041.03,Equal Opportunity Representatives and Officers,2.55,4.49,4.08,1.87,4.26,2.45,4.54,1.9442285714285716,3.3616428571428574,2.4035714285714285
13-1041.04,Government Property Inspectors and Investigators,2.2,3.98,4.38,3.17,4.01,3.67,4.0,2.506614285714286,3.196071428571429,2.7142857142857144
13-1041.06,Coroners,3.6,4.3,4.25,4.05,4.0,3.75,4.0,2.651585714285714,3.815714285714286,2.3392857142857144
13-1041.07,Regulatory Affairs Specialists,2.8,3.8,3.15,1.6,3.45,2.85,3.9,2.771071428571428,3.2494,2.6950857142857143
13-1041.08,Customs Brokers,3.35,3.65,4.1,2.35,3.95,3.45,3.5,1.9081428571428571,2.7952857142857144,1.9642857142857144
13-1051.00,Cost Estimators,2.36,3.91,3.36,2.1,3.82,2.81,3.86,2.3485714285714288,3.4141142857142857,2.4035714285714285
13-1071.00,Human Resources Specialists,2.93,4.36,4.01,3.43,4.19,3.7,4.48,1.9793142857142856,2.9413428571428573,2.125
13-1074.00,Farm Labor Contractors,2.5,4.81,3.87,4.58,4.21,4.63,4.97,1.2691428571428571,1.8426285714285715,1.7857142857142856
13-1075.00,Labor Relations Specialists,2.84,4.19,3.74,2.86,3.86,3.0,4.1,2.1702142857142857,3.498571428571428,2.4971428571428573
13-1081.00,Logisticians,2.58,4.04,3.71,3.0,3.79,3.42,3.88,2.7207142857142856,3.435657142857143,2.4971428571428573
13-1081.01,Logistics Engineers,2.74,4.04,3.65,3.48,3.7,3.83,3.96,2.7275714285714283,3.1954714285714285,2.821428571428571
13-1081.02,Logistics Analysts,2.64,4.18,3.45,2.55,3.41,2.95,4.09,2.5764571428571426,3.186228571428571,2.4971428571428573
13-1111.00,Management Analysts,2.79,4.14,3.75,2.45,4.1,3.61,4.35,3.621914285714286,4.102857142857143,2.765714285714286
13-1121.00,"Meeting, Convention, and Event Planners",1.87,4.52,4.51,3.23,4.31,3.91,4.73,2.314,3.0953142857142857,2.265085714285714
13-1131.00,Fundraisers,2.52,4.19,3.67,2.24,4.0,3.24,4.38,3.3362857142857143,3.5257142857142862,2.275
13-1141.00,"Compensation, Benefits, and Job Analysis Specialists",2.86,3.81,4.0,2.05,4.05,2.38,4.0,2.330714285714285,3.200357142857143,2.1357142857142857
13-1151.00,Training and Development Specialists,2.04,4.35,3.05,2.82,3.17,3.35,4.26,2.9378714285714285,3.061328571428572,2.645714285714285
13-1161.00,Market Research Analysts and Marketing Specialists,2.45,4.52,3.32,1.57,3.61,3.22,4.26,3.101571428571429,3.7335,2.542057142857143
13-1161.01,Search Marketing Strategists,2.04,4.26,3.43,1.3,3.74,2.91,4.22,3.1707,3.5992,2.4732142857142856
13-1199.04,Business Continuity Planners,2.36,3.83,2.68,3.26,3.7,3.36,3.91,3.0692142857142857,3.3788285714285715,2.894285714285714
13-1199.05,Sustainability Specialists,1.77,3.74,3.09,2.7,3.43,2.87,4.17,3.474214285714285,3.2680285714285717,2.354914285714286
13-1199.06,Online Merchants,2.17,4.6,4.2,2.69,4.06,3.69,4.34,1.9580428571428568,3.078028571428572,2.044642857142857
13-1199.07,Security Management Specialists,3.16,4.45,3.68,3.55,3.95,3.37,4.15,2.9817142857142858,3.5842857142857136,2.596342857142857
13-2011.00,Accountants and Auditors,2.75,4.04,3.97,2.33,4.33,3.59,4.17,2.2771,3.273342857142857,2.2928571428571427
13-2022.00,Appraisers of Personal and Business Property,3.17,4.17,3.61,2.43,4.05,2.96,4.35,2.2157142857142857,3.4020571428571427,1.9285714285714288
13-2023.00,Appraisers and Assessors of Real Estate,2.26,4.46,3.52,1.59,3.12,2.39,4.43,1.6400285714285716,2.7728571428571427,1.822857142857143
13-2031.00,Budget Analysts,2.8,4.25,4.6,3.33,4.13,3.87,4.49,2.319357142857143,3.0232,2.4732142857142856
13-2041.00,Credit Analysts,2.6,3.75,3.7,1.4,3.35,2.05,4.2,1.5571428571428572,3.0260714285714285,2.1357142857142857
13-2052.00,Personal Financial Advisors,3.08,4.0,4.12,1.65,4.19,2.74,4.32,2.9105142857142856,3.868342857142856,2.4522285714285714
13-2053.00,Insurance Underwriters,2.9,4.3,4.33,1.5,3.9,2.33,4.07,1.544,3.4217285714285715,2.25
13-2061.00,Financial Examiners,2.35,3.52,3.39,1.7,4.13,3.74,3.59,2.2204,3.408657142857143,2.6950857142857143
13-2071.00,Credit Counselors,2.44,4.24,4.44,1.46,4.08,1.96,4.04,1.839314285714286,2.9522285714285714,2.1607142857142856
13-2072.00,Loan Officers,3.01,4.43,4.8,2.63,4.49,3.6,4.39,1.6980142857142857,2.8172,2.596342857142857
13-2081.00,"Tax Examiners and Collectors, and Revenue Agents",2.91,4.12,4.07,2.12,4.18,2.58,4.12,1.8064857142857145,2.745828571428571,1.9842857142857144
13-2082.00,Tax Preparers,2.74,3.85,3.6,1.6,3.74,2.43,3.57,1.738257142857143,2.809971428571428,1.8914285714285717
13-2099.01,Financial Quantitative Analysts,3.21,3.85,3.42,1.45,3.9,3.17,4.0,2.274642857142857,3.746114285714286,2.6696428571428568
13-2099.04,"Fraud Examiners, Investigators and Analysts",3.12,4.08,4.36,2.84,4.16,3.58,4.12,2.644342857142857,3.4192,2.645714285714285
15-1211.00,Computer Systems Analysts,2.99,4.2,3.44,2.12,3.64,3.85,4.54,2.3248857142857142,3.3181142857142856,2.542057142857143
15-1211.01,Health Informatics Specialists,2.9,3.95,3.38,2.76,3.52,3.7,4.29,2.951285714285714,3.912100000000001,2.645714285714285
15-1212.00,Information Security Analysts,3.45,4.0,3.19,2.14,3.63,3.02,4.08,2.173914285714286,2.9404000000000003,2.2308
15-1221.00,Computer and Information Research Scientists,2.61,4.17,3.03,2.18,3.42,3.32,3.98,2.5718,4.050357142857143,2.98
15-1231.00,Computer Network Support Specialists,3.29,4.26,3.52,2.39,3.77,3.33,4.3,1.790814285714286,2.5991428571428568,2.1492
15-1232.00,Computer User Support Specialists,3.46,4.57,4.1,3.41,3.22,4.2,4.41,2.0336,3.079,1.9642857142857144
15-1241.00,Computer Network Architects,3.4,3.75,3.35,2.5,3.8,3.3,3.9,2.4107142857142856,3.047857142857143,2.571428571428571
15-1241.01,Telecommunications Engineering Specialists,3.0,4.1,3.33,3.24,3.52,3.24,3.95,2.2455,3.489142857142857,1.9449142857142856
15-1242.00,Database Administrators,3.88,4.49,3.91,2.07,3.29,3.46,4.24,2.455571428571428,3.4486,2.571428571428571
15-1243.00,Database Architects,3.24,4.19,3.14,1.9,3.81,3.14,4.1,2.768,3.4675,2.596342857142857
15-1243.01,Data Warehousing Specialists,2.22,4.09,2.87,1.52,3.26,2.65,3.91,2.2074857142857143,3.0692142857142857,2.2308
15-1244.00,Network and Computer Systems Administrators,2.72,4.09,3.07,1.9,3.3,2.75,4.14,2.0656,3.258142857142857,2.596342857142857
15-1251.00,Computer Programmers,2.54,3.43,2.33,1.28,3.14,2.69,3.4,2.4337142857142857,3.454428571428572,2.044642857142857
15-1252.00,Software Developers,2.76,4.27,2.42,2.05,2.55,3.44,4.19,2.5574285714285714,3.4286571428571424,2.4035714285714285
15-1253.00,Software Quality Assurance Analysts and Testers,2.79,4.12,3.0,2.12,3.56,2.88,3.97,2.1207857142857143,2.8565714285714283,2.096342857142857
15-1254.00,Web Developers,2.88,4.42,3.25,1.83,3.5,3.12,4.08,2.274842857142857,3.3028571428571425,2.1492
15-1255.01,Video Game Designers,2.1,3.95,3.1,1.45,3.5,3.15,4.05,2.43,3.827857142857143,2.354914285714286
15-1299.01,Web Administrators,3.0,4.15,3.45,1.9,3.5,2.9,4.35,2.4207142857142854,3.407142857142857,2.1492
15-1299.02,Geographic Information Systems Technologists and Technicians,2.5,4.03,3.12,1.84,3.45,3.03,3.91,2.3983,3.16,2.0028571428571427
15-1299.03,Document Management Specialists,2.79,3.8,3.11,2.15,3.15,3.05,3.9,2.4547857142857143,2.8428571428571425,2.023657142857143
15-1299.05,Information Security Engineers,3.0,4.0,3.42,2.32,3.79,3.16,4.26,2.317042857142857,3.286928571428571,2.125
15-1299.08,Computer Systems Engineers/Architects,3.57,4.0,3.57,2.59,4.05,3.15,4.0,2.342714285714286,3.4642857142857144,2.36
15-1299.09,Information Technology Project Managers,2.8,4.19,3.65,3.19,3.81,4.05,4.38,3.288185714285714,3.5742857142857143,2.4035714285714285
15-2011.00,Actuaries,2.37,3.86,3.08,1.57,3.96,3.04,3.86,2.4317714285714285,3.896514285714286,3.145
15-2021.00,Mathematicians,2.26,4.5,2.25,1.75,2.7,2.47,4.35,2.3660714285714284,3.422857142857143,2.571428571428571
15-2031.00,Operations Research Analysts,2.35,3.76,2.9,2.14,3.57,2.95,4.05,2.793857142857143,4.093285714285715,2.8020571428571426
15-2041.00,Statisticians,2.5,4.19,3.19,1.86,3.48,2.95,4.14,2.666,3.8417714285714286,2.3192
15-2041.01,Biostatisticians,2.35,4.26,2.87,1.88,3.12,3.25,4.12,2.2052285714285715,3.4871000000000003,2.877142857142857
15-2051.01,Business Intelligence Analysts,2.73,4.23,3.23,1.45,3.55,3.05,4.27,2.0777142857142854,2.8491142857142853,2.4971428571428573
15-2051.02,Clinical Data Managers,2.15,3.7,3.05,1.6,3.15,3.4,4.1,2.21,3.0540000000000003,2.1635714285714283
15-2099.01,Bioinformatics Technicians,2.67,4.06,2.66,2.27,2.89,3.62,3.9,1.9658285714285717,3.6414,2.25
17-1011.00,"Architects, Except Landscape and Naval",3.2,3.86,3.4,2.67,3.48,3.75,3.86,2.6900000000000004,3.622857142857143,2.7678571428571432
17-1012.00,Landscape Architects,2.4,3.7,3.3,2.6,3.45,3.6,3.75,2.44,3.357142857142857,2.4732142857142856
17-1021.00,Cartographers and Photogrammetrists,2.5,4.09,3.37,1.78,3.74,3.14,3.97,2.1472,2.9182,1.9449142857142856
17-1022.00,Surveyors,3.5,4.0,3.95,3.9,4.1,3.9,3.65,2.5,3.366228571428572,2.0028571428571427
17-1022.01,Geodetic Surveyors,2.25,4.12,3.33,3.07,3.27,2.92,3.85,2.1456428571428567,3.3788285714285715,2.4035714285714285
17-2011.00,Aerospace Engineers,2.76,4.35,2.98,2.41,3.42,3.31,4.07,2.0433142857142856,3.911657142857143,2.524285714285714
17-2021.00,Agricultural Engineers,3.05,4.0,2.95,3.5,3.5,3.3,3.95,3.128214285714286,3.95,2.645714285714285
17-2031.00,Bioengineers and Biomedical Engineers,2.61,4.0,2.78,3.3,3.48,3.22,4.0,2.633257142857143,3.7452142857142863,2.9008000000000003
17-2041.00,Chemical Engineers,3.96,4.04,3.3,4.13,3.87,2.91,4.0,2.3098,3.896571428571429,2.9008000000000003
17-2051.00,Civil Engineers,3.43,3.9,4.0,2.9,3.9,3.48,4.0,2.0477142857142856,3.858571428571429,2.36
17-2051.01,Transportation Engineers,3.38,3.95,3.5,3.32,3.8,3.82,3.86,2.297142857142857,3.962142857142856,2.748571428571428
17-2051.02,Water/Wastewater Engineers,2.26,3.87,3.3,3.17,3.7,3.39,3.83,2.5015714285714283,3.860285714285714,2.765714285714286
17-2061.00,Computer Hardware Engineers,2.64,4.24,2.57,2.69,3.31,3.11,4.03,2.716,3.959371428571429,2.4522285714285714
17-2071.00,Electrical Engineers,3.03,4.47,4.14,3.11,4.0,3.74,4.59,2.563371428571428,4.350314285714285,2.086428571428572
17-2072.00,"Electronics Engineers, Except Computer",2.67,4.55,2.48,2.34,3.32,2.52,4.15,2.288157142857143,3.257142857142857,2.524285714285714
17-2072.01,Radio Frequency Identification Device Specialists,2.73,4.33,3.8,2.2,4.01,3.68,4.25,2.782171428571428,3.9016,2.1492
17-2081.00,Environmental Engineers,3.2,3.81,3.16,4.05,3.86,3.63,4.05,3.107142857142857,3.649728571428572,2.6950857142857143
17-2111.00,"Health and Safety Engineers, Except Mining Safety Engineers and Inspectors",3.28,4.25,3.93,4.08,4.24,3.31,4.04,2.3788,3.4064,2.354914285714286
17-2111.02,Fire-Prevention and Protection Engineers,2.96,4.04,3.38,3.38,3.72,3.23,4.0,2.3872,3.734285714285714,2.765714285714286
17-2112.00,Industrial Engineers,3.43,4.29,3.8,3.41,3.87,3.68,4.45,2.0944,3.4308428571428573,2.211428571428572
17-2112.01,Human Factors Engineers and Ergonomists,2.58,4.6,2.89,3.8,3.26,3.11,4.55,2.926428571428572,3.701642857142857,2.6393714285714287
17-2112.02,Validation Engineers,2.95,4.15,3.3,2.9,3.7,3.05,4.1,2.090357142857143,3.467285714285714,2.096342857142857
17-2112.03,Manufacturing Engineers,3.12,4.0,3.35,3.88,3.69,3.38,3.96,2.216,3.5,2.9008000000000003
17-2121.00,Marine Engineers and Naval Architects,3.71,3.78,3.11,3.22,4.06,2.94,4.11,2.1290285714285715,3.1236857142857146,2.571428571428571
17-2131.00,Materials Engineers,2.76,4.19,2.9,3.71,3.45,3.67,4.14,2.7355,3.7439999999999993,2.2471428571428573
17-2141.00,Mechanical Engineers,2.99,4.25,3.49,3.05,3.94,3.8,4.25,2.259428571428572,3.346,2.6185714285714288
17-2141.01,Fuel Cell Engineers,2.95,3.77,2.36,3.73,2.68,3.18,3.82,2.5555,3.5295999999999994,2.4971428571428573
17-2141.02,Automotive Engineers,2.9,4.0,3.14,3.5,3.33,3.35,4.19,2.314285714285714,3.8917000000000006,2.748571428571428
17-2151.00,"Mining and Geological Engineers, Including Mining Safety Engineers",2.92,4.17,3.65,3.2,3.86,3.4,4.16,2.471714285714285,3.7931,2.98
17-2161.00,Nuclear Engineers,3.65,3.48,3.11,3.9,3.71,3.15,3.67,2.359642857142857,3.646057142857143,2.765714285714286
17-2171.00,Petroleum Engineers,2.76,3.92,3.91,3.59,4.0,3.81,4.53,3.0548571428571423,3.6224857142857134,2.596342857142857
17-2199.03,"Energy Engineers, Except Wind and Solar",2.55,4.14,3.41,3.38,3.41,3.67,4.05,2.5555,3.616,2.4285714285714284
17-2199.05,Mechatronics Engineers,3.27,4.19,3.65,3.33,3.83,2.96,4.33,2.2234857142857143,3.378514285714286,2.6950857142857143
17-2199.06,Microsystems Engineers,2.58,4.43,3.28,2.85,3.76,3.49,4.44,2.182942857142857,3.4206,2.4035714285714285
17-2199.07,Photonics Engineers,3.26,4.0,2.39,2.78,3.09,2.91,4.13,1.9750714285714288,3.6796,2.36
17-2199.08,Robotics Engineers,3.53,4.24,3.57,3.9,4.0,3.43,4.07,2.52,3.608414285714286,2.6950857142857143
17-2199.09,Nanosystems Engineers,3.4,4.33,3.05,4.05,3.29,3.38,4.2,2.568257142857143,3.5553142857142856,2.645714285714285
17-2199.10,Wind Energy Engineers,2.64,4.04,3.33,2.13,3.53,3.0,4.18,2.1016000000000004,3.1252000000000004,2.4285714285714284
17-2199.11,Solar Energy Systems Engineers,3.71,3.89,4.25,3.82,4.21,3.81,3.54,2.0231714285714286,3.205357142857143,2.105
17-3011.00,Architectural and Civil Drafters,2.74,3.69,3.28,2.15,3.3,3.28,3.57,1.6980142857142857,2.765028571428572,1.9449142857142856
17-3012.00,Electrical and Electronics Drafters,3.0,3.69,3.43,2.33,3.5,2.95,3.7,1.7533,2.558414285714286,2.1142857142857143
17-3013.00,Mechanical Drafters,2.66,4.45,3.14,2.21,3.49,2.68,4.32,1.6588,2.521057142857143,1.8571428571428568
17-3021.00,Aerospace Engineering and Operations Technologists and Technicians,3.78,4.06,4.29,3.53,4.35,3.2,3.69,1.791828571428571,3.0054857142857143,2.044642857142857
17-3022.00,Civil Engineering Technologists and Technicians,2.42,3.92,4.06,2.86,3.36,3.63,3.64,1.5074285714285716,2.7080571428571427,1.9449142857142856
17-3023.00,Electrical and Electronic Engineering Technologists and Technicians,3.15,4.43,3.52,3.43,3.88,3.34,4.27,1.7569142857142857,3.161542857142857,1.9449142857142856
17-3024.00,Electro-Mechanical and Mechatronics Technologists and Technicians,3.73,3.55,4.13,3.47,3.71,3.53,3.4,1.7032142857142856,2.735314285714286,2.0608
17-3024.01,Robotics Technicians,4.05,4.23,3.05,4.05,3.59,3.27,4.14,1.7130571428571426,2.996142857142857,1.9449142857142856
17-3025.00,Environmental Engineering Technologists and Technicians,2.95,3.57,3.68,3.8,3.98,3.33,3.77,1.6880714285714284,2.4356,2.1635714285714283
17-3026.00,Industrial Engineering Technologists and Technicians,3.29,4.32,4.15,3.43,4.21,3.51,4.17,1.9403714285714284,3.1849142857142856,2.211428571428572
17-3026.01,Nanotechnology Engineering Technologists and Technicians,2.9,4.1,3.3,3.85,3.45,3.35,4.15,2.198628571428572,3.196557142857143,2.105
17-3027.00,Mechanical Engineering Technologists and Technicians,3.85,4.04,3.6,3.69,3.91,3.74,3.88,2.0112000000000005,3.1894285714285715,2.1492
17-3027.01,Automotive Engineering Technicians,3.3,3.56,3.48,3.85,3.56,2.85,3.33,1.6536857142857144,2.8196571428571438,1.9842857142857144
17-3029.01,Non-Destructive Testing Specialists,3.67,4.09,4.09,4.05,4.18,3.38,3.55,2.5372,3.4207428571428578,1.9085714285714288
17-3029.08,Photonics Technicians,3.45,3.76,3.1,3.14,3.45,2.91,3.77,1.6185142857142858,2.908428571428571,1.8914285714285717
17-3031.00,Surveying and Mapping Technicians,2.74,4.3,3.77,2.75,3.6,3.19,3.89,1.598442857142857,2.418542857142857,1.7385714285714284
19-1011.00,Animal Scientists,2.96,4.39,3.73,3.3,3.96,3.39,4.43,3.0577857142857146,3.9204,2.928571428571429
19-1012.00,Food Scientists and Technologists,3.19,3.95,3.43,3.45,3.73,3.0,3.91,1.9778857142857145,3.1255,2.596342857142857
19-1013.00,Soil and Plant Scientists,2.67,4.38,2.86,3.81,3.29,3.57,4.33,2.9448,3.5521000000000003,2.6696428571428568
19-1021.00,Biochemists and Biophysicists,3.37,4.3,3.68,3.8,3.7,3.32,4.35,3.5232,4.277142857142858,2.821428571428571
19-1022.00,Microbiologists,3.86,4.0,3.5,3.91,3.64,3.32,3.91,2.3817142857142857,2.9585714285714286,2.524285714285714
19-1023.00,Zoologists and Wildlife Biologists,2.87,4.12,3.73,3.7,3.82,3.91,4.23,2.970485714285714,3.4763714285714284,2.765714285714286
19-1029.01,Bioinformatics Scientists,2.12,4.81,3.15,2.12,3.41,4.01,4.77,2.7112,3.807314285714285,2.5907142857142857
19-1029.02,Molecular and Cellular Biologists,2.88,3.92,2.58,3.88,2.92,3.0,4.04,2.7645142857142857,3.3354285714285714,2.98
19-1029.03,Geneticists,2.62,4.64,3.04,3.16,3.25,3.04,4.24,2.918857142857143,3.653714285714286,2.7142857142857144
19-1029.04,Biologists,2.76,4.42,2.97,3.59,3.09,3.82,4.57,3.2168,4.083400000000001,2.571428571428571
19-1031.00,Conservation Scientists,2.48,4.09,3.0,3.18,3.13,3.09,3.87,2.186114285714286,3.1942,2.125
19-1031.02,Range Managers,2.84,4.28,3.25,3.51,3.73,3.35,4.39,3.3138,3.5235,2.4522285714285714
19-1031.03,Park Naturalists,1.91,3.69,3.22,3.26,3.54,3.05,4.09,2.1154,2.913742857142857,2.044642857142857
19-1032.00,Foresters,3.26,4.64,4.06,3.08,4.13,3.35,4.48,2.482,3.5901142857142863,2.6185714285714288
19-1041.00,Epidemiologists,2.28,4.58,3.22,2.89,3.56,3.21,4.53,2.8546571428571426,3.997342857142857,3.0335714285714284
19-1042.00,"Medical Scientists, Except Epidemiologists",3.43,4.41,3.27,3.7,3.88,3.29,4.15,2.332814285714286,3.4496571428571423,2.821428571428571
19-2011.00,Astronomers,2.04,4.83,2.17,2.3,2.78,2.78,4.74,2.566,3.7962,2.4522285714285714
19-2012.00,Physicists,2.13,4.42,2.48,2.87,3.26,2.6,4.5,2.8384857142857145,3.805599999999999,2.7678571428571432
19-2021.00,Atmospheric and Space Scientists,2.25,3.95,3.35,2.45,3.53,3.2,3.85,2.3042857142857143,3.347142857142857,2.524285714285714
19-2031.00,Chemists,3.42,4.44,3.63,3.78,3.55,3.47,4.14,1.931357142857143,3.0967857142857143,2.125
19-2032.00,Materials Scientists,3.05,3.76,2.9,3.71,3.33,3.19,3.71,2.1130000000000004,3.4451714285714283,2.4522285714285714
19-2041.00,"Environmental Scientists and Specialists, Including Health",2.56,3.71,3.23,2.51,3.39,3.06,3.94,1.8422857142857143,3.2773428571428567,2.205357142857143
19-2041.01,Climate Change Policy Analysts,2.0,4.13,2.91,1.74,3.26,3.26,4.09,3.137342857142857,3.5179,2.096342857142857
19-2041.02,Environmental Restoration Planners,2.27,4.36,2.77,3.0,3.23,3.35,4.38,3.1214285714285714,3.592642857142857,2.645714285714285
19-2041.03,Industrial Ecologists,2.05,4.26,2.82,2.26,3.22,2.95,4.39,2.6391,2.906257142857143,2.8150000000000004
19-2042.00,"Geoscientists, Except Hydrologists and Geographers",2.38,4.22,2.97,3.03,3.41,2.94,4.12,2.7030000000000003,3.333257142857143,2.645714285714285
19-2043.00,Hydrologists,2.48,4.14,2.65,2.91,3.09,3.04,4.05,2.7228571428571438,3.686071428571428,2.3392857142857144
19-2099.01,Remote Sensing Scientists and Technologists,2.52,4.12,2.84,2.36,3.28,3.09,4.08,2.787428571428572,3.625942857142857,2.6185714285714288
19-3011.00,Economists,2.33,4.61,3.55,1.79,3.46,3.38,4.21,2.5227714285714287,3.584485714285714,2.765714285714286
19-3011.01,Environmental Economists,1.93,4.74,2.26,1.33,3.0,2.52,4.77,2.3457857142857144,3.3625142857142856,2.4971428571428573
19-3022.00,Survey Researchers,2.84,4.08,3.19,2.12,3.62,3.69,4.0,2.6378285714285714,3.579142857142857,2.524285714285714
19-3032.00,Industrial-Organizational Psychologists,2.88,4.42,3.62,2.35,4.23,3.6,4.58,3.0904000000000003,3.812571428571428,2.782857142857143
19-3033.00,Clinical and Counseling Psychologists,3.64,4.64,4.12,2.88,4.04,2.56,4.68,2.800342857142857,3.999428571428571,2.4732142857142856
19-3034.00,School Psychologists,2.18,4.62,3.59,2.02,3.58,1.99,4.48,1.6322142857142856,2.722257142857143,2.645714285714285
19-3039.02,Neuropsychologists,2.4,4.72,4.08,2.52,3.76,2.68,4.4,2.3216,3.9744,3.0335714285714284
19-3039.03,Clinical Neuropsychologists,2.92,4.83,4.08,2.92,4.08,2.96,4.54,2.252714285714286,3.855,2.894285714285714
19-3041.00,Sociologists,1.89,4.7,2.74,2.1,2.85,3.0,4.65,2.7792857142857144,3.4232142857142858,2.4035714285714285
19-3051.00,Urban and Regional Planners,1.92,3.79,2.96,2.12,3.32,3.12,4.12,4.017142857142857,4.023999999999999,2.894285714285714
19-3091.00,Anthropologists and Archeologists,2.17,4.45,2.26,2.47,3.0,2.53,4.5,2.541428571428572,3.216428571428571,2.1635714285714283
19-3092.00,Geographers,1.8,4.4,2.65,2.05,2.9,2.8,4.45,2.562971428571428,3.022857142857143,2.354914285714286
19-3093.00,Historians,1.91,4.0,3.67,3.07,3.62,3.31,4.27,1.9554285714285715,2.315,1.9842857142857144
19-3094.00,Political Scientists,2.08,4.85,2.92,1.65,3.04,2.24,4.81,2.486542857142857,2.995428571428572,2.4522285714285714
19-3099.01,Transportation Planners,1.89,3.85,3.0,2.45,3.6,3.47,3.85,3.385,3.4499285714285715,2.6950857142857143
19-4012.00,Agricultural Technicians,2.86,3.84,2.89,3.76,3.07,3.17,3.49,1.6704285714285714,2.5219,1.9085714285714288
19-4012.01,Precision Agriculture Technicians,3.17,4.17,3.91,3.22,3.65,3.43,4.09,2.1526,2.856142857142857,2.125
19-4013.00,Food Science Technicians,2.94,4.15,4.37,4.04,3.95,4.05,3.76,1.3955714285714285,2.4025,1.8571428571428568
19-4021.00,Biological Technicians,2.72,3.85,2.63,3.04,2.56,3.06,3.74,1.983714285714285,2.9522,2.06
19-4031.00,Chemical Technicians,3.84,3.84,3.35,4.16,3.74,3.08,3.11,1.8451,3.120828571428571,1.9842857142857144
19-4042.00,"Environmental Science and Protection Technicians, Including Health",2.91,3.77,3.23,3.82,3.55,3.0,3.73,1.8449714285714285,2.4285714285714284,2.044642857142857
19-4043.00,"Geological Technicians, Except Hydrologic Technicians",3.02,4.17,3.32,3.09,3.5,3.21,4.04,1.6155142857142857,1.9805714285714284,1.9085714285714288
19-4051.00,Nuclear Technicians,4.19,3.15,4.27,4.28,4.07,3.24,3.32,1.6019285714285714,2.7446,2.044642857142857
19-4051.02,Nuclear Monitoring Technicians,3.72,3.67,3.9,4.53,3.7,3.54,3.64,1.9118857142857144,2.9,2.1492
19-4061.00,Social Science Research Assistants,1.92,3.89,2.29,1.84,2.96,2.45,3.89,2.4212,2.238785714285714,1.9449142857142856
19-4071.00,Forest and Conservation Technicians,3.56,4.14,4.21,4.11,4.23,3.63,3.95,2.792714285714286,3.3405142857142858,2.086428571428572
19-4092.00,Forensic Science Technicians,3.81,3.89,4.7,3.25,4.51,3.4,4.21,1.5814857142857144,2.559285714285714,2.1635714285714283
19-4099.01,Quality Control Analysts,3.63,4.05,3.49,3.34,3.63,3.21,4.22,1.5798142857142858,2.092371428571428,1.8914285714285717
19-4099.03,Remote Sensing Technicians,2.22,4.07,3.01,1.83,3.3,2.75,3.49,2.0012857142857143,2.704,2.2308
19-5011.00,Occupational Health and Safety Specialists,3.35,4.04,3.77,4.3,4.22,3.3,4.13,2.5346571428571427,3.4330857142857147,2.4732142857142856
19-5012.00,Occupational Health and Safety Technicians,3.95,4.19,3.9,4.24,4.16,3.3,4.1,2.681985714285714,3.164285714285714,2.044642857142857
21-1011.00,Substance Abuse and Behavioral Disorder Counselors,3.03,3.63,2.54,4.05,2.83,3.72,3.93,3.045485714285714,3.475,2.596342857142857
21-1012.00,"Educational, Guidance, and Career Counselors and Advisors",2.96,4.01,3.92,2.8,4.16,2.8,4.15,2.5178857142857143,3.8537714285714286,2.4522285714285714
21-1013.00,Marriage and Family Therapists,2.43,4.4,4.6,2.38,3.98,1.89,4.34,2.296614285714286,3.5567999999999995,2.821428571428571
21-1014.00,Mental Health Counselors,3.46,4.64,4.07,2.79,4.07,2.21,4.61,3.023371428571429,3.6347714285714288,2.7142857142857144
21-1015.00,Rehabilitation Counselors,2.42,4.09,4.25,3.43,3.93,3.41,4.07,2.2826285714285715,3.222785714285714,2.2308
21-1021.00,"Child, Family, and School Social Workers",3.64,4.44,4.17,2.73,3.98,2.92,4.4,2.598171428571429,3.156571428571429,2.7142857142857144
21-1022.00,Healthcare Social Workers,2.7,4.3,3.89,3.22,3.89,2.74,4.22,2.2053142857142856,3.1482,2.4522285714285714
21-1023.00,Mental Health and Substance Abuse Social Workers,2.86,4.34,3.59,2.93,3.52,2.91,4.25,3.0469142857142857,3.6597142857142857,2.3857142857142857
21-1091.00,Health Education Specialists,2.46,4.42,3.82,3.55,4.07,3.27,4.15,3.2044,3.5029285714285714,2.0028571428571427
21-1092.00,Probation Officers and Correctional Treatment Specialists,3.56,4.16,4.0,3.87,4.21,2.82,3.98,2.4573,3.4137142857142857,2.4035714285714285
21-1093.00,Social and Human Service Assistants,2.71,3.94,3.74,3.84,3.72,3.14,4.07,2.3568,2.3910857142857145,2.044642857142857
21-1094.00,Community Health Workers,2.44,3.97,3.86,3.41,3.84,3.24,4.09,3.2923571428571425,2.3718,2.1492
21-2011.00,Clergy,2.74,4.51,3.87,3.2,4.11,3.77,4.44,2.4894285714285718,2.7782285714285715,2.645714285714285
21-2021.00,"Directors, Religious Activities and Education",1.44,4.72,3.4,2.67,3.14,2.85,4.98,3.0545571428571425,3.212457142857143,2.1677714285714287
23-1011.00,Lawyers,3.81,4.67,4.21,2.38,4.48,3.9,4.76,2.9815714285714288,4.1059,2.9522285714285714
23-1012.00,Judicial Law Clerks,2.72,3.67,3.96,1.26,4.56,2.55,3.89,1.281657142857143,2.779257142857143,2.1635714285714283
23-1021.00,"Administrative Law Judges, Adjudicators, and Hearing Officers",2.47,4.53,4.85,1.63,4.47,2.45,4.35,1.256457142857143,3.8542857142857136,3.1750857142857143
23-1022.00,"Arbitrators, Mediators, and Conciliators",2.4,4.75,3.7,2.05,4.3,2.6,4.65,1.6192857142857142,4.006614285714285,2.4035714285714285
23-1023.00,"Judges, Magistrate Judges, and Magistrates",3.65,4.99,4.61,2.66,4.89,3.6,4.91,1.774714285714286,4.731257142857142,3.205357142857143
23-2011.00,Paralegals and Legal Assistants,2.92,4.12,3.92,1.87,3.89,2.66,4.24,1.392,2.2696428571428573,1.8571428571428568
23-2093.00,"Title Examiners, Abstractors, and Searchers",3.46,4.64,4.39,2.26,4.33,3.41,4.69,1.6339428571428571,2.932642857142857,1.6875
25-1011.00,"Business Teachers, Postsecondary",1.82,4.74,3.65,2.32,3.49,2.62,4.7,2.258,2.6825714285714284,2.36
25-1021.00,"Computer Science Teachers, Postsecondary",1.64,4.7,3.62,2.3,3.65,3.06,4.63,2.723028571428572,3.549485714285715,2.596342857142857
25-1022.00,"Mathematical Science Teachers, Postsecondary",1.44,4.34,3.47,1.72,3.07,2.23,3.94,2.2160714285714285,2.589657142857143,2.086428571428572
25-1031.00,"Architecture Teachers, Postsecondary",1.9,4.67,2.99,2.41,3.23,3.12,4.53,3.110314285714286,3.315785714285714,2.6950857142857143
25-1032.00,"Engineering Teachers, Postsecondary",2.53,4.58,3.19,2.86,3.36,3.46,4.64,2.7671,3.4816000000000003,2.571428571428571
25-1041.00,"Agricultural Sciences Teachers, Postsecondary",2.41,4.7,3.39,2.97,3.86,2.97,4.95,2.9135,3.5182857142857142,2.571428571428571
25-1042.00,"Biological Science Teachers, Postsecondary",2.37,4.95,4.07,3.72,3.78,3.46,4.7,3.3729714285714283,3.64,2.6185714285714288
25-1043.00,"Forestry and Conservation Science Teachers, Postsecondary",2.54,4.77,3.51,3.77,3.89,3.34,4.6,2.806857142857143,3.808,2.125
25-1051.00,"Atmospheric, Earth, Marine, and Space Sciences Teachers, Postsecondary",2.31,4.86,3.25,3.08,3.64,3.15,4.66,2.457142857142857,2.808,2.4285714285714284
25-1052.00,"Chemistry Teachers, Postsecondary",2.94,4.71,3.27,4.13,3.75,4.0,4.71,2.5094857142857143,2.9221,2.4035714285714285
25-1053.00,"Environmental Science Teachers, Postsecondary",2.57,4.52,3.29,3.33,3.22,3.5,4.59,2.573714285714286,3.0769,2.2471428571428573
25-1054.00,"Physics Teachers, Postsecondary",2.28,4.76,3.46,2.59,3.46,2.83,4.82,2.756742857142857,3.370828571428571,2.524285714285714
25-1061.00,"Anthropology and Archeology Teachers, Postsecondary",1.91,4.55,2.64,2.9,3.09,3.19,4.36,2.9722857142857144,3.0828571428571427,2.571428571428571
25-1062.00,"Area, Ethnic, and Cultural Studies Teachers, Postsecondary",2.32,4.65,3.68,2.4,3.49,2.97,4.55,2.999542857142857,2.7729714285714286,2.1635714285714283
25-1063.00,"Economics Teachers, Postsecondary",1.98,4.73,3.18,1.78,3.29,2.01,4.68,1.7225,2.8340571428571426,2.3192
25-1064.00,"Geography Teachers, Postsecondary",1.91,4.93,2.93,2.24,2.97,2.84,4.67,2.55,2.8268571428571425,2.205357142857143
25-1065.00,"Political Science Teachers, Postsecondary",1.52,4.75,4.16,1.96,3.49,2.17,4.72,2.3514285714285714,2.886142857142857,2.205357142857143
25-1066.00,"Psychology Teachers, Postsecondary",1.98,4.89,3.36,2.22,3.68,2.7,4.66,3.011885714285714,3.574771428571429,2.6185714285714288
25-1067.00,"Sociology Teachers, Postsecondary",2.06,4.83,3.55,2.15,3.38,2.5,4.78,2.688028571428571,3.0952,2.2857142857142856
25-1071.00,"Health Specialties Teachers, Postsecondary",2.89,4.83,3.88,3.35,3.97,3.47,4.63,2.6579,3.28,2.596342857142857
25-1072.00,"Nursing Instructors and Teachers, Postsecondary",3.63,4.15,4.05,3.93,4.24,4.0,4.21,3.2119000000000004,3.871314285714286,2.596342857142857
25-1081.00,"Education Teachers, Postsecondary",2.55,4.86,4.02,2.52,3.98,3.47,4.71,2.8892285714285717,3.404285714285714,2.211428571428572
25-1082.00,"Library Science Teachers, Postsecondary",1.92,4.86,3.53,2.15,3.6,2.91,4.97,3.1306428571428566,3.4563,2.205357142857143
25-1111.00,"Criminal Justice and Law Enforcement Teachers, Postsecondary",2.14,4.64,4.07,2.8,4.12,2.87,4.68,2.333928571428572,2.837885714285714,2.354914285714286
25-1112.00,"Law Teachers, Postsecondary",2.52,4.75,3.7,1.99,3.87,2.66,4.92,2.2672,2.5840000000000005,2.6950857142857143
25-1113.00,"Social Work Teachers, Postsecondary",2.57,4.73,3.13,2.38,3.25,2.63,4.62,2.8829285714285717,3.1415285714285712,2.4971428571428573
25-1121.00,"Art, Drama, and Music Teachers, Postsecondary",1.77,4.53,3.23,2.77,3.21,2.91,4.38,2.669285714285714,3.364285714285714,2.1635714285714283
25-1122.00,"Communications Teachers, Postsecondary",2.52,4.85,3.95,2.76,3.29,2.93,4.5,2.6344000000000003,3.424199999999999,2.3857142857142857
25-1123.00,"English Language and Literature Teachers, Postsecondary",1.61,4.59,3.21,1.75,3.23,2.52,4.66,3.101442857142857,3.7767142857142857,2.275
25-1124.00,"Foreign Language and Literature Teachers, Postsecondary",1.78,4.28,3.67,1.52,3.05,2.29,4.45,2.3359,2.7710714285714286,2.3392857142857144
25-1125.00,"History Teachers, Postsecondary",2.0,4.91,3.85,1.64,3.59,2.02,4.93,2.322057142857143,2.6512,2.4035714285714285
25-1126.00,"Philosophy and Religion Teachers, Postsecondary",2.41,4.62,3.79,1.79,3.76,2.33,4.53,2.385657142857143,3.342914285714286,2.2308
25-1192.00,"Family and Consumer Sciences Teachers, Postsecondary",1.95,4.45,4.28,2.93,3.94,3.03,4.61,2.559785714285714,2.7672857142857143,2.096342857142857
25-1193.00,"Recreation and Fitness Studies Teachers, Postsecondary",2.92,4.62,3.76,3.05,4.11,3.22,4.79,2.685914285714285,3.1314428571428574,2.524285714285714
25-1194.00,"Career/Technical Education Teachers, Postsecondary",2.48,4.38,3.56,3.18,3.44,3.05,4.31,2.353857142857143,2.771071428571428,1.9642857142857144
25-2011.00,"Preschool Teachers, Except Special Education",3.08,3.55,3.54,3.04,3.63,2.72,3.6,1.7927571428571427,1.9407571428571428,1.9085714285714288
25-2012.00,"Kindergarten Teachers, Except Special Education",2.15,4.14,4.14,2.95,3.9,2.84,3.83,2.949942857142857,2.9242285714285714,2.1142857142857143
25-2021.00,"Elementary School Teachers, Except Special Education",1.86,3.99,3.97,3.82,3.96,3.94,3.93,2.4706857142857137,2.6393714285714287,2.422142857142857
25-2022.00,"Middle School Teachers, Except Special and Career/Technical Education",1.85,4.38,4.15,3.22,3.36,3.22,4.57,3.0569714285714285,3.4494,2.1228571428571428
25-2023.00,"Career/Technical Education Teachers, Middle School",2.78,4.4,4.52,3.2,3.67,3.31,4.27,2.5147000000000004,2.8,2.02
25-2031.00,"Secondary School Teachers, Except Special and Career/Technical Education",2.22,4.25,3.57,3.29,3.49,3.05,4.04,3.0608,3.1312,2.4732142857142856
25-2032.00,"Career/Technical Education Teachers, Secondary School",2.86,4.07,4.36,3.77,3.88,3.26,4.13,3.132,3.3891142857142853,2.225714285714286
25-2051.00,"Special Education Teachers, Preschool",2.39,4.09,4.32,3.29,3.59,3.21,3.64,2.718628571428572,2.384128571428572,2.1492
25-2056.00,"Special Education Teachers, Elementary School",2.76,3.62,2.64,3.31,3.14,2.66,4.02,2.8637571428571427,2.8265,2.216428571428572
25-2057.00,"Special Education Teachers, Middle School",2.62,3.86,3.5,3.76,3.1,3.67,3.87,2.171642857142857,2.378571428571429,2.1677714285714287
25-2058.00,"Special Education Teachers, Secondary School",2.75,4.54,4.12,3.3,4.17,2.93,4.22,2.7219999999999995,2.9546857142857146,2.4035714285714285
25-2059.01,Adapted Physical Education Specialists,2.4,4.55,3.47,3.81,3.19,3.35,4.5,2.8474285714285714,2.92,2.596342857142857
25-3011.00,"Adult Basic Education, Adult Secondary Education, and English as a Second Language Instructors",1.97,4.24,3.66,2.83,3.63,3.2,4.37,2.4257,2.5424714285714285,2.02
25-3021.00,Self-Enrichment Teachers,1.84,4.79,3.42,2.76,3.65,2.48,4.37,1.768857142857143,2.6297,1.8571428571428568
25-3031.00,"Substitute Teachers, Short-Term",1.33,4.26,3.34,3.63,2.83,2.82,3.73,1.3738,1.9878285714285715,1.6875
25-3041.00,Tutors,1.38,4.27,3.14,2.24,2.59,2.48,4.36,2.274,2.794428571428571,2.044642857142857
25-4011.00,Archivists,2.72,4.03,2.86,2.26,3.23,2.5,4.0,2.774314285714285,3.1513,1.9842857142857144
25-4012.00,Curators,2.28,4.48,3.61,2.89,3.81,3.71,4.68,2.4818571428571428,2.897828571428572,2.3857142857142857
25-4013.00,Museum Technicians and Conservators,2.97,4.6,3.37,3.08,3.72,3.01,4.35,2.0189285714285714,2.6179428571428573,1.9449142857142856
25-4022.00,Librarians and Media Collections Specialists,2.04,4.27,3.48,2.56,3.19,2.79,4.43,2.2285000000000004,2.585028571428571,1.9085714285714288
25-4031.00,Library Technicians,2.03,4.16,3.79,2.36,3.41,2.71,4.28,1.3496,1.8835,1.6714285714285717
25-9021.00,Farm and Home Management Educators,2.19,4.74,3.44,2.96,3.26,3.04,4.56,2.525714285714286,2.877142857142857,2.645714285714285
25-9031.00,Instructional Coordinators,1.71,4.02,3.35,2.43,3.57,3.97,4.11,3.1307428571428573,3.4722285714285714,2.6185714285714288
25-9042.00,"Teaching Assistants, Preschool, Elementary, Middle, and Secondary School, Except Special Education",2.69,3.39,4.24,3.77,4.27,2.25,3.61,2.6432,3.041257142857143,1.7200000000000002
25-9043.00,"Teaching Assistants, Special Education",2.82,3.31,3.89,3.1,3.58,2.25,3.12,1.7408285714285712,2.314857142857143,1.6714285714285717
25-9044.00,"Teaching Assistants, Postsecondary",2.38,4.03,2.88,2.32,2.95,2.27,4.19,1.874142857142857,2.416442857142857,1.8571428571428568
27-1011.00,Art Directors,1.92,4.17,3.66,1.89,3.33,3.04,4.2,1.8381,3.484171428571429,2.524285714285714
27-1012.00,Craft Artists,1.78,4.36,2.41,2.22,2.39,2.0,4.57,1.750142857142857,2.6757142857142857,1.8057142857142856
27-1013.00,"Fine Artists, Including Painters, Sculptors, and Illustrators",2.27,4.82,3.55,1.63,2.99,1.63,4.4,1.1759142857142857,2.3474142857142857,1.8571428571428568
27-1014.00,Special Effects Artists and Animators,3.13,4.27,4.32,2.27,3.67,4.12,3.69,1.9863142857142857,2.4921,1.9449142857142856
27-1021.00,Commercial and Industrial Designers,2.92,3.71,4.08,2.98,4.28,3.28,3.75,1.5195142857142856,2.990414285714285,2.205357142857143
27-1022.00,Fashion Designers,1.85,3.59,2.72,3.19,3.41,3.51,3.64,2.002742857142857,2.7480571428571428,2.422142857142857
27-1023.00,Floral Designers,2.23,4.23,3.37,3.83,2.88,3.99,4.59,1.5714285714285716,1.5728285714285717,1.8328571428571427
27-1024.00,Graphic Designers,2.0,4.1,3.26,1.75,3.25,3.11,4.1,2.392857142857143,3.040642857142857,1.9085714285714288
27-1025.00,Interior Designers,2.29,3.88,3.75,2.96,3.44,3.38,3.92,2.5446857142857144,3.794857142857144,2.1607142857142856
27-1026.00,Merchandise Displayers and Window Trimmers,1.85,4.12,3.98,2.58,3.18,2.71,3.72,1.7208,2.282057142857143,1.9085714285714288
27-1027.00,Set and Exhibit Designers,2.33,4.24,3.0,2.62,3.48,3.05,4.19,2.1066857142857143,3.31,2.0608
27-2011.00,Actors,1.97,3.45,3.62,2.93,3.29,2.99,2.88,1.1812857142857145,1.5349857142857144,1.8057142857142856
27-2012.00,Producers and Directors,2.65,4.33,4.66,2.55,4.5,4.28,4.27,2.155,2.8704428571428573,2.2928571428571427
27-2012.03,Media Programming Directors,3.05,4.03,4.25,2.05,4.2,3.78,4.2,2.3405714285714287,3.2155428571428573,2.8363428571428573
27-2012.04,Talent Directors,2.05,4.23,3.79,3.33,4.45,4.17,4.55,1.5976,2.6810857142857145,2.44
27-2012.05,Media Technical Directors/Managers,2.96,4.31,4.68,2.87,4.31,4.05,4.17,1.9306,3.494857142857143,2.354914285714286
27-2021.00,Athletes and Sports Competitors,2.51,4.14,3.67,3.54,4.21,3.38,4.03,2.9596,3.091428571428571,1.9257142857142855
27-2022.00,Coaches and Scouts,2.65,4.03,4.09,3.42,3.25,3.06,4.16,2.386,2.821257142857143,2.765714285714286
27-2023.00,"Umpires, Referees, and Other Sports Officials",2.19,4.52,3.29,2.62,3.33,2.63,2.86,1.2082857142857142,2.8385714285714285,1.9642857142857144
27-2031.00,Dancers,2.56,3.45,3.38,2.82,3.71,2.63,3.2,1.3528857142857142,1.3765428571428573,1.5207142857142857
27-2032.00,Choreographers,1.9,4.05,2.95,3.95,3.0,4.14,3.86,2.314285714285714,3.3879428571428574,1.9642857142857144
27-2041.00,Music Directors and Composers,2.06,4.7,3.64,2.38,3.81,3.55,4.55,2.067657142857142,2.6975714285714285,2.1142857142857143
27-2042.00,Musicians and Singers,2.36,3.2,3.07,1.46,2.94,2.3,2.31,1.6761142857142857,2.1945714285714284,1.6364285714285711
27-3011.00,Broadcast Announcers and Radio Disc Jockeys,3.36,4.17,4.46,2.12,4.25,3.35,3.88,2.1833142857142853,3.014257142857143,1.8571428571428568
27-3023.00,"News Analysts, Reporters, and Journalists",2.62,4.56,4.36,2.02,4.0,2.92,4.32,1.4818285714285715,2.2968571428571427,1.9642857142857144
27-3031.00,Public Relations Specialists,2.86,3.81,4.1,2.09,4.05,3.5,3.91,3.59,3.5477571428571437,2.4285714285714284
27-3041.00,Editors,2.43,4.07,4.33,1.96,4.15,3.36,4.21,1.7437142857142858,2.6575999999999995,2.023657142857143
27-3042.00,Technical Writers,2.37,4.4,3.58,1.73,3.43,2.58,3.51,1.7567999999999997,2.155014285714286,1.9085714285714288
27-3043.00,Writers and Authors,1.85,3.56,4.54,1.33,4.38,3.58,3.64,2.564285714285714,2.699871428571428,1.9642857142857144
27-3043.05,"Poets, Lyricists and Creative Writers",1.57,4.64,1.86,1.32,2.27,1.71,4.64,2.3335,2.6585714285714284,2.044642857142857
27-3091.00,Interpreters and Translators,3.56,4.06,4.52,1.91,4.14,3.28,3.42,1.6518857142857142,2.5125,1.9085714285714288
27-3092.00,Court Reporters and Simultaneous Captioners,2.29,4.2,3.42,1.87,3.31,2.12,4.4,1.4312285714285715,1.7230857142857143,1.2857142857142856
27-4011.00,Audio and Video Technicians,2.25,4.45,3.62,3.09,3.96,4.05,3.93,1.6957857142857145,2.731485714285714,1.822857142857143
27-4012.00,Broadcast Technicians,3.17,3.84,3.92,2.65,4.15,3.68,3.87,1.9615428571428573,2.8349714285714285,1.9449142857142856
27-4014.00,Sound Engineering Technicians,2.62,4.24,3.29,2.4,3.56,3.41,3.72,2.0459428571428573,3.293485714285714,1.9642857142857144
27-4021.00,Photographers,2.27,4.14,3.5,2.91,3.27,3.32,4.09,2.307785714285714,3.065885714285714,1.9085714285714288
27-4031.00,"Camera Operators, Television, Video, and Film",3.44,3.45,3.34,2.81,3.58,3.34,3.61,1.7755,2.574614285714285,2.0028571428571427
27-4032.00,Film and Video Editors,2.57,4.06,2.74,1.67,2.78,2.73,3.41,2.3520000000000003,2.6562142857142863,1.9449142857142856
29-1011.00,Chiropractors,3.66,4.96,4.55,3.5,4.58,3.91,4.96,2.7399999999999998,3.5990857142857147,2.2928571428571427
29-1021.00,"Dentists, General",4.21,4.67,4.89,4.6,4.84,4.77,4.81,2.378157142857143,3.7691714285714286,2.8363428571428573
29-1022.00,Oral and Maxillofacial Surgeons,4.1,4.93,4.8,4.85,4.94,4.76,4.6,2.2720571428571428,3.795885714285714,2.8363428571428573
29-1023.00,Orthodontists,2.71,4.81,4.62,4.71,4.65,4.86,4.67,2.5544714285714285,3.7312000000000007,2.524285714285714
29-1024.00,Prosthodontists,3.72,4.95,4.55,4.82,4.56,4.92,4.95,2.781428571428571,3.890828571428571,2.1492
29-1031.00,Dietitians and Nutritionists,2.34,4.55,3.31,3.3,3.03,2.93,4.2,2.254857142857143,3.077714285714286,2.7142857142857144
29-1041.00,Optometrists,3.2,4.71,4.55,3.85,4.33,3.58,4.38,2.5383285714285715,4.284285714285714,2.3192
29-1051.00,Pharmacists,4.83,4.59,4.78,3.7,4.7,4.52,3.91,1.452457142857143,3.136685714285714,2.524285714285714
29-1071.00,Physician Assistants,4.46,4.73,4.59,3.89,4.7,3.46,4.32,2.1670857142857143,4.262971428571429,2.765714285714286
29-1071.01,Anesthesiologist Assistants,3.86,4.14,3.53,4.41,3.52,3.91,4.44,2.038142857142857,3.568,2.354914285714286
29-1081.00,Podiatrists,3.68,5.0,4.73,4.22,4.68,4.53,4.99,2.073914285714286,3.526857142857143,2.645714285714285
29-1122.00,Occupational Therapists,2.86,4.41,4.36,3.86,4.14,2.73,4.5,3.2095857142857143,3.4600714285714287,2.662857142857143
29-1122.01,"Low Vision Therapists, Orientation and Mobility Specialists, and Vision Rehabilitation Therapists",3.04,4.73,3.65,2.87,3.57,2.3,4.7,2.428714285714286,3.2131857142857143,2.1492
29-1123.00,Physical Therapists,3.75,4.75,4.59,4.12,4.51,4.12,4.41,2.528057142857143,3.3734857142857138,2.524285714285714
29-1124.00,Radiation Therapists,4.53,4.14,4.17,3.83,4.3,3.73,3.85,1.644285714285714,3.475,1.837942857142857
29-1125.00,Recreational Therapists,2.47,4.26,3.21,3.87,3.16,3.0,4.32,2.2565285714285714,2.8084,1.9449142857142856
29-1126.00,Respiratory Therapists,4.52,3.89,4.66,3.79,4.4,3.07,3.96,2.043428571428572,3.1942,2.19
29-1127.00,Speech-Language Pathologists,3.18,4.61,4.25,2.98,4.01,2.61,4.62,3.046342857142857,3.4292857142857143,2.524285714285714
29-1128.00,Exercise Physiologists,2.86,4.25,3.55,3.36,3.36,2.82,4.23,2.2566571428571427,2.843071428571428,2.524285714285714
29-1129.01,Art Therapists,3.0,4.42,3.68,3.06,3.52,2.32,4.45,2.7724,3.2375571428571432,2.596342857142857
29-1129.02,Music Therapists,2.12,4.58,3.27,2.65,3.27,2.0,4.38,2.9059428571428567,2.9440000000000004,2.4732142857142856
29-1131.00,Veterinarians,4.09,4.76,4.78,4.2,4.55,4.09,4.29,1.7369285714285714,4.450771428571429,2.6950857142857143
29-1141.00,Registered Nurses,3.94,4.1,4.06,4.19,4.29,3.94,4.01,2.1881714285714287,3.801657142857143,2.5428571428571427
29-1141.01,Acute Care Nurses,4.5,4.05,4.24,4.05,4.1,3.52,4.19,1.93,3.6138571428571424,2.662857142857143
29-1141.02,Advanced Practice Psychiatric Nurses,3.52,4.65,3.7,3.57,4.17,2.7,4.05,2.725314285714286,3.993,2.7142857142857144
29-1141.03,Critical Care Nurses,4.85,3.88,4.62,3.86,4.33,3.39,4.0,2.036914285714285,3.817857142857143,2.645714285714285
29-1141.04,Clinical Nurse Specialists,3.86,4.48,4.05,3.81,4.25,4.14,4.33,2.7207142857142856,3.605028571428572,2.821428571428571
29-1151.00,Nurse Anesthetists,4.77,4.7,4.19,4.48,4.44,3.5,4.44,2.534885714285714,4.173657142857143,2.765714285714286
29-1161.00,Nurse Midwives,4.69,4.67,4.75,4.0,4.52,3.38,4.12,2.3838285714285714,3.939571428571429,2.524285714285714
29-1171.00,Nurse Practitioners,4.39,4.7,4.57,3.91,4.35,3.52,4.3,2.1448857142857145,4.1876,2.765714285714286
29-1181.00,Audiologists,2.59,4.59,4.45,3.43,4.14,3.05,4.18,2.355542857142857,3.7795,2.571428571428571
29-1211.00,Anesthesiologists,4.53,4.73,4.71,4.22,4.73,3.85,4.45,2.198242857142857,4.439800000000001,2.894285714285714
29-1213.00,Dermatologists,4.19,4.99,4.48,4.64,4.3,4.2,4.76,2.3158857142857143,3.765085714285714,2.571428571428571
29-1214.00,Emergency Medicine Physicians,4.93,4.93,4.6,4.28,4.73,3.9,4.2,1.8609142857142855,4.548228571428572,3.005714285714286
29-1215.00,Family Medicine Physicians,4.97,4.98,5.0,3.71,4.99,4.23,4.47,1.9919714285714285,3.5029285714285714,3.0357142857142856
29-1216.00,General Internal Medicine Physicians,4.32,4.84,4.39,4.04,4.18,3.58,4.42,2.066628571428572,3.901457142857143,2.821428571428571
29-1217.00,Neurologists,4.56,4.92,4.78,3.97,4.86,4.04,4.85,2.9717714285714285,4.610285714285714,2.928571428571429
29-1218.00,Obstetricians and Gynecologists,3.85,4.82,4.65,3.86,4.8,4.46,4.73,2.554,4.365714285714285,2.821428571428571
29-1221.00,"Pediatricians, General",3.64,4.85,4.67,3.84,4.65,4.11,4.57,1.9597714285714285,4.072571428571429,3.0335714285714284
29-1222.00,"Physicians, Pathologists",4.42,4.61,4.61,2.69,4.76,3.32,4.36,2.0619428571428573,3.837828571428571,2.954285714285714
29-1223.00,Psychiatrists,3.9,4.87,4.42,3.0,4.17,3.24,4.4,2.4015142857142857,4.199885714285715,2.894285714285714
29-1224.00,Radiologists,3.85,4.49,4.57,3.6,4.33,3.82,4.32,2.308114285714286,4.029400000000001,2.894285714285714
29-1229.01,Allergists and Immunologists,4.2,4.75,4.42,3.91,4.36,4.08,4.44,2.766728571428572,4.1428,3.005714285714286
29-1229.02,Hospitalists,4.46,4.58,4.88,3.96,4.75,3.92,4.16,2.330285714285714,4.387428571428572,2.9522285714285714
29-1229.03,Urologists,3.87,4.99,4.36,4.84,4.34,4.76,4.98,3.1918,4.626785714285714,2.9732142857142856
29-1229.04,Physical Medicine and Rehabilitation Physicians,4.24,4.91,4.51,3.87,4.8,4.17,4.84,2.6947,4.054385714285714,2.748571428571428
29-1229.05,Preventive Medicine Physicians,3.61,4.63,4.39,4.21,4.32,3.94,4.21,3.0436428571428573,3.9547428571428567,3.321428571428572
29-1229.06,Sports Medicine Physicians,4.7,5.0,4.99,3.0,4.83,4.36,4.74,2.3176,4.696,2.9522285714285714
29-1241.00,"Ophthalmologists, Except Pediatric",4.91,5.0,4.99,3.67,4.94,4.13,4.55,3.284957142857144,4.225771428571429,2.7142857142857144
29-1291.00,Acupuncturists,3.29,4.79,3.86,3.61,3.55,2.18,4.7,2.0974,3.2190000000000003,2.25
29-1292.00,Dental Hygienists,3.34,3.98,4.35,3.1,4.33,2.2,4.1,2.367857142857143,2.938928571428572,1.8571428571428568
29-1299.01,Naturopathic Physicians,3.67,4.68,4.44,3.48,4.24,2.8,4.48,2.352457142857143,4.0201142857142855,2.821428571428571
29-1299.02,Orthoptists,2.7,4.14,4.04,2.93,3.75,3.04,4.0,1.7369285714285714,3.2798285714285718,2.3192
29-2011.00,Medical and Clinical Laboratory Technologists,3.98,4.29,4.4,3.59,4.12,3.45,4.04,1.9742857142857144,4.115885714285714,1.9842857142857144
29-2011.01,Cytogenetic Technologists,4.24,3.67,4.76,3.52,4.52,2.89,3.48,1.5797714285714286,2.697142857142857,2.1607142857142856
29-2011.02,Cytotechnologists,4.18,4.43,3.86,3.05,4.0,2.59,3.55,1.3674857142857144,2.489928571428571,1.9449142857142856
29-2011.04,Histotechnologists,4.14,3.71,3.81,3.71,3.29,3.14,3.57,1.5916571428571429,2.585642857142857,2.02
29-2012.00,Medical and Clinical Laboratory Technicians,3.76,3.88,3.43,3.38,3.56,2.71,3.9,1.914642857142857,3.5288571428571425,1.8571428571428568
29-2012.01,Histology Technicians,4.32,3.64,3.32,3.96,3.2,3.04,3.33,1.4224,2.7197714285714287,1.8328571428571427
29-2031.00,Cardiovascular Technologists and Technicians,3.77,3.9,4.32,3.58,4.28,3.29,4.07,1.699285714285714,2.5162000000000004,2.044642857142857
29-2032.00,Diagnostic Medical Sonographers,3.5,4.18,4.28,3.2,4.04,2.7,3.79,1.637714285714286,2.7846714285714285,1.9449142857142856
29-2033.00,Nuclear Medicine Technologists,4.41,4.45,4.47,3.56,4.24,3.29,4.3,1.5638285714285716,2.5008,1.9257142857142855
29-2034.00,Radiologic Technologists and Technicians,3.4,4.01,4.78,4.0,4.32,3.3,3.87,1.3857,2.1907,1.7485714285714289
29-2035.00,Magnetic Resonance Imaging Technologists,4.0,4.3,3.61,4.65,3.65,3.43,4.04,1.8652,2.9806857142857144,1.8571428571428568
29-2036.00,Medical Dosimetrists,4.5,3.9,4.05,3.15,4.15,3.15,4.2,2.3091428571428567,3.632142857142856,2.4035714285714285
29-2051.00,Dietetic Technicians,3.0,4.15,3.8,4.54,3.59,4.15,4.19,1.882442857142857,2.1565714285714286,1.9085714285714288
29-2052.00,Pharmacy Technicians,4.01,3.28,3.86,3.4,3.99,3.39,3.51,1.5646857142857142,2.259657142857143,1.9085714285714288
29-2053.00,Psychiatric Technicians,2.77,3.76,3.48,3.54,2.38,3.06,3.83,1.2595714285714286,2.1993714285714288,1.8571428571428568
29-2055.00,Surgical Technologists,4.26,3.78,4.66,4.35,4.51,3.98,4.1,1.8451,2.8375285714285714,1.8571428571428568
29-2056.00,Veterinary Technologists and Technicians,3.84,3.6,4.1,3.88,4.13,3.27,3.85,1.524857142857143,2.744142857142857,1.9449142857142856
29-2057.00,Ophthalmic Medical Technicians,3.14,3.91,4.45,3.68,4.09,3.09,3.59,1.3455714285714286,2.1410714285714283,1.7734857142857143
29-2061.00,Licensed Practical and Licensed Vocational Nurses,3.42,3.77,4.33,4.24,4.21,3.85,3.94,2.0904,3.267428571428572,2.216428571428572
29-2081.00,"Opticians, Dispensing",2.21,4.42,4.42,3.29,3.96,3.17,3.96,1.9464714285714284,3.3280857142857143,1.822857142857143
29-2091.00,Orthotists and Prosthetists,2.81,4.52,4.62,4.0,3.9,3.76,4.19,2.101,3.649771428571429,2.1635714285714283
29-2092.00,Hearing Aid Specialists,2.37,4.54,4.69,3.03,4.31,3.34,4.26,1.7386857142857142,3.008642857142857,1.9449142857142856
29-2099.01,Neurodiagnostic Technologists,3.81,4.17,4.28,3.26,4.0,2.84,3.81,1.9211142857142856,3.0991428571428568,1.9842857142857144
29-2099.05,Ophthalmic Medical Technologists,3.25,3.9,4.15,3.3,3.95,2.95,3.55,1.1760714285714289,2.628571428571429,1.8914285714285717
29-2099.08,Patient Representatives,2.18,4.31,3.32,2.78,3.49,3.21,3.49,1.8162571428571428,2.9824,2.044642857142857
29-9091.00,Athletic Trainers,3.89,4.43,4.69,4.42,4.29,3.56,4.05,2.317171428571428,3.612357142857143,2.5428571428571427
29-9092.00,Genetic Counselors,3.26,4.04,4.04,2.36,3.74,2.45,3.96,1.6526714285714283,3.101571428571429,2.2857142857142856
29-9093.00,Surgical Assistants,4.26,3.51,3.59,3.99,3.49,3.95,4.12,2.008,3.655,1.9449142857142856
29-9099.01,Midwives,4.13,4.54,4.21,3.23,4.55,3.34,4.13,2.532457142857143,3.710442857142857,2.571428571428571
31-1121.00,Home Health Aides,3.68,3.47,3.71,3.56,3.96,3.29,3.62,1.5667428571428572,2.3464,1.8571428571428568
31-1122.00,Personal Care Aides,3.74,3.16,4.07,3.76,4.07,2.82,3.12,2.532442857142857,2.915542857142857,1.7036571428571428
31-1131.00,Nursing Assistants,3.4,3.11,3.68,4.38,3.73,3.89,3.64,1.5943571428571428,2.4035714285714285,1.6714285714285717
31-1132.00,Orderlies,3.85,4.07,4.42,4.51,4.15,3.1,3.81,1.2514285714285711,1.8427857142857145,1.3749142857142858
31-1133.00,Psychiatric Aides,3.79,3.65,3.46,3.85,3.63,3.35,3.75,2.0034,2.890242857142857,1.9085714285714288
31-2011.00,Occupational Therapy Assistants,2.72,4.55,4.68,4.49,4.3,3.93,4.64,2.3820571428571427,2.755428571428572,1.9085714285714288
31-2012.00,Occupational Therapy Aides,3.2,3.77,3.83,4.39,3.98,3.44,3.62,1.9615428571428573,2.574285714285714,1.822857142857143
31-2021.00,Physical Therapist Assistants,3.85,3.91,4.9,3.01,4.61,2.46,4.46,2.104557142857143,2.975142857142857,1.9085714285714288
31-2022.00,Physical Therapist Aides,2.97,3.85,3.68,4.13,3.77,3.09,3.48,1.852,2.6792285714285717,1.5300000000000002
31-9011.00,Massage Therapists,2.62,4.54,4.32,2.81,3.73,1.65,4.58,1.8685714285714283,2.662171428571429,1.872228571428572
31-9091.00,Dental Assistants,3.0,3.52,3.73,4.47,3.34,3.32,3.44,2.0830857142857147,2.8896571428571427,1.7036571428571428
31-9092.00,Medical Assistants,4.0,3.22,3.85,3.63,3.5,3.09,3.68,2.836,3.4693714285714283,1.8571428571428568
31-9093.00,Medical Equipment Preparers,3.76,4.03,4.1,4.21,4.09,4.05,3.81,1.7225714285714284,3.503885714285714,1.7857142857142856
31-9094.00,Medical Transcriptionists,2.61,3.76,3.78,3.92,3.53,3.6,4.25,1.2185714285714286,2.0914,1.7485714285714289
31-9095.00,Pharmacy Aides,3.74,3.68,3.43,3.47,3.17,3.12,3.94,1.9,2.967314285714286,1.6428571428571428
31-9096.00,Veterinary Assistants and Laboratory Animal Caretakers,3.75,3.46,4.18,3.03,3.97,3.31,3.51,1.4862,2.629714285714285,1.7385714285714284
31-9097.00,Phlebotomists,4.48,3.82,4.14,4.36,4.0,3.86,3.73,1.8971428571428568,3.1594857142857142,1.7036571428571428
31-9099.01,Speech-Language Pathology Assistants,2.45,3.28,3.72,3.6,3.52,1.68,4.1,2.215242857142857,2.748571428571429,1.9449142857142856
31-9099.02,Endoscopy Technicians,3.92,3.65,4.12,4.19,3.54,3.33,3.46,1.798,2.697142857142857,1.822857142857143
33-1011.00,First-Line Supervisors of Correctional Officers,3.25,4.13,4.68,4.77,4.43,4.47,3.91,2.1711714285714288,3.4432,1.9842857142857144
33-1012.00,First-Line Supervisors of Police and Detectives,3.85,4.43,4.46,4.26,4.61,4.21,4.08,2.668,3.629057142857143,2.524285714285714
33-1021.00,First-Line Supervisors of Firefighting and Prevention Workers,4.44,4.49,4.32,4.8,4.63,4.62,4.34,3.1784285714285714,4.099442857142858,2.265085714285714
33-1091.00,First-Line Supervisors of Security Workers,3.21,4.63,4.71,4.62,4.73,4.82,4.63,1.927,3.8364285714285713,2.283657142857143
33-2011.00,Firefighters,4.19,3.94,4.13,4.47,4.27,3.96,3.88,2.208571428571429,3.3370285714285712,2.265085714285714
33-2021.00,Fire Inspectors and Investigators,3.11,4.54,4.4,3.66,4.44,3.46,4.68,2.1946,3.112,1.9085714285714288
33-2022.00,Forest Fire Inspectors and Prevention Specialists,3.79,4.56,4.32,4.5,4.87,4.11,4.15,2.8708857142857145,3.079,2.216428571428572
33-3011.00,Bailiffs,2.97,3.76,3.78,3.45,3.27,2.44,3.3,1.8731428571428568,3.4577142857142857,1.9642857142857144
33-3012.00,Correctional Officers and Jailers,3.79,4.22,4.29,4.34,4.25,3.8,4.01,2.2432,3.1600000000000006,1.9642857142857144
33-3021.00,Detectives and Criminal Investigators,4.3,4.54,4.61,4.01,4.65,3.48,4.41,2.381114285714286,3.5897142857142854,2.4732142857142856
33-3021.02,Police Identification and Records Officers,2.96,4.49,3.76,3.07,3.65,3.01,4.22,2.2052428571428573,3.352228571428572,1.8571428571428568
33-3021.06,Intelligence Analysts,2.57,4.3,3.09,2.35,3.04,2.91,4.3,2.0986857142857143,2.902857142857143,2.1357142857142857
33-3031.00,Fish and Game Wardens,4.26,4.76,4.08,4.23,4.42,3.18,4.57,2.5302285714285717,3.865228571428571,2.1607142857142856
33-3041.00,Parking Enforcement Workers,2.6,3.74,4.87,2.95,3.84,2.19,3.47,1.8613,2.417742857142857,1.604285714285714
33-3051.00,Police and Sheriff's Patrol Officers,3.62,4.5,4.66,4.46,4.52,3.28,4.02,2.294842857142857,3.9039428571428574,2.354914285714286
33-3051.04,Customs and Border Protection Officers,4.22,4.2,4.64,3.51,4.54,3.05,3.91,2.0241,3.5548571428571427,2.31
33-3052.00,Transit and Railroad Police,3.7,4.41,4.43,4.57,3.99,3.6,4.17,2.2605142857142857,3.0989571428571434,2.0028571428571427
33-9011.00,Animal Control Workers,3.96,4.54,4.58,3.69,4.31,2.8,4.27,2.1974285714285715,3.779371428571429,1.822857142857143
33-9021.00,Private Detectives and Investigators,2.83,4.61,3.98,2.3,4.13,3.18,4.39,2.3027285714285712,3.0569285714285708,2.1492
33-9031.00,Gambling Surveillance Officers and Gambling Investigators,3.63,4.39,4.44,3.4,4.44,3.41,3.97,1.9737142857142855,2.9872,2.0608
33-9032.00,Security Guards,3.2,4.44,3.68,4.95,3.44,3.48,4.37,2.8038,3.0787857142857145,1.7142857142857144
33-9091.00,Crossing Guards and Flaggers,4.09,4.25,4.22,2.91,3.67,2.06,3.74,1.4587428571428571,1.757285714285714,1.625
33-9092.00,"Lifeguards, Ski Patrol, and Other Recreational Protective Service Workers",4.06,3.82,4.11,4.24,4.08,3.35,3.67,1.3927,2.5552,1.8571428571428568
33-9093.00,Transportation Security Screeners,3.85,3.0,3.81,3.3,3.63,2.89,2.63,1.4649142857142856,2.5004285714285714,1.872228571428572
33-9099.02,Retail Loss Prevention Specialists,3.5,4.51,4.09,3.9,4.16,3.05,3.87,2.2118857142857147,3.413271428571429,2.02
35-1011.00,Chefs and Head Cooks,2.96,3.67,4.61,4.04,4.12,3.91,3.62,1.9085714285714288,2.5593142857142857,2.1677714285714287
35-1012.00,First-Line Supervisors of Food Preparation and Serving Workers,2.93,3.74,3.27,3.85,2.81,3.7,3.66,1.9762857142857144,2.6058142857142856,1.8571428571428568
35-2011.00,"Cooks, Fast Food",3.9,3.09,3.49,3.27,3.75,3.15,2.19,1.342,1.6117428571428571,1.4179428571428572
35-2012.00,"Cooks, Institution and Cafeteria",3.25,3.65,3.78,4.01,3.34,3.78,3.86,1.5472285714285714,2.0020571428571428,1.872228571428572
35-2013.00,"Cooks, Private Household",2.46,4.04,3.38,3.23,3.58,2.77,3.88,1.6325714285714286,2.018357142857143,1.8571428571428568
35-2014.00,"Cooks, Restaurant",2.59,3.78,4.01,3.87,3.96,3.67,3.81,1.0864571428571428,1.4378,1.5508
35-2015.00,"Cooks, Short Order",1.86,4.11,3.43,3.13,3.17,3.31,3.27,1.1946285714285714,1.6963,1.4628571428571429
35-2021.00,Food Preparation Workers,3.11,2.93,3.17,3.36,3.01,2.74,2.74,1.154114285714286,1.9614,1.394285714285714
35-3011.00,Bartenders,1.42,4.03,3.65,2.78,3.28,2.11,3.46,1.5051428571428571,1.91,1.7734857142857143
35-3023.00,Fast Food and Counter Workers,2.51,4.39,3.58,3.42,3.02,3.41,4.22,1.3545142857142858,1.6346714285714286,1.3706285714285715
35-3023.01,Baristas,1.6,4.05,3.39,2.75,3.21,2.56,3.42,1.4693142857142858,1.8485714285714288,1.4435714285714285
35-3031.00,Waiters and Waitresses,1.72,3.4,3.39,3.9,3.05,3.08,3.45,1.2157857142857142,1.492642857142857,1.5
35-3041.00,"Food Servers, Nonrestaurant",2.64,3.78,3.91,3.99,3.65,3.64,3.89,1.3328,2.0197000000000003,1.5300000000000002
35-9011.00,Dining Room and Cafeteria Attendants and Bartender Helpers,1.88,3.12,3.28,3.41,3.6,2.79,3.14,1.6968,1.8468,1.5693714285714286
35-9021.00,Dishwashers,1.81,2.69,2.34,4.08,2.31,2.49,3.38,1.2409142857142856,1.6794428571428572,1.3571428571428572
35-9031.00,"Hosts and Hostesses, Restaurant, Lounge, and Coffee Shop",2.05,4.16,4.19,3.03,3.48,2.8,3.73,1.2480714285714285,1.6285714285714286,1.32
37-1011.00,First-Line Supervisors of Housekeeping and Janitorial Workers,2.87,3.63,3.75,4.33,3.78,4.52,3.76,2.0754857142857146,3.0925857142857143,1.822857142857143
37-1012.00,"First-Line Supervisors of Landscaping, Lawn Service, and Groundskeeping Workers",3.53,4.11,4.44,4.49,4.13,4.43,4.33,2.1295,3.026542857142857,1.9642857142857144
37-2011.00,"Janitors and Cleaners, Except Maids and Housekeeping Cleaners",2.38,4.43,3.03,3.9,2.72,2.9,4.52,2.104171428571428,2.492114285714286,1.4179428571428572
37-2012.00,Maids and Housekeeping Cleaners,1.76,3.21,2.67,3.17,2.52,2.6,3.34,1.2812142857142856,1.5189714285714286,1.3392000000000002
37-2021.00,Pest Control Workers,3.27,4.48,4.38,2.84,4.19,2.15,4.35,1.7524,2.664428571428571,1.872228571428572
37-3011.00,Landscaping and Groundskeeping Workers,2.91,2.53,2.72,3.31,3.17,3.16,3.17,1.3980428571428571,2.188628571428572,1.4821428571428572
37-3012.00,"Pesticide Handlers, Sprayers, and Applicators, Vegetation",3.82,4.28,4.53,3.3,4.37,3.12,3.79,1.87,2.628342857142857,1.822857142857143
37-3013.00,Tree Trimmers and Pruners,3.79,4.39,4.49,3.96,4.32,3.95,4.37,1.8777142857142857,2.9122714285714286,1.625
39-1013.00,First-Line Supervisors of Gambling Services Workers,3.38,3.69,4.24,3.59,4.34,4.29,3.64,1.3656285714285714,2.0451428571428574,1.9085714285714288
39-1022.00,First-Line Supervisors of Personal Service Workers,3.67,4.57,4.51,4.52,4.66,4.92,4.81,1.9934571428571428,3.045828571428571,1.9642857142857144
39-2011.00,Animal Trainers,2.75,4.78,3.72,3.6,4.0,3.31,4.51,2.1913,3.266885714285714,1.872228571428572
39-2021.00,Animal Caretakers,3.32,3.64,4.19,3.2,3.86,2.98,3.79,1.6507,2.374357142857143,1.605714285714286
39-3011.00,Gambling Dealers,2.53,2.38,4.25,2.57,3.63,2.32,2.56,1.0663714285714283,1.3620714285714286,1.51
39-3012.00,Gambling and Sports Book Writers and Runners,2.1,3.06,3.3,2.98,3.53,2.69,3.23,1.1967857142857143,1.9786857142857144,1.5785714285714287
39-3021.00,Motion Picture Projectionists,2.5,3.98,3.68,2.36,3.42,2.71,3.55,1.096,1.876342857142857,1.604285714285714
39-3031.00,"Ushers, Lobby Attendants, and Ticket Takers",1.72,3.68,3.28,1.84,3.08,1.96,2.67,1.1908,1.6776,1.4179428571428572
39-3091.00,Amusement and Recreation Attendants,2.12,3.47,3.2,2.87,3.31,2.51,3.11,1.4394,1.9338857142857144,1.4906285714285716
39-3092.00,Costume Attendants,2.18,4.2,3.53,2.87,3.33,3.68,4.14,1.4577,2.4879999999999995,1.4691999999999998
39-3093.00,"Locker Room, Coatroom, and Dressing Room Attendants",1.69,3.87,3.31,3.31,2.88,2.98,3.63,1.0473142857142856,1.538385714285714,1.4017857142857142
39-4011.00,Embalmers,4.06,4.49,4.68,3.74,4.66,3.73,4.31,1.8288,3.2722857142857142,1.8571428571428568
39-4021.00,Funeral Attendants,2.55,3.6,3.52,2.0,3.26,2.11,3.16,1.1400142857142856,2.0751285714285714,1.4691999999999998
39-4031.00,"Morticians, Undertakers, and Funeral Arrangers",3.28,4.24,4.4,3.74,4.65,3.8,4.27,1.7707428571428572,3.196642857142857,1.9085714285714288
39-5011.00,Barbers,2.44,4.79,2.92,3.33,4.36,2.53,4.24,1.5861142857142858,2.3349857142857147,1.605714285714286
39-5012.00,"Hairdressers, Hairstylists, and Cosmetologists",2.26,4.76,3.86,3.52,3.72,2.94,4.7,1.5539285714285715,2.630157142857142,1.8035714285714288
39-5091.00,"Makeup Artists, Theatrical and Performance",2.43,4.15,3.19,4.48,3.3,3.19,4.15,1.8007142857142855,2.920857142857143,1.9642857142857144
39-5092.00,Manicurists and Pedicurists,1.69,3.9,2.03,3.55,1.96,2.91,3.46,1.1482,1.2725,1.4179428571428572
39-5093.00,Shampooers,1.82,3.62,4.11,2.98,4.36,2.8,3.42,1.339557142857143,1.757285714285714,1.4542857142857144
39-5094.00,Skincare Specialists,2.49,4.34,4.68,3.26,4.05,2.65,3.97,1.7153714285714288,2.317085714285714,1.7734857142857143
39-6011.00,Baggage Porters and Bellhops,3.01,4.33,3.9,3.72,3.51,3.28,3.83,1.5660571428571428,2.4208,1.5625
39-6012.00,Concierges,1.95,4.41,3.23,3.05,3.27,3.18,4.5,1.7231714285714286,2.8777142857142857,1.8571428571428568
39-7011.00,Tour Guides and Escorts,1.9,4.06,3.64,2.54,3.25,2.38,3.91,1.3361142857142856,1.9538285714285717,1.5300000000000002
39-7012.00,Travel Guides,2.49,4.77,4.61,4.01,4.2,4.06,4.88,2.0260714285714285,2.9158,1.9085714285714288
39-9011.00,Childcare Workers,2.69,4.03,3.32,3.95,3.33,3.48,4.07,1.8354285714285716,2.246142857142857,1.8571428571428568
39-9011.01,Nannies,3.44,4.48,3.48,3.2,3.64,2.71,4.28,1.4011428571428572,2.5808,2.1228571428571428
39-9031.00,Exercise Trainers and Group Fitness Instructors,2.48,4.62,3.76,3.57,3.75,2.33,4.33,2.2648,2.3474142857142857,1.8571428571428568
39-9032.00,Recreation Workers,3.4,4.1,3.65,3.59,3.57,2.85,4.34,2.356114285714286,2.880742857142857,1.8571428571428568
39-9041.00,Residential Advisors,3.48,3.85,3.55,4.18,3.67,3.78,4.09,2.0296857142857143,2.71,1.9449142857142856
41-1011.00,First-Line Supervisors of Retail Sales Workers,1.67,4.3,4.22,3.79,3.95,3.71,4.15,1.5684285714285713,2.6784714285714286,1.9085714285714288
41-1012.00,First-Line Supervisors of Non-Retail Sales Workers,2.24,4.05,4.54,3.55,4.61,4.44,4.19,2.875342857142857,3.557028571428572,2.596342857142857
41-2011.00,Cashiers,1.93,3.45,4.06,2.68,3.09,2.82,3.2,1.1136714285714286,1.6425,1.4285714285714286
41-2012.00,Gambling Change Persons and Booth Cashiers,2.55,3.11,4.23,2.58,4.23,2.63,3.26,1.326857142857143,2.5542857142857143,1.5300000000000002
41-2021.00,Counter and Rental Clerks,1.93,3.94,4.04,2.64,3.36,3.33,3.61,1.6216,2.345428571428572,1.604285714285714
41-2022.00,Parts Salespersons,2.54,4.55,3.99,3.33,4.12,4.16,4.13,1.9623142857142857,2.9010857142857147,1.822857142857143
41-2031.00,Retail Salespersons,2.36,3.43,4.15,2.7,4.03,2.85,4.08,1.624,2.1972571428571426,1.7385714285714284
41-3011.00,Advertising Sales Agents,2.0,4.55,4.33,1.51,4.19,2.4,4.66,2.162,2.8286714285714285,2.044642857142857
41-3021.00,Insurance Sales Agents,2.98,3.88,4.81,1.82,4.43,2.14,4.11,2.125057142857143,2.3846285714285718,1.9285714285714288
41-3031.00,"Securities, Commodities, and Financial Services Sales Agents",3.33,4.33,4.3,2.1,4.3,3.01,4.43,2.054857142857143,2.9448,2.31
41-3041.00,Travel Agents,3.38,4.03,3.74,2.55,3.88,3.41,4.32,1.4894714285714288,2.4674,2.02
41-4011.00,"Sales Representatives, Wholesale and Manufacturing, Technical and Scientific Products",2.5,4.27,4.69,2.69,4.04,2.91,4.7,1.7593714285714286,2.011257142857143,2.023657142857143
41-4011.07,Solar Sales Representatives and Assessors,2.77,4.02,3.79,2.1,3.97,2.78,4.54,2.1139,2.677785714285714,1.9085714285714288
41-4012.00,"Sales Representatives, Wholesale and Manufacturing, Except Technical and Scientific Products",1.88,4.51,4.72,2.29,4.32,3.22,4.61,1.6384,3.1921428571428576,1.9085714285714288
41-9011.00,Demonstrators and Product Promoters,2.19,4.04,3.77,2.78,3.69,2.4,3.62,1.5585428571428572,2.2609142857142857,1.7485714285714289
41-9012.00,Models,2.22,3.73,2.94,1.2,2.95,1.95,2.67,1.075,1.2291142857142856,1.3008
41-9021.00,Real Estate Brokers,3.15,4.89,4.59,2.23,4.39,3.16,4.84,1.916542857142857,2.5478571428571426,2.36
41-9022.00,Real Estate Sales Agents,3.4,4.57,4.35,2.14,4.43,2.89,4.71,2.378,3.325857142857142,2.205357142857143
41-9031.00,Sales Engineers,2.66,4.46,4.56,2.69,4.48,3.56,4.42,2.2246428571428574,2.893214285714286,2.7142857142857144
41-9041.00,Telemarketers,1.88,3.53,3.25,2.2,3.2,2.44,3.43,2.5046285714285714,2.9414285714285717,1.4179428571428572
41-9091.00,"Door-to-Door Sales Workers, News and Street Vendors, and Related Workers",1.46,4.79,2.92,1.67,2.58,2.21,4.75,1.6828571428571428,1.5525,1.822857142857143
43-1011.00,First-Line Supervisors of Office and Administrative Support Workers,2.92,4.03,3.96,2.61,3.97,4.36,4.41,2.186871428571429,2.9305857142857143,2.225714285714286
43-2011.00,"Switchboard Operators, Including Answering Service",2.03,3.71,4.49,2.72,3.48,2.55,3.55,1.0492142857142857,1.7437142857142858,1.4906285714285716
43-2021.00,Telephone Operators,2.32,3.72,4.18,3.27,3.74,3.12,3.69,1.5765142857142858,1.7106,1.335714285714286
43-3011.00,Bill and Account Collectors,3.1,3.24,4.27,2.25,4.16,2.61,3.37,1.5234142857142858,2.165057142857143,1.7385714285714284
43-3021.00,Billing and Posting Clerks,1.93,4.09,3.61,1.81,3.37,2.3,4.18,1.3035428571428571,2.1642714285714284,1.7385714285714284
43-3031.00,"Bookkeeping, Accounting, and Auditing Clerks",2.44,3.75,3.92,2.05,3.68,2.97,3.8,1.6167857142857145,2.3817142857142857,1.7200000000000002
43-3041.00,Gambling Cage Workers,3.98,3.26,3.98,3.01,3.86,3.05,3.0,1.3537857142857144,2.3914714285714287,1.6391999999999998
43-3051.00,Payroll and Timekeeping Clerks,2.25,3.49,3.86,1.81,3.88,2.23,3.64,1.4375,2.3362,1.7734857142857143
43-3061.00,Procurement Clerks,2.08,4.35,4.46,2.47,3.98,2.61,4.36,1.8307,2.319742857142857,2.1142857142857143
43-3071.00,Tellers,3.2,3.67,4.33,3.56,4.15,3.2,3.77,1.6748714285714286,2.4892000000000003,1.7734857142857143
43-4011.00,Brokerage Clerks,3.16,3.88,3.89,1.41,3.87,2.69,4.11,1.3426428571428572,2.1839285714285714,1.822857142857143
43-4021.00,Correspondence Clerks,2.39,4.16,3.94,2.61,4.0,3.15,4.59,1.5654,2.330028571428572,1.9642857142857144
43-4031.00,"Court, Municipal, and License Clerks",2.62,3.88,3.63,2.65,3.49,2.62,4.21,1.4448714285714286,2.2607142857142857,1.7485714285714289
43-4041.00,"Credit Authorizers, Checkers, and Clerks",3.16,4.38,4.51,2.58,4.52,3.73,4.53,1.7373571428571428,2.4625142857142857,1.9285714285714288
43-4051.00,Customer Service Representatives,2.16,3.05,3.89,2.36,3.86,2.91,3.37,1.6433428571428572,2.673057142857143,1.8057142857142856
43-4061.00,"Eligibility Interviewers, Government Programs",2.67,3.63,4.37,2.71,3.77,2.76,3.65,1.5775,2.900642857142857,2.044642857142857
43-4071.00,File Clerks,2.91,3.43,3.2,2.45,2.92,2.63,3.76,2.017128571428572,3.212371428571428,1.5
43-4081.00,"Hotel, Motel, and Resort Desk Clerks",2.3,4.2,4.31,3.29,3.95,3.77,3.98,1.5868,2.8095,1.822857142857143
43-4111.00,"Interviewers, Except Eligibility and Loan",2.34,3.76,4.13,3.53,4.14,3.55,3.76,2.5825714285714287,3.4330857142857147,1.6364285714285711
43-4121.00,"Library Assistants, Clerical",1.55,3.9,3.9,2.65,3.49,2.68,4.0,1.4467857142857143,2.0208000000000004,1.5625
43-4131.00,Loan Interviewers and Clerks,2.43,4.42,4.62,2.25,4.07,3.6,4.46,1.7773857142857143,3.036342857142857,2.275
43-4141.00,New Accounts Clerks,3.07,3.32,3.96,2.41,3.85,2.68,3.46,1.5146000000000002,2.3865142857142856,1.8571428571428568
43-4151.00,Order Clerks,1.61,3.81,3.52,2.61,3.34,3.39,4.39,1.6391999999999998,2.6464857142857143,1.8328571428571427
43-4161.00,"Human Resources Assistants, Except Payroll and Timekeeping",2.27,3.98,3.41,2.91,3.73,3.12,4.22,2.0300714285714285,2.945142857142857,1.8571428571428568
43-4171.00,Receptionists and Information Clerks,1.96,3.95,4.56,1.92,4.3,2.16,3.86,1.4484285714285714,2.474857142857143,1.4179428571428572
43-4181.00,Reservation and Transportation Ticket Agents and Travel Clerks,3.45,4.05,4.61,2.64,3.97,2.35,2.68,1.2164285714285714,3.354914285714286,1.9085714285714288
43-5011.00,Cargo and Freight Agents,3.02,4.2,3.94,3.06,3.65,3.36,4.36,1.5856,2.6277,1.6875
43-5011.01,Freight Forwarders,3.0,3.53,4.01,2.03,4.01,3.64,3.58,2.533642857142857,3.369828571428572,1.8571428571428568
43-5021.00,Couriers and Messengers,2.73,4.79,3.44,3.52,3.33,3.44,4.15,1.038657142857143,1.7398857142857145,1.537142857142857
43-5031.00,Public Safety Telecommunicators,3.81,4.33,4.78,3.72,4.73,3.66,3.8,2.4168571428571424,3.5136571428571437,2.0608
43-5032.00,"Dispatchers, Except Police, Fire, and Ambulance",2.3,4.51,4.85,4.25,4.7,4.69,4.29,1.6753714285714283,2.251428571428572,1.872228571428572
43-5041.00,"Meter Readers, Utilities",3.0,3.82,3.83,3.63,3.61,3.42,3.57,1.3417,2.066628571428572,1.5785714285714287
43-5051.00,Postal Service Clerks,2.28,3.13,3.48,2.96,3.58,3.0,2.91,1.3168,2.083428571428572,1.5693714285714286
43-5052.00,Postal Service Mail Carriers,2.93,3.38,3.93,2.69,3.73,1.75,2.67,1.0775571428571429,1.5554285714285716,1.4906285714285716
43-5053.00,"Postal Service Mail Sorters, Processors, and Processing Machine Operators",2.33,3.24,3.36,3.11,3.09,2.55,3.1,1.2241142857142857,1.7148857142857143,1.5693714285714286
43-5061.00,"Production, Planning, and Expediting Clerks",3.19,4.59,4.23,3.07,4.03,3.34,4.41,1.673257142857143,2.5288,1.7734857142857143
43-5071.00,"Shipping, Receiving, and Inventory Clerks",2.46,4.14,3.48,4.07,3.36,4.02,4.37,1.5936285714285714,1.9728571428571429,1.7385714285714284
43-5111.00,"Weighers, Measurers, Checkers, and Samplers, Recordkeeping",3.01,3.52,3.11,3.54,3.05,3.02,3.52,1.7676857142857143,2.547242857142857,1.7734857142857143
43-6011.00,Executive Secretaries and Executive Administrative Assistants,2.07,4.26,3.26,2.11,3.35,2.32,4.68,1.6576428571428572,2.453242857142857,1.872228571428572
43-6012.00,Legal Secretaries and Administrative Assistants,2.44,3.61,3.38,2.42,3.3,1.92,3.82,1.7952714285714286,2.5061714285714283,1.6875
43-6013.00,Medical Secretaries and Administrative Assistants,2.09,3.81,3.51,2.76,3.52,3.0,4.04,1.6794428571428572,2.604914285714285,1.604285714285714
43-6014.00,"Secretaries and Administrative Assistants, Except Legal, Medical, and Executive",2.1,3.78,3.47,2.39,3.6,2.97,4.28,1.4547285714285716,2.0137714285714283,1.7485714285714289
43-9021.00,Data Entry Keyers,3.04,4.52,3.33,2.42,3.32,2.92,4.25,1.6953142857142858,2.8847285714285715,1.5508
43-9022.00,Word Processors and Typists,2.16,3.67,2.6,2.46,2.72,2.5,4.26,1.3344,1.9155714285714285,1.4028571428571428
43-9031.00,Desktop Publishers,2.28,3.9,3.14,1.7,2.9,2.66,4.04,1.9476,2.564,2.1228571428571428
43-9041.00,Insurance Claims and Policy Processing Clerks,2.32,3.76,3.79,2.12,3.6,2.43,4.15,1.2875,2.3676,1.822857142857143
43-9051.00,"Mail Clerks and Mail Machine Operators, Except Postal Service",3.46,4.04,4.7,3.2,4.1,3.73,4.38,1.167857142857143,1.6032857142857142,1.7036571428571428
43-9061.00,"Office Clerks, General",2.43,3.28,3.08,2.45,3.75,2.74,3.72,1.2357142857142858,1.8330142857142857,1.5625
43-9071.00,"Office Machine Operators, Except Computer",1.95,3.61,2.85,2.15,2.77,2.93,3.29,1.4114,1.9005142857142856,1.7142857142857144
43-9081.00,Proofreaders and Copy Markers,2.19,3.99,3.59,1.28,2.66,2.37,3.22,1.0648428571428572,1.6237,1.4821428571428572
43-9111.00,Statistical Assistants,2.29,4.03,3.22,2.0,3.46,2.78,3.97,1.6966,2.7344285714285714,1.9642857142857144
45-1011.00,"First-Line Supervisors of Farming, Fishing, and Forestry Workers",3.44,4.45,4.2,3.98,4.08,4.24,4.12,2.0944000000000003,2.858371428571429,2.044642857142857
45-2011.00,Agricultural Inspectors,3.11,4.17,3.93,3.43,4.18,3.41,3.96,1.3072,2.845642857142857,2.086428571428572
45-2021.00,Animal Breeders,3.67,4.94,3.16,2.56,3.42,2.72,4.76,1.6180428571428571,2.2456,1.8571428571428568
45-2041.00,"Graders and Sorters, Agricultural Products",2.21,2.91,3.07,2.58,2.99,3.0,2.62,1.1652,1.7780999999999998,1.335714285714286
45-2091.00,Agricultural Equipment Operators,2.76,3.18,2.72,2.98,3.04,3.13,3.87,1.4257,1.4547285714285716,1.4542857142857144
45-2092.00,"Farmworkers and Laborers, Crop, Nursery, and Greenhouse",2.59,3.04,2.41,3.02,2.85,2.84,3.3,1.9103142857142856,2.1609,1.4435714285714285
45-2093.00,"Farmworkers, Farm, Ranch, and Aquacultural Animals",3.09,3.97,3.57,3.55,3.23,3.12,3.93,1.8061428571428573,2.794728571428572,1.9085714285714288
45-3031.00,Fishing and Hunting Workers,3.26,4.4,3.32,3.38,3.45,3.15,3.81,1.9495,2.7729714285714286,1.6814285714285715
45-4011.00,Forest and Conservation Workers,3.38,4.21,4.09,3.84,3.94,3.5,4.2,2.024571428571429,2.606242857142857,1.822857142857143
45-4021.00,Fallers,3.44,4.82,4.26,3.76,4.26,2.48,4.59,1.3510857142857142,2.080685714285714,1.7485714285714289
45-4022.00,Logging Equipment Operators,4.08,4.03,4.55,4.43,4.42,3.89,3.83,2.185,2.969328571428571,1.6714285714285717
45-4023.00,Log Graders and Scalers,2.99,4.35,4.63,3.13,4.19,2.99,3.77,1.885342857142857,2.825357142857143,1.8571428571428568
47-1011.00,First-Line Supervisors of Construction Trades and Extraction Workers,3.27,4.59,4.85,4.78,4.62,4.46,4.62,2.548,3.2005,2.0028571428571427
47-1011.03,Solar Energy Installation Managers,3.57,4.61,4.75,4.1,4.38,4.31,4.2,1.5881857142857143,2.8618,2.086428571428572
47-2011.00,Boilermakers,3.99,4.11,4.18,3.22,4.04,3.72,3.97,1.5376857142857143,2.695428571428571,1.8571428571428568
47-2021.00,Brickmasons and Blockmasons,3.06,3.97,3.64,3.74,3.53,3.66,3.98,2.084285714285714,2.8257142857142856,1.5693714285714286
47-2022.00,Stonemasons,3.74,4.34,4.36,4.42,4.56,4.21,4.07,1.7920000000000005,2.5847,1.8839285714285712
47-2031.00,Carpenters,3.8,3.63,4.22,4.48,4.37,4.26,3.62,1.7280571428571427,2.592885714285714,1.822857142857143
47-2041.00,Carpet Installers,2.87,4.87,4.08,3.34,4.13,3.74,4.2,1.489142857142857,2.4493714285714283,1.6714285714285717
47-2042.00,"Floor Layers, Except Carpet, Wood, and Hard Tiles",2.0,4.39,3.86,2.98,4.36,3.88,4.22,1.9114285714285717,2.675942857142857,1.604285714285714
47-2043.00,Floor Sanders and Finishers,2.89,4.45,4.05,3.56,4.38,3.99,4.34,2.081142857142857,2.4127142857142854,1.5207142857142857
47-2044.00,Tile and Stone Setters,3.11,3.6,3.4,3.07,3.53,3.23,3.86,1.6387142857142858,2.4499285714285715,1.625
47-2051.00,Cement Masons and Concrete Finishers,3.48,3.36,3.67,4.35,3.75,3.95,3.59,1.9447428571428569,2.9976000000000003,1.605714285714286
47-2053.00,Terrazzo Workers and Finishers,3.22,3.05,3.2,3.8,3.3,3.72,3.32,1.736157142857143,2.482171428571429,1.604285714285714
47-2061.00,Construction Laborers,3.8,3.35,3.87,3.66,3.74,3.12,3.19,2.2972,2.9215,1.4179428571428572
47-2071.00,"Paving, Surfacing, and Tamping Equipment Operators",3.66,3.44,3.22,3.69,3.62,3.65,3.8,1.4542857142857142,2.3563285714285715,1.6714285714285717
47-2072.00,Pile Driver Operators,4.15,4.03,4.15,4.65,4.18,4.04,3.51,1.9062857142857144,2.828071428571429,1.625
47-2073.00,Operating Engineers and Other Construction Equipment Operators,4.86,4.01,4.83,4.33,4.56,4.37,4.16,2.277014285714285,3.348271428571429,1.7036571428571428
47-2081.00,Drywall and Ceiling Tile Installers,2.79,4.01,3.67,3.1,3.69,3.47,3.95,1.3005428571428572,1.7857142857142856,1.6714285714285717
47-2082.00,Tapers,2.3,3.98,3.63,3.73,3.41,3.29,3.93,1.4134857142857142,1.7344,1.4691999999999998
47-2111.00,Electricians,3.33,4.5,4.32,4.55,4.67,4.35,4.2,1.7847714285714285,2.854,2.0028571428571427
47-2121.00,Glaziers,3.83,4.0,4.05,3.9,3.93,3.94,3.61,1.7855714285714286,2.3526857142857143,1.604285714285714
47-2131.00,"Insulation Workers, Floor, Ceiling, and Wall",2.63,3.94,3.66,3.59,3.55,3.49,3.47,1.2464,2.1408,1.5508
47-2132.00,"Insulation Workers, Mechanical",2.15,4.23,3.85,3.93,3.26,3.67,4.0,1.5908571428571427,2.553857142857143,1.6714285714285717
47-2141.00,"Painters, Construction and Maintenance",2.48,4.29,3.33,3.95,3.48,3.78,4.15,3.021814285714286,3.048914285714286,1.5
47-2142.00,Paperhangers,2.55,4.11,3.99,3.12,3.94,3.38,4.08,1.3722142857142856,1.9010285714285715,1.5625
47-2151.00,Pipelayers,3.27,3.67,4.37,4.36,4.19,3.69,3.67,1.6482142857142854,2.1342857142857143,1.6391999999999998
47-2152.00,"Plumbers, Pipefitters, and Steamfitters",3.01,4.38,4.45,4.12,4.39,3.77,4.06,1.6376285714285714,2.6900857142857144,2.0028571428571427
47-2152.04,Solar Thermal Installers and Technicians,3.41,4.71,4.25,4.02,4.14,3.87,4.24,1.7262285714285714,2.1005714285714285,1.872228571428572
47-2161.00,Plasterers and Stucco Masons,2.79,3.23,4.12,3.75,3.44,3.29,2.98,1.8878,2.5348571428571427,1.625
47-2171.00,Reinforcing Iron and Rebar Workers,3.14,3.14,3.29,4.56,3.52,4.2,3.49,1.66,2.232357142857143,1.7385714285714284
47-2181.00,Roofers,3.11,3.79,3.88,4.23,3.7,3.72,3.96,1.8458571428571429,2.4355,1.625
47-2211.00,Sheet Metal Workers,3.86,3.4,3.2,3.98,3.21,3.79,3.78,1.7582,2.1877,1.822857142857143
47-2221.00,Structural Iron and Steel Workers,3.57,3.68,3.83,4.33,3.79,4.03,3.55,1.7230714285714286,2.495257142857143,1.7857142857142856
47-2231.00,Solar Photovoltaic Installers,4.02,4.2,4.15,4.34,3.95,4.16,4.07,1.5192,2.5076285714285715,1.872228571428572
47-3011.00,"Helpers--Brickmasons, Blockmasons, Stonemasons, and Tile and Marble Setters",3.42,3.07,3.08,4.04,3.5,3.98,3.78,1.7981714285714283,3.0261571428571425,1.6391999999999998
47-3012.00,Helpers--Carpenters,3.65,4.12,3.54,4.18,3.58,3.68,4.0,1.5734285714285714,2.5836571428571427,1.5693714285714286
47-3013.00,Helpers--Electricians,3.03,3.56,3.73,3.67,3.48,2.4,3.3,2.3392857142857144,3.256428571428572,1.6428571428571428
47-3014.00,"Helpers--Painters, Paperhangers, Plasterers, and Stucco Masons",2.65,3.36,3.86,3.59,3.5,3.41,3.39,1.3667285714285713,1.8916857142857144,1.4542857142857144
47-3015.00,"Helpers--Pipelayers, Plumbers, Pipefitters, and Steamfitters",3.37,3.06,3.78,3.0,3.41,3.0,2.67,2.2723285714285715,2.901185714285714,1.5693714285714286
47-3016.00,Helpers--Roofers,3.53,3.21,2.85,4.33,3.76,3.17,2.79,2.128,2.912,1.595
47-4011.00,Construction and Building Inspectors,3.32,4.68,4.08,3.04,3.88,2.52,4.04,1.6336000000000002,2.9090285714285717,2.1492
47-4011.01,Energy Auditors,2.72,4.28,4.17,3.38,3.86,3.31,3.83,2.0816,2.8352,2.4035714285714285
47-4021.00,Elevator and Escalator Installers and Repairers,4.33,3.99,4.97,4.71,4.68,4.12,4.26,1.615,2.5685714285714285,2.02
47-4031.00,Fence Erectors,4.11,4.23,2.74,4.76,3.32,4.54,4.5,1.4234,2.1633142857142857,1.7734857142857143
47-4041.00,Hazardous Materials Removal Workers,3.25,3.32,3.35,4.35,3.44,3.7,3.16,1.9283571428571429,2.130228571428572,1.8571428571428568
47-4051.00,Highway Maintenance Workers,4.15,3.51,4.23,4.0,3.76,3.89,3.37,1.9343428571428567,2.156228571428572,1.7036571428571428
47-4061.00,Rail-Track Laying and Maintenance Equipment Operators,3.84,4.0,3.57,4.39,3.79,4.01,4.07,1.7733,3.0661142857142853,1.7857142857142856
47-4071.00,Septic Tank Servicers and Sewer Pipe Cleaners,2.67,4.06,4.31,3.85,3.79,3.62,3.75,1.4873142857142858,2.321942857142857,1.6875
47-4091.00,Segmental Pavers,2.9,4.09,4.0,3.45,3.71,4.05,3.73,1.63,2.651357142857143,1.7934857142857146
47-4099.03,Weatherization Installers and Technicians,3.22,3.43,3.22,4.3,3.35,3.83,3.61,2.0770285714285714,2.5298285714285718,1.9642857142857144
47-5011.00,"Derrick Operators, Oil and Gas",2.72,3.94,3.98,4.77,4.18,4.08,3.9,1.3491428571428572,2.269028571428572,1.7934857142857146
47-5012.00,"Rotary Drill Operators, Oil and Gas",4.46,4.21,4.51,4.84,4.64,4.58,3.97,1.8627142857142855,2.958,1.9085714285714288
47-5013.00,"Service Unit Operators, Oil and Gas",4.25,4.16,4.88,4.66,4.69,4.15,3.94,2.0504,3.0186428571428574,1.8421428571428573
47-5022.00,"Excavating and Loading Machine and Dragline Operators, Surface Mining",3.77,4.06,4.13,4.01,3.63,3.25,3.9,2.1380714285714286,2.8110857142857144,1.7857142857142856
47-5023.00,"Earth Drillers, Except Oil and Gas",3.95,4.51,3.76,3.72,3.85,3.36,4.07,1.8928,2.8678857142857144,1.7036571428571428
47-5032.00,"Explosives Workers, Ordnance Handling Experts, and Blasters",4.17,3.75,4.29,4.67,4.29,4.33,3.58,1.947142857142857,3.648057142857143,2.216428571428572
47-5041.00,Continuous Mining Machine Operators,4.27,4.02,4.71,4.5,3.84,3.37,3.83,1.7225714285714284,3.1788571428571424,1.9085714285714288
47-5043.00,"Roof Bolters, Mining",3.85,2.93,3.56,4.86,3.62,3.81,2.84,1.5593714285714286,2.8213,1.68
47-5044.00,"Loading and Moving Machine Operators, Underground Mining",3.58,3.14,3.47,4.15,3.18,3.4,3.6,1.396342857142857,1.6671142857142858,1.4435714285714285
47-5051.00,"Rock Splitters, Quarry",3.28,3.41,2.43,3.56,2.66,2.15,2.8,1.5207142857142857,1.832,1.5207142857142857
47-5071.00,"Roustabouts, Oil and Gas",3.62,3.94,4.51,4.05,3.85,3.98,3.56,1.7399714285714287,2.657857142857143,1.605714285714286
47-5081.00,Helpers--Extraction Workers,3.84,4.12,4.13,4.06,4.05,3.83,4.03,2.888071428571429,3.2933000000000003,1.7485714285714289
49-1011.00,"First-Line Supervisors of Mechanics, Installers, and Repairers",2.49,4.36,4.09,4.25,4.0,4.41,4.5,2.3494,3.0853,2.4732142857142856
49-2011.00,"Computer, Automated Teller, and Office Machine Repairers",2.56,4.54,4.04,2.45,3.69,2.95,4.42,1.3418857142857143,3.3301142857142856,1.7485714285714289
49-2021.00,"Radio, Cellular, and Tower Equipment Installers and Repairers",3.58,3.74,3.67,3.47,3.53,3.39,3.68,2.0074,3.500885714285714,1.8914285714285717
49-2022.00,"Telecommunications Equipment Installers and Repairers, Except Line Installers",2.64,4.47,4.67,3.26,4.14,2.61,3.77,1.5823428571428573,2.928285714285715,1.9642857142857144
49-2091.00,Avionics Technicians,3.59,3.84,3.75,3.39,4.15,3.2,3.82,1.7206428571428574,3.063028571428572,2.044642857142857
49-2092.00,"Electric Motor, Power Tool, and Related Repairers",3.55,4.11,4.31,3.38,3.95,3.34,3.92,1.77,2.5757714285714286,1.9085714285714288
49-2093.00,"Electrical and Electronics Installers and Repairers, Transportation Equipment",3.68,3.71,3.37,4.13,3.36,3.58,3.97,1.9221142857142857,2.8103,1.822857142857143
49-2094.00,"Electrical and Electronics Repairers, Commercial and Industrial Equipment",3.55,4.25,3.43,3.05,3.47,3.18,4.3,1.8224285714285715,2.854942857142857,1.9642857142857144
49-2095.00,"Electrical and Electronics Repairers, Powerhouse, Substation, and Relay",4.55,3.51,4.16,4.52,4.41,3.69,3.68,1.4918285714285713,3.183542857142857,1.8571428571428568
49-2096.00,"Electronic Equipment Installers and Repairers, Motor Vehicles",3.39,4.14,4.04,3.16,3.76,2.82,3.92,1.7409,3.412300000000001,1.7734857142857143
49-2097.00,Audiovisual Equipment Installers and Repairers,2.28,4.12,2.79,3.18,2.88,3.56,4.17,1.7613571428571428,2.8893142857142857,1.9257142857142855
49-2098.00,Security and Fire Alarm Systems Installers,3.61,4.49,4.75,3.8,4.61,3.9,4.39,1.6695142857142855,2.505714285714286,1.9085714285714288
49-3011.00,Aircraft Mechanics and Service Technicians,2.94,3.97,4.51,4.05,4.24,3.69,4.11,2.2036,3.6117857142857135,2.25
49-3021.00,Automotive Body and Related Repairers,3.39,4.14,3.97,3.62,3.87,3.06,3.96,2.0428,2.742857142857143,1.7385714285714284
49-3022.00,Automotive Glass Installers and Repairers,3.02,3.43,3.59,2.88,3.36,2.71,3.08,1.1044714285714283,1.9057142857142857,1.595
49-3023.00,Automotive Service Technicians and Mechanics,3.55,4.33,4.63,3.09,4.3,2.81,4.2,1.629742857142857,2.810928571428571,2.0028571428571427
49-3031.00,Bus and Truck Mechanics and Diesel Engine Specialists,3.45,4.07,4.23,4.52,4.33,3.89,4.29,1.9505428571428567,2.7537142857142856,1.9085714285714288
49-3041.00,Farm Equipment Mechanics and Service Technicians,3.4,4.41,4.17,3.8,4.28,2.99,3.71,1.4431,2.5066,1.9085714285714288
49-3042.00,"Mobile Heavy Equipment Mechanics, Except Engines",3.58,4.2,4.5,4.01,4.13,3.07,3.76,1.8813428571428568,3.1245142857142856,1.9449142857142856
49-3043.00,Rail Car Repairers,3.64,4.13,3.01,3.57,3.43,2.86,3.73,1.6501,2.481342857142857,1.7385714285714284
49-3051.00,Motorboat Mechanics and Service Technicians,3.6,4.41,4.46,3.48,4.12,3.39,3.84,1.4147,2.603285714285714,1.8328571428571427
49-3052.00,Motorcycle Mechanics,4.61,4.19,4.88,4.19,4.66,2.84,4.28,2.2863571428571428,3.4042142857142856,1.9085714285714288
49-3053.00,Outdoor Power Equipment and Other Small Engine Mechanics,3.3,4.38,3.43,2.79,4.13,2.29,3.7,1.6633714285714287,2.6392857142857142,1.7385714285714284
49-3091.00,Bicycle Repairers,3.8,4.63,4.97,2.27,4.79,3.23,4.46,1.5239428571428573,2.239,1.7385714285714284
49-3092.00,Recreational Vehicle Service Technicians,2.86,4.1,3.81,2.19,3.54,2.2,3.65,1.4959285714285715,2.6500857142857144,1.8571428571428568
49-3093.00,Tire Repairers and Changers,3.67,3.98,4.06,3.85,3.96,3.62,3.69,1.628085714285714,2.5028571428571427,1.4906285714285716
49-9011.00,Mechanical Door Repairers,2.99,4.27,4.17,2.87,4.03,3.1,4.0,1.2601285714285717,2.122114285714286,1.7036571428571428
49-9012.00,"Control and Valve Installers and Repairers, Except Mechanical Door",3.81,4.1,3.89,4.14,3.94,3.56,3.75,1.8804571428571428,3.0416,1.9085714285714288
49-9021.00,"Heating, Air Conditioning, and Refrigeration Mechanics and Installers",3.62,4.3,4.35,3.88,4.22,3.91,4.27,1.681285714285714,2.458728571428572,2.023657142857143
49-9031.00,Home Appliance Repairers,2.59,4.54,4.43,2.63,4.01,2.97,4.12,1.5349428571428572,2.6475142857142857,1.8571428571428568
49-9041.00,Industrial Machinery Mechanics,2.42,3.9,2.79,3.5,3.07,2.9,3.51,1.7326428571428572,2.788428571428572,1.9085714285714288
49-9043.00,"Maintenance Workers, Machinery",3.87,4.44,3.77,3.98,3.49,3.56,4.0,1.8014285714285716,2.7812,1.7142857142857144
49-9044.00,Millwrights,4.41,3.64,4.32,4.68,4.36,3.91,3.64,1.7971428571428572,3.1661714285714284,1.9085714285714288
49-9045.00,"Refractory Materials Repairers, Except Brickmasons",2.89,3.79,3.29,4.34,3.66,3.22,2.88,1.440357142857143,2.6692,1.655
49-9051.00,Electrical Power-Line Installers and Repairers,4.06,4.27,4.75,4.86,4.52,4.41,3.94,1.7029,3.0116,1.9085714285714288
49-9052.00,Telecommunications Line Installers and Repairers,3.34,4.51,4.05,3.62,3.62,2.8,4.19,1.6937714285714285,2.540971428571429,1.8571428571428568
49-9061.00,Camera and Photographic Equipment Repairers,3.25,4.39,3.37,1.59,3.05,1.86,4.38,1.4115714285714285,2.2710857142857144,1.9085714285714288
49-9062.00,Medical Equipment Repairers,3.53,4.35,3.94,3.39,4.05,2.71,4.26,1.3565285714285715,3.0265142857142857,1.8571428571428568
49-9063.00,Musical Instrument Repairers and Tuners,2.57,4.73,3.76,2.45,3.33,1.86,4.41,1.423542857142857,3.076428571428572,1.9449142857142856
49-9064.00,Watch and Clock Repairers,2.33,4.61,3.52,1.68,3.3,1.36,4.66,1.6929857142857143,2.845857142857142,1.8571428571428568
49-9071.00,"Maintenance and Repair Workers, General",3.18,4.07,4.18,4.58,3.93,4.11,4.37,1.6574285714285717,3.266928571428571,1.822857142857143
49-9081.00,Wind Turbine Service Technicians,4.76,4.19,4.37,4.62,4.13,4.02,3.68,1.8885428571428573,2.8648,1.9085714285714288
49-9091.00,"Coin, Vending, and Amusement Machine Servicers and Repairers",2.28,4.81,3.65,2.08,3.65,2.11,3.99,1.2085857142857144,2.0092857142857143,1.7036571428571428
49-9092.00,Commercial Divers,3.99,4.36,3.65,4.38,3.98,4.19,4.03,1.9159,2.992571428571429,2.044642857142857
49-9094.00,Locksmiths and Safe Repairers,2.92,4.04,4.0,3.62,3.85,2.92,3.65,2.035557142857143,2.924628571428572,1.6391999999999998
49-9095.00,Manufactured Building and Mobile Home Installers,3.2,4.23,4.49,3.83,4.3,3.93,4.22,1.990642857142857,4.042714285714286,2.071428571428572
49-9096.00,Riggers,3.9,3.9,4.09,4.53,4.11,4.07,3.68,1.7466857142857144,2.6058142857142856,1.8571428571428568
49-9097.00,Signal and Track Switch Repairers,3.46,4.44,3.88,4.64,3.83,3.47,4.49,1.589271428571429,2.0338857142857147,1.822857142857143
49-9098.00,"Helpers--Installation, Maintenance, and Repair Workers",3.64,3.85,3.96,3.9,4.06,3.55,3.73,1.8374857142857144,2.6070857142857142,1.7036571428571428
49-9099.01,Geothermal Technicians,3.82,4.21,4.35,4.52,3.74,3.3,3.88,1.8742857142857143,3.047114285714286,1.9085714285714288
51-1011.00,First-Line Supervisors of Production and Operating Workers,3.12,4.32,4.48,4.41,4.19,4.41,4.21,1.8713714285714285,2.963028571428572,2.216428571428572
51-2011.00,"Aircraft Structure, Surfaces, Rigging, and Systems Assemblers",3.48,3.59,3.24,3.43,3.61,3.18,3.82,1.889314285714286,2.5238,1.8571428571428568
51-2021.00,"Coil Winders, Tapers, and Finishers",3.75,4.08,3.41,3.82,3.36,2.51,3.7,1.6942,2.6927714285714286,1.625
51-2022.00,Electrical and Electronic Equipment Assemblers,3.02,3.78,3.26,3.62,3.5,3.69,3.66,2.0054857142857143,2.498628571428571,1.7934857142857146
51-2023.00,Electromechanical Equipment Assemblers,2.5,3.65,2.49,3.9,2.25,3.34,3.48,1.4620000000000002,2.224685714285714,1.6391999999999998
51-2031.00,Engine and Other Machine Assemblers,3.42,3.67,3.84,3.98,3.47,2.84,3.6,1.409771428571429,2.206857142857143,1.5785714285714287
51-2041.00,Structural Metal Fabricators and Fitters,2.97,3.66,3.23,3.6,2.98,3.17,3.72,1.6587428571428573,2.6441,1.4179428571428572
51-2051.00,Fiberglass Laminators and Fabricators,2.78,3.04,2.43,3.83,2.83,3.84,2.57,1.6916,2.5908,1.7036571428571428
51-2061.00,Timing Device Assemblers and Adjusters,1.75,4.32,3.87,1.47,3.4,2.3,4.09,1.7453285714285711,2.352228571428572,1.655
51-2092.00,Team Assemblers,2.27,4.03,3.61,3.67,3.56,3.22,3.56,1.5580571428571428,2.4026428571428573,1.6875
51-3011.00,Bakers,2.79,4.2,3.6,3.72,3.73,3.11,4.23,1.36,1.8966285714285716,1.7857142857142856
51-3021.00,Butchers and Meat Cutters,3.9,3.58,3.97,3.9,4.33,3.79,3.53,1.5349857142857144,2.329642857142857,1.6391999999999998
51-3022.00,"Meat, Poultry, and Fish Cutters and Trimmers",3.61,2.6,4.64,2.97,3.46,3.69,2.88,1.3949714285714283,2.509257142857143,1.605714285714286
51-3023.00,Slaughterers and Meat Packers,3.53,3.12,2.87,3.93,2.78,3.4,3.43,1.3428285714285717,1.568285714285714,1.25
51-3091.00,"Food and Tobacco Roasting, Baking, and Drying Machine Operators and Tenders",3.75,3.54,3.49,3.39,3.35,2.93,3.16,1.8614285714285717,2.928571428571429,1.7485714285714289
51-3092.00,Food Batchmakers,3.22,3.7,2.76,4.17,3.67,3.88,2.76,1.5670000000000002,2.4496,1.6391999999999998
51-3093.00,Food Cooking Machine Operators and Tenders,3.65,4.59,3.55,3.6,3.51,3.39,4.75,1.3695714285714284,2.390757142857143,1.5625
51-4021.00,"Extruding and Drawing Machine Setters, Operators, and Tenders, Metal and Plastic",4.17,3.71,4.58,2.91,4.37,2.77,2.99,1.441142857142857,2.7782142857142857,1.8328571428571427
51-4022.00,"Forging Machine Setters, Operators, and Tenders, Metal and Plastic",3.53,3.8,3.72,4.14,4.18,3.76,3.52,1.4610571428571428,2.3338,1.655
51-4023.00,"Rolling Machine Setters, Operators, and Tenders, Metal and Plastic",3.24,3.55,4.03,4.11,3.96,3.63,3.76,1.6509714285714283,3.3878857142857144,1.822857142857143
51-4031.00,"Cutting, Punching, and Press Machine Setters, Operators, and Tenders, Metal and Plastic",3.65,2.36,3.05,2.68,3.01,1.68,2.94,1.1717,2.3965,1.7036571428571428
51-4032.00,"Drilling and Boring Machine Tool Setters, Operators, and Tenders, Metal and Plastic",3.65,4.06,3.74,3.55,3.89,3.4,4.03,1.648,2.765028571428571,1.822857142857143
51-4033.00,"Grinding, Lapping, Polishing, and Buffing Machine Tool Setters, Operators, and Tenders, Metal and Plastic",3.02,3.87,3.48,3.5,3.84,3.08,4.06,1.5394285714285716,2.2411142857142856,1.822857142857143
51-4034.00,"Lathe and Turning Machine Tool Setters, Operators, and Tenders, Metal and Plastic",2.06,2.9,2.28,3.17,2.65,3.08,3.4,2.175,2.780571428571428,1.604285714285714
51-4035.00,"Milling and Planing Machine Setters, Operators, and Tenders, Metal and Plastic",2.94,3.49,2.44,3.26,2.72,3.14,3.35,1.3824571428571428,3.0416000000000003,1.5508
51-4041.00,Machinists,3.03,4.15,3.72,3.73,3.61,3.28,3.89,1.5479142857142856,2.611828571428572,1.6875
51-4051.00,Metal-Refining Furnace Operators and Tenders,3.74,3.85,3.38,4.03,4.05,3.58,3.52,1.591642857142857,2.6191,1.6875
51-4052.00,"Pourers and Casters, Metal",3.07,3.21,2.67,2.71,2.48,2.76,3.03,1.3996285714285714,2.024571428571429,1.8571428571428568
51-4061.00,"Model Makers, Metal and Plastic",2.39,3.9,3.2,2.68,3.14,2.18,3.48,1.5424,2.437257142857143,1.7857142857142856
51-4062.00,"Patternmakers, Metal and Plastic",3.41,3.79,3.18,3.52,3.18,3.55,3.84,1.891,2.5445714285714285,1.6714285714285717
51-4071.00,Foundry Mold and Coremakers,3.18,3.99,3.52,3.51,3.75,3.83,3.96,1.414642857142857,1.9362,1.5207142857142857
51-4072.00,"Molding, Coremaking, and Casting Machine Setters, Operators, and Tenders, Metal and Plastic",3.24,3.94,2.88,3.73,3.11,3.15,3.85,1.3292571428571427,2.188,1.5625
51-4081.00,"Multiple Machine Tool Setters, Operators, and Tenders, Metal and Plastic",3.18,3.9,2.78,3.51,2.98,3.02,3.38,2.289285714285714,3.3904,1.9085714285714288
51-4111.00,Tool and Die Makers,3.87,4.76,3.98,3.16,3.83,3.22,4.42,1.6675,2.8821428571428567,1.9085714285714288
51-4121.00,"Welders, Cutters, Solderers, and Brazers",3.25,3.31,3.34,3.37,3.45,3.08,3.38,1.429,1.8232,1.7036571428571428
51-4122.00,"Welding, Soldering, and Brazing Machine Setters, Operators, and Tenders",3.88,3.47,3.76,4.21,3.86,3.55,3.19,1.9799714285714287,2.5138,1.6875
51-4191.00,"Heat Treating Equipment Setters, Operators, and Tenders, Metal and Plastic",2.77,3.29,3.55,4.06,3.25,3.68,3.58,1.3522285714285711,2.0226571428571427,1.7485714285714289
51-4192.00,"Layout Workers, Metal and Plastic",3.25,3.48,3.14,3.56,3.55,3.06,3.33,1.9552,2.6188,1.7857142857142856
51-4193.00,"Plating Machine Setters, Operators, and Tenders, Metal and Plastic",3.41,3.9,3.36,3.62,2.78,4.07,3.21,1.4070857142857145,2.748571428571428,1.5693714285714286
51-4194.00,"Tool Grinders, Filers, and Sharpeners",2.63,3.77,3.77,3.95,3.41,3.36,3.76,1.4530999999999998,2.2341571428571427,1.7385714285714284
51-5111.00,Prepress Technicians and Workers,2.83,3.95,3.01,1.92,2.91,2.91,3.84,1.643571428571429,2.900514285714286,1.822857142857143
51-5112.00,Printing Press Operators,3.1,4.14,4.21,3.86,3.74,3.22,4.02,1.7272571428571428,3.333228571428571,1.872228571428572
51-5113.00,Print Binding and Finishing Workers,3.09,3.42,3.6,3.55,3.76,3.41,3.46,1.5248285714285714,2.6282428571428573,1.8328571428571427
51-6011.00,Laundry and Dry-Cleaning Workers,1.92,2.92,2.83,4.26,3.49,3.74,3.18,1.2195571428571428,1.729,1.5300000000000002
51-6021.00,"Pressers, Textile, Garment, and Related Materials",2.31,2.69,1.47,3.31,2.08,2.9,3.95,1.4830285714285716,1.8104285714285715,1.3392000000000002
51-6031.00,Sewing Machine Operators,1.89,3.0,2.68,2.47,2.96,2.63,3.29,1.3556,1.6636857142857144,1.5
51-6041.00,Shoe and Leather Workers and Repairers,2.67,4.33,3.56,2.46,3.35,2.58,4.29,1.3431571428571427,2.222785714285714,1.6391999999999998
51-6042.00,Shoe Machine Operators and Tenders,1.72,3.52,3.63,2.82,3.57,3.46,3.82,1.581142857142857,1.6384,1.5207142857142857
51-6051.00,"Sewers, Hand",2.59,2.88,2.59,3.07,2.72,2.61,4.19,1.3559285714285716,2.4652857142857143,1.604285714285714
51-6052.00,"Tailors, Dressmakers, and Custom Sewers",3.01,4.4,3.83,3.16,4.14,3.53,3.9,1.7695,2.2815000000000003,1.6875
51-6061.00,Textile Bleaching and Dyeing Machine Operators and Tenders,3.0,3.76,3.84,3.94,3.6,3.22,3.29,1.5057142857142858,2.7187142857142854,1.604285714285714
51-6062.00,"Textile Cutting Machine Setters, Operators, and Tenders",3.26,3.07,2.68,2.3,2.82,2.58,2.34,1.2338285714285715,1.856985714285714,1.7036571428571428
51-6063.00,"Textile Knitting and Weaving Machine Setters, Operators, and Tenders",2.27,3.79,2.91,3.6,3.06,3.38,3.55,1.3279999999999998,2.201885714285714,1.4542857142857144
51-6064.00,"Textile Winding, Twisting, and Drawing Out Machine Setters, Operators, and Tenders",2.83,3.07,2.34,3.06,2.68,2.75,2.9,1.457242857142857,2.124571428571429,1.5508
51-6091.00,"Extruding and Forming Machine Setters, Operators, and Tenders, Synthetic and Glass Fibers",3.77,3.67,4.19,3.79,3.89,3.74,3.61,1.5258,2.728,1.822857142857143
51-6092.00,Fabric and Apparel Patternmakers,3.29,4.27,4.19,2.27,3.81,3.51,4.21,1.8439714285714288,2.5715714285714286,1.9642857142857144
51-6093.00,Upholsterers,2.3,3.21,3.18,2.84,3.46,3.17,3.65,1.7668,2.4148,1.822857142857143
51-7011.00,Cabinetmakers and Bench Carpenters,2.5,3.64,3.61,3.4,3.77,2.49,3.57,1.6044999999999998,2.7917000000000005,1.822857142857143
51-7021.00,Furniture Finishers,2.33,3.81,3.58,3.22,3.57,3.82,3.03,1.7030714285714286,2.7113714285714283,1.7857142857142856
51-7031.00,"Model Makers, Wood",2.49,3.32,3.81,3.47,3.35,3.55,3.75,1.6464857142857143,2.352228571428572,1.7857142857142856
51-7032.00,"Patternmakers, Wood",2.92,4.33,4.01,3.34,3.87,3.52,4.15,2.028528571428572,3.2054142857142858,1.7734857142857143
51-7041.00,"Sawing Machine Setters, Operators, and Tenders, Wood",2.64,4.21,3.22,3.59,3.44,3.55,4.05,1.246914285714286,1.595885714285714,1.595
51-7042.00,"Woodworking Machine Setters, Operators, and Tenders, Except Sawing",2.8,3.75,3.58,3.32,3.38,3.41,3.7,1.207,1.9206714285714288,1.5693714285714286
51-8011.00,Nuclear Power Reactor Operators,4.61,3.03,4.26,4.49,4.5,4.04,3.05,1.4779428571428572,3.2441714285714283,2.2071428571428573
51-8012.00,Power Distributors and Dispatchers,4.74,4.3,4.42,4.51,4.68,4.15,4.23,1.6861714285714284,3.9467,2.044642857142857
51-8013.00,Power Plant Operators,4.54,4.13,3.64,4.16,4.19,3.35,3.74,1.5655857142857144,2.8184714285714287,1.9449142857142856
51-8013.03,Biomass Plant Technicians,4.28,4.46,4.67,4.76,4.08,4.23,4.1,1.8254285714285716,2.932571428571429,1.9085714285714288
51-8013.04,Hydroelectric Plant Technicians,3.36,3.83,3.61,4.15,3.76,3.6,3.93,1.5970857142857144,3.182057142857143,1.9085714285714288
51-8021.00,Stationary Engineers and Boiler Operators,4.07,4.21,3.94,4.66,3.85,4.02,4.19,2.1921142857142857,3.2163428571428576,1.9085714285714288
51-8031.00,Water and Wastewater Treatment Plant and System Operators,3.71,4.12,3.83,4.08,3.62,3.48,4.0,2.1842571428571427,3.088157142857143,1.8571428571428568
51-8091.00,Chemical Plant and System Operators,4.13,4.2,4.66,4.47,3.96,3.59,3.57,1.0571714285714289,2.2896714285714284,1.9642857142857144
51-8092.00,Gas Plant Operators,4.27,4.2,4.08,4.26,4.27,3.79,4.1,1.8628285714285715,3.269157142857143,1.9642857142857144
51-8093.00,"Petroleum Pump System Operators, Refinery Operators, and Gaugers",4.22,3.74,4.15,4.03,4.07,3.65,4.2,1.2832,2.3563285714285715,1.8571428571428568
51-8099.01,Biofuels Processing Technicians,4.06,4.27,4.24,4.33,4.34,3.17,4.08,1.6321428571428571,3.019642857142857,1.8728571428571428
51-9011.00,Chemical Equipment Operators and Tenders,3.98,3.98,3.71,4.46,3.75,3.95,3.82,1.5401142857142858,3.0335714285714284,2.02
51-9012.00,"Separating, Filtering, Clarifying, Precipitating, and Still Machine Setters, Operators, and Tenders",4.13,4.27,3.59,3.61,3.99,3.12,3.99,1.4355999999999998,2.5138,1.7857142857142856
51-9021.00,"Crushing, Grinding, and Polishing Machine Setters, Operators, and Tenders",3.97,4.07,3.28,4.04,3.62,3.7,3.99,1.230457142857143,2.0982,1.822857142857143
51-9022.00,"Grinding and Polishing Workers, Hand",3.43,3.78,2.23,3.1,2.9,2.04,3.16,3.093185714285714,4.105142857142857,1.595
51-9023.00,"Mixing and Blending Machine Setters, Operators, and Tenders",3.67,3.65,4.29,4.53,4.03,4.26,3.46,1.3722142857142856,2.265142857142857,1.7485714285714289
51-9031.00,"Cutters and Trimmers, Hand",2.13,3.16,2.05,2.23,2.28,3.22,3.44,1.5078857142857145,1.7421714285714285,1.625
51-9032.00,"Cutting and Slicing Machine Setters, Operators, and Tenders",3.23,3.59,3.69,4.0,3.99,3.66,3.61,1.5537999999999998,2.386385714285714,1.655
51-9041.00,"Extruding, Forming, Pressing, and Compacting Machine Setters, Operators, and Tenders",3.2,3.54,3.78,3.59,3.62,3.35,3.12,1.3647142857142855,2.643542857142857,1.604285714285714
51-9051.00,"Furnace, Kiln, Oven, Drier, and Kettle Operators and Tenders",4.05,3.55,3.49,4.44,3.87,3.99,3.67,1.5367857142857142,2.8832,1.4179428571428572
51-9061.00,"Inspectors, Testers, Sorters, Samplers, and Weighers",2.46,4.12,3.75,3.87,3.66,3.94,3.98,1.5754,2.8837,1.8328571428571427
51-9071.00,Jewelers and Precious Stone and Metal Workers,2.52,4.71,4.37,3.23,4.34,3.5,4.44,1.9122857142857144,2.4779285714285715,1.8057142857142856
51-9071.06,Gem and Diamond Workers,1.49,2.87,3.28,2.24,4.41,2.22,3.34,1.3429,2.2129857142857143,1.8728571428571428
51-9081.00,Dental Laboratory Technicians,2.85,4.21,3.18,2.71,3.75,3.51,4.43,2.2980285714285715,3.010571428571428,1.8328571428571427
51-9082.00,Medical Appliance Technicians,3.17,3.86,4.39,3.75,3.89,3.85,4.29,1.7390142857142856,2.6933,2.0028571428571427
51-9083.00,Ophthalmic Laboratory Technicians,2.0,3.99,3.73,2.69,3.56,3.03,4.33,1.3101714285714283,1.909257142857143,1.7485714285714289
51-9111.00,Packaging and Filling Machine Operators and Tenders,3.38,3.59,4.15,4.38,3.92,3.69,3.59,1.7228,2.323771428571429,1.5300000000000002
51-9123.00,"Painting, Coating, and Decorating Workers",1.83,3.65,2.82,2.11,2.95,2.45,3.91,1.6485142857142856,2.0125,1.4821428571428572
51-9124.00,"Coating, Painting, and Spraying Machine Setters, Operators, and Tenders",2.32,3.79,4.19,3.69,3.26,3.29,2.87,1.9306,2.616457142857143,1.5207142857142857
51-9141.00,Semiconductor Processing Technicians,3.93,3.34,3.2,3.75,3.18,3.39,3.18,1.5023428571428572,2.2595,1.7734857142857143
51-9151.00,Photographic Process Workers and Processing Machine Operators,2.54,3.51,3.23,3.19,3.03,3.34,3.71,1.5056714285714283,2.569642857142857,1.7857142857142856
51-9161.00,Computer Numerically Controlled Tool Operators,3.4,4.04,3.52,2.59,3.93,2.51,3.51,1.5335571428571428,2.42,1.822857142857143
51-9162.00,Computer Numerically Controlled Tool Programmers,3.2,3.9,4.23,3.07,4.09,3.25,4.03,1.8619,2.979528571428572,1.8571428571428568
51-9191.00,Adhesive Bonding Machine Operators and Tenders,3.82,4.14,3.76,3.82,3.91,3.98,3.31,1.3826857142857143,2.1726857142857146,1.5785714285714287
51-9192.00,"Cleaning, Washing, and Metal Pickling Equipment Operators and Tenders",3.02,3.25,3.23,3.59,3.53,2.76,3.41,1.3748571428571428,2.9137714285714287,1.4906285714285716
51-9193.00,Cooling and Freezing Equipment Operators and Tenders,2.91,3.89,3.89,4.16,4.05,3.67,3.96,1.678942857142857,2.4901142857142857,1.9085714285714288
51-9194.00,Etchers and Engravers,3.03,4.09,3.16,2.97,2.92,2.81,4.19,1.512,2.2932571428571427,1.7036571428571428
51-9195.00,"Molders, Shapers, and Casters, Except Metal and Plastic",3.4,3.32,2.05,3.42,2.51,3.43,2.95,1.3749714285714283,1.9604714285714289,1.4691999999999998
51-9195.03,"Stone Cutters and Carvers, Manufacturing",3.52,3.37,3.1,3.83,3.31,3.37,3.9,1.882085714285714,2.9197999999999995,1.6428571428571428
51-9195.04,"Glass Blowers, Molders, Benders, and Finishers",3.57,4.05,4.21,3.04,3.84,3.04,3.83,1.365371428571429,1.8073,1.6875
51-9195.05,"Potters, Manufacturing",2.53,4.57,3.96,3.08,4.15,3.19,4.38,1.9542857142857144,2.18,1.6063428571428573
51-9196.00,"Paper Goods Machine Setters, Operators, and Tenders",2.94,3.43,4.42,4.33,4.13,3.48,3.17,1.7647142857142857,2.216757142857143,1.5625
51-9197.00,Tire Builders,3.29,2.68,3.37,2.89,3.65,3.62,2.43,1.6808,2.54,1.5
51-9198.00,Helpers--Production Workers,3.13,3.69,3.52,3.38,2.98,2.88,3.39,1.406,1.9106,1.335714285714286
53-1041.00,Aircraft Cargo Handling Supervisors,3.65,4.47,4.67,4.56,4.61,4.39,4.48,1.860228571428572,3.3112,2.02
53-1042.00,"First-Line Supervisors of Helpers, Laborers, and Material Movers, Hand",2.75,4.63,4.91,4.71,4.1,4.68,4.35,2.213714285714285,2.888,1.9085714285714288
53-1042.01,Recycling Coordinators,3.03,4.58,4.41,4.0,4.5,4.05,4.72,2.6006857142857145,3.476114285714285,2.0608
53-1043.00,First-Line Supervisors of Material-Moving Machine and Vehicle Operators,3.86,4.16,4.59,4.02,4.82,4.7,4.6,2.1434285714285712,3.063028571428572,2.216428571428572
53-2011.00,"Airline Pilots, Copilots, and Flight Engineers",4.37,4.33,4.12,4.44,4.43,3.88,3.64,1.5887285714285715,4.0959,2.821428571428571
53-2012.00,Commercial Pilots,3.81,4.81,4.36,4.68,4.67,3.47,4.8,3.324957142857143,4.305357142857143,2.5428571428571427
53-2021.00,Air Traffic Controllers,4.18,4.29,4.93,2.63,4.82,3.51,3.92,2.0300714285714285,4.4375,2.8363428571428573
53-2022.00,Airfield Operations Specialists,4.79,4.79,4.38,4.23,4.64,3.86,4.64,1.9615428571428573,3.286428571428571,2.044642857142857
53-2031.00,Flight Attendants,4.46,4.53,4.57,4.96,4.47,4.19,3.9,1.4645428571428571,2.82,1.822857142857143
53-3011.00,"Ambulance Drivers and Attendants, Except Emergency Medical Technicians",3.99,4.08,4.31,4.77,4.38,3.3,4.11,1.645,2.2373142857142856,1.822857142857143
53-3031.00,Driver/Sales Workers,3.11,3.43,3.59,3.31,3.65,2.16,3.98,1.2283142857142857,1.7842857142857145,1.7385714285714284
53-3032.00,Heavy and Tractor-Trailer Truck Drivers,4.03,4.26,4.64,3.74,4.49,2.7,3.88,1.2528,1.9882714285714285,1.7385714285714284
53-3033.00,Light Truck Drivers,3.08,3.34,3.98,3.13,3.83,3.31,3.09,1.7547428571428572,2.427142857142857,1.4628571428571429
53-3051.00,"Bus Drivers, School",3.5,4.01,4.5,3.69,3.51,2.68,3.33,1.4670857142857143,2.608685714285714,1.6714285714285717
53-3052.00,"Bus Drivers, Transit and Intercity",3.91,3.68,4.26,2.96,4.22,2.52,2.81,1.4746714285714284,2.6977857142857147,1.595
53-3053.00,Shuttle Drivers and Chauffeurs,4.02,4.09,4.01,3.7,4.07,2.81,3.43,1.5837142857142856,2.646285714285714,1.625
53-4011.00,Locomotive Engineers,4.07,4.37,4.36,4.78,3.97,3.84,3.88,1.7885428571428572,2.725742857142857,2.02
53-4013.00,"Rail Yard Engineers, Dinkey Operators, and Hostlers",4.49,3.96,3.52,4.75,4.17,4.1,3.33,1.8196571428571429,3.1297999999999995,1.872228571428572
53-4022.00,"Railroad Brake, Signal, and Switch Operators and Locomotive Firers",4.43,4.3,4.15,4.39,4.29,3.56,3.57,1.520342857142857,2.470942857142857,1.68
53-4031.00,Railroad Conductors and Yardmasters,4.3,3.84,4.32,4.17,4.0,3.77,3.37,1.3834,2.037057142857143,2.071428571428572
53-4041.00,Subway and Streetcar Operators,4.16,2.78,4.32,4.19,4.18,2.88,2.5,1.3111428571428572,2.946357142857143,1.872228571428572
53-5011.00,Sailors and Marine Oilers,4.22,3.07,3.64,4.46,3.64,4.13,3.68,1.661142857142857,3.226342857142857,1.8571428571428568
53-5021.00,"Captains, Mates, and Pilots of Water Vessels",4.31,4.54,4.63,4.47,4.61,4.08,4.35,1.8885714285714288,3.262857142857143,2.19
53-5022.00,Motorboat Operators,2.65,4.96,4.99,4.43,4.54,4.06,4.42,1.615557142857143,2.571142857142857,2.0028571428571427
53-5031.00,Ship Engineers,4.47,3.98,4.19,4.7,4.51,3.6,3.94,2.001142857142857,3.4290000000000003,2.0028571428571427
53-6011.00,Bridge and Lock Tenders,4.16,4.15,3.63,3.8,3.85,2.21,3.85,1.2142857142857144,1.931357142857143,1.7485714285714289
53-6021.00,Parking Attendants,3.46,2.91,3.24,3.21,3.59,2.89,3.41,1.152,1.8799142857142856,1.595
53-6031.00,Automotive and Watercraft Service Attendants,3.71,4.4,4.53,3.67,4.5,3.49,3.75,1.7409285714285714,2.2464,1.605714285714286
53-6041.00,Traffic Technicians,2.15,4.0,3.89,2.94,3.82,3.2,3.64,1.7251285714285711,2.735857142857143,2.0028571428571427
53-6051.00,Transportation Inspectors,2.9,4.44,4.17,3.44,4.35,3.6,4.51,1.3722142857142856,3.307285714285714,2.044642857142857
53-6051.01,Aviation Inspectors,4.58,4.38,4.75,4.17,4.49,4.11,4.38,1.9417,3.417057142857143,2.086428571428572
53-6051.07,"Transportation Vehicle, Equipment and Systems Inspectors, Except Aviation",3.94,4.06,4.57,3.78,4.4,3.83,3.98,1.1165714285714283,2.221942857142857,1.625
53-6061.00,Passenger Attendants,2.4,2.84,3.7,3.24,2.87,2.51,2.53,1.1068857142857145,1.756,1.5207142857142857
53-7011.00,Conveyor Operators and Tenders,3.28,3.16,3.92,4.17,4.18,2.9,4.03,1.6889142857142856,2.450214285714286,1.7385714285714284
53-7021.00,Crane and Tower Operators,3.99,4.0,4.17,4.73,3.99,3.71,3.97,1.6604,2.7657857142857143,1.7485714285714289
53-7031.00,Dredge Operators,3.19,3.78,4.17,3.13,3.76,3.19,3.44,1.3957428571428572,2.088742857142857,1.7485714285714289
53-7041.00,Hoist and Winch Operators,4.51,4.71,4.59,4.81,4.61,3.14,4.57,2.1794714285714285,2.5067142857142857,1.8035714285714288
53-7051.00,Industrial Truck and Tractor Operators,4.27,4.2,4.26,4.16,4.18,3.41,4.04,1.5113714285714284,2.725428571428571,1.5300000000000002
53-7061.00,Cleaners of Vehicles and Equipment,3.04,4.24,3.14,3.66,3.35,3.49,4.1,1.822742857142857,2.474285714285714,1.3125
53-7062.00,"Laborers and Freight, Stock, and Material Movers, Hand",3.66,3.77,3.85,3.58,3.6,2.44,3.94,1.3594142857142857,1.5837142857142856,1.394285714285714
53-7062.04,Recycling and Reclamation Workers,2.97,3.51,3.17,3.61,3.28,3.54,3.6,1.501942857142857,2.267957142857143,1.4906285714285716
53-7063.00,Machine Feeders and Offbearers,2.99,2.98,2.67,3.4,2.54,3.2,3.13,1.161657142857143,1.7858285714285715,1.4821428571428572
53-7064.00,"Packers and Packagers, Hand",2.58,3.24,3.63,3.65,3.3,3.59,3.36,1.7057142857142855,2.4871857142857143,1.335714285714286
53-7065.00,Stockers and Order Fillers,2.21,3.85,3.42,2.81,3.37,2.6,3.84,1.301742857142857,1.8389142857142855,1.5207142857142857
53-7071.00,Gas Compressor and Gas Pumping Station Operators,4.41,4.3,3.91,4.76,4.01,3.61,4.31,1.7314857142857143,3.436571428571429,1.7857142857142856
53-7072.00,"Pump Operators, Except Wellhead Pumpers",3.59,3.96,4.28,4.45,4.18,3.03,4.09,2.352657142857143,3.161142857142857,1.8571428571428568
53-7073.00,Wellhead Pumpers,3.67,4.51,4.37,3.09,3.97,3.24,4.59,1.6812142857142858,2.506214285714286,1.872228571428572
53-7081.00,Refuse and Recyclable Material Collectors,3.17,3.91,2.95,2.92,3.28,2.21,3.68,1.0836857142857144,1.484714285714286,1.4179428571428572
53-7121.00,"Tank Car, Truck, and Ship Loaders",4.74,3.92,4.4,4.52,4.15,3.67,3.89,1.902,3.1245142857142856,1.7734857142857143
