O*NET-SOC Code,Title,Conflict Situations,Contact With Others,Coordinate or Lead Others in Accomplishing Work Activities,Deal With External Customers or the Public in General,"Dealing With Unpleasant, Angry, or Discourteous People",Dealing with Violent or Physically Aggressive People,Face-to-Face Discussions with Individuals and Within Teams,Public Speaking,Telephone Conversations,Written Letters and Memos,Coordination Combined,Assisting and Caring for Others Combined,Developing and Building Teams Combined,Management of Personnel Resources Combined,"Guiding, Directing, and Motivating Subordinates Combined",Social Perceptiveness Combined,"Communicating with Supervisors, Peers, or Subordinates Combined",Speaking Combined,Selling or Influencing Others Combined,Establishing and Maintaining Interpersonal Relationships Combined,Oral Comprehension Combined,Interpreting the Meaning of Information for Others Combined,Oral Expression Combined,Instructing Combined,Providing Consultation and Advice to Others Combined,Resolving Conflicts and Negotiating with Others Combined,Performing for or Working Directly with the Public Combined,Staffing Organizational Units Combined,Coaching and Developing Others Combined,Training and Teaching Others Combined,Speech Clarity Combined,Speech Recognition Combined,Service Orientation Combined,Active Listening Combined,Coordinating the Work and Activities of Others Combined,Negotiation Combined,Persuasion Combined,Communicating with People Outside the Organization Combined,Work With or Contribute to a Work Group or Team
11-1011.00,Chief Executives,3.86,4.58,4.29,4.33,3.24,1.46,4.9,3.07,4.92,4.14,3.265714285714286,2.023,3.789914285714286,3.4375,4.243114285714286,2.894285714285714,4.117857142857143,3.205357142857143,2.9710142857142854,4.550285714285714,3.523657142857143,2.521,3.44,2.3192,3.2841428571428573,3.8454,2.822857142857143,2.906285714285714,4.1005,3.0468,3.205357142857143,2.928571428571429,2.023657142857143,3.0357142857142856,3.479999999999999,3.117142857142857,3.0357142857142856,3.774071428571428,4.36
11-1011.03,Chief Sustainability Officers,3.04,4.41,4.22,3.85,2.41,1.19,4.67,2.93,4.74,3.44,2.524285714285714,1.6636857142857144,3.1919857142857144,2.211428571428572,2.9579142857142857,2.596342857142857,4.227614285714285,2.765714285714286,3.252528571428572,4.302999999999999,2.98,3.4571428571428573,3.0357142857142856,2.086428571428572,3.2184285714285714,2.6382857142857143,2.6128,2.3753714285714285,3.000771428571429,2.585514285714286,2.607142857142857,2.662857142857143,2.044642857142857,2.7142857142857144,3.2104,1.9842857142857144,2.645714285714285,4.037542857142857,4.78
11-1021.00,General and Operations Managers,3.35,4.63,4.48,4.49,3.24,1.62,4.86,2.46,4.76,4.01,2.645714285714285,1.8743714285714288,2.557542857142857,2.571428571428571,3.1942857142857144,2.571428571428571,3.314142857142857,2.765714285714286,2.385828571428571,3.4646857142857144,2.765714285714286,2.1346285714285718,2.765714285714286,1.9285714285714288,2.6682,3.011885714285714,1.5126,2.6701428571428574,2.8831857142857142,2.3048428571428574,2.4893714285714283,2.31,2.0028571428571427,2.765714285714286,2.9734000000000003,2.2928571428571427,2.4035714285714285,2.6227714285714283,4.62
11-2011.00,Advertising and Promotions Managers,3.15,4.68,4.11,4.19,2.92,1.14,4.87,2.55,4.8,3.78,2.4714285714285715,1.3914285714285717,1.8708,2.1750857142857143,1.9221142857142857,2.7142857142857144,3.3910714285714287,2.765714285714286,2.7009142857142856,3.2446,2.877142857142857,1.8327142857142853,3.205357142857143,1.8057142857142856,1.4716,1.9022,2.1865428571428573,1.4257,1.7590857142857144,1.7034571428571432,2.662857142857143,2.645714285714285,1.9842857142857144,2.8363428571428573,2.1444142857142854,2.1357142857142857,2.3192,3.744142857142857,4.47
11-2021.00,Marketing Managers,3.18,4.61,4.32,4.25,2.74,1.16,4.76,3.35,4.92,3.52,2.3392857142857144,1.4546285714285714,2.8744,2.3192,2.716171428571428,2.645714285714285,3.828571428571429,2.6950857142857143,3.536585714285714,4.091199999999999,2.877142857142857,2.017457142857143,2.765714285714286,2.0,2.3516000000000004,2.891314285714286,1.7938142857142858,1.3892857142857142,2.2609142857142857,2.0210857142857144,2.524285714285714,2.4522285714285714,1.9842857142857144,2.6950857142857143,3.0493,2.4522285714285714,2.7207142857142856,3.56,4.67
11-2022.00,Sales Managers,3.52,4.86,4.1,4.71,3.35,1.24,4.65,2.71,5.0,3.95,2.571428571428571,1.9276428571428568,3.674285714285714,2.645714285714285,3.9631,2.645714285714285,3.9177142857142857,2.7142857142857144,4.490542857142858,4.0528,2.877142857142857,2.326,2.7142857142857144,2.524285714285714,3.867,3.628628571428571,2.5021714285714287,2.9448,3.835,3.468957142857143,2.571428571428571,2.6185714285714288,2.4522285714285714,2.7142857142857144,3.4365714285714293,2.7142857142857144,2.645714285714285,3.779142857142858,4.65
11-2033.00,Fundraising Managers,2.71,4.96,4.3,4.5,2.64,1.34,4.84,3.14,4.49,3.84,2.4732142857142856,1.4706142857142857,2.0812,1.9085714285714288,1.6870857142857143,2.765714285714286,3.4192,2.729371428571429,2.174514285714286,3.641228571428571,2.8363428571428573,1.9613571428571424,2.894285714285714,1.5508,1.7581428571428572,1.8926857142857143,2.131428571428572,1.3553571428571427,1.8585142857142856,2.008857142857143,2.596342857142857,2.4732142857142856,2.19,2.7142857142857144,2.112271428571429,2.2308,2.5,3.121,4.79
11-3012.00,Administrative Services Managers,3.2,4.5,3.9,4.12,3.08,1.75,4.9,2.28,4.78,3.55,2.422142857142857,2.1086285714285715,2.3666142857142853,2.275,2.976142857142857,2.205357142857143,3.5062857142857147,2.596342857142857,1.4789285714285714,3.365485714285714,2.7142857142857144,1.8917857142857144,2.7142857142857144,1.9285714285714288,2.2654000000000005,2.775428571428572,1.9093428571428568,2.2107142857142854,2.6481142857142856,2.2301714285714285,2.31,2.354914285714286,2.044642857142857,2.7142857142857144,2.9782,2.216428571428572,1.8914285714285717,2.5822857142857143,4.57
11-3013.00,Facilities Managers,3.32,4.72,4.31,4.13,3.15,1.81,4.81,2.63,4.72,3.26,2.4035714285714285,1.8646857142857145,2.6861428571428574,2.2928571428571427,2.816228571428572,2.354914285714286,3.4620571428571427,2.5428571428571427,1.6450285714285715,2.8827714285714285,2.524285714285714,2.4628,2.524285714285714,2.044642857142857,2.3702857142857146,3.0280857142857145,1.8595,2.2720571428571428,2.5254,2.4324285714285714,2.2928571428571427,2.354914285714286,1.822857142857143,2.4732142857142856,3.1614571428571425,2.0,2.023657142857143,3.0976000000000004,4.41
11-3013.01,Security Managers,3.53,4.5,3.84,3.6,3.53,2.74,4.61,2.55,4.89,3.84,2.6950857142857143,2.878857142857143,3.3800000000000003,2.4732142857142856,3.3616428571428574,2.607142857142857,3.8339285714285714,2.7142857142857144,2.6846428571428573,3.695714285714285,2.782857142857143,2.531428571428571,2.912857142857143,2.0608,3.2371428571428567,3.623214285714286,2.4228571428571426,3.1055714285714284,3.5848571428571425,3.192142857142857,2.4893714285714283,2.645714285714285,2.105,2.782857142857143,3.1567857142857143,2.0608,2.19,3.0439285714285718,4.39
11-3021.00,Computer and Information Systems Managers,3.3,4.58,4.55,3.02,2.95,1.09,4.63,2.08,4.48,3.01,2.524285714285714,1.4613142857142858,3.139428571428572,2.4035714285714285,3.132828571428571,2.4035714285714285,3.5200000000000005,2.596342857142857,2.112271428571429,3.096285714285714,2.928571428571429,2.5542857142857143,2.877142857142857,2.1750857142857143,2.8480000000000008,2.6714285714285717,1.1758857142857142,2.643828571428571,2.9714285714285715,2.2005714285714286,2.216428571428572,2.19,1.837942857142857,2.7142857142857144,3.137714285714286,1.9285714285714288,2.06,1.9737142857142855,4.75
11-3031.00,Financial Managers,3.09,4.19,3.82,3.34,2.65,1.36,4.91,2.65,4.58,3.53,2.4035714285714285,1.5303857142857145,2.2698285714285715,2.4971428571428573,3.0349857142857144,2.4035714285714285,3.277257142857143,2.765714285714286,1.7208571428571429,3.321728571428571,3.005714285714286,2.070142857142857,3.0592,1.9077714285714285,2.4246,2.1902285714285714,2.205214285714286,1.8495142857142857,3.135257142857143,2.3659428571428576,2.7142857142857144,2.524285714285714,2.354914285714286,2.877142857142857,2.8920000000000003,2.1357142857142857,2.275,2.3534571428571427,4.77
11-3031.01,Treasurers and Controllers,3.12,4.52,4.21,3.04,2.44,1.12,4.92,2.48,4.88,4.0,2.2308,1.5632,2.902857142857143,2.1357142857142857,3.097542857142857,2.096342857142857,4.001828571428572,2.821428571428571,2.159942857142857,3.689200000000001,2.765714285714286,3.0085714285714285,3.091428571428572,1.837942857142857,3.008914285714286,2.771428571428572,1.233142857142857,2.4781714285714287,3.057142857142857,2.28,2.4035714285714285,2.4035714285714285,1.6875,2.748571428571428,2.5695428571428574,1.9449142857142856,2.071428571428571,3.643885714285715,4.44
11-3031.03,Investment Fund Managers,2.9,4.23,3.43,3.25,2.62,1.14,4.77,2.69,4.92,3.39,1.9449142857142856,1.164,2.0193571428571437,1.9077714285714285,1.7788,1.9657142857142855,3.265342857142857,2.6950857142857143,2.2238,2.9071,2.877142857142857,2.7979000000000003,2.821428571428571,1.822857142857143,2.1081142857142856,1.7498,1.2520857142857142,1.2743714285714285,2.176685714285714,2.221,2.4732142857142856,2.3392857142857144,1.8057142857142856,2.765714285714286,1.7425,2.0,2.06,3.253942857142857,3.99
11-3051.00,Industrial Production Managers,3.18,4.69,4.14,2.88,3.0,1.44,4.79,2.79,4.55,3.1,2.7142857142857144,1.5676,2.432628571428572,2.748571428571428,2.811828571428572,2.3857142857142857,3.132742857142857,2.7142857142857144,1.5193714285714286,2.985657142857143,2.821428571428571,2.010628571428572,2.765714285714286,2.096342857142857,2.055871428571429,2.591542857142857,1.3857142857142857,1.9217285714285717,2.7315428571428573,2.3020428571428573,2.4732142857142856,2.354914285714286,1.8914285714285717,2.645714285714285,2.653928571428572,2.205357142857143,2.096342857142857,2.116914285714285,4.52
11-3051.01,Quality Control Systems Managers,3.58,4.83,4.45,3.57,2.99,1.42,4.76,2.76,4.62,3.73,2.524285714285714,1.4642857142857144,2.6416000000000004,2.125,2.7736428571428573,2.205357142857143,3.996571428571428,2.6950857142857143,1.5717142857142856,3.2445714285714287,2.821428571428571,3.055271428571429,2.765714285714286,2.1635714285714283,3.0853714285714284,2.722785714285714,1.1242,2.449442857142857,2.800342857142857,2.890885714285714,2.422142857142857,2.205357142857143,1.9285714285714288,2.6950857142857143,2.6662857142857144,1.8914285714285717,2.125,2.677,4.8
11-3051.02,Geothermal Production Managers,3.43,4.47,4.02,3.54,2.57,1.4,4.96,3.12,5.0,4.25,2.422142857142857,2.1087857142857143,3.155428571428572,2.4522285714285714,2.891685714285714,2.2928571428571427,3.820657142857143,2.645714285714285,1.9230857142857145,3.242457142857143,2.9522285714285714,2.156,2.894285714285714,2.125,2.5126285714285714,2.7352,1.2262857142857142,2.2954857142857144,2.7745,2.667828571428571,2.2071428571428573,2.2767857142857144,1.8057142857142856,2.354914285714286,3.450342857142857,1.9657142857142855,1.9657142857142855,2.806228571428571,4.67
11-3051.03,Biofuels Production Managers,3.43,4.64,3.85,3.64,2.93,1.31,4.93,2.54,4.89,3.5,2.4971428571428573,1.6067142857142858,2.724285714285714,2.4893714285714283,3.2496,2.275,3.362285714285714,2.4971428571428573,1.6122999999999998,2.814057142857143,3.005714285714286,2.3659428571428576,2.765714285714286,2.1635714285714283,2.403642857142857,2.644685714285714,1.221,2.3424571428571426,2.8683428571428573,2.6874,2.596342857142857,2.354914285714286,2.044642857142857,2.524285714285714,3.0093,1.9285714285714288,2.023657142857143,2.0767857142857142,4.76
11-3051.04,Biomass Power Plant Managers,2.95,4.43,4.16,3.6,2.58,1.56,4.85,3.01,4.83,3.8,2.571428571428571,1.5808,3.0993142857142857,2.6185714285714288,3.306714285714285,2.1635714285714283,2.9687714285714284,2.7142857142857144,1.4594285714285715,2.926428571428572,2.765714285714286,1.7275,2.765714285714286,2.125,1.9874285714285715,2.5036571428571426,1.1234714285714285,2.1237142857142857,3.2345714285714284,2.4763,2.4035714285714285,2.265085714285714,1.6875,2.596342857142857,3.0491428571428574,1.7734857142857143,1.9285714285714288,1.8320714285714288,4.67
11-3051.06,Hydroelectric Production Managers,3.13,4.41,3.98,3.6,2.67,1.27,4.81,2.71,4.98,3.92,2.3392857142857144,1.8228,2.7081142857142857,2.4732142857142856,3.022857142857143,2.1635714285714283,3.520514285714285,2.8363428571428573,1.4868571428571429,2.8185714285714285,2.894285714285714,2.492114285714286,2.9522285714285714,2.3192,2.581428571428572,3.153785714285714,1.7963714285714287,2.3635714285714284,2.7952000000000004,2.5361714285714285,2.4035714285714285,2.354914285714286,2.1492,2.782857142857143,3.3205714285714283,2.1635714285714283,2.19,2.274442857142857,4.42
11-3061.00,Purchasing Managers,3.32,4.58,4.0,4.16,2.95,1.53,4.61,2.79,4.95,4.21,2.524285714285714,1.7291285714285711,2.761428571428572,2.7142857142857144,3.243642857142857,2.645714285714285,3.758442857142857,2.7142857142857144,1.5988857142857142,3.5308,2.7142857142857144,2.1601857142857144,2.765714285714286,2.3192,2.8184571428571425,3.318,2.015814285714286,2.4317714285714285,3.1918285714285712,2.826014285714286,2.5428571428571427,2.645714285714285,2.3857142857142857,2.7142857142857144,3.0391428571428567,2.645714285714285,2.542057142857143,3.4030857142857145,4.53
11-3071.00,"Transportation, Storage, and Distribution Managers",3.63,4.62,3.92,3.72,3.35,1.64,4.79,2.62,4.86,4.0,2.524285714285714,1.7985714285714287,2.885714285714286,2.1492,3.1256714285714287,2.086428571428572,3.464642857142857,2.4035714285714285,2.129371428571429,2.9912714285714284,2.607142857142857,2.1533714285714285,2.6185714285714288,2.265085714285714,2.4074,3.0333714285714284,1.746371428571429,2.383285714285714,2.8005714285714287,2.543628571428571,2.25,2.2071428571428573,2.0028571428571427,2.596342857142857,2.9802857142857144,2.354914285714286,2.2928571428571427,2.9924,4.44
11-3071.04,Supply Chain Managers,3.81,4.57,4.1,3.71,3.35,1.3,4.9,2.76,5.0,3.74,2.7142857142857144,1.430457142857143,3.402357142857143,2.2471428571428573,3.5209714285714284,2.524285714285714,3.621914285714286,2.7142857142857144,2.3870857142857145,3.6852,2.765714285714286,2.4971428571428573,2.765714285714286,1.9842857142857144,2.9796142857142858,3.408571428571429,1.516,2.807957142857143,3.224285714285714,2.752,2.2767857142857144,2.265085714285714,1.9449142857142856,2.7142857142857144,3.063285714285714,2.4732142857142856,2.354914285714286,2.9719999999999995,4.6
11-3111.00,Compensation and Benefits Managers,3.1,4.43,3.71,3.1,3.29,1.24,4.74,2.48,4.95,4.06,2.06,1.7328571428571429,2.3885714285714283,2.4035714285714285,2.7812714285714284,2.3857142857142857,3.838685714285715,2.765714285714286,1.8624,3.6607,2.765714285714286,2.494371428571428,2.765714285714286,1.8914285714285717,2.9091428571428573,3.092714285714285,1.0781714285714286,1.6956,2.682142857142857,2.2954,2.524285714285714,2.354914285714286,1.9449142857142856,2.765714285714286,2.503128571428572,1.9842857142857144,1.9657142857142855,3.1800571428571427,4.19
11-3121.00,Human Resources Managers,4.05,4.68,3.86,3.5,3.64,2.05,4.81,2.77,4.85,3.81,2.782857142857143,2.3151714285714284,3.5332857142857144,3.205357142857143,3.547885714285714,2.765714285714286,4.271742857142858,2.912857142857143,2.4315,4.319700000000001,3.052142857142857,2.721057142857143,3.25,2.645714285714285,3.826214285714285,4.367657142857144,1.984,3.7455000000000007,3.632285714285714,3.366057142857143,3.005714285714286,2.98,2.524285714285714,2.989371428571429,3.099357142857143,2.645714285714285,2.524285714285714,3.0224285714285712,4.5
11-3131.00,Training and Development Managers,2.86,4.5,4.25,2.21,2.5,1.14,4.78,3.32,4.71,3.14,2.5428571428571427,1.6864,3.5258000000000003,2.4285714285714284,3.617900000000001,2.5428571428571427,4.519285714285715,2.928571428571429,2.4256,4.037557142857143,2.748571428571428,3.099314285714285,3.0357142857142856,3.0357142857142856,3.572414285714286,2.810014285714286,1.092142857142857,2.2350857142857143,3.9124571428571424,4.587528571428571,3.0077714285714285,2.596342857142857,2.4035714285714285,2.7142857142857144,3.192857142857143,1.8571428571428568,2.4035714285714285,2.205357142857143,4.93
11-9013.00,"Farmers, Ranchers, and Other Agricultural Managers",2.61,4.27,4.02,3.28,2.22,1.16,4.83,1.93,4.12,2.75,2.3392857142857144,1.697,2.0048000000000004,2.31,2.5074571428571426,2.2308,2.9069714285714285,2.542057142857143,2.1352,2.7990571428571425,2.6950857142857143,2.008057142857143,2.6950857142857143,1.837942857142857,1.9540714285714285,2.466742857142857,1.924342857142857,2.0881,2.3068,2.2789714285714284,2.422142857142857,2.4035714285714285,1.837942857142857,2.645714285714285,2.762928571428572,2.096342857142857,2.1357142857142857,2.486628571428572,4.45
11-9021.00,Construction Managers,3.2,4.6,4.15,3.9,2.75,1.79,4.68,3.15,4.89,3.68,2.928571428571429,2.2155,3.031428571428572,2.8363428571428573,3.347142857142857,2.3857142857142857,3.4528571428571437,2.6950857142857143,2.3428571428571425,3.092142857142857,2.821428571428571,2.196428571428572,2.928571428571429,1.9842857142857144,2.6625,3.128214285714286,1.822857142857143,2.7742857142857145,3.0439285714285718,3.052857142857143,2.5428571428571427,2.524285714285714,1.872228571428572,2.765714285714286,3.582857142857143,2.596342857142857,2.1750857142857143,3.047857142857143,4.6
11-9031.00,"Education and Childcare Administrators, Preschool and Daycare",3.69,4.98,4.35,3.77,3.22,1.65,4.88,2.2,4.9,4.25,2.7142857142857144,3.028914285714286,2.6014285714285714,2.571428571428571,2.9624,2.596342857142857,3.3807142857142853,2.7142857142857144,2.011914285714286,3.5022571428571427,2.765714285714286,1.9006857142857143,2.877142857142857,2.596342857142857,2.470285714285714,3.112342857142857,3.050428571428571,2.4649,3.0178857142857143,3.1744000000000003,2.596342857142857,2.44,2.645714285714285,2.7142857142857144,2.8790285714285715,2.354914285714286,2.19,3.2050000000000005,4.54
11-9032.00,"Education Administrators, Kindergarten through Secondary",3.81,4.87,4.46,4.14,3.36,2.18,4.76,3.48,4.47,4.32,2.928571428571429,2.769257142857142,3.5948,3.117142857142857,3.063542857142857,3.205357142857143,4.201571428571429,3.632857142857143,2.334,4.667000000000002,3.6142857142857134,2.3834285714285715,3.7714285714285714,2.765714285714286,3.5782857142857143,3.702857142857143,3.1201428571428567,3.2163142857142857,4.0445714285714285,4.112942857142857,3.3271428571428574,3.0335714285714284,2.748571428571428,3.475,3.752285714285714,2.7142857142857144,2.6185714285714288,4.0358,4.9
11-9033.00,"Education Administrators, Postsecondary",3.18,4.51,4.19,3.64,2.98,1.28,4.77,3.21,4.73,3.65,2.4971428571428573,1.7272571428571428,2.8944,2.571428571428571,3.0593714285714286,2.571428571428571,3.744142857142857,2.821428571428571,2.1333571428571427,3.732871428571429,3.091428571428572,2.824985714285714,3.1750857142857143,2.7142857142857144,2.6119714285714286,3.0042285714285715,1.8469285714285717,2.3056,3.032,2.4722,2.765714285714286,2.7142857142857144,2.3857142857142857,2.821428571428571,2.960971428571429,2.4035714285714285,2.4035714285714285,2.8915,4.46
11-9041.00,Architectural and Engineering Managers,3.29,4.54,4.21,4.21,2.6,1.13,4.88,2.97,4.91,3.38,2.6185714285714288,1.4503,2.5675428571428576,2.2471428571428573,3.1283142857142856,2.2928571428571427,3.628,2.7142857142857144,1.995142857142857,2.950942857142857,3.117142857142857,2.6214285714285714,3.117142857142857,2.205357142857143,2.0578857142857148,2.669714285714286,1.5410285714285714,1.8886428571428573,3.090057142857143,2.948885714285714,2.7142857142857144,2.524285714285714,2.044642857142857,2.7142857142857144,3.926214285714285,2.1750857142857143,2.1357142857142857,3.7342,4.88
11-9041.01,Biofuels/Biodiesel Technology and Product Development Managers,2.75,4.08,3.97,2.69,2.55,1.32,4.83,2.63,4.39,3.49,2.086428571428572,1.5786571428571428,2.8656,2.023657142857143,2.4091428571428573,1.837942857142857,3.5256000000000003,2.31,1.9537,2.843642857142857,2.821428571428571,3.183285714285714,2.6696428571428568,1.9285714285714288,2.8625714285714285,2.0307142857142857,1.3342857142857143,1.7064857142857142,2.078042857142857,2.2128000000000005,2.2308,2.1492,1.7734857142857143,2.2928571428571427,2.6877714285714287,1.9077714285714285,1.9657142857142855,2.701171428571429,4.52
11-9051.00,Food Service Managers,3.63,4.84,4.51,4.51,3.69,1.71,4.93,2.59,4.62,2.81,2.596342857142857,1.9228571428571428,2.3450571428571427,2.596342857142857,2.7287,2.4522285714285714,2.5857142857142854,2.645714285714285,1.948,2.688142857142857,2.645714285714285,1.7229857142857143,2.645714285714285,1.9085714285714288,2.0229142857142857,2.4695714285714283,2.311242857142857,2.831142857142857,3.013371428571429,2.458,2.178571428571429,1.9449142857142856,2.4732142857142856,2.44,2.5990714285714285,2.06,1.8914285714285717,1.962742857142857,4.96
11-9071.00,Gambling Managers,3.93,4.78,4.63,4.67,3.94,1.9,4.89,2.72,4.24,3.69,2.6185714285714288,1.555,2.2406571428571427,2.7142857142857144,2.627142857142857,2.571428571428571,3.2397142857142853,2.596342857142857,1.6507428571428573,2.970742857142857,2.645714285714285,1.8088428571428572,2.7142857142857144,2.2928571428571427,2.173,3.142,3.2196571428571428,2.5678,2.752685714285714,2.452,2.4732142857142856,2.6185714285714288,2.4732142857142856,2.4732142857142856,2.5111428571428567,2.125,2.2928571428571427,1.7819285714285713,4.77
11-9072.00,"Entertainment and Recreation Managers, Except Gambling",2.96,4.57,4.02,4.81,2.94,1.66,4.63,3.81,4.1,2.64,2.524285714285714,2.362571428571428,2.6633714285714287,2.023657142857143,3.1184,2.4732142857142856,3.5480285714285715,2.6950857142857143,2.025428571428572,3.706942857142857,2.662857142857143,2.825228571428571,2.782857142857143,2.2928571428571427,2.5785714285714287,3.056785714285714,3.0475,2.996857142857143,2.8942,3.0678857142857145,2.375,2.337142857142857,2.4732142857142856,2.645714285714285,2.6568000000000005,1.9842857142857144,2.096342857142857,3.2906714285714287,4.78
11-9081.00,Lodging Managers,3.72,4.89,4.51,4.49,3.57,1.6,4.83,3.67,4.92,4.32,2.5428571428571427,2.6514285714285712,2.4703,2.7142857142857144,3.2026428571428576,2.662857142857143,3.4141285714285714,2.7142857142857144,2.5959142857142856,3.296685714285714,2.7142857142857144,1.8309571428571427,2.782857142857143,2.4732142857142856,2.5208142857142857,3.234757142857143,3.2390857142857143,3.077371428571429,2.9371142857142853,3.0821,2.662857142857143,2.7142857142857144,2.8363428571428573,2.782857142857143,2.914,2.645714285714285,2.571428571428571,3.121714285714286,4.8
11-9111.00,Medical and Health Services Managers,3.71,4.82,3.96,4.07,3.39,2.11,4.61,2.96,4.93,3.71,2.6950857142857143,2.426028571428572,3.140357142857143,2.765714285714286,3.8388,2.7142857142857144,3.8832571428571434,2.782857142857143,1.9729,3.732342857142857,3.265714285714286,2.622528571428572,2.765714285714286,2.596342857142857,3.3088,3.485085714285714,2.2182142857142857,3.2742571428571425,3.82,3.3104714285714287,2.7142857142857144,2.645714285714285,2.4732142857142856,2.765714285714286,3.542171428571429,2.44,2.645714285714285,2.824,4.86
11-9121.00,Natural Sciences Managers,2.28,4.05,4.07,3.54,2.32,1.23,4.84,2.91,4.42,3.14,2.36,1.386628571428571,2.9581,2.7292,3.1026571428571423,2.3192,3.868342857142856,2.748571428571428,1.7599999999999998,3.605028571428572,3.091428571428572,3.1436,3.142857142857143,2.2471428571428573,2.5302285714285717,2.0872571428571427,1.3716428571428572,2.6157142857142857,2.8358000000000003,2.5016142857142856,2.954285714285714,2.524285714285714,1.822857142857143,3.0357142857142856,3.2563,1.9449142857142856,2.205357142857143,3.1547857142857145,4.68
11-9121.01,Clinical Research Coordinators,2.57,4.63,4.12,3.36,2.32,1.09,4.86,2.16,4.37,4.06,2.6950857142857143,2.4348571428571426,1.5678,2.25,1.4391999999999998,2.4035714285714285,3.088157142857143,2.645714285714285,1.0917142857142856,3.1123142857142856,2.877142857142857,1.8056,2.821428571428571,1.9085714285714288,1.6644571428571426,1.527057142857143,2.0780000000000003,1.0928285714285717,1.9685714285714289,2.2990285714285714,2.4732142857142856,2.4732142857142856,2.071428571428571,2.7142857142857144,2.2042,1.9077714285714285,1.9285714285714288,2.1380285714285714,4.42
11-9121.02,Water Resource Specialists,2.86,4.05,3.57,3.59,2.35,1.32,4.65,2.68,4.8,3.8,2.044642857142857,1.3778285714285714,2.6835,1.8125,2.4592857142857145,2.0342857142857143,3.22,2.7142857142857144,1.8736,3.0202,2.7142857142857144,2.998357142857143,2.765714285714286,1.9285714285714288,2.8167,2.2241428571428568,2.113671428571428,1.6535714285714285,2.6273142857142853,2.3054,2.4522285714285714,2.1635714285714283,1.8571428571428568,2.7142857142857144,2.838571428571429,1.8571428571428568,2.06,3.1794571428571428,4.47
11-9131.00,Postmasters and Mail Superintendents,4.15,4.96,4.59,4.54,4.28,2.04,4.92,3.79,4.83,4.5,2.5,1.7855714285714286,2.657857142857143,2.44,3.4133142857142857,2.5,3.6224857142857134,2.7142857142857144,2.063714285714286,3.127171428571429,2.662857142857143,2.3366285714285717,2.7142857142857144,2.044642857142857,2.478828571428571,3.6257,2.3179142857142856,2.763314285714286,3.0917285714285714,2.3841142857142854,2.283657142857143,2.337142857142857,2.0608,2.4485714285714284,3.304342857142857,2.216428571428572,2.125,2.501028571428572,4.66
11-9141.00,"Property, Real Estate, and Community Association Managers",3.6,4.7,3.8,4.1,3.7,1.9,4.84,2.5,4.95,4.55,2.4035714285714285,1.6192857142857144,2.607142857142857,1.9449142857142856,3.0650000000000004,2.086428571428572,3.345,2.7142857142857144,2.125,3.385,2.765714285714286,1.9102857142857144,2.765714285714286,1.78,2.5275,3.132571428571429,2.309285714285714,2.435,2.626428571428572,2.58,2.31,2.31,1.8571428571428568,2.571428571428571,3.295,2.3392857142857144,2.125,2.992857142857143,4.15
11-9151.00,Social and Community Service Managers,3.51,4.67,4.23,4.11,3.77,2.11,4.88,2.98,4.98,4.1,2.645714285714285,3.021,2.592914285714285,2.8020571428571426,2.7849142857142857,2.98,3.711428571428572,2.6185714285714288,1.3828142857142858,3.4548142857142854,3.0592,2.2721714285714283,3.2308,2.3857142857142857,2.275714285714286,2.9301142857142857,2.5990857142857147,1.8365714285714287,2.3124571428571428,2.4126857142857143,2.748571428571428,2.645714285714285,2.7142857142857144,2.748571428571428,2.8495285714285714,2.205357142857143,2.205357142857143,3.0703714285714288,4.71
11-9161.00,Emergency Management Directors,3.09,4.41,4.05,4.14,2.64,1.77,4.52,2.91,4.76,3.71,3.142857142857143,3.108714285714285,3.5382,2.3392857142857144,3.489571428571428,2.765714285714286,3.75,2.894285714285714,2.3054,4.16,3.0592,2.671057142857143,3.005714285714286,2.6185714285714288,2.9851,3.200528571428572,3.3902,2.6983,2.9851,3.1728571428571426,2.894285714285714,2.6950857142857143,3.4375,2.765714285714286,3.4267714285714286,2.19,2.4971428571428573,3.737457142857143,4.41
11-9171.00,Funeral Home Managers,3.28,4.85,4.27,4.72,3.2,2.1,4.75,3.62,5.0,3.82,2.19,3.8998,2.3877999999999995,2.25,3.2778714285714288,2.5428571428571427,3.447742857142857,2.3392857142857144,2.4525714285714284,3.735542857142857,2.7142857142857144,2.6728,2.645714285714285,1.8571428571428568,3.5192,2.8850714285714285,4.172771428571428,1.617142857142857,2.8702428571428573,2.963857142857143,2.31,2.2071428571428573,2.7142857142857144,2.596342857142857,3.6676,1.9842857142857144,2.06,3.477128571428571,4.79
11-9179.01,Fitness and Wellness Coordinators,3.42,4.6,3.88,3.85,3.08,1.5,4.84,3.23,4.68,2.96,2.422142857142857,2.448757142857142,2.48,2.2071428571428573,3.1805714285714286,2.4732142857142856,3.5488,2.645714285714285,2.0474428571428573,3.5029285714285714,2.7142857142857144,1.6178285714285714,2.7142857142857144,2.19,2.658142857142857,2.4190000000000005,2.2060571428571425,2.9008000000000003,3.3370285714285712,3.1149142857142853,2.375,2.375,2.375,2.422142857142857,2.7385,1.8914285714285717,2.0,2.7055285714285717,4.56
11-9179.02,Spa Managers,3.14,5.0,4.43,4.62,3.19,1.15,4.97,1.88,4.9,3.2,2.7142857142857144,3.158042857142857,2.7696,2.596342857142857,2.8326857142857143,2.645714285714285,3.4480857142857144,2.7142857142857144,2.673742857142857,3.3856,2.7142857142857144,1.8926285714285715,2.7142857142857144,2.1607142857142856,2.2998571428571437,3.134428571428572,3.274014285714286,2.12,3.0394,2.188,2.4893714285714283,2.596342857142857,2.4893714285714283,2.375,2.9305857142857143,2.086428571428572,2.4732142857142856,2.407342857142857,4.83
11-9199.01,Regulatory Affairs Managers,2.96,4.17,4.04,2.3,2.36,1.13,4.59,2.43,4.5,3.45,2.25,1.3293142857142857,2.4142857142857146,2.0,2.5876428571428574,2.1635714285714283,3.9137857142857135,2.765714285714286,2.057142857142857,3.5392,2.8363428571428573,3.712657142857143,2.8363428571428573,1.9642857142857144,2.809571428571429,2.8468,1.1408571428571428,1.9437571428571427,2.6128,2.5336,2.4732142857142856,2.524285714285714,1.8057142857142856,2.7142857142857144,2.4603571428571427,1.8571428571428568,1.8571428571428568,3.9721428571428574,4.65
11-9199.02,Compliance Managers,3.43,4.66,4.13,3.93,3.19,2.2,4.78,2.87,4.78,3.82,2.4732142857142856,2.2036,2.4091428571428573,1.6665142857142858,2.3336714285714284,2.2928571428571427,3.981314285714286,2.6950857142857143,1.6521428571428571,3.5240857142857145,2.877142857142857,2.8791,2.894285714285714,2.275,2.8070857142857144,3.04,2.200614285714286,1.4412142857142858,2.696,2.902857142857143,2.354914285714286,2.2928571428571427,1.822857142857143,2.6950857142857143,2.640571428571429,1.9449142857142856,2.4035714285714285,3.0672,4.76
11-9199.08,Loss Prevention Managers,3.95,4.82,3.65,4.0,3.48,2.77,4.67,2.95,4.81,3.62,2.354914285714286,2.158,2.577085714285714,2.4971428571428573,2.8005,2.4035714285714285,3.6852,2.7142857142857144,2.5795,3.6340571428571433,2.7142857142857144,2.0815,2.782857142857143,2.596342857142857,2.6720714285714284,3.1164,1.7813285714285714,1.987742857142857,2.9722857142857144,3.0412000000000003,2.524285714285714,2.524285714285714,2.4035714285714285,2.7142857142857144,2.449,2.2071428571428573,2.524285714285714,2.907142857142857,4.4
11-9199.09,Wind Energy Operations Managers,3.14,4.52,4.1,3.13,2.36,1.23,4.99,3.3,5.0,3.61,2.4522285714285714,2.4634,3.105742857142857,2.571428571428571,3.3218,2.571428571428571,3.6904,2.645714285714285,2.2056,3.0592,2.7142857142857144,2.2689285714285714,2.782857142857143,2.096342857142857,2.9092,3.0690285714285714,2.1375,2.853142857142857,3.6782857142857135,2.9555285714285717,2.7142857142857144,2.607142857142857,1.837942857142857,2.7142857142857144,3.6673,2.1750857142857143,2.4035714285714285,2.64,4.57
11-9199.10,Wind Energy Development Managers,3.09,4.0,3.77,3.79,2.47,1.16,4.2,2.75,4.85,3.4,2.4522285714285714,1.3090142857142857,2.894685714285714,2.1492,2.111885714285714,2.2928571428571427,3.4837857142857143,2.5428571428571427,2.404,3.37,2.821428571428571,2.327242857142857,2.748571428571428,1.8728571428571428,2.4658285714285717,2.9417714285714283,2.78,1.464457142857143,1.7634285714285711,1.7968142857142857,2.4893714285714283,2.5428571428571427,1.837942857142857,2.4732142857142856,3.427314285714286,2.275,2.205357142857143,3.965028571428571,4.35
11-9199.11,Brownfield Redevelopment Specialists and Site Managers,2.59,4.32,3.68,3.95,2.05,1.18,4.35,2.32,4.59,3.91,2.765714285714286,1.3192142857142857,2.600342857142857,1.837942857142857,2.119,2.0028571428571427,3.4141142857142857,2.765714285714286,1.9672,3.5873714285714287,2.877142857142857,2.791428571428572,2.877142857142857,1.8914285714285717,2.517142857142857,2.8687571428571426,2.6506,1.4366,1.9169,1.7359428571428572,2.4732142857142856,2.375,1.8057142857142856,2.645714285714285,3.0577857142857146,2.3392857142857144,2.06,3.716328571428572,4.09
13-1011.00,"Agents and Business Managers of Artists, Performers, and Athletes",3.33,4.88,3.59,2.91,3.03,1.22,4.55,2.0,5.0,3.38,2.4732142857142856,1.4059428571428572,1.6834285714285713,1.837942857142857,1.3485142857142858,2.44,2.6709428571428573,2.7142857142857144,2.719028571428572,3.4592857142857136,2.765714285714286,1.8559,2.894285714285714,1.7734857142857143,2.2281285714285715,2.790228571428571,1.6017142857142856,1.1230142857142855,1.5861142857142858,1.1926428571428571,2.4893714285714283,2.5428571428571427,1.9657142857142855,2.7142857142857144,2.2902142857142858,2.7142857142857144,2.765714285714286,3.081857142857143,4.17
13-1021.00,"Buyers and Purchasing Agents, Farm Products",3.2,4.79,3.83,4.17,2.71,1.22,4.98,2.01,5.0,3.19,1.9449142857142856,1.422014285714286,2.1632285714285717,1.8571428571428568,2.041828571428572,1.9449142857142856,2.997742857142857,2.596342857142857,2.4148000000000005,3.2034,2.4971428571428573,1.8003999999999998,2.7142857142857144,1.6171428571428572,2.390357142857143,2.5366857142857144,2.0354,1.5464285714285717,1.9787857142857144,2.287,2.216428571428572,2.1492,1.7485714285714289,2.327857142857143,2.4115714285714285,2.2308,2.275,3.0104571428571427,4.63
13-1022.00,"Wholesale and Retail Buyers, Except Farm Products",3.4,4.83,3.7,3.83,3.2,1.3,4.76,2.4,5.0,3.84,2.023657142857143,1.624,1.7110714285714286,1.78,1.6847,2.125,3.1453714285714285,2.524285714285714,1.9475714285714287,2.7386285714285714,2.7142857142857144,1.4767,2.7142857142857144,1.8914285714285717,1.667,2.6411285714285717,1.4501428571428572,1.3677428571428571,1.9356142857142855,1.649,2.265085714285714,2.2928571428571427,1.9449142857142856,2.524285714285714,1.6918571428571427,2.7142857142857144,2.571428571428571,2.669914285714285,4.27
13-1023.00,"Purchasing Agents, Except Wholesale, Retail, and Farm Products",2.9,4.53,3.89,4.15,3.0,1.5,4.53,3.0,4.95,4.11,1.8571428571428568,1.3977142857142857,2.455857142857143,1.9449142857142856,2.7802857142857147,2.1635714285714283,3.565,2.7142857142857144,1.468,3.4992142857142854,2.7142857142857144,2.525714285714286,2.7142857142857144,2.044642857142857,2.5535714285714284,3.2500714285714283,2.1,2.100357142857143,2.9607857142857146,2.5404285714285715,2.216428571428572,2.4732142857142856,1.9842857142857144,2.7142857142857144,2.4657142857142857,2.912857142857143,2.571428571428571,3.552928571428571,4.32
13-1031.00,"Claims Adjusters, Examiners, and Investigators",4.03,4.67,3.18,4.43,4.13,1.39,4.29,1.76,5.0,4.93,2.0028571428571427,1.7433142857142856,1.7271999999999998,1.6875,1.332228571428571,2.1492,3.0569714285714285,2.645714285714285,1.484,3.2188,3.005714285714286,2.209514285714285,3.005714285714286,1.6171428571428572,1.5735714285714284,3.4252,2.3915714285714285,1.2579142857142858,1.4902,1.7574999999999998,2.31,2.2928571428571427,1.9085714285714288,2.821428571428571,1.5889,1.9842857142857144,1.8057142857142856,3.454857142857143,3.87
13-1032.00,"Insurance Appraisers, Auto Damage",3.87,4.96,2.97,4.92,3.6,1.78,4.29,1.77,5.0,3.91,1.7734857142857143,2.087714285714286,1.5239,1.4179428571428572,1.4187857142857143,1.8571428571428568,2.9588,2.4732142857142856,1.7033142857142858,2.6836571428571427,2.7142857142857144,1.826514285714285,2.7142857142857144,1.3571428571428572,2.109057142857143,3.221371428571429,3.5473428571428567,1.1588857142857143,1.4191,1.9202,2.1142857142857143,2.1607142857142856,1.8571428571428568,2.3857142857142857,1.3660714285714284,1.7734857142857143,1.7734857142857143,2.755742857142857,3.77
13-1041.00,Compliance Officers,3.57,4.79,3.56,4.75,4.04,2.45,4.49,2.4,4.49,3.66,1.9449142857142856,1.6131285714285712,1.6574285714285717,1.595,1.4169142857142856,2.2071428571428573,2.895771428571429,2.4893714285714283,1.2663285714285712,2.453642857142857,2.765714285714286,2.1240428571428573,2.765714285714286,1.7734857142857143,2.272,2.3405714285714287,3.1068,1.1275285714285714,1.8056857142857143,1.6424714285714286,2.2071428571428573,2.2928571428571427,1.9449142857142856,2.524285714285714,1.758571428571429,1.9449142857142856,2.0028571428571427,3.0087714285714284,4.4
13-1041.01,Environmental Compliance Inspectors,3.0,4.45,3.3,4.25,2.8,1.42,4.65,2.15,4.95,3.9,1.8571428571428568,1.3367857142857142,1.9114285714285717,1.6063428571428573,1.6942857142857142,2.086428571428572,3.3071428571428574,2.748571428571428,1.4242857142857144,3.086071428571429,3.0357142857142856,2.2871428571428574,3.091428571428572,1.8914285714285717,1.9675,2.464285714285714,2.77,1.3071428571428572,1.977142857142857,2.185,2.354914285714286,2.4035714285714285,1.7734857142857143,2.645714285714285,1.9571428571428573,1.8057142857142856,1.7200000000000002,3.037142857142857,4.0
13-1041.03,Equal Opportunity Representatives and Officers,3.68,4.43,3.24,3.97,3.46,1.94,4.6,2.56,4.86,4.39,1.9842857142857144,1.585357142857143,1.8040857142857143,1.3571428571428572,1.3457142857142856,2.765714285714286,3.764928571428572,2.821428571428571,1.7108571428571429,3.522571428571428,3.265714285714286,3.114442857142857,3.117142857142857,1.9077714285714285,2.1743571428571427,3.7734,2.941942857142857,1.268571428571429,1.7042285714285716,2.047428571428572,2.5428571428571427,2.7142857142857144,2.023657142857143,3.145,1.4588714285714286,2.0342857142857143,2.2857142857142856,3.421342857142857,3.69
13-1041.04,Government Property Inspectors and Investigators,3.98,4.75,3.96,4.44,3.6,2.22,4.59,1.94,4.82,3.67,2.1492,1.2404285714285714,1.8416571428571429,1.7200000000000002,1.9776,2.105,3.2722857142857142,2.765714285714286,1.4008571428571428,3.4235714285714285,2.7142857142857144,2.3690285714285717,2.7142857142857144,1.9842857142857144,2.307428571428572,2.920228571428571,2.620514285714286,1.308,1.6632571428571428,1.598,2.596342857142857,2.5428571428571427,1.9449142857142856,2.8363428571428573,2.2862,1.9285714285714288,2.0,3.4575142857142858,4.36
13-1041.06,Coroners,3.55,4.75,3.85,4.85,4.05,2.85,4.78,3.25,5.0,4.16,2.375,3.1057857142857146,2.1246428571428573,1.5892857142857142,2.988,2.4522285714285714,3.758928571428572,2.782857142857143,1.1882142857142857,3.5142857142857142,3.117142857142857,2.7325000000000004,2.98,1.8914285714285717,2.6089285714285717,2.893214285714285,3.55,2.6290857142857145,2.9131428571428573,3.069642857142857,2.2071428571428573,2.25,1.9449142857142856,2.645714285714285,2.5348571428571427,1.6364285714285711,1.6364285714285711,3.946071428571429,4.25
13-1041.07,Regulatory Affairs Specialists,2.85,4.2,3.55,2.5,2.35,1.26,4.42,2.4,4.42,3.58,2.1750857142857143,1.200357142857143,2.5664285714285717,1.8057142857142856,1.9471428571428573,2.105,3.5875000000000004,2.765714285714286,1.8685714285714288,3.3400000000000003,3.091428571428572,3.1552857142857142,2.98,1.8571428571428568,2.807142857142857,2.9131428571428573,1.1067857142857145,1.7146428571428571,2.186071428571428,2.333928571428572,2.596342857142857,2.524285714285714,1.8571428571428568,2.7142857142857144,2.890000000000001,1.9842857142857144,2.071428571428571,3.4514285714285715,4.45
13-1041.08,Customs Brokers,3.25,4.7,3.35,3.85,3.5,1.4,4.72,2.3,5.0,4.26,1.8914285714285717,1.3457142857142856,2.139685714285714,1.8571428571428568,2.5922285714285715,1.8571428571428568,3.245371428571429,2.571428571428571,1.7584000000000002,2.9857142857142858,2.571428571428571,2.310714285714285,2.524285714285714,1.8571428571428568,2.5701142857142854,2.2559142857142858,1.6155142857142857,2.0418571428571437,2.3091428571428567,2.514828571428572,2.1228571428571428,2.19,1.9642857142857144,2.7142857142857144,2.2074857142857143,1.8914285714285717,1.8057142857142856,3.1988000000000003,4.2
13-1051.00,Cost Estimators,2.45,3.68,3.43,2.77,2.14,1.18,4.45,2.73,4.8,2.95,1.9449142857142856,1.210357142857143,2.331714285714286,1.5357142857142858,2.164185714285714,1.9085714285714288,3.270314285714285,2.645714285714285,1.6496285714285714,3.0142857142857142,2.765714285714286,2.5968571428571425,2.765714285714286,1.6875,2.4510571428571426,2.025142857142857,1.124342857142857,1.3114285714285714,2.378914285714286,2.113671428571428,2.1607142857142856,2.125,1.7200000000000002,2.571428571428571,2.1040714285714284,1.9285714285714288,2.0,2.7451,4.14
13-1071.00,Human Resources Specialists,3.93,4.77,4.06,3.71,3.39,2.19,4.92,3.33,5.0,4.52,2.0,2.3280571428571437,2.0248,1.7734857142857143,1.8529428571428568,2.3192,3.2116857142857147,2.782857142857143,1.3827142857142856,3.3850285714285717,2.765714285714286,1.8312857142857144,2.7142857142857144,1.9449142857142856,2.320857142857143,3.034828571428572,1.8714857142857144,2.0321714285714285,2.4267571428571437,2.274742857142857,2.596342857142857,2.596342857142857,2.105,2.7142857142857144,1.8815285714285717,1.8571428571428568,1.8057142857142856,2.270157142857143,4.72
13-1074.00,Farm Labor Contractors,2.93,4.49,4.42,2.59,2.76,1.38,4.55,2.04,4.55,3.68,1.9657142857142855,1.7079999999999995,1.361042857142857,2.086428571428572,1.4435714285714285,1.8571428571428568,1.6340714285714286,2.2071428571428573,1.5004285714285714,2.1005,2.216428571428572,1.1323714285714286,2.2071428571428573,1.6665142857142858,1.183857142857143,1.6373714285714285,1.2816,1.3409285714285717,1.6185142857142858,1.8021857142857145,2.0608,2.125,1.6063428571428573,2.0608,1.7637142857142858,1.75,1.6665142857142858,1.1022,3.68
13-1075.00,Labor Relations Specialists,4.0,4.48,3.11,2.9,3.58,1.9,4.53,2.57,4.74,3.74,2.2308,1.6620142857142857,2.460828571428572,1.7734857142857143,2.142857142857143,2.571428571428571,3.258571428571428,3.205357142857143,1.612857142857143,3.5628571428571427,3.005714285714286,2.5158571428571426,3.0892857142857144,1.822857142857143,2.326514285714285,4.127028571428571,1.8087142857142855,1.738257142857143,2.1567857142857143,2.1713,2.524285714285714,2.4035714285714285,2.2308,3.172857142857143,2.3922857142857143,2.9522285714285714,2.8020571428571426,2.5708,4.05
13-1081.00,Logisticians,3.08,4.54,3.71,3.96,3.0,1.5,4.61,2.42,5.0,4.0,2.748571428571428,1.3224,3.0064,2.205357142857143,2.7812714285714284,2.354914285714286,3.4037714285714284,2.645714285714285,2.4243428571428574,3.3478857142857144,2.877142857142857,2.313542857142857,2.765714285714286,1.9085714285714288,2.992857142857143,2.762885714285714,1.550028571428571,2.5421428571428573,2.669314285714286,2.436914285714286,2.596342857142857,2.596342857142857,2.086428571428572,2.6950857142857143,2.716428571428572,2.125,2.1635714285714283,3.1750857142857143,4.58
13-1081.01,Logistics Engineers,3.27,4.39,3.83,3.52,2.87,1.91,4.43,2.7,4.52,3.57,2.125,1.423,2.4219,2.0342857142857143,2.4603571428571427,1.9657142857142855,3.407742857142857,2.645714285714285,1.7601428571428572,2.932485714285715,3.091428571428572,2.777285714285714,2.821428571428571,1.9285714285714288,2.3795714285714284,2.3732999999999995,1.2837714285714286,1.7889,2.4427000000000003,2.297142857142857,2.5428571428571427,2.4035714285714285,1.8571428571428568,2.765714285714286,2.3082000000000003,1.8057142857142856,1.8914285714285717,2.916314285714286,4.3
13-1081.02,Logistics Analysts,3.23,4.59,3.64,3.41,3.0,1.55,4.27,2.5,4.82,3.18,1.8914285714285717,1.522571428571429,2.118785714285714,1.822857142857143,2.051428571428572,1.8571428571428568,3.2896,2.327857142857143,1.6332857142857142,3.326328571428571,2.7142857142857144,2.812857142857143,2.7142857142857144,1.7734857142857143,2.328642857142857,2.3603,1.281742857142857,1.4714285714285715,2.4132571428571428,2.2425,2.1607142857142856,2.375,1.822857142857143,2.645714285714285,2.2517428571428573,1.7734857142857143,1.7734857142857143,3.1410285714285715,4.32
13-1111.00,Management Analysts,2.95,4.25,4.11,3.62,2.79,1.5,4.74,2.76,4.89,3.83,2.645714285714285,1.5645142857142855,2.856,1.8914285714285717,2.253428571428572,2.645714285714285,3.998214285714286,2.7142857142857144,3.086071428571429,4.326714285714287,2.894285714285714,3.2742571428571425,3.117142857142857,2.125,4.144428571428572,3.2293571428571437,1.9445714285714284,1.6012857142857142,2.9714285714285715,2.932,2.645714285714285,2.5428571428571427,2.044642857142857,2.8363428571428573,2.7085714285714286,1.9449142857142856,2.3857142857142857,3.6973,4.35
13-1121.00,"Meeting, Convention, and Event Planners",3.53,4.91,4.63,4.7,3.1,1.11,4.91,1.81,4.94,4.03,2.645714285714285,2.174542857142857,2.7952000000000004,2.086428571428572,3.0254714285714286,2.5428571428571427,3.3817857142857144,2.7142857142857144,2.628,3.436928571428571,2.821428571428571,2.4422571428571427,2.821428571428571,1.8914285714285717,2.6069714285714287,3.4894857142857143,3.5813428571428574,1.9117857142857144,2.789542857142857,2.331714285714286,2.422142857142857,2.662857142857143,2.596342857142857,2.7142857142857144,3.063557142857143,2.2308,2.25,3.711557142857143,4.81
13-1131.00,Fundraisers,2.71,4.62,3.81,4.67,2.52,1.1,5.0,3.14,4.95,4.38,2.524285714285714,1.7542857142857142,2.786428571428571,1.7200000000000002,2.28,2.4522285714285714,3.187428571428572,2.9522285714285714,3.192142857142857,4.445328571428572,2.765714285714286,2.5042857142857144,2.894285714285714,1.8571428571428568,3.1128571428571425,2.749,2.9131428571428573,1.7614,2.992714285714285,2.36,2.8363428571428573,2.7142857142857144,2.1607142857142856,2.765714285714286,2.394671428571429,2.596342857142857,2.877142857142857,4.0528,4.4
13-1141.00,"Compensation, Benefits, and Job Analysis Specialists",2.71,4.38,3.14,3.05,2.81,1.1,4.57,2.29,4.81,3.62,1.8914285714285717,1.5580571428571428,1.9905142857142857,1.7734857142857143,1.7714285714285714,2.0342857142857143,3.365157142857143,2.645714285714285,1.5714285714285716,3.128214285714286,2.6950857142857143,2.4059285714285714,2.7142857142857144,1.8057142857142856,2.534057142857143,2.370728571428572,1.2985714285714285,1.5066285714285717,1.8610428571428568,1.8658571428571429,2.2071428571428573,2.1635714285714283,1.8571428571428568,2.645714285714285,1.7914857142857143,1.8914285714285717,1.9657142857142855,2.814571428571428,4.14
13-1151.00,Training and Development Specialists,3.22,4.57,3.65,3.13,2.65,1.52,4.43,3.83,4.52,3.57,2.524285714285714,1.7196285714285715,2.4538857142857142,2.023657142857143,2.105714285714286,2.7142857142857144,4.073657142857144,3.052142857142857,2.212828571428572,3.803028571428572,2.765714285714286,3.0288,2.9522285714285714,2.989371428571429,3.597571428571429,2.410642857142857,1.8103428571428573,1.8136,3.4608571428571424,3.861100000000001,2.928571428571429,2.662857142857143,2.4035714285714285,2.7142857142857144,2.4198142857142857,1.9449142857142856,2.023657142857143,2.626442857142857,4.27
13-1161.00,Market Research Analysts and Marketing Specialists,2.7,4.22,3.52,3.57,2.48,1.13,4.22,2.65,4.61,3.87,1.8914285714285717,1.1132857142857142,2.2992142857142857,1.7200000000000002,2.0942857142857143,2.023657142857143,3.2821857142857143,2.645714285714285,2.864514285714286,3.5208,2.928571428571429,3.849,2.928571428571429,1.75,3.4236142857142853,2.069242857142857,1.8202857142857145,1.4705714285714286,2.2085714285714286,1.9202285714285716,2.422142857142857,2.205357142857143,1.7734857142857143,2.645714285714285,2.725371428571429,1.6364285714285711,1.9842857142857144,3.6818,4.0
13-1161.01,Search Marketing Strategists,2.35,3.57,3.0,2.09,2.09,1.0,4.0,2.13,4.22,2.48,2.1635714285714283,1.1253571428571427,1.8828571428571428,1.6942857142857144,1.9942857142857144,1.9285714285714288,3.192142857142857,2.4035714285714285,2.5135428571428573,2.933071428571429,2.7142857142857144,2.845714285714286,2.765714285714286,1.9449142857142856,3.258571428571428,1.951028571428572,1.1392857142857142,1.336,2.117142857142857,2.228857142857142,2.4732142857142856,2.524285714285714,1.8571428571428568,2.571428571428571,1.9216428571428568,1.8914285714285717,2.1635714285714283,3.0016,3.65
13-1199.04,Business Continuity Planners,2.57,4.35,3.95,2.78,2.1,1.22,3.9,2.48,4.57,3.24,2.571428571428571,1.4751999999999998,2.4948,1.9842857142857144,2.584642857142857,2.2308,3.8704,2.765714285714286,1.6617714285714285,3.3895428571428567,2.821428571428571,2.888,2.928571428571429,2.1635714285714283,2.6095,2.285642857142857,1.1608,1.573257142857143,2.493542857142857,2.8571714285714283,2.4732142857142856,2.422142857142857,1.9842857142857144,2.8363428571428573,2.4804285714285714,1.9449142857142856,2.06,2.1433714285714287,4.36
13-1199.05,Sustainability Specialists,3.0,4.17,3.96,3.22,2.43,1.17,4.59,2.77,4.71,3.55,2.125,1.5323571428571428,2.770942857142857,1.7734857142857143,2.472,1.9842857142857144,3.9937,2.765714285714286,2.839714285714286,3.703928571428571,2.645714285714285,2.442571428571429,2.645714285714285,1.8571428571428568,3.531885714285714,2.4049428571428573,1.9643857142857144,1.4479142857142857,2.281257142857143,2.932485714285715,2.354914285714286,2.1492,1.8057142857142856,2.645714285714285,2.333,1.8571428571428568,1.9842857142857144,3.528628571428572,4.39
13-1199.06,Online Merchants,2.92,4.46,3.72,4.16,3.2,1.15,4.5,1.58,4.68,3.58,1.822857142857143,1.426214285714286,1.3790285714285715,1.5785714285714287,1.5357142857142858,1.8328571428571427,2.3195,2.2071428571428573,2.7466,2.7019,2.3192,1.760057142857143,2.3392857142857144,1.467857142857143,1.5072142857142858,2.021114285714286,1.937442857142857,1.2852571428571429,1.4585142857142857,1.6696,2.02,2.19,2.105,2.2928571428571427,1.9608857142857143,1.9449142857142856,2.0608,2.562742857142857,3.98
13-1199.07,Security Management Specialists,3.2,4.3,3.84,3.95,3.0,2.5,4.56,2.95,4.83,4.11,2.524285714285714,2.0428571428571427,2.6696428571428568,1.8914285714285717,2.8973571428571425,2.25,3.513714285714286,2.662857142857143,2.742,3.6399999999999992,2.782857142857143,2.5535714285714284,2.912857142857143,2.1492,3.765714285714286,3.086071428571429,2.4174285714285717,2.2007142857142856,2.895142857142857,2.865185714285714,2.265085714285714,2.2071428571428573,2.19,2.729371428571429,2.5902857142857143,1.9449142857142856,2.275,3.536428571428571,4.05
13-2011.00,Accountants and Auditors,2.75,4.55,3.47,3.77,2.44,1.04,4.7,2.0,4.85,3.88,2.044642857142857,1.5122285714285717,2.478285714285714,1.75,2.340742857142857,2.023657142857143,3.481942857142857,2.524285714285714,1.7525,3.2608,2.765714285714286,2.620342857142857,2.748571428571428,1.75,2.3233,2.298,1.5193142857142856,1.9220714285714289,2.436114285714286,2.6424571428571437,2.1492,2.19,2.023657142857143,2.524285714285714,2.5930285714285715,1.7734857142857143,1.9285714285714288,2.684,4.21
13-2022.00,Appraisers of Personal and Business Property,2.35,4.09,2.91,3.59,2.35,1.3,3.86,1.91,4.48,3.64,1.75,1.245142857142857,1.8361571428571424,1.4,1.8372,1.8057142857142856,2.371085714285714,2.1492,1.6609857142857145,3.048571428571429,2.662857142857143,2.4633142857142856,2.596342857142857,1.4464285714285716,2.2623714285714285,1.8509285714285717,1.950057142857143,1.2671428571428571,1.8973428571428568,1.9744,2.2767857142857144,2.596342857142857,1.8057142857142856,2.2308,2.125857142857143,1.7036571428571428,1.837942857142857,2.9493714285714283,2.95
13-2023.00,Appraisers and Assessors of Real Estate,2.5,3.96,2.04,3.17,2.35,1.25,4.19,1.46,4.65,4.22,1.7734857142857143,1.1480857142857144,1.3342857142857143,1.34,1.6913285714285715,1.7200000000000002,2.2824,2.19,1.3342857142857143,2.104514285714286,2.4732142857142856,2.6242857142857146,2.354914285714286,1.6171428571428572,2.0199,1.6465285714285711,1.7157142857142855,1.2688,1.7428857142857144,1.8513714285714284,2.1677714285714287,2.327857142857143,1.7200000000000002,2.2928571428571427,1.569957142857143,1.6665142857142858,1.7200000000000002,2.6706571428571424,2.61
13-2031.00,Budget Analysts,3.01,4.42,4.45,4.08,2.26,1.0,4.33,1.86,4.63,3.59,1.7734857142857143,1.334,1.4021714285714284,1.5165142857142857,1.2870142857142857,1.8571428571428568,3.3902,2.327857142857143,1.177257142857143,2.6038,2.596342857142857,1.9275714285714287,2.645714285714285,1.6063428571428573,1.6425999999999998,1.6026428571428573,1.2178714285714285,1.1996142857142855,1.3744,1.3968,2.1677714285714287,1.9642857142857144,1.5892857142857142,2.571428571428571,1.4964285714285714,1.6364285714285711,1.6665142857142858,1.914057142857143,4.68
13-2041.00,Credit Analysts,2.5,3.7,2.4,2.4,2.0,1.0,4.68,2.35,4.68,4.05,1.5785714285714287,1.0975,1.5942857142857143,1.268571428571429,1.624642857142857,1.822857142857143,3.1589285714285715,2.4971428571428573,1.3171428571428572,2.8267857142857142,2.6950857142857143,2.48,2.765714285714286,1.3808,1.697142857142857,1.5981428571428573,1.1457142857142857,1.2442857142857142,1.975,1.9142857142857144,1.9449142857142856,2.125,1.8571428571428568,2.4285714285714284,1.4642857142857144,1.542142857142857,1.4928571428571429,1.8635714285714289,3.39
13-2052.00,Personal Financial Advisors,2.32,3.92,2.92,3.85,2.0,1.04,4.12,2.0,4.6,3.44,1.8571428571428568,2.173914285714286,1.8736,1.3392000000000002,2.0542857142857143,2.354914285714286,2.7094857142857145,2.7142857142857144,2.4485428571428574,3.7564571428571423,2.7142857142857144,3.076428571428572,2.928571428571429,1.8571428571428568,3.125714285714285,2.1085714285714285,2.364,1.4064,2.3053142857142856,2.3184000000000005,2.662857142857143,2.4522285714285714,2.4522285714285714,2.782857142857143,1.834742857142857,1.8571428571428568,2.19,3.476285714285714,3.25
13-2053.00,Insurance Underwriters,3.52,4.5,2.8,3.57,3.27,1.07,4.38,1.9,4.79,4.03,1.822857142857143,1.1353,1.7719999999999998,1.4435714285714285,1.4719000000000002,1.8571428571428568,2.898571428571429,2.354914285714286,2.213457142857143,3.3028142857142857,2.3857142857142857,2.1445,2.4522285714285714,1.655,1.7637142857142858,2.5873,1.38,1.1828571428571428,1.7336714285714283,1.7594714285714288,2.0608,2.044642857142857,1.8571428571428568,2.571428571428571,1.5523,1.7200000000000002,1.7385714285714284,2.798142857142857,3.8
13-2061.00,Financial Examiners,2.74,4.61,4.04,3.22,2.35,1.04,4.78,2.35,4.35,3.59,2.354914285714286,1.186157142857143,2.677,2.3392857142857144,2.2558857142857143,2.354914285714286,3.6149714285714287,2.765714285714286,1.4248,3.2292142857142854,2.98,2.6309714285714287,3.1750857142857143,2.275,2.2524,2.2679,1.146942857142857,1.6405714285714286,2.468142857142857,2.147,2.596342857142857,2.596342857142857,1.8571428571428568,2.765714285714286,2.703957142857143,1.8057142857142856,1.837942857142857,3.3236,4.7
13-2071.00,Credit Counselors,2.71,4.48,2.88,3.58,3.52,1.36,3.96,2.6,4.76,4.17,1.9449142857142856,1.9177142857142857,1.552857142857143,1.4192,1.3706285714285715,2.096342857142857,2.5344,2.7142857142857144,1.5984,2.9014285714285712,2.7142857142857144,1.848,2.782857142857143,1.8057142857142856,1.9424,2.133942857142857,2.671542857142857,1.0630857142857142,2.1222,1.9584142857142857,2.125,2.044642857142857,2.31,2.645714285714285,1.4289142857142858,2.044642857142857,2.19,3.0057142857142853,3.76
13-2072.00,Loan Officers,3.19,4.83,3.9,4.55,3.32,1.45,4.89,2.34,5.0,4.23,1.8057142857142856,1.2314285714285715,2.121142857142857,1.6665142857142858,1.4893,1.9642857142857144,3.023971428571428,2.7142857142857144,2.2824285714285715,3.3570857142857142,2.765714285714286,2.4079428571428574,2.765714285714286,1.7385714285714284,2.0461714285714283,2.1237142857142857,2.600542857142857,1.283842857142857,1.5401714285714283,1.456342857142857,2.422142857142857,2.571428571428571,2.0,2.7142857142857144,1.8769714285714287,1.8057142857142856,1.8057142857142856,2.919314285714286,4.53
13-2081.00,"Tax Examiners and Collectors, and Revenue Agents",2.77,4.52,3.06,4.53,3.61,1.64,4.11,1.56,4.56,4.05,1.8571428571428568,1.8556857142857144,2.1328571428571426,1.3571428571428572,1.4524428571428571,1.8571428571428568,3.080342857142857,2.7142857142857144,1.3089285714285714,2.782171428571428,2.765714285714286,2.3750714285714287,2.765714285714286,1.837942857142857,1.6977571428571427,2.153028571428571,3.618,1.1851857142857145,1.6054285714285714,2.1892571428571426,2.225714285714286,2.375,1.8057142857142856,2.7142857142857144,1.7913,1.8914285714285717,1.7734857142857143,3.549714285714286,4.23
13-2082.00,Tax Preparers,2.48,4.0,2.19,3.67,2.55,1.3,4.1,1.62,4.4,3.1,1.7200000000000002,1.815728571428572,1.617914285714286,1.25,1.6222142857142856,1.7385714285714284,2.5694857142857144,2.06,1.3271428571428572,2.991142857142857,2.7142857142857144,2.702057142857143,2.645714285714285,1.7200000000000002,2.394671428571429,2.115785714285714,2.3994285714285715,1.1434857142857142,1.7378999999999998,2.063885714285714,1.9085714285714288,1.8571428571428568,1.8571428571428568,2.645714285714285,1.6514285714285717,1.5357142857142858,1.6063428571428573,2.4246,2.86
13-2099.01,Financial Quantitative Analysts,2.25,3.65,3.17,2.25,2.0,1.05,4.28,2.45,4.33,3.18,1.8571428571428568,1.1157142857142857,1.922857142857143,1.6063428571428573,2.1,1.8571428571428568,3.200357142857143,2.571428571428571,2.0142857142857142,2.4435714285714285,3.057142857142857,3.2657142857142856,2.6185714285714288,1.9285714285714288,2.4785714285714286,1.48,1.0425,1.2782142857142855,2.185714285714286,2.1839285714285714,2.25,2.3392857142857144,1.7734857142857143,2.571428571428571,1.693,1.7734857142857143,2.023657142857143,2.474285714285714,4.11
13-2099.04,"Fraud Examiners, Investigators and Analysts",3.2,4.12,3.8,3.88,3.16,1.88,4.33,2.76,4.71,3.92,2.354914285714286,1.6839999999999995,2.4832,1.8914285714285717,2.3485714285714288,2.1492,3.5645714285714294,2.7142857142857144,1.74,3.353371428571429,2.894285714285714,2.668571428571428,2.765714285714286,1.8571428571428568,2.6082857142857145,2.659428571428572,1.7666285714285714,1.8845714285714283,2.3638857142857144,2.6342857142857143,2.4732142857142856,2.4893714285714283,1.8571428571428568,2.894285714285714,2.436114285714286,1.9449142857142856,2.086428571428572,3.1824,4.36
15-1211.00,Computer Systems Analysts,2.36,4.49,3.55,2.84,2.42,1.17,4.21,2.32,4.79,3.19,1.9842857142857144,2.0861142857142854,1.7337142857142858,1.8057142857142856,1.4982142857142855,1.9449142857142856,3.0967285714285717,2.7142857142857144,1.0808,2.5016142857142856,2.928571428571429,2.4257,2.877142857142857,1.9722285714285717,1.6736857142857142,1.9585,1.0689,1.0817142857142856,1.6861714285714289,1.7748142857142857,2.1142857142857143,2.31,1.8571428571428568,2.571428571428571,1.6258,1.5357142857142858,1.75,2.1674285714285717,4.35
15-1211.01,Health Informatics Specialists,2.9,4.38,4.42,3.38,2.76,1.52,4.3,2.76,4.81,3.19,2.3392857142857144,1.789485714285714,3.1978,1.9085714285714288,2.6894285714285715,2.096342857142857,3.8512,2.7142857142857144,1.9051428571428568,3.6852,3.0077714285714285,3.45,3.0357142857142856,2.3192,3.144314285714286,2.537842857142857,1.406214285714286,1.6210285714285717,2.6768,3.086071428571429,2.4732142857142856,2.354914285714286,2.06,2.765714285714286,3.006,1.8571428571428568,2.0342857142857143,2.7292,4.85
15-1212.00,Information Security Analysts,2.92,4.32,3.43,2.87,2.62,1.1,4.47,2.08,4.48,2.99,1.8571428571428568,1.104,1.7372285714285711,1.7734857142857143,1.5274285714285716,1.6875,3.262857142857144,2.4035714285714285,1.4469142857142856,2.6450000000000005,2.821428571428571,2.593114285714286,2.6185714285714288,1.837942857142857,2.082528571428571,1.7541142857142855,1.1703571428571429,1.442685714285714,1.710942857142857,1.7883857142857145,2.02,2.0608,1.7385714285714284,2.524285714285714,1.922357142857143,1.6364285714285711,1.6665142857142858,2.1654142857142857,4.18
15-1221.00,Computer and Information Research Scientists,2.59,4.44,3.56,3.66,2.12,1.0,4.69,3.13,4.38,2.81,2.071428571428571,1.3877142857142857,1.6768,1.9722285714285717,1.5751428571428572,1.8914285714285717,3.244,2.4714285714285715,1.4109714285714283,2.8267857142857142,3.0357142857142856,3.447828571428571,3.0357142857142856,1.9657142857142855,2.442914285714285,1.7727999999999997,1.2563571428571427,1.3816857142857142,1.5129142857142857,2.1149142857142857,2.044642857142857,2.044642857142857,1.7200000000000002,2.6185714285714288,1.8522571428571428,1.5614285714285714,1.875,2.955,4.44
15-1231.00,Computer Network Support Specialists,2.58,4.72,3.46,3.51,2.77,1.05,4.8,1.93,4.92,3.66,1.6875,1.504,1.5674428571428571,1.4017857142857142,1.432142857142857,1.7734857142857143,3.1782428571428567,2.125,1.1961142857142857,3.143885714285714,2.748571428571428,1.9226285714285711,2.571428571428571,1.7521428571428572,2.365,1.9750857142857143,1.0597857142857143,1.3532142857142857,1.7140000000000002,1.922257142857143,2.02,2.0608,1.6171428571428572,2.2928571428571427,1.5904,1.3571428571428572,1.467857142857143,1.9345285714285712,4.61
15-1232.00,Computer User Support Specialists,2.33,4.38,4.25,2.01,2.93,1.33,4.83,2.03,4.61,2.79,1.7734857142857143,1.4566285714285714,1.8736,1.4691999999999998,1.4011428571428572,1.8328571428571427,3.7888000000000006,2.7142857142857144,1.592328571428571,2.7871428571428574,2.7142857142857144,2.560771428571429,2.7142857142857144,2.0342857142857143,2.399142857142857,1.7556571428571428,1.2108285714285714,1.1918857142857142,1.928428571428572,2.0914,2.216428571428572,2.216428571428572,1.9449142857142856,2.7142857142857144,1.5436571428571428,1.4691999999999998,1.5508,2.614471428571428,4.07
15-1241.00,Computer Network Architects,2.4,4.15,3.6,2.9,2.65,1.2,4.45,2.5,4.4,3.0,2.2928571428571427,1.3457142857142856,1.8192857142857144,1.75,1.9382142857142857,1.8571428571428568,3.164285714285714,2.3857142857142857,1.377857142857143,2.485142857142857,2.877142857142857,2.25,2.6185714285714288,2.071428571428571,2.6100000000000003,2.2592857142857143,1.402857142857143,1.3860714285714286,1.9642857142857144,2.396571428571429,2.1142857142857143,1.9257142857142855,1.8914285714285717,2.524285714285714,2.2214285714285715,1.8914285714285717,1.9285714285714288,2.446428571428571,3.95
15-1241.01,Telecommunications Engineering Specialists,2.86,4.52,3.71,3.71,2.57,1.38,4.68,2.29,4.95,3.71,1.9657142857142855,1.3338571428571429,2.2464142857142857,1.6665142857142858,2.101,1.9449142857142856,3.346685714285714,2.1635714285714283,1.8372571428571427,2.8965142857142854,2.6185714285714288,2.5485714285714285,2.571428571428571,1.75,2.8018857142857145,2.23,1.5539428571428573,1.1992857142857145,2.0477142857142856,2.0191428571428567,2.06,1.9449142857142856,1.8571428571428568,2.4522285714285714,2.5188571428571427,1.6875,1.8914285714285717,2.7285714285714286,4.43
15-1242.00,Database Administrators,2.44,4.13,3.58,2.13,2.24,1.23,3.19,1.6,4.58,2.98,1.8914285714285717,1.9329285714285716,1.8577142857142857,1.75,1.3984,1.8057142857142856,3.0082857142857145,2.3192,1.2025,3.243057142857143,2.6950857142857143,2.5419857142857145,2.517857142857143,2.071428571428571,1.9337142857142855,2.4105142857142856,1.004457142857143,1.225857142857143,1.3859,2.142857142857143,1.9085714285714288,2.044642857142857,1.8057142857142856,2.524285714285714,2.2688,1.2857142857142856,1.6364285714285711,1.6071714285714287,4.58
15-1243.00,Database Architects,2.9,3.81,3.67,2.38,2.24,1.14,4.29,2.43,4.43,3.33,1.8914285714285717,1.379457142857143,2.1800571428571427,1.5892857142857142,2.241714285714286,1.8571428571428568,3.3355,2.3857142857142857,1.543642857142857,2.6864,2.8514285714285714,2.548,2.571428571428571,1.9722285714285717,2.817357142857143,2.2062142857142857,1.0814285714285714,1.5314285714285716,2.3390285714285715,2.3084285714285717,2.1228571428571428,1.8571428571428568,1.8571428571428568,2.3392857142857144,2.287,1.6665142857142858,1.8057142857142856,2.060142857142857,4.19
15-1243.01,Data Warehousing Specialists,2.61,3.43,3.04,1.91,2.04,1.0,4.45,1.91,4.32,2.77,2.023657142857143,1.169857142857143,2.031528571428572,1.32,1.6046857142857145,1.8571428571428568,3.0411571428571427,2.2308,1.3955714285714285,2.5192,2.571428571428571,2.7371857142857143,2.4285714285714284,1.7822285714285715,2.6003285714285718,1.7401428571428572,1.0147857142857142,1.4487714285714284,1.9018,2.0472,2.02,2.1607142857142856,1.6063428571428573,2.2928571428571427,1.9386,1.6063428571428573,1.78,1.6991999999999998,4.3
15-1244.00,Network and Computer Systems Administrators,2.41,4.46,2.71,1.8,3.08,1.21,4.51,1.53,4.61,3.15,1.8571428571428568,1.6574285714285717,1.512,1.8571428571428568,1.3012428571428571,1.8571428571428568,2.765371428571428,2.3192,1.2966857142857142,2.178357142857143,2.517857142857143,2.4127428571428573,2.571428571428571,1.9722285714285717,1.9583285714285716,1.534157142857143,1.0530428571428572,1.0244428571428572,1.719642857142857,1.9167142857142856,1.9085714285714288,2.0608,1.8571428571428568,2.524285714285714,1.6991999999999998,1.6171428571428572,1.75,1.9051428571428568,4.2
15-1251.00,Computer Programmers,2.48,4.15,2.9,2.28,2.21,1.0,4.58,2.48,3.41,1.67,1.822857142857143,1.3108857142857144,2.173,1.6364285714285711,1.5181428571428572,1.9085714285714288,3.2580714285714283,2.023657142857143,1.4369999999999998,2.5505,2.645714285714285,2.5490285714285714,2.3392857142857144,1.6685714285714286,2.5066,1.4212,1.1517142857142857,1.2286857142857144,1.8175,1.7032142857142856,1.9449142857142856,1.9642857142857144,1.5142857142857142,2.571428571428571,2.209514285714285,1.3392000000000002,1.6364285714285711,1.9282857142857144,4.21
15-1252.00,Software Developers,1.72,3.88,3.74,1.93,1.46,1.0,3.0,1.62,3.43,1.18,1.8914285714285717,1.4077714285714285,1.244,1.467857142857143,1.1182857142857143,1.9077714285714285,2.9010857142857147,2.096342857142857,1.0636142857142858,2.400628571428572,2.6185714285714288,2.3273714285714284,2.6185714285714288,1.837942857142857,2.2582285714285715,1.4805428571428572,1.0041142857142855,1.0719285714285711,1.6033857142857144,1.6457285714285714,1.9285714285714288,2.105,1.8057142857142856,2.3192,1.3924285714285711,1.6665142857142858,1.78,1.4581714285714285,4.56
15-1253.00,Software Quality Assurance Analysts and Testers,3.03,4.0,2.97,2.12,2.39,1.24,4.69,2.44,4.09,2.76,1.8571428571428568,1.3664,2.2845,1.32,1.9319428571428567,1.7734857142857143,3.516114285714286,2.645714285714285,1.2563571428571427,3.091428571428572,2.765714285714286,2.2064,2.765714285714286,1.6665142857142858,2.2122,2.0423142857142857,1.032457142857143,1.3157142857142858,2.186114285714286,1.9918,1.8571428571428568,2.0028571428571427,1.5892857142857142,2.645714285714285,2.4490285714285718,1.3392000000000002,1.5614285714285714,1.6886285714285714,4.42
15-1254.00,Web Developers,2.88,3.88,3.04,2.46,2.5,1.17,4.33,1.96,4.17,2.54,1.8571428571428568,1.1748,2.0317857142857143,1.4435714285714285,1.7753571428571429,1.7385714285714284,2.8020571428571426,2.044642857142857,1.4680857142857144,2.6764,2.571428571428571,2.178314285714285,2.2857142857142856,1.8125,2.403442857142857,1.8272,1.1647714285714286,1.3214285714285714,1.6342857142857143,1.8601,2.0608,2.2308,1.7734857142857143,2.25,1.874542857142857,1.6875,1.837942857142857,2.0812,4.0
15-1255.01,Video Game Designers,2.8,4.05,3.85,2.05,2.05,1.05,4.7,2.35,3.3,2.2,2.06,1.2357142857142858,2.347142857142857,1.75,1.9364285714285716,1.8914285714285717,3.4514285714285715,2.1750857142857143,1.828,2.7,2.645714285714285,2.157142857142857,2.571428571428571,1.8728571428571428,2.107,2.392,1.14,1.375,1.752857142857143,1.7542857142857144,1.9449142857142856,2.044642857142857,1.6875,2.596342857142857,2.0042857142857144,1.8571428571428568,1.8914285714285717,1.8985714285714288,4.75
15-1299.01,Web Administrators,2.3,3.6,3.78,2.75,2.2,1.1,4.45,2.15,4.25,2.85,1.9285714285714288,1.1714285714285717,2.588857142857143,1.4906285714285716,2.189285714285714,1.8057142857142856,3.5405714285714285,2.125,1.5385714285714287,2.944642857142857,2.821428571428571,2.7648571428571422,2.6950857142857143,2.0342857142857143,2.785,1.7892857142857144,1.48,1.4200000000000002,2.393214285714285,2.4935714285714283,2.0028571428571427,2.0028571428571427,1.7734857142857143,2.524285714285714,2.4457142857142857,1.5892857142857142,1.5614285714285714,2.112857142857143,4.2
15-1299.02,Geographic Information Systems Technologists and Technicians,1.99,3.69,3.56,3.13,1.92,1.26,4.39,2.45,4.55,2.92,1.8571428571428568,1.240371428571429,1.6292,1.6364285714285711,1.6090285714285717,1.7485714285714289,3.3322,2.2071428571428573,1.3582857142857143,2.916,2.571428571428571,2.8648,2.517857142857143,1.5677714285714286,2.219428571428572,1.4035,1.6799428571428572,1.2020142857142857,1.962742857142857,2.3290285714285712,2.0608,2.1492,1.655,2.2071428571428573,2.0578857142857148,1.32,1.5785714285714287,2.5107714285714287,4.29
15-1299.03,Document Management Specialists,2.55,3.79,3.61,2.89,2.44,1.3,4.59,2.63,4.74,3.95,1.8571428571428568,1.16,2.2857142857142856,1.7200000000000002,2.162857142857143,1.8914285714285717,3.3807142857142853,1.9842857142857144,2.0260714285714285,2.781428571428571,2.7142857142857144,2.1839285714285714,2.7142857142857144,1.8571428571428568,2.7225,2.2439285714285715,1.2907142857142857,1.8325,2.275714285714286,2.3200000000000003,1.9285714285714288,1.9449142857142856,1.8571428571428568,2.524285714285714,2.392857142857143,1.7200000000000002,1.7734857142857143,2.2321428571428568,4.22
15-1299.05,Information Security Engineers,2.47,4.11,3.67,3.0,2.79,1.32,3.79,2.53,4.63,3.11,1.9285714285714288,1.3132,2.3726142857142856,1.6063428571428573,2.218285714285714,1.9285714285714288,3.4263714285714286,2.4714285714285715,1.392742857142857,2.411885714285714,2.894285714285714,2.845471428571429,2.765714285714286,2.06,2.679442857142857,1.7824,1.1602571428571429,1.5147285714285714,2.462628571428572,2.9258571428571427,2.2071428571428573,2.422142857142857,1.6665142857142858,2.6950857142857143,2.391528571428572,1.75,1.8728571428571428,2.730114285714286,4.32
15-1299.08,Computer Systems Engineers/Architects,3.05,4.09,3.2,3.14,2.9,1.36,4.3,1.91,4.55,2.85,1.8914285714285717,1.4995428571428573,1.9673714285714283,1.8571428571428568,1.834342857142857,1.8571428571428568,2.98,2.645714285714285,1.4023857142857143,2.4848,2.928571428571429,2.4151,2.7142857142857144,1.8914285714285717,2.6647857142857143,1.8066142857142855,1.2524285714285714,1.4182,2.1865428571428573,2.3727,2.0028571428571427,1.9449142857142856,1.8571428571428568,2.7142857142857144,1.9945,1.75,1.8057142857142856,2.229685714285714,4.0
15-1299.09,Information Technology Project Managers,3.76,4.57,4.2,3.57,3.25,1.29,4.35,3.33,4.8,3.75,2.765714285714286,1.975228571428572,3.7048,2.645714285714285,3.5521000000000003,2.3192,4.071000000000001,2.645714285714285,2.5021714285714287,3.6973,2.6950857142857143,3.288185714285714,2.7142857142857144,1.9842857142857144,3.3657142857142857,3.5364571428571434,1.6728571428571428,2.4586,2.965228571428571,2.552142857142857,2.31,2.354914285714286,2.0028571428571427,2.7142857142857144,4.385771428571429,2.275,2.096342857142857,3.328085714285714,4.75
15-2011.00,Actuaries,2.21,3.79,2.81,2.43,1.67,1.11,4.6,2.21,4.48,3.85,1.8571428571428568,1.1793714285714283,2.057771428571429,1.7734857142857143,2.461242857142857,1.8571428571428568,3.5234,2.6950857142857143,1.584257142857143,2.5928571428571425,3.0357142857142856,3.2018285714285715,3.0357142857142856,1.845,2.9575,1.8427,1.116442857142857,1.68,2.439942857142857,2.0520571428571426,2.4971428571428573,2.36,1.8571428571428568,2.765714285714286,1.9828,1.8125,1.9722285714285717,2.5725,4.19
15-2021.00,Mathematicians,1.9,3.35,2.35,2.0,2.05,1.25,4.26,2.95,2.89,2.95,1.8057142857142856,1.2228571428571429,1.8257142857142856,1.302857142857143,1.9121142857142857,1.8057142857142856,2.7142857142857144,2.2857142857142856,1.3394285714285714,2.044642857142857,3.282057142857143,3.3599999999999994,3.282057142857143,2.1085714285714285,2.461428571428572,1.3535714285714286,1.175,1.2571428571428571,2.4692857142857143,3.623214285714286,1.9449142857142856,1.8571428571428568,1.25,2.36,1.9107142857142856,1.268571428571429,1.7200000000000002,2.625928571428572,3.39
15-2031.00,Operations Research Analysts,2.29,3.62,3.43,2.38,1.81,1.24,4.29,2.52,4.1,3.1,1.9449142857142856,1.4640000000000002,2.268185714285714,1.6063428571428573,1.9486,1.7734857142857143,3.3223571428571432,2.7142857142857144,1.9353142857142855,2.7537142857142856,3.0357142857142856,3.5133142857142863,2.928571428571429,1.8571428571428568,3.238971428571429,1.9851571428571428,1.2327142857142857,1.3435,1.8610428571428568,2.143,2.044642857142857,1.9085714285714288,1.7200000000000002,2.7142857142857144,1.9435,1.3808,1.837942857142857,2.517428571428572,4.33
15-2041.00,Statisticians,2.48,3.38,3.15,2.24,2.2,1.19,4.33,2.81,4.44,3.42,1.8057142857142856,1.1310857142857142,2.1567857142857143,1.4249999999999998,1.918,1.75,3.681142857142857,2.748571428571428,1.5311428571428571,2.734571428571429,3.091428571428572,4.097428571428572,3.0357142857142856,1.837942857142857,3.224285714285714,1.6942857142857144,1.157,1.4005,2.0857142857142854,2.5188571428571427,2.354914285714286,1.9449142857142856,1.3785714285714286,2.645714285714285,2.157142857142857,1.2857142857142856,1.5614285714285714,2.5642,4.42
15-2041.01,Biostatisticians,2.46,3.71,3.38,2.75,2.12,1.04,4.25,2.5,3.92,3.0,1.8571428571428568,1.3058714285714286,2.158671428571428,1.78,2.2028,1.7734857142857143,3.4000000000000004,2.928571428571429,1.3373857142857142,2.5711714285714287,3.1942857142857144,3.2877142857142854,3.282057142857143,2.211428571428572,2.9380571428571427,1.7990714285714289,1.2088571428571429,1.5779285714285716,2.0812,2.1654142857142857,2.6950857142857143,2.524285714285714,1.6875,2.748571428571428,1.9140714285714289,1.3571428571428572,1.7200000000000002,2.7812714285714284,4.38
15-2051.01,Business Intelligence Analysts,2.32,3.32,3.29,2.0,1.86,1.0,4.21,2.59,4.21,3.29,1.8571428571428568,1.1732285714285715,1.7416,1.32,1.8184,1.7734857142857143,3.413271428571429,2.645714285714285,1.5136428571428573,2.716,3.0357142857142856,3.7182857142857135,3.0357142857142856,1.8571428571428568,2.6732285714285715,1.7041428571428572,1.1070428571428572,1.2867142857142857,2.1532857142857145,2.1142857142857143,2.25,2.1492,1.7734857142857143,2.645714285714285,1.8427571428571428,1.6171428571428572,1.8057142857142856,2.1685714285714286,4.14
15-2051.02,Clinical Data Managers,2.8,4.25,4.15,2.8,2.47,1.11,4.1,2.25,4.5,2.85,2.1492,1.3075,2.217142857142857,1.9657142857142855,2.083571428571428,2.06,3.1942857142857144,2.645714285714285,1.4917857142857145,3.0,2.821428571428571,2.4107142857142856,2.765714285714286,2.071428571428571,2.025,2.0542857142857143,1.0814285714285714,1.3189285714285717,2.086428571428572,2.1410714285714283,2.327857142857143,2.327857142857143,1.655,2.596342857142857,2.541428571428572,1.51,1.655,2.7648571428571422,4.35
15-2099.01,Bioinformatics Technicians,2.0,3.88,2.91,2.85,1.85,1.62,4.21,2.2,2.63,2.19,1.8057142857142856,1.2192142857142856,1.4646857142857144,1.5508,1.354857142857143,1.8057142857142856,3.3788,2.2308,1.2406857142857142,2.2991571428571427,2.7207142857142856,3.3190857142857144,2.564285714285714,1.8728571428571428,2.0276,1.2716,1.3729142857142858,1.1399714285714286,1.7954285714285714,1.9567142857142856,2.105,2.19,1.6171428571428572,2.2928571428571427,1.5578571428571428,1.5892857142857142,1.7200000000000002,1.6340571428571429,4.33
17-1011.00,"Architects, Except Landscape and Naval",2.95,4.57,4.1,3.62,2.75,1.35,4.6,2.71,4.9,3.65,2.4285714285714284,1.8078571428571428,2.867171428571429,2.0,2.728,2.044642857142857,3.268,2.7142857142857144,2.02,3.236428571428571,3.091428571428572,2.477142857142857,3.091428571428572,1.822857142857143,2.6697571428571427,2.6962,1.969,2.0885714285714285,2.589728571428571,2.6717714285714287,2.2928571428571427,2.2928571428571427,1.9077714285714285,2.748571428571428,3.092142857142857,2.06,2.06,3.3605714285714288,4.58
17-1012.00,Landscape Architects,2.65,4.05,3.89,3.65,2.6,1.21,4.47,2.45,4.6,3.8,2.4732142857142856,1.56,2.56,1.9285714285714288,2.281428571428571,2.354914285714286,3.295,2.782857142857143,1.9364285714285716,2.967857142857143,3.0335714285714284,1.7464285714285712,2.9732142857142856,1.8571428571428568,2.0395000000000003,1.8937142857142857,2.162857142857143,1.8135714285714288,2.359642857142857,2.337357142857143,2.5428571428571427,2.645714285714285,2.086428571428572,2.8363428571428573,2.765857142857143,1.9449142857142856,2.06,3.234571428571429,4.42
17-1021.00,Cartographers and Photogrammetrists,2.58,4.2,4.06,4.24,2.12,1.18,4.58,2.26,4.67,3.18,1.8571428571428568,1.3051,1.9597714285714285,1.3785714285714286,1.4134857142857142,1.822857142857143,2.828842857142857,1.9449142857142856,1.0553714285714286,3.0827714285714283,2.6950857142857143,2.2155571428571426,2.4285714285714284,1.75,1.8084,2.057657142857143,2.4436,1.0152,1.3785571428571428,2.0767714285714285,1.9085714285714288,1.9449142857142856,1.6875,2.19,2.296,1.4179428571428572,1.4179428571428572,2.9548571428571435,4.43
17-1022.00,Surveyors,2.9,4.35,3.65,3.7,2.8,1.65,4.55,2.3,4.75,4.2,2.2928571428571427,1.6514285714285717,2.258928571428571,1.94,2.745714285714286,1.8571428571428568,3.057142857142857,2.4522285714285714,1.72,2.9399999999999995,2.6185714285714288,2.5814285714285714,2.6185714285714288,2.0,2.604571428571428,2.662857142857143,2.2375,2.3178571428571426,2.741428571428571,2.5814285714285714,2.354914285714286,2.265085714285714,1.7200000000000002,2.3857142857142857,2.8200000000000003,1.5357142857142858,1.5892857142857142,2.9,4.3
17-1022.01,Geodetic Surveyors,2.19,3.81,3.32,3.37,2.28,1.37,4.33,2.52,4.46,3.33,1.8571428571428568,1.2537142857142856,1.6985714285714286,1.78,1.915342857142857,1.7200000000000002,2.9257857142857144,2.3192,1.3128571428571427,2.3603,3.091428571428572,2.729285714285714,2.98,1.8571428571428568,2.4200714285714287,1.6118,1.9302857142857144,1.602142857142857,1.9461428571428567,2.297142857142857,1.9449142857142856,1.8571428571428568,1.625,2.645714285714285,2.0899428571428573,1.268571428571429,1.3785714285714286,2.7394,3.96
17-2011.00,Aerospace Engineers,2.97,4.24,3.9,3.43,2.41,1.07,4.92,2.41,4.4,2.85,2.125,1.1828285714285716,1.8627142857142855,1.75,1.7296,1.8914285714285717,3.2307714285714284,2.748571428571428,1.4546285714285714,2.6825714285714284,3.0077714285714285,3.165771428571428,2.954285714285714,1.9285714285714288,2.803571428571429,1.598642857142857,1.003,1.3076285714285714,2.004457142857143,2.4431857142857147,2.1677714285714287,2.19,1.7385714285714284,2.6950857142857143,2.0851428571428574,1.8571428571428568,1.9449142857142856,2.4032714285714287,4.47
17-2021.00,Agricultural Engineers,2.6,3.75,3.5,3.25,2.3,1.25,4.3,2.3,4.2,3.55,1.9449142857142856,1.402857142857143,2.4771428571428578,1.8571428571428568,2.215357142857143,1.9449142857142856,3.4685714285714284,2.7142857142857144,1.5014285714285711,2.890000000000001,2.821428571428571,3.0082857142857145,2.98,1.8571428571428568,2.5510857142857137,2.083571428571428,1.7425,1.6460714285714286,1.9988571428571429,2.2439285714285715,2.1677714285714287,2.2071428571428573,1.75,2.765714285714286,2.382142857142857,1.75,1.7734857142857143,2.9053571428571425,4.15
17-2031.00,Bioengineers and Biomedical Engineers,2.35,3.78,3.39,2.83,2.22,1.22,4.3,2.52,3.91,3.39,1.9657142857142855,1.759,2.4475857142857143,1.8914285714285717,2.4988714285714284,1.9285714285714288,3.2816,2.821428571428571,1.3927857142857143,2.5876428571428574,3.091428571428572,2.9499714285714287,3.0357142857142856,2.211428571428572,2.5147142857142857,1.7361142857142855,1.1749428571428573,1.789485714285714,2.1714285714285717,2.6452,2.1492,2.25,1.8057142857142856,2.765714285714286,2.3510285714285715,1.8057142857142856,1.78,2.685314285714285,4.39
17-2041.00,Chemical Engineers,2.48,3.96,3.22,2.43,2.04,1.17,4.83,2.22,4.52,3.39,2.0342857142857143,1.3164571428571428,2.4198142857142857,1.845,2.066871428571429,1.9285714285714288,3.4451714285714283,2.4285714285714284,1.5497142857142856,2.6272,3.142857142857143,2.950942857142857,2.877142857142857,1.8571428571428568,2.8938571428571427,2.1914285714285717,1.0661857142857143,1.5162857142857142,2.3206,2.1433714285714287,1.9449142857142856,2.1357142857142857,1.75,2.2857142857142856,2.2036,1.7734857142857143,1.8057142857142856,2.0221857142857145,4.35
17-2051.00,Civil Engineers,2.9,4.19,3.57,3.57,2.29,1.29,4.76,2.33,4.9,4.0,2.1357142857142857,1.1606857142857143,2.8427999999999995,2.0,2.613785714285714,2.0,3.3265,2.596342857142857,1.705857142857143,2.7479142857142858,3.142857142857143,2.230057142857143,3.142857142857143,1.8571428571428568,2.6500000000000004,2.2670714285714286,1.9942857142857144,2.2414285714285715,2.4579142857142857,2.2758571428571432,2.4035714285714285,2.4971428571428573,1.8571428571428568,2.7142857142857144,3.360428571428572,1.8571428571428568,1.9285714285714288,3.1175714285714284,4.38
17-2051.01,Transportation Engineers,3.0,4.27,3.86,3.95,2.48,1.23,4.73,2.36,4.86,3.36,2.4035714285714285,1.3601714285714286,2.827,2.2471428571428573,2.619485714285714,1.8057142857142856,3.59,2.765714285714286,1.7239428571428572,3.1785714285714284,3.0357142857142856,2.5968571428571425,3.0357142857142856,1.8571428571428568,3.006,2.690285714285714,2.9707142857142856,1.9672,2.8447000000000005,2.6287,2.4035714285714285,2.571428571428571,1.8571428571428568,2.571428571428571,2.7813714285714286,1.9449142857142856,2.096342857142857,3.294142857142857,4.5
17-2051.02,Water/Wastewater Engineers,2.87,4.17,3.57,3.43,2.13,1.17,4.68,2.78,4.74,3.96,2.096342857142857,1.2428571428571429,2.8308285714285715,2.1635714285714283,2.879928571428572,1.8571428571428568,3.4696,2.571428571428571,1.6609857142857145,3.0411571428571427,3.091428571428572,2.5640285714285715,3.0357142857142856,2.096342857142857,3.0304,2.3463142857142856,1.8153142857142857,1.9884285714285717,2.926428571428572,2.4544,2.105,2.044642857142857,1.822857142857143,2.645714285714285,2.7856,1.8571428571428568,1.8914285714285717,3.2824,4.35
17-2061.00,Computer Hardware Engineers,2.55,3.97,3.52,2.62,1.93,1.03,4.46,2.34,4.14,3.14,1.9449142857142856,1.3850000000000002,2.55,1.6063428571428573,2.242,1.6875,3.5303571428571425,2.645714285714285,1.5229714285714286,2.5378,3.0357142857142856,2.8480000000000003,2.765714285714286,2.0,2.964914285714286,2.0070571428571427,1.1527857142857143,1.682314285714286,2.171785714285714,2.3795,2.0608,1.9642857142857144,1.6364285714285711,2.596342857142857,2.4124,1.3785714285714286,1.6364285714285711,2.247314285714286,4.36
17-2071.00,Electrical Engineers,3.23,4.34,3.68,3.1,2.59,1.29,4.7,2.26,4.8,2.98,2.044642857142857,1.3291428571428572,2.2573,1.8571428571428568,1.6322142857142856,1.8571428571428568,3.4454285714285717,2.748571428571428,1.1834857142857145,2.7145571428571427,2.928571428571429,2.680857142857143,2.98,1.8571428571428568,2.6812,2.080685714285714,1.1542857142857144,1.5279999999999998,2.118785714285714,2.3672285714285715,2.0028571428571427,2.265085714285714,1.6875,2.6950857142857143,3.2464000000000004,1.7200000000000002,1.8057142857142856,2.894514285714286,4.3
17-2072.00,"Electronics Engineers, Except Computer",2.02,3.72,2.94,2.17,1.66,1.06,4.5,2.3,3.51,2.29,1.8914285714285717,1.3129857142857142,1.8686,1.7200000000000002,1.3482142857142856,1.8057142857142856,2.862628571428571,2.645714285714285,1.4773,2.4976000000000003,2.877142857142857,2.680542857142857,2.821428571428571,1.9285714285714288,2.2470714285714286,1.4570285714285716,1.0178571428571428,1.1071428571428572,1.6827142857142858,1.8103857142857145,1.9449142857142856,2.0028571428571427,1.7734857142857143,2.571428571428571,1.5993142857142857,1.75,1.8057142857142856,2.582057142857143,4.25
17-2072.01,Radio Frequency Identification Device Specialists,3.19,4.34,4.12,3.71,2.69,1.03,4.66,2.28,4.67,3.39,2.023657142857143,1.3514285714285714,2.0905714285714287,1.6875,1.7656,1.8914285714285717,3.286928571428571,2.422142857142857,2.2517428571428573,3.2069714285714284,2.765714285714286,2.314,2.524285714285714,2.0,2.7219,2.1763714285714286,1.4964285714285714,1.4617,1.8617571428571429,2.003257142857142,2.265085714285714,2.31,1.7200000000000002,2.422142857142857,2.2352,1.5892857142857142,1.9077714285714285,2.888457142857143,4.45
17-2081.00,Environmental Engineers,2.62,4.05,3.65,4.0,2.45,1.29,4.42,2.57,4.89,3.79,2.524285714285714,1.7071428571428573,2.7240571428571427,1.75,2.935714285714286,1.8571428571428568,3.325,2.821428571428571,1.9275,2.932,3.091428571428572,3.013428571428572,2.877142857142857,1.8571428571428568,3.092142857142857,2.567757142857143,2.5264,2.2670714285714286,2.6038,2.7218285714285715,2.4522285714285714,2.4522285714285714,1.7734857142857143,2.662857142857143,3.0224285714285712,1.8571428571428568,1.9285714285714288,3.1015428571428574,4.4
17-2111.00,"Health and Safety Engineers, Except Mining Safety Engineers and Inspectors",2.96,4.26,3.69,3.42,2.72,1.35,4.71,3.08,4.69,3.77,1.9657142857142855,1.9984857142857144,2.2373142857142856,1.6665142857142858,2.516342857142857,2.06,3.4384857142857137,2.354914285714286,2.1563,3.0183142857142853,2.821428571428571,2.9178,2.6950857142857143,2.2308,3.1354285714285712,2.545342857142857,1.4795000000000005,1.5657142857142856,2.6900000000000004,3.0057142857142853,2.354914285714286,2.2071428571428573,1.9449142857142856,2.571428571428571,2.304342857142857,1.8571428571428568,2.0,2.741757142857143,4.24
17-2111.02,Fire-Prevention and Protection Engineers,2.73,4.23,3.5,3.77,2.38,1.15,4.32,2.42,4.67,4.0,1.9449142857142856,1.3209142857142857,2.4623714285714287,1.9085714285714288,2.5784285714285717,1.9085714285714288,3.1142857142857143,2.7142857142857144,2.054971428571428,2.9897714285714283,2.821428571428571,2.884342857142857,2.821428571428571,1.9842857142857144,3.1357714285714287,2.53,1.6424,1.979714285714285,2.7028,2.7298285714285715,2.5428571428571427,2.4971428571428573,1.8571428571428568,2.645714285714285,2.3908,1.8571428571428568,2.06,3.232,4.12
17-2112.00,Industrial Engineers,3.36,4.53,3.86,3.87,2.86,1.18,4.88,3.11,4.66,3.55,1.9449142857142856,1.2560285714285713,1.895457142857143,1.7734857142857143,1.510857142857143,1.8571428571428568,2.9977142857142858,2.6950857142857143,1.4428142857142856,2.6290857142857145,2.821428571428571,2.1774571428571425,2.877142857142857,1.8571428571428568,2.1653714285714285,1.5828571428571427,1.0364714285714285,1.2061714285714285,1.6888,2.030885714285714,2.044642857142857,2.044642857142857,1.6875,2.765714285714286,1.8985714285714288,1.4691999999999998,1.6063428571428573,2.2382285714285715,4.6
17-2112.01,Human Factors Engineers and Ergonomists,2.53,3.95,3.53,3.4,2.32,1.3,4.58,2.8,4.68,3.58,1.8914285714285717,1.5207142857142857,2.3915,1.8057142857142856,2.185,2.19,3.5500000000000003,2.877142857142857,2.083571428571428,3.1492857142857145,3.091428571428572,2.8702428571428573,3.142857142857143,2.1357142857142857,3.254642857142857,2.2592857142857143,1.27,1.3285714285714283,2.367142857142857,3.107142857142857,2.354914285714286,2.2308,1.8571428571428568,2.877142857142857,2.257142857142857,1.8057142857142856,1.8057142857142856,2.436714285714286,4.11
17-2112.02,Validation Engineers,3.1,4.1,3.6,3.35,2.55,1.1,4.68,2.7,4.42,3.35,1.8914285714285717,1.1489714285714283,2.314285714285714,1.7200000000000002,1.9778571428571428,1.9085714285714288,3.427857142857143,2.7142857142857144,1.5978571428571429,2.8600000000000003,2.877142857142857,3.1035714285714286,2.765714285714286,1.78,2.879714285714286,2.394742857142857,1.1764,1.375,2.2592857142857143,2.3982142857142854,2.225714285714286,2.31,1.7200000000000002,2.645714285714285,2.186071428571428,1.6875,1.7734857142857143,2.5535714285714284,4.45
17-2112.03,Manufacturing Engineers,3.08,4.23,3.88,2.35,2.96,1.54,4.88,2.58,4.62,3.12,2.0342857142857143,1.489857142857143,2.5023428571428568,2.042057142857143,2.120228571428572,2.0,3.3763571428571435,2.6950857142857143,1.9268,2.946057142857143,3.091428571428572,2.367971428571429,2.954285714285714,2.1357142857142857,2.483857142857143,2.1417714285714284,1.0672,1.5258714285714283,2.1,2.2265,2.1635714285714283,2.2928571428571427,1.822857142857143,2.6950857142857143,2.2137571428571428,1.8914285714285717,2.096342857142857,1.9270857142857143,4.27
17-2121.00,Marine Engineers and Naval Architects,2.35,3.95,3.5,3.28,2.12,1.24,4.67,2.21,4.47,3.22,2.3192,1.546042857142857,1.8397,2.071428571428571,1.9666,1.9285714285714288,2.514828571428572,2.571428571428571,1.5984285714285715,2.6372714285714283,2.928571428571429,2.4290714285714285,2.928571428571429,1.8728571428571428,2.858628571428571,2.0225142857142857,1.8208428571428572,1.3555,1.7879714285714288,2.033785714285714,2.31,2.19,1.7036571428571428,2.524285714285714,2.128214285714286,1.6665142857142858,1.75,2.7534857142857145,3.71
17-2131.00,Materials Engineers,2.71,3.86,3.52,3.05,2.14,1.1,4.67,2.81,4.19,3.33,1.9285714285714288,1.5519999999999998,2.615428571428572,1.8914285714285717,2.794,1.8914285714285717,2.92,2.6185714285714288,2.142142857142857,2.780642857142857,3.0357142857142856,2.991142857142857,3.0357142857142856,2.1750857142857143,2.7005714285714286,2.0585714285714287,1.6308571428571428,1.9147142857142856,2.692,2.853142857142857,2.125,2.0028571428571427,1.9085714285714288,2.765714285714286,2.6342857142857143,1.8914285714285717,1.8914285714285717,2.928571428571429,4.43
17-2141.00,Mechanical Engineers,2.79,4.73,3.37,3.16,2.05,1.05,4.41,2.92,4.43,2.26,1.9657142857142855,1.451742857142857,1.822085714285714,1.837942857142857,1.5833142857142857,1.8057142857142856,2.936628571428572,2.3192,1.3160714285714286,2.060828571428572,3.0357142857142856,2.6154,3.0357142857142856,1.94,2.1718,1.6168,1.1344,1.100542857142857,1.7247142857142856,1.7662285714285717,2.044642857142857,2.125,1.7734857142857143,2.645714285714285,2.3098,1.722057142857143,1.78,2.1328,4.4
17-2141.01,Fuel Cell Engineers,2.36,3.86,3.14,2.55,1.67,1.0,4.64,2.5,4.27,2.95,1.8571428571428568,1.325442857142857,2.346157142857143,1.6428571428571428,2.039071428571429,1.8057142857142856,3.167414285714285,2.571428571428571,1.6042857142857143,2.3847,3.091428571428572,3.092142857142857,3.0357142857142856,1.8914285714285717,2.5665000000000004,1.8410857142857144,1.1068571428571428,1.5760857142857143,2.2960000000000003,2.625,1.8914285714285717,2.086428571428572,1.6063428571428573,2.542057142857143,2.167828571428571,1.6364285714285711,1.7200000000000002,2.401428571428572,4.55
17-2141.02,Automotive Engineers,2.7,3.86,3.8,3.14,2.4,1.45,4.7,2.9,4.65,3.25,2.2928571428571427,1.488914285714286,2.423285714285714,1.8571428571428568,2.326514285714285,1.8571428571428568,3.1214285714285714,2.596342857142857,2.0084285714285715,2.6917714285714283,3.0357142857142856,2.9308714285714283,2.877142857142857,2.0342857142857143,2.5232,2.4950428571428573,1.1060714285714286,1.3897142857142857,2.4016,2.394671428571429,2.225714285714286,2.327857142857143,1.7385714285714284,2.571428571428571,2.4735571428571426,1.8571428571428568,1.9842857142857144,2.6038,4.65
17-2151.00,"Mining and Geological Engineers, Including Mining Safety Engineers",2.7,3.95,3.67,2.63,2.51,1.18,4.79,2.12,4.3,4.0,2.3392857142857144,1.2904285714285713,2.4265428571428576,2.0342857142857143,2.1341142857142854,1.8728571428571428,3.639828571428571,2.765714285714286,1.7466857142857144,3.206171428571429,3.142857142857143,3.0747142857142857,2.98,2.06,3.0874857142857146,2.5228,1.3001714285714283,1.2497714285714283,2.2431,2.6441714285714286,2.5428571428571427,2.596342857142857,1.6063428571428573,2.645714285714285,2.9926000000000004,1.8728571428571428,1.9077714285714285,2.5383285714285715,4.22
17-2161.00,Nuclear Engineers,2.6,3.67,3.37,2.43,2.21,1.33,4.4,2.14,4.6,3.55,2.4035714285714285,1.3685714285714283,2.2192,1.75,2.4076,1.8057142857142856,3.602285714285714,2.524285714285714,1.7519285714285715,2.568,2.9642857142857144,3.3485714285714288,3.142857142857143,1.9285714285714288,3.0266285714285712,2.329857142857142,1.2985428571428572,1.6802714285714289,2.3602857142857143,2.853742857142857,2.31,2.1607142857142856,1.8057142857142856,2.821428571428571,2.4095714285714287,1.8571428571428568,1.9085714285714288,2.489242857142857,3.89
17-2171.00,Petroleum Engineers,2.83,4.54,4.27,3.21,2.01,1.21,4.99,2.52,4.79,3.18,2.4035714285714285,1.372428571428571,2.229014285714286,1.94,2.189285714285714,2.354914285714286,3.3294285714285707,2.645714285714285,1.8993142857142855,3.0726,2.765714285714286,2.792742857142857,2.98,1.8571428571428568,3.0749714285714287,2.664,1.1275857142857142,1.5233714285714286,1.7358285714285715,1.5845857142857145,2.1607142857142856,2.1607142857142856,1.8571428571428568,2.645714285714285,2.8906,1.9077714285714285,1.8914285714285717,2.975142857142857,4.89
17-2199.03,"Energy Engineers, Except Wind and Solar",2.95,4.36,3.48,3.55,2.38,1.29,4.45,2.55,4.73,3.41,1.9657142857142855,1.2865,2.647685714285714,1.75,2.378914285714286,2.125,3.4378285714285712,2.571428571428571,2.2457142857142856,3.1159857142857144,3.0357142857142856,2.8822857142857146,2.6950857142857143,1.8571428571428568,3.1450714285714287,2.2360857142857142,1.5551428571428572,1.7989142857142857,2.7168,2.463,2.5428571428571427,2.524285714285714,1.8571428571428568,2.645714285714285,2.5606,1.8057142857142856,1.8571428571428568,3.173757142857143,4.23
17-2199.05,Mechatronics Engineers,2.64,3.76,3.79,3.02,2.18,1.09,4.72,2.51,4.17,3.07,1.8571428571428568,1.2841142857142858,1.8671,1.7200000000000002,1.68,1.7200000000000002,3.039828571428571,2.3857142857142857,1.295585714285714,2.7240571428571427,3.117142857142857,2.068771428571429,2.9008000000000003,1.8914285714285717,2.3262857142857145,1.8965,1.1046571428571428,1.3357714285714286,1.9243142857142856,2.0688571428571425,2.0608,2.044642857142857,1.7734857142857143,2.4971428571428573,2.114457142857143,1.6665142857142858,1.8057142857142856,2.5185142857142857,4.37
17-2199.06,Microsystems Engineers,2.23,3.91,4.15,3.3,2.1,1.35,4.73,2.58,4.38,3.06,1.8914285714285717,1.4428,1.7169142857142858,1.7734857142857143,1.7174285714285715,1.9657142857142855,3.086071428571429,2.4971428571428573,1.4111714285714283,3.1365142857142856,3.117142857142857,2.2965857142857145,2.8514285714285714,2.06,2.2354,1.5410714285714286,1.0313714285714286,1.3513142857142857,1.8401714285714283,1.6812142857142856,2.2308,2.2928571428571427,1.8571428571428568,2.821428571428571,1.5649000000000002,1.9285714285714288,1.8057142857142856,2.4911,4.47
17-2199.07,Photonics Engineers,2.61,4.35,3.41,2.78,2.23,1.26,4.83,2.64,4.22,3.13,1.8914285714285717,1.31,1.9942857142857144,1.5785714285714287,1.9007714285714288,1.6875,2.8163285714285715,2.4971428571428573,1.5457857142857143,2.3684857142857143,3.0077714285714285,2.6720714285714284,2.9171428571428573,2.0,2.2542857142857144,1.7357714285714283,1.063842857142857,1.3721571428571429,1.876,1.9537,2.2928571428571427,2.125,1.5614285714285714,2.6185714285714288,1.9558,1.5614285714285714,1.6364285714285711,2.386571428571429,4.61
17-2199.08,Robotics Engineers,2.9,3.97,3.5,3.0,2.3,1.14,4.8,2.8,4.47,3.3,2.275,1.584142857142857,2.3761428571428573,2.096342857142857,2.178714285714286,2.0,2.9844285714285714,2.2471428571428573,1.633857142857143,2.6261714285714284,3.091428571428572,2.570071428571429,2.9008000000000003,2.0,2.5078428571428573,2.266571428571429,1.165,1.2904285714285713,2.239,2.5163,1.9085714285714288,2.2071428571428573,1.4435714285714285,2.645714285714285,2.6092,1.7734857142857143,1.9657142857142855,2.359228571428571,4.43
17-2199.09,Nanosystems Engineers,2.52,3.9,3.38,3.14,2.33,1.0,4.62,2.81,4.24,3.19,1.9657142857142855,1.630242857142857,2.3399714285714284,1.837942857142857,2.411314285714286,1.9842857142857144,3.372942857142857,2.821428571428571,1.7157142857142855,2.4624000000000006,3.305714285714286,3.066057142857143,3.091428571428572,1.9657142857142855,2.9670000000000005,1.6818285714285717,1.3893,1.6332857142857145,2.6190857142857142,3.1128571428571425,2.4035714285714285,2.3392857142857144,1.8057142857142856,2.596342857142857,2.142142857142857,1.8571428571428568,1.9657142857142855,2.7041142857142857,4.33
17-2199.10,Wind Energy Engineers,2.43,3.69,3.38,2.99,2.08,1.05,4.19,2.24,4.29,3.24,2.0,1.328642857142857,2.3167,1.75,2.0764,1.9085714285714288,3.0092857142857143,2.19,1.6108142857142858,2.599557142857143,2.4892,2.8915,2.4892,1.845,2.934085714285714,1.7013714285714283,1.2110571428571428,1.560857142857143,2.033357142857142,1.936742857142857,2.086428571428572,1.9449142857142856,1.6875,2.275,2.5462857142857143,1.7200000000000002,1.9657142857142855,2.602,4.06
17-2199.11,Solar Energy Systems Engineers,2.89,4.11,3.68,3.54,2.5,1.29,4.61,2.32,4.89,3.25,1.9657142857142855,1.510714285714286,2.0965,1.5785714285714287,2.158657142857143,1.9285714285714288,2.877142857142857,2.645714285714285,1.5588000000000002,2.5568285714285715,2.7678571428571432,2.109642857142857,2.8514285714285714,1.8571428571428568,2.2685714285714287,1.9457,1.5519142857142856,1.6571571428571428,2.0764,2.3399714285714284,2.105,2.19,1.7200000000000002,2.571428571428571,2.626442857142857,1.75,1.8571428571428568,2.6939285714285712,4.25
17-3011.00,Architectural and Civil Drafters,2.47,4.0,3.7,3.08,2.19,1.0,4.86,2.53,4.44,3.25,1.9449142857142856,1.2378142857142858,1.6632285714285713,1.6942857142857144,1.6322142857142856,1.822857142857143,2.7133571428571432,1.9842857142857144,1.2655714285714286,2.452685714285714,2.4522285714285714,1.8171428571428567,2.275,2.023657142857143,1.9068714285714288,1.5805714285714283,1.3260857142857143,1.1289714285714283,1.6024857142857143,1.6590857142857145,1.8914285714285717,1.9285714285714288,1.7734857142857143,2.125,2.1437714285714287,1.655,1.6875,2.212085714285714,4.45
17-3012.00,Electrical and Electronics Drafters,2.92,4.15,3.15,2.98,2.69,1.31,4.62,1.98,4.23,2.87,1.8571428571428568,1.3089285714285714,1.4078285714285714,1.5892857142857142,1.1387285714285715,1.8057142857142856,3.1519857142857144,2.044642857142857,1.0466285714285717,2.4678857142857145,2.748571428571428,2.0321714285714285,2.4971428571428573,1.8125,1.3712285714285717,1.517857142857143,1.1232,1.0445714285714285,1.4857142857142858,1.6325,1.9642857142857144,2.1142857142857143,1.655,2.31,1.7125,1.6171428571428572,1.6665142857142858,1.9469142857142856,4.35
17-3013.00,Mechanical Drafters,2.4,3.7,3.39,2.68,2.19,1.02,4.63,1.95,4.11,2.95,1.8571428571428568,1.293485714285714,1.2505,1.4249999999999998,1.4706142857142857,1.8571428571428568,2.8729714285714287,2.1357142857142857,1.1725714285714286,2.0918,2.2471428571428573,1.916457142857143,2.2471428571428573,1.8914285714285717,1.6977142857142855,1.3238857142857143,1.0826,1.0132142857142856,1.4594285714285715,1.478557142857143,1.9642857142857144,1.9642857142857144,1.4691999999999998,2.125,1.6202285714285716,1.4017857142857142,1.4435714285714285,1.9505428571428567,3.89
17-3021.00,Aerospace Engineering and Operations Technologists and Technicians,2.8,4.02,3.88,3.69,2.35,1.05,4.69,1.72,4.51,2.34,1.7734857142857143,1.3330857142857142,1.839742857142857,1.542142857142857,1.4214285714285717,1.8057142857142856,3.1976000000000004,2.1677714285714287,1.4249428571428573,2.785,2.928571428571429,2.0842285714285715,2.7142857142857144,1.75,1.7150285714285711,1.5455714285714284,1.0001714285714285,1.0891,1.7070142857142858,1.92,1.9085714285714288,1.9449142857142856,1.6364285714285711,2.4522285714285714,1.9740857142857144,1.5614285714285714,1.6665142857142858,2.3838,4.48
17-3022.00,Civil Engineering Technologists and Technicians,2.83,4.54,3.79,4.01,2.71,1.25,4.95,2.15,4.28,3.03,1.8571428571428568,1.2997,1.4228571428571428,1.4017857142857142,1.5554285714285714,1.7734857142857143,2.9992857142857146,2.19,1.2153142857142858,2.7357142857142858,2.6950857142857143,2.2052,2.571428571428571,1.4691999999999998,2.1758285714285712,1.969,1.616857142857143,1.1151428571428572,1.5311428571428571,1.5015428571428573,2.0608,2.105,1.655,2.571428571428571,1.7150285714285711,1.5892857142857142,1.51,2.305542857142857,4.45
17-3023.00,Electrical and Electronic Engineering Technologists and Technicians,2.62,4.03,3.56,2.94,2.58,1.28,4.71,2.03,4.25,3.26,1.822857142857143,1.5357142857142858,1.8393142857142857,1.5508,1.733285714285714,1.7036571428571428,2.975942857142857,2.125,1.3982142857142856,2.600714285714286,2.6185714285714288,2.168742857142857,2.4285714285714284,1.6665142857142858,2.0821428571428573,1.6902857142857144,1.3070285714285714,1.1814142857142858,1.8884571428571428,2.2160714285714285,2.02,1.9642857142857144,1.7734857142857143,2.31,2.0504,1.4017857142857142,1.4821428571428572,2.1795714285714283,4.24
17-3024.00,Electro-Mechanical and Mechatronics Technologists and Technicians,3.37,4.31,3.68,2.73,3.4,1.75,4.74,1.96,3.94,3.44,1.8571428571428568,1.5285000000000002,1.889628571428572,1.7200000000000002,1.5439714285714286,1.7734857142857143,3.0523857142857143,1.9449142857142856,1.2745,2.6724,2.3192,1.918,2.1750857142857143,1.837942857142857,2.0893428571428574,1.4388571428571428,1.1855142857142855,1.1414285714285717,1.98,2.136,1.8571428571428568,1.8571428571428568,1.4017857142857142,2.023657142857143,1.9955714285714288,1.25,1.268571428571429,1.678942857142857,4.3
17-3024.01,Robotics Technicians,2.5,3.91,3.23,2.82,2.1,1.09,4.73,2.18,4.45,2.82,1.8914285714285717,1.2342857142857142,1.7037857142857145,1.51,1.682314285714286,1.7385714285714284,3.152285714285714,2.044642857142857,1.2524285714285714,2.4000000000000004,2.7142857142857144,2.208057142857143,2.645714285714285,1.837942857142857,2.4616,1.4953,1.0192857142857144,1.2535,1.9672,2.2192,2.1677714285714287,2.023657142857143,1.8057142857142856,2.422142857142857,1.9445714285714284,1.4435714285714285,1.5614285714285714,1.9342142857142857,4.14
17-3025.00,Environmental Engineering Technologists and Technicians,2.76,4.42,3.5,3.57,2.56,1.2,4.72,1.87,4.47,3.91,1.8571428571428568,1.398285714285714,1.3205714285714285,1.8571428571428568,1.3937,1.8571428571428568,2.883771428571429,2.36,1.1919857142857142,2.429614285714286,2.8514285714285714,1.8323,2.645714285714285,1.7734857142857143,1.647357142857143,1.9459428571428568,1.6252714285714287,1.1019142857142856,1.5033571428571428,1.6278857142857144,2.225714285714286,2.023657142857143,1.7200000000000002,2.645714285714285,1.879528571428572,1.7385714285714284,1.7734857142857143,1.8485714285714288,3.95
17-3026.00,Industrial Engineering Technologists and Technicians,3.07,4.51,3.97,2.78,2.73,1.09,4.73,2.39,4.63,3.49,1.8728571428571428,1.3663571428571428,1.7450571428571429,1.5892857142857142,1.8495714285714284,1.837942857142857,2.9631000000000003,2.205357142857143,1.2324,2.471557142857143,2.7142857142857144,1.9512285714285715,2.4285714285714284,1.8914285714285717,1.9804857142857144,1.3755428571428574,1.1100714285714286,1.1173,1.7773714285714286,1.9102857142857144,1.9449142857142856,2.044642857142857,1.6364285714285711,2.596342857142857,1.8949428571428573,1.6665142857142858,1.8728571428571428,2.135942857142857,4.51
17-3026.01,Nanotechnology Engineering Technologists and Technicians,2.1,4.3,3.7,3.05,2.0,1.1,4.65,2.45,3.65,2.47,2.044642857142857,1.933214285714286,1.7415714285714283,1.4285714285714286,2.342285714285714,1.655,3.247,2.19,1.4638428571428572,2.8034285714285714,3.1750857142857143,2.8665714285714285,3.0077714285714285,1.8728571428571428,2.836071428571429,1.6869285714285716,1.378,1.5274285714285716,2.570214285714286,3.516142857142857,2.1607142857142856,2.0608,1.4821428571428572,2.4035714285714285,2.064571428571429,1.3785714285714286,1.4928571428571429,2.3398571428571424,4.3
17-3027.00,Mechanical Engineering Technologists and Technicians,2.77,4.56,3.76,3.14,2.76,1.4,4.71,2.15,4.32,3.1,1.8914285714285717,1.3777857142857142,1.9342857142857144,1.6364285714285711,1.8273571428571431,1.8914285714285717,2.9862857142857147,2.4035714285714285,1.4735714285714283,2.7060714285714287,2.7142857142857144,2.6894285714285715,2.571428571428571,1.75,2.1593285714285715,1.8749714285714283,1.264442857142857,1.1636285714285717,1.8458571428571429,2.1102857142857143,2.0028571428571427,2.422142857142857,1.7385714285714284,2.524285714285714,2.1942857142857144,1.625,1.8571428571428568,2.362857142857143,4.02
17-3027.01,Automotive Engineering Technicians,2.89,4.19,3.07,2.85,2.67,1.44,4.89,2.37,4.37,3.41,1.8571428571428568,1.2827857142857142,1.9632,1.4435714285714285,1.7450571428571429,1.7142857142857144,2.9080000000000004,2.2071428571428573,1.2644571428571427,2.3609285714285715,2.4971428571428573,2.0604142857142858,2.3392857142857144,1.5165142857142857,1.8354285714285716,1.707142857142857,1.2372571428571428,1.3234857142857142,1.8799428571428567,2.198542857142857,2.0608,2.02,1.4542857142857144,2.086428571428572,2.0024,1.4435714285714285,1.5165142857142857,1.8288,4.3
17-3029.01,Non-Destructive Testing Specialists,2.77,3.95,3.67,3.95,2.62,1.59,4.67,2.36,4.44,3.58,1.822857142857143,1.719185714285714,2.331714285714286,1.75,2.3263285714285717,1.8571428571428568,3.086071428571429,1.9449142857142856,1.604285714285714,2.85,2.571428571428571,2.5530142857142857,2.4522285714285714,1.8571428571428568,2.625,2.3952,1.7206428571428574,1.8081571428571428,2.900457142857143,3.0391428571428567,1.9642857142857144,1.9642857142857144,1.5785714285714287,2.265085714285714,2.372114285714286,1.4821428571428572,1.5357142857142858,2.9325428571428573,3.86
17-3029.08,Photonics Technicians,2.45,3.9,3.18,2.5,2.41,1.32,4.5,1.86,4.05,2.67,1.8571428571428568,1.2225714285714284,1.6489714285714283,1.4249999999999998,1.5735,1.6875,2.671057142857143,1.9449142857142856,1.2655,2.365428571428571,2.4971428571428573,1.9228571428571428,2.205357142857143,1.6364285714285711,1.777828571428571,1.7414285714285715,1.26,1.297414285714286,1.9334,1.7971428571428572,1.8571428571428568,1.8571428571428568,1.4928571428571429,2.19,1.9610714285714288,1.2857142857142856,1.32,1.78,4.05
17-3031.00,Surveying and Mapping Technicians,2.38,4.02,3.05,2.97,2.29,1.42,4.57,1.82,4.32,3.41,1.8914285714285717,1.2019428571428572,1.4473142857142856,1.5207142857142857,1.5208000000000002,1.7734857142857143,2.6500857142857144,1.9449142857142856,1.1360714285714286,2.0556,2.275,1.9664,2.2308,1.6665142857142858,1.6670714285714283,1.4454,1.2704,1.1018571428571429,1.5493714285714286,1.8146285714285717,1.9085714285714288,1.9085714285714288,1.7734857142857143,2.06,1.8154,1.4691999999999998,1.7036571428571428,1.9716571428571428,3.82
19-1011.00,Animal Scientists,2.65,4.22,3.61,3.57,2.39,1.26,4.45,3.04,4.74,3.91,1.9449142857142856,1.7504285714285714,2.6585714285714284,1.8914285714285717,2.4337,1.9842857142857144,3.3657142857142857,2.6950857142857143,2.5505,3.327771428571429,3.142857142857143,3.491571428571428,3.0357142857142856,1.9285714285714288,3.516142857142857,2.3510285714285715,1.8502,1.6475857142857144,2.676671428571429,3.246871428571428,2.7142857142857144,2.571428571428571,1.8571428571428568,2.645714285714285,2.455571428571428,1.8571428571428568,1.8914285714285717,3.361642857142857,4.17
19-1012.00,Food Scientists and Technologists,2.86,3.91,3.33,3.14,2.5,1.45,4.9,2.45,4.6,3.4,1.9449142857142856,1.5317714285714288,2.4467,1.6364285714285711,2.469942857142857,2.0028571428571427,3.335757142857142,2.645714285714285,1.670057142857143,3.0411571428571427,3.0357142857142856,2.661914285714285,2.928571428571429,1.9285714285714288,3.108714285714285,2.261285714285714,1.2958571428571428,1.8063571428571428,2.6835,2.4785714285714286,2.25,2.2071428571428573,1.8571428571428568,2.6950857142857143,2.305257142857143,1.9085714285714288,2.023657142857143,2.425342857142857,4.33
19-1013.00,Soil and Plant Scientists,2.5,3.95,3.65,3.38,2.4,1.29,4.48,2.76,4.24,3.57,1.8571428571428568,1.7174285714285715,2.2032,1.655,2.626442857142857,1.8571428571428568,3.4289571428571435,2.98,1.789485714285714,2.6524,3.1942857142857144,3.200357142857143,3.142857142857143,1.9449142857142856,2.869,2.0362857142857145,2.251428571428572,1.7805142857142855,2.474557142857143,2.853742857142857,2.524285714285714,2.2308,1.7734857142857143,2.6950857142857143,2.4586,1.6875,1.837942857142857,3.1128571428571425,4.05
19-1021.00,Biochemists and Biophysicists,2.55,3.75,3.16,1.8,2.16,1.35,4.44,2.65,3.67,3.44,1.8914285714285717,1.64,2.276,1.8571428571428568,2.9746428571428574,1.8914285714285717,3.608214285714285,3.0592,1.7358285714285715,2.7271428571428573,3.6208,3.85,3.451428571428571,2.6393714285714287,2.695357142857143,1.8485714285714288,1.2985714285714285,1.8603571428571428,3.003571428571429,3.385,2.9642857142857144,1.9842857142857144,1.5614285714285714,2.9522285714285714,2.3237142857142854,1.4821428571428572,1.8571428571428568,2.7466428571428576,4.21
19-1022.00,Microbiologists,2.68,3.77,3.29,2.95,2.45,1.23,4.74,2.64,4.21,3.26,2.0,1.5282142857142855,1.9643857142857144,2.0,2.2809285714285714,1.8914285714285717,3.067,2.645714285714285,1.327,2.7649,3.142857142857143,2.744714285714286,3.142857142857143,2.0342857142857143,2.142857142857143,1.7336714285714283,1.3759142857142856,2.0000714285714283,2.1793571428571425,2.723071428571429,1.9449142857142856,2.4522285714285714,1.8914285714285717,2.6950857142857143,2.1128,1.6665142857142858,1.6665142857142858,2.737642857142857,4.1
19-1023.00,Zoologists and Wildlife Biologists,2.47,4.36,4.17,3.89,2.4,1.25,4.52,2.36,4.59,2.93,2.2767857142857144,1.6485999999999998,2.5425142857142857,1.8571428571428568,2.154857142857143,2.086428571428572,3.404628571428572,2.7142857142857144,1.6095,3.494742857142857,3.091428571428572,2.498285714285714,3.091428571428572,1.8914285714285717,2.9378285714285712,2.6350857142857143,3.036914285714286,1.7188571428571429,2.1325857142857143,2.2032,2.524285714285714,2.1677714285714287,1.8571428571428568,2.7142857142857144,2.5794428571428574,1.9449142857142856,1.9842857142857144,3.422,4.34
19-1029.01,Bioinformatics Scientists,2.23,3.71,4.08,2.39,1.98,1.07,4.87,3.15,4.33,3.21,2.0,1.3529714285714287,2.1004857142857145,1.837942857142857,2.3594285714285714,2.125,3.0519,2.821428571428571,1.6279428571428571,2.746942857142857,3.117142857142857,3.6340285714285714,3.0357142857142856,1.9285714285714288,2.2033428571428573,1.8610428571428568,1.2124857142857142,1.5417428571428573,2.2151,2.5772714285714287,2.36,2.275,1.8057142857142856,2.877142857142857,2.489242857142857,1.75,1.94,3.293257142857143,4.71
19-1029.02,Molecular and Cellular Biologists,2.27,3.69,3.36,2.15,2.08,1.28,4.62,2.96,3.42,3.12,2.096342857142857,1.6162,2.0960857142857146,1.9285714285714288,2.458428571428572,2.086428571428572,3.298342857142857,3.0357142857142856,1.3328,2.7338571428571425,3.669642857142857,2.936,3.504914285714286,2.6185714285714288,2.251428571428572,1.915342857142857,1.2971428571428572,1.7822285714285715,2.787571428571429,3.1482857142857146,2.748571428571428,2.4522285714285714,1.5207142857142857,2.98,1.9156,1.8571428571428568,1.9085714285714288,2.7444571428571427,4.08
19-1029.03,Geneticists,2.2,3.68,3.04,1.88,1.92,1.08,4.6,2.84,3.2,2.88,1.9842857142857144,1.7680000000000002,2.2688,1.9449142857142856,2.684571428571429,2.3392857142857144,3.1929142857142856,2.765714285714286,1.3085714285714287,2.6237714285714286,3.321428571428572,3.314285714285714,3.321428571428572,2.4732142857142856,2.38,1.8528,1.4507428571428571,1.7122285714285712,2.6580571428571425,3.376,2.596342857142857,2.1492,1.822857142857143,2.7142857142857144,2.2445714285714287,1.8571428571428568,1.9449142857142856,3.0502857142857143,4.04
19-1029.04,Biologists,2.53,4.0,3.66,3.41,2.15,1.12,4.37,2.67,3.77,2.64,1.8571428571428568,1.7466285714285714,2.3005,1.8914285714285717,2.4779714285714283,1.8571428571428568,3.59,3.0357142857142856,1.641457142857143,3.1434285714285712,3.2285714285714286,3.3099428571428566,3.1942857142857144,2.1085714285714285,2.1484,2.410342857142857,1.504742857142857,1.6103285714285716,2.2865714285714285,2.8404,2.6950857142857143,2.6185714285714288,1.6364285714285711,2.765714285714286,2.6687000000000003,1.5357142857142858,1.75,2.603,4.49
19-1031.00,Conservation Scientists,2.13,3.91,3.61,3.87,2.3,1.22,4.43,2.5,4.7,3.68,2.023657142857143,1.8322142857142856,2.0193571428571437,1.7734857142857143,2.2584285714285715,2.044642857142857,3.0469142857142857,2.4035714285714285,1.8398,3.132614285714286,2.8363428571428573,2.6633142857142857,2.596342857142857,1.837942857142857,2.5694857142857144,2.152542857142857,2.6065,1.7222,2.357,2.431314285714285,2.1607142857142856,2.105,1.9085714285714288,2.5428571428571427,2.626442857142857,1.7857142857142856,1.9449142857142856,2.899814285714286,3.91
19-1031.02,Range Managers,3.16,4.6,4.24,4.45,2.71,1.24,4.9,3.05,4.66,3.6,2.2928571428571427,1.6138,2.2502,1.8057142857142856,2.3161428571428573,1.9085714285714288,3.525142857142857,2.571428571428571,1.5821714285714288,3.688,2.6950857142857143,2.2886714285714285,2.877142857142857,1.8571428571428568,1.9411428571428573,3.1432,2.9897714285714283,1.5688,2.1502,2.066057142857143,2.1142857142857143,2.0608,1.9657142857142855,2.765714285714286,2.7114142857142856,2.1635714285714283,1.8571428571428568,3.162157142857143,4.6
19-1031.03,Park Naturalists,2.61,4.43,4.01,4.64,2.67,1.33,4.53,3.86,4.59,2.98,1.9449142857142856,1.8808,2.666842857142857,1.8571428571428568,2.602814285714285,2.375,3.6889142857142856,2.894285714285714,2.029,3.7135,2.765714285714286,3.323,2.9522285714285714,2.044642857142857,2.467514285714285,2.638,4.242571428571429,2.164628571428572,2.7802857142857147,3.0768,2.8363428571428573,2.4732142857142856,2.2071428571428573,2.645714285714285,2.9231714285714285,1.6063428571428573,1.7734857142857143,3.933642857142857,4.31
19-1032.00,Foresters,2.54,4.44,3.86,3.9,2.2,1.07,4.4,2.11,4.79,3.45,2.3857142857142857,1.6100571428571429,2.2648,2.06,1.8752428571428568,2.044642857142857,3.3376,2.645714285714285,1.7028571428571428,3.310142857142857,2.765714285714286,2.6245000000000003,2.6950857142857143,1.8571428571428568,2.4689714285714284,2.5553142857142856,2.6630857142857147,1.6927857142857143,2.0248,2.031657142857143,2.1228571428571428,2.1677714285714287,1.8914285714285717,2.7142857142857144,2.7849142857142857,2.205357142857143,2.023657142857143,3.352314285714286,3.69
19-1041.00,Epidemiologists,2.68,4.21,3.89,3.42,2.22,1.21,4.67,2.95,4.67,3.76,2.6185714285714288,1.4909142857142856,2.8826285714285715,2.06,2.404657142857143,2.6950857142857143,3.5490285714285714,3.117142857142857,1.7358285714285715,3.3914285714285715,3.535,4.094142857142858,3.377142857142857,2.2471428571428573,2.9564000000000004,1.9230571428571428,2.2685714285714287,1.7968,2.6478428571428574,3.073085714285714,2.7142857142857144,2.524285714285714,2.1635714285714283,3.117142857142857,2.6347428571428573,1.7734857142857143,2.096342857142857,3.750657142857143,4.5
19-1042.00,"Medical Scientists, Except Epidemiologists",2.79,4.67,3.83,2.44,2.38,1.05,4.84,2.45,3.91,3.07,1.8571428571428568,1.626057142857143,2.225828571428571,1.8728571428571428,1.9205714285714284,1.9285714285714288,3.820614285714286,2.9522285714285714,1.1749285714285715,3.1311142857142857,3.1942857142857144,2.6043,3.282057142857143,2.2857142857142856,2.0989000000000004,1.2506285714285714,1.0596571428571429,1.2460857142857145,2.402757142857143,2.486285714285714,2.821428571428571,2.4732142857142856,1.9085714285714288,2.821428571428571,1.9594857142857145,1.7734857142857143,1.8057142857142856,1.507085714285714,4.81
19-2011.00,Astronomers,2.04,3.57,3.3,2.04,1.74,1.04,4.14,2.83,3.13,2.48,1.9449142857142856,1.6232000000000002,2.04,1.8571428571428568,2.031428571428571,1.9449142857142856,3.0785714285714287,3.0357142857142856,1.400185714285714,2.633257142857143,3.282057142857143,3.192228571428571,3.2285714285714286,2.0342857142857143,1.8202857142857145,1.3924857142857143,1.4845000000000002,1.2808857142857142,2.117142857142857,2.7255714285714285,2.596342857142857,2.19,1.8057142857142856,2.765714285714286,2.157142857142857,1.6063428571428573,1.8914285714285717,2.9536,4.0
19-2012.00,Physicists,2.13,3.39,3.6,2.16,2.04,1.12,4.36,3.13,3.53,2.92,1.9657142857142855,1.4278,1.8521857142857143,1.8914285714285717,1.8160285714285715,2.0028571428571427,3.230857142857143,3.117142857142857,1.572,2.6176857142857144,3.6208,3.351085714285714,3.5628571428571427,2.7292,2.6714285714285717,1.5506285714285712,1.3764571428571428,1.185142857142857,2.1733857142857143,2.675214285714285,3.057142857142857,2.645714285714285,1.8571428571428568,3.0357142857142856,2.1088,1.6875,2.06,3.011428571428572,4.13
19-2021.00,Atmospheric and Space Scientists,2.4,3.9,3.5,3.5,2.45,1.25,4.6,3.05,4.3,2.8,1.8914285714285717,1.35,2.2321428571428568,1.7734857142857143,2.155,1.9842857142857144,2.9746428571428574,2.877142857142857,1.1942857142857144,2.584642857142857,3.2285714285714286,3.4075,3.321428571428572,2.0,2.3042857142857143,1.6732142857142858,1.8742857142857143,1.5757142857142856,2.1275,2.5225,2.645714285714285,2.375,1.7734857142857143,2.821428571428571,2.283657142857143,1.5892857142857142,1.7734857142857143,3.25,3.95
19-2031.00,Chemists,2.45,3.82,3.55,2.98,2.43,1.25,4.74,1.82,3.82,2.7,1.8571428571428568,1.556542857142857,2.275714285714286,1.75,1.9592285714285715,1.7857142857142856,3.0411571428571427,2.6950857142857143,1.7755,2.216285714285714,3.091428571428572,2.6796571428571427,3.142857142857143,2.0,1.9714285714285715,2.133514285714286,1.066857142857143,1.5932142857142857,2.1473714285714287,2.598442857142857,2.096342857142857,2.125,1.51,2.571428571428571,2.3105714285714285,1.32,1.51,1.6966,3.96
19-2032.00,Materials Scientists,2.24,3.81,3.48,3.05,2.05,1.33,4.48,2.67,4.29,3.0,1.8571428571428568,1.2947714285714285,2.230057142857143,1.6428571428571428,2.2960000000000003,1.8571428571428568,3.04,2.6185714285714288,1.5066285714285717,2.503128571428572,3.091428571428572,3.1492857142857145,3.142857142857143,1.837942857142857,2.1567857142857143,1.5434,1.2514285714285711,1.6230714285714285,2.2670714285714286,2.5198857142857145,1.9085714285714288,1.9085714285714288,1.6875,2.765714285714286,2.1567857142857143,1.6063428571428573,1.9449142857142856,2.853742857142857,4.05
19-2041.00,"Environmental Scientists and Specialists, Including Health",2.94,4.05,3.46,4.18,2.56,1.18,4.62,2.53,4.69,3.75,2.31,1.2063142857142857,1.991742857142857,1.9449142857142856,2.1187142857142858,2.06,3.594028571428572,2.765714285714286,1.531214285714286,3.3048,3.2285714285714286,2.905042857142857,3.091428571428572,2.1357142857142857,2.7604,2.394057142857143,2.071085714285714,1.3089142857142857,2.2270714285714286,2.0986857142857143,2.4732142857142856,2.4732142857142856,1.8914285714285717,2.821428571428571,2.0304,1.8571428571428568,1.8571428571428568,3.732871428571429,4.35
19-2041.01,Climate Change Policy Analysts,2.22,4.13,3.65,3.13,1.96,1.09,4.59,2.74,4.55,3.36,1.8571428571428568,1.1777285714285717,2.0385,1.7200000000000002,1.9856,2.096342857142857,3.4214285714285717,2.748571428571428,2.036,3.284342857142857,2.821428571428571,3.2494,2.821428571428571,1.9842857142857144,2.492714285714285,1.9751285714285716,1.6578,1.5342142857142858,1.8967,1.941357142857143,2.3192,2.3192,1.8914285714285717,2.662857142857143,2.1714285714285717,1.8571428571428568,2.096342857142857,3.765085714285714,4.48
19-2041.02,Environmental Restoration Planners,2.86,4.18,3.68,3.55,2.32,1.23,4.64,2.59,4.64,3.55,2.2471428571428573,1.3791857142857142,2.661785714285714,1.7734857142857143,2.2670714285714286,2.0608,3.4059,2.6950857142857143,1.7982714285714283,3.242,3.0357142857142856,3.145342857142857,2.928571428571429,1.8057142857142856,2.812857142857143,2.824428571428572,2.4261142857142857,2.1450714285714287,2.167828571428571,2.297142857142857,2.524285714285714,2.524285714285714,1.9842857142857144,2.6950857142857143,3.257,1.9449142857142856,1.8914285714285717,3.5688571428571425,4.67
19-2041.03,Industrial Ecologists,2.39,3.57,3.09,2.65,2.0,1.17,4.38,2.78,4.23,3.5,1.8571428571428568,1.0846857142857145,2.0520571428571426,1.8571428571428568,1.8874,1.9842857142857144,2.8357142857142854,2.7142857142857144,1.7472142857142856,2.205714285714285,2.9171428571428573,3.145342857142857,2.954285714285714,2.0342857142857143,3.0064285714285712,1.6925285714285716,1.6427428571428573,1.3298285714285716,1.881571428571429,2.363714285714286,2.327857142857143,2.4035714285714285,1.7200000000000002,2.7142857142857144,1.8973428571428568,1.6063428571428573,1.8914285714285717,2.9572142857142856,3.91
19-2042.00,"Geoscientists, Except Hydrologists and Geographers",2.38,3.75,3.22,2.91,2.25,1.28,4.53,2.91,4.12,3.26,1.9842857142857144,1.2619142857142855,2.110642857142857,1.6063428571428573,2.3456,1.8914285714285717,3.5182857142857142,2.877142857142857,1.6101714285714286,2.9131428571428573,3.1942857142857144,3.233542857142857,3.142857142857143,1.8571428571428568,2.794942857142857,1.9179285714285716,2.025142857142857,1.636514285714286,2.372142857142857,3.1229714285714287,2.6185714285714288,2.265085714285714,1.5785714285714287,2.748571428571428,2.495371428571429,1.6063428571428573,1.7734857142857143,3.211428571428572,4.0
19-2043.00,Hydrologists,2.22,3.91,3.22,3.04,1.83,1.27,4.55,2.39,4.39,3.22,1.9449142857142856,1.2418,2.2583571428571427,1.7200000000000002,2.5010857142857144,1.8571428571428568,3.2414285714285715,2.6185714285714288,1.6532142857142855,2.7982,3.142857142857143,3.521285714285713,3.091428571428572,1.8914285714285717,2.607142857142857,1.862242857142857,1.8832,1.7240714285714285,2.3585000000000003,2.4301,2.25,2.265085714285714,1.7734857142857143,2.645714285714285,2.534,1.8057142857142856,1.9285714285714288,3.063285714285714,4.22
19-2099.01,Remote Sensing Scientists and Technologists,2.04,3.64,3.21,2.84,1.92,1.04,4.21,2.56,4.38,3.38,1.8571428571428568,1.124342857142857,2.3037714285714284,1.8057142857142856,2.3172571428571427,1.8057142857142856,3.3005142857142857,2.748571428571428,1.4109714285714283,2.6272,3.0357142857142856,3.3990857142857145,3.0357142857142856,1.9657142857142855,2.5488,1.6948571428571428,1.503085714285714,1.6507428571428573,2.2096,2.703314285714286,2.354914285714286,2.105,1.7734857142857143,2.645714285714285,2.2697142857142856,1.5614285714285714,1.6665142857142858,2.8029714285714284,4.25
19-3011.00,Economists,2.25,3.5,3.21,2.79,1.83,1.12,4.43,3.04,4.42,3.79,1.8571428571428568,1.1314,1.9292571428571428,1.51,2.2385714285714284,1.8571428571428568,3.659228571428572,2.877142857142857,1.7516285714285715,2.6767000000000003,3.091428571428572,3.9064,3.091428571428572,2.0028571428571427,2.8357142857142854,1.9028571428571428,1.6328285714285715,1.4242857142857144,2.5048571428571424,2.9571428571428573,2.821428571428571,2.4035714285714285,1.8571428571428568,2.7142857142857144,1.97,1.4464285714285716,2.0,3.7714857142857134,3.78
19-3011.01,Environmental Economists,2.04,2.85,2.58,2.44,1.74,1.07,4.08,2.93,3.56,2.78,1.8571428571428568,1.0837,1.4463142857142857,1.6063428571428573,1.6042857142857143,1.8914285714285717,3.109157142857143,2.4714285714285715,1.2233285714285715,2.102857142857143,3.091428571428572,3.4790857142857146,3.091428571428572,2.125,2.483028571428571,1.263185714285714,1.4255,1.1467,1.8755571428571427,3.192228571428571,2.8020571428571426,2.4971428571428573,1.7200000000000002,2.821428571428571,1.4542857142857144,1.5892857142857142,1.9285714285714288,2.95,3.22
19-3022.00,Survey Researchers,2.32,3.92,3.81,4.0,2.44,1.08,4.38,2.35,4.35,3.04,2.105,1.3417142857142856,2.4190000000000005,1.8571428571428568,2.5028,2.023657142857143,3.366742857142857,2.9732142857142856,1.479085714285714,3.1312,2.9522285714285714,3.454128571428571,3.005714285714286,1.8914285714285717,2.8714285714285714,1.8946571428571424,1.7392,2.0042857142857144,2.4586,2.559057142857143,2.7142857142857144,2.645714285714285,1.9449142857142856,3.0335714285714284,2.684285714285714,1.7385714285714284,1.8571428571428568,3.537857142857143,4.46
19-3032.00,Industrial-Organizational Psychologists,2.73,4.23,4.12,3.23,2.35,1.12,4.76,3.08,4.56,3.08,2.571428571428571,1.5152571428571429,2.860457142857143,2.36,2.8125714285714287,2.6950857142857143,4.054514285714286,3.0592,2.464,4.057599999999999,3.205357142857143,3.746028571428571,3.3563428571428573,2.4522285714285714,4.491428571428571,2.673142857142857,1.3328000000000002,3.1602571428571427,3.646514285714286,3.537028571428572,2.821428571428571,2.765714285714286,2.19,3.2308,2.701142857142857,2.044642857142857,2.524285714285714,3.271314285714286,4.5
19-3033.00,Clinical and Counseling Psychologists,3.28,4.52,2.56,3.44,3.48,2.28,4.8,2.44,4.4,4.0,2.1142857142857143,3.982857142857142,1.96,1.75,2.0205714285714285,3.414285714285714,2.807142857142857,2.894285714285714,1.3877714285714284,4.112228571428571,3.414285714285714,3.0742857142857143,3.585714285714286,2.205357142857143,3.2326857142857146,3.0690285714285714,2.308114285714286,1.2916571428571428,2.7586142857142857,2.8144,2.765714285714286,2.765714285714286,2.524285714285714,3.265714285714286,1.6061714285714286,1.9449142857142856,2.3392857142857144,2.258971428571429,3.08
19-3034.00,School Psychologists,2.87,4.38,3.46,3.65,2.88,2.38,4.84,2.22,4.25,3.05,2.354914285714286,2.3923428571428573,2.145,1.7200000000000002,1.6557142857142857,3.142857142857143,3.315785714285714,2.9732142857142856,1.1668571428571428,3.410728571428572,3.3563428571428573,2.695428571428571,3.2935714285714286,2.125,2.3056,2.09,1.2634857142857143,1.1103571428571428,2.0013428571428573,2.078342857142857,2.7142857142857144,2.645714285714285,2.524285714285714,3.172857142857143,1.8775,2.1492,2.25,2.6008571428571425,4.57
19-3039.02,Neuropsychologists,2.76,3.92,2.6,3.44,2.84,2.04,4.48,2.28,4.32,3.92,2.086428571428572,3.474057142857144,1.6640285714285716,1.7734857142857143,1.9346285714285716,3.1750857142857143,2.818514285714285,3.205357142857143,1.2162285714285714,3.3990857142857145,3.69,3.725942857142857,3.625,2.3192,2.9789714285714286,2.020342857142857,2.4105142857142856,1.4464285714285716,2.235657142857143,3.020571428571429,2.877142857142857,2.765714285714286,2.4971428571428573,3.31,1.8976,1.822857142857143,2.125,3.136685714285714,3.2
19-3039.03,Clinical Neuropsychologists,2.54,4.29,2.75,4.21,2.92,2.04,4.91,2.33,4.13,4.3,2.4285714285714284,3.589257142857143,1.8121142857142856,1.8125,2.441628571428572,3.1750857142857143,3.4863000000000004,2.7142857142857144,1.2509714285714286,3.469257142857143,3.6142857142857134,4.313542857142858,3.375,2.3192,3.4157714285714285,2.0612000000000004,2.5603571428571428,1.4528857142857143,2.5695428571428574,3.5588285714285712,2.571428571428571,2.748571428571428,2.571428571428571,3.172857142857143,1.9052285714285715,2.0,2.3192,3.359385714285714,3.65
19-3041.00,Sociologists,2.89,3.65,3.16,2.65,2.74,1.65,4.5,3.75,3.74,3.68,1.9449142857142856,1.5592857142857142,1.9117857142857144,1.8057142857142856,2.1567857142857143,2.8020571428571426,3.2335714285714285,3.0592,1.4373285714285715,3.1542857142857144,3.321428571428572,4.206785714285715,3.321428571428572,2.4035714285714285,2.388285714285714,1.981857142857143,2.2358571428571423,1.585,2.4625000000000004,3.6399999999999992,2.954285714285714,2.4522285714285714,1.8571428571428568,3.0592,2.5442857142857145,1.7200000000000002,1.8057142857142856,3.278571428571428,3.42
19-3051.00,Urban and Regional Planners,3.17,4.04,3.83,4.28,3.0,1.46,4.88,3.28,4.76,4.16,2.205357142857143,1.3584,3.037857142857143,1.8914285714285717,2.508571428571429,2.4035714285714285,3.7243428571428576,2.894285714285714,2.0957714285714286,3.7552,3.005714285714286,3.1741714285714284,3.0592,1.822857142857143,2.7700571428571426,3.6660571428571433,3.2957714285714284,2.176,2.248,2.0416,2.7142857142857144,2.596342857142857,1.9642857142857144,2.9522285714285714,3.2352000000000003,2.1492,2.1357142857142857,4.065142857142857,4.44
19-3091.00,Anthropologists and Archeologists,2.55,4.0,3.05,3.15,2.53,1.5,4.29,3.5,3.76,3.35,1.9842857142857144,1.3857142857142857,2.017857142857143,1.8571428571428568,2.305357142857143,2.023657142857143,3.1132142857142857,3.205357142857143,1.4375,3.8475,3.321428571428572,3.725,3.4722285714285714,2.1635714285714283,2.5267857142857144,2.235,2.357142857142857,1.71,2.661785714285714,3.507142857142857,2.821428571428571,2.4732142857142856,1.595,2.9522285714285714,2.3975,1.6364285714285711,1.8057142857142856,3.4442857142857144,3.44
19-3092.00,Geographers,2.4,3.4,3.05,3.1,2.2,1.15,4.3,3.0,3.9,3.25,1.8571428571428568,1.36,1.7965000000000002,1.5357142857142858,1.664285714285714,1.8571428571428568,3.322857142857143,2.877142857142857,1.2578571428571428,2.8857142857142857,3.0357142857142856,3.3314285714285714,3.142857142857143,2.06,2.197857142857143,1.837857142857143,2.482,1.3449999999999998,1.9642857142857144,2.730114285714286,2.7207142857142856,2.4732142857142856,1.822857142857143,2.6185714285714288,2.1142857142857143,1.6875,1.6364285714285711,2.6075714285714287,3.75
19-3093.00,Historians,2.95,4.04,3.77,4.2,2.63,1.16,4.39,2.64,3.46,2.91,1.8571428571428568,1.1661,1.6251142857142855,1.5357142857142858,1.2751571428571429,1.9449142857142856,2.673357142857143,2.765714285714286,1.5053714285714286,2.8711,3.0357142857142856,2.5633428571428576,3.091428571428572,1.9842857142857144,1.8027,1.6711714285714283,1.8652,1.1617428571428572,1.3828,1.5244,2.4732142857142856,2.2071428571428573,1.4435714285714285,2.7142857142857144,1.862228571428572,1.51,1.7200000000000002,3.028342857142857,4.4
19-3094.00,Political Scientists,2.5,3.92,2.83,2.62,2.72,1.19,4.5,4.19,3.72,3.6,1.8571428571428568,1.4975714285714286,1.6512,1.32,1.988342857142857,2.4732142857142856,3.4157714285714285,3.117142857142857,1.3328,2.6884,3.1750857142857143,3.801657142857143,3.1750857142857143,2.25,2.6763142857142856,1.7671428571428571,1.6921428571428572,1.5342142857142858,2.517942857142857,3.9082857142857135,3.091428571428572,2.596342857142857,1.822857142857143,3.0592,1.9378285714285712,1.75,1.8057142857142856,3.2230000000000003,3.08
19-3099.01,Transportation Planners,2.75,3.95,3.75,3.8,2.32,1.22,4.78,2.75,4.74,3.63,2.4035714285714285,1.5142857142857142,2.7875,1.6875,2.5892857142857144,1.8571428571428568,3.367857142857143,2.765714285714286,2.4457142857142857,3.4835714285714285,2.765714285714286,3.464642857142857,2.765714285714286,1.7734857142857143,3.1,2.935,2.371428571428571,2.3577142857142857,2.608357142857143,2.314285714285714,2.524285714285714,2.3857142857142857,1.8571428571428568,2.765714285714286,2.760357142857143,1.8571428571428568,1.9657142857142855,3.632142857142856,4.5
19-4012.00,Agricultural Technicians,2.55,3.95,3.8,2.86,2.26,1.08,4.6,1.81,3.55,2.22,1.8571428571428568,1.5029714285714286,1.3424285714285715,1.75,1.624142857142857,1.7734857142857143,2.488,1.8571428571428568,1.1373142857142855,2.460714285714286,2.571428571428571,1.6005571428571428,2.571428571428571,1.8571428571428568,1.64,1.5128999999999997,1.5032,1.179657142857143,1.4042285714285714,1.6994285714285713,1.8571428571428568,1.8571428571428568,1.6364285714285711,2.044642857142857,1.6301285714285711,1.51,1.5357142857142858,1.7942857142857145,3.83
19-4012.01,Precision Agriculture Technicians,2.7,4.35,3.35,4.09,2.39,1.22,4.48,2.43,4.86,3.05,1.8571428571428568,1.8895142857142857,1.9703,1.3785714285714286,1.886242857142857,1.75,2.7835,2.375,2.578642857142857,2.788828571428572,2.645714285714285,2.4756428571428573,2.645714285714285,1.7200000000000002,2.636842857142857,2.0121571428571428,2.0659,1.3519142857142856,2.2049714285714286,2.352057142857143,1.9842857142857144,1.8571428571428568,1.78,2.524285714285714,1.8757857142857144,1.6063428571428573,1.75,2.8732571428571427,4.14
19-4013.00,Food Science Technicians,2.46,4.56,3.65,1.79,2.02,1.0,4.93,2.0,4.04,3.34,1.9449142857142856,1.9267714285714288,1.8712857142857144,1.6063428571428573,2.0360285714285715,1.7734857142857143,2.9154,2.2071428571428573,1.375142857142857,2.104385714285714,2.6185714285714288,1.6549285714285715,2.571428571428571,1.8571428571428568,1.6891142857142856,1.8558714285714288,1.2756,1.3814714285714285,2.4472,2.8244285714285717,1.9642857142857144,1.9642857142857144,1.3785714285714286,2.1142857142857143,2.326,1.2857142857142856,1.25,1.4554,4.58
19-4021.00,Biological Technicians,1.92,4.15,3.09,1.91,1.58,1.09,4.82,2.3,3.0,3.03,1.655,1.1562142857142856,1.3002571428571428,1.3392000000000002,1.2218714285714285,1.6875,2.664542857142857,2.205357142857143,1.0092285714285714,2.1875285714285715,2.9008000000000003,1.974885714285714,2.571428571428571,1.4928571428571429,1.3520285714285714,1.2793857142857143,1.5635,1.0331142857142857,1.2392,1.923142857142857,2.1142857142857143,2.1607142857142856,1.3785714285714286,2.4732142857142856,1.5464571428571428,1.1734857142857142,1.302857142857143,1.5282142857142855,3.94
19-4031.00,Chemical Technicians,2.46,3.9,3.65,2.64,2.71,1.29,4.99,1.86,3.33,2.88,1.8571428571428568,1.5302857142857142,1.557514285714286,1.5357142857142858,1.3206285714285717,1.7734857142857143,3.052,2.1492,1.1338857142857144,1.931914285714286,2.6185714285714288,1.7967,2.542057142857143,1.8914285714285717,1.8602,1.296957142857143,1.1071857142857142,1.2142857142857144,1.5259428571428573,2.167714285714286,2.0608,1.9642857142857144,1.6875,2.596342857142857,2.0075000000000003,1.6063428571428573,1.5207142857142857,1.5051428571428571,4.57
19-4042.00,"Environmental Science and Protection Technicians, Including Health",3.0,3.91,3.27,3.82,2.64,1.41,4.36,2.45,4.64,3.95,1.8571428571428568,1.3566571428571428,1.999,1.5914285714285714,1.7435999999999998,1.8914285714285717,2.9175000000000004,2.645714285714285,1.5206857142857144,2.951714285714286,2.765714285714286,2.2359857142857145,2.765714285714286,1.837942857142857,2.1977857142857142,2.235785714285714,2.2627714285714284,1.4602,2.1714285714285717,2.1403142857142856,2.1677714285714287,2.1142857142857143,1.8571428571428568,2.645714285714285,2.1800571428571427,1.7200000000000002,1.8057142857142856,2.4823000000000004,3.82
19-4043.00,"Geological Technicians, Except Hydrologic Technicians",2.41,3.59,3.2,2.73,2.3,1.4,4.49,1.8,4.27,3.21,1.8571428571428568,1.2405142857142857,1.3733142857142857,1.51,1.3159,1.7036571428571428,2.600071428571429,1.9285714285714288,1.243142857142857,2.272857142857143,2.6185714285714288,1.9529714285714288,2.3192,1.6063428571428573,1.5614285714285714,1.2729142857142857,1.2185,1.0779857142857143,1.632,1.5668571428571427,1.9642857142857144,1.9842857142857144,1.5357142857142858,2.06,1.5986,1.4691999999999998,1.6942857142857144,1.7425142857142857,4.0
19-4051.00,Nuclear Technicians,3.22,4.33,4.03,1.74,2.62,1.22,5.0,2.56,4.77,2.95,1.9449142857142856,1.3430285714285717,1.6214285714285717,1.5165142857142857,1.512457142857143,1.9285714285714288,3.31,2.125,1.0520714285714283,2.017085714285715,2.748571428571428,1.8691428571428568,2.4971428571428573,1.8914285714285717,1.5530714285714289,1.3834285714285717,1.1368,1.1151428571428572,1.9741,2.5483571428571428,2.105,2.105,1.6875,2.4035714285714285,1.9314285714285715,1.6063428571428573,1.7734857142857143,1.585714285714286,4.83
19-4051.02,Nuclear Monitoring Technicians,3.05,4.4,4.14,2.76,2.8,1.27,4.98,2.87,4.84,3.3,1.8571428571428568,1.9715,1.9446571428571429,1.6875,1.5451,1.822857142857143,3.363314285714285,2.2071428571428573,1.3291428571428572,2.465457142857143,2.7142857142857144,2.3482857142857143,2.7142857142857144,1.9642857142857144,2.038,1.7280285714285717,1.1956285714285717,1.0805714285714283,2.2214285714285715,1.987457142857143,2.1142857142857143,1.9842857142857144,1.7385714285714284,2.596342857142857,2.3124,1.6875,1.7385714285714284,1.7488,4.61
19-4061.00,Social Science Research Assistants,1.82,3.67,3.08,2.66,1.93,1.14,4.28,1.85,3.36,2.98,1.8057142857142856,1.2403,1.5828571428571427,1.4691999999999998,1.512142857142857,1.7734857142857143,3.3060571428571426,2.275,1.3759142857142856,2.4373428571428573,2.765714285714286,2.7875714285714284,2.821428571428571,1.6665142857142858,1.784157142857143,1.468,1.6422,1.2900142857142858,1.6216,2.0863,2.125,1.9085714285714288,1.4928571428571429,2.6185714285714288,1.9793714285714288,1.4691999999999998,1.5357142857142858,2.3959,4.15
19-4071.00,Forest and Conservation Technicians,3.04,4.41,3.91,3.83,3.09,1.54,4.98,2.76,4.56,3.66,1.9842857142857144,1.9927857142857144,2.4763,1.837942857142857,2.317571428571428,1.9449142857142856,3.096742857142857,2.125,1.4821428571428572,3.2815000000000003,2.524285714285714,2.146742857142857,2.524285714285714,1.9085714285714288,2.3344571428571426,2.6247142857142856,2.325,1.9044,2.4115714285714285,2.486928571428571,1.9842857142857144,1.9842857142857144,1.822857142857143,2.4732142857142856,3.010228571428572,1.4249999999999998,1.837942857142857,2.7081142857142857,4.87
19-4092.00,Forensic Science Technicians,3.14,4.2,3.78,4.33,3.17,2.62,4.79,3.2,4.21,3.95,1.9449142857142856,1.854,1.697142857142857,1.6942857142857144,1.408,2.044642857142857,2.9890000000000003,2.765714285714286,1.0658,2.763,3.0357142857142856,2.687542857142857,2.98,1.845,1.7921285714285715,1.573257142857143,2.662857142857143,1.1733714285714285,2.005428571428572,1.878542857142857,2.524285714285714,2.422142857142857,1.8571428571428568,2.765714285714286,1.7367142857142857,1.4435714285714285,1.6875,2.8392,4.11
19-4099.01,Quality Control Analysts,2.68,3.98,3.0,2.16,2.52,1.32,4.48,2.1,3.34,2.31,1.6875,1.2418428571428572,1.206357142857143,1.2514285714285711,1.1669285714285715,1.8571428571428568,2.465714285714286,2.096342857142857,1.0276571428571428,1.6494428571428572,2.645714285714285,1.88,2.571428571428571,1.6942857142857144,1.3276,1.3364571428571428,1.0092857142857143,1.0824,1.4435714285714285,1.9339428571428567,1.9085714285714288,1.9449142857142856,1.7200000000000002,2.275,1.4031,1.5165142857142857,1.4464285714285716,1.0904,3.72
19-4099.03,Remote Sensing Technicians,2.8,4.04,3.34,2.56,2.22,1.0,4.51,1.24,3.8,3.18,2.023657142857143,1.1550571428571428,1.7032142857142856,1.5785714285714287,1.7358571428571428,1.7385714285714284,2.9694285714285718,2.2928571428571427,1.496414285714286,2.635628571428572,2.684285714285714,2.2903,2.684285714285714,1.7521428571428572,2.009114285714286,1.6700714285714289,1.2517428571428573,1.324971428571429,1.7239428571428572,2.1432571428571427,2.071428571428572,2.02,1.5614285714285714,2.275,2.1833714285714283,1.5357142857142858,1.6171428571428572,2.5722142857142853,4.14
19-5011.00,Occupational Health and Safety Specialists,3.04,4.26,3.87,3.13,2.7,1.65,4.59,2.91,4.61,3.78,1.8914285714285717,2.3685,2.527428571428572,1.6428571428571428,2.416714285714286,2.4732142857142856,3.323,2.7142857142857144,2.6272,3.2759571428571426,2.765714285714286,2.8231,2.928571428571429,2.086428571428572,3.3519714285714284,2.696,1.6807999999999998,1.6394,2.839714285714286,3.1206,2.4732142857142856,2.422142857142857,1.8571428571428568,2.7142857142857144,2.7764571428571427,1.7734857142857143,2.096342857142857,2.9874285714285715,4.17
19-5012.00,Occupational Health and Safety Technicians,3.05,4.43,3.7,3.62,2.7,1.52,4.63,3.0,4.8,3.5,1.8571428571428568,2.454528571428572,2.6056857142857144,1.4906285714285716,2.427957142857143,1.9449142857142856,3.7948,2.5428571428571427,2.3712142857142857,3.144314285714286,2.645714285714285,2.5377142857142854,2.645714285714285,1.8571428571428568,3.063342857142857,2.8739285714285714,1.6230714285714285,1.7987,2.6768,3.2032,2.25,2.02,1.8571428571428568,2.7142857142857144,2.4912,1.9085714285714288,1.9449142857142856,2.6448,4.35
21-1011.00,Substance Abuse and Behavioral Disorder Counselors,3.6,4.93,3.92,4.1,3.94,3.4,4.81,3.47,4.92,3.82,2.3857142857142857,3.4566,2.5562857142857145,1.8571428571428568,1.73,3.2285714285714286,2.571142857142857,2.9732142857142856,2.129371428571429,3.1305285714285715,2.98,2.0182857142857147,3.117142857142857,2.105,2.744,3.2218,2.8020571428571426,1.4789285714285714,2.5048000000000004,2.2912428571428576,2.782857142857143,2.645714285714285,2.645714285714285,3.0335714285714284,2.525,2.044642857142857,2.5428571428571427,2.950171428571429,4.68
21-1012.00,"Educational, Guidance, and Career Counselors and Advisors",4.11,4.87,4.6,4.09,3.76,2.03,4.98,2.69,4.95,3.23,2.4035714285714285,2.655742857142857,2.0520571428571426,1.8057142857142856,1.7425142857142857,3.1750857142857143,3.775,2.782857142857143,1.5337857142857143,3.9786,3.0892857142857144,2.617142857142857,3.0335714285714284,2.354914285714286,3.404628571428572,2.616914285714286,2.837214285714286,1.2148714285714286,2.564985714285714,2.2800571428571432,2.571428571428571,2.31,2.7142857142857144,2.989371428571429,2.0379571428571426,2.0608,2.4035714285714285,3.096371428571429,4.85
21-1013.00,Marriage and Family Therapists,3.65,4.66,3.04,3.68,3.75,2.72,4.96,1.71,4.46,3.11,2.25,3.9468,1.5905714285714283,1.8571428571428568,1.2863571428571428,3.7764285714285712,3.214771428571429,2.9732142857142856,1.389571428571429,3.3944000000000005,3.0892857142857144,2.240942857142857,3.265714285714286,2.2928571428571427,2.1750857142857143,3.182771428571429,2.424314285714286,1.1542857142857144,2.678857142857143,1.8354142857142857,2.765714285714286,2.7142857142857144,2.821428571428571,3.7714285714285714,1.7431428571428569,2.4035714285714285,2.4035714285714285,2.6840714285714284,3.55
21-1014.00,Mental Health Counselors,3.79,4.79,2.82,3.82,3.64,2.64,4.88,2.46,4.56,3.93,2.0,4.269971428571428,1.5175,1.75,1.6233,4.285714285714286,3.1800571428571427,2.9732142857142856,1.2766714285714285,4.0264,3.7714285714285714,2.9059857142857144,3.585714285714286,1.8914285714285717,3.1096,3.154057142857143,3.335028571428571,1.2471142857142858,3.172857142857143,2.4256,3.0592,3.005714285714286,2.645714285714285,3.857142857142857,1.6138,2.071428571428571,2.4522285714285714,3.0085714285714285,3.11
21-1015.00,Rehabilitation Counselors,3.2,4.56,3.93,4.24,3.23,2.18,4.79,2.52,4.78,3.87,2.4035714285714285,2.450285714285714,2.1819571428571427,1.75,2.2005,3.091428571428572,3.465,2.7142857142857144,1.7164,3.4276571428571434,2.765714285714286,2.103357142857143,2.765714285714286,1.9085714285714288,2.2857142857142856,2.5871,2.3345714285714285,1.5999714285714286,2.525614285714286,2.3405714285714287,2.662857142857143,2.524285714285714,2.7142857142857144,2.765714285714286,2.229014285714286,1.8914285714285717,2.1357142857142857,3.0916,4.37
21-1021.00,"Child, Family, and School Social Workers",4.53,4.95,3.97,4.27,4.48,3.32,4.95,2.87,4.85,3.98,2.524285714285714,3.608971428571429,2.618328571428572,1.8057142857142856,1.4539285714285712,3.0592,3.6005714285714285,3.06,2.530828571428572,3.9468,2.989371428571429,2.3181714285714285,3.130628571428572,1.9842857142857144,1.9005142857142856,3.2441714285714283,3.5063714285714287,1.143,2.5872571428571427,2.4454857142857147,2.662857142857143,2.645714285714285,2.765714285714286,3.632857142857143,2.6165714285714285,2.571428571428571,2.524285714285714,3.2669714285714284,4.77
21-1022.00,Healthcare Social Workers,3.93,4.81,3.74,4.04,3.89,2.56,4.96,2.48,5.0,4.0,2.7142857142857144,4.287714285714285,2.3024,1.9449142857142856,1.9632,3.377142857142857,3.4030857142857145,2.894285714285714,1.5101714285714287,3.9216,3.091428571428572,2.5013428571428573,3.0592,1.8571428571428568,2.583542857142857,3.369,3.010742857142857,1.6774857142857142,2.575542857142857,2.5624,2.7142857142857144,2.7142857142857144,2.9522285714285714,3.0357142857142856,2.44,1.9842857142857144,2.205357142857143,3.2345714285714284,4.73
21-1023.00,Mental Health and Substance Abuse Social Workers,3.52,4.79,3.69,3.93,4.05,2.99,4.97,2.68,4.8,3.23,2.645714285714285,3.7999,1.993,1.8571428571428568,2.232557142857143,3.377142857142857,3.4582,2.782857142857143,1.7082857142857144,3.7156428571428575,3.44,2.605642857142857,3.205357142857143,2.205357142857143,3.018814285714286,2.9626857142857146,1.9315,1.1781,2.725257142857143,2.6958,2.7142857142857144,2.645714285714285,2.6950857142857143,2.782857142857143,1.6706285714285714,2.275,2.571428571428571,3.059285714285714,4.49
21-1091.00,Health Education Specialists,3.51,4.73,3.79,3.91,3.06,1.88,4.88,3.6,4.77,3.46,2.216428571428572,2.9995000000000003,3.2702285714285715,1.8571428571428568,1.963728571428572,2.596342857142857,3.947714285714286,2.894285714285714,2.475357142857143,4.294857142857143,2.765714285714286,3.7606857142857137,3.0335714285714284,2.105,2.6806428571428573,2.844028571428572,3.695,1.3232,2.2288,3.693028571428572,2.662857142857143,2.327857142857143,2.044642857142857,2.782857142857143,2.3354714285714286,1.8914285714285717,1.9842857142857144,3.8219142857142874,4.26
21-1092.00,Probation Officers and Correctional Treatment Specialists,4.47,4.96,3.47,4.65,4.31,3.91,4.71,2.55,4.83,3.91,2.1357142857142857,2.635428571428572,2.1125714285714285,1.4464285714285716,1.8691428571428568,2.877142857142857,3.648800000000001,2.7142857142857144,1.815842857142857,3.3068857142857144,2.645714285714285,2.4190000000000005,2.8363428571428573,1.8571428571428568,2.3588857142857145,2.996,2.626842857142857,1.5587,2.342742857142857,2.2222857142857144,2.375,2.4732142857142856,2.0,2.7142857142857144,2.1517857142857144,1.9449142857142856,2.1357142857142857,2.8774,4.27
21-1093.00,Social and Human Service Assistants,3.79,4.88,4.31,4.5,3.57,2.21,4.97,3.24,4.76,4.38,2.327857142857143,2.9112285714285706,2.005428571428572,1.4249999999999998,1.4309,2.765714285714286,3.372228571428572,2.765714285714286,1.3098857142857143,3.293028571428572,2.645714285714285,1.8948571428571424,2.7142857142857144,1.837942857142857,2.326742857142857,2.5517,2.9735714285714288,1.4299857142857142,2.4811428571428573,2.3891428571428577,2.5428571428571427,2.354914285714286,2.645714285714285,2.7142857142857144,2.185,1.8571428571428568,2.1492,2.608214285714286,4.61
21-1094.00,Community Health Workers,3.03,4.58,3.67,3.88,3.07,2.1,4.76,3.42,4.37,3.56,2.354914285714286,3.1168,2.564285714285714,1.9642857142857144,2.057257142857143,2.894285714285714,3.7074285714285713,2.782857142857143,2.6017,4.2625,2.801428571428572,2.8887142857142853,2.729371428571429,2.2928571428571427,2.011914285714286,2.4347142857142856,3.492628571428572,1.4028999999999998,2.495,2.912171428571429,2.524285714285714,2.375,2.596342857142857,2.782857142857143,2.6730857142857145,1.8571428571428568,2.3392857142857144,4.2508,4.2
21-2011.00,Clergy,3.41,4.59,4.21,3.76,2.87,1.51,4.73,3.78,4.68,3.74,2.4732142857142856,3.478471428571429,3.0217142857142854,2.275,2.593114285714286,3.2285714285714286,3.048142857142857,3.544642857142857,2.0198857142857145,3.5956571428571427,2.782857142857143,2.0261285714285715,3.410714285714286,2.7142857142857144,2.1826,2.8987571428571437,2.643828571428571,1.6449571428571428,2.488457142857144,2.5084,4.048571428571428,2.928571428571429,2.821428571428571,3.145,2.5955714285714286,2.524285714285714,2.645714285714285,2.0220714285714285,4.23
21-2021.00,"Directors, Religious Activities and Education",2.51,4.09,3.87,3.26,2.1,1.01,4.21,3.32,4.26,2.74,2.524285714285714,3.780357142857143,2.9908,2.0,2.2632857142857143,2.928571428571429,3.550342857142857,2.782857142857143,1.9040285714285716,3.754042857142857,2.645714285714285,2.222314285714286,2.765714285714286,2.337142857142857,2.2309,2.8932857142857147,2.939714285714286,1.7798142857142856,2.565142857142857,2.7337857142857143,2.645714285714285,2.5428571428571427,2.5428571428571427,2.7142857142857144,2.5188571428571427,1.8571428571428568,2.1357142857142857,2.9313714285714285,4.02
23-1011.00,Lawyers,3.44,4.75,3.77,3.86,3.35,1.71,4.44,2.73,4.89,4.4,2.2071428571428573,2.083,2.1345714285714283,1.8057142857142856,2.189285714285714,2.571428571428571,3.5283857142857142,3.523657142857143,2.496942857142857,3.766142857142857,3.585714285714286,3.4108,3.7714285714285714,1.9449142857142856,3.4637571428571428,4.036300000000001,2.1353714285714287,2.0362857142857145,2.146514285714286,1.97,3.2935714285714286,2.422142857142857,2.06,3.5,2.7395571428571426,2.877142857142857,3.142857142857143,3.471657142857143,3.58
23-1012.00,Judicial Law Clerks,2.41,4.09,3.0,3.38,2.93,1.59,4.63,1.81,4.4,4.26,1.8571428571428568,1.4628571428571429,1.0351,1.0942857142857143,1.002571428571429,1.8914285714285717,3.2081,2.821428571428571,1.1339285714285714,2.410642857142857,3.205357142857143,2.6879714285714287,2.9522285714285714,1.6364285714285711,1.4813714285714286,1.3101142857142858,1.2884,1.0222857142857142,1.041157142857143,1.0512,2.596342857142857,2.596342857142857,1.6665142857142858,2.9732142857142856,1.0439714285714286,1.7200000000000002,1.8125,1.2251285714285711,3.83
23-1021.00,"Administrative Law Judges, Adjudicators, and Hearing Officers",3.75,4.36,3.45,4.78,3.81,2.0,4.2,2.64,4.46,4.51,1.822857142857143,1.4028,1.1210714285714285,1.5785714285714287,1.2413714285714286,2.645714285714285,2.692,3.0357142857142856,1.460457142857143,2.418614285714286,3.321428571428572,2.6894285714285715,3.142857142857143,1.7200000000000002,1.4753714285714286,3.1966,2.675942857142857,1.039,1.336,1.3268285714285717,2.8020571428571426,2.571428571428571,1.822857142857143,3.553571428571428,1.312385714285714,2.125,2.0342857142857143,2.8610285714285717,3.54
23-1022.00,"Arbitrators, Mediators, and Conciliators",3.85,3.65,2.25,2.26,2.8,1.75,3.67,2.05,3.47,3.74,1.9449142857142856,1.207242857142857,1.2907142857142857,1.25,1.095,2.4732142857142856,1.6749999999999998,3.1750857142857143,1.6830857142857143,2.8200000000000003,3.2285714285714286,2.9707142857142856,3.2285714285714286,1.8057142857142856,1.5678571428571428,4.329228571428572,1.4483142857142857,1.0457142857142858,1.5657142857142858,1.7307142857142856,2.7142857142857144,2.571428571428571,1.8571428571428568,3.2935714285714286,1.2121428571428572,3.523657142857143,2.6696428571428568,1.822857142857143,2.15
23-1023.00,"Judges, Magistrate Judges, and Magistrates",4.68,4.68,4.41,4.68,4.31,3.37,4.89,4.24,4.24,4.21,1.9285714285714288,1.403,1.6753571428571428,1.837942857142857,1.8448,2.7142857142857144,2.821028571428571,3.1750857142857143,1.2088,2.6185,3.585714285714286,2.698,3.321428571428572,1.8914285714285717,1.463285714285714,2.7244,3.9848,1.1944571428571429,1.4357142857142855,1.5271428571428571,2.9522285714285714,2.7142857142857144,1.822857142857143,4.359999999999999,2.093314285714285,2.2471428571428573,2.0342857142857143,2.5066,4.75
23-2011.00,Paralegals and Legal Assistants,2.14,4.53,3.28,3.22,1.97,1.19,4.69,1.77,4.54,4.52,1.8057142857142856,1.4488,1.5208,1.268571428571429,1.143857142857143,1.8571428571428568,3.0455714285714284,2.4971428571428573,1.1454142857142855,2.460828571428572,2.645714285714285,1.8448,2.645714285714285,1.4017857142857142,1.3695714285714284,1.8532857142857144,1.9019285714285716,1.0094285714285711,1.4106999999999998,1.2355,2.2767857142857144,2.4732142857142856,1.8571428571428568,2.645714285714285,1.6377142857142857,1.655,1.7200000000000002,2.9706,4.25
23-2093.00,"Title Examiners, Abstractors, and Searchers",2.59,3.65,3.89,4.18,2.6,1.21,4.73,1.43,4.32,3.26,1.8571428571428568,1.1287,1.4525714285714286,1.4928571428571429,1.235,1.7385714285714284,2.8675428571428574,2.31,1.101157142857143,2.5552,2.7142857142857144,2.628571428571429,2.7142857142857144,1.32,1.404585714285714,1.7794285714285714,1.4096571428571427,1.038,1.443142857142857,1.6168,2.0608,2.1142857142857143,1.7734857142857143,2.422142857142857,1.5616,1.36,1.51,2.0019,4.29
25-1011.00,"Business Teachers, Postsecondary",2.63,4.11,3.75,2.78,2.67,1.41,4.14,4.25,3.72,3.02,1.8571428571428568,1.597257142857143,1.7032142857142856,1.5785714285714287,1.8767714285714288,2.086428571428572,3.0690285714285714,3.265714285714286,1.3988714285714283,2.973942857142857,3.142857142857143,3.0305857142857144,3.715,3.0592,2.6300428571428567,1.5814,2.5518571428571426,1.2592,2.7862,4.138514285714285,3.282057142857143,2.2928571428571427,1.75,2.765714285714286,1.7552857142857143,1.6875,1.7734857142857143,2.539685714285714,3.52
25-1021.00,"Computer Science Teachers, Postsecondary",2.41,4.46,3.98,3.41,2.5,1.1,4.63,3.86,4.08,3.15,1.8914285714285717,1.7701714285714285,2.321485714285714,1.75,2.4482285714285714,2.4035714285714285,3.286257142857143,3.091428571428572,1.5282,2.624328571428572,3.2285714285714286,2.975657142857143,3.34,3.117142857142857,2.776985714285714,1.765,1.7102142857142857,1.5401714285714283,2.810442857142857,4.0910714285714285,2.9008000000000003,2.3392857142857144,1.9842857142857144,2.8020571428571426,2.3973142857142857,1.822857142857143,1.8571428571428568,2.6848,4.34
25-1022.00,"Mathematical Science Teachers, Postsecondary",2.39,4.31,3.05,3.24,2.64,1.16,4.59,4.54,2.91,3.16,1.8571428571428568,1.8278571428571428,1.6262857142857143,1.302857142857143,2.309371428571428,1.9285714285714288,3.063542857142857,2.9522285714285714,1.3281142857142858,2.5505,3.142857142857143,2.9596,3.1750857142857143,2.821428571428571,2.1394,1.6994285714285715,2.1018428571428576,1.3525142857142858,2.7101714285714285,3.676857142857143,3.0077714285714285,2.1607142857142856,1.8571428571428568,2.7142857142857144,2.005,1.5614285714285714,1.6364285714285711,1.8093285714285716,3.71
25-1031.00,"Architecture Teachers, Postsecondary",2.6,4.29,4.13,2.93,2.27,1.44,4.55,4.42,3.48,3.65,2.0028571428571427,1.6505714285714284,2.6066285714285717,1.75,2.4549142857142856,2.354914285714286,3.1468857142857143,3.1750857142857143,1.9459428571428568,3.632285714285714,3.1942857142857144,2.9536,3.4375,3.1750857142857143,2.7857142857142856,2.7353,2.137714285714286,1.7459285714285715,3.002357142857143,3.894685714285715,3.282057142857143,2.354914285714286,1.9842857142857144,2.877142857142857,2.9352571428571426,1.8571428571428568,1.8571428571428568,3.391085714285715,3.99
25-1032.00,"Engineering Teachers, Postsecondary",3.03,4.25,3.6,2.47,2.17,1.11,4.8,4.16,3.84,3.68,1.9085714285714288,1.4418857142857142,2.1252714285714287,1.6875,2.2756857142857143,2.0,3.144257142857142,3.1750857142857143,1.4448714285714286,2.6327714285714285,3.1942857142857144,3.0082857142857145,3.597771428571429,3.0592,3.0080285714285715,1.9256857142857144,1.2418428571428572,1.8748,3.0064,4.062799999999999,3.205357142857143,2.571428571428571,1.7200000000000002,2.765714285714286,2.924114285714285,1.8057142857142856,1.7734857142857143,2.731242857142857,3.67
25-1041.00,"Agricultural Sciences Teachers, Postsecondary",2.31,4.16,3.59,2.98,2.39,1.11,4.89,4.53,4.09,3.93,2.1607142857142856,2.2291,2.6254,1.7200000000000002,3.2125714285714286,2.023657142857143,3.718142857142857,3.2285714285714286,1.696942857142857,3.833071428571428,3.2285714285714286,3.4253714285714287,3.810000000000001,3.2935714285714286,2.5733857142857146,2.305,2.2804,2.313542857142857,3.4317285714285712,3.997,3.2285714285714286,2.571428571428571,1.8057142857142856,2.98,3.1472,1.5614285714285714,1.7200000000000002,3.5133142857142863,4.35
25-1042.00,"Biological Science Teachers, Postsecondary",2.88,4.41,4.2,3.54,2.57,1.1,4.87,4.76,3.79,3.98,1.822857142857143,1.5853857142857142,2.1725714285714286,1.5892857142857142,2.56,2.086428571428572,3.538014285714286,3.205357142857143,1.5014285714285711,2.651,3.282057142857143,3.737257142857144,3.844285714285714,2.9522285714285714,2.7846857142857147,1.8010285714285714,1.9099,1.359914285714286,3.2928571428571427,4.171428571428572,3.1750857142857143,2.571428571428571,1.9449142857142856,2.877142857142857,2.56,1.7734857142857143,1.7734857142857143,2.186114285714286,4.24
25-1043.00,"Forestry and Conservation Science Teachers, Postsecondary",2.82,4.49,4.34,4.02,2.29,1.42,4.79,4.29,4.04,3.88,1.9085714285714288,1.480357142857143,2.246214285714286,1.8057142857142856,3.021442857142857,2.205357142857143,3.5488,3.0357142857142856,1.2568285714285714,3.1648,3.1750857142857143,4.113214285714285,3.678571428571429,3.265714285714286,2.719942857142857,2.0095714285714283,2.111242857142857,1.282857142857143,3.2301999999999995,3.873485714285714,3.0077714285714285,2.571428571428571,1.8571428571428568,3.0357142857142856,2.827971428571429,1.822857142857143,1.822857142857143,2.9672857142857145,4.57
25-1051.00,"Atmospheric, Earth, Marine, and Space Sciences Teachers, Postsecondary",2.83,4.29,3.44,3.22,2.68,1.36,4.64,4.21,3.64,3.75,1.8914285714285717,1.8945714285714288,1.678942857142857,1.7734857142857143,2.3518142857142856,2.096342857142857,2.859142857142857,3.544642857142857,1.2848,2.7835714285714284,3.1942857142857144,3.288071428571429,3.8125,2.821428571428571,2.391528571428572,1.9171428571428573,2.3384,1.2568285714285714,2.742142857142857,3.752842857142857,3.377142857142857,2.4035714285714285,1.9285714285714288,2.98,2.070071428571429,1.8057142857142856,1.8057142857142856,1.9836285714285715,3.86
25-1052.00,"Chemistry Teachers, Postsecondary",2.88,4.3,3.54,2.57,2.63,1.67,4.74,4.45,3.73,3.38,1.8571428571428568,1.6687142857142856,1.975857142857143,1.75,2.0152857142857146,2.086428571428572,2.972928571428572,3.2285714285714286,1.4340000000000002,3.0221000000000005,3.305714285714286,3.4024,3.451428571428571,2.9008000000000003,2.1815999999999995,1.7894714285714284,1.561,1.3103714285714283,3.0683,4.0146428571428565,2.8514285714285714,2.645714285714285,1.8571428571428568,2.7142857142857144,2.243142857142857,1.4691999999999998,1.8571428571428568,2.1509714285714283,4.06
25-1053.00,"Environmental Science Teachers, Postsecondary",2.65,4.26,4.06,3.01,2.4,1.15,4.64,4.22,3.84,3.44,1.9285714285714288,1.9456,2.1106285714285717,1.7200000000000002,2.4832,2.0342857142857143,3.302028571428571,3.005714285714286,1.2771428571428571,3.032328571428572,3.091428571428572,3.1894285714285715,3.4722285714285714,2.877142857142857,2.3495428571428567,1.867514285714286,1.7776,1.5419285714285715,2.865142857142857,3.7710428571428567,3.091428571428572,2.1607142857142856,1.8914285714285717,2.821428571428571,2.458,1.7200000000000002,1.8057142857142856,2.3576428571428574,4.12
25-1054.00,"Physics Teachers, Postsecondary",2.59,4.41,3.42,3.72,2.41,1.16,4.55,4.25,3.54,3.26,1.9449142857142856,2.116,1.892128571428572,1.8914285714285717,2.1964571428571427,1.9449142857142856,3.1801,3.2285714285714286,1.5708571428571427,3.0112857142857146,3.4642857142857144,3.824071428571429,3.713657142857143,3.0335714285714284,2.5464285714285717,1.7450571428571429,1.914057142857143,1.4910714285714284,2.928928571428571,4.137599999999999,3.0077714285714285,2.31,1.8571428571428568,2.98,1.9831,1.5357142857142858,1.8571428571428568,2.3747,3.36
25-1061.00,"Anthropology and Archeology Teachers, Postsecondary",2.71,4.09,3.76,3.27,2.57,1.38,4.55,3.86,3.33,3.33,2.044642857142857,2.284185714285714,2.205,1.8728571428571428,2.498628571428571,2.3392857142857144,3.747485714285714,3.7049142857142856,1.26,3.9399142857142855,3.377142857142857,4.099657142857144,3.982057142857143,3.375,2.612,2.1953428571428573,2.230142857142857,1.466942857142857,3.1214285714285714,4.042857142857143,3.523657142857143,2.4035714285714285,1.8914285714285717,3.2935714285714286,2.302957142857143,1.7734857142857143,1.8571428571428568,3.3206857142857142,4.05
25-1062.00,"Area, Ethnic, and Cultural Studies Teachers, Postsecondary",2.79,4.47,4.28,3.16,2.7,1.47,4.69,4.48,3.33,3.58,1.8571428571428568,1.6006,1.9388571428571428,1.837942857142857,1.9691428571428573,2.19,3.5109714285714286,3.117142857142857,1.5670000000000002,3.583128571428572,3.091428571428572,3.0972714285714287,3.2285714285714286,2.729371428571429,2.393228571428572,2.0850285714285715,1.8555428571428567,1.3137142857142856,3.0812000000000004,3.948928571428571,2.98,2.1607142857142856,1.9085714285714288,2.821428571428571,2.225657142857143,1.5508,1.9449142857142856,2.7846571428571423,4.19
25-1063.00,"Economics Teachers, Postsecondary",2.41,4.24,2.7,3.41,2.36,1.11,4.45,4.22,3.21,3.1,1.8057142857142856,1.4712,1.4066,1.655,1.9298285714285717,2.0,1.9597714285714285,2.894285714285714,1.5781285714285715,2.6683000000000003,3.142857142857143,3.476114285714285,3.2285714285714286,2.821428571428571,1.6377142857142857,1.2442857142857142,1.6222142857142856,1.7125714285714286,2.6074571428571427,3.819057142857143,3.0357142857142856,2.4522285714285714,1.6875,2.765714285714286,1.474,1.4179428571428572,1.5785714285714287,2.2198,3.32
25-1064.00,"Geography Teachers, Postsecondary",2.7,4.35,3.85,2.94,2.72,1.28,4.79,4.36,3.48,3.28,1.9657142857142855,1.8981142857142856,1.8317142857142856,1.8057142857142856,2.110857142857143,1.9842857142857144,3.4012,3.1750857142857143,1.4461714285714284,3.1263428571428573,3.091428571428572,3.893928571428571,3.265714285714286,3.117142857142857,2.131,1.8452285714285712,2.1883142857142857,1.336,2.6291714285714285,3.661428571428572,2.9008000000000003,2.3392857142857144,1.8057142857142856,2.7142857142857144,1.897557142857143,1.8057142857142856,1.8914285714285717,2.970657142857143,3.91
25-1065.00,"Political Science Teachers, Postsecondary",2.74,4.13,3.36,3.54,2.94,1.1,4.49,4.19,3.85,3.37,1.9085714285714288,1.5049428571428574,1.8514,1.7200000000000002,2.377985714285715,2.06,2.8938571428571427,3.585714285714286,1.3892857142857142,2.951714285714286,3.2285714285714286,2.8666428571428577,3.2285714285714286,2.821428571428571,1.8371142857142857,2.057142857142857,1.7920571428571428,1.405771428571429,2.5626285714285717,3.7394285714285713,2.8150000000000004,2.1492,1.8914285714285717,2.7142857142857144,1.8845714285714288,1.7734857142857143,1.9449142857142856,2.2685714285714287,3.63
25-1066.00,"Psychology Teachers, Postsecondary",2.45,4.37,3.44,3.26,2.47,1.03,4.96,4.02,3.19,3.7,1.9085714285714288,2.8525,1.937142857142857,1.8057142857142856,3.177714285714286,2.7678571428571432,3.584714285714285,3.2285714285714286,1.455,3.932500000000001,3.091428571428572,4.3945428571428575,3.5,2.894285714285714,2.821471428571429,2.5526142857142853,2.7,1.314857142857143,3.533485714285714,4.600142857142858,3.142857142857143,2.571428571428571,1.8571428571428568,3.091428571428572,2.6843714285714286,1.5357142857142858,1.6665142857142858,2.836071428571429,3.87
25-1067.00,"Sociology Teachers, Postsecondary",2.76,4.24,3.7,2.79,2.64,1.1,4.62,4.19,3.48,3.62,1.7734857142857143,1.5259999999999998,1.4662857142857142,1.7036571428571428,1.9776,2.4522285714285714,3.5147857142857144,3.4564285714285714,1.3187285714285717,3.4496571428571423,3.142857142857143,3.892514285714285,3.5,2.98,1.9051428571428568,1.7428142857142856,1.2885142857142855,1.0936,1.8569142857142855,3.8318857142857135,3.091428571428572,2.3192,1.8571428571428568,2.765714285714286,1.5244,1.6364285714285711,1.7200000000000002,2.616085714285714,3.52
25-1071.00,"Health Specialties Teachers, Postsecondary",3.1,4.76,3.96,3.66,2.95,1.58,4.92,4.12,4.36,3.67,2.06,2.326085714285714,2.6084285714285715,1.7734857142857143,1.7491142857142856,2.1635714285714283,2.833214285714285,3.1750857142857143,1.1656,3.499428571428572,3.091428571428572,2.9992857142857146,3.742857142857143,2.9522285714285714,2.349028571428572,1.8976,2.7043714285714286,1.377,2.906257142857143,3.807314285714285,2.98,2.275,1.8571428571428568,2.98,2.129657142857143,1.8571428571428568,1.8914285714285717,2.8083571428571426,4.45
25-1072.00,"Nursing Instructors and Teachers, Postsecondary",3.44,4.65,4.46,4.51,3.44,2.08,4.59,3.95,4.26,3.53,2.571428571428571,3.8028,2.8858571428571427,1.8571428571428568,2.392042857142857,2.571428571428571,3.4142857142857146,3.117142857142857,1.56,3.8364285714285713,3.2285714285714286,2.930514285714286,3.2285714285714286,3.321428571428572,2.6092,2.9308714285714283,2.280357142857143,1.616,3.3175000000000003,4.360257142857143,3.091428571428572,2.571428571428571,2.044642857142857,2.98,2.912171428571429,1.8571428571428568,1.9449142857142856,2.9122857142857144,4.69
25-1081.00,"Education Teachers, Postsecondary",2.72,4.53,4.17,4.02,2.41,1.43,4.71,4.05,4.08,3.57,1.8571428571428568,1.9152,2.140857142857143,1.75,2.0261285714285715,2.1635714285714283,3.364285714285714,3.523657142857143,1.4973714285714284,3.0769,3.282057142857143,2.7364571428571427,3.4722285714285714,2.894285714285714,2.208342857142857,1.9541285714285717,1.677342857142857,1.7764428571428574,3.3497142857142856,4.130914285714287,3.414285714285714,2.645714285714285,1.822857142857143,3.0592,2.300742857142857,1.7734857142857143,1.7734857142857143,2.6869571428571426,4.48
25-1082.00,"Library Science Teachers, Postsecondary",2.82,4.34,4.07,3.22,2.72,1.38,4.21,3.25,3.48,2.87,1.9842857142857144,1.4125,1.9844,1.7734857142857143,1.8571428571428568,2.1635714285714283,3.1827428571428573,3.117142857142857,1.4844142857142857,2.9188285714285715,3.321428571428572,3.8600285714285714,3.265714285714286,2.912857142857143,2.9985142857142857,1.5381142857142858,1.7971428571428572,1.4035857142857142,3.189314285714286,4.465142857142857,3.0357142857142856,2.2928571428571427,1.822857142857143,2.98,2.1322,1.6063428571428573,1.6875,2.9879999999999995,4.3
25-1111.00,"Criminal Justice and Law Enforcement Teachers, Postsecondary",2.87,4.46,3.98,4.19,2.71,1.52,4.49,4.15,4.25,3.14,1.8057142857142856,1.8658571428571429,1.4412142857142858,1.7200000000000002,1.5741714285714283,2.1357142857142857,2.525642857142857,3.6142857142857134,1.2589142857142857,2.832,3.142857142857143,2.7542857142857144,3.2285714285714286,2.765714285714286,1.9463714285714289,1.7132285714285715,2.180771428571429,1.1504285714285714,2.8282857142857143,3.479,2.928571428571429,1.9842857142857144,1.8571428571428568,3.117142857142857,1.4017857142857142,1.6875,1.8057142857142856,2.4942571428571427,3.46
25-1112.00,"Law Teachers, Postsecondary",2.67,4.51,3.36,3.02,2.25,1.13,4.45,4.2,4.18,3.41,1.8571428571428568,1.7230857142857143,1.6119999999999997,1.6875,1.451714285714286,1.9449142857142856,2.8649714285714287,3.585714285714286,1.312557142857143,2.915657142857143,3.282057142857143,3.790871428571428,3.782228571428572,2.9522285714285714,2.354371428571429,1.5261142857142858,1.7266857142857144,1.0958571428571429,3.773942857142857,4.535528571428571,3.3979428571428576,2.3857142857142857,1.75,3.265714285714286,1.605,1.837942857142857,2.071428571428571,2.3172571428571427,3.17
25-1113.00,"Social Work Teachers, Postsecondary",2.8,4.19,4.12,3.88,2.73,1.42,4.65,3.84,4.41,3.51,2.3392857142857144,1.963728571428572,2.1482714285714284,1.7734857142857143,1.9325714285714288,2.524285714285714,3.7566,3.523657142857143,1.5628000000000002,3.550342857142857,3.091428571428572,3.5723285714285717,3.678571428571429,3.6142857142857134,2.5441857142857143,2.801428571428572,1.8775,1.2862857142857145,2.9578857142857142,3.835542857142858,3.377142857142857,2.571428571428571,2.1635714285714283,2.765714285714286,2.3908,1.8057142857142856,1.8057142857142856,3.347857142857143,4.31
25-1121.00,"Art, Drama, and Music Teachers, Postsecondary",2.65,4.72,4.14,3.17,2.35,1.34,4.43,4.32,3.35,3.41,1.9449142857142856,2.2018285714285715,2.1319142857142857,1.7200000000000002,3.010742857142857,2.4035714285714285,4.271857142857144,3.4564285714285714,2.025,3.8701857142857135,3.142857142857143,2.592885714285714,3.321428571428572,3.2935714285714286,3.0569714285714285,2.454871428571429,2.525,1.6382285714285714,3.89,4.047499999999999,2.98,2.524285714285714,1.7734857142857143,2.765714285714286,2.5131714285714284,1.5892857142857142,1.75,3.036685714285714,4.16
25-1122.00,"Communications Teachers, Postsecondary",2.84,4.53,3.5,2.87,2.32,1.3,4.59,4.28,3.56,3.5,1.8571428571428568,1.9585,1.9847285714285716,1.8057142857142856,1.9622428571428572,2.1635714285714283,3.3684571428571437,3.1750857142857143,1.805,3.2885714285714287,3.1750857142857143,2.7742142857142857,3.2285714285714286,3.0592,2.4778857142857147,2.2524,2.615571428571428,1.1954285714285715,3.368428571428572,3.2561714285714287,3.0592,2.4732142857142856,1.8571428571428568,2.8363428571428573,2.1385,1.8571428571428568,1.8571428571428568,2.4046857142857143,3.62
25-1123.00,"English Language and Literature Teachers, Postsecondary",2.25,4.42,3.92,3.29,2.58,1.12,4.2,4.33,3.15,3.49,1.8914285714285717,2.0243714285714285,2.1533714285714285,1.8571428571428568,2.112857142857143,2.1357142857142857,3.695,3.117142857142857,1.7209142857142856,3.850142857142857,3.321428571428572,3.919814285714286,3.585714285714286,3.265085714285714,2.3827000000000003,2.475357142857143,1.9280428571428567,1.492142857142857,3.398328571428572,4.069257142857143,3.0357142857142856,2.3192,1.9449142857142856,2.821428571428571,2.4203714285714284,1.8571428571428568,1.8571428571428568,2.2298285714285715,3.63
25-1124.00,"Foreign Language and Literature Teachers, Postsecondary",2.8,4.0,3.41,1.88,2.39,1.15,4.11,4.26,3.08,3.4,1.8571428571428568,1.7577714285714283,1.4157714285714285,1.6364285714285711,1.1378285714285714,2.1635714285714283,2.427957142857143,3.117142857142857,1.22,2.5031714285714286,3.1750857142857143,2.9803,3.265714285714286,2.765714285714286,2.0374857142857143,1.273,1.9,1.4088571428571428,2.5902857142857143,3.879771428571429,3.523657142857143,2.928571428571429,1.8057142857142856,2.98,1.4645714285714286,1.6875,1.6875,1.8308285714285717,3.65
25-1125.00,"History Teachers, Postsecondary",2.29,4.08,3.67,2.64,2.35,1.1,4.45,4.24,3.74,3.76,1.9449142857142856,1.7707857142857142,1.4194,1.75,1.5934,2.2471428571428573,2.9092,3.375,1.4932,3.1756,3.091428571428572,3.739328571428572,3.678571428571429,2.821428571428571,2.1917285714285715,1.7498,1.729,1.2326285714285714,2.359642857142857,4.042714285714286,2.8514285714285714,2.044642857142857,1.9449142857142856,2.765714285714286,1.794514285714286,1.822857142857143,1.8571428571428568,2.5009428571428574,3.03
25-1126.00,"Philosophy and Religion Teachers, Postsecondary",2.34,4.3,3.03,2.46,2.3,1.04,4.27,4.03,3.05,3.26,1.8571428571428568,2.1732142857142858,1.8184,1.6875,2.0630714285714284,2.1492,2.8737714285714286,3.117142857142857,1.8202857142857145,2.974614285714286,3.142857142857143,3.899642857142857,3.282057142857143,2.9522285714285714,2.111557142857144,2.3814571428571427,2.167828571428571,1.297414285714286,2.8189285714285712,4.287314285714286,3.2285714285714286,2.086428571428572,1.8571428571428568,2.9522285714285714,2.2052285714285715,1.4928571428571429,1.837942857142857,2.161,3.42
25-1192.00,"Family and Consumer Sciences Teachers, Postsecondary",2.67,4.75,4.07,3.63,2.28,1.3,4.26,3.05,4.24,3.86,1.8571428571428568,1.8286571428571428,1.882,1.6063428571428573,1.8415,1.9842857142857144,3.0732,3.117142857142857,1.2112,3.110742857142857,3.091428571428572,2.478428571428571,3.1750857142857143,2.821428571428571,2.213457142857143,2.184914285714286,1.8087142857142855,1.3441,3.1164,3.878514285714286,2.98,2.1492,1.8057142857142856,2.821428571428571,2.256485714285714,1.4928571428571429,1.7200000000000002,2.5140571428571428,4.14
25-1193.00,"Recreation and Fitness Studies Teachers, Postsecondary",3.11,4.76,4.25,3.61,2.64,1.34,4.78,4.14,4.03,3.49,1.9842857142857144,2.2512,2.2189,1.7734857142857143,2.3240857142857143,2.1750857142857143,3.284071428571429,2.8363428571428573,1.772571428571429,3.785828571428571,3.0357142857142856,3.2352142857142856,3.2285714285714286,2.894285714285714,2.5314,2.1648,2.7058285714285715,1.892185714285714,3.477128571428571,3.677628571428572,3.0357142857142856,2.1492,1.8571428571428568,2.7142857142857144,2.694171428571429,1.8571428571428568,1.9449142857142856,2.685185714285714,4.41
25-1194.00,"Career/Technical Education Teachers, Postsecondary",2.68,4.65,4.07,3.78,2.46,1.41,4.38,4.51,3.61,3.18,1.9085714285714288,2.19,2.1334857142857144,1.7734857142857143,2.380585714285714,2.044642857142857,2.8810285714285717,2.645714285714285,1.6180571428571429,3.1010571428571425,2.765714285714286,2.38,3.091428571428572,2.7142857142857144,2.818514285714285,2.038857142857143,2.466557142857143,1.648,3.320985714285715,3.828657142857143,2.571428571428571,2.216428571428572,1.8571428571428568,2.7142857142857144,2.341414285714286,1.8571428571428568,1.8571428571428568,2.6409,3.86
25-2011.00,"Preschool Teachers, Except Special Education",3.43,4.8,3.82,3.25,3.17,1.98,4.29,2.53,2.74,3.37,2.422142857142857,2.8606857142857143,2.0812857142857144,1.7734857142857143,1.565957142857143,2.422142857142857,2.1592,2.337142857142857,1.15,2.954371428571428,2.662857142857143,1.3107142857142855,2.662857142857143,2.392857142857143,1.6263857142857143,2.2206,1.666285714285714,1.1542857142857144,1.8455142857142857,2.127657142857143,2.392857142857143,2.216428571428572,2.1228571428571428,2.283657142857143,1.682757142857143,1.7734857142857143,1.8571428571428568,1.702,4.37
25-2012.00,"Kindergarten Teachers, Except Special Education",3.3,4.64,4.1,4.34,2.87,1.81,4.58,3.82,3.85,4.11,2.3906285714285715,2.494342857142857,2.298357142857143,1.8571428571428568,2.0831142857142857,2.782857142857143,2.512,2.392857142857143,1.2236,3.2125428571428576,2.596342857142857,1.7971428571428572,2.729371428571429,2.4485714285714284,1.8201285714285715,2.3055714285714286,2.128214285714286,1.1232142857142855,2.626857142857143,2.8013714285714286,2.5428571428571427,2.4035714285714285,2.1677714285714287,2.7142857142857144,2.4665142857142857,1.9449142857142856,2.0028571428571427,2.1098285714285714,4.57
25-2021.00,"Elementary School Teachers, Except Special Education",4.05,4.89,4.67,4.53,4.04,2.38,4.87,4.59,3.6,3.61,2.5428571428571427,3.1755714285714283,2.4148,1.6364285714285711,2.3629,2.7142857142857144,2.805885714285714,2.782857142857143,1.1237428571428572,3.277771428571429,2.7142857142857144,2.1317142857142857,3.0685714285714285,2.8571428571428568,1.7230857142857143,2.538742857142857,2.2428714285714286,1.2137714285714285,3.180657142857142,3.381314285714286,2.7142857142857144,2.662857142857143,2.44,2.7142857142857144,2.6315714285714287,1.8571428571428568,1.9085714285714288,2.376857142857143,4.97
25-2022.00,"Middle School Teachers, Except Special and Career/Technical Education",3.15,4.77,4.04,2.83,3.4,2.06,4.8,4.13,3.39,3.26,2.4732142857142856,3.1454714285714283,2.4508,1.8057142857142856,2.5213714285714284,2.645714285714285,3.157628571428571,2.782857142857143,1.3857142857142857,3.732785714285714,2.645714285714285,2.977257142857143,3.0892857142857144,2.8571428571428568,2.1945714285714284,3.0502857142857143,2.131142857142857,1.0531857142857144,3.4793571428571437,3.658114285714285,2.6950857142857143,2.2767857142857144,2.044642857142857,2.662857142857143,3.170414285714285,1.8571428571428568,1.9085714285714288,2.341814285714286,4.62
25-2023.00,"Career/Technical Education Teachers, Middle School",3.71,4.64,4.22,3.83,3.89,2.42,4.55,3.59,3.7,3.22,2.0608,2.009028571428572,2.1265857142857145,1.6063428571428573,2.1904571428571424,2.596342857142857,2.7655000000000003,2.782857142857143,1.2296285714285715,3.2280571428571427,2.765714285714286,2.39,2.894285714285714,2.7142857142857144,2.064042857142857,2.5597142857142856,1.990642857142857,1.038657142857143,2.821657142857143,3.1288142857142858,2.765714285714286,2.5428571428571427,2.0028571428571427,2.7142857142857144,2.4022,1.6875,1.8057142857142856,2.4779714285714283,4.24
25-2031.00,"Secondary School Teachers, Except Special and Career/Technical Education",3.43,4.78,4.09,3.34,3.41,1.94,4.73,4.52,3.56,2.9,2.178571428571429,2.8685714285714288,2.3099142857142856,1.75,2.101142857142857,2.645714285714285,3.107885714285714,2.765714285714286,1.2937714285714286,3.5795,2.7142857142857144,2.0841142857142856,3.1750857142857143,2.782857142857143,2.1341142857142854,2.620342857142857,2.202571428571429,1.1233,3.419928571428572,3.612357142857143,2.765714285714286,2.7142857142857144,1.9657142857142855,2.7142857142857144,2.6831428571428573,1.822857142857143,1.8571428571428568,2.081371428571428,4.24
25-2032.00,"Career/Technical Education Teachers, Secondary School",3.51,4.53,4.01,3.06,3.8,2.41,4.4,4.45,3.54,3.37,2.44,2.9209428571428573,2.9592,1.655,2.806,2.607142857142857,3.260342857142857,2.8363428571428573,1.8372,3.623785714285714,2.9522285714285714,2.7776,3.0335714285714284,3.125,3.0393571428571438,2.871257142857143,2.654714285714286,1.4818000000000002,3.433028571428572,3.7302,2.8363428571428573,2.5,2.327857142857143,2.782857142857143,2.9493714285714283,1.9085714285714288,2.06,2.616457142857143,3.8
25-2051.00,"Special Education Teachers, Preschool",2.89,4.98,3.42,2.91,2.72,1.68,5.0,1.67,3.56,3.38,2.125,3.1009285714285717,2.1766428571428573,1.6364285714285711,1.6331714285714285,2.645714285714285,3.2043000000000004,2.894285714285714,1.2966285714285717,3.210314285714286,2.765714285714286,2.2882,2.782857142857143,2.216428571428572,1.7216,1.9188571428571428,1.9454,1.1932,2.474685714285714,2.8958857142857144,2.662857142857143,2.25,2.31,2.765714285714286,2.383728571428572,1.7734857142857143,1.8914285714285717,2.052914285714285,4.66
25-2056.00,"Special Education Teachers, Elementary School",3.11,4.78,3.99,3.02,3.15,2.13,4.75,2.65,3.74,3.25,2.105,2.1966142857142854,2.3508571428571425,1.655,2.432628571428572,2.894285714285714,3.018057142857143,2.801428571428572,1.1406,3.510714285714286,2.912857142857143,2.3104,3.052142857142857,2.6807142857142856,2.5425142857142857,1.8274285714285716,2.014,1.2900142857142858,2.5281,2.7228571428571438,2.729371428571429,2.4522285714285714,2.216428571428572,2.801428571428572,2.476985714285714,1.625,1.9085714285714288,2.733228571428572,4.4
25-2057.00,"Special Education Teachers, Middle School",4.59,4.14,4.21,2.95,3.96,2.55,4.62,3.19,3.87,3.49,2.596342857142857,2.4337142857142857,2.186514285714286,1.7734857142857143,1.918,2.7142857142857144,2.348157142857143,2.7142857142857144,1.354857142857143,3.2169142857142856,2.7142857142857144,2.0172142857142856,2.7142857142857144,2.7142857142857144,1.7945714285714285,2.3759571428571427,1.9466714285714288,1.2309714285714286,2.435528571428572,2.4337142857142857,2.596342857142857,2.596342857142857,2.337142857142857,2.7142857142857144,2.0371428571428574,1.8571428571428568,1.9449142857142856,2.2084,4.65
25-2058.00,"Special Education Teachers, Secondary School",4.31,4.99,4.61,3.37,3.8,2.21,4.94,3.85,4.0,3.47,2.596342857142857,2.886942857142857,2.3817142857142857,1.6391999999999998,1.8224285714285715,2.645714285714285,3.688428571428572,2.7142857142857144,1.4474285714285715,3.794357142857143,2.645714285714285,2.763814285714286,2.7142857142857144,2.782857142857143,2.0960714285714284,2.2985,2.3048,1.3332285714285714,2.6554857142857147,3.0589857142857144,2.765714285714286,2.6950857142857143,2.596342857142857,2.645714285714285,2.186285714285714,1.8571428571428568,1.8571428571428568,2.187828571428572,4.89
25-2059.01,Adapted Physical Education Specialists,3.29,4.38,3.76,3.33,3.24,3.1,4.81,3.33,3.48,3.05,2.3857142857142857,3.322542857142857,2.240942857142857,1.822857142857143,2.4151,2.765714285714286,2.952,2.7142857142857144,1.3685714285714288,3.0614285714285714,2.821428571428571,2.059942857142857,2.8363428571428573,2.613485714285714,2.476,2.0045,2.088742857142857,1.0436142857142856,2.76,2.549542857142857,2.571428571428571,2.524285714285714,2.5428571428571427,2.765714285714286,2.079357142857143,1.837942857142857,2.096342857142857,1.874714285714286,4.43
25-3011.00,"Adult Basic Education, Adult Secondary Education, and English as a Second Language Instructors",2.6,4.27,4.33,3.22,2.29,1.6,4.41,3.59,3.47,2.92,1.9657142857142855,1.9202714285714289,1.517885714285714,1.6665142857142858,1.476657142857143,2.3392857142857144,2.5732,2.571428571428571,1.2618,2.830057142857143,2.6950857142857143,2.570885714285714,2.9732142857142856,2.8571428571428568,2.4619,1.7417142857142858,2.418614285714286,1.0528,2.7748142857142857,2.627542857142857,2.596342857142857,2.2767857142857144,2.0608,2.4732142857142856,1.8557714285714284,1.8914285714285717,1.8057142857142856,1.2886714285714285,3.75
25-3021.00,Self-Enrichment Teachers,2.14,4.75,3.81,3.24,2.17,1.01,4.66,2.64,2.58,2.21,1.8571428571428568,2.020585714285714,1.5731428571428574,1.4821428571428572,1.6437714285714289,1.9842857142857144,2.4144,2.354914285714286,1.8253142857142857,3.233028571428571,2.645714285714285,2.766514285714286,2.7142857142857144,2.105,1.9856714285714283,1.995,1.9512,1.2041,3.6767714285714286,3.731114285714286,2.4035714285714285,2.0028571428571427,1.8571428571428568,2.105,1.970357142857143,1.32,1.6665142857142858,1.972,3.82
25-3031.00,"Substitute Teachers, Short-Term",2.94,4.63,4.32,2.17,2.82,1.81,4.06,3.77,2.75,3.65,1.7385714285714284,2.2363,1.3168,1.4821428571428572,1.3212,2.2928571428571427,2.249242857142857,2.31,1.053742857142857,2.5762285714285715,2.7142857142857144,1.4017714285714284,2.645714285714285,2.0608,1.2289,2.0726714285714287,1.3924571428571428,1.0276,1.611157142857143,1.654185714285714,2.265085714285714,2.105,1.8571428571428568,2.4035714285714285,1.5324,1.6063428571428573,1.7734857142857143,1.169857142857143,4.16
25-3041.00,Tutors,2.82,4.59,3.81,3.76,2.76,1.36,4.76,2.27,3.29,2.86,1.8571428571428568,2.225,1.520342857142857,1.655,1.4161,2.225714285714286,2.9154,2.662857142857143,1.1606857142857143,3.5813571428571427,2.782857142857143,2.811285714285714,2.821428571428571,2.729371428571429,2.3572,1.6747,2.2860571428571426,1.1298,3.351485714285715,3.4327,2.607142857142857,2.5428571428571427,2.0608,2.7142857142857144,1.6,1.822857142857143,1.8914285714285717,1.5535714285714286,3.57
25-4011.00,Archivists,2.06,4.1,3.21,4.16,2.25,1.19,4.66,2.61,4.14,3.32,1.7734857142857143,1.4620000000000002,2.1711714285714288,1.6171428571428572,2.6275000000000004,1.7200000000000002,3.3922142857142856,2.3857142857142857,1.3074,3.096285714285714,2.6185714285714288,2.875342857142857,2.6950857142857143,1.7734857142857143,2.4687142857142854,2.1142857142857143,2.8245000000000005,2.271,2.4939285714285715,2.5811714285714285,1.8571428571428568,1.9085714285714288,1.9449142857142856,2.645714285714285,2.3759571428571427,1.5357142857142858,1.6364285714285711,3.3692857142857138,4.0
25-4012.00,Curators,2.69,4.31,3.82,4.09,2.31,1.05,4.56,2.92,4.64,3.59,2.1357142857142857,1.5196857142857143,2.0544857142857142,2.0342857142857143,2.2281285714285715,2.086428571428572,3.1816,2.765714285714286,1.7988142857142857,3.3636000000000004,2.877142857142857,2.8637714285714284,2.928571428571429,1.9657142857142855,2.2449,1.885357142857143,2.942028571428571,1.3922714285714286,2.0997571428571424,2.556685714285714,2.524285714285714,2.4522285714285714,1.8057142857142856,2.748571428571428,2.232,1.9657142857142855,2.0342857142857143,3.286571428571428,4.3
25-4013.00,Museum Technicians and Conservators,2.3,3.76,3.4,3.49,2.05,1.12,4.52,2.25,3.92,2.85,1.8914285714285717,1.2417142857142858,1.694885714285714,1.3785714285714286,1.4697142857142858,1.8057142857142856,2.693957142857143,2.31,1.2218714285714285,2.841828571428572,2.4971428571428573,1.7865142857142855,2.571428571428571,1.8914285714285717,1.7446285714285716,1.6076285714285712,1.8960714285714289,1.1011428571428572,1.5142857142857142,1.642142857142857,2.2071428571428573,2.1607142857142856,1.6875,2.596342857142857,1.801542857142857,1.5357142857142858,1.5357142857142858,2.226857142857143,4.14
25-4022.00,Librarians and Media Collections Specialists,3.1,4.44,3.63,3.96,3.13,1.71,4.75,3.34,4.62,3.6,1.7385714285714284,1.726785714285714,1.8449714285714287,1.6364285714285711,1.6384,2.0028571428571427,3.0891428571428574,2.44,1.5027142857142857,3.435714285714286,2.782857142857143,2.309828571428572,2.8571428571428568,1.9449142857142856,1.9108,2.011542857142857,2.3893571428571425,1.1222285714285714,2.130357142857143,2.497228571428572,2.25,2.3392857142857144,2.105,2.596342857142857,2.000742857142857,1.5357142857142858,1.6063428571428573,2.4632,4.31
25-4031.00,Library Technicians,3.25,4.05,3.04,3.7,2.89,1.61,4.78,2.0,4.42,3.27,1.8571428571428568,1.644,1.2217857142857145,1.655,1.1557428571428572,1.822857142857143,2.602857142857143,1.9642857142857144,1.1551142857142858,2.6458571428571425,2.3192,1.6169000000000002,2.3192,1.6665142857142858,1.153457142857143,1.6355428571428572,2.1326714285714288,1.1288142857142858,1.2654857142857143,1.3642857142857143,2.044642857142857,1.9642857142857144,1.9842857142857144,2.0028571428571427,1.6535142857142855,1.1607142857142858,1.32,1.5689285714285712,4.08
25-9021.00,Farm and Home Management Educators,2.74,4.44,3.85,4.7,2.59,1.41,4.69,3.07,4.85,3.52,2.524285714285714,1.6564428571428569,2.5606,1.7734857142857143,2.2582285714285715,2.645714285714285,3.454128571428571,2.894285714285714,1.8111714285714284,3.689028571428571,3.1750857142857143,2.628,3.44,2.596342857142857,3.092857142857143,2.1605,3.4552,1.819257142857143,2.564285714285714,3.273914285714286,2.8363428571428573,2.524285714285714,2.4522285714285714,2.989371428571429,2.5372,1.9842857142857144,2.3857142857142857,3.981942857142856,4.33
25-9031.00,Instructional Coordinators,3.05,4.83,4.15,3.6,2.95,1.39,4.95,3.64,4.56,3.43,2.596342857142857,2.239871428571429,3.0592,2.023657142857143,2.5267428571428567,2.645714285714285,3.978657142857143,2.9522285714285714,1.622,4.152914285714285,3.0592,2.7782285714285715,3.205357142857143,2.894285714285714,3.0376,2.382828571428571,2.182942857142857,1.4435285714285713,3.485085714285714,4.025714285714287,2.8363428571428573,2.765714285714286,2.354914285714286,2.877142857142857,2.4685,2.023657142857143,2.086428571428572,2.4208285714285718,4.82
25-9042.00,"Teaching Assistants, Preschool, Elementary, Middle, and Secondary School, Except Special Education",3.05,4.9,4.17,3.15,2.74,2.1,3.78,2.07,2.0,2.26,2.1142857142857143,3.565,1.6274857142857142,1.4435714285714285,1.217142857142857,2.327857142857143,2.9440000000000004,2.216428571428572,1.2132,3.328085714285714,2.4732142857142856,2.1746857142857143,2.524285714285714,2.02,1.5075000000000005,3.468314285714285,2.3124,1.1078857142857144,2.1235428571428567,2.048914285714286,2.25,2.2071428571428573,2.2071428571428573,2.422142857142857,2.8308285714285715,1.7734857142857143,1.8571428571428568,2.0904,4.64
25-9043.00,"Teaching Assistants, Special Education",3.47,4.86,3.58,2.65,2.95,2.21,4.49,1.91,2.05,2.22,1.9085714285714288,2.665514285714285,1.6885714285714286,1.345,1.729857142857143,2.327857142857143,2.5867,2.2767857142857144,1.1121142857142856,2.715657142857143,2.662857142857143,1.869614285714286,2.607142857142857,2.071428571428572,1.5181,2.3764000000000003,1.5612,1.129257142857143,2.325385714285714,2.202571428571429,2.2767857142857144,2.327857142857143,2.1677714285714287,2.3906285714285715,1.6916571428571427,1.7036571428571428,1.9085714285714288,1.4100285714285714,4.32
25-9044.00,"Teaching Assistants, Postsecondary",2.49,4.59,3.74,2.73,2.19,1.12,4.62,3.88,2.49,2.58,1.9085714285714288,1.9824285714285717,1.4686285714285716,1.4017857142857142,1.7092,1.9449142857142856,3.449642857142857,2.25,1.3814714285714285,2.991085714285714,3.0592,2.5792,2.9522285714285714,2.25,1.7378285714285715,1.7712142857142856,1.4150142857142856,1.0201,2.1532857142857145,3.093928571428571,2.3392857142857144,2.044642857142857,1.9449142857142856,2.4971428571428573,1.8582571428571424,1.4435714285714285,1.5165142857142857,1.559885714285714,4.17
27-1011.00,Art Directors,2.27,4.54,3.66,2.71,2.07,1.42,5.0,1.93,4.01,2.34,2.4522285714285714,1.5221428571428572,2.3214428571428574,1.9285714285714288,2.278514285714285,2.086428571428572,3.639357142857142,2.7142857142857144,1.5962,3.0766714285714287,2.7142857142857144,2.3092571428571427,2.7142857142857144,2.023657142857143,2.6035714285714286,2.564285714285714,1.6985714285714286,1.3657142857142857,1.678942857142857,2.400657142857143,2.354914285714286,2.354914285714286,1.8914285714285717,2.7142857142857144,2.3600000000000003,1.9285714285714288,2.275,2.941042857142857,4.78
27-1012.00,Craft Artists,1.78,2.57,1.73,3.27,2.0,1.04,3.1,2.09,3.38,2.76,1.4542857142857144,1.1956428571428572,1.1207142857142858,1.2857142857142856,1.139,1.8057142857142856,1.3555428571428572,1.8571428571428568,2.595314285714286,2.2049714285714286,1.8914285714285717,1.3064285714285715,1.8571428571428568,1.077942857142857,1.4567142857142856,1.427,2.301142857142857,1.0278571428571428,1.6291857142857142,1.8876,1.822857142857143,1.8571428571428568,1.7200000000000002,1.8571428571428568,1.28,1.2857142857142856,1.75,2.3316285714285714,1.91
27-1013.00,"Fine Artists, Including Painters, Sculptors, and Illustrators",1.95,3.04,2.24,2.67,1.42,1.0,3.23,1.48,3.47,2.62,1.4821428571428572,1.1716,1.0442857142857145,1.1339285714285714,1.0664,1.7385714285714284,1.4333999999999998,1.822857142857143,1.3053714285714286,2.748114285714286,2.06,1.3725428571428573,1.9657142857142855,1.0942857142857143,1.1661,1.1275428571428572,1.646628571428571,1.0168,1.1192,1.0594428571428571,1.822857142857143,1.8914285714285717,1.5357142857142858,1.9842857142857144,1.092342857142857,1.25,1.394285714285714,1.8967,2.6
27-1014.00,Special Effects Artists and Animators,2.16,4.06,3.58,3.62,2.11,1.0,4.6,1.97,4.09,2.01,1.9722285714285717,1.4144,1.708357142857143,1.4928571428571429,2.0255,1.7734857142857143,3.884457142857143,2.125,1.5427142857142857,2.800771428571428,2.8363428571428573,2.0544857142857142,2.7142857142857144,1.75,1.9817714285714283,1.5842285714285715,1.408,1.2690285714285714,1.874,1.6677142857142857,2.1607142857142856,1.9449142857142856,1.7200000000000002,2.596342857142857,1.3468,1.6942857142857144,1.8057142857142856,1.766142857142857,4.49
27-1021.00,Commercial and Industrial Designers,2.75,4.38,3.62,4.01,2.62,1.09,4.99,2.49,4.67,2.55,2.096342857142857,1.1493142857142855,1.2077714285714285,1.7200000000000002,1.6172857142857144,1.9842857142857144,3.3253000000000004,2.4285714285714284,1.8514,2.9202857142857144,2.571428571428571,1.614842857142857,2.571428571428571,1.7200000000000002,1.8085714285714287,1.8812857142857144,1.0969,1.076,1.3616,1.7911,2.1607142857142856,2.4522285714285714,1.6391999999999998,2.7142857142857144,1.675157142857143,1.7385714285714284,2.096342857142857,2.4516,4.71
27-1022.00,Fashion Designers,2.41,3.95,3.23,3.17,2.94,1.33,3.88,1.99,3.12,2.66,2.4732142857142856,1.4042285714285714,2.5048000000000004,2.1607142857142856,2.4522142857142857,2.4732142857142856,3.091728571428572,2.596342857142857,1.8456,3.2149,2.571428571428571,1.9765,2.645714285714285,2.071428571428572,1.817457142857143,2.338685714285714,1.3468,2.269171428571428,2.7355,2.338514285714286,2.02,2.327857142857143,2.0285714285714285,2.596342857142857,2.6796,2.1677714285714287,2.354914285714286,2.5697142857142854,3.5
27-1023.00,Floral Designers,2.79,4.53,4.19,4.8,3.4,1.25,4.74,1.17,4.87,3.72,1.7734857142857143,1.3320142857142858,1.0996,1.36,1.0641142857142858,2.02,1.3317142857142856,2.3906285714285715,1.6994285714285713,1.7798142857142856,2.607142857142857,1.073,2.662857142857143,1.4017857142857142,1.3347428571428572,1.8854857142857144,2.5429142857142857,1.0111,1.2116,1.2368,2.1677714285714287,1.9642857142857144,2.02,2.337142857142857,1.237,1.4928571428571429,1.7734857142857143,1.601157142857143,4.41
27-1024.00,Graphic Designers,2.45,4.25,3.42,3.05,2.32,1.25,4.26,2.65,4.47,3.16,1.9449142857142856,1.5385714285714287,1.936785714285714,1.4464285714285716,1.9714285714285715,1.9085714285714288,3.148571428571429,2.275,2.301785714285714,3.285714285714286,2.4971428571428573,2.3185714285714285,2.3857142857142857,1.75,2.817142857142857,2.0982142857142856,1.624642857142857,1.464,1.9714285714285715,2.0292285714285714,2.044642857142857,2.125,1.8571428571428568,2.2767857142857144,2.2857142857142856,1.8914285714285717,1.8914285714285717,2.980714285714286,4.44
27-1025.00,Interior Designers,2.92,4.52,3.78,4.0,2.62,1.04,4.75,2.68,4.88,3.83,2.4732142857142856,1.7035428571428572,2.556228571428571,1.8057142857142856,2.6019428571428573,2.2767857142857144,3.416628571428572,2.7142857142857144,2.826742857142857,3.7482285714285712,2.7142857142857144,2.0726,2.7142857142857144,1.8571428571428568,2.736685714285714,2.726285714285714,2.200614285714286,1.9065714285714288,2.4001714285714284,2.1957142857142857,2.225714285714286,2.4732142857142856,2.524285714285714,2.7142857142857144,3.142857142857143,2.096342857142857,2.2928571428571427,3.492742857142857,4.46
27-1026.00,Merchandise Displayers and Window Trimmers,2.93,4.57,3.5,3.94,3.23,1.25,4.62,1.75,3.8,2.71,1.8914285714285717,1.5842571428571426,1.7836857142857143,1.4249999999999998,1.612857142857143,1.822857142857143,2.647,2.044642857142857,1.8246142857142853,2.9432285714285715,2.4971428571428573,1.5488,2.4522285714285714,1.4249999999999998,1.4002,1.9664,2.155,1.0405,1.7539857142857145,1.6912999999999998,2.216428571428572,2.105,1.7734857142857143,2.1142857142857143,1.993557142857143,1.4435714285714285,1.8057142857142856,1.2157714285714285,4.16
27-1027.00,Set and Exhibit Designers,2.81,4.05,3.48,2.76,2.33,1.38,4.58,2.95,4.26,3.11,2.25,1.1628571428571428,1.975228571428572,1.9077714285714285,2.164771428571429,1.8914285714285717,3.6117,2.422142857142857,1.5797714285714286,3.583128571428572,2.765714285714286,1.7857142857142856,2.571428571428571,1.8571428571428568,1.6317857142857144,1.996142857142857,1.357,1.2782142857142855,1.8869,1.766857142857143,2.4035714285714285,2.524285714285714,1.8914285714285717,2.596342857142857,2.453642857142857,1.8571428571428568,1.9285714285714288,2.112857142857143,4.67
27-2011.00,Actors,2.7,4.71,3.16,3.65,2.67,1.48,4.39,4.54,3.67,2.52,1.8057142857142856,1.3753000000000002,1.4054285714285717,1.4691999999999998,1.2958571428571428,2.4732142857142856,3.052357142857143,2.645714285714285,1.1862142857142857,3.601,2.765714285714286,1.3565714285714283,2.782857142857143,1.655,1.1849714285714286,1.3649285714285715,3.040457142857143,1.031542857142857,1.4444285714285716,1.5380714285714283,2.954285714285714,1.822857142857143,1.36,2.422142857142857,1.4218000000000002,1.5614285714285714,1.5892857142857142,2.2954857142857144,5.0
27-2012.00,Producers and Directors,3.42,4.79,4.39,3.61,3.26,1.33,4.6,2.72,4.8,3.33,2.8514285714285714,1.550857142857143,2.3392,2.4971428571428573,2.3688,2.596342857142857,3.353285714285714,2.821428571428571,1.8957142857142857,3.044,2.894285714285714,2.0174142857142856,3.31,1.8728571428571428,2.0084285714285715,2.2748285714285714,2.0330857142857144,1.3417142857142856,2.0307142857142857,2.0352571428571427,2.821428571428571,2.571428571428571,1.822857142857143,3.1149142857142853,2.7338571428571425,2.086428571428572,2.0,2.7240571428571427,4.88
27-2012.03,Media Programming Directors,2.29,4.51,3.41,3.78,2.72,1.19,4.45,2.74,4.27,2.8,2.821428571428571,1.7059428571428572,2.644,2.5428571428571427,3.2126,2.524285714285714,3.173328571428572,2.8571428571428568,2.169942857142857,3.152428571428572,2.8571428571428568,2.064,2.9732142857142856,1.9657142857142855,2.1683142857142856,2.8655,3.5162285714285715,1.745285714285714,3.1434285714285712,2.7226,2.596342857142857,2.4732142857142856,1.8571428571428568,2.645714285714285,3.0647285714285712,2.216428571428572,2.125,2.654071428571429,4.19
27-2012.04,Talent Directors,2.93,4.57,3.75,3.96,2.42,1.0,4.43,2.47,4.78,3.77,2.086428571428572,1.3321428571428573,1.5169428571428571,1.8571428571428568,1.4757142857142858,2.5428571428571427,2.9114285714285715,2.7142857142857144,1.6132285714285717,3.4264,2.662857142857143,1.495,2.8363428571428573,1.8571428571428568,1.7399999999999998,2.544314285714286,2.453542857142857,1.2912,1.9673714285714283,1.553114285714286,2.422142857142857,2.2928571428571427,1.75,2.7142857142857144,2.166428571428572,2.275,1.9842857142857144,3.337885714285714,4.22
27-2012.05,Media Technical Directors/Managers,3.6,4.94,4.53,3.35,2.63,1.17,4.68,2.97,4.77,3.22,2.7142857142857144,1.366,2.0812,1.94,2.533214285714285,2.2308,3.189028571428571,2.7142857142857144,1.2234571428571428,2.0102857142857147,2.765714285714286,2.1990857142857143,2.821428571428571,2.0342857142857143,1.9337142857142855,1.705857142857143,1.663642857142857,1.5304,1.960057142857143,2.2480285714285717,2.524285714285714,2.524285714285714,1.7200000000000002,2.7142857142857144,2.722785714285714,1.8057142857142856,2.105,1.571642857142857,4.76
27-2021.00,Athletes and Sports Competitors,3.1,4.32,3.38,3.33,2.98,1.73,4.75,2.54,4.11,2.65,2.4035714285714285,1.7200000000000002,2.458685714285714,1.6714285714285717,2.006028571428572,1.9085714285714288,2.986857142857143,2.2342857142857144,1.892242857142857,2.9598000000000004,2.662857142857143,2.0681714285714285,2.596342857142857,1.8571428571428568,2.3890857142857143,2.027085714285714,2.588457142857143,1.364,2.742142857142857,2.218,2.1677714285714287,2.02,1.7385714285714284,2.2767857142857144,2.1679,1.6391999999999998,1.7142857142857144,2.4496285714285717,4.47
27-2022.00,Coaches and Scouts,3.67,4.75,3.56,2.96,2.94,1.54,4.22,3.98,3.63,2.58,2.6950857142857143,2.040314285714285,2.859557142857143,2.8020571428571426,2.6593714285714283,2.7142857142857144,2.7818,2.9314285714285715,1.7558142857142855,3.666357142857143,2.729371428571429,1.9894,3.4564285714285714,3.544642857142857,2.636328571428572,2.3068857142857144,1.842057142857143,1.6942857142857142,3.394857142857143,2.1653571428571428,2.7142857142857144,2.7142857142857144,2.524285714285714,2.7142857142857144,2.4155714285714285,2.4971428571428573,2.6950857142857143,2.7514000000000003,4.44
27-2023.00,"Umpires, Referees, and Other Sports Officials",3.19,3.9,3.05,2.9,3.14,2.05,3.95,2.43,3.43,2.24,1.8571428571428568,1.3294857142857144,1.9324285714285716,1.32,1.6465285714285711,1.7857142857142856,2.6228571428571428,2.1677714285714287,1.2025,2.600542857142857,2.524285714285714,1.9005142857142856,2.5428571428571427,1.7385714285714284,1.834342857142857,2.349828571428572,1.568914285714286,1.2378571428571428,2.071,2.2349,2.31,1.9642857142857144,1.6875,1.9642857142857144,1.6945714285714286,1.6875,1.655,1.6139714285714286,4.0
27-2031.00,Dancers,3.04,4.76,3.37,3.03,3.31,2.01,4.66,2.68,1.73,1.35,2.071428571428571,1.409771428571429,1.7298,1.394285714285714,1.2834857142857143,1.8057142857142856,1.9716428571428573,1.8057142857142856,1.4134857142857142,2.739657142857143,2.3857142857142857,1.2506285714285714,1.9657142857142855,1.5892857142857142,1.1908571428571428,1.2763428571428572,3.0692142857142857,1.0132,1.2512,1.4497428571428572,1.8057142857142856,1.8571428571428568,1.655,1.9642857142857144,1.2924,1.302857142857143,1.5614285714285714,1.3977142857142857,4.48
27-2032.00,Choreographers,3.14,4.71,3.95,3.05,2.52,1.43,4.75,3.33,4.24,3.6,2.645714285714285,2.6594857142857142,3.063285714285714,2.023657142857143,3.946742857142857,2.4522285714285714,3.200357142857143,2.596342857142857,1.9554285714285715,3.582857142857143,2.645714285714285,1.9142857142857144,2.765714285714286,2.7142857142857144,2.547271428571429,2.836,3.3485714285714288,1.6,3.82,3.5434,2.354914285714286,2.044642857142857,2.044642857142857,2.596342857142857,3.3223571428571432,1.8571428571428568,1.8914285714285717,2.6128,4.52
27-2041.00,Music Directors and Composers,2.7,4.17,3.81,3.92,2.42,1.29,4.34,3.84,4.21,3.61,2.275,1.6342857142857143,2.2682,1.9449142857142856,2.2256,2.096342857142857,2.8042857142857143,2.354914285714286,1.7593142857142858,3.535771428571429,2.542057142857143,1.7475999999999998,2.542057142857143,1.8057142857142856,1.8674285714285717,2.0366857142857144,2.690971428571429,1.2338285714285715,2.351714285714285,2.456457142857143,2.2928571428571427,2.2928571428571427,1.655,2.4893714285714283,2.662428571428572,1.8914285714285717,2.044642857142857,2.7235428571428573,4.2
27-2042.00,Musicians and Singers,2.11,4.23,3.16,2.76,2.13,1.07,3.71,1.84,2.04,2.11,1.8914285714285717,1.5209285714285716,1.9300571428571427,1.36,1.3382,1.9449142857142856,2.2435428571428573,2.1492,1.2892285714285716,3.063557142857143,2.645714285714285,1.6654285714285717,2.4893714285714283,1.6428571428571428,1.3240571428571428,1.6032571428571427,3.351485714285715,1.1136,1.4826428571428572,1.5222285714285717,2.2928571428571427,2.2928571428571427,1.7036571428571428,2.044642857142857,1.6418285714285714,1.5785714285714287,1.595,1.664285714285714,4.58
27-3011.00,Broadcast Announcers and Radio Disc Jockeys,2.48,4.39,3.64,4.2,2.68,1.44,4.67,3.92,4.49,3.51,1.9657142857142855,1.1976142857142855,1.897514285714286,1.2857142857142856,1.5831428571428572,2.4732142857142856,3.5182857142857142,3.2071428571428573,1.437242857142857,2.667942857142857,2.7142857142857144,2.036542857142857,3.3542857142857145,1.32,1.742757142857143,1.8016,3.8896,1.0932428571428572,1.8394857142857144,1.6734857142857145,3.6142857142857134,2.7142857142857144,1.8571428571428568,2.7142857142857144,1.9798,1.5892857142857142,1.7734857142857143,3.8282285714285713,4.52
27-3023.00,"News Analysts, Reporters, and Journalists",2.8,4.63,3.17,3.71,2.98,1.43,4.49,2.78,4.53,3.3,2.1492,1.2376857142857145,1.6430285714285713,1.5892857142857142,1.3102285714285715,2.2928571428571427,3.0108,2.729371428571429,1.4096,3.366057142857143,2.645714285714285,3.118514285714286,2.7142857142857144,1.51,1.4785714285714286,1.8601,3.0034,1.1701,1.546,1.5046857142857142,2.596342857142857,2.524285714285714,1.8914285714285717,2.5428571428571427,1.8208,1.655,1.9842857142857144,3.911342857142857,3.88
27-3031.00,Public Relations Specialists,3.14,4.43,4.0,3.77,3.09,1.45,4.82,2.95,4.82,3.48,2.645714285714285,1.7167142857142856,2.7626285714285714,1.6364285714285711,2.487314285714286,2.765714285714286,4.3553,2.894285714285714,3.0428571428571427,4.1951,2.9732142857142856,2.991214285714286,2.894285714285714,1.8571428571428568,3.489571428571428,2.8346714285714283,3.3940857142857133,1.8259285714285716,2.7649,2.261285714285714,2.7142857142857144,2.7142857142857144,1.9449142857142856,2.8363428571428573,3.1830000000000003,2.086428571428572,2.6185714285714288,4.614971428571429,4.5
27-3041.00,Editors,2.9,4.55,4.24,3.71,3.17,1.14,4.81,2.44,4.53,3.4,1.9657142857142855,1.1910857142857143,1.6265,1.9657142857142855,1.9906428571428572,2.06,3.1375,2.571428571428571,1.5956428571428571,2.8146285714285715,2.821428571428571,2.1438428571428574,2.765714285714286,1.8914285714285717,1.7719428571428573,2.1542,1.7587000000000002,1.3252857142857144,1.9499285714285717,1.7882857142857145,2.44,2.596342857142857,1.6364285714285711,2.645714285714285,2.128,2.0,1.9657142857142855,2.894285714285714,4.58
27-3042.00,Technical Writers,2.75,4.13,3.3,3.19,2.2,1.08,4.39,2.16,4.15,3.46,1.8571428571428568,1.253742857142857,1.7844571428571427,1.3392000000000002,1.3250714285714285,1.6875,2.991142857142857,2.4732142857142856,1.5588571428571427,2.638,2.748571428571428,3.0622285714285717,2.6185714285714288,1.5892857142857142,1.895,1.7488,1.1310571428571428,1.1188,1.2094857142857145,2.1450714285714287,2.02,1.9085714285714288,1.3008,2.524285714285714,1.6882857142857142,1.5508,1.7734857142857143,1.9551571428571428,4.58
27-3043.00,Writers and Authors,3.1,4.88,4.17,3.87,2.79,1.0,4.53,2.62,4.68,3.97,2.0608,1.3069142857142857,2.043742857142857,1.5614285714285714,1.832828571428572,2.0608,3.2952,2.5428571428571427,3.458628571428572,2.8445714285714283,2.821428571428571,1.7057142857142855,2.662857142857143,1.6391999999999998,1.7556571428571428,1.6720000000000002,1.174,1.1080571428571429,1.785,1.7574999999999998,2.31,2.354914285714286,2.023657142857143,2.5428571428571427,2.3505000000000003,1.8057142857142856,2.19,3.600228571428572,3.8
27-3043.05,"Poets, Lyricists and Creative Writers",1.95,2.68,1.62,1.91,1.9,1.18,2.86,2.32,3.29,3.3,1.75,1.0534285714285714,1.1124571428571428,1.1428571428571428,1.1732285714285715,2.06,1.660685714285714,2.596342857142857,2.355542857142857,2.391342857142857,2.645714285714285,1.9875714285714283,2.6185714285714288,1.3392000000000002,1.5464285714285717,1.3830571428571428,2.3442142857142856,1.0303428571428572,1.4978285714285715,1.4844142857142857,2.0342857142857143,1.8571428571428568,1.4542857142857144,2.4035714285714285,1.2857142857142856,1.4928571428571429,1.78,2.0495714285714284,1.86
27-3091.00,Interpreters and Translators,2.92,4.56,3.15,2.9,3.18,1.81,4.64,2.75,3.64,2.75,1.8571428571428568,1.9886857142857144,1.8232857142857144,1.625,1.6012,2.096342857142857,3.010685714285714,2.782857142857143,1.1469571428571428,3.3605714285714288,3.005714285714286,4.0528,3.205357142857143,1.8571428571428568,1.6132857142857144,1.8668571428571423,3.0076,1.345457142857143,1.9236428571428568,2.3123714285714287,2.9008000000000003,2.954285714285714,1.9449142857142856,2.821428571428571,1.6105,1.4435714285714285,1.6391999999999998,2.606642857142857,4.71
27-3092.00,Court Reporters and Simultaneous Captioners,2.57,4.81,3.01,4.28,3.47,2.38,4.8,2.46,4.39,3.74,1.25,1.4443428571428572,1.0638857142857143,1.0357142857142856,1.132,1.5207142857142857,2.6662857142857144,1.8914285714285717,1.0192857142857144,2.102642857142857,2.729371428571429,1.3168000000000002,2.645714285714285,1.0271428571428571,1.1232,1.0848,2.007314285714286,1.0142714285714285,1.1606,1.1947142857142856,1.9085714285714288,2.8363428571428573,1.22,2.662857142857143,1.3324285714285715,1.077942857142857,1.0942857142857143,2.232557142857143,4.47
27-4011.00,Audio and Video Technicians,2.8,3.86,4.69,3.78,2.85,1.11,4.85,2.3,4.34,2.15,1.9449142857142856,1.4697142857142858,1.3788571428571428,1.7385714285714284,1.3247,1.8571428571428568,2.9707142857142856,1.9449142857142856,1.1348285714285713,2.5136000000000003,2.571428571428571,1.8646000000000005,2.596342857142857,1.8057142857142856,2.102642857142857,1.5436571428571426,2.1493714285714285,1.3007,1.8925714285714283,1.7367142857142857,1.9085714285714288,1.9085714285714288,1.9449142857142856,1.9842857142857144,2.2769714285714286,1.5357142857142858,1.5785714285714287,1.9345285714285712,4.61
27-4012.00,Broadcast Technicians,2.37,4.2,2.82,3.01,2.57,1.1,4.79,1.98,4.56,3.2,1.8571428571428568,1.5052857142857143,1.964857142857143,1.6665142857142858,2.071085714285714,1.8571428571428568,3.290285714285714,1.9842857142857144,1.5184,2.5772714285714287,2.4971428571428573,1.9657142857142855,2.2857142857142856,1.6171428571428572,2.012342857142857,2.0572142857142857,1.7731285714285714,1.4797142857142855,1.9192857142857145,1.9797857142857145,1.9085714285714288,2.096342857142857,1.4435714285714285,2.354914285714286,2.2238285714285717,1.4179428571428572,1.4691999999999998,2.3733571428571425,4.53
27-4014.00,Sound Engineering Technicians,2.83,4.08,3.52,2.48,2.74,1.42,4.43,1.88,4.24,2.67,1.9449142857142856,1.688,1.789942857142857,1.3808,1.9010285714285715,1.8571428571428568,3.1028571428571428,2.1677714285714287,1.822857142857143,3.5062857142857147,2.765714285714286,1.9985714285714289,2.662857142857143,1.6665142857142858,1.9216,2.3577142857142857,1.5794285714285716,1.147657142857143,1.9024,1.8832,1.9642857142857144,1.8571428571428568,1.9449142857142856,2.375,2.1392,1.6063428571428573,1.8057142857142856,2.2781714285714285,4.0
27-4021.00,Photographers,2.5,4.45,3.32,4.32,2.41,1.27,4.43,1.95,4.86,3.36,1.8571428571428568,1.5499,1.868842857142857,1.7200000000000002,2.1436714285714285,1.9085714285714288,2.1953428571428573,2.2767857142857144,3.4852,3.542171428571429,2.4971428571428573,1.506642857142857,2.645714285714285,1.7734857142857143,2.3399714285714284,2.7451,3.641714285714286,1.4655,2.4718857142857145,2.1596,2.044642857142857,1.8571428571428568,2.0028571428571427,2.422142857142857,2.1933714285714285,1.7200000000000002,1.8057142857142856,3.2292142857142854,3.36
27-4031.00,"Camera Operators, Television, Video, and Film",2.97,4.7,3.68,3.54,2.91,1.37,4.95,1.74,3.81,2.88,2.205357142857143,1.8297142857142856,1.7643142857142855,1.5892857142857142,1.6055,1.9449142857142856,3.3358,2.0028571428571427,1.6072000000000002,3.312,2.4285714285714284,1.3295428571428571,2.4035714285714285,1.542142857142857,1.5035,1.9,1.7367142857142857,1.0304,1.925814285714286,1.8601142857142856,2.071428571428572,2.19,1.7734857142857143,2.2767857142857144,1.6903,1.51,1.7734857142857143,2.4097857142857144,4.59
27-4032.00,Film and Video Editors,2.68,4.1,3.36,3.0,2.51,1.14,4.87,2.2,4.46,3.1,1.8571428571428568,1.4623,1.7185857142857144,1.335714285714286,1.5965714285714283,1.7734857142857143,3.1236857142857146,2.044642857142857,1.894285714285714,3.0876,2.645714285714285,2.0234,2.571428571428571,1.5165142857142857,1.8740285714285716,1.825885714285714,1.9107857142857143,1.3017857142857143,1.7084857142857144,1.7952857142857144,2.1142857142857143,2.0608,1.5614285714285714,2.4732142857142856,2.082842857142857,1.5614285714285714,1.75,2.523642857142857,4.5
29-1011.00,Chiropractors,2.99,5.0,3.37,3.6,2.7,1.1,4.98,1.97,4.82,4.07,2.023657142857143,3.965285714285715,2.2,1.7734857142857143,2.307142857142857,2.524285714285714,2.806285714285714,2.596342857142857,2.3733571428571425,2.9497,3.0357142857142856,2.5193142857142856,2.821428571428571,1.837942857142857,2.2825,2.4059285714285714,3.061285714285715,1.8685714285714288,2.0262714285714285,2.040314285714285,2.327857142857143,2.354914285714286,2.3392857142857144,2.765714285714286,2.589314285714286,1.5785714285714287,1.9285714285714288,2.471714285714285,3.97
29-1021.00,"Dentists, General",3.53,4.75,4.26,4.48,3.43,1.56,5.0,1.92,4.61,3.68,2.571428571428571,3.8835000000000006,2.707114285714286,2.3392857142857144,3.0982857142857143,2.5428571428571427,3.0296,2.7142857142857144,2.3730714285714285,3.3761714285714284,3.142857142857143,2.2888,2.98,2.2471428571428573,2.3908428571428573,2.6709428571428573,3.8363857142857145,2.5122857142857145,2.098,2.1945714285714284,2.4485714285714284,2.596342857142857,2.5428571428571427,2.7142857142857144,2.970485714285714,1.9449142857142856,2.524285714285714,2.3068857142857144,4.87
29-1022.00,Oral and Maxillofacial Surgeons,3.51,4.84,4.65,4.44,3.42,1.66,4.94,2.66,4.94,4.67,2.31,4.232328571428571,2.4960000000000004,1.78,2.9338,2.524285714285714,2.944,2.6950857142857143,2.1485142857142856,3.3715,3.1942857142857144,2.5804285714285715,3.142857142857143,1.94,3.4231428571428566,2.269,3.5842000000000005,2.320257142857143,2.906257142857143,3.058828571428572,2.375,2.4732142857142856,2.2471428571428573,2.645714285714285,2.878685714285714,1.6364285714285711,1.8125,2.824942857142857,4.75
29-1023.00,Orthodontists,2.97,4.96,4.79,4.65,3.07,1.31,5.0,2.25,4.25,4.27,2.596342857142857,2.316228571428572,2.889828571428572,1.9842857142857144,2.683885714285714,2.596342857142857,2.8777142857142857,2.7142857142857144,2.418614285714286,3.621185714285714,2.821428571428571,2.011,2.765714285714286,2.1635714285714283,1.9476,1.7696999999999998,2.828171428571429,2.2756857142857143,2.6009714285714285,2.4764285714285714,2.327857142857143,2.375,2.105,2.7142857142857144,2.6192,1.8571428571428568,2.044642857142857,2.4393,4.99
29-1024.00,Prosthodontists,3.2,4.84,4.67,3.98,3.26,1.45,4.95,1.68,4.47,4.36,1.8571428571428568,4.2103,3.0579142857142854,1.8571428571428568,3.0051142857142854,2.31,2.735857142857143,2.7142857142857144,2.564057142857143,3.477057142857143,2.765714285714286,2.898628571428572,2.7142857142857144,1.9449142857142856,3.329371428571429,2.8827,3.785,2.5096,2.9250000000000003,3.1816,2.1228571428571428,2.354914285714286,1.9842857142857144,2.7142857142857144,3.2919,1.6875,1.8057142857142856,2.625657142857143,4.7
29-1031.00,Dietitians and Nutritionists,2.57,4.59,3.2,3.7,3.13,1.73,4.89,2.76,4.63,3.7,2.524285714285714,3.469785714285714,1.6747,1.94,1.8822857142857143,2.821428571428571,2.6343,2.765714285714286,1.7073857142857145,3.108014285714286,3.091428571428572,2.7525571428571425,3.091428571428572,2.524285714285714,2.790985714285714,1.8905571428571428,2.3545,1.4038857142857144,2.626442857142857,2.968,2.7142857142857144,2.4522285714285714,2.6950857142857143,2.7142857142857144,1.8665714285714283,2.096342857142857,2.36,2.6855714285714285,3.87
29-1041.00,Optometrists,3.43,4.76,3.79,4.43,3.45,1.67,5.0,2.05,4.2,4.45,2.19,3.982685714285714,2.4208142857142856,1.9449142857142856,2.5872857142857137,2.596342857142857,2.9694285714285718,2.7142857142857144,2.151542857142857,3.17,3.142857142857143,3.1932142857142862,2.8363428571428573,2.044642857142857,2.575042857142857,2.3022857142857145,3.5245,2.1584000000000003,2.4059285714285714,2.835285714285714,2.4732142857142856,2.571428571428571,2.205357142857143,2.894285714285714,2.5872857142857137,1.8571428571428568,2.086428571428572,2.2758571428571432,4.32
29-1051.00,Pharmacists,3.52,4.91,4.12,4.68,3.7,1.61,4.99,1.28,5.0,3.07,2.275,2.6224285714285718,1.6781428571428572,2.1492,2.0718,2.4971428571428573,2.543071428571429,2.821428571428571,1.2834285714285716,2.7965285714285715,3.2285714285714286,2.2383999999999995,3.265714285714286,2.275,1.8033,2.1403142857142856,2.1680714285714284,1.280142857142857,2.0841142857142856,2.049514285714286,2.4732142857142856,2.524285714285714,2.4035714285714285,2.877142857142857,2.3303000000000003,1.7734857142857143,1.837942857142857,1.854614285714285,4.98
29-1071.00,Physician Assistants,3.65,4.92,4.03,4.32,3.89,2.62,5.0,2.24,4.78,4.03,2.2857142857142856,4.737471428571428,2.2872714285714286,1.8571428571428568,2.2738,2.765714285714286,3.8520571428571424,2.7142857142857144,1.4475714285714285,3.8174857142857137,3.2285714285714286,3.4130857142857143,2.98,2.211428571428572,3.1245142857142856,2.6897285714285712,2.9782,1.4408714285714286,2.3745142857142856,2.9680714285714287,2.5,2.7142857142857144,2.765714285714286,2.765714285714286,2.2245,1.9449142857142856,2.125,2.724171428571428,4.69
29-1071.01,Anesthesiologist Assistants,3.37,4.27,4.33,3.97,3.12,2.06,4.7,2.34,4.43,2.83,2.06,3.616842857142857,1.9019,1.6665142857142858,1.6768857142857143,2.096342857142857,2.8562857142857148,2.4035714285714285,1.4651714285714286,2.567928571428572,2.8363428571428573,1.8316,2.524285714285714,1.8125,2.1377,1.5422857142857145,2.127,1.2787285714285714,2.2169714285714286,2.433742857142857,2.2308,2.25,2.125,2.662857142857143,2.0362857142857145,1.5677714285714286,1.6171428571428572,1.8332857142857144,4.57
29-1081.00,Podiatrists,3.55,4.84,4.13,3.86,3.71,1.92,4.99,2.28,4.55,4.49,2.275,4.198,2.2288,1.8571428571428568,2.3233,2.6950857142857143,3.259757142857143,2.765714285714286,1.6236714285714289,2.8205714285714287,3.1942857142857144,2.980714285714286,3.1942857142857144,2.0,2.525185714285714,1.350142857142857,3.1305285714285715,1.8091428571428567,2.0934857142857144,2.1951142857142854,2.7142857142857144,2.7142857142857144,2.1635714285714283,2.98,2.3572,1.6942857142857144,1.837942857142857,2.6880571428571427,4.42
29-1122.00,Occupational Therapists,2.77,4.82,3.59,3.64,2.95,2.09,4.91,2.27,4.23,3.68,2.524285714285714,3.86,2.2565,1.8571428571428568,2.167414285714286,2.7142857142857144,3.3123571428571426,2.7142857142857144,1.4845000000000002,3.4197999999999995,2.6950857142857143,2.812857142857143,2.8363428571428573,2.7142857142857144,2.5435,2.2809285714285714,2.5505714285714287,1.5556571428571428,3.0428571428571427,2.8853714285714283,2.645714285714285,2.645714285714285,2.782857142857143,2.782857142857143,2.0868,1.822857142857143,1.8914285714285717,2.5133,4.36
29-1122.01,"Low Vision Therapists, Orientation and Mobility Specialists, and Vision Rehabilitation Therapists",2.09,4.3,2.91,3.65,2.41,1.64,4.7,2.22,4.26,3.48,1.8914285714285717,3.226114285714286,1.7820142857142856,1.7200000000000002,1.6587142857142858,2.645714285714285,2.4694285714285718,2.7142857142857144,1.3164,3.1888,2.765714285714286,2.1412,2.8363428571428573,2.5428571428571427,2.3877999999999995,1.9798,2.4094,1.1648142857142858,2.5582857142857147,3.0020571428571428,2.225714285714286,2.216428571428572,2.44,2.7142857142857144,1.7319714285714287,1.8571428571428568,1.9449142857142856,2.428042857142857,3.7
29-1123.00,Physical Therapists,3.2,4.94,4.29,4.63,3.75,2.0,4.78,2.16,4.48,3.72,2.205357142857143,4.049857142857142,1.793157142857143,1.837942857142857,2.0702714285714285,2.7142857142857144,2.9573285714285715,2.765714285714286,1.465142857142857,3.134,2.821428571428571,2.468,2.98,2.2308,2.2722857142857142,2.052828571428571,3.1364,1.2763428571428572,2.643828571428571,2.892242857142857,2.422142857142857,2.422142857142857,2.7142857142857144,2.765714285714286,2.542228571428572,1.8571428571428568,1.8914285714285717,2.1462857142857144,4.54
29-1124.00,Radiation Therapists,3.43,4.97,3.71,3.38,3.72,1.99,4.72,1.75,4.71,3.34,2.0028571428571427,3.9859857142857145,2.2702857142857145,1.7734857142857143,1.9447,2.2308,3.428571428571429,2.125,1.1281428571428571,3.2073142857142853,2.7142857142857144,2.7192857142857143,2.645714285714285,1.9657142857142855,1.835428571428572,2.3361428571428573,3.646642857142857,1.4834142857142858,2.050942857142857,2.6740000000000004,2.19,2.125,2.044642857142857,2.524285714285714,2.7511,1.5785714285714287,1.6364285714285711,2.3001714285714283,4.39
29-1125.00,Recreational Therapists,3.45,4.82,4.0,3.95,3.51,2.59,4.95,3.5,4.22,3.46,2.662857142857143,4.054914285714286,2.3455000000000004,1.75,2.283771428571429,2.765714285714286,3.276742857142857,2.7142857142857144,1.6105,3.6565,2.765714285714286,1.7979142857142856,2.7142857142857144,2.5428571428571427,1.9773,2.6614,2.5429142857142857,1.8103428571428573,2.7892,2.5445714285714285,2.5,2.375,2.894285714285714,2.7142857142857144,2.525642857142857,1.9449142857142856,2.275,2.3827857142857143,4.65
29-1126.00,Respiratory Therapists,3.4,4.85,3.95,4.24,3.5,2.46,4.91,1.93,4.93,3.07,2.02,3.992,2.0923,1.8057142857142856,1.902,2.4035714285714285,3.0502,2.571428571428571,1.1585714285714286,2.639214285714285,2.645714285714285,2.3231714285714284,2.7142857142857144,1.9642857142857144,2.018128571428571,2.005,2.770342857142857,1.4608,2.2824285714285715,2.3008428571428574,2.1607142857142856,2.044642857142857,2.354914285714286,2.596342857142857,2.1113142857142857,1.7734857142857143,1.7734857142857143,1.614785714285714,4.55
29-1127.00,Speech-Language Pathologists,2.78,4.99,3.65,3.8,2.65,1.83,5.0,2.06,3.79,3.38,2.205357142857143,2.7876571428571437,1.7897714285714286,1.5165142857142857,1.3618,2.894285714285714,3.1430285714285717,2.821428571428571,1.1988571428571428,3.799128571428571,3.44,2.4076,3.321428571428572,2.645714285714285,1.6978285714285717,2.034,2.7990571428571425,1.0007,2.6492,2.5613714285714284,3.0592,3.497857142857143,2.4732142857142856,2.8363428571428573,1.940742857142857,1.7734857142857143,1.8057142857142856,1.6212714285714285,4.89
29-1128.00,Exercise Physiologists,2.68,4.82,3.32,4.05,3.18,1.64,4.95,2.82,4.59,3.41,2.096342857142857,3.659285714285714,2.232142857142857,1.8057142857142856,2.04,2.524285714285714,2.8385714285714285,2.765714285714286,1.957,3.346685714285714,2.98,2.6796,3.117142857142857,2.607142857142857,2.4285714285714284,1.9554285714285715,2.744714285714286,1.4699,3.0203714285714285,2.742,2.7142857142857144,2.662857142857143,2.571428571428571,2.7142857142857144,1.9643857142857144,1.8571428571428568,2.0342857142857143,2.337,4.45
29-1129.01,Art Therapists,3.42,4.59,3.19,3.19,4.03,3.0,4.94,2.62,4.41,3.69,2.044642857142857,4.055714285714286,2.182142857142857,1.8914285714285717,2.2214285714285715,3.265714285714286,3.565257142857144,2.765714285714286,1.3629142857142855,3.829,2.877142857142857,2.864285714285714,2.821428571428571,1.9085714285714288,2.4571428571428573,3.185714285714285,2.4957714285714285,1.2806571428571427,3.198828571428572,2.5246,2.662857142857143,2.596342857142857,2.6185714285714288,2.7142857142857144,2.06,1.8571428571428568,1.9842857142857144,2.4868,4.25
29-1129.02,Music Therapists,3.04,4.69,3.38,3.46,3.48,3.28,4.81,2.46,3.88,3.38,2.086428571428572,3.986514285714285,2.237028571428572,1.7200000000000002,1.7513142857142858,3.0892857142857144,2.9977142857142858,2.662857142857143,1.3444,4.056342857142857,2.7142857142857144,2.1616,2.8363428571428573,2.1635714285714283,2.2488,2.490057142857143,2.5748571428571427,1.4463142857142857,2.760357142857143,2.9095000000000004,2.645714285714285,2.596342857142857,2.662857142857143,2.782857142857143,1.962742857142857,2.044642857142857,2.044642857142857,2.4623714285714287,4.27
29-1131.00,Veterinarians,3.59,4.86,4.54,4.65,3.61,1.49,5.0,2.29,4.97,3.89,2.06,2.7534857142857145,2.055742857142857,1.8571428571428568,2.108342857142857,2.2471428571428573,2.554428571428572,2.748571428571428,2.2375,2.997742857142857,2.9522285714285714,2.667657142857143,2.894285714285714,2.0342857142857143,1.8025,1.9776,3.205357142857143,1.2646428571428572,1.8376,2.044714285714286,2.31,2.31,2.2308,2.894285714285714,2.118914285714286,1.7734857142857143,1.8057142857142856,2.078457142857143,4.82
29-1141.00,Registered Nurses,3.82,4.89,4.44,4.52,4.14,2.63,4.94,2.32,4.94,3.28,2.7142857142857144,4.315228571428571,2.4742,1.6665142857142858,2.9258571428571427,2.9522285714285714,3.165142857142857,2.821428571428571,1.2629714285714286,3.4722857142857144,3.091428571428572,2.4576857142857143,3.0357142857142856,2.205357142857143,2.217357142857143,2.5428571428571427,2.441071428571429,1.3772,2.6359000000000004,2.734171428571429,2.645714285714285,2.524285714285714,2.7142857142857144,2.821428571428571,2.2706285714285714,1.7200000000000002,1.7734857142857143,2.1809000000000003,4.9
29-1141.01,Acute Care Nurses,4.05,4.67,4.25,3.71,4.45,3.48,4.95,2.48,4.9,2.65,2.662857142857143,3.993671428571429,2.542857142857143,1.9085714285714288,2.5926857142857145,3.0357142857142856,3.3657142857142857,2.782857142857143,1.2505,3.0439285714285718,3.0892857142857144,2.673142857142857,2.9732142857142856,2.4714285714285715,2.0914,2.617257142857143,2.7357142857142858,2.275428571428572,2.62,3.040642857142857,2.607142857142857,2.551428571428572,2.894285714285714,2.765714285714286,2.4701714285714287,1.8571428571428568,1.9842857142857144,2.1142857142857143,4.85
29-1141.02,Advanced Practice Psychiatric Nurses,3.39,4.55,3.5,3.3,3.87,2.96,5.0,2.17,4.77,3.74,2.524285714285714,4.592285714285714,2.3274285714285714,1.8057142857142856,1.9996,3.265714285714286,3.3,2.782857142857143,1.645857142857143,4.123857142857143,3.0335714285714284,3.2074857142857143,3.205357142857143,2.2767857142857144,3.3017142857142856,3.541,2.2670714285714286,1.2742857142857142,2.657142857142857,2.9216285714285712,2.607142857142857,2.7142857142857144,2.524285714285714,2.989371428571429,2.1448857142857145,2.4522285714285714,2.4035714285714285,3.0271428571428576,3.91
29-1141.03,Critical Care Nurses,4.04,4.78,4.29,4.5,4.32,3.29,5.0,2.79,4.96,2.79,2.645714285714285,4.7447285714285705,2.6792285714285717,1.8571428571428568,2.1086857142857145,2.765714285714286,3.0715428571428567,2.7142857142857144,1.2228571428571429,3.5431,3.0592,3.0170285714285714,2.765714285714286,2.205357142857143,2.4406428571428576,2.744371428571428,3.4696,1.8932,2.8282857142857143,2.8207,2.662857142857143,2.7142857142857144,2.7142857142857144,2.7142857142857144,2.6330285714285715,1.9449142857142856,2.096342857142857,1.92,4.75
29-1141.04,Clinical Nurse Specialists,3.62,4.38,4.14,3.81,3.24,2.29,4.86,3.0,4.9,3.35,2.645714285714285,4.2065,3.0270714285714284,1.9085714285714288,2.432885714285714,2.821428571428571,4.0375,2.8363428571428573,2.1142857142857143,3.866200000000001,3.1750857142857143,2.7565714285714287,2.9522285714285714,2.4714285714285715,3.848857142857143,2.823442857142857,2.301785714285714,1.4607,3.3985000000000007,3.913257142857143,2.765714285714286,2.6950857142857143,2.7142857142857144,2.6950857142857143,2.8427999999999995,1.8571428571428568,2.4522285714285714,2.6448,4.65
29-1151.00,Nurse Anesthetists,3.78,4.67,4.36,4.04,3.85,2.33,5.0,2.37,4.31,2.88,2.3192,4.729,2.7213571428571424,1.7734857142857143,2.8661142857142856,2.596342857142857,3.705,2.7142857142857144,1.7515,3.365157142857143,3.2285714285714286,2.8596571428571425,2.821428571428571,2.205357142857143,2.6701428571428574,2.744657142857143,2.969328571428571,2.0637714285714286,2.7279,3.401614285714285,2.4485714285714284,2.327857142857143,2.645714285714285,2.7142857142857144,2.6821,1.8914285714285717,1.9449142857142856,2.1016,4.85
29-1161.00,Nurse Midwives,3.73,4.91,4.19,4.48,3.53,2.03,5.0,2.06,4.81,3.72,2.5428571428571427,4.495342857142857,2.7098714285714287,1.6665142857142858,2.5142857142857142,2.8363428571428573,3.670171428571428,2.8363428571428573,1.6171428571428572,3.8844571428571424,3.117142857142857,3.0814285714285714,3.0592,2.205357142857143,2.8630857142857145,3.2457142857142856,3.277,2.001385714285714,2.9078857142857144,3.140928571428572,2.524285714285714,2.524285714285714,2.6950857142857143,2.8363428571428573,2.732285714285714,1.655,1.7200000000000002,2.457028571428572,4.59
29-1171.00,Nurse Practitioners,3.3,4.74,4.09,4.26,3.52,2.83,5.0,2.22,5.0,3.73,2.524285714285714,4.147885714285714,2.5951,1.8914285714285717,2.3076714285714286,2.98,3.2461714285714285,2.7142857142857144,1.8518571428571429,3.611328571428571,3.142857142857143,3.2586,2.8363428571428573,2.1750857142857143,3.186657142857143,2.477371428571429,3.110028571428572,1.5785714285714287,2.772571428571429,3.107142857142857,2.7142857142857144,2.7142857142857144,2.645714285714285,3.1750857142857143,2.440828571428572,1.8914285714285717,2.2471428571428573,2.8018857142857145,4.75
29-1181.00,Audiologists,2.95,4.73,3.45,4.64,3.35,1.38,4.95,2.59,4.9,4.4,2.19,3.9336,2.1136,1.8057142857142856,2.460714285714286,2.928571428571429,3.3265,2.877142857142857,3.1800571428571427,3.8249,3.2285714285714286,3.1632,3.0357142857142856,2.1750857142857143,3.0203714285714285,2.8491142857142853,3.9040714285714286,2.092357142857143,2.6191,3.0391428571428567,2.645714285714285,2.6185714285714288,2.4035714285714285,3.005714285714286,2.065714285714286,1.7385714285714284,1.9085714285714288,3.311971428571429,4.25
29-1211.00,Anesthesiologists,3.21,4.8,4.28,3.7,3.03,2.04,4.93,2.51,4.61,3.42,2.1357142857142857,4.327771428571428,1.9942428571428568,2.0,2.4385000000000003,2.4732142857142856,3.3874,2.645714285714285,1.2028,3.063542857142857,3.44,2.8109714285714285,3.2285714285714286,2.1357142857142857,2.5995,2.174485714285715,2.5246,1.9430142857142856,2.232028571428572,2.8492,2.571428571428571,2.524285714285714,2.205357142857143,2.894285714285714,2.3730714285714285,1.7734857142857143,1.9657142857142855,2.101257142857143,4.65
29-1213.00,Dermatologists,2.89,4.88,4.31,4.79,3.49,1.22,4.97,2.34,4.59,4.34,2.2471428571428573,4.0910714285714285,2.1105714285714283,1.8571428571428568,2.3181142857142856,2.645714285714285,3.0304,2.645714285714285,1.2622857142857142,3.5068571428571427,3.117142857142857,2.6425,3.265714285714286,2.2471428571428573,1.9893142857142856,2.179428571428572,2.5429142857142857,1.4422857142857144,2.106,2.991085714285714,2.4732142857142856,2.4035714285714285,2.7142857142857144,2.765714285714286,2.5404285714285715,1.9449142857142856,2.1635714285714283,2.6492,4.5
29-1214.00,Emergency Medicine Physicians,4.5,4.97,4.43,4.73,4.77,4.13,4.93,2.47,4.93,3.0,2.765714285714286,4.556714285714286,2.717842857142857,1.837942857142857,2.7889,3.205357142857143,3.5234,2.9732142857142856,1.598557142857143,3.826057142857143,3.715,3.6481142857142856,3.6477714285714287,2.542057142857143,2.8768,2.7692428571428573,3.7613,1.4884,2.6173714285714285,3.223257142857143,3.0335714285714284,2.912857142857143,2.894285714285714,3.2308,2.791428571428572,2.086428571428572,2.4971428571428573,2.665571428571429,4.83
29-1215.00,Family Medicine Physicians,3.57,5.0,4.29,4.6,3.64,1.67,5.0,1.26,4.66,4.06,2.1750857142857143,4.3459,1.9362142857142857,2.0,1.2583428571428572,2.596342857142857,2.744285714285714,2.9522285714285714,1.3819,3.2419,3.7714285714285714,2.640814285714286,3.7714285714285714,2.36,1.6119999999999997,1.5529857142857142,2.801142857142857,1.0168,1.178057142857143,1.5880571428571428,2.7142857142857144,2.645714285714285,2.596342857142857,3.265714285714286,1.1682571428571429,1.8057142857142856,2.0342857142857143,2.408,4.98
29-1216.00,General Internal Medicine Physicians,2.76,4.59,3.72,4.07,3.3,2.29,4.58,2.16,4.59,3.61,2.125,4.485485714285715,1.9936,1.8914285714285717,2.0696,2.7142857142857144,3.1513,2.765714285714286,1.3095714285714286,3.5364571428571434,3.265714285714286,3.2913142857142854,3.321428571428572,2.096342857142857,2.2095,2.0286714285714287,3.081742857142857,1.759,2.044257142857143,2.222857142857143,2.4732142857142856,2.645714285714285,2.571428571428571,2.894285714285714,1.9965571428571427,1.8914285714285717,2.096342857142857,2.281428571428571,3.96
29-1217.00,Neurologists,3.02,4.91,4.2,4.24,3.33,1.72,5.0,2.34,4.82,4.49,2.4732142857142856,4.380014285714285,2.418485714285714,1.9657142857142855,3.0713714285714286,3.0592,3.707157142857142,2.9522285714285714,1.8883,3.6544,3.553571428571428,3.8998,3.4375,2.6500000000000004,3.819057142857143,2.5046857142857144,2.6914857142857143,2.0105714285714287,2.9899142857142857,3.448714285714286,2.6185714285714288,2.6950857142857143,2.2928571428571427,3.0892857142857144,2.404742857142857,1.7200000000000002,2.3392857142857144,3.1798,4.57
29-1218.00,Obstetricians and Gynecologists,3.27,4.98,4.62,4.44,3.09,2.09,5.0,2.35,4.93,3.54,2.596342857142857,4.521700000000001,2.3552714285714287,1.9077714285714285,2.496428571428572,2.645714285714285,3.126428571428572,2.765714285714286,1.355142857142857,3.5257142857142862,3.2285714285714286,3.201142857142857,3.321428571428572,2.1357142857142857,3.6790285714285713,2.646428571428572,3.423942857142857,1.4165,2.730514285714285,3.268814285714285,2.5428571428571427,2.645714285714285,2.4035714285714285,3.117142857142857,2.5185142857142857,1.837942857142857,1.8914285714285717,2.7425,4.84
29-1221.00,"Pediatricians, General",3.18,4.95,4.39,3.75,3.76,1.67,4.56,2.41,4.62,3.5,2.19,4.555985714285714,2.060714285714286,1.8057142857142856,2.251428571428572,2.7142857142857144,3.351642857142857,2.912857142857143,1.3654857142857142,4.061028571428571,3.857142857142857,3.221371428571429,3.7714285714285714,2.3192,1.927,1.6010857142857144,3.0718142857142863,1.5964285714285715,1.7852,2.6616,2.5,2.7142857142857144,2.596342857142857,2.9522285714285714,2.3811142857142857,1.8571428571428568,2.044642857142857,2.5618000000000003,4.92
29-1222.00,"Physicians, Pathologists",2.71,4.1,3.72,2.35,2.5,1.14,4.98,2.58,4.78,3.61,2.0,2.218257142857143,2.025857142857143,2.096342857142857,1.6958285714285717,2.06,3.307685714285714,2.9008000000000003,1.4832,3.0726,3.497857142857143,2.9825,3.34,2.407857142857143,2.7639285714285715,2.085971428571429,1.3440571428571428,1.624428571428571,1.8731714285714285,2.4632,2.6950857142857143,2.571428571428571,1.8571428571428568,2.877142857142857,1.7990857142857142,1.8571428571428568,1.8914285714285717,2.581,4.34
29-1223.00,Psychiatrists,3.89,4.47,4.31,3.8,4.28,3.48,4.92,2.04,4.91,4.4,2.596342857142857,4.303771428571428,2.464914285714286,1.75,2.1990000000000003,3.69,3.3427714285714285,3.0335714285714284,1.5845714285714283,3.9617142857142857,3.56,2.7565714285714287,3.2935714285714286,2.4285714285714284,3.023,2.8638142857142856,1.9734,1.3131714285714289,2.2962571428571428,3.1586,2.7142857142857144,2.7142857142857144,2.6950857142857143,3.585714285714286,1.9137571428571427,2.2471428571428573,2.4285714285714284,2.217085714285714,4.81
29-1224.00,Radiologists,2.84,4.04,4.25,4.48,3.29,1.51,4.6,1.73,4.94,3.35,2.125,4.455357142857142,1.892242857142857,1.8914285714285717,2.368042857142857,2.765714285714286,3.754,2.9732142857142856,1.238,3.4576,3.414285714285714,3.5382,3.414285714285714,2.4008000000000003,3.0273142857142856,1.5881714285714286,2.719028571428572,1.3076285714285714,2.386,2.509114285714286,2.6185714285714288,2.4971428571428573,2.354914285714286,3.0335714285714284,2.077,1.7200000000000002,1.7734857142857143,2.8813142857142857,4.45
29-1229.01,Allergists and Immunologists,3.3,4.78,4.02,4.16,3.37,1.48,4.92,2.04,4.8,4.55,2.0,4.154171428571429,2.1533714285714285,1.7734857142857143,2.426028571428572,2.6185714285714288,3.263642857142857,2.7142857142857144,1.3799428571428571,3.4746428571428574,3.321428571428572,3.004,3.0335714285714284,2.2928571428571427,2.8966857142857143,1.7206428571428574,2.8500857142857146,1.4907428571428571,2.3471714285714285,2.2426000000000004,2.607142857142857,2.5428571428571427,2.4732142857142856,2.782857142857143,1.956728571428572,1.8571428571428568,2.0342857142857143,2.6753142857142858,4.82
29-1229.02,Hospitalists,4.2,4.84,4.28,4.12,4.28,3.08,5.0,3.0,5.0,3.6,2.645714285714285,4.6864,2.7394857142857143,1.8914285714285717,2.1993142857142858,3.1750857142857143,3.728685714285714,2.9522285714285714,1.77,3.771314285714286,3.377142857142857,3.685257142857143,3.377142857142857,2.407857142857143,3.063542857142857,3.136685714285714,3.358857142857143,1.7538857142857145,2.4025142857142856,2.2960000000000003,2.765714285714286,2.645714285714285,2.765714285714286,3.0592,2.8354285714285714,1.8571428571428568,2.1635714285714283,2.2992,4.76
29-1229.03,Urologists,3.33,5.0,4.37,4.36,4.08,1.67,4.7,2.43,4.69,3.77,2.3192,4.773299999999999,2.1262857142857143,1.9842857142857144,2.7470714285714286,2.596342857142857,4.027199999999999,2.7142857142857144,1.9450571428571428,3.863542857142858,3.321428571428572,3.1638571428571427,3.265714285714286,2.211428571428572,3.567771428571429,2.6793142857142858,3.653714285714286,2.2338,2.5645,2.745714285714286,2.5428571428571427,2.524285714285714,2.3192,3.0592,3.2572,1.837942857142857,1.9285714285714288,3.164014285714286,4.54
29-1229.04,Physical Medicine and Rehabilitation Physicians,3.44,4.62,4.61,4.58,3.24,2.15,4.81,2.21,4.57,4.32,2.571428571428571,4.153314285714286,2.610228571428572,1.9657142857142855,2.8056,2.928571428571429,3.293485714285714,2.821428571428571,1.5255999999999998,3.4378285714285712,3.1942857142857144,3.283428571428572,3.117142857142857,2.4971428571428573,3.1877142857142857,2.2992142857142857,2.6157142857142857,1.8036,3.1955142857142858,3.2365,2.4732142857142856,2.422142857142857,2.4971428571428573,2.928571428571429,2.4499285714285715,1.6665142857142858,2.1635714285714283,3.1085714285714285,4.83
29-1229.05,Preventive Medicine Physicians,3.32,4.53,4.0,3.95,3.0,1.89,4.94,2.89,4.82,4.06,2.928571428571429,2.8784571428571426,3.137628571428571,2.6696428571428568,2.937571428571429,3.091428571428572,3.524171428571428,3.265714285714286,2.2475714285714283,3.6452571428571434,3.497857142857143,3.672485714285714,3.597771428571429,2.8150000000000004,3.678057142857143,2.914085714285714,2.874942857142857,2.333028571428572,2.878571428571429,3.37,3.0592,2.877142857142857,2.8150000000000004,3.0892857142857144,3.0170142857142856,1.8914285714285717,2.4971428571428573,3.5438,4.67
29-1229.06,Sports Medicine Physicians,3.56,4.96,3.91,4.01,3.2,1.64,4.95,2.35,4.94,3.98,2.4522285714285714,4.7620000000000005,2.505,2.023657142857143,2.755,2.748571428571428,3.6651428571428566,2.821428571428571,1.7199428571428572,3.4648000000000003,3.5,2.4685714285714284,3.414285714285714,2.524285714285714,3.5116,2.2656,3.277,2.0154571428571426,2.8414857142857146,3.7531142857142856,2.551428571428572,2.4732142857142856,2.571428571428571,2.989371428571429,2.8689142857142853,1.9657142857142855,2.3857142857142857,2.670857142857143,4.17
29-1241.00,"Ophthalmologists, Except Pediatric",3.52,4.99,4.45,4.7,3.42,1.46,5.0,1.65,4.54,4.81,2.571428571428571,4.064914285714285,2.5158571428571426,1.9449142857142856,2.827,2.765714285714286,3.724885714285715,2.765714285714286,2.014,3.495057142857142,3.282057142857143,3.5232,3.1750857142857143,2.8150000000000004,3.875,2.907342857142857,2.755,2.0182857142857147,2.1030285714285712,2.6502142857142856,2.7142857142857144,2.7142857142857144,2.645714285714285,3.117142857142857,2.837414285714286,1.8914285714285717,2.4035714285714285,2.7532,4.24
29-1291.00,Acupuncturists,2.31,4.59,2.21,3.83,2.64,1.59,4.67,2.17,4.41,3.11,1.9085714285714288,3.9706857142857137,1.2795714285714284,1.268571428571429,1.4165857142857143,2.524285714285714,1.834342857142857,2.4522285714285714,1.784157142857143,3.3142857142857145,2.645714285714285,2.267857142857143,2.645714285714285,1.6875,2.538514285714286,1.7185428571428571,3.2078285714285717,1.3296,2.0342857142857143,1.8237142857142856,2.0028571428571427,1.8571428571428568,2.327857142857143,2.6950857142857143,1.3342857142857143,1.2857142857142856,1.6364285714285711,2.2312857142857143,2.78
29-1292.00,Dental Hygienists,2.06,4.97,2.95,3.89,3.25,1.29,4.97,1.06,3.39,1.54,1.8571428571428568,3.2023428571428574,1.7795714285714288,1.4464285714285716,1.6059428571428571,1.9085714285714288,2.7178,2.071428571428572,2.2860571428571426,3.779700000000001,2.524285714285714,2.4091142857142858,2.524285714285714,1.8571428571428568,2.2710285714285714,2.384714285714286,2.9886,1.3067142857142855,1.9733714285714283,1.8339,2.0028571428571427,2.044642857142857,1.9085714285714288,2.571428571428571,1.9894857142857143,1.4435714285714285,1.8571428571428568,2.302657142857143,3.97
29-1299.01,Naturopathic Physicians,3.16,4.6,3.16,4.24,2.8,1.52,4.96,2.04,4.8,4.04,2.06,4.137828571428571,1.7021714285714284,1.8571428571428568,1.6978285714285717,2.98,2.456,2.8363428571428573,2.28,3.3954285714285715,3.142857142857143,3.3053714285714286,3.2285714285714286,1.9449142857142856,2.362057142857143,2.28,2.9456,1.6342857142857143,2.285942857142857,2.3952,2.7142857142857144,2.7142857142857144,2.645714285714285,3.005714285714286,1.7314285714285715,1.7734857142857143,2.1357142857142857,2.765028571428571,3.28
29-1299.02,Orthoptists,2.68,4.82,3.7,4.21,3.48,1.82,5.0,2.07,4.54,3.93,1.8571428571428568,3.479085714285714,1.9557142857142855,1.4928571428571429,1.94,2.571428571428571,3.105028571428571,2.645714285714285,1.2136,3.162157142857143,3.091428571428572,2.771828571428572,3.091428571428572,2.2471428571428573,1.8648,1.7419571428571428,2.986914285714286,1.4075285714285712,2.126171428571429,3.2464,2.422142857142857,2.422142857142857,2.36,2.765714285714286,2.011428571428572,1.467857142857143,1.8057142857142856,1.9485714285714284,4.63
29-2011.00,Medical and Clinical Laboratory Technologists,2.96,4.59,3.64,3.6,3.14,1.39,4.6,1.47,4.98,2.76,1.8571428571428568,2.5227142857142857,1.749142857142857,1.8057142857142856,2.244614285714285,1.9285714285714288,3.252057142857143,2.1357142857142857,1.1104,2.757314285714286,3.091428571428572,2.296685714285714,2.4971428571428573,2.1357142857142857,2.0376142857142856,1.8755428571428567,1.6325,1.604328571428571,2.3737000000000004,3.115257142857143,1.9449142857142856,2.105,1.8057142857142856,2.645714285714285,1.9869285714285716,1.4691999999999998,1.7200000000000002,1.873,4.45
29-2011.01,Cytogenetic Technologists,2.38,3.43,2.81,2.1,2.15,1.05,4.86,1.62,3.86,2.76,1.8571428571428568,1.4790571428571428,1.7159285714285717,1.7200000000000002,1.6369857142857145,1.8571428571428568,3.0473142857142856,2.4971428571428573,1.1257714285714286,2.496428571428572,2.877142857142857,2.3769,2.8514285714285714,1.837942857142857,1.7395714285714283,1.6332857142857145,1.0942857142857143,1.3338571428571429,2.0485714285714285,2.191985714285714,1.9449142857142856,1.9449142857142856,1.7200000000000002,2.4971428571428573,1.93,1.3392000000000002,1.4691999999999998,1.5137714285714288,3.95
29-2011.02,Cytotechnologists,2.05,3.36,2.52,2.41,2.18,1.14,4.57,1.68,4.23,2.95,1.8057142857142856,1.5657142857142858,1.4585714285714286,1.6063428571428573,1.6845857142857144,1.8571428571428568,2.700271428571429,2.023657142857143,1.039828571428571,2.0513571428571424,2.765714285714286,1.7067,2.1750857142857143,1.8057142857142856,1.612857142857143,1.4146857142857143,1.1628,1.3135428571428571,1.7541142857142855,1.7712142857142856,1.8571428571428568,1.8571428571428568,1.6391999999999998,2.524285714285714,1.6546857142857143,1.2857142857142856,1.3571428571428572,1.5993142857142857,3.52
29-2011.04,Histotechnologists,2.76,3.76,3.1,2.38,2.38,1.05,4.43,1.6,4.29,2.62,1.8571428571428568,1.3053571428571429,1.928,1.5785714285714287,1.431742857142857,1.7734857142857143,2.551428571428572,2.044642857142857,1.0638857142857143,2.0191428571428567,2.4714285714285715,1.3427714285714287,2.4008000000000003,1.6665142857142858,1.3566571428571428,1.6974999999999998,1.0116714285714286,1.5491428571428572,1.834342857142857,2.061814285714286,1.9085714285714288,1.9449142857142856,1.6665142857142858,2.086428571428572,1.843,1.5614285714285714,1.6364285714285711,1.2983,3.9
29-2012.00,Medical and Clinical Laboratory Technicians,2.87,4.42,3.45,2.8,3.14,1.34,4.93,1.43,4.63,2.86,1.8571428571428568,1.9752142857142856,2.0261,1.8057142857142856,2.0248,1.822857142857143,2.909071428571429,2.0608,1.0124857142857142,2.548,2.524285714285714,2.4653285714285715,2.596342857142857,1.9085714285714288,1.793,1.571057142857143,1.7367142857142857,1.0370285714285714,2.164,2.6701428571428574,1.872228571428572,1.9085714285714288,1.8571428571428568,2.283657142857143,1.894928571428572,1.4906285714285716,1.4821428571428572,1.7618,4.21
29-2012.01,Histology Technicians,2.56,3.88,3.04,2.16,2.56,1.2,4.52,1.6,4.04,3.08,1.7485714285714289,1.2228571428571429,1.477942857142857,1.2678571428571428,1.6994285714285713,1.6391999999999998,2.4646857142857144,1.872228571428572,1.0123428571428572,1.8486857142857145,2.4971428571428573,1.478514285714286,2.023657142857143,1.3785714285714286,1.3085714285714287,1.4322285714285714,1.0329142857142857,1.3685714285714283,1.648,2.092342857142857,1.7571428571428571,1.8328571428571427,1.3785714285714286,2.2071428571428573,1.5995428571428572,1.2036571428571428,1.25,1.396342857142857,4.08
29-2031.00,Cardiovascular Technologists and Technicians,3.38,4.94,3.62,4.23,3.73,1.92,4.74,1.5,4.37,2.93,1.8571428571428568,3.8458,1.7907142857142857,1.5892857142857142,1.422942857142857,2.216428571428572,2.68,2.422142857142857,1.0742,2.836,2.7142857142857144,2.289828571428571,2.7142857142857144,1.9285714285714288,1.4626428571428571,1.6317142857142857,2.652057142857143,1.2121,1.6656142857142855,1.8527285714285715,2.1677714285714287,2.1677714285714287,2.044642857142857,2.596342857142857,1.5529857142857142,1.5785714285714287,1.5625,1.5568,4.64
29-2032.00,Diagnostic Medical Sonographers,2.95,4.85,3.42,4.23,3.61,1.83,4.31,1.37,4.49,2.69,2.0028571428571427,3.206971428571429,1.7504285714285714,1.625,1.5139857142857145,2.225714285714286,3.0548,2.422142857142857,1.2067428571428571,2.722214285714286,2.662857142857143,2.489285714285714,2.645714285714285,1.9285714285714288,1.6571285714285715,1.9676285714285715,2.7287,1.1675714285714285,1.8414857142857144,2.1121,2.1677714285714287,2.1607142857142856,1.9449142857142856,2.645714285714285,1.9225,1.5892857142857142,1.8571428571428568,1.9752,4.43
29-2033.00,Nuclear Medicine Technologists,3.22,4.83,3.9,4.65,3.68,2.17,4.65,1.52,4.8,3.16,2.044642857142857,3.779700000000001,1.9353571428571428,1.6364285714285711,1.623157142857143,2.2308,2.725214285714286,2.4732142857142856,1.2128,2.9026,2.821428571428571,2.079742857142857,2.662857142857143,1.9077714285714285,1.653714285714286,1.8522857142857143,3.0394,1.2345142857142857,1.8609142857142855,2.1913,2.071428571428572,2.216428571428572,2.044642857142857,2.4732142857142856,2.4056714285714285,1.4691999999999998,1.6875,1.7559999999999998,4.37
29-2034.00,Radiologic Technologists and Technicians,3.13,4.97,3.73,4.55,3.97,2.66,4.5,1.94,4.83,3.08,1.9449142857142856,4.267385714285714,1.7935714285714286,1.6063428571428573,1.5782857142857143,2.1677714285714287,2.6779714285714284,2.2071428571428573,1.080142857142857,3.047928571428572,2.765714285714286,1.927457142857143,2.6950857142857143,1.78,1.519342857142857,2.0018857142857143,2.7531428571428576,1.2407714285714286,2.2064000000000004,2.4347142857142856,2.071428571428572,2.2071428571428573,2.1607142857142856,2.4732142857142856,1.8559,1.4435714285714285,1.4017857142857142,1.5507428571428572,4.65
29-2035.00,Magnetic Resonance Imaging Technologists,3.09,4.61,3.26,3.48,4.0,2.26,4.61,2.13,4.65,3.04,1.8571428571428568,3.5773999999999995,1.868842857142857,1.3392000000000002,2.255571428571429,1.9449142857142856,2.89,2.4522285714285714,1.284957142857143,2.493542857142857,2.765714285714286,1.964114285714286,2.765714285714286,1.8571428571428568,1.9128,1.9359,3.0736000000000003,1.5911,2.4934857142857143,2.6778571428571425,2.0028571428571427,2.0028571428571427,1.872228571428572,2.524285714285714,1.92,1.6063428571428573,1.8057142857142856,2.2531857142857143,3.87
29-2036.00,Medical Dosimetrists,2.6,3.9,3.47,2.45,1.95,1.2,4.8,1.65,4.8,2.4,2.023657142857143,1.9561428571428567,2.209142857142857,1.8571428571428568,1.6067142857142858,2.2308,3.445,2.6950857142857143,1.1002571428571428,2.793571428571429,2.98,2.7399999999999998,2.9008000000000003,2.0342857142857143,2.130357142857143,1.5592857142857142,1.15,1.1625,1.9125,2.1567857142857143,2.422142857142857,2.422142857142857,2.125,2.821428571428571,2.2375,1.5357142857142858,1.837942857142857,1.75,4.1
29-2051.00,Dietetic Technicians,3.74,4.78,4.39,4.1,3.57,1.62,4.64,2.51,3.79,2.95,1.8914285714285717,2.9836,2.224357142857143,1.7200000000000002,2.062257142857143,1.9449142857142856,2.541671428571429,2.105,1.5472,2.984628571428571,2.571428571428571,1.7113714285714288,2.524285714285714,1.9085714285714288,2.5806285714285715,2.1628,2.0513571428571424,1.8649,2.115357142857143,2.417585714285714,2.0028571428571427,1.9449142857142856,2.06,2.0028571428571427,1.9985714285714289,1.7036571428571428,1.8057142857142856,1.7618285714285715,4.72
29-2052.00,Pharmacy Technicians,3.63,4.84,3.79,3.75,4.3,1.68,4.56,1.68,5.0,2.89,1.8571428571428568,2.532442857142857,1.671357142857143,1.4285714285714286,1.7018285714285712,1.9449142857142856,2.4412857142857143,2.2767857142857144,1.363042857142857,2.818285714285714,2.7142857142857144,2.021628571428572,2.7142857142857144,1.3785714285714286,1.610442857142857,2.1632285714285717,2.661728571428572,1.3169142857142857,2.0872571428571427,2.2692,2.02,2.5428571428571427,1.9449142857142856,2.662857142857143,1.9345142857142856,1.25,1.4285714285714286,2.0076,4.45
29-2053.00,Psychiatric Technicians,4.17,4.68,4.25,1.96,4.47,3.51,4.88,2.35,4.67,3.78,2.337142857142857,4.1976,2.110585714285714,1.7200000000000002,1.3301142857142858,2.894285714285714,3.3648571428571428,2.596342857142857,1.1946428571428571,3.4196714285714287,2.7142857142857144,1.8039142857142856,2.7142857142857144,2.086428571428572,1.8451428571428568,3.195,1.454057142857143,1.0822857142857143,2.4193,2.334857142857143,2.2071428571428573,2.25,2.31,2.7142857142857144,2.1454,1.8571428571428568,1.9449142857142856,1.8351428571428572,4.42
29-2055.00,Surgical Technologists,2.99,4.67,3.97,4.05,3.13,1.52,4.5,1.57,3.97,2.59,2.06,3.6823142857142863,2.113,1.6714285714285717,1.6325714285714286,1.8571428571428568,3.3857142857142857,1.9085714285714288,1.124,3.0300714285714285,2.7142857142857144,2.0495714285714284,2.2857142857142856,1.8571428571428568,1.6091428571428572,1.9263142857142856,1.8314285714285716,1.2002,2.2773000000000003,2.5717,1.9085714285714288,2.31,1.8914285714285717,2.3192,2.3020000000000005,1.5207142857142857,1.5785714285714287,1.496,4.82
29-2056.00,Veterinary Technologists and Technicians,2.98,4.67,4.0,3.86,3.35,1.36,4.31,1.49,4.3,2.39,1.9085714285714288,3.953028571428572,1.941314285714285,1.7200000000000002,1.7535142857142856,1.9085714285714288,2.7717714285714288,2.4035714285714285,1.8287714285714287,2.495342857142857,2.571428571428571,2.2812571428571427,2.596342857142857,1.7734857142857143,1.700071428571429,1.951,3.0917285714285714,1.4122857142857144,1.9011428571428568,2.440542857142857,2.0608,2.225714285714286,1.9085714285714288,2.524285714285714,1.9988,1.6665142857142858,1.7734857142857143,2.3262714285714283,4.57
29-2057.00,Ophthalmic Medical Technicians,2.76,4.91,3.64,4.55,3.5,1.73,4.68,1.59,4.82,3.5,1.8571428571428568,3.2620000000000005,1.805,1.2857142857142856,1.8171428571428567,1.9085714285714288,2.4960714285714287,2.1635714285714283,1.192,2.875357142857143,2.6950857142857143,1.826,2.645714285714285,1.6063428571428573,1.8119142857142856,2.045,3.2111428571428573,1.3865714285714286,2.033942857142857,2.477257142857143,2.1677714285714287,1.9842857142857144,1.9449142857142856,2.4035714285714285,1.9375142857142855,1.22,1.3125,1.7657142857142858,4.82
29-2061.00,Licensed Practical and Licensed Vocational Nurses,3.48,4.83,4.04,3.62,4.0,2.88,4.62,1.76,4.72,3.52,2.7142857142857144,3.8713,2.176685714285714,1.7734857142857143,2.296214285714286,2.821428571428571,2.9878857142857145,2.645714285714285,1.1797714285714285,2.6698,2.765714285714286,2.0038857142857145,2.765714285714286,1.9449142857142856,1.6213857142857144,2.610228571428572,1.9906428571428572,1.3601142857142858,2.150057142857143,2.370571428571429,2.44,2.422142857142857,2.782857142857143,2.645714285714285,2.4689,1.8057142857142856,1.7734857142857143,1.9863142857142857,4.69
29-2081.00,"Opticians, Dispensing",3.0,4.79,3.26,4.79,3.71,1.62,5.0,2.0,5.0,3.79,2.0028571428571427,2.9835142857142856,2.114028571428572,1.6875,2.7098714285714287,1.9642857142857144,2.87,2.7142857142857144,3.3819142857142857,3.3005142857142857,2.662857142857143,2.7197714285714287,2.7142857142857144,1.8057142857142856,2.743428571428572,2.818514285714285,3.9491,1.9776,2.9475,2.821428571428571,2.225714285714286,2.375,2.25,2.645714285714285,2.071942857142857,1.78,1.9642857142857144,2.7314285714285718,3.83
29-2091.00,Orthotists and Prosthetists,2.86,4.52,3.42,3.86,3.19,1.71,4.9,2.33,4.9,4.1,2.044642857142857,3.838685714285715,2.0656,1.5892857142857142,2.294428571428571,2.6185714285714288,3.2050000000000005,2.765714285714286,1.7542857142857142,3.0270714285714284,3.091428571428572,2.537,3.091428571428572,1.9842857142857144,2.5062,2.36,3.5543142857142858,1.905,2.3546714285714287,2.343,2.354914285714286,2.4035714285714285,2.524285714285714,2.765714285714286,2.2192,1.6875,1.8914285714285717,2.7664,4.1
29-2092.00,Hearing Aid Specialists,3.09,4.68,3.27,4.9,3.23,1.1,4.1,2.33,4.65,3.45,1.8571428571428568,3.457428571428572,1.5114571428571428,1.3214285714285714,1.3888,2.044642857142857,2.5907142857142857,2.2308,2.840985714285714,3.226771428571429,2.662857142857143,2.384328571428572,2.662857142857143,2.1607142857142856,1.9547142857142856,2.2333285714285718,3.301228571428572,1.2553857142857143,1.4285571428571429,1.6697571428571427,2.596342857142857,2.4035714285714285,2.4035714285714285,2.596342857142857,1.775542857142857,1.6875,1.9842857142857144,2.474,3.98
29-2099.01,Neurodiagnostic Technologists,2.77,4.61,3.19,4.32,3.58,2.58,4.97,1.87,4.58,3.1,1.822857142857143,3.973300000000001,2.1620714285714286,1.4179428571428572,2.181714285714286,2.0028571428571427,3.036571428571429,2.596342857142857,1.2950142857142857,3.1465428571428573,2.6950857142857143,2.312457142857143,2.765714285714286,1.9449142857142856,2.0589142857142857,2.1098,2.8699428571428576,2.0063,2.4036,2.7179,2.0608,2.0028571428571427,1.9449142857142856,2.7142857142857144,2.141714285714285,1.32,1.25,1.8269428571428568,4.52
29-2099.05,Ophthalmic Medical Technologists,3.15,4.65,3.6,4.05,3.8,2.0,4.9,1.8,4.45,3.5,1.9449142857142856,3.3646857142857143,2.1335714285714285,1.7036571428571428,2.1157142857142857,2.216428571428572,2.9485714285714284,2.645714285714285,1.1639285714285714,3.004285714285714,2.645714285714285,1.8142857142857145,2.7142857142857144,1.9085714285714288,1.6170714285714285,2.333928571428572,2.9800000000000004,1.6717857142857142,2.5357142857142856,2.552142857142857,2.327857142857143,2.422142857142857,2.0608,2.645714285714285,2.295,1.4179428571428572,1.6875,2.1,4.5
29-2099.08,Patient Representatives,3.7,5.0,3.8,4.92,3.91,1.91,4.83,1.67,5.0,3.66,2.3906285714285715,3.6174571428571434,2.1041714285714286,1.655,1.4193285714285713,2.7142857142857144,3.4767857142857146,2.645714285714285,1.6364285714285711,3.655,2.8571428571428568,2.7028,2.782857142857143,1.9077714285714285,1.5774285714285714,2.382142857142857,2.644,1.1911,1.841685714285714,2.1746857142857143,2.422142857142857,2.4732142857142856,2.662857142857143,2.782857142857143,2.464428571428571,1.8914285714285717,2.354914285714286,2.7080571428571427,4.76
29-9091.00,Athletic Trainers,3.59,4.87,3.59,3.94,3.63,2.29,4.88,3.38,4.38,3.92,1.9085714285714288,4.442114285714285,1.825942857142857,1.7036571428571428,1.6308571428571428,2.571428571428571,2.6,2.645714285714285,1.1122857142857143,3.225542857142857,2.4971428571428573,1.8368714285714287,2.7142857142857144,2.4035714285714285,1.854085714285714,1.8496,1.754457142857143,1.1771,2.6445,2.2208,2.5428571428571427,2.5428571428571427,2.354914285714286,2.7142857142857144,1.8598857142857144,1.625,1.9285714285714288,2.111814285714286,4.8
29-9092.00,Genetic Counselors,2.65,4.57,2.77,4.17,2.91,1.3,5.0,2.61,5.0,4.64,1.8571428571428568,3.5333,1.5949714285714287,1.7734857142857143,1.5944714285714283,2.645714285714285,3.1775857142857142,2.596342857142857,1.1063142857142858,3.3,3.091428571428572,4.2538,3.142857142857143,1.9842857142857144,2.685314285714285,2.02,2.7275714285714283,1.3818285714285714,1.9741,2.7944285714285715,2.375,2.44,1.9449142857142856,2.7142857142857144,1.7601428571428572,1.8571428571428568,1.8571428571428568,3.1873,3.91
29-9093.00,Surgical Assistants,3.33,4.76,4.25,3.99,3.15,1.98,4.43,1.96,3.72,2.66,2.105,4.635385714285714,2.128,1.4179428571428572,1.9568857142857143,2.023657142857143,3.438285714285714,2.524285714285714,1.5324,3.618,2.782857142857143,2.3895142857142857,2.596342857142857,1.6665142857142858,2.154528571428571,2.146142857142857,2.8934285714285712,1.171,2.1045,2.6517571428571425,2.5428571428571427,2.375,2.105,2.662857142857143,2.0371428571428574,1.655,1.655,1.9857142857142855,4.7
29-9099.01,Midwives,2.71,4.52,3.7,4.25,2.69,1.37,4.71,2.52,4.66,3.81,2.4035714285714285,4.300171428571428,2.5352571428571427,1.595,2.3562857142857143,3.1750857142857143,3.182871428571429,2.571428571428571,2.112271428571429,3.664671428571429,2.877142857142857,2.636614285714286,2.821428571428571,2.125,2.7403571428571425,2.8079714285714283,2.932571428571429,1.8134714285714288,2.6391,2.8925714285714283,2.422142857142857,2.2928571428571427,2.4732142857142856,2.7207142857142856,2.074128571428571,1.6063428571428573,1.8571428571428568,3.0494714285714286,4.59
31-1121.00,Home Health Aides,2.82,4.37,3.76,3.33,2.96,2.13,4.21,1.63,3.85,3.07,1.8571428571428568,3.852228571428571,1.650957142857143,1.4017857142857142,1.2744285714285717,2.1607142857142856,3.1573,1.9085714285714288,1.1736428571428572,2.7995714285714284,2.4732142857142856,1.8056,2.596342857142857,1.9085714285714288,1.5737142857142858,2.0528571428571434,2.053,1.2064714285714286,1.96,1.7158857142857142,2.0028571428571427,2.0028571428571427,2.265085714285714,2.422142857142857,1.8480571428571428,1.7385714285714284,1.872228571428572,1.426214285714286,4.21
31-1122.00,Personal Care Aides,3.0,4.3,3.14,3.62,2.74,1.93,4.27,1.94,3.74,2.71,1.872228571428572,4.4195714285714285,2.734857142857143,1.3571428571428572,1.9665714285714289,2.283657142857143,2.943314285714286,1.8571428571428568,2.1554,3.550514285714286,2.4893714285714283,2.369714285714286,2.337142857142857,1.7142857142857144,1.714,2.2696428571428573,2.9554285714285715,1.5507142857142855,2.4948,3.0286,1.9449142857142856,1.9449142857142856,2.662857142857143,2.02,2.7066285714285714,1.4179428571428572,1.4691999999999998,2.747285714285714,3.95
31-1131.00,Nursing Assistants,3.18,4.83,4.16,3.67,4.04,3.49,3.85,2.23,2.94,2.75,1.9085714285714288,3.319085714285714,1.9916,1.268571428571429,1.3538285714285714,2.216428571428572,2.5963000000000003,1.9085714285714288,1.2332857142857143,2.7370714285714284,2.596342857142857,1.731,2.4732142857142856,1.5614285714285714,1.4652142857142856,2.038685714285714,1.6102,1.3062857142857145,1.7039428571428572,2.073828571428572,1.822857142857143,2.071428571428572,2.662857142857143,2.1228571428571428,1.942857142857143,1.22,1.25,1.2649142857142857,4.66
31-1132.00,Orderlies,3.72,4.91,3.96,3.39,4.05,2.84,4.42,2.33,4.81,2.41,1.7036571428571428,3.4163,1.4602857142857144,1.2036571428571428,1.1130285714285717,1.85,2.217828571428571,1.605714285714286,1.1253428571428572,2.6029,2.1677714285714287,1.4620000000000002,2.0608,1.36,1.5292142857142856,1.8086285714285717,1.8857142857142857,1.0876,1.7202285714285714,1.6389428571428573,1.7571428571428571,1.9792,1.8908,1.7571428571428571,1.457142857142857,1.3193714285714284,1.2678571428571428,1.3082857142857145,4.51
31-1133.00,Psychiatric Aides,4.06,4.81,4.03,3.19,4.08,3.69,4.5,2.81,3.75,3.09,2.1635714285714283,4.076428571428572,2.2099,1.4249999999999998,1.742457142857143,2.6950857142857143,3.4417714285714287,2.2342857142857144,1.2037142857142855,2.792742857142857,2.596342857142857,2.356114285714286,2.607142857142857,1.872228571428572,1.7833142857142856,3.1409285714285717,1.8181,1.3127142857142855,2.251428571428572,3.349785714285714,2.071428571428572,2.02,2.337142857142857,2.225714285714286,1.8873714285714287,1.822857142857143,1.8571428571428568,1.406,4.52
31-2011.00,Occupational Therapy Assistants,3.37,4.85,4.25,2.97,4.05,2.81,4.67,2.24,2.99,2.56,1.9449142857142856,3.873714285714285,2.071428571428572,1.6063428571428573,1.774,2.596342857142857,3.517642857142857,2.44,1.272571428571429,3.540628571428571,2.765714285714286,2.5494142857142856,2.765714285714286,2.044642857142857,2.049514285714286,2.2744,2.5751714285714287,1.0852,2.139542857142857,2.4131285714285715,2.02,2.0028571428571427,2.337142857142857,2.596342857142857,2.124571428571429,1.8057142857142856,1.8057142857142856,2.201885714285714,4.6
31-2012.00,Occupational Therapy Aides,2.87,4.95,3.8,3.05,3.95,2.45,4.77,1.91,3.82,3.14,2.02,3.7285714285714286,2.256,1.3808,2.0776142857142856,2.31,2.918571428571429,2.31,1.4054285714285717,3.0523857142857143,2.524285714285714,2.2301714285714285,2.3392857142857144,1.8571428571428568,1.841942857142857,2.791728571428571,3.2113,1.5408,2.4858,2.3515428571428574,2.0028571428571427,1.9642857142857144,2.4732142857142856,2.2928571428571427,2.475014285714286,1.4821428571428572,1.7734857142857143,2.183114285714286,4.55
31-2021.00,Physical Therapist Assistants,3.25,4.95,4.11,4.09,3.37,2.16,4.92,2.46,4.26,3.21,1.9449142857142856,4.1692,1.9717285714285715,1.6063428571428573,1.5794285714285714,2.4732142857142856,3.597357142857143,2.524285714285714,1.2933142857142856,3.4787714285714286,2.7142857142857144,2.1268,2.8363428571428573,2.023657142857143,1.8022857142857145,1.7645857142857144,3.5060285714285717,1.0765428571428572,2.1086285714285715,2.152,2.44,2.5428571428571427,2.205357142857143,2.7142857142857144,1.9843428571428572,1.3785714285714286,1.8914285714285717,2.097714285714286,4.62
31-2022.00,Physical Therapist Aides,2.53,4.8,3.57,3.64,3.09,1.61,4.55,1.53,4.07,2.99,1.9085714285714288,3.973628571428572,2.0855714285714284,1.3392000000000002,1.6884571428571429,2.023657142857143,3.058,1.8571428571428568,1.3187142857142855,3.002357142857143,2.275,2.1027142857142858,1.9449142857142856,1.822857142857143,1.7071999999999998,1.6827142857142856,3.245,1.0335571428571428,1.7369285714285714,2.021428571428572,1.8914285714285717,2.044642857142857,1.9642857142857144,2.1228571428571428,2.228885714285714,1.3785714285714286,1.604285714285714,2.2119285714285715,4.69
31-9011.00,Massage Therapists,2.31,4.62,1.73,4.15,2.19,1.35,4.77,1.4,4.23,2.69,1.3706285714285715,3.571428571428571,1.4906285714285716,1.0942857142857143,1.4390571428571428,2.044642857142857,1.8342857142857143,2.354914285714286,1.3270857142857144,3.157714285714286,2.4522285714285714,1.9504,2.354914285714286,1.4017857142857142,1.8859428571428567,2.0176,3.614857142857143,1.2166857142857144,1.5678571428571428,1.6880714285714284,1.9449142857142856,1.8571428571428568,2.0028571428571427,2.216428571428572,1.3995,1.25,1.231428571428571,2.025828571428572,2.5
31-9091.00,Dental Assistants,3.54,4.81,4.3,3.82,3.68,1.8,4.42,3.19,4.5,2.83,1.7385714285714284,3.5327428571428574,2.0207999999999995,1.3571428571428572,1.9446571428571429,1.9085714285714288,3.0415714285714284,2.0608,1.9342142857142857,2.689285714285714,2.645714285714285,2.17,2.662857142857143,1.9085714285714288,1.9479571428571427,2.117085714285714,3.200885714285714,1.5565000000000002,2.402485714285714,2.2554857142857143,1.9085714285714288,2.327857142857143,1.9449142857142856,2.3906285714285715,2.265142857142857,1.51,1.5614285714285714,1.8372571428571427,4.6
31-9092.00,Medical Assistants,3.19,5.0,3.61,4.0,3.97,1.65,4.27,2.09,4.37,4.24,2.1142857142857143,3.782171428571429,1.7999999999999998,1.4435714285714285,2.0732714285714287,2.662857142857143,3.5333,2.645714285714285,1.4706142857142857,2.643885714285714,2.765714285714286,2.333285714285714,2.7142857142857144,1.9085714285714288,2.2696428571428573,2.148357142857143,2.5451428571428574,1.8161142857142856,1.936785714285714,2.284428571428572,2.225714285714286,2.337142857142857,2.1607142857142856,2.596342857142857,1.9477,1.51,1.7200000000000002,2.614342857142857,4.46
31-9093.00,Medical Equipment Preparers,3.04,4.54,3.52,4.04,3.69,1.28,4.68,1.55,5.0,2.84,1.822857142857143,2.380457142857143,1.9208857142857143,1.231428571428571,1.7573714285714286,1.655,3.0970285714285715,1.8328571428571427,1.2679285714285715,2.497642857142857,2.4035714285714285,2.4634,2.0028571428571427,1.36,1.7287857142857144,2.1485142857142856,1.8422285714285715,1.1759857142857144,1.8003428571428572,2.122,1.7385714285714284,1.9257142857142855,1.625,1.9642857142857144,1.6033857142857144,1.147857142857143,1.231428571428571,1.8112,4.33
31-9094.00,Medical Transcriptionists,2.46,4.38,3.64,3.74,2.83,1.44,4.92,1.39,4.34,3.3,1.4542857142857144,2.3348285714285715,1.2187428571428571,1.12,1.2296285714285715,1.6875,2.848,1.8914285714285717,1.041,2.877142857142857,3.265714285714286,1.7414714285714283,2.571428571428571,1.2592,1.0944571428571428,1.4198285714285714,1.4158,1.0249857142857144,1.2406857142857142,1.4906285714285716,1.822857142857143,2.821428571428571,1.32,2.8363428571428573,1.233942857142857,1.157142857142857,1.1734857142857142,1.2465,4.56
31-9095.00,Pharmacy Aides,3.22,4.85,3.79,4.53,3.93,1.84,4.36,1.24,4.91,3.5,1.7857142857142856,2.892828571428571,2.790642857142857,1.2036571428571428,2.657142857142857,1.9257142857142855,3.484385714285714,1.9792,2.0522285714285715,2.584642857142857,2.7142857142857144,1.914642857142857,2.25,1.2857142857142856,1.718714285714286,2.331185714285714,3.055085714285714,1.402285714285714,1.727428571428571,3.0247428571428574,2.071428571428572,2.1492,2.0608,2.071428571428572,2.2196571428571428,1.2036571428571428,1.3125,2.3959,4.66
31-9096.00,Veterinary Assistants and Laboratory Animal Caretakers,3.24,4.48,3.46,3.73,3.17,1.61,4.52,2.06,4.4,3.03,1.8571428571428568,3.4839285714285717,1.8053714285714284,1.32,1.589714285714286,1.8571428571428568,2.903242857142857,1.8571428571428568,2.3855714285714287,2.4498571428571427,2.275,2.103828571428571,2.02,1.7734857142857143,1.7055571428571428,2.3594285714285714,2.7464,1.1837857142857142,2.047657142857143,2.282514285714286,1.8571428571428568,1.8571428571428568,1.9449142857142856,2.1607142857142856,1.7997999999999998,1.36,1.36,1.9344285714285716,4.3
31-9097.00,Phlebotomists,3.64,4.82,3.82,4.27,4.14,3.05,4.82,2.45,4.68,3.32,1.9085714285714288,3.7132,2.4406857142857143,1.51,2.16,2.1607142857142856,3.260342857142857,2.275,1.1942857142857144,3.167414285714285,2.4285714285714284,2.353942857142857,2.4285714285714284,1.8571428571428568,1.696942857142857,2.540314285714285,3.145342857142857,1.6642857142857144,2.6497,2.899714285714285,2.02,1.9642857142857144,2.216428571428572,2.19,2.4859,1.25,1.5357142857142858,2.0766285714285715,4.59
31-9099.01,Speech-Language Pathology Assistants,1.95,4.77,3.7,3.4,2.13,1.59,4.74,1.58,3.81,3.29,1.8057142857142856,2.8342857142857145,1.4362142857142857,1.32,1.0666285714285717,2.3857142857142857,3.579671428571429,2.524285714285714,1.2544,3.2172,2.7142857142857144,2.1408,2.7142857142857144,1.8571428571428568,1.4674,1.6749999999999998,2.2576,1.0077142857142858,1.814,1.5833142857142857,2.7142857142857144,3.0357142857142856,2.1492,2.7142857142857144,1.3602857142857143,1.5785714285714287,1.6063428571428573,2.091514285714286,4.02
31-9099.02,Endoscopy Technicians,2.54,4.73,3.52,3.46,2.96,1.77,4.87,1.85,3.7,2.71,1.8571428571428568,3.738342857142857,2.0575,1.3571428571428572,1.9858285714285715,2.0028571428571427,3.0862,1.9842857142857144,1.2555428571428573,2.643828571428571,2.524285714285714,1.7934857142857146,2.524285714285714,1.8571428571428568,1.7949714285714284,2.2440571428571428,2.015142857142857,1.5214,2.411057142857143,2.694,1.9449142857142856,2.0028571428571427,1.8571428571428568,2.265085714285714,2.1892571428571426,1.2857142857142856,1.4435714285714285,1.5600571428571428,4.62
33-1011.00,First-Line Supervisors of Correctional Officers,4.51,4.77,4.04,3.38,4.57,4.31,4.72,3.96,4.92,4.07,2.7142857142857144,3.214857142857143,2.758642857142857,2.571428571428571,3.613928571428572,2.7142857142857144,3.766828571428572,2.645714285714285,1.9276428571428568,3.286571428571428,2.7142857142857144,2.6025714285714283,2.7142857142857144,2.023657142857143,2.6243,3.873185714285714,2.3605428571428573,2.5074571428571426,3.468642857142857,3.356914285714286,2.4035714285714285,2.1607142857142856,1.8571428571428568,2.7142857142857144,3.1918285714285712,2.1142857142857143,2.2928571428571427,2.338514285714286,4.66
33-1012.00,First-Line Supervisors of Police and Detectives,4.23,4.7,4.1,4.79,4.37,3.44,4.95,3.09,5.0,3.72,2.645714285714285,3.555428571428571,2.8505857142857143,2.7142857142857144,3.501871428571429,2.7142857142857144,3.620828571428572,2.7142857142857144,2.337285714285714,3.754728571428572,2.7142857142857144,2.532,2.7142857142857144,2.596342857142857,2.993828571428572,3.4581714285714287,3.5469142857142857,2.716,2.9672857142857145,3.0092857142857143,2.354914285714286,2.354914285714286,2.25,2.7142857142857144,3.1294,2.0028571428571427,2.645714285714285,3.3123142857142853,4.35
33-1021.00,First-Line Supervisors of Firefighting and Prevention Workers,3.28,4.74,4.51,4.59,3.28,2.6,4.65,3.13,4.62,3.66,2.4035714285714285,4.0788142857142855,3.337814285714286,2.31,3.724857142857144,2.375,3.5275,2.354914285714286,1.8873571428571427,3.213228571428571,2.782857142857143,2.397428571428572,2.8571428571428568,2.2071428571428573,2.8029714285714284,3.401614285714285,3.986742857142857,2.698057142857144,3.3542857142857145,3.5574857142857144,2.31,2.4035714285714285,2.31,2.607142857142857,3.445942857142857,1.9842857142857144,2.023657142857143,3.2822571428571425,4.74
33-1091.00,First-Line Supervisors of Security Workers,3.84,4.98,4.47,4.77,3.25,2.23,4.57,2.41,4.95,3.55,2.4522285714285714,2.189714285714285,2.9199714285714284,2.4732142857142856,3.264228571428572,2.31,3.6,2.596342857142857,1.5606428571428572,2.505285714285714,2.551428571428572,1.7285714285714286,2.662857142857143,2.044642857142857,1.8468,2.9321714285714284,2.3335,1.944,2.904857142857143,2.130171428571429,2.265085714285714,2.596342857142857,1.9085714285714288,2.607142857142857,3.1390285714285717,1.872228571428572,2.044642857142857,2.3804,4.86
33-2011.00,Firefighters,3.39,4.73,4.15,4.52,3.52,2.88,4.85,2.76,4.24,3.02,2.4035714285714285,3.784,2.483342857142857,1.4691999999999998,2.1814,2.2308,2.8666,2.2071428571428573,1.4564285714285714,2.8556714285714286,2.748571428571428,1.8736,2.571428571428571,1.822857142857143,2.116342857142857,2.328942857142857,3.1415285714285712,1.7049999999999998,2.390257142857143,2.7060857142857144,2.265085714285714,2.2071428571428573,2.265085714285714,2.2071428571428573,2.3337142857142856,1.5785714285714287,1.7734857142857143,2.5850285714285715,4.71
33-2021.00,Fire Inspectors and Investigators,3.43,4.92,3.89,4.68,3.23,1.79,4.95,2.58,4.92,3.86,2.0342857142857143,2.6896000000000004,2.106228571428572,1.5785714285714287,2.0417428571428573,2.0608,3.350028571428572,2.3857142857142857,1.5372714285714286,3.3528571428571423,2.765714285714286,2.571885714285714,2.645714285714285,2.0028571428571427,2.1256142857142857,2.561,3.712657142857143,1.4567714285714286,2.120228571428572,2.248214285714286,2.275,2.3192,2.086428571428572,2.354914285714286,2.274857142857143,1.7385714285714284,2.044642857142857,3.6727142857142856,4.19
33-2022.00,Forest Fire Inspectors and Prevention Specialists,3.33,4.79,4.4,4.36,3.47,2.22,4.87,3.21,4.77,3.44,2.4732142857142856,2.6469571428571426,2.8838285714285714,2.023657142857143,2.439228571428571,1.822857142857143,3.530742857142857,2.327857142857143,1.6679999999999997,3.253942857142857,2.645714285714285,1.986,2.7142857142857144,1.9642857142857144,2.0045,2.550628571428572,3.230857142857143,1.6422857142857143,2.805,2.8395,2.1492,1.9085714285714288,1.8057142857142856,2.216428571428572,2.8759,1.7734857142857143,1.8914285714285717,2.9230285714285715,4.86
33-3011.00,Bailiffs,3.4,4.62,3.68,4.4,3.97,3.02,4.37,2.66,3.75,3.03,1.7734857142857143,3.225057142857142,1.9318857142857144,1.4179428571428572,2.039428571428572,2.4485714285714284,3.249,2.02,1.5616,2.769,2.216428571428572,1.9542142857142857,2.2767857142857144,1.3785714285714286,2.0846,3.6325,3.1842,1.871,2.7,2.2556714285714285,2.225714285714286,2.216428571428572,1.6714285714285717,2.0028571428571427,2.2435428571428573,1.6875,1.7734857142857143,2.769271428571429,4.42
33-3012.00,Correctional Officers and Jailers,4.37,4.67,3.88,4.17,4.75,4.33,4.93,3.27,4.85,4.05,2.25,2.614642857142857,2.4135,1.5357142857142858,2.738428571428571,2.607142857142857,3.0635714285714286,2.44,1.5491714285714286,2.9305000000000003,2.662857142857143,2.0227857142857144,2.662857142857143,1.822857142857143,2.277342857142857,3.2332428571428573,1.9984,2.333928571428572,2.7664,2.7506285714285714,2.422142857142857,2.216428571428572,1.8571428571428568,2.5,2.2060285714285714,1.9642857142857144,2.02,2.3668,4.57
33-3021.00,Detectives and Criminal Investigators,4.17,4.82,4.31,4.86,4.12,3.42,4.83,2.46,4.93,4.05,2.2071428571428573,2.6074571428571427,2.141928571428571,1.5785714285714287,2.146142857142857,2.596342857142857,3.490657142857143,2.912857142857143,1.4662000000000002,3.1772714285714287,2.989371428571429,2.4549142857142856,2.729371428571429,1.837942857142857,1.975,3.325,3.5456000000000003,1.378,2.1997,2.412185714285714,2.4893714285714283,2.645714285714285,2.1142857142857143,3.1149142857142853,2.113257142857143,1.822857142857143,1.9085714285714288,3.648057142857143,4.51
33-3021.02,Police Identification and Records Officers,2.67,3.66,3.26,3.45,3.19,2.34,4.37,2.16,4.23,3.37,1.8571428571428568,2.040914285714286,1.6786,1.3571428571428572,1.4917857142857145,1.8571428571428568,3.1748857142857143,2.596342857142857,1.2996,2.7846714285714285,2.645714285714285,2.1963285714285714,2.645714285714285,1.8057142857142856,2.0424857142857142,2.2255714285714285,2.2667,1.2680285714285715,2.0944571428571432,2.3933714285714287,2.354914285714286,2.265085714285714,1.75,2.596342857142857,1.9582857142857144,1.6428571428571428,1.75,2.376857142857143,3.93
33-3021.06,Intelligence Analysts,2.35,4.35,3.52,3.17,2.05,1.39,4.52,2.61,4.78,3.57,2.06,1.5328,2.1877857142857144,1.302857142857143,1.7680857142857145,1.8914285714285717,3.9177142857142857,2.765714285714286,1.5158571428571426,3.4978,3.117142857142857,2.6794857142857147,2.928571428571429,1.8914285714285717,2.363371428571429,1.9163,1.1628,1.3869142857142858,2.416714285714286,2.0788,2.7142857142857144,2.765714285714286,1.7734857142857143,2.8363428571428573,1.9428571428571428,1.8571428571428568,1.8914285714285717,3.2759571428571426,4.59
33-3031.00,Fish and Game Wardens,3.94,4.67,4.0,4.84,3.79,2.56,4.68,2.93,4.9,3.54,2.086428571428572,2.4692857142857143,1.8452857142857144,1.6171428571428572,1.3642571428571428,2.19,3.469785714285714,2.422142857142857,2.159057142857143,3.7216,2.8363428571428573,2.311985714285714,2.782857142857143,1.8914285714285717,1.6478000000000002,3.0466285714285712,3.4264,1.1123571428571428,2.057142857142857,2.3003857142857145,2.596342857142857,2.337142857142857,1.9449142857142856,2.5428571428571427,2.060142857142857,1.7734857142857143,2.1492,3.910857142857143,4.06
33-3041.00,Parking Enforcement Workers,3.73,3.92,3.16,4.45,4.47,2.76,4.09,1.58,2.83,2.51,1.7857142857142856,3.0664,1.7693714285714286,1.4691999999999998,1.8485857142857145,1.872228571428572,3.540285714285715,1.9642857142857144,1.4042285714285714,2.954285714285714,2.125,2.026,2.4522285714285714,1.7385714285714284,1.7146285714285714,2.534885714285714,2.793014285714286,1.5768428571428572,1.9225,2.7990714285714287,1.9792,1.7934857142857146,1.822857142857143,1.9085714285714288,1.969,1.5300000000000002,1.5300000000000002,2.9530000000000003,4.11
33-3051.00,Police and Sheriff's Patrol Officers,4.43,4.76,4.08,4.85,4.64,3.98,4.77,2.49,4.68,3.97,2.354914285714286,3.741371428571429,2.5504,1.655,2.600714285714286,2.645714285714285,3.4438714285714283,2.645714285714285,2.148185714285714,3.419842857142857,3.0,2.2864,2.8363428571428573,1.9842857142857144,2.322714285714285,4.109014285714284,4.172185714285714,1.6354285714285717,2.423285714285714,3.019428571428572,2.44,2.4971428571428573,2.25,2.5428571428571427,2.6325142857142856,2.1492,2.4035714285714285,3.4143428571428567,4.58
33-3051.04,Customs and Border Protection Officers,3.82,4.83,3.95,4.8,4.33,2.97,4.63,2.45,4.7,3.64,2.1492,1.8300142857142856,1.9955714285714288,1.6875,1.9268,2.3906285714285715,3.6197142857142857,2.7142857142857144,1.282857142857143,2.857085714285714,2.7142857142857144,2.8688,2.7142857142857144,1.75,1.918128571428572,2.4171714285714283,3.5231285714285714,1.402285714285714,2.2369000000000003,2.3208571428571423,2.596342857142857,2.6185714285714288,1.8571428571428568,2.7142857142857144,2.0694285714285714,1.8571428571428568,1.9449142857142856,2.7405142857142857,4.58
33-3052.00,Transit and Railroad Police,4.21,4.7,4.33,4.71,4.11,3.64,4.29,2.66,4.48,3.96,2.044642857142857,3.140228571428572,1.7128,1.7734857142857143,2.2882857142857143,2.105,3.214857142857143,2.662857142857143,1.6059428571428571,2.7835714285714284,2.7142857142857144,2.1841428571428576,2.7142857142857144,1.8571428571428568,2.1951142857142854,3.5696,3.665000000000001,1.5592857142857142,2.4593857142857143,2.2698285714285715,2.337142857142857,2.216428571428572,1.9085714285714288,2.392857142857143,1.9189428571428573,1.9449142857142856,1.9657142857142855,2.6738714285714287,4.1
33-9011.00,Animal Control Workers,4.35,4.58,3.27,4.77,4.64,3.0,4.96,2.69,5.0,4.38,1.8571428571428568,2.419771428571429,2.233942857142857,1.2857142857142856,2.0824857142857143,1.8571428571428568,3.330485714285714,2.1677714285714287,1.6840000000000002,3.253942857142857,2.596342857142857,2.1823428571428574,2.7142857142857144,1.6063428571428573,2.541142857142857,3.2528,3.639485714285714,1.5381142857142858,2.3562857142857143,2.6068,1.9642857142857144,1.8571428571428568,1.8571428571428568,2.2767857142857144,2.2362285714285712,1.655,1.8057142857142856,3.624657142857143,4.0
33-9021.00,Private Detectives and Investigators,2.82,4.33,3.09,4.19,3.02,1.69,4.16,2.0,4.93,3.9,1.822857142857143,1.1958285714285717,1.4668571428571429,1.3571428571428572,1.460714285714286,2.25,2.9522285714285714,2.662857142857143,1.5764,2.9156571428571425,2.7142857142857144,1.9184428571428571,2.7142857142857144,1.4017857142857142,1.5945142857142858,2.075657142857142,2.1195142857142857,1.1347428571428573,1.6306857142857143,1.7097142857142855,2.354914285714286,2.4035714285714285,1.822857142857143,2.8363428571428573,1.8646857142857145,1.7734857142857143,1.8057142857142856,3.0203857142857147,3.31
33-9031.00,Gambling Surveillance Officers and Gambling Investigators,3.87,4.65,3.75,3.32,2.97,2.24,4.7,1.76,4.89,3.66,1.8057142857142856,1.7488,1.6762285714285712,1.5785714285714287,1.7493142857142856,1.872228571428572,3.848657142857143,2.354914285714286,1.038857142857143,2.660285714285714,2.5428571428571427,2.401942857142857,2.4035714285714285,1.8571428571428568,1.9657142857142855,1.9164571428571429,1.2933571428571429,1.1466571428571428,2.286057142857143,2.467857142857143,2.0028571428571427,2.044642857142857,1.5508,2.044642857142857,2.071142857142857,1.4691999999999998,1.51,2.0914,4.46
33-9032.00,Security Guards,4.04,4.89,3.5,4.91,3.28,2.35,4.42,1.96,4.63,2.9,1.9085714285714288,2.9755000000000003,2.3986857142857145,1.32,2.666028571428571,1.8914285714285717,3.361685714285714,1.9642857142857144,1.6942428571428572,3.6367857142857134,2.354914285714286,2.4065142857142856,2.19,1.4017857142857142,2.206514285714286,3.0962857142857145,3.1953142857142853,2.614514285714286,2.4535714285714287,3.101371428571429,1.9642857142857144,2.0608,1.7036571428571428,2.178571428571429,2.7706857142857144,1.5508,1.8057142857142856,2.860571428571429,4.21
33-9091.00,Crossing Guards and Flaggers,2.53,4.1,2.32,4.46,3.29,1.46,3.72,1.18,2.03,1.77,1.625,2.2688,1.3043,1.0885714285714283,1.0749428571428572,1.7142857142857144,2.037042857142857,1.7571428571428571,1.1314285714285717,1.8869,2.1142857142857143,1.3266,2.2928571428571427,1.1885714285714286,1.3390857142857144,1.8844,2.087542857142857,1.0335714285714286,1.4916571428571428,1.4557142857142855,1.9085714285714288,1.8571428571428568,1.655,1.7385714285714284,1.3012857142857142,1.2208,1.28,1.6287142857142856,3.33
33-9092.00,"Lifeguards, Ski Patrol, and Other Recreational Protective Service Workers",2.98,4.5,3.21,3.94,3.42,1.43,4.55,2.4,3.54,2.35,1.822857142857143,3.820714285714285,2.146057142857143,1.2857142857142856,2.205857142857143,2.105,2.6154571428571427,2.071428571428572,1.2754,2.5656142857142856,2.205357142857143,1.4026857142857143,2.4285714285714284,1.625,1.985857142857143,2.0178857142857143,2.771428571428572,1.4657714285714285,2.390357142857143,2.4498571428571427,2.044642857142857,1.9085714285714288,2.0028571428571427,1.9449142857142856,1.920542857142857,1.2857142857142856,1.5357142857142858,2.0998,4.59
33-9093.00,Transportation Security Screeners,3.74,4.54,3.07,4.22,4.63,2.78,4.41,2.59,2.96,2.67,2.086428571428572,1.734714285714286,1.961557142857143,1.51,2.0116857142857145,1.9642857142857144,2.7077714285714287,2.02,1.122,2.304342857142857,2.3392857142857144,1.909142857142857,2.2928571428571427,1.7734857142857143,1.573314285714286,2.0278714285714283,2.855714285714286,1.4964,2.1882714285714284,2.2276,2.19,2.3192,1.7857142857142856,2.125,1.9433285714285715,1.5785714285714287,1.8571428571428568,1.6309142857142858,4.58
33-9099.02,Retail Loss Prevention Specialists,3.63,4.76,3.56,4.25,3.74,3.21,4.56,3.0,4.75,2.62,1.9449142857142856,1.8139571428571428,2.179742857142857,1.7734857142857143,2.137371428571429,2.0608,3.5488,2.25,1.400842857142857,2.9746428571428574,2.551428571428572,2.1466,2.422142857142857,1.8057142857142856,1.9493714285714283,2.3587857142857143,1.7576142857142858,1.2331,2.0902857142857143,2.4532571428571432,2.071428571428572,2.1677714285714287,1.7385714285714284,2.1607142857142856,1.7213714285714286,1.655,1.7200000000000002,1.991342857142857,4.76
35-1011.00,Chefs and Head Cooks,3.75,4.58,3.88,3.79,3.88,2.04,4.87,3.21,4.54,3.79,2.8363428571428573,1.8876,2.7197714285714287,2.596342857142857,3.0736,2.5428571428571427,2.7258142857142857,2.596342857142857,1.5385142857142855,2.8613285714285714,2.7142857142857144,1.5301,2.782857142857143,2.31,2.3051,2.7576285714285715,2.3294,2.4178,3.132614285714286,2.922714285714285,2.4893714285714283,2.327857142857143,2.327857142857143,2.31,2.9976000000000003,2.1357142857142857,2.0342857142857143,2.0828571428571427,4.46
35-1012.00,First-Line Supervisors of Food Preparation and Serving Workers,3.16,4.58,3.92,4.1,3.46,1.98,3.85,3.58,4.7,1.99,2.645714285714285,2.1008000000000004,2.5542857142857143,2.662857142857143,2.8752000000000004,2.096342857142857,2.636228571428572,2.645714285714285,1.849828571428572,3.1534,2.7142857142857144,2.089157142857143,2.7142857142857144,2.225714285714286,2.0610285714285714,2.663428571428571,2.8144,2.5280571428571426,2.853357142857143,2.6562142857142863,2.1228571428571428,2.071428571428572,2.354914285714286,2.178571428571429,2.734857142857143,1.9449142857142856,1.8914285714285717,2.2678857142857143,4.43
35-2011.00,"Cooks, Fast Food",2.94,3.27,3.16,3.54,3.68,2.27,4.93,3.41,3.56,1.83,1.5300000000000002,1.2681142857142855,1.5491714285714286,1.2142857142857144,1.4348714285714286,1.655,1.8485714285714288,1.5300000000000002,1.4165714285714286,1.5007857142857142,2.1228571428571428,1.3445714285714283,1.7385714285714284,1.32,1.4717142857142858,1.6058285714285714,1.5904,1.1129428571428572,1.6119999999999997,1.7009714285714286,1.7036571428571428,1.822857142857143,1.605714285714286,1.68,1.566742857142857,1.3392000000000002,1.3785714285714286,1.4557000000000002,3.87
35-2012.00,"Cooks, Institution and Cafeteria",2.81,4.62,3.73,3.21,3.31,1.54,4.8,1.79,3.17,2.35,1.8914285714285717,2.202171428571429,1.5893571428571427,1.8571428571428568,1.76,1.7734857142857143,2.478485714285714,1.872228571428572,1.242657142857143,2.6278571428571427,2.06,1.7185857142857144,2.086428571428572,1.6875,1.6156428571428574,1.940742857142857,1.5970857142857144,1.2944,1.8619142857142856,1.9794571428571428,1.872228571428572,1.822857142857143,1.9085714285714288,1.8571428571428568,1.899642857142857,1.4285714285714286,1.5785714285714287,1.4720428571428572,4.47
35-2013.00,"Cooks, Private Household",2.19,3.62,2.04,2.96,1.88,1.04,3.62,1.88,3.73,2.46,1.8057142857142856,1.7004142857142857,1.2565428571428572,1.6665142857142858,1.5798571428571428,1.8571428571428568,1.5882,1.822857142857143,1.9478857142857144,2.8270857142857144,1.9657142857142855,1.1686857142857143,1.9085714285714288,1.2208,1.2793142857142858,1.6321428571428571,1.954,1.1292,1.5935714285714284,1.608142857142857,1.7734857142857143,1.8571428571428568,2.06,1.822857142857143,1.6687571428571428,1.36,1.7200000000000002,2.011428571428572,2.42
35-2014.00,"Cooks, Restaurant",2.48,4.11,3.63,2.67,2.59,1.19,3.42,1.34,2.05,1.35,1.6063428571428573,1.1276,1.216,1.4249999999999998,1.3515,1.5614285714285714,1.506057142857143,1.7857142857142856,1.0404142857142855,1.359357142857143,1.8571428571428568,1.089157142857143,1.8914285714285717,1.2857142857142856,1.1656,1.1988571428571428,1.2305285714285714,1.0198,1.3203571428571428,1.4822142857142857,1.7142857142857144,1.7857142857142856,1.4179428571428572,1.7385714285714284,1.4188285714285715,1.3392000000000002,1.28,1.090857142857143,4.08
35-2015.00,"Cooks, Short Order",2.0,3.66,3.52,2.42,2.35,1.11,4.66,1.38,2.59,2.0,1.8571428571428568,1.3383428571428573,1.4186285714285716,1.3571428571428572,1.261014285714286,1.5785714285714287,1.8774,1.7142857142857144,1.3162428571428573,1.8180857142857143,2.071428571428572,1.4170285714285713,1.7385714285714284,1.4435714285714285,1.1225714285714286,1.3081857142857145,1.6705285714285714,1.0610285714285714,1.3582857142857143,1.4849714285714286,1.6391999999999998,1.6875,1.7857142857142856,1.7208,1.4141714285714284,1.3571428571428572,1.3785714285714286,1.1634142857142855,3.92
35-2021.00,Food Preparation Workers,1.65,4.18,3.61,2.27,1.94,1.28,4.1,1.78,3.01,2.13,1.5693714285714286,1.3669714285714285,1.5487857142857142,1.2142857142857144,1.7717999999999998,1.4906285714285716,1.7683999999999995,1.5693714285714286,1.1001,2.083428571428572,1.8571428571428568,1.0583857142857145,1.6391999999999998,1.2857142857142856,1.1899714285714285,1.2383428571428572,1.4610571428571428,1.0618714285714286,1.822085714285714,1.6348571428571428,1.6714285714285717,1.7385714285714284,1.5714285714285714,1.68,1.491285714285714,1.2036571428571428,1.25,1.080128571428571,3.89
35-3011.00,Bartenders,2.89,4.7,3.21,4.25,3.93,2.31,4.2,1.69,2.87,2.86,1.9085714285714288,2.038742857142857,1.8331428571428567,1.5357142857142858,2.113,1.9642857142857144,2.010228571428572,1.9085714285714288,1.9543428571428567,3.0801857142857143,2.4732142857142856,1.1965857142857144,2.5428571428571427,1.8571428571428568,1.688,2.0435857142857143,2.868314285714286,1.4858285714285713,2.148357142857143,2.2996,1.9085714285714288,2.125,2.1677714285714287,2.225714285714286,2.215942857142857,1.7734857142857143,1.9085714285714288,1.9085714285714288,3.64
35-3023.00,Fast Food and Counter Workers,3.23,4.89,3.64,4.43,4.41,2.66,4.36,2.35,3.49,1.78,1.7857142857142856,1.8711285714285717,1.4145142857142858,1.25,1.1118571428571429,1.5714285714285714,1.8787428571428573,1.4628571428571429,1.445142857142857,1.752857142857143,1.8571428571428568,1.228657142857143,1.8571428571428568,1.2857142857142856,1.3200142857142856,1.8328857142857145,2.176,1.0406285714285717,1.3232142857142857,1.614428571428571,1.8571428571428568,1.8571428571428568,1.7857142857142856,1.6428571428571428,1.5655714285714286,1.2036571428571428,1.2857142857142856,1.1723428571428571,4.71
35-3023.01,Baristas,3.17,4.67,3.22,4.34,3.86,1.58,4.28,2.47,3.4,2.28,1.7857142857142856,1.6775,1.457542857142857,1.3008,1.6069714285714285,1.7934857142857146,2.530914285714285,1.8908,2.0042285714285715,3.1149714285714287,2.2767857142857144,1.4001714285714286,2.31,1.4464285714285716,1.325942857142857,1.957642857142857,3.1375428571428574,1.4080857142857142,1.6591,2.064,2.1142857142857143,2.105,1.9792,1.935714285714286,1.6349142857142858,1.5357142857142858,1.625,2.032,4.11
35-3031.00,Waiters and Waitresses,2.65,4.82,3.91,3.46,3.12,1.23,4.52,2.83,3.61,1.79,1.7934857142857146,1.947314285714286,1.5824,1.2036571428571428,1.3627428571428573,1.85,2.422285714285714,1.935714285714286,1.8287857142857145,2.138628571428572,2.2342857142857144,1.289928571428571,2.2767857142857144,1.3008,1.3024,1.8207,2.8580714285714284,1.0452571428571429,1.4269571428571428,1.3712285714285717,2.178571428571429,2.225714285714286,2.2342857142857144,1.892857142857143,1.985857142857143,1.32,1.595,1.3297857142857143,4.46
35-3041.00,"Food Servers, Nonrestaurant",2.9,4.31,3.92,3.66,3.83,1.97,4.68,2.45,3.32,2.36,1.7036571428571428,2.5048000000000004,1.6153857142857144,1.3571428571428572,1.6916571428571427,1.7036571428571428,2.591285714285714,1.7142857142857144,1.4061,2.491885714285714,2.071428571428572,1.5137714285714288,1.9085714285714288,1.3008,1.6624,1.9881857142857144,3.030571428571428,1.215228571428571,2.0702714285714285,2.08,1.8571428571428568,1.8571428571428568,1.605714285714286,1.68,1.8050857142857144,1.2208,1.32,2.0260714285714285,4.36
35-9011.00,Dining Room and Cafeteria Attendants and Bartender Helpers,2.96,4.76,2.78,3.94,3.57,1.52,4.46,2.71,3.57,1.82,1.822857142857143,2.180028571428571,1.8215,1.3785714285714286,1.4328714285714286,1.537142857142857,2.753814285714286,1.5693714285714286,1.656685714285714,2.6146000000000003,1.7857142857142856,1.3492857142857142,1.7142857142857144,1.268571428571429,1.4082142857142856,1.8626,2.3728,1.538,1.787142857142857,1.8824285714285716,1.6428571428571428,1.822857142857143,1.605714285714286,1.5714285714285714,1.9464714285714284,1.25,1.268571428571429,1.4619285714285717,4.62
35-9021.00,Dishwashers,2.09,3.85,3.38,2.3,1.54,1.28,4.39,1.96,2.22,1.79,1.5,1.649257142857143,1.3584571428571428,1.1885714285714286,1.2635714285714286,1.4285714285714286,1.6994285714285713,1.4285714285714286,1.1025142857142858,1.5874857142857142,1.5693714285714286,1.1392,1.5,1.1428571428571428,1.4566857142857144,1.3935428571428572,1.2833714285714286,1.3363714285714283,1.548657142857143,1.6771857142857145,1.4628571428571429,1.5,1.32,1.4628571428571429,1.3848,1.1885714285714286,1.2036571428571428,1.1723142857142856,3.77
35-9031.00,"Hosts and Hostesses, Restaurant, Lounge, and Coffee Shop",2.97,4.81,3.61,3.93,3.6,1.4,4.72,2.1,4.24,2.38,1.7734857142857143,2.0373714285714284,1.501,1.2857142857142856,1.221,1.822857142857143,1.8401,1.872228571428572,1.7257,2.814057142857143,2.2857142857142856,1.3084857142857145,2.2857142857142856,1.394285714285714,1.3257142857142856,2.2126,2.267714285714286,1.1594285714285717,1.7927142857142857,1.6422571428571429,1.9085714285714288,2.0028571428571427,1.9085714285714288,2.0285714285714285,1.868,1.5785714285714287,1.6063428571428573,1.8967,4.66
37-1011.00,First-Line Supervisors of Housekeeping and Janitorial Workers,3.19,4.45,4.07,3.08,2.41,1.65,4.81,3.0,4.54,3.06,2.125,3.092628571428571,2.6244571428571426,2.3192,3.267528571428572,2.023657142857143,3.4495,2.086428571428572,1.9976,3.0676857142857146,2.4035714285714285,2.428,2.5428571428571427,1.9449142857142856,2.3727,2.513114285714286,2.5486714285714287,2.2816,2.7864,3.0274,2.0028571428571427,2.0028571428571427,1.9449142857142856,1.9449142857142856,3.4817142857142858,1.8571428571428568,1.837942857142857,1.4902857142857142,4.62
37-1012.00,"First-Line Supervisors of Landscaping, Lawn Service, and Groundskeeping Workers",3.51,4.57,4.53,4.1,3.29,1.79,4.78,1.91,4.53,3.42,2.4732142857142856,1.6885428571428571,2.6632,2.596342857142857,3.3040000000000003,2.1635714285714283,3.172228571428572,2.571428571428571,1.6929857142857143,2.905514285714286,2.7142857142857144,2.0804,2.645714285714285,1.9642857142857144,2.5555,2.539285714285714,2.549542857142857,2.541428571428572,2.9393,2.647685714285714,1.9642857142857144,1.9642857142857144,1.9449142857142856,2.596342857142857,3.4576,1.8057142857142856,1.9085714285714288,2.323771428571429,4.65
37-2011.00,"Janitors and Cleaners, Except Maids and Housekeeping Cleaners",1.98,3.71,3.02,2.22,2.7,1.79,4.4,1.54,2.91,2.73,1.5625,1.8724285714285716,1.9396,1.28,1.5053714285714284,1.4906285714285716,2.6965000000000003,1.605714285714286,1.343985714285714,2.051428571428572,1.822857142857143,1.554357142857143,1.822857142857143,1.2208,1.4810285714285714,1.7185857142857144,1.6656,1.3415428571428571,1.635142857142857,1.925814285714286,1.604285714285714,1.5625,1.4821428571428572,1.6428571428571428,2.056342857142857,1.268571428571429,1.32,1.3443142857142858,3.15
37-2012.00,Maids and Housekeeping Cleaners,2.06,3.76,2.9,3.29,2.97,1.44,4.41,1.5,2.48,1.88,1.7485714285714289,2.0662857142857143,1.4101714285714286,1.32,1.2314285714285715,1.5693714285714286,1.792,1.5300000000000002,1.1621285714285714,1.7110857142857143,1.822857142857143,1.522,1.8571428571428568,1.3392000000000002,1.1754571428571428,1.4843428571428572,1.9471,1.086857142857143,1.3697857142857142,1.4140714285714284,1.5693714285714286,1.6714285714285717,1.7934857142857146,1.5300000000000002,1.5424,1.3392000000000002,1.3392000000000002,1.3186857142857142,3.91
37-2021.00,Pest Control Workers,2.72,4.38,2.48,4.0,2.89,1.52,4.7,1.56,4.64,2.67,1.9085714285714288,1.4821428571428572,1.5475,1.822857142857143,1.4868571428571429,1.9792,2.7528571428571427,2.1228571428571428,2.022142857142857,2.813828571428571,2.422142857142857,1.5263714285714285,2.422142857142857,1.7734857142857143,1.4939857142857145,1.887142857142857,2.6431714285714287,1.1953857142857145,1.5092714285714286,1.6948,2.225714285714286,2.265085714285714,1.9642857142857144,2.178571428571429,1.3869142857142858,1.872228571428572,1.9085714285714288,2.5908,3.17
37-3011.00,Landscaping and Groundskeeping Workers,3.2,3.19,2.89,2.26,3.3,1.77,3.98,1.29,2.41,1.72,1.595,1.9867,1.6035714285714286,1.28,1.1383142857142856,1.4285714285714286,1.6692571428571428,1.5049142857142856,1.118857142857143,2.4915714285714285,1.8057142857142856,1.1199285714285714,1.6875,1.25,1.0928428571428572,1.2586285714285714,1.3492,1.0671142857142857,1.859057142857143,1.605785714285714,1.537142857142857,1.537142857142857,1.4542857142857144,1.5625,1.7252,1.1734857142857142,1.231428571428571,1.0814857142857144,3.98
37-3012.00,"Pesticide Handlers, Sprayers, and Applicators, Vegetation",2.77,3.62,3.58,3.99,3.04,1.51,4.23,2.0,4.2,2.87,1.7857142857142856,1.8827142857142856,1.6059714285714286,1.4821428571428572,1.6214285714285717,1.7142857142857144,2.52,1.9085714285714288,1.946157142857143,2.4904428571428574,2.044642857142857,1.6439428571428572,1.9085714285714288,1.4179428571428572,1.7247142857142856,2.1087857142857143,2.9565,1.3747142857142858,1.8617142857142857,2.0622857142857143,1.822857142857143,1.8035714285714288,1.4821428571428572,1.9642857142857144,1.909857142857143,1.345,1.4691999999999998,2.4045,3.6
37-3013.00,Tree Trimmers and Pruners,2.52,4.22,3.04,3.43,2.38,1.56,4.72,1.46,3.9,1.83,1.8914285714285717,1.8260571428571428,1.3529714285714285,1.655,1.629,1.5785714285714287,2.2393,1.7857142857142856,1.3803571428571428,1.7208571428571429,2.265085714285714,1.5348000000000002,1.9449142857142856,1.8571428571428568,1.3456,1.5981428571428573,1.5916,1.1030714285714285,1.7762714285714285,2.097657142857143,1.7857142857142856,1.7857142857142856,1.6714285714285717,1.7036571428571428,1.6949999999999998,1.3571428571428572,1.4179428571428572,1.4669714285714286,4.23
39-1013.00,First-Line Supervisors of Gambling Services Workers,4.28,4.85,3.78,4.9,4.4,2.48,4.42,2.12,3.73,3.47,2.0608,1.826114285714286,1.8688857142857145,2.19,2.5029285714285714,2.25,2.482,2.422142857142857,1.2945428571428572,2.2669428571428574,2.607142857142857,1.5664000000000002,2.645714285714285,2.086428571428572,1.4805714285714286,2.382485714285714,3.537228571428571,1.3693714285714285,2.1914571428571428,1.8142857142857145,2.2767857142857144,2.422142857142857,2.44,2.375,1.8414285714285712,1.9449142857142856,1.8914285714285717,1.5436,4.73
39-1022.00,First-Line Supervisors of Personal Service Workers,3.64,5.0,4.7,4.0,3.77,1.75,4.53,2.39,4.84,3.61,2.422142857142857,2.0993285714285714,1.876,2.524285714285714,2.065371428571429,2.524285714285714,3.4217142857142857,2.4732142857142856,1.6886857142857143,2.6192,2.662857142857143,1.9150285714285715,2.662857142857143,1.9642857142857144,1.6314285714285717,2.3690285714285717,2.068342857142857,2.1974285714285715,2.377042857142857,2.3588714285714287,2.327857142857143,2.4732142857142856,2.1228571428571428,2.596342857142857,2.168285714285714,1.8571428571428568,2.071428571428572,2.152957142857143,4.83
39-2011.00,Animal Trainers,2.97,4.23,3.73,3.9,2.71,1.5,4.52,2.87,4.03,2.99,1.8571428571428568,2.044,1.7113428571428573,1.5785714285714287,1.7137,1.8571428571428568,2.819928571428572,2.071428571428572,2.1927142857142856,2.996114285714285,2.3192,2.2802,2.4971428571428573,2.225714285714286,2.4763,2.1978285714285715,3.016114285714286,1.3277,2.299428571428572,3.008457142857143,1.9642857142857144,1.872228571428572,1.8571428571428568,1.9085714285714288,2.0943,1.4821428571428572,1.7734857142857143,2.8117857142857146,3.62
39-2021.00,Animal Caretakers,3.21,4.76,3.36,3.62,3.23,1.37,4.88,2.28,3.98,3.08,1.7142857142857144,2.063657142857143,1.5115857142857143,1.25,1.3241714285714288,1.5625,2.7572,1.7385714285714284,1.3848142857142856,2.5273142857142856,2.044642857142857,1.8087142857142855,1.9842857142857144,1.32,1.510857142857143,1.822857142857143,2.213714285714285,1.1156,1.5724,1.8316,1.822857142857143,1.8571428571428568,1.822857142857143,1.8571428571428568,1.6827142857142858,1.231428571428571,1.22,2.0496,4.56
39-3011.00,Gambling Dealers,3.1,4.62,3.2,4.41,4.33,2.16,4.53,2.76,1.41,1.91,1.7385714285714284,1.5491428571428572,1.3983571428571429,1.28,1.2553714285714286,1.8328571428571427,2.1664000000000003,1.9792,1.215,2.249328571428572,2.4732142857142856,1.4400857142857142,2.4732142857142856,1.6063428571428573,1.2502857142857144,1.6131571428571427,2.646071428571429,1.0100571428571428,1.5623714285714287,1.510857142857143,2.071428571428572,2.071428571428572,1.872228571428572,2.02,1.3022285714285715,1.4435714285714285,1.5508,1.6279,4.39
39-3012.00,Gambling and Sports Book Writers and Runners,2.45,4.62,3.15,4.14,3.34,1.41,4.21,2.82,2.74,2.06,1.8571428571428568,2.089514285714285,1.4485714285714284,1.5165142857142857,1.499428571428571,1.822857142857143,2.3986,1.872228571428572,1.6658857142857144,2.509585714285714,2.662857142857143,1.5083,2.524285714285714,1.4017857142857142,1.2411142857142856,1.725485714285714,3.2241142857142857,1.2531571428571429,1.5519571428571428,1.9147714285714288,2.0608,1.9792,1.7036571428571428,2.1142857142857143,1.7810285714285712,1.3571428571428572,1.5357142857142858,2.035,4.44
39-3021.00,Motion Picture Projectionists,2.55,3.52,2.56,2.87,2.47,1.13,4.33,1.53,3.85,2.8,1.7036571428571428,1.1984571428571429,1.1436714285714285,1.2036571428571428,1.3519857142857143,1.604285714285714,2.393885714285714,1.822857142857143,1.0734428571428571,1.6623428571428571,2.06,1.1245714285714286,1.9449142857142856,1.268571428571429,1.3111000000000002,1.3651428571428572,1.9122142857142856,1.1119857142857144,1.4031714285714283,1.7379571428571428,1.8571428571428568,1.8571428571428568,1.5357142857142858,1.8571428571428568,1.4443428571428572,1.2857142857142856,1.32,1.3693428571428572,3.46
39-3031.00,"Ushers, Lobby Attendants, and Ticket Takers",3.32,4.86,3.14,4.54,3.93,2.61,4.69,1.97,3.7,2.37,1.68,1.8771571428571427,1.4665142857142857,1.394285714285714,1.3218857142857143,2.02,1.7874,1.8035714285714288,1.7317,2.1036,1.9257142857142855,1.324342857142857,1.9642857142857144,1.0992,1.212,1.8470142857142855,2.626228571428572,1.1437714285714289,1.4914,1.637,1.9792,1.8571428571428568,1.9642857142857144,1.8328571428571427,1.4581714285714285,1.604285714285714,1.6714285714285717,1.7228571428571429,3.95
39-3091.00,Amusement and Recreation Attendants,2.82,4.94,3.64,4.85,3.48,1.61,4.99,3.47,2.33,1.84,1.7036571428571428,1.9372,1.6121285714285714,1.2857142857142856,1.1952,1.68,2.210628571428572,1.8839285714285712,1.7520000000000002,2.414642857142857,2.178571428571429,1.4994999999999998,2.422142857142857,1.32,1.1753714285714283,1.7603142857142855,3.370642857142857,1.1625,1.718557142857143,1.9059142857142857,2.2342857142857144,2.02,1.8328571428571427,1.7142857142857144,1.4788,1.302857142857143,1.4928571428571429,1.7739714285714283,4.18
39-3092.00,Costume Attendants,2.59,4.47,3.82,2.75,2.42,1.29,4.73,1.76,3.48,2.63,1.9449142857142856,1.9417,1.6954571428571428,1.3785714285714286,1.6828857142857143,1.8571428571428568,2.640571428571429,1.9085714285714288,1.0334285714285714,2.6799142857142857,2.4522285714285714,1.7000857142857144,2.1677714285714287,1.4285714285714286,1.4620000000000002,1.9192857142857145,1.09,1.2333571428571428,1.6835714285714285,1.648685714285714,1.872228571428572,1.7142857142857144,1.7385714285714284,1.9449142857142856,2.1233,1.595,1.595,1.194071428571429,4.83
39-3093.00,"Locker Room, Coatroom, and Dressing Room Attendants",2.76,4.73,3.06,4.42,3.46,1.39,4.43,1.19,3.54,2.11,1.595,1.6144285714285715,1.283957142857143,1.197142857142857,1.145257142857143,1.7934857142857146,1.6647142857142858,2.029285714285714,1.0985714285714283,2.7876000000000003,2.02,1.1094714285714289,2.044642857142857,1.231428571428571,1.1180714285714286,1.6496,2.7058857142857144,1.0867428571428572,1.2562285714285717,1.2651428571428571,1.935,2.071428571428572,1.935714285714286,2.0285714285714285,1.513342857142857,1.4285714285714286,1.4017857142857142,1.4359142857142857,3.95
39-4011.00,Embalmers,4.02,4.56,4.39,4.62,3.38,1.67,4.97,3.39,4.94,4.23,1.8571428571428568,3.870428571428572,1.5333142857142856,1.6875,1.2790857142857144,2.1750857142857143,2.647685714285714,2.5428571428571427,1.4726714285714286,2.9474285714285715,2.4971428571428573,1.5934428571428572,2.3192,1.6063428571428573,1.2980714285714283,1.8245142857142855,2.777285714285714,1.099,1.5742857142857145,1.7592,2.0028571428571427,2.105,1.9085714285714288,2.4732142857142856,2.059428571428572,1.5165142857142857,1.3785714285714286,2.8321428571428573,4.14
39-4021.00,Funeral Attendants,2.02,4.21,3.21,4.0,2.2,1.31,4.53,2.2,3.75,2.67,1.8571428571428568,3.096742857142857,1.7148857142857143,1.12,1.171,2.044642857142857,2.776342857142857,1.8571428571428568,1.170057142857143,2.7813714285714286,2.1635714285714283,1.6208,2.1635714285714283,1.2142857142857144,1.2915142857142858,1.4500000000000002,3.206757142857143,1.0568285714285717,1.4831857142857143,1.5635,1.9085714285714288,1.8914285714285717,2.0028571428571427,1.9449142857142856,1.7018285714285717,1.1885714285714286,1.2857142857142856,2.1454,4.22
39-4031.00,"Morticians, Undertakers, and Funeral Arrangers",2.85,4.73,3.85,4.56,2.89,1.65,4.78,2.9,4.79,3.72,2.571428571428571,3.2981,2.025828571428572,2.0,2.261628571428571,2.9522285714285714,3.3643,2.571428571428571,2.5762,3.7634857142857143,2.524285714285714,1.829214285714286,2.7142857142857144,1.8571428571428568,2.770942857142857,2.902857142857143,3.809671428571429,1.7534285714285716,1.8489714285714285,1.7258285714285715,2.4732142857142856,2.4732142857142856,2.645714285714285,2.782857142857143,2.4363,2.06,2.06,3.017428571428572,4.25
39-5011.00,Barbers,2.24,4.81,2.94,3.37,2.56,1.68,4.29,2.28,4.59,1.73,1.51,2.282714285714285,1.3503142857142858,1.25,1.1741857142857142,1.872228571428572,1.360642857142857,1.8328571428571427,1.4572,3.0703571428571426,2.265085714285714,1.3011714285714286,2.086428571428572,1.0664285714285715,1.3847285714285715,1.664857142857143,3.768228571428572,1.1236857142857142,1.1878857142857142,1.2252571428571428,1.7934857142857146,2.0028571428571427,1.9085714285714288,2.02,1.4292714285714283,1.2142857142857144,1.3571428571428572,2.0329428571428574,3.23
39-5012.00,"Hairdressers, Hairstylists, and Cosmetologists",2.64,4.82,3.42,4.48,2.71,1.07,4.83,1.85,4.97,2.19,1.6714285714285717,2.799857142857143,1.968457142857143,1.4821428571428572,1.5737142857142858,1.9449142857142856,2.2206,2.178571428571429,2.7683714285714287,2.894428571428572,2.2767857142857144,2.0089428571428574,2.327857142857143,1.8057142857142856,2.164428571428571,2.3811142857142857,3.3777571428571425,1.442,2.0388,2.2446,1.9642857142857144,2.216428571428572,2.216428571428572,2.2342857142857144,1.8414714285714289,1.595,1.7385714285714284,2.492114285714286,3.91
39-5091.00,"Makeup Artists, Theatrical and Performance",2.48,4.62,3.19,3.05,2.67,1.33,4.86,1.95,4.2,3.05,1.9085714285714288,2.3848571428571432,2.178571428571429,1.4542857142857144,2.0200000000000005,1.8571428571428568,3.2295,2.225714285714286,1.5719285714285711,3.751428571428571,2.7142857142857144,1.4017142857142857,2.596342857142857,1.6364285714285711,1.8217857142857143,2.445,1.8609142857142855,1.6545714285714286,1.975,2.162928571428572,1.8328571428571427,2.0608,1.8571428571428568,2.1607142857142856,2.386,1.4435714285714285,1.7385714285714284,1.9517857142857145,4.57
39-5092.00,Manicurists and Pedicurists,1.44,4.5,2.88,2.4,1.95,1.18,3.84,1.11,2.9,1.64,1.5625,1.683871428571429,1.125357142857143,1.268571428571429,1.1780428571428572,1.7485714285714289,1.3285714285714287,1.7485714285714289,1.4106142857142858,2.219428571428572,1.7385714285714284,1.239142857142857,1.7857142857142856,1.32,1.5472,1.7235999999999998,2.155,1.1597142857142857,1.385557142857143,1.2652,1.7385714285714284,1.8571428571428568,1.7485714285714289,1.7857142857142856,1.363057142857143,1.4542857142857144,1.4906285714285716,1.2712,3.47
39-5093.00,Shampooers,1.9,4.92,3.38,4.03,2.89,1.24,4.54,1.38,3.88,2.33,1.655,2.1710285714285718,1.4641000000000002,1.231428571428571,1.595885714285714,1.655,2.359285714285714,1.8035714285714288,1.8171428571428567,2.307714285714286,1.980628571428572,1.5412428571428571,1.9792,1.32,1.4585714285714286,1.875114285714286,2.537,1.3338571428571426,1.6336,1.8034285714285716,1.8035714285714288,1.7385714285714284,1.7857142857142856,1.7934857142857146,1.7907142857142857,1.289285714285714,1.3193714285714284,1.7029999999999998,4.45
39-5094.00,Skincare Specialists,2.45,4.99,3.3,4.58,2.41,1.25,5.0,1.71,4.1,2.61,1.7857142857142856,3.1986857142857144,2.3579,1.268571428571429,1.4443714285714284,1.9085714285714288,2.7231428571428573,2.225714285714286,3.082114285714286,3.712,2.5428571428571427,1.284657142857143,2.596342857142857,1.7036571428571428,2.6250142857142857,2.1399142857142857,2.6140714285714286,1.342,2.317857142857143,2.353142857142857,2.071428571428572,2.1607142857142856,2.31,2.1607142857142856,2.4388428571428573,1.5508,1.625,2.107428571428572,3.9
39-6011.00,Baggage Porters and Bellhops,2.98,4.41,3.27,4.35,3.64,1.67,4.15,1.55,4.23,1.95,1.7857142857142856,3.0900000000000003,2.1090142857142857,1.36,1.5915,1.6391999999999998,2.6944285714285714,1.980628571428572,1.9774285714285715,2.6092,2.225714285714286,1.5782857142857143,2.422142857142857,1.5357142857142858,2.111814285714286,2.095757142857143,3.728457142857143,1.3905142857142856,2.186142857142857,2.139685714285714,1.9085714285714288,2.071428571428572,2.178571428571429,2.1677714285714287,1.9147714285714288,1.3785714285714286,1.3785714285714286,2.544,4.28
39-6012.00,Concierges,3.14,4.73,3.5,4.27,3.27,1.82,4.82,2.91,4.91,3.81,2.071428571428572,2.6342857142857143,1.927042857142857,1.2857142857142856,2.1258142857142857,2.2857142857142856,2.9175000000000004,2.4485714285714284,1.8785714285714288,3.546,2.782857142857143,1.6084714285714283,2.782857142857143,1.2857142857142856,2.3055,2.222557142857143,3.0988,1.6496285714285714,2.3257142857142856,2.2206,2.596342857142857,2.645714285714285,2.7142857142857144,2.662857142857143,2.183757142857143,1.7200000000000002,1.8571428571428568,3.021571428571429,4.0
39-7011.00,Tour Guides and Escorts,2.3,4.45,3.99,4.37,2.34,1.4,4.49,4.49,3.09,2.41,1.8571428571428568,1.6489142857142856,1.3156857142857143,1.231428571428571,1.1801428571428572,1.9642857142857144,2.373628571428571,2.337142857142857,1.2208,2.7766,2.7142857142857144,2.0206857142857144,2.729371428571429,1.4435714285714285,1.1869,1.3320142857142858,3.2701,1.0568285714285717,1.5391428571428571,1.9183571428571429,2.645714285714285,1.9842857142857144,1.872228571428572,2.0028571428571427,1.685342857142857,1.32,1.4906285714285716,2.761428571428572,4.21
39-7012.00,Travel Guides,2.76,4.81,4.16,4.34,2.96,1.61,4.41,2.87,4.91,3.7,2.422142857142857,2.5664285714285717,1.9057142857142857,1.7385714285714284,1.5838857142857143,2.337142857142857,2.145057142857143,2.392857142857143,2.249542857142857,3.2933000000000003,2.7142857142857144,1.7613571428571428,2.7142857142857144,1.75,1.5166857142857144,2.6011285714285712,3.7356857142857143,1.2039428571428572,1.6314285714285717,2.331542857142857,2.6950857142857143,2.6950857142857143,2.729371428571429,2.645714285714285,1.7358571428571428,2.023657142857143,2.327857142857143,3.770742857142857,4.38
39-9011.00,Childcare Workers,3.42,4.76,3.61,3.39,2.93,2.22,4.55,2.09,3.37,3.31,1.9085714285714288,2.900328571428572,1.785685714285714,1.3785714285714286,1.442157142857143,2.044642857142857,2.1256,1.9085714285714288,1.1802,2.254857142857143,2.5428571428571427,1.4938857142857145,2.375,1.822857142857143,1.4085714285714286,2.109742857142857,1.8854714285714285,1.1450285714285715,1.5816571428571429,1.771,1.8571428571428568,1.9449142857142856,2.105,1.9085714285714288,1.8938,1.655,1.7734857142857143,1.6521285714285714,4.46
39-9011.01,Nannies,3.16,4.38,2.96,1.96,2.92,1.76,4.67,1.08,3.43,2.62,2.1142857142857143,3.621257142857143,1.312,1.4179428571428572,1.5933714285714284,2.5428571428571427,2.4016,2.178571428571429,1.2342857142857142,3.314514285714286,2.662857142857143,1.288,2.662857142857143,1.9642857142857144,1.495085714285714,2.402971428571429,1.1088,1.0292571428571429,2.0845714285714285,2.059542857142857,2.225714285714286,2.225714285714286,2.375,2.2342857142857144,1.8925714285714288,1.8571428571428568,2.1677714285714287,1.294857142857143,3.24
39-9031.00,Exercise Trainers and Group Fitness Instructors,2.67,4.76,3.71,4.38,2.95,1.45,4.76,3.67,3.62,2.57,1.8571428571428568,2.735857142857143,1.5983999999999998,1.32,1.5168,1.9085714285714288,2.3998428571428567,2.1228571428571428,2.05,3.157628571428571,2.071428571428571,1.864,2.645714285714285,2.607142857142857,1.8971428571428568,1.762714285714286,3.068142857142857,1.2565,2.711914285714286,2.817142857142857,2.354914285714286,1.8571428571428568,2.2767857142857144,1.9642857142857144,1.4978,1.2857142857142856,1.7734857142857143,1.504,3.52
39-9032.00,Recreation Workers,3.02,4.81,3.88,3.54,3.54,2.28,4.59,2.94,4.54,3.21,2.7142857142857144,2.6840714285714284,2.6068571428571428,2.023657142857143,2.1682,2.7142857142857144,3.1294,2.7142857142857144,1.9446571428571429,3.2214571428571426,2.7142857142857144,2.2010571428571426,2.7142857142857144,2.327857142857143,2.422628571428572,2.8637714285714284,2.6560571428571427,2.068742857142857,2.436914285714286,2.4556571428571425,2.337142857142857,2.1677714285714287,2.607142857142857,2.7142857142857144,2.8666142857142862,1.822857142857143,1.9449142857142856,2.573457142857143,4.49
39-9041.00,Residential Advisors,4.13,4.57,3.62,3.43,3.42,2.55,4.49,2.81,4.19,2.9,2.327857142857143,3.7375,2.245342857142857,1.8057142857142856,2.2693142857142856,2.5,2.8943714285714286,2.524285714285714,1.468,3.522071428571428,2.7142857142857144,1.7874285714285714,2.7142857142857144,1.8057142857142856,1.9161142857142852,2.778142857142857,2.051514285714286,1.723642857142857,2.3589714285714285,2.33,2.327857142857143,2.4971428571428573,2.1677714285714287,2.596342857142857,2.681985714285714,2.1228571428571428,2.02,2.3695000000000004,4.33
41-1011.00,First-Line Supervisors of Retail Sales Workers,3.55,4.85,4.38,4.55,3.59,1.37,4.95,1.95,4.74,3.58,2.2928571428571427,2.0024571428571427,2.3468,2.1635714285714283,2.6554,2.3392857142857144,2.7081142857142857,2.524285714285714,2.3354285714285714,2.926857142857143,2.596342857142857,1.729342857142857,2.645714285714285,2.1635714285714283,1.7933714285714286,2.8702428571428573,3.024,2.0667428571428568,2.857857142857143,2.8893142857142857,2.337142857142857,2.524285714285714,2.4732142857142856,2.4893714285714283,2.6378285714285714,2.1635714285714283,2.1635714285714283,2.6325142857142856,4.76
41-1012.00,First-Line Supervisors of Non-Retail Sales Workers,3.51,4.7,4.56,4.23,3.14,1.25,4.91,3.45,4.97,3.91,2.645714285714285,1.7057142857142855,2.616357142857143,2.7142857142857144,3.4094571428571427,2.645714285714285,3.6877,2.7142857142857144,2.429942857142857,2.771785714285714,2.7142857142857144,2.1233,2.765714285714286,2.2857142857142856,2.7392857142857143,2.693657142857143,1.8414285714285712,2.157571428571429,3.297428571428572,2.788428571428572,2.645714285714285,2.7142857142857144,1.9449142857142856,2.7142857142857144,2.622028571428572,2.4035714285714285,2.524285714285714,2.5732,4.66
41-2011.00,Cashiers,2.43,4.96,3.51,3.72,4.11,1.74,4.56,2.83,4.53,2.17,1.655,1.3955714285714285,1.2719714285714283,1.2857142857142856,1.1612,1.7857142857142856,1.8003999999999998,1.7485714285714289,1.4126571428571428,2.101514285714286,2.25,1.2573142857142858,2.071428571428572,1.394285714285714,1.2680285714285715,1.4073142857142855,2.4452857142857143,1.1696428571428572,1.4004,1.4986142857142857,1.872228571428572,1.8571428571428568,1.872228571428572,1.822857142857143,1.2589428571428571,1.394285714285714,1.394285714285714,1.6264,4.02
41-2012.00,Gambling Change Persons and Booth Cashiers,3.35,4.87,2.82,4.28,4.61,2.27,4.71,1.86,4.0,2.99,1.68,2.002742857142857,1.7888,1.3785714285714286,1.8401,1.605714285714286,2.738657142857143,1.7857142857142856,1.2436,2.9639,2.1607142857142856,1.753342857142857,2.105,1.4179428571428572,1.5882142857142858,2.5772571428571425,3.117714285714286,1.1926428571428571,2.122,2.019857142857143,1.9085714285714288,1.9642857142857144,1.822857142857143,1.8571428571428568,1.8997857142857144,1.4906285714285716,1.5207142857142857,1.7426428571428572,3.67
41-2021.00,Counter and Rental Clerks,3.8,4.91,3.53,4.43,4.03,1.63,5.0,1.66,5.0,2.48,1.8571428571428568,1.847842857142857,1.5375285714285716,1.4435714285714285,1.4752,1.872228571428572,2.3672571428571425,2.02,2.1376,2.189657142857143,2.662857142857143,1.6757,2.5428571428571427,1.5614285714285714,1.4305,2.0191,3.1672,1.2576571428571428,1.8431285714285717,1.8323,2.216428571428572,2.265085714285714,2.105,2.225714285714286,1.6880714285714284,1.7734857142857143,1.7734857142857143,2.0584285714285717,4.52
41-2022.00,Parts Salespersons,3.72,5.0,3.96,4.84,3.99,1.97,4.24,1.91,4.78,2.92,1.8057142857142856,2.0187714285714287,2.1664,1.32,2.0648285714285715,1.9792,2.9765,2.4485714285714284,2.6370571428571425,2.948057142857143,2.662857142857143,2.202571428571429,2.7142857142857144,1.6714285714285717,2.08,2.733485714285714,3.324114285714286,1.7055571428571428,2.047714285714286,2.354285714285714,2.216428571428572,2.4732142857142856,2.1677714285714287,2.662857142857143,2.441628571428572,1.8057142857142856,2.2767857142857144,3.4137142857142857,4.88
41-2031.00,Retail Salespersons,3.08,4.89,3.61,4.6,3.88,1.55,4.88,1.98,4.61,2.66,1.8571428571428568,1.7643571428571423,1.4858571428571428,1.4179428571428572,1.3382,2.1142857142857143,2.1622142857142856,2.225714285714286,3.190571428571429,2.9393,2.4893714285714283,1.5970000000000002,2.662857142857143,1.7385714285714284,1.2898,2.2355,3.5758,1.0684,1.4228,1.477942857142857,2.1677714285714287,2.354914285714286,2.524285714285714,2.4732142857142856,1.7144,2.3392857142857144,2.645714285714285,1.6551999999999998,4.35
41-3011.00,Advertising Sales Agents,3.01,4.79,3.04,4.81,3.15,1.08,4.71,2.91,5.0,4.12,1.9842857142857144,1.441028571428571,1.641142857142857,1.4691999999999998,1.364,2.4893714285714283,3.0860000000000003,2.782857142857143,4.34337142857143,3.544457142857142,2.7142857142857144,1.6477428571428572,2.782857142857143,1.4910714285714284,2.0927,3.254142857142857,3.405785714285714,1.1546285714285716,1.5427714285714282,1.4216,2.782857142857143,2.7142857142857144,2.5428571428571427,2.571428571428571,1.6974,2.524285714285714,2.7142857142857144,3.991942857142857,4.34
41-3021.00,Insurance Sales Agents,3.45,4.73,3.26,4.97,3.14,1.13,4.93,2.22,5.0,3.87,1.8571428571428568,1.3045,1.5428000000000002,1.268571428571429,1.342257142857143,1.9085714285714288,2.1842571428571427,2.645714285714285,2.8146,3.093,2.765714285714286,1.7243142857142857,2.765714285714286,1.6665142857142858,1.5739428571428573,1.9840285714285717,2.363371428571429,1.1122857142857143,1.3210285714285717,1.3662285714285716,2.4732142857142856,2.4035714285714285,2.19,2.645714285714285,1.4115714285714285,2.086428571428572,2.4522285714285714,1.9964285714285717,3.67
41-3031.00,"Securities, Commodities, and Financial Services Sales Agents",2.9,4.69,3.07,4.28,2.81,1.23,4.71,2.27,4.93,3.35,1.837942857142857,1.2574999999999998,1.6239142857142856,1.655,1.5883428571428573,2.105,2.787357142857143,2.3392857142857144,2.6964999999999995,3.311757142857143,2.729371428571429,2.418214285714286,2.6950857142857143,1.8728571428571428,1.9582857142857144,2.298757142857143,2.2699,1.1399714285714286,1.742257142857143,1.6473571428571427,2.31,2.4285714285714284,2.1635714285714283,2.524285714285714,1.7869714285714284,1.9285714285714288,2.2928571428571427,2.843342857142857,4.11
41-3041.00,Travel Agents,3.07,4.45,3.19,4.43,2.6,1.31,4.05,1.54,5.0,4.06,1.872228571428572,1.464,1.233142857142857,1.2036571428571428,1.460942857142857,2.225714285714286,2.489285714285714,2.337142857142857,2.6441714285714286,2.7287,2.7142857142857144,2.005428571428572,2.645714285714285,1.6063428571428573,1.6775714285714285,2.2826,2.9560285714285714,1.3590285714285717,1.7197428571428572,1.8271428571428572,2.551428571428572,2.782857142857143,2.782857142857143,2.782857142857143,1.785742857142857,1.9842857142857144,2.31,2.8364857142857147,3.43
41-4011.00,"Sales Representatives, Wholesale and Manufacturing, Technical and Scientific Products",3.54,4.57,3.78,3.81,3.52,1.2,4.56,2.07,5.0,3.66,2.265085714285714,1.3625142857142858,1.3714285714285714,1.5785714285714287,1.1026,2.5428571428571427,2.5012,2.8571428571428568,2.2946285714285715,3.5601142857142856,2.928571428571429,1.5425,3.31,1.837942857142857,1.666,2.1804,1.2921857142857145,1.0702,1.251742857142857,1.328242857142857,2.765714285714286,2.7142857142857144,2.327857142857143,2.8363428571428573,1.5314285714285716,2.7142857142857144,2.8571428571428568,2.3615000000000004,4.26
41-4011.07,Solar Sales Representatives and Assessors,2.43,4.95,3.86,4.94,2.33,1.33,3.78,1.75,4.99,2.95,1.8914285714285717,1.2742857142857145,1.6886285714285716,1.32,1.5619428571428573,2.1142857142857143,2.644857142857143,2.7142857142857144,3.4292857142857143,2.8795714285714284,2.7142857142857144,2.258,2.7142857142857144,1.8057142857142856,1.9436571428571423,1.9343428571428567,1.6917142857142855,1.327,1.8452285714285712,2.0012857142857143,2.354914285714286,2.2928571428571427,2.4035714285714285,2.3392857142857144,2.3055714285714286,2.1635714285714283,2.4522285714285714,2.6772857142857145,4.57
41-4012.00,"Sales Representatives, Wholesale and Manufacturing, Except Technical and Scientific Products",3.31,5.0,4.32,4.91,3.58,1.11,4.65,2.08,4.99,3.37,1.9449142857142856,1.7632857142857143,1.1853,1.22,1.4826428571428572,2.375,3.07,2.7142857142857144,3.8490285714285712,3.200242857142857,2.645714285714285,1.4536857142857142,2.765714285714286,1.6875,1.4098428571428572,2.6226000000000003,2.514571428571428,1.0062142857142855,1.6139428571428571,1.3642571428571428,2.596342857142857,2.571428571428571,1.9449142857142856,2.7142857142857144,1.6763428571428571,2.524285714285714,2.571428571428571,2.3608,4.91
41-9011.00,Demonstrators and Product Promoters,2.87,4.82,3.2,4.44,3.45,1.14,4.27,3.0,3.33,3.17,1.9285714285714288,1.5153142857142856,1.7425714285714284,1.4691999999999998,1.3146,1.9285714285714288,2.2685142857142857,2.596342857142857,3.604,3.1172571428571425,2.5428571428571427,1.536957142857143,2.596342857142857,1.5914285714285714,1.5152,1.386742857142857,3.6286857142857145,1.246914285714286,1.5505714285714287,1.8398285714285716,2.645714285714285,2.524285714285714,2.0028571428571427,2.4893714285714283,1.5610142857142857,1.5677714285714286,2.3857142857142857,2.723585714285715,3.85
41-9012.00,Models,1.73,4.69,2.66,2.16,1.6,1.17,3.98,2.12,3.0,1.77,1.4628571428571429,1.181457142857143,1.0675,1.0535714285714286,1.0504,1.7036571428571428,1.3955714285714285,1.5300000000000002,1.1089428571428572,2.135542857142857,1.8057142857142856,1.097257142857143,1.655,1.0135714285714286,1.1060571428571428,1.1165714285714283,1.5425,1.0225857142857142,1.0268714285714289,1.0726857142857142,1.655,1.6875,1.2036571428571428,1.655,1.1568571428571428,1.25,1.25,1.1110285714285717,3.32
41-9021.00,Real Estate Brokers,3.14,4.69,3.9,4.46,3.2,1.24,4.78,2.76,5.0,4.16,1.872228571428572,1.5450285714285714,1.479942857142857,1.6364285714285711,1.5691428571428574,2.0608,2.480242857142857,2.7142857142857144,2.7077142857142853,3.404628571428572,2.7142857142857144,1.7243142857142857,2.7142857142857144,1.4821428571428572,2.019757142857143,2.6517285714285714,2.2834,1.381,1.8848285714285715,1.7441285714285717,2.216428571428572,2.4035714285714285,2.044642857142857,2.645714285714285,1.910242857142857,2.4971428571428573,2.4285714285714284,2.6142142857142856,4.26
41-9022.00,Real Estate Sales Agents,3.29,4.95,3.84,3.86,3.21,1.62,4.72,2.67,4.95,4.26,2.422142857142857,2.2462285714285715,2.37,1.6875,1.975,2.4732142857142856,3.0560714285714288,2.7142857142857144,3.4938571428571428,3.705428571428572,2.7142857142857144,2.256,2.7142857142857144,1.6942857142857144,2.690714285714286,4.0295000000000005,3.153142857142857,1.6094285714285714,2.276,2.1016000000000004,2.3906285714285715,2.645714285714285,2.3392857142857144,2.7142857142857144,2.464285714285714,2.596342857142857,2.542057142857143,3.3807142857142853,3.63
41-9031.00,Sales Engineers,2.95,4.56,4.01,4.57,2.31,1.0,4.46,2.69,4.87,2.76,2.2308,1.207142857142857,1.4747428571428571,1.6942857142857144,1.5451428571428572,2.662857142857143,3.0973714285714284,2.894285714285714,3.5232,3.048571428571429,3.091428571428572,2.389771428571428,3.2285714285714286,2.275,2.6596,1.9523571428571431,1.688242857142857,1.0967285714285715,1.7193999999999998,2.383942857142857,2.8363428571428573,2.7142857142857144,2.524285714285714,2.765714285714286,1.5759571428571428,2.645714285714285,2.894285714285714,3.422742857142857,4.19
41-9041.00,Telemarketers,2.51,4.88,2.54,4.45,4.17,1.25,3.62,1.79,4.93,2.49,1.4821428571428572,2.512,1.6040285714285714,1.0992,1.6485142857142856,1.9642857142857144,3.1461142857142854,2.671428571428572,4.1625,3.0118,2.607142857142857,2.2455857142857143,2.607142857142857,1.2232142857142858,1.882,2.7325,1.8514285714285716,1.0081714285714285,1.378857142857143,1.7559999999999998,2.4732142857142856,2.31,2.1142857142857143,2.662857142857143,1.5832285714285717,1.7485714285714289,2.613485714285714,3.422,3.28
41-9091.00,"Door-to-Door Sales Workers, News and Street Vendors, and Related Workers",2.54,4.48,2.92,4.7,2.71,1.25,4.14,3.7,4.55,3.14,2.0028571428571427,1.4026,2.1822,1.1734857142857142,2.1437857142857144,2.225714285714286,2.0415714285714284,2.4485714285714284,3.342342857142857,3.1283142857142856,2.4893714285714283,1.3409142857142855,2.607142857142857,1.4179428571428572,1.6692999999999998,1.7428571428571429,3.1204857142857145,1.4968571428571429,2.5142857142857142,2.0994,2.25,2.25,2.1677714285714287,2.0608,1.6765,2.086428571428572,2.7142857142857144,2.5645857142857142,3.05
43-1011.00,First-Line Supervisors of Office and Administrative Support Workers,3.44,4.7,4.07,4.0,3.15,1.24,4.93,2.04,4.93,3.6,2.607142857142857,2.1356714285714284,2.3794000000000004,2.4732142857142856,2.677,2.662857142857143,3.029714285714286,2.7142857142857144,1.5237142857142858,2.762714285714286,2.782857142857143,2.0910285714285712,2.7142857142857144,2.422142857142857,2.3690857142857142,2.936628571428572,1.9107857142857143,2.524285714285714,2.9474714285714287,2.386385714285714,2.5428571428571427,2.44,2.31,2.662857142857143,2.571142857142857,2.354914285714286,2.31,2.4578,4.53
43-2011.00,"Switchboard Operators, Including Answering Service",3.59,4.98,3.31,4.39,4.34,1.75,4.6,1.61,5.0,3.8,1.7485714285714289,1.4642,1.344,1.1734857142857142,1.2325,2.071428571428572,2.402742857142857,2.184914285714286,1.0150571428571429,1.9660571428571432,2.671428571428572,1.1849571428571428,2.782857142857143,1.268571428571429,1.2271857142857143,1.5654142857142856,2.5561142857142856,1.048042857142857,1.2054571428571428,1.205657142857143,2.662857142857143,2.7142857142857144,1.872228571428572,2.2857142857142856,1.2005714285714286,1.3392000000000002,1.4435714285714285,1.6226285714285713,4.35
43-2021.00,Telephone Operators,3.14,5.0,3.92,4.68,3.9,1.72,4.6,2.69,5.0,2.97,1.4821428571428572,1.9980142857142855,1.2432571428571428,1.25,1.2724428571428572,1.872228571428572,2.434214285714286,2.4485714285714284,1.0702,2.547357142857143,2.551428571428572,2.1161142857142856,2.671428571428572,1.268571428571429,1.3275,1.6640285714285716,3.0037285714285717,1.2834285714285714,1.641142857142857,1.869657142857143,2.607142857142857,2.765714285714286,2.1142857142857143,2.551428571428572,1.117,1.22,1.25,2.0296000000000003,4.67
43-3011.00,Bill and Account Collectors,3.57,4.9,3.34,3.97,4.63,1.38,3.8,1.77,4.62,3.75,1.7734857142857143,1.3997714285714289,1.428742857142857,1.32,1.4807428571428574,2.02,2.3961428571428574,2.4893714285714283,1.1904285714285714,2.4116285714285715,2.524285714285714,1.3927428571428573,2.524285714285714,1.4691999999999998,1.3117714285714286,2.3072,1.4028571428571428,1.0644285714285715,1.4285714285714286,1.6392571428571427,2.1228571428571428,2.1228571428571428,1.7857142857142856,2.4893714285714283,1.2952857142857144,1.8914285714285717,2.2308,1.785057142857143,3.5
43-3021.00,Billing and Posting Clerks,2.26,4.32,2.58,3.33,2.96,1.26,4.0,1.07,4.72,3.71,1.655,1.4068571428571428,1.2231571428571428,1.3785714285714286,1.1525714285714286,1.7036571428571428,2.274514285714286,1.9449142857142856,1.0552714285714286,1.6475142857142857,2.19,1.4889285714285714,2.3392857142857144,1.3808,1.2467428571428572,1.6128285714285715,1.2473714285714286,1.0362428571428572,1.4616857142857145,1.4224,1.9642857142857144,2.1492,1.7385714285714284,2.023657142857143,1.4478571428571427,1.4017857142857142,1.3392000000000002,2.0841142857142856,4.03
43-3031.00,"Bookkeeping, Accounting, and Auditing Clerks",2.99,4.48,3.38,3.61,2.68,1.09,4.55,1.89,4.79,3.79,1.7385714285714284,1.2850285714285714,1.3824571428571428,1.32,1.2106,1.6875,2.5671142857142857,1.9449142857142856,1.0822857142857143,2.9305000000000003,2.7142857142857144,1.615,2.3392857142857144,1.32,1.4704000000000002,1.9274714285714285,1.9211428571428573,1.2435714285714283,1.3808,1.4048714285714283,1.9285714285714288,1.9449142857142856,1.7734857142857143,2.205357142857143,1.5652,1.4249999999999998,1.3785714285714286,2.3400714285714286,3.92
43-3041.00,Gambling Cage Workers,3.22,4.96,3.63,4.6,4.07,1.63,3.88,1.95,3.34,2.97,1.7385714285714284,1.3712571428571427,1.828,1.4017857142857142,1.8325714285714283,1.8571428571428568,2.4897142857142858,2.071428571428572,1.1077714285714286,2.1492,2.5428571428571427,1.8352,2.596342857142857,1.7385714285714284,1.354,1.957,2.603285714285714,1.3336142857142856,1.875257142857143,2.2307714285714284,2.178571428571429,2.0028571428571427,1.8571428571428568,2.0028571428571427,2.056,1.7036571428571428,1.604285714285714,1.685714285714286,4.28
43-3051.00,Payroll and Timekeeping Clerks,2.35,3.82,2.36,2.29,2.73,1.32,4.83,1.88,4.69,4.0,1.5300000000000002,1.7437142857142858,1.5258285714285715,1.2857142857142856,1.1988571428571428,1.7734857142857143,2.8042857142857143,1.9449142857142856,1.0873,2.6724,2.596342857142857,1.8022285714285715,2.4522285714285714,1.3785714285714286,1.3922285714285714,1.7382857142857144,1.0971142857142857,1.3320857142857143,1.1672,1.617142857142857,1.8914285714285717,1.8914285714285717,1.7857142857142856,2.327857142857143,1.317942857142857,1.2857142857142856,1.2857142857142856,1.6567714285714286,4.5
43-3061.00,Procurement Clerks,2.55,4.58,3.13,3.4,2.37,1.0,4.29,1.22,4.94,3.14,1.872228571428572,1.5948285714285713,1.2835,1.6875,1.4732571428571428,2.1228571428571428,3.1635714285714287,2.662857142857143,1.323,2.9714714285714283,2.662857142857143,1.5965714285714283,2.7142857142857144,1.4821428571428572,1.5810000000000002,2.046742857142857,1.5125714285714285,1.272571428571429,1.7857,1.782,2.1228571428571428,2.02,1.9085714285714288,2.645714285714285,1.5450285714285714,1.94,1.6391999999999998,2.579414285714286,4.26
43-3071.00,Tellers,3.36,4.96,3.8,4.06,3.91,2.29,4.88,2.42,4.88,3.42,1.7385714285714284,2.007542857142857,1.6892285714285715,1.4435714285714285,1.5794285714285714,1.9085714285714288,2.900514285714286,1.9642857142857144,2.457057142857143,3.326857142857143,2.607142857142857,2.193142857142857,2.596342857142857,1.7734857142857143,1.6222142857142856,2.5863857142857145,3.2338857142857145,1.2844285714285717,1.641057142857143,1.5682857142857145,2.422142857142857,2.4893714285714283,1.9085714285714288,2.2928571428571427,1.7416714285714288,1.4542857142857144,1.595,2.088028571428572,4.53
43-4011.00,Brokerage Clerks,3.21,4.84,3.12,4.44,2.82,1.11,4.67,1.32,5.0,2.76,1.7734857142857143,1.2445,1.2557285714285715,1.4906285714285716,1.138,1.8571428571428568,1.9742857142857144,2.4893714285714283,1.4475142857142858,2.914228571428572,2.662857142857143,1.764342857142857,2.645714285714285,1.4285714285714286,1.3418857142857143,1.5867857142857142,1.161142857142857,1.0068714285714286,1.3408,1.4051285714285715,2.31,2.4035714285714285,1.8914285714285717,2.596342857142857,1.2574,1.6714285714285717,1.4542857142857144,2.6146,4.35
43-4021.00,Correspondence Clerks,3.17,4.79,3.32,3.82,3.04,1.17,4.76,1.49,4.74,4.04,1.7734857142857143,1.652457142857143,1.4774,1.4017857142857142,1.3189428571428572,1.872228571428572,2.7438571428571428,2.25,1.1493142857142855,2.667828571428571,2.524285714285714,1.6873142857142858,2.4522285714285714,1.3571428571428572,1.3813714285714285,1.7975,1.8973714285714287,1.0671142857142857,1.3732142857142855,1.5434,1.9792,1.9085714285714288,1.8571428571428568,2.524285714285714,1.5402,1.6364285714285711,1.7200000000000002,2.422142857142857,4.38
43-4031.00,"Court, Municipal, and License Clerks",3.2,4.79,3.44,4.41,3.88,2.02,4.74,2.34,4.85,4.24,1.8571428571428568,1.5610142857142857,1.4576714285714285,1.655,1.3471428571428572,1.8839285714285712,2.794914285714286,2.354914285714286,1.0225857142857142,2.6341,2.4893714285714283,1.6197428571428572,2.4732142857142856,1.4691999999999998,1.5016000000000005,1.8319428571428569,2.8045,1.1781,1.6677142857142857,1.8556,2.0608,2.2071428571428573,1.9085714285714288,2.354914285714286,1.5833714285714289,1.36,1.4179428571428572,2.320157142857143,4.2
43-4041.00,"Credit Authorizers, Checkers, and Clerks",4.13,4.88,3.77,4.66,3.84,1.4,4.7,1.63,5.0,4.5,1.7857142857142856,1.3888,1.9237142857142857,1.5508,1.3827142857142856,1.9085714285714288,2.9647,2.31,1.6969999999999998,3.0284,2.4035714285714285,2.187828571428572,2.2928571428571427,1.625,1.1995428571428572,2.386785714285714,1.662285714285714,1.1821428571428572,1.7755428571428569,2.007142857142857,1.9257142857142855,1.9642857142857144,1.8571428571428568,2.354914285714286,1.819057142857143,1.4928571428571429,1.6364285714285711,2.9979285714285715,4.63
43-4051.00,Customer Service Representatives,3.32,4.85,3.6,4.79,4.21,1.71,3.61,1.65,5.0,2.57,1.8057142857142856,1.5005000000000002,1.6631428571428573,1.4179428571428572,1.5242142857142855,1.8571428571428568,3.246314285714285,2.5428571428571427,1.7233428571428573,2.7369714285714286,2.671428571428572,2.144,2.729371428571429,1.7200000000000002,1.688885714285714,2.5652,2.9546,1.4517142857142855,1.6788571428571428,2.350371428571428,2.392857142857143,2.392857142857143,2.551428571428572,2.7142857142857144,2.389142857142857,1.8571428571428568,1.8571428571428568,2.840242857142857,4.03
43-4061.00,"Eligibility Interviewers, Government Programs",2.38,4.42,3.01,4.28,2.96,1.63,3.95,1.83,4.75,4.08,1.9085714285714288,1.704357142857143,1.7339857142857145,1.335714285714286,1.3673571428571427,2.524285714285714,3.225142857142857,2.9732142857142856,1.0201428571428572,2.557028571428572,2.7142857142857144,2.3042857142857143,2.912857142857143,1.3808,1.2793142857142858,2.213457142857143,3.723271428571428,1.116242857142857,1.342657142857143,1.3435714285714284,2.645714285714285,2.524285714285714,2.354914285714286,2.765714285714286,1.6665142857142858,1.822857142857143,1.7734857142857143,2.661828571428572,4.25
43-4071.00,File Clerks,2.86,4.65,3.19,3.89,2.88,1.43,4.78,1.66,5.0,3.39,1.6391999999999998,1.7780999999999998,2.3249714285714287,1.3125,1.7912857142857144,1.7142857142857144,2.8937285714285714,1.9642857142857144,1.3349857142857144,3.494542857142857,2.3906285714285715,2.3328,2.327857142857143,1.3571428571428572,1.9614,2.4206142857142856,1.85,1.4928,1.7517428571428573,2.1433,1.9257142857142855,1.9085714285714288,1.872228571428572,2.02,2.2265,1.394285714285714,1.3785714285714286,2.3735,4.11
43-4081.00,"Hotel, Motel, and Resort Desk Clerks",3.81,4.95,3.97,4.72,4.27,1.84,4.84,2.43,4.84,3.73,1.9449142857142856,2.0464,1.768571428571429,1.8571428571428568,1.7625142857142857,2.2767857142857144,2.8329142857142857,2.178571428571429,2.089,2.9413857142857145,2.5428571428571427,1.581142857142857,2.645714285714285,1.7734857142857143,1.5731428571428574,2.6808,3.3626428571428573,1.3206857142857145,1.8916857142857144,1.972985714285714,2.105,2.2308,2.354914285714286,2.105,2.005428571428572,1.7734857142857143,1.7734857142857143,2.058,4.8
43-4111.00,"Interviewers, Except Eligibility and Loan",3.8,5.0,3.85,4.36,3.97,1.98,4.78,2.14,4.73,3.36,1.8571428571428568,2.6348000000000003,2.403657142857143,1.7734857142857143,2.3621714285714286,2.105,3.399542857142857,2.645714285714285,1.2646428571428572,3.5728000000000004,2.596342857142857,2.4245142857142854,2.7142857142857144,1.7734857142857143,2.3505142857142856,2.596,2.9918,1.9314142857142853,2.626857142857143,3.0101714285714283,2.645714285714285,2.645714285714285,2.044642857142857,2.7142857142857144,2.3842857142857143,1.8914285714285717,1.8914285714285717,3.1690428571428573,4.92
43-4121.00,"Library Assistants, Clerical",3.12,4.54,3.28,3.84,3.15,1.37,4.82,2.78,4.58,3.38,1.822857142857143,1.9702,1.4074,1.3785714285714286,1.3719285714285714,1.7385714285714284,2.7026285714285714,1.8571428571428568,1.0721285714285715,3.0835,2.19,1.6318,2.4035714285714285,1.625,1.2265,1.842057142857143,2.4586,1.0976,1.7493142857142856,1.551742857142857,1.9085714285714288,1.9449142857142856,2.02,1.9642857142857144,1.6109714285714287,1.302857142857143,1.3392000000000002,1.578285714285714,4.35
43-4131.00,Loan Interviewers and Clerks,3.63,4.97,3.74,4.73,3.72,1.27,4.64,2.16,5.0,4.53,1.8571428571428568,1.380942857142857,1.8757714285714289,1.3214285714285714,1.2388571428571429,2.0608,2.9477714285714285,2.7142857142857144,1.9592,3.1801,2.8363428571428573,2.5094857142857143,2.765714285714286,1.8571428571428568,1.2770285714285714,2.2824,3.5688,1.062657142857143,1.483042857142857,1.3128714285714285,2.4485714285714284,2.7142857142857144,1.9285714285714288,2.782857142857143,1.3175714285714284,1.8057142857142856,1.8914285714285717,2.2950285714285714,4.11
43-4141.00,New Accounts Clerks,3.08,4.89,3.83,4.47,3.25,1.31,4.69,1.8,4.9,3.48,1.872228571428572,1.7067571428571426,1.5314571428571426,1.28,1.6553999999999998,1.9642857142857144,2.6518571428571427,2.662857142857143,2.146714285714286,2.9234285714285715,2.7142857142857144,1.4004571428571428,2.7142857142857144,1.394285714285714,1.3254857142857142,2.3845857142857145,2.517085714285714,1.2376,1.854,1.6140571428571429,2.1677714285714287,2.354914285714286,2.1492,2.7142857142857144,1.4980000000000002,1.394285714285714,1.822857142857143,1.9035714285714285,4.1
43-4151.00,Order Clerks,2.81,4.32,3.67,4.01,2.96,1.21,4.6,1.32,4.53,3.1,1.8571428571428568,1.9490714285714288,1.8400000000000003,1.2592,1.3041857142857145,1.8571428571428568,3.621257142857143,2.44,1.8528,2.760228571428572,2.662857142857143,1.8611285714285717,2.662857142857143,1.394285714285714,1.719242857142857,2.6652142857142858,1.637,1.2137142857142855,1.6511999999999998,2.5204,2.3906285714285715,2.662857142857143,2.1607142857142856,2.551428571428572,1.8702571428571428,1.7734857142857143,1.8571428571428568,2.498285714285714,4.01
43-4161.00,"Human Resources Assistants, Except Payroll and Timekeeping",3.76,4.91,3.89,3.99,3.5,1.94,4.53,1.77,4.93,3.51,1.8571428571428568,1.916,1.7594714285714288,1.5165142857142857,1.4412142857142858,2.1492,3.466357142857144,2.4732142857142856,1.5464285714285717,3.5205,2.7142857142857144,2.26,2.7142857142857144,1.6171428571428572,1.8077714285714284,2.458,1.918128571428572,2.096857142857143,1.8391857142857144,1.8652,2.2767857142857144,2.2071428571428573,1.8571428571428568,2.7142857142857144,1.8329285714285717,1.5785714285714287,1.7385714285714284,2.782857142857143,4.63
43-4171.00,Receptionists and Information Clerks,3.25,4.88,2.67,4.32,3.45,1.57,4.38,2.05,5.0,2.99,1.822857142857143,2.4050857142857143,1.3302857142857143,1.2857142857142856,1.4184285714285716,1.872228571428572,2.4533714285714283,2.2342857142857144,1.3008,2.2442857142857147,2.5428571428571427,1.6986571428571429,2.662857142857143,1.4628571428571429,1.3640285714285716,2.3072,2.8095,1.3154285714285714,1.560857142857143,1.4609142857142856,2.225714285714286,2.4893714285714283,2.216428571428572,2.225714285714286,1.9792,1.4249999999999998,1.5785714285714287,2.178228571428572,4.13
43-4181.00,Reservation and Transportation Ticket Agents and Travel Clerks,3.64,4.99,3.23,4.62,4.02,1.54,4.6,3.47,4.56,2.7,1.9085714285714288,2.610157142857143,1.5646285714285717,1.3571428571428572,1.4565714285714286,2.1677714285714287,3.237857142857143,2.392857142857143,1.6536857142857144,3.1761,2.551428571428572,2.276714285714286,2.782857142857143,1.7385714285714284,1.543157142857143,2.87,3.699657142857143,1.0507285714285717,1.4192285714285715,1.8034,2.7142857142857144,2.607142857142857,2.607142857142857,2.7142857142857144,1.726785714285714,1.7734857142857143,1.9642857142857144,2.981514285714286,4.44
43-5011.00,Cargo and Freight Agents,2.65,4.48,2.96,3.37,3.67,1.94,4.57,2.4,4.55,3.39,1.8571428571428568,1.288257142857143,1.1687285714285711,1.36,1.4412571428571428,1.8571428571428568,2.166628571428572,2.1228571428571428,1.6373714285714287,2.497642857142857,2.7142857142857144,1.7570285714285712,2.7142857142857144,1.5357142857142858,1.4885714285714284,2.087085714285714,1.8607857142857145,1.1601428571428571,1.4148571428571428,1.382657142857143,1.8571428571428568,1.8571428571428568,1.8571428571428568,2.071428571428572,1.6234142857142857,1.9449142857142856,1.7734857142857143,2.3379142857142856,3.85
43-5011.01,Freight Forwarders,4.05,4.69,3.51,4.5,3.42,1.16,4.34,1.8,5.0,3.45,2.327857142857143,2.401714285714286,2.9810000000000003,1.5614285714285714,2.870628571428571,2.044642857142857,3.3177,2.044642857142857,2.9108,3.2247142857142856,2.596342857142857,3.072,2.596342857142857,1.7200000000000002,2.7580857142857145,3.2073142857142853,2.743128571428572,2.5170142857142856,2.6806428571428573,2.7225,1.8571428571428568,1.9657142857142855,2.0028571428571427,2.1492,3.1839142857142857,2.086428571428572,1.9842857142857144,2.992714285714285,4.17
43-5021.00,Couriers and Messengers,2.98,4.69,3.01,3.37,3.42,2.35,4.72,1.62,4.96,3.14,1.595,1.7064142857142857,1.0490285714285714,1.1734857142857142,1.0263571428571427,1.595,2.2822857142857145,1.8421428571428573,1.0375,2.366357142857143,2.1677714285714287,1.2986285714285717,2.1228571428571428,1.2036571428571428,1.1033142857142857,1.423857142857143,1.7115714285714287,1.1207571428571428,1.0538857142857143,1.1216,1.872228571428572,2.125,1.7485714285714289,1.9257142857142855,1.0344857142857142,1.28,1.345,1.8025857142857145,4.11
43-5031.00,Public Safety Telecommunicators,4.68,4.99,3.95,4.99,4.71,3.33,4.17,1.18,5.0,3.5,2.4732142857142856,3.302028571428571,2.140142857142857,1.5614285714285714,1.9454,2.645714285714285,3.557028571428572,2.782857142857143,1.4691999999999998,2.9670000000000005,2.8571428571428568,2.9468,2.9314285714285715,1.8571428571428568,1.9688,3.0507142857142857,3.438428571428571,2.048142857142857,2.6110857142857142,2.601357142857143,2.782857142857143,2.9008000000000003,2.327857142857143,2.9314285714285715,2.1649857142857143,1.8057142857142856,1.9449142857142856,3.997,4.82
43-5032.00,"Dispatchers, Except Police, Fire, and Ambulance",3.86,4.92,4.79,3.86,4.44,1.91,4.97,1.7,5.0,3.93,2.4893714285714283,1.781542857142857,1.6213857142857144,1.542142857142857,2.055871428571429,1.9085714285714288,2.407842857142857,2.662857142857143,1.4637285714285715,2.788,2.7142857142857144,1.718457142857143,2.7142857142857144,1.625,1.456,2.2408,2.2222857142857144,1.3280285714285711,2.039028571428571,2.0302285714285717,2.7142857142857144,2.765714285714286,1.872228571428572,2.662857142857143,2.5267857142857144,1.6364285714285711,1.7200000000000002,2.092457142857143,4.69
43-5041.00,"Meter Readers, Utilities",3.26,3.76,3.4,4.06,3.92,2.44,3.58,1.39,3.77,2.4,1.4906285714285716,1.471642857142857,1.5857428571428571,1.3008,1.2510571428571429,1.5300000000000002,2.3965,1.8571428571428568,1.1615,2.429971428571428,2.044642857142857,1.5124285714285717,1.9642857142857144,1.51,1.3349,1.6225,2.3482857142857143,1.0941714285714286,1.3968000000000005,1.7346857142857144,1.7857142857142856,1.7857142857142856,1.7857142857142856,1.8571428571428568,1.4544,1.4179428571428572,1.4542857142857144,2.303714285714286,3.91
43-5051.00,Postal Service Clerks,3.45,4.61,2.98,4.43,3.96,2.1,3.73,1.92,3.89,2.55,1.5625,1.4874142857142856,1.5183571428571427,1.32,1.363057142857143,1.68,2.6211857142857142,1.9642857142857144,2.146714285714286,2.6835,2.607142857142857,2.0466285714285712,2.645714285714285,1.2857142857142856,1.785942857142857,1.9225,2.7357142857142858,1.1530285714285715,1.598857142857143,1.8272714285714289,2.0608,2.0608,1.9085714285714288,2.0608,1.5613428571428571,1.3571428571428572,1.5785714285714287,2.3870285714285715,4.06
43-5052.00,Postal Service Mail Carriers,2.73,3.78,1.96,4.05,3.01,1.44,4.24,1.5,2.6,2.47,1.655,1.1919857142857142,1.0429857142857144,1.0,1.0636428571428571,1.7857142857142856,1.6957857142857145,1.7857142857142856,1.2566714285714284,1.8663571428571428,2.0342857142857143,1.1530857142857145,1.94,1.0020571428571428,1.117,1.3005428571428572,2.2440571428571428,1.009642857142857,1.1848,1.2618285714285715,1.68,1.68,1.4906285714285716,1.8571428571428568,1.0535714285714286,1.2857142857142856,1.302857142857143,2.034,2.87
43-5053.00,"Postal Service Mail Sorters, Processors, and Processing Machine Operators",2.95,3.8,3.02,1.41,3.43,1.47,4.25,1.29,1.93,2.09,1.822857142857143,1.4929,1.2741142857142858,1.3008,1.1657142857142857,1.595,2.240828571428572,1.7485714285714289,1.028657142857143,2.238714285714286,1.8571428571428568,1.3828,1.8571428571428568,1.4249999999999998,1.5113714285714284,1.3257142857142856,1.1382857142857143,1.0263571428571427,1.7174285714285713,1.5553142857142856,1.7857142857142856,1.7857142857142856,1.4028571428571428,1.7385714285714284,1.4434285714285715,1.147857142857143,1.2142857142857144,1.1015714285714286,4.04
43-5061.00,"Production, Planning, and Expediting Clerks",3.07,4.29,3.56,3.46,2.91,1.4,4.92,2.18,4.76,2.98,1.8571428571428568,1.3833142857142855,1.386742857142857,1.51,1.351,1.7734857142857143,3.0101714285714287,2.1677714285714287,1.1093714285714285,2.078071428571429,2.596342857142857,1.9366,2.524285714285714,1.3392000000000002,1.5012857142857143,1.1986857142857144,1.0828,1.0624,1.4079714285714284,1.3962571428571429,1.8571428571428568,2.02,1.5785714285714287,2.2928571428571427,2.173342857142857,1.6364285714285711,1.6364285714285711,1.4540714285714285,4.72
43-5071.00,"Shipping, Receiving, and Inventory Clerks",3.32,4.48,3.96,4.19,2.86,1.25,4.86,1.64,4.45,3.27,1.7734857142857143,1.420642857142857,1.6612,1.3392000000000002,1.6505714285714284,1.6714285714285717,2.84,1.9642857142857144,1.6,2.3647428571428573,1.9449142857142856,1.94,2.0028571428571427,1.4821428571428572,1.5714285714285716,1.9903428571428567,1.6988285714285714,1.428,1.7762285714285715,2.095985714285715,1.8571428571428568,1.822857142857143,1.5207142857142857,1.9085714285714288,1.978,1.4179428571428572,1.5300000000000002,1.7038,4.26
43-5111.00,"Weighers, Measurers, Checkers, and Samplers, Recordkeeping",2.87,4.42,3.55,3.24,2.58,1.26,4.61,2.48,3.7,2.68,1.8571428571428568,1.64,2.328057142857143,1.542142857142857,1.8171428571428567,1.822857142857143,3.0642857142857145,1.9085714285714288,1.4188285714285715,2.6530142857142858,2.125,2.3489714285714287,2.0028571428571427,1.51,1.822857142857143,1.8844285714285716,1.5938714285714286,1.5584714285714285,2.035342857142857,2.160285714285714,1.8571428571428568,1.9449142857142856,1.8571428571428568,1.8571428571428568,2.4157,1.4542857142857144,1.604285714285714,1.7092571428571428,4.11
43-6011.00,Executive Secretaries and Executive Administrative Assistants,2.89,4.7,4.23,3.86,2.54,1.23,4.65,1.41,4.99,4.07,2.02,2.404371428571429,1.7333714285714286,1.4691999999999998,1.490471428571429,2.0028571428571427,3.6311999999999993,2.596342857142857,1.2926857142857142,3.713057142857144,2.7142857142857144,1.653657142857143,2.7142857142857144,1.7734857142857143,1.4054285714285717,2.051657142857142,2.011,1.1649142857142858,1.789042857142857,1.4197142857142857,2.596342857142857,2.765714285714286,2.4732142857142856,2.7142857142857144,2.0277142857142856,1.7485714285714289,1.7734857142857143,3.2277142857142858,4.6
43-6012.00,Legal Secretaries and Administrative Assistants,2.74,4.38,2.9,3.56,3.06,1.41,4.06,1.33,4.25,3.94,1.822857142857143,1.8177142857142856,1.473142857142857,1.3008,1.3686142857142858,1.8571428571428568,3.0265142857142857,2.2767857142857144,1.0594285714285714,3.1497571428571427,2.7142857142857144,1.9044,2.645714285714285,1.32,1.3602142857142856,1.495085714285714,1.8850428571428572,1.2185714285714286,1.815728571428572,1.7354285714285718,2.225714285714286,2.422142857142857,1.8571428571428568,2.7142857142857144,1.754357142857143,1.3392000000000002,1.4179428571428572,2.260942857142857,3.71
43-6013.00,Medical Secretaries and Administrative Assistants,3.45,4.73,3.89,3.6,3.93,1.53,4.84,2.21,4.9,4.15,1.8328571428571427,2.7303999999999995,1.4988571428571429,1.4906285714285716,1.260357142857143,1.8571428571428568,2.7442,2.551428571428572,1.7746714285714285,2.7243,2.7142857142857144,1.875,2.7142857142857144,1.3392000000000002,1.6865571428571429,2.1616,2.9646,1.4509,1.5191428571428571,1.6129,2.178571428571429,2.225714285714286,2.216428571428572,2.44,2.1912142857142856,1.22,1.32,2.1410285714285715,4.4
43-6014.00,"Secretaries and Administrative Assistants, Except Legal, Medical, and Executive",3.02,4.87,3.67,3.98,3.35,1.4,4.65,1.58,4.93,4.23,1.872228571428572,2.0168,1.3343714285714283,1.6063428571428573,1.1196857142857144,1.8571428571428568,2.7842571428571428,2.551428571428572,1.0704285714285715,2.742742857142857,2.7142857142857144,1.4790285714285716,2.7142857142857144,1.3808,1.2825714285714285,1.8289,1.8602,1.1129142857142855,1.3816000000000002,1.4768,2.2767857142857144,2.4732142857142856,2.1142857142857143,2.607142857142857,1.5428714285714284,1.4179428571428572,1.3785714285714286,2.083271428571429,4.59
43-9021.00,Data Entry Keyers,2.78,4.24,2.75,2.34,3.15,1.28,4.44,1.46,4.18,2.29,1.5300000000000002,1.4258285714285714,1.6624857142857143,1.5207142857142857,1.6195857142857142,1.5785714285714287,3.200242857142857,1.8057142857142856,1.1639285714285714,2.737142857142857,2.1142857142857143,1.869214285714286,1.8571428571428568,1.5508,1.3545999999999998,1.5636571428571429,1.6168,1.143571428571429,1.6886428571428571,2.1432571428571427,1.9642857142857144,2.2071428571428573,1.5300000000000002,2.02,1.735428571428571,1.3392000000000002,1.4179428571428572,2.169314285714285,4.05
43-9022.00,Word Processors and Typists,2.96,4.69,3.71,4.46,3.47,1.94,4.61,1.34,5.0,3.7,1.4906285714285716,1.9418857142857144,1.289057142857143,1.22,1.161857142857143,1.5785714285714287,2.862342857142857,1.822857142857143,1.0775571428571429,2.980714285714286,2.19,1.4278428571428572,1.9449142857142856,1.1339285714285714,1.3135428571428571,1.8270428571428567,1.8927285714285715,1.100542857142857,1.3851571428571428,1.3906,1.822857142857143,2.1607142857142856,1.6714285714285717,2.0028571428571427,1.321242857142857,1.25,1.2592,2.185485714285714,4.05
43-9031.00,Desktop Publishers,2.5,4.14,3.06,3.08,2.1,1.0,4.69,1.51,4.06,2.39,1.9077714285714285,1.4008571428571428,1.646957142857143,1.7734857142857143,1.4001714285714286,1.8571428571428568,2.6101714285714284,2.2928571428571427,1.5349142857142857,2.534928571428571,2.4971428571428573,2.0974857142857144,2.1750857142857143,1.905,1.7479285714285715,1.5261428571428572,1.4909285714285714,1.4683,1.6980142857142857,1.7559999999999998,1.9449142857142856,2.096342857142857,1.8057142857142856,2.3392857142857144,2.2342857142857144,1.5892857142857142,1.6665142857142858,2.2669428571428574,3.9
43-9041.00,Insurance Claims and Policy Processing Clerks,2.82,4.33,3.03,3.58,3.04,1.27,3.87,1.35,4.82,4.07,1.8328571428571427,1.4906285714285716,1.3982,1.2857142857142856,1.0854285714285714,1.872228571428572,2.6764,2.105,1.141,2.6028571428571428,2.31,1.9418,2.25,1.4821428571428572,1.2765714285714287,1.7448,1.4982857142857142,1.0134714285714286,1.3072428571428572,1.5715142857142856,2.071428571428572,2.2928571428571427,1.9842857142857144,2.125,1.3468,1.7734857142857143,1.6875,2.385,4.05
43-9051.00,"Mail Clerks and Mail Machine Operators, Except Postal Service",2.81,4.63,3.39,3.64,3.41,1.32,4.49,2.04,4.86,3.66,1.7734857142857143,1.6179285714285712,1.2545142857142857,1.2036571428571428,1.3162428571428573,1.655,1.7511,1.7857142857142856,1.197142857142857,2.006685714285714,1.9642857142857144,1.2462285714285717,1.8571428571428568,1.268571428571429,1.3957428571428572,1.6571714285714283,1.1682285714285714,1.0514142857142856,1.3703714285714286,1.5620714285714286,1.7385714285714284,1.872228571428572,1.4350857142857143,1.7385714285714284,1.6284571428571428,1.12,1.1885714285714286,1.1993142857142858,4.34
43-9061.00,"Office Clerks, General",2.74,4.73,3.37,4.29,3.09,1.64,4.63,1.83,4.88,3.66,1.8571428571428568,1.4852999999999998,1.2941714285714283,1.32,1.2002,1.8571428571428568,2.579928571428572,2.1228571428571428,1.0641142857142858,2.456557142857143,2.422142857142857,1.3131428571428572,2.4893714285714283,1.6875,1.1097714285714286,1.5759571428571428,1.7967142857142857,1.184742857142857,1.3489714285714285,1.4212571428571428,2.02,2.0608,1.822857142857143,2.375,1.5124,1.4906285714285716,1.4906285714285716,2.0585714285714287,4.46
43-9071.00,"Office Machine Operators, Except Computer",2.25,4.06,3.32,3.67,2.66,1.08,3.82,1.28,4.12,2.97,1.655,1.366428571428571,1.4485,1.4542857142857144,1.3980428571428571,1.604285714285714,2.036714285714286,1.8571428571428568,1.2727142857142857,2.216,1.9449142857142856,1.4249428571428573,1.9085714285714288,1.3392000000000002,1.3370714285714285,1.6118285714285716,1.5950285714285712,1.1958285714285717,1.5304285714285717,1.5606428571428572,1.6391999999999998,1.7734857142857143,1.6875,1.822857142857143,1.9964285714285717,1.3785714285714286,1.3785714285714286,1.6911999999999998,3.78
43-9081.00,Proofreaders and Copy Markers,2.39,4.73,3.04,2.6,2.22,1.0,4.24,1.31,3.65,2.38,1.3785714285714286,1.0679,1.1296857142857142,1.077942857142857,1.0175,1.335714285714286,1.8214,2.0028571428571427,1.016,2.505357142857143,2.571428571428571,1.4986142857142857,2.3392857142857144,1.1339285714285714,1.0298571428571428,1.012757142857143,1.044,1.0182142857142855,1.022,1.0278857142857143,1.7857142857142856,1.822857142857143,1.0942857142857143,1.9449142857142856,1.0893428571428572,1.1071428571428572,1.1885714285714286,1.3387857142857142,4.53
43-9111.00,Statistical Assistants,2.28,4.02,3.45,3.0,2.66,1.13,4.73,2.19,4.39,2.77,1.7385714285714284,1.3445714285714283,1.843,1.4628571428571429,1.416957142857143,1.7734857142857143,3.269428571428572,2.275,1.2106285714285714,3.116857142857143,2.6950857142857143,2.8656,2.571428571428571,1.7200000000000002,1.937142857142857,1.6869285714285716,1.5731428571428574,1.1672,2.071,1.7775142857142856,2.071428571428572,2.1142857142857143,1.7385714285714284,2.2308,1.9817714285714283,1.6063428571428573,1.655,2.371085714285714,4.09
45-1011.00,"First-Line Supervisors of Farming, Fishing, and Forestry Workers",2.75,4.34,3.6,3.23,2.57,1.42,4.64,2.15,4.56,2.84,2.4732142857142856,1.483,2.0640285714285715,2.2928571428571427,2.4874,2.19,2.855142857142857,2.4035714285714285,1.3981714285714286,2.577914285714286,2.4893714285714283,1.7761714285714283,2.422142857142857,2.1492,1.633142857142857,2.301785714285714,1.4242857142857142,1.5617285714285711,2.125142857142857,2.1094285714285714,2.25,2.1607142857142856,1.6364285714285711,2.19,2.7892,1.8914285714285717,1.9285714285714288,1.8932,4.13
45-2011.00,Agricultural Inspectors,2.76,4.61,3.61,4.29,3.16,1.67,4.34,1.67,4.0,2.82,1.9085714285714288,1.5661,1.6239428571428571,1.5207142857142857,1.5172571428571429,1.6875,3.419928571428572,2.3857142857142857,1.367242857142857,3.152828571428571,2.596342857142857,2.286314285714286,2.524285714285714,1.822857142857143,1.872685714285714,2.5555,2.237714285714285,1.1898428571428572,1.6616285714285717,2.665,2.071428571428572,2.044642857142857,1.7734857142857143,2.422142857142857,1.8582571428571424,1.7385714285714284,1.7734857142857143,2.571142857142857,3.96
45-2021.00,Animal Breeders,1.65,3.33,1.58,2.88,1.5,1.16,3.14,1.33,3.46,1.94,1.4821428571428572,1.4818,1.2262857142857144,1.25,1.1284142857142858,1.5508,1.578285714285714,1.7857142857142856,1.7042857142857142,2.3642714285714286,1.8914285714285717,1.2051999999999998,1.8057142857142856,1.2036571428571428,1.6897142857142855,1.3906571428571428,1.3981714285714286,1.0521142857142858,1.2910714285714286,1.3921428571428571,1.822857142857143,1.6714285714285717,1.4179428571428572,1.8571428571428568,1.1004142857142858,1.1607142857142858,1.4691999999999998,1.6450142857142858,2.77
45-2041.00,"Graders and Sorters, Agricultural Products",2.33,3.6,2.35,1.75,2.71,1.18,4.57,1.49,1.79,1.59,1.5357142857142858,1.3003428571428572,1.2938142857142858,1.0336571428571428,1.6264,1.28,3.0851428571428574,1.5625,1.1884571428571429,1.985857142857143,1.822857142857143,1.5610000000000002,1.7036571428571428,1.077942857142857,1.554385714285714,1.5869285714285717,1.0403142857142855,1.1236857142857142,1.6821714285714284,1.5269714285714286,1.595,1.6714285714285717,1.157142857142857,1.5625,1.5158285714285713,1.12,1.1885714285714286,1.386742857142857,3.79
45-2091.00,Agricultural Equipment Operators,2.2,3.68,2.85,1.88,1.86,1.62,4.17,1.42,3.44,1.82,1.625,1.9668571428571424,2.012,1.4017857142857142,1.7540714285714285,1.5693714285714286,2.0762285714285715,1.655,1.1808,2.9216285714285712,2.125,1.540285714285714,1.9449142857142856,1.3571428571428572,1.5414428571428571,2.271571428571429,1.1693714285714285,1.192,1.6774857142857142,1.785685714285714,1.8328571428571427,1.7857142857142856,1.289285714285714,1.822857142857143,2.1174,1.2208,1.25,1.1393142857142855,3.79
45-2092.00,"Farmworkers and Laborers, Crop, Nursery, and Greenhouse",1.84,3.48,2.8,2.39,2.53,1.34,4.62,1.54,2.38,1.35,1.51,1.7105285714285716,1.6494,1.394285714285714,1.7125714285714286,1.595,2.3502571428571426,1.822857142857143,1.592857142857143,2.2771,1.872228571428572,1.7280571428571427,2.0028571428571427,1.3571428571428572,1.7990857142857142,1.6285714285714286,1.7090285714285716,1.2916571428571428,1.846857142857143,1.9174,1.7142857142857144,1.822857142857143,1.4435714285714285,1.7036571428571428,1.8556857142857144,1.32,1.4821428571428572,1.9135428571428568,3.43
45-2093.00,"Farmworkers, Farm, Ranch, and Aquacultural Animals",2.42,4.12,3.04,3.07,2.25,1.35,4.19,1.16,3.98,1.52,1.8571428571428568,1.729142857142857,1.9051428571428568,1.4542857142857144,1.6542857142857144,1.4906285714285716,2.2445714285714287,1.822857142857143,1.4168714285714286,2.3702,2.2308,1.4440857142857144,1.8914285714285717,1.4928571428571429,1.4182857142857144,1.6882857142857142,1.8290285714285717,1.2375,1.5978571428571429,2.0116857142857145,1.8328571428571427,1.7857142857142856,1.394285714285714,1.9085714285714288,1.9852857142857143,1.32,1.4285714285714286,1.7189285714285714,3.65
45-3031.00,Fishing and Hunting Workers,2.67,4.1,3.15,3.19,2.35,1.48,4.42,2.24,3.95,2.5,1.8328571428571427,1.8397,1.4095,1.5207142857142857,1.7359999999999998,1.6063428571428573,1.7200000000000002,1.68,1.5573571428571429,2.0665,1.9642857142857144,1.4462857142857142,2.086428571428572,1.5300000000000002,1.546,1.833628571428572,1.6757142857142855,1.144,1.8148571428571427,1.9428571428571428,1.7142857142857144,1.6391999999999998,1.335714285714286,1.625,1.8775,1.24,1.32,1.5245714285714285,3.25
45-4011.00,Forest and Conservation Workers,2.25,4.32,3.95,3.91,2.35,1.36,4.78,2.39,4.58,3.13,1.9285714285714288,1.1902857142857142,1.5766142857142855,1.28,1.583,1.6875,2.6435714285714287,1.8571428571428568,1.038857142857143,2.4105142857142856,2.25,1.5255999999999998,2.086428571428572,1.4017857142857142,1.3180142857142856,1.5136428571428573,2.348128571428571,1.2304,1.6995999999999998,1.6761142857142857,1.8571428571428568,1.822857142857143,1.4691999999999998,1.822857142857143,2.024114285714286,1.25,1.4179428571428572,1.9019,4.33
45-4021.00,Fallers,1.77,2.84,2.88,1.84,1.62,1.09,3.79,1.27,2.72,1.27,1.6171428571428572,1.5699,1.102542857142857,1.2142857142857144,1.0575714285714286,1.335714285714286,1.9025714285714288,1.5508,1.0877714285714286,2.192285714285714,1.7142857142857144,1.1714285714285717,1.7514285714285711,1.2142857142857144,1.0927142857142855,1.1272857142857142,1.043642857142857,1.0100285714285715,1.0933428571428572,1.1546142857142858,1.6714285714285717,1.595,1.2000000000000002,1.6391999999999998,1.3550285714285717,1.25,1.3785714285714286,1.0786857142857142,3.38
45-4022.00,Logging Equipment Operators,2.39,4.13,3.04,2.49,2.96,1.6,4.42,1.4,4.04,2.32,1.6875,2.3285714285714287,2.2132,1.4017857142857142,2.0542857142857143,1.5625,2.7317142857142853,1.5625,1.2957571428571428,2.842742857142857,1.822857142857143,1.5552857142857142,1.8571428571428568,1.4017857142857142,2.1616,1.6815571428571428,1.3830571428571428,1.1923428571428571,2.012342857142857,1.7183714285714284,1.7036571428571428,1.6714285714285717,1.3785714285714286,1.6428571428571428,2.176342857142857,1.3785714285714286,1.4179428571428572,1.9446571428571429,4.36
45-4023.00,Log Graders and Scalers,2.66,3.8,3.01,3.29,2.47,1.05,4.55,1.63,3.53,2.49,1.8571428571428568,1.451457142857143,1.701485714285714,1.3706285714285715,1.7360285714285713,1.6875,2.6652142857142858,1.872228571428572,1.3330857142857142,2.2116,2.1492,1.6274285714285712,2.19,1.5357142857142858,1.8782285714285711,2.031085714285714,1.9877714285714283,1.215,1.7242857142857142,1.8569285714285717,1.822857142857143,1.822857142857143,1.5785714285714287,1.9257142857142855,1.8813142857142855,1.6063428571428573,1.6875,1.9982,3.5
47-1011.00,First-Line Supervisors of Construction Trades and Extraction Workers,3.71,4.96,3.93,3.74,3.27,1.61,5.0,2.73,4.94,3.69,2.596342857142857,1.9372,1.9750857142857143,2.4522285714285714,2.7116857142857143,2.023657142857143,3.202828571428572,2.4732142857142856,1.5500714285714283,3.039828571428571,2.7142857142857144,1.9630857142857143,2.571428571428571,1.8571428571428568,1.7994714285714286,2.1927714285714286,1.8329285714285717,1.664,1.866228571428572,2.104,2.044642857142857,1.9449142857142856,1.8057142857142856,2.422142857142857,3.2918571428571424,1.8571428571428568,1.8914285714285717,2.71,4.69
47-1011.03,Solar Energy Installation Managers,2.95,4.85,4.52,3.95,2.85,1.11,4.39,2.3,4.76,3.33,2.4732142857142856,1.5543,2.261285714285714,2.524285714285714,2.434285714285714,2.06,2.606014285714286,2.354914285714286,1.6634285714285717,2.8603,2.645714285714285,1.8086285714285717,2.7142857142857144,2.105,2.0342857142857143,2.1712,1.6262857142857143,1.7425,2.442857142857143,2.484342857142857,2.086428571428572,2.06,1.9449142857142856,2.2928571428571427,3.037085714285714,2.096342857142857,2.1492,2.6407857142857143,4.05
47-2011.00,Boilermakers,2.29,4.67,4.25,3.78,2.95,1.9,4.9,2.13,4.95,1.92,1.7734857142857143,1.3496714285714284,1.3640285714285716,1.2857142857142856,2.1375571428571427,1.655,2.198757142857142,1.8571428571428568,1.1542142857142856,1.9910285714285716,1.9842857142857144,1.3392857142857142,1.8571428571428568,1.4906285714285716,1.2998285714285716,1.2562,1.3509,1.0972,1.2414999999999998,1.5393142857142856,1.8571428571428568,1.7734857142857143,1.4285714285714286,1.8571428571428568,1.7325,1.2857142857142856,1.2857142857142856,1.6551999999999998,4.43
47-2021.00,Brickmasons and Blockmasons,3.13,3.92,3.25,2.74,3.35,2.0,4.04,2.23,4.13,2.76,1.9449142857142856,1.5331857142857142,2.3863142857142856,1.3785714285714286,2.2736,1.5625,2.9206000000000003,1.7142857142857144,1.153,2.3629,1.8914285714285717,1.9133714285714287,1.8571428571428568,1.3785714285714286,1.6958285714285717,2.0476,1.427542857142857,1.1389714285714283,2.1538571428571425,2.2288,1.6391999999999998,1.7036571428571428,1.3785714285714286,1.7857142857142856,3.1858571428571425,1.3785714285714286,1.4821428571428572,1.6161714285714286,4.27
47-2022.00,Stonemasons,2.6,4.18,4.43,4.11,2.72,1.27,4.53,2.67,4.33,2.89,2.1357142857142857,1.6188285714285713,1.8121142857142856,1.6714285714285717,2.3409,1.5508,3.0871714285714287,1.7142857142857144,1.6864,2.3084571428571428,2.0028571428571427,2.0518857142857145,1.8571428571428568,1.5508,1.6953142857142858,2.12,1.5680999999999998,1.3628571428571428,2.0412857142857144,2.1429142857142858,1.68,1.7485714285714289,1.5508,1.8571428571428568,2.4115714285714285,1.6063428571428573,1.6063428571428573,1.779,4.85
47-2031.00,Carpenters,3.32,4.74,3.62,2.97,3.04,1.7,4.92,2.08,3.92,2.07,2.2471428571428573,1.8077714285714284,2.2215857142857143,1.5785714285714287,2.2790714285714286,1.6875,2.754314285714286,1.9085714285714288,1.3418857142857143,2.4219,2.2308,1.7577142857142858,2.2308,1.6942857142857144,1.6308571428571428,2.0824857142857143,1.7174285714285713,1.2759142857142858,1.9475714285714285,1.9746285714285716,1.822857142857143,1.8571428571428568,1.625,2.0608,2.8329142857142857,1.5357142857142858,1.51,1.9865142857142857,4.48
47-2041.00,Carpet Installers,3.0,4.33,3.49,3.35,2.53,1.19,4.61,1.46,4.4,1.78,1.9449142857142856,1.1984571428571429,1.4335857142857142,1.4028571428571428,1.6522428571428571,1.604285714285714,2.4074714285714283,1.604285714285714,1.1877142857142855,1.9480571428571427,1.9657142857142855,1.3292571428571427,1.9449142857142856,1.5614285714285714,1.38,1.4686285714285716,1.8674571428571427,1.152742857142857,1.7613571428571428,1.882,1.595,1.9257142857142855,1.6665142857142858,1.5693714285714286,1.8146285714285717,1.3125,1.3706285714285715,1.9556571428571423,3.8
47-2042.00,"Floor Layers, Except Carpet, Wood, and Hard Tiles",1.84,4.65,3.65,3.32,2.25,1.01,4.98,1.04,4.19,1.94,1.837942857142857,1.4867857142857144,1.8922285714285716,1.345,1.8713857142857144,1.604285714285714,2.737942857142857,1.7934857142857146,1.460942857142857,2.2005714285714286,2.2342,1.7617142857142858,1.9524142857142857,1.4928571428571429,1.4023857142857143,1.6747428571428573,2.2094714285714288,1.186257142857143,1.5406428571428572,1.7634285714285711,1.7514285714285711,1.6714285714285717,1.4691999999999998,1.9085714285714288,2.0667428571428568,1.4821428571428572,1.4928571428571429,2.3284,3.61
47-2043.00,Floor Sanders and Finishers,1.9,3.95,3.5,3.12,2.35,1.66,4.74,1.3,3.95,1.78,1.8571428571428568,1.760757142857143,1.8685,1.2036571428571428,2.1221,1.394285714285714,2.6775,1.5625,1.6179,2.3804,1.9085714285714288,2.1984142857142857,1.8571428571428568,1.3392000000000002,1.8932,2.039028571428571,2.5109142857142857,1.3115428571428571,1.9388571428571428,2.3638857142857144,1.5625,1.6391999999999998,1.4821428571428572,1.7857142857142856,2.450414285714285,1.231428571428571,1.28,2.1286428571428573,3.66
47-2044.00,Tile and Stone Setters,1.72,3.81,3.12,2.56,1.82,1.05,4.55,1.14,3.48,1.79,1.8571428571428568,1.5087285714285716,1.5328,1.335714285714286,1.5775,1.4821428571428572,2.4811428571428573,1.822857142857143,1.3234857142857142,1.9956571428571428,1.9449142857142856,1.550857142857143,1.8571428571428568,1.6364285714285711,1.3072142857142857,1.492457142857143,1.3839285714285714,1.060342857142857,1.6089285714285713,1.9349714285714288,1.7485714285714289,1.7857142857142856,1.5508,1.9085714285714288,1.8802,1.4179428571428572,1.3571428571428572,1.5338285714285715,3.75
47-2051.00,Cement Masons and Concrete Finishers,3.52,3.95,4.05,2.69,3.45,2.27,4.34,1.69,3.25,2.04,1.9842857142857144,1.6035857142857144,2.3872857142857145,1.4542857142857144,2.3002,1.4028571428571428,2.2854142857142854,1.605714285714286,1.5288285714285714,2.091828571428572,1.9085714285714288,1.4738571428571428,1.872228571428572,1.4285714285714286,1.5460000000000005,1.9805714285714289,1.3865714285714286,1.6585142857142858,1.8957142857142857,1.7504,1.605714285714286,1.7934857142857146,1.289285714285714,1.6428571428571428,2.725314285714286,1.2142857142857144,1.2592,1.5371428571428574,4.32
47-2053.00,Terrazzo Workers and Finishers,2.35,3.55,3.52,2.14,2.61,1.74,4.29,1.55,3.41,1.92,1.8914285714285717,1.4797142857142855,1.7869142857142857,1.3008,1.9264,1.4628571428571429,2.442828571428572,1.537142857142857,1.217,2.3764000000000003,1.7734857142857143,1.452942857142857,1.6875,1.32,1.4906,1.8695,1.5417142857142858,1.0942857142857143,1.8091428571428567,2.0296,1.595,1.7734857142857143,1.3706285714285715,1.4285714285714286,2.5577571428571426,1.2036571428571428,1.25,1.5518714285714283,4.31
47-2061.00,Construction Laborers,2.9,4.55,3.12,2.21,2.95,1.35,4.8,1.38,4.31,1.4,1.9842857142857144,1.6474000000000002,2.3923,1.25,1.7956,1.4906285714285716,2.2770571428571427,1.9257142857142855,1.752914285714286,2.282742857142857,2.086428571428572,1.843328571428572,2.0028571428571427,1.32,2.277257142857142,1.9045,2.18,1.6048999999999998,1.911342857142857,2.5834,1.822857142857143,1.822857142857143,1.3008,1.9085714285714288,2.605142857142857,1.2857142857142856,1.2857142857142856,2.197628571428571,4.16
47-2071.00,"Paving, Surfacing, and Tamping Equipment Operators",2.85,3.53,3.04,3.07,3.06,2.16,4.3,1.98,4.18,2.4,1.8914285714285717,1.8557714285714288,1.9486,1.2036571428571428,2.0098000000000003,1.375,2.4826428571428574,1.604285714285714,1.225857142857143,2.371857142857143,1.8571428571428568,1.4608,1.8571428571428568,1.2857142857142856,1.6055714285714284,1.4585142857142857,1.5515714285714286,1.2537142857142858,2.0338857142857147,2.2058714285714287,1.7485714285714289,1.7857142857142856,1.268571428571429,1.7385714285714284,1.801257142857143,1.2036571428571428,1.22,2.038685714285714,3.7
47-2072.00,Pile Driver Operators,2.96,4.52,4.27,2.44,2.65,1.44,4.6,2.61,3.48,2.61,1.8914285714285717,1.4692857142857143,1.399142857142857,1.1734857142857142,1.5278857142857143,1.4285714285714286,2.3872714285714283,1.595,1.1631571428571428,1.9667142857142856,1.8914285714285717,1.5478,1.822857142857143,1.3392000000000002,1.5348571428571427,1.517857142857143,1.2811428571428571,1.0700285714285716,1.4632857142857143,1.8753571428571427,1.7036571428571428,1.7208,1.25,1.7857142857142856,1.782,1.2036571428571428,1.2036571428571428,1.3311714285714285,4.6
47-2073.00,Operating Engineers and Other Construction Equipment Operators,2.82,4.65,3.52,3.49,2.83,1.23,4.84,1.9,4.08,2.38,1.7734857142857143,2.083,1.778542857142857,1.3392000000000002,1.762142857142857,1.595,3.141342857142857,1.6714285714285717,1.6711714285714283,2.803257142857143,2.06,2.150314285714286,1.8571428571428568,1.4691999999999998,1.6317142857142857,2.191342857142857,2.649228571428571,1.2897142857142858,2.2152857142857143,2.148185714285714,1.8571428571428568,1.8571428571428568,1.4017857142857142,1.8571428571428568,2.457871428571429,1.302857142857143,1.3785714285714286,2.502614285714285,4.04
47-2081.00,Drywall and Ceiling Tile Installers,2.45,3.69,3.08,2.95,2.7,1.56,4.53,2.03,4.07,2.54,1.837942857142857,1.4885714285714284,1.481042857142857,1.2857142857142856,1.510857142857143,1.4821428571428572,2.1086285714285715,1.604285714285714,1.1292,1.732414285714286,1.9085714285714288,1.2965714285714287,1.9642857142857144,1.3392000000000002,1.264042857142857,1.2700714285714283,1.1604857142857143,1.0690857142857144,1.548542857142857,1.7121571428571427,1.5508,1.7142857142857144,1.231428571428571,1.595,2.0032,1.1607142857142858,1.231428571428571,1.351,3.9
47-2082.00,Tapers,2.49,3.34,3.1,2.23,2.26,1.06,4.55,1.27,3.66,2.3,1.51,1.4173142857142855,1.2234285714285713,1.32,1.3918857142857144,1.4906285714285716,1.9847142857142857,1.5693714285714286,1.2715,1.5884571428571428,1.7857142857142856,1.282,1.7734857142857143,1.3008,1.3674857142857144,1.274857142857143,1.2614285714285716,1.0318,1.3436285714285714,1.575,1.5693714285714286,1.5693714285714286,1.3392000000000002,1.7036571428571428,1.6587142857142858,1.25,1.2857142857142856,1.3666857142857145,3.79
47-2111.00,Electricians,3.13,4.76,4.3,3.84,3.26,1.73,4.93,1.9,4.51,1.8,2.1357142857142857,1.5643000000000002,2.248,1.8728571428571428,2.5675,1.837942857142857,3.364685714285714,2.0608,1.536057142857143,2.9777714285714287,2.571428571428571,1.9675428571428573,2.3192,1.8571428571428568,2.1597142857142857,2.377985714285715,1.7939285714285715,1.3836428571428572,2.058,2.637914285714285,1.8914285714285717,1.8914285714285717,1.8571428571428568,2.0608,2.9734,1.4249999999999998,1.9285714285714288,2.5037714285714285,4.54
47-2121.00,Glaziers,3.06,4.39,4.11,2.93,2.88,1.38,4.72,1.53,3.71,2.31,1.8571428571428568,1.9950142857142852,1.6677142857142857,1.32,1.849914285714286,1.7385714285714284,2.803714285714286,1.822857142857143,1.3274285714285714,2.330457142857143,2.0,1.6001142857142856,1.8057142857142856,1.3392000000000002,1.583842857142857,1.9299428571428567,1.9442285714285716,1.2673,2.004342857142857,2.2011142857142856,1.8571428571428568,1.822857142857143,1.4821428571428572,1.7385714285714284,2.0682,1.24,1.3785714285714286,2.1517,4.38
47-2131.00,"Insulation Workers, Floor, Ceiling, and Wall",2.95,3.72,3.49,2.91,2.58,1.11,4.23,1.3,3.62,1.65,1.7385714285714284,1.3985714285714286,1.5103,1.3392000000000002,1.5634285714285716,1.5625,2.356,1.6428571428571428,1.4482,1.7873142857142856,1.7734857142857143,1.4941,1.822857142857143,1.3785714285714286,1.3302142857142858,1.774914285714286,1.6878714285714287,1.296957142857143,1.6422142857142858,1.762942857142857,1.6428571428571428,1.604285714285714,1.4179428571428572,1.6428571428571428,1.6535285714285712,1.4285714285714286,1.4906285714285716,1.6270857142857142,3.92
47-2132.00,"Insulation Workers, Mechanical",2.88,3.92,3.62,3.31,2.85,1.4,4.34,1.48,4.09,2.08,1.8571428571428568,1.688885714285714,1.5032285714285714,1.3571428571428572,1.8911714285714287,1.5508,2.7864,1.7036571428571428,1.2395142857142856,2.178171428571429,1.9085714285714288,1.5344285714285717,1.872228571428572,1.4285714285714286,1.354142857142857,1.7057714285714285,1.1764285714285714,1.1445,1.8944,2.074057142857143,1.7385714285714284,1.7734857142857143,1.32,1.822857142857143,2.297528571428571,1.28,1.25,1.6696,4.18
47-2141.00,"Painters, Construction and Maintenance",3.0,4.29,3.77,3.93,3.01,1.38,4.81,1.53,4.78,3.66,1.7734857142857143,1.9537,1.5236,1.302857142857143,2.5276,1.7036571428571428,2.900642857142857,1.394285714285714,1.1548857142857143,2.3398,1.8571428571428568,1.720457142857143,1.8571428571428568,1.1785714285714286,1.6551999999999998,2.069757142857142,2.340742857142857,1.0565714285714285,1.7710857142857144,2.6862142857142857,1.7857142857142856,1.7385714285714284,1.394285714285714,1.8571428571428568,2.779257142857143,1.2363428571428572,1.2857142857142856,2.658057142857143,4.13
47-2142.00,Paperhangers,2.06,3.84,2.76,2.48,2.29,1.14,3.83,1.37,3.06,2.38,1.822857142857143,1.2669,1.4136,1.28,1.5963571428571428,1.4906285714285716,1.9075,1.68,1.2612142857142856,2.4950857142857146,1.822857142857143,1.247,1.7036571428571428,1.2857142857142856,1.2123285714285714,1.5102857142857142,1.572142857142857,1.1069714285714285,1.442742857142857,1.4509,1.6391999999999998,1.5625,1.394285714285714,1.7142857142857144,1.7933714285714286,1.231428571428571,1.3008,1.6785714285714288,3.35
47-2151.00,Pipelayers,2.88,4.51,4.06,3.15,2.01,1.27,4.94,2.08,3.48,2.26,1.8571428571428568,1.7517714285714283,1.754357142857143,1.2857142857142856,1.630242857142857,1.5785714285714287,2.5004285714285714,1.822857142857143,1.1938,2.4370857142857147,2.1635714285714283,1.7011,1.8571428571428568,1.2857142857142856,1.4260571428571427,1.5225142857142857,1.6791571428571428,1.2683714285714287,1.9525142857142856,1.8130857142857144,1.822857142857143,1.822857142857143,1.268571428571429,1.8571428571428568,1.886242857142857,1.268571428571429,1.2857142857142856,1.9188571428571428,4.59
47-2152.00,"Plumbers, Pipefitters, and Steamfitters",2.69,4.11,3.64,3.04,2.66,1.44,4.54,1.34,4.08,2.88,1.8571428571428568,1.5479142857142856,1.6722571428571429,1.5357142857142858,1.837,1.625,2.509371428571429,1.7485714285714289,1.3160714285714286,2.1024000000000003,2.044642857142857,1.480857142857143,2.023657142857143,1.5785714285714287,1.4983,1.6864,1.5191428571428571,1.3259142857142858,1.7705714285714285,2.132142857142857,1.655,1.7036571428571428,1.5625,1.7385714285714284,2.0767857142857142,1.25,1.335714285714286,1.7398000000000002,4.05
47-2152.04,Solar Thermal Installers and Technicians,2.85,4.03,3.92,4.18,2.48,1.35,4.12,2.06,4.14,3.06,1.7734857142857143,1.4384,2.097714285714286,1.4691999999999998,1.6274857142857142,1.7734857142857143,3.052642857142857,2.0028571428571427,1.9676714285714283,2.7769714285714286,2.354914285714286,2.3794285714285714,2.19,1.9285714285714288,1.9453714285714283,2.2693142857142856,2.0106,1.1037142857142856,2.025442857142857,2.198542857142857,1.9642857142857144,2.1607142857142856,1.8571428571428568,2.044642857142857,1.762914285714286,1.7200000000000002,1.7200000000000002,1.999,4.16
47-2161.00,Plasterers and Stucco Masons,2.23,4.11,2.96,2.1,2.17,1.17,4.65,1.2,3.4,1.9,1.7385714285714284,1.9299428571428567,1.7999714285714288,1.4906285714285716,2.4592,1.5300000000000002,2.2621714285714285,1.5693714285714286,1.354742857142857,2.4694000000000003,1.7857142857142856,1.673257142857143,1.9449142857142856,1.4542857142857144,1.4802142857142857,1.749242857142857,1.9852571428571428,1.2993142857142856,2.025142857142857,2.0180285714285717,1.6428571428571428,1.604285714285714,1.604285714285714,1.6428571428571428,2.7461714285714285,1.3785714285714286,1.3785714285714286,1.7938,4.33
47-2171.00,Reinforcing Iron and Rebar Workers,2.61,4.43,4.05,2.62,3.16,1.69,4.18,2.39,3.94,2.36,1.9842857142857144,1.5012857142857143,1.9889285714285716,1.3008,2.0177571428571426,1.4542857142857144,2.3968,1.4628571428571429,1.3202857142857145,1.8624,1.7734857142857143,1.6776428571428572,1.7734857142857143,1.3785714285714286,1.3759428571428571,1.646628571428571,1.1254857142857142,1.2199142857142855,1.9585428571428567,2.204,1.3706285714285715,1.5300000000000002,1.231428571428571,1.5508,2.226971428571429,1.2036571428571428,1.2036571428571428,1.6055,4.18
47-2181.00,Roofers,2.97,4.5,3.78,3.37,2.92,1.5,4.64,1.65,4.57,2.75,2.4522285714285714,1.715757142857143,2.1136,1.32,2.213457142857143,1.625,2.754785714285714,1.7142857142857144,1.8859142857142857,2.2447428571428576,2.275,1.9939428571428568,1.8571428571428568,1.4542857142857144,1.3933857142857144,2.274,1.8657428571428567,1.2928571428571427,2.411057142857143,2.280571428571429,1.7036571428571428,1.7857142857142856,1.4435714285714285,1.8328571428571427,2.5694857142857144,1.25,1.335714285714286,2.211785714285714,4.16
47-2211.00,Sheet Metal Workers,2.62,3.68,3.23,2.96,2.86,2.03,4.1,1.67,2.08,1.64,1.9449142857142856,1.8285714285714283,2.2014142857142858,1.6063428571428573,2.424428571428572,1.4285714285714286,2.644914285714286,1.822857142857143,2.184,3.198785714285714,1.9449142857142856,1.4576,1.9449142857142856,1.7385714285714284,2.3540714285714284,2.501714285714286,2.4491571428571426,1.7113428571428573,2.8307714285714285,2.573714285714286,1.822857142857143,1.822857142857143,1.3571428571428572,1.822857142857143,2.7072571428571424,1.3008,1.3008,2.807842857142857,3.71
47-2221.00,Structural Iron and Steel Workers,3.37,4.39,3.64,3.03,2.98,1.88,4.31,2.27,3.44,2.81,2.265085714285714,1.475542857142857,1.9018571428571431,1.6391999999999998,1.6865714285714284,1.7385714285714284,2.7085714285714286,1.68,1.083,2.1076,2.0028571428571427,1.5006428571428572,1.9449142857142856,1.7734857142857143,1.1938,1.4647857142857144,1.1162285714285711,1.0636,1.4821428571428572,1.7298,1.9085714285714288,1.9085714285714288,1.5625,1.9085714285714288,2.0940142857142856,1.32,1.4179428571428572,1.4070714285714283,4.4
47-2231.00,Solar Photovoltaic Installers,3.75,4.31,4.07,3.34,2.79,1.28,4.93,3.27,4.59,2.69,1.8571428571428568,1.4665714285714284,1.7208571428571429,1.4906285714285716,2.0412142857142856,1.5625,2.3872714285714283,1.8057142857142856,1.4304285714285714,2.047428571428571,2.205357142857143,2.052914285714285,1.9085714285714288,1.6665142857142858,1.4994142857142858,1.6152571428571427,1.5035,1.108428571428571,1.9353,2.3908428571428573,1.604285714285714,1.8057142857142856,1.4542857142857144,1.9085714285714288,2.4590571428571426,1.3785714285714286,1.5207142857142857,2.1517,4.78
47-3011.00,"Helpers--Brickmasons, Blockmasons, Stonemasons, and Tile and Marble Setters",2.61,3.58,3.67,3.28,2.24,1.38,4.88,1.88,3.61,1.92,1.8914285714285717,1.6144285714285715,1.8674285714285717,1.22,1.6749999999999998,1.5625,2.5618000000000003,1.5,1.1469571428571428,1.7526857142857142,1.822857142857143,1.5868857142857142,1.7385714285714284,1.51,1.2790857142857144,1.3514285714285714,1.2879999999999998,1.0994285714285714,1.4585714285714286,2.051285714285714,1.5207142857142857,1.604285714285714,1.25,1.604285714285714,2.304342857142857,1.1885714285714286,1.2036571428571428,1.4147428571428573,4.27
47-3012.00,Helpers--Carpenters,3.27,4.36,3.42,2.54,2.73,1.55,4.66,1.75,3.75,1.98,1.8914285714285717,1.5113714285714284,1.5157000000000005,1.2857142857142856,1.2125714285714286,1.6428571428571428,2.2993428571428574,1.68,1.0433428571428571,1.7027428571428571,1.9285714285714288,1.5174,1.8571428571428568,1.4179428571428572,1.1342,1.5950285714285717,1.1961142857142857,1.0912,1.4109142857142856,1.4321142857142857,1.68,1.7142857142857144,1.3785714285714286,1.8571428571428568,1.7635428571428573,1.32,1.3571428571428572,1.4384285714285714,4.07
47-3013.00,Helpers--Electricians,1.95,4.26,3.69,2.94,2.2,1.62,4.89,1.98,3.52,2.07,1.822857142857143,2.4718142857142857,2.190114285714285,1.231428571428571,2.429142857142857,1.4542857142857144,3.1396857142857137,1.7208,2.2307428571428574,2.7534857142857145,2.096342857142857,2.060714285714286,1.9085714285714288,1.335714285714286,2.5,2.5891428571428574,2.4335142857142857,1.5772,2.308114285714286,2.568,1.7857142857142856,1.872228571428572,1.3785714285714286,1.9257142857142855,2.963857142857143,1.197142857142857,1.28,2.2622857142857145,4.42
47-3014.00,"Helpers--Painters, Paperhangers, Plasterers, and Stucco Masons",2.32,4.43,3.21,2.5,2.19,1.18,4.76,2.0,3.57,1.58,1.7485714285714289,1.4320857142857142,1.3111428571428572,1.32,1.3436571428571429,1.5207142857142857,2.491428571428571,1.5714285714285714,1.1060714285714286,1.9741,1.6085714285714283,1.1522285714285714,1.7142857142857144,1.3571428571428572,1.2468571428571429,1.4821428571428572,1.0865571428571428,1.1279142857142856,1.2928571428571427,1.6616285714285717,1.604285714285714,1.7514285714285711,1.4821428571428572,1.604285714285714,1.4862,1.3125,1.3125,1.2887428571428572,4.51
47-3015.00,"Helpers--Pipelayers, Plumbers, Pipefitters, and Steamfitters",2.29,4.14,3.36,3.39,3.0,1.28,4.22,1.08,3.58,2.51,1.75,2.152542857142857,1.4125714285714284,1.1734857142857142,2.1016000000000004,1.4542857142857144,2.26,1.4821428571428572,1.3465285714285715,2.167685714285714,2.044642857142857,1.5947142857142858,1.822857142857143,1.302857142857143,1.6989,1.547214285714286,2.1499428571428574,1.1992857142857145,1.344,1.4104285714285716,1.6391999999999998,1.7142857142857144,1.345,1.6391999999999998,2.09,1.231428571428571,1.231428571428571,1.5053,3.92
47-3016.00,Helpers--Roofers,2.39,3.5,3.6,3.01,2.93,1.81,4.35,2.3,2.62,1.85,2.205357142857143,2.2376571428571426,1.946942857142857,1.4017857142857142,1.9835714285714283,1.4906285714285716,2.569828571428572,1.537142857142857,1.5036999999999998,2.3214428571428574,1.7857142857142856,2.2656,1.7142857142857144,1.4179428571428572,2.3206285714285717,2.381114285714286,1.8946857142857143,1.5881142857142858,2.026814285714286,2.1259571428571427,1.6814285714285715,1.7934857142857146,1.4906285714285716,1.7142857142857144,2.6096285714285714,1.28,1.25,2.2665714285714285,4.14
47-4011.00,Construction and Building Inspectors,3.52,4.36,3.08,4.36,3.56,1.84,4.71,2.2,4.92,3.96,1.8057142857142856,1.5750857142857142,1.9328,1.8057142857142856,1.8096,1.8571428571428568,2.9629714285714286,2.524285714285714,1.2114285714285713,2.9872,2.645714285714285,2.5100571428571428,2.7142857142857144,1.8571428571428568,2.285942857142857,2.7046857142857146,2.8102857142857145,1.5874,2.152914285714286,2.254857142857143,1.9642857142857144,2.0028571428571427,1.6364285714285711,2.524285714285714,2.029714285714286,1.8571428571428568,1.9085714285714288,3.2116571428571428,4.0
47-4011.01,Energy Auditors,2.62,4.03,3.24,3.76,2.48,1.48,4.43,2.07,4.48,3.21,1.8571428571428568,1.4114285714285713,1.8085714285714287,1.5357142857142858,1.8287285714285717,1.7734857142857143,2.5456714285714286,2.4893714285714283,2.2359857142857145,2.567157142857143,2.7142857142857144,2.4161,2.7142857142857144,1.8057142857142856,2.362857142857143,1.9065714285714288,1.993,1.2248285714285716,2.1222,2.1904000000000003,2.0028571428571427,2.0028571428571427,1.822857142857143,2.524285714285714,2.040914285714286,1.7734857142857143,1.8571428571428568,2.8156857142857143,3.93
47-4021.00,Elevator and Escalator Installers and Repairers,3.13,4.39,3.96,4.4,3.84,1.48,4.54,1.46,4.74,2.53,1.8571428571428568,1.4378857142857142,1.6384714285714286,1.32,1.5075000000000005,1.5508,2.2491142857142856,1.822857142857143,1.2655714285714286,2.4657714285714283,2.4035714285714285,1.4127285714285711,2.044642857142857,1.3785714285714286,1.5355,1.4630285714285711,1.695357142857143,1.0144,1.7854857142857146,2.159057142857143,1.5625,1.7857142857142856,1.5357142857142858,2.02,1.9594857142857145,1.25,1.4435714285714285,1.78,3.81
47-4031.00,Fence Erectors,3.22,4.34,3.75,3.66,2.27,1.87,4.71,1.91,4.35,3.06,1.8914285714285717,2.088157142857143,1.7499428571428572,1.4017857142857142,2.0474428571428573,1.4906285714285716,2.397428571428572,1.605714285714286,1.3055714285714286,2.4312571428571426,1.8571428571428568,1.6026571428571428,1.8571428571428568,1.3785714285714286,1.5821428571428573,2.0455428571428573,1.7493714285714288,1.4109571428571428,2.0828571428571427,1.9068571428571424,1.5207142857142857,1.7142857142857144,1.4017857142857142,1.6428571428571428,2.388014285714286,1.25,1.2857142857142856,1.7582142857142855,4.03
47-4041.00,Hazardous Materials Removal Workers,3.18,3.97,3.56,3.37,2.54,1.97,4.78,2.25,4.12,3.16,1.8571428571428568,1.8867857142857145,2.209428571428572,1.5785714285714287,1.8997857142857144,1.7857142857142856,2.9472571428571435,1.872228571428572,1.5890857142857142,2.6973571428571432,2.596342857142857,1.6852428571428573,2.31,1.7734857142857143,1.9360857142857144,1.8046,1.6192,1.5151142857142856,1.7780571428571428,1.9154,2.0028571428571427,2.1142857142857143,1.7385714285714284,1.9642857142857144,2.3070571428571425,1.6875,1.7385714285714284,2.1004857142857145,4.09
47-4051.00,Highway Maintenance Workers,3.67,4.25,3.52,3.73,3.39,2.12,4.8,1.91,3.54,1.94,2.06,2.932,2.9039714285714284,1.3008,2.239242857142857,1.7036571428571428,3.6199857142857135,1.7857142857142856,2.7381857142857142,3.583285714285714,2.1492,1.966985714285714,1.9085714285714288,1.4179428571428572,1.8414714285714289,2.3910857142857145,3.1062857142857143,1.6033857142857144,1.7849285714285716,2.3055,1.7857142857142856,1.822857142857143,1.4435714285714285,1.822857142857143,2.9230857142857145,1.4179428571428572,1.51,2.788828571428572,4.64
47-4061.00,Rail-Track Laying and Maintenance Equipment Operators,2.71,4.56,4.03,2.59,2.42,1.56,4.89,2.3,4.4,3.33,1.9449142857142856,1.8245857142857145,1.827171428571429,1.4542857142857144,2.009714285714286,1.5,2.6338857142857144,1.604285714285714,1.4704000000000002,2.2508,1.9842857142857144,1.9105142857142856,1.8571428571428568,1.5165142857142857,1.5848571428571427,1.7039428571428572,1.7084857142857144,1.3491428571428572,1.942857142857143,1.8307,1.6391999999999998,1.604285714285714,1.335714285714286,1.7857142857142856,2.460185714285714,1.22,1.3008,1.6310857142857142,4.34
47-4071.00,Septic Tank Servicers and Sewer Pipe Cleaners,2.95,4.6,4.08,4.44,3.15,1.53,4.71,1.87,4.74,3.32,1.7385714285714284,1.3401,1.0686,1.4179428571428572,1.1056,1.655,2.2155142857142858,1.625,1.2640857142857145,2.454485714285714,2.1607142857142856,1.7419285714285715,1.9085714285714288,1.51,1.2035714285714287,1.3081999999999998,2.156,1.054857142857143,1.4205714285714286,1.601057142857143,1.6364285714285711,1.6875,1.5625,1.822857142857143,1.4373714285714283,1.394285714285714,1.4691999999999998,1.9698571428571428,4.46
47-4091.00,Segmental Pavers,3.91,4.63,4.33,4.73,3.22,1.96,4.96,2.21,4.81,3.75,2.205357142857143,1.9046714285714288,2.351714285714285,1.7385714285714284,2.172428571428572,1.8328571428571427,2.763,1.982142857142857,2.1270285714285717,2.928571428571429,2.31,1.7147428571428571,2.1677714285714287,1.7036571428571428,1.605057142857143,2.063657142857143,2.0504,1.3681857142857143,2.295,2.312414285714285,1.9642857142857144,2.02,1.7857142857142856,2.071428571428572,2.7966571428571427,1.6063428571428573,1.7857142857142856,2.1558571428571427,4.39
47-4099.03,Weatherization Installers and Technicians,2.95,4.57,3.83,3.74,2.59,1.57,4.73,1.83,4.27,3.41,1.8571428571428568,1.9249857142857143,2.397942857142857,1.625,2.225357142857143,1.6391999999999998,2.8083571428571426,1.9085714285714288,1.5810285714285714,2.2679,2.125,2.0242857142857145,2.1635714285714283,1.655,2.025828571428572,2.164742857142857,2.292342857142857,1.7267714285714286,2.476514285714286,2.5334000000000003,1.8914285714285717,1.8571428571428568,1.8571428571428568,1.9085714285714288,2.4171714285714283,1.5625,1.6875,2.127,4.26
47-5011.00,"Derrick Operators, Oil and Gas",3.38,4.56,3.53,3.0,2.9,1.97,4.32,1.76,3.25,2.47,1.9657142857142855,1.4619285714285717,1.8988,1.9657142857142855,1.5904,1.7385714285714284,2.422728571428572,2.02,1.2360571428571427,1.9387714285714288,2.205357142857143,1.5098571428571428,2.275,1.7734857142857143,1.366,1.499428571428571,1.2899714285714283,1.377142857142857,1.9429285714285716,2.015,2.0642,1.8035714285714288,1.3706285714285715,1.9642857142857144,2.0060714285714285,1.4542857142857144,1.4285714285714286,1.8151,4.54
47-5012.00,"Rotary Drill Operators, Oil and Gas",3.29,4.36,3.86,3.26,3.16,1.53,4.94,2.55,3.6,3.05,2.086428571428572,2.0231714285714286,2.331542857142857,1.8728571428571428,2.551085714285714,1.7385714285714284,3.0449714285714284,1.9257142857142855,1.5942857142857143,2.2360571428571427,2.4089285714285715,2.1187,2.363842857142857,2.1492,2.0788,1.8086,1.3192,1.809742857142857,2.2788571428571425,2.639042857142857,1.8002714285714283,1.876342857142857,1.4435714285714285,1.9792,2.573457142857143,1.7385714285714284,1.7734857142857143,1.6683428571428571,4.86
47-5013.00,"Service Unit Operators, Oil and Gas",2.43,4.83,3.97,3.03,2.88,1.5,4.67,2.19,4.02,3.03,1.8057142857142856,3.132614285714286,2.769657142857143,1.7142857142857144,2.579414285714286,1.7857142857142856,3.280985714285714,1.8571428571428568,2.056942857142857,3.418257142857143,2.19,2.337285714285714,2.1635714285714283,1.6714285714285717,2.4378714285714285,2.5286857142857144,1.3270285714285714,1.7592,2.8612,3.0324857142857145,2.0028571428571427,2.0028571428571427,1.625,2.02,3.3568,1.595,1.655,2.877142857142857,4.58
47-5022.00,"Excavating and Loading Machine and Dragline Operators, Surface Mining",2.35,4.4,3.6,2.21,2.45,1.18,4.51,2.02,3.26,2.31,1.8914285714285717,2.0608,2.1066857142857143,1.7734857142857143,2.0455428571428573,1.7485714285714289,2.8727,1.7857142857142856,1.2319428571428572,2.4709714285714286,2.096342857142857,1.6894285714285715,2.096342857142857,1.4821428571428572,1.7964571428571428,1.9793714285714288,1.5235142857142856,1.0765142857142858,2.3615000000000004,2.3092571428571427,1.8571428571428568,1.9085714285714288,1.4821428571428572,1.8571428571428568,2.581,1.4435714285714285,1.7857142857142856,1.6537428571428572,4.47
47-5023.00,"Earth Drillers, Except Oil and Gas",2.23,3.99,2.84,2.61,2.35,1.36,4.53,1.41,3.6,2.51,1.8571428571428568,2.126714285714286,1.6911999999999998,1.4179428571428572,1.8706285714285715,1.4906285714285716,2.4491571428571426,1.822857142857143,1.706342857142857,1.9273428571428568,2.125,1.848,1.8571428571428568,1.6875,1.494,1.9073714285714285,1.943285714285714,1.0969428571428572,1.6094285714285714,2.082842857142857,1.822857142857143,1.7734857142857143,1.4435714285714285,1.8571428571428568,1.972,1.3785714285714286,1.4179428571428572,1.5654142857142856,3.26
47-5032.00,"Explosives Workers, Ordnance Handling Experts, and Blasters",3.13,4.38,3.33,2.96,2.54,1.29,4.79,2.0,4.52,3.42,2.06,1.669342857142857,2.3535714285714286,1.9285714285714288,2.532142857142857,1.7385714285714284,2.761685714285714,2.0608,1.4902,2.340357142857143,2.596342857142857,1.7971428571428572,2.375,1.9657142857142855,1.9292571428571428,2.057142857142857,2.0108,1.5440857142857145,2.496942857142857,2.919542857142857,1.9257142857142855,1.876342857142857,1.5508,2.3906285714285715,2.6956857142857142,1.6063428571428573,1.5614285714285714,2.3462,4.29
47-5041.00,Continuous Mining Machine Operators,2.94,4.44,3.71,1.22,3.11,1.59,4.84,1.66,2.25,1.96,1.75,1.8585428571428573,1.9495,1.6364285714285711,1.6450285714285715,1.5625,2.6927142857142856,1.6428571428571428,1.1224,1.936,1.94,1.4796,1.9085714285714288,1.4691999999999998,1.6647142857142856,1.405357142857143,1.0861,1.0969428571428572,1.5721857142857143,2.386385714285714,1.6391999999999998,1.604285714285714,1.4179428571428572,1.822857142857143,2.1075142857142857,1.302857142857143,1.36,1.1665571428571428,4.61
47-5043.00,"Roof Bolters, Mining",3.42,4.51,3.55,1.09,3.53,2.05,4.95,1.58,2.14,1.44,2.0,1.9879428571428568,1.6063428571428573,1.4017857142857142,1.9758571428571428,1.604285714285714,3.0175714285714283,1.6428571428571428,1.0678857142857143,1.2674,1.9657142857142855,2.0614857142857144,1.8571428571428568,1.7036571428571428,1.7352999999999998,1.3118285714285711,1.0021714285714285,1.030857142857143,1.7301428571428572,2.912,1.8571428571428568,1.9085714285714288,1.4179428571428572,1.872228571428572,2.4223,1.3392000000000002,1.3785714285714286,1.1397,4.61
47-5044.00,"Loading and Moving Machine Operators, Underground Mining",2.65,3.67,3.27,1.65,3.35,1.39,4.55,2.04,2.11,1.95,1.8571428571428568,1.4107142857142856,1.5975,1.3571428571428572,1.4678142857142855,1.6391999999999998,2.2686571428571427,1.822857142857143,1.1731142857142858,1.7209142857142856,1.8571428571428568,1.336142857142857,1.8571428571428568,1.4017857142857142,1.3205714285714287,1.4626428571428571,1.077257142857143,1.1242857142857143,1.5665428571428572,1.7503571428571427,1.8571428571428568,1.822857142857143,1.36,1.822857142857143,1.8325,1.3392000000000002,1.3785714285714286,1.1272857142857142,4.45
47-5051.00,"Rock Splitters, Quarry",1.43,3.18,2.67,2.17,1.37,1.11,3.48,1.43,1.83,1.09,1.6875,1.4866857142857142,1.2584,1.2036571428571428,1.2680285714285715,1.4821428571428572,2.056,1.6063428571428573,1.0851285714285714,2.0152,1.8571428571428568,1.2704,1.7734857142857143,1.25,1.2278571428571428,1.2485714285714289,1.039,1.059257142857143,1.3328,1.5931428571428572,1.6714285714285717,1.7036571428571428,1.3392000000000002,1.7485714285714289,1.4861428571428572,1.2036571428571428,1.2857142857142856,1.1110857142857142,3.79
47-5071.00,"Roustabouts, Oil and Gas",2.4,4.58,3.23,2.86,2.62,1.14,4.86,1.63,4.51,1.63,1.75,2.2326571428571427,1.8814,1.3706285714285715,1.9490714285714288,1.604285714285714,2.459714285714286,1.5,1.5595428571428571,2.560771428571429,1.9085714285714288,1.492,1.822857142857143,1.3571428571428572,1.9106285714285711,1.9438285714285717,1.5437714285714286,1.0749142857142855,1.9936,2.068771428571429,1.6391999999999998,1.7857142857142856,1.3008,1.6714285714285717,2.615,1.25,1.2142857142857144,1.9293714285714287,4.44
47-5081.00,Helpers--Extraction Workers,3.04,4.3,4.22,2.77,3.06,1.21,4.82,2.46,3.86,2.82,1.9842857142857144,2.8443571428571426,2.536671428571428,1.4285714285714286,2.370571428571429,1.595,3.4516571428571425,1.6391999999999998,1.5620285714285715,2.503128571428572,1.9257142857142855,2.7904857142857145,1.7857142857142856,1.4435714285714285,2.122,2.387314285714286,1.3798,1.3799285714285714,2.773257142857142,2.0840571428571426,1.6391999999999998,1.7857142857142856,1.394285714285714,1.7485714285714289,2.5701142857142854,1.268571428571429,1.32,2.1185714285714283,4.46
49-1011.00,"First-Line Supervisors of Mechanics, Installers, and Repairers",2.87,4.81,4.24,3.38,2.73,1.51,4.53,2.35,4.84,2.89,2.4732142857142856,1.9871714285714288,2.499271428571429,2.645714285714285,3.0762285714285715,2.1357142857142857,3.0295,2.524285714285714,1.702942857142857,2.4880000000000004,2.7142857142857144,1.9968285714285716,2.7142857142857144,2.0,2.343857142857143,2.221257142857143,1.3265714285714283,2.2116,2.595485714285714,2.3989857142857143,2.4732142857142856,2.422142857142857,1.8571428571428568,2.4035714285714285,3.1966857142857146,1.9657142857142855,2.0,2.4714142857142862,4.35
49-2011.00,"Computer, Automated Teller, and Office Machine Repairers",3.2,4.1,3.11,4.2,2.92,1.42,4.34,1.68,4.93,2.33,1.822857142857143,1.198,1.1381714285714286,1.4542857142857144,1.2453714285714286,1.8057142857142856,1.999685714285714,1.9642857142857144,1.2743714285714285,1.8367857142857145,2.422142857142857,1.3694571428571427,2.4035714285714285,1.6665142857142858,1.473142857142857,1.4896571428571428,1.8409285714285717,1.0185142857142857,1.346642857142857,1.6095,2.0285714285714285,1.935714285714286,1.822857142857143,2.1228571428571428,1.215,1.5300000000000002,1.5892857142857142,2.9599,3.55
49-2021.00,"Radio, Cellular, and Tower Equipment Installers and Repairers",2.31,4.11,3.7,3.66,2.3,1.27,4.77,1.46,4.24,2.98,1.9285714285714288,1.8464,1.844957142857143,1.4691999999999998,2.0941428571428573,1.7142857142857144,3.1744000000000003,1.9642857142857144,1.7738285714285715,2.5421428571428573,2.2471428571428573,2.3653000000000004,2.1357142857142857,1.7200000000000002,2.1353714285714287,2.110857142857143,1.990514285714286,1.288,2.0560857142857145,2.332,1.9085714285714288,1.9642857142857144,1.51,2.0028571428571427,2.607014285714285,1.4435714285714285,1.5508,2.6792285714285717,4.29
49-2022.00,"Telecommunications Equipment Installers and Repairers, Except Line Installers",3.0,4.54,3.01,4.23,3.23,1.39,4.29,1.71,4.69,2.79,1.8571428571428568,1.7570428571428574,1.3725,1.51,1.231,1.7857142857142856,2.741128571428572,2.0028571428571427,1.5202,2.560714285714286,2.645714285714285,1.8498142857142856,2.19,1.8057142857142856,1.8245714285714287,1.7817142857142856,2.456514285714285,1.0315,1.5464571428571428,2.1682,2.0608,2.0608,1.8057142857142856,2.2071428571428573,1.6903,1.4821428571428572,1.6063428571428573,2.3609285714285715,3.81
49-2091.00,Avionics Technicians,3.01,4.08,3.68,2.96,2.51,1.22,4.58,1.44,3.75,2.31,1.8914285714285717,1.6503142857142858,1.9358285714285717,1.6063428571428573,1.6784142857142856,1.8057142857142856,2.8742714285714284,2.02,1.393,2.571142857142857,2.6185714285714288,2.1758285714285712,2.3857142857142857,1.7734857142857143,2.019914285714286,1.5507142857142855,1.3257142857142856,1.169557142857143,1.995,2.664028571428571,1.872228571428572,1.9085714285714288,1.655,2.105,2.163828571428572,1.4435714285714285,1.7385714285714284,1.9507714285714288,4.05
49-2092.00,"Electric Motor, Power Tool, and Related Repairers",2.88,3.93,3.91,3.16,2.86,1.22,4.68,1.55,3.79,2.64,1.7734857142857143,1.5741714285714283,1.908,1.4435714285714285,1.804,1.6875,2.855642857142857,1.8571428571428568,1.5410285714285714,2.4173714285714283,2.1357142857142857,2.1037428571428576,1.8914285714285717,1.6171428571428572,1.8017142857142856,1.6942857142857144,1.2622857142857145,1.3516714285714284,2.204,2.114028571428572,1.7385714285714284,1.7385714285714284,1.6875,1.9085714285714288,2.342,1.3125,1.51,1.9985714285714289,4.03
49-2093.00,"Electrical and Electronics Installers and Repairers, Transportation Equipment",2.62,4.04,3.58,2.1,2.67,1.47,4.48,1.91,2.88,2.43,1.8571428571428568,1.4594285714285715,1.7134428571428573,1.4017857142857142,1.791828571428571,1.8571428571428568,3.202828571428572,1.8571428571428568,1.269542857142857,2.0433285714285714,2.205357142857143,1.624642857142857,1.9285714285714288,1.4,2.089,1.3931428571428572,1.4599285714285717,1.1731142857142858,1.9751,2.3299000000000003,1.8571428571428568,1.8057142857142856,1.4017857142857142,2.02,2.3978,1.3785714285714286,1.7385714285714284,1.473,3.5
49-2094.00,"Electrical and Electronics Repairers, Commercial and Industrial Equipment",3.02,4.36,3.38,2.65,2.78,1.25,4.63,2.28,3.46,2.75,1.8057142857142856,1.4196571428571427,1.3900714285714286,1.5614285714285714,1.6865714285714284,1.8571428571428568,2.609057142857143,1.9449142857142856,1.1785,2.6089285714285717,2.571428571428571,1.8932,2.1750857142857143,1.7734857142857143,1.759,1.4658,1.07,1.1212428571428572,2.0152857142857146,2.509857142857143,1.8571428571428568,1.8571428571428568,1.7734857142857143,2.096342857142857,1.5690714285714285,1.467857142857143,1.7734857142857143,1.5905714285714283,4.26
49-2095.00,"Electrical and Electronics Repairers, Powerhouse, Substation, and Relay",2.84,4.73,4.44,2.52,2.7,1.22,4.89,1.96,4.43,3.28,1.8057142857142856,1.6168,1.2436571428571428,1.6875,1.4326,1.6364285714285711,2.6373571428571427,1.872228571428572,1.0797142857142858,2.464,2.524285714285714,1.8479428571428569,2.4522285714285714,1.7200000000000002,1.8614285714285717,1.5397,1.0928571428571427,1.0368,2.026,2.0960714285714284,1.8057142857142856,1.7734857142857143,1.7385714285714284,1.9449142857142856,1.7027428571428571,1.4821428571428572,1.4179428571428572,1.3977142857142857,4.61
49-2096.00,"Electronic Equipment Installers and Repairers, Motor Vehicles",3.12,3.69,3.38,3.42,3.38,1.49,4.34,2.04,3.75,2.2,1.8571428571428568,1.628085714285714,1.8161428571428573,1.3392000000000002,2.0593142857142857,1.7734857142857143,2.24,1.8571428571428568,1.8398285714285716,2.5295000000000005,2.3857142857142857,2.049357142857143,2.02,1.5508,2.575571428571428,1.6737142857142857,2.3200000000000003,1.1374285714285717,2.266971428571429,2.4005714285714284,1.8571428571428568,1.8571428571428568,1.822857142857143,2.02,2.1934,1.625,1.595,1.9553000000000005,4.24
49-2097.00,Audiovisual Equipment Installers and Repairers,2.23,3.62,3.5,4.47,2.58,1.5,4.48,2.04,4.78,3.42,1.7036571428571428,1.2576,1.592457142857143,1.4691999999999998,1.8989714285714283,1.625,2.371085714285714,2.0608,1.9114285714285717,2.4443714285714284,2.086428571428572,1.6978857142857144,1.9842857142857144,1.6875,2.0504,2.2441,2.2600857142857143,1.1761142857142857,1.6316714285714284,1.824,1.8328571428571427,1.872228571428572,1.8571428571428568,1.9842857142857144,2.0911857142857144,1.32,1.51,2.4402,3.93
49-2098.00,Security and Fire Alarm Systems Installers,3.14,4.55,4.07,4.3,3.13,1.16,4.74,2.22,4.98,3.53,1.7734857142857143,1.2268,1.2800571428571428,1.32,1.5797714285714284,1.7734857142857143,2.8054,2.02,1.1932,2.3874714285714287,2.4732142857142856,1.663257142857143,2.2928571428571427,1.6063428571428573,1.4579714285714287,1.5912142857142857,2.1066857142857143,1.138,1.48,1.8830285714285715,1.9085714285714288,1.9085714285714288,1.7734857142857143,2.0028571428571427,1.7399714285714285,1.268571428571429,1.3008,2.788342857142857,4.05
49-3011.00,Aircraft Mechanics and Service Technicians,2.98,4.45,3.57,3.17,2.41,1.29,4.69,1.66,3.41,2.2,1.8728571428571428,1.7681142857142855,1.8729142857142855,1.5207142857142857,1.8342857142857143,1.8057142857142856,3.106814285714285,2.044642857142857,1.5808,2.517657142857143,2.542057142857143,2.198757142857142,2.571428571428571,1.7734857142857143,1.7225,1.9325714285714288,1.387,1.2184,2.130285714285714,2.197,1.9085714285714288,1.8571428571428568,1.655,2.2071428571428573,2.0557428571428566,1.32,1.7200000000000002,1.8955,4.13
49-3021.00,Automotive Body and Related Repairers,2.66,3.56,2.7,2.32,2.07,1.12,4.43,1.53,2.56,2.3,1.7734857142857143,1.4190857142857145,1.4966857142857144,1.36,1.6598714285714284,1.7734857142857143,2.558414285714286,1.7857142857142856,1.3443142857142858,1.9665714285714289,2.125,1.5645714285714285,1.9449142857142856,1.467857142857143,1.5602285714285715,1.6897142857142855,1.6462285714285714,1.2125714285714286,1.8845,1.9032142857142855,1.822857142857143,1.8328571428571427,1.7385714285714284,1.8571428571428568,1.6325714285714286,1.3785714285714286,1.5207142857142857,1.649142857142857,3.11
49-3022.00,Automotive Glass Installers and Repairers,2.47,4.52,2.46,3.79,2.52,1.35,4.86,1.07,4.84,2.65,1.625,1.0747428571428572,1.2622857142857145,1.268571428571429,1.1794285714285715,1.7036571428571428,1.9418857142857144,1.7485714285714289,1.3413714285714289,1.8142857142857145,1.822857142857143,1.3331142857142857,1.822857142857143,1.4435714285714285,1.2996571428571428,1.6359999999999997,2.330285714285714,1.0261285714285715,1.1521428571428571,1.4389,1.655,1.7485714285714289,1.7036571428571428,1.7385714285714284,1.3745142857142858,1.394285714285714,1.4179428571428572,1.5704285714285713,3.6
49-3023.00,Automotive Service Technicians and Mechanics,3.1,4.42,3.26,3.65,3.21,1.5,4.59,1.66,3.88,2.94,1.7734857142857143,1.5760857142857143,1.4532,1.3571428571428572,1.498342857142857,1.7485714285714289,2.254857142857143,1.8328571428571427,1.5857428571428571,2.350742857142857,2.2308,1.9980571428571428,2.06,1.5892857142857142,1.7465142857142857,1.6826285714285716,1.705857142857143,1.1572571428571428,1.7913,1.817457142857143,1.7036571428571428,1.7385714285714284,1.7734857142857143,1.8839285714285712,1.5170285714285714,1.3785714285714286,1.5785714285714287,1.7023428571428572,3.65
49-3031.00,Bus and Truck Mechanics and Diesel Engine Specialists,2.39,4.27,3.7,2.91,2.93,1.01,4.72,1.91,3.81,2.38,1.7734857142857143,1.4576714285714285,1.258142857142857,1.2857142857142856,1.2934285714285714,1.6875,2.326857142857143,1.9085714285714288,1.1872,2.103228571428572,2.1357142857142857,1.6924285714285716,1.9449142857142856,1.44,1.927457142857143,1.1834285714285715,1.1421571428571429,1.0497142857142858,1.783,1.5993142857142857,1.8057142857142856,1.822857142857143,1.3392000000000002,1.8571428571428568,1.4642,1.2857142857142856,1.3214285714285714,1.3220714285714286,3.84
49-3041.00,Farm Equipment Mechanics and Service Technicians,1.91,4.38,3.29,3.52,2.55,1.25,4.45,1.47,3.64,2.59,1.625,1.6845857142857144,1.4546285714285714,1.3785714285714286,1.344642857142857,1.595,2.4462571428571427,1.9085714285714288,1.8457142857142856,2.726285714285714,2.19,2.186871428571429,2.086428571428572,1.4017857142857142,1.7849285714285716,1.7618857142857145,2.470857142857143,1.4217142857142857,1.6788571428571428,1.737142857142857,1.872228571428572,1.9642857142857144,1.4821428571428572,1.9085714285714288,1.5918,1.2142857142857144,1.4435714285714285,2.343385714285714,3.98
49-3042.00,"Mobile Heavy Equipment Mechanics, Except Engines",2.39,4.27,3.62,3.4,2.76,1.4,4.66,1.78,4.33,3.1,1.837942857142857,1.7708,1.6058285714285714,1.7200000000000002,1.546,1.7385714285714284,2.5797142857142856,1.8571428571428568,1.4380000000000002,2.551085714285714,2.1085714285714285,2.0631142857142857,2.0342857142857143,1.75,1.909257142857143,1.8306285714285715,1.4515,1.3127714285714285,1.7057714285714285,1.9218285714285717,1.822857142857143,1.822857142857143,1.6063428571428573,1.8914285714285717,1.7739285714285713,1.4179428571428572,1.5357142857142858,1.758057142857143,4.3
49-3043.00,Rail Car Repairers,2.62,3.98,3.73,2.84,2.62,1.23,4.5,1.92,2.64,2.57,1.7036571428571428,1.7573714285714286,1.5492571428571429,1.4821428571428572,1.4997142857142858,1.5625,2.307428571428572,1.68,1.1422285714285714,2.0608,1.8057142857142856,1.3574285714285714,1.8057142857142856,1.4821428571428572,1.4545142857142856,1.369142857142857,1.1830571428571428,1.1053142857142857,1.8657428571428567,2.1914,1.6714285714285717,1.68,1.4179428571428572,1.8571428571428568,1.6804,1.3392000000000002,1.3785714285714286,1.5095428571428573,4.02
49-3051.00,Motorboat Mechanics and Service Technicians,3.03,4.3,3.12,3.83,3.04,1.51,4.72,1.25,4.45,2.9,1.4821428571428572,1.286,1.3053714285714286,1.22,1.3127714285714285,1.6063428571428573,2.2915,1.7485714285714289,1.5002142857142855,2.451071428571429,2.1635714285714283,1.5717142857142856,2.086428571428572,1.2363428571428572,1.4874428571428573,1.256457142857143,2.056,1.1104,1.4073142857142855,1.5235142857142856,1.7036571428571428,1.8328571428571427,1.4906285714285716,1.9085714285714288,1.4422,1.1885714285714286,1.231428571428571,1.8563714285714283,3.75
49-3052.00,Motorcycle Mechanics,3.02,4.6,3.39,3.63,3.6,1.87,4.37,1.86,3.24,3.63,1.8571428571428568,1.6901714285714289,1.8683714285714288,1.3008,1.6936,1.655,2.804,1.9085714285714288,1.4557142857142855,2.378742857142857,2.4732142857142856,2.0780000000000003,2.125,1.6063428571428573,1.924942857142857,1.7627857142857144,2.4203428571428574,1.1257714285714286,1.4968571428571429,1.9488571428571428,1.822857142857143,1.822857142857143,1.8057142857142856,1.9085714285714288,1.8182857142857145,1.32,1.5357142857142858,2.3908428571428573,4.37
49-3053.00,Outdoor Power Equipment and Other Small Engine Mechanics,2.34,4.42,2.61,3.57,2.31,1.06,3.67,1.23,3.85,1.96,1.7200000000000002,1.519728571428571,1.3021,1.22,1.409042857142857,1.595,2.2985,1.6714285714285717,1.7071428571428573,2.2431,1.9449142857142856,1.5908571428571427,1.9285714285714288,1.36,1.5065285714285714,1.4967142857142857,1.6041714285714286,1.3224571428571428,1.762142857142857,1.8576,1.7385714285714284,1.6875,1.4928571428571429,1.8328571428571427,1.599885714285714,1.231428571428571,1.3392000000000002,1.614428571428571,2.92
49-3091.00,Bicycle Repairers,3.23,4.38,2.48,4.82,2.96,1.3,4.31,2.01,5.0,1.57,1.6714285714285717,2.6529285714285717,1.5347142857142857,1.4542857142857144,2.214842857142857,2.0028571428571427,2.767,2.02,3.2699714285714285,2.538514285714286,2.19,1.5002857142857144,2.2071428571428573,1.6875,2.096457142857143,2.0116857142857145,3.1449142857142856,1.2921,1.5705142857142858,1.762,2.071428571428572,2.0608,2.02,2.1228571428571428,1.8301142857142856,1.7036571428571428,1.7036571428571428,1.7428571428571429,3.26
49-3092.00,Recreational Vehicle Service Technicians,2.4,3.8,3.03,3.39,2.57,1.23,4.61,1.88,2.84,1.61,1.7734857142857143,1.6162714285714286,1.269542857142857,1.2036571428571428,1.2148571428571429,1.7200000000000002,2.284185714285714,1.8571428571428568,1.303,2.238785714285714,2.3392857142857144,2.008,2.4035714285714285,1.5357142857142858,1.712214285714286,1.3041857142857145,1.7399714285714285,1.164,1.351314285714286,1.5005000000000002,1.9085714285714288,1.8571428571428568,1.8571428571428568,1.8571428571428568,1.2646428571428572,1.5357142857142858,1.5357142857142858,1.5333142857142856,3.27
49-3093.00,Tire Repairers and Changers,3.3,4.51,3.7,4.17,3.42,1.69,4.58,1.79,3.98,2.17,1.5300000000000002,1.552,1.4199142857142857,1.4435714285714285,1.4865000000000002,1.5625,2.467314285714286,1.6428571428571428,2.056685714285714,1.9807857142857144,1.8914285714285717,1.5921714285714286,1.8571428571428568,1.4017857142857142,1.660842857142857,1.512457142857143,2.2565,1.2571428571428571,1.9599,1.9629285714285716,1.6428571428571428,1.6714285714285717,1.7485714285714289,1.7142857142857144,1.8772,1.3785714285714286,1.3571428571428572,1.7757142857142858,4.4
49-9011.00,Mechanical Door Repairers,1.93,4.38,3.08,3.88,2.65,1.54,4.49,2.03,4.79,2.78,1.822857142857143,1.6475142857142857,1.4486857142857144,1.604285714285714,1.493785714285714,1.822857142857143,2.228857142857142,1.9085714285714288,1.8369714285714287,2.256485714285714,2.0028571428571427,1.419142857142857,1.9449142857142856,1.7485714285714289,1.6562285714285716,1.8875714285714285,2.342857142857143,1.183342857142857,1.4998857142857145,1.9257142857142855,1.9085714285714288,1.872228571428572,1.822857142857143,1.9085714285714288,1.8289285714285712,1.5207142857142857,1.7385714285714284,2.1712,3.91
49-9012.00,"Control and Valve Installers and Repairers, Except Mechanical Door",2.83,4.51,3.49,3.7,3.31,1.84,4.94,1.66,4.65,3.22,1.8571428571428568,1.9342857142857144,1.6688,1.2142857142857144,1.9558857142857144,1.7385714285714284,3.154871428571429,1.9085714285714288,1.416,2.565942857142857,2.4035714285714285,1.8756,2.1607142857142856,1.4249999999999998,1.6359999999999997,1.6279999999999997,1.3894714285714285,1.0607142857142855,1.9956571428571428,2.2474285714285718,1.8571428571428568,1.9085714285714288,1.51,1.872228571428572,2.046914285714286,1.3008,1.25,2.032742857142857,4.4
49-9021.00,"Heating, Air Conditioning, and Refrigeration Mechanics and Installers",2.31,4.61,3.68,3.89,2.51,1.28,4.43,1.78,4.68,2.93,1.8914285714285717,1.6105,1.653142857142857,1.7734857142857143,1.7762857142857142,1.7857142857142856,2.2294857142857145,1.7934857142857146,1.7007571428571429,2.4988857142857137,2.4522285714285714,1.7709285714285712,2.1635714285714283,1.7385714285714284,1.68,1.9088,1.6749142857142858,1.204,2.0318571428571426,2.0472,1.9257142857142855,1.8914285714285717,1.7734857142857143,1.9257142857142855,2.1501,1.4691999999999998,1.655,2.1913428571428573,4.21
49-9031.00,Home Appliance Repairers,3.04,4.84,3.25,4.65,3.56,1.49,4.73,1.66,4.89,2.7,1.6875,1.2693857142857143,1.4876857142857145,1.4542857142857144,1.5158285714285715,1.6875,1.9608571428571429,2.071428571428572,1.6523714285714286,2.236857142857143,2.216428571428572,1.5104,2.225714285714286,1.4464285714285716,1.442,1.598857142857143,3.013042857142857,1.2976,1.6302285714285716,1.9672857142857143,1.7385714285714284,1.7857142857142856,1.822857142857143,2.0608,1.725,1.3785714285714286,1.5300000000000002,2.4135,3.58
49-9041.00,Industrial Machinery Mechanics,2.53,4.22,3.25,1.74,2.68,1.39,4.56,1.26,3.13,2.08,1.8571428571428568,1.8310857142857144,1.3919285714285714,1.4906285714285716,1.5537571428571428,1.5300000000000002,2.662,1.8571428571428568,1.0873,2.0619428571428573,1.9657142857142855,1.9663714285714289,1.8914285714285717,1.6364285714285711,1.638785714285714,1.3837857142857142,1.0116285714285715,1.018571428571429,1.7532,1.9812142857142856,1.7734857142857143,1.8571428571428568,1.4017857142857142,1.9085714285714288,1.8354285714285716,1.22,1.28,1.3749,4.36
49-9043.00,"Maintenance Workers, Machinery",2.68,4.27,3.47,2.42,2.42,1.33,4.25,1.83,3.52,2.21,1.8571428571428568,1.6568857142857143,1.6513,1.3008,1.7083285714285714,1.4906285714285716,2.708928571428572,1.7385714285714284,1.225857142857143,2.273742857142857,1.837942857142857,1.9781714285714287,1.8914285714285717,1.3571428571428572,1.8073,1.4954285714285716,1.0630857142857142,1.1085714285714283,1.749242857142857,2.1502857142857144,1.6391999999999998,1.7385714285714284,1.32,1.8571428571428568,1.6792000000000002,1.32,1.32,1.2388571428571429,4.14
49-9044.00,Millwrights,3.05,4.41,3.73,2.77,2.73,1.77,4.91,2.45,4.23,2.95,2.0,2.189657142857143,2.449,1.6364285714285711,2.7628,1.7857142857142856,3.3123571428571426,1.8571428571428568,1.6623428571428571,2.6835,2.19,2.2064,2.023657142857143,1.8057142857142856,2.2224000000000004,2.371728571428571,1.407657142857143,1.5476,2.905514285714286,2.960714285714286,1.8571428571428568,1.8571428571428568,1.7485714285714289,1.9085714285714288,2.8329142857142857,1.7036571428571428,1.7036571428571428,1.9049285714285715,4.64
49-9045.00,"Refractory Materials Repairers, Except Brickmasons",2.5,4.23,3.1,1.64,3.47,2.14,3.69,1.28,2.86,2.75,1.7385714285714284,1.4424285714285712,1.5293142857142858,1.335714285714286,1.318057142857143,1.595,2.3369285714285715,1.6875,1.0846857142857145,1.7970285714285712,2.02,1.4717714285714285,1.9128571428571428,1.51,1.5124,1.382,1.0238,1.1947142857142856,1.6457285714285714,2.0771428571428574,1.7385714285714284,1.7514285714285711,1.394285714285714,1.822857142857143,1.8064,1.268571428571429,1.25,1.1895142857142855,4.16
49-9051.00,Electrical Power-Line Installers and Repairers,3.23,4.56,4.14,3.68,3.14,2.13,4.91,1.63,4.42,2.31,1.9842857142857144,1.8300142857142856,1.7039999999999995,1.8057142857142856,2.010357142857143,1.655,2.3455000000000004,1.7734857142857143,1.1497142857142857,1.876342857142857,2.4522285714285714,1.7014857142857145,1.9285714285714288,1.5614285714285714,1.576942857142857,1.5805714285714283,1.7971428571428572,1.2545428571428572,2.128214285714286,2.321085714285714,1.822857142857143,1.822857142857143,1.5785714285714287,2.105,2.034057142857143,1.302857142857143,1.6364285714285711,1.6451714285714285,4.86
49-9052.00,Telecommunications Line Installers and Repairers,3.19,4.79,3.58,3.99,3.21,1.6,4.44,2.21,4.69,3.07,1.8571428571428568,1.9321,1.5571428571428572,1.268571428571429,1.568857142857143,1.7734857142857143,2.3794285714285714,1.8328571428571427,2.0108714285714284,2.480885714285714,2.354914285714286,1.7497142857142856,2.31,1.3392000000000002,1.592485714285714,1.8073714285714289,2.4377142857142857,1.1454142857142855,1.6475142857142857,2.0972285714285714,1.7857142857142856,1.7385714285714284,1.7200000000000002,1.8571428571428568,1.7667285714285716,1.3392000000000002,1.4017857142857142,2.3495714285714286,4.28
49-9061.00,Camera and Photographic Equipment Repairers,2.3,3.44,2.64,3.13,2.37,1.23,4.38,1.13,3.7,2.88,1.4017857142857142,1.1139857142857144,1.0384,1.231428571428571,1.2366857142857142,1.625,1.6908571428571428,1.8571428571428568,1.4526,1.8449714285714285,1.9657142857142855,1.2054571428571428,1.9285714285714288,1.077942857142857,1.4536428571428572,1.2976,1.6285714285714286,1.032,1.2578571428571428,1.3918857142857144,1.8571428571428568,1.822857142857143,1.4435714285714285,1.9449142857142856,1.3303571428571428,1.2857142857142856,1.3392000000000002,1.5518285714285716,2.69
49-9062.00,Medical Equipment Repairers,1.96,4.44,3.76,3.83,2.34,1.13,4.66,1.98,4.5,2.97,1.655,1.555257142857143,1.3102857142857145,1.4249999999999998,1.2200285714285717,1.7734857142857143,2.6343,1.8057142857142856,1.3159428571428573,2.7408,2.1750857142857143,1.717857142857143,2.142857142857143,1.6665142857142858,1.4576000000000002,1.3472000000000002,1.305742857142857,1.0069428571428571,1.5369142857142857,1.5669714285714285,1.8571428571428568,1.822857142857143,1.7200000000000002,1.8571428571428568,1.5357142857142858,1.3808,1.5892857142857142,2.023928571428572,4.33
49-9063.00,Musical Instrument Repairers and Tuners,2.0,3.19,1.67,3.81,2.24,1.09,4.55,1.48,4.8,3.25,1.4179428571428572,1.2655,1.1095,1.22,1.216,1.7036571428571428,1.5164285714285717,1.8571428571428568,1.7712142857142856,2.6104000000000003,1.9285714285714288,1.423542857142857,1.9285714285714288,1.4435714285714285,1.555,1.4515000000000002,2.3642857142857143,1.0495,1.5468571428571432,1.7712142857142856,1.7200000000000002,1.7734857142857143,1.8328571428571427,1.8571428571428568,1.228,1.3008,1.4928571428571429,1.9228571428571428,2.15
49-9064.00,Watch and Clock Repairers,1.86,3.67,1.97,3.27,2.35,1.01,4.34,1.14,4.17,2.56,1.3785714285714286,1.306,1.0282285714285715,1.268571428571429,1.0702,1.625,1.366857142857143,1.7857142857142856,1.924,1.9908142857142856,1.9285714285714288,1.4380000000000002,1.8571428571428568,1.231428571428571,1.2709428571428572,1.6347285714285715,2.87,1.0002142857142855,1.1001142857142856,1.165,1.6714285714285717,1.655,1.6875,1.8571428571428568,1.1702,1.289285714285714,1.3392000000000002,1.871985714285714,3.19
49-9071.00,"Maintenance and Repair Workers, General",3.02,4.73,3.83,3.53,3.33,2.03,4.76,1.93,4.61,3.01,1.8571428571428568,1.8106,1.7851857142857144,1.4435714285714285,1.6024,1.655,3.448,1.8571428571428568,1.3515,2.401685714285714,2.205357142857143,1.951085714285714,2.105,1.4691999999999998,1.502657142857143,2.1036,1.8329285714285717,1.2427857142857142,1.828,2.032514285714285,1.9085714285714288,1.9085714285714288,1.4435714285714285,1.8571428571428568,2.004142857142857,1.4691999999999998,1.4017857142857142,2.181342857142857,4.3
49-9081.00,Wind Turbine Service Technicians,3.29,4.67,4.4,2.41,3.52,1.28,4.87,2.62,4.04,2.98,1.9285714285714288,2.2,2.2350000000000003,1.5785714285714287,1.9716428571428573,1.6875,3.1645,1.9085714285714288,1.1726285714285714,2.385985714285714,2.571428571428571,2.0385,2.1635714285714283,1.822857142857143,1.7869,1.8522571428571428,1.0373285714285714,1.1926142857142856,2.234285714285714,2.6640999999999995,1.8571428571428568,1.8571428571428568,1.3785714285714286,1.9449142857142856,2.3213285714285714,1.3008,1.25,1.4751142857142856,4.51
49-9091.00,"Coin, Vending, and Amusement Machine Servicers and Repairers",2.52,4.12,2.84,3.58,3.55,1.62,3.66,1.36,4.21,2.32,1.6063428571428573,1.1958285714285717,1.1218,1.231428571428571,1.0322142857142858,1.5785714285714287,1.7792714285714284,1.7036571428571428,1.418,1.7142142857142857,1.9085714285714288,1.3017142857142856,1.9085714285714288,1.2036571428571428,1.1188571428571428,1.245142857142857,1.9226285714285716,1.004571428571429,1.1978,1.2074714285714283,1.7385714285714284,1.7385714285714284,1.7036571428571428,1.7734857142857143,1.1058571428571429,1.1885714285714286,1.25,1.3891428571428572,2.76
49-9092.00,Commercial Divers,2.91,4.59,3.86,2.98,2.52,1.38,4.55,1.98,4.14,3.14,2.0028571428571427,2.335657142857143,2.016642857142857,1.75,2.161671428571429,1.8571428571428568,2.9755000000000003,2.265085714285714,1.2747714285714289,2.3542,2.782857142857143,1.6860000000000002,2.662857142857143,1.9449142857142856,1.7093,1.7084285714285714,1.758142857142857,1.4392142857142858,2.123942857142857,2.4781000000000004,1.9449142857142856,2.1677714285714287,1.595,2.422142857142857,2.642857142857143,1.7485714285714289,1.7036571428571428,2.1105714285714283,4.52
49-9094.00,Locksmiths and Safe Repairers,2.54,4.54,3.15,4.31,2.88,1.81,4.46,2.08,4.96,3.88,1.5357142857142858,1.8057142857142856,1.7504,1.3706285714285715,2.0528571428571434,1.5300000000000002,2.518642857142857,1.9085714285714288,2.1615714285714285,2.688428571428571,1.9642857142857144,1.9313142857142855,2.1142857142857143,1.394285714285714,2.3068,2.252214285714285,3.1467714285714283,1.8859428571428567,2.201014285714286,2.258114285714286,1.822857142857143,1.822857142857143,1.6814285714285715,1.9085714285714288,2.3747714285714285,1.3392000000000002,1.4017857142857142,2.6303428571428573,3.6
49-9095.00,Manufactured Building and Mobile Home Installers,3.79,3.75,2.56,2.46,3.3,1.99,3.76,1.02,4.09,1.48,2.2928571428571427,2.0982142857142856,3.652114285714287,2.0608,4.000500000000001,1.7857142857142856,3.913257142857143,1.9792,2.35,3.5655428571428573,2.3857142857142857,3.4244000000000003,2.275,2.0028571428571427,2.672542857142857,3.028,3.4428428571428578,2.4718857142857145,3.28,2.9923714285714285,1.9257142857142855,2.0642,1.8328571428571427,1.9792,3.909842857142857,1.8328571428571427,1.8571428571428568,3.3414,3.81
49-9096.00,Riggers,3.51,4.59,4.06,3.08,3.51,1.82,4.77,3.07,4.18,3.03,1.9449142857142856,1.6425,1.8654285714285717,1.6171428571428572,1.3373714285714284,1.625,3.085857142857143,1.7857142857142856,1.1635428571428572,2.4964857142857144,2.0028571428571427,1.8049285714285717,2.071428571428571,1.3392000000000002,1.3620714285714286,1.441257142857143,1.1705,1.0320285714285715,1.5757142857142856,1.8835142857142857,1.822857142857143,1.8328571428571427,1.4435714285714285,1.9085714285714288,1.6253714285714287,1.3392000000000002,1.3785714285714286,1.4328857142857143,4.41
49-9097.00,Signal and Track Switch Repairers,1.98,4.02,3.51,2.97,2.76,1.41,4.55,1.96,4.55,1.62,1.6875,1.5956428571428571,1.5086285714285714,1.302857142857143,1.3669714285714285,1.5300000000000002,2.4756,1.6714285714285717,1.213542857142857,2.1514,2.071428571428571,1.549542857142857,1.8571428571428568,1.6364285714285711,1.495642857142857,1.3582857142857143,1.1066714285714283,1.1387,1.6257142857142857,1.735428571428571,1.7485714285714289,1.822857142857143,1.3392000000000002,1.8571428571428568,1.8914714285714287,1.3785714285714286,1.3392000000000002,1.426214285714286,4.57
49-9098.00,"Helpers--Installation, Maintenance, and Repair Workers",2.54,3.99,3.34,3.38,2.61,1.26,4.72,1.64,3.91,2.04,1.822857142857143,1.4458857142857142,1.76,1.1885714285714286,1.5019857142857145,1.4628571428571429,2.5853714285714284,1.68,1.1776,2.5922,2.096342857142857,1.231428571428571,1.822857142857143,1.32,1.3738,1.3710285714285717,1.2622857142857142,1.1370714285714285,1.6958285714285717,1.486514285714286,1.6714285714285717,1.822857142857143,1.394285714285714,1.8328571428571427,1.6336000000000002,1.1885714285714286,1.22,1.7799999999999998,4.17
49-9099.01,Geothermal Technicians,2.37,4.34,4.07,2.49,2.36,1.17,4.89,2.82,4.75,3.34,1.8914285714285717,1.9118,2.1583428571428573,1.5207142857142857,1.6829714285714288,1.604285714285714,3.126442857142857,1.8571428571428568,1.2524285714285714,2.376714285714286,2.1357142857142857,2.1064857142857143,2.096342857142857,1.6063428571428573,1.8886428571428573,1.6716,1.0795,1.2665142857142857,2.309,2.196,1.7485714285714289,1.9085714285714288,1.6391999999999998,1.8571428571428568,2.5984,1.4179428571428572,1.4017857142857142,1.5632,4.28
51-1011.00,First-Line Supervisors of Production and Operating Workers,3.7,4.83,4.11,2.92,3.64,1.75,4.76,3.4,4.01,2.73,2.524285714285714,1.5588000000000002,2.5086000000000004,2.5428571428571427,3.045485714285714,2.524285714285714,3.171,2.5428571428571427,1.4708571428571429,2.6632,2.7142857142857144,1.6685714285714286,2.7142857142857144,1.8914285714285717,2.034471428571429,2.5876,1.2535857142857143,2.028485714285714,2.714114285714286,2.4014,2.422142857142857,2.327857142857143,1.822857142857143,2.645714285714285,2.5162000000000004,1.8914285714285717,1.8914285714285717,1.7992,4.52
51-2011.00,"Aircraft Structure, Surfaces, Rigging, and Systems Assemblers",2.47,3.97,3.01,2.29,2.29,1.26,4.78,1.91,2.22,1.42,1.7734857142857143,1.5414428571428571,1.7457142857142856,1.4249999999999998,1.8563714285714283,1.5625,2.589257142857143,1.8571428571428568,1.4503,2.537,2.1357142857142857,1.7475,1.8914285714285717,1.7734857142857143,1.6774857142857145,1.4567714285714286,1.1470285714285715,1.4740571428571427,1.7666285714285714,2.1450285714285715,1.822857142857143,1.9085714285714288,1.4691999999999998,1.9449142857142856,1.9588,1.4017857142857142,1.4017857142857142,1.9057142857142857,4.06
51-2021.00,"Coil Winders, Tapers, and Finishers",2.45,3.65,2.78,2.04,2.66,1.36,4.33,1.92,2.09,1.54,1.7734857142857143,1.7519285714285715,1.837,1.1257142857142857,1.3723,1.5207142857142857,2.0695428571428574,1.6714285714285717,1.2668,2.070742857142857,1.822857142857143,1.7876,1.822857142857143,1.302857142857143,1.5010857142857144,1.4946428571428572,1.3016285714285714,1.275642857142857,2.0726,1.9042857142857144,1.7857142857142856,1.7485714285714289,1.1885714285714286,1.822857142857143,1.615557142857143,1.12,1.157142857142857,1.2139,3.86
51-2022.00,Electrical and Electronic Equipment Assemblers,3.04,3.39,3.67,2.28,2.5,1.06,3.98,1.43,2.5,2.05,1.822857142857143,1.5376,1.8907142857142856,1.3571428571428572,1.5376000000000003,1.5785714285714287,2.5483,1.7385714285714284,1.27,1.9514285714285715,2.25,1.6775714285714285,1.9449142857142856,1.5357142857142858,1.5882,1.571057142857143,1.4355999999999998,1.2570285714285714,1.8815285714285717,2.0042285714285715,1.7385714285714284,1.7485714285714289,1.4249999999999998,1.822857142857143,1.8772571428571427,1.3008,1.3008,1.2495142857142856,3.7
51-2023.00,Electromechanical Equipment Assemblers,2.28,4.02,3.24,2.35,2.2,1.17,4.94,1.49,1.73,2.61,1.394285714285714,1.367542857142857,1.506642857142857,1.2036571428571428,1.2651428571428571,1.375,1.9548,1.7485714285714289,1.1665142857142858,1.9211428571428573,1.8914285714285717,1.4649142857142856,1.822857142857143,1.1885714285714286,1.3294,1.2093142857142858,1.0604571428571428,1.1287142857142858,1.4031714285714283,1.364,1.7142857142857144,1.822857142857143,1.25,1.7385714285714284,1.385557142857143,1.2036571428571428,1.2036571428571428,1.2483428571428572,4.19
51-2031.00,Engine and Other Machine Assemblers,2.43,4.15,2.98,2.79,2.81,1.32,4.73,1.82,2.59,2.27,1.5625,1.3992285714285713,1.6009285714285717,1.3392000000000002,1.3196428571428571,1.5693714285714286,2.1720571428571427,1.822857142857143,1.2394857142857143,2.391528571428572,1.8914285714285717,1.4258285714285714,1.8057142857142856,1.36,1.6178285714285714,1.2841428571428573,1.116642857142857,1.1105,1.5341714285714283,1.6448571428571428,1.8571428571428568,1.8571428571428568,1.3571428571428572,1.8571428571428568,1.549642857142857,1.32,1.3571428571428572,1.1302857142857143,4.21
51-2041.00,Structural Metal Fabricators and Fitters,2.15,4.24,2.96,1.8,2.55,1.19,4.6,2.8,2.36,2.54,1.542142857142857,1.6592571428571428,1.8343,1.32,1.4915714285714283,1.5508,2.9563428571428574,1.7485714285714289,1.108428571428571,2.037642857142857,1.8057142857142856,2.0231714285714286,1.8571428571428568,1.3571428571428572,1.6584571428571429,1.4895714285714283,1.1395428571428572,1.1884,1.9171428571428573,2.505985714285714,1.604285714285714,1.5508,1.32,1.8571428571428568,2.213457142857143,1.2857142857142856,1.32,1.1460571428571429,3.95
51-2051.00,Fiberglass Laminators and Fabricators,2.22,4.19,3.27,2.4,2.69,1.83,4.59,1.96,1.55,1.71,1.7036571428571428,1.3338285714285716,1.8082285714285715,1.4435714285714285,1.6722857142857144,1.595,2.307485714285714,1.7485714285714289,1.1652857142857145,2.238771428571429,1.9642857142857144,1.7111428571428573,1.8571428571428568,1.7385714285714284,1.7825142857142855,1.4237714285714285,1.2265285714285714,1.1683142857142856,1.7822857142857145,2.1357142857142857,1.6428571428571428,1.7485714285714289,1.4179428571428572,1.822857142857143,1.9296,1.4435714285714285,1.4928571428571429,1.1349,4.36
51-2061.00,Timing Device Assemblers and Adjusters,1.88,4.18,3.08,1.45,2.39,1.04,4.63,1.24,3.82,2.65,1.3571428571428572,1.232,1.155771428571429,1.231428571428571,1.2898,1.595,2.124057142857143,1.655,1.7442285714285712,2.008342857142857,1.9085714285714288,1.405957142857143,1.8914285714285717,1.36,1.489142857142857,1.3633,1.5272428571428571,1.0240428571428573,1.3387714285714285,1.4988,1.7036571428571428,1.7036571428571428,1.5508,1.7036571428571428,1.15,1.077942857142857,1.268571428571429,1.5092714285714286,3.63
51-2092.00,Team Assemblers,2.45,4.12,3.65,2.0,2.53,1.12,4.81,2.14,2.54,1.91,1.9285714285714288,1.5087285714285716,1.5569714285714285,1.625,1.5983714285714286,1.8571428571428568,2.2591428571428573,1.8571428571428568,1.1703,2.3285714285714287,2.06,1.4679142857142855,1.8571428571428568,1.822857142857143,1.5057142857142858,1.4258285714285714,1.1389857142857145,1.1129142857142855,2.0098714285714285,2.0902857142857143,1.9085714285714288,1.9085714285714288,1.4017857142857142,1.9085714285714288,1.8358,1.4017857142857142,1.4691999999999998,1.0997714285714286,4.26
51-3011.00,Bakers,2.41,4.42,3.54,3.41,2.23,1.22,4.25,1.76,3.77,2.06,1.822857142857143,1.5446714285714287,1.2227714285714286,1.231428571428571,1.4766857142857144,1.655,1.8920571428571429,1.822857142857143,1.18,1.8562857142857143,2.1635714285714283,1.266,1.9449142857142856,1.2857142857142856,1.1470857142857145,1.4905714285714289,1.376342857142857,1.063257142857143,1.6776,1.8544,1.7142857142857144,1.8328571428571427,1.4821428571428572,1.7857142857142856,1.6118,1.3008,1.25,1.208457142857143,3.89
51-3021.00,Butchers and Meat Cutters,2.87,4.52,3.78,4.48,3.85,1.58,4.33,1.58,3.65,2.63,1.7385714285714284,1.5903142857142858,2.0004285714285714,1.6942857142857144,1.8426285714285715,1.822857142857143,2.3442142857142856,1.8571428571428568,2.3388142857142857,2.4,1.9085714285714288,1.3565285714285715,1.9449142857142856,1.5207142857142857,1.6768571428571426,2.0957142857142856,2.9197714285714285,1.461542857142857,2.0982,2.0255,1.8571428571428568,1.8571428571428568,1.822857142857143,1.9085714285714288,1.9487142857142856,1.6875,1.7200000000000002,1.7176,4.4
51-3022.00,"Meat, Poultry, and Fish Cutters and Trimmers",3.03,2.85,3.86,3.43,4.01,2.14,3.82,1.43,3.04,2.66,1.6391999999999998,2.0584,1.9339428571428567,1.5207142857142857,1.6852857142857145,1.6391999999999998,2.403714285714286,1.7485714285714289,1.37,2.353,1.8571428571428568,1.8509285714285717,1.9085714285714288,1.4906285714285716,1.5214,1.6911428571428573,1.3171428571428572,1.409642857142857,2.0296000000000003,2.2558857142857143,1.7857142857142856,1.8571428571428568,1.595,1.6814285714285715,1.8608571428571428,1.3785714285714286,1.3785714285714286,1.4350857142857143,4.31
51-3023.00,Slaughterers and Meat Packers,1.71,3.93,3.55,3.3,2.06,1.09,4.12,2.1,2.05,2.31,1.268571428571429,1.2435714285714283,1.4126571428571428,1.1885714285714286,1.2752285714285714,1.345,1.9522857142857144,1.47,1.1197857142857142,1.4965714285714289,1.7857142857142856,1.41,1.7036571428571428,1.2036571428571428,1.2317714285714283,1.28,1.2079,1.0927142857142855,1.3921142857142856,1.5404142857142855,1.4350857142857143,1.5,1.25,1.5207142857142857,1.4804857142857142,1.12,1.1106285714285715,1.1131142857142855,4.56
51-3091.00,"Food and Tobacco Roasting, Baking, and Drying Machine Operators and Tenders",2.72,3.95,3.22,2.52,2.8,1.33,4.39,2.03,2.25,2.16,1.8571428571428568,1.6683,1.8756,1.32,2.127214285714285,1.605714285714286,2.9404000000000003,1.822857142857143,1.3833142857142855,2.503257142857143,1.9449142857142856,2.0202142857142857,1.8571428571428568,1.6063428571428573,2.104,1.8910857142857145,1.6285714285714286,1.408,1.9206857142857143,2.2336,1.822857142857143,1.8328571428571427,1.4906285714285716,1.872228571428572,2.1583,1.3785714285714286,1.4821428571428572,1.512,3.72
51-3092.00,Food Batchmakers,1.73,3.74,3.73,1.99,1.58,1.0,4.55,2.32,2.39,1.99,1.8571428571428568,1.5344285714285717,1.418,1.3392000000000002,1.1836,1.655,2.710285714285715,1.8571428571428568,1.1103142857142858,1.9977857142857145,2.0028571428571427,1.882442857142857,1.8914285714285717,1.3392000000000002,1.364,1.4197142857142857,1.114142857142857,1.102,1.6882857142857142,2.038685714285714,1.7385714285714284,1.822857142857143,1.3392000000000002,1.8571428571428568,1.5690142857142857,1.2857142857142856,1.302857142857143,1.0586857142857142,4.22
51-3093.00,Food Cooking Machine Operators and Tenders,2.42,4.4,3.34,3.0,2.29,1.13,4.49,1.39,2.76,1.62,1.7385714285714284,1.169557142857143,1.2124714285714284,1.2857142857142856,1.1220142857142856,1.5508,2.74,1.5508,1.0363142857142855,1.6356571428571427,2.02,1.959,1.7734857142857143,1.302857142857143,1.3476571428571429,1.2360571428571427,1.017742857142857,1.116,1.647357142857143,1.976928571428572,1.604285714285714,1.7385714285714284,1.302857142857143,1.8571428571428568,1.3783857142857143,1.2036571428571428,1.231428571428571,1.109371428571429,4.56
51-4021.00,"Extruding and Drawing Machine Setters, Operators, and Tenders, Metal and Plastic",2.48,3.45,2.5,1.32,3.51,1.46,3.98,1.93,2.5,1.79,1.8571428571428568,1.3024,1.887157142857143,1.335714285714286,1.753342857142857,1.595,2.6757142857142857,1.7142857142857144,1.0616,2.3389714285714285,1.8914285714285717,1.3456,1.7385714285714284,1.4017857142857142,1.8002714285714283,1.3937,1.0539,1.0827857142857142,1.9176,2.2656428571428573,1.7485714285714289,1.7142857142857144,1.3125,1.7036571428571428,2.081142857142857,1.1607142857142858,1.3706285714285715,1.1673142857142855,3.47
51-4022.00,"Forging Machine Setters, Operators, and Tenders, Metal and Plastic",3.01,4.33,3.58,2.02,3.05,1.41,4.73,2.76,2.84,2.6,1.655,1.4873142857142858,1.6229714285714285,1.4435714285714285,1.429,1.6391999999999998,2.5700857142857148,1.7734857142857143,1.0513714285714286,2.1005,2.0608,1.5872285714285714,1.9642857142857144,1.4017857142857142,1.3488571428571428,1.3095142857142856,1.0059142857142858,1.025,1.7050285714285716,1.9286714285714288,1.6714285714285717,1.604285714285714,1.3392000000000002,1.9085714285714288,1.5606428571428572,1.3785714285714286,1.4179428571428572,1.0719285714285711,4.34
51-4023.00,"Rolling Machine Setters, Operators, and Tenders, Metal and Plastic",2.24,4.37,4.01,3.18,2.16,1.03,4.55,1.83,2.53,2.75,1.8571428571428568,1.7392,1.8684571428571428,1.655,1.6815571428571428,1.6714285714285717,2.9722857142857144,1.8839285714285712,1.4188285714285715,2.075,2.023657142857143,1.5508,2.086428571428572,1.7200000000000002,1.8794285714285717,1.3923142857142856,1.3445714285714288,1.3301142857142858,1.9057142857142857,2.518642857142857,1.8328571428571427,1.7571428571428571,1.394285714285714,1.8328571428571427,2.0465714285714283,1.231428571428571,1.22,1.1926428571428571,4.7
51-4031.00,"Cutting, Punching, and Press Machine Setters, Operators, and Tenders, Metal and Plastic",3.03,3.12,2.26,1.71,2.86,1.86,4.04,1.17,1.18,1.07,1.625,1.3679428571428571,1.2638285714285715,1.25,1.1989,1.4628571428571429,2.0837714285714286,1.822857142857143,1.0941142857142858,1.7544,1.8571428571428568,1.270342857142857,1.8571428571428568,1.3214285714285714,1.231,1.1967142857142856,1.1014857142857142,1.0336,1.3547142857142858,1.4458857142857142,1.7857142857142856,1.7857142857142856,1.2036571428571428,1.822857142857143,1.186057142857143,1.2036571428571428,1.2857142857142856,1.0775285714285714,3.16
51-4032.00,"Drilling and Boring Machine Tool Setters, Operators, and Tenders, Metal and Plastic",2.38,4.11,3.81,2.39,2.58,1.11,4.39,2.02,2.5,2.21,1.3392000000000002,1.1337142857142857,1.1029714285714285,1.302857142857143,1.36,1.5300000000000002,2.7198857142857147,1.8571428571428568,1.0322428571428572,1.8840857142857144,1.9449142857142856,2.0868,1.822857142857143,1.4017857142857142,1.193342857142857,1.1436714285714285,1.0024,1.0014571428571428,1.5988142857142855,1.9917571428571428,1.6714285714285717,1.604285714285714,1.268571428571429,1.8571428571428568,1.1710285714285715,1.2857142857142856,1.32,1.036,4.31
51-4033.00,"Grinding, Lapping, Polishing, and Buffing Machine Tool Setters, Operators, and Tenders, Metal and Plastic",2.65,3.47,3.25,2.47,2.52,1.23,3.87,1.91,2.32,2.37,1.6714285714285717,1.6428142857142858,1.7094285714285715,1.3008,1.51,1.5207142857142857,2.4744,1.7142857142857144,1.2555428571428573,2.347428571428572,1.8571428571428568,1.7176,1.822857142857143,1.3785714285714286,1.6735857142857142,1.6485999999999998,1.0915,1.0683571428571428,1.852128571428572,2.105714285714286,1.4906285714285716,1.5625,1.28,1.7036571428571428,1.598842857142857,1.197142857142857,1.231428571428571,1.2430428571428571,3.59
51-4034.00,"Lathe and Turning Machine Tool Setters, Operators, and Tenders, Metal and Plastic",1.78,3.39,3.13,2.82,1.72,1.19,3.72,2.42,2.42,2.36,1.6063428571428573,1.6163714285714286,1.9034285714285717,1.268571428571429,2.7807142857142857,1.4285714285714286,2.512,1.655,1.503485714285714,2.2177714285714285,1.9085714285714288,2.116471428571429,1.8571428571428568,1.32,1.4971142857142858,2.1836714285714285,1.3479142857142858,1.749242857142857,2.2138857142857145,2.8565714285714283,1.5625,1.5625,1.231428571428571,1.822857142857143,2.0972,1.1257142857142857,1.1785714285714286,1.6132285714285717,3.6
51-4035.00,"Milling and Planing Machine Setters, Operators, and Tenders, Metal and Plastic",2.83,3.49,2.63,1.88,3.36,1.43,4.26,1.38,1.77,2.25,1.625,1.4867,1.3,1.2857142857142856,1.4757142857142858,1.4628571428571429,2.477371428571429,1.6714285714285717,1.0586857142857142,1.9355714285714285,1.9842857142857144,1.942,1.8571428571428568,1.32,1.260571428571429,1.303928571428571,1.0113142857142856,1.053157142857143,1.7817142857142856,2.0656,1.6875,1.7857142857142856,1.25,1.822857142857143,1.680042857142857,1.147857142857143,1.2036571428571428,1.1302571428571428,3.53
51-4041.00,Machinists,2.17,3.77,3.52,2.65,1.91,1.05,4.52,1.36,2.41,2.27,1.8571428571428568,1.2763428571428572,1.5797285714285714,1.2857142857142856,1.4249142857142858,1.7385714285714284,2.3821142857142856,1.8571428571428568,1.2177714285714285,2.0380857142857143,1.9449142857142856,1.4608,1.8571428571428568,1.5892857142857142,1.5778285714285714,1.6782285714285714,1.0291428571428571,1.1092,1.8142,2.246928571428572,1.822857142857143,1.8571428571428568,1.3785714285714286,1.822857142857143,1.788357142857143,1.4179428571428572,1.3785714285714286,1.1479285714285714,3.78
51-4051.00,Metal-Refining Furnace Operators and Tenders,2.47,3.48,2.37,1.69,2.76,1.1,4.02,2.05,2.47,2.27,1.5625,1.5304,1.451257142857143,1.5508,1.8439714285714288,1.6391999999999998,2.5530285714285714,1.822857142857143,1.1243,2.105,1.8057142857142856,1.5461714285714288,1.8571428571428568,1.4906285714285716,1.536514285714286,1.5181428571428572,1.0679,1.162,1.7408285714285712,1.990757142857143,1.6391999999999998,1.6391999999999998,1.3392000000000002,1.8571428571428568,1.999942857142857,1.32,1.4017857142857142,1.1394285714285717,4.18
51-4052.00,"Pourers and Casters, Metal",2.22,3.44,2.43,1.11,2.09,1.1,4.41,1.28,1.86,1.29,1.7385714285714284,1.2647142857142857,1.6274285714285712,1.25,1.5311285714285714,1.4542857142857144,2.3960285714285714,1.6875,1.1292428571428572,2.3545,1.8571428571428568,1.7121142857142857,1.7200000000000002,1.2857142857142856,1.2392571428571428,1.4416,1.043928571428571,1.2858142857142858,2.018028571428572,1.8717142857142852,1.655,1.7385714285714284,1.268571428571429,1.8571428571428568,1.874028571428572,1.268571428571429,1.2857142857142856,1.1146285714285715,3.24
51-4061.00,"Model Makers, Metal and Plastic",1.92,3.31,2.91,1.31,2.27,1.11,4.61,1.25,1.65,1.5,1.5357142857142858,1.272,1.1817142857142855,1.1734857142857142,1.1279142857142856,1.4017857142857142,2.3197,1.6063428571428573,1.045,1.494,2.275,1.5097142857142858,1.9285714285714288,1.2036571428571428,1.240371428571429,1.1897714285714285,1.0240428571428573,1.0065,1.2020142857142857,1.4551,1.6391999999999998,1.7036571428571428,1.0442857142857145,1.6875,1.197971428571429,1.12,1.1885714285714286,1.2226,3.46
51-4062.00,"Patternmakers, Metal and Plastic",3.09,4.48,3.34,2.07,2.23,1.35,5.0,1.58,3.85,3.31,1.6063428571428573,1.1175428571428572,1.1712571428571428,1.25,1.5430571428571431,1.5785714285714287,2.4265428571428576,1.822857142857143,1.0254571428571428,1.7495714285714286,1.8571428571428568,1.4805428571428572,1.8571428571428568,1.4435714285714285,1.6792000000000002,1.2347142857142857,1.0128,1.045,1.5405285714285712,1.9719428571428568,1.822857142857143,1.8571428571428568,1.25,1.822857142857143,1.3180142857142856,1.25,1.25,1.2658857142857145,4.14
51-4071.00,Foundry Mold and Coremakers,2.32,4.31,3.19,1.89,2.8,1.56,4.27,1.67,1.41,2.41,1.4464285714285716,1.3556857142857144,1.5177142857142858,1.268571428571429,1.1928571428571428,1.3785714285714286,2.333785714285714,1.4350857142857143,1.0462857142857145,1.6728571428571428,1.822857142857143,1.2662714285714285,1.6391999999999998,1.32,1.3514285714285714,1.3299285714285711,1.0046,1.0788571428571427,1.35,1.563314285714286,1.4906285714285716,1.5625,1.231428571428571,1.604285714285714,1.3343714285714283,1.2142857142857144,1.2142857142857144,1.102142857142857,3.94
51-4072.00,"Molding, Coremaking, and Casting Machine Setters, Operators, and Tenders, Metal and Plastic",2.57,3.93,2.94,1.15,2.82,1.28,4.63,1.92,2.08,1.91,1.394285714285714,1.5061,1.4400571428571427,1.3785714285714286,1.4874142857142856,1.5693714285714286,2.3767,1.68,1.0565142857142855,2.0695428571428574,1.9449142857142856,1.5907,1.9085714285714288,1.3785714285714286,1.2646,1.2262,1.0068,1.0839285714285714,1.633857142857143,1.6758714285714285,1.8328571428571427,1.822857142857143,1.2592,1.9642857142857144,1.687542857142857,1.32,1.32,1.0326857142857142,3.47
51-4081.00,"Multiple Machine Tool Setters, Operators, and Tenders, Metal and Plastic",2.75,3.97,3.18,2.24,1.87,1.16,4.86,1.78,2.05,2.73,1.7734857142857143,1.9315,2.1191,1.32,1.5479142857142856,1.68,2.748628571428571,1.822857142857143,1.2877857142857143,2.6191,2.096342857142857,2.056971428571429,1.9077714285714285,1.7200000000000002,1.7084857142857144,1.6850285714285715,1.2926428571428572,1.3422285714285715,2.5873,2.406157142857143,1.8571428571428568,1.9085714285714288,1.4179428571428572,1.8571428571428568,2.1100000000000003,1.3785714285714286,1.4691999999999998,1.4806,3.78
51-4111.00,Tool and Die Makers,2.31,4.2,2.99,1.84,2.13,1.1,4.67,1.7,2.71,2.47,1.7734857142857143,1.1825714285714286,1.4578,1.2036571428571428,1.3924571428571428,1.4285714285714286,2.616371428571429,1.7385714285714284,1.1196285714285714,1.6257142857142857,2.1750857142857143,1.9189428571428573,2.06,1.3392000000000002,1.7085571428571429,1.2475,1.0,1.0364714285714285,1.6771428571428573,2.056,1.822857142857143,1.822857142857143,1.1071428571428572,1.8571428571428568,1.6152142857142855,1.157142857142857,1.2036571428571428,1.1141714285714286,3.99
51-4121.00,"Welders, Cutters, Solderers, and Brazers",2.4,3.79,2.99,1.99,2.23,1.19,4.35,1.46,2.14,2.23,1.3706285714285715,1.369142857142857,1.2200285714285717,1.2036571428571428,1.1002857142857143,1.3785714285714286,1.7105,1.4628571428571429,1.0455714285714286,1.553142857142857,1.8914285714285717,1.2543142857142855,1.6875,1.302857142857143,1.1734857142857142,1.1291428571428572,1.025,1.1067714285714283,1.408,1.488057142857143,1.4285714285714286,1.4906285714285716,1.24,1.5508,1.3342857142857143,1.1734857142857142,1.1885714285714286,1.0393428571428571,3.85
51-4122.00,"Welding, Soldering, and Brazing Machine Setters, Operators, and Tenders",2.58,3.71,3.99,2.09,1.97,1.1,4.69,1.57,2.43,2.11,1.6063428571428573,1.886242857142857,1.660685714285714,1.3008,1.6090000000000002,1.4691999999999998,2.5462857142857143,1.822857142857143,1.2674285714285711,1.526457142857143,1.8057142857142856,1.7014857142857145,1.8914285714285717,1.3392000000000002,1.6435000000000002,1.5245714285714285,1.1743,1.3147857142857142,1.6571714285714283,1.8010000000000002,1.7485714285714289,1.822857142857143,1.25,1.822857142857143,1.4150142857142856,1.268571428571429,1.268571428571429,1.3165142857142855,4.17
51-4191.00,"Heat Treating Equipment Setters, Operators, and Tenders, Metal and Plastic",2.79,4.01,3.17,1.63,2.92,1.25,4.11,1.42,2.91,3.24,1.7734857142857143,1.276,1.41,1.4435714285714285,1.3847285714285715,1.5785714285714287,2.358257142857143,1.7934857142857146,1.1126285714285715,2.3497000000000003,1.9285714285714288,1.5190714285714286,2.023657142857143,1.8057142857142856,1.4421714285714289,1.4773857142857143,1.1326,1.0160714285714283,1.8957428571428572,1.88,1.7934857142857146,1.7934857142857146,1.3008,1.872228571428572,1.5055857142857143,1.2036571428571428,1.2363428571428572,1.0328,4.01
51-4192.00,"Layout Workers, Metal and Plastic",2.91,3.77,3.39,2.21,2.5,1.15,4.59,1.83,1.92,2.3,1.8057142857142856,1.990642857142857,2.1734285714285715,1.282857142857143,2.095757142857143,1.6875,2.9695,1.6714285714285717,1.7039999999999995,2.5311,2.0,2.2324,1.8914285714285717,1.4928571428571429,1.8334857142857144,1.9004285714285716,1.455,1.3910857142857145,2.2647285714285714,2.0976857142857144,1.604285714285714,1.5625,1.2857142857142856,1.7734857142857143,2.366357142857143,1.2036571428571428,1.28,1.5378571428571428,3.47
51-4193.00,"Plating Machine Setters, Operators, and Tenders, Metal and Plastic",2.2,3.91,3.52,2.17,2.99,1.44,4.58,1.3,1.87,1.83,1.7485714285714289,1.5871428571428572,1.5821142857142856,1.36,1.8244285714285715,1.5207142857142857,2.8925714285714283,1.7857142857142856,1.1864285714285714,1.8830714285714287,2.205357142857143,1.5972857142857144,1.9449142857142856,1.4249999999999998,1.5460000000000005,1.6545714285714286,1.1089428571428572,1.0877714285714286,1.8888571428571428,2.3287142857142857,1.8328571428571427,1.68,1.3785714285714286,1.9085714285714288,1.6912000000000005,1.4179428571428572,1.4179428571428572,1.2461142857142855,4.15
51-4194.00,"Tool Grinders, Filers, and Sharpeners",2.45,3.64,3.64,2.13,2.55,1.1,4.49,1.55,2.19,2.05,1.4179428571428572,1.3804857142857143,1.1892571428571428,1.3706285714285715,1.3499571428571429,1.4542857142857144,2.147771428571428,1.51,1.2139428571428572,1.9917142857142855,1.837942857142857,1.342657142857143,1.837942857142857,1.51,1.2966857142857142,1.493842857142857,1.0636,1.0771428571428572,1.4219428571428572,1.8327142857142853,1.5508,1.5625,1.32,1.7200000000000002,1.4205,1.3571428571428572,1.3785714285714286,1.2808,3.94
51-5111.00,Prepress Technicians and Workers,2.56,4.1,3.15,2.6,3.02,1.42,4.69,1.18,4.37,2.43,1.822857142857143,1.2105714285714286,1.6183,1.4017857142857142,1.7092,1.7385714285714284,2.7865,1.9449142857142856,1.1002857142857143,2.252685714285714,1.9449142857142856,1.790057142857143,1.9449142857142856,1.625,1.909771428571429,1.5554285714285716,1.2406857142857142,1.1173,1.839742857142857,1.9945142857142857,1.822857142857143,1.822857142857143,1.6063428571428573,1.9085714285714288,2.0767857142857142,1.4906285714285716,1.6391999999999998,1.8916857142857144,3.96
51-5112.00,Printing Press Operators,2.4,4.02,3.84,3.05,2.35,1.48,4.6,1.55,2.56,2.4,1.8571428571428568,2.056,1.7896,1.32,2.4949714285714286,1.6875,2.4871857142857143,1.9085714285714288,1.6546285714285711,2.5275142857142856,2.023657142857143,1.8067428571428568,1.9449142857142856,1.4910714285714284,2.033371428571429,2.1847,1.872757142857143,1.4494285714285715,2.200614285714286,2.513114285714286,1.9085714285714288,1.9085714285714288,1.4192,1.9085714285714288,2.338457142857143,1.2857142857142856,1.4691999999999998,1.8884571428571428,4.28
51-5113.00,Print Binding and Finishing Workers,2.28,3.57,3.29,2.51,2.23,1.18,4.7,1.12,1.98,1.72,1.7385714285714284,1.497142857142857,1.6384714285714286,1.5357142857142858,1.5888,1.6063428571428573,2.3848571428571432,1.7857142857142856,1.1672,2.0616142857142856,2.19,1.9504,2.1492,1.7385714285714284,1.4669714285714286,1.4176,1.2413142857142856,1.0443571428571428,1.8628285714285715,1.888,1.8839285714285712,1.8328571428571427,1.5207142857142857,1.7734857142857143,1.8024285714285715,1.3008,1.36,1.4686285714285716,4.55
51-6011.00,Laundry and Dry-Cleaning Workers,2.09,3.23,2.82,2.49,2.57,1.49,3.85,1.8,2.03,1.62,1.4821428571428572,1.843,1.6788571428571428,1.3571428571428572,1.5967428571428572,1.604285714285714,1.9888857142857144,1.6391999999999998,1.1725,2.0118857142857145,1.822857142857143,1.1513285714285717,1.8571428571428568,1.4179428571428572,1.4246,1.6,1.4240285714285714,1.290742857142857,1.6522428571428571,1.7504285714285714,1.6714285714285717,1.6428571428571428,1.4691999999999998,1.6428571428571428,1.6750000000000005,1.3785714285714286,1.3785714285714286,1.2461142857142855,3.72
51-6021.00,"Pressers, Textile, Garment, and Related Materials",2.05,3.43,2.24,2.58,2.65,1.35,4.08,1.9,1.88,1.51,1.25,1.8174571428571429,1.1872857142857145,1.0535714285714286,1.1793571428571428,1.25,2.1716571428571427,1.32,1.1205142857142856,1.186157142857143,1.4285714285714286,1.3224571428571428,1.3571428571428572,1.0135714285714286,1.1832285714285713,1.5112,1.3111000000000002,1.0217,1.4106142857142858,1.394285714285714,1.25,1.3571428571428572,1.1885714285714286,1.2857142857142856,1.2727142857142857,1.12,1.1339285714285714,1.071842857142857,3.46
51-6031.00,Sewing Machine Operators,2.05,3.55,2.32,1.48,2.66,1.07,3.52,1.79,1.64,1.42,1.375,1.3186,1.2497142857142858,1.1607142857142858,1.288957142857143,1.3706285714285715,2.0261714285714287,1.3008,1.0863571428571428,1.6918571428571427,1.6391999999999998,1.3438571428571429,1.6714285714285717,1.268571428571429,1.2792857142857144,1.3436571428571429,1.094757142857143,1.0831428571428572,1.354142857142857,1.547642857142857,1.375,1.4906285714285716,1.1607142857142858,1.5300000000000002,1.4185,1.1607142857142858,1.1607142857142858,1.1010857142857142,3.42
51-6041.00,Shoe and Leather Workers and Repairers,2.21,4.25,2.25,3.51,2.75,1.01,4.72,1.02,3.92,1.61,1.5693714285714286,1.6408,1.8161142857142856,1.3008,1.488,1.604285714285714,1.863357142857143,1.6428571428571428,1.4057142857142857,2.309371428571428,1.8571428571428568,1.6545142857142858,1.7385714285714284,1.3785714285714286,1.345214285714286,1.7546857142857144,1.4874571428571428,1.35,1.604457142857143,1.8555,1.7142857142857144,1.7142857142857144,1.604285714285714,1.7142857142857144,1.4975285714285715,1.2142857142857144,1.3785714285714286,1.3660714285714284,2.51
51-6042.00,Shoe Machine Operators and Tenders,2.61,4.23,3.08,1.68,3.26,1.93,4.21,1.53,1.74,1.8,1.3571428571428572,1.557257142857143,1.6138000000000003,1.3008,1.4852857142857143,1.3571428571428572,2.0944000000000003,1.6875,1.3129142857142857,1.9792,1.7734857142857143,1.5488,1.8571428571428568,1.24,1.6498857142857142,1.5945142857142856,1.3483714285714286,1.2990428571428572,1.7557,1.8575714285714284,1.6875,1.604285714285714,1.24,1.822857142857143,1.9558857142857144,1.2208,1.32,1.2694857142857143,3.87
51-6051.00,"Sewers, Hand",2.08,3.36,3.51,3.15,1.95,1.16,4.47,1.87,2.83,2.39,1.3008,1.6586,1.026957142857143,1.25,1.010857142857143,1.3008,1.7832142857142856,1.4350857142857143,1.046,1.351785714285714,1.5508,1.1378285714285714,1.4821428571428572,1.2857142857142856,1.1078285714285714,1.174642857142857,1.1682857142857144,1.0006857142857142,1.17,1.4685714285714286,1.3706285714285715,1.51,1.32,1.5207142857142857,1.0573142857142857,1.2036571428571428,1.1885714285714286,1.0704142857142858,4.13
51-6052.00,"Tailors, Dressmakers, and Custom Sewers",2.0,3.8,3.24,3.98,2.42,1.16,3.74,1.65,4.05,2.63,1.5785714285714287,1.2283428571428572,1.23,1.2857142857142856,1.2856857142857143,1.7734857142857143,1.5881142857142858,1.822857142857143,1.2815714285714286,1.4192,2.354914285714286,1.1987142857142856,1.8571428571428568,1.3008,1.1485142857142856,1.5097857142857145,1.9599,1.001,1.1098,1.21,1.68,1.822857142857143,1.6364285714285711,1.8571428571428568,1.1845714285714286,1.3392000000000002,1.32,1.3667142857142858,3.67
51-6061.00,Textile Bleaching and Dyeing Machine Operators and Tenders,1.97,4.17,2.94,2.08,2.64,1.23,4.58,1.81,2.86,1.5,1.625,1.3869142857142858,1.354857142857143,1.2857142857142856,1.2870142857142857,1.5207142857142857,2.317171428571428,1.7385714285714284,1.0597571428571428,1.4919714285714285,1.9085714285714288,1.8344285714285715,1.8571428571428568,1.302857142857143,1.1607571428571428,1.422942857142857,1.0846,1.0440142857142858,1.4089,1.7360285714285713,1.625,1.7485714285714289,1.25,1.822857142857143,1.3796285714285714,1.268571428571429,1.268571428571429,1.0613142857142857,4.05
51-6062.00,"Textile Cutting Machine Setters, Operators, and Tenders",2.48,3.35,2.43,1.54,3.14,1.1,4.7,1.04,1.88,1.7,1.7857142857142856,1.36,1.5139857142857145,1.4179428571428572,1.5805000000000002,1.4028571428571428,2.1954,1.605714285714286,1.1118285714285714,2.028485714285714,1.8571428571428568,1.4275571428571427,1.8571428571428568,1.467857142857143,1.3325714285714287,1.4337142857142855,1.0375285714285714,1.0801714285714286,1.5790428571428572,1.9010285714285715,1.822857142857143,1.7385714285714284,1.2036571428571428,1.7142857142857144,1.5452,1.2036571428571428,1.2036571428571428,1.1272857142857142,3.53
51-6063.00,"Textile Knitting and Weaving Machine Setters, Operators, and Tenders",2.19,3.75,2.62,1.44,2.38,1.04,4.25,1.87,1.77,1.88,1.4435714285714285,1.448,1.6095714285714284,1.25,1.4088571428571428,1.3571428571428572,2.4968571428571424,1.6391999999999998,1.3796,2.0241,1.9449142857142856,1.4145142857142858,1.8571428571428568,1.32,1.7123428571428572,1.278,1.2048285714285714,1.155771428571429,1.4004571428571428,1.9446571428571429,1.6714285714285717,1.6714285714285717,1.2592,1.7142857142857144,1.7570428571428574,1.1106285714285715,1.1222285714285714,1.170057142857143,3.65
51-6064.00,"Textile Winding, Twisting, and Drawing Out Machine Setters, Operators, and Tenders",1.98,3.67,2.58,1.65,2.54,1.28,3.8,1.62,1.49,2.11,1.5785714285714287,1.3325714285714287,1.351785714285714,1.394285714285714,1.3526285714285713,1.4285714285714286,2.216757142857143,1.7208,1.046,1.4474285714285715,1.6875,1.3738,1.7857142857142856,1.4928571428571429,1.1685714285714286,1.2542857142857142,1.071742857142857,1.0378857142857143,1.3000571428571428,1.7577142857142858,1.7142857142857144,1.7385714285714284,1.2857142857142856,1.7142857142857144,1.2710571428571429,1.2036571428571428,1.2036571428571428,1.1331714285714285,4.01
51-6091.00,"Extruding and Forming Machine Setters, Operators, and Tenders, Synthetic and Glass Fibers",3.08,4.45,3.63,2.21,2.81,1.18,4.92,2.35,4.01,3.09,1.8571428571428568,1.408,1.6939428571428572,1.3392000000000002,1.7241142857142857,1.6063428571428573,2.5329714285714284,1.822857142857143,1.0527142857142855,1.7352999999999998,2.19,1.6326571428571426,1.9085714285714288,1.4249999999999998,1.3816428571428572,1.4950714285714286,1.0398571428571428,1.2653714285714286,1.8555428571428567,2.0984285714285718,1.822857142857143,1.7385714285714284,1.3392000000000002,1.8571428571428568,1.5588571428571427,1.3392000000000002,1.3785714285714286,1.1037,4.56
51-6092.00,Fabric and Apparel Patternmakers,2.88,4.52,4.24,2.54,2.34,1.06,4.78,1.52,4.03,3.44,1.7734857142857143,1.387457142857143,1.598,1.3392000000000002,1.5005285714285714,1.7734857142857143,2.950457142857143,1.9085714285714288,1.1408,2.4838714285714287,2.2308,2.122371428571429,2.4035714285714285,1.8057142857142856,1.6324999999999998,1.359357142857143,1.0161142857142855,1.0822857142857143,1.5236,1.8626285714285715,1.9449142857142856,1.9085714285714288,1.7385714285714284,2.1492,1.820342857142857,1.5614285714285714,1.6063428571428573,1.8398,4.53
51-6093.00,Upholsterers,2.38,3.65,3.15,2.59,2.78,1.54,3.79,1.53,2.12,1.46,1.6875,1.3753000000000002,1.504,1.4435714285714285,1.6055714285714284,1.6714285714285717,1.9311142857142856,1.822857142857143,2.013442857142857,1.8485714285714288,1.8571428571428568,1.339271428571429,1.8571428571428568,1.5614285714285714,1.6485142857142856,1.7186285714285714,1.7215,1.2944,1.6901714285714289,1.6763428571428571,1.822857142857143,1.7734857142857143,1.7734857142857143,1.8571428571428568,2.188,1.4435714285714285,1.5357142857142858,1.931914285714286,3.08
51-7011.00,Cabinetmakers and Bench Carpenters,2.27,4.03,3.39,3.23,3.25,1.0,4.88,1.21,2.95,2.84,1.625,1.2896285714285716,1.3583571428571428,1.51,1.2320142857142855,1.5508,1.9507142857142856,1.7142857142857144,1.6338285714285714,1.6535142857142855,1.9657142857142855,1.868142857142857,1.8914285714285717,1.4017857142857142,1.096,1.6,1.8416,1.0301714285714283,1.2816,1.4140714285714284,1.7385714285714284,1.822857142857143,1.394285714285714,1.6714285714285717,1.5565000000000002,1.2857142857142856,1.4017857142857142,1.5243428571428572,3.85
51-7021.00,Furniture Finishers,2.83,3.3,3.18,1.45,2.39,1.18,3.88,1.77,1.96,1.75,1.7385714285714284,1.685714285714286,1.630628571428571,1.6063428571428573,1.726785714285714,1.655,2.353942857142857,1.68,1.2277571428571428,2.510771428571428,1.9449142857142856,1.5441714285714283,1.9449142857142856,1.655,1.752914285714286,1.8440714285714288,1.3464142857142858,1.3652571428571427,1.6525999999999998,1.9083,1.6391999999999998,1.7857142857142856,1.7036571428571428,1.9085714285714288,1.7676,1.3785714285714286,1.4285714285714286,1.3921142857142856,3.75
51-7031.00,"Model Makers, Wood",2.47,3.77,3.26,2.26,2.16,1.4,4.21,1.54,3.33,1.18,1.6875,1.5750000000000002,1.2447857142857144,1.32,1.2404714285714284,1.595,2.7275714285714283,1.822857142857143,1.5831428571428572,2.6730857142857145,2.2308,2.1393714285714287,1.9449142857142856,1.3571428571428572,1.7701714285714285,1.402,1.0131428571428571,1.0021857142857142,2.2815000000000003,1.7008,1.822857142857143,1.822857142857143,1.4435714285714285,1.7734857142857143,1.56,1.1607142857142858,1.32,1.2442857142857142,3.51
51-7032.00,"Patternmakers, Wood",3.0,4.2,3.82,3.36,2.37,1.38,4.4,2.01,3.65,2.56,1.4821428571428572,1.1572571428571428,1.222942857142857,1.32,1.311942857142857,1.7036571428571428,2.1270285714285717,1.6714285714285717,1.1241,1.999085714285714,2.096342857142857,1.6150285714285717,1.8914285714285717,1.3392000000000002,1.2217142857142858,1.1773714285714283,1.042342857142857,1.0285,1.6033285714285714,1.5751428571428572,1.822857142857143,1.8571428571428568,1.3008,1.8571428571428568,1.6034285714285716,1.1607142857142858,1.22,1.814142857142857,4.14
51-7041.00,"Sawing Machine Setters, Operators, and Tenders, Wood",2.03,3.94,3.17,1.2,2.21,1.15,4.3,1.41,2.19,1.66,1.5785714285714287,1.3276,1.4498285714285717,1.2142857142857144,1.4683,1.4821428571428572,2.1912285714285717,1.4906285714285716,1.0528,1.758571428571429,1.8057142857142856,1.2945,1.7734857142857143,1.302857142857143,1.305742857142857,1.394342857142857,1.0434571428571429,1.06,1.4370714285714286,1.7967,1.6714285714285717,1.5508,1.2036571428571428,1.625,1.3795428571428572,1.2036571428571428,1.2036571428571428,1.102,3.73
51-7042.00,"Woodworking Machine Setters, Operators, and Tenders, Except Sawing",2.58,3.64,3.18,2.28,2.76,1.23,4.85,1.55,2.61,1.92,1.32,1.2156571428571428,1.3220714285714286,1.1885714285714286,1.148342857142857,1.3571428571428572,1.9433428571428573,1.7142857142857144,1.0416285714285711,1.4460285714285714,2.19,1.2098285714285717,1.8571428571428568,1.22,1.1866857142857143,1.1476,1.0235714285714286,1.0170857142857144,1.2499,1.3811428571428572,1.7036571428571428,1.7857142857142856,1.1734857142857142,1.7385714285714284,1.5137142857142858,1.1734857142857142,1.22,1.0432,4.19
51-8011.00,Nuclear Power Reactor Operators,3.48,4.69,4.4,2.13,2.89,1.12,5.0,2.99,4.97,3.23,2.044642857142857,1.2726,2.0092,1.8571428571428568,2.0279285714285717,1.8914285714285717,3.4642,2.044642857142857,1.0486142857142855,2.393628571428572,2.7142857142857144,2.1804,2.7142857142857144,1.8571428571428568,1.6888,1.4197142857142857,1.0648,1.0614285714285714,2.2331,2.523928571428571,2.1142857142857143,2.0028571428571427,1.7734857142857143,2.596342857142857,2.512,1.6875,1.7734857142857143,1.5421428571428573,4.89
51-8012.00,Power Distributors and Dispatchers,2.9,4.61,4.15,3.58,2.93,1.57,4.44,1.91,5.0,2.85,1.9285714285714288,1.3284285714285713,1.3094,1.75,1.464342857142857,1.655,3.6719999999999993,2.2071428571428573,1.0295285714285711,2.5446857142857144,2.645714285714285,2.0589714285714287,2.645714285714285,1.7200000000000002,1.592842857142857,1.6358,1.3771142857142855,1.0655714285714286,1.624942857142857,2.1432571428571427,1.9449142857142856,1.8571428571428568,1.6665142857142858,2.354914285714286,2.4560000000000004,1.6063428571428573,1.6063428571428573,3.0925857142857143,4.24
51-8013.00,Power Plant Operators,3.01,4.56,3.65,2.3,2.69,1.16,4.64,1.72,4.29,3.45,1.8571428571428568,1.8916571428571425,1.7371,1.4249999999999998,1.6948571428571428,1.7734857142857143,2.853357142857143,2.02,1.3240571428571428,2.4756,2.662857142857143,1.7919999999999998,2.4035714285714285,1.4,1.5116285714285715,1.6768,1.1310857142857142,1.0895714285714286,1.9564285714285716,2.455542857142857,1.8571428571428568,1.822857142857143,1.5165142857142857,2.0028571428571427,1.7216,1.2857142857142856,1.3392000000000002,1.3006428571428572,4.59
51-8013.03,Biomass Plant Technicians,2.66,4.27,3.94,2.39,2.92,1.05,4.8,1.2,4.11,3.57,1.822857142857143,1.7803714285714287,1.7592,1.36,2.2825,1.7200000000000002,2.8786,1.8571428571428568,1.3403714285714283,2.403828571428571,2.0342857142857143,2.280357142857143,1.8571428571428568,1.6875,2.019571428571429,1.8037,1.2413714285714286,1.2038285714285717,2.2660142857142858,2.4738285714285717,1.8571428571428568,1.8057142857142856,1.7200000000000002,1.8571428571428568,1.9659142857142855,1.5300000000000002,1.5785714285714287,1.638,4.45
51-8013.04,Hydroelectric Plant Technicians,3.01,4.42,3.75,2.81,3.11,1.4,4.88,1.52,4.12,2.66,1.8571428571428568,1.5010571428571429,1.7291714285714286,1.36,1.4612714285714286,1.7385714285714284,2.636228571428572,1.9085714285714288,1.1660714285714286,2.1283142857142856,2.4971428571428573,1.846,2.105,1.6063428571428573,1.6023857142857143,1.556,1.2086,1.1467142857142858,1.7674285714285718,2.0034,1.9085714285714288,2.02,1.5207142857142857,1.9449142857142856,2.0477142857142856,1.3392000000000002,1.5357142857142858,1.5137714285714288,4.61
51-8021.00,Stationary Engineers and Boiler Operators,3.26,4.73,4.23,3.36,3.28,2.29,4.64,2.15,4.8,3.91,1.9449142857142856,2.0547142857142857,2.243314285714286,1.4691999999999998,1.871542857142857,1.5625,2.9241714285714284,1.8571428571428568,1.3543571428571428,2.4012,2.354914285714286,2.032742857142857,2.25,1.7200000000000002,1.85,2.1232,1.440142857142857,1.4468571428571426,2.4544,2.5517,1.822857142857143,1.822857142857143,1.32,2.0028571428571427,2.615571428571428,1.4435714285714285,1.4285714285714286,1.835,4.67
51-8031.00,Water and Wastewater Treatment Plant and System Operators,2.54,4.0,3.26,3.46,2.61,1.58,4.81,2.08,4.82,3.57,1.8571428571428568,1.5962,2.035771428571429,1.2857142857142856,2.1635714285714283,1.6875,3.001428571428572,1.9085714285714288,1.3085714285714285,2.347857142857143,2.524285714285714,2.0206857142857144,2.4732142857142856,1.7200000000000002,2.2471428571428573,1.9463714285714289,2.2455,1.8967,2.4926,2.734385714285714,1.8571428571428568,1.8571428571428568,1.4542857142857144,1.9085714285714288,2.2432,1.268571428571429,1.2857142857142856,2.099285714285714,4.09
51-8091.00,Chemical Plant and System Operators,2.41,4.36,3.81,1.68,2.77,1.21,4.99,1.34,4.59,3.39,1.7385714285714284,1.1772571428571428,1.3043857142857145,1.6875,1.2742857142857142,1.6063428571428573,2.200142857142857,1.9449142857142856,1.0341714285714283,1.9805,2.4035714285714285,1.6014,2.4522285714285714,1.6063428571428573,1.3456,1.3293142857142857,1.0254571428571428,1.0212142857142856,1.3963142857142858,2.454857142857143,1.9449142857142856,1.9449142857142856,1.4542857142857144,2.275,1.7476714285714283,1.3785714285714286,1.4179428571428572,1.021728571428571,4.1
51-8092.00,Gas Plant Operators,2.75,4.2,3.72,2.81,2.44,1.14,4.49,1.81,4.86,2.71,1.8914285714285717,1.635,1.4939714285714285,1.7200000000000002,1.5216,1.8057142857142856,2.860371428571429,1.8571428571428568,1.1560285714285714,2.2270000000000003,2.205357142857143,2.0095428571428573,2.0342857142857143,1.6875,2.0602,1.4605714285714284,1.1687285714285711,1.1703,1.867942857142857,2.245,1.8571428571428568,1.8571428571428568,1.3785714285714286,1.8571428571428568,1.9494,1.5357142857142858,1.6063428571428573,1.6446142857142858,4.41
51-8093.00,"Petroleum Pump System Operators, Refinery Operators, and Gaugers",2.52,4.28,3.86,2.63,2.62,1.13,4.44,1.42,4.34,3.67,1.8057142857142856,1.339271428571429,1.4909714285714286,1.5357142857142858,1.496414285714286,1.7734857142857143,2.6297,1.9085714285714288,1.115357142857143,2.3508571428571425,2.1357142857142857,1.6075000000000002,2.096342857142857,1.6665142857142858,1.405,1.2653714285714286,1.0274285714285714,1.030857142857143,1.8229,1.8487,1.8571428571428568,1.9642857142857144,1.3785714285714286,1.8571428571428568,1.710714285714286,1.4464285714285716,1.3808,1.3469714285714285,4.5
51-8099.01,Biofuels Processing Technicians,2.54,4.73,3.69,2.65,2.94,1.21,4.87,1.74,3.86,3.4,1.9449142857142856,1.7944857142857142,2.0013,1.51,1.7999999999999998,1.9449142857142856,3.2719428571428577,2.125,1.2328571428571429,2.532914285714286,2.2928571428571427,2.1693571428571428,2.2928571428571427,1.8571428571428568,1.617142857142857,1.8192857142857144,1.2431,1.1886428571428571,1.984,2.3716,2.0608,2.2071428571428573,1.7857142857142856,2.086428571428572,1.644285714285714,1.7036571428571428,1.6714285714285717,1.3235142857142856,4.67
51-9011.00,Chemical Equipment Operators and Tenders,2.82,4.15,4.03,1.68,2.86,1.58,4.71,1.4,3.78,3.17,1.8914285714285717,1.851657142857143,1.9737142857142855,1.51,1.6732,1.655,2.936128571428571,1.9085714285714288,1.2092142857142856,2.9475,2.571428571428571,2.2706285714285714,2.524285714285714,1.6063428571428573,1.7087142857142856,1.7332857142857143,1.1588857142857143,1.260857142857143,2.1662,2.6031000000000004,1.872228571428572,1.872228571428572,1.4821428571428572,2.0608,2.155,1.231428571428571,1.3008,1.3645,4.41
51-9012.00,"Separating, Filtering, Clarifying, Precipitating, and Still Machine Setters, Operators, and Tenders",3.52,3.21,3.0,1.39,3.43,1.52,4.57,1.4,3.84,3.06,1.7734857142857143,1.3128714285714285,1.3061714285714283,1.595,1.3135428571428571,1.655,2.6644,1.7734857142857143,1.1311,1.605,2.06,1.4505142857142856,2.0342857142857143,1.6063428571428573,1.3342857142857143,1.3992142857142855,1.1018285714285714,1.2307142857142856,1.4489714285714286,1.9042857142857144,1.7734857142857143,1.822857142857143,1.4179428571428572,1.8571428571428568,1.588,1.32,1.4542857142857144,1.0928,3.82
51-9021.00,"Crushing, Grinding, and Polishing Machine Setters, Operators, and Tenders",2.07,3.47,3.29,2.24,1.75,1.04,4.83,1.99,2.61,2.06,1.8571428571428568,1.4790571428571428,1.4784,1.4928571428571429,1.189342857142857,1.6875,2.300628571428572,1.822857142857143,1.0778571428571428,2.149,1.8571428571428568,1.7097142857142855,1.8571428571428568,1.7734857142857143,1.5013714285714286,1.3228571428571427,1.0064,1.0578571428571428,1.4693714285714286,1.6411428571428572,1.822857142857143,1.8571428571428568,1.394285714285714,1.8571428571428568,1.6727142857142856,1.231428571428571,1.5357142857142858,1.0442857142857145,3.55
51-9022.00,"Grinding and Polishing Workers, Hand",2.49,3.92,2.38,2.03,1.99,1.18,4.64,1.19,2.67,2.56,1.5508,2.3452,1.4468571428571426,1.32,1.5535,1.5207142857142857,3.383714285714286,1.6391999999999998,1.4199000000000002,3.474528571428572,1.9449142857142856,2.9516,1.8571428571428568,1.3785714285714286,3.4558857142857144,2.367457142857143,1.243342857142857,1.2346,3.019428571428571,2.8759,1.8328571428571427,1.8328571428571427,1.3785714285714286,1.7385714285714284,2.1028571428571428,1.3008,1.4017857142857142,1.585142857142857,3.68
51-9023.00,"Mixing and Blending Machine Setters, Operators, and Tenders",2.77,3.92,4.25,1.69,2.7,1.1,4.63,1.42,2.07,2.31,1.8571428571428568,1.6615000000000002,1.8310857142857144,1.2857142857142856,1.7976571428571426,1.6063428571428573,2.377,1.7857142857142856,1.1360428571428571,2.1968000000000005,2.023657142857143,1.6496,1.8571428571428568,1.36,1.4809,1.3732142857142855,1.1789714285714286,1.234,1.9858,2.2178571428571425,1.7485714285714289,1.7385714285714284,1.2857142857142856,1.7734857142857143,1.9255714285714285,1.22,1.22,1.225,4.47
51-9031.00,"Cutters and Trimmers, Hand",1.42,3.39,2.99,1.16,1.24,1.02,2.89,1.28,1.05,2.33,1.4017857142857142,1.6473142857142855,1.5006428571428572,1.3571428571428572,1.3390857142857144,1.6875,1.9928285714285716,1.5693714285714286,1.312,2.2512,1.8914285714285717,1.3058714285714286,1.7734857142857143,1.32,1.52,1.4630285714285716,1.1885714285714286,1.395,1.653142857142857,1.6762285714285712,1.6391999999999998,1.7485714285714289,1.3785714285714286,1.7734857142857143,1.6571428571428573,1.2857142857142856,1.32,1.1793571428571428,3.47
51-9032.00,"Cutting and Slicing Machine Setters, Operators, and Tenders",2.59,3.75,3.66,1.8,2.6,1.33,4.54,1.35,2.82,1.88,1.8571428571428568,1.6817714285714285,1.692857142857143,1.3571428571428572,1.8497,1.625,2.2921428571428573,1.5785714285714287,1.297414285714286,2.055,2.105,1.6338285714285714,1.8571428571428568,1.3392000000000002,1.9799714285714285,1.8339142857142856,1.1799428571428572,1.4052571428571428,2.0496,2.192285714285714,1.7036571428571428,1.5693714285714286,1.25,1.7385714285714284,1.9345142857142856,1.231428571428571,1.231428571428571,1.1788,4.21
51-9041.00,"Extruding, Forming, Pressing, and Compacting Machine Setters, Operators, and Tenders",2.73,4.05,3.06,2.15,3.02,1.29,4.36,1.65,2.88,2.01,1.5625,1.5878285714285716,1.5810000000000002,1.28,1.6346714285714286,1.5693714285714286,2.499271428571429,1.7208,1.1503857142857143,1.9734142857142856,1.9449142857142856,1.7408285714285712,1.872228571428572,1.4249999999999998,1.550857142857143,1.381857142857143,1.0757142857142856,1.1156,1.684,2.0509714285714287,1.7857142857142856,1.7857142857142856,1.25,1.7857142857142856,1.7084857142857144,1.1607142857142858,1.25,1.0824,4.16
51-9051.00,"Furnace, Kiln, Oven, Drier, and Kettle Operators and Tenders",1.93,3.65,2.87,1.46,2.47,1.03,4.38,1.47,1.92,2.28,1.5357142857142858,1.696942857142857,1.4965714285714289,1.32,1.6648142857142858,1.3785714285714286,2.801028571428572,1.9085714285714288,1.129257142857143,1.9212,2.2308,1.5445000000000002,2.023657142857143,1.3392000000000002,1.2130714285714286,1.4796,1.0584857142857145,1.068,1.5785714285714287,1.8475428571428572,1.872228571428572,1.9257142857142855,1.28,1.9449142857142856,2.180628571428572,1.3008,1.24,1.0640571428571428,3.81
51-9061.00,"Inspectors, Testers, Sorters, Samplers, and Weighers",2.84,4.54,3.97,2.96,2.82,1.49,4.9,2.13,3.73,3.21,1.7734857142857143,1.7498571428571428,1.6642,1.3392000000000002,1.4928,1.604285714285714,3.056785714285714,1.9085714285714288,1.387457142857143,2.0444,2.25,1.5192571428571429,2.354914285714286,1.302857142857143,1.4637285714285715,1.7313428571428573,1.1805,1.1417428571428572,1.6929142857142856,1.7342857142857142,1.8571428571428568,1.8571428571428568,1.394285714285714,1.9449142857142856,1.4016571428571427,1.36,1.4017857142857142,1.3128,4.5
51-9071.00,Jewelers and Precious Stone and Metal Workers,3.08,4.24,3.57,3.46,3.01,1.65,4.72,1.79,4.19,3.21,1.7734857142857143,1.5478,1.570857142857143,1.3808,1.4219428571428572,1.7734857142857143,2.320428571428572,1.7857142857142856,2.0861142857142854,2.6361714285714286,2.086428571428572,1.4596428571428572,2.023657142857143,1.5357142857142858,1.6840000000000002,1.7543428571428574,2.3494857142857146,1.1634,1.702942857142857,1.9966857142857144,1.7142857142857144,1.7485714285714289,1.6364285714285711,1.872228571428572,1.5311285714285714,1.4017857142857142,1.4017857142857142,1.8064857142857145,4.16
51-9071.06,Gem and Diamond Workers,2.92,4.75,4.24,4.42,2.1,1.14,4.81,1.88,4.72,4.5,1.5508,1.1659428571428572,1.1386,1.32,1.1115857142857144,1.655,1.5313,1.9085714285714288,1.8354142857142857,2.079257142857143,2.0342857142857143,1.1392857142857142,2.0,1.25,1.2364857142857142,1.2545714285714284,1.3755428571428574,1.032771428571429,1.3240857142857143,1.2662714285714285,1.822857142857143,1.8571428571428568,1.75,1.9085714285714288,1.1320428571428571,1.335714285714286,1.6171428571428572,1.6613142857142855,4.35
51-9081.00,Dental Laboratory Technicians,2.12,3.24,3.36,2.63,2.38,1.0,4.4,1.55,3.33,3.09,1.6875,1.7601999999999998,1.8555857142857144,1.4435714285714285,1.819,1.6714285714285717,2.6620428571428576,1.8571428571428568,1.5937857142857144,2.614,2.1750857142857143,2.203085714285714,1.8571428571428568,1.7200000000000002,1.9966857142857144,1.9517857142857145,1.2402142857142855,1.3051142857142857,2.095885714285714,2.389842857142857,1.872228571428572,1.7208,1.4435714285714285,1.822857142857143,2.139685714285714,1.4179428571428572,1.4435714285714285,1.9980142857142855,4.06
51-9082.00,Medical Appliance Technicians,2.74,4.27,3.81,3.76,2.72,1.82,4.39,2.53,4.21,2.89,1.8571428571428568,2.2936,1.7328571428571429,1.4906285714285716,1.5660571428571428,2.071428571428572,2.6778571428571425,2.1677714285714287,1.191857142857143,2.2296,2.596342857142857,1.909142857142857,2.571428571428571,1.8914285714285717,1.6519,1.6906857142857143,2.055871428571429,1.1378285714285714,1.6551999999999998,2.0221714285714287,2.1142857142857143,2.2071428571428573,1.9085714285714288,2.4893714285714283,2.195842857142857,1.5300000000000002,1.6391999999999998,1.7467428571428574,3.94
51-9083.00,Ophthalmic Laboratory Technicians,2.82,3.4,3.22,3.31,3.48,1.3,4.18,1.43,3.53,2.34,1.5785714285714287,1.5973000000000002,1.4524428571428571,1.4285714285714286,1.4706142857142857,1.5785714285714287,1.8229285714285717,1.7036571428571428,1.2579285714285715,2.2278571428571428,1.9722285714285717,1.585,1.8728571428571428,1.4017857142857142,1.285728571428571,1.581942857142857,1.4249714285714286,1.0928428571428572,1.4285714285714286,1.7233428571428573,1.7036571428571428,1.7857142857142856,1.655,1.7734857142857143,1.6742285714285714,1.2592,1.3571428571428572,1.202057142857143,4.06
51-9111.00,Packaging and Filling Machine Operators and Tenders,2.51,4.4,3.77,1.95,3.29,1.4,4.18,1.81,1.55,1.85,1.8571428571428568,1.7416285714285713,1.386542857142857,1.4017857142857142,1.5182571428571427,1.7036571428571428,2.3413,1.5625,1.2234285714285713,1.9353,1.9085714285714288,1.5967428571428572,1.9085714285714288,1.5207142857142857,1.495428571428571,1.6314857142857142,1.1599,1.1665714285714286,1.7212857142857143,1.993242857142857,1.8571428571428568,1.822857142857143,1.4179428571428572,1.7857142857142856,1.6852857142857145,1.3571428571428572,1.3785714285714286,1.236,4.04
51-9123.00,"Painting, Coating, and Decorating Workers",2.02,3.77,3.68,3.21,2.1,1.11,4.76,1.6,3.09,2.74,1.7036571428571428,1.5670000000000002,1.3529714285714285,1.3392000000000002,1.1568,1.7385714285714284,3.166857142857143,1.625,1.0285714285714285,1.6561,1.8571428571428568,1.4864000000000002,1.8571428571428568,1.28,1.199028571428571,1.424542857142857,1.2955857142857143,1.0255142857142858,1.5349857142857144,2.0156428571428573,1.6391999999999998,1.5625,1.4179428571428572,1.604285714285714,1.1504285714285714,1.268571428571429,1.2857142857142856,1.3075428571428571,3.95
51-9124.00,"Coating, Painting, and Spraying Machine Setters, Operators, and Tenders",2.37,3.52,3.28,2.01,2.35,1.23,4.48,1.89,1.63,2.22,1.7385714285714284,1.517942857142857,1.8916571428571425,1.2857142857142856,1.5495285714285716,1.595,2.1502857142857144,1.4628571428571429,1.3556714285714286,1.6906857142857143,1.8571428571428568,1.9334,1.7734857142857143,1.32,1.8401714285714288,1.6852428571428573,1.0786857142857142,1.4593571428571428,1.6991999999999998,2.08,1.5508,1.6063428571428573,1.32,1.5207142857142857,1.7488,1.22,1.22,1.239442857142857,4.1
51-9141.00,Semiconductor Processing Technicians,2.77,3.73,3.75,1.72,2.8,1.16,3.92,1.6,3.75,2.26,1.7036571428571428,1.9040285714285716,1.7494428571428569,1.3125,1.5945142857142858,1.7385714285714284,2.8688,1.7734857142857143,1.2638285714285713,2.5167571428571427,2.1492,1.972214285714286,2.086428571428572,1.4017857142857142,1.2442857142857142,1.3298285714285716,1.1687857142857143,1.2256,1.9547142857142856,2.352657142857143,1.706342857142857,1.7734857142857143,1.32,1.9257142857142855,2.1649857142857143,1.268571428571429,1.3785714285714286,1.1123571428571428,4.01
51-9151.00,Photographic Process Workers and Processing Machine Operators,2.84,4.27,2.91,4.03,3.11,1.47,4.86,1.77,4.43,3.28,1.7200000000000002,1.4009,1.1481142857142856,1.3785714285714286,1.3790428571428572,1.8057142857142856,2.012142857142857,1.9642857142857144,1.9195428571428568,2.5276000000000005,2.265085714285714,1.2862857142857145,2.1142857142857143,1.6875,1.6724,1.668742857142857,2.4455,1.2156571428571428,1.6035714285714286,1.9293714285714287,1.9085714285714288,1.8914285714285717,1.9642857142857144,2.1492,1.4320000000000002,1.7036571428571428,1.7385714285714284,2.035,3.8
51-9161.00,Computer Numerically Controlled Tool Operators,2.6,4.03,3.48,1.91,2.41,1.28,4.22,1.66,2.19,2.25,1.7385714285714284,1.3267,1.3652571428571427,1.3706285714285715,1.6248142857142858,1.7036571428571428,2.469785714285714,1.8571428571428568,1.097,2.0162285714285715,2.205357142857143,1.4963428571428572,2.0342857142857143,1.7200000000000002,1.534442857142857,1.7695999999999998,1.038857142857143,1.0614285714285714,1.7896,1.953457142857143,1.822857142857143,1.8571428571428568,1.25,1.9085714285714288,1.3593142857142857,1.231428571428571,1.22,1.1869,3.75
51-9162.00,Computer Numerically Controlled Tool Programmers,2.62,3.44,3.28,2.22,2.54,1.15,4.55,1.73,3.45,2.57,1.75,1.5191428571428571,1.4122142857142856,1.3392000000000002,1.4821142857142855,1.6063428571428573,2.6342857142857143,1.8571428571428568,1.218057142857143,2.475914285714285,2.1085714285714285,1.6848714285714286,2.071428571428571,1.6171428571428572,1.7967428571428572,1.3504,1.1271428571428572,1.0239142857142858,1.627442857142857,2.0008142857142857,1.8571428571428568,1.822857142857143,1.268571428571429,1.8571428571428568,1.5015999999999998,1.1607142857142858,1.3214285714285714,1.5807857142857142,3.74
51-9191.00,Adhesive Bonding Machine Operators and Tenders,2.82,4.61,3.27,2.32,2.99,2.08,4.43,2.36,2.43,3.3,1.8571428571428568,1.464342857142857,2.111485714285714,1.22,1.2980285714285715,1.6391999999999998,2.3665571428571432,1.7934857142857146,1.1084571428571428,1.9371428571428573,2.0028571428571427,1.4668571428571429,1.9085714285714288,1.4249999999999998,1.2021142857142857,1.1690571428571428,1.0048285714285714,1.076,1.5814,2.040714285714285,1.7485714285714289,1.7857142857142856,1.3571428571428572,1.8328571428571427,1.9118857142857144,1.2036571428571428,1.268571428571429,1.0172714285714286,3.74
51-9192.00,"Cleaning, Washing, and Metal Pickling Equipment Operators and Tenders",2.5,3.69,2.97,1.25,2.6,1.05,4.25,1.96,1.8,2.84,1.5300000000000002,1.6191142857142855,1.6195857142857142,1.3571428571428572,1.3130285714285712,1.5300000000000002,2.7496,1.604285714285714,1.2774571428571428,2.705928571428572,1.7734857142857143,1.6449142857142856,1.595,1.32,1.5066285714285717,1.8748142857142855,1.1979571428571427,1.1918,1.5784000000000002,1.8772857142857144,1.625,1.604285714285714,1.32,1.6391999999999998,1.6527857142857143,1.2857142857142856,1.2857142857142856,1.0909285714285717,4.11
51-9193.00,Cooling and Freezing Equipment Operators and Tenders,2.27,3.83,3.74,1.96,2.22,1.05,4.69,2.13,1.83,3.61,1.7734857142857143,1.5970857142857144,1.7328571428571429,1.625,1.6331285714285713,1.595,2.8666142857142862,1.872228571428572,1.3464571428571428,2.2847142857142857,1.8571428571428568,2.0856142857142856,1.9085714285714288,1.6875,1.765,1.5088,1.2418857142857145,1.185142857142857,1.9136285714285712,2.269,1.7857142857142856,1.7857142857142856,1.4179428571428572,1.8571428571428568,1.6241142857142858,1.394285714285714,1.4285714285714286,1.4114285714285713,4.02
51-9194.00,Etchers and Engravers,1.98,3.41,3.03,2.76,2.25,1.14,4.93,1.2,3.95,2.8,1.4542857142857144,1.7354285714285718,1.4221,1.32,1.3822,1.5625,2.265371428571428,1.7485714285714289,1.4721142857142857,2.0090285714285714,2.105,1.635142857142857,2.086428571428572,1.3785714285714286,1.4908857142857144,1.4599,1.3876,1.1033142857142857,1.5610000000000002,1.9835714285714283,1.9085714285714288,1.9085714285714288,1.3785714285714286,1.8571428571428568,1.4371,1.25,1.32,1.7599999999999998,3.36
51-9195.00,"Molders, Shapers, and Casters, Except Metal and Plastic",2.22,3.99,3.61,2.26,2.17,1.24,3.79,1.68,1.59,1.94,1.5508,1.5539857142857143,1.3840571428571429,1.4285714285714286,1.3280285714285711,1.5508,2.525428571428572,1.595,1.208942857142857,2.03,1.9842857142857144,1.6384,1.8057142857142856,1.3785714285714286,1.3042285714285715,1.444257142857143,1.1709714285714286,1.0651142857142857,1.424642857142857,1.624,1.7036571428571428,1.7385714285714284,1.3571428571428572,1.7036571428571428,1.429942857142857,1.3008,1.2857142857142856,1.1417428571428572,4.1
51-9195.03,"Stone Cutters and Carvers, Manufacturing",2.36,3.38,3.22,2.67,1.92,1.29,4.36,1.56,2.22,1.72,1.5508,2.085914285714286,2.0020571428571428,1.3008,1.8817428571428567,1.625,2.940157142857143,1.6391999999999998,1.2376,2.715657142857143,1.822857142857143,1.8777142857142857,1.822857142857143,1.36,1.7208,2.1260571428571424,1.5691428571428572,1.3846857142857143,2.213557142857143,2.3502,1.5207142857142857,1.7208,1.289285714285714,1.7857142857142856,2.8630000000000004,1.2592,1.2142857142857144,1.420742857142857,3.74
51-9195.04,"Glass Blowers, Molders, Benders, and Finishers",2.03,3.27,2.51,2.38,1.95,1.04,4.22,1.28,2.18,3.1,1.5357142857142858,1.1246,1.0816,1.4179428571428572,1.0980285714285714,1.5614285714285714,2.1901714285714284,1.6875,1.0177142857142858,1.2742857142857142,1.8914285714285717,1.3097,1.75,1.3808,1.2121428571428572,1.0379285714285715,1.0105,1.002571428571429,1.1721714285714286,1.4408285714285716,1.6875,1.7200000000000002,1.25,1.8571428571428568,1.127257142857143,1.3008,1.394285714285714,1.0204,3.83
51-9195.05,"Potters, Manufacturing",2.15,3.69,2.83,4.32,1.89,1.08,4.28,2.26,3.61,2.54,1.5785714285714287,1.0572,1.0632,1.268571428571429,1.1182857142857143,1.7385714285714284,1.3483,1.7734857142857143,1.8252857142857144,2.107,1.8571428571428568,1.170742857142857,1.8571428571428568,1.22,1.0484,1.1560714285714284,1.9820285714285717,1.0024142857142857,1.0925714285714283,1.1617,1.7734857142857143,1.8571428571428568,1.394285714285714,1.822857142857143,1.28,1.147857142857143,1.2857142857142856,1.8415,3.25
51-9196.00,"Paper Goods Machine Setters, Operators, and Tenders",2.91,4.43,3.52,2.2,2.5,1.15,4.72,2.66,1.63,2.46,1.7036571428571428,1.9890714285714288,2.017857142857143,1.3571428571428572,1.6439428571428572,1.6714285714285717,2.5265142857142857,1.7857142857142856,1.1517857142857144,2.633314285714286,1.8571428571428568,1.6633,1.8571428571428568,1.3392000000000002,1.617714285714286,1.561,1.1023,1.2511714285714286,2.136,2.194042857142857,1.5625,1.6391999999999998,1.4179428571428572,1.7857142857142856,1.8753142857142853,1.3785714285714286,1.4179428571428572,1.2185857142857142,4.52
51-9197.00,Tire Builders,2.82,3.79,2.12,2.09,2.86,1.6,4.4,1.37,1.74,2.49,1.2857142857142856,1.5462285714285713,1.7295285714285713,1.1885714285714286,1.8343,1.394285714285714,2.324,1.5207142857142857,1.209142857142857,2.1649857142857143,1.7857142857142856,1.473142857142857,1.7385714285714284,1.268571428571429,1.504,1.7202285714285714,1.358742857142857,1.1027714285714283,1.6139428571428571,1.8053571428571429,1.5625,1.7142857142857144,1.28,1.7485714285714289,1.8130857142857144,1.1339285714285714,1.1734857142857142,1.1335,2.98
51-9198.00,Helpers--Production Workers,2.15,3.84,2.99,1.99,2.1,1.39,4.31,1.58,1.71,2.16,1.5508,1.6574285714285717,1.4961571428571427,1.2036571428571428,1.3198,1.4628571428571429,2.301614285714286,1.5300000000000002,1.2704,1.9564285714285716,1.822857142857143,1.6134857142857142,1.822857142857143,1.2857142857142856,1.2928571428571427,1.3846857142857143,1.2341428571428572,1.3439,1.4039285714285714,1.5110714285714284,1.4906285714285716,1.604285714285714,1.24,1.537142857142857,1.4249428571428573,1.1257142857142857,1.1734857142857142,1.324757142857143,3.89
53-1041.00,Aircraft Cargo Handling Supervisors,4.03,4.89,3.97,4.25,3.73,1.99,4.94,2.73,4.95,3.63,2.25,1.816,2.576657142857143,2.4732142857142856,3.095785714285714,2.044642857142857,3.1936000000000004,2.1677714285714287,1.4021714285714284,2.9250000000000003,2.662857142857143,2.012142857142857,2.662857142857143,1.9085714285714288,1.6071714285714287,2.47,2.4482285714285714,1.616857142857143,2.5122857142857145,2.5390000000000006,2.044642857142857,2.02,1.7036571428571428,2.1228571428571428,2.910428571428572,1.5357142857142858,1.6875,2.3747714285714285,4.85
53-1042.00,"First-Line Supervisors of Helpers, Laborers, and Material Movers, Hand",3.66,4.93,4.34,4.0,3.03,1.51,4.97,2.91,4.9,3.76,2.4732142857142856,1.7672,2.672457142857143,2.4035714285714285,2.7594,1.9657142857142855,3.115,2.4035714285714285,1.3253428571428572,2.476685714285714,2.7142857142857144,2.1351571428571425,2.7142857142857144,1.9085714285714288,1.9212,2.5488,1.2854571428571429,1.6314857142857142,2.8257142857142856,2.608,2.225714285714286,2.327857142857143,1.6875,2.3392857142857144,2.3361428571428573,1.8571428571428568,1.837942857142857,2.2016142857142857,4.92
53-1042.01,Recycling Coordinators,3.19,4.69,4.11,4.31,3.44,1.56,4.89,2.65,4.83,3.5,2.216428571428572,1.849914285714286,2.5726714285714287,2.375,3.0874,2.0028571428571427,3.6645000000000008,2.3906285714285715,2.9578285714285717,3.200885714285714,2.5428571428571427,1.9238,2.4893714285714283,1.7734857142857143,2.0550571428571427,3.199942857142857,2.8505857142857143,2.038142857142857,2.6792285714285717,2.5910714285714285,2.2767857142857144,2.225714285714286,1.822857142857143,2.1677714285714287,3.1262857142857143,1.6942857142857144,1.9842857142857144,3.553857142857143,4.4
53-1043.00,First-Line Supervisors of Material-Moving Machine and Vehicle Operators,4.01,4.89,4.05,4.6,3.83,1.51,4.96,2.64,4.71,3.92,2.662857142857143,1.899,2.8522,2.607142857142857,3.2025571428571427,2.31,3.471885714285715,2.596342857142857,1.663,2.787671428571429,2.7142857142857144,2.4377142857142857,2.7142857142857144,1.9449142857142856,2.1526,2.673285714285714,2.191985714285714,2.2308,3.058828571428572,2.370142857142857,2.0608,2.02,1.8571428571428568,2.662857142857143,3.313928571428572,1.872228571428572,1.8571428571428568,2.3345714285714285,4.66
53-2011.00,"Airline Pilots, Copilots, and Flight Engineers",3.47,4.43,3.68,3.34,3.14,1.63,4.62,3.73,3.45,2.47,2.4035714285714285,1.5853857142857142,1.8569,1.837942857142857,1.664857142857143,2.044642857142857,2.6242857142857146,2.4732142857142856,1.0545142857142855,2.0179,3.0357142857142856,2.2051,2.877142857142857,2.142857142857143,1.5517714285714286,2.1271,1.6192857142857144,1.0355857142857143,1.9061,1.8133285714285716,2.524285714285714,2.571428571428571,1.7734857142857143,2.894285714285714,1.423514285714286,1.6063428571428573,1.655,1.4963428571428572,4.55
53-2012.00,Commercial Pilots,2.94,4.39,3.9,2.89,2.79,1.2,4.39,2.0,4.3,3.05,2.125,2.152,2.4554,1.8057142857142856,2.232028571428572,1.8571428571428568,3.8026,2.4732142857142856,1.372,3.0828,2.821428571428571,2.749,2.765714285714286,1.9657142857142855,1.8086285714285717,2.121314285714286,2.8689142857142853,1.7043714285714284,1.9231285714285715,3.526942857142857,2.524285714285714,2.422142857142857,1.7734857142857143,2.6950857142857143,2.515342857142857,1.4,1.8057142857142856,3.0494857142857144,4.68
53-2021.00,Air Traffic Controllers,4.4,4.71,4.14,4.25,3.49,1.36,4.12,1.94,3.83,3.34,2.645714285714285,1.4027571428571428,1.7115428571428573,1.7385714285714284,1.5464571428571428,2.105,3.4258428571428574,2.801428571428572,1.0578571428571428,2.193257142857143,3.3892,2.013571428571429,3.4564285714285714,2.023657142857143,1.5434,1.7291142857142858,2.562971428571428,1.135571428571429,2.7722999999999995,3.304342857142857,2.782857142857143,2.877142857142857,2.023657142857143,2.9314285714285715,1.8201285714285715,1.5207142857142857,1.7734857142857143,2.113771428571429,4.81
53-2022.00,Airfield Operations Specialists,3.62,4.92,4.37,4.77,3.66,1.69,4.86,2.66,4.9,3.57,2.571428571428571,1.9395142857142855,2.250542857142857,1.8057142857142856,2.1105714285714283,1.9085714285714288,3.4214285714285717,2.524285714285714,1.2997,2.7979000000000003,2.7142857142857144,2.035557142857143,2.7142857142857144,2.0028571428571427,2.050214285714285,2.571371428571428,2.3857142857142857,1.9614,2.5227142857142857,2.5405,2.178571428571429,2.0028571428571427,1.8571428571428568,2.7142857142857144,2.7850857142857137,1.8057142857142856,1.7200000000000002,2.3408571428571427,4.75
53-2031.00,Flight Attendants,4.39,4.87,3.99,4.87,4.6,2.79,4.73,4.94,3.16,2.32,2.216428571428572,3.2644,1.3243,1.4821428571428572,1.3628571428571428,2.2767857142857144,2.176685714285714,2.671428571428572,1.6167857142857145,2.602814285714285,2.645714285714285,1.6145428571428573,2.7142857142857144,1.7734857142857143,1.2691428571428571,2.638285714285714,3.6942142857142857,1.0712,1.330857142857143,1.5051428571428571,2.7142857142857144,2.596342857142857,2.422142857142857,2.337142857142857,1.9829142857142856,1.7385714285714284,1.822857142857143,1.6571285714285715,4.53
53-3011.00,"Ambulance Drivers and Attendants, Except Emergency Medical Technicians",2.93,4.66,3.81,4.06,3.61,2.51,4.3,2.35,3.9,3.14,1.8057142857142856,3.3870000000000005,1.6124571428571428,1.335714285714286,1.4009,1.9449142857142856,2.2722285714285717,1.9085714285714288,1.4598,2.7688,2.645714285714285,2.1977714285714285,2.571428571428571,1.8571428571428568,1.611142857142857,1.8701714285714288,3.1002571428571426,1.3588,1.6439999999999997,1.9592,1.872228571428572,2.0028571428571427,2.1142857142857143,2.0608,1.5385285714285717,1.655,1.655,1.7047857142857143,4.17
53-3031.00,Driver/Sales Workers,2.85,4.37,2.55,4.3,3.35,1.19,4.6,2.92,3.77,3.1,1.7200000000000002,1.133,1.3934285714285712,1.2857142857142856,1.3964285714285714,1.822857142857143,2.3182,2.0779428571428573,1.7014857142857145,1.9385714285714288,2.4732142857142856,1.473242857142857,2.4732142857142856,1.3008,1.2448,1.3948428571428573,3.023142857142857,1.0092285714285714,1.1222285714285714,1.1604857142857143,1.9085714285714288,1.9842857142857144,1.9085714285714288,2.178571428571429,1.2482857142857144,1.7200000000000002,1.8057142857142856,1.7820285714285715,3.28
53-3032.00,Heavy and Tractor-Trailer Truck Drivers,2.47,4.17,3.06,3.75,3.17,1.63,4.06,1.8,3.97,2.28,1.5625,1.3848142857142856,1.2074571428571428,1.22,1.1767857142857143,1.595,2.4454857142857147,1.822857142857143,1.1121142857142856,1.8473142857142852,1.9085714285714288,1.1868714285714286,1.8571428571428568,1.22,1.2089714285714286,1.626642857142857,1.7611428571428571,1.077057142857143,1.3694857142857144,1.426885714285714,1.822857142857143,1.822857142857143,1.4285714285714286,1.8057142857142856,1.3451,1.2857142857142856,1.22,2.0234571428571426,3.6
53-3033.00,Light Truck Drivers,2.25,4.56,3.06,4.08,2.6,1.1,3.68,1.88,4.24,1.57,1.4285714285714286,1.9128571428571428,1.5599999999999998,1.231428571428571,1.7304142857142857,1.595,3.0223,1.872228571428572,1.6562285714285716,1.8040000000000005,1.9085714285714288,1.832,2.096342857142857,1.289285714285714,1.5942857142857143,2.2865714285714285,2.1226857142857143,1.0547857142857142,1.6692571428571428,1.866442857142857,1.822857142857143,1.8571428571428568,1.5,1.872228571428572,1.3619714285714286,1.1885714285714286,1.25,2.111214285714285,3.47
53-3051.00,"Bus Drivers, School",3.01,4.26,2.69,3.3,2.75,1.62,4.13,1.46,2.53,2.3,1.7485714285714289,2.4196,1.4594285714285715,1.25,1.5208857142857144,1.9642857142857144,2.2482285714285712,1.872228571428572,1.0325285714285717,2.384085714285714,2.086428571428572,1.5146285714285712,1.9449142857142856,1.4691999999999998,1.3153142857142857,2.0379571428571426,1.739442857142857,1.2112,1.3861142857142856,1.8057142857142856,1.9642857142857144,2.071428571428572,1.7485714285714289,2.105,1.5391428571428571,1.3571428571428572,1.4928571428571429,1.2276571428571428,3.42
53-3052.00,"Bus Drivers, Transit and Intercity",3.15,4.53,2.71,3.87,3.61,2.17,3.93,2.1,2.87,2.28,1.5785714285714287,2.3464,1.3084857142857145,1.24,1.2228571428571429,1.68,2.773942857142857,1.6428571428571428,1.1131428571428572,2.5079714285714285,1.9257142857142855,1.6237142857142857,1.9642857142857144,1.2142857142857144,1.4567714285714286,2.0480714285714288,3.0022857142857142,1.0378,1.6821142857142857,2.3083714285714283,1.9257142857142855,1.9257142857142855,1.7934857142857146,1.8328571428571427,1.3977142857142857,1.2592,1.375,2.364342857142857,3.2
53-3053.00,Shuttle Drivers and Chauffeurs,3.2,4.27,2.89,4.38,3.48,2.24,3.71,1.69,3.28,2.98,1.7734857142857143,3.2588571428571425,1.7057142857142855,1.1735714285714285,1.3938857142857144,1.9085714285714288,2.901714285714286,1.8328571428571427,1.1505857142857143,2.146042857142857,2.19,1.3053714285714286,2.06,1.3808,1.6290857142857142,2.057257142857143,2.7174857142857145,1.1923142857142857,2.008514285714286,1.839742857142857,1.9642857142857144,2.0028571428571427,1.8328571428571427,1.9792,1.631614285714286,1.4249999999999998,1.4691999999999998,1.8865714285714288,3.86
53-4011.00,Locomotive Engineers,3.17,4.6,4.34,3.23,3.13,2.02,4.79,1.87,4.46,3.34,1.8571428571428568,1.620742857142857,1.5588571428571427,1.5357142857142858,1.861,1.655,2.9032,2.1228571428571428,1.2338714285714285,1.9588857142857143,2.524285714285714,2.155428571428572,2.524285714285714,1.5165142857142857,1.4818285714285715,1.5066285714285717,1.429,1.2341857142857142,1.9387714285714288,2.2566571428571427,1.9642857142857144,2.02,1.3706285714285715,2.2767857142857144,2.1552,1.25,1.25,1.3819,4.76
53-4013.00,"Rail Yard Engineers, Dinkey Operators, and Hostlers",3.07,4.31,4.16,2.66,2.81,1.18,4.7,2.28,3.36,2.96,1.9842857142857144,1.5510000000000002,2.075142857142857,1.595,2.0442857142857145,1.4906285714285716,3.307257142857143,2.1142857142857143,1.4484,2.5155000000000003,2.662857142857143,2.1149142857142857,2.4035714285714285,1.7200000000000002,2.2865714285714285,2.0738,1.6877142857142855,1.3978,2.7238,2.4541428571428567,2.071428571428572,2.0028571428571427,1.4628571428571429,2.02,2.636285714285714,1.22,1.345,2.064571428571429,4.89
53-4022.00,"Railroad Brake, Signal, and Switch Operators and Locomotive Firers",2.79,4.28,3.5,2.6,2.75,1.79,4.7,1.36,4.08,3.17,1.8914285714285717,1.4127428571428573,1.5159285714285713,1.4691999999999998,1.5065285714285714,1.7485714285714289,2.571428571428571,1.7036571428571428,1.0614285714285714,2.149,2.354914285714286,1.873,2.044642857142857,1.625,1.319785714285714,1.4714285714285715,1.3967428571428573,1.0240428571428573,1.864957142857143,1.8685714285714283,1.9257142857142855,2.02,1.4821428571428572,1.9257142857142855,1.8598857142857144,1.3392000000000002,1.51,1.3788571428571428,4.36
53-4031.00,Railroad Conductors and Yardmasters,3.09,4.52,3.96,3.27,2.77,1.51,4.91,1.3,4.3,3.03,2.524285714285714,1.6456857142857144,1.318857142857143,2.0,1.4686285714285716,1.8057142857142856,2.677314285714285,2.225714285714286,1.0692142857142857,1.991742857142857,2.645714285714285,1.4792714285714283,2.7142857142857144,1.8057142857142856,1.277642857142857,1.4454,1.4588,1.1114285714285714,1.6194285714285714,1.742457142857143,2.31,2.1677714285714287,1.7036571428571428,2.1142857142857143,2.0024571428571427,1.4542857142857144,1.8571428571428568,1.4789285714285714,4.49
53-4041.00,Subway and Streetcar Operators,3.47,4.39,2.9,4.36,4.25,3.24,3.46,2.38,2.46,2.44,1.68,1.922585714285714,1.1126285714285715,1.32,1.2741142857142858,1.822857142857143,2.9414285714285717,1.935,1.0390857142857142,2.0428571428571427,2.1492,1.3684571428571428,2.31,1.4928571428571429,1.2218714285714285,1.7938,3.694342857142857,1.1677857142857142,1.6136,1.859942857142857,2.02,1.8571428571428568,1.872228571428572,2.1228571428571428,1.2323428571428572,1.4906285714285716,1.5300000000000002,2.2074857142857143,3.98
53-5011.00,Sailors and Marine Oilers,2.82,4.41,3.6,2.81,3.08,1.62,4.33,2.08,2.38,2.6,1.8571428571428568,2.1115,1.6009142857142855,1.6875,2.312457142857143,1.7734857142857143,2.7645142857142857,1.8571428571428568,1.0850285714285717,1.7108857142857143,2.524285714285714,1.525,1.9842857142857144,1.6942857142857144,1.5292857142857144,1.9715,1.3529285714285717,1.0490142857142857,1.8812285714285717,2.4706857142857137,1.9085714285714288,1.9085714285714288,1.7734857142857143,1.9085714285714288,1.79,1.5357142857142858,1.655,1.484714285714286,4.05
53-5021.00,"Captains, Mates, and Pilots of Water Vessels",3.21,4.58,3.91,3.49,2.93,1.61,4.81,2.54,4.38,3.12,2.205357142857143,2.0295,2.0246,2.1635714285714283,2.4348571428571426,1.9085714285714288,2.7303428571428574,2.2071428571428573,1.4956,2.5664285714285717,2.596342857142857,1.815485714285714,2.596342857142857,1.9085714285714288,1.8406285714285715,2.007428571428571,1.7782999999999998,1.2129142857142856,2.380585714285714,2.5445714285714285,2.31,2.2928571428571427,1.7734857142857143,2.1492,2.323428571428571,1.7036571428571428,1.7857142857142856,2.1564,4.43
53-5022.00,Motorboat Operators,2.81,4.29,3.91,4.38,3.51,1.7,4.47,2.69,3.36,1.95,1.9657142857142855,1.454057142857143,1.772257142857143,1.6875,1.6588,1.8571428571428568,2.539257142857143,1.9792,1.0688428571428572,2.300742857142857,2.06,1.559,2.2928571428571427,1.7734857142857143,1.2406857142857142,1.9689142857142856,2.3817142857142857,1.1324571428571428,1.5527142857142855,1.9875714285714283,2.071428571428572,1.9085714285714288,1.8571428571428568,1.872228571428572,2.173,1.5508,1.4691999999999998,2.288142857142857,3.86
53-5031.00,Ship Engineers,3.11,3.97,3.65,2.84,2.83,1.29,4.53,1.67,3.89,2.76,1.8571428571428568,2.1555142857142857,1.689,1.837942857142857,1.9798,1.8057142857142856,2.9771714285714284,2.071428571428572,1.3281142857142858,2.944485714285714,2.765714285714286,2.0181714285714287,2.7142857142857144,1.7200000000000002,2.005428571428572,2.006457142857143,1.6591,1.3215571428571429,1.939085714285714,2.4857142857142858,2.1607142857142856,2.0608,1.6875,2.31,2.152,1.2857142857142856,1.2857142857142856,2.1776142857142853,4.36
53-6011.00,Bridge and Lock Tenders,2.16,4.2,2.63,3.55,2.63,1.15,3.89,1.65,4.32,3.21,1.8571428571428568,1.5901428571428569,1.3955714285714285,1.3785714285714286,1.3522857142857143,1.5207142857142857,2.692857142857143,1.822857142857143,1.0719285714285711,2.0542857142857143,1.8914285714285717,1.24,1.8571428571428568,1.655,1.459,1.6054285714285714,2.083428571428572,1.2225,1.9411428571428573,2.2210714285714284,1.8914285714285717,1.8571428571428568,1.7036571428571428,1.7857142857142856,1.6009285714285717,1.4542857142857144,1.5207142857142857,1.6965714285714286,3.47
53-6021.00,Parking Attendants,2.72,4.6,3.54,4.25,3.53,1.34,4.26,2.23,3.74,2.67,1.5625,1.7919999999999998,1.2166,1.28,1.2170857142857143,1.68,2.2057857142857142,1.85,1.1195142857142857,2.2116571428571428,1.9792,1.628085714285714,2.1492,1.394285714285714,1.1564,1.42,2.3688714285714285,1.0578142857142856,1.2513571428571428,1.4920571428571427,1.8839285714285712,2.02,1.85,1.8839285714285712,1.5335571428571428,1.394285714285714,1.3125,1.7979142857142856,3.8
53-6031.00,Automotive and Watercraft Service Attendants,3.43,4.51,3.34,4.41,3.64,1.43,4.96,2.09,4.84,2.14,1.7485714285714289,1.7484285714285712,1.3610285714285717,1.32,1.498342857142857,1.604285714285714,2.0492,1.7571428571428571,1.7596571428571428,2.1130000000000004,2.0608,1.6741428571428572,2.3192,1.3571428571428572,1.6067142857142858,1.5814,2.740342857142857,1.4573714285714283,1.745714285714286,1.8057142857142856,1.822857142857143,1.9085714285714288,1.9085714285714288,1.8328571428571427,1.6463,1.4906285714285716,1.5207142857142857,2.541714285714286,4.13
53-6041.00,Traffic Technicians,2.69,3.82,3.66,3.82,2.59,1.16,4.27,1.74,4.11,3.07,1.8571428571428568,1.2364857142857144,1.3846857142857143,1.822857142857143,1.4485714285714284,1.8571428571428568,2.458342857142857,2.086428571428572,1.12,2.4230714285714283,2.596342857142857,1.8138571428571424,2.645714285714285,1.7734857142857143,1.741342857142857,1.6885,2.0896,1.0935,1.2792571428571429,1.4657714285714285,2.02,2.0608,1.7734857142857143,2.354914285714286,1.8091285714285716,1.7200000000000002,1.7734857142857143,2.1438428571428574,4.07
53-6051.00,Transportation Inspectors,2.59,4.49,3.46,3.68,2.85,1.19,4.13,1.94,4.86,3.58,1.9449142857142856,1.303257142857143,1.260042857142857,1.75,1.342257142857143,1.9085714285714288,3.1483428571428576,2.31,1.4348714285714286,2.412628571428572,2.645714285714285,2.5581714285714288,2.645714285714285,1.655,1.9046714285714288,2.035557142857143,1.4753714285714286,1.0422857142857145,1.3830571428571428,1.7904571428571427,2.0028571428571427,2.19,1.6665142857142858,2.25,1.5389714285714289,1.51,1.6063428571428573,2.7262000000000004,3.38
53-6051.01,Aviation Inspectors,3.13,4.39,4.21,4.23,2.57,1.44,4.86,2.14,4.92,3.68,1.8057142857142856,1.5271428571428571,1.9466714285714288,1.7200000000000002,1.5896,1.8571428571428568,3.1816,2.645714285714285,1.6139428571428571,3.326714285714285,2.7142857142857144,3.088142857142857,2.645714285714285,1.837942857142857,2.450285714285714,2.6247142857142856,2.184,1.5348571428571427,2.283657142857143,2.7078285714285717,2.225714285714286,2.1607142857142856,1.8571428571428568,2.3906285714285715,2.077,1.7734857142857143,1.8057142857142856,2.841828571428572,4.12
53-6051.07,"Transportation Vehicle, Equipment and Systems Inspectors, Except Aviation",3.11,4.72,3.8,2.66,3.04,1.42,4.9,1.41,3.61,2.52,1.6875,1.0514285714285714,1.3211285714285714,1.2857142857142856,1.1197857142857142,1.6875,2.310257142857143,1.822857142857143,1.0276857142857143,2.006357142857143,2.354914285714286,1.435742857142857,1.9285714285714288,1.32,1.3118571428571428,1.205128571428571,1.040857142857143,1.0100571428571428,1.1754571428571428,1.1839857142857144,1.8571428571428568,1.7734857142857143,1.394285714285714,1.872228571428572,1.2632,1.3008,1.3392000000000002,1.132,3.87
53-6061.00,Passenger Attendants,2.54,4.14,1.9,3.23,4.03,2.58,3.65,1.39,1.77,2.03,1.8571428571428568,2.536942857142857,1.4628428571428571,1.32,1.4122857142857144,2.225714285714286,1.8024,2.131428571428572,1.1053142857142857,2.4852857142857143,2.422142857142857,1.1035,2.571428571428571,1.4821428571428572,1.15,2.2597,1.645,1.0275285714285711,1.3545142857142856,1.313942857142857,2.31,2.265085714285714,2.5428571428571427,2.2767857142857144,1.2437714285714287,1.5693714285714286,1.7857142857142856,1.2227,3.38
53-7011.00,Conveyor Operators and Tenders,2.65,3.43,3.53,1.76,2.29,1.41,3.48,2.7,3.03,2.59,1.6665142857142858,2.018828571428571,1.7090285714285716,1.5357142857142858,1.6642,1.655,2.6420714285714286,1.822857142857143,1.3148571428571427,2.4046857142857143,2.375,1.6499857142857142,2.2071428571428573,1.6875,1.737428571428571,1.7194571428571428,1.289157142857143,1.2655714285714286,1.7475999999999998,1.9522,1.872228571428572,1.7734857142857143,1.5625,1.9085714285714288,2.073428571428572,1.3392000000000002,1.4542857142857144,1.5525,4.09
53-7021.00,Crane and Tower Operators,2.57,4.55,3.37,2.21,2.64,1.08,4.54,1.91,3.61,3.32,1.75,1.3964285714285714,1.9417,1.4435714285714285,1.5576,1.4285714285714286,2.6195,1.822857142857143,1.2992,2.1210714285714287,2.06,1.725,2.0028571428571427,1.4017857142857142,1.4505142857142856,1.4929428571428571,1.3885714285714286,1.0598142857142858,1.7319999999999998,1.68,1.9085714285714288,1.7934857142857146,1.32,1.9085714285714288,2.3932,1.32,1.3571428571428572,1.620857142857143,4.36
53-7031.00,Dredge Operators,2.53,4.26,2.86,1.5,1.58,1.14,4.91,1.6,3.08,2.42,1.8914285714285717,1.3125,1.3579428571428571,1.6665142857142858,1.543942857142857,1.595,2.2294857142857145,1.604285714285714,1.0822857142857143,2.283771428571429,1.8728571428571428,1.5622857142857145,1.7734857142857143,1.5165142857142857,1.1872857142857145,1.2005571428571429,1.2781428571428572,1.0495,1.5294285714285714,1.6448,1.7142857142857144,1.7142857142857144,1.3008,1.6391999999999998,1.7168,1.335714285714286,1.3571428571428572,1.2150285714285716,3.88
53-7041.00,Hoist and Winch Operators,3.2,4.08,3.36,2.51,3.37,1.72,4.76,1.3,2.75,2.27,1.9657142857142855,1.8458571428571429,1.847171428571429,1.7142857142857144,2.4385714285714286,1.6814285714285715,3.2761857142857145,1.6814285714285715,1.2163857142857144,1.8768571428571428,2.2342,2.098,1.9792,1.7142857142857144,1.286,1.315,1.0971142857142857,1.0266,1.6134857142857142,2.6206571428571426,1.765,1.85,1.5625,1.8092,1.87,1.4906285714285716,1.5625,1.0704142857142858,4.74
53-7051.00,Industrial Truck and Tractor Operators,2.14,4.08,3.68,2.48,2.56,1.36,4.42,1.61,2.79,1.86,1.8571428571428568,1.8478,1.778857142857143,1.1885714285714286,1.8508285714285715,1.4628571428571429,2.5282142857142857,1.5,2.0241,2.3814571428571427,1.8914285714285717,1.8888571428571428,1.822857142857143,1.2857142857142856,1.9133714285714287,1.7979999999999998,1.5856571428571429,1.7069142857142856,2.391657142857143,2.1883857142857144,1.5625,1.5625,1.28,1.6714285714285717,2.1616,1.231428571428571,1.25,1.6990142857142856,3.98
53-7061.00,Cleaners of Vehicles and Equipment,2.71,3.57,2.9,2.45,2.0,1.23,4.05,1.27,2.81,1.94,1.335714285714286,2.113671428571428,2.134642857142857,1.197142857142857,2.0032,1.32,2.4672,1.4350857142857143,1.596228571428571,2.4475857142857143,1.8057142857142856,1.5602285714285713,1.595,1.16,1.8562857142857143,1.933142857142857,2.0775428571428574,1.624,2.200342857142857,2.2118857142857147,1.4906285714285716,1.5625,1.3706285714285715,1.4285714285714286,1.7869714285714284,1.16,1.1257142857142857,1.813428571428572,3.72
53-7062.00,"Laborers and Freight, Stock, and Material Movers, Hand",2.4,3.76,3.47,2.83,3.1,1.17,4.08,2.41,2.03,2.15,1.7857142857142856,1.767342857142857,1.681942857142857,1.3008,1.344,1.394285714285714,2.26,1.5,1.2957285714285716,1.2852,1.9085714285714288,1.4018571428571427,1.822857142857143,1.335714285714286,1.1786,1.6464285714285716,1.232,1.1232,1.8436,1.8056,1.5300000000000002,1.7036571428571428,1.2857142857142856,1.5693714285714286,1.5309714285714286,1.25,1.268571428571429,1.1574285714285717,4.13
53-7062.04,Recycling and Reclamation Workers,2.11,4.02,3.33,2.33,2.25,1.33,3.94,1.82,2.97,2.17,1.4906285714285716,1.4337142857142855,1.9504,1.3571428571428572,1.9418285714285712,1.6063428571428573,3.1461999999999994,1.595,1.4709142857142856,1.3660428571428571,1.872228571428572,1.2858571428571428,1.872228571428572,1.32,1.2929,1.5986285714285713,1.8376857142857144,1.3057142857142856,1.9455,2.277257142857142,1.655,1.7734857142857143,1.4821428571428572,1.872228571428572,2.152,1.1885714285714286,1.2142857142857144,1.5565000000000002,3.67
53-7063.00,Machine Feeders and Offbearers,2.54,3.87,3.21,1.87,2.51,1.33,4.06,1.96,1.8,1.95,1.4285714285714286,1.4834285714285715,1.355457142857143,1.1734857142857142,1.138,1.4542857142857144,1.9330571428571428,1.655,1.0339857142857145,1.8984285714285716,1.8571428571428568,1.2624285714285717,1.9085714285714288,1.268571428571429,1.283842857142857,1.2446714285714284,1.0272,1.0442285714285715,1.3611857142857142,1.4784,1.7385714285714284,1.7385714285714284,1.268571428571429,1.655,1.3911285714285713,1.2036571428571428,1.268571428571429,1.0490142857142857,3.85
53-7064.00,"Packers and Packagers, Hand",1.93,4.26,3.64,2.69,2.19,1.59,4.56,1.77,3.05,2.4,1.4906285714285716,1.990357142857143,1.8177,1.1339285714285714,1.8235,1.3008,2.375114285714286,1.4628571428571429,1.4109142857142856,2.3192142857142857,1.8571428571428568,1.7232714285714286,1.7734857142857143,1.1257142857142857,1.6380285714285714,1.7506,1.4117142857142857,1.3372428571428572,2.3176,2.2678857142857143,1.4628571428571429,1.605714285714286,1.32,1.5,1.9965714285714289,1.0549142857142857,1.0549142857142857,1.4885714285714284,4.03
53-7065.00,Stockers and Order Fillers,2.5,4.5,3.4,4.09,3.31,1.49,4.87,2.28,3.89,2.76,1.655,1.5746857142857142,1.6769285714285715,1.4435714285714285,1.4478571428571427,1.7036571428571428,2.3488,1.7385714285714284,1.5482285714285715,2.4135142857142857,2.0608,1.3743,1.9449142857142856,1.335714285714286,1.275,1.5746714285714285,2.0605714285714285,1.1232142857142855,1.6598714285714284,1.7047857142857143,1.8328571428571427,1.822857142857143,1.6714285714285717,1.9642857142857144,1.6808,1.28,1.335714285714286,1.678257142857143,4.18
53-7071.00,Gas Compressor and Gas Pumping Station Operators,2.59,4.07,3.42,2.36,2.5,1.17,4.45,2.45,4.76,2.73,1.822857142857143,1.473,1.7035,1.3785714285714286,1.6221142857142858,1.595,2.789142857142857,1.8571428571428568,1.2044285714285714,1.5983428571428573,1.9449142857142856,1.7408714285714286,1.9085714285714288,1.4821428571428572,1.3996285714285714,1.6902857142857144,1.394342857142857,1.084,1.7806857142857142,2.6458,1.822857142857143,1.7385714285714284,1.3785714285714286,1.9085714285714288,1.7285714285714286,1.3785714285714286,1.3785714285714286,1.7810285714285716,4.51
53-7072.00,"Pump Operators, Except Wellhead Pumpers",1.92,4.25,3.11,2.9,2.21,1.15,4.58,1.62,4.48,2.38,1.8057142857142856,1.7703142857142855,1.5901999999999998,1.5207142857142857,1.5304000000000002,1.5625,3.0691428571428574,1.872228571428572,1.2825714285714285,1.9171428571428573,2.422142857142857,2.1752571428571432,2.216428571428572,1.7036571428571428,1.7298,2.0512,1.1405714285714286,1.347257142857143,1.7147714285714286,1.9337142857142855,1.822857142857143,1.822857142857143,1.4179428571428572,1.9085714285714288,1.6105,1.3785714285714286,1.4179428571428572,1.745714285714286,3.85
53-7073.00,Wellhead Pumpers,2.62,4.12,3.13,3.43,2.52,1.38,4.34,1.59,4.95,3.2,1.4249999999999998,1.8655428571428572,1.9824,1.32,1.7519999999999998,1.4542857142857144,2.8363428571428573,1.8571428571428568,1.319785714285714,2.3022,1.7734857142857143,1.8305714285714283,1.8571428571428568,1.32,1.7291714285714286,1.6636857142857142,1.4767,1.2229142857142856,2.0213714285714284,2.261257142857142,1.7142857142857144,1.7857142857142856,1.157142857142857,1.7385714285714284,1.8779428571428567,1.1428571428571428,1.1785714285714286,1.5995428571428572,3.81
53-7081.00,Refuse and Recyclable Material Collectors,2.44,3.61,2.56,2.78,2.91,1.34,3.73,1.06,2.8,1.62,1.5785714285714287,1.108428571428571,1.431742857142857,1.25,1.1366857142857143,1.4542857142857144,2.042828571428571,1.537142857142857,1.0000857142857142,1.6908571428571428,1.822857142857143,1.0437142857142858,1.7734857142857143,1.1885714285714286,1.108,1.0637,1.4085,1.0,1.282857142857143,1.1202571428571428,1.7385714285714284,1.7036571428571428,1.3706285714285715,1.6714285714285717,1.3499285714285714,1.268571428571429,1.2857142857142856,1.4845142857142857,2.93
53-7121.00,"Tank Car, Truck, and Ship Loaders",3.71,4.47,4.07,3.05,2.82,1.3,4.84,2.11,4.39,3.09,1.7734857142857143,1.8308142857142855,1.8078428571428573,1.7385714285714284,1.7176142857142858,1.4906285714285716,3.1842,1.822857142857143,1.198,2.1296285714285714,2.086428571428572,1.955257142857143,1.9842857142857144,1.5614285714285714,1.589714285714286,1.9004285714285716,1.1918857142857142,1.2125714285714286,1.969942857142857,2.3475,1.872228571428572,1.8328571428571427,1.3785714285714286,1.8571428571428568,2.2137,1.3785714285714286,1.302857142857143,1.5680999999999998,4.61
