O*NET-SOC Code,Title,Analyzing Data or Information Combined,Documenting/Recording Information Combined,E-Mail,"Estimating the Quantifiable Characteristics of Products, Events, or Information Combined",Getting Information Combined,Information Ordering Combined,Interpreting the Meaning of Information for Others Combined,Processing Information Combined,Programming Combined,Working with Computers Combined
11-1011.00,Chief Executives,3.3370285714285712,2.4114285714285715,4.97,1.9944,3.486914285714285,2.765714285714286,2.521,3.4615428571428573,1.1071428571428572,2.372157142857142
11-1011.03,Chief Sustainability Officers,3.2126,2.188628571428572,5.0,2.5784285714285717,3.8998,2.4035714285714285,3.4571428571428573,3.021257142857143,1.1408,2.449
11-1021.00,General and Operations Managers,2.8544,2.4154,4.86,1.9397857142857144,2.988485714285715,2.2928571428571427,2.1346285714285718,2.8172,1.0442857142857145,3.051285714285714
11-2011.00,Advertising and Promotions Managers,2.3107999999999995,2.0065,5.0,1.6597428571428572,3.214914285714286,2.205357142857143,1.8327142857142853,2.477314285714286,1.0803571428571428,3.031914285714286
11-2021.00,Marketing Managers,2.587142857142857,1.7228571428571429,5.0,2.1248,3.369057142857143,2.125,2.017457142857143,2.3216,1.157142857142857,2.515428571428572
11-2022.00,Sales Managers,3.0270714285714284,2.426028571428572,5.0,1.9018571428571431,3.1479000000000004,1.9085714285714288,2.326,2.705928571428572,1.0664285714285715,2.7014
11-2033.00,Fundraising Managers,2.3508571428571425,2.494342857142857,5.0,1.335714285714286,3.1996285714285717,2.1607142857142856,1.9613571428571424,3.0391428571428567,1.1257142857142857,2.7404571428571427
11-3012.00,Administrative Services Managers,2.335714285714286,2.6646428571428573,4.96,1.9657142857142855,3.601228571428572,1.9449142857142856,1.8917857142857144,2.7174,1.0336571428571428,2.6740000000000004
11-3013.00,Facilities Managers,2.6015999999999995,2.395457142857143,4.96,2.418214285714286,3.3256,2.422142857142857,2.4628,2.551085714285714,1.0992,2.5030857142857146
11-3013.01,Security Managers,3.288071428571429,3.050428571428571,5.0,2.250357142857143,3.488928571428572,2.4732142857142856,2.531428571428571,2.9885714285714284,1.077942857142857,3.1357142857142857
11-3021.00,Computer and Information Systems Managers,3.2935714285714286,2.385657142857143,5.0,2.550057142857143,3.4940999999999995,2.571428571428571,2.5542857142857143,3.1882,1.655,4.3985714285714295
11-3031.00,Financial Managers,2.8416428571428574,2.319914285714286,4.98,1.5003714285714285,3.284071428571429,2.375,2.070142857142857,3.265642857142857,1.2036571428571428,2.67
11-3031.01,Treasurers and Controllers,4.061485714285714,2.563714285714286,5.0,2.092342857142857,3.8576,2.596342857142857,3.0085714285714285,3.5490285714285714,1.0885714285714283,3.024685714285715
11-3031.03,Investment Fund Managers,4.182142857142858,2.3295714285714286,5.0,2.8123714285714287,4.209142857142856,2.596342857142857,2.7979000000000003,3.8191428571428574,1.12,3.0139
11-3051.00,Industrial Production Managers,2.2455857142857143,2.3384285714285715,4.87,2.1772,3.115542857142857,2.7142857142857144,2.010628571428572,2.610557142857143,1.0664285714285715,2.8715714285714284
11-3051.01,Quality Control Systems Managers,3.608414285714286,3.608200000000001,5.0,2.763314285714286,3.4816000000000003,2.3392857142857144,3.055271428571429,3.4058,1.157142857142857,2.749485714285714
11-3051.02,Geothermal Production Managers,2.7591428571428573,2.5542857142857143,5.0,2.4348714285714284,3.305071428571429,2.2928571428571427,2.156,3.0732285714285714,1.157142857142857,2.8816
11-3051.03,Biofuels Production Managers,2.7568571428571427,2.4,5.0,2.1308285714285717,3.0314714285714284,2.1357142857142857,2.3659428571428576,2.9670000000000005,1.2592,2.529357142857143
11-3051.04,Biomass Power Plant Managers,2.935,2.6918285714285712,4.92,2.2376,3.212142857142857,2.4522285714285714,1.7275,3.5240857142857145,1.077942857142857,2.935514285714285
11-3051.06,Hydroelectric Production Managers,2.635428571428572,3.0835,5.0,2.3104,2.983428571428572,2.4285714285714284,2.492114285714286,2.737942857142857,1.2208,2.353142857142857
11-3061.00,Purchasing Managers,2.8822857142857146,2.6671428571428573,5.0,2.088028571428572,3.340257142857143,2.524285714285714,2.1601857142857144,2.9040714285714286,1.157142857142857,2.5453857142857146
11-3071.00,"Transportation, Storage, and Distribution Managers",2.6853571428571428,2.3244285714285717,4.93,2.154685714285714,3.246957142857142,2.327857142857143,2.1533714285714285,2.7309142857142854,1.12,2.590357142857143
11-3071.04,Supply Chain Managers,3.24,2.2954,5.0,2.353857142857143,3.023857142857143,2.5428571428571427,2.4971428571428573,2.568257142857143,1.077942857142857,2.764642857142857
11-3111.00,Compensation and Benefits Managers,2.9680714285714287,2.585642857142857,5.0,1.3294857142857144,3.5355571428571437,1.9449142857142856,2.494371428571428,2.9080285714285714,1.0942857142857143,2.8124714285714285
11-3121.00,Human Resources Managers,2.9722857142857144,2.820571428571429,5.0,1.767,3.3123142857142853,2.265085714285714,2.721057142857143,3.104285714285714,1.197142857142857,2.615
11-3131.00,Training and Development Managers,2.857857142857143,2.8283428571428573,4.93,2.258,3.5917,2.524285714285714,3.099314285714285,3.0828571428571427,1.0535714285714286,3.1412
11-9013.00,"Farmers, Ranchers, and Other Agricultural Managers",2.5698571428571437,2.294057142857143,3.39,2.228857142857142,2.7918000000000003,2.4522285714285714,2.008057142857143,2.418457142857143,1.157142857142857,1.8569
11-9021.00,Construction Managers,2.5910714285714285,2.815714285714285,4.9,2.3504285714285715,3.0250000000000004,2.821428571428571,2.196428571428572,2.95,1.0442857142857145,2.2342857142857144
11-9031.00,"Education and Childcare Administrators, Preschool and Daycare",1.6519999999999997,2.3916,4.83,1.8191285714285712,2.6477857142857144,2.422142857142857,1.9006857142857143,1.9524428571428567,1.0442857142857145,2.2262571428571425
11-9032.00,"Education Administrators, Kindergarten through Secondary",3.1772714285714287,2.7794857142857143,4.99,2.1,3.439328571428572,2.7142857142857144,2.3834285714285715,2.979571428571428,1.0664285714285715,2.537714285714286
11-9033.00,"Education Administrators, Postsecondary",3.121928571428571,2.2084,4.93,2.046742857142857,3.368157142857142,2.524285714285714,2.824985714285714,2.9652,1.0271428571428571,2.259428571428572
11-9041.00,Architectural and Engineering Managers,2.7434571428571424,2.638257142857143,5.0,2.779171428571429,3.829471428571429,2.524285714285714,2.6214285714285714,3.318,1.1408,3.109714285714286
11-9041.01,Biofuels/Biodiesel Technology and Product Development Managers,3.8864,2.9522,4.93,2.879585714285714,3.5875857142857144,2.596342857142857,3.183285714285714,3.784057142857143,1.197142857142857,3.1847714285714286
11-9051.00,Food Service Managers,1.8865571428571428,1.6949285714285716,4.07,2.056,2.9492571428571432,1.8571428571428568,1.7229857142857143,2.0248,1.0357142857142856,1.7845428571428572
11-9071.00,Gambling Managers,2.4246857142857143,2.2674714285714286,4.46,1.7633714285714286,3.014257142857143,2.2928571428571427,1.8088428571428572,2.5067142857142857,1.0942857142857143,2.350714285714285
11-9072.00,"Entertainment and Recreation Managers, Except Gambling",1.990514285714286,2.060771428571429,5.0,1.932,3.4624,2.086428571428572,2.825228571428571,1.9758,1.0178571428571428,2.4743714285714287
11-9081.00,Lodging Managers,2.310857142857143,2.1662,4.92,1.3437714285714284,3.089828571428572,2.225714285714286,1.8309571428571427,2.3568,1.077942857142857,2.924628571428572
11-9111.00,Medical and Health Services Managers,3.4528000000000008,2.9560285714285714,5.0,2.022142857142857,3.520514285714286,2.4035714285714285,2.622528571428572,3.5004,1.197142857142857,3.125828571428571
11-9121.00,Natural Sciences Managers,3.5578857142857143,3.3870000000000005,5.0,2.403657142857143,3.280771428571428,2.7142857142857144,3.1436,3.518857142857143,1.2036571428571428,2.546242857142857
11-9121.01,Clinical Research Coordinators,2.498,3.279371428571429,4.9,1.7517999999999998,3.3245714285714283,2.645714285714285,1.8056,2.668685714285714,1.077942857142857,2.8548142857142853
11-9121.02,Water Resource Specialists,3.971857142857143,2.8692571428571427,4.91,2.6575,3.824071428571429,2.571428571428571,2.998357142857143,3.457428571428571,1.1885714285714286,3.2236
11-9131.00,Postmasters and Mail Superintendents,2.346442857142857,2.477557142857143,4.88,1.9696,3.2339857142857142,2.1677714285714287,2.3366285714285717,2.619485714285714,1.0942857142857143,2.7202
11-9141.00,"Property, Real Estate, and Community Association Managers",2.375,2.0495714285714284,4.95,1.601142857142857,3.2342857142857144,1.9449142857142856,1.9102857142857144,2.533214285714285,1.0357142857142856,2.531428571428572
11-9151.00,Social and Community Service Managers,2.2470857142857144,2.756742857142857,5.0,1.3338571428571426,3.2968,2.25,2.2721714285714283,2.4859142857142857,1.0942857142857143,2.7303571428571427
11-9161.00,Emergency Management Directors,2.760928571428572,3.1476571428571427,4.91,2.265657142857143,3.419928571428572,2.645714285714285,2.671057142857143,2.878685714285714,1.0357142857142856,2.981285714285714
11-9171.00,Funeral Home Managers,1.9774285714285715,2.945071428571428,4.86,1.6331285714285713,3.153114285714285,2.0608,2.6728,3.3334857142857146,1.0442857142857145,3.0680000000000005
11-9179.01,Fitness and Wellness Coordinators,1.9337142857142855,2.056,5.0,1.5709,2.7832857142857144,2.354914285714286,1.6178285714285714,1.8009142857142857,1.0206285714285714,2.207642857142857
11-9179.02,Spa Managers,2.529571428571429,1.8658428571428571,4.11,2.1311714285714287,3.3725000000000005,2.1492,1.8926285714285715,2.5846,1.0535714285714286,2.6279285714285714
11-9199.01,Regulatory Affairs Managers,3.367128571428572,3.253428571428572,5.0,1.9571428571428573,3.951771428571428,2.4035714285714285,3.712657142857143,3.594028571428572,1.1106285714285715,2.622357142857143
11-9199.02,Compliance Managers,3.128,3.3869714285714285,5.0,2.0329,3.513828571428571,2.3392857142857144,2.8791,3.3095714285714286,1.0942857142857143,3.049957142857143
11-9199.08,Loss Prevention Managers,2.8585000000000003,2.951714285714285,5.0,1.5624,3.4412,1.9449142857142856,2.0815,2.7766,1.0664285714285715,2.654857142857143
11-9199.09,Wind Energy Operations Managers,2.7561714285714283,2.724457142857143,4.02,2.4997142857142856,3.1037714285714286,2.5428571428571427,2.2689285714285714,2.6644,1.157142857142857,2.7447142857142857
11-9199.10,Wind Energy Development Managers,2.9572,2.338857142857143,4.85,2.718628571428572,3.2862,2.2071428571428573,2.327242857142857,2.7024,1.1339285714285714,2.2599
11-9199.11,Brownfield Redevelopment Specialists and Site Managers,3.2936714285714284,2.706785714285714,4.91,2.3616,3.6728,2.645714285714285,2.791428571428572,3.0828571428571427,1.0664285714285715,2.390571428571429
13-1011.00,"Agents and Business Managers of Artists, Performers, and Athletes",1.6450285714285715,1.6966857142857144,5.0,1.2925714285714285,3.1862285714285714,1.9642857142857144,1.8559,1.4522,1.0357142857142856,2.392428571428572
13-1021.00,"Buyers and Purchasing Agents, Farm Products",2.647914285714286,2.1729,4.95,2.063028571428571,3.117714285714286,1.9449142857142856,1.8003999999999998,2.650114285714285,1.0535714285714286,2.126028571428572
13-1022.00,"Wholesale and Retail Buyers, Except Farm Products",2.1667428571428573,1.9408285714285716,5.0,1.8407571428571428,2.7158,1.9842857142857144,1.4767,2.6018285714285714,1.0942857142857143,2.535885714285714
13-1023.00,"Purchasing Agents, Except Wholesale, Retail, and Farm Products",3.1638571428571427,2.910428571428572,5.0,2.1839285714285714,3.787285714285714,2.4971428571428573,2.525714285714286,3.1306428571428566,1.0442857142857145,2.873428571428572
13-1031.00,"Claims Adjusters, Examiners, and Investigators",2.971514285714285,3.0660285714285718,5.0,2.085114285714286,3.3292571428571422,2.25,2.209514285714285,2.976,1.24,2.908342857142857
13-1032.00,"Insurance Appraisers, Auto Damage",2.658042857142857,2.9712,5.0,2.4127,3.240228571428572,1.9449142857142856,1.826514285714285,2.7807142857142857,1.0178571428571428,2.9136
13-1041.00,Compliance Officers,2.782,2.9425428571428576,3.96,1.6687714285714286,3.5688,2.327857142857143,2.1240428571428573,3.3832857142857145,1.0664285714285715,2.630885714285714
13-1041.01,Environmental Compliance Inspectors,2.5517857142857143,2.8571428571428568,4.95,1.842857142857143,3.282142857142857,2.571428571428571,2.2871428571428574,3.0814285714285714,1.0992,2.563428571428572
13-1041.03,Equal Opportunity Representatives and Officers,3.5316428571428573,3.0475000000000003,4.93,1.4755857142857145,3.549828571428572,2.4732142857142856,3.114442857142857,3.263857142857143,1.1885714285714286,2.68
13-1041.04,Government Property Inspectors and Investigators,2.2243000000000004,2.7922571428571428,4.6,2.4112,2.924157142857143,2.7142857142857144,2.3690285714285717,2.570542857142857,1.1339285714285714,2.9419714285714287
13-1041.06,Coroners,3.0814285714285714,3.442857142857143,5.0,2.045957142857143,3.8325,2.645714285714285,2.7325000000000004,3.5182857142857142,1.0357142857142856,2.717857142857143
13-1041.07,Regulatory Affairs Specialists,3.1567857142857143,2.6831428571428573,4.95,1.822857142857143,3.828571428571428,2.4522285714285714,3.1552857142857142,2.6055,1.1734857142857142,2.564642857142857
13-1041.08,Customs Brokers,2.7121142857142857,2.761428571428572,5.0,1.7101,3.597142857142857,2.2071428571428573,2.310714285714285,3.2196571428571428,1.1734857142857142,3.191057142857143
13-1051.00,Cost Estimators,3.9427,2.585642857142857,5.0,3.396228571428572,3.6936,2.4971428571428573,2.5968571428571425,3.366057142857143,1.062857142857143,3.2236
13-1071.00,Human Resources Specialists,2.122,2.670685714285714,5.0,1.3990714285714283,2.671914285714285,2.125,1.8312857142857144,2.511542857142857,1.0549142857142857,2.769928571428572
13-1074.00,Farm Labor Contractors,1.477085714285714,1.4950714285714286,3.09,1.4333999999999998,1.5721857142857143,1.7385714285714284,1.1323714285714286,1.7122857142857142,1.0271428571428571,1.5302
13-1075.00,Labor Relations Specialists,2.589728571428571,2.122,4.95,1.3409285714285717,3.4150000000000005,2.1492,2.5158571428571426,2.881,1.0089285714285714,2.1484
13-1081.00,Logisticians,2.9039714285714284,2.662171428571429,4.92,2.086428571428572,3.2936,2.662857142857143,2.313542857142857,3.052857142857143,1.22,2.7625
13-1081.01,Logistics Engineers,3.367128571428572,2.325028571428572,4.83,2.5425142857142857,3.4000000000000004,2.7142857142857144,2.777285714285714,3.210514285714285,1.6875,3.187428571428571
13-1081.02,Logistics Analysts,3.508642857142857,2.497328571428572,5.0,1.8539142857142856,3.3618,2.571428571428571,2.812857142857143,3.4197999999999995,1.25,3.1198571428571427
13-1111.00,Management Analysts,3.7297142857142864,3.034785714285714,5.0,2.422,3.896571428571429,2.4522285714285714,3.2742571428571425,3.3805000000000005,1.157142857142857,2.9693000000000005
13-1121.00,"Meeting, Convention, and Event Planners",2.3110857142857144,2.326857142857143,4.88,2.031228571428572,3.2152,2.25,2.4422571428571427,2.8361,1.0206285714285714,2.8277
13-1131.00,Fundraisers,3.0814285714285714,2.5485714285714285,5.0,1.8257142857142856,3.485714285714286,2.205357142857143,2.5042857142857144,2.7344,1.0357142857142856,2.7914000000000003
13-1141.00,"Compensation, Benefits, and Job Analysis Specialists",3.3908857142857145,2.5158571428571426,4.95,1.5797714285714286,3.1800571428571427,2.2308,2.4059285714285714,3.135,1.0885714285714283,2.6269
13-1151.00,Training and Development Specialists,2.743428571428572,2.4171,5.0,1.7831,3.3891142857142857,2.0028571428571427,3.0288,2.6243142857142856,1.0535714285714286,2.698057142857143
13-1161.00,Market Research Analysts and Marketing Specialists,4.3588000000000005,2.7466,5.0,2.331714285714286,3.950142857142857,2.596342857142857,3.849,4.0732,1.32,3.2175714285714285
13-1161.01,Search Marketing Strategists,3.5393571428571438,2.1455714285714285,4.91,2.0234571428571426,3.6149714285714287,2.375,2.845714285714286,3.440971428571429,1.5300000000000002,3.095557142857143
13-1199.04,Business Continuity Planners,3.0827142857142857,3.212371428571428,4.96,2.0045,3.585,2.7142857142857144,2.888,3.024528571428572,1.1785714285714286,3.15
13-1199.05,Sustainability Specialists,3.370485714285714,2.5867,5.0,2.2272,3.606714285714285,2.1142857142857143,2.442571428571429,3.1888,1.0442857142857145,2.5771428571428574
13-1199.06,Online Merchants,2.395428571428572,2.4692857142857143,5.0,1.9486,3.100842857142857,1.9842857142857144,1.760057142857143,3.0051142857142854,1.345,3.399914285714286
13-1199.07,Security Management Specialists,3.091428571428571,2.821428571428571,4.95,2.2021428571428574,3.434285714285714,2.645714285714285,2.5535714285714284,3.1,1.289285714285714,2.862142857142857
13-2011.00,Accountants and Auditors,3.329614285714286,3.1114857142857137,4.98,1.862228571428572,3.4467142857142856,2.4522285714285714,2.620342857142857,3.4152857142857145,1.25,3.153785714285714
13-2022.00,Appraisers of Personal and Business Property,3.6071428571428577,3.0979428571428573,4.73,2.708342857142857,3.713828571428572,2.354914285714286,2.4633142857142856,3.5785714285714287,1.0992,2.704685714285714
13-2023.00,Appraisers and Assessors of Real Estate,3.3563428571428573,2.9175,5.0,1.872228571428572,3.5650285714285714,1.9842857142857144,2.6242857142857146,3.416628571428572,1.0885714285714283,2.8002285714285717
13-2031.00,Budget Analysts,3.0511,2.599342857142857,5.0,1.6386714285714286,3.3744714285714283,2.4732142857142856,1.9275714285714287,3.378514285714286,1.0942857142857143,2.894114285714286
13-2041.00,Credit Analysts,3.92,2.228857142857142,5.0,1.5142857142857142,3.5315714285714286,2.354914285714286,2.48,3.5257142857142862,1.0885714285714283,2.5525
13-2052.00,Personal Financial Advisors,3.965028571428571,2.8717714285714284,4.85,2.0162285714285715,3.919057142857143,2.105,3.076428571428572,3.6988,1.0549142857142857,3.0065142857142857
13-2053.00,Insurance Underwriters,3.3372999999999995,2.5362857142857145,5.0,1.575842857142857,3.584,2.023657142857143,2.1445,3.101571428571429,1.0535714285714286,2.3981000000000003
13-2061.00,Financial Examiners,3.755657142857143,2.9456,4.96,1.4979142857142858,3.801428571428572,2.524285714285714,2.6309714285714287,3.169257142857143,1.0885714285714283,2.4037428571428574
13-2071.00,Credit Counselors,2.4854857142857143,2.956514285714285,4.84,1.1659428571428572,3.298742857142857,2.0028571428571427,1.848,2.651885714285714,1.0535714285714286,2.4334857142857143
13-2072.00,Loan Officers,3.188857142857143,2.6182,5.0,1.685,3.305,1.9449142857142856,2.4079428571428574,3.183542857142857,1.077942857142857,2.5135428571428573
13-2081.00,"Tax Examiners and Collectors, and Revenue Agents",2.484342857142857,2.5385714285714283,4.9,1.9724,3.3664,2.607142857142857,2.3750714285714287,3.3240000000000003,1.0664285714285715,2.7449714285714286
13-2082.00,Tax Preparers,2.985842857142857,3.0736000000000003,4.43,1.6945714285714286,3.8152,2.0028571428571427,2.702057142857143,3.4485142857142863,1.0357142857142856,3.044714285714286
13-2099.01,Financial Quantitative Analysts,4.137142857142857,2.225714285714286,4.95,2.626428571428572,3.735357142857143,2.524285714285714,3.2657142857142856,4.075,1.6063428571428573,3.6811428571428566
13-2099.04,"Fraud Examiners, Investigators and Analysts",3.811771428571429,3.0617142857142863,4.76,2.1136,3.7984,2.2928571428571427,2.668571428571428,3.5152,1.1071428571428572,2.829485714285714
15-1211.00,Computer Systems Analysts,2.8630000000000004,2.258,5.0,2.049714285714286,2.887314285714285,2.7142857142857144,2.4257,3.4353,2.2857142857142856,4.394285714285715
15-1211.01,Health Informatics Specialists,3.8188,3.0948285714285717,5.0,2.1395,3.647642857142857,2.571428571428571,3.45,3.689200000000001,1.837942857142857,3.4064
15-1212.00,Information Security Analysts,3.1296,2.9392000000000005,4.96,1.9560857142857144,3.35,2.596342857142857,2.593114285714286,3.299842857142857,1.5207142857142857,3.780285714285714
15-1221.00,Computer and Information Research Scientists,4.066685714285714,3.445657142857143,5.0,3.148571428571429,3.777057142857143,2.6696428571428568,3.447828571428571,3.983257142857143,2.684285714285714,4.402857142857143
15-1231.00,Computer Network Support Specialists,2.4716,2.070142857142857,4.92,1.5288857142857144,2.991428571428571,2.3392857142857144,1.9226285714285711,2.5823285714285715,1.3125,4.176928571428571
15-1232.00,Computer User Support Specialists,2.406157142857143,2.667014285714286,5.0,1.7494428571428569,3.4445714285714284,2.354914285714286,2.560771428571429,2.9867285714285714,1.3571428571428572,4.0078000000000005
15-1241.00,Computer Network Architects,2.8642857142857143,2.843571428571429,5.0,1.9,3.404285714285715,2.765714285714286,2.25,2.995,2.4893714285714283,4.107142857142857
15-1241.01,Telecommunications Engineering Specialists,2.898571428571429,2.407314285714285,5.0,2.3617,3.3310000000000004,2.275,2.5485714285714285,3.176,1.394285714285714,3.321657142857143
15-1242.00,Database Administrators,3.224285714285714,2.640571428571429,4.92,2.0782857142857143,3.0904000000000003,2.6950857142857143,2.5419857142857145,3.139942857142857,2.3192,4.2555000000000005
15-1243.00,Database Architects,3.921857142857143,3.0837142857142856,4.95,2.7192857142857143,3.481885714285714,2.6185714285714288,2.548,3.8054,2.4008000000000003,4.169142857142857
15-1243.01,Data Warehousing Specialists,4.042857142857143,2.005714285714286,5.0,1.8431285714285717,3.4696,2.645714285714285,2.7371857142857143,3.833714285714286,2.4732142857142856,4.298114285714285
15-1244.00,Network and Computer Systems Administrators,2.4281999999999995,2.407314285714285,4.89,1.629,2.974457142857143,2.645714285714285,2.4127428571428573,2.872,2.4522285714285714,4.3582
15-1251.00,Computer Programmers,3.876342857142857,2.6235142857142857,5.0,2.703314285714286,3.221328571428571,2.571428571428571,2.5490285714285714,3.9079,3.6142857142857134,4.38007142857143
15-1252.00,Software Developers,3.1805714285714286,2.5012,4.5,1.6083571428571428,2.7718857142857143,2.4522285714285714,2.3273714285714284,3.4432571428571426,2.765714285714286,3.537314285714286
15-1253.00,Software Quality Assurance Analysts and Testers,3.3285714285714283,2.967142857142857,5.0,1.8480571428571428,3.528928571428572,2.571428571428571,2.2064,3.5012,2.4035714285714285,3.848057142857143
15-1254.00,Web Developers,2.5421428571428573,2.2721714285714283,4.79,2.125057142857143,3.1625714285714284,2.3392857142857144,2.178314285714285,3.311728571428571,2.894285714285714,3.6550285714285713
15-1255.01,Video Game Designers,2.8857142857142857,2.4114285714285715,5.0,2.035,3.047857142857143,2.596342857142857,2.157142857142857,3.0397142857142856,2.662857142857143,3.3649999999999998
15-1299.01,Web Administrators,2.8642857142857143,2.3145,4.95,1.6214285714285717,3.3328571428571427,2.275,2.7648571428571422,3.128214285714286,1.872228571428572,4.008571428571429
15-1299.02,Geographic Information Systems Technologists and Technicians,3.9241000000000006,2.8202857142857143,4.92,2.665714285714286,3.485714285714286,2.354914285714286,2.8648,3.845,1.837942857142857,3.795914285714286
15-1299.03,Document Management Specialists,2.689642857142857,2.8803571428571426,5.0,1.948214285714286,3.1214285714285714,2.524285714285714,2.1839285714285714,2.9800000000000004,1.4028571428571428,2.8257142857142856
15-1299.05,Information Security Engineers,3.4312142857142858,3.2074857142857143,5.0,1.6297428571428572,3.395,2.524285714285714,2.845471428571429,3.234571428571429,2.023657142857143,4.362071428571428
15-1299.08,Computer Systems Engineers/Architects,2.7527714285714286,2.8932857142857147,4.82,1.9195714285714285,3.1677857142857144,2.645714285714285,2.4151,3.034785714285714,2.517857142857143,4.033371428571428
15-1299.09,Information Technology Project Managers,3.234571428571429,3.2557857142857145,4.95,3.034785714285714,3.621428571428571,2.596342857142857,3.288185714285714,3.3908857142857145,1.289285714285714,3.609828571428571
15-2011.00,Actuaries,4.470557142857143,2.17,5.0,2.4443714285714284,3.816828571428572,2.645714285714285,3.2018285714285715,4.2171,1.4,3.386742857142857
15-2021.00,Mathematicians,4.194999999999999,2.309285714285714,4.55,2.333928571428572,3.5650000000000004,3.0077714285714285,3.3599999999999994,3.875714285714285,1.5892857142857142,3.2750000000000004
15-2031.00,Operations Research Analysts,4.245328571428572,2.4059285714285714,4.81,2.932,4.012857142857142,2.6950857142857143,3.5133142857142863,3.982857142857144,1.6364285714285711,3.5218142857142856
15-2041.00,Statisticians,4.786357142857144,3.3205714285714283,5.0,3.0507142857142857,3.715,2.571428571428571,4.097428571428572,4.438071428571428,1.8914285714285717,3.877857142857143
15-2041.01,Biostatisticians,4.103771428571428,2.4000000000000004,4.71,1.706714285714286,2.880457142857143,2.748571428571428,3.2877142857142854,3.382028571428571,2.36,3.3568571428571428
15-2051.01,Business Intelligence Analysts,4.245100000000001,2.4107142857142856,4.95,2.238771428571429,3.705,2.4971428571428573,3.7182857142857135,3.9796,1.5357142857142858,3.554971428571428
15-2051.02,Clinical Data Managers,3.185714285714285,3.538214285714286,5.0,1.945,3.45,2.782857142857143,2.4107142857142856,3.849214285714286,2.1635714285714283,3.2464285714285714
15-2099.01,Bioinformatics Technicians,4.373257142857144,2.912114285714285,4.87,2.3405714285714287,4.042714285714286,2.354914285714286,3.3190857142857144,4.5129142857142845,1.9085714285714288,3.9325
17-1011.00,"Architects, Except Landscape and Naval",2.681985714285714,2.9693000000000005,4.95,2.0435857142857143,3.346685714285714,2.7142857142857144,2.477142857142857,2.7072571428571424,1.157142857142857,3.3959857142857146
17-1012.00,Landscape Architects,2.329642857142857,2.021428571428572,5.0,2.296214285714286,3.375,2.3392857142857144,1.7464285714285712,2.2696428571428573,1.0357142857142856,2.55
17-1021.00,Cartographers and Photogrammetrists,2.8436000000000003,2.682142857142857,4.87,2.481342857142857,3.580685714285714,2.125,2.2155571428571426,3.3489142857142853,1.1408,3.0874857142857146
17-1022.00,Surveyors,3.5500000000000003,3.5428571428571427,5.0,2.0685714285714285,3.345,2.4971428571428573,2.5814285714285714,3.687142857142857,1.0407142857142857,3.148257142857143
17-1022.01,Geodetic Surveyors,3.764114285714286,3.357142857142857,4.93,2.4821714285714287,3.520514285714286,2.7142857142857144,2.729285714285714,4.032771428571428,1.4928571428571429,3.2661571428571428
17-2011.00,Aerospace Engineers,3.945028571428572,3.4236000000000004,5.0,2.035,3.532314285714285,2.7142857142857144,3.165771428571428,4.211285714285713,1.28,3.9488
17-2021.00,Agricultural Engineers,4.068214285714285,3.4236000000000004,5.0,3.25,3.5875000000000004,2.6696428571428568,3.0082857142857145,3.775714285714285,1.268571428571429,3.801428571428572
17-2031.00,Bioengineers and Biomedical Engineers,4.073657142857144,3.104285714285714,4.87,2.3788,3.590928571428571,2.6950857142857143,2.9499714285714287,3.890571428571429,2.023657142857143,3.759142857142857
17-2041.00,Chemical Engineers,3.5248,2.8282857142857143,5.0,2.5225,3.484385714285714,2.877142857142857,2.950942857142857,3.490714285714285,1.4910714285714284,3.056685714285714
17-2051.00,Civil Engineers,2.951285714285714,2.5066428571428574,5.0,2.5383285714285715,3.3562000000000003,2.645714285714285,2.230057142857143,3.222142857142857,1.2363428571428572,2.833428571428571
17-2051.01,Transportation Engineers,3.265285714285714,2.8849,5.0,2.597514285714285,3.201014285714286,2.748571428571428,2.5968571428571425,3.2292142857142854,1.2665142857142857,3.0404285714285715
17-2051.02,Water/Wastewater Engineers,3.4608571428571424,2.669914285714285,4.96,2.4685714285714284,3.415,2.7142857142857144,2.5640285714285715,3.161928571428572,1.4,2.885242857142857
17-2061.00,Computer Hardware Engineers,3.804357142857144,3.1511285714285715,4.9,3.224885714285714,3.703642857142857,2.765714285714286,2.8480000000000003,3.704742857142857,1.5892857142857142,4.269971428571428
17-2071.00,Electrical Engineers,3.542171428571429,3.462828571428572,4.87,2.351714285714285,3.5990857142857147,2.748571428571428,2.680857142857143,3.113785714285714,1.2208,4.3096
17-2072.00,"Electronics Engineers, Except Computer",3.5419428571428577,2.977485714285714,4.59,2.124328571428572,2.9352857142857145,2.765714285714286,2.680542857142857,3.300342857142857,1.7200000000000002,3.3869714285714285
17-2072.01,Radio Frequency Identification Device Specialists,2.6424571428571437,2.628114285714286,5.0,2.1417,2.8392,2.4732142857142856,2.314,3.1033,1.5614285714285714,4.098714285714285
17-2081.00,Environmental Engineers,3.337428571428572,2.7150428571428566,4.95,2.7088,3.390142857142857,2.542057142857143,3.013428571428572,3.3178571428571426,1.077942857142857,3.346685714285714
17-2111.00,"Health and Safety Engineers, Except Mining Safety Engineers and Inspectors",2.928228571428571,2.9888,4.89,2.3695000000000004,3.5328142857142857,2.19,2.9178,3.1042,1.1734857142857142,2.4596
17-2111.02,Fire-Prevention and Protection Engineers,3.0077714285714285,2.7462142857142853,4.96,2.749057142857142,3.541214285714285,2.645714285714285,2.884342857142857,3.314285714285714,1.077942857142857,2.8775428571428576
17-2112.00,Industrial Engineers,2.8831857142857142,2.349828571428572,4.93,2.3624,2.912242857142857,2.4971428571428573,2.1774571428571425,3.1441142857142856,1.1408,3.134285714285715
17-2112.01,Human Factors Engineers and Ergonomists,3.269928571428572,2.7337857142857143,4.95,2.6089285714285717,3.738571428571428,2.748571428571428,2.8702428571428573,3.309285714285714,1.4249999999999998,2.7655000000000003
17-2112.02,Validation Engineers,3.5992,3.319714285714286,4.89,2.71,3.6117857142857135,2.571428571428571,3.1035714285714286,3.8285714285714287,1.1257142857142857,2.8977142857142857
17-2112.03,Manufacturing Engineers,3.1002571428571426,2.864285714285714,5.0,2.412071428571428,3.225357142857143,2.6950857142857143,2.367971428571429,3.365157142857143,1.3142857142857145,3.0992
17-2121.00,Marine Engineers and Naval Architects,3.1114,2.894285714285714,4.74,2.2059,3.3782,2.98,2.4290714285714285,3.090157142857143,1.289285714285714,2.6885714285714286
17-2131.00,Materials Engineers,3.8175,3.200357142857143,5.0,2.9202857142857144,3.5108571428571427,2.524285714285714,2.991142857142857,3.275714285714286,1.22,2.9264285714285707
17-2141.00,Mechanical Engineers,2.575357142857143,2.617,5.0,2.195157142857143,3.2374,2.748571428571428,2.6154,2.5322285714285715,1.4435714285714285,3.162914285714286
17-2141.01,Fuel Cell Engineers,3.7072,2.862628571428571,4.95,2.7451,3.041,2.571428571428571,3.092142857142857,3.475571428571428,1.51,2.692857142857143
17-2141.02,Automotive Engineers,3.6607,3.17,5.0,2.622128571428572,3.5431,2.7678571428571432,2.9308714285714283,3.6973,1.7200000000000002,3.6765
17-2151.00,"Mining and Geological Engineers, Including Mining Safety Engineers",3.4534,2.971,4.93,2.5638571428571426,3.3605714285714288,2.765714285714286,3.0747142857142857,3.5787142857142853,1.6942857142857144,3.271428571428572
17-2161.00,Nuclear Engineers,3.7783,3.0560714285714288,4.9,2.6956857142857142,3.5301714285714283,2.765714285714286,3.3485714285714288,3.832142857142857,1.1408,3.095
17-2171.00,Petroleum Engineers,3.7208,2.7641142857142857,4.98,2.7055285714285717,3.4820000000000007,2.571428571428571,2.792742857142857,3.5005714285714284,1.1408,3.1168
17-2199.03,"Energy Engineers, Except Wind and Solar",3.700857142857143,2.685714285714286,4.91,2.4352,3.378571428571429,2.7142857142857144,2.8822857142857146,3.2487142857142857,1.1785714285714286,3.07
17-2199.05,Mechatronics Engineers,2.338942857142857,3.021057142857143,4.9,2.136457142857143,3.1099428571428573,2.6185714285714288,2.068771428571429,2.568257142857143,1.51,3.649942857142857
17-2199.06,Microsystems Engineers,2.885714285714286,2.7712000000000003,4.76,2.3923428571428573,3.486857142857143,2.542057142857143,2.2965857142857145,3.192428571428572,1.5785714285714287,3.242542857142857
17-2199.07,Photonics Engineers,3.703928571428571,3.1149714285714287,4.96,2.554814285714285,3.4119999999999995,2.877142857142857,2.6720714285714284,3.5541142857142853,1.4910714285714284,3.337928571428572
17-2199.08,Robotics Engineers,3.3167285714285715,3.077714285714286,4.9,2.3068,3.35,2.928571428571429,2.570071428571429,3.414571428571428,2.1750857142857143,3.730557142857143
17-2199.09,Nanosystems Engineers,4.102857142857143,3.128214285714286,5.0,2.856,3.3310000000000004,2.748571428571428,3.066057142857143,3.5920000000000005,1.5142857142857142,2.9611428571428573
17-2199.10,Wind Energy Engineers,2.940714285714286,2.762928571428572,4.92,2.4701714285714287,3.038214285714285,2.1357142857142857,2.8915,3.0228571428571427,1.3008,3.144057142857143
17-2199.11,Solar Energy Systems Engineers,2.841057142857143,2.2357142857142858,4.89,2.1990857142857143,3.3266285714285715,2.542057142857143,2.109642857142857,2.7218285714285715,1.3571428571428572,2.6026285714285717
17-3011.00,Architectural and Civil Drafters,2.4136,2.3273714285714284,4.93,2.1253,2.9968000000000004,2.19,1.8171428571428567,2.6982285714285714,1.345,3.3158571428571424
17-3012.00,Electrical and Electronics Drafters,2.093585714285714,2.465457142857143,4.89,2.0648,2.8561428571428573,2.2308,2.0321714285714285,2.6461,1.2592,3.4171428571428573
17-3013.00,Mechanical Drafters,2.1998571428571427,2.4098,4.93,1.9538285714285717,2.661142857142857,2.071428571428571,1.916457142857143,2.3082857142857143,1.4017857142857142,3.4073714285714285
17-3021.00,Aerospace Engineering and Operations Technologists and Technicians,2.675142857142857,3.4941714285714287,4.67,2.725742857142857,3.4596,2.596342857142857,2.0842285714285715,3.046814285714285,1.2592,2.8126
17-3022.00,Civil Engineering Technologists and Technicians,2.509857142857143,2.3870000000000005,4.79,2.4502571428571427,2.7946857142857144,2.3192,2.2052,3.2675714285714283,1.1257142857142857,2.675714285714286
17-3023.00,Electrical and Electronic Engineering Technologists and Technicians,2.6514285714285712,2.8665571428571432,4.83,2.1450285714285715,2.740828571428572,2.3392857142857144,2.168742857142857,2.888014285714286,1.157142857142857,3.208342857142857
17-3024.00,Electro-Mechanical and Mechatronics Technologists and Technicians,2.463,3.001257142857143,4.14,1.7082857142857144,2.4259142857142857,2.524285714285714,1.918,2.6674857142857142,1.5614285714285714,3.0821
17-3024.01,Robotics Technicians,2.4557714285714285,2.792714285714286,4.95,2.031228571428572,2.673171428571428,2.645714285714285,2.208057142857143,2.487314285714286,1.7385714285714284,3.446328571428571
17-3025.00,Environmental Engineering Technologists and Technicians,2.3392,2.6545428571428573,4.75,1.6806,2.640528571428572,2.645714285714285,1.8323,2.492585714285714,1.32,2.1667857142857145
17-3026.00,Industrial Engineering Technologists and Technicians,2.225828571428571,2.290857142857143,4.93,2.076657142857143,2.3768857142857143,2.275,1.9512285714285715,2.411314285714286,1.2036571428571428,2.5133142857142854
17-3026.01,Nanotechnology Engineering Technologists and Technicians,3.302457142857143,3.258714285714285,5.0,2.4095714285714287,3.1839142857142857,2.8020571428571426,2.8665714285714285,3.2074857142857143,1.3706285714285715,3.2945
17-3027.00,Mechanical Engineering Technologists and Technicians,2.651714285714285,3.016,4.54,2.284428571428572,2.9248000000000003,2.6950857142857143,2.6894285714285715,3.079485714285714,1.197142857142857,2.418057142857143
17-3027.01,Automotive Engineering Technicians,2.513114285714286,2.9596,4.96,1.8257142857142856,2.559085714285714,2.25,2.0604142857142858,2.6948857142857143,1.3008,3.0631428571428576
17-3029.01,Non-Destructive Testing Specialists,3.3486714285714285,3.365,4.64,2.849928571428572,3.3332571428571423,2.375,2.5530142857142857,3.3236,1.0442857142857145,2.771857142857143
17-3029.08,Photonics Technicians,2.4175,2.7528571428571427,4.68,1.8492857142857144,2.630885714285714,2.1492,1.9228571428571428,2.982957142857143,1.32,2.577142857142857
17-3031.00,Surveying and Mapping Technicians,2.6692,2.896,4.75,1.7170857142857143,2.623828571428571,2.125,1.9664,2.748571428571429,1.2232142857142858,2.8759428571428574
19-1011.00,Animal Scientists,4.022571428571428,2.898571428571429,5.0,2.6770714285714283,3.8959,2.645714285714285,3.491571428571428,3.828357142857143,1.16,3.0979428571428573
19-1012.00,Food Scientists and Technologists,2.9643571428571427,3.2567857142857144,4.91,2.318042857142857,3.348028571428572,2.765714285714286,2.661914285714285,3.200357142857143,1.0442857142857145,2.336028571428571
19-1013.00,Soil and Plant Scientists,3.674628571428572,3.125714285714286,4.76,2.947,3.134857142857143,2.765714285714286,3.200357142857143,3.5521000000000003,1.32,3.0944285714285718
19-1021.00,Biochemists and Biophysicists,4.667857142857143,3.9196428571428568,4.85,3.6399999999999992,4.250714285714286,2.821428571428571,3.85,4.409285714285715,1.4910714285714284,3.4641428571428574
19-1022.00,Microbiologists,3.418857142857143,3.036742857142857,5.0,2.4246857142857143,3.144185714285714,2.6950857142857143,2.744714285714286,3.4671428571428566,1.2363428571428572,2.7232
19-1023.00,Zoologists and Wildlife Biologists,2.9705142857142857,2.4422571428571427,4.92,2.389742857142857,3.276142857142857,2.524285714285714,2.498285714285714,3.127171428571429,1.1408,2.8087857142857144
19-1029.01,Bioinformatics Scientists,4.0483142857142855,2.6796571428571427,5.0,2.341057142857143,3.702857142857143,2.821428571428571,3.6340285714285714,4.076142857142857,1.28,4.048557142857144
19-1029.02,Molecular and Cellular Biologists,3.670171428571428,3.405,4.85,2.5542857142857143,3.77,2.8514285714285714,2.936,3.877828571428571,1.4,2.68
19-1029.03,Geneticists,3.9903999999999993,3.6389714285714287,4.96,2.4256,4.343999999999999,2.645714285714285,3.314285714285714,3.950971428571429,1.1408,2.699657142857143
19-1029.04,Biologists,3.5327428571428574,2.8045,4.97,3.7253428571428566,3.8864,2.7142857142857144,3.3099428571428566,4.2895,2.071428571428571,2.746785714285715
19-1031.00,Conservation Scientists,3.565,2.8167142857142853,4.96,2.293142857142857,3.2148,2.4732142857142856,2.6633142857142857,3.237142857142857,1.157142857142857,2.8914
19-1031.02,Range Managers,3.0904000000000003,2.515185714285714,5.0,2.368057142857143,2.9566857142857144,2.1492,2.2886714285714285,2.978714285714286,1.0442857142857145,2.0491571428571427
19-1031.03,Park Naturalists,2.113771428571429,2.656028571428571,4.89,1.7212857142857143,2.935,2.105,3.323,2.529528571428571,1.0357142857142856,2.7922857142857147
19-1032.00,Foresters,2.651885714285714,3.2311,4.79,2.393714285714286,2.8196571428571438,2.645714285714285,2.6245000000000003,2.866285714285714,1.0535714285714286,2.6477857142857144
19-1041.00,Epidemiologists,4.769428571428572,3.128128571428572,4.95,2.682514285714286,3.864342857142857,2.6185714285714288,4.094142857142858,4.155514285714286,1.0664285714285715,3.2349428571428573
19-1042.00,"Medical Scientists, Except Epidemiologists",3.704885714285714,3.0656714285714286,4.94,2.9695,3.5085571428571423,2.821428571428571,2.6043,3.6184857142857134,1.231428571428571,2.8803571428571426
19-2011.00,Astronomers,4.460885714285714,3.104285714285714,4.91,3.3185714285714285,4.260971428571429,2.748571428571428,3.192228571428571,4.285,1.3571428571428572,3.7705142857142855
19-2012.00,Physicists,4.133557142857143,3.43,4.92,3.0465142857142857,3.829042857142858,3.142857142857143,3.351085714285714,3.891185714285714,2.3192,3.6724
19-2021.00,Atmospheric and Space Scientists,4.294642857142858,2.5575,4.9,2.145428571428571,3.828571428571428,2.571428571428571,3.4075,3.6464285714285714,1.25,3.788357142857143
19-2031.00,Chemists,3.1692,3.397214285714285,4.92,2.3165714285714287,2.992857142857143,2.748571428571428,2.6796571428571427,2.999542857142857,1.3008,2.5872571428571427
19-2032.00,Materials Scientists,3.621914285714286,3.0522142857142853,4.86,2.639214285714285,3.646057142857143,2.645714285714285,3.1492857142857145,3.757114285714286,1.1257142857142857,2.845642857142857
19-2041.00,"Environmental Scientists and Specialists, Including Health",3.723128571428571,2.981942857142857,4.88,2.406157142857143,3.802228571428571,2.645714285714285,2.905042857142857,3.4392571428571426,1.34,3.047114285714286
19-2041.01,Climate Change Policy Analysts,3.8427571428571423,2.103657142857143,4.83,2.2276,4.136257142857144,2.3392857142857144,3.2494,3.284342857142857,1.157142857142857,2.6192
19-2041.02,Environmental Restoration Planners,3.401614285714285,2.774285714285714,4.91,2.4134,3.672642857142856,2.6185714285714288,3.145342857142857,3.1736,1.335714285714286,2.680642857142857
19-2041.03,Industrial Ecologists,4.149428571428572,2.879928571428572,4.87,3.4550714285714283,4.055142857142857,2.524285714285714,3.145342857142857,3.7798,1.2857142857142856,3.337928571428572
19-2042.00,"Geoscientists, Except Hydrologists and Geographers",4.122742857142858,3.017114285714286,4.84,2.471557142857143,3.930914285714286,2.6950857142857143,3.233542857142857,3.679714285714286,1.231428571428571,3.0148571428571427
19-2043.00,Hydrologists,4.274285714285715,3.2516285714285718,4.96,2.7764571428571427,3.8859999999999992,2.4522285714285714,3.521285714285713,3.6030571428571423,1.4192,3.314
19-2099.01,Remote Sensing Scientists and Technologists,3.847999999999999,3.274514285714285,4.96,3.0742857142857143,3.555457142857142,2.6950857142857143,3.3990857142857145,3.966285714285714,1.7385714285714284,3.649142857142857
19-3011.00,Economists,4.78,2.6357142857142857,4.92,2.976914285714286,4.305357142857143,2.205357142857143,3.9064,4.389285714285714,1.3008,3.410714285714286
19-3011.01,Environmental Economists,4.729,2.314285714285714,4.81,2.865185714285714,4.33,2.0028571428571427,3.4790857142857146,3.982971428571429,1.22,3.4217285714285715
19-3022.00,Survey Researchers,4.007085714285714,2.954285714285714,5.0,2.704,3.3264571428571426,2.8363428571428573,3.454128571428571,4.112228571428571,1.7200000000000002,3.336571428571428
19-3032.00,Industrial-Organizational Psychologists,3.988,2.740342857142857,4.96,1.846,3.866771428571429,2.7142857142857144,3.746028571428571,3.9082857142857135,1.7200000000000002,2.8410285714285712
19-3033.00,Clinical and Counseling Psychologists,3.240914285714286,3.4091428571428573,4.64,1.1481142857142856,3.3424000000000005,2.275,3.0742857142857143,3.085714285714286,1.0664285714285715,2.068342857142857
19-3034.00,School Psychologists,2.627142857142857,1.9996,4.91,1.1107428571428573,2.886028571428572,2.19,2.695428571428571,1.8056857142857143,1.0803571428571428,1.718114285714286
19-3039.02,Neuropsychologists,3.8912,3.4479999999999995,4.72,1.9184,4.083428571428572,2.4522285714285714,3.725942857142857,4.379199999999999,1.1734857142857142,2.43
19-3039.03,Clinical Neuropsychologists,4.375871428571429,3.8125,4.92,2.013442857142857,4.146071428571428,2.571428571428571,4.313542857142858,4.305357142857143,1.1071428571428572,2.5306571428571427
19-3041.00,Sociologists,4.411,3.2439285714285715,5.0,2.4935714285714283,4.574999999999999,2.1357142857142857,4.206785714285715,4.267,1.0803571428571428,3.022
19-3051.00,Urban and Regional Planners,3.656,2.281142857142857,5.0,2.2992,3.7872,2.4522285714285714,3.1741714285714284,3.4396,1.147857142857143,2.5840000000000005
19-3091.00,Anthropologists and Archeologists,3.710714285714285,3.2951571428571427,4.7,1.9045,4.257142857142857,2.645714285714285,3.725,3.757857142857143,1.0535714285714286,2.579285714285714
19-3092.00,Geographers,3.8537714285714286,3.0814285714285714,4.9,2.1714285714285717,3.7846428571428574,2.571428571428571,3.3314285714285714,3.925,1.1408,2.9525
19-3093.00,Historians,2.117857142857143,2.624228571428572,4.66,1.6676571428571427,3.2743,2.1492,2.5633428571428576,2.848114285714286,1.0271428571428571,2.3476428571428567
19-3094.00,Political Scientists,4.463428571428572,2.8965142857142854,5.0,2.505857142857143,4.378514285714286,2.086428571428572,3.801657142857143,4.224571428571428,1.0535714285714286,2.654857142857143
19-3099.01,Transportation Planners,3.9057142857142857,2.716428571428572,5.0,2.7742857142857145,3.973214285714285,2.542057142857143,3.464642857142857,3.5842857142857136,1.3785714285714286,3.07
19-4012.00,Agricultural Technicians,2.107428571428572,2.390742857142857,4.27,1.6810857142857143,2.1968,2.086428571428572,1.6005571428571428,2.5429142857142857,1.0271428571428571,1.9739285714285717
19-4012.01,Precision Agriculture Technicians,2.9776,2.5012,4.83,2.0437,3.0271428571428567,2.4035714285714285,2.4756428571428573,2.4868,1.3706285714285715,3.0874
19-4013.00,Food Science Technicians,2.3334714285714284,2.719942857142857,4.71,1.5866714285714285,2.330685714285714,1.9085714285714288,1.6549285714285715,1.8825142857142856,1.0206285714285714,2.3432
19-4021.00,Biological Technicians,3.3686857142857147,3.064857142857143,4.85,2.3425714285714285,3.0324857142857145,2.524285714285714,1.974885714285714,3.888,1.22,2.612
19-4031.00,Chemical Technicians,2.654285714285714,3.153828571428572,5.0,2.0021714285714287,2.665514285714285,2.524285714285714,1.7967,3.3452714285714285,1.0442857142857145,2.6148571428571428
19-4042.00,"Environmental Science and Protection Technicians, Including Health",2.525714285714286,3.0424857142857142,4.82,1.7732285714285714,2.8514285714285714,2.275,2.2359857142857145,2.757314285714286,1.1408,2.294714285714286
19-4043.00,"Geological Technicians, Except Hydrologic Technicians",2.530828571428572,2.822742857142857,4.66,2.1356,2.5198857142857145,2.25,1.9529714285714288,2.796542857142857,1.1107142857142858,2.511685714285714
19-4051.00,Nuclear Technicians,2.5600428571428573,3.650057142857142,4.62,2.092342857142857,2.900114285714285,2.44,1.8691428571428568,2.9188,1.2592,2.1115714285714287
19-4051.02,Nuclear Monitoring Technicians,2.9254285714285717,3.4353,4.72,2.4971428571428573,3.2282571428571427,2.524285714285714,2.3482857142857143,3.2378714285714287,1.0442857142857145,2.4637
19-4061.00,Social Science Research Assistants,3.775,2.918742857142857,4.64,2.0682,3.0962,2.265085714285714,2.7875714285714284,4.061828571428571,1.6364285714285711,2.9023000000000003
19-4071.00,Forest and Conservation Technicians,2.3226142857142857,2.3208,4.66,2.4235285714285717,3.0284,2.375,2.146742857142857,2.651257142857143,1.231428571428571,2.4074714285714283
19-4092.00,Forensic Science Technicians,2.436,2.864171428571429,4.8,1.7220857142857144,3.090828571428572,2.571428571428571,2.687542857142857,2.724514285714286,1.0535714285714286,2.354042857142857
19-4099.01,Quality Control Analysts,2.6818428571428568,2.901828571428571,4.62,1.7569,2.176,1.9842857142857144,1.88,2.8041857142857145,1.0803571428571428,2.1036571428571427
19-4099.03,Remote Sensing Technicians,3.048228571428571,2.492714285714285,4.71,2.3923,2.897628571428572,2.524285714285714,2.2903,3.358857142857143,1.8125,3.19
19-5011.00,Occupational Health and Safety Specialists,3.5037571428571423,3.2393,4.83,2.1594,3.6367,2.524285714285714,2.8231,3.154057142857143,1.1408,2.6990285714285718
19-5012.00,Occupational Health and Safety Technicians,2.9585714285714286,3.0921142857142856,4.81,2.377,3.2372,2.105,2.5377142857142854,2.867171428571429,1.1257142857142857,2.686628571428572
21-1011.00,Substance Abuse and Behavioral Disorder Counselors,3.0185714285714287,3.605028571428572,4.57,1.5755714285714286,3.6946428571428576,2.354914285714286,2.0182857142857147,3.843542857142857,1.1071428571428572,2.9444285714285714
21-1012.00,"Educational, Guidance, and Career Counselors and Advisors",3.063285714285714,3.0971,4.93,1.7117714285714287,4.042928571428571,2.0608,2.617142857142857,3.2680285714285717,1.0442857142857145,3.039428571428572
21-1013.00,Marriage and Family Therapists,1.8801714285714284,3.367857142857143,4.85,1.1988571428571428,3.563971428571429,2.4035714285714285,2.240942857142857,1.8201142857142856,1.0089285714285714,2.254857142857143
21-1014.00,Mental Health Counselors,2.476514285714286,3.395,4.96,1.3196428571428571,3.5064,2.4971428571428573,2.9059857142857144,2.866071428571429,1.0549142857142857,2.311514285714286
21-1015.00,Rehabilitation Counselors,2.1555142857142857,2.8759999999999994,4.85,1.3869142857142858,2.69,1.9449142857142856,2.103357142857143,2.5795,1.0357142857142856,2.512
21-1021.00,"Child, Family, and School Social Workers",1.762857142857143,3.1838,5.0,1.2258571428571428,3.592942857142857,2.2071428571428573,2.3181714285714285,2.5485714285714285,1.0271428571428571,2.899857142857143
21-1022.00,Healthcare Social Workers,1.8905571428571428,3.3072142857142857,4.93,1.3234857142857142,3.137714285714286,2.2308,2.5013428571428573,1.9428571428571428,1.0664285714285715,2.2825
21-1023.00,Mental Health and Substance Abuse Social Workers,2.5421428571428573,3.4684,4.89,1.6503142857142858,3.4716,2.571428571428571,2.605642857142857,3.0324571428571425,1.1257142857142857,2.2956000000000003
21-1091.00,Health Education Specialists,3.4288,2.908428571428571,5.0,1.9828571428571429,3.385271428571429,1.9085714285714288,3.7606857142857137,3.3864,1.0271428571428571,2.759057142857143
21-1092.00,Probation Officers and Correctional Treatment Specialists,2.2609142857142857,3.513571428571429,4.75,1.6212714285714285,3.555357142857143,1.8571428571428568,2.4190000000000005,2.777628571428571,1.0664285714285715,2.895771428571429
21-1093.00,Social and Human Service Assistants,1.6749142857142858,3.0759142857142856,4.79,1.7112,2.6638,1.8571428571428568,1.8948571428571424,2.000857142857143,1.077942857142857,2.1575571428571427
21-1094.00,Community Health Workers,2.6112,2.97,4.77,2.019085714285714,3.085857142857143,2.0028571428571427,2.8887142857142853,2.873285714285714,1.0535714285714286,2.811714285714286
21-2011.00,Clergy,1.6549428571428573,1.7332,4.83,1.4515714285714283,3.008542857142857,2.422142857142857,2.0261285714285715,1.5945142857142858,1.0357142857142856,2.0485
21-2021.00,"Directors, Religious Activities and Education",1.8613,2.0707,4.45,2.3228285714285715,2.9963999999999995,2.0028571428571427,2.222314285714286,1.8932,1.1071428571428572,2.2936
23-1011.00,Lawyers,2.837942857142857,2.8032142857142857,4.96,1.7183714285714284,3.983914285714286,2.6950857142857143,3.4108,3.3584000000000005,1.0357142857142856,2.4785714285714286
23-1012.00,Judicial Law Clerks,3.6140571428571424,1.6156,4.87,1.0422857142857145,4.1295,2.422142857142857,2.6879714285714287,3.2403,1.0442857142857145,1.9534
23-1021.00,"Administrative Law Judges, Adjudicators, and Hearing Officers",2.7846571428571423,2.4726857142857144,4.92,1.2985,3.652,2.4732142857142856,2.6894285714285715,3.1942857142857144,1.0357142857142856,1.9725142857142857
23-1022.00,"Arbitrators, Mediators, and Conciliators",3.6781,2.2196571428571428,4.55,1.5657142857142858,3.8105,1.9842857142857144,2.9707142857142856,3.1132142857142857,1.0664285714285715,2.0910714285714285
23-1023.00,"Judges, Magistrate Judges, and Magistrates",2.5686,2.809285714285714,4.85,1.6226714285714283,4.2756428571428575,2.645714285714285,2.698,3.569885714285714,1.0135714285714286,2.3369285714285715
23-2011.00,Paralegals and Legal Assistants,2.7484,2.6660285714285714,5.0,1.3509,3.340642857142857,1.9085714285714288,1.8448,2.3747714285714285,1.0942857142857143,2.5886
23-2093.00,"Title Examiners, Abstractors, and Searchers",3.1842,3.544342857142857,4.96,1.6108142857142858,3.859571428571429,1.8571428571428568,2.628571428571429,3.4965714285714284,1.0089285714285714,2.8054
25-1011.00,"Business Teachers, Postsecondary",2.742,1.836,5.0,1.5560571428571428,3.2327714285714286,2.1635714285714283,3.0305857142857144,2.6398428571428574,1.157142857142857,2.6633714285714287
25-1021.00,"Computer Science Teachers, Postsecondary",3.3910714285714287,2.6831714285714283,4.99,1.8598857142857144,3.6973,2.524285714285714,2.975657142857143,3.5064285714285712,1.8914285714285717,3.742714285714285
25-1022.00,"Mathematical Science Teachers, Postsecondary",2.437257142857143,2.2394285714285718,4.91,1.5629571428571427,3.1965428571428576,2.19,2.9596,2.2551428571428573,1.0942857142857143,2.544514285714285
25-1031.00,"Architecture Teachers, Postsecondary",2.6713142857142858,2.2597,4.72,2.251857142857143,3.721600000000001,2.6950857142857143,2.9536,3.0217142857142854,1.1257142857142857,2.8656
25-1032.00,"Engineering Teachers, Postsecondary",3.953028571428572,2.205,5.0,2.8194142857142857,3.2625428571428565,2.6185714285714288,3.0082857142857145,3.941528571428571,1.231428571428571,2.779628571428572
25-1041.00,"Agricultural Sciences Teachers, Postsecondary",2.8385714285714285,2.8171285714285714,4.99,2.3585000000000003,3.8431,2.2471428571428573,3.4253714285714287,3.106514285714286,1.0942857142857143,2.217928571428572
25-1042.00,"Biological Science Teachers, Postsecondary",3.715142857142857,3.123628571428572,4.96,2.8224857142857145,3.6682857142857146,2.4285714285714284,3.737257142857144,4.015828571428571,1.0357142857142856,3.0924571428571426
25-1043.00,"Forestry and Conservation Science Teachers, Postsecondary",3.712685714285714,3.012485714285714,5.0,3.119371428571428,4.343999999999999,1.9842857142857144,4.113214285714285,3.6673857142857145,1.1408,2.816071428571428
25-1051.00,"Atmospheric, Earth, Marine, and Space Sciences Teachers, Postsecondary",3.267428571428572,2.552457142857143,4.98,1.9767571428571429,3.3572,2.36,3.288071428571429,2.950171428571428,1.1257142857142857,2.814985714285714
25-1052.00,"Chemistry Teachers, Postsecondary",3.0647285714285712,2.0641857142857143,4.98,1.8009428571428572,2.8810285714285717,2.205357142857143,3.4024,2.9108,1.1408,2.454857142857142
25-1053.00,"Environmental Science Teachers, Postsecondary",3.0958,2.459542857142857,4.91,2.4245,3.486257142857143,2.1357142857142857,3.1894285714285715,3.3023,1.0206285714285714,2.757142857142857
25-1054.00,"Physics Teachers, Postsecondary",3.5968000000000004,2.7496857142857145,4.84,2.4690571428571424,3.550857142857143,2.1750857142857143,3.824071428571429,3.4560714285714287,1.1408,3.410628571428571
25-1061.00,"Anthropology and Archeology Teachers, Postsecondary",4.174514285714285,3.554971428571428,4.95,1.4535714285714287,4.033371428571428,2.4732142857142856,4.099657142857144,3.9797,1.0442857142857145,2.6611571428571428
25-1062.00,"Area, Ethnic, and Cultural Studies Teachers, Postsecondary",2.459714285714286,2.7701285714285717,4.9,1.4648,3.3819142857142857,1.8914285714285717,3.0972714285714287,2.2257285714285717,1.1071428571428572,2.220342857142857
25-1063.00,"Economics Teachers, Postsecondary",3.522414285714286,2.1513142857142857,4.96,1.612857142857143,4.2277000000000005,1.9842857142857144,3.476114285714285,3.0902857142857143,1.1734857142857142,2.8478571428571438
25-1064.00,"Geography Teachers, Postsecondary",3.923328571428571,2.814057142857143,4.99,2.254857142857143,3.6024142857142856,2.096342857142857,3.893928571428571,3.826057142857143,1.197142857142857,3.334828571428572
25-1065.00,"Political Science Teachers, Postsecondary",3.971414285714285,2.0860000000000003,5.0,1.773742857142857,4.0447,1.8914285714285717,2.8666428571428577,3.5647,1.0089285714285714,2.421971428571428
25-1066.00,"Psychology Teachers, Postsecondary",3.277028571428572,2.947642857142857,4.85,1.9228857142857143,3.5318285714285715,2.023657142857143,4.3945428571428575,3.3364714285714285,1.1257142857142857,2.9142857142857137
25-1067.00,"Sociology Teachers, Postsecondary",4.199885714285715,2.8102857142857145,4.98,1.4443428571428572,3.608457142857143,2.044642857142857,3.892514285714285,4.401999999999999,1.0357142857142856,3.3843857142857137
25-1071.00,"Health Specialties Teachers, Postsecondary",3.1714,2.6212857142857144,4.88,1.7716571428571428,3.617371428571429,2.1357142857142857,2.9992857142857146,2.8516285714285714,1.0271428571428571,2.793714285714286
25-1072.00,"Nursing Instructors and Teachers, Postsecondary",3.3725714285714288,3.345142857142857,4.87,2.125857142857143,3.7892,2.4522285714285714,2.930514285714286,3.279,1.1408,3.0303714285714287
25-1081.00,"Education Teachers, Postsecondary",2.5620571428571437,2.7862,5.0,1.6217714285714286,3.6412,2.023657142857143,2.7364571428571427,2.716,1.0357142857142856,2.496442857142857
25-1082.00,"Library Science Teachers, Postsecondary",3.6972714285714288,2.406957142857143,5.0,1.9554285714285715,4.448499999999999,2.1750857142857143,3.8600285714285714,3.777842857142857,1.0803571428571428,3.2311428571428573
25-1111.00,"Criminal Justice and Law Enforcement Teachers, Postsecondary",2.628114285714286,2.8703,4.97,1.5157857142857143,2.6349142857142858,1.9842857142857144,2.7542857142857144,2.262742857142857,1.0271428571428571,2.981842857142857
25-1112.00,"Law Teachers, Postsecondary",3.1469714285714288,2.4877857142857147,4.81,1.449485714285714,4.0925142857142855,2.096342857142857,3.790871428571428,2.8195428571428574,1.0803571428571428,2.2706285714285714
25-1113.00,"Social Work Teachers, Postsecondary",2.802542857142857,3.047657142857143,5.0,1.3648000000000002,3.273485714285714,2.2471428571428573,3.5723285714285717,2.5524142857142857,1.1071428571428572,2.8616
25-1121.00,"Art, Drama, and Music Teachers, Postsecondary",1.946742857142857,2.2714428571428567,4.79,1.5500000000000005,2.7673,2.096342857142857,2.592885714285714,1.8372571428571427,1.0206285714285714,2.4997142857142856
25-1122.00,"Communications Teachers, Postsecondary",2.326071428571429,3.1156571428571427,4.93,1.6672857142857145,3.063657142857142,1.9449142857142856,2.7742142857142857,2.4529428571428564,1.0549142857142857,2.6758
25-1123.00,"English Language and Literature Teachers, Postsecondary",3.067742857142857,2.964128571428572,4.76,1.1938857142857144,3.1797,1.94,3.919814285714286,2.5211428571428574,1.0336571428571428,2.4928
25-1124.00,"Foreign Language and Literature Teachers, Postsecondary",2.5457714285714284,1.9399714285714285,4.92,1.1454857142857142,3.221714285714285,1.8571428571428568,2.9803,2.037642857142857,1.0942857142857143,2.2426
25-1125.00,"History Teachers, Postsecondary",4.019071428571429,3.110628571428572,4.86,1.3566571428571428,4.296057142857142,2.06,3.739328571428572,3.633371428571429,1.0089285714285714,2.343571428571429
25-1126.00,"Philosophy and Religion Teachers, Postsecondary",2.4268,2.282714285714285,4.96,1.2282,3.825571428571428,1.9842857142857144,3.899642857142857,2.479,1.0803571428571428,2.4731714285714284
25-1192.00,"Family and Consumer Sciences Teachers, Postsecondary",2.3068,2.082228571428572,4.88,1.6059714285714286,3.08,2.023657142857143,2.478428571428571,2.141714285714286,1.0803571428571428,2.4497142857142857
25-1193.00,"Recreation and Fitness Studies Teachers, Postsecondary",2.940428571428572,2.5732,4.82,1.504857142857143,3.2962857142857143,2.096342857142857,3.2352142857142856,2.7679285714285715,1.0135714285714286,2.365828571428572
25-1194.00,"Career/Technical Education Teachers, Postsecondary",2.239171428571429,2.437257142857143,4.49,1.6711142857142858,3.139942857142857,2.044642857142857,2.38,2.17,1.0442857142857145,2.2495
25-2011.00,"Preschool Teachers, Except Special Education",1.1722,1.7731428571428571,2.27,1.1486571428571428,2.436657142857143,1.9257142857142855,1.3107142857142855,1.473,1.0,1.2939142857142858
25-2012.00,"Kindergarten Teachers, Except Special Education",2.440542857142857,2.0845,4.85,1.4370714285714286,2.44,2.0028571428571427,1.7971428571428572,2.0912,1.0178571428571428,2.173
25-2021.00,"Elementary School Teachers, Except Special Education",1.9270857142857143,2.294014285714286,5.0,1.3604,2.2089142857142856,2.3906285714285715,2.1317142857142857,1.9003428571428571,1.0803571428571428,2.822971428571429
25-2022.00,"Middle School Teachers, Except Special and Career/Technical Education",2.803114285714286,3.036514285714285,4.86,1.5669714285714285,2.9504,2.5428571428571427,2.977257142857143,2.5037714285714285,1.0089285714285714,2.2833
25-2023.00,"Career/Technical Education Teachers, Middle School",2.3072,2.438371428571428,4.81,1.7869,3.0915000000000004,1.9085714285714288,2.39,2.3857142857142857,1.0803571428571428,2.834657142857143
25-2031.00,"Secondary School Teachers, Except Special and Career/Technical Education",2.3892857142857142,2.222785714285714,4.96,1.4176,3.004271428571429,2.1677714285714287,2.0841142857142856,2.5428571428571427,1.0664285714285715,2.476514285714286
25-2032.00,"Career/Technical Education Teachers, Secondary School",2.8084,2.6698,4.79,2.057828571428572,3.3765,2.524285714285714,2.7776,3.028342857142857,1.0664285714285715,2.6544
25-2051.00,"Special Education Teachers, Preschool",2.3106285714285715,2.8078000000000003,4.58,1.2624285714285717,3.129142857142857,2.19,2.2882,2.1290285714285715,1.1071428571428572,2.411114285714286
25-2056.00,"Special Education Teachers, Elementary School",3.032028571428571,2.730114285714286,4.88,1.555885714285714,3.142857142857143,2.265085714285714,2.3104,2.828071428571429,1.0664285714285715,2.315
25-2057.00,"Special Education Teachers, Middle School",2.092857142857143,2.0189285714285714,4.99,1.1399142857142857,2.2960000000000003,2.524285714285714,2.0172142857142856,2.0688571428571425,1.0206285714285714,2.3672571428571425
25-2058.00,"Special Education Teachers, Secondary School",2.569628571428572,3.0194714285714284,4.97,1.6034285714285712,2.994142857142857,2.327857142857143,2.763814285714286,2.830985714285714,1.0357142857142856,2.924485714285714
25-2059.01,Adapted Physical Education Specialists,2.1219714285714284,2.557714285714286,4.76,1.4691999999999998,2.984,2.205357142857143,2.059942857142857,1.8794285714285717,1.0089285714285714,2.0048000000000004
25-3011.00,"Adult Basic Education, Adult Secondary Education, and English as a Second Language Instructors",1.7082857142857144,2.0692,4.58,1.268457142857143,2.0559142857142856,2.0,2.570885714285714,1.7052,1.0336571428571428,2.234142857142857
25-3021.00,Self-Enrichment Teachers,1.7704857142857144,2.0032428571428573,3.92,1.208,2.7184428571428576,1.9449142857142856,2.766514285714286,1.6908571428571428,1.0803571428571428,1.5960571428571426
25-3031.00,"Substitute Teachers, Short-Term",1.2267571428571429,1.6916000000000002,3.79,1.2883428571428572,1.9238,1.7734857142857143,1.4017714285714284,1.5553142857142856,1.0135714285714286,1.684642857142857
25-3041.00,Tutors,1.9778857142857145,2.4229000000000003,4.5,1.1564285714285714,2.597514285714285,2.0028571428571427,2.811285714285714,2.0293,1.0271428571428571,2.0185
25-4011.00,Archivists,2.616142857142857,3.8798,4.97,1.9198,3.5992,2.645714285714285,2.875342857142857,3.5764,1.0442857142857145,2.9812571428571424
25-4012.00,Curators,2.763314285714286,3.115,4.73,1.8828571428571428,3.570171428571429,2.275,2.8637714285714284,3.081742857142857,1.1071428571428572,2.413842857142857
25-4013.00,Museum Technicians and Conservators,1.78,2.1858714285714287,4.15,1.7858999999999998,2.848042857142857,2.354914285714286,1.7865142857142855,2.2154857142857143,1.0442857142857145,1.8448
25-4022.00,Librarians and Media Collections Specialists,2.2342857142857144,2.2921428571428573,4.83,1.5461714285714288,3.0845857142857143,2.31,2.309828571428572,2.546514285714286,1.197142857142857,2.918085714285714
25-4031.00,Library Technicians,1.3827142857142856,1.8911285714285715,4.71,1.2844285714285717,2.5531428571428574,1.8571428571428568,1.6169000000000002,2.0648,1.0664285714285715,2.41
25-9021.00,Farm and Home Management Educators,2.517714285714286,2.2854142857142854,5.0,1.7145428571428571,3.1988000000000003,2.765714285714286,2.628,2.4950857142857146,1.077942857142857,2.503857142857143
25-9031.00,Instructional Coordinators,3.351485714285715,2.4761285714285712,5.0,1.8611714285714287,3.117957142857143,2.524285714285714,2.7782285714285715,3.0684142857142858,1.0549142857142857,2.9467857142857143
25-9042.00,"Teaching Assistants, Preschool, Elementary, Middle, and Secondary School, Except Special Education",1.9581142857142857,2.8189,3.64,1.7938,2.9270714285714288,2.216428571428572,2.1746857142857143,2.4045,1.0442857142857145,1.7208
25-9043.00,"Teaching Assistants, Special Education",1.4767,1.7896857142857143,3.66,1.2714,2.507771428571429,1.9257142857142855,1.869614285714286,1.6204571428571426,1.0664285714285715,1.7565857142857142
25-9044.00,"Teaching Assistants, Postsecondary",2.0847999999999995,2.42,4.77,1.6937714285714285,2.499757142857143,1.8571428571428568,2.5792,2.294985714285714,1.1071428571428572,2.5778
27-1011.00,Art Directors,2.193485714285714,1.7135571428571428,4.75,1.4169142857142856,3.304185714285715,2.524285714285714,2.3092571428571427,1.6578,1.0535714285714286,3.4021
27-1012.00,Craft Artists,1.4616857142857145,1.7912142857142856,4.39,1.727242857142857,2.459528571428572,1.8571428571428568,1.3064285714285715,1.7034571428571432,1.0206285714285714,1.8837714285714284
27-1013.00,"Fine Artists, Including Painters, Sculptors, and Illustrators",1.510857142857143,1.2404285714285714,3.9,1.3790714285714287,2.1931000000000003,1.8571428571428568,1.3725428571428573,1.6522428571428571,1.0549142857142857,2.019142857142857
27-1014.00,Special Effects Artists and Animators,1.941142857142857,1.587257142857143,5.0,1.675857142857143,2.840928571428571,2.1492,2.0544857142857142,2.5518571428571426,1.2592,3.5782857142857143
27-1021.00,Commercial and Industrial Designers,2.015,2.1817,5.0,1.773257142857143,2.9459,2.4522285714285714,1.614842857142857,2.547357142857143,1.1885714285714286,2.7865714285714285
27-1022.00,Fashion Designers,1.9483,2.046857142857143,4.73,2.0742571428571432,2.927671428571429,1.9449142857142856,1.9765,2.424314285714286,1.0271428571428571,2.6408
27-1023.00,Floral Designers,1.4934857142857143,1.995657142857143,4.23,2.181342857142857,2.507571428571429,2.0028571428571427,1.073,1.5038,1.0206285714285714,1.9073714285714285
27-1024.00,Graphic Designers,1.6010714285714287,1.7714285714285714,4.9,1.5371428571428574,3.34,1.9085714285714288,2.3185714285714285,2.26,1.2208,3.3035714285714284
27-1025.00,Interior Designers,2.300742857142857,2.564057142857143,4.96,2.2342,3.545457142857143,2.096342857142857,2.0726,2.8540857142857146,1.1257142857142857,2.9738285714285717
27-1026.00,Merchandise Displayers and Window Trimmers,1.531942857142857,1.146742857142857,3.75,1.6534,2.4899,2.044642857142857,1.5488,1.6124142857142856,1.0357142857142856,1.7542857142857144
27-1027.00,Set and Exhibit Designers,1.682314285714286,1.6012,4.86,1.8357142857142856,3.4222,2.4732142857142856,1.7857142857142856,1.7670571428571429,1.0942857142857143,2.6157142857142857
27-2011.00,Actors,1.1537714285714284,1.416742857142857,4.68,1.1653,1.942742857142857,1.8057142857142856,1.3565714285714283,1.063,1.0,1.1718285714285714
27-2012.00,Producers and Directors,2.2862285714285715,2.2739714285714285,5.0,2.0516,3.5306285714285712,2.4732142857142856,2.0174142857142856,2.929042857142857,1.0942857142857143,3.127428571428572
27-2012.03,Media Programming Directors,2.122,2.606057142857143,5.0,1.9399,3.1384000000000003,2.4035714285714285,2.064,2.508142857142857,1.0535714285714286,2.4924285714285714
27-2012.04,Talent Directors,1.285842857142857,1.857828571428572,4.93,1.4732,3.235,2.044642857142857,1.495,1.7367142857142857,1.0549142857142857,2.010228571428572
27-2012.05,Media Technical Directors/Managers,2.513114285714286,2.0522285714285715,4.99,1.5454285714285714,3.0377999999999994,2.2928571428571427,2.1990857142857143,2.3068,1.12,2.815942857142857
27-2021.00,Athletes and Sports Competitors,3.0562,2.290657142857143,4.03,2.307428571428572,3.07,1.9642857142857144,2.0681714285714285,2.8822857142857146,1.0,1.5264714285714287
27-2022.00,Coaches and Scouts,2.3464,2.0025714285714287,4.66,1.2621714285714285,2.602514285714286,2.645714285714285,1.9894,2.3328,1.0135714285714286,2.127657142857143
27-2023.00,"Umpires, Referees, and Other Sports Officials",1.5203571428571427,1.8630714285714287,3.76,1.2,2.803857142857143,1.7734857142857143,1.9005142857142856,1.8217857142857143,1.0,1.3745714285714286
27-2031.00,Dancers,1.0902,1.1162857142857143,2.67,1.0658714285714286,2.2931428571428567,1.837942857142857,1.2506285714285714,1.1253428571428572,1.0,1.0114
27-2032.00,Choreographers,1.2051714285714286,1.8357142857142856,4.76,1.2008571428571428,2.3428571428571425,2.086428571428572,1.9142857142857144,1.7794285714285714,1.0020571428571428,1.5263714285714287
27-2041.00,Music Directors and Composers,1.8969142857142856,1.8772571428571427,4.58,1.4281428571428572,3.0589428571428567,2.571428571428571,1.7475999999999998,1.7875714285714286,1.1408,2.140942857142857
27-2042.00,Musicians and Singers,2.0339,1.432,3.51,1.4009,2.3713571428571427,1.8571428571428568,1.6654285714285717,2.6796571428571427,1.0135714285714286,1.1405714285714286
27-3011.00,Broadcast Announcers and Radio Disc Jockeys,1.8092,2.6921285714285714,4.91,1.816657142857143,2.9044,1.9449142857142856,2.036542857142857,2.544528571428572,1.0020571428571428,2.4352
27-3023.00,"News Analysts, Reporters, and Journalists",2.6614,2.600071428571429,4.83,1.6878714285714287,3.555542857142857,2.19,3.118514285714286,2.4795857142857143,1.0535714285714286,2.1721714285714286
27-3031.00,Public Relations Specialists,2.4315,1.874714285714286,4.95,1.5837571428571429,3.808157142857143,1.8571428571428568,2.991214285714286,2.18,1.0271428571428571,2.5135428571428573
27-3041.00,Editors,2.3238857142857143,2.0672,4.89,1.4185,3.0847857142857147,2.2308,2.1438428571428574,2.6101428571428573,1.0664285714285715,2.6728
27-3042.00,Technical Writers,2.9585714285714286,2.851857142857143,4.74,1.7098,2.9266428571428573,2.4971428571428573,3.0622285714285717,3.1741571428571427,1.0206285714285714,3.140214285714286
27-3043.00,Writers and Authors,1.2944,1.3565714285714283,5.0,1.0275285714285711,3.2737142857142856,1.8914285714285717,1.7057142857142855,1.3991285714285715,1.0664285714285715,1.8297285714285716
27-3043.05,"Poets, Lyricists and Creative Writers",1.9914285714285715,2.704428571428571,4.45,1.2966285714285717,3.6117,2.023657142857143,1.9875714285714283,2.1100000000000003,1.0803571428571428,2.278428571428572
27-3091.00,Interpreters and Translators,2.0547142857142857,2.3741142857142856,4.52,1.5158285714285715,2.8006857142857147,2.422142857142857,4.0528,1.8387142857142853,1.0020571428571428,1.8717142857142852
27-3092.00,Court Reporters and Simultaneous Captioners,1.3332,3.9029,4.63,1.482057142857143,2.796785714285714,1.9642857142857144,1.3168000000000002,2.7932571428571427,1.0020571428571428,3.1059999999999994
27-4011.00,Audio and Video Technicians,2.3342285714285715,2.262085714285714,4.56,1.7762857142857142,2.403942857142857,2.524285714285714,1.8646000000000005,2.564514285714285,1.1785714285714286,2.7598857142857143
27-4012.00,Broadcast Technicians,2.191628571428572,2.746385714285714,4.97,2.1628,2.605771428571429,2.0028571428571427,1.9657142857142855,2.489028571428572,1.3008,3.1122
27-4014.00,Sound Engineering Technicians,1.789942857142857,2.7024,4.88,1.7149714285714284,2.765714285714286,1.9449142857142856,1.9985714285714289,2.2896,1.0942857142857143,3.8224
27-4021.00,Photographers,1.874714285714286,1.9152,4.95,1.942,2.8669285714285717,1.8571428571428568,1.506642857142857,2.09,1.0549142857142857,3.2921142857142858
27-4031.00,"Camera Operators, Television, Video, and Film",1.5388571428571427,2.103357142857143,4.75,1.5348857142857142,2.8257714285714286,2.0028571428571427,1.3295428571428571,1.6204285714285716,1.0271428571428571,2.7672
27-4032.00,Film and Video Editors,2.3158000000000003,2.752942857142857,5.0,1.931542857142857,3.081514285714286,2.524285714285714,2.0234,2.529528571428571,1.0442857142857145,3.460214285714286
29-1011.00,Chiropractors,2.513757142857143,3.44,4.27,1.8156571428571429,3.253428571428572,2.524285714285714,2.5193142857142856,3.104285714285714,1.0357142857142856,2.5117142857142856
29-1021.00,"Dentists, General",2.6206571428571426,3.4402,4.03,2.1438428571428574,3.6496,2.645714285714285,2.2888,3.0838,1.0664285714285715,2.058
29-1022.00,Oral and Maxillofacial Surgeons,3.3085000000000004,3.276742857142857,4.09,2.6350285714285717,3.3863,2.748571428571428,2.5804285714285715,3.333857142857142,1.0357142857142856,2.359142857142857
29-1023.00,Orthodontists,2.038685714285714,2.7873142857142854,4.35,1.7585000000000002,3.0260714285714285,2.571428571428571,2.011,2.1088,1.0271428571428571,2.0179
29-1024.00,Prosthodontists,3.1888,3.721042857142857,4.64,2.2071428571428573,3.499257142857143,2.1492,2.898628571428572,3.2194714285714285,1.0942857142857143,2.4742
29-1031.00,Dietitians and Nutritionists,2.9305714285714286,2.9057000000000004,4.9,1.5529857142857142,3.435,2.571428571428571,2.7525571428571425,2.8492,1.1071428571428572,2.4627285714285714
29-1041.00,Optometrists,3.539428571428571,3.5970000000000004,4.9,2.308542857142857,4.1195,2.645714285714285,3.1932142857142862,3.850142857142857,1.1408,2.629257142857143
29-1051.00,Pharmacists,2.2168,2.747942857142857,4.64,1.8421428571428573,2.5690857142857144,2.6185714285714288,2.2383999999999995,3.1105000000000005,1.0442857142857145,2.2865714285714285
29-1071.00,Physician Assistants,3.6048857142857136,3.7756,4.97,1.8619142857142856,4.352685714285714,2.7142857142857144,3.4130857142857143,3.3879428571428574,1.1408,2.746785714285714
29-1071.01,Anesthesiologist Assistants,3.0879571428571437,3.3285714285714283,3.39,2.2096,3.146057142857143,2.3392857142857144,1.8316,3.0925000000000007,1.0336571428571428,1.7384
29-1081.00,Podiatrists,2.304885714285714,3.805471428571429,4.62,1.9576,3.31,2.3857142857142857,2.980714285714286,2.9691857142857145,1.0357142857142856,3.3016428571428573
29-1122.00,Occupational Therapists,2.7355,3.568371428571429,4.73,1.9195714285714285,3.3952857142857145,2.645714285714285,2.812857142857143,2.8096,1.1071428571428572,2.2432
29-1122.01,"Low Vision Therapists, Orientation and Mobility Specialists, and Vision Rehabilitation Therapists",2.127,2.6473000000000004,4.74,1.4408285714285716,3.021085714285714,2.3192,2.1412,1.7721857142857145,1.0271428571428571,2.1849285714285718
29-1123.00,Physical Therapists,2.201885714285714,3.229028571428572,3.82,1.6367285714285715,3.4746857142857146,2.596342857142857,2.468,2.767028571428572,1.077942857142857,2.246142857142857
29-1124.00,Radiation Therapists,2.6132,3.5776,4.72,2.3915,3.004,2.4522285714285714,2.7192857142857143,3.0436428571428573,1.12,3.076285714285714
29-1125.00,Recreational Therapists,1.7069142857142856,2.684028571428572,4.79,1.3828,2.9928,2.354914285714286,1.7979142857142856,1.8316,1.0442857142857145,2.210628571428572
29-1126.00,Respiratory Therapists,2.984928571428571,3.533514285714286,4.14,2.066942857142857,3.3695142857142857,2.5428571428571427,2.3231714285714284,2.948885714285714,1.0357142857142856,2.462757142857143
29-1127.00,Speech-Language Pathologists,3.2425,3.6398000000000006,4.18,1.2601714285714287,3.536371428571428,2.6185714285714288,2.4076,2.8514285714285714,1.077942857142857,2.550971428571428
29-1128.00,Exercise Physiologists,2.683942857142857,2.8167142857142853,4.64,1.5282142857142855,3.2597714285714283,2.354914285714286,2.6796,2.697142857142857,1.1408,2.4228571428571426
29-1129.01,Art Therapists,2.346157142857143,3.3637714285714284,4.72,1.6108142857142858,3.3641,2.0,2.864285714285714,2.425657142857143,1.1106285714285715,1.9999
29-1129.02,Music Therapists,2.032,3.067428571428572,4.58,1.3584571428571428,3.0152,2.4732142857142856,2.1616,2.261542857142857,1.0206285714285714,1.9429714285714288
29-1131.00,Veterinarians,2.8915,2.9234,4.5,2.0102857142857147,3.735542857142857,2.571428571428571,2.667657142857143,2.8603,1.0089285714285714,1.9344
29-1141.00,Registered Nurses,3.1305285714285715,3.7406,4.31,1.4702571428571427,3.4762285714285714,2.645714285714285,2.4576857142857143,2.546514285714286,1.0549142857142857,2.8058857142857145
29-1141.01,Acute Care Nurses,2.689285714285714,3.375,3.86,1.762714285714286,3.1519857142857144,2.7142857142857144,2.673142857142857,2.505,1.0271428571428571,2.5809999999999995
29-1141.02,Advanced Practice Psychiatric Nurses,3.1594857142857142,3.9322,4.91,1.7163142857142857,3.6367,2.645714285714285,3.2074857142857143,3.9937,1.0664285714285715,2.545
29-1141.03,Critical Care Nurses,2.9578285714285717,3.325,4.54,1.7325,3.8125,2.596342857142857,3.0170285714285714,3.010742857142857,1.0942857142857143,2.7424
29-1141.04,Clinical Nurse Specialists,3.214771428571429,3.063428571428571,5.0,2.4348571428571426,3.4231428571428566,2.571428571428571,2.7565714285714287,3.374642857142857,1.0020571428571428,2.491428571428571
29-1151.00,Nurse Anesthetists,3.766628571428571,3.8914285714285706,4.04,2.681985714285714,4.066800000000001,2.782857142857143,2.8596571428571425,3.635285714285714,1.0135714285714286,2.6515
29-1161.00,Nurse Midwives,2.9530000000000003,3.9577714285714287,4.85,1.7757142857142858,4.199842857142857,2.4971428571428573,3.0814285714285714,3.2381714285714285,1.0549142857142857,2.487142857142857
29-1171.00,Nurse Practitioners,3.3891142857142857,3.949257142857143,4.96,1.8786,4.014100000000001,2.7142857142857144,3.2586,3.4455714285714287,1.0271428571428571,2.7462857142857144
29-1181.00,Audiologists,2.859,3.425814285714286,4.95,1.9997714285714283,3.6115714285714287,2.4971428571428573,3.1632,3.0650000000000004,1.1071428571428572,3.202757142857142
29-1211.00,Anesthesiologists,3.6799999999999993,3.452514285714285,4.39,2.770557142857143,3.7077714285714287,2.6950857142857143,2.8109714285714285,3.725842857142857,1.0020571428571428,2.111742857142857
29-1213.00,Dermatologists,2.353857142857143,3.7356857142857143,4.7,1.5620285714285715,3.6994857142857134,2.4732142857142856,2.6425,2.7722999999999995,1.1408,2.515428571428572
29-1214.00,Emergency Medicine Physicians,3.866871428571428,3.604,4.69,2.065,4.080414285714285,3.0592,3.6481142857142856,3.853642857142858,1.1339285714285714,2.679542857142857
29-1215.00,Family Medicine Physicians,3.2425,3.783314285714286,3.98,1.3364,3.6771142857142856,2.205357142857143,2.640814285714286,2.103014285714285,1.0135714285714286,2.3845
29-1216.00,General Internal Medicine Physicians,3.6889142857142856,3.7790285714285714,4.67,2.3305857142857143,3.5186,2.765714285714286,3.2913142857142854,3.439128571428572,1.0942857142857143,2.532285714285714
29-1217.00,Neurologists,4.148942857142858,4.147728571428571,4.73,2.578642857142857,4.3544,2.748571428571428,3.8998,4.027642857142856,1.0942857142857143,2.684414285714286
29-1218.00,Obstetricians and Gynecologists,3.6656,3.5669285714285714,4.7,2.6028571428571428,3.539428571428571,2.571428571428571,3.201142857142857,3.240185714285714,1.0336571428571428,2.794428571428571
29-1221.00,"Pediatricians, General",1.933214285714286,3.659285714285714,4.03,1.6953571428571428,3.502742857142857,2.571428571428571,3.221371428571429,2.960585714285714,1.0271428571428571,2.233885714285714
29-1222.00,"Physicians, Pathologists",3.048228571428571,3.564285714285714,4.92,2.081,3.952900000000001,2.6950857142857143,2.9825,3.965357142857143,1.22,2.663428571428572
29-1223.00,Psychiatrists,3.104142857142857,3.1438857142857146,4.83,1.4769,4.154,2.6185714285714288,2.7565714285714287,2.864,1.0442857142857145,2.0332
29-1224.00,Radiologists,3.398328571428572,3.2482714285714285,4.15,2.296685714285714,3.6645428571428575,2.6185714285714288,3.5382,3.720071428571429,1.0271428571428571,3.310028571428571
29-1229.01,Allergists and Immunologists,3.212371428571428,3.783628571428572,4.65,1.862857142857143,3.9362,2.205357142857143,3.004,2.793628571428571,1.0535714285714286,2.587857142857142
29-1229.02,Hospitalists,3.916685714285714,3.692571428571428,4.6,2.213714285714285,4.018285714285714,2.6185714285714288,3.685257142857143,4.1164,1.0357142857142856,2.8189714285714285
29-1229.03,Urologists,4.090857142857143,4.545999999999999,5.0,2.3212,4.014942857142857,2.645714285714285,3.1638571428571427,4.342085714285714,1.0664285714285715,3.4822285714285712
29-1229.04,Physical Medicine and Rehabilitation Physicians,3.010685714285714,3.5376,4.81,2.4043428571428573,3.609828571428572,2.8020571428571426,3.283428571428572,3.620800000000001,1.0942857142857143,2.5228
29-1229.05,Preventive Medicine Physicians,3.8276571428571424,2.679442857142857,4.95,2.7496857142857145,4.070171428571428,2.748571428571428,3.672485714285714,3.919757142857143,1.0442857142857145,2.673142857142857
29-1229.06,Sports Medicine Physicians,3.962971428571429,3.401,4.71,2.5066,4.152314285714287,2.4522285714285714,2.4685714285714284,3.1586,1.157142857142857,2.3589714285714285
29-1241.00,"Ophthalmologists, Except Pediatric",4.147728571428571,4.031599999999999,4.97,3.2908000000000004,3.929928571428571,2.571428571428571,3.5232,4.149357142857142,1.1257142857142857,1.8844285714285716
29-1291.00,Acupuncturists,2.3020000000000005,3.215028571428572,4.66,1.3108857142857144,3.364285714285714,1.8914285714285717,2.267857142857143,2.0478,1.0089285714285714,1.7511
29-1292.00,Dental Hygienists,2.1946714285714286,2.716328571428572,2.68,2.1594571428571427,2.7425,1.8914285714285717,2.4091142857142858,2.4290714285714285,1.0271428571428571,2.2770571428571427
29-1299.01,Naturopathic Physicians,3.369828571428572,3.4493714285714283,4.96,1.8996571428571427,3.933485714285714,2.645714285714285,3.3053714285714286,2.9798857142857145,1.0664285714285715,2.349485714285714
29-1299.02,Orthoptists,2.673357142857143,3.221714285714286,4.57,1.391857142857143,3.465828571428572,2.0342857142857143,2.771828571428572,2.5302285714285717,1.0803571428571428,2.2389714285714284
29-2011.00,Medical and Clinical Laboratory Technologists,3.7375,3.3718000000000004,4.86,2.6378,2.9768571428571438,2.782857142857143,2.296685714285714,3.7489,1.25,2.7693571428571424
29-2011.01,Cytogenetic Technologists,3.192142857142857,3.081828571428571,4.7,1.7190857142857143,2.886657142857143,2.7142857142857144,2.3769,2.984928571428571,1.0271428571428571,2.3725000000000005
29-2011.02,Cytotechnologists,2.108414285714286,3.148857142857143,4.68,1.552914285714286,2.7772857142857146,2.2857142857142856,1.7067,2.2878857142857143,1.1428571428571428,2.553985714285714
29-2011.04,Histotechnologists,1.7485714285714289,2.5588571428571427,4.67,1.6022857142857143,2.1227142857142853,2.086428571428572,1.3427714285714287,2.0951,1.1339285714285714,2.1072285714285712
29-2012.00,Medical and Clinical Laboratory Technicians,2.919028571428572,3.386428571428571,4.15,1.9464857142857144,3.219714285714286,2.4893714285714283,2.4653285714285715,3.680228571428572,1.1257142857142857,3.1981428571428574
29-2012.01,Histology Technicians,1.762742857142857,2.5517714285714286,4.44,1.448,2.3248,2.02,1.478514285714286,2.0182857142857147,1.0664285714285715,1.8352
29-2031.00,Cardiovascular Technologists and Technicians,2.5226571428571427,3.242114285714286,3.98,1.7570428571428574,2.9953142857142856,2.2071428571428573,2.289828571428571,2.5485714285714285,1.0549142857142857,2.7395714285714288
29-2032.00,Diagnostic Medical Sonographers,2.455057142857143,2.907657142857143,3.39,1.8500142857142856,3.093,1.9449142857142856,2.489285714285714,2.669314285714286,1.0089285714285714,2.498514285714286
29-2033.00,Nuclear Medicine Technologists,1.854857142857143,2.877914285714285,4.07,1.9599428571428572,2.764571428571428,2.4732142857142856,2.079742857142857,2.5850285714285715,1.077942857142857,2.9778571428571428
29-2034.00,Radiologic Technologists and Technicians,1.6322142857142856,2.6068571428571428,4.42,1.4278,2.3754285714285714,2.216428571428572,1.927457142857143,1.826,1.1071428571428572,2.8518
29-2035.00,Magnetic Resonance Imaging Technologists,2.249071428571429,3.1924,4.52,1.7995,2.8109714285714285,2.1635714285714283,1.964114285714286,2.683642857142857,1.0803571428571428,3.101942857142857
29-2036.00,Medical Dosimetrists,3.4142857142857146,3.6222857142857143,4.8,2.225357142857143,3.2470000000000003,2.542057142857143,2.7399999999999998,3.5148571428571422,1.231428571428571,3.66
29-2051.00,Dietetic Technicians,2.1589285714285715,2.359171428571428,3.22,2.0726714285714287,2.829428571428571,1.9449142857142856,1.7113714285714288,2.769142857142857,1.0357142857142856,1.5514285714285714
29-2052.00,Pharmacy Technicians,2.284942857142857,2.642642857142857,4.66,1.9585714285714289,3.206971428571429,2.2767857142857144,2.021628571428572,2.986428571428571,1.0357142857142856,2.5533
29-2053.00,Psychiatric Technicians,1.3886,2.737142857142857,4.12,1.181457142857143,2.8674285714285714,1.9642857142857144,1.8039142857142856,2.2,1.0357142857142856,1.7424571428571427
29-2055.00,Surgical Technologists,1.8245714285714287,2.0575,3.1,1.9734142857142856,3.2125714285714286,2.086428571428572,2.0495714285714284,2.201857142857143,1.0020571428571428,1.6897857142857142
29-2056.00,Veterinary Technologists and Technicians,2.181342857142857,3.050885714285714,3.62,2.2180142857142857,3.113742857142857,2.327857142857143,2.2812571428571427,2.365,1.0803571428571428,2.032514285714285
29-2057.00,Ophthalmic Medical Technicians,1.6864,2.817228571428571,4.5,1.3110142857142857,2.911928571428572,1.8571428571428568,1.826,2.444742857142857,1.0357142857142856,2.3242857142857143
29-2061.00,Licensed Practical and Licensed Vocational Nurses,2.5576,3.4785714285714286,3.78,1.860228571428572,3.1756,2.1635714285714283,2.0038857142857145,2.708928571428572,1.0089285714285714,2.479971428571429
29-2081.00,"Opticians, Dispensing",2.492714285714285,3.2525,4.75,2.2276,3.5142857142857142,2.02,2.7197714285714287,3.0976000000000004,1.0535714285714286,2.6594285714285717
29-2091.00,Orthotists and Prosthetists,2.354285714285714,3.45,5.0,1.9917,3.023857142857143,2.6185714285714288,2.537,3.276285714285714,1.0206285714285714,2.623828571428571
29-2092.00,Hearing Aid Specialists,2.1575714285714285,2.6090285714285715,4.87,1.7639999999999998,3.2378,1.9449142857142856,2.384328571428572,2.0267714285714287,1.0442857142857145,2.767857142857143
29-2099.01,Neurodiagnostic Technologists,3.068142857142857,3.240228571428572,4.65,2.005942857142857,3.4393571428571423,2.596342857142857,2.312457142857143,2.9656,1.0664285714285715,3.041714285714286
29-2099.05,Ophthalmic Medical Technologists,1.6482142857142854,3.134285714285714,4.5,1.334285714285714,3.206071428571428,1.8571428571428568,1.8142857142857145,2.100714285714286,1.077942857142857,2.3728571428571428
29-2099.08,Patient Representatives,2.095985714285715,3.230142857142857,5.0,1.8050714285714284,3.4012285714285717,2.071428571428572,2.7028,3.270314285714285,1.0942857142857143,2.5837714285714286
29-9091.00,Athletic Trainers,1.815842857142857,3.668914285714286,4.73,1.7971428571428572,2.7584714285714287,2.524285714285714,1.8368714285714287,2.1236,1.0089285714285714,2.103142857142857
29-9092.00,Genetic Counselors,2.879928571428572,3.2393,5.0,1.3648285714285713,3.9492571428571432,2.645714285714285,4.2538,3.1700285714285714,1.0271428571428571,2.4157714285714285
29-9093.00,Surgical Assistants,2.2375,2.565714285714286,4.23,2.3607142857142858,3.2009714285714286,2.31,2.3895142857142857,2.6477714285714287,1.062857142857143,2.1168142857142858
29-9099.01,Midwives,2.9393,3.665000000000001,4.6,2.4012571428571423,3.369057142857143,2.3392857142857144,2.636614285714286,2.9827857142857144,1.0664285714285715,2.182142857142857
31-1121.00,Home Health Aides,1.8092,3.0851714285714285,1.79,1.8354285714285716,2.5931428571428574,1.9642857142857144,1.8056,2.3949,1.0,1.1482
31-1122.00,Personal Care Aides,2.219,2.9952,2.2,2.2804,3.361542857142857,1.8571428571428568,2.369714285714286,2.527628571428571,1.0042857142857142,2.354971428571429
31-1131.00,Nursing Assistants,1.837942857142857,2.5119285714285717,2.61,1.7395142857142858,2.5168,1.9085714285714288,1.731,2.228242857142857,1.0,1.840914285714286
31-1132.00,Orderlies,1.4320857142857142,1.4730714285714286,2.92,1.3293714285714286,2.3104,1.595,1.4620000000000002,1.9056,1.0,1.377
31-1133.00,Psychiatric Aides,1.7152,3.469814285714286,3.87,1.4478571428571427,3.508,2.0028571428571427,2.356114285714286,1.8264285714285715,1.0020571428571428,1.8204
31-2011.00,Occupational Therapy Assistants,1.728,3.252342857142857,3.53,1.5101714285714287,2.780571428571428,2.105,2.5494142857142856,2.198114285714285,1.0206285714285714,2.506214285714286
31-2012.00,Occupational Therapy Aides,1.9455,2.378942857142857,3.49,1.7985714285714287,2.8780142857142863,1.9085714285714288,2.2301714285714285,2.17,1.0020571428571428,2.4210000000000003
31-2021.00,Physical Therapist Assistants,1.992,3.7342142857142857,2.86,1.6456000000000002,2.9672714285714283,1.9449142857142856,2.1268,2.265757142857143,1.1071428571428572,2.753914285714286
31-2022.00,Physical Therapist Aides,1.8156571428571429,2.742742857142857,3.81,1.6207142857142856,2.620685714285714,1.8571428571428568,2.1027142857142858,2.3179142857142856,1.0135714285714286,2.29
31-9011.00,Massage Therapists,1.6132285714285717,2.4531714285714283,3.62,1.2896,2.7362714285714285,1.8057142857142856,1.9504,1.7550285714285714,1.0,1.3900714285714286
31-9091.00,Dental Assistants,2.1345714285714283,2.505357142857143,3.86,2.198628571428572,3.621928571428571,1.9642857142857144,2.17,2.4695714285714283,1.0206285714285714,2.976357142857143
31-9092.00,Medical Assistants,3.115771428571428,3.565428571428572,3.55,2.5138,3.672985714285714,2.0028571428571427,2.333285714285714,3.659257142857143,1.0442857142857145,3.160685714285714
31-9093.00,Medical Equipment Preparers,2.4435714285714285,3.7173142857142856,4.12,2.7943857142857143,3.2704000000000004,1.9642857142857144,2.4634,3.766085714285714,1.0664285714285715,2.4256
31-9094.00,Medical Transcriptionists,1.8943,3.0989857142857145,4.41,1.1910714285714286,2.865757142857143,1.9642857142857144,1.7414714285714283,2.8422857142857145,1.0271428571428571,2.717028571428571
31-9095.00,Pharmacy Aides,1.8832,2.126714285714286,3.71,3.015357142857143,3.3427714285714285,1.8328571428571427,1.914642857142857,2.1492,1.0357142857142856,3.5522714285714283
31-9096.00,Veterinary Assistants and Laboratory Animal Caretakers,1.9010285714285715,3.042228571428572,3.64,1.9257142857142855,2.650742857142857,1.9642857142857144,2.103828571428571,2.314857142857143,1.0135714285714286,2.3734
31-9097.00,Phlebotomists,2.394,3.0851714285714285,4.27,1.709457142857143,2.9960714285714287,2.044642857142857,2.353942857142857,3.503885714285714,1.0549142857142857,3.0167714285714284
31-9099.01,Speech-Language Pathology Assistants,2.0102857142857147,2.4852,4.28,1.3119999999999998,2.981285714285714,2.265085714285714,2.1408,2.160942857142857,1.0206285714285714,2.0156428571428573
31-9099.02,Endoscopy Technicians,2.131428571428572,2.934742857142857,3.85,2.0970285714285715,2.46,1.9642857142857144,1.7934857142857146,2.605714285714286,1.0089285714285714,2.237714285714285
33-1011.00,First-Line Supervisors of Correctional Officers,2.4193,3.7221428571428574,4.95,2.1914571428571428,3.205,2.0608,2.6025714285714283,3.0655,1.0357142857142856,2.7688
33-1012.00,First-Line Supervisors of Police and Detectives,2.7315428571428573,3.5553142857142856,4.95,2.1005,3.257,2.524285714285714,2.532,2.930142857142857,1.0357142857142856,2.6104000000000003
33-1021.00,First-Line Supervisors of Firefighting and Prevention Workers,2.507142857142857,3.311971428571429,4.55,2.7472000000000003,3.3280857142857143,2.4035714285714285,2.397428571428572,2.9149714285714285,1.0942857142857143,2.138285714285714
33-1091.00,First-Line Supervisors of Security Workers,1.9645857142857144,2.329428571428571,4.91,1.8164571428571428,2.7709714285714284,2.1142857142857143,1.7285714285714286,2.4874285714285715,1.077942857142857,2.7234285714285718
33-2011.00,Firefighters,2.1781,2.944342857142857,3.95,2.4518857142857144,2.8977142857142857,2.25,1.8736,2.5371571428571427,1.0357142857142856,1.8141714285714283
33-2021.00,Fire Inspectors and Investigators,2.6606000000000005,3.1488714285714288,4.9,2.1376,3.1452,2.422142857142857,2.571885714285714,2.742142857142857,1.0885714285714283,2.3440000000000003
33-2022.00,Forest Fire Inspectors and Prevention Specialists,1.8885142857142856,2.736,4.73,2.0260714285714285,2.6657714285714285,1.9449142857142856,1.986,2.261857142857143,1.0549142857142857,1.9829714285714284
33-3011.00,Bailiffs,2.265657142857143,2.856142857142857,3.62,1.5624,2.834357142857143,1.822857142857143,1.9542142857142857,2.4287857142857145,1.0042857142857142,2.1491571428571428
33-3012.00,Correctional Officers and Jailers,1.9302857142857144,3.0126142857142857,4.49,1.7372285714285711,2.6578428571428576,1.9642857142857144,2.0227857142857144,2.3399428571428573,1.0442857142857145,2.4692285714285718
33-3021.00,Detectives and Criminal Investigators,2.8637714285714284,3.3065714285714285,4.88,1.6683,3.783628571428572,2.596342857142857,2.4549142857142856,3.1172000000000004,1.12,2.7172
33-3021.02,Police Identification and Records Officers,2.415857142857143,3.2797,4.77,1.8822857142857143,3.4577714285714287,2.645714285714285,2.1963285714285714,2.982485714285714,1.0089285714285714,2.4079
33-3021.06,Intelligence Analysts,3.823771428571429,2.92,5.0,1.4968571428571429,3.627,2.7142857142857144,2.6794857142857147,3.8536000000000006,1.147857142857143,2.9906571428571427
33-3031.00,Fish and Game Wardens,2.294857142857144,3.1792,4.84,2.124914285714285,3.4330857142857147,1.9449142857142856,2.311985714285714,2.954957142857143,1.0357142857142856,2.2335714285714285
33-3041.00,Parking Enforcement Workers,2.2699,2.782,2.82,1.7043714285714284,2.5393714285714286,1.9642857142857144,2.026,2.640571428571429,1.0535714285714286,2.2857142857142856
33-3051.00,Police and Sheriff's Patrol Officers,2.6834,3.3195428571428574,4.22,1.7816714285714288,3.527057142857143,2.422142857142857,2.2864,3.0683,1.0535714285714286,2.631457142857143
33-3051.04,Customs and Border Protection Officers,3.4356857142857145,3.4531428571428573,5.0,2.453242857142857,3.8392,2.1492,2.8688,3.617085714285714,1.0357142857142856,3.480585714285714
33-3052.00,Transit and Railroad Police,1.8388,3.5550000000000006,4.96,1.8073714285714289,2.7142857142857144,2.02,2.1841428571428576,2.7439714285714287,1.0664285714285715,2.068
33-9011.00,Animal Control Workers,2.592914285714285,3.4190571428571435,4.92,1.6063428571428573,3.198785714285714,1.8571428571428568,2.1823428571428574,2.9890000000000003,1.0020571428571428,2.365
33-9021.00,Private Detectives and Investigators,3.085942857142857,3.3,4.8,1.7945714285714285,3.4535714285714283,2.2071428571428573,1.9184428571428571,2.9832,1.1071428571428572,2.6461428571428574
33-9031.00,Gambling Surveillance Officers and Gambling Investigators,2.628571428571429,3.7054,4.66,2.3794000000000004,3.3321142857142854,1.9449142857142856,2.401942857142857,3.110028571428572,1.0206285714285714,3.1616571428571425
33-9032.00,Security Guards,2.512928571428572,3.172514285714286,4.33,2.228585714285714,3.7975142857142856,1.8914285714285717,2.4065142857142856,2.8126857142857142,1.0042857142857142,3.065928571428572
33-9091.00,Crossing Guards and Flaggers,1.4867,1.4480714285714285,1.92,1.4443714285714284,2.0368000000000004,1.6391999999999998,1.3266,1.5252142857142856,1.0,1.21
33-9092.00,"Lifeguards, Ski Patrol, and Other Recreational Protective Service Workers",1.4000857142857142,2.434214285714286,4.18,1.585,2.254,1.822857142857143,1.4026857142857143,1.8033142857142856,1.0,1.452142857142857
33-9093.00,Transportation Security Screeners,1.7188285714285714,1.8989714285714283,3.85,1.5852857142857144,2.8906,2.044642857142857,1.909142857142857,1.734885714285714,1.062857142857143,1.697142857142857
33-9099.02,Retail Loss Prevention Specialists,3.200885714285714,3.213942857142857,4.38,2.0401714285714285,3.1918571428571423,1.9642857142857144,2.1466,3.5451428571428574,1.0885714285714283,2.6212857142857144
35-1011.00,Chefs and Head Cooks,1.953828571428572,1.8401,4.88,1.814542857142857,2.6794857142857147,2.607142857142857,1.5301,1.9657142857142855,1.0357142857142856,2.0260714285714285
35-1012.00,First-Line Supervisors of Food Preparation and Serving Workers,2.160942857142857,2.0305,3.07,1.988628571428572,3.1696,1.8571428571428568,2.089157142857143,1.778771428571429,1.0089285714285714,2.4171428571428573
35-2011.00,"Cooks, Fast Food",1.2596857142857143,1.3002,1.63,1.1500857142857142,1.72,1.872228571428572,1.3445714285714283,1.5801142857142858,1.0,1.345257142857143
35-2012.00,"Cooks, Institution and Cafeteria",1.7356142857142856,1.6881142857142857,2.07,1.7529142857142856,2.660285714285714,1.9449142857142856,1.7185857142857144,1.8774714285714285,1.0,1.2069142857142858
35-2013.00,"Cooks, Private Household",1.3808,1.5391428571428571,4.42,1.7817142857142856,2.701942857142857,1.9085714285714288,1.1686857142857143,1.7963428571428572,1.0135714285714286,1.517
35-2014.00,"Cooks, Restaurant",1.047928571428571,1.0380714285714283,1.73,1.1344,1.5610000000000002,1.8571428571428568,1.089157142857143,1.5520857142857143,1.0,1.0507428571428572
35-2015.00,"Cooks, Short Order",1.3172,1.1313,1.14,1.6345857142857143,2.117714285714285,1.9085714285714288,1.4170285714285713,1.999428571428572,1.0,1.1225714285714286
35-2021.00,Food Preparation Workers,1.3272571428571427,1.2962142857142858,1.99,1.8735142857142857,2.3188000000000004,1.625,1.0583857142857145,1.4633714285714283,1.0,1.104342857142857
35-3011.00,Bartenders,1.495428571428571,1.6945714285714286,1.97,1.7479,2.0216285714285718,1.9642857142857144,1.1965857142857144,1.5986285714285715,1.0089285714285714,1.4597857142857142
35-3023.00,Fast Food and Counter Workers,1.2664,1.1722,2.02,1.1472,1.949757142857143,1.5,1.228657142857143,1.4633857142857143,1.0020571428571428,1.4071
35-3023.01,Baristas,1.3636,1.4602,2.5,1.6610285714285715,1.986,1.8328571428571427,1.4001714285714286,1.5492571428571429,1.0,1.4482285714285714
35-3031.00,Waiters and Waitresses,1.2847428571428572,1.0237714285714286,1.81,1.4597857142857142,1.8431428571428567,1.6428571428571428,1.289928571428571,1.342,1.0020571428571428,1.7457142857142856
35-3041.00,"Food Servers, Nonrestaurant",2.0168,1.6802,2.73,1.3661714285714286,2.761128571428572,1.5693714285714286,1.5137714285714288,2.047357142857143,1.0020571428571428,1.6814285714285715
35-9011.00,Dining Room and Cafeteria Attendants and Bartender Helpers,1.3922285714285714,1.322542857142857,1.77,1.4384285714285716,1.9730714285714288,1.6428571428571428,1.3492857142857142,1.5828000000000002,1.0020571428571428,1.8772
35-9021.00,Dishwashers,1.286,1.1676714285714285,2.14,1.3371142857142857,1.391142857142857,1.5693714285714286,1.1392,1.2413571428571428,1.0,1.2252857142857143
35-9031.00,"Hosts and Hostesses, Restaurant, Lounge, and Coffee Shop",1.264657142857143,1.3380999999999998,1.58,1.5546285714285717,1.9438,1.7385714285714284,1.3084857142857145,1.6090000000000002,1.0,1.2522571428571427
37-1011.00,First-Line Supervisors of Housekeeping and Janitorial Workers,2.056,2.199714285714286,4.61,2.314114285714286,3.0388571428571427,1.9642857142857144,2.428,2.599557142857143,1.0,2.483514285714286
37-1012.00,"First-Line Supervisors of Landscaping, Lawn Service, and Groundskeeping Workers",1.81,2.5,4.1,2.058985714285714,2.900114285714285,1.9449142857142856,2.0804,2.429942857142857,1.0664285714285715,1.716857142857143
37-2011.00,"Janitors and Cleaners, Except Maids and Housekeeping Cleaners",1.6475142857142857,1.762,3.37,1.7009714285714284,2.2210714285714284,1.7385714285714284,1.554357142857143,1.964114285714286,1.0089285714285714,1.6511999999999998
37-2012.00,Maids and Housekeeping Cleaners,1.2465,1.448,1.59,1.2241142857142857,1.8473,1.5693714285714286,1.522,1.5515714285714286,1.0,1.098742857142857
37-2021.00,Pest Control Workers,1.6164571428571428,2.176685714285714,1.66,1.7879142857142858,2.7112857142857143,1.9642857142857144,1.5263714285714285,1.9876571428571428,1.0,1.3042857142857145
37-3011.00,Landscaping and Groundskeeping Workers,1.2742857142857142,1.1112857142857142,1.5,1.4515,2.080857142857143,1.7036571428571428,1.1199285714285714,1.372,1.0,1.0107142857142857
37-3012.00,"Pesticide Handlers, Sprayers, and Applicators, Vegetation",1.6994,2.542428571428572,2.64,1.9504,2.518,1.8571428571428568,1.6439428571428572,2.0385142857142857,1.0,1.3480857142857143
37-3013.00,Tree Trimmers and Pruners,1.6217714285714286,1.2965285714285717,1.93,2.028928571428572,2.674957142857143,1.8571428571428568,1.5348000000000002,1.789942857142857,1.0,1.0653714285714286
39-1013.00,First-Line Supervisors of Gambling Services Workers,1.5518714285714283,1.9861428571428568,4.6,1.3574142857142857,2.1907428571428573,2.105,1.5664000000000002,1.9193,1.157142857142857,2.1438
39-1022.00,First-Line Supervisors of Personal Service Workers,2.092842857142857,2.4731714285714284,4.43,1.7986,3.1426857142857143,1.9085714285714288,1.9150285714285715,2.294442857142857,1.0089285714285714,2.5610285714285714
39-2011.00,Animal Trainers,1.567857142857143,2.1963285714285714,3.81,1.495,2.474,1.9642857142857144,2.2802,1.6784142857142856,1.0020571428571428,1.5508
39-2021.00,Animal Caretakers,1.4483142857142857,1.9767142857142856,3.37,1.5107428571428572,2.5354857142857146,1.8328571428571427,1.8087142857142855,2.197,1.0089285714285714,1.6396571428571427
39-3011.00,Gambling Dealers,1.1562142857142856,1.1565857142857143,2.01,1.039928571428571,1.7012285714285715,1.9449142857142856,1.4400857142857142,1.3718,1.0,1.0677571428571428
39-3012.00,Gambling and Sports Book Writers and Runners,1.2937714285714286,1.453,1.51,1.3041857142857145,2.3870000000000005,2.0028571428571427,1.5083,2.2064,1.0206285714285714,1.5699999999999998
39-3021.00,Motion Picture Projectionists,1.2185857142857142,1.256857142857143,3.55,1.1714285714285717,2.1766,1.8571428571428568,1.1245714285714286,1.5617714285714286,1.0336571428571428,2.341228571428571
39-3031.00,"Ushers, Lobby Attendants, and Ticket Takers",1.2555428571428573,1.525,2.28,1.3007714285714285,2.0059714285714287,1.5625,1.324342857142857,1.3318857142857143,1.0206285714285714,1.4565714285714286
39-3091.00,Amusement and Recreation Attendants,1.3923142857142856,1.5881714285714286,2.45,1.2155285714285713,1.8405,1.6391999999999998,1.4994999999999998,1.8254857142857144,1.0089285714285714,1.6592
39-3092.00,Costume Attendants,1.5177,1.6150285714285717,3.84,1.7882285714285715,2.6936857142857145,1.9085714285714288,1.7000857142857144,1.8866,1.0,1.384
39-3093.00,"Locker Room, Coatroom, and Dressing Room Attendants",1.09,1.0382857142857145,1.18,1.0845714285714283,2.1562,1.655,1.1094714285714289,1.1982142857142857,1.0,1.049942857142857
39-4011.00,Embalmers,1.91,3.0508714285714285,4.65,1.9686857142857144,2.5484,2.044642857142857,1.5934428571428572,3.006,1.0089285714285714,1.866142857142857
39-4021.00,Funeral Attendants,1.3785142857142856,1.8207,3.28,1.2473714285714286,2.2342857142857144,1.7036571428571428,1.6208,1.524571428571429,1.0089285714285714,1.4221428571428572
39-4031.00,"Morticians, Undertakers, and Funeral Arrangers",1.6055,2.9524285714285714,3.67,1.6568571428571426,2.9839,2.0028571428571427,1.829214285714286,2.3691714285714287,1.0206285714285714,2.276714285714286
39-5011.00,Barbers,1.4834285714285715,1.1014285714285714,1.6,1.4315714285714285,1.819542857142857,1.595,1.3011714285714286,1.745,1.0,1.0344
39-5012.00,"Hairdressers, Hairstylists, and Cosmetologists",1.8257142857142856,2.088442857142857,2.2,1.6336,2.0323,1.8571428571428568,2.0089428571428574,1.5103428571428572,1.0206285714285714,1.713142857142857
39-5091.00,"Makeup Artists, Theatrical and Performance",1.444,2.110857142857143,4.79,1.6156,2.979714285714285,2.02,1.4017142857142857,1.8635714285714289,1.0206285714285714,1.520342857142857
39-5092.00,Manicurists and Pedicurists,1.0394285714285714,1.1789142857142858,1.25,1.1901428571428572,1.415,1.4906285714285716,1.239142857142857,1.1224,1.0,1.15
39-5093.00,Shampooers,1.3283285714285715,1.3177714285714286,1.29,1.546,1.6949285714285716,1.4628571428571429,1.5412428571428571,1.5667428571428572,1.0,1.1028571428571428
39-5094.00,Skincare Specialists,1.5182571428571427,1.4648285714285714,3.29,1.7911428571428571,2.245857142857143,1.822857142857143,1.284657142857143,1.6438,1.0135714285714286,1.8928000000000005
39-6011.00,Baggage Porters and Bellhops,1.7186285714285714,2.1594,2.71,1.6849428571428573,3.0746,1.6714285714285717,1.5782857142857143,2.169142857142857,1.0089285714285714,1.7347
39-6012.00,Concierges,1.8007142857142855,2.2939857142857143,5.0,1.8571428571428568,3.4719714285714285,1.9085714285714288,1.6084714285714283,2.1058142857142856,1.0089285714285714,2.3299
39-7011.00,Tour Guides and Escorts,1.3614000000000002,1.5611857142857142,3.27,1.4048571428571428,2.665757142857143,1.7734857142857143,2.0206857142857144,1.7898571428571428,1.0,1.4209714285714288
39-7012.00,Travel Guides,1.5675,2.3135,4.72,1.782857142857143,3.479,1.9642857142857144,1.7613571428571428,2.089514285714285,1.1257142857142857,1.7124
39-9011.00,Childcare Workers,1.3444571428571428,1.6944,2.92,1.2426142857142857,1.9657,1.8571428571428568,1.4938857142857145,1.5488,1.0,1.112242857142857
39-9011.01,Nannies,1.2674285714285711,1.6285714285714286,3.12,1.2283428571428572,2.402971428571429,1.8571428571428568,1.288,1.5243428571428572,1.0,1.1565142857142858
39-9031.00,Exercise Trainers and Group Fitness Instructors,1.5385142857142855,1.709457142857143,4.14,1.3542857142857143,2.706785714285714,1.8571428571428568,1.864,1.8020571428571428,1.0020571428571428,1.6369857142857145
39-9032.00,Recreation Workers,2.186871428571429,2.6211,3.47,2.0363714285714285,3.380114285714285,1.9085714285714288,2.2010571428571426,2.8814285714285712,1.0206285714285714,2.3074285714285714
39-9041.00,Residential Advisors,1.9434714285714283,2.414771428571429,4.6,1.7021857142857144,2.959942857142857,1.822857142857143,1.7874285714285714,2.293942857142857,1.0271428571428571,2.2225857142857146
41-1011.00,First-Line Supervisors of Retail Sales Workers,2.0788,1.7939285714285715,4.09,1.4672,2.52,1.9449142857142856,1.729342857142857,1.8127,1.1071428571428572,1.9792
41-1012.00,First-Line Supervisors of Non-Retail Sales Workers,2.835457142857143,2.4078857142857144,5.0,1.826114285714286,3.269428571428572,2.1677714285714287,2.1233,2.8150000000000004,1.0442857142857145,2.759642857142857
41-2011.00,Cashiers,1.3341714285714286,1.3131428571428572,2.76,1.203442857142857,2.198528571428572,1.7857142857142856,1.2573142857142858,1.3483,1.0,1.574357142857143
41-2012.00,Gambling Change Persons and Booth Cashiers,1.7074000000000005,2.0457142857142854,1.85,1.4789285714285714,2.606,1.9642857142857144,1.753342857142857,2.5686285714285715,1.0135714285714286,2.119942857142857
41-2021.00,Counter and Rental Clerks,1.6529142857142858,2.393514285714286,3.99,1.5940571428571428,2.1258857142857144,1.9085714285714288,1.6757,2.5012857142857143,1.0271428571428571,2.1918571428571427
41-2022.00,Parts Salespersons,2.1616285714285715,2.5685714285714285,4.45,1.6578999999999997,3.2176000000000005,2.071428571428572,2.202571428571429,2.7357142857142858,1.0206285714285714,3.197371428571429
41-2031.00,Retail Salespersons,1.655,1.5115857142857143,3.89,1.5537142857142856,2.6862571428571425,1.822857142857143,1.5970000000000002,1.849,1.0089285714285714,1.8856
41-3011.00,Advertising Sales Agents,1.9730285714285716,2.0174857142857143,5.0,1.6813714285714283,2.874571428571429,1.9657142857142855,1.6477428571428572,2.3973142857142857,1.1408,2.533257142857143
41-3021.00,Insurance Sales Agents,2.213942857142857,1.8896285714285717,5.0,1.4275714285714285,2.6955142857142858,1.9085714285714288,1.7243142857142857,2.2238285714285717,1.0803571428571428,2.5346285714285712
41-3031.00,"Securities, Commodities, and Financial Services Sales Agents",2.876714285714286,2.3413,4.96,1.7339857142857145,3.055428571428572,2.1492,2.418214285714286,2.9756,1.1885714285714286,2.8174857142857146
41-3041.00,Travel Agents,2.267857142857143,2.38,4.98,1.637,3.2834857142857143,1.9642857142857144,2.005428571428572,2.8950142857142858,1.0803571428571428,2.9697142857142858
41-4011.00,"Sales Representatives, Wholesale and Manufacturing, Technical and Scientific Products",1.722057142857143,1.5376,5.0,1.2545571428571427,2.4744,1.9285714285714288,1.5425,1.6150857142857142,1.1428571428571428,1.8282
41-4011.07,Solar Sales Representatives and Assessors,2.4844857142857144,1.9874285714285715,4.98,2.2524571428571427,3.327,1.9449142857142856,2.258,2.568714285714285,1.0357142857142856,2.747585714285714
41-4012.00,"Sales Representatives, Wholesale and Manufacturing, Except Technical and Scientific Products",1.563685714285714,2.314,4.77,1.4463285714285714,2.9085,1.9449142857142856,1.4536857142857142,2.131428571428572,1.0357142857142856,2.394657142857143
41-9011.00,Demonstrators and Product Promoters,1.5657142857142856,1.444,3.64,1.5692285714285714,2.1425714285714283,1.8571428571428568,1.536957142857143,1.4189714285714286,1.0020571428571428,1.2360571428571427
41-9012.00,Models,1.0126285714285714,1.2232,3.45,1.0164285714285717,1.4784000000000002,1.32,1.097257142857143,1.1481428571428571,1.0,1.0390857142857142
41-9021.00,Real Estate Brokers,2.655742857142857,2.393485714285714,5.0,1.7731428571428571,3.1438857142857146,1.8571428571428568,1.7243142857142857,2.4130714285714285,1.0357142857142856,2.3464285714285715
41-9022.00,Real Estate Sales Agents,2.496428571428572,2.2265714285714284,5.0,1.476,3.3335714285714286,1.9085714285714288,2.256,2.351,1.0549142857142857,2.6902857142857144
41-9031.00,Sales Engineers,2.489928571428571,2.1894285714285715,5.0,2.7542857142857144,3.2294285714285715,2.571428571428571,2.389771428571428,2.4032714285714287,1.1734857142857142,2.9367857142857146
41-9041.00,Telemarketers,2.726142857142857,2.213714285714285,3.82,1.513,3.290285714285714,1.4906285714285716,2.2455857142857143,2.9272,1.0089285714285714,2.3870285714285715
41-9091.00,"Door-to-Door Sales Workers, News and Street Vendors, and Related Workers",1.1357714285714289,1.5266285714285712,4.48,1.1866857142857143,2.0801285714285718,1.822857142857143,1.3409142857142855,1.5882142857142858,1.0549142857142857,1.8568
43-1011.00,First-Line Supervisors of Office and Administrative Support Workers,2.715628571428572,2.4602,4.55,1.8176,2.7954,2.216428571428572,2.0910285714285712,3.144,1.1257142857142857,2.898585714285714
43-2011.00,"Switchboard Operators, Including Answering Service",1.345214285714286,1.9064285714285716,4.61,1.071742857142857,2.4466857142857146,1.68,1.1849571428571428,2.2342857142857144,1.0135714285714286,2.0801285714285718
43-2021.00,Telephone Operators,1.7032428571428573,2.5808,4.48,1.4914571428571428,3.1039714285714286,1.655,2.1161142857142856,2.486285714285714,1.0206285714285714,2.627228571428572
43-3011.00,Bill and Account Collectors,1.5194285714285716,2.3432,3.96,1.3565,2.484,1.7734857142857143,1.3927428571428573,1.978142857142857,1.0135714285714286,2.1376
43-3021.00,Billing and Posting Clerks,1.9984,1.806,4.73,1.1236,2.7851714285714286,2.1607142857142856,1.4889285714285714,2.818057142857143,1.16,2.4208142857142856
43-3031.00,"Bookkeeping, Accounting, and Auditing Clerks",2.0376142857142856,2.5642142857142853,4.92,1.4122857142857144,2.983942857142857,1.9449142857142856,1.615,2.597028571428572,1.0206285714285714,2.9524285714285714
43-3041.00,Gambling Cage Workers,1.789942857142857,2.109742857142857,2.4,1.4788,2.563428571428572,1.9642857142857144,1.8352,2.212828571428572,1.0135714285714286,2.4165857142857146
43-3051.00,Payroll and Timekeeping Clerks,2.2215000000000003,2.3605428571428573,4.65,1.2362285714285717,2.9732142857142856,2.0608,1.8022285714285715,3.3002857142857143,1.1257142857142857,2.4298428571428574
43-3061.00,Procurement Clerks,2.2192428571428566,2.0830857142857147,5.0,1.3927857142857143,2.9778,2.178571428571429,1.5965714285714283,2.599557142857143,1.0336571428571428,2.779771428571429
43-3071.00,Tellers,2.643142857142857,2.2985,4.83,1.9128571428571428,2.525628571428572,2.1228571428571428,2.193142857142857,2.8901714285714286,1.0135714285714286,2.8368
43-4011.00,Brokerage Clerks,2.058,1.8617142857142857,5.0,1.6253,3.0695714285714284,2.071428571428572,1.764342857142857,2.739228571428572,1.25,2.430942857142857
43-4021.00,Correspondence Clerks,2.031228571428572,2.2728857142857146,5.0,1.5716285714285716,2.513071428571429,1.9642857142857144,1.6873142857142858,2.7394857142857143,1.0206285714285714,2.815314285714285
43-4031.00,"Court, Municipal, and License Clerks",2.0506857142857142,2.548828571428571,4.65,1.3015142857142856,2.752457142857143,2.02,1.6197428571428572,2.678628571428572,1.0942857142857143,2.7789714285714284
43-4041.00,"Credit Authorizers, Checkers, and Clerks",2.2084,2.5122857142857145,4.82,1.5800285714285716,3.2339857142857142,1.8914285714285717,2.187828571428572,2.798,1.077942857142857,2.993371428571429
43-4051.00,Customer Service Representatives,2.2435428571428573,2.3095,4.33,1.7011714285714286,2.9581,1.9085714285714288,2.144,3.008285714285714,1.0442857142857145,2.729542857142857
43-4061.00,"Eligibility Interviewers, Government Programs",2.665714285714286,2.9834857142857145,5.0,1.3142857142857145,3.2099999999999995,2.105,2.3042857142857143,3.4438714285714283,1.0089285714285714,2.802428571428571
43-4071.00,File Clerks,3.082614285714286,2.9546857142857146,4.21,1.2957142857142858,3.189028571428571,2.3928571428571432,2.3328,3.2902,1.0535714285714286,3.461485714285714
43-4081.00,"Hotel, Motel, and Resort Desk Clerks",2.0039714285714285,2.0868,4.67,1.3355714285714286,2.8589285714285717,1.8571428571428568,1.581142857142857,2.375,1.0942857142857143,2.7597857142857145
43-4111.00,"Interviewers, Except Eligibility and Loan",3.1941999999999995,3.250114285714285,4.92,1.534857142857143,3.4771428571428573,2.0608,2.4245142857142854,3.2675714285714283,1.1408,3.2569428571428567
43-4121.00,"Library Assistants, Clerical",1.6571285714285715,2.0255,4.77,1.4608,2.822857142857143,2.0608,1.6318,2.5976857142857144,1.0357142857142856,2.757214285714286
43-4131.00,Loan Interviewers and Clerks,2.8814285714285712,2.0108571428571427,4.32,1.4956714285714283,3.732871428571429,2.422142857142857,2.5094857142857143,3.392857142857143,1.12,3.7832
43-4141.00,New Accounts Clerks,1.496,1.4177142857142857,4.87,1.178,2.2144000000000004,1.9085714285714288,1.4004571428571428,2.248557142857143,1.0664285714285715,2.1134000000000004
43-4151.00,Order Clerks,2.4859285714285715,2.704485714285714,4.78,1.738,3.3849142857142858,1.9642857142857144,1.8611285714285717,3.3166,1.0206285714285714,2.7259285714285717
43-4161.00,"Human Resources Assistants, Except Payroll and Timekeeping",2.6107142857142858,3.1105,5.0,1.5810285714285714,3.2638,2.0028571428571427,2.26,3.488485714285714,1.0803571428571428,3.1892
43-4171.00,Receptionists and Information Clerks,1.3842,1.8088428571428568,4.49,1.233142857142857,3.079771428571429,1.6875,1.6986571428571429,2.215242857142857,1.0271428571428571,2.8156
43-4181.00,Reservation and Transportation Ticket Agents and Travel Clerks,2.119885714285714,2.4229000000000003,3.13,1.9246857142857143,3.1535,2.1228571428571428,2.276714285714286,2.712857142857142,1.1106285714285715,3.150271428571429
43-5011.00,Cargo and Freight Agents,1.6318,2.5949,4.24,1.9331,2.6812571428571426,1.8057142857142856,1.7570285714285712,1.972171428571429,1.0206285714285714,1.794857142857143
43-5011.01,Freight Forwarders,3.0589428571428567,2.826742857142857,5.0,2.8585000000000003,3.674628571428572,2.1228571428571428,3.072,3.202857142857143,1.0664285714285715,3.289
43-5021.00,Couriers and Messengers,1.488057142857143,2.396757142857143,4.42,1.4412571428571428,2.6838285714285712,1.9085714285714288,1.2986285714285717,1.7056,1.0,1.1476
43-5031.00,Public Safety Telecommunicators,2.3172,3.735942857142857,4.71,2.174985714285714,3.3128285714285712,2.4732142857142856,2.9468,3.537728571428572,1.1257142857142857,3.4673714285714285
43-5032.00,"Dispatchers, Except Police, Fire, and Ambulance",1.7552000000000003,2.1210000000000004,4.61,1.5903142857142858,2.7821714285714285,1.9085714285714288,1.718457142857143,1.8273142857142857,1.0206285714285714,2.212342857142857
43-5041.00,"Meter Readers, Utilities",1.6553142857142855,2.512542857142857,2.18,1.8053714285714284,2.2669,1.872228571428572,1.5124285714285717,2.224,1.1106285714285715,1.9915428571428573
43-5051.00,Postal Service Clerks,1.6873428571428573,2.0550428571428574,2.69,1.738914285714286,2.477228571428572,1.872228571428572,2.0466285714285712,2.4499285714285715,1.0549142857142857,2.178
43-5052.00,Postal Service Mail Carriers,1.0918857142857143,1.4843000000000002,1.22,1.2338714285714285,2.218742857142857,1.872228571428572,1.1530857142857145,1.443142857142857,1.0,1.1300285714285714
43-5053.00,"Postal Service Mail Sorters, Processors, and Processing Machine Operators",1.3657142857142857,1.4592,1.74,1.2800571428571428,1.7560000000000002,1.7934857142857146,1.3828,1.6566857142857143,1.0549142857142857,1.5119714285714283
43-5061.00,"Production, Planning, and Expediting Clerks",2.3290571428571427,2.0351285714285714,4.52,1.5625142857142855,2.7468000000000004,2.4893714285714283,1.9366,2.5904,1.1257142857142857,2.675
43-5071.00,"Shipping, Receiving, and Inventory Clerks",1.5207142857142857,2.4186,4.83,1.5492571428571429,2.277571428571428,1.9642857142857144,1.94,1.8953857142857145,1.0549142857142857,2.015714285714286
43-5111.00,"Weighers, Measurers, Checkers, and Samplers, Recordkeeping",2.5860571428571437,3.1072,3.13,2.2956000000000003,2.581657142857143,1.9642857142857144,2.3489714285714287,2.8503285714285718,1.12,2.420228571428572
43-6011.00,Executive Secretaries and Executive Administrative Assistants,1.8138,2.3352142857142857,4.96,1.5198714285714283,3.165,2.0608,1.653657142857143,2.6900857142857144,1.157142857142857,2.7683285714285715
43-6012.00,Legal Secretaries and Administrative Assistants,2.6753285714285715,2.4814857142857143,5.0,1.4038285714285714,2.7056000000000004,1.9085714285714288,1.9044,3.0305142857142857,1.0206285714285714,2.3653000000000004
43-6013.00,Medical Secretaries and Administrative Assistants,2.0542,2.1026,4.83,1.406,2.796785714285714,1.872228571428572,1.875,2.9296,1.0206285714285714,2.532285714285714
43-6014.00,"Secretaries and Administrative Assistants, Except Legal, Medical, and Executive",1.6418428571428572,2.1100000000000003,4.76,1.2517857142857145,2.629657142857143,2.1677714285714287,1.4790285714285716,2.2495000000000003,1.0664285714285715,2.424428571428572
43-9021.00,Data Entry Keyers,2.4097857142857144,3.1531714285714285,4.3,1.6032,2.671428571428572,2.071428571428572,1.869214285714286,3.495,1.1071428571428572,3.0193
43-9022.00,Word Processors and Typists,1.7944857142857142,2.424357142857143,4.86,1.4224,2.533457142857143,1.9085714285714288,1.4278428571428572,2.566,1.0942857142857143,2.503
43-9031.00,Desktop Publishers,1.6284571428571428,2.4322285714285714,5.0,1.345257142857143,2.836257142857143,2.662857142857143,2.0974857142857144,2.166,1.6063428571428573,3.275328571428571
43-9041.00,Insurance Claims and Policy Processing Clerks,1.8011285714285714,2.5744714285714285,5.0,1.3132,2.76,2.02,1.9418,2.8349,1.077942857142857,2.519457142857143
43-9051.00,"Mail Clerks and Mail Machine Operators, Except Postal Service",1.2760142857142858,1.349457142857143,4.72,1.5266142857142857,1.7555714285714283,1.872228571428572,1.2462285714285717,1.863657142857143,1.0357142857142856,1.8374857142857144
43-9061.00,"Office Clerks, General",1.6678571428571431,1.9071428571428573,4.76,1.3266,2.4862857142857147,1.9085714285714288,1.3131428571428572,2.265,1.0135714285714286,2.3325
43-9071.00,"Office Machine Operators, Except Computer",1.4266,1.5441714285714283,4.53,1.6814857142857145,2.1579428571428574,1.9257142857142855,1.4249428571428573,2.164628571428572,1.0942857142857143,2.3326857142857147
43-9081.00,Proofreaders and Copy Markers,1.9977285714285715,1.8458857142857144,4.7,1.1099428571428571,2.944,1.8571428571428568,1.4986142857142857,2.673014285714286,1.0089285714285714,2.1558571428571423
43-9111.00,Statistical Assistants,3.5921,2.572,4.99,1.8265,3.3781857142857143,2.4732142857142856,2.8656,3.773028571428572,2.0,3.3544
45-1011.00,"First-Line Supervisors of Farming, Fishing, and Forestry Workers",1.9763285714285712,2.072685714285714,3.66,2.1740142857142857,2.7343428571428565,2.105,1.7761714285714283,2.386,1.0535714285714286,1.7367142857142857
45-2011.00,Agricultural Inspectors,2.005942857142857,3.076,3.56,1.8305714285714283,3.2697142857142856,1.9085714285714288,2.286314285714286,2.5466000000000006,1.0357142857142856,2.418957142857143
45-2021.00,Animal Breeders,1.2064,1.9493714285714283,2.95,1.4619428571428572,2.0878,1.8571428571428568,1.2051999999999998,1.8185285714285715,1.0357142857142856,1.4671714285714286
45-2041.00,"Graders and Sorters, Agricultural Products",1.4347,1.615257142857143,1.76,1.6641714285714286,2.4536,1.335714285714286,1.5610000000000002,2.0302,1.0,1.1584857142857143
45-2091.00,Agricultural Equipment Operators,1.208,1.5826857142857145,2.22,1.4988285714285714,1.8262857142857143,1.8571428571428568,1.540285714285714,2.5721428571428566,1.0,1.2976857142857143
45-2092.00,"Farmworkers and Laborers, Crop, Nursery, and Greenhouse",2.115542857142857,1.8310857142857144,1.97,1.9334142857142855,2.271442857142857,1.625,1.7280571428571427,2.0024571428571427,1.0664285714285715,1.552914285714286
45-2093.00,"Farmworkers, Farm, Ranch, and Aquacultural Animals",1.943,2.040914285714286,2.38,2.0754857142857146,2.174642857142857,1.872228571428572,1.4440857142857144,2.176571428571428,1.0,1.4457142857142855
45-3031.00,Fishing and Hunting Workers,1.744,2.243,3.48,1.918,2.5122857142857145,1.7385714285714284,1.4462857142857142,2.2107142857142854,1.0042857142857142,1.4935
45-4011.00,Forest and Conservation Workers,1.849942857142857,2.052957142857143,4.89,1.9534857142857145,2.523185714285714,1.8571428571428568,1.5255999999999998,2.249714285714286,1.0206285714285714,1.7502
45-4021.00,Fallers,1.1531428571428572,1.0990714285714285,1.33,1.7018285714285712,1.7250285714285716,1.836785714285714,1.1714285714285717,1.1581,1.0,1.0036142857142858
45-4022.00,Logging Equipment Operators,1.5245714285714285,1.5934,1.94,2.6739571428571427,2.8088,1.8571428571428568,1.5552857142857142,1.5285714285714287,1.0,1.4957714285714283
45-4023.00,Log Graders and Scalers,2.002742857142857,2.551428571428572,2.98,2.697142857142857,2.405,1.8571428571428568,1.6274285714285712,2.4976000000000003,1.0357142857142856,2.1556
47-1011.00,First-Line Supervisors of Construction Trades and Extraction Workers,2.0671428571428567,2.029714285714286,4.55,2.112457142857143,2.5868285714285717,2.216428571428572,1.9630857142857143,2.4772857142857143,1.0089285714285714,1.734885714285714
47-1011.03,Solar Energy Installation Managers,1.536514285714286,1.6608,4.81,1.997942857142857,2.903,2.19,1.8086285714285717,2.1885714285714286,1.0357142857142856,1.7874
47-2011.00,Boilermakers,1.96,1.729857142857143,4.25,1.816657142857143,2.1256000000000004,1.8571428571428568,1.3392857142857142,1.984114285714286,1.0020571428571428,1.7770714285714284
47-2021.00,Brickmasons and Blockmasons,1.8916571428571425,1.5823428571428573,2.53,2.1961857142857144,2.465542857142857,2.0028571428571427,1.9133714285714287,2.273628571428572,1.0,1.1485
47-2022.00,Stonemasons,1.363885714285714,1.672742857142857,3.4,2.437857142857143,2.449128571428571,2.0608,2.0518857142857145,2.586742857142857,1.0,1.186485714285714
47-2031.00,Carpenters,2.1328571428571426,1.961,2.73,1.9512,2.537714285714286,2.1607142857142856,1.7577142857142858,2.3525714285714288,1.0357142857142856,1.5099571428571428
47-2041.00,Carpet Installers,1.4359142857142857,1.1673142857142855,1.19,2.0067142857142857,2.3950571428571426,1.8571428571428568,1.3292571428571427,1.798,1.0,1.029
47-2042.00,"Floor Layers, Except Carpet, Wood, and Hard Tiles",1.975,1.2642285714285717,1.04,1.7967,2.0641857142857143,1.8571428571428568,1.7617142857142858,2.508457142857143,1.0,1.1469571428571428
47-2043.00,Floor Sanders and Finishers,1.5425714285714285,1.6825,1.76,2.0362857142857145,2.221314285714286,1.7734857142857143,2.1984142857142857,1.9876142857142856,1.0,1.2683714285714287
47-2044.00,Tile and Stone Setters,1.5934,1.4047,2.06,2.275428571428572,2.6490142857142853,1.9642857142857144,1.550857142857143,1.7667000000000002,1.0,1.0251428571428571
47-2051.00,Cement Masons and Concrete Finishers,1.7939714285714286,1.8101714285714283,2.22,2.2541714285714285,2.4904,1.9257142857142855,1.4738571428571428,2.357671428571429,1.0020571428571428,1.2077714285714285
47-2053.00,Terrazzo Workers and Finishers,1.539,1.202171428571429,1.42,1.8160000000000005,2.321971428571429,1.7485714285714289,1.452942857142857,1.7618285714285713,1.0,1.0901857142857143
47-2061.00,Construction Laborers,2.485257142857143,1.9702857142857144,1.45,2.149685714285714,2.4920285714285715,1.9085714285714288,1.843328571428572,1.992314285714286,1.0,1.4392857142857145
47-2071.00,"Paving, Surfacing, and Tamping Equipment Operators",1.6470285714285715,1.4864000000000002,2.36,1.9673714285714283,2.0830857142857147,1.8571428571428568,1.4608,1.5577714285714286,1.0,1.346342857142857
47-2072.00,Pile Driver Operators,1.8332571428571427,2.1196,2.16,2.0881,2.636571428571429,1.7857142857142856,1.5478,2.5282,1.0,1.2743285714285713
47-2073.00,Operating Engineers and Other Construction Equipment Operators,2.384128571428572,1.8334857142857144,1.34,2.7622714285714283,2.9085,1.8571428571428568,2.150314285714286,2.5169999999999995,1.0042857142857142,1.5447857142857142
47-2081.00,Drywall and Ceiling Tile Installers,1.3250714285714285,1.1970714285714286,1.87,1.5397857142857143,1.9459428571428568,1.872228571428572,1.2965714285714287,1.5311285714285714,1.0,1.035942857142857
47-2082.00,Tapers,1.1106714285714283,1.030857142857143,1.35,1.3448285714285717,1.8276714285714288,1.655,1.282,1.2808,1.0,1.0006
47-2111.00,Electricians,2.1213999999999995,2.0438,3.95,2.0446857142857144,2.581714285714286,2.524285714285714,1.9675428571428573,2.157514285714286,1.0,1.4021714285714286
47-2121.00,Glaziers,1.7912,1.7263000000000002,2.32,1.8033,2.3963428571428573,1.9085714285714288,1.6001142857142856,2.2441,1.0,1.2351857142857143
47-2131.00,"Insulation Workers, Floor, Ceiling, and Wall",1.4292714285714283,1.3496,1.51,1.6308571428571428,2.144671428571429,1.7734857142857143,1.4941,1.3733428571428572,1.0,1.0687714285714285
47-2132.00,"Insulation Workers, Mechanical",1.4494857142857145,1.358542857142857,2.78,1.7234285714285713,1.9730285714285716,1.872228571428572,1.5344285714285717,1.756057142857143,1.0,1.1663571428571429
47-2141.00,"Painters, Construction and Maintenance",1.8848000000000005,1.9611428571428569,3.23,2.139,2.7219999999999995,1.8057142857142856,1.720457142857143,2.0213714285714284,1.0,1.1116
47-2142.00,Paperhangers,1.1697142857142857,1.1977571428571427,1.18,1.5432,1.572,1.872228571428572,1.247,1.4192285714285713,1.0,1.1365
47-2151.00,Pipelayers,1.6462857142857144,1.2941,2.27,1.6859285714285712,2.3897142857142857,1.8571428571428568,1.7011,1.5301857142857145,1.0,1.319
47-2152.00,"Plumbers, Pipefitters, and Steamfitters",1.6214285714285717,1.6671142857142858,3.42,1.6084714285714283,2.5226,2.023657142857143,1.480857142857143,2.1455714285714285,1.0442857142857145,1.412
47-2152.04,Solar Thermal Installers and Technicians,2.073085714285714,2.0626,3.62,2.056,2.3324857142857143,2.044642857142857,2.3794285714285714,2.6216857142857144,1.0664285714285715,1.6308
47-2161.00,Plasterers and Stucco Masons,1.8342857142857143,1.5877142857142856,1.62,1.9208857142857143,2.726457142857143,1.822857142857143,1.673257142857143,1.8441714285714288,1.0,1.3742714285714286
47-2171.00,Reinforcing Iron and Rebar Workers,1.3712571428571427,1.3206571428571428,2.13,1.922628571428572,2.249714285714286,1.7857142857142856,1.6776428571428572,1.6326999999999998,1.0,1.1647714285714286
47-2181.00,Roofers,1.5381142857142858,1.6321428571428571,1.81,2.1514,2.577142857142857,1.8571428571428568,1.9939428571428568,1.9512,1.0,1.2883428571428572
47-2211.00,Sheet Metal Workers,1.784857142857143,2.258971428571429,2.06,2.0065714285714287,2.4112857142857145,2.0028571428571427,1.4576,2.2132,1.0206285714285714,1.437142857142857
47-2221.00,Structural Iron and Steel Workers,1.3913142857142855,1.1753714285714283,2.31,1.7896,2.3726285714285718,2.105,1.5006428571428572,1.6131285714285712,1.0,1.0323142857142855
47-2231.00,Solar Photovoltaic Installers,2.026685714285714,1.9255714285714285,3.72,1.8941714285714288,2.4600571428571425,2.275,2.052914285714285,2.1131714285714285,1.0442857142857145,1.6654285714285717
47-3011.00,"Helpers--Brickmasons, Blockmasons, Stonemasons, and Tile and Marble Setters",1.706714285714286,1.2792714285714286,1.11,2.015214285714286,2.4856285714285717,1.7208,1.5868857142857142,1.9579,1.0,1.0479142857142858
47-3012.00,Helpers--Carpenters,1.605,1.2651428571428571,2.05,1.7000000000000002,2.333,1.7857142857142856,1.5174,1.6669,1.0,1.1400571428571429
47-3013.00,Helpers--Electricians,2.83,2.4168571428571424,2.29,2.5399,2.700571428571429,1.9449142857142856,2.060714285714286,3.189314285714286,1.0089285714285714,1.693514285714286
47-3014.00,"Helpers--Painters, Paperhangers, Plasterers, and Stucco Masons",1.3790285714285715,1.1168285714285715,1.08,1.3424714285714283,1.7643142857142855,1.5720571428571428,1.1522285714285714,1.3974285714285712,1.0,1.0004
47-3015.00,"Helpers--Pipelayers, Plumbers, Pipefitters, and Steamfitters",1.2819142857142858,1.3816000000000002,1.24,2.055157142857143,2.532285714285714,1.8571428571428568,1.5947142857142858,1.909257142857143,1.0,1.2473714285714286
47-3016.00,Helpers--Roofers,2.194642857142857,1.890285714285714,1.79,1.8086285714285717,2.216628571428571,1.6428571428571428,2.2656,1.9023142857142856,1.0206285714285714,1.7182
47-4011.00,Construction and Building Inspectors,2.68,2.6793142857142858,4.96,1.6388571428571428,3.044342857142857,1.9842857142857144,2.5100571428571428,2.632,1.0549142857142857,2.476571428571429
47-4011.01,Energy Auditors,2.956514285714286,2.5570857142857144,4.83,2.5076285714285715,3.1149142857142853,2.2308,2.4161,3.0656714285714286,1.0535714285714286,2.623342857142857
47-4021.00,Elevator and Escalator Installers and Repairers,1.9537,2.1107142857142858,4.71,1.5682285714285713,2.5369,2.02,1.4127285714285711,2.5812,1.0206285714285714,1.9293142857142855
47-4031.00,Fence Erectors,1.3068,1.4588,1.45,1.6408,1.7982571428571428,1.872228571428572,1.6026571428571428,1.9257142857142855,1.0,1.212457142857143
47-4041.00,Hazardous Materials Removal Workers,2.1104000000000003,2.294442857142857,2.79,2.0861142857142854,2.4202142857142857,2.105,1.6852428571428573,2.412185714285714,1.0089285714285714,1.5942857142857143
47-4051.00,Highway Maintenance Workers,1.9404571428571429,2.056,2.72,1.6810142857142858,2.444500000000001,1.872228571428572,1.966985714285714,2.0506,1.0020571428571428,1.8298428571428569
47-4061.00,Rail-Track Laying and Maintenance Equipment Operators,1.88,1.8679,2.15,2.3224857142857145,2.6015999999999995,1.872228571428572,1.9105142857142856,2.1839285714285714,1.0,1.2530285714285714
47-4071.00,Septic Tank Servicers and Sewer Pipe Cleaners,1.3997714285714284,2.072542857142857,2.83,1.5709,2.67,1.7734857142857143,1.7419285714285715,1.5359714285714283,1.0,1.0320285714285715
47-4091.00,Segmental Pavers,1.734714285714286,1.2878571428571428,2.56,2.1179428571428573,2.2430857142857143,2.0028571428571427,1.7147428571428571,1.9874285714285715,1.0,1.0354857142857143
47-4099.03,Weatherization Installers and Technicians,2.118785714285714,2.283357142857142,3.65,2.2060000000000004,2.6585714285714284,2.0028571428571427,2.0242857142857145,2.4802142857142857,1.077942857142857,1.9143
47-5011.00,"Derrick Operators, Oil and Gas",1.3906857142857143,1.8687571428571423,1.17,1.6662285714285714,1.937657142857143,1.9524142857142857,1.5098571428571428,1.636,1.0,1.4604857142857144
47-5012.00,"Rotary Drill Operators, Oil and Gas",1.9408,2.3624,1.56,2.2384,2.8585000000000003,2.4089285714285715,2.1187,2.542057142857143,1.0,1.0978285714285714
47-5013.00,"Service Unit Operators, Oil and Gas",1.7633714285714286,1.9879428571428568,2.71,2.6165,2.8483,1.8571428571428568,2.337285714285714,2.6687,1.0942857142857143,1.2614285714285716
47-5022.00,"Excavating and Loading Machine and Dragline Operators, Surface Mining",1.8648,1.8824285714285716,1.62,2.2491142857142856,2.4036,1.7734857142857143,1.6894285714285715,2.258285714285714,1.0,1.1932
47-5023.00,"Earth Drillers, Except Oil and Gas",1.8184285714285715,1.6785714285714288,1.71,2.1232,2.4173714285714287,2.0028571428571427,1.848,1.9007714285714288,1.0,1.1670285714285713
47-5032.00,"Explosives Workers, Ordnance Handling Experts, and Blasters",2.3872,2.9411,2.86,2.702042857142857,3.240614285714285,2.645714285714285,1.7971428571428572,2.7992857142857144,1.0,1.5416285714285711
47-5041.00,Continuous Mining Machine Operators,1.9136285714285717,1.3713714285714285,1.35,1.7293857142857143,2.270157142857143,1.8571428571428568,1.4796,1.7386285714285714,1.0,1.1590714285714283
47-5043.00,"Roof Bolters, Mining",1.5398714285714286,1.7482857142857142,1.03,1.8621714285714288,2.4722285714285714,2.216428571428572,2.0614857142857144,2.2978571428571426,1.0,1.0552
47-5044.00,"Loading and Moving Machine Operators, Underground Mining",1.260042857142857,1.3931428571428572,1.27,1.5519571428571428,2.290928571428571,1.8571428571428568,1.336142857142857,1.5393142857142856,1.0,1.0870714285714285
47-5051.00,"Rock Splitters, Quarry",1.4944428571428572,1.2507142857142857,1.31,1.5937857142857144,1.9,1.7734857142857143,1.2704,1.5447142857142857,1.0,1.0740571428571428
47-5071.00,"Roustabouts, Oil and Gas",1.598085714285714,2.1655,2.67,1.9542857142857144,2.415442857142857,1.872228571428572,1.492,2.1740142857142857,1.0,1.2508142857142857
47-5081.00,Helpers--Extraction Workers,2.7150428571428566,2.5792857142857137,1.94,2.8925714285714283,2.4705857142857144,1.9257142857142855,2.7904857142857145,2.754785714285714,1.0,1.3509
49-1011.00,"First-Line Supervisors of Mechanics, Installers, and Repairers",2.056914285714286,2.6711714285714283,4.41,2.176685714285714,2.7618,2.571428571428571,1.9968285714285716,2.4875714285714285,1.1408,2.5107142857142857
49-2011.00,"Computer, Automated Teller, and Office Machine Repairers",1.8285714285714283,1.666285714285714,4.52,1.4173285714285715,2.650385714285714,2.0608,1.3694571428571427,1.6111,1.2000000000000002,2.710500000000001
49-2021.00,"Radio, Cellular, and Tower Equipment Installers and Repairers",2.249328571428572,2.639357142857143,4.23,2.0457142857142854,2.652857142857143,2.1492,2.3653000000000004,3.1465428571428573,1.1785714285714286,2.9479
49-2022.00,"Telecommunications Equipment Installers and Repairers, Except Line Installers",1.9620571428571427,2.1125714285714285,4.77,1.5406857142857142,2.695257142857143,2.25,1.8498142857142856,2.2117571428571425,1.231428571428571,2.877257142857143
49-2091.00,Avionics Technicians,2.575042857142857,3.321714285714286,3.92,1.811357142857143,2.847285714285714,2.524285714285714,2.1758285714285712,2.687057142857143,1.077942857142857,2.8135000000000003
49-2092.00,"Electric Motor, Power Tool, and Related Repairers",1.9835714285714283,2.506428571428572,2.74,2.4047857142857145,2.891428571428571,2.2071428571428573,2.1037428571428576,2.547485714285714,1.0942857142857143,1.7268571428571429
49-2093.00,"Electrical and Electronics Installers and Repairers, Transportation Equipment",2.446214285714285,2.096857142857143,3.2,2.337142857142857,2.524285714285714,2.0028571428571427,1.624642857142857,2.627142857142857,1.0664285714285715,2.4756857142857145
49-2094.00,"Electrical and Electronics Repairers, Commercial and Industrial Equipment",2.376957142857143,2.8497142857142856,4.3,2.115485714285714,2.5380714285714285,2.645714285714285,1.8932,2.3248857142857142,1.3392000000000002,2.8644
49-2095.00,"Electrical and Electronics Repairers, Powerhouse, Substation, and Relay",2.552457142857143,2.754514285714286,4.43,1.8974571428571427,2.7039285714285715,2.1142857142857143,1.8479428571428569,2.722214285714286,1.1408,2.460814285714286
49-2096.00,"Electronic Equipment Installers and Repairers, Motor Vehicles",2.2886714285714285,1.819,2.95,1.8177,2.7785714285714285,2.044642857142857,2.049357142857143,2.606242857142857,1.1408,2.6872000000000003
49-2097.00,Audiovisual Equipment Installers and Repairers,2.227942857142857,1.874942857142857,4.58,1.8714285714285717,2.755,2.044642857142857,1.6978857142857144,2.5455,1.1107142857142858,2.7636142857142856
49-2098.00,Security and Fire Alarm Systems Installers,1.8575000000000004,2.2728,4.13,1.7837142857142858,2.2222,2.02,1.663257142857143,2.225171428571429,1.0942857142857143,2.4749
49-3011.00,Aircraft Mechanics and Service Technicians,2.5756,3.369871428571429,3.71,2.2518571428571432,2.982928571428572,2.765714285714286,2.198757142857142,2.8731428571428577,1.0664285714285715,2.066628571428572
49-3021.00,Automotive Body and Related Repairers,1.620857142857143,1.6351571428571428,1.05,1.9874285714285715,2.4075999999999995,2.0028571428571427,1.5645714285714285,2.4308714285714283,1.0803571428571428,1.705857142857143
49-3022.00,Automotive Glass Installers and Repairers,1.1830571428571428,1.3538285714285714,2.46,1.4340571428571427,1.9858857142857145,1.822857142857143,1.3331142857142857,1.5425,1.0020571428571428,1.1965
49-3023.00,Automotive Service Technicians and Mechanics,2.2116571428571428,1.7926285714285717,3.06,1.7524,2.9697142857142858,2.19,1.9980571428571428,1.9673714285714283,1.0664285714285715,2.294714285714286
49-3031.00,Bus and Truck Mechanics and Diesel Engine Specialists,2.433685714285714,2.275828571428571,3.05,1.961,2.942028571428572,2.1492,1.6924285714285716,2.418771428571429,1.1408,1.9842857142857144
49-3041.00,Farm Equipment Mechanics and Service Technicians,1.8290285714285717,2.692857142857143,3.05,1.5974285714285714,2.4937428571428573,2.2071428571428573,2.186871428571429,1.8691428571428568,1.0549142857142857,2.3488
49-3042.00,"Mobile Heavy Equipment Mechanics, Except Engines",2.3056,2.477228571428572,3.9,1.9035714285714285,2.363314285714286,2.3192,2.0631142857142857,2.3602857142857143,1.0549142857142857,2.178171428571429
49-3043.00,Rail Car Repairers,1.8416571428571429,1.8963714285714288,2.31,1.7029999999999998,2.5747142857142853,1.9085714285714288,1.3574285714285714,1.738,1.0,1.2497142857142858
49-3051.00,Motorboat Mechanics and Service Technicians,2.1843142857142857,1.7925142857142855,2.59,1.8560571428571428,2.463057142857143,2.086428571428572,1.5717142857142856,2.123942857142857,1.0549142857142857,1.7936285714285711
49-3052.00,Motorcycle Mechanics,2.608771428571429,2.149914285714286,3.69,2.101257142857143,2.9234285714285715,1.9085714285714288,2.0780000000000003,2.5270857142857146,1.0089285714285714,2.7846714285714285
49-3053.00,Outdoor Power Equipment and Other Small Engine Mechanics,1.642485714285714,2.141,2.36,2.0664,2.3500428571428573,2.0028571428571427,1.5908571428571427,2.0351857142857144,1.0206285714285714,2.134328571428572
49-3091.00,Bicycle Repairers,1.5016000000000005,1.9764857142857144,4.13,1.4914285714285715,2.6209857142857143,2.1677714285714287,1.5002857142857144,1.5965714285714283,1.0020571428571428,1.5994000000000002
49-3092.00,Recreational Vehicle Service Technicians,1.778771428571429,2.011,2.51,1.991342857142857,3.046,2.1357142857142857,2.008,2.017,1.0357142857142856,1.7013999999999998
49-3093.00,Tire Repairers and Changers,2.1631857142857145,1.5027142857142857,2.67,2.2312857142857143,2.659771428571428,1.822857142857143,1.5921714285714286,2.052514285714285,1.0,1.5181
49-9011.00,Mechanical Door Repairers,1.5807857142857142,1.5699142857142858,2.98,1.6969999999999998,2.355714285714286,1.872228571428572,1.419142857142857,1.8426285714285715,1.0,1.2624
49-9012.00,"Control and Valve Installers and Repairers, Except Mechanical Door",2.291371428571429,2.738128571428572,4.01,2.2685714285714287,2.871657142857143,2.1492,1.8756,2.723071428571429,1.0664285714285715,2.3716
49-9021.00,"Heating, Air Conditioning, and Refrigeration Mechanics and Installers",1.851785714285714,1.904,3.89,1.8168285714285712,2.346285714285714,2.125,1.7709285714285712,2.202314285714286,1.0664285714285715,1.565142857142857
49-9031.00,Home Appliance Repairers,1.9847,1.8484571428571428,3.57,1.7039428571428572,2.592014285714286,1.9642857142857144,1.5104,2.0910714285714285,1.0549142857142857,1.6369000000000002
49-9041.00,Industrial Machinery Mechanics,2.0197000000000003,2.222728571428571,2.9,1.8928000000000005,2.3280142857142856,2.3857142857142857,1.9663714285714289,2.0663714285714283,1.1607142857142858,2.0336857142857143
49-9043.00,"Maintenance Workers, Machinery",1.813428571428572,2.253142857142857,3.76,1.5142857142857142,2.210457142857143,1.8571428571428568,1.9781714285714287,1.5676,1.0803571428571428,1.9048
49-9044.00,Millwrights,2.3399714285714284,3.048228571428571,3.95,1.7657142857142858,2.9398285714285715,2.524285714285714,2.2064,2.6653,1.0803571428571428,1.663771428571429
49-9045.00,"Refractory Materials Repairers, Except Brickmasons",1.5657142857142856,1.5402285714285715,1.14,1.5965714285714283,2.0412,1.8406285714285715,1.4717714285714285,1.9108,1.0,1.1095428571428572
49-9051.00,Electrical Power-Line Installers and Repairers,1.2916571428571428,1.2701428571428572,3.93,1.925585714285714,2.692428571428571,2.4522285714285714,1.7014857142857145,1.8246142857142853,1.0089285714285714,1.1755
49-9052.00,Telecommunications Line Installers and Repairers,2.084928571428572,2.0885,3.29,1.8289285714285712,2.355142857142857,1.872228571428572,1.7497142857142856,2.1284857142857145,1.0549142857142857,2.1890285714285715
49-9061.00,Camera and Photographic Equipment Repairers,1.6131571428571427,1.4341142857142857,3.85,1.7531714285714284,2.1301428571428573,2.023657142857143,1.2054571428571428,1.5110714285714284,1.1339285714285714,2.1161142857142856
49-9062.00,Medical Equipment Repairers,2.130128571428572,2.7185714285714284,4.66,1.8463,2.8861428571428567,2.2857142857142856,1.717857142857143,2.351442857142857,1.197142857142857,2.5329714285714284
49-9063.00,Musical Instrument Repairers and Tuners,1.4374857142857145,1.7493142857142856,4.76,1.8906857142857143,2.571928571428572,1.9449142857142856,1.423542857142857,1.8567714285714287,1.0089285714285714,1.6055
49-9064.00,Watch and Clock Repairers,2.649228571428571,1.7971428571428572,2.89,2.575,2.502828571428571,2.0608,1.4380000000000002,1.9857857142857145,1.0,1.3111428571428572
49-9071.00,"Maintenance and Repair Workers, General",2.253571428571429,2.457057142857143,4.45,2.196428571428572,2.7921428571428573,2.5428571428571427,1.951085714285714,2.3273714285714284,1.0271428571428571,2.051842857142857
49-9081.00,Wind Turbine Service Technicians,2.478485714285714,2.747014285714286,4.75,2.1235714285714287,2.536,2.044642857142857,2.0385,2.6899,1.0549142857142857,2.5275714285714286
49-9091.00,"Coin, Vending, and Amusement Machine Servicers and Repairers",1.559942857142857,1.888,4.39,1.429742857142857,1.7456,1.9257142857142855,1.3017142857142856,1.8706285714285715,1.0206285714285714,1.746657142857143
49-9092.00,Commercial Divers,1.6964571428571429,2.2558857142857143,3.38,1.834642857142857,2.5555428571428576,2.216428571428572,1.6860000000000002,2.010357142857143,1.0,1.3895
49-9094.00,Locksmiths and Safe Repairers,2.1492,2.4564571428571425,4.81,1.9112428571428568,2.912114285714286,2.0608,1.9313142857142855,2.1443142857142856,1.0549142857142857,2.161
49-9095.00,Manufactured Building and Mobile Home Installers,1.651342857142857,2.4136,1.15,1.8869714285714287,2.6358571428571427,2.19,3.4244000000000003,2.333,1.0,1.351314285714286
49-9096.00,Riggers,1.9442285714285716,2.225142857142857,2.73,2.107428571428572,2.6502857142857144,2.0028571428571427,1.8049285714285717,2.474628571428571,1.0,1.4127142857142858
49-9097.00,Signal and Track Switch Repairers,1.530014285714286,1.8987,3.4,1.1735714285714285,1.7533714285714286,1.9085714285714288,1.549542857142857,1.7450714285714286,1.1257142857142857,1.552871428571429
49-9098.00,"Helpers--Installation, Maintenance, and Repair Workers",1.6709714285714283,1.6282714285714288,3.69,1.6725714285714286,2.435,1.872228571428572,1.231428571428571,1.7567714285714289,1.0206285714285714,1.2671428571428571
49-9099.01,Geothermal Technicians,2.2116571428571428,2.588,4.57,2.326,2.7738,2.0028571428571427,2.1064857142857143,2.249485714285714,1.1408,2.2482285714285712
51-1011.00,First-Line Supervisors of Production and Operating Workers,2.191771428571429,2.092857142857143,4.41,1.7954714285714286,2.8522,2.1635714285714283,1.6685714285714286,2.5708,1.0135714285714286,2.2792
51-2011.00,"Aircraft Structure, Surfaces, Rigging, and Systems Assemblers",2.205214285714286,2.8273714285714284,1.72,2.3226142857142857,2.544528571428572,2.2308,1.7475,2.4210000000000003,1.0714285714285714,2.0506
51-2021.00,"Coil Winders, Tapers, and Finishers",1.6494428571428572,1.4048714285714283,1.25,2.025442857142857,2.5685714285714285,1.7036571428571428,1.7876,2.0292285714285714,1.0,1.4260000000000002
51-2022.00,Electrical and Electronic Equipment Assemblers,1.9019,2.007128571428572,1.9,1.7262857142857144,2.471714285714286,2.0028571428571427,1.6775714285714285,1.733457142857143,1.0089285714285714,1.6397285714285714
51-2023.00,Electromechanical Equipment Assemblers,1.9476,1.914628571428572,3.22,2.0053428571428573,2.485257142857143,2.1635714285714283,1.4649142857142856,1.9128571428571428,1.0357142857142856,1.7948285714285714
51-2031.00,Engine and Other Machine Assemblers,1.5398714285714286,1.6291999999999998,2.52,1.6058285714285714,2.147571428571428,1.9085714285714288,1.4258285714285714,1.9358285714285717,1.0803571428571428,1.563314285714286
51-2041.00,Structural Metal Fabricators and Fitters,1.6598714285714284,1.7976571428571426,1.96,1.6880714285714284,2.0600714285714288,1.8914285714285717,2.0231714285714286,2.531428571428571,1.0,1.5544000000000002
51-2051.00,Fiberglass Laminators and Fabricators,1.593057142857143,2.0242857142857145,1.2,1.9579,2.2411571428571437,2.0028571428571427,1.7111428571428573,1.7762857142857142,1.0,1.2590714285714286
51-2061.00,Timing Device Assemblers and Adjusters,1.7475428571428573,1.4020428571428571,3.09,1.6075000000000002,1.883314285714286,1.9842857142857144,1.405957142857143,1.6700714285714289,1.0271428571428571,1.4524
51-2092.00,Team Assemblers,1.6062142857142856,1.603814285714286,2.56,2.1330857142857145,2.665942857142857,2.044642857142857,1.4679142857142855,1.9048857142857143,1.0549142857142857,1.762742857142857
51-3011.00,Bakers,1.2919999999999998,1.2711428571428571,2.88,1.3669714285714285,2.0906,1.8571428571428568,1.266,1.4452,1.0,1.2817142857142856
51-3021.00,Butchers and Meat Cutters,1.6501428571428571,1.6978857142857144,2.54,2.0351857142857144,2.564,1.9085714285714288,1.3565285714285715,2.0842857142857145,1.0020571428571428,1.51
51-3022.00,"Meat, Poultry, and Fish Cutters and Trimmers",2.0698857142857143,1.8120000000000005,1.43,2.1454,2.5507142857142853,1.7857142857142856,1.8509285714285717,2.308757142857143,1.0,1.2638285714285713
51-3023.00,Slaughterers and Meat Packers,1.2713857142857143,1.3594285714285714,1.42,1.3694571428571427,1.857271428571429,1.625,1.41,1.3715714285714284,1.0,1.05
51-3091.00,"Food and Tobacco Roasting, Baking, and Drying Machine Operators and Tenders",2.0845714285714285,2.353857142857143,2.14,1.845428571428572,2.5876571428571427,1.9085714285714288,2.0202142857142857,2.3933714285714287,1.0089285714285714,2.0064
51-3092.00,Food Batchmakers,2.168328571428572,2.8552857142857144,1.65,2.365,2.3381857142857143,2.1677714285714287,1.882442857142857,2.334857142857143,1.0020571428571428,2.013257142857143
51-3093.00,Food Cooking Machine Operators and Tenders,1.9018571428571431,2.5908571428571427,2.02,2.2496,2.557,1.9449142857142856,1.959,2.352457142857143,1.0089285714285714,1.517885714285714
51-4021.00,"Extruding and Drawing Machine Setters, Operators, and Tenders, Metal and Plastic",1.7975142857142856,1.8365,1.93,2.057657142857143,2.47,1.9085714285714288,1.3456,2.249757142857143,1.0357142857142856,1.7965714285714285
51-4022.00,"Forging Machine Setters, Operators, and Tenders, Metal and Plastic",1.5689285714285712,1.7682142857142855,1.97,1.4996285714285715,2.270857142857143,1.9642857142857144,1.5872285714285714,1.7714285714285716,1.0089285714285714,1.6788571428571428
51-4023.00,"Rolling Machine Setters, Operators, and Tenders, Metal and Plastic",2.2320714285714285,2.494,2.12,2.1596,2.8197857142857146,1.9642857142857144,1.5508,2.551085714285714,1.0549142857142857,1.9503
51-4031.00,"Cutting, Punching, and Press Machine Setters, Operators, and Tenders, Metal and Plastic",1.653657142857143,1.9446142857142856,1.07,1.2413571428571428,1.914285714285714,1.9642857142857144,1.270342857142857,1.6986571428571429,1.0,1.388
51-4032.00,"Drilling and Boring Machine Tool Setters, Operators, and Tenders, Metal and Plastic",2.266371428571429,2.472914285714286,2.91,1.5798142857142858,2.3809714285714287,2.0028571428571427,2.0868,2.3944857142857146,1.0178571428571428,2.5944571428571432
51-4033.00,"Grinding, Lapping, Polishing, and Buffing Machine Tool Setters, Operators, and Tenders, Metal and Plastic",1.3894000000000002,2.8703,2.4,1.9079714285714289,2.096128571428572,1.9842857142857144,1.7176,2.1104000000000003,1.0803571428571428,1.8683714285714288
51-4034.00,"Lathe and Turning Machine Tool Setters, Operators, and Tenders, Metal and Plastic",2.402014285714285,2.174542857142857,2.17,1.9073714285714285,2.769628571428571,1.8571428571428568,2.116471428571429,2.4461714285714287,1.1257142857142857,2.7871428571428574
51-4035.00,"Milling and Planing Machine Setters, Operators, and Tenders, Metal and Plastic",1.957028571428572,1.971085714285714,1.67,1.8674571428571427,1.9538,1.9085714285714288,1.942,2.6547142857142854,1.0357142857142856,2.072685714285714
51-4041.00,Machinists,1.851314285714286,1.9782285714285717,2.51,1.8415,2.461128571428571,1.9085714285714288,1.4608,2.4904,1.12,2.1193142857142853
51-4051.00,Metal-Refining Furnace Operators and Tenders,1.9137142857142857,2.0215428571428573,2.02,2.099,2.764642857142857,1.9642857142857144,1.5461714285714288,1.983714285714285,1.0,1.457542857142857
51-4052.00,"Pourers and Casters, Metal",1.5543,1.9073,1.73,1.5352,1.7872,1.7734857142857143,1.7121142857142857,2.0152,1.0089285714285714,1.5098571428571428
51-4061.00,"Model Makers, Metal and Plastic",1.8414857142857144,1.5921714285714286,1.9,1.956142857142857,2.1643428571428576,2.2071428571428573,1.5097142857142858,1.7524,1.1785714285714286,1.8685714285714283
51-4062.00,"Patternmakers, Metal and Plastic",1.5794285714285716,1.4907142857142857,3.78,1.4907142857142857,2.0632714285714284,1.9449142857142856,1.4805428571428572,2.251857142857143,1.2000000000000002,1.936785714285714
51-4071.00,Foundry Mold and Coremakers,1.3910714285714283,1.8976428571428567,1.56,2.0520571428571426,2.2441,1.7857142857142856,1.2662714285714285,1.8527285714285715,1.0,1.065
51-4072.00,"Molding, Coremaking, and Casting Machine Setters, Operators, and Tenders, Metal and Plastic",1.5916,1.6526285714285716,2.17,1.5433999999999997,2.071357142857143,2.0028571428571427,1.5907,1.6908571428571428,1.0271428571428571,1.4020428571428571
51-4081.00,"Multiple Machine Tool Setters, Operators, and Tenders, Metal and Plastic",2.7279714285714287,2.5275714285714286,3.32,2.6857285714285712,2.8174857142857146,2.0028571428571427,2.056971428571429,3.0452285714285714,1.1408,2.4972142857142856
51-4111.00,Tool and Die Makers,1.6487714285714286,1.7558571428571428,3.23,1.7405714285714284,2.531757142857143,2.205357142857143,1.9189428571428573,1.9107857142857143,1.0549142857142857,2.0664
51-4121.00,"Welders, Cutters, Solderers, and Brazers",1.4001714285714286,1.2247,1.88,1.5148571428571431,2.0330285714285714,1.6714285714285717,1.2543142857142855,1.429971428571429,1.0,1.2573142857142858
51-4122.00,"Welding, Soldering, and Brazing Machine Setters, Operators, and Tenders",1.841,1.8442857142857143,2.48,1.7514285714285711,2.3772571428571427,1.9085714285714288,1.7014857142857145,1.9070285714285715,1.0020571428571428,1.5137714285714288
51-4191.00,"Heat Treating Equipment Setters, Operators, and Tenders, Metal and Plastic",1.5181428571428572,2.059657142857142,1.91,1.956057142857143,2.113771428571429,2.044642857142857,1.5190714285714286,1.7196142857142855,1.0942857142857143,2.028428571428571
51-4192.00,"Layout Workers, Metal and Plastic",2.0881,1.664,2.32,2.2038857142857142,2.645542857142857,2.0608,2.2324,2.5000857142857145,1.0020571428571428,1.3219714285714286
51-4193.00,"Plating Machine Setters, Operators, and Tenders, Metal and Plastic",1.6964285714285716,1.8018,1.65,1.6473142857142855,2.1982142857142857,1.8571428571428568,1.5972857142857144,1.8897428571428567,1.0,1.2045571428571429
51-4194.00,"Tool Grinders, Filers, and Sharpeners",1.5692285714285714,1.8767428571428573,1.97,1.9207428571428573,2.095985714285714,1.8571428571428568,1.342657142857143,1.855,1.0357142857142856,1.8128285714285712
51-5111.00,Prepress Technicians and Workers,1.7158857142857142,1.7963428571428572,4.46,1.9774142857142856,2.888585714285714,1.9085714285714288,1.790057142857143,2.2428,1.0942857142857143,3.196
51-5112.00,Printing Press Operators,2.2030857142857143,1.93,2.34,1.9905142857142857,2.740342857142857,1.9449142857142856,1.8067428571428568,2.588857142857143,1.0442857142857145,2.208571428571429
51-5113.00,Print Binding and Finishing Workers,1.7851857142857144,1.5673,1.57,1.8772857142857144,2.7379857142857142,1.9285714285714288,1.9504,2.107285714285714,1.077942857142857,1.6012857142857142
51-6011.00,Laundry and Dry-Cleaning Workers,1.1829142857142858,1.1085285714285713,1.37,1.477942857142857,1.6319714285714286,1.6391999999999998,1.1513285714285717,1.4495,1.0,1.2262857142857144
51-6021.00,"Pressers, Textile, Garment, and Related Materials",1.2833714285714286,1.279828571428571,1.47,1.4893571428571428,1.9799285714285717,1.4542857142857144,1.3224571428571428,1.5185714285714285,1.0,1.1726285714285714
51-6031.00,Sewing Machine Operators,1.2584857142857142,1.2865714285714287,1.34,1.5704285714285713,1.8832,1.7934857142857146,1.3438571428571429,1.4843428571428572,1.0,1.1695428571428572
51-6041.00,Shoe and Leather Workers and Repairers,1.5645142857142855,1.2701428571428572,2.21,2.105157142857143,2.0952,1.8571428571428568,1.6545142857142858,1.5974285714285714,1.0,1.3205714285714285
51-6042.00,Shoe Machine Operators and Tenders,1.3895285714285714,1.557257142857143,2.02,1.7677571428571426,1.5140571428571428,1.75,1.5488,1.547942857142857,1.0135714285714286,1.523457142857143
51-6051.00,"Sewers, Hand",1.424642857142857,1.0533571428571429,2.47,1.4472,2.1285142857142856,1.9085714285714288,1.1378285714285714,2.1427428571428573,1.0020571428571428,1.1573714285714285
51-6052.00,"Tailors, Dressmakers, and Custom Sewers",1.4074285714285717,1.2353142857142858,2.65,1.4630285714285716,1.7057857142857142,1.8914285714285717,1.1987142857142856,1.5089142857142857,1.0,1.024
51-6061.00,Textile Bleaching and Dyeing Machine Operators and Tenders,2.037057142857143,1.5257142857142858,1.78,1.743942857142857,2.3288,1.9085714285714288,1.8344285714285715,2.198928571428572,1.0271428571428571,1.801685714285714
51-6062.00,"Textile Cutting Machine Setters, Operators, and Tenders",1.5296285714285711,1.5473714285714286,1.73,1.8958285714285716,2.070428571428572,1.9642857142857144,1.4275571428571427,1.7598857142857145,1.0803571428571428,1.6940714285714285
51-6063.00,"Textile Knitting and Weaving Machine Setters, Operators, and Tenders",1.781485714285714,1.8019142857142856,1.73,1.8569,2.6347428571428573,1.7036571428571428,1.4145142857142858,2.0547142857142857,1.0089285714285714,1.4071
51-6064.00,"Textile Winding, Twisting, and Drawing Out Machine Setters, Operators, and Tenders",1.5896,1.5342857142857145,1.28,2.107,2.2,1.7734857142857143,1.3738,1.605985714285714,1.0,1.3901857142857144
51-6091.00,"Extruding and Forming Machine Setters, Operators, and Tenders, Synthetic and Glass Fibers",2.2514857142857143,2.241714285714285,3.65,2.0725,3.0959714285714286,1.9449142857142856,1.6326571428571426,2.496785714285714,1.0089285714285714,1.594042857142857
51-6092.00,Fabric and Apparel Patternmakers,2.121142857142857,2.186542857142857,3.67,2.1023571428571426,2.978714285714285,2.4732142857142856,2.122371428571429,2.3728,1.1785714285714286,2.2675
51-6093.00,Upholsterers,1.6656142857142855,1.2825714285714285,1.05,2.3060714285714283,2.1805142857142856,1.9449142857142856,1.339271428571429,1.8960142857142857,1.0,1.3722571428571428
51-7011.00,Cabinetmakers and Bench Carpenters,2.201014285714286,1.3708,1.0,2.2577142857142856,2.3401428571428573,2.023657142857143,1.868142857142857,2.2243000000000004,1.0664285714285715,1.1370285714285715
51-7021.00,Furniture Finishers,1.6229285714285715,1.4694857142857145,1.4,1.9111142857142855,2.717157142857143,1.8914285714285717,1.5441714285714283,2.027542857142857,1.0020571428571428,1.5358571428571426
51-7031.00,"Model Makers, Wood",1.612,1.8624,3.02,1.8778,2.213857142857143,2.0608,2.1393714285714287,1.872142857142857,1.0,1.2121428571428572
51-7032.00,"Patternmakers, Wood",2.1455714285714285,1.4849714285714286,3.68,1.869214285714286,2.667842857142857,2.0028571428571427,1.6150285714285717,2.2531428571428576,1.0549142857142857,1.949242857142857
51-7041.00,"Sawing Machine Setters, Operators, and Tenders, Wood",1.2059285714285717,1.2703,1.68,1.713142857142857,1.8432,1.7200000000000002,1.2945,1.4462285714285714,1.0020571428571428,1.1624
51-7042.00,"Woodworking Machine Setters, Operators, and Tenders, Except Sawing",1.4000857142857142,1.4578,1.57,1.6804,2.0029857142857144,1.822857142857143,1.2098285714285717,1.8686,1.12,1.202
51-8011.00,Nuclear Power Reactor Operators,2.9152,3.4504857142857137,4.88,2.18,3.3131428571428567,2.7142857142857144,2.1804,3.3688,1.1785714285714286,2.2294857142857145
51-8012.00,Power Distributors and Dispatchers,3.307542857142857,3.212142857142857,4.55,2.2841285714285715,3.699657142857143,2.25,2.0589714285714287,3.3637428571428565,1.0206285714285714,3.106785714285714
51-8013.00,Power Plant Operators,1.9976285714285715,2.4674,4.65,1.936,2.5853714285714284,2.086428571428572,1.7919999999999998,2.5872,1.0942857142857143,1.9557142857142855
51-8013.03,Biomass Plant Technicians,2.5464571428571428,2.8231,3.24,2.0164,2.5953,2.1492,2.280357142857143,2.377,1.0803571428571428,2.294014285714286
51-8013.04,Hydroelectric Plant Technicians,2.175,2.4089285714285715,4.86,1.6650142857142858,2.4945,2.422142857142857,1.846,2.5163,1.1339285714285714,2.047857142857143
51-8021.00,Stationary Engineers and Boiler Operators,2.475914285714285,2.620428571428572,4.57,2.375228571428572,2.633928571428571,2.0028571428571427,2.032742857142857,2.894285714285714,1.0206285714285714,2.2015
51-8031.00,Water and Wastewater Treatment Plant and System Operators,2.87,3.002757142857143,4.83,2.086428571428572,2.821428571428571,1.9085714285714288,2.0206857142857144,3.0922,1.0549142857142857,2.2990285714285714
51-8091.00,Chemical Plant and System Operators,1.8973714285714287,2.2236571428571428,3.54,1.7524,3.3633428571428574,2.2928571428571427,1.6014,1.9206857142857143,1.1071428571428572,1.999142857142857
51-8092.00,Gas Plant Operators,2.632642857142857,2.9215,4.6,2.302657142857143,2.730142857142857,1.9842857142857144,2.0095428571428573,2.881,1.0664285714285715,2.424314285714286
51-8093.00,"Petroleum Pump System Operators, Refinery Operators, and Gaugers",1.892657142857143,2.088285714285714,3.9,2.0631142857142857,2.3906285714285715,2.4732142857142856,1.6075000000000002,2.179085714285714,1.1257142857142857,1.6852142857142858
51-8099.01,Biofuels Processing Technicians,2.620514285714286,3.060514285714286,3.33,2.213714285714285,2.6638,2.1492,2.1693571428571428,2.8390857142857144,1.0885714285714283,2.3056
51-9011.00,Chemical Equipment Operators and Tenders,2.376957142857143,2.395457142857143,4.41,2.1039142857142856,2.517528571428572,2.19,2.2706285714285714,2.4811428571428573,1.0549142857142857,1.9769714285714284
51-9012.00,"Separating, Filtering, Clarifying, Precipitating, and Still Machine Setters, Operators, and Tenders",1.926742857142857,1.8618,1.86,1.569314285714286,2.5863857142857145,2.02,1.4505142857142856,2.1548142857142856,1.0803571428571428,1.8938
51-9021.00,"Crushing, Grinding, and Polishing Machine Setters, Operators, and Tenders",1.4767428571428571,2.0912,2.19,1.6942857142857142,2.076342857142857,1.8057142857142856,1.7097142857142855,1.8377428571428571,1.0089285714285714,1.6723714285714286
51-9022.00,"Grinding and Polishing Workers, Hand",2.2693142857142856,1.7752,1.84,3.128457142857143,1.8319,1.9085714285714288,2.9516,3.1243000000000003,1.0089285714285714,2.189285714285714
51-9023.00,"Mixing and Blending Machine Setters, Operators, and Tenders",1.420642857142857,2.3128857142857147,1.65,1.5904,2.5198857142857145,1.9449142857142856,1.6496,1.8688,1.0206285714285714,1.4774
51-9031.00,"Cutters and Trimmers, Hand",1.5146000000000002,1.4598,1.09,2.418857142857143,1.7356142857142858,1.9085714285714288,1.3058714285714286,1.8033142857142856,1.0,1.2193142857142856
51-9032.00,"Cutting and Slicing Machine Setters, Operators, and Tenders",1.8601142857142856,2.0108571428571427,2.6,2.108157142857143,2.160542857142857,2.0028571428571427,1.6338285714285714,2.3191428571428574,1.1257142857142857,1.6300428571428571
51-9041.00,"Extruding, Forming, Pressing, and Compacting Machine Setters, Operators, and Tenders",1.876342857142857,2.3243,1.55,1.7121142857142857,2.589142857142857,2.0028571428571427,1.7408285714285712,2.5484857142857145,1.0089285714285714,2.1438
51-9051.00,"Furnace, Kiln, Oven, Drier, and Kettle Operators and Tenders",1.9446285714285716,2.065728571428572,1.41,1.8037142857142856,2.6499571428571427,1.9085714285714288,1.5445000000000002,2.466742857142857,1.0089285714285714,1.5625714285714287
51-9061.00,"Inspectors, Testers, Sorters, Samplers, and Weighers",2.2852,2.7225,4.18,2.1598571428571427,2.717157142857143,1.9085714285714288,1.5192571428571429,2.573457142857143,1.0442857142857145,1.971614285714286
51-9071.00,Jewelers and Precious Stone and Metal Workers,1.6921428571428572,1.8132,4.08,1.817857142857143,2.487285714285714,1.8914285714285717,1.4596428571428572,2.0206285714285714,1.0206285714285714,1.660685714285714
51-9071.06,Gem and Diamond Workers,1.3950285714285715,1.8628285714285715,4.27,2.3553571428571427,1.925814285714286,1.7857142857142856,1.1392857142857142,1.6026,1.0,1.2928000000000002
51-9081.00,Dental Laboratory Technicians,2.5029285714285714,2.292342857142857,2.92,1.912728571428572,2.559828571428572,2.105,2.203085714285714,2.897828571428572,1.0135714285714286,1.8480571428571428
51-9082.00,Medical Appliance Technicians,1.9529714285714284,1.999,3.79,2.184,2.769,2.1677714285714287,1.909142857142857,2.265142857142857,1.0206285714285714,1.5724
51-9083.00,Ophthalmic Laboratory Technicians,1.7332,1.6449142857142856,2.82,1.4896,2.308542857142857,1.9085714285714288,1.585,1.8202857142857145,1.0803571428571428,2.016228571428571
51-9111.00,Packaging and Filling Machine Operators and Tenders,2.035428571428572,1.8168714285714285,1.89,1.9568,2.3152857142857144,1.8571428571428568,1.5967428571428572,2.3348285714285715,1.0020571428571428,1.5523571428571428
51-9123.00,"Painting, Coating, and Decorating Workers",1.4048571428571428,1.2943,2.9,1.8034,2.0668,1.6391999999999998,1.4864000000000002,2.1132,1.0,1.0376
51-9124.00,"Coating, Painting, and Spraying Machine Setters, Operators, and Tenders",2.1025,1.9788142857142856,1.39,2.2636,2.261285714285714,1.8571428571428568,1.9334,2.514828571428572,1.0206285714285714,1.5587714285714285
51-9141.00,Semiconductor Processing Technicians,1.972,1.8522142857142856,2.54,1.7733714285714286,2.5867,1.9889285714285716,1.972214285714286,1.9208571428571428,1.0664285714285715,2.296428571428572
51-9151.00,Photographic Process Workers and Processing Machine Operators,1.5602285714285713,1.515,3.14,1.5720571428571428,2.485628571428572,2.0028571428571427,1.2862857142857145,1.6156428571428572,1.3193714285714284,2.651414285714285
51-9161.00,Computer Numerically Controlled Tool Operators,1.8951857142857145,1.8303285714285715,2.37,1.8989714285714283,1.9622,2.265085714285714,1.4963428571428572,2.2374285714285715,1.32,2.3113
51-9162.00,Computer Numerically Controlled Tool Programmers,1.9988,2.201542857142857,4.01,1.928,2.3115428571428573,2.596342857142857,1.6848714285714286,2.523571428571429,2.422142857142857,3.4905714285714287
51-9191.00,Adhesive Bonding Machine Operators and Tenders,1.5146285714285712,1.8194,2.58,1.9558857142857144,2.197714285714286,1.9085714285714288,1.4668571428571429,1.7875,1.0549142857142857,1.5730285714285714
51-9192.00,"Cleaning, Washing, and Metal Pickling Equipment Operators and Tenders",1.605285714285714,2.7568,1.36,1.9314142857142853,2.591928571428572,1.8328571428571427,1.6449142857142856,2.567614285714286,1.0020571428571428,2.0336857142857143
51-9193.00,Cooling and Freezing Equipment Operators and Tenders,1.4737857142857145,2.888457142857143,2.26,2.115,2.6445142857142856,1.8571428571428568,2.0856142857142856,1.972985714285714,1.0803571428571428,2.0021714285714287
51-9194.00,Etchers and Engravers,2.017128571428572,1.8856,3.32,1.938742857142857,2.2918857142857143,1.8914285714285717,1.635142857142857,2.167714285714286,1.0549142857142857,2.031771428571429
51-9195.00,"Molders, Shapers, and Casters, Except Metal and Plastic",1.6020000000000003,1.8240142857142856,1.23,1.7344,2.048,1.9657142857142855,1.6384,1.9982142857142855,1.0,1.3832428571428572
51-9195.03,"Stone Cutters and Carvers, Manufacturing",2.3221,1.5957285714285714,1.2,2.3242857142857143,2.4895000000000005,1.872228571428572,1.8777142857142857,2.6422,1.0357142857142856,2.032
51-9195.04,"Glass Blowers, Molders, Benders, and Finishers",1.6864,1.4862,2.01,1.5328142857142857,2.2058714285714287,1.8571428571428568,1.3097,1.5936142857142856,1.0206285714285714,1.6169000000000002
51-9195.05,"Potters, Manufacturing",1.4998,1.4494857142857145,3.8,1.693285714285714,1.869214285714286,1.9449142857142856,1.170742857142857,1.4148571428571428,1.0020571428571428,1.2768
51-9196.00,"Paper Goods Machine Setters, Operators, and Tenders",1.354857142857143,1.9065000000000003,1.65,1.820442857142857,2.337142857142857,1.9085714285714288,1.6633,1.8865714285714288,1.0,1.3667
51-9197.00,Tire Builders,1.8036571428571428,1.702,1.28,2.064214285714286,2.4219714285714287,1.625,1.473142857142857,2.097142857142857,1.0089285714285714,1.5628857142857142
51-9198.00,Helpers--Production Workers,1.5960571428571426,1.5887285714285715,1.71,1.6030285714285712,2.0783,1.7934857142857146,1.6134857142857142,1.9576,1.0089285714285714,1.5901428571428573
53-1041.00,Aircraft Cargo Handling Supervisors,1.963,2.262857142857144,4.98,2.246885714285714,3.184128571428571,2.0028571428571427,2.012142857142857,2.617257142857143,1.0549142857142857,2.4667714285714286
53-1042.00,"First-Line Supervisors of Helpers, Laborers, and Material Movers, Hand",2.2474857142857143,2.173714285714286,4.93,2.1098285714285714,3.245828571428572,2.023657142857143,2.1351571428571425,2.2826,1.0089285714285714,2.5552
53-1042.01,Recycling Coordinators,2.522542857142857,2.65,4.81,2.1616,2.8709714285714285,2.1142857142857143,1.9238,3.121142857142857,1.0271428571428571,2.806385714285714
53-1043.00,First-Line Supervisors of Material-Moving Machine and Vehicle Operators,2.4525999999999994,2.7628857142857144,5.0,1.7009714285714284,3.768742857142857,2.19,2.4377142857142857,2.442742857142857,1.0089285714285714,2.653371428571429
53-2011.00,"Airline Pilots, Copilots, and Flight Engineers",2.7904857142857145,1.9576,4.03,2.3071428571428574,3.718857142857143,2.765714285714286,2.2051,3.5258000000000003,1.0357142857142856,2.074057142857143
53-2012.00,Commercial Pilots,4.189971428571429,3.3060571428571426,4.94,2.9569857142857146,3.4600714285714287,2.7142857142857144,2.749,4.258928571428571,1.0357142857142856,2.0231714285714286
53-2021.00,Air Traffic Controllers,3.0785714285714283,2.2296,2.68,2.2615285714285718,3.7207428571428576,2.765714285714286,2.013571428571429,3.375914285714286,1.0803571428571428,2.237028571428572
53-2022.00,Airfield Operations Specialists,2.210114285714286,3.1846,4.7,1.8456,3.208242857142857,2.4035714285714285,2.035557142857143,2.4493714285714283,1.0206285714285714,2.167357142857143
53-2031.00,Flight Attendants,1.8613857142857144,1.756014285714286,4.43,1.8530285714285712,2.932714285714286,1.9642857142857144,1.6145428571428573,2.3553571428571427,1.0206285714285714,1.6929714285714286
53-3011.00,"Ambulance Drivers and Attendants, Except Emergency Medical Technicians",1.9192857142857145,2.6482142857142854,3.49,1.7232857142857143,3.1009,1.9085714285714288,2.1977714285714285,2.333785714285714,1.0020571428571428,1.8628714285714283
53-3031.00,Driver/Sales Workers,1.5684285714285713,1.7712,2.19,1.1961142857142857,2.6128,1.8571428571428568,1.473242857142857,1.7121142857142857,1.0,1.2940857142857145
53-3032.00,Heavy and Tractor-Trailer Truck Drivers,1.5433714285714286,1.8989714285714283,3.31,1.8379714285714288,2.9317,1.822857142857143,1.1868714285714286,1.8626285714285715,1.0,1.5303999999999998
53-3033.00,Light Truck Drivers,1.658,2.5601857142857143,3.27,1.7437142857142858,2.147142857142857,1.822857142857143,1.832,2.145314285714286,1.0,1.2724428571428572
53-3051.00,"Bus Drivers, School",1.6470285714285715,1.9789,2.3,1.9758571428571428,2.847942857142857,1.9449142857142856,1.5146285714285712,1.8338285714285716,1.0,1.1849714285714286
53-3052.00,"Bus Drivers, Transit and Intercity",1.6245571428571428,1.878285714285714,2.13,1.8229285714285717,2.503542857142857,1.7485714285714289,1.6237142857142857,1.946157142857143,1.0,1.3826857142857143
53-3053.00,Shuttle Drivers and Chauffeurs,1.5224285714285712,2.482514285714285,2.66,1.6994,3.059085714285714,1.872228571428572,1.3053714285714286,1.8753142857142855,1.0020571428571428,1.7137
53-4011.00,Locomotive Engineers,2.5517857142857143,2.1868,2.75,2.323028571428572,2.9256,2.216428571428572,2.155428571428572,2.758,1.0,1.3677142857142857
53-4013.00,"Rail Yard Engineers, Dinkey Operators, and Hostlers",2.095757142857143,2.9069714285714285,2.65,2.8265,3.481942857142857,1.9085714285714288,2.1149142857142857,2.6069714285714287,1.0089285714285714,1.7287857142857144
53-4022.00,"Railroad Brake, Signal, and Switch Operators and Locomotive Firers",1.685,1.9739285714285717,1.69,2.022142857142857,3.1103,1.9642857142857144,1.873,2.095885714285714,1.0,1.243142857142857
53-4031.00,Railroad Conductors and Yardmasters,1.6397285714285714,2.502357142857143,3.17,1.5294857142857143,3.0075571428571437,2.3392857142857144,1.4792714285714283,1.8161428571428573,1.0357142857142856,1.8391428571428572
53-4041.00,Subway and Streetcar Operators,1.6775714285714285,1.9367,1.68,1.5434,3.1805,1.9642857142857144,1.3684571428571428,2.0857,1.0,1.2353142857142858
53-5011.00,Sailors and Marine Oilers,2.262857142857143,2.115357142857143,3.23,2.725428571428571,2.794857142857144,1.9449142857142856,1.525,2.5675,1.0,1.4260571428571427
53-5021.00,"Captains, Mates, and Pilots of Water Vessels",2.092371428571428,2.2642857142857142,3.73,2.2220000000000004,2.914871428571429,2.3392857142857144,1.815485714285714,2.4436,1.1408,1.7241428571428572
53-5022.00,Motorboat Operators,1.6002999999999998,2.258714285714285,2.35,1.772571428571429,2.1418428571428576,1.8914285714285717,1.559,2.0063,1.0,1.3686571428571428
53-5031.00,Ship Engineers,2.4889714285714284,2.2705,3.41,2.128214285714286,2.951342857142857,2.1635714285714283,2.0181714285714287,2.6605,1.0549142857142857,1.7083285714285714
53-6011.00,Bridge and Lock Tenders,1.358285714285714,2.321142857142857,3.8,1.217142857142857,1.9590000000000003,1.9642857142857144,1.24,1.7571428571428571,1.0020571428571428,1.4657142857142855
53-6021.00,Parking Attendants,1.2329714285714286,1.8603571428571424,1.55,1.7727999999999997,2.059685714285714,1.7142857142857144,1.628085714285714,1.4598,1.0,1.2237142857142858
53-6031.00,Automotive and Watercraft Service Attendants,1.9192857142857145,1.9524142857142857,2.59,1.942857142857143,2.2742,1.8328571428571427,1.6741428571428572,2.267857142857143,1.0020571428571428,1.5337857142857143
53-6041.00,Traffic Technicians,2.4782,2.477142857142857,4.6,1.653657142857143,2.8677857142857137,2.06,1.8138571428571424,2.6992,1.1785714285714286,2.677314285714285
53-6051.00,Transportation Inspectors,2.629385714285714,2.965071428571428,4.59,2.7304000000000004,3.559228571428572,2.1492,2.5581714285714288,2.8906857142857145,1.0664285714285715,1.691971428571429
53-6051.01,Aviation Inspectors,2.2309,3.717942857142857,4.97,2.0234,3.530457142857143,2.2928571428571427,3.088142857142857,2.809514285714286,1.0271428571428571,3.193642857142857
53-6051.07,"Transportation Vehicle, Equipment and Systems Inspectors, Except Aviation",1.5820714285714286,1.9813428571428573,2.43,1.1908,2.313657142857143,1.75,1.435742857142857,1.532,1.0,1.2856
53-6061.00,Passenger Attendants,1.1956571428571428,1.1354285714285717,1.56,1.1469571428571428,2.2931714285714286,1.655,1.1035,1.4117142857142857,1.0206285714285714,1.0339857142857145
53-7011.00,Conveyor Operators and Tenders,1.842057142857143,1.852857142857143,1.64,2.184342857142857,2.7655000000000003,2.0,1.6499857142857142,2.0323,1.0089285714285714,1.6068
53-7021.00,Crane and Tower Operators,1.8215857142857144,1.6352714285714287,2.61,2.0778,2.472271428571429,1.7857142857142856,1.725,2.0748571428571427,1.0,1.4725428571428574
53-7031.00,Dredge Operators,1.3520714285714286,1.7817857142857143,1.38,1.3519,1.7538285714285715,1.822857142857143,1.5622857142857145,1.300857142857143,1.0,1.0561857142857145
53-7041.00,Hoist and Winch Operators,1.585,1.8404285714285715,1.2,1.9457142857142855,2.761742857142857,1.876342857142857,2.098,2.3642857142857143,1.0,1.4224
53-7051.00,Industrial Truck and Tractor Operators,1.9388571428571428,2.3690285714285717,1.78,2.0330571428571425,2.4554285714285715,1.7934857142857146,1.8888571428571428,1.9642857142857144,1.0089285714285714,2.1172
53-7061.00,Cleaners of Vehicles and Equipment,1.6916571428571427,1.9522,2.31,1.6882857142857142,1.9288714285714283,1.595,1.5602285714285713,2.015285714285714,1.0020571428571428,1.482057142857143
53-7062.00,"Laborers and Freight, Stock, and Material Movers, Hand",1.3225142857142855,1.3253714285714286,1.83,1.575357142857143,2.0506,1.7734857142857143,1.4018571428571427,1.4568142857142856,1.0,1.1280571428571429
53-7062.04,Recycling and Reclamation Workers,1.5707428571428572,1.7854,1.11,1.6552857142857142,2.5570857142857144,1.872228571428572,1.2858571428571428,1.9238285714285717,1.0,1.4469142857142856
53-7063.00,Machine Feeders and Offbearers,1.2933571428571429,1.7562000000000002,1.55,1.624285714285714,2.013257142857143,1.822857142857143,1.2624285714285717,1.6623428571428571,1.0,1.3398571428571429
53-7064.00,"Packers and Packagers, Hand",2.0089428571428574,1.6676571428571427,3.32,2.0785714285714287,2.8148,1.5300000000000002,1.7232714285714286,1.712014285714286,1.0206285714285714,1.59
53-7065.00,Stockers and Order Fillers,1.4997142857142858,1.6228571428571428,3.37,1.456142857142857,2.2355714285714283,1.7857142857142856,1.3743,1.728,1.0664285714285715,1.6852857142857145
53-7071.00,Gas Compressor and Gas Pumping Station Operators,2.6960571428571427,2.869257142857143,4.81,1.984457142857143,2.868657142857143,1.9642857142857144,1.7408714285714286,2.636428571428572,1.0271428571428571,2.4127857142857145
53-7072.00,"Pump Operators, Except Wellhead Pumpers",2.6787428571428573,2.5120000000000005,2.51,2.3053428571428576,2.688828571428572,2.0028571428571427,2.1752571428571432,2.7584714285714287,1.0803571428571428,1.4780285714285717
53-7073.00,Wellhead Pumpers,2.4657142857142857,2.8274285714285714,3.96,2.275828571428571,2.2518571428571432,1.9642857142857144,1.8305714285714283,2.717842857142857,1.0089285714285714,2.2830714285714286
53-7081.00,Refuse and Recyclable Material Collectors,1.0897571428571429,1.3782,1.31,1.2089714285714286,1.9207,1.6714285714285717,1.0437142857142858,1.1462857142857144,1.0,1.0754285714285714
53-7121.00,"Tank Car, Truck, and Ship Loaders",2.587857142857142,2.869942857142857,3.97,2.658057142857143,2.942857142857143,1.822857142857143,1.955257142857143,2.9867428571428576,1.0206285714285714,1.6707999999999998
