O*NET-SOC Code,Title,Alias
11-1011.00,Chief Executives,C.E.
11-1011.00,Chief Executives,CE
11-1011.00,Chief Executives,Category: Business & Management
11-1011.00,Chief Executives,Business and Management
11-1011.00,Chief Executives,Business & Management
11-1011.00,Chief Executives,Business&Management
11-1011.00,Chief Executives,Chief Executive
11-1011.00,Chief Executives,Chief Execs
11-1011.03,Chief Sustainability Officers,C.S.O.
11-1011.03,Chief Sustainability Officers,CSO
11-1011.03,Chief Sustainability Officers,Category: Business & Management
11-1011.03,Chief Sustainability Officers,Chief Sustainability Officer
11-1011.03,Chief Sustainability Officers,Business and Management
11-1011.03,Chief Sustainability Officers,Business & Management
11-1011.03,Chief Sustainability Officers,Chief Sustainability
11-1011.03,Chief Sustainability Officers,Business&Management
11-1021.00,General and Operations Managers,G.O.M.
11-1021.00,General and Operations Managers,GOM
11-1021.00,General and Operations Managers,Category: Business & Management
11-1021.00,General and Operations Managers,General and Operations Manager
11-1021.00,General and Operations Managers,General & Operations Managers
11-1021.00,General and Operations Managers,General / Operations Managers
11-1021.00,General and Operations Managers,General and Operations Mgrs
11-1021.00,General and Operations Managers,Business and Management
11-1021.00,General and Operations Managers,General and Operations
11-1021.00,General and Operations Managers,Business & Management
11-1021.00,General and Operations Managers,Business&Management
11-1031.00,Legislators,Category: Legal & Government
11-1031.00,Legislators,Legal and Government
11-1031.00,Legislators,Legal & Government
11-1031.00,Legislators,Legal&Government
11-1031.00,Legislators,Legislator
11-2011.00,Advertising and Promotions Managers,A.P.M.
11-2011.00,Advertising and Promotions Managers,APM
11-2011.00,Advertising and Promotions Managers,Advertising and Promotions Manager
11-2011.00,Advertising and Promotions Managers,Advertising & Promotions Managers
11-2011.00,Advertising and Promotions Managers,Advertising / Promotions Managers
11-2011.00,Advertising and Promotions Managers,Advertising and Promotions Mgrs
11-2011.00,Advertising and Promotions Managers,Category: Finance & Accounting
11-2011.00,Advertising and Promotions Managers,Advertising and Promotions
11-2011.00,Advertising and Promotions Managers,Finance and Accounting
11-2011.00,Advertising and Promotions Managers,Finance & Accounting
11-2011.00,Advertising and Promotions Managers,Finance&Accounting
11-2021.00,Marketing Managers,M.M.
11-2021.00,Marketing Managers,MM
11-2021.00,Marketing Managers,Category: Marketing & Communications
11-2021.00,Marketing Managers,Marketing and Communications
11-2021.00,Marketing Managers,Marketing & Communications
11-2021.00,Marketing Managers,Marketing&Communications
11-2021.00,Marketing Managers,Marketing Manager
11-2021.00,Marketing Managers,Marketing Mgrs
11-2021.00,Marketing Managers,Marketing
11-2022.00,Sales Managers,S.M.
11-2022.00,Sales Managers,SM
11-2022.00,Sales Managers,Category: Sales
11-2022.00,Sales Managers,Sales Manager
11-2022.00,Sales Managers,Sales Mgrs
11-2022.00,Sales Managers,Sales
11-2032.00,Public Relations Managers,P.R.M.
11-2032.00,Public Relations Managers,PRM
11-2032.00,Public Relations Managers,Category: Marketing & Communications
11-2032.00,Public Relations Managers,Marketing and Communications
11-2032.00,Public Relations Managers,Marketing & Communications
11-2032.00,Public Relations Managers,Marketing&Communications
11-2032.00,Public Relations Managers,Public Relations Manager
11-2032.00,Public Relations Managers,Public Relations Mgrs
11-2032.00,Public Relations Managers,Public Relations
11-2033.00,Fundraising Managers,F.M.
11-2033.00,Fundraising Managers,FM
11-2033.00,Fundraising Managers,Category: Business & Management
11-2033.00,Fundraising Managers,Business and Management
11-2033.00,Fundraising Managers,Business & Management
11-2033.00,Fundraising Managers,Business&Management
11-2033.00,Fundraising Managers,Fundraising Manager
11-2033.00,Fundraising Managers,Fundraising Mgrs
11-2033.00,Fundraising Managers,Fundraising
11-3012.00,Administrative Services Managers,A.S.M.
11-3012.00,Administrative Services Managers,ASM
11-3012.00,Administrative Services Managers,Administrative Services Manager
11-3012.00,Administrative Services Managers,Category: Business & Management
11-3012.00,Administrative Services Managers,Administrative Services Mgrs
11-3012.00,Administrative Services Managers,Administrative Services
11-3012.00,Administrative Services Managers,Business and Management
11-3012.00,Administrative Services Managers,Business & Management
11-3012.00,Administrative Services Managers,Business&Management
11-3013.00,Facilities Managers,F.M.
11-3013.00,Facilities Managers,FM
11-3013.00,Facilities Managers,Category: Business & Management
11-3013.00,Facilities Managers,Business and Management
11-3013.00,Facilities Managers,Business & Management
11-3013.00,Facilities Managers,Business&Management
11-3013.00,Facilities Managers,Facilities Manager
11-3013.00,Facilities Managers,Facilities Mgrs
11-3013.00,Facilities Managers,Facilities
11-3013.01,Security Managers,S.M.
11-3013.01,Security Managers,SM
11-3013.01,Security Managers,Category: Information Technology
11-3013.01,Security Managers,Information Technology
11-3013.01,Security Managers,InformationTechnology
11-3013.01,Security Managers,Security Manager
11-3013.01,Security Managers,Security Mgrs
11-3013.01,Security Managers,Security
11-3021.00,Computer and Information Systems Managers,C.I.S.M.
11-3021.00,Computer and Information Systems Managers,CISM
11-3021.00,Computer and Information Systems Managers,I.S.
11-3021.00,Computer and Information Systems Managers,IS
11-3021.00,Computer and Information Systems Managers,Computer and Information Systems Manager
11-3021.00,Computer and Information Systems Managers,Computer & Information Systems Managers
11-3021.00,Computer and Information Systems Managers,Computer / Information Systems Managers
11-3021.00,Computer and Information Systems Managers,Computer and Information Systems Mgrs
11-3021.00,Computer and Information Systems Managers,Computer and Information Systems
11-3021.00,Computer and Information Systems Managers,Category: Business & Management
11-3021.00,Computer and Information Systems Managers,Business and Management
11-3021.00,Computer and Information Systems Managers,Business & Management
11-3021.00,Computer and Information Systems Managers,Business&Management
11-3031.00,Financial Managers,F.M.
11-3031.00,Financial Managers,FM
11-3031.00,Financial Managers,Category: Finance & Accounting
11-3031.00,Financial Managers,Finance and Accounting
11-3031.00,Financial Managers,Finance & Accounting
11-3031.00,Financial Managers,Finance&Accounting
11-3031.00,Financial Managers,Financial Manager
11-3031.00,Financial Managers,Financial Mgrs
11-3031.00,Financial Managers,Financial
11-3031.01,Treasurers and Controllers,T.C.
11-3031.01,Treasurers and Controllers,TC
11-3031.01,Treasurers and Controllers,Treasurers and Controller
11-3031.01,Treasurers and Controllers,Treasurers & Controllers
11-3031.01,Treasurers and Controllers,Treasurers / Controllers
11-3031.01,Treasurers and Controllers,Category: Other
11-3031.01,Treasurers and Controllers,Other
11-3031.03,Investment Fund Managers,I.F.M.
11-3031.03,Investment Fund Managers,IFM
11-3031.03,Investment Fund Managers,Category: Business & Management
11-3031.03,Investment Fund Managers,Business and Management
11-3031.03,Investment Fund Managers,Investment Fund Manager
11-3031.03,Investment Fund Managers,Business & Management
11-3031.03,Investment Fund Managers,Investment Fund Mgrs
11-3031.03,Investment Fund Managers,Business&Management
11-3031.03,Investment Fund Managers,Investment Fund
11-3051.00,Industrial Production Managers,I.P.M.
11-3051.00,Industrial Production Managers,IPM
11-3051.00,Industrial Production Managers,Industrial Production Manager
11-3051.00,Industrial Production Managers,Industrial Production Mgrs
11-3051.00,Industrial Production Managers,Category: Manufacturing
11-3051.00,Industrial Production Managers,Industrial Production
11-3051.00,Industrial Production Managers,Manufacturing
11-3051.01,Quality Control Systems Managers,Q.C.S.M.
11-3051.01,Quality Control Systems Managers,QCSM
11-3051.01,Quality Control Systems Managers,Quality Control Systems Manager
11-3051.01,Quality Control Systems Managers,Category: Science & Research
11-3051.01,Quality Control Systems Managers,Quality Control Systems Mgrs
11-3051.01,Quality Control Systems Managers,Quality Control Systems
11-3051.01,Quality Control Systems Managers,Science and Research
11-3051.01,Quality Control Systems Managers,Science & Research
11-3051.01,Quality Control Systems Managers,Science&Research
11-3051.02,Geothermal Production Managers,G.P.M.
11-3051.02,Geothermal Production Managers,GPM
11-3051.02,Geothermal Production Managers,Geothermal Production Manager
11-3051.02,Geothermal Production Managers,Geothermal Production Mgrs
11-3051.02,Geothermal Production Managers,Category: Manufacturing
11-3051.02,Geothermal Production Managers,Geothermal Production
11-3051.02,Geothermal Production Managers,Manufacturing
11-3051.03,Biofuels Production Managers,B.P.M.
11-3051.03,Biofuels Production Managers,BPM
11-3051.03,Biofuels Production Managers,Biofuels Production Manager
11-3051.03,Biofuels Production Managers,Biofuels Production Mgrs
11-3051.03,Biofuels Production Managers,Category: Manufacturing
11-3051.03,Biofuels Production Managers,Biofuels Production
11-3051.03,Biofuels Production Managers,Manufacturing
11-3051.04,Biomass Power Plant Managers,B.P.P.M.
11-3051.04,Biomass Power Plant Managers,BPPM
11-3051.04,Biomass Power Plant Managers,Biomass Power Plant Manager
11-3051.04,Biomass Power Plant Managers,Biomass Power Plant Mgrs
11-3051.04,Biomass Power Plant Managers,Category: Manufacturing
11-3051.04,Biomass Power Plant Managers,Biomass Power Plant
11-3051.04,Biomass Power Plant Managers,Manufacturing
11-3051.06,Hydroelectric Production Managers,H.P.M.
11-3051.06,Hydroelectric Production Managers,HPM
11-3051.06,Hydroelectric Production Managers,Hydroelectric Production Manager
11-3051.06,Hydroelectric Production Managers,Hydroelectric Production Mgrs
11-3051.06,Hydroelectric Production Managers,Hydroelectric Production
11-3051.06,Hydroelectric Production Managers,Category: Manufacturing
11-3051.06,Hydroelectric Production Managers,Manufacturing
11-3061.00,Purchasing Managers,P.M.
11-3061.00,Purchasing Managers,PM
11-3061.00,Purchasing Managers,Category: Business & Management
11-3061.00,Purchasing Managers,Business and Management
11-3061.00,Purchasing Managers,Business & Management
11-3061.00,Purchasing Managers,Business&Management
11-3061.00,Purchasing Managers,Purchasing Manager
11-3061.00,Purchasing Managers,Purchasing Mgrs
11-3061.00,Purchasing Managers,Purchasing
11-3071.00,"Transportation, Storage, and Distribution Managers",T.S.D.M.
11-3071.00,"Transportation, Storage, and Distribution Managers",TSDM
11-3071.00,"Transportation, Storage, and Distribution Managers","Transportation, Storage, and Distribution Manager"
11-3071.00,"Transportation, Storage, and Distribution Managers",Transportation Storage and Distribution Managers
11-3071.00,"Transportation, Storage, and Distribution Managers","Transportation, Storage, & Distribution Managers"
11-3071.00,"Transportation, Storage, and Distribution Managers","Transportation, Storage, / Distribution Managers"
11-3071.00,"Transportation, Storage, and Distribution Managers","Transportation, Storage, and Distribution Mgrs"
11-3071.00,"Transportation, Storage, and Distribution Managers","Transportation, Storage, and Distribution"
11-3071.00,"Transportation, Storage, and Distribution Managers",Category: Legal & Government
11-3071.00,"Transportation, Storage, and Distribution Managers",Legal and Government
11-3071.00,"Transportation, Storage, and Distribution Managers",Legal & Government
11-3071.00,"Transportation, Storage, and Distribution Managers",Legal&Government
11-3071.04,Supply Chain Managers,S.C.M.
11-3071.04,Supply Chain Managers,SCM
11-3071.04,Supply Chain Managers,Category: Manufacturing
11-3071.04,Supply Chain Managers,Supply Chain Manager
11-3071.04,Supply Chain Managers,Supply Chain Mgrs
11-3071.04,Supply Chain Managers,Manufacturing
11-3071.04,Supply Chain Managers,Supply Chain
11-3111.00,Compensation and Benefits Managers,C.B.M.
11-3111.00,Compensation and Benefits Managers,CBM
11-3111.00,Compensation and Benefits Managers,Compensation and Benefits Manager
11-3111.00,Compensation and Benefits Managers,Compensation & Benefits Managers
11-3111.00,Compensation and Benefits Managers,Compensation / Benefits Managers
11-3111.00,Compensation and Benefits Managers,Category: Business & Management
11-3111.00,Compensation and Benefits Managers,Compensation and Benefits Mgrs
11-3111.00,Compensation and Benefits Managers,Compensation and Benefits
11-3111.00,Compensation and Benefits Managers,Business and Management
11-3111.00,Compensation and Benefits Managers,Business & Management
11-3111.00,Compensation and Benefits Managers,Business&Management
11-3121.00,Human Resources Managers,H.R.M.
11-3121.00,Human Resources Managers,H.R.
11-3121.00,Human Resources Managers,HRM
11-3121.00,Human Resources Managers,HR
11-3121.00,Human Resources Managers,Category: Business & Management
11-3121.00,Human Resources Managers,Business and Management
11-3121.00,Human Resources Managers,Human Resources Manager
11-3121.00,Human Resources Managers,Business & Management
11-3121.00,Human Resources Managers,Human Resources Mgrs
11-3121.00,Human Resources Managers,Business&Management
11-3121.00,Human Resources Managers,Human Resources
11-3131.00,Training and Development Managers,T.D.M.
11-3131.00,Training and Development Managers,TDM
11-3131.00,Training and Development Managers,Training and Development Manager
11-3131.00,Training and Development Managers,Category: Business & Management
11-3131.00,Training and Development Managers,Training & Development Managers
11-3131.00,Training and Development Managers,Training / Development Managers
11-3131.00,Training and Development Managers,Training and Development Mgrs
11-3131.00,Training and Development Managers,Training and Development
11-3131.00,Training and Development Managers,Business and Management
11-3131.00,Training and Development Managers,Business & Management
11-3131.00,Training and Development Managers,Business&Management
11-9013.00,"Farmers, Ranchers, and Other Agricultural Managers",F.R.O.A.M.
11-9013.00,"Farmers, Ranchers, and Other Agricultural Managers",FROAM
11-9013.00,"Farmers, Ranchers, and Other Agricultural Managers","Farmers, Ranchers, and Other Agricultural Manager"
11-9013.00,"Farmers, Ranchers, and Other Agricultural Managers",Farmers Ranchers and Other Agricultural Managers
11-9013.00,"Farmers, Ranchers, and Other Agricultural Managers","Farmers, Ranchers, & Other Agricultural Managers"
11-9013.00,"Farmers, Ranchers, and Other Agricultural Managers","Farmers, Ranchers, / Other Agricultural Managers"
11-9013.00,"Farmers, Ranchers, and Other Agricultural Managers","Farmers, Ranchers, and Other Agricultural Mgrs"
11-9013.00,"Farmers, Ranchers, and Other Agricultural Managers","Farmers, Ranchers, and Other Agricultural"
11-9013.00,"Farmers, Ranchers, and Other Agricultural Managers",Category: Healthcare
11-9013.00,"Farmers, Ranchers, and Other Agricultural Managers",Healthcare
11-9021.00,Construction Managers,C.M.
11-9021.00,Construction Managers,CM
11-9021.00,Construction Managers,Category: Finance & Accounting
11-9021.00,Construction Managers,Finance and Accounting
11-9021.00,Construction Managers,Construction Manager
11-9021.00,Construction Managers,Finance & Accounting
11-9021.00,Construction Managers,Finance&Accounting
11-9021.00,Construction Managers,Construction Mgrs
11-9021.00,Construction Managers,Construction
11-9031.00,"Education and Childcare Administrators, Preschool and Daycare",E.C.A.P.D.
11-9031.00,"Education and Childcare Administrators, Preschool and Daycare",ECAPD
11-9031.00,"Education and Childcare Administrators, Preschool and Daycare","Education and Childcare Administrators, Preschool and Daycares"
11-9031.00,"Education and Childcare Administrators, Preschool and Daycare",Education and Childcare Administrators Preschool and Daycare
11-9031.00,"Education and Childcare Administrators, Preschool and Daycare","Education & Childcare Administrators, Preschool & Daycare"
11-9031.00,"Education and Childcare Administrators, Preschool and Daycare","Education / Childcare Administrators, Preschool / Daycare"
11-9031.00,"Education and Childcare Administrators, Preschool and Daycare",Education and Childcare Admins Preschool and Daycare
11-9031.00,"Education and Childcare Administrators, Preschool and Daycare",Category: Education
11-9031.00,"Education and Childcare Administrators, Preschool and Daycare",Education
11-9032.00,"Education Administrators, Kindergarten through Secondary",E.A.K.T.S.
11-9032.00,"Education Administrators, Kindergarten through Secondary",EAKTS
11-9032.00,"Education Administrators, Kindergarten through Secondary","Education Administrators, Kindergarten through Secondaries"
11-9032.00,"Education Administrators, Kindergarten through Secondary",Education Administrators Kindergarten through Secondary
11-9032.00,"Education Administrators, Kindergarten through Secondary",Education Admins Kindergarten through Secondary
11-9032.00,"Education Administrators, Kindergarten through Secondary",Category: Education
11-9032.00,"Education Administrators, Kindergarten through Secondary",Education
11-9033.00,"Education Administrators, Postsecondary",E.A.P.
11-9033.00,"Education Administrators, Postsecondary",EAP
11-9033.00,"Education Administrators, Postsecondary","Education Administrators, Postsecondaries"
11-9033.00,"Education Administrators, Postsecondary",Education Administrators Postsecondary
11-9033.00,"Education Administrators, Postsecondary",Education Admins Postsecondary
11-9033.00,"Education Administrators, Postsecondary",Category: Education
11-9033.00,"Education Administrators, Postsecondary",Education
11-9039.00,"Education Administrators, All Other",E.A.A.O.
11-9039.00,"Education Administrators, All Other",EAAO
11-9039.00,"Education Administrators, All Other","Education Administrators, All Others"
11-9039.00,"Education Administrators, All Other",Education Administrators All Other
11-9039.00,"Education Administrators, All Other",Education Admins All Other
11-9039.00,"Education Administrators, All Other",Category: Education
11-9039.00,"Education Administrators, All Other",Education
11-9041.00,Architectural and Engineering Managers,A.E.M.
11-9041.00,Architectural and Engineering Managers,AEM
11-9041.00,Architectural and Engineering Managers,Architectural and Engineering Manager
11-9041.00,Architectural and Engineering Managers,Architectural & Engineering Managers
11-9041.00,Architectural and Engineering Managers,Architectural / Engineering Managers
11-9041.00,Architectural and Engineering Managers,Architectural and Engineering Mgrs
11-9041.00,Architectural and Engineering Managers,Architectural and Engineering
11-9041.00,Architectural and Engineering Managers,Category: Engineering
11-9041.00,Architectural and Engineering Managers,Engineering
11-9041.01,Biofuels/Biodiesel Technology and Product Development Managers,Biofuels/Biodiesel Technology and Product Development Manager
11-9041.01,Biofuels/Biodiesel Technology and Product Development Managers,Biofuels/Biodiesel Technology & Product Development Managers
11-9041.01,Biofuels/Biodiesel Technology and Product Development Managers,Biofuels/Biodiesel Technology / Product Development Managers
11-9041.01,Biofuels/Biodiesel Technology and Product Development Managers,Biofuels/Biodiesel Technology and Product Development Mgrs
11-9041.01,Biofuels/Biodiesel Technology and Product Development Managers,Biofuels/Biodiesel Technology and Product Development
11-9041.01,Biofuels/Biodiesel Technology and Product Development Managers,Category: Science & Research
11-9041.01,Biofuels/Biodiesel Technology and Product Development Managers,Science and Research
11-9041.01,Biofuels/Biodiesel Technology and Product Development Managers,Science & Research
11-9041.01,Biofuels/Biodiesel Technology and Product Development Managers,Science&Research
11-9051.00,Food Service Managers,F.S.M.
11-9051.00,Food Service Managers,FSM
11-9051.00,Food Service Managers,Category: Hospitality & Food
11-9051.00,Food Service Managers,Food Service Manager
11-9051.00,Food Service Managers,Hospitality and Food
11-9051.00,Food Service Managers,Hospitality & Food
11-9051.00,Food Service Managers,Food Service Mgrs
11-9051.00,Food Service Managers,Hospitality&Food
11-9051.00,Food Service Managers,Food Service
11-9071.00,Gambling Managers,G.M.
11-9071.00,Gambling Managers,GM
11-9071.00,Gambling Managers,Category: Business & Management
11-9071.00,Gambling Managers,Business and Management
11-9071.00,Gambling Managers,Business & Management
11-9071.00,Gambling Managers,Business&Management
11-9071.00,Gambling Managers,Gambling Manager
11-9071.00,Gambling Managers,Gambling Mgrs
11-9071.00,Gambling Managers,Gambling
11-9072.00,"Entertainment and Recreation Managers, Except Gambling",E.R.M.E.G.
11-9072.00,"Entertainment and Recreation Managers, Except Gambling",ERMEG
11-9072.00,"Entertainment and Recreation Managers, Except Gambling","Entertainment and Recreation Managers, Except Gamblings"
11-9072.00,"Entertainment and Recreation Managers, Except Gambling",Entertainment and Recreation Managers Except Gambling
11-9072.00,"Entertainment and Recreation Managers, Except Gambling","Entertainment & Recreation Managers, Except Gambling"
11-9072.00,"Entertainment and Recreation Managers, Except Gambling","Entertainment / Recreation Managers, Except Gambling"
11-9072.00,"Entertainment and Recreation Managers, Except Gambling",Entertainment and Recreation Mgrs Except Gambling
11-9072.00,"Entertainment and Recreation Managers, Except Gambling",Category: Business & Management
11-9072.00,"Entertainment and Recreation Managers, Except Gambling",Business and Management
11-9072.00,"Entertainment and Recreation Managers, Except Gambling",Business & Management
11-9072.00,"Entertainment and Recreation Managers, Except Gambling",Business&Management
11-9081.00,Lodging Managers,L.M.
11-9081.00,Lodging Managers,LM
11-9081.00,Lodging Managers,Category: Business & Management
11-9081.00,Lodging Managers,Business and Management
11-9081.00,Lodging Managers,Business & Management
11-9081.00,Lodging Managers,Business&Management
11-9081.00,Lodging Managers,Lodging Manager
11-9081.00,Lodging Managers,Lodging Mgrs
11-9081.00,Lodging Managers,Lodging
11-9111.00,Medical and Health Services Managers,M.H.S.M.
11-9111.00,Medical and Health Services Managers,MHSM
11-9111.00,Medical and Health Services Managers,Medical and Health Services Manager
11-9111.00,Medical and Health Services Managers,Medical & Health Services Managers
11-9111.00,Medical and Health Services Managers,Medical / Health Services Managers
11-9111.00,Medical and Health Services Managers,Medical and Health Services Mgrs
11-9111.00,Medical and Health Services Managers,Medical and Health Services
11-9111.00,Medical and Health Services Managers,Category: Healthcare
11-9111.00,Medical and Health Services Managers,Healthcare
11-9121.00,Natural Sciences Managers,N.S.M.
11-9121.00,Natural Sciences Managers,NSM
11-9121.00,Natural Sciences Managers,Category: Science & Research
11-9121.00,Natural Sciences Managers,Natural Sciences Manager
11-9121.00,Natural Sciences Managers,Natural Sciences Mgrs
11-9121.00,Natural Sciences Managers,Science and Research
11-9121.00,Natural Sciences Managers,Science & Research
11-9121.00,Natural Sciences Managers,Natural Sciences
11-9121.00,Natural Sciences Managers,Science&Research
11-9121.01,Clinical Research Coordinators,C.R.C.
11-9121.01,Clinical Research Coordinators,CRC
11-9121.01,Clinical Research Coordinators,Clinical Research Coordinator
11-9121.01,Clinical Research Coordinators,Clinical Research Coords
11-9121.01,Clinical Research Coordinators,Category: Healthcare
11-9121.01,Clinical Research Coordinators,Healthcare
11-9121.02,Water Resource Specialists,W.R.S.
11-9121.02,Water Resource Specialists,WRS
11-9121.02,Water Resource Specialists,Water Resource Specialist
11-9121.02,Water Resource Specialists,Water Resource Specs
11-9121.02,Water Resource Specialists,Category: Other
11-9121.02,Water Resource Specialists,Water Resource
11-9121.02,Water Resource Specialists,Other
11-9131.00,Postmasters and Mail Superintendents,P.M.S.
11-9131.00,Postmasters and Mail Superintendents,PMS
11-9131.00,Postmasters and Mail Superintendents,Postmasters and Mail Superintendent
11-9131.00,Postmasters and Mail Superintendents,Postmasters & Mail Superintendents
11-9131.00,Postmasters and Mail Superintendents,Postmasters / Mail Superintendents
11-9131.00,Postmasters and Mail Superintendents,Category: Business & Management
11-9131.00,Postmasters and Mail Superintendents,Business and Management
11-9131.00,Postmasters and Mail Superintendents,Business & Management
11-9131.00,Postmasters and Mail Superintendents,Business&Management
11-9141.00,"Property, Real Estate, and Community Association Managers","Property, Real Estate, and Community Association Manager"
11-9141.00,"Property, Real Estate, and Community Association Managers",Property Real Estate and Community Association Managers
11-9141.00,"Property, Real Estate, and Community Association Managers","Property, Real Estate, & Community Association Managers"
11-9141.00,"Property, Real Estate, and Community Association Managers","Property, Real Estate, / Community Association Managers"
11-9141.00,"Property, Real Estate, and Community Association Managers","Property, Real Estate, and Community Association Mgrs"
11-9141.00,"Property, Real Estate, and Community Association Managers","Property, Real Estate, and Community Association"
11-9141.00,"Property, Real Estate, and Community Association Managers",Category: Business & Management
11-9141.00,"Property, Real Estate, and Community Association Managers",Business and Management
11-9141.00,"Property, Real Estate, and Community Association Managers",Business & Management
11-9141.00,"Property, Real Estate, and Community Association Managers",Business&Management
11-9151.00,Social and Community Service Managers,S.C.S.M.
11-9151.00,Social and Community Service Managers,SCSM
11-9151.00,Social and Community Service Managers,Social and Community Service Manager
11-9151.00,Social and Community Service Managers,Social & Community Service Managers
11-9151.00,Social and Community Service Managers,Social / Community Service Managers
11-9151.00,Social and Community Service Managers,Social and Community Service Mgrs
11-9151.00,Social and Community Service Managers,Category: Finance & Accounting
11-9151.00,Social and Community Service Managers,Social and Community Service
11-9151.00,Social and Community Service Managers,Finance and Accounting
11-9151.00,Social and Community Service Managers,Finance & Accounting
11-9151.00,Social and Community Service Managers,Finance&Accounting
11-9161.00,Emergency Management Directors,E.M.D.
11-9161.00,Emergency Management Directors,EMD
11-9161.00,Emergency Management Directors,Emergency Management Director
11-9161.00,Emergency Management Directors,Category: Manufacturing
11-9161.00,Emergency Management Directors,Manufacturing
11-9171.00,Funeral Home Managers,F.H.M.
11-9171.00,Funeral Home Managers,FHM
11-9171.00,Funeral Home Managers,Category: Business & Management
11-9171.00,Funeral Home Managers,Business and Management
11-9171.00,Funeral Home Managers,Business & Management
11-9171.00,Funeral Home Managers,Funeral Home Manager
11-9171.00,Funeral Home Managers,Business&Management
11-9171.00,Funeral Home Managers,Funeral Home Mgrs
11-9171.00,Funeral Home Managers,Funeral Home
11-9179.00,"Personal Service Managers, All Other",P.S.M.A.O.
11-9179.00,"Personal Service Managers, All Other",PSMAO
11-9179.00,"Personal Service Managers, All Other","Personal Service Managers, All Others"
11-9179.00,"Personal Service Managers, All Other",Personal Service Managers All Other
11-9179.00,"Personal Service Managers, All Other",Category: Business & Management
11-9179.00,"Personal Service Managers, All Other",Personal Service Mgrs All Other
11-9179.00,"Personal Service Managers, All Other",Business and Management
11-9179.00,"Personal Service Managers, All Other",Business & Management
11-9179.00,"Personal Service Managers, All Other",Business&Management
11-9179.01,Fitness and Wellness Coordinators,F.W.C.
11-9179.01,Fitness and Wellness Coordinators,FWC
11-9179.01,Fitness and Wellness Coordinators,Fitness and Wellness Coordinator
11-9179.01,Fitness and Wellness Coordinators,Fitness & Wellness Coordinators
11-9179.01,Fitness and Wellness Coordinators,Fitness / Wellness Coordinators
11-9179.01,Fitness and Wellness Coordinators,Fitness and Wellness Coords
11-9179.01,Fitness and Wellness Coordinators,Category: Healthcare
11-9179.01,Fitness and Wellness Coordinators,Healthcare
11-9179.02,Spa Managers,S.M.
11-9179.02,Spa Managers,SM
11-9179.02,Spa Managers,Category: Business & Management
11-9179.02,Spa Managers,Business and Management
11-9179.02,Spa Managers,Business & Management
11-9179.02,Spa Managers,Business&Management
11-9179.02,Spa Managers,Spa Manager
11-9179.02,Spa Managers,Spa Mgrs
11-9199.00,"Managers, All Other",M.A.O.
11-9199.00,"Managers, All Other",MAO
11-9199.00,"Managers, All Other",Category: Business & Management
11-9199.00,"Managers, All Other",Business and Management
11-9199.00,"Managers, All Other",Business & Management
11-9199.00,"Managers, All Other","Managers, All Others"
11-9199.00,"Managers, All Other",Business&Management
11-9199.00,"Managers, All Other",Managers All Other
11-9199.00,"Managers, All Other",Mgrs All Other
11-9199.01,Regulatory Affairs Managers,R.A.M.
11-9199.01,Regulatory Affairs Managers,RAM
11-9199.01,Regulatory Affairs Managers,Regulatory Affairs Manager
11-9199.01,Regulatory Affairs Managers,Category: Manufacturing
11-9199.01,Regulatory Affairs Managers,Regulatory Affairs Mgrs
11-9199.01,Regulatory Affairs Managers,Regulatory Affairs
11-9199.01,Regulatory Affairs Managers,Manufacturing
11-9199.02,Compliance Managers,C.M.
11-9199.02,Compliance Managers,CM
11-9199.02,Compliance Managers,Category: Business & Management
11-9199.02,Compliance Managers,Business and Management
11-9199.02,Compliance Managers,Business & Management
11-9199.02,Compliance Managers,Business&Management
11-9199.02,Compliance Managers,Compliance Manager
11-9199.02,Compliance Managers,Compliance Mgrs
11-9199.02,Compliance Managers,Compliance
11-9199.08,Loss Prevention Managers,L.P.M.
11-9199.08,Loss Prevention Managers,LPM
11-9199.08,Loss Prevention Managers,Category: Business & Management
11-9199.08,Loss Prevention Managers,Business and Management
11-9199.08,Loss Prevention Managers,Loss Prevention Manager
11-9199.08,Loss Prevention Managers,Business & Management
11-9199.08,Loss Prevention Managers,Loss Prevention Mgrs
11-9199.08,Loss Prevention Managers,Business&Management
11-9199.08,Loss Prevention Managers,Loss Prevention
11-9199.09,Wind Energy Operations Managers,W.E.O.M.
11-9199.09,Wind Energy Operations Managers,WEOM
11-9199.09,Wind Energy Operations Managers,Category: Business & Management
11-9199.09,Wind Energy Operations Managers,Wind Energy Operations Manager
11-9199.09,Wind Energy Operations Managers,Wind Energy Operations Mgrs
11-9199.09,Wind Energy Operations Managers,Business and Management
11-9199.09,Wind Energy Operations Managers,Wind Energy Operations
11-9199.09,Wind Energy Operations Managers,Business & Management
11-9199.09,Wind Energy Operations Managers,Business&Management
11-9199.10,Wind Energy Development Managers,W.E.D.M.
11-9199.10,Wind Energy Development Managers,WEDM
11-9199.10,Wind Energy Development Managers,Wind Energy Development Manager
11-9199.10,Wind Energy Development Managers,Wind Energy Development Mgrs
11-9199.10,Wind Energy Development Managers,Category: Skilled Trades
11-9199.10,Wind Energy Development Managers,Wind Energy Development
11-9199.10,Wind Energy Development Managers,Skilled Trades
11-9199.10,Wind Energy Development Managers,SkilledTrades
11-9199.11,Brownfield Redevelopment Specialists and Site Managers,B.R.S.S.M.
11-9199.11,Brownfield Redevelopment Specialists and Site Managers,BRSSM
11-9199.11,Brownfield Redevelopment Specialists and Site Managers,Brownfield Redevelopment Specialists and Site Manager
11-9199.11,Brownfield Redevelopment Specialists and Site Managers,Brownfield Redevelopment Specialists & Site Managers
11-9199.11,Brownfield Redevelopment Specialists and Site Managers,Brownfield Redevelopment Specialists / Site Managers
11-9199.11,Brownfield Redevelopment Specialists and Site Managers,Brownfield Redevelopment Specialists and Site Mgrs
11-9199.11,Brownfield Redevelopment Specialists and Site Managers,Brownfield Redevelopment Specs and Site Managers
11-9199.11,Brownfield Redevelopment Specialists and Site Managers,Brownfield Redevelopment Specialists and Site
11-9199.11,Brownfield Redevelopment Specialists and Site Managers,Category: Business & Management
11-9199.11,Brownfield Redevelopment Specialists and Site Managers,Business and Management
11-9199.11,Brownfield Redevelopment Specialists and Site Managers,Business & Management
11-9199.11,Brownfield Redevelopment Specialists and Site Managers,Business&Management
13-1011.00,"Agents and Business Managers of Artists, Performers, and Athletes","Agents and Business Managers of Artists, Performers, and Athlete"
13-1011.00,"Agents and Business Managers of Artists, Performers, and Athletes",Agents and Business Managers of Artists Performers and Athletes
13-1011.00,"Agents and Business Managers of Artists, Performers, and Athletes","Agents & Business Managers of Artists, Performers, & Athletes"
13-1011.00,"Agents and Business Managers of Artists, Performers, and Athletes","Agents / Business Managers of Artists, Performers, / Athletes"
13-1011.00,"Agents and Business Managers of Artists, Performers, and Athletes","Agents and Business Mgrs of Artists, Performers, and Athletes"
13-1011.00,"Agents and Business Managers of Artists, Performers, and Athletes",Category: Arts & Media
13-1011.00,"Agents and Business Managers of Artists, Performers, and Athletes",Arts and Media
13-1011.00,"Agents and Business Managers of Artists, Performers, and Athletes",Arts & Media
13-1011.00,"Agents and Business Managers of Artists, Performers, and Athletes",Arts&Media
13-1021.00,"Buyers and Purchasing Agents, Farm Products",B.P.A.F.P.
13-1021.00,"Buyers and Purchasing Agents, Farm Products",BPAFP
13-1021.00,"Buyers and Purchasing Agents, Farm Products",Buyers and Purchasing Agents Farm Products
13-1021.00,"Buyers and Purchasing Agents, Farm Products","Buyers and Purchasing Agents, Farm Product"
13-1021.00,"Buyers and Purchasing Agents, Farm Products","Buyers & Purchasing Agents, Farm Products"
13-1021.00,"Buyers and Purchasing Agents, Farm Products","Buyers / Purchasing Agents, Farm Products"
13-1021.00,"Buyers and Purchasing Agents, Farm Products",Category: Agriculture
13-1021.00,"Buyers and Purchasing Agents, Farm Products",Agriculture
13-1022.00,"Wholesale and Retail Buyers, Except Farm Products",Wholesale and Retail Buyers Except Farm Products
13-1022.00,"Wholesale and Retail Buyers, Except Farm Products","Wholesale and Retail Buyers, Except Farm Product"
13-1022.00,"Wholesale and Retail Buyers, Except Farm Products","Wholesale & Retail Buyers, Except Farm Products"
13-1022.00,"Wholesale and Retail Buyers, Except Farm Products","Wholesale / Retail Buyers, Except Farm Products"
13-1022.00,"Wholesale and Retail Buyers, Except Farm Products",Category: Sales
13-1022.00,"Wholesale and Retail Buyers, Except Farm Products",Sales
13-1023.00,"Purchasing Agents, Except Wholesale, Retail, and Farm Products","Purchasing Agents, Except Wholesale, Retail, and Farm Product"
13-1023.00,"Purchasing Agents, Except Wholesale, Retail, and Farm Products","Purchasing Agents, Except Wholesale, Retail, & Farm Products"
13-1023.00,"Purchasing Agents, Except Wholesale, Retail, and Farm Products","Purchasing Agents, Except Wholesale, Retail, / Farm Products"
13-1023.00,"Purchasing Agents, Except Wholesale, Retail, and Farm Products",Purchasing Agents Except Wholesale Retail and Farm Products
13-1023.00,"Purchasing Agents, Except Wholesale, Retail, and Farm Products",Category: Manufacturing
13-1023.00,"Purchasing Agents, Except Wholesale, Retail, and Farm Products",Manufacturing
13-1031.00,"Claims Adjusters, Examiners, and Investigators",C.A.E.I.
13-1031.00,"Claims Adjusters, Examiners, and Investigators",CAEI
13-1031.00,"Claims Adjusters, Examiners, and Investigators","Claims Adjusters, Examiners, and Investigator"
13-1031.00,"Claims Adjusters, Examiners, and Investigators",Claims Adjusters Examiners and Investigators
13-1031.00,"Claims Adjusters, Examiners, and Investigators","Claims Adjusters, Examiners, & Investigators"
13-1031.00,"Claims Adjusters, Examiners, and Investigators","Claims Adjusters, Examiners, / Investigators"
13-1031.00,"Claims Adjusters, Examiners, and Investigators",Category: Legal & Government
13-1031.00,"Claims Adjusters, Examiners, and Investigators",Legal and Government
13-1031.00,"Claims Adjusters, Examiners, and Investigators",Legal & Government
13-1031.00,"Claims Adjusters, Examiners, and Investigators",Legal&Government
13-1032.00,"Insurance Appraisers, Auto Damage",I.A.A.D.
13-1032.00,"Insurance Appraisers, Auto Damage",IAAD
13-1032.00,"Insurance Appraisers, Auto Damage","Insurance Appraisers, Auto Damages"
13-1032.00,"Insurance Appraisers, Auto Damage",Insurance Appraisers Auto Damage
13-1032.00,"Insurance Appraisers, Auto Damage",Category: Other
13-1032.00,"Insurance Appraisers, Auto Damage",Other
13-1041.00,Compliance Officers,C.O.
13-1041.00,Compliance Officers,CO
13-1041.00,Compliance Officers,Category: Legal & Government
13-1041.00,Compliance Officers,Legal and Government
13-1041.00,Compliance Officers,Compliance Officer
13-1041.00,Compliance Officers,Legal & Government
13-1041.00,Compliance Officers,Legal&Government
13-1041.00,Compliance Officers,Compliance
13-1041.01,Environmental Compliance Inspectors,E.C.I.
13-1041.01,Environmental Compliance Inspectors,ECI
13-1041.01,Environmental Compliance Inspectors,Environmental Compliance Inspector
13-1041.01,Environmental Compliance Inspectors,Category: Other
13-1041.01,Environmental Compliance Inspectors,Other
13-1041.03,Equal Opportunity Representatives and Officers,E.O.R.O.
13-1041.03,Equal Opportunity Representatives and Officers,EORO
13-1041.03,Equal Opportunity Representatives and Officers,Equal Opportunity Representatives and Officer
13-1041.03,Equal Opportunity Representatives and Officers,Equal Opportunity Representatives & Officers
13-1041.03,Equal Opportunity Representatives and Officers,Equal Opportunity Representatives / Officers
13-1041.03,Equal Opportunity Representatives and Officers,Equal Opportunity Representatives and
13-1041.03,Equal Opportunity Representatives and Officers,Equal Opportunity Reps and Officers
13-1041.03,Equal Opportunity Representatives and Officers,Category: Legal & Government
13-1041.03,Equal Opportunity Representatives and Officers,Legal and Government
13-1041.03,Equal Opportunity Representatives and Officers,Legal & Government
13-1041.03,Equal Opportunity Representatives and Officers,Legal&Government
13-1041.04,Government Property Inspectors and Investigators,G.P.I.I.
13-1041.04,Government Property Inspectors and Investigators,GPII
13-1041.04,Government Property Inspectors and Investigators,Government Property Inspectors and Investigator
13-1041.04,Government Property Inspectors and Investigators,Government Property Inspectors & Investigators
13-1041.04,Government Property Inspectors and Investigators,Government Property Inspectors / Investigators
13-1041.04,Government Property Inspectors and Investigators,Category: Legal & Government
13-1041.04,Government Property Inspectors and Investigators,Legal and Government
13-1041.04,Government Property Inspectors and Investigators,Legal & Government
13-1041.04,Government Property Inspectors and Investigators,Legal&Government
13-1041.06,Coroners,Category: Healthcare
13-1041.06,Coroners,Healthcare
13-1041.06,Coroners,Coroner
13-1041.07,Regulatory Affairs Specialists,R.A.S.
13-1041.07,Regulatory Affairs Specialists,RAS
13-1041.07,Regulatory Affairs Specialists,Category: Finance & Accounting
13-1041.07,Regulatory Affairs Specialists,Regulatory Affairs Specialist
13-1041.07,Regulatory Affairs Specialists,Regulatory Affairs Specs
13-1041.07,Regulatory Affairs Specialists,Finance and Accounting
13-1041.07,Regulatory Affairs Specialists,Finance & Accounting
13-1041.07,Regulatory Affairs Specialists,Finance&Accounting
13-1041.07,Regulatory Affairs Specialists,Regulatory Affairs
13-1041.08,Customs Brokers,C.B.
13-1041.08,Customs Brokers,CB
13-1041.08,Customs Brokers,Category: Finance & Accounting
13-1041.08,Customs Brokers,Finance and Accounting
13-1041.08,Customs Brokers,Finance & Accounting
13-1041.08,Customs Brokers,Finance&Accounting
13-1041.08,Customs Brokers,Customs Broker
13-1051.00,Cost Estimators,C.E.
13-1051.00,Cost Estimators,CE
13-1051.00,Cost Estimators,Category: Skilled Trades
13-1051.00,Cost Estimators,Cost Estimator
13-1051.00,Cost Estimators,Skilled Trades
13-1051.00,Cost Estimators,SkilledTrades
13-1071.00,Human Resources Specialists,H.R.S.
13-1071.00,Human Resources Specialists,H.R.
13-1071.00,Human Resources Specialists,HRS
13-1071.00,Human Resources Specialists,HR
13-1071.00,Human Resources Specialists,Human Resources Specialist
13-1071.00,Human Resources Specialists,Human Resources Specs
13-1071.00,Human Resources Specialists,Category: Other
13-1071.00,Human Resources Specialists,Human Resources
13-1071.00,Human Resources Specialists,Other
13-1074.00,Farm Labor Contractors,F.L.C.
13-1074.00,Farm Labor Contractors,FLC
13-1074.00,Farm Labor Contractors,Category: Agriculture
13-1074.00,Farm Labor Contractors,Farm Labor Contractor
13-1074.00,Farm Labor Contractors,Agriculture
13-1075.00,Labor Relations Specialists,L.R.S.
13-1075.00,Labor Relations Specialists,LRS
13-1075.00,Labor Relations Specialists,Category: Business & Management
13-1075.00,Labor Relations Specialists,Labor Relations Specialist
13-1075.00,Labor Relations Specialists,Business and Management
13-1075.00,Labor Relations Specialists,Business & Management
13-1075.00,Labor Relations Specialists,Labor Relations Specs
13-1075.00,Labor Relations Specialists,Business&Management
13-1075.00,Labor Relations Specialists,Labor Relations
13-1081.00,Logisticians,Category: Other
13-1081.00,Logisticians,Logistician
13-1081.00,Logisticians,Other
13-1081.01,Logistics Engineers,L.E.
13-1081.01,Logistics Engineers,LE
13-1081.01,Logistics Engineers,Category: Information Technology
13-1081.01,Logistics Engineers,Information Technology
13-1081.01,Logistics Engineers,InformationTechnology
13-1081.01,Logistics Engineers,Logistics Engineer
13-1081.01,Logistics Engineers,Logistics Engs
13-1081.01,Logistics Engineers,Logistics
13-1081.02,Logistics Analysts,L.A.
13-1081.02,Logistics Analysts,LA
13-1081.02,Logistics Analysts,Category: Transportation
13-1081.02,Logistics Analysts,Logistics Analyst
13-1081.02,Logistics Analysts,Transportation
13-1082.00,Project Management Specialists,P.M.S.
13-1082.00,Project Management Specialists,PMS
13-1082.00,Project Management Specialists,Category: Finance & Accounting
13-1082.00,Project Management Specialists,Project Management Specialist
13-1082.00,Project Management Specialists,Project Management Specs
13-1082.00,Project Management Specialists,Finance and Accounting
13-1082.00,Project Management Specialists,Finance & Accounting
13-1082.00,Project Management Specialists,Finance&Accounting
13-1082.00,Project Management Specialists,Project Management
13-1111.00,Management Analysts,M.A.
13-1111.00,Management Analysts,MA
13-1111.00,Management Analysts,Category: Business & Management
13-1111.00,Management Analysts,Business and Management
13-1111.00,Management Analysts,Business & Management
13-1111.00,Management Analysts,Business&Management
13-1111.00,Management Analysts,Management Analyst
13-1121.00,"Meeting, Convention, and Event Planners",M.C.E.P.
13-1121.00,"Meeting, Convention, and Event Planners",MCEP
13-1121.00,"Meeting, Convention, and Event Planners","Meeting, Convention, and Event Planner"
13-1121.00,"Meeting, Convention, and Event Planners",Meeting Convention and Event Planners
13-1121.00,"Meeting, Convention, and Event Planners","Meeting, Convention, & Event Planners"
13-1121.00,"Meeting, Convention, and Event Planners","Meeting, Convention, / Event Planners"
13-1121.00,"Meeting, Convention, and Event Planners",Category: Other
13-1121.00,"Meeting, Convention, and Event Planners",Other
13-1131.00,Fundraisers,Category: Other
13-1131.00,Fundraisers,Fundraiser
13-1131.00,Fundraisers,Other
13-1141.00,"Compensation, Benefits, and Job Analysis Specialists",C.B.J.A.S.
13-1141.00,"Compensation, Benefits, and Job Analysis Specialists",CBJAS
13-1141.00,"Compensation, Benefits, and Job Analysis Specialists","Compensation, Benefits, and Job Analysis Specialist"
13-1141.00,"Compensation, Benefits, and Job Analysis Specialists",Compensation Benefits and Job Analysis Specialists
13-1141.00,"Compensation, Benefits, and Job Analysis Specialists","Compensation, Benefits, & Job Analysis Specialists"
13-1141.00,"Compensation, Benefits, and Job Analysis Specialists","Compensation, Benefits, / Job Analysis Specialists"
13-1141.00,"Compensation, Benefits, and Job Analysis Specialists","Compensation, Benefits, and Job Analysis Specs"
13-1141.00,"Compensation, Benefits, and Job Analysis Specialists","Compensation, Benefits, and Job Analysis"
13-1141.00,"Compensation, Benefits, and Job Analysis Specialists",Category: Other
13-1141.00,"Compensation, Benefits, and Job Analysis Specialists",Other
13-1151.00,Training and Development Specialists,T.D.S.
13-1151.00,Training and Development Specialists,TDS
13-1151.00,Training and Development Specialists,Training and Development Specialist
13-1151.00,Training and Development Specialists,Training & Development Specialists
13-1151.00,Training and Development Specialists,Training / Development Specialists
13-1151.00,Training and Development Specialists,Training and Development Specs
13-1151.00,Training and Development Specialists,Training and Development
13-1151.00,Training and Development Specialists,Category: Other
13-1151.00,Training and Development Specialists,Other
13-1161.00,Market Research Analysts and Marketing Specialists,M.R.A.M.S.
13-1161.00,Market Research Analysts and Marketing Specialists,MRAMS
13-1161.00,Market Research Analysts and Marketing Specialists,Market Research Analysts and Marketing Specialist
13-1161.00,Market Research Analysts and Marketing Specialists,Market Research Analysts & Marketing Specialists
13-1161.00,Market Research Analysts and Marketing Specialists,Market Research Analysts / Marketing Specialists
13-1161.00,Market Research Analysts and Marketing Specialists,Market Research Analysts and Marketing Specs
13-1161.00,Market Research Analysts and Marketing Specialists,Market Research Analysts and Marketing
13-1161.00,Market Research Analysts and Marketing Specialists,Category: Information Technology
13-1161.00,Market Research Analysts and Marketing Specialists,Information Technology
13-1161.00,Market Research Analysts and Marketing Specialists,InformationTechnology
13-1161.01,Search Marketing Strategists,S.M.S.
13-1161.01,Search Marketing Strategists,SMS
13-1161.01,Search Marketing Strategists,Category: Marketing & Communications
13-1161.01,Search Marketing Strategists,Marketing and Communications
13-1161.01,Search Marketing Strategists,Search Marketing Strategist
13-1161.01,Search Marketing Strategists,Marketing & Communications
13-1161.01,Search Marketing Strategists,Marketing&Communications
13-1199.00,"Business Operations Specialists, All Other",B.O.S.A.O.
13-1199.00,"Business Operations Specialists, All Other",BOSAO
13-1199.00,"Business Operations Specialists, All Other","Business Operations Specialists, All Others"
13-1199.00,"Business Operations Specialists, All Other",Business Operations Specialists All Other
13-1199.00,"Business Operations Specialists, All Other",Business Operations Specs All Other
13-1199.00,"Business Operations Specialists, All Other",Category: Business & Management
13-1199.00,"Business Operations Specialists, All Other",Business and Management
13-1199.00,"Business Operations Specialists, All Other",Business & Management
13-1199.00,"Business Operations Specialists, All Other",Business&Management
13-1199.04,Business Continuity Planners,B.C.P.
13-1199.04,Business Continuity Planners,BCP
13-1199.04,Business Continuity Planners,Category: Business & Management
13-1199.04,Business Continuity Planners,Business Continuity Planner
13-1199.04,Business Continuity Planners,Business and Management
13-1199.04,Business Continuity Planners,Business & Management
13-1199.04,Business Continuity Planners,Business&Management
13-1199.05,Sustainability Specialists,S.S.
13-1199.05,Sustainability Specialists,SS
13-1199.05,Sustainability Specialists,Category: Business & Management
13-1199.05,Sustainability Specialists,Sustainability Specialist
13-1199.05,Sustainability Specialists,Business and Management
13-1199.05,Sustainability Specialists,Business & Management
13-1199.05,Sustainability Specialists,Sustainability Specs
13-1199.05,Sustainability Specialists,Business&Management
13-1199.05,Sustainability Specialists,Sustainability
13-1199.06,Online Merchants,O.M.
13-1199.06,Online Merchants,OM
13-1199.06,Online Merchants,Category: Marketing & Communications
13-1199.06,Online Merchants,Marketing and Communications
13-1199.06,Online Merchants,Marketing & Communications
13-1199.06,Online Merchants,Marketing&Communications
13-1199.06,Online Merchants,Online Merchant
13-1199.07,Security Management Specialists,S.M.S.
13-1199.07,Security Management Specialists,SMS
13-1199.07,Security Management Specialists,Category: Information Technology
13-1199.07,Security Management Specialists,Security Management Specialist
13-1199.07,Security Management Specialists,Security Management Specs
13-1199.07,Security Management Specialists,Information Technology
13-1199.07,Security Management Specialists,InformationTechnology
13-1199.07,Security Management Specialists,Security Management
13-2011.00,Accountants and Auditors,A.A.
13-2011.00,Accountants and Auditors,AA
13-2011.00,Accountants and Auditors,Category: Finance & Accounting
13-2011.00,Accountants and Auditors,Accountants and Auditor
13-2011.00,Accountants and Auditors,Accountants & Auditors
13-2011.00,Accountants and Auditors,Accountants / Auditors
13-2011.00,Accountants and Auditors,Finance and Accounting
13-2011.00,Accountants and Auditors,Finance & Accounting
13-2011.00,Accountants and Auditors,Finance&Accounting
13-2022.00,Appraisers of Personal and Business Property,A.P.B.P.
13-2022.00,Appraisers of Personal and Business Property,APBP
13-2022.00,Appraisers of Personal and Business Property,Appraisers of Personal and Business Properties
13-2022.00,Appraisers of Personal and Business Property,Appraisers of Personal & Business Property
13-2022.00,Appraisers of Personal and Business Property,Appraisers of Personal / Business Property
13-2022.00,Appraisers of Personal and Business Property,Category: Other
13-2022.00,Appraisers of Personal and Business Property,Other
13-2023.00,Appraisers and Assessors of Real Estate,A.A.R.E.
13-2023.00,Appraisers and Assessors of Real Estate,AARE
13-2023.00,Appraisers and Assessors of Real Estate,Appraisers and Assessors of Real Estates
13-2023.00,Appraisers and Assessors of Real Estate,Appraisers & Assessors of Real Estate
13-2023.00,Appraisers and Assessors of Real Estate,Appraisers / Assessors of Real Estate
13-2023.00,Appraisers and Assessors of Real Estate,Category: Finance & Accounting
13-2023.00,Appraisers and Assessors of Real Estate,Finance and Accounting
13-2023.00,Appraisers and Assessors of Real Estate,Finance & Accounting
13-2023.00,Appraisers and Assessors of Real Estate,Finance&Accounting
13-2031.00,Budget Analysts,B.A.
13-2031.00,Budget Analysts,BA
13-2031.00,Budget Analysts,Category: Finance & Accounting
13-2031.00,Budget Analysts,Finance and Accounting
13-2031.00,Budget Analysts,Finance & Accounting
13-2031.00,Budget Analysts,Finance&Accounting
13-2031.00,Budget Analysts,Budget Analyst
13-2041.00,Credit Analysts,C.A.
13-2041.00,Credit Analysts,CA
13-2041.00,Credit Analysts,Category: Finance & Accounting
13-2041.00,Credit Analysts,Finance and Accounting
13-2041.00,Credit Analysts,Finance & Accounting
13-2041.00,Credit Analysts,Finance&Accounting
13-2041.00,Credit Analysts,Credit Analyst
13-2051.00,Financial and Investment Analysts,F.I.A.
13-2051.00,Financial and Investment Analysts,FIA
13-2051.00,Financial and Investment Analysts,Financial and Investment Analyst
13-2051.00,Financial and Investment Analysts,Financial & Investment Analysts
13-2051.00,Financial and Investment Analysts,Financial / Investment Analysts
13-2051.00,Financial and Investment Analysts,Category: Other
13-2051.00,Financial and Investment Analysts,Other
13-2052.00,Personal Financial Advisors,P.F.A.
13-2052.00,Personal Financial Advisors,PFA
13-2052.00,Personal Financial Advisors,Category: Finance & Accounting
13-2052.00,Personal Financial Advisors,Personal Financial Advisor
13-2052.00,Personal Financial Advisors,Finance and Accounting
13-2052.00,Personal Financial Advisors,Finance & Accounting
13-2052.00,Personal Financial Advisors,Finance&Accounting
13-2053.00,Insurance Underwriters,I.U.
13-2053.00,Insurance Underwriters,IU
13-2053.00,Insurance Underwriters,Category: Arts & Media
13-2053.00,Insurance Underwriters,Insurance Underwriter
13-2053.00,Insurance Underwriters,Arts and Media
13-2053.00,Insurance Underwriters,Arts & Media
13-2053.00,Insurance Underwriters,Arts&Media
13-2054.00,Financial Risk Specialists,F.R.S.
13-2054.00,Financial Risk Specialists,FRS
13-2054.00,Financial Risk Specialists,Category: Finance & Accounting
13-2054.00,Financial Risk Specialists,Financial Risk Specialist
13-2054.00,Financial Risk Specialists,Finance and Accounting
13-2054.00,Financial Risk Specialists,Finance & Accounting
13-2054.00,Financial Risk Specialists,Financial Risk Specs
13-2054.00,Financial Risk Specialists,Finance&Accounting
13-2054.00,Financial Risk Specialists,Financial Risk
13-2061.00,Financial Examiners,F.E.
13-2061.00,Financial Examiners,FE
13-2061.00,Financial Examiners,Category: Legal & Government
13-2061.00,Financial Examiners,Legal and Government
13-2061.00,Financial Examiners,Financial Examiner
13-2061.00,Financial Examiners,Legal & Government
13-2061.00,Financial Examiners,Legal&Government
13-2071.00,Credit Counselors,C.C.
13-2071.00,Credit Counselors,CC
13-2071.00,Credit Counselors,Category: Education
13-2071.00,Credit Counselors,Credit Counselor
13-2071.00,Credit Counselors,Education
13-2072.00,Loan Officers,L.O.
13-2072.00,Loan Officers,LO
13-2072.00,Loan Officers,Category: Finance & Accounting
13-2072.00,Loan Officers,Finance and Accounting
13-2072.00,Loan Officers,Finance & Accounting
13-2072.00,Loan Officers,Finance&Accounting
13-2072.00,Loan Officers,Loan Officer
13-2072.00,Loan Officers,Loan
13-2081.00,"Tax Examiners and Collectors, and Revenue Agents",T.E.C.R.A.
13-2081.00,"Tax Examiners and Collectors, and Revenue Agents",TECRA
13-2081.00,"Tax Examiners and Collectors, and Revenue Agents",Tax Examiners and Collectors and Revenue Agents
13-2081.00,"Tax Examiners and Collectors, and Revenue Agents","Tax Examiners and Collectors, and Revenue Agent"
13-2081.00,"Tax Examiners and Collectors, and Revenue Agents","Tax Examiners & Collectors, & Revenue Agents"
13-2081.00,"Tax Examiners and Collectors, and Revenue Agents","Tax Examiners / Collectors, / Revenue Agents"
13-2081.00,"Tax Examiners and Collectors, and Revenue Agents",Category: Finance & Accounting
13-2081.00,"Tax Examiners and Collectors, and Revenue Agents",Finance and Accounting
13-2081.00,"Tax Examiners and Collectors, and Revenue Agents",Finance & Accounting
13-2081.00,"Tax Examiners and Collectors, and Revenue Agents",Finance&Accounting
13-2082.00,Tax Preparers,T.P.
13-2082.00,Tax Preparers,TP
13-2082.00,Tax Preparers,Category: Finance & Accounting
13-2082.00,Tax Preparers,Finance and Accounting
13-2082.00,Tax Preparers,Finance & Accounting
13-2082.00,Tax Preparers,Finance&Accounting
13-2082.00,Tax Preparers,Tax Preparer
13-2099.00,"Financial Specialists, All Other",F.S.A.O.
13-2099.00,"Financial Specialists, All Other",FSAO
13-2099.00,"Financial Specialists, All Other","Financial Specialists, All Others"
13-2099.00,"Financial Specialists, All Other",Financial Specialists All Other
13-2099.00,"Financial Specialists, All Other",Financial Specs All Other
13-2099.00,"Financial Specialists, All Other",Category: Other
13-2099.00,"Financial Specialists, All Other",Other
13-2099.01,Financial Quantitative Analysts,F.Q.A.
13-2099.01,Financial Quantitative Analysts,FQA
13-2099.01,Financial Quantitative Analysts,Category: Business & Management
13-2099.01,Financial Quantitative Analysts,Financial Quantitative Analyst
13-2099.01,Financial Quantitative Analysts,Business and Management
13-2099.01,Financial Quantitative Analysts,Business & Management
13-2099.01,Financial Quantitative Analysts,Business&Management
13-2099.04,"Fraud Examiners, Investigators and Analysts",F.E.I.A.
13-2099.04,"Fraud Examiners, Investigators and Analysts",FEIA
13-2099.04,"Fraud Examiners, Investigators and Analysts",Fraud Examiners Investigators and Analysts
13-2099.04,"Fraud Examiners, Investigators and Analysts","Fraud Examiners, Investigators and Analyst"
13-2099.04,"Fraud Examiners, Investigators and Analysts","Fraud Examiners, Investigators & Analysts"
13-2099.04,"Fraud Examiners, Investigators and Analysts","Fraud Examiners, Investigators / Analysts"
13-2099.04,"Fraud Examiners, Investigators and Analysts",Category: Other
13-2099.04,"Fraud Examiners, Investigators and Analysts",Other
15-1211.00,Computer Systems Analysts,C.S.A.
15-1211.00,Computer Systems Analysts,CSA
15-1211.00,Computer Systems Analysts,Category: Information Technology
15-1211.00,Computer Systems Analysts,Computer Systems Analyst
15-1211.00,Computer Systems Analysts,Information Technology
15-1211.00,Computer Systems Analysts,InformationTechnology
15-1211.01,Health Informatics Specialists,H.I.S.
15-1211.01,Health Informatics Specialists,HIS
15-1211.01,Health Informatics Specialists,Health Informatics Specialist
15-1211.01,Health Informatics Specialists,Health Informatics Specs
15-1211.01,Health Informatics Specialists,Category: Healthcare
15-1211.01,Health Informatics Specialists,Health Informatics
15-1211.01,Health Informatics Specialists,Healthcare
15-1212.00,Information Security Analysts,I.S.A.
15-1212.00,Information Security Analysts,ISA
15-1212.00,Information Security Analysts,Category: Information Technology
15-1212.00,Information Security Analysts,Information Security Analyst
15-1212.00,Information Security Analysts,Information Technology
15-1212.00,Information Security Analysts,Cybersecurity Analyst
15-1212.00,Information Security Analysts,InformationTechnology
15-1212.00,Information Security Analysts,InfoSec Analyst
15-1221.00,Computer and Information Research Scientists,C.I.R.S.
15-1221.00,Computer and Information Research Scientists,CIRS
15-1221.00,Computer and Information Research Scientists,Computer and Information Research Scientist
15-1221.00,Computer and Information Research Scientists,Computer & Information Research Scientists
15-1221.00,Computer and Information Research Scientists,Computer / Information Research Scientists
15-1221.00,Computer and Information Research Scientists,Category: Information Technology
15-1221.00,Computer and Information Research Scientists,Information Technology
15-1221.00,Computer and Information Research Scientists,InformationTechnology
15-1231.00,Computer Network Support Specialists,C.N.S.S.
15-1231.00,Computer Network Support Specialists,CNSS
15-1231.00,Computer Network Support Specialists,Computer Network Support Specialist
15-1231.00,Computer Network Support Specialists,Category: Information Technology
15-1231.00,Computer Network Support Specialists,Computer Network Support Specs
15-1231.00,Computer Network Support Specialists,Computer Network Support
15-1231.00,Computer Network Support Specialists,Information Technology
15-1231.00,Computer Network Support Specialists,InformationTechnology
15-1232.00,Computer User Support Specialists,C.U.S.S.
15-1232.00,Computer User Support Specialists,CUSS
15-1232.00,Computer User Support Specialists,Category: Information Technology
15-1232.00,Computer User Support Specialists,Computer User Support Specialist
15-1232.00,Computer User Support Specialists,Computer User Support Specs
15-1232.00,Computer User Support Specialists,Information Technology
15-1232.00,Computer User Support Specialists,Computer User Support
15-1232.00,Computer User Support Specialists,InformationTechnology
15-1241.00,Computer Network Architects,C.N.A.
15-1241.00,Computer Network Architects,CNA
15-1241.00,Computer Network Architects,Category: Information Technology
15-1241.00,Computer Network Architects,Computer Network Architect
15-1241.00,Computer Network Architects,Information Technology
15-1241.00,Computer Network Architects,InformationTechnology
15-1241.01,Telecommunications Engineering Specialists,T.E.S.
15-1241.01,Telecommunications Engineering Specialists,TES
15-1241.01,Telecommunications Engineering Specialists,Telecommunications Engineering Specialist
15-1241.01,Telecommunications Engineering Specialists,Category: Marketing & Communications
15-1241.01,Telecommunications Engineering Specialists,Telecommunications Engineering Specs
15-1241.01,Telecommunications Engineering Specialists,Telecommunications Engineering
15-1241.01,Telecommunications Engineering Specialists,Marketing and Communications
15-1241.01,Telecommunications Engineering Specialists,Marketing & Communications
15-1241.01,Telecommunications Engineering Specialists,Marketing&Communications
15-1242.00,Database Administrators,D.A.
15-1242.00,Database Administrators,DA
15-1242.00,Database Administrators,Category: Information Technology
15-1242.00,Database Administrators,Database Administrator
15-1242.00,Database Administrators,Information Technology
15-1242.00,Database Administrators,InformationTechnology
15-1242.00,Database Administrators,Database Admins
15-1242.00,Database Administrators,Database
15-1243.00,Database Architects,D.A.
15-1243.00,Database Architects,DA
15-1243.00,Database Architects,Category: Information Technology
15-1243.00,Database Architects,Information Technology
15-1243.00,Database Architects,InformationTechnology
15-1243.00,Database Architects,Database Architect
15-1243.01,Data Warehousing Specialists,D.W.S.
15-1243.01,Data Warehousing Specialists,DWS
15-1243.01,Data Warehousing Specialists,Category: Information Technology
15-1243.01,Data Warehousing Specialists,Data Warehousing Specialist
15-1243.01,Data Warehousing Specialists,Data Warehousing Specs
15-1243.01,Data Warehousing Specialists,Information Technology
15-1243.01,Data Warehousing Specialists,InformationTechnology
15-1243.01,Data Warehousing Specialists,Data Warehousing
15-1244.00,Network and Computer Systems Administrators,N.C.S.A.
15-1244.00,Network and Computer Systems Administrators,NCSA
15-1244.00,Network and Computer Systems Administrators,Network and Computer Systems Administrator
15-1244.00,Network and Computer Systems Administrators,Network & Computer Systems Administrators
15-1244.00,Network and Computer Systems Administrators,Network / Computer Systems Administrators
15-1244.00,Network and Computer Systems Administrators,Network and Computer Systems Admins
15-1244.00,Network and Computer Systems Administrators,Category: Information Technology
15-1244.00,Network and Computer Systems Administrators,Network and Computer Systems
15-1244.00,Network and Computer Systems Administrators,Information Technology
15-1244.00,Network and Computer Systems Administrators,InformationTechnology
15-1251.00,Computer Programmers,C.P.
15-1251.00,Computer Programmers,CP
15-1251.00,Computer Programmers,Category: Information Technology
15-1251.00,Computer Programmers,Information Technology
15-1251.00,Computer Programmers,InformationTechnology
15-1251.00,Computer Programmers,Computer Programmer
15-1252.00,Software Developers,S.W.E.
15-1252.00,Software Developers,S.D.
15-1252.00,Software Developers,SWE
15-1252.00,Software Developers,SD
15-1252.00,Software Developers,Category: Information Technology
15-1252.00,Software Developers,Information Technology
15-1252.00,Software Developers,InformationTechnology
15-1252.00,Software Developers,Software Developer
15-1252.00,Software Developers,Software Engineer
15-1252.00,Software Developers,Programmer
15-1252.00,Software Developers,Coder
15-1252.00,Software Developers,Dev
15-1253.00,Software Quality Assurance Analysts and Testers,S.Q.A.A.T.
15-1253.00,Software Quality Assurance Analysts and Testers,SQAAT
15-1253.00,Software Quality Assurance Analysts and Testers,Q.A.
15-1253.00,Software Quality Assurance Analysts and Testers,QA
15-1253.00,Software Quality Assurance Analysts and Testers,Software Quality Assurance Analysts and Tester
15-1253.00,Software Quality Assurance Analysts and Testers,Software Quality Assurance Analysts & Testers
15-1253.00,Software Quality Assurance Analysts and Testers,Software Quality Assurance Analysts / Testers
15-1253.00,Software Quality Assurance Analysts and Testers,Category: Information Technology
15-1253.00,Software Quality Assurance Analysts and Testers,Information Technology
15-1253.00,Software Quality Assurance Analysts and Testers,InformationTechnology
15-1254.00,Web Developers,W.D.
15-1254.00,Web Developers,WD
15-1254.00,Web Developers,Category: Information Technology
15-1254.00,Web Developers,Information Technology
15-1254.00,Web Developers,InformationTechnology
15-1254.00,Web Developers,Web Developer
15-1255.00,Web and Digital Interface Designers,W.D.I.D.
15-1255.00,Web and Digital Interface Designers,WDID
15-1255.00,Web and Digital Interface Designers,Web and Digital Interface Designer
15-1255.00,Web and Digital Interface Designers,Web & Digital Interface Designers
15-1255.00,Web and Digital Interface Designers,Web / Digital Interface Designers
15-1255.00,Web and Digital Interface Designers,Category: Information Technology
15-1255.00,Web and Digital Interface Designers,Information Technology
15-1255.00,Web and Digital Interface Designers,InformationTechnology
15-1255.01,Video Game Designers,V.G.D.
15-1255.01,Video Game Designers,VGD
15-1255.01,Video Game Designers,Category: Manufacturing
15-1255.01,Video Game Designers,Video Game Designer
15-1255.01,Video Game Designers,Manufacturing
15-1299.00,"Computer Occupations, All Other",C.O.A.O.
15-1299.00,"Computer Occupations, All Other",COAO
15-1299.00,"Computer Occupations, All Other","Computer Occupations, All Others"
15-1299.00,"Computer Occupations, All Other",Computer Occupations All Other
15-1299.00,"Computer Occupations, All Other",Category: Other
15-1299.00,"Computer Occupations, All Other",Other
15-1299.01,Web Administrators,W.A.
15-1299.01,Web Administrators,WA
15-1299.01,Web Administrators,Category: Information Technology
15-1299.01,Web Administrators,Information Technology
15-1299.01,Web Administrators,InformationTechnology
15-1299.01,Web Administrators,Web Administrator
15-1299.01,Web Administrators,Web Admins
15-1299.02,Geographic Information Systems Technologists and Technicians,G.I.S.T.T.
15-1299.02,Geographic Information Systems Technologists and Technicians,GISTT
15-1299.02,Geographic Information Systems Technologists and Technicians,I.S.
15-1299.02,Geographic Information Systems Technologists and Technicians,IS
15-1299.02,Geographic Information Systems Technologists and Technicians,Geographic Information Systems Technologists and Technician
15-1299.02,Geographic Information Systems Technologists and Technicians,Geographic Information Systems Technologists & Technicians
15-1299.02,Geographic Information Systems Technologists and Technicians,Geographic Information Systems Technologists / Technicians
15-1299.02,Geographic Information Systems Technologists and Technicians,Geographic Information Systems Technologists and Techs
15-1299.02,Geographic Information Systems Technologists and Technicians,Geographic Information Systems Technologists and
15-1299.02,Geographic Information Systems Technologists and Technicians,Category: Information Technology
15-1299.02,Geographic Information Systems Technologists and Technicians,Information Technology
15-1299.02,Geographic Information Systems Technologists and Technicians,InformationTechnology
15-1299.03,Document Management Specialists,D.M.S.
15-1299.03,Document Management Specialists,DMS
15-1299.03,Document Management Specialists,Category: Business & Management
15-1299.03,Document Management Specialists,Document Management Specialist
15-1299.03,Document Management Specialists,Document Management Specs
15-1299.03,Document Management Specialists,Business and Management
15-1299.03,Document Management Specialists,Business & Management
15-1299.03,Document Management Specialists,Business&Management
15-1299.03,Document Management Specialists,Document Management
15-1299.04,Penetration Testers,P.T.
15-1299.04,Penetration Testers,PT
15-1299.04,Penetration Testers,Category: Information Technology
15-1299.04,Penetration Testers,Information Technology
15-1299.04,Penetration Testers,InformationTechnology
15-1299.04,Penetration Testers,Penetration Tester
15-1299.05,Information Security Engineers,I.S.E.
15-1299.05,Information Security Engineers,ISE
15-1299.05,Information Security Engineers,Category: Information Technology
15-1299.05,Information Security Engineers,Information Security Engineer
15-1299.05,Information Security Engineers,Information Security Engs
15-1299.05,Information Security Engineers,Information Technology
15-1299.05,Information Security Engineers,InformationTechnology
15-1299.05,Information Security Engineers,Information Security
15-1299.06,Digital Forensics Analysts,D.F.A.
15-1299.06,Digital Forensics Analysts,DFA
15-1299.06,Digital Forensics Analysts,Category: Information Technology
15-1299.06,Digital Forensics Analysts,Digital Forensics Analyst
15-1299.06,Digital Forensics Analysts,Information Technology
15-1299.06,Digital Forensics Analysts,InformationTechnology
15-1299.07,Blockchain Engineers,B.E.
15-1299.07,Blockchain Engineers,BE
15-1299.07,Blockchain Engineers,Category: Information Technology
15-1299.07,Blockchain Engineers,Information Technology
15-1299.07,Blockchain Engineers,InformationTechnology
15-1299.07,Blockchain Engineers,Blockchain Engineer
15-1299.07,Blockchain Engineers,Blockchain Engs
15-1299.07,Blockchain Engineers,Blockchain
15-1299.08,Computer Systems Engineers/Architects,C.S.E.A.
15-1299.08,Computer Systems Engineers/Architects,CSEA
15-1299.08,Computer Systems Engineers/Architects,Computer Systems Engineers/Architect
15-1299.08,Computer Systems Engineers/Architects,Category: Information Technology
15-1299.08,Computer Systems Engineers/Architects,Information Technology
15-1299.08,Computer Systems Engineers/Architects,InformationTechnology
15-1299.09,Information Technology Project Managers,I.T.P.M.
15-1299.09,Information Technology Project Managers,I.T.
15-1299.09,Information Technology Project Managers,ITPM
15-1299.09,Information Technology Project Managers,P.M.
15-1299.09,Information Technology Project Managers,IT
15-1299.09,Information Technology Project Managers,PM
15-1299.09,Information Technology Project Managers,Information Technology Project Manager
15-1299.09,Information Technology Project Managers,Information Technology Project Mgrs
15-1299.09,Information Technology Project Managers,Category: Information Technology
15-1299.09,Information Technology Project Managers,Information Technology Project
15-1299.09,Information Technology Project Managers,Information Technology
15-1299.09,Information Technology Project Managers,InformationTechnology
15-2011.00,Actuaries,Category: Finance & Accounting
15-2011.00,Actuaries,Finance and Accounting
15-2011.00,Actuaries,Finance & Accounting
15-2011.00,Actuaries,Finance&Accounting
15-2011.00,Actuaries,Actuary
15-2021.00,Mathematicians,Category: Science & Research
15-2021.00,Mathematicians,Science and Research
15-2021.00,Mathematicians,Science & Research
15-2021.00,Mathematicians,Science&Research
15-2021.00,Mathematicians,Mathematician
15-2031.00,Operations Research Analysts,O.R.A.
15-2031.00,Operations Research Analysts,ORA
15-2031.00,Operations Research Analysts,Category: Information Technology
15-2031.00,Operations Research Analysts,Operations Research Analyst
15-2031.00,Operations Research Analysts,Information Technology
15-2031.00,Operations Research Analysts,InformationTechnology
15-2041.00,Statisticians,Category: Agriculture
15-2041.00,Statisticians,Statistician
15-2041.00,Statisticians,Agriculture
15-2041.01,Biostatisticians,Biostatistician
15-2041.01,Biostatisticians,Category: Other
15-2041.01,Biostatisticians,Other
15-2051.00,Data Scientists,D.S.
15-2051.00,Data Scientists,DS
15-2051.00,Data Scientists,Category: Information Technology
15-2051.00,Data Scientists,Information Technology
15-2051.00,Data Scientists,InformationTechnology
15-2051.00,Data Scientists,Data Scientist
15-2051.01,Business Intelligence Analysts,B.I.A.
15-2051.01,Business Intelligence Analysts,BIA
15-2051.01,Business Intelligence Analysts,Business Intelligence Analyst
15-2051.01,Business Intelligence Analysts,Category: Other
15-2051.01,Business Intelligence Analysts,Other
15-2051.02,Clinical Data Managers,C.D.M.
15-2051.02,Clinical Data Managers,CDM
15-2051.02,Clinical Data Managers,Category: Information Technology
15-2051.02,Clinical Data Managers,Information Technology
15-2051.02,Clinical Data Managers,Clinical Data Manager
15-2051.02,Clinical Data Managers,InformationTechnology
15-2051.02,Clinical Data Managers,Clinical Data Mgrs
15-2051.02,Clinical Data Managers,Clinical Data
15-2099.00,"Mathematical Science Occupations, All Other",M.S.O.A.O.
15-2099.00,"Mathematical Science Occupations, All Other",MSOAO
15-2099.00,"Mathematical Science Occupations, All Other","Mathematical Science Occupations, All Others"
15-2099.00,"Mathematical Science Occupations, All Other",Mathematical Science Occupations All Other
15-2099.00,"Mathematical Science Occupations, All Other",Category: Science & Research
15-2099.00,"Mathematical Science Occupations, All Other",Science and Research
15-2099.00,"Mathematical Science Occupations, All Other",Science & Research
15-2099.00,"Mathematical Science Occupations, All Other",Science&Research
15-2099.01,Bioinformatics Technicians,B.T.
15-2099.01,Bioinformatics Technicians,BT
15-2099.01,Bioinformatics Technicians,Category: Information Technology
15-2099.01,Bioinformatics Technicians,Bioinformatics Technician
15-2099.01,Bioinformatics Technicians,Information Technology
15-2099.01,Bioinformatics Technicians,InformationTechnology
15-2099.01,Bioinformatics Technicians,Bioinformatics Techs
15-2099.01,Bioinformatics Technicians,Bioinformatics
17-1011.00,"Architects, Except Landscape and Naval",A.E.L.N.
17-1011.00,"Architects, Except Landscape and Naval",AELN
17-1011.00,"Architects, Except Landscape and Naval","Architects, Except Landscape and Navals"
17-1011.00,"Architects, Except Landscape and Naval",Architects Except Landscape and Naval
17-1011.00,"Architects, Except Landscape and Naval","Architects, Except Landscape & Naval"
17-1011.00,"Architects, Except Landscape and Naval","Architects, Except Landscape / Naval"
17-1011.00,"Architects, Except Landscape and Naval",Category: Engineering
17-1011.00,"Architects, Except Landscape and Naval",Engineering
17-1012.00,Landscape Architects,L.A.
17-1012.00,Landscape Architects,LA
17-1012.00,Landscape Architects,Category: Healthcare
17-1012.00,Landscape Architects,Landscape Architect
17-1012.00,Landscape Architects,Healthcare
17-1021.00,Cartographers and Photogrammetrists,C.P.
17-1021.00,Cartographers and Photogrammetrists,CP
17-1021.00,Cartographers and Photogrammetrists,Cartographers and Photogrammetrist
17-1021.00,Cartographers and Photogrammetrists,Cartographers & Photogrammetrists
17-1021.00,Cartographers and Photogrammetrists,Cartographers / Photogrammetrists
17-1021.00,Cartographers and Photogrammetrists,Category: Education
17-1021.00,Cartographers and Photogrammetrists,Education
17-1022.00,Surveyors,Category: Engineering
17-1022.00,Surveyors,Engineering
17-1022.00,Surveyors,Surveyor
17-1022.01,Geodetic Surveyors,G.S.
17-1022.01,Geodetic Surveyors,GS
17-1022.01,Geodetic Surveyors,Geodetic Surveyor
17-1022.01,Geodetic Surveyors,Category: Other
17-1022.01,Geodetic Surveyors,Other
17-2011.00,Aerospace Engineers,A.E.
17-2011.00,Aerospace Engineers,AE
17-2011.00,Aerospace Engineers,Category: Engineering
17-2011.00,Aerospace Engineers,Aerospace Engineer
17-2011.00,Aerospace Engineers,Aerospace Engs
17-2011.00,Aerospace Engineers,Engineering
17-2011.00,Aerospace Engineers,Aerospace
17-2021.00,Agricultural Engineers,A.E.
17-2021.00,Agricultural Engineers,AE
17-2021.00,Agricultural Engineers,Agricultural Engineer
17-2021.00,Agricultural Engineers,Category: Engineering
17-2021.00,Agricultural Engineers,Agricultural Engs
17-2021.00,Agricultural Engineers,Agricultural
17-2021.00,Agricultural Engineers,Engineering
17-2031.00,Bioengineers and Biomedical Engineers,B.B.E.
17-2031.00,Bioengineers and Biomedical Engineers,BBE
17-2031.00,Bioengineers and Biomedical Engineers,Bioengineers and Biomedical Engineer
17-2031.00,Bioengineers and Biomedical Engineers,Bioengineers & Biomedical Engineers
17-2031.00,Bioengineers and Biomedical Engineers,Bioengineers / Biomedical Engineers
17-2031.00,Bioengineers and Biomedical Engineers,Bioengineers and Biomedical Engs
17-2031.00,Bioengineers and Biomedical Engineers,Bioengineers and Biomedical
17-2031.00,Bioengineers and Biomedical Engineers,Category: Healthcare
17-2031.00,Bioengineers and Biomedical Engineers,Healthcare
17-2041.00,Chemical Engineers,C.E.
17-2041.00,Chemical Engineers,CE
17-2041.00,Chemical Engineers,Category: Engineering
17-2041.00,Chemical Engineers,Chemical Engineer
17-2041.00,Chemical Engineers,Chemical Engs
17-2041.00,Chemical Engineers,Engineering
17-2041.00,Chemical Engineers,Chemical
17-2051.00,Civil Engineers,C.E.
17-2051.00,Civil Engineers,CE
17-2051.00,Civil Engineers,Category: Engineering
17-2051.00,Civil Engineers,Civil Engineer
17-2051.00,Civil Engineers,Engineering
17-2051.00,Civil Engineers,Civil Engs
17-2051.00,Civil Engineers,Civil
17-2051.01,Transportation Engineers,T.E.
17-2051.01,Transportation Engineers,TE
17-2051.01,Transportation Engineers,Transportation Engineer
17-2051.01,Transportation Engineers,Category: Engineering
17-2051.01,Transportation Engineers,Transportation Engs
17-2051.01,Transportation Engineers,Transportation
17-2051.01,Transportation Engineers,Engineering
17-2051.02,Water/Wastewater Engineers,W.W.E.
17-2051.02,Water/Wastewater Engineers,WWE
17-2051.02,Water/Wastewater Engineers,Water/Wastewater Engineer
17-2051.02,Water/Wastewater Engineers,Category: Engineering
17-2051.02,Water/Wastewater Engineers,Water/Wastewater Engs
17-2051.02,Water/Wastewater Engineers,Water/Wastewater
17-2051.02,Water/Wastewater Engineers,Engineering
17-2061.00,Computer Hardware Engineers,C.H.E.
17-2061.00,Computer Hardware Engineers,CHE
17-2061.00,Computer Hardware Engineers,Computer Hardware Engineer
17-2061.00,Computer Hardware Engineers,Computer Hardware Engs
17-2061.00,Computer Hardware Engineers,Category: Engineering
17-2061.00,Computer Hardware Engineers,Computer Hardware
17-2061.00,Computer Hardware Engineers,Engineering
17-2071.00,Electrical Engineers,E.E.
17-2071.00,Electrical Engineers,EE
17-2071.00,Electrical Engineers,Category: Engineering
17-2071.00,Electrical Engineers,Electrical Engineer
17-2071.00,Electrical Engineers,Electrical Engs
17-2071.00,Electrical Engineers,Engineering
17-2071.00,Electrical Engineers,Electrical
17-2072.00,"Electronics Engineers, Except Computer",E.E.E.C.
17-2072.00,"Electronics Engineers, Except Computer",EEEC
17-2072.00,"Electronics Engineers, Except Computer","Electronics Engineers, Except Computers"
17-2072.00,"Electronics Engineers, Except Computer",Electronics Engineers Except Computer
17-2072.00,"Electronics Engineers, Except Computer",Category: Marketing & Communications
17-2072.00,"Electronics Engineers, Except Computer",Electronics Engs Except Computer
17-2072.00,"Electronics Engineers, Except Computer",Marketing and Communications
17-2072.00,"Electronics Engineers, Except Computer",Marketing & Communications
17-2072.00,"Electronics Engineers, Except Computer",Marketing&Communications
17-2072.01,Radio Frequency Identification Device Specialists,R.F.I.D.S.
17-2072.01,Radio Frequency Identification Device Specialists,RFIDS
17-2072.01,Radio Frequency Identification Device Specialists,Radio Frequency Identification Device Specialist
17-2072.01,Radio Frequency Identification Device Specialists,Radio Frequency Identification Device Specs
17-2072.01,Radio Frequency Identification Device Specialists,Radio Frequency Identification Device
17-2072.01,Radio Frequency Identification Device Specialists,Category: Other
17-2072.01,Radio Frequency Identification Device Specialists,Other
17-2081.00,Environmental Engineers,E.E.
17-2081.00,Environmental Engineers,EE
17-2081.00,Environmental Engineers,Environmental Engineer
17-2081.00,Environmental Engineers,Category: Engineering
17-2081.00,Environmental Engineers,Environmental Engs
17-2081.00,Environmental Engineers,Environmental
17-2081.00,Environmental Engineers,Engineering
17-2111.00,"Health and Safety Engineers, Except Mining Safety Engineers and Inspectors",Health and Safety Engineers Except Mining Safety Engineers and Inspectors
17-2111.00,"Health and Safety Engineers, Except Mining Safety Engineers and Inspectors","Health and Safety Engineers, Except Mining Safety Engineers and Inspector"
17-2111.00,"Health and Safety Engineers, Except Mining Safety Engineers and Inspectors","Health & Safety Engineers, Except Mining Safety Engineers & Inspectors"
17-2111.00,"Health and Safety Engineers, Except Mining Safety Engineers and Inspectors","Health / Safety Engineers, Except Mining Safety Engineers / Inspectors"
17-2111.00,"Health and Safety Engineers, Except Mining Safety Engineers and Inspectors","Health and Safety Engineers, Except Mining Safety Engs and Inspectors"
17-2111.00,"Health and Safety Engineers, Except Mining Safety Engineers and Inspectors",Health and Safety Engs Except Mining Safety Engineers and Inspectors
17-2111.00,"Health and Safety Engineers, Except Mining Safety Engineers and Inspectors",Category: Healthcare
17-2111.00,"Health and Safety Engineers, Except Mining Safety Engineers and Inspectors",Healthcare
17-2111.02,Fire-Prevention and Protection Engineers,F.P.P.E.
17-2111.02,Fire-Prevention and Protection Engineers,FPPE
17-2111.02,Fire-Prevention and Protection Engineers,Fire-Prevention and Protection Engineer
17-2111.02,Fire-Prevention and Protection Engineers,Fire-Prevention & Protection Engineers
17-2111.02,Fire-Prevention and Protection Engineers,Fire-Prevention / Protection Engineers
17-2111.02,Fire-Prevention and Protection Engineers,Fire-Prevention and Protection Engs
17-2111.02,Fire-Prevention and Protection Engineers,Fire-Prevention and Protection
17-2111.02,Fire-Prevention and Protection Engineers,Category: Engineering
17-2111.02,Fire-Prevention and Protection Engineers,Engineering
17-2112.00,Industrial Engineers,I.E.
17-2112.00,Industrial Engineers,IE
17-2112.00,Industrial Engineers,Category: Engineering
17-2112.00,Industrial Engineers,Industrial Engineer
17-2112.00,Industrial Engineers,Industrial Engs
17-2112.00,Industrial Engineers,Engineering
17-2112.00,Industrial Engineers,Industrial
17-2112.01,Human Factors Engineers and Ergonomists,H.F.E.E.
17-2112.01,Human Factors Engineers and Ergonomists,HFEE
17-2112.01,Human Factors Engineers and Ergonomists,Human Factors Engineers and Ergonomist
17-2112.01,Human Factors Engineers and Ergonomists,Human Factors Engineers & Ergonomists
17-2112.01,Human Factors Engineers and Ergonomists,Human Factors Engineers / Ergonomists
17-2112.01,Human Factors Engineers and Ergonomists,Human Factors Engs and Ergonomists
17-2112.01,Human Factors Engineers and Ergonomists,Category: Engineering
17-2112.01,Human Factors Engineers and Ergonomists,Engineering
17-2112.02,Validation Engineers,V.E.
17-2112.02,Validation Engineers,VE
17-2112.02,Validation Engineers,Category: Engineering
17-2112.02,Validation Engineers,Validation Engineer
17-2112.02,Validation Engineers,Validation Engs
17-2112.02,Validation Engineers,Engineering
17-2112.02,Validation Engineers,Validation
17-2112.03,Manufacturing Engineers,M.E.
17-2112.03,Manufacturing Engineers,ME
17-2112.03,Manufacturing Engineers,Manufacturing Engineer
17-2112.03,Manufacturing Engineers,Category: Engineering
17-2112.03,Manufacturing Engineers,Manufacturing Engs
17-2112.03,Manufacturing Engineers,Manufacturing
17-2112.03,Manufacturing Engineers,Engineering
17-2121.00,Marine Engineers and Naval Architects,M.E.N.A.
17-2121.00,Marine Engineers and Naval Architects,MENA
17-2121.00,Marine Engineers and Naval Architects,Marine Engineers and Naval Architect
17-2121.00,Marine Engineers and Naval Architects,Marine Engineers & Naval Architects
17-2121.00,Marine Engineers and Naval Architects,Marine Engineers / Naval Architects
17-2121.00,Marine Engineers and Naval Architects,Marine Engs and Naval Architects
17-2121.00,Marine Engineers and Naval Architects,Category: Engineering
17-2121.00,Marine Engineers and Naval Architects,Engineering
17-2131.00,Materials Engineers,M.E.
17-2131.00,Materials Engineers,ME
17-2131.00,Materials Engineers,Category: Engineering
17-2131.00,Materials Engineers,Materials Engineer
17-2131.00,Materials Engineers,Materials Engs
17-2131.00,Materials Engineers,Engineering
17-2131.00,Materials Engineers,Materials
17-2141.00,Mechanical Engineers,M.E.
17-2141.00,Mechanical Engineers,ME
17-2141.00,Mechanical Engineers,Category: Engineering
17-2141.00,Mechanical Engineers,Mechanical Engineer
17-2141.00,Mechanical Engineers,Mechanical Engs
17-2141.00,Mechanical Engineers,Engineering
17-2141.00,Mechanical Engineers,Mechanical
17-2141.01,Fuel Cell Engineers,F.C.E.
17-2141.01,Fuel Cell Engineers,FCE
17-2141.01,Fuel Cell Engineers,Category: Engineering
17-2141.01,Fuel Cell Engineers,Fuel Cell Engineer
17-2141.01,Fuel Cell Engineers,Fuel Cell Engs
17-2141.01,Fuel Cell Engineers,Engineering
17-2141.01,Fuel Cell Engineers,Fuel Cell
17-2141.02,Automotive Engineers,A.E.
17-2141.02,Automotive Engineers,AE
17-2141.02,Automotive Engineers,Category: Engineering
17-2141.02,Automotive Engineers,Automotive Engineer
17-2141.02,Automotive Engineers,Automotive Engs
17-2141.02,Automotive Engineers,Engineering
17-2141.02,Automotive Engineers,Automotive
17-2151.00,"Mining and Geological Engineers, Including Mining Safety Engineers",Mining and Geological Engineers Including Mining Safety Engineers
17-2151.00,"Mining and Geological Engineers, Including Mining Safety Engineers","Mining and Geological Engineers, Including Mining Safety Engineer"
17-2151.00,"Mining and Geological Engineers, Including Mining Safety Engineers","Mining & Geological Engineers, Including Mining Safety Engineers"
17-2151.00,"Mining and Geological Engineers, Including Mining Safety Engineers","Mining / Geological Engineers, Including Mining Safety Engineers"
17-2151.00,"Mining and Geological Engineers, Including Mining Safety Engineers","Mining and Geological Engineers, Including Mining Safety Engs"
17-2151.00,"Mining and Geological Engineers, Including Mining Safety Engineers",Mining and Geological Engs Including Mining Safety Engineers
17-2151.00,"Mining and Geological Engineers, Including Mining Safety Engineers","Mining and Geological Engineers, Including Mining Safety"
17-2151.00,"Mining and Geological Engineers, Including Mining Safety Engineers",Category: Engineering
17-2151.00,"Mining and Geological Engineers, Including Mining Safety Engineers",Engineering
17-2161.00,Nuclear Engineers,N.E.
17-2161.00,Nuclear Engineers,NE
17-2161.00,Nuclear Engineers,Category: Engineering
17-2161.00,Nuclear Engineers,Nuclear Engineer
17-2161.00,Nuclear Engineers,Nuclear Engs
17-2161.00,Nuclear Engineers,Engineering
17-2161.00,Nuclear Engineers,Nuclear
17-2171.00,Petroleum Engineers,P.E.
17-2171.00,Petroleum Engineers,PE
17-2171.00,Petroleum Engineers,Category: Engineering
17-2171.00,Petroleum Engineers,Petroleum Engineer
17-2171.00,Petroleum Engineers,Petroleum Engs
17-2171.00,Petroleum Engineers,Engineering
17-2171.00,Petroleum Engineers,Petroleum
17-2199.00,"Engineers, All Other",E.A.O.
17-2199.00,"Engineers, All Other",EAO
17-2199.00,"Engineers, All Other",Category: Engineering
17-2199.00,"Engineers, All Other","Engineers, All Others"
17-2199.00,"Engineers, All Other",Engineers All Other
17-2199.00,"Engineers, All Other",Engs All Other
17-2199.00,"Engineers, All Other",Engineering
17-2199.03,"Energy Engineers, Except Wind and Solar",E.E.E.W.S.
17-2199.03,"Energy Engineers, Except Wind and Solar",EEEWS
17-2199.03,"Energy Engineers, Except Wind and Solar","Energy Engineers, Except Wind and Solars"
17-2199.03,"Energy Engineers, Except Wind and Solar",Energy Engineers Except Wind and Solar
17-2199.03,"Energy Engineers, Except Wind and Solar","Energy Engineers, Except Wind & Solar"
17-2199.03,"Energy Engineers, Except Wind and Solar","Energy Engineers, Except Wind / Solar"
17-2199.03,"Energy Engineers, Except Wind and Solar",Energy Engs Except Wind and Solar
17-2199.03,"Energy Engineers, Except Wind and Solar",Category: Engineering
17-2199.03,"Energy Engineers, Except Wind and Solar",Engineering
17-2199.05,Mechatronics Engineers,M.E.
17-2199.05,Mechatronics Engineers,ME
17-2199.05,Mechatronics Engineers,Category: Engineering
17-2199.05,Mechatronics Engineers,Mechatronics Engineer
17-2199.05,Mechatronics Engineers,Mechatronics Engs
17-2199.05,Mechatronics Engineers,Mechatronics
17-2199.05,Mechatronics Engineers,Engineering
17-2199.06,Microsystems Engineers,M.E.
17-2199.06,Microsystems Engineers,ME
17-2199.06,Microsystems Engineers,Category: Engineering
17-2199.06,Microsystems Engineers,Microsystems Engineer
17-2199.06,Microsystems Engineers,Microsystems Engs
17-2199.06,Microsystems Engineers,Microsystems
17-2199.06,Microsystems Engineers,Engineering
17-2199.07,Photonics Engineers,P.E.
17-2199.07,Photonics Engineers,PE
17-2199.07,Photonics Engineers,Category: Engineering
17-2199.07,Photonics Engineers,Photonics Engineer
17-2199.07,Photonics Engineers,Photonics Engs
17-2199.07,Photonics Engineers,Engineering
17-2199.07,Photonics Engineers,Photonics
17-2199.08,Robotics Engineers,R.E.
17-2199.08,Robotics Engineers,RE
17-2199.08,Robotics Engineers,Category: Engineering
17-2199.08,Robotics Engineers,Robotics Engineer
17-2199.08,Robotics Engineers,Robotics Engs
17-2199.08,Robotics Engineers,Engineering
17-2199.08,Robotics Engineers,Robotics
17-2199.09,Nanosystems Engineers,N.E.
17-2199.09,Nanosystems Engineers,NE
17-2199.09,Nanosystems Engineers,Category: Engineering
17-2199.09,Nanosystems Engineers,Nanosystems Engineer
17-2199.09,Nanosystems Engineers,Nanosystems Engs
17-2199.09,Nanosystems Engineers,Engineering
17-2199.09,Nanosystems Engineers,Nanosystems
17-2199.10,Wind Energy Engineers,W.E.E.
17-2199.10,Wind Energy Engineers,WEE
17-2199.10,Wind Energy Engineers,Category: Engineering
17-2199.10,Wind Energy Engineers,Wind Energy Engineer
17-2199.10,Wind Energy Engineers,Wind Energy Engs
17-2199.10,Wind Energy Engineers,Engineering
17-2199.10,Wind Energy Engineers,Wind Energy
17-2199.11,Solar Energy Systems Engineers,S.E.S.E.
17-2199.11,Solar Energy Systems Engineers,SESE
17-2199.11,Solar Energy Systems Engineers,Solar Energy Systems Engineer
17-2199.11,Solar Energy Systems Engineers,Solar Energy Systems Engs
17-2199.11,Solar Energy Systems Engineers,Category: Engineering
17-2199.11,Solar Energy Systems Engineers,Solar Energy Systems
17-2199.11,Solar Energy Systems Engineers,Engineering
17-3011.00,Architectural and Civil Drafters,A.C.D.
17-3011.00,Architectural and Civil Drafters,ACD
17-3011.00,Architectural and Civil Drafters,Architectural and Civil Drafter
17-3011.00,Architectural and Civil Drafters,Architectural & Civil Drafters
17-3011.00,Architectural and Civil Drafters,Architectural / Civil Drafters
17-3011.00,Architectural and Civil Drafters,Category: Engineering
17-3011.00,Architectural and Civil Drafters,Engineering
17-3012.00,Electrical and Electronics Drafters,E.E.D.
17-3012.00,Electrical and Electronics Drafters,EED
17-3012.00,Electrical and Electronics Drafters,Electrical and Electronics Drafter
17-3012.00,Electrical and Electronics Drafters,Electrical & Electronics Drafters
17-3012.00,Electrical and Electronics Drafters,Electrical / Electronics Drafters
17-3012.00,Electrical and Electronics Drafters,Category: Engineering
17-3012.00,Electrical and Electronics Drafters,Engineering
17-3013.00,Mechanical Drafters,M.D.
17-3013.00,Mechanical Drafters,MD
17-3013.00,Mechanical Drafters,Category: Engineering
17-3013.00,Mechanical Drafters,Mechanical Drafter
17-3013.00,Mechanical Drafters,Engineering
17-3019.00,"Drafters, All Other",D.A.O.
17-3019.00,"Drafters, All Other",DAO
17-3019.00,"Drafters, All Other","Drafters, All Others"
17-3019.00,"Drafters, All Other",Drafters All Other
17-3019.00,"Drafters, All Other",Category: Other
17-3019.00,"Drafters, All Other",Other
17-3021.00,Aerospace Engineering and Operations Technologists and Technicians,A.E.O.T.T.
17-3021.00,Aerospace Engineering and Operations Technologists and Technicians,AEOTT
17-3021.00,Aerospace Engineering and Operations Technologists and Technicians,Aerospace Engineering and Operations Technologists and Technician
17-3021.00,Aerospace Engineering and Operations Technologists and Technicians,Aerospace Engineering & Operations Technologists & Technicians
17-3021.00,Aerospace Engineering and Operations Technologists and Technicians,Aerospace Engineering / Operations Technologists / Technicians
17-3021.00,Aerospace Engineering and Operations Technologists and Technicians,Aerospace Engineering and Operations Technologists and Techs
17-3021.00,Aerospace Engineering and Operations Technologists and Technicians,Aerospace Engineering and Operations Technologists and
17-3021.00,Aerospace Engineering and Operations Technologists and Technicians,Category: Marketing & Communications
17-3021.00,Aerospace Engineering and Operations Technologists and Technicians,Marketing and Communications
17-3021.00,Aerospace Engineering and Operations Technologists and Technicians,Marketing & Communications
17-3021.00,Aerospace Engineering and Operations Technologists and Technicians,Marketing&Communications
17-3022.00,Civil Engineering Technologists and Technicians,C.E.T.T.
17-3022.00,Civil Engineering Technologists and Technicians,CETT
17-3022.00,Civil Engineering Technologists and Technicians,Civil Engineering Technologists and Technician
17-3022.00,Civil Engineering Technologists and Technicians,Civil Engineering Technologists & Technicians
17-3022.00,Civil Engineering Technologists and Technicians,Civil Engineering Technologists / Technicians
17-3022.00,Civil Engineering Technologists and Technicians,Civil Engineering Technologists and Techs
17-3022.00,Civil Engineering Technologists and Technicians,Civil Engineering Technologists and
17-3022.00,Civil Engineering Technologists and Technicians,Category: Engineering
17-3022.00,Civil Engineering Technologists and Technicians,Engineering
17-3023.00,Electrical and Electronic Engineering Technologists and Technicians,E.E.E.T.T.
17-3023.00,Electrical and Electronic Engineering Technologists and Technicians,EEETT
17-3023.00,Electrical and Electronic Engineering Technologists and Technicians,Electrical and Electronic Engineering Technologists and Technician
17-3023.00,Electrical and Electronic Engineering Technologists and Technicians,Electrical & Electronic Engineering Technologists & Technicians
17-3023.00,Electrical and Electronic Engineering Technologists and Technicians,Electrical / Electronic Engineering Technologists / Technicians
17-3023.00,Electrical and Electronic Engineering Technologists and Technicians,Electrical and Electronic Engineering Technologists and Techs
17-3023.00,Electrical and Electronic Engineering Technologists and Technicians,Electrical and Electronic Engineering Technologists and
17-3023.00,Electrical and Electronic Engineering Technologists and Technicians,Category: Engineering
17-3023.00,Electrical and Electronic Engineering Technologists and Technicians,Engineering
17-3024.00,Electro-Mechanical and Mechatronics Technologists and Technicians,E.M.M.T.T.
17-3024.00,Electro-Mechanical and Mechatronics Technologists and Technicians,EMMTT
17-3024.00,Electro-Mechanical and Mechatronics Technologists and Technicians,Electro-Mechanical and Mechatronics Technologists and Technician
17-3024.00,Electro-Mechanical and Mechatronics Technologists and Technicians,Electro-Mechanical & Mechatronics Technologists & Technicians
17-3024.00,Electro-Mechanical and Mechatronics Technologists and Technicians,Electro-Mechanical / Mechatronics Technologists / Technicians
17-3024.00,Electro-Mechanical and Mechatronics Technologists and Technicians,Electro-Mechanical and Mechatronics Technologists and Techs
17-3024.00,Electro-Mechanical and Mechatronics Technologists and Technicians,Electro-Mechanical and Mechatronics Technologists and
17-3024.00,Electro-Mechanical and Mechatronics Technologists and Technicians,Category: Engineering
17-3024.00,Electro-Mechanical and Mechatronics Technologists and Technicians,Engineering
17-3024.01,Robotics Technicians,R.T.
17-3024.01,Robotics Technicians,RT
17-3024.01,Robotics Technicians,Category: Manufacturing
17-3024.01,Robotics Technicians,Robotics Technician
17-3024.01,Robotics Technicians,Robotics Techs
17-3024.01,Robotics Technicians,Manufacturing
17-3024.01,Robotics Technicians,Robotics
17-3025.00,Environmental Engineering Technologists and Technicians,E.E.T.T.
17-3025.00,Environmental Engineering Technologists and Technicians,EETT
17-3025.00,Environmental Engineering Technologists and Technicians,Environmental Engineering Technologists and Technician
17-3025.00,Environmental Engineering Technologists and Technicians,Environmental Engineering Technologists & Technicians
17-3025.00,Environmental Engineering Technologists and Technicians,Environmental Engineering Technologists / Technicians
17-3025.00,Environmental Engineering Technologists and Technicians,Environmental Engineering Technologists and Techs
17-3025.00,Environmental Engineering Technologists and Technicians,Environmental Engineering Technologists and
17-3025.00,Environmental Engineering Technologists and Technicians,Category: Engineering
17-3025.00,Environmental Engineering Technologists and Technicians,Engineering
17-3026.00,Industrial Engineering Technologists and Technicians,I.E.T.T.
17-3026.00,Industrial Engineering Technologists and Technicians,IETT
17-3026.00,Industrial Engineering Technologists and Technicians,Industrial Engineering Technologists and Technician
17-3026.00,Industrial Engineering Technologists and Technicians,Industrial Engineering Technologists & Technicians
17-3026.00,Industrial Engineering Technologists and Technicians,Industrial Engineering Technologists / Technicians
17-3026.00,Industrial Engineering Technologists and Technicians,Industrial Engineering Technologists and Techs
17-3026.00,Industrial Engineering Technologists and Technicians,Industrial Engineering Technologists and
17-3026.00,Industrial Engineering Technologists and Technicians,Category: Engineering
17-3026.00,Industrial Engineering Technologists and Technicians,Engineering
17-3026.01,Nanotechnology Engineering Technologists and Technicians,N.E.T.T.
17-3026.01,Nanotechnology Engineering Technologists and Technicians,NETT
17-3026.01,Nanotechnology Engineering Technologists and Technicians,Nanotechnology Engineering Technologists and Technician
17-3026.01,Nanotechnology Engineering Technologists and Technicians,Nanotechnology Engineering Technologists & Technicians
17-3026.01,Nanotechnology Engineering Technologists and Technicians,Nanotechnology Engineering Technologists / Technicians
17-3026.01,Nanotechnology Engineering Technologists and Technicians,Nanotechnology Engineering Technologists and Techs
17-3026.01,Nanotechnology Engineering Technologists and Technicians,Nanotechnology Engineering Technologists and
17-3026.01,Nanotechnology Engineering Technologists and Technicians,Category: Engineering
17-3026.01,Nanotechnology Engineering Technologists and Technicians,Engineering
17-3027.00,Mechanical Engineering Technologists and Technicians,M.E.T.T.
17-3027.00,Mechanical Engineering Technologists and Technicians,METT
17-3027.00,Mechanical Engineering Technologists and Technicians,Mechanical Engineering Technologists and Technician
17-3027.00,Mechanical Engineering Technologists and Technicians,Mechanical Engineering Technologists & Technicians
17-3027.00,Mechanical Engineering Technologists and Technicians,Mechanical Engineering Technologists / Technicians
17-3027.00,Mechanical Engineering Technologists and Technicians,Mechanical Engineering Technologists and Techs
17-3027.00,Mechanical Engineering Technologists and Technicians,Mechanical Engineering Technologists and
17-3027.00,Mechanical Engineering Technologists and Technicians,Category: Engineering
17-3027.00,Mechanical Engineering Technologists and Technicians,Engineering
17-3027.01,Automotive Engineering Technicians,A.E.T.
17-3027.01,Automotive Engineering Technicians,AET
17-3027.01,Automotive Engineering Technicians,Automotive Engineering Technician
17-3027.01,Automotive Engineering Technicians,Automotive Engineering Techs
17-3027.01,Automotive Engineering Technicians,Automotive Engineering
17-3027.01,Automotive Engineering Technicians,Category: Engineering
17-3027.01,Automotive Engineering Technicians,Engineering
17-3028.00,Calibration Technologists and Technicians,C.T.T.
17-3028.00,Calibration Technologists and Technicians,CTT
17-3028.00,Calibration Technologists and Technicians,Calibration Technologists and Technician
17-3028.00,Calibration Technologists and Technicians,Calibration Technologists & Technicians
17-3028.00,Calibration Technologists and Technicians,Calibration Technologists / Technicians
17-3028.00,Calibration Technologists and Technicians,Calibration Technologists and Techs
17-3028.00,Calibration Technologists and Technicians,Calibration Technologists and
17-3028.00,Calibration Technologists and Technicians,Category: Engineering
17-3028.00,Calibration Technologists and Technicians,Engineering
17-3029.00,"Engineering Technologists and Technicians, Except Drafters, All Other","Engineering Technologists and Technicians, Except Drafters, All Others"
17-3029.00,"Engineering Technologists and Technicians, Except Drafters, All Other","Engineering Technologists & Technicians, Except Drafters, All Other"
17-3029.00,"Engineering Technologists and Technicians, Except Drafters, All Other","Engineering Technologists / Technicians, Except Drafters, All Other"
17-3029.00,"Engineering Technologists and Technicians, Except Drafters, All Other",Engineering Technologists and Technicians Except Drafters All Other
17-3029.00,"Engineering Technologists and Technicians, Except Drafters, All Other","Engineering Technologists and Techs Except Drafters, All Other"
17-3029.00,"Engineering Technologists and Technicians, Except Drafters, All Other",Category: Engineering
17-3029.00,"Engineering Technologists and Technicians, Except Drafters, All Other",Engineering
17-3029.01,Non-Destructive Testing Specialists,N.D.T.S.
17-3029.01,Non-Destructive Testing Specialists,NDTS
17-3029.01,Non-Destructive Testing Specialists,Non-Destructive Testing Specialist
17-3029.01,Non-Destructive Testing Specialists,Non-Destructive Testing Specs
17-3029.01,Non-Destructive Testing Specialists,Non-Destructive Testing
17-3029.01,Non-Destructive Testing Specialists,Category: Other
17-3029.01,Non-Destructive Testing Specialists,Other
17-3029.08,Photonics Technicians,P.T.
17-3029.08,Photonics Technicians,PT
17-3029.08,Photonics Technicians,Photonics Technician
17-3029.08,Photonics Technicians,Category: Other
17-3029.08,Photonics Technicians,Photonics Techs
17-3029.08,Photonics Technicians,Photonics
17-3029.08,Photonics Technicians,Other
17-3031.00,Surveying and Mapping Technicians,S.M.T.
17-3031.00,Surveying and Mapping Technicians,SMT
17-3031.00,Surveying and Mapping Technicians,Surveying and Mapping Technician
17-3031.00,Surveying and Mapping Technicians,Surveying & Mapping Technicians
17-3031.00,Surveying and Mapping Technicians,Surveying / Mapping Technicians
17-3031.00,Surveying and Mapping Technicians,Surveying and Mapping Techs
17-3031.00,Surveying and Mapping Technicians,Category: Engineering
17-3031.00,Surveying and Mapping Technicians,Surveying and Mapping
17-3031.00,Surveying and Mapping Technicians,Engineering
19-1011.00,Animal Scientists,A.S.
19-1011.00,Animal Scientists,AS
19-1011.00,Animal Scientists,Category: Science & Research
19-1011.00,Animal Scientists,Science and Research
19-1011.00,Animal Scientists,Science & Research
19-1011.00,Animal Scientists,Animal Scientist
19-1011.00,Animal Scientists,Science&Research
19-1012.00,Food Scientists and Technologists,F.S.T.
19-1012.00,Food Scientists and Technologists,FST
19-1012.00,Food Scientists and Technologists,Food Scientists and Technologist
19-1012.00,Food Scientists and Technologists,Food Scientists & Technologists
19-1012.00,Food Scientists and Technologists,Food Scientists / Technologists
19-1012.00,Food Scientists and Technologists,Category: Healthcare
19-1012.00,Food Scientists and Technologists,Healthcare
19-1013.00,Soil and Plant Scientists,S.P.S.
19-1013.00,Soil and Plant Scientists,SPS
19-1013.00,Soil and Plant Scientists,Soil and Plant Scientist
19-1013.00,Soil and Plant Scientists,Soil & Plant Scientists
19-1013.00,Soil and Plant Scientists,Soil / Plant Scientists
19-1013.00,Soil and Plant Scientists,Category: Healthcare
19-1013.00,Soil and Plant Scientists,Healthcare
19-1021.00,Biochemists and Biophysicists,B.B.
19-1021.00,Biochemists and Biophysicists,BB
19-1021.00,Biochemists and Biophysicists,Biochemists and Biophysicist
19-1021.00,Biochemists and Biophysicists,Biochemists & Biophysicists
19-1021.00,Biochemists and Biophysicists,Biochemists / Biophysicists
19-1021.00,Biochemists and Biophysicists,Category: Engineering
19-1021.00,Biochemists and Biophysicists,Engineering
19-1022.00,Microbiologists,Category: Healthcare
19-1022.00,Microbiologists,Microbiologist
19-1022.00,Microbiologists,Healthcare
19-1023.00,Zoologists and Wildlife Biologists,Z.W.B.
19-1023.00,Zoologists and Wildlife Biologists,ZWB
19-1023.00,Zoologists and Wildlife Biologists,Zoologists and Wildlife Biologist
19-1023.00,Zoologists and Wildlife Biologists,Zoologists & Wildlife Biologists
19-1023.00,Zoologists and Wildlife Biologists,Zoologists / Wildlife Biologists
19-1023.00,Zoologists and Wildlife Biologists,Category: Science & Research
19-1023.00,Zoologists and Wildlife Biologists,Science and Research
19-1023.00,Zoologists and Wildlife Biologists,Science & Research
19-1023.00,Zoologists and Wildlife Biologists,Science&Research
19-1029.00,"Biological Scientists, All Other",B.S.A.O.
19-1029.00,"Biological Scientists, All Other",BSAO
19-1029.00,"Biological Scientists, All Other","Biological Scientists, All Others"
19-1029.00,"Biological Scientists, All Other",Biological Scientists All Other
19-1029.00,"Biological Scientists, All Other",Category: Science & Research
19-1029.00,"Biological Scientists, All Other",Science and Research
19-1029.00,"Biological Scientists, All Other",Science & Research
19-1029.00,"Biological Scientists, All Other",Science&Research
19-1029.01,Bioinformatics Scientists,B.S.
19-1029.01,Bioinformatics Scientists,BS
19-1029.01,Bioinformatics Scientists,Category: Information Technology
19-1029.01,Bioinformatics Scientists,Bioinformatics Scientist
19-1029.01,Bioinformatics Scientists,Information Technology
19-1029.01,Bioinformatics Scientists,InformationTechnology
19-1029.02,Molecular and Cellular Biologists,M.C.B.
19-1029.02,Molecular and Cellular Biologists,MCB
19-1029.02,Molecular and Cellular Biologists,Molecular and Cellular Biologist
19-1029.02,Molecular and Cellular Biologists,Molecular & Cellular Biologists
19-1029.02,Molecular and Cellular Biologists,Molecular / Cellular Biologists
19-1029.02,Molecular and Cellular Biologists,Category: Science & Research
19-1029.02,Molecular and Cellular Biologists,Science and Research
19-1029.02,Molecular and Cellular Biologists,Science & Research
19-1029.02,Molecular and Cellular Biologists,Science&Research
19-1029.03,Geneticists,Category: Healthcare
19-1029.03,Geneticists,Geneticist
19-1029.03,Geneticists,Healthcare
19-1029.04,Biologists,Category: Science & Research
19-1029.04,Biologists,Science and Research
19-1029.04,Biologists,Science & Research
19-1029.04,Biologists,Science&Research
19-1029.04,Biologists,Biologist
19-1031.00,Conservation Scientists,C.S.
19-1031.00,Conservation Scientists,CS
19-1031.00,Conservation Scientists,Category: Science & Research
19-1031.00,Conservation Scientists,Conservation Scientist
19-1031.00,Conservation Scientists,Science and Research
19-1031.00,Conservation Scientists,Science & Research
19-1031.00,Conservation Scientists,Science&Research
19-1031.02,Range Managers,R.M.
19-1031.02,Range Managers,RM
19-1031.02,Range Managers,Category: Science & Research
19-1031.02,Range Managers,Science and Research
19-1031.02,Range Managers,Science & Research
19-1031.02,Range Managers,Science&Research
19-1031.02,Range Managers,Range Manager
19-1031.02,Range Managers,Range Mgrs
19-1031.02,Range Managers,Range
19-1031.03,Park Naturalists,P.N.
19-1031.03,Park Naturalists,PN
19-1031.03,Park Naturalists,Category: Other
19-1031.03,Park Naturalists,Park Naturalist
19-1031.03,Park Naturalists,Other
19-1032.00,Foresters,Category: Healthcare
19-1032.00,Foresters,Healthcare
19-1032.00,Foresters,Forester
19-1041.00,Epidemiologists,Category: Healthcare
19-1041.00,Epidemiologists,Epidemiologist
19-1041.00,Epidemiologists,Healthcare
19-1042.00,"Medical Scientists, Except Epidemiologists",M.S.E.E.
19-1042.00,"Medical Scientists, Except Epidemiologists",MSEE
19-1042.00,"Medical Scientists, Except Epidemiologists",Medical Scientists Except Epidemiologists
19-1042.00,"Medical Scientists, Except Epidemiologists","Medical Scientists, Except Epidemiologist"
19-1042.00,"Medical Scientists, Except Epidemiologists",Category: Healthcare
19-1042.00,"Medical Scientists, Except Epidemiologists",Healthcare
19-1099.00,"Life Scientists, All Other",L.S.A.O.
19-1099.00,"Life Scientists, All Other",LSAO
19-1099.00,"Life Scientists, All Other",Category: Science & Research
19-1099.00,"Life Scientists, All Other","Life Scientists, All Others"
19-1099.00,"Life Scientists, All Other",Life Scientists All Other
19-1099.00,"Life Scientists, All Other",Science and Research
19-1099.00,"Life Scientists, All Other",Science & Research
19-1099.00,"Life Scientists, All Other",Science&Research
19-2011.00,Astronomers,Category: Science & Research
19-2011.00,Astronomers,Science and Research
19-2011.00,Astronomers,Science & Research
19-2011.00,Astronomers,Science&Research
19-2011.00,Astronomers,Astronomer
19-2012.00,Physicists,Category: Science & Research
19-2012.00,Physicists,Science and Research
19-2012.00,Physicists,Science & Research
19-2012.00,Physicists,Science&Research
19-2012.00,Physicists,Physicist
19-2021.00,Atmospheric and Space Scientists,A.S.S.
19-2021.00,Atmospheric and Space Scientists,ASS
19-2021.00,Atmospheric and Space Scientists,Atmospheric and Space Scientist
19-2021.00,Atmospheric and Space Scientists,Atmospheric & Space Scientists
19-2021.00,Atmospheric and Space Scientists,Atmospheric / Space Scientists
19-2021.00,Atmospheric and Space Scientists,Category: Science & Research
19-2021.00,Atmospheric and Space Scientists,Science and Research
19-2021.00,Atmospheric and Space Scientists,Science & Research
19-2021.00,Atmospheric and Space Scientists,Science&Research
19-2031.00,Chemists,Category: Engineering
19-2031.00,Chemists,Engineering
19-2031.00,Chemists,Chemist
19-2032.00,Materials Scientists,M.S.
19-2032.00,Materials Scientists,MS
19-2032.00,Materials Scientists,Category: Engineering
19-2032.00,Materials Scientists,Materials Scientist
19-2032.00,Materials Scientists,Engineering
19-2041.00,"Environmental Scientists and Specialists, Including Health",E.S.S.I.H.
19-2041.00,"Environmental Scientists and Specialists, Including Health",ESSIH
19-2041.00,"Environmental Scientists and Specialists, Including Health","Environmental Scientists and Specialists, Including Healths"
19-2041.00,"Environmental Scientists and Specialists, Including Health",Environmental Scientists and Specialists Including Health
19-2041.00,"Environmental Scientists and Specialists, Including Health","Environmental Scientists & Specialists, Including Health"
19-2041.00,"Environmental Scientists and Specialists, Including Health","Environmental Scientists / Specialists, Including Health"
19-2041.00,"Environmental Scientists and Specialists, Including Health",Environmental Scientists and Specs Including Health
19-2041.00,"Environmental Scientists and Specialists, Including Health",Category: Healthcare
19-2041.00,"Environmental Scientists and Specialists, Including Health",Healthcare
19-2041.01,Climate Change Policy Analysts,C.C.P.A.
19-2041.01,Climate Change Policy Analysts,CCPA
19-2041.01,Climate Change Policy Analysts,Climate Change Policy Analyst
19-2041.01,Climate Change Policy Analysts,Category: Science & Research
19-2041.01,Climate Change Policy Analysts,Science and Research
19-2041.01,Climate Change Policy Analysts,Science & Research
19-2041.01,Climate Change Policy Analysts,Science&Research
19-2041.02,Environmental Restoration Planners,E.R.P.
19-2041.02,Environmental Restoration Planners,ERP
19-2041.02,Environmental Restoration Planners,Environmental Restoration Planner
19-2041.02,Environmental Restoration Planners,Category: Science & Research
19-2041.02,Environmental Restoration Planners,Science and Research
19-2041.02,Environmental Restoration Planners,Science & Research
19-2041.02,Environmental Restoration Planners,Science&Research
19-2041.03,Industrial Ecologists,I.E.
19-2041.03,Industrial Ecologists,IE
19-2041.03,Industrial Ecologists,Category: Science & Research
19-2041.03,Industrial Ecologists,Industrial Ecologist
19-2041.03,Industrial Ecologists,Science and Research
19-2041.03,Industrial Ecologists,Science & Research
19-2041.03,Industrial Ecologists,Science&Research
19-2042.00,"Geoscientists, Except Hydrologists and Geographers",G.E.H.G.
19-2042.00,"Geoscientists, Except Hydrologists and Geographers",GEHG
19-2042.00,"Geoscientists, Except Hydrologists and Geographers",Geoscientists Except Hydrologists and Geographers
19-2042.00,"Geoscientists, Except Hydrologists and Geographers","Geoscientists, Except Hydrologists and Geographer"
19-2042.00,"Geoscientists, Except Hydrologists and Geographers","Geoscientists, Except Hydrologists & Geographers"
19-2042.00,"Geoscientists, Except Hydrologists and Geographers","Geoscientists, Except Hydrologists / Geographers"
19-2042.00,"Geoscientists, Except Hydrologists and Geographers",Category: Engineering
19-2042.00,"Geoscientists, Except Hydrologists and Geographers",Engineering
19-2043.00,Hydrologists,Category: Science & Research
19-2043.00,Hydrologists,Science and Research
19-2043.00,Hydrologists,Science & Research
19-2043.00,Hydrologists,Science&Research
19-2043.00,Hydrologists,Hydrologist
19-2099.00,"Physical Scientists, All Other",P.S.A.O.
19-2099.00,"Physical Scientists, All Other",PSAO
19-2099.00,"Physical Scientists, All Other","Physical Scientists, All Others"
19-2099.00,"Physical Scientists, All Other",Physical Scientists All Other
19-2099.00,"Physical Scientists, All Other",Category: Science & Research
19-2099.00,"Physical Scientists, All Other",Science and Research
19-2099.00,"Physical Scientists, All Other",Science & Research
19-2099.00,"Physical Scientists, All Other",Science&Research
19-2099.01,Remote Sensing Scientists and Technologists,R.S.S.T.
19-2099.01,Remote Sensing Scientists and Technologists,RSST
19-2099.01,Remote Sensing Scientists and Technologists,Remote Sensing Scientists and Technologist
19-2099.01,Remote Sensing Scientists and Technologists,Remote Sensing Scientists & Technologists
19-2099.01,Remote Sensing Scientists and Technologists,Remote Sensing Scientists / Technologists
19-2099.01,Remote Sensing Scientists and Technologists,Category: Information Technology
19-2099.01,Remote Sensing Scientists and Technologists,Information Technology
19-2099.01,Remote Sensing Scientists and Technologists,InformationTechnology
19-3011.00,Economists,Category: Science & Research
19-3011.00,Economists,Science and Research
19-3011.00,Economists,Science & Research
19-3011.00,Economists,Science&Research
19-3011.00,Economists,Economist
19-3011.01,Environmental Economists,E.E.
19-3011.01,Environmental Economists,EE
19-3011.01,Environmental Economists,Environmental Economist
19-3011.01,Environmental Economists,Category: Other
19-3011.01,Environmental Economists,Other
19-3022.00,Survey Researchers,S.R.
19-3022.00,Survey Researchers,SR
19-3022.00,Survey Researchers,Category: Science & Research
19-3022.00,Survey Researchers,Science and Research
19-3022.00,Survey Researchers,Science & Research
19-3022.00,Survey Researchers,Survey Researcher
19-3022.00,Survey Researchers,Science&Research
19-3032.00,Industrial-Organizational Psychologists,I.O.P.
19-3032.00,Industrial-Organizational Psychologists,IOP
19-3032.00,Industrial-Organizational Psychologists,Industrial-Organizational Psychologist
19-3032.00,Industrial-Organizational Psychologists,Category: Sales
19-3032.00,Industrial-Organizational Psychologists,Sales
19-3033.00,Clinical and Counseling Psychologists,C.C.P.
19-3033.00,Clinical and Counseling Psychologists,CCP
19-3033.00,Clinical and Counseling Psychologists,Clinical and Counseling Psychologist
19-3033.00,Clinical and Counseling Psychologists,Clinical & Counseling Psychologists
19-3033.00,Clinical and Counseling Psychologists,Clinical / Counseling Psychologists
19-3033.00,Clinical and Counseling Psychologists,Category: Healthcare
19-3033.00,Clinical and Counseling Psychologists,Healthcare
19-3034.00,School Psychologists,S.P.
19-3034.00,School Psychologists,SP
19-3034.00,School Psychologists,Category: Education
19-3034.00,School Psychologists,School Psychologist
19-3034.00,School Psychologists,Education
19-3039.00,"Psychologists, All Other",P.A.O.
19-3039.00,"Psychologists, All Other",PAO
19-3039.00,"Psychologists, All Other","Psychologists, All Others"
19-3039.00,"Psychologists, All Other",Psychologists All Other
19-3039.00,"Psychologists, All Other",Category: Other
19-3039.00,"Psychologists, All Other",Other
19-3039.02,Neuropsychologists,Category: Healthcare
19-3039.02,Neuropsychologists,Neuropsychologist
19-3039.02,Neuropsychologists,Healthcare
19-3039.03,Clinical Neuropsychologists,C.N.
19-3039.03,Clinical Neuropsychologists,CN
19-3039.03,Clinical Neuropsychologists,Clinical Neuropsychologist
19-3039.03,Clinical Neuropsychologists,Category: Healthcare
19-3039.03,Clinical Neuropsychologists,Healthcare
19-3041.00,Sociologists,Category: Other
19-3041.00,Sociologists,Sociologist
19-3041.00,Sociologists,Other
19-3051.00,Urban and Regional Planners,U.R.P.
19-3051.00,Urban and Regional Planners,URP
19-3051.00,Urban and Regional Planners,Category: Science & Research
19-3051.00,Urban and Regional Planners,Urban and Regional Planner
19-3051.00,Urban and Regional Planners,Urban & Regional Planners
19-3051.00,Urban and Regional Planners,Urban / Regional Planners
19-3051.00,Urban and Regional Planners,Science and Research
19-3051.00,Urban and Regional Planners,Science & Research
19-3051.00,Urban and Regional Planners,Science&Research
19-3091.00,Anthropologists and Archeologists,A.A.
19-3091.00,Anthropologists and Archeologists,AA
19-3091.00,Anthropologists and Archeologists,Anthropologists and Archeologist
19-3091.00,Anthropologists and Archeologists,Anthropologists & Archeologists
19-3091.00,Anthropologists and Archeologists,Anthropologists / Archeologists
19-3091.00,Anthropologists and Archeologists,Category: Engineering
19-3091.00,Anthropologists and Archeologists,Engineering
19-3092.00,Geographers,Category: Science & Research
19-3092.00,Geographers,Science and Research
19-3092.00,Geographers,Science & Research
19-3092.00,Geographers,Science&Research
19-3092.00,Geographers,Geographer
19-3093.00,Historians,Category: Science & Research
19-3093.00,Historians,Science and Research
19-3093.00,Historians,Science & Research
19-3093.00,Historians,Science&Research
19-3093.00,Historians,Historian
19-3094.00,Political Scientists,P.S.
19-3094.00,Political Scientists,PS
19-3094.00,Political Scientists,Category: Science & Research
19-3094.00,Political Scientists,Science and Research
19-3094.00,Political Scientists,Political Scientist
19-3094.00,Political Scientists,Science & Research
19-3094.00,Political Scientists,Science&Research
19-3099.00,"Social Scientists and Related Workers, All Other","Social Scientists and Related Workers, All Others"
19-3099.00,"Social Scientists and Related Workers, All Other",Social Scientists and Related Workers All Other
19-3099.00,"Social Scientists and Related Workers, All Other","Social Scientists & Related Workers, All Other"
19-3099.00,"Social Scientists and Related Workers, All Other","Social Scientists / Related Workers, All Other"
19-3099.00,"Social Scientists and Related Workers, All Other",Category: Science & Research
19-3099.00,"Social Scientists and Related Workers, All Other",Science and Research
19-3099.00,"Social Scientists and Related Workers, All Other",Science & Research
19-3099.00,"Social Scientists and Related Workers, All Other",Science&Research
19-3099.01,Transportation Planners,T.P.
19-3099.01,Transportation Planners,TP
19-3099.01,Transportation Planners,Category: Transportation
19-3099.01,Transportation Planners,Transportation Planner
19-3099.01,Transportation Planners,Transportation
19-4012.00,Agricultural Technicians,A.T.
19-4012.00,Agricultural Technicians,AT
19-4012.00,Agricultural Technicians,Category: Science & Research
19-4012.00,Agricultural Technicians,Agricultural Technician
19-4012.00,Agricultural Technicians,Science and Research
19-4012.00,Agricultural Technicians,Agricultural Techs
19-4012.00,Agricultural Technicians,Science & Research
19-4012.00,Agricultural Technicians,Science&Research
19-4012.00,Agricultural Technicians,Agricultural
19-4012.01,Precision Agriculture Technicians,P.A.T.
19-4012.01,Precision Agriculture Technicians,PAT
19-4012.01,Precision Agriculture Technicians,Precision Agriculture Technician
19-4012.01,Precision Agriculture Technicians,Category: Science & Research
19-4012.01,Precision Agriculture Technicians,Precision Agriculture Techs
19-4012.01,Precision Agriculture Technicians,Precision Agriculture
19-4012.01,Precision Agriculture Technicians,Science and Research
19-4012.01,Precision Agriculture Technicians,Science & Research
19-4012.01,Precision Agriculture Technicians,Science&Research
19-4013.00,Food Science Technicians,F.S.T.
19-4013.00,Food Science Technicians,FST
19-4013.00,Food Science Technicians,Food Science Technician
19-4013.00,Food Science Technicians,Category: Engineering
19-4013.00,Food Science Technicians,Food Science Techs
19-4013.00,Food Science Technicians,Food Science
19-4013.00,Food Science Technicians,Engineering
19-4021.00,Biological Technicians,B.T.
19-4021.00,Biological Technicians,BT
19-4021.00,Biological Technicians,Biological Technician
19-4021.00,Biological Technicians,Category: Healthcare
19-4021.00,Biological Technicians,Biological Techs
19-4021.00,Biological Technicians,Biological
19-4021.00,Biological Technicians,Healthcare
19-4031.00,Chemical Technicians,C.T.
19-4031.00,Chemical Technicians,CT
19-4031.00,Chemical Technicians,Category: Engineering
19-4031.00,Chemical Technicians,Chemical Technician
19-4031.00,Chemical Technicians,Chemical Techs
19-4031.00,Chemical Technicians,Engineering
19-4031.00,Chemical Technicians,Chemical
19-4042.00,"Environmental Science and Protection Technicians, Including Health","Environmental Science and Protection Technicians, Including Healths"
19-4042.00,"Environmental Science and Protection Technicians, Including Health",Environmental Science and Protection Technicians Including Health
19-4042.00,"Environmental Science and Protection Technicians, Including Health","Environmental Science & Protection Technicians, Including Health"
19-4042.00,"Environmental Science and Protection Technicians, Including Health","Environmental Science / Protection Technicians, Including Health"
19-4042.00,"Environmental Science and Protection Technicians, Including Health",Environmental Science and Protection Techs Including Health
19-4042.00,"Environmental Science and Protection Technicians, Including Health",Category: Healthcare
19-4042.00,"Environmental Science and Protection Technicians, Including Health",Healthcare
19-4043.00,"Geological Technicians, Except Hydrologic Technicians",G.T.E.H.T.
19-4043.00,"Geological Technicians, Except Hydrologic Technicians",GTEHT
19-4043.00,"Geological Technicians, Except Hydrologic Technicians",Geological Technicians Except Hydrologic Technicians
19-4043.00,"Geological Technicians, Except Hydrologic Technicians","Geological Technicians, Except Hydrologic Technician"
19-4043.00,"Geological Technicians, Except Hydrologic Technicians","Geological Technicians, Except Hydrologic Techs"
19-4043.00,"Geological Technicians, Except Hydrologic Technicians",Geological Techs Except Hydrologic Technicians
19-4043.00,"Geological Technicians, Except Hydrologic Technicians","Geological Technicians, Except Hydrologic"
19-4043.00,"Geological Technicians, Except Hydrologic Technicians",Category: Engineering
19-4043.00,"Geological Technicians, Except Hydrologic Technicians",Engineering
19-4044.00,Hydrologic Technicians,H.T.
19-4044.00,Hydrologic Technicians,HT
19-4044.00,Hydrologic Technicians,Category: Information Technology
19-4044.00,Hydrologic Technicians,Information Technology
19-4044.00,Hydrologic Technicians,Hydrologic Technician
19-4044.00,Hydrologic Technicians,InformationTechnology
19-4044.00,Hydrologic Technicians,Hydrologic Techs
19-4044.00,Hydrologic Technicians,Hydrologic
19-4051.00,Nuclear Technicians,N.T.
19-4051.00,Nuclear Technicians,NT
19-4051.00,Nuclear Technicians,Category: Engineering
19-4051.00,Nuclear Technicians,Nuclear Technician
19-4051.00,Nuclear Technicians,Nuclear Techs
19-4051.00,Nuclear Technicians,Engineering
19-4051.00,Nuclear Technicians,Nuclear
19-4051.02,Nuclear Monitoring Technicians,N.M.T.
19-4051.02,Nuclear Monitoring Technicians,NMT
19-4051.02,Nuclear Monitoring Technicians,Nuclear Monitoring Technician
19-4051.02,Nuclear Monitoring Technicians,Nuclear Monitoring Techs
19-4051.02,Nuclear Monitoring Technicians,Nuclear Monitoring
19-4051.02,Nuclear Monitoring Technicians,Category: Other
19-4051.02,Nuclear Monitoring Technicians,Other
19-4061.00,Social Science Research Assistants,S.S.R.A.
19-4061.00,Social Science Research Assistants,SSRA
19-4061.00,Social Science Research Assistants,Social Science Research Assistant
19-4061.00,Social Science Research Assistants,Social Science Research Assts
19-4061.00,Social Science Research Assistants,Category: Science & Research
19-4061.00,Social Science Research Assistants,Social Science Research
19-4061.00,Social Science Research Assistants,Science and Research
19-4061.00,Social Science Research Assistants,Science & Research
19-4061.00,Social Science Research Assistants,Science&Research
19-4071.00,Forest and Conservation Technicians,F.C.T.
19-4071.00,Forest and Conservation Technicians,FCT
19-4071.00,Forest and Conservation Technicians,Forest and Conservation Technician
19-4071.00,Forest and Conservation Technicians,Forest & Conservation Technicians
19-4071.00,Forest and Conservation Technicians,Forest / Conservation Technicians
19-4071.00,Forest and Conservation Technicians,Forest and Conservation Techs
19-4071.00,Forest and Conservation Technicians,Category: Science & Research
19-4071.00,Forest and Conservation Technicians,Forest and Conservation
19-4071.00,Forest and Conservation Technicians,Science and Research
19-4071.00,Forest and Conservation Technicians,Science & Research
19-4071.00,Forest and Conservation Technicians,Science&Research
19-4092.00,Forensic Science Technicians,F.S.T.
19-4092.00,Forensic Science Technicians,FST
19-4092.00,Forensic Science Technicians,Category: Science & Research
19-4092.00,Forensic Science Technicians,Forensic Science Technician
19-4092.00,Forensic Science Technicians,Forensic Science Techs
19-4092.00,Forensic Science Technicians,Science and Research
19-4092.00,Forensic Science Technicians,Science & Research
19-4092.00,Forensic Science Technicians,Forensic Science
19-4092.00,Forensic Science Technicians,Science&Research
19-4099.00,"Life, Physical, and Social Science Technicians, All Other","Life, Physical, and Social Science Technicians, All Others"
19-4099.00,"Life, Physical, and Social Science Technicians, All Other","Life, Physical, & Social Science Technicians, All Other"
19-4099.00,"Life, Physical, and Social Science Technicians, All Other","Life, Physical, / Social Science Technicians, All Other"
19-4099.00,"Life, Physical, and Social Science Technicians, All Other",Life Physical and Social Science Technicians All Other
19-4099.00,"Life, Physical, and Social Science Technicians, All Other","Life, Physical, and Social Science Techs All Other"
19-4099.00,"Life, Physical, and Social Science Technicians, All Other",Category: Science & Research
19-4099.00,"Life, Physical, and Social Science Technicians, All Other",Science and Research
19-4099.00,"Life, Physical, and Social Science Technicians, All Other",Science & Research
19-4099.00,"Life, Physical, and Social Science Technicians, All Other",Science&Research
19-4099.01,Quality Control Analysts,Q.C.A.
19-4099.01,Quality Control Analysts,QCA
19-4099.01,Quality Control Analysts,Quality Control Analyst
19-4099.01,Quality Control Analysts,Category: Other
19-4099.01,Quality Control Analysts,Other
19-4099.03,Remote Sensing Technicians,R.S.T.
19-4099.03,Remote Sensing Technicians,RST
19-4099.03,Remote Sensing Technicians,Category: Information Technology
19-4099.03,Remote Sensing Technicians,Remote Sensing Technician
19-4099.03,Remote Sensing Technicians,Information Technology
19-4099.03,Remote Sensing Technicians,InformationTechnology
19-4099.03,Remote Sensing Technicians,Remote Sensing Techs
19-4099.03,Remote Sensing Technicians,Remote Sensing
19-5011.00,Occupational Health and Safety Specialists,O.H.S.S.
19-5011.00,Occupational Health and Safety Specialists,OHSS
19-5011.00,Occupational Health and Safety Specialists,Occupational Health and Safety Specialist
19-5011.00,Occupational Health and Safety Specialists,Occupational Health & Safety Specialists
19-5011.00,Occupational Health and Safety Specialists,Occupational Health / Safety Specialists
19-5011.00,Occupational Health and Safety Specialists,Occupational Health and Safety Specs
19-5011.00,Occupational Health and Safety Specialists,Occupational Health and Safety
19-5011.00,Occupational Health and Safety Specialists,Category: Healthcare
19-5011.00,Occupational Health and Safety Specialists,Healthcare
19-5012.00,Occupational Health and Safety Technicians,O.H.S.T.
19-5012.00,Occupational Health and Safety Technicians,OHST
19-5012.00,Occupational Health and Safety Technicians,Occupational Health and Safety Technician
19-5012.00,Occupational Health and Safety Technicians,Occupational Health & Safety Technicians
19-5012.00,Occupational Health and Safety Technicians,Occupational Health / Safety Technicians
19-5012.00,Occupational Health and Safety Technicians,Occupational Health and Safety Techs
19-5012.00,Occupational Health and Safety Technicians,Occupational Health and Safety
19-5012.00,Occupational Health and Safety Technicians,Category: Healthcare
19-5012.00,Occupational Health and Safety Technicians,Healthcare
21-1011.00,Substance Abuse and Behavioral Disorder Counselors,S.A.B.D.C.
21-1011.00,Substance Abuse and Behavioral Disorder Counselors,SABDC
21-1011.00,Substance Abuse and Behavioral Disorder Counselors,Substance Abuse and Behavioral Disorder Counselor
21-1011.00,Substance Abuse and Behavioral Disorder Counselors,Substance Abuse & Behavioral Disorder Counselors
21-1011.00,Substance Abuse and Behavioral Disorder Counselors,Substance Abuse / Behavioral Disorder Counselors
21-1011.00,Substance Abuse and Behavioral Disorder Counselors,Category: Other
21-1011.00,Substance Abuse and Behavioral Disorder Counselors,Other
21-1012.00,"Educational, Guidance, and Career Counselors and Advisors",E.G.C.C.A.
21-1012.00,"Educational, Guidance, and Career Counselors and Advisors",EGCCA
21-1012.00,"Educational, Guidance, and Career Counselors and Advisors","Educational, Guidance, and Career Counselors and Advisor"
21-1012.00,"Educational, Guidance, and Career Counselors and Advisors",Educational Guidance and Career Counselors and Advisors
21-1012.00,"Educational, Guidance, and Career Counselors and Advisors","Educational, Guidance, & Career Counselors & Advisors"
21-1012.00,"Educational, Guidance, and Career Counselors and Advisors","Educational, Guidance, / Career Counselors / Advisors"
21-1012.00,"Educational, Guidance, and Career Counselors and Advisors",Category: Education
21-1012.00,"Educational, Guidance, and Career Counselors and Advisors",Education
21-1013.00,Marriage and Family Therapists,M.F.T.
21-1013.00,Marriage and Family Therapists,MFT
21-1013.00,Marriage and Family Therapists,Marriage and Family Therapist
21-1013.00,Marriage and Family Therapists,Marriage & Family Therapists
21-1013.00,Marriage and Family Therapists,Marriage / Family Therapists
21-1013.00,Marriage and Family Therapists,Category: Healthcare
21-1013.00,Marriage and Family Therapists,Healthcare
21-1014.00,Mental Health Counselors,M.H.C.
21-1014.00,Mental Health Counselors,MHC
21-1014.00,Mental Health Counselors,Mental Health Counselor
21-1014.00,Mental Health Counselors,Category: Healthcare
21-1014.00,Mental Health Counselors,Healthcare
21-1015.00,Rehabilitation Counselors,R.C.
21-1015.00,Rehabilitation Counselors,RC
21-1015.00,Rehabilitation Counselors,Rehabilitation Counselor
21-1015.00,Rehabilitation Counselors,Category: Other
21-1015.00,Rehabilitation Counselors,Other
21-1019.00,"Counselors, All Other",C.A.O.
21-1019.00,"Counselors, All Other",CAO
21-1019.00,"Counselors, All Other","Counselors, All Others"
21-1019.00,"Counselors, All Other",Counselors All Other
21-1019.00,"Counselors, All Other",Category: Other
21-1019.00,"Counselors, All Other",Other
21-1021.00,"Child, Family, and School Social Workers",C.F.S.S.W.
21-1021.00,"Child, Family, and School Social Workers",CFSSW
21-1021.00,"Child, Family, and School Social Workers","Child, Family, and School Social Worker"
21-1021.00,"Child, Family, and School Social Workers",Child Family and School Social Workers
21-1021.00,"Child, Family, and School Social Workers","Child, Family, & School Social Workers"
21-1021.00,"Child, Family, and School Social Workers","Child, Family, / School Social Workers"
21-1021.00,"Child, Family, and School Social Workers",Category: Education
21-1021.00,"Child, Family, and School Social Workers",Education
21-1022.00,Healthcare Social Workers,H.S.W.
21-1022.00,Healthcare Social Workers,HSW
21-1022.00,Healthcare Social Workers,Healthcare Social Worker
21-1022.00,Healthcare Social Workers,Category: Healthcare
21-1022.00,Healthcare Social Workers,Healthcare
21-1023.00,Mental Health and Substance Abuse Social Workers,Mental Health and Substance Abuse Social Worker
21-1023.00,Mental Health and Substance Abuse Social Workers,Mental Health & Substance Abuse Social Workers
21-1023.00,Mental Health and Substance Abuse Social Workers,Mental Health / Substance Abuse Social Workers
21-1023.00,Mental Health and Substance Abuse Social Workers,Category: Healthcare
21-1023.00,Mental Health and Substance Abuse Social Workers,Healthcare
21-1029.00,"Social Workers, All Other",S.W.A.O.
21-1029.00,"Social Workers, All Other",SWAO
21-1029.00,"Social Workers, All Other","Social Workers, All Others"
21-1029.00,"Social Workers, All Other",Social Workers All Other
21-1029.00,"Social Workers, All Other",Category: Other
21-1029.00,"Social Workers, All Other",Other
21-1091.00,Health Education Specialists,H.E.S.
21-1091.00,Health Education Specialists,HES
21-1091.00,Health Education Specialists,Health Education Specialist
21-1091.00,Health Education Specialists,Health Education Specs
21-1091.00,Health Education Specialists,Category: Healthcare
21-1091.00,Health Education Specialists,Health Education
21-1091.00,Health Education Specialists,Healthcare
21-1092.00,Probation Officers and Correctional Treatment Specialists,P.O.C.T.S.
21-1092.00,Probation Officers and Correctional Treatment Specialists,POCTS
21-1092.00,Probation Officers and Correctional Treatment Specialists,Probation Officers and Correctional Treatment Specialist
21-1092.00,Probation Officers and Correctional Treatment Specialists,Probation Officers & Correctional Treatment Specialists
21-1092.00,Probation Officers and Correctional Treatment Specialists,Probation Officers / Correctional Treatment Specialists
21-1092.00,Probation Officers and Correctional Treatment Specialists,Probation Officers and Correctional Treatment Specs
21-1092.00,Probation Officers and Correctional Treatment Specialists,Probation Officers and Correctional Treatment
21-1092.00,Probation Officers and Correctional Treatment Specialists,Category: Education
21-1092.00,Probation Officers and Correctional Treatment Specialists,Education
21-1093.00,Social and Human Service Assistants,S.H.S.A.
21-1093.00,Social and Human Service Assistants,SHSA
21-1093.00,Social and Human Service Assistants,Social and Human Service Assistant
21-1093.00,Social and Human Service Assistants,Social & Human Service Assistants
21-1093.00,Social and Human Service Assistants,Social / Human Service Assistants
21-1093.00,Social and Human Service Assistants,Social and Human Service Assts
21-1093.00,Social and Human Service Assistants,Social and Human Service
21-1093.00,Social and Human Service Assistants,Category: Other
21-1093.00,Social and Human Service Assistants,Other
21-1094.00,Community Health Workers,C.H.W.
21-1094.00,Community Health Workers,CHW
21-1094.00,Community Health Workers,Community Health Worker
21-1094.00,Community Health Workers,Category: Healthcare
21-1094.00,Community Health Workers,Healthcare
21-1099.00,"Community and Social Service Specialists, All Other","Community and Social Service Specialists, All Others"
21-1099.00,"Community and Social Service Specialists, All Other",Community and Social Service Specialists All Other
21-1099.00,"Community and Social Service Specialists, All Other","Community & Social Service Specialists, All Other"
21-1099.00,"Community and Social Service Specialists, All Other","Community / Social Service Specialists, All Other"
21-1099.00,"Community and Social Service Specialists, All Other",Community and Social Service Specs All Other
21-1099.00,"Community and Social Service Specialists, All Other",Category: Other
21-1099.00,"Community and Social Service Specialists, All Other",Other
21-2011.00,Clergy,Category: Other
21-2011.00,Clergy,Clergies
21-2011.00,Clergy,Other
21-2021.00,"Directors, Religious Activities and Education",D.R.A.E.
21-2021.00,"Directors, Religious Activities and Education",DRAE
21-2021.00,"Directors, Religious Activities and Education","Directors, Religious Activities and Educations"
21-2021.00,"Directors, Religious Activities and Education",Directors Religious Activities and Education
21-2021.00,"Directors, Religious Activities and Education","Directors, Religious Activities & Education"
21-2021.00,"Directors, Religious Activities and Education","Directors, Religious Activities / Education"
21-2021.00,"Directors, Religious Activities and Education",Category: Healthcare
21-2021.00,"Directors, Religious Activities and Education",Healthcare
21-2099.00,"Religious Workers, All Other",R.W.A.O.
21-2099.00,"Religious Workers, All Other",RWAO
21-2099.00,"Religious Workers, All Other","Religious Workers, All Others"
21-2099.00,"Religious Workers, All Other",Religious Workers All Other
21-2099.00,"Religious Workers, All Other",Category: Other
21-2099.00,"Religious Workers, All Other",Other
23-1011.00,Lawyers,Category: Engineering
23-1011.00,Lawyers,Engineering
23-1011.00,Lawyers,Lawyer
23-1012.00,Judicial Law Clerks,J.L.C.
23-1012.00,Judicial Law Clerks,JLC
23-1012.00,Judicial Law Clerks,Category: Science & Research
23-1012.00,Judicial Law Clerks,Science and Research
23-1012.00,Judicial Law Clerks,Judicial Law Clerk
23-1012.00,Judicial Law Clerks,Science & Research
23-1012.00,Judicial Law Clerks,Science&Research
23-1021.00,"Administrative Law Judges, Adjudicators, and Hearing Officers","Administrative Law Judges, Adjudicators, and Hearing Officer"
23-1021.00,"Administrative Law Judges, Adjudicators, and Hearing Officers",Administrative Law Judges Adjudicators and Hearing Officers
23-1021.00,"Administrative Law Judges, Adjudicators, and Hearing Officers","Administrative Law Judges, Adjudicators, & Hearing Officers"
23-1021.00,"Administrative Law Judges, Adjudicators, and Hearing Officers","Administrative Law Judges, Adjudicators, / Hearing Officers"
23-1021.00,"Administrative Law Judges, Adjudicators, and Hearing Officers","Administrative Law Judges, Adjudicators, and Hearing"
23-1021.00,"Administrative Law Judges, Adjudicators, and Hearing Officers",Category: Legal & Government
23-1021.00,"Administrative Law Judges, Adjudicators, and Hearing Officers",Legal and Government
23-1021.00,"Administrative Law Judges, Adjudicators, and Hearing Officers",Legal & Government
23-1021.00,"Administrative Law Judges, Adjudicators, and Hearing Officers",Legal&Government
23-1022.00,"Arbitrators, Mediators, and Conciliators",A.M.C.
23-1022.00,"Arbitrators, Mediators, and Conciliators",AMC
23-1022.00,"Arbitrators, Mediators, and Conciliators","Arbitrators, Mediators, and Conciliator"
23-1022.00,"Arbitrators, Mediators, and Conciliators",Arbitrators Mediators and Conciliators
23-1022.00,"Arbitrators, Mediators, and Conciliators","Arbitrators, Mediators, & Conciliators"
23-1022.00,"Arbitrators, Mediators, and Conciliators","Arbitrators, Mediators, / Conciliators"
23-1022.00,"Arbitrators, Mediators, and Conciliators",Category: Legal & Government
23-1022.00,"Arbitrators, Mediators, and Conciliators",Legal and Government
23-1022.00,"Arbitrators, Mediators, and Conciliators",Legal & Government
23-1022.00,"Arbitrators, Mediators, and Conciliators",Legal&Government
23-1023.00,"Judges, Magistrate Judges, and Magistrates",J.M.J.M.
23-1023.00,"Judges, Magistrate Judges, and Magistrates",JMJM
23-1023.00,"Judges, Magistrate Judges, and Magistrates","Judges, Magistrate Judges, and Magistrate"
23-1023.00,"Judges, Magistrate Judges, and Magistrates",Judges Magistrate Judges and Magistrates
23-1023.00,"Judges, Magistrate Judges, and Magistrates","Judges, Magistrate Judges, & Magistrates"
23-1023.00,"Judges, Magistrate Judges, and Magistrates","Judges, Magistrate Judges, / Magistrates"
23-1023.00,"Judges, Magistrate Judges, and Magistrates",Category: Engineering
23-1023.00,"Judges, Magistrate Judges, and Magistrates",Engineering
23-2011.00,Paralegals and Legal Assistants,P.L.A.
23-2011.00,Paralegals and Legal Assistants,PLA
23-2011.00,Paralegals and Legal Assistants,Paralegals and Legal Assistant
23-2011.00,Paralegals and Legal Assistants,Paralegals & Legal Assistants
23-2011.00,Paralegals and Legal Assistants,Paralegals / Legal Assistants
23-2011.00,Paralegals and Legal Assistants,Category: Science & Research
23-2011.00,Paralegals and Legal Assistants,Paralegals and Legal Assts
23-2011.00,Paralegals and Legal Assistants,Paralegals and Legal
23-2011.00,Paralegals and Legal Assistants,Science and Research
23-2011.00,Paralegals and Legal Assistants,Science & Research
23-2011.00,Paralegals and Legal Assistants,Science&Research
23-2093.00,"Title Examiners, Abstractors, and Searchers",T.E.A.S.
23-2093.00,"Title Examiners, Abstractors, and Searchers",TEAS
23-2093.00,"Title Examiners, Abstractors, and Searchers","Title Examiners, Abstractors, and Searcher"
23-2093.00,"Title Examiners, Abstractors, and Searchers",Title Examiners Abstractors and Searchers
23-2093.00,"Title Examiners, Abstractors, and Searchers","Title Examiners, Abstractors, & Searchers"
23-2093.00,"Title Examiners, Abstractors, and Searchers","Title Examiners, Abstractors, / Searchers"
23-2093.00,"Title Examiners, Abstractors, and Searchers",Category: Legal & Government
23-2093.00,"Title Examiners, Abstractors, and Searchers",Legal and Government
23-2093.00,"Title Examiners, Abstractors, and Searchers",Legal & Government
23-2093.00,"Title Examiners, Abstractors, and Searchers",Legal&Government
23-2099.00,"Legal Support Workers, All Other",L.S.W.A.O.
23-2099.00,"Legal Support Workers, All Other",LSWAO
23-2099.00,"Legal Support Workers, All Other","Legal Support Workers, All Others"
23-2099.00,"Legal Support Workers, All Other",Legal Support Workers All Other
23-2099.00,"Legal Support Workers, All Other",Category: Legal & Government
23-2099.00,"Legal Support Workers, All Other",Legal and Government
23-2099.00,"Legal Support Workers, All Other",Legal & Government
23-2099.00,"Legal Support Workers, All Other",Legal&Government
25-1011.00,"Business Teachers, Postsecondary",B.T.P.
25-1011.00,"Business Teachers, Postsecondary",BTP
25-1011.00,"Business Teachers, Postsecondary","Business Teachers, Postsecondaries"
25-1011.00,"Business Teachers, Postsecondary",Business Teachers Postsecondary
25-1011.00,"Business Teachers, Postsecondary",Category: Education
25-1011.00,"Business Teachers, Postsecondary",Education
25-1021.00,"Computer Science Teachers, Postsecondary",C.S.T.P.
25-1021.00,"Computer Science Teachers, Postsecondary",CSTP
25-1021.00,"Computer Science Teachers, Postsecondary","Computer Science Teachers, Postsecondaries"
25-1021.00,"Computer Science Teachers, Postsecondary",Computer Science Teachers Postsecondary
25-1021.00,"Computer Science Teachers, Postsecondary",Category: Education
25-1021.00,"Computer Science Teachers, Postsecondary",Education
25-1022.00,"Mathematical Science Teachers, Postsecondary",M.S.T.P.
25-1022.00,"Mathematical Science Teachers, Postsecondary",MSTP
25-1022.00,"Mathematical Science Teachers, Postsecondary","Mathematical Science Teachers, Postsecondaries"
25-1022.00,"Mathematical Science Teachers, Postsecondary",Mathematical Science Teachers Postsecondary
25-1022.00,"Mathematical Science Teachers, Postsecondary",Category: Education
25-1022.00,"Mathematical Science Teachers, Postsecondary",Education
25-1031.00,"Architecture Teachers, Postsecondary",A.T.P.
25-1031.00,"Architecture Teachers, Postsecondary",ATP
25-1031.00,"Architecture Teachers, Postsecondary","Architecture Teachers, Postsecondaries"
25-1031.00,"Architecture Teachers, Postsecondary",Architecture Teachers Postsecondary
25-1031.00,"Architecture Teachers, Postsecondary",Category: Education
25-1031.00,"Architecture Teachers, Postsecondary",Education
25-1032.00,"Engineering Teachers, Postsecondary",E.T.P.
25-1032.00,"Engineering Teachers, Postsecondary",ETP
25-1032.00,"Engineering Teachers, Postsecondary","Engineering Teachers, Postsecondaries"
25-1032.00,"Engineering Teachers, Postsecondary",Engineering Teachers Postsecondary
25-1032.00,"Engineering Teachers, Postsecondary",Category: Education
25-1032.00,"Engineering Teachers, Postsecondary",Education
25-1041.00,"Agricultural Sciences Teachers, Postsecondary",A.S.T.P.
25-1041.00,"Agricultural Sciences Teachers, Postsecondary",ASTP
25-1041.00,"Agricultural Sciences Teachers, Postsecondary","Agricultural Sciences Teachers, Postsecondaries"
25-1041.00,"Agricultural Sciences Teachers, Postsecondary",Agricultural Sciences Teachers Postsecondary
25-1041.00,"Agricultural Sciences Teachers, Postsecondary",Category: Education
25-1041.00,"Agricultural Sciences Teachers, Postsecondary",Education
25-1042.00,"Biological Science Teachers, Postsecondary",B.S.T.P.
25-1042.00,"Biological Science Teachers, Postsecondary",BSTP
25-1042.00,"Biological Science Teachers, Postsecondary","Biological Science Teachers, Postsecondaries"
25-1042.00,"Biological Science Teachers, Postsecondary",Biological Science Teachers Postsecondary
25-1042.00,"Biological Science Teachers, Postsecondary",Category: Education
25-1042.00,"Biological Science Teachers, Postsecondary",Education
25-1043.00,"Forestry and Conservation Science Teachers, Postsecondary",F.C.S.T.P.
25-1043.00,"Forestry and Conservation Science Teachers, Postsecondary",FCSTP
25-1043.00,"Forestry and Conservation Science Teachers, Postsecondary","Forestry and Conservation Science Teachers, Postsecondaries"
25-1043.00,"Forestry and Conservation Science Teachers, Postsecondary",Forestry and Conservation Science Teachers Postsecondary
25-1043.00,"Forestry and Conservation Science Teachers, Postsecondary","Forestry & Conservation Science Teachers, Postsecondary"
25-1043.00,"Forestry and Conservation Science Teachers, Postsecondary","Forestry / Conservation Science Teachers, Postsecondary"
25-1043.00,"Forestry and Conservation Science Teachers, Postsecondary",Category: Education
25-1043.00,"Forestry and Conservation Science Teachers, Postsecondary",Education
25-1051.00,"Atmospheric, Earth, Marine, and Space Sciences Teachers, Postsecondary","Atmospheric, Earth, Marine, and Space Sciences Teachers, Postsecondaries"
25-1051.00,"Atmospheric, Earth, Marine, and Space Sciences Teachers, Postsecondary","Atmospheric, Earth, Marine, & Space Sciences Teachers, Postsecondary"
25-1051.00,"Atmospheric, Earth, Marine, and Space Sciences Teachers, Postsecondary","Atmospheric, Earth, Marine, / Space Sciences Teachers, Postsecondary"
25-1051.00,"Atmospheric, Earth, Marine, and Space Sciences Teachers, Postsecondary",Atmospheric Earth Marine and Space Sciences Teachers Postsecondary
25-1051.00,"Atmospheric, Earth, Marine, and Space Sciences Teachers, Postsecondary",Category: Education
25-1051.00,"Atmospheric, Earth, Marine, and Space Sciences Teachers, Postsecondary",Education
25-1052.00,"Chemistry Teachers, Postsecondary",C.T.P.
25-1052.00,"Chemistry Teachers, Postsecondary",CTP
25-1052.00,"Chemistry Teachers, Postsecondary","Chemistry Teachers, Postsecondaries"
25-1052.00,"Chemistry Teachers, Postsecondary",Chemistry Teachers Postsecondary
25-1052.00,"Chemistry Teachers, Postsecondary",Category: Education
25-1052.00,"Chemistry Teachers, Postsecondary",Education
25-1053.00,"Environmental Science Teachers, Postsecondary",E.S.T.P.
25-1053.00,"Environmental Science Teachers, Postsecondary",ESTP
25-1053.00,"Environmental Science Teachers, Postsecondary","Environmental Science Teachers, Postsecondaries"
25-1053.00,"Environmental Science Teachers, Postsecondary",Environmental Science Teachers Postsecondary
25-1053.00,"Environmental Science Teachers, Postsecondary",Category: Education
25-1053.00,"Environmental Science Teachers, Postsecondary",Education
25-1054.00,"Physics Teachers, Postsecondary",P.T.P.
25-1054.00,"Physics Teachers, Postsecondary",PTP
25-1054.00,"Physics Teachers, Postsecondary","Physics Teachers, Postsecondaries"
25-1054.00,"Physics Teachers, Postsecondary",Physics Teachers Postsecondary
25-1054.00,"Physics Teachers, Postsecondary",Category: Education
25-1054.00,"Physics Teachers, Postsecondary",Education
25-1061.00,"Anthropology and Archeology Teachers, Postsecondary",A.A.T.P.
25-1061.00,"Anthropology and Archeology Teachers, Postsecondary",AATP
25-1061.00,"Anthropology and Archeology Teachers, Postsecondary","Anthropology and Archeology Teachers, Postsecondaries"
25-1061.00,"Anthropology and Archeology Teachers, Postsecondary",Anthropology and Archeology Teachers Postsecondary
25-1061.00,"Anthropology and Archeology Teachers, Postsecondary","Anthropology & Archeology Teachers, Postsecondary"
25-1061.00,"Anthropology and Archeology Teachers, Postsecondary","Anthropology / Archeology Teachers, Postsecondary"
25-1061.00,"Anthropology and Archeology Teachers, Postsecondary",Category: Education
25-1061.00,"Anthropology and Archeology Teachers, Postsecondary",Education
25-1062.00,"Area, Ethnic, and Cultural Studies Teachers, Postsecondary","Area, Ethnic, and Cultural Studies Teachers, Postsecondaries"
25-1062.00,"Area, Ethnic, and Cultural Studies Teachers, Postsecondary","Area, Ethnic, & Cultural Studies Teachers, Postsecondary"
25-1062.00,"Area, Ethnic, and Cultural Studies Teachers, Postsecondary","Area, Ethnic, / Cultural Studies Teachers, Postsecondary"
25-1062.00,"Area, Ethnic, and Cultural Studies Teachers, Postsecondary",Area Ethnic and Cultural Studies Teachers Postsecondary
25-1062.00,"Area, Ethnic, and Cultural Studies Teachers, Postsecondary",Category: Education
25-1062.00,"Area, Ethnic, and Cultural Studies Teachers, Postsecondary",Education
25-1063.00,"Economics Teachers, Postsecondary",E.T.P.
25-1063.00,"Economics Teachers, Postsecondary",ETP
25-1063.00,"Economics Teachers, Postsecondary","Economics Teachers, Postsecondaries"
25-1063.00,"Economics Teachers, Postsecondary",Economics Teachers Postsecondary
25-1063.00,"Economics Teachers, Postsecondary",Category: Education
25-1063.00,"Economics Teachers, Postsecondary",Education
25-1064.00,"Geography Teachers, Postsecondary",G.T.P.
25-1064.00,"Geography Teachers, Postsecondary",GTP
25-1064.00,"Geography Teachers, Postsecondary","Geography Teachers, Postsecondaries"
25-1064.00,"Geography Teachers, Postsecondary",Geography Teachers Postsecondary
25-1064.00,"Geography Teachers, Postsecondary",Category: Education
25-1064.00,"Geography Teachers, Postsecondary",Education
25-1065.00,"Political Science Teachers, Postsecondary",P.S.T.P.
25-1065.00,"Political Science Teachers, Postsecondary",PSTP
25-1065.00,"Political Science Teachers, Postsecondary","Political Science Teachers, Postsecondaries"
25-1065.00,"Political Science Teachers, Postsecondary",Political Science Teachers Postsecondary
25-1065.00,"Political Science Teachers, Postsecondary",Category: Education
25-1065.00,"Political Science Teachers, Postsecondary",Education
25-1066.00,"Psychology Teachers, Postsecondary",P.T.P.
25-1066.00,"Psychology Teachers, Postsecondary",PTP
25-1066.00,"Psychology Teachers, Postsecondary","Psychology Teachers, Postsecondaries"
25-1066.00,"Psychology Teachers, Postsecondary",Psychology Teachers Postsecondary
25-1066.00,"Psychology Teachers, Postsecondary",Category: Healthcare
25-1066.00,"Psychology Teachers, Postsecondary",Healthcare
25-1067.00,"Sociology Teachers, Postsecondary",S.T.P.
25-1067.00,"Sociology Teachers, Postsecondary",STP
25-1067.00,"Sociology Teachers, Postsecondary","Sociology Teachers, Postsecondaries"
25-1067.00,"Sociology Teachers, Postsecondary",Sociology Teachers Postsecondary
25-1067.00,"Sociology Teachers, Postsecondary",Category: Education
25-1067.00,"Sociology Teachers, Postsecondary",Education
25-1069.00,"Social Sciences Teachers, Postsecondary, All Other","Social Sciences Teachers, Postsecondary, All Others"
25-1069.00,"Social Sciences Teachers, Postsecondary, All Other",Social Sciences Teachers Postsecondary All Other
25-1069.00,"Social Sciences Teachers, Postsecondary, All Other",Category: Education
25-1069.00,"Social Sciences Teachers, Postsecondary, All Other",Education
25-1071.00,"Health Specialties Teachers, Postsecondary",H.S.T.P.
25-1071.00,"Health Specialties Teachers, Postsecondary",HSTP
25-1071.00,"Health Specialties Teachers, Postsecondary","Health Specialties Teachers, Postsecondaries"
25-1071.00,"Health Specialties Teachers, Postsecondary",Health Specialties Teachers Postsecondary
25-1071.00,"Health Specialties Teachers, Postsecondary",Category: Healthcare
25-1071.00,"Health Specialties Teachers, Postsecondary",Healthcare
25-1072.00,"Nursing Instructors and Teachers, Postsecondary",N.I.T.P.
25-1072.00,"Nursing Instructors and Teachers, Postsecondary",NITP
25-1072.00,"Nursing Instructors and Teachers, Postsecondary","Nursing Instructors and Teachers, Postsecondaries"
25-1072.00,"Nursing Instructors and Teachers, Postsecondary",Nursing Instructors and Teachers Postsecondary
25-1072.00,"Nursing Instructors and Teachers, Postsecondary","Nursing Instructors & Teachers, Postsecondary"
25-1072.00,"Nursing Instructors and Teachers, Postsecondary","Nursing Instructors / Teachers, Postsecondary"
25-1072.00,"Nursing Instructors and Teachers, Postsecondary",Category: Healthcare
25-1072.00,"Nursing Instructors and Teachers, Postsecondary",Healthcare
25-1081.00,"Education Teachers, Postsecondary",E.T.P.
25-1081.00,"Education Teachers, Postsecondary",ETP
25-1081.00,"Education Teachers, Postsecondary","Education Teachers, Postsecondaries"
25-1081.00,"Education Teachers, Postsecondary",Education Teachers Postsecondary
25-1081.00,"Education Teachers, Postsecondary",Category: Education
25-1081.00,"Education Teachers, Postsecondary",Education
25-1082.00,"Library Science Teachers, Postsecondary",L.S.T.P.
25-1082.00,"Library Science Teachers, Postsecondary",LSTP
25-1082.00,"Library Science Teachers, Postsecondary","Library Science Teachers, Postsecondaries"
25-1082.00,"Library Science Teachers, Postsecondary",Library Science Teachers Postsecondary
25-1082.00,"Library Science Teachers, Postsecondary",Category: Education
25-1082.00,"Library Science Teachers, Postsecondary",Education
25-1111.00,"Criminal Justice and Law Enforcement Teachers, Postsecondary","Criminal Justice and Law Enforcement Teachers, Postsecondaries"
25-1111.00,"Criminal Justice and Law Enforcement Teachers, Postsecondary",Criminal Justice and Law Enforcement Teachers Postsecondary
25-1111.00,"Criminal Justice and Law Enforcement Teachers, Postsecondary","Criminal Justice & Law Enforcement Teachers, Postsecondary"
25-1111.00,"Criminal Justice and Law Enforcement Teachers, Postsecondary","Criminal Justice / Law Enforcement Teachers, Postsecondary"
25-1111.00,"Criminal Justice and Law Enforcement Teachers, Postsecondary",Category: Education
25-1111.00,"Criminal Justice and Law Enforcement Teachers, Postsecondary",Education
25-1112.00,"Law Teachers, Postsecondary",L.T.P.
25-1112.00,"Law Teachers, Postsecondary",LTP
25-1112.00,"Law Teachers, Postsecondary","Law Teachers, Postsecondaries"
25-1112.00,"Law Teachers, Postsecondary",Law Teachers Postsecondary
25-1112.00,"Law Teachers, Postsecondary",Category: Education
25-1112.00,"Law Teachers, Postsecondary",Education
25-1113.00,"Social Work Teachers, Postsecondary",S.W.T.P.
25-1113.00,"Social Work Teachers, Postsecondary",SWTP
25-1113.00,"Social Work Teachers, Postsecondary","Social Work Teachers, Postsecondaries"
25-1113.00,"Social Work Teachers, Postsecondary",Social Work Teachers Postsecondary
25-1113.00,"Social Work Teachers, Postsecondary",Category: Education
25-1113.00,"Social Work Teachers, Postsecondary",Education
25-1121.00,"Art, Drama, and Music Teachers, Postsecondary",A.D.M.T.P.
25-1121.00,"Art, Drama, and Music Teachers, Postsecondary",ADMTP
25-1121.00,"Art, Drama, and Music Teachers, Postsecondary","Art, Drama, and Music Teachers, Postsecondaries"
25-1121.00,"Art, Drama, and Music Teachers, Postsecondary","Art, Drama, & Music Teachers, Postsecondary"
25-1121.00,"Art, Drama, and Music Teachers, Postsecondary","Art, Drama, / Music Teachers, Postsecondary"
25-1121.00,"Art, Drama, and Music Teachers, Postsecondary",Art Drama and Music Teachers Postsecondary
25-1121.00,"Art, Drama, and Music Teachers, Postsecondary",Category: Education
25-1121.00,"Art, Drama, and Music Teachers, Postsecondary",Education
25-1122.00,"Communications Teachers, Postsecondary",C.T.P.
25-1122.00,"Communications Teachers, Postsecondary",CTP
25-1122.00,"Communications Teachers, Postsecondary","Communications Teachers, Postsecondaries"
25-1122.00,"Communications Teachers, Postsecondary",Communications Teachers Postsecondary
25-1122.00,"Communications Teachers, Postsecondary",Category: Education
25-1122.00,"Communications Teachers, Postsecondary",Education
25-1123.00,"English Language and Literature Teachers, Postsecondary",E.L.L.T.P.
25-1123.00,"English Language and Literature Teachers, Postsecondary",ELLTP
25-1123.00,"English Language and Literature Teachers, Postsecondary","English Language and Literature Teachers, Postsecondaries"
25-1123.00,"English Language and Literature Teachers, Postsecondary",English Language and Literature Teachers Postsecondary
25-1123.00,"English Language and Literature Teachers, Postsecondary","English Language & Literature Teachers, Postsecondary"
25-1123.00,"English Language and Literature Teachers, Postsecondary","English Language / Literature Teachers, Postsecondary"
25-1123.00,"English Language and Literature Teachers, Postsecondary",Category: Education
25-1123.00,"English Language and Literature Teachers, Postsecondary",Education
25-1124.00,"Foreign Language and Literature Teachers, Postsecondary",F.L.L.T.P.
25-1124.00,"Foreign Language and Literature Teachers, Postsecondary",FLLTP
25-1124.00,"Foreign Language and Literature Teachers, Postsecondary","Foreign Language and Literature Teachers, Postsecondaries"
25-1124.00,"Foreign Language and Literature Teachers, Postsecondary",Foreign Language and Literature Teachers Postsecondary
25-1124.00,"Foreign Language and Literature Teachers, Postsecondary","Foreign Language & Literature Teachers, Postsecondary"
25-1124.00,"Foreign Language and Literature Teachers, Postsecondary","Foreign Language / Literature Teachers, Postsecondary"
25-1124.00,"Foreign Language and Literature Teachers, Postsecondary",Category: Education
25-1124.00,"Foreign Language and Literature Teachers, Postsecondary",Education
25-1125.00,"History Teachers, Postsecondary",H.T.P.
25-1125.00,"History Teachers, Postsecondary",HTP
25-1125.00,"History Teachers, Postsecondary","History Teachers, Postsecondaries"
25-1125.00,"History Teachers, Postsecondary",History Teachers Postsecondary
25-1125.00,"History Teachers, Postsecondary",Category: Education
25-1125.00,"History Teachers, Postsecondary",Education
25-1126.00,"Philosophy and Religion Teachers, Postsecondary",P.R.T.P.
25-1126.00,"Philosophy and Religion Teachers, Postsecondary",PRTP
25-1126.00,"Philosophy and Religion Teachers, Postsecondary","Philosophy and Religion Teachers, Postsecondaries"
25-1126.00,"Philosophy and Religion Teachers, Postsecondary",Philosophy and Religion Teachers Postsecondary
25-1126.00,"Philosophy and Religion Teachers, Postsecondary","Philosophy & Religion Teachers, Postsecondary"
25-1126.00,"Philosophy and Religion Teachers, Postsecondary","Philosophy / Religion Teachers, Postsecondary"
25-1126.00,"Philosophy and Religion Teachers, Postsecondary",Category: Education
25-1126.00,"Philosophy and Religion Teachers, Postsecondary",Education
25-1192.00,"Family and Consumer Sciences Teachers, Postsecondary",F.C.S.T.P.
25-1192.00,"Family and Consumer Sciences Teachers, Postsecondary",FCSTP
25-1192.00,"Family and Consumer Sciences Teachers, Postsecondary","Family and Consumer Sciences Teachers, Postsecondaries"
25-1192.00,"Family and Consumer Sciences Teachers, Postsecondary",Family and Consumer Sciences Teachers Postsecondary
25-1192.00,"Family and Consumer Sciences Teachers, Postsecondary","Family & Consumer Sciences Teachers, Postsecondary"
25-1192.00,"Family and Consumer Sciences Teachers, Postsecondary","Family / Consumer Sciences Teachers, Postsecondary"
25-1192.00,"Family and Consumer Sciences Teachers, Postsecondary",Category: Education
25-1192.00,"Family and Consumer Sciences Teachers, Postsecondary",Education
25-1193.00,"Recreation and Fitness Studies Teachers, Postsecondary",R.F.S.T.P.
25-1193.00,"Recreation and Fitness Studies Teachers, Postsecondary",RFSTP
25-1193.00,"Recreation and Fitness Studies Teachers, Postsecondary","Recreation and Fitness Studies Teachers, Postsecondaries"
25-1193.00,"Recreation and Fitness Studies Teachers, Postsecondary",Recreation and Fitness Studies Teachers Postsecondary
25-1193.00,"Recreation and Fitness Studies Teachers, Postsecondary","Recreation & Fitness Studies Teachers, Postsecondary"
25-1193.00,"Recreation and Fitness Studies Teachers, Postsecondary","Recreation / Fitness Studies Teachers, Postsecondary"
25-1193.00,"Recreation and Fitness Studies Teachers, Postsecondary",Category: Education
25-1193.00,"Recreation and Fitness Studies Teachers, Postsecondary",Education
25-1194.00,"Career/Technical Education Teachers, Postsecondary",C.T.E.T.P.
25-1194.00,"Career/Technical Education Teachers, Postsecondary",CTETP
25-1194.00,"Career/Technical Education Teachers, Postsecondary","Career/Technical Education Teachers, Postsecondaries"
25-1194.00,"Career/Technical Education Teachers, Postsecondary",Career/Technical Education Teachers Postsecondary
25-1194.00,"Career/Technical Education Teachers, Postsecondary",Category: Education
25-1194.00,"Career/Technical Education Teachers, Postsecondary",Education
25-1199.00,"Postsecondary Teachers, All Other",P.T.A.O.
25-1199.00,"Postsecondary Teachers, All Other",PTAO
25-1199.00,"Postsecondary Teachers, All Other","Postsecondary Teachers, All Others"
25-1199.00,"Postsecondary Teachers, All Other",Postsecondary Teachers All Other
25-1199.00,"Postsecondary Teachers, All Other",Category: Education
25-1199.00,"Postsecondary Teachers, All Other",Education
25-2011.00,"Preschool Teachers, Except Special Education",P.T.E.S.E.
25-2011.00,"Preschool Teachers, Except Special Education",PTESE
25-2011.00,"Preschool Teachers, Except Special Education","Preschool Teachers, Except Special Educations"
25-2011.00,"Preschool Teachers, Except Special Education",Preschool Teachers Except Special Education
25-2011.00,"Preschool Teachers, Except Special Education",Category: Education
25-2011.00,"Preschool Teachers, Except Special Education",Education
25-2012.00,"Kindergarten Teachers, Except Special Education",K.T.E.S.E.
25-2012.00,"Kindergarten Teachers, Except Special Education",KTESE
25-2012.00,"Kindergarten Teachers, Except Special Education","Kindergarten Teachers, Except Special Educations"
25-2012.00,"Kindergarten Teachers, Except Special Education",Kindergarten Teachers Except Special Education
25-2012.00,"Kindergarten Teachers, Except Special Education",Category: Education
25-2012.00,"Kindergarten Teachers, Except Special Education",Education
25-2021.00,"Elementary School Teachers, Except Special Education","Elementary School Teachers, Except Special Educations"
25-2021.00,"Elementary School Teachers, Except Special Education",Elementary School Teachers Except Special Education
25-2021.00,"Elementary School Teachers, Except Special Education",Category: Education
25-2021.00,"Elementary School Teachers, Except Special Education",Education
25-2022.00,"Middle School Teachers, Except Special and Career/Technical Education","Middle School Teachers, Except Special and Career/Technical Educations"
25-2022.00,"Middle School Teachers, Except Special and Career/Technical Education",Middle School Teachers Except Special and Career/Technical Education
25-2022.00,"Middle School Teachers, Except Special and Career/Technical Education","Middle School Teachers, Except Special & Career/Technical Education"
25-2022.00,"Middle School Teachers, Except Special and Career/Technical Education","Middle School Teachers, Except Special / Career/Technical Education"
25-2022.00,"Middle School Teachers, Except Special and Career/Technical Education",Category: Education
25-2022.00,"Middle School Teachers, Except Special and Career/Technical Education",Education
25-2023.00,"Career/Technical Education Teachers, Middle School","Career/Technical Education Teachers, Middle Schools"
25-2023.00,"Career/Technical Education Teachers, Middle School",Career/Technical Education Teachers Middle School
25-2023.00,"Career/Technical Education Teachers, Middle School",Category: Education
25-2023.00,"Career/Technical Education Teachers, Middle School",Education
25-2031.00,"Secondary School Teachers, Except Special and Career/Technical Education","Secondary School Teachers, Except Special and Career/Technical Educations"
25-2031.00,"Secondary School Teachers, Except Special and Career/Technical Education",Secondary School Teachers Except Special and Career/Technical Education
25-2031.00,"Secondary School Teachers, Except Special and Career/Technical Education","Secondary School Teachers, Except Special & Career/Technical Education"
25-2031.00,"Secondary School Teachers, Except Special and Career/Technical Education","Secondary School Teachers, Except Special / Career/Technical Education"
25-2031.00,"Secondary School Teachers, Except Special and Career/Technical Education",Category: Education
25-2031.00,"Secondary School Teachers, Except Special and Career/Technical Education",Education
25-2032.00,"Career/Technical Education Teachers, Secondary School","Career/Technical Education Teachers, Secondary Schools"
25-2032.00,"Career/Technical Education Teachers, Secondary School",Career/Technical Education Teachers Secondary School
25-2032.00,"Career/Technical Education Teachers, Secondary School",Category: Education
25-2032.00,"Career/Technical Education Teachers, Secondary School",Education
25-2051.00,"Special Education Teachers, Preschool",S.E.T.P.
25-2051.00,"Special Education Teachers, Preschool",SETP
25-2051.00,"Special Education Teachers, Preschool","Special Education Teachers, Preschools"
25-2051.00,"Special Education Teachers, Preschool",Special Education Teachers Preschool
25-2051.00,"Special Education Teachers, Preschool",Category: Education
25-2051.00,"Special Education Teachers, Preschool",Education
25-2055.00,"Special Education Teachers, Kindergarten",S.E.T.K.
25-2055.00,"Special Education Teachers, Kindergarten",SETK
25-2055.00,"Special Education Teachers, Kindergarten","Special Education Teachers, Kindergartens"
25-2055.00,"Special Education Teachers, Kindergarten",Special Education Teachers Kindergarten
25-2055.00,"Special Education Teachers, Kindergarten",Category: Education
25-2055.00,"Special Education Teachers, Kindergarten",Education
25-2056.00,"Special Education Teachers, Elementary School",S.E.T.E.S.
25-2056.00,"Special Education Teachers, Elementary School",SETES
25-2056.00,"Special Education Teachers, Elementary School","Special Education Teachers, Elementary Schools"
25-2056.00,"Special Education Teachers, Elementary School",Special Education Teachers Elementary School
25-2056.00,"Special Education Teachers, Elementary School",Category: Education
25-2056.00,"Special Education Teachers, Elementary School",Education
25-2057.00,"Special Education Teachers, Middle School",S.E.T.M.S.
25-2057.00,"Special Education Teachers, Middle School",SETMS
25-2057.00,"Special Education Teachers, Middle School","Special Education Teachers, Middle Schools"
25-2057.00,"Special Education Teachers, Middle School",Special Education Teachers Middle School
25-2057.00,"Special Education Teachers, Middle School",Category: Education
25-2057.00,"Special Education Teachers, Middle School",Education
25-2058.00,"Special Education Teachers, Secondary School",S.E.T.S.S.
25-2058.00,"Special Education Teachers, Secondary School",SETSS
25-2058.00,"Special Education Teachers, Secondary School","Special Education Teachers, Secondary Schools"
25-2058.00,"Special Education Teachers, Secondary School",Special Education Teachers Secondary School
25-2058.00,"Special Education Teachers, Secondary School",Category: Education
25-2058.00,"Special Education Teachers, Secondary School",Education
25-2059.00,"Special Education Teachers, All Other",S.E.T.A.O.
25-2059.00,"Special Education Teachers, All Other",SETAO
25-2059.00,"Special Education Teachers, All Other","Special Education Teachers, All Others"
25-2059.00,"Special Education Teachers, All Other",Special Education Teachers All Other
25-2059.00,"Special Education Teachers, All Other",Category: Education
25-2059.00,"Special Education Teachers, All Other",Education
25-2059.01,Adapted Physical Education Specialists,A.P.E.S.
25-2059.01,Adapted Physical Education Specialists,APES
25-2059.01,Adapted Physical Education Specialists,Adapted Physical Education Specialist
25-2059.01,Adapted Physical Education Specialists,Adapted Physical Education Specs
25-2059.01,Adapted Physical Education Specialists,Adapted Physical Education
25-2059.01,Adapted Physical Education Specialists,Category: Education
25-2059.01,Adapted Physical Education Specialists,Education
25-3011.00,"Adult Basic Education, Adult Secondary Education, and English as a Second Language Instructors","Adult Basic Education, Adult Secondary Education, and English as a Second Language Instructor"
25-3011.00,"Adult Basic Education, Adult Secondary Education, and English as a Second Language Instructors",Adult Basic Education Adult Secondary Education and English as a Second Language Instructors
25-3011.00,"Adult Basic Education, Adult Secondary Education, and English as a Second Language Instructors","Adult Basic Education, Adult Secondary Education, & English as a Second Language Instructors"
25-3011.00,"Adult Basic Education, Adult Secondary Education, and English as a Second Language Instructors","Adult Basic Education, Adult Secondary Education, / English as a Second Language Instructors"
25-3011.00,"Adult Basic Education, Adult Secondary Education, and English as a Second Language Instructors",Category: Education
25-3011.00,"Adult Basic Education, Adult Secondary Education, and English as a Second Language Instructors",Education
25-3021.00,Self-Enrichment Teachers,S.E.T.
25-3021.00,Self-Enrichment Teachers,SET
25-3021.00,Self-Enrichment Teachers,Self-Enrichment Teacher
25-3021.00,Self-Enrichment Teachers,Category: Education
25-3021.00,Self-Enrichment Teachers,Education
25-3031.00,"Substitute Teachers, Short-Term",S.T.S.T.
25-3031.00,"Substitute Teachers, Short-Term",STST
25-3031.00,"Substitute Teachers, Short-Term","Substitute Teachers, Short-Terms"
25-3031.00,"Substitute Teachers, Short-Term",Substitute Teachers Short-Term
25-3031.00,"Substitute Teachers, Short-Term",Category: Education
25-3031.00,"Substitute Teachers, Short-Term",Education
25-3041.00,Tutors,Category: Other
25-3041.00,Tutors,Other
25-3041.00,Tutors,Tutor
25-3099.00,"Teachers and Instructors, All Other",T.I.A.O.
25-3099.00,"Teachers and Instructors, All Other",TIAO
25-3099.00,"Teachers and Instructors, All Other","Teachers and Instructors, All Others"
25-3099.00,"Teachers and Instructors, All Other",Teachers and Instructors All Other
25-3099.00,"Teachers and Instructors, All Other","Teachers & Instructors, All Other"
25-3099.00,"Teachers and Instructors, All Other","Teachers / Instructors, All Other"
25-3099.00,"Teachers and Instructors, All Other",Category: Education
25-3099.00,"Teachers and Instructors, All Other",Education
25-4011.00,Archivists,Category: Science & Research
25-4011.00,Archivists,Science and Research
25-4011.00,Archivists,Science & Research
25-4011.00,Archivists,Science&Research
25-4011.00,Archivists,Archivist
25-4012.00,Curators,Category: Science & Research
25-4012.00,Curators,Science and Research
25-4012.00,Curators,Science & Research
25-4012.00,Curators,Science&Research
25-4012.00,Curators,Curator
25-4013.00,Museum Technicians and Conservators,M.T.C.
25-4013.00,Museum Technicians and Conservators,MTC
25-4013.00,Museum Technicians and Conservators,Museum Technicians and Conservator
25-4013.00,Museum Technicians and Conservators,Museum Technicians & Conservators
25-4013.00,Museum Technicians and Conservators,Museum Technicians / Conservators
25-4013.00,Museum Technicians and Conservators,Museum Techs and Conservators
25-4013.00,Museum Technicians and Conservators,Category: Science & Research
25-4013.00,Museum Technicians and Conservators,Science and Research
25-4013.00,Museum Technicians and Conservators,Science & Research
25-4013.00,Museum Technicians and Conservators,Science&Research
25-4022.00,Librarians and Media Collections Specialists,L.M.C.S.
25-4022.00,Librarians and Media Collections Specialists,LMCS
25-4022.00,Librarians and Media Collections Specialists,Librarians and Media Collections Specialist
25-4022.00,Librarians and Media Collections Specialists,Librarians & Media Collections Specialists
25-4022.00,Librarians and Media Collections Specialists,Librarians / Media Collections Specialists
25-4022.00,Librarians and Media Collections Specialists,Librarians and Media Collections Specs
25-4022.00,Librarians and Media Collections Specialists,Category: Information Technology
25-4022.00,Librarians and Media Collections Specialists,Librarians and Media Collections
25-4022.00,Librarians and Media Collections Specialists,Information Technology
25-4022.00,Librarians and Media Collections Specialists,InformationTechnology
25-4031.00,Library Technicians,L.T.
25-4031.00,Library Technicians,LT
25-4031.00,Library Technicians,Category: Information Technology
25-4031.00,Library Technicians,Information Technology
25-4031.00,Library Technicians,InformationTechnology
25-4031.00,Library Technicians,Library Technician
25-4031.00,Library Technicians,Library Techs
25-4031.00,Library Technicians,Library
25-9021.00,Farm and Home Management Educators,F.H.M.E.
25-9021.00,Farm and Home Management Educators,FHME
25-9021.00,Farm and Home Management Educators,Farm and Home Management Educator
25-9021.00,Farm and Home Management Educators,Farm & Home Management Educators
25-9021.00,Farm and Home Management Educators,Farm / Home Management Educators
25-9021.00,Farm and Home Management Educators,Category: Education
25-9021.00,Farm and Home Management Educators,Education
25-9031.00,Instructional Coordinators,I.C.
25-9031.00,Instructional Coordinators,IC
25-9031.00,Instructional Coordinators,Instructional Coordinator
25-9031.00,Instructional Coordinators,Instructional Coords
25-9031.00,Instructional Coordinators,Category: Education
25-9031.00,Instructional Coordinators,Education
25-9042.00,"Teaching Assistants, Preschool, Elementary, Middle, and Secondary School, Except Special Education","Teaching Assistants, Preschool, Elementary, Middle, and Secondary School, Except Special Educations"
25-9042.00,"Teaching Assistants, Preschool, Elementary, Middle, and Secondary School, Except Special Education","Teaching Assistants, Preschool, Elementary, Middle, & Secondary School, Except Special Education"
25-9042.00,"Teaching Assistants, Preschool, Elementary, Middle, and Secondary School, Except Special Education","Teaching Assistants, Preschool, Elementary, Middle, / Secondary School, Except Special Education"
25-9042.00,"Teaching Assistants, Preschool, Elementary, Middle, and Secondary School, Except Special Education",Teaching Assistants Preschool Elementary Middle and Secondary School Except Special Education
25-9042.00,"Teaching Assistants, Preschool, Elementary, Middle, and Secondary School, Except Special Education","Teaching Assts Preschool, Elementary, Middle, and Secondary School, Except Special Education"
25-9042.00,"Teaching Assistants, Preschool, Elementary, Middle, and Secondary School, Except Special Education",Category: Education
25-9042.00,"Teaching Assistants, Preschool, Elementary, Middle, and Secondary School, Except Special Education",Education
25-9043.00,"Teaching Assistants, Special Education",T.A.S.E.
25-9043.00,"Teaching Assistants, Special Education",TASE
25-9043.00,"Teaching Assistants, Special Education","Teaching Assistants, Special Educations"
25-9043.00,"Teaching Assistants, Special Education",Teaching Assistants Special Education
25-9043.00,"Teaching Assistants, Special Education",Teaching Assts Special Education
25-9043.00,"Teaching Assistants, Special Education",Category: Education
25-9043.00,"Teaching Assistants, Special Education",Education
25-9044.00,"Teaching Assistants, Postsecondary",T.A.P.
25-9044.00,"Teaching Assistants, Postsecondary",TAP
25-9044.00,"Teaching Assistants, Postsecondary","Teaching Assistants, Postsecondaries"
25-9044.00,"Teaching Assistants, Postsecondary",Teaching Assistants Postsecondary
25-9044.00,"Teaching Assistants, Postsecondary",Teaching Assts Postsecondary
25-9044.00,"Teaching Assistants, Postsecondary",Category: Other
25-9044.00,"Teaching Assistants, Postsecondary",Other
25-9049.00,"Teaching Assistants, All Other",T.A.A.O.
25-9049.00,"Teaching Assistants, All Other",TAAO
25-9049.00,"Teaching Assistants, All Other","Teaching Assistants, All Others"
25-9049.00,"Teaching Assistants, All Other",Teaching Assistants All Other
25-9049.00,"Teaching Assistants, All Other",Teaching Assts All Other
25-9049.00,"Teaching Assistants, All Other",Category: Other
25-9049.00,"Teaching Assistants, All Other",Other
25-9099.00,"Educational Instruction and Library Workers, All Other","Educational Instruction and Library Workers, All Others"
25-9099.00,"Educational Instruction and Library Workers, All Other",Educational Instruction and Library Workers All Other
25-9099.00,"Educational Instruction and Library Workers, All Other","Educational Instruction & Library Workers, All Other"
25-9099.00,"Educational Instruction and Library Workers, All Other","Educational Instruction / Library Workers, All Other"
25-9099.00,"Educational Instruction and Library Workers, All Other",Category: Education
25-9099.00,"Educational Instruction and Library Workers, All Other",Education
27-1011.00,Art Directors,A.D.
27-1011.00,Art Directors,AD
27-1011.00,Art Directors,Category: Manufacturing
27-1011.00,Art Directors,Manufacturing
27-1011.00,Art Directors,Art Director
27-1012.00,Craft Artists,C.A.
27-1012.00,Craft Artists,CA
27-1012.00,Craft Artists,Category: Arts & Media
27-1012.00,Craft Artists,Arts and Media
27-1012.00,Craft Artists,Arts & Media
27-1012.00,Craft Artists,Craft Artist
27-1012.00,Craft Artists,Arts&Media
27-1013.00,"Fine Artists, Including Painters, Sculptors, and Illustrators","Fine Artists, Including Painters, Sculptors, and Illustrator"
27-1013.00,"Fine Artists, Including Painters, Sculptors, and Illustrators","Fine Artists, Including Painters, Sculptors, & Illustrators"
27-1013.00,"Fine Artists, Including Painters, Sculptors, and Illustrators","Fine Artists, Including Painters, Sculptors, / Illustrators"
27-1013.00,"Fine Artists, Including Painters, Sculptors, and Illustrators",Fine Artists Including Painters Sculptors and Illustrators
27-1013.00,"Fine Artists, Including Painters, Sculptors, and Illustrators",Category: Arts & Media
27-1013.00,"Fine Artists, Including Painters, Sculptors, and Illustrators",Arts and Media
27-1013.00,"Fine Artists, Including Painters, Sculptors, and Illustrators",Arts & Media
27-1013.00,"Fine Artists, Including Painters, Sculptors, and Illustrators",Arts&Media
27-1014.00,Special Effects Artists and Animators,S.E.A.A.
27-1014.00,Special Effects Artists and Animators,SEAA
27-1014.00,Special Effects Artists and Animators,Special Effects Artists and Animator
27-1014.00,Special Effects Artists and Animators,Special Effects Artists & Animators
27-1014.00,Special Effects Artists and Animators,Special Effects Artists / Animators
27-1014.00,Special Effects Artists and Animators,Category: Arts & Media
27-1014.00,Special Effects Artists and Animators,Arts and Media
27-1014.00,Special Effects Artists and Animators,Arts & Media
27-1014.00,Special Effects Artists and Animators,Arts&Media
27-1019.00,"Artists and Related Workers, All Other",A.R.W.A.O.
27-1019.00,"Artists and Related Workers, All Other",ARWAO
27-1019.00,"Artists and Related Workers, All Other","Artists and Related Workers, All Others"
27-1019.00,"Artists and Related Workers, All Other",Artists and Related Workers All Other
27-1019.00,"Artists and Related Workers, All Other","Artists & Related Workers, All Other"
27-1019.00,"Artists and Related Workers, All Other","Artists / Related Workers, All Other"
27-1019.00,"Artists and Related Workers, All Other",Category: Arts & Media
27-1019.00,"Artists and Related Workers, All Other",Arts and Media
27-1019.00,"Artists and Related Workers, All Other",Arts & Media
27-1019.00,"Artists and Related Workers, All Other",Arts&Media
27-1021.00,Commercial and Industrial Designers,C.I.D.
27-1021.00,Commercial and Industrial Designers,CID
27-1021.00,Commercial and Industrial Designers,Category: Marketing & Communications
27-1021.00,Commercial and Industrial Designers,Commercial and Industrial Designer
27-1021.00,Commercial and Industrial Designers,Commercial & Industrial Designers
27-1021.00,Commercial and Industrial Designers,Commercial / Industrial Designers
27-1021.00,Commercial and Industrial Designers,Marketing and Communications
27-1021.00,Commercial and Industrial Designers,Marketing & Communications
27-1021.00,Commercial and Industrial Designers,Marketing&Communications
27-1022.00,Fashion Designers,F.D.
27-1022.00,Fashion Designers,FD
27-1022.00,Fashion Designers,Category: Arts & Media
27-1022.00,Fashion Designers,Fashion Designer
27-1022.00,Fashion Designers,Arts and Media
27-1022.00,Fashion Designers,Arts & Media
27-1022.00,Fashion Designers,Arts&Media
27-1023.00,Floral Designers,F.D.
27-1023.00,Floral Designers,FD
27-1023.00,Floral Designers,Category: Arts & Media
27-1023.00,Floral Designers,Floral Designer
27-1023.00,Floral Designers,Arts and Media
27-1023.00,Floral Designers,Arts & Media
27-1023.00,Floral Designers,Arts&Media
27-1024.00,Graphic Designers,G.D.
27-1024.00,Graphic Designers,GD
27-1024.00,Graphic Designers,Category: Arts & Media
27-1024.00,Graphic Designers,Graphic Designer
27-1024.00,Graphic Designers,Arts and Media
27-1024.00,Graphic Designers,Arts & Media
27-1024.00,Graphic Designers,Arts&Media
27-1025.00,Interior Designers,I.D.
27-1025.00,Interior Designers,ID
27-1025.00,Interior Designers,Category: Science & Research
27-1025.00,Interior Designers,Science and Research
27-1025.00,Interior Designers,Science & Research
27-1025.00,Interior Designers,Interior Designer
27-1025.00,Interior Designers,Science&Research
27-1026.00,Merchandise Displayers and Window Trimmers,M.D.W.T.
27-1026.00,Merchandise Displayers and Window Trimmers,MDWT
27-1026.00,Merchandise Displayers and Window Trimmers,Merchandise Displayers and Window Trimmer
27-1026.00,Merchandise Displayers and Window Trimmers,Merchandise Displayers & Window Trimmers
27-1026.00,Merchandise Displayers and Window Trimmers,Merchandise Displayers / Window Trimmers
27-1026.00,Merchandise Displayers and Window Trimmers,Category: Other
27-1026.00,Merchandise Displayers and Window Trimmers,Other
27-1027.00,Set and Exhibit Designers,S.E.D.
27-1027.00,Set and Exhibit Designers,SED
27-1027.00,Set and Exhibit Designers,Set and Exhibit Designer
27-1027.00,Set and Exhibit Designers,Set & Exhibit Designers
27-1027.00,Set and Exhibit Designers,Set / Exhibit Designers
27-1027.00,Set and Exhibit Designers,Category: Engineering
27-1027.00,Set and Exhibit Designers,Engineering
27-1029.00,"Designers, All Other",D.A.O.
27-1029.00,"Designers, All Other",DAO
27-1029.00,"Designers, All Other",Category: Arts & Media
27-1029.00,"Designers, All Other","Designers, All Others"
27-1029.00,"Designers, All Other",Designers All Other
27-1029.00,"Designers, All Other",Arts and Media
27-1029.00,"Designers, All Other",Arts & Media
27-1029.00,"Designers, All Other",Arts&Media
27-2011.00,Actors,Category: Manufacturing
27-2011.00,Actors,Manufacturing
27-2011.00,Actors,Actor
27-2012.00,Producers and Directors,P.D.
27-2012.00,Producers and Directors,PD
27-2012.00,Producers and Directors,Category: Manufacturing
27-2012.00,Producers and Directors,Producers and Director
27-2012.00,Producers and Directors,Producers & Directors
27-2012.00,Producers and Directors,Producers / Directors
27-2012.00,Producers and Directors,Manufacturing
27-2012.03,Media Programming Directors,M.P.D.
27-2012.03,Media Programming Directors,MPD
27-2012.03,Media Programming Directors,Category: Business & Management
27-2012.03,Media Programming Directors,Media Programming Director
27-2012.03,Media Programming Directors,Business and Management
27-2012.03,Media Programming Directors,Business & Management
27-2012.03,Media Programming Directors,Business&Management
27-2012.04,Talent Directors,T.D.
27-2012.04,Talent Directors,TD
27-2012.04,Talent Directors,Category: Finance & Accounting
27-2012.04,Talent Directors,Finance and Accounting
27-2012.04,Talent Directors,Finance & Accounting
27-2012.04,Talent Directors,Finance&Accounting
27-2012.04,Talent Directors,Talent Director
27-2012.05,Media Technical Directors/Managers,M.T.D.M.
27-2012.05,Media Technical Directors/Managers,MTDM
27-2012.05,Media Technical Directors/Managers,Media Technical Directors/Manager
27-2012.05,Media Technical Directors/Managers,Media Technical Directors
27-2012.05,Media Technical Directors/Managers,Category: Engineering
27-2012.05,Media Technical Directors/Managers,Engineering
27-2021.00,Athletes and Sports Competitors,A.S.C.
27-2021.00,Athletes and Sports Competitors,ASC
27-2021.00,Athletes and Sports Competitors,Athletes and Sports Competitor
27-2021.00,Athletes and Sports Competitors,Athletes & Sports Competitors
27-2021.00,Athletes and Sports Competitors,Athletes / Sports Competitors
27-2021.00,Athletes and Sports Competitors,Category: Other
27-2021.00,Athletes and Sports Competitors,Other
27-2022.00,Coaches and Scouts,C.S.
27-2022.00,Coaches and Scouts,CS
27-2022.00,Coaches and Scouts,Coaches and Scout
27-2022.00,Coaches and Scouts,Coaches & Scouts
27-2022.00,Coaches and Scouts,Coaches / Scouts
27-2022.00,Coaches and Scouts,Category: Other
27-2022.00,Coaches and Scouts,Other
27-2023.00,"Umpires, Referees, and Other Sports Officials",U.R.O.S.O.
27-2023.00,"Umpires, Referees, and Other Sports Officials",UROSO
27-2023.00,"Umpires, Referees, and Other Sports Officials","Umpires, Referees, and Other Sports Official"
27-2023.00,"Umpires, Referees, and Other Sports Officials",Umpires Referees and Other Sports Officials
27-2023.00,"Umpires, Referees, and Other Sports Officials","Umpires, Referees, & Other Sports Officials"
27-2023.00,"Umpires, Referees, and Other Sports Officials","Umpires, Referees, / Other Sports Officials"
27-2023.00,"Umpires, Referees, and Other Sports Officials",Category: Legal & Government
27-2023.00,"Umpires, Referees, and Other Sports Officials",Legal and Government
27-2023.00,"Umpires, Referees, and Other Sports Officials",Legal & Government
27-2023.00,"Umpires, Referees, and Other Sports Officials",Legal&Government
27-2031.00,Dancers,Category: Arts & Media
27-2031.00,Dancers,Arts and Media
27-2031.00,Dancers,Arts & Media
27-2031.00,Dancers,Arts&Media
27-2031.00,Dancers,Dancer
27-2032.00,Choreographers,Category: Other
27-2032.00,Choreographers,Choreographer
27-2032.00,Choreographers,Other
27-2041.00,Music Directors and Composers,M.D.C.
27-2041.00,Music Directors and Composers,MDC
27-2041.00,Music Directors and Composers,Music Directors and Composer
27-2041.00,Music Directors and Composers,Music Directors & Composers
27-2041.00,Music Directors and Composers,Music Directors / Composers
27-2041.00,Music Directors and Composers,Category: Arts & Media
27-2041.00,Music Directors and Composers,Arts and Media
27-2041.00,Music Directors and Composers,Arts & Media
27-2041.00,Music Directors and Composers,Arts&Media
27-2042.00,Musicians and Singers,M.S.
27-2042.00,Musicians and Singers,MS
27-2042.00,Musicians and Singers,Category: Arts & Media
27-2042.00,Musicians and Singers,Musicians and Singer
27-2042.00,Musicians and Singers,Musicians & Singers
27-2042.00,Musicians and Singers,Musicians / Singers
27-2042.00,Musicians and Singers,Arts and Media
27-2042.00,Musicians and Singers,Arts & Media
27-2042.00,Musicians and Singers,Arts&Media
27-2091.00,"Disc Jockeys, Except Radio",D.J.E.R.
27-2091.00,"Disc Jockeys, Except Radio",DJER
27-2091.00,"Disc Jockeys, Except Radio","Disc Jockeys, Except Radios"
27-2091.00,"Disc Jockeys, Except Radio",Disc Jockeys Except Radio
27-2091.00,"Disc Jockeys, Except Radio",Category: Arts & Media
27-2091.00,"Disc Jockeys, Except Radio",Arts and Media
27-2091.00,"Disc Jockeys, Except Radio",Arts & Media
27-2091.00,"Disc Jockeys, Except Radio",Arts&Media
27-2099.00,"Entertainers and Performers, Sports and Related Workers, All Other","Entertainers and Performers, Sports and Related Workers, All Others"
27-2099.00,"Entertainers and Performers, Sports and Related Workers, All Other",Entertainers and Performers Sports and Related Workers All Other
27-2099.00,"Entertainers and Performers, Sports and Related Workers, All Other","Entertainers & Performers, Sports & Related Workers, All Other"
27-2099.00,"Entertainers and Performers, Sports and Related Workers, All Other","Entertainers / Performers, Sports / Related Workers, All Other"
27-2099.00,"Entertainers and Performers, Sports and Related Workers, All Other",Category: Other
27-2099.00,"Entertainers and Performers, Sports and Related Workers, All Other",Other
27-3011.00,Broadcast Announcers and Radio Disc Jockeys,B.A.R.D.J.
27-3011.00,Broadcast Announcers and Radio Disc Jockeys,BARDJ
27-3011.00,Broadcast Announcers and Radio Disc Jockeys,Broadcast Announcers and Radio Disc Jockey
27-3011.00,Broadcast Announcers and Radio Disc Jockeys,Broadcast Announcers & Radio Disc Jockeys
27-3011.00,Broadcast Announcers and Radio Disc Jockeys,Broadcast Announcers / Radio Disc Jockeys
27-3011.00,Broadcast Announcers and Radio Disc Jockeys,Category: Marketing & Communications
27-3011.00,Broadcast Announcers and Radio Disc Jockeys,Marketing and Communications
27-3011.00,Broadcast Announcers and Radio Disc Jockeys,Marketing & Communications
27-3011.00,Broadcast Announcers and Radio Disc Jockeys,Marketing&Communications
27-3023.00,"News Analysts, Reporters, and Journalists",N.A.R.J.
27-3023.00,"News Analysts, Reporters, and Journalists",NARJ
27-3023.00,"News Analysts, Reporters, and Journalists","News Analysts, Reporters, and Journalist"
27-3023.00,"News Analysts, Reporters, and Journalists",News Analysts Reporters and Journalists
27-3023.00,"News Analysts, Reporters, and Journalists","News Analysts, Reporters, & Journalists"
27-3023.00,"News Analysts, Reporters, and Journalists","News Analysts, Reporters, / Journalists"
27-3023.00,"News Analysts, Reporters, and Journalists",Category: Marketing & Communications
27-3023.00,"News Analysts, Reporters, and Journalists",Marketing and Communications
27-3023.00,"News Analysts, Reporters, and Journalists",Marketing & Communications
27-3023.00,"News Analysts, Reporters, and Journalists",Marketing&Communications
27-3031.00,Public Relations Specialists,P.R.S.
27-3031.00,Public Relations Specialists,PRS
27-3031.00,Public Relations Specialists,Category: Marketing & Communications
27-3031.00,Public Relations Specialists,Marketing and Communications
27-3031.00,Public Relations Specialists,Public Relations Specialist
27-3031.00,Public Relations Specialists,Marketing & Communications
27-3031.00,Public Relations Specialists,Marketing&Communications
27-3031.00,Public Relations Specialists,Public Relations Specs
27-3031.00,Public Relations Specialists,Public Relations
27-3041.00,Editors,Category: Arts & Media
27-3041.00,Editors,Arts and Media
27-3041.00,Editors,Arts & Media
27-3041.00,Editors,Arts&Media
27-3041.00,Editors,Editor
27-3042.00,Technical Writers,T.W.
27-3042.00,Technical Writers,TW
27-3042.00,Technical Writers,Category: Arts & Media
27-3042.00,Technical Writers,Technical Writer
27-3042.00,Technical Writers,Arts and Media
27-3042.00,Technical Writers,Arts & Media
27-3042.00,Technical Writers,Arts&Media
27-3043.00,Writers and Authors,W.A.
27-3043.00,Writers and Authors,WA
27-3043.00,Writers and Authors,Category: Marketing & Communications
27-3043.00,Writers and Authors,Marketing and Communications
27-3043.00,Writers and Authors,Marketing & Communications
27-3043.00,Writers and Authors,Marketing&Communications
27-3043.00,Writers and Authors,Writers and Author
27-3043.00,Writers and Authors,Writers & Authors
27-3043.00,Writers and Authors,Writers / Authors
27-3043.05,"Poets, Lyricists and Creative Writers",P.L.C.W.
27-3043.05,"Poets, Lyricists and Creative Writers",PLCW
27-3043.05,"Poets, Lyricists and Creative Writers",Poets Lyricists and Creative Writers
27-3043.05,"Poets, Lyricists and Creative Writers","Poets, Lyricists and Creative Writer"
27-3043.05,"Poets, Lyricists and Creative Writers","Poets, Lyricists & Creative Writers"
27-3043.05,"Poets, Lyricists and Creative Writers","Poets, Lyricists / Creative Writers"
27-3043.05,"Poets, Lyricists and Creative Writers",Category: Arts & Media
27-3043.05,"Poets, Lyricists and Creative Writers",Arts and Media
27-3043.05,"Poets, Lyricists and Creative Writers",Arts & Media
27-3043.05,"Poets, Lyricists and Creative Writers",Arts&Media
27-3091.00,Interpreters and Translators,I.T.
27-3091.00,Interpreters and Translators,IT
27-3091.00,Interpreters and Translators,Interpreters and Translator
27-3091.00,Interpreters and Translators,Interpreters & Translators
27-3091.00,Interpreters and Translators,Interpreters / Translators
27-3091.00,Interpreters and Translators,Category: Other
27-3091.00,Interpreters and Translators,Other
27-3092.00,Court Reporters and Simultaneous Captioners,C.R.S.C.
27-3092.00,Court Reporters and Simultaneous Captioners,CRSC
27-3092.00,Court Reporters and Simultaneous Captioners,Court Reporters and Simultaneous Captioner
27-3092.00,Court Reporters and Simultaneous Captioners,Court Reporters & Simultaneous Captioners
27-3092.00,Court Reporters and Simultaneous Captioners,Court Reporters / Simultaneous Captioners
27-3092.00,Court Reporters and Simultaneous Captioners,Category: Legal & Government
27-3092.00,Court Reporters and Simultaneous Captioners,Legal and Government
27-3092.00,Court Reporters and Simultaneous Captioners,Legal & Government
27-3092.00,Court Reporters and Simultaneous Captioners,Legal&Government
27-3099.00,"Media and Communication Workers, All Other",M.C.W.A.O.
27-3099.00,"Media and Communication Workers, All Other",MCWAO
27-3099.00,"Media and Communication Workers, All Other","Media and Communication Workers, All Others"
27-3099.00,"Media and Communication Workers, All Other",Media and Communication Workers All Other
27-3099.00,"Media and Communication Workers, All Other","Media & Communication Workers, All Other"
27-3099.00,"Media and Communication Workers, All Other","Media / Communication Workers, All Other"
27-3099.00,"Media and Communication Workers, All Other",Category: Other
27-3099.00,"Media and Communication Workers, All Other",Other
27-4011.00,Audio and Video Technicians,A.V.T.
27-4011.00,Audio and Video Technicians,AVT
27-4011.00,Audio and Video Technicians,Category: Hospitality & Food
27-4011.00,Audio and Video Technicians,Audio and Video Technician
27-4011.00,Audio and Video Technicians,Audio & Video Technicians
27-4011.00,Audio and Video Technicians,Audio / Video Technicians
27-4011.00,Audio and Video Technicians,Audio and Video Techs
27-4011.00,Audio and Video Technicians,Hospitality and Food
27-4011.00,Audio and Video Technicians,Hospitality & Food
27-4011.00,Audio and Video Technicians,Hospitality&Food
27-4011.00,Audio and Video Technicians,Audio and Video
27-4012.00,Broadcast Technicians,B.T.
27-4012.00,Broadcast Technicians,BT
27-4012.00,Broadcast Technicians,Category: Arts & Media
27-4012.00,Broadcast Technicians,Broadcast Technician
27-4012.00,Broadcast Technicians,Broadcast Techs
27-4012.00,Broadcast Technicians,Arts and Media
27-4012.00,Broadcast Technicians,Arts & Media
27-4012.00,Broadcast Technicians,Arts&Media
27-4012.00,Broadcast Technicians,Broadcast
27-4014.00,Sound Engineering Technicians,S.E.T.
27-4014.00,Sound Engineering Technicians,SET
27-4014.00,Sound Engineering Technicians,Sound Engineering Technician
27-4014.00,Sound Engineering Technicians,Sound Engineering Techs
27-4014.00,Sound Engineering Technicians,Category: Engineering
27-4014.00,Sound Engineering Technicians,Sound Engineering
27-4014.00,Sound Engineering Technicians,Engineering
27-4015.00,Lighting Technicians,L.T.
27-4015.00,Lighting Technicians,LT
27-4015.00,Lighting Technicians,Category: Engineering
27-4015.00,Lighting Technicians,Lighting Technician
27-4015.00,Lighting Technicians,Lighting Techs
27-4015.00,Lighting Technicians,Engineering
27-4015.00,Lighting Technicians,Lighting
27-4021.00,Photographers,Category: Information Technology
27-4021.00,Photographers,Information Technology
27-4021.00,Photographers,InformationTechnology
27-4021.00,Photographers,Photographer
27-4031.00,"Camera Operators, Television, Video, and Film",C.O.T.V.F.
27-4031.00,"Camera Operators, Television, Video, and Film",COTVF
27-4031.00,"Camera Operators, Television, Video, and Film","Camera Operators, Television, Video, and Films"
27-4031.00,"Camera Operators, Television, Video, and Film","Camera Operators, Television, Video, & Film"
27-4031.00,"Camera Operators, Television, Video, and Film","Camera Operators, Television, Video, / Film"
27-4031.00,"Camera Operators, Television, Video, and Film",Camera Operators Television Video and Film
27-4031.00,"Camera Operators, Television, Video, and Film",Category: Manufacturing
27-4031.00,"Camera Operators, Television, Video, and Film",Manufacturing
27-4032.00,Film and Video Editors,F.V.E.
27-4032.00,Film and Video Editors,FVE
27-4032.00,Film and Video Editors,Category: Manufacturing
27-4032.00,Film and Video Editors,Film and Video Editor
27-4032.00,Film and Video Editors,Film & Video Editors
27-4032.00,Film and Video Editors,Film / Video Editors
27-4032.00,Film and Video Editors,Manufacturing
27-4099.00,"Media and Communication Equipment Workers, All Other","Media and Communication Equipment Workers, All Others"
27-4099.00,"Media and Communication Equipment Workers, All Other",Media and Communication Equipment Workers All Other
27-4099.00,"Media and Communication Equipment Workers, All Other","Media & Communication Equipment Workers, All Other"
27-4099.00,"Media and Communication Equipment Workers, All Other","Media / Communication Equipment Workers, All Other"
27-4099.00,"Media and Communication Equipment Workers, All Other",Category: Other
27-4099.00,"Media and Communication Equipment Workers, All Other",Other
29-1011.00,Chiropractors,Category: Healthcare
29-1011.00,Chiropractors,Chiropractor
29-1011.00,Chiropractors,Healthcare
29-1021.00,"Dentists, General",D.G.
29-1021.00,"Dentists, General",DG
29-1021.00,"Dentists, General",Category: Healthcare
29-1021.00,"Dentists, General","Dentists, Generals"
29-1021.00,"Dentists, General",Dentists General
29-1021.00,"Dentists, General",Healthcare
29-1022.00,Oral and Maxillofacial Surgeons,O.M.S.
29-1022.00,Oral and Maxillofacial Surgeons,OMS
29-1022.00,Oral and Maxillofacial Surgeons,Oral and Maxillofacial Surgeon
29-1022.00,Oral and Maxillofacial Surgeons,Oral & Maxillofacial Surgeons
29-1022.00,Oral and Maxillofacial Surgeons,Oral / Maxillofacial Surgeons
29-1022.00,Oral and Maxillofacial Surgeons,Category: Other
29-1022.00,Oral and Maxillofacial Surgeons,Other
29-1023.00,Orthodontists,Category: Healthcare
29-1023.00,Orthodontists,Orthodontist
29-1023.00,Orthodontists,Healthcare
29-1024.00,Prosthodontists,Category: Healthcare
29-1024.00,Prosthodontists,Prosthodontist
29-1024.00,Prosthodontists,Healthcare
29-1029.00,"Dentists, All Other Specialists",D.A.O.S.
29-1029.00,"Dentists, All Other Specialists",DAOS
29-1029.00,"Dentists, All Other Specialists",Dentists All Other Specialists
29-1029.00,"Dentists, All Other Specialists","Dentists, All Other Specialist"
29-1029.00,"Dentists, All Other Specialists","Dentists, All Other Specs"
29-1029.00,"Dentists, All Other Specialists","Dentists, All Other"
29-1029.00,"Dentists, All Other Specialists",Category: Other
29-1029.00,"Dentists, All Other Specialists",Other
29-1031.00,Dietitians and Nutritionists,D.N.
29-1031.00,Dietitians and Nutritionists,DN
29-1031.00,Dietitians and Nutritionists,Dietitians and Nutritionist
29-1031.00,Dietitians and Nutritionists,Dietitians & Nutritionists
29-1031.00,Dietitians and Nutritionists,Dietitians / Nutritionists
29-1031.00,Dietitians and Nutritionists,Category: Healthcare
29-1031.00,Dietitians and Nutritionists,Healthcare
29-1041.00,Optometrists,Category: Healthcare
29-1041.00,Optometrists,Optometrist
29-1041.00,Optometrists,Healthcare
29-1051.00,Pharmacists,Category: Healthcare
29-1051.00,Pharmacists,Healthcare
29-1051.00,Pharmacists,Pharmacist
29-1071.00,Physician Assistants,P.A.
29-1071.00,Physician Assistants,PA
29-1071.00,Physician Assistants,Category: Healthcare
29-1071.00,Physician Assistants,Physician Assistant
29-1071.00,Physician Assistants,Physician Assts
29-1071.00,Physician Assistants,Healthcare
29-1071.00,Physician Assistants,Physician
29-1071.01,Anesthesiologist Assistants,A.A.
29-1071.01,Anesthesiologist Assistants,AA
29-1071.01,Anesthesiologist Assistants,Anesthesiologist Assistant
29-1071.01,Anesthesiologist Assistants,Anesthesiologist Assts
29-1071.01,Anesthesiologist Assistants,Category: Healthcare
29-1071.01,Anesthesiologist Assistants,Anesthesiologist
29-1071.01,Anesthesiologist Assistants,Healthcare
29-1081.00,Podiatrists,Category: Other
29-1081.00,Podiatrists,Podiatrist
29-1081.00,Podiatrists,Other
29-1122.00,Occupational Therapists,O.T.
29-1122.00,Occupational Therapists,OT
29-1122.00,Occupational Therapists,Occupational Therapist
29-1122.00,Occupational Therapists,Category: Healthcare
29-1122.00,Occupational Therapists,Healthcare
29-1122.01,"Low Vision Therapists, Orientation and Mobility Specialists, and Vision Rehabilitation Therapists","Low Vision Therapists, Orientation and Mobility Specialists, and Vision Rehabilitation Therapist"
29-1122.01,"Low Vision Therapists, Orientation and Mobility Specialists, and Vision Rehabilitation Therapists",Low Vision Therapists Orientation and Mobility Specialists and Vision Rehabilitation Therapists
29-1122.01,"Low Vision Therapists, Orientation and Mobility Specialists, and Vision Rehabilitation Therapists","Low Vision Therapists, Orientation & Mobility Specialists, & Vision Rehabilitation Therapists"
29-1122.01,"Low Vision Therapists, Orientation and Mobility Specialists, and Vision Rehabilitation Therapists","Low Vision Therapists, Orientation / Mobility Specialists, / Vision Rehabilitation Therapists"
29-1122.01,"Low Vision Therapists, Orientation and Mobility Specialists, and Vision Rehabilitation Therapists","Low Vision Therapists, Orientation and Mobility Specs and Vision Rehabilitation Therapists"
29-1122.01,"Low Vision Therapists, Orientation and Mobility Specialists, and Vision Rehabilitation Therapists",Category: Healthcare
29-1122.01,"Low Vision Therapists, Orientation and Mobility Specialists, and Vision Rehabilitation Therapists",Healthcare
29-1123.00,Physical Therapists,P.T.
29-1123.00,Physical Therapists,PT
29-1123.00,Physical Therapists,Category: Healthcare
29-1123.00,Physical Therapists,Physical Therapist
29-1123.00,Physical Therapists,Healthcare
29-1124.00,Radiation Therapists,R.T.
29-1124.00,Radiation Therapists,RT
29-1124.00,Radiation Therapists,Category: Healthcare
29-1124.00,Radiation Therapists,Radiation Therapist
29-1124.00,Radiation Therapists,Healthcare
29-1125.00,Recreational Therapists,R.T.
29-1125.00,Recreational Therapists,RT
29-1125.00,Recreational Therapists,Recreational Therapist
29-1125.00,Recreational Therapists,Category: Healthcare
29-1125.00,Recreational Therapists,Healthcare
29-1126.00,Respiratory Therapists,R.T.
29-1126.00,Respiratory Therapists,RT
29-1126.00,Respiratory Therapists,Respiratory Therapist
29-1126.00,Respiratory Therapists,Category: Healthcare
29-1126.00,Respiratory Therapists,Healthcare
29-1127.00,Speech-Language Pathologists,S.L.P.
29-1127.00,Speech-Language Pathologists,SLP
29-1127.00,Speech-Language Pathologists,Category: Science & Research
29-1127.00,Speech-Language Pathologists,Speech-Language Pathologist
29-1127.00,Speech-Language Pathologists,Science and Research
29-1127.00,Speech-Language Pathologists,Science & Research
29-1127.00,Speech-Language Pathologists,Science&Research
29-1128.00,Exercise Physiologists,E.P.
29-1128.00,Exercise Physiologists,EP
29-1128.00,Exercise Physiologists,Category: Science & Research
29-1128.00,Exercise Physiologists,Exercise Physiologist
29-1128.00,Exercise Physiologists,Science and Research
29-1128.00,Exercise Physiologists,Science & Research
29-1128.00,Exercise Physiologists,Science&Research
29-1129.00,"Therapists, All Other",T.A.O.
29-1129.00,"Therapists, All Other",TAO
29-1129.00,"Therapists, All Other","Therapists, All Others"
29-1129.00,"Therapists, All Other",Category: Healthcare
29-1129.00,"Therapists, All Other",Therapists All Other
29-1129.00,"Therapists, All Other",Healthcare
29-1129.01,Art Therapists,A.T.
29-1129.01,Art Therapists,AT
29-1129.01,Art Therapists,Category: Healthcare
29-1129.01,Art Therapists,Art Therapist
29-1129.01,Art Therapists,Healthcare
29-1129.02,Music Therapists,M.T.
29-1129.02,Music Therapists,MT
29-1129.02,Music Therapists,Category: Healthcare
29-1129.02,Music Therapists,Music Therapist
29-1129.02,Music Therapists,Healthcare
29-1131.00,Veterinarians,Category: Science & Research
29-1131.00,Veterinarians,Science and Research
29-1131.00,Veterinarians,Science & Research
29-1131.00,Veterinarians,Science&Research
29-1131.00,Veterinarians,Veterinarian
29-1141.00,Registered Nurses,R.N.
29-1141.00,Registered Nurses,RN
29-1141.00,Registered Nurses,Category: Healthcare
29-1141.00,Registered Nurses,Registered Nurse
29-1141.00,Registered Nurses,Bedside Nurse
29-1141.00,Registered Nurses,Staff Nurse
29-1141.00,Registered Nurses,Healthcare
29-1141.01,Acute Care Nurses,A.C.N.
29-1141.01,Acute Care Nurses,ACN
29-1141.01,Acute Care Nurses,Category: Healthcare
29-1141.01,Acute Care Nurses,Acute Care Nurse
29-1141.01,Acute Care Nurses,Healthcare
29-1141.02,Advanced Practice Psychiatric Nurses,A.P.P.N.
29-1141.02,Advanced Practice Psychiatric Nurses,APPN
29-1141.02,Advanced Practice Psychiatric Nurses,Advanced Practice Psychiatric Nurse
29-1141.02,Advanced Practice Psychiatric Nurses,Category: Healthcare
29-1141.02,Advanced Practice Psychiatric Nurses,Healthcare
29-1141.03,Critical Care Nurses,C.C.N.
29-1141.03,Critical Care Nurses,CCN
29-1141.03,Critical Care Nurses,Category: Healthcare
29-1141.03,Critical Care Nurses,Critical Care Nurse
29-1141.03,Critical Care Nurses,Healthcare
29-1141.04,Clinical Nurse Specialists,C.N.S.
29-1141.04,Clinical Nurse Specialists,CNS
29-1141.04,Clinical Nurse Specialists,Clinical Nurse Specialist
29-1141.04,Clinical Nurse Specialists,Category: Healthcare
29-1141.04,Clinical Nurse Specialists,Clinical Nurse Specs
29-1141.04,Clinical Nurse Specialists,Clinical Nurse
29-1141.04,Clinical Nurse Specialists,Healthcare
29-1151.00,Nurse Anesthetists,N.A.
29-1151.00,Nurse Anesthetists,NA
29-1151.00,Nurse Anesthetists,Category: Healthcare
29-1151.00,Nurse Anesthetists,Nurse Anesthetist
29-1151.00,Nurse Anesthetists,Healthcare
29-1161.00,Nurse Midwives,N.M.
29-1161.00,Nurse Midwives,NM
29-1161.00,Nurse Midwives,Category: Healthcare
29-1161.00,Nurse Midwives,Nurse Midwive
29-1161.00,Nurse Midwives,Healthcare
29-1171.00,Nurse Practitioners,N.P.
29-1171.00,Nurse Practitioners,NP
29-1171.00,Nurse Practitioners,Category: Healthcare
29-1171.00,Nurse Practitioners,Nurse Practitioner
29-1171.00,Nurse Practitioners,Healthcare
29-1181.00,Audiologists,Category: Finance & Accounting
29-1181.00,Audiologists,Finance and Accounting
29-1181.00,Audiologists,Finance & Accounting
29-1181.00,Audiologists,Finance&Accounting
29-1181.00,Audiologists,Audiologist
29-1211.00,Anesthesiologists,Category: Business & Management
29-1211.00,Anesthesiologists,Business and Management
29-1211.00,Anesthesiologists,Business & Management
29-1211.00,Anesthesiologists,Business&Management
29-1211.00,Anesthesiologists,Anesthesiologist
29-1212.00,Cardiologists,Category: Other
29-1212.00,Cardiologists,Cardiologist
29-1212.00,Cardiologists,Other
29-1213.00,Dermatologists,Category: Healthcare
29-1213.00,Dermatologists,Dermatologist
29-1213.00,Dermatologists,Healthcare
29-1214.00,Emergency Medicine Physicians,E.M.P.
29-1214.00,Emergency Medicine Physicians,EMP
29-1214.00,Emergency Medicine Physicians,Emergency Medicine Physician
29-1214.00,Emergency Medicine Physicians,Category: Healthcare
29-1214.00,Emergency Medicine Physicians,Healthcare
29-1215.00,Family Medicine Physicians,F.M.P.
29-1215.00,Family Medicine Physicians,FMP
29-1215.00,Family Medicine Physicians,Family Medicine Physician
29-1215.00,Family Medicine Physicians,Category: Healthcare
29-1215.00,Family Medicine Physicians,Healthcare
29-1216.00,General Internal Medicine Physicians,G.I.M.P.
29-1216.00,General Internal Medicine Physicians,GIMP
29-1216.00,General Internal Medicine Physicians,General Internal Medicine Physician
29-1216.00,General Internal Medicine Physicians,Category: Healthcare
29-1216.00,General Internal Medicine Physicians,Healthcare
29-1217.00,Neurologists,Category: Other
29-1217.00,Neurologists,Neurologist
29-1217.00,Neurologists,Other
29-1218.00,Obstetricians and Gynecologists,O.G.
29-1218.00,Obstetricians and Gynecologists,OG
29-1218.00,Obstetricians and Gynecologists,Obstetricians and Gynecologist
29-1218.00,Obstetricians and Gynecologists,Obstetricians & Gynecologists
29-1218.00,Obstetricians and Gynecologists,Obstetricians / Gynecologists
29-1218.00,Obstetricians and Gynecologists,Category: Healthcare
29-1218.00,Obstetricians and Gynecologists,Healthcare
29-1221.00,"Pediatricians, General",P.G.
29-1221.00,"Pediatricians, General",PG
29-1221.00,"Pediatricians, General","Pediatricians, Generals"
29-1221.00,"Pediatricians, General",Pediatricians General
29-1221.00,"Pediatricians, General",Category: Healthcare
29-1221.00,"Pediatricians, General",Healthcare
29-1222.00,"Physicians, Pathologists",P.P.
29-1222.00,"Physicians, Pathologists",PP
29-1222.00,"Physicians, Pathologists",Physicians Pathologists
29-1222.00,"Physicians, Pathologists","Physicians, Pathologist"
29-1222.00,"Physicians, Pathologists",Category: Healthcare
29-1222.00,"Physicians, Pathologists",Healthcare
29-1223.00,Psychiatrists,Category: Other
29-1223.00,Psychiatrists,Psychiatrist
29-1223.00,Psychiatrists,Other
29-1224.00,Radiologists,Category: Healthcare
29-1224.00,Radiologists,Radiologist
29-1224.00,Radiologists,Healthcare
29-1229.00,"Physicians, All Other",P.A.O.
29-1229.00,"Physicians, All Other",PAO
29-1229.00,"Physicians, All Other","Physicians, All Others"
29-1229.00,"Physicians, All Other",Category: Healthcare
29-1229.00,"Physicians, All Other",Physicians All Other
29-1229.00,"Physicians, All Other",Healthcare
29-1229.01,Allergists and Immunologists,A.I.
29-1229.01,Allergists and Immunologists,AI
29-1229.01,Allergists and Immunologists,Allergists and Immunologist
29-1229.01,Allergists and Immunologists,Allergists & Immunologists
29-1229.01,Allergists and Immunologists,Allergists / Immunologists
29-1229.01,Allergists and Immunologists,Category: Other
29-1229.01,Allergists and Immunologists,Other
29-1229.02,Hospitalists,Category: Healthcare
29-1229.02,Hospitalists,Hospitalist
29-1229.02,Hospitalists,Healthcare
29-1229.03,Urologists,Category: Healthcare
29-1229.03,Urologists,Healthcare
29-1229.03,Urologists,Urologist
29-1229.04,Physical Medicine and Rehabilitation Physicians,P.M.R.P.
29-1229.04,Physical Medicine and Rehabilitation Physicians,PMRP
29-1229.04,Physical Medicine and Rehabilitation Physicians,Physical Medicine and Rehabilitation Physician
29-1229.04,Physical Medicine and Rehabilitation Physicians,Physical Medicine & Rehabilitation Physicians
29-1229.04,Physical Medicine and Rehabilitation Physicians,Physical Medicine / Rehabilitation Physicians
29-1229.04,Physical Medicine and Rehabilitation Physicians,Category: Healthcare
29-1229.04,Physical Medicine and Rehabilitation Physicians,Healthcare
29-1229.05,Preventive Medicine Physicians,P.M.P.
29-1229.05,Preventive Medicine Physicians,PMP
29-1229.05,Preventive Medicine Physicians,Preventive Medicine Physician
29-1229.05,Preventive Medicine Physicians,Category: Healthcare
29-1229.05,Preventive Medicine Physicians,Healthcare
29-1229.06,Sports Medicine Physicians,S.M.P.
29-1229.06,Sports Medicine Physicians,SMP
29-1229.06,Sports Medicine Physicians,Sports Medicine Physician
29-1229.06,Sports Medicine Physicians,Category: Healthcare
29-1229.06,Sports Medicine Physicians,Healthcare
29-1241.00,"Ophthalmologists, Except Pediatric",O.E.P.
29-1241.00,"Ophthalmologists, Except Pediatric",OEP
29-1241.00,"Ophthalmologists, Except Pediatric","Ophthalmologists, Except Pediatrics"
29-1241.00,"Ophthalmologists, Except Pediatric",Ophthalmologists Except Pediatric
29-1241.00,"Ophthalmologists, Except Pediatric",Category: Other
29-1241.00,"Ophthalmologists, Except Pediatric",Other
29-1242.00,"Orthopedic Surgeons, Except Pediatric",O.S.E.P.
29-1242.00,"Orthopedic Surgeons, Except Pediatric",OSEP
29-1242.00,"Orthopedic Surgeons, Except Pediatric","Orthopedic Surgeons, Except Pediatrics"
29-1242.00,"Orthopedic Surgeons, Except Pediatric",Orthopedic Surgeons Except Pediatric
29-1242.00,"Orthopedic Surgeons, Except Pediatric",Category: Other
29-1242.00,"Orthopedic Surgeons, Except Pediatric",Other
29-1243.00,Pediatric Surgeons,P.S.
29-1243.00,Pediatric Surgeons,PS
29-1243.00,Pediatric Surgeons,Pediatric Surgeon
29-1243.00,Pediatric Surgeons,Category: Other
29-1243.00,Pediatric Surgeons,Other
29-1249.00,"Surgeons, All Other",S.A.O.
29-1249.00,"Surgeons, All Other",SAO
29-1249.00,"Surgeons, All Other","Surgeons, All Others"
29-1249.00,"Surgeons, All Other",Surgeons All Other
29-1249.00,"Surgeons, All Other",Category: Other
29-1249.00,"Surgeons, All Other",Other
29-1291.00,Acupuncturists,Category: Healthcare
29-1291.00,Acupuncturists,Acupuncturist
29-1291.00,Acupuncturists,Healthcare
29-1292.00,Dental Hygienists,D.H.
29-1292.00,Dental Hygienists,DH
29-1292.00,Dental Hygienists,Category: Healthcare
29-1292.00,Dental Hygienists,Dental Hygienist
29-1292.00,Dental Hygienists,Healthcare
29-1299.00,"Healthcare Diagnosing or Treating Practitioners, All Other","Healthcare Diagnosing or Treating Practitioners, All Others"
29-1299.00,"Healthcare Diagnosing or Treating Practitioners, All Other",Healthcare Diagnosing or Treating Practitioners All Other
29-1299.00,"Healthcare Diagnosing or Treating Practitioners, All Other",Category: Healthcare
29-1299.00,"Healthcare Diagnosing or Treating Practitioners, All Other",Healthcare
29-1299.01,Naturopathic Physicians,N.P.
29-1299.01,Naturopathic Physicians,NP
29-1299.01,Naturopathic Physicians,Naturopathic Physician
29-1299.01,Naturopathic Physicians,Category: Healthcare
29-1299.01,Naturopathic Physicians,Healthcare
29-1299.02,Orthoptists,Category: Other
29-1299.02,Orthoptists,Orthoptist
29-1299.02,Orthoptists,Other
29-2011.00,Medical and Clinical Laboratory Technologists,M.C.L.T.
29-2011.00,Medical and Clinical Laboratory Technologists,MCLT
29-2011.00,Medical and Clinical Laboratory Technologists,Medical and Clinical Laboratory Technologist
29-2011.00,Medical and Clinical Laboratory Technologists,Medical & Clinical Laboratory Technologists
29-2011.00,Medical and Clinical Laboratory Technologists,Medical / Clinical Laboratory Technologists
29-2011.00,Medical and Clinical Laboratory Technologists,Category: Healthcare
29-2011.00,Medical and Clinical Laboratory Technologists,Healthcare
29-2011.01,Cytogenetic Technologists,C.T.
29-2011.01,Cytogenetic Technologists,CT
29-2011.01,Cytogenetic Technologists,Category: Science & Research
29-2011.01,Cytogenetic Technologists,Cytogenetic Technologist
29-2011.01,Cytogenetic Technologists,Science and Research
29-2011.01,Cytogenetic Technologists,Science & Research
29-2011.01,Cytogenetic Technologists,Science&Research
29-2011.02,Cytotechnologists,Cytotechnologist
29-2011.02,Cytotechnologists,Category: Other
29-2011.02,Cytotechnologists,Other
29-2011.04,Histotechnologists,Category: Healthcare
29-2011.04,Histotechnologists,Histotechnologist
29-2011.04,Histotechnologists,Healthcare
29-2012.00,Medical and Clinical Laboratory Technicians,M.C.L.T.
29-2012.00,Medical and Clinical Laboratory Technicians,MCLT
29-2012.00,Medical and Clinical Laboratory Technicians,Medical and Clinical Laboratory Technician
29-2012.00,Medical and Clinical Laboratory Technicians,Medical & Clinical Laboratory Technicians
29-2012.00,Medical and Clinical Laboratory Technicians,Medical / Clinical Laboratory Technicians
29-2012.00,Medical and Clinical Laboratory Technicians,Medical and Clinical Laboratory Techs
29-2012.00,Medical and Clinical Laboratory Technicians,Medical and Clinical Laboratory
29-2012.00,Medical and Clinical Laboratory Technicians,Category: Healthcare
29-2012.00,Medical and Clinical Laboratory Technicians,Healthcare
29-2012.01,Histology Technicians,H.T.
29-2012.01,Histology Technicians,HT
29-2012.01,Histology Technicians,Category: Science & Research
29-2012.01,Histology Technicians,Histology Technician
29-2012.01,Histology Technicians,Science and Research
29-2012.01,Histology Technicians,Science & Research
29-2012.01,Histology Technicians,Science&Research
29-2012.01,Histology Technicians,Histology Techs
29-2012.01,Histology Technicians,Histology
29-2031.00,Cardiovascular Technologists and Technicians,C.T.T.
29-2031.00,Cardiovascular Technologists and Technicians,CTT
29-2031.00,Cardiovascular Technologists and Technicians,Cardiovascular Technologists and Technician
29-2031.00,Cardiovascular Technologists and Technicians,Cardiovascular Technologists & Technicians
29-2031.00,Cardiovascular Technologists and Technicians,Cardiovascular Technologists / Technicians
29-2031.00,Cardiovascular Technologists and Technicians,Cardiovascular Technologists and Techs
29-2031.00,Cardiovascular Technologists and Technicians,Cardiovascular Technologists and
29-2031.00,Cardiovascular Technologists and Technicians,Category: Healthcare
29-2031.00,Cardiovascular Technologists and Technicians,Healthcare
29-2032.00,Diagnostic Medical Sonographers,D.M.S.
29-2032.00,Diagnostic Medical Sonographers,DMS
29-2032.00,Diagnostic Medical Sonographers,Diagnostic Medical Sonographer
29-2032.00,Diagnostic Medical Sonographers,Category: Healthcare
29-2032.00,Diagnostic Medical Sonographers,Healthcare
29-2033.00,Nuclear Medicine Technologists,N.M.T.
29-2033.00,Nuclear Medicine Technologists,NMT
29-2033.00,Nuclear Medicine Technologists,Nuclear Medicine Technologist
29-2033.00,Nuclear Medicine Technologists,Category: Healthcare
29-2033.00,Nuclear Medicine Technologists,Healthcare
29-2034.00,Radiologic Technologists and Technicians,R.T.T.
29-2034.00,Radiologic Technologists and Technicians,RTT
29-2034.00,Radiologic Technologists and Technicians,Radiologic Technologists and Technician
29-2034.00,Radiologic Technologists and Technicians,Radiologic Technologists & Technicians
29-2034.00,Radiologic Technologists and Technicians,Radiologic Technologists / Technicians
29-2034.00,Radiologic Technologists and Technicians,Radiologic Technologists and Techs
29-2034.00,Radiologic Technologists and Technicians,Radiologic Technologists and
29-2034.00,Radiologic Technologists and Technicians,Category: Healthcare
29-2034.00,Radiologic Technologists and Technicians,Healthcare
29-2035.00,Magnetic Resonance Imaging Technologists,M.R.I.T.
29-2035.00,Magnetic Resonance Imaging Technologists,MRIT
29-2035.00,Magnetic Resonance Imaging Technologists,Magnetic Resonance Imaging Technologist
29-2035.00,Magnetic Resonance Imaging Technologists,Category: Healthcare
29-2035.00,Magnetic Resonance Imaging Technologists,Healthcare
29-2036.00,Medical Dosimetrists,M.D.
29-2036.00,Medical Dosimetrists,MD
29-2036.00,Medical Dosimetrists,Category: Healthcare
29-2036.00,Medical Dosimetrists,Medical Dosimetrist
29-2036.00,Medical Dosimetrists,Healthcare
29-2042.00,Emergency Medical Technicians,E.M.T.
29-2042.00,Emergency Medical Technicians,EMT
29-2042.00,Emergency Medical Technicians,Emergency Medical Technician
29-2042.00,Emergency Medical Technicians,Emergency Medical Techs
29-2042.00,Emergency Medical Technicians,Category: Healthcare
29-2042.00,Emergency Medical Technicians,Emergency Medical
29-2042.00,Emergency Medical Technicians,Healthcare
29-2043.00,Paramedics,Category: Healthcare
29-2043.00,Paramedics,Healthcare
29-2043.00,Paramedics,Paramedic
29-2051.00,Dietetic Technicians,D.T.
29-2051.00,Dietetic Technicians,DT
29-2051.00,Dietetic Technicians,Category: Hospitality & Food
29-2051.00,Dietetic Technicians,Hospitality and Food
29-2051.00,Dietetic Technicians,Dietetic Technician
29-2051.00,Dietetic Technicians,Hospitality & Food
29-2051.00,Dietetic Technicians,Hospitality&Food
29-2051.00,Dietetic Technicians,Dietetic Techs
29-2051.00,Dietetic Technicians,Dietetic
29-2052.00,Pharmacy Technicians,P.T.
29-2052.00,Pharmacy Technicians,PT
29-2052.00,Pharmacy Technicians,Category: Healthcare
29-2052.00,Pharmacy Technicians,Pharmacy Technician
29-2052.00,Pharmacy Technicians,Pharmacy Techs
29-2052.00,Pharmacy Technicians,Healthcare
29-2052.00,Pharmacy Technicians,Pharmacy
29-2053.00,Psychiatric Technicians,P.T.
29-2053.00,Psychiatric Technicians,PT
29-2053.00,Psychiatric Technicians,Psychiatric Technician
29-2053.00,Psychiatric Technicians,Category: Healthcare
29-2053.00,Psychiatric Technicians,Psychiatric Techs
29-2053.00,Psychiatric Technicians,Psychiatric
29-2053.00,Psychiatric Technicians,Healthcare
29-2055.00,Surgical Technologists,S.T.
29-2055.00,Surgical Technologists,ST
29-2055.00,Surgical Technologists,Surgical Technologist
29-2055.00,Surgical Technologists,Category: Healthcare
29-2055.00,Surgical Technologists,Healthcare
29-2056.00,Veterinary Technologists and Technicians,V.T.T.
29-2056.00,Veterinary Technologists and Technicians,VTT
29-2056.00,Veterinary Technologists and Technicians,Veterinary Technologists and Technician
29-2056.00,Veterinary Technologists and Technicians,Veterinary Technologists & Technicians
29-2056.00,Veterinary Technologists and Technicians,Veterinary Technologists / Technicians
29-2056.00,Veterinary Technologists and Technicians,Veterinary Technologists and Techs
29-2056.00,Veterinary Technologists and Technicians,Veterinary Technologists and
29-2056.00,Veterinary Technologists and Technicians,Category: Healthcare
29-2056.00,Veterinary Technologists and Technicians,Healthcare
29-2057.00,Ophthalmic Medical Technicians,O.M.T.
29-2057.00,Ophthalmic Medical Technicians,OMT
29-2057.00,Ophthalmic Medical Technicians,Ophthalmic Medical Technician
29-2057.00,Ophthalmic Medical Technicians,Ophthalmic Medical Techs
29-2057.00,Ophthalmic Medical Technicians,Category: Healthcare
29-2057.00,Ophthalmic Medical Technicians,Ophthalmic Medical
29-2057.00,Ophthalmic Medical Technicians,Healthcare
29-2061.00,Licensed Practical and Licensed Vocational Nurses,L.P.L.V.N.
29-2061.00,Licensed Practical and Licensed Vocational Nurses,LPLVN
29-2061.00,Licensed Practical and Licensed Vocational Nurses,Licensed Practical and Licensed Vocational Nurse
29-2061.00,Licensed Practical and Licensed Vocational Nurses,Licensed Practical & Licensed Vocational Nurses
29-2061.00,Licensed Practical and Licensed Vocational Nurses,Licensed Practical / Licensed Vocational Nurses
29-2061.00,Licensed Practical and Licensed Vocational Nurses,Category: Healthcare
29-2061.00,Licensed Practical and Licensed Vocational Nurses,Healthcare
29-2072.00,Medical Records Specialists,M.R.S.
29-2072.00,Medical Records Specialists,MRS
29-2072.00,Medical Records Specialists,Medical Records Specialist
29-2072.00,Medical Records Specialists,Medical Records Specs
29-2072.00,Medical Records Specialists,Category: Healthcare
29-2072.00,Medical Records Specialists,Medical Records
29-2072.00,Medical Records Specialists,Healthcare
29-2081.00,"Opticians, Dispensing",O.D.
29-2081.00,"Opticians, Dispensing",OD
29-2081.00,"Opticians, Dispensing",Category: Science & Research
29-2081.00,"Opticians, Dispensing","Opticians, Dispensings"
29-2081.00,"Opticians, Dispensing",Opticians Dispensing
29-2081.00,"Opticians, Dispensing",Science and Research
29-2081.00,"Opticians, Dispensing",Science & Research
29-2081.00,"Opticians, Dispensing",Science&Research
29-2091.00,Orthotists and Prosthetists,O.P.
29-2091.00,Orthotists and Prosthetists,OP
29-2091.00,Orthotists and Prosthetists,Orthotists and Prosthetist
29-2091.00,Orthotists and Prosthetists,Orthotists & Prosthetists
29-2091.00,Orthotists and Prosthetists,Orthotists / Prosthetists
29-2091.00,Orthotists and Prosthetists,Category: Healthcare
29-2091.00,Orthotists and Prosthetists,Healthcare
29-2092.00,Hearing Aid Specialists,H.A.S.
29-2092.00,Hearing Aid Specialists,HAS
29-2092.00,Hearing Aid Specialists,Hearing Aid Specialist
29-2092.00,Hearing Aid Specialists,Hearing Aid Specs
29-2092.00,Hearing Aid Specialists,Category: Other
29-2092.00,Hearing Aid Specialists,Hearing Aid
29-2092.00,Hearing Aid Specialists,Other
29-2099.00,"Health Technologists and Technicians, All Other",H.T.T.A.O.
29-2099.00,"Health Technologists and Technicians, All Other",HTTAO
29-2099.00,"Health Technologists and Technicians, All Other","Health Technologists and Technicians, All Others"
29-2099.00,"Health Technologists and Technicians, All Other",Health Technologists and Technicians All Other
29-2099.00,"Health Technologists and Technicians, All Other","Health Technologists & Technicians, All Other"
29-2099.00,"Health Technologists and Technicians, All Other","Health Technologists / Technicians, All Other"
29-2099.00,"Health Technologists and Technicians, All Other",Health Technologists and Techs All Other
29-2099.00,"Health Technologists and Technicians, All Other",Category: Healthcare
29-2099.00,"Health Technologists and Technicians, All Other",Healthcare
29-2099.01,Neurodiagnostic Technologists,N.T.
29-2099.01,Neurodiagnostic Technologists,NT
29-2099.01,Neurodiagnostic Technologists,Neurodiagnostic Technologist
29-2099.01,Neurodiagnostic Technologists,Category: Other
29-2099.01,Neurodiagnostic Technologists,Other
29-2099.05,Ophthalmic Medical Technologists,O.M.T.
29-2099.05,Ophthalmic Medical Technologists,OMT
29-2099.05,Ophthalmic Medical Technologists,Ophthalmic Medical Technologist
29-2099.05,Ophthalmic Medical Technologists,Category: Healthcare
29-2099.05,Ophthalmic Medical Technologists,Healthcare
29-2099.08,Patient Representatives,P.R.
29-2099.08,Patient Representatives,PR
29-2099.08,Patient Representatives,Patient Representative
29-2099.08,Patient Representatives,Category: Healthcare
29-2099.08,Patient Representatives,Patient Reps
29-2099.08,Patient Representatives,Healthcare
29-2099.08,Patient Representatives,Patient
29-9021.00,Health Information Technologists and Medical Registrars,H.I.T.M.R.
29-9021.00,Health Information Technologists and Medical Registrars,HITMR
29-9021.00,Health Information Technologists and Medical Registrars,Health Information Technologists and Medical Registrar
29-9021.00,Health Information Technologists and Medical Registrars,Health Information Technologists & Medical Registrars
29-9021.00,Health Information Technologists and Medical Registrars,Health Information Technologists / Medical Registrars
29-9021.00,Health Information Technologists and Medical Registrars,Category: Information Technology
29-9021.00,Health Information Technologists and Medical Registrars,Information Technology
29-9021.00,Health Information Technologists and Medical Registrars,InformationTechnology
29-9091.00,Athletic Trainers,A.T.
29-9091.00,Athletic Trainers,AT
29-9091.00,Athletic Trainers,Category: Healthcare
29-9091.00,Athletic Trainers,Athletic Trainer
29-9091.00,Athletic Trainers,Healthcare
29-9092.00,Genetic Counselors,G.C.
29-9092.00,Genetic Counselors,GC
29-9092.00,Genetic Counselors,Category: Healthcare
29-9092.00,Genetic Counselors,Genetic Counselor
29-9092.00,Genetic Counselors,Healthcare
29-9093.00,Surgical Assistants,S.A.
29-9093.00,Surgical Assistants,SA
29-9093.00,Surgical Assistants,Category: Legal & Government
29-9093.00,Surgical Assistants,Legal and Government
29-9093.00,Surgical Assistants,Legal & Government
29-9093.00,Surgical Assistants,Surgical Assistant
29-9093.00,Surgical Assistants,Legal&Government
29-9093.00,Surgical Assistants,Surgical Assts
29-9093.00,Surgical Assistants,Surgical
29-9099.00,"Healthcare Practitioners and Technical Workers, All Other","Healthcare Practitioners and Technical Workers, All Others"
29-9099.00,"Healthcare Practitioners and Technical Workers, All Other",Healthcare Practitioners and Technical Workers All Other
29-9099.00,"Healthcare Practitioners and Technical Workers, All Other","Healthcare Practitioners & Technical Workers, All Other"
29-9099.00,"Healthcare Practitioners and Technical Workers, All Other","Healthcare Practitioners / Technical Workers, All Other"
29-9099.00,"Healthcare Practitioners and Technical Workers, All Other",Category: Healthcare
29-9099.00,"Healthcare Practitioners and Technical Workers, All Other",Healthcare
29-9099.01,Midwives,Category: Other
29-9099.01,Midwives,Midwive
29-9099.01,Midwives,Other
31-1121.00,Home Health Aides,H.H.A.
31-1121.00,Home Health Aides,HHA
31-1121.00,Home Health Aides,Category: Healthcare
31-1121.00,Home Health Aides,Home Health Aide
31-1121.00,Home Health Aides,Healthcare
31-1122.00,Personal Care Aides,P.C.A.
31-1122.00,Personal Care Aides,PCA
31-1122.00,Personal Care Aides,Personal Care Aide
31-1122.00,Personal Care Aides,Category: Other
31-1122.00,Personal Care Aides,Other
31-1131.00,Nursing Assistants,N.A.
31-1131.00,Nursing Assistants,NA
31-1131.00,Nursing Assistants,Category: Healthcare
31-1131.00,Nursing Assistants,Nursing Assistant
31-1131.00,Nursing Assistants,Nursing Assts
31-1131.00,Nursing Assistants,Healthcare
31-1131.00,Nursing Assistants,Nursing
31-1132.00,Orderlies,Category: Healthcare
31-1132.00,Orderlies,Healthcare
31-1132.00,Orderlies,Orderly
31-1133.00,Psychiatric Aides,P.A.
31-1133.00,Psychiatric Aides,PA
31-1133.00,Psychiatric Aides,Category: Healthcare
31-1133.00,Psychiatric Aides,Psychiatric Aide
31-1133.00,Psychiatric Aides,Healthcare
31-2011.00,Occupational Therapy Assistants,O.T.A.
31-2011.00,Occupational Therapy Assistants,OTA
31-2011.00,Occupational Therapy Assistants,Occupational Therapy Assistant
31-2011.00,Occupational Therapy Assistants,Occupational Therapy Assts
31-2011.00,Occupational Therapy Assistants,Category: Healthcare
31-2011.00,Occupational Therapy Assistants,Occupational Therapy
31-2011.00,Occupational Therapy Assistants,Healthcare
31-2012.00,Occupational Therapy Aides,O.T.A.
31-2012.00,Occupational Therapy Aides,OTA
31-2012.00,Occupational Therapy Aides,Occupational Therapy Aide
31-2012.00,Occupational Therapy Aides,Category: Healthcare
31-2012.00,Occupational Therapy Aides,Healthcare
31-2021.00,Physical Therapist Assistants,P.T.A.
31-2021.00,Physical Therapist Assistants,PTA
31-2021.00,Physical Therapist Assistants,Physical Therapist Assistant
31-2021.00,Physical Therapist Assistants,Physical Therapist Assts
31-2021.00,Physical Therapist Assistants,Category: Healthcare
31-2021.00,Physical Therapist Assistants,Physical Therapist
31-2021.00,Physical Therapist Assistants,Healthcare
31-2022.00,Physical Therapist Aides,P.T.A.
31-2022.00,Physical Therapist Aides,PTA
31-2022.00,Physical Therapist Aides,Physical Therapist Aide
31-2022.00,Physical Therapist Aides,Category: Healthcare
31-2022.00,Physical Therapist Aides,Healthcare
31-9011.00,Massage Therapists,M.T.
31-9011.00,Massage Therapists,MT
31-9011.00,Massage Therapists,Category: Healthcare
31-9011.00,Massage Therapists,Massage Therapist
31-9011.00,Massage Therapists,Healthcare
31-9091.00,Dental Assistants,D.A.
31-9091.00,Dental Assistants,DA
31-9091.00,Dental Assistants,Category: Healthcare
31-9091.00,Dental Assistants,Dental Assistant
31-9091.00,Dental Assistants,Dental Assts
31-9091.00,Dental Assistants,Healthcare
31-9091.00,Dental Assistants,Dental
31-9092.00,Medical Assistants,M.A.
31-9092.00,Medical Assistants,MA
31-9092.00,Medical Assistants,Category: Healthcare
31-9092.00,Medical Assistants,Medical Assistant
31-9092.00,Medical Assistants,Medical Assts
31-9092.00,Medical Assistants,Healthcare
31-9092.00,Medical Assistants,Medical
31-9093.00,Medical Equipment Preparers,M.E.P.
31-9093.00,Medical Equipment Preparers,MEP
31-9093.00,Medical Equipment Preparers,Medical Equipment Preparer
31-9093.00,Medical Equipment Preparers,Category: Healthcare
31-9093.00,Medical Equipment Preparers,Healthcare
31-9094.00,Medical Transcriptionists,M.T.
31-9094.00,Medical Transcriptionists,MT
31-9094.00,Medical Transcriptionists,Medical Transcriptionist
31-9094.00,Medical Transcriptionists,Category: Healthcare
31-9094.00,Medical Transcriptionists,Healthcare
31-9095.00,Pharmacy Aides,P.A.
31-9095.00,Pharmacy Aides,PA
31-9095.00,Pharmacy Aides,Category: Healthcare
31-9095.00,Pharmacy Aides,Pharmacy Aide
31-9095.00,Pharmacy Aides,Healthcare
31-9096.00,Veterinary Assistants and Laboratory Animal Caretakers,V.A.L.A.C.
31-9096.00,Veterinary Assistants and Laboratory Animal Caretakers,VALAC
31-9096.00,Veterinary Assistants and Laboratory Animal Caretakers,Veterinary Assistants and Laboratory Animal Caretaker
31-9096.00,Veterinary Assistants and Laboratory Animal Caretakers,Veterinary Assistants & Laboratory Animal Caretakers
31-9096.00,Veterinary Assistants and Laboratory Animal Caretakers,Veterinary Assistants / Laboratory Animal Caretakers
31-9096.00,Veterinary Assistants and Laboratory Animal Caretakers,Veterinary Assts and Laboratory Animal Caretakers
31-9096.00,Veterinary Assistants and Laboratory Animal Caretakers,Category: Healthcare
31-9096.00,Veterinary Assistants and Laboratory Animal Caretakers,Healthcare
31-9097.00,Phlebotomists,Category: Healthcare
31-9097.00,Phlebotomists,Phlebotomist
31-9097.00,Phlebotomists,Healthcare
31-9099.00,"Healthcare Support Workers, All Other",H.S.W.A.O.
31-9099.00,"Healthcare Support Workers, All Other",HSWAO
31-9099.00,"Healthcare Support Workers, All Other","Healthcare Support Workers, All Others"
31-9099.00,"Healthcare Support Workers, All Other",Healthcare Support Workers All Other
31-9099.00,"Healthcare Support Workers, All Other",Category: Healthcare
31-9099.00,"Healthcare Support Workers, All Other",Healthcare
31-9099.01,Speech-Language Pathology Assistants,S.L.P.A.
31-9099.01,Speech-Language Pathology Assistants,SLPA
31-9099.01,Speech-Language Pathology Assistants,Speech-Language Pathology Assistant
31-9099.01,Speech-Language Pathology Assistants,Speech-Language Pathology Assts
31-9099.01,Speech-Language Pathology Assistants,Speech-Language Pathology
31-9099.01,Speech-Language Pathology Assistants,Category: Other
31-9099.01,Speech-Language Pathology Assistants,Other
31-9099.02,Endoscopy Technicians,E.T.
31-9099.02,Endoscopy Technicians,ET
31-9099.02,Endoscopy Technicians,Category: Healthcare
31-9099.02,Endoscopy Technicians,Endoscopy Technician
31-9099.02,Endoscopy Technicians,Endoscopy Techs
31-9099.02,Endoscopy Technicians,Healthcare
31-9099.02,Endoscopy Technicians,Endoscopy
33-1011.00,First-Line Supervisors of Correctional Officers,F.L.S.C.O.
33-1011.00,First-Line Supervisors of Correctional Officers,FLSCO
33-1011.00,First-Line Supervisors of Correctional Officers,First-Line Supervisors of Correctional Officer
33-1011.00,First-Line Supervisors of Correctional Officers,First-Line Sups of Correctional Officers
33-1011.00,First-Line Supervisors of Correctional Officers,First-Line Supervisors of Correctional
33-1011.00,First-Line Supervisors of Correctional Officers,Category: Public Safety
33-1011.00,First-Line Supervisors of Correctional Officers,Public Safety
33-1011.00,First-Line Supervisors of Correctional Officers,PublicSafety
33-1012.00,First-Line Supervisors of Police and Detectives,F.L.S.P.D.
33-1012.00,First-Line Supervisors of Police and Detectives,FLSPD
33-1012.00,First-Line Supervisors of Police and Detectives,First-Line Supervisors of Police and Detective
33-1012.00,First-Line Supervisors of Police and Detectives,First-Line Supervisors of Police & Detectives
33-1012.00,First-Line Supervisors of Police and Detectives,First-Line Supervisors of Police / Detectives
33-1012.00,First-Line Supervisors of Police and Detectives,First-Line Sups of Police and Detectives
33-1012.00,First-Line Supervisors of Police and Detectives,Category: Public Safety
33-1012.00,First-Line Supervisors of Police and Detectives,Public Safety
33-1012.00,First-Line Supervisors of Police and Detectives,PublicSafety
33-1021.00,First-Line Supervisors of Firefighting and Prevention Workers,First-Line Supervisors of Firefighting and Prevention Worker
33-1021.00,First-Line Supervisors of Firefighting and Prevention Workers,First-Line Supervisors of Firefighting & Prevention Workers
33-1021.00,First-Line Supervisors of Firefighting and Prevention Workers,First-Line Supervisors of Firefighting / Prevention Workers
33-1021.00,First-Line Supervisors of Firefighting and Prevention Workers,First-Line Sups of Firefighting and Prevention Workers
33-1021.00,First-Line Supervisors of Firefighting and Prevention Workers,Category: Business & Management
33-1021.00,First-Line Supervisors of Firefighting and Prevention Workers,Business and Management
33-1021.00,First-Line Supervisors of Firefighting and Prevention Workers,Business & Management
33-1021.00,First-Line Supervisors of Firefighting and Prevention Workers,Business&Management
33-1091.00,First-Line Supervisors of Security Workers,F.L.S.S.W.
33-1091.00,First-Line Supervisors of Security Workers,FLSSW
33-1091.00,First-Line Supervisors of Security Workers,First-Line Supervisors of Security Worker
33-1091.00,First-Line Supervisors of Security Workers,First-Line Sups of Security Workers
33-1091.00,First-Line Supervisors of Security Workers,Category: Information Technology
33-1091.00,First-Line Supervisors of Security Workers,Information Technology
33-1091.00,First-Line Supervisors of Security Workers,InformationTechnology
33-1099.00,"First-Line Supervisors of Protective Service Workers, All Other","First-Line Supervisors of Protective Service Workers, All Others"
33-1099.00,"First-Line Supervisors of Protective Service Workers, All Other",First-Line Supervisors of Protective Service Workers All Other
33-1099.00,"First-Line Supervisors of Protective Service Workers, All Other","First-Line Sups of Protective Service Workers, All Other"
33-1099.00,"First-Line Supervisors of Protective Service Workers, All Other",Category: Business & Management
33-1099.00,"First-Line Supervisors of Protective Service Workers, All Other",Business and Management
33-1099.00,"First-Line Supervisors of Protective Service Workers, All Other",Business & Management
33-1099.00,"First-Line Supervisors of Protective Service Workers, All Other",Business&Management
33-2011.00,Firefighters,Category: Healthcare
33-2011.00,Firefighters,Firefighter
33-2011.00,Firefighters,Healthcare
33-2021.00,Fire Inspectors and Investigators,F.I.I.
33-2021.00,Fire Inspectors and Investigators,FII
33-2021.00,Fire Inspectors and Investigators,Fire Inspectors and Investigator
33-2021.00,Fire Inspectors and Investigators,Fire Inspectors & Investigators
33-2021.00,Fire Inspectors and Investigators,Fire Inspectors / Investigators
33-2021.00,Fire Inspectors and Investigators,Category: Legal & Government
33-2021.00,Fire Inspectors and Investigators,Legal and Government
33-2021.00,Fire Inspectors and Investigators,Legal & Government
33-2021.00,Fire Inspectors and Investigators,Legal&Government
33-2022.00,Forest Fire Inspectors and Prevention Specialists,F.F.I.P.S.
33-2022.00,Forest Fire Inspectors and Prevention Specialists,FFIPS
33-2022.00,Forest Fire Inspectors and Prevention Specialists,Forest Fire Inspectors and Prevention Specialist
33-2022.00,Forest Fire Inspectors and Prevention Specialists,Forest Fire Inspectors & Prevention Specialists
33-2022.00,Forest Fire Inspectors and Prevention Specialists,Forest Fire Inspectors / Prevention Specialists
33-2022.00,Forest Fire Inspectors and Prevention Specialists,Forest Fire Inspectors and Prevention Specs
33-2022.00,Forest Fire Inspectors and Prevention Specialists,Forest Fire Inspectors and Prevention
33-2022.00,Forest Fire Inspectors and Prevention Specialists,Category: Other
33-2022.00,Forest Fire Inspectors and Prevention Specialists,Other
33-3011.00,Bailiffs,Category: Legal & Government
33-3011.00,Bailiffs,Legal and Government
33-3011.00,Bailiffs,Legal & Government
33-3011.00,Bailiffs,Legal&Government
33-3011.00,Bailiffs,Bailiff
33-3012.00,Correctional Officers and Jailers,C.O.J.
33-3012.00,Correctional Officers and Jailers,COJ
33-3012.00,Correctional Officers and Jailers,Correctional Officers and Jailer
33-3012.00,Correctional Officers and Jailers,Correctional Officers & Jailers
33-3012.00,Correctional Officers and Jailers,Correctional Officers / Jailers
33-3012.00,Correctional Officers and Jailers,Category: Legal & Government
33-3012.00,Correctional Officers and Jailers,Legal and Government
33-3012.00,Correctional Officers and Jailers,Legal & Government
33-3012.00,Correctional Officers and Jailers,Legal&Government
33-3021.00,Detectives and Criminal Investigators,D.C.I.
33-3021.00,Detectives and Criminal Investigators,DCI
33-3021.00,Detectives and Criminal Investigators,Detectives and Criminal Investigator
33-3021.00,Detectives and Criminal Investigators,Detectives & Criminal Investigators
33-3021.00,Detectives and Criminal Investigators,Detectives / Criminal Investigators
33-3021.00,Detectives and Criminal Investigators,Category: Legal & Government
33-3021.00,Detectives and Criminal Investigators,Legal and Government
33-3021.00,Detectives and Criminal Investigators,Legal & Government
33-3021.00,Detectives and Criminal Investigators,Legal&Government
33-3021.02,Police Identification and Records Officers,P.I.R.O.
33-3021.02,Police Identification and Records Officers,PIRO
33-3021.02,Police Identification and Records Officers,Police Identification and Records Officer
33-3021.02,Police Identification and Records Officers,Police Identification & Records Officers
33-3021.02,Police Identification and Records Officers,Police Identification / Records Officers
33-3021.02,Police Identification and Records Officers,Police Identification and Records
33-3021.02,Police Identification and Records Officers,Category: Engineering
33-3021.02,Police Identification and Records Officers,Engineering
33-3021.06,Intelligence Analysts,I.A.
33-3021.06,Intelligence Analysts,IA
33-3021.06,Intelligence Analysts,Category: Information Technology
33-3021.06,Intelligence Analysts,Information Technology
33-3021.06,Intelligence Analysts,InformationTechnology
33-3021.06,Intelligence Analysts,Intelligence Analyst
33-3031.00,Fish and Game Wardens,F.G.W.
33-3031.00,Fish and Game Wardens,FGW
33-3031.00,Fish and Game Wardens,Category: Science & Research
33-3031.00,Fish and Game Wardens,Fish and Game Warden
33-3031.00,Fish and Game Wardens,Science and Research
33-3031.00,Fish and Game Wardens,Fish & Game Wardens
33-3031.00,Fish and Game Wardens,Fish / Game Wardens
33-3031.00,Fish and Game Wardens,Science & Research
33-3031.00,Fish and Game Wardens,Science&Research
33-3041.00,Parking Enforcement Workers,P.E.W.
33-3041.00,Parking Enforcement Workers,PEW
33-3041.00,Parking Enforcement Workers,Category: Legal & Government
33-3041.00,Parking Enforcement Workers,Parking Enforcement Worker
33-3041.00,Parking Enforcement Workers,Legal and Government
33-3041.00,Parking Enforcement Workers,Legal & Government
33-3041.00,Parking Enforcement Workers,Legal&Government
33-3051.00,Police and Sheriff's Patrol Officers,P.S.S.P.O.
33-3051.00,Police and Sheriff's Patrol Officers,PSSPO
33-3051.00,Police and Sheriff's Patrol Officers,Police and Sheriff's Patrol Officer
33-3051.00,Police and Sheriff's Patrol Officers,Police & Sheriff's Patrol Officers
33-3051.00,Police and Sheriff's Patrol Officers,Police / Sheriff's Patrol Officers
33-3051.00,Police and Sheriff's Patrol Officers,Police and Sheriff's Patrol
33-3051.00,Police and Sheriff's Patrol Officers,Category: Education
33-3051.00,Police and Sheriff's Patrol Officers,Education
33-3051.04,Customs and Border Protection Officers,C.B.P.O.
33-3051.04,Customs and Border Protection Officers,CBPO
33-3051.04,Customs and Border Protection Officers,Customs and Border Protection Officer
33-3051.04,Customs and Border Protection Officers,Customs & Border Protection Officers
33-3051.04,Customs and Border Protection Officers,Customs / Border Protection Officers
33-3051.04,Customs and Border Protection Officers,Customs and Border Protection
33-3051.04,Customs and Border Protection Officers,Category: Legal & Government
33-3051.04,Customs and Border Protection Officers,Legal and Government
33-3051.04,Customs and Border Protection Officers,Legal & Government
33-3051.04,Customs and Border Protection Officers,Legal&Government
33-3052.00,Transit and Railroad Police,T.R.P.
33-3052.00,Transit and Railroad Police,TRP
33-3052.00,Transit and Railroad Police,Transit and Railroad Polices
33-3052.00,Transit and Railroad Police,Transit & Railroad Police
33-3052.00,Transit and Railroad Police,Transit / Railroad Police
33-3052.00,Transit and Railroad Police,Category: Transportation
33-3052.00,Transit and Railroad Police,Transportation
33-9011.00,Animal Control Workers,A.C.W.
33-9011.00,Animal Control Workers,ACW
33-9011.00,Animal Control Workers,Animal Control Worker
33-9011.00,Animal Control Workers,Category: Other
33-9011.00,Animal Control Workers,Other
33-9021.00,Private Detectives and Investigators,P.D.I.
33-9021.00,Private Detectives and Investigators,PDI
33-9021.00,Private Detectives and Investigators,Private Detectives and Investigator
33-9021.00,Private Detectives and Investigators,Private Detectives & Investigators
33-9021.00,Private Detectives and Investigators,Private Detectives / Investigators
33-9021.00,Private Detectives and Investigators,Category: Legal & Government
33-9021.00,Private Detectives and Investigators,Legal and Government
33-9021.00,Private Detectives and Investigators,Legal & Government
33-9021.00,Private Detectives and Investigators,Legal&Government
33-9031.00,Gambling Surveillance Officers and Gambling Investigators,G.S.O.G.I.
33-9031.00,Gambling Surveillance Officers and Gambling Investigators,GSOGI
33-9031.00,Gambling Surveillance Officers and Gambling Investigators,Gambling Surveillance Officers and Gambling Investigator
33-9031.00,Gambling Surveillance Officers and Gambling Investigators,Gambling Surveillance Officers & Gambling Investigators
33-9031.00,Gambling Surveillance Officers and Gambling Investigators,Gambling Surveillance Officers / Gambling Investigators
33-9031.00,Gambling Surveillance Officers and Gambling Investigators,Category: Information Technology
33-9031.00,Gambling Surveillance Officers and Gambling Investigators,Information Technology
33-9031.00,Gambling Surveillance Officers and Gambling Investigators,InformationTechnology
33-9032.00,Security Guards,S.G.
33-9032.00,Security Guards,SG
33-9032.00,Security Guards,Category: Information Technology
33-9032.00,Security Guards,Information Technology
33-9032.00,Security Guards,InformationTechnology
33-9032.00,Security Guards,Security Guard
33-9091.00,Crossing Guards and Flaggers,C.G.F.
33-9091.00,Crossing Guards and Flaggers,CGF
33-9091.00,Crossing Guards and Flaggers,Crossing Guards and Flagger
33-9091.00,Crossing Guards and Flaggers,Crossing Guards & Flaggers
33-9091.00,Crossing Guards and Flaggers,Crossing Guards / Flaggers
33-9091.00,Crossing Guards and Flaggers,Category: Education
33-9091.00,Crossing Guards and Flaggers,Education
33-9092.00,"Lifeguards, Ski Patrol, and Other Recreational Protective Service Workers","Lifeguards, Ski Patrol, and Other Recreational Protective Service Worker"
33-9092.00,"Lifeguards, Ski Patrol, and Other Recreational Protective Service Workers",Lifeguards Ski Patrol and Other Recreational Protective Service Workers
33-9092.00,"Lifeguards, Ski Patrol, and Other Recreational Protective Service Workers","Lifeguards, Ski Patrol, & Other Recreational Protective Service Workers"
33-9092.00,"Lifeguards, Ski Patrol, and Other Recreational Protective Service Workers","Lifeguards, Ski Patrol, / Other Recreational Protective Service Workers"
33-9092.00,"Lifeguards, Ski Patrol, and Other Recreational Protective Service Workers",Category: Other
33-9092.00,"Lifeguards, Ski Patrol, and Other Recreational Protective Service Workers",Other
33-9093.00,Transportation Security Screeners,T.S.S.
33-9093.00,Transportation Security Screeners,TSS
33-9093.00,Transportation Security Screeners,Category: Information Technology
33-9093.00,Transportation Security Screeners,Transportation Security Screener
33-9093.00,Transportation Security Screeners,Information Technology
33-9093.00,Transportation Security Screeners,InformationTechnology
33-9094.00,School Bus Monitors,S.B.M.
33-9094.00,School Bus Monitors,SBM
33-9094.00,School Bus Monitors,Category: Education
33-9094.00,School Bus Monitors,School Bus Monitor
33-9094.00,School Bus Monitors,Education
33-9099.00,"Protective Service Workers, All Other",P.S.W.A.O.
33-9099.00,"Protective Service Workers, All Other",PSWAO
33-9099.00,"Protective Service Workers, All Other","Protective Service Workers, All Others"
33-9099.00,"Protective Service Workers, All Other",Protective Service Workers All Other
33-9099.00,"Protective Service Workers, All Other",Category: Other
33-9099.00,"Protective Service Workers, All Other",Other
33-9099.02,Retail Loss Prevention Specialists,R.L.P.S.
33-9099.02,Retail Loss Prevention Specialists,RLPS
33-9099.02,Retail Loss Prevention Specialists,Retail Loss Prevention Specialist
33-9099.02,Retail Loss Prevention Specialists,Category: Finance & Accounting
33-9099.02,Retail Loss Prevention Specialists,Retail Loss Prevention Specs
33-9099.02,Retail Loss Prevention Specialists,Finance and Accounting
33-9099.02,Retail Loss Prevention Specialists,Retail Loss Prevention
33-9099.02,Retail Loss Prevention Specialists,Finance & Accounting
33-9099.02,Retail Loss Prevention Specialists,Finance&Accounting
35-1011.00,Chefs and Head Cooks,C.H.C.
35-1011.00,Chefs and Head Cooks,CHC
35-1011.00,Chefs and Head Cooks,Category: Finance & Accounting
35-1011.00,Chefs and Head Cooks,Finance and Accounting
35-1011.00,Chefs and Head Cooks,Finance & Accounting
35-1011.00,Chefs and Head Cooks,Chefs and Head Cook
35-1011.00,Chefs and Head Cooks,Chefs & Head Cooks
35-1011.00,Chefs and Head Cooks,Chefs / Head Cooks
35-1011.00,Chefs and Head Cooks,Finance&Accounting
35-1012.00,First-Line Supervisors of Food Preparation and Serving Workers,First-Line Supervisors of Food Preparation and Serving Worker
35-1012.00,First-Line Supervisors of Food Preparation and Serving Workers,First-Line Supervisors of Food Preparation & Serving Workers
35-1012.00,First-Line Supervisors of Food Preparation and Serving Workers,First-Line Supervisors of Food Preparation / Serving Workers
35-1012.00,First-Line Supervisors of Food Preparation and Serving Workers,First-Line Sups of Food Preparation and Serving Workers
35-1012.00,First-Line Supervisors of Food Preparation and Serving Workers,Category: Hospitality & Food
35-1012.00,First-Line Supervisors of Food Preparation and Serving Workers,Hospitality and Food
35-1012.00,First-Line Supervisors of Food Preparation and Serving Workers,Hospitality & Food
35-1012.00,First-Line Supervisors of Food Preparation and Serving Workers,Hospitality&Food
35-2011.00,"Cooks, Fast Food",C.F.F.
35-2011.00,"Cooks, Fast Food",CFF
35-2011.00,"Cooks, Fast Food",Category: Hospitality & Food
35-2011.00,"Cooks, Fast Food",Hospitality and Food
35-2011.00,"Cooks, Fast Food",Hospitality & Food
35-2011.00,"Cooks, Fast Food","Cooks, Fast Foods"
35-2011.00,"Cooks, Fast Food",Hospitality&Food
35-2011.00,"Cooks, Fast Food",Cooks Fast Food
35-2012.00,"Cooks, Institution and Cafeteria",C.I.C.
35-2012.00,"Cooks, Institution and Cafeteria",CIC
35-2012.00,"Cooks, Institution and Cafeteria","Cooks, Institution and Cafeterias"
35-2012.00,"Cooks, Institution and Cafeteria",Cooks Institution and Cafeteria
35-2012.00,"Cooks, Institution and Cafeteria","Cooks, Institution & Cafeteria"
35-2012.00,"Cooks, Institution and Cafeteria","Cooks, Institution / Cafeteria"
35-2012.00,"Cooks, Institution and Cafeteria",Category: Healthcare
35-2012.00,"Cooks, Institution and Cafeteria",Healthcare
35-2013.00,"Cooks, Private Household",C.P.H.
35-2013.00,"Cooks, Private Household",CPH
35-2013.00,"Cooks, Private Household",Category: Hospitality & Food
35-2013.00,"Cooks, Private Household","Cooks, Private Households"
35-2013.00,"Cooks, Private Household",Cooks Private Household
35-2013.00,"Cooks, Private Household",Hospitality and Food
35-2013.00,"Cooks, Private Household",Hospitality & Food
35-2013.00,"Cooks, Private Household",Hospitality&Food
35-2014.00,"Cooks, Restaurant",C.R.
35-2014.00,"Cooks, Restaurant",CR
35-2014.00,"Cooks, Restaurant",Category: Finance & Accounting
35-2014.00,"Cooks, Restaurant",Finance and Accounting
35-2014.00,"Cooks, Restaurant",Finance & Accounting
35-2014.00,"Cooks, Restaurant","Cooks, Restaurants"
35-2014.00,"Cooks, Restaurant",Finance&Accounting
35-2014.00,"Cooks, Restaurant",Cooks Restaurant
35-2015.00,"Cooks, Short Order",C.S.O.
35-2015.00,"Cooks, Short Order",CSO
35-2015.00,"Cooks, Short Order",Category: Hospitality & Food
35-2015.00,"Cooks, Short Order",Hospitality and Food
35-2015.00,"Cooks, Short Order","Cooks, Short Orders"
35-2015.00,"Cooks, Short Order",Hospitality & Food
35-2015.00,"Cooks, Short Order",Cooks Short Order
35-2015.00,"Cooks, Short Order",Hospitality&Food
35-2019.00,"Cooks, All Other",C.A.O.
35-2019.00,"Cooks, All Other",CAO
35-2019.00,"Cooks, All Other",Category: Hospitality & Food
35-2019.00,"Cooks, All Other",Hospitality and Food
35-2019.00,"Cooks, All Other",Hospitality & Food
35-2019.00,"Cooks, All Other","Cooks, All Others"
35-2019.00,"Cooks, All Other",Hospitality&Food
35-2019.00,"Cooks, All Other",Cooks All Other
35-2021.00,Food Preparation Workers,F.P.W.
35-2021.00,Food Preparation Workers,FPW
35-2021.00,Food Preparation Workers,Category: Hospitality & Food
35-2021.00,Food Preparation Workers,Food Preparation Worker
35-2021.00,Food Preparation Workers,Hospitality and Food
35-2021.00,Food Preparation Workers,Hospitality & Food
35-2021.00,Food Preparation Workers,Hospitality&Food
35-3011.00,Bartenders,Category: Hospitality & Food
35-3011.00,Bartenders,Hospitality and Food
35-3011.00,Bartenders,Hospitality & Food
35-3011.00,Bartenders,Hospitality&Food
35-3011.00,Bartenders,Bartender
35-3023.00,Fast Food and Counter Workers,F.F.C.W.
35-3023.00,Fast Food and Counter Workers,FFCW
35-3023.00,Fast Food and Counter Workers,Category: Hospitality & Food
35-3023.00,Fast Food and Counter Workers,Fast Food and Counter Worker
35-3023.00,Fast Food and Counter Workers,Fast Food & Counter Workers
35-3023.00,Fast Food and Counter Workers,Fast Food / Counter Workers
35-3023.00,Fast Food and Counter Workers,Hospitality and Food
35-3023.00,Fast Food and Counter Workers,Hospitality & Food
35-3023.00,Fast Food and Counter Workers,Hospitality&Food
35-3023.01,Baristas,Category: Hospitality & Food
35-3023.01,Baristas,Hospitality and Food
35-3023.01,Baristas,Hospitality & Food
35-3023.01,Baristas,Hospitality&Food
35-3023.01,Baristas,Barista
35-3031.00,Waiters and Waitresses,W.W.
35-3031.00,Waiters and Waitresses,WW
35-3031.00,Waiters and Waitresses,Category: Hospitality & Food
35-3031.00,Waiters and Waitresses,Hospitality and Food
35-3031.00,Waiters and Waitresses,Waiters & Waitresses
35-3031.00,Waiters and Waitresses,Waiters / Waitresses
35-3031.00,Waiters and Waitresses,Hospitality & Food
35-3031.00,Waiters and Waitresses,Hospitality&Food
35-3041.00,"Food Servers, Nonrestaurant",F.S.N.
35-3041.00,"Food Servers, Nonrestaurant",FSN
35-3041.00,"Food Servers, Nonrestaurant","Food Servers, Nonrestaurants"
35-3041.00,"Food Servers, Nonrestaurant",Food Servers Nonrestaurant
35-3041.00,"Food Servers, Nonrestaurant",Category: Healthcare
35-3041.00,"Food Servers, Nonrestaurant",Healthcare
35-9011.00,Dining Room and Cafeteria Attendants and Bartender Helpers,Dining Room and Cafeteria Attendants and Bartender Helper
35-9011.00,Dining Room and Cafeteria Attendants and Bartender Helpers,Dining Room & Cafeteria Attendants & Bartender Helpers
35-9011.00,Dining Room and Cafeteria Attendants and Bartender Helpers,Dining Room / Cafeteria Attendants / Bartender Helpers
35-9011.00,Dining Room and Cafeteria Attendants and Bartender Helpers,Category: Hospitality & Food
35-9011.00,Dining Room and Cafeteria Attendants and Bartender Helpers,Hospitality and Food
35-9011.00,Dining Room and Cafeteria Attendants and Bartender Helpers,Hospitality & Food
35-9011.00,Dining Room and Cafeteria Attendants and Bartender Helpers,Hospitality&Food
35-9021.00,Dishwashers,Category: Hospitality & Food
35-9021.00,Dishwashers,Hospitality and Food
35-9021.00,Dishwashers,Hospitality & Food
35-9021.00,Dishwashers,Hospitality&Food
35-9021.00,Dishwashers,Dishwasher
35-9031.00,"Hosts and Hostesses, Restaurant, Lounge, and Coffee Shop","Hosts and Hostesses, Restaurant, Lounge, and Coffee Shops"
35-9031.00,"Hosts and Hostesses, Restaurant, Lounge, and Coffee Shop",Hosts and Hostesses Restaurant Lounge and Coffee Shop
35-9031.00,"Hosts and Hostesses, Restaurant, Lounge, and Coffee Shop","Hosts & Hostesses, Restaurant, Lounge, & Coffee Shop"
35-9031.00,"Hosts and Hostesses, Restaurant, Lounge, and Coffee Shop","Hosts / Hostesses, Restaurant, Lounge, / Coffee Shop"
35-9031.00,"Hosts and Hostesses, Restaurant, Lounge, and Coffee Shop",Category: Hospitality & Food
35-9031.00,"Hosts and Hostesses, Restaurant, Lounge, and Coffee Shop",Hospitality and Food
35-9031.00,"Hosts and Hostesses, Restaurant, Lounge, and Coffee Shop",Hospitality & Food
35-9031.00,"Hosts and Hostesses, Restaurant, Lounge, and Coffee Shop",Hospitality&Food
35-9099.00,"Food Preparation and Serving Related Workers, All Other","Food Preparation and Serving Related Workers, All Others"
35-9099.00,"Food Preparation and Serving Related Workers, All Other",Food Preparation and Serving Related Workers All Other
35-9099.00,"Food Preparation and Serving Related Workers, All Other","Food Preparation & Serving Related Workers, All Other"
35-9099.00,"Food Preparation and Serving Related Workers, All Other","Food Preparation / Serving Related Workers, All Other"
35-9099.00,"Food Preparation and Serving Related Workers, All Other",Category: Hospitality & Food
35-9099.00,"Food Preparation and Serving Related Workers, All Other",Hospitality and Food
35-9099.00,"Food Preparation and Serving Related Workers, All Other",Hospitality & Food
35-9099.00,"Food Preparation and Serving Related Workers, All Other",Hospitality&Food
37-1011.00,First-Line Supervisors of Housekeeping and Janitorial Workers,First-Line Supervisors of Housekeeping and Janitorial Worker
37-1011.00,First-Line Supervisors of Housekeeping and Janitorial Workers,First-Line Supervisors of Housekeeping & Janitorial Workers
37-1011.00,First-Line Supervisors of Housekeeping and Janitorial Workers,First-Line Supervisors of Housekeeping / Janitorial Workers
37-1011.00,First-Line Supervisors of Housekeeping and Janitorial Workers,First-Line Sups of Housekeeping and Janitorial Workers
37-1011.00,First-Line Supervisors of Housekeeping and Janitorial Workers,Category: Healthcare
37-1011.00,First-Line Supervisors of Housekeeping and Janitorial Workers,Healthcare
37-1012.00,"First-Line Supervisors of Landscaping, Lawn Service, and Groundskeeping Workers","First-Line Supervisors of Landscaping, Lawn Service, and Groundskeeping Worker"
37-1012.00,"First-Line Supervisors of Landscaping, Lawn Service, and Groundskeeping Workers",First-Line Supervisors of Landscaping Lawn Service and Groundskeeping Workers
37-1012.00,"First-Line Supervisors of Landscaping, Lawn Service, and Groundskeeping Workers","First-Line Supervisors of Landscaping, Lawn Service, & Groundskeeping Workers"
37-1012.00,"First-Line Supervisors of Landscaping, Lawn Service, and Groundskeeping Workers","First-Line Supervisors of Landscaping, Lawn Service, / Groundskeeping Workers"
37-1012.00,"First-Line Supervisors of Landscaping, Lawn Service, and Groundskeeping Workers","First-Line Sups of Landscaping, Lawn Service, and Groundskeeping Workers"
37-1012.00,"First-Line Supervisors of Landscaping, Lawn Service, and Groundskeeping Workers",Category: Legal & Government
37-1012.00,"First-Line Supervisors of Landscaping, Lawn Service, and Groundskeeping Workers",Legal and Government
37-1012.00,"First-Line Supervisors of Landscaping, Lawn Service, and Groundskeeping Workers",Legal & Government
37-1012.00,"First-Line Supervisors of Landscaping, Lawn Service, and Groundskeeping Workers",Legal&Government
37-2011.00,"Janitors and Cleaners, Except Maids and Housekeeping Cleaners",Janitors and Cleaners Except Maids and Housekeeping Cleaners
37-2011.00,"Janitors and Cleaners, Except Maids and Housekeeping Cleaners","Janitors and Cleaners, Except Maids and Housekeeping Cleaner"
37-2011.00,"Janitors and Cleaners, Except Maids and Housekeeping Cleaners","Janitors & Cleaners, Except Maids & Housekeeping Cleaners"
37-2011.00,"Janitors and Cleaners, Except Maids and Housekeeping Cleaners","Janitors / Cleaners, Except Maids / Housekeeping Cleaners"
37-2011.00,"Janitors and Cleaners, Except Maids and Housekeeping Cleaners",Category: Business & Management
37-2011.00,"Janitors and Cleaners, Except Maids and Housekeeping Cleaners",Business and Management
37-2011.00,"Janitors and Cleaners, Except Maids and Housekeeping Cleaners",Business & Management
37-2011.00,"Janitors and Cleaners, Except Maids and Housekeeping Cleaners",Business&Management
37-2012.00,Maids and Housekeeping Cleaners,M.H.C.
37-2012.00,Maids and Housekeeping Cleaners,MHC
37-2012.00,Maids and Housekeeping Cleaners,Maids and Housekeeping Cleaner
37-2012.00,Maids and Housekeeping Cleaners,Maids & Housekeeping Cleaners
37-2012.00,Maids and Housekeeping Cleaners,Maids / Housekeeping Cleaners
37-2012.00,Maids and Housekeeping Cleaners,Category: Healthcare
37-2012.00,Maids and Housekeeping Cleaners,Healthcare
37-2019.00,"Building Cleaning Workers, All Other",B.C.W.A.O.
37-2019.00,"Building Cleaning Workers, All Other",BCWAO
37-2019.00,"Building Cleaning Workers, All Other","Building Cleaning Workers, All Others"
37-2019.00,"Building Cleaning Workers, All Other",Building Cleaning Workers All Other
37-2019.00,"Building Cleaning Workers, All Other",Category: Other
37-2019.00,"Building Cleaning Workers, All Other",Other
37-2021.00,Pest Control Workers,P.C.W.
37-2021.00,Pest Control Workers,PCW
37-2021.00,Pest Control Workers,Category: Engineering
37-2021.00,Pest Control Workers,Pest Control Worker
37-2021.00,Pest Control Workers,Engineering
37-3011.00,Landscaping and Groundskeeping Workers,L.G.W.
37-3011.00,Landscaping and Groundskeeping Workers,LGW
37-3011.00,Landscaping and Groundskeeping Workers,Landscaping and Groundskeeping Worker
37-3011.00,Landscaping and Groundskeeping Workers,Landscaping & Groundskeeping Workers
37-3011.00,Landscaping and Groundskeeping Workers,Landscaping / Groundskeeping Workers
37-3011.00,Landscaping and Groundskeeping Workers,Category: Manufacturing
37-3011.00,Landscaping and Groundskeeping Workers,Manufacturing
37-3012.00,"Pesticide Handlers, Sprayers, and Applicators, Vegetation",P.H.S.A.V.
37-3012.00,"Pesticide Handlers, Sprayers, and Applicators, Vegetation",PHSAV
37-3012.00,"Pesticide Handlers, Sprayers, and Applicators, Vegetation","Pesticide Handlers, Sprayers, and Applicators, Vegetations"
37-3012.00,"Pesticide Handlers, Sprayers, and Applicators, Vegetation","Pesticide Handlers, Sprayers, & Applicators, Vegetation"
37-3012.00,"Pesticide Handlers, Sprayers, and Applicators, Vegetation","Pesticide Handlers, Sprayers, / Applicators, Vegetation"
37-3012.00,"Pesticide Handlers, Sprayers, and Applicators, Vegetation",Pesticide Handlers Sprayers and Applicators Vegetation
37-3012.00,"Pesticide Handlers, Sprayers, and Applicators, Vegetation",Category: Engineering
37-3012.00,"Pesticide Handlers, Sprayers, and Applicators, Vegetation",Engineering
37-3013.00,Tree Trimmers and Pruners,T.T.P.
37-3013.00,Tree Trimmers and Pruners,TTP
37-3013.00,Tree Trimmers and Pruners,Tree Trimmers and Pruner
37-3013.00,Tree Trimmers and Pruners,Tree Trimmers & Pruners
37-3013.00,Tree Trimmers and Pruners,Tree Trimmers / Pruners
37-3013.00,Tree Trimmers and Pruners,Category: Healthcare
37-3013.00,Tree Trimmers and Pruners,Healthcare
37-3019.00,"Grounds Maintenance Workers, All Other",G.M.W.A.O.
37-3019.00,"Grounds Maintenance Workers, All Other",GMWAO
37-3019.00,"Grounds Maintenance Workers, All Other","Grounds Maintenance Workers, All Others"
37-3019.00,"Grounds Maintenance Workers, All Other",Grounds Maintenance Workers All Other
37-3019.00,"Grounds Maintenance Workers, All Other",Category: Other
37-3019.00,"Grounds Maintenance Workers, All Other",Other
39-1013.00,First-Line Supervisors of Gambling Services Workers,First-Line Supervisors of Gambling Services Worker
39-1013.00,First-Line Supervisors of Gambling Services Workers,First-Line Sups of Gambling Services Workers
39-1013.00,First-Line Supervisors of Gambling Services Workers,Category: Hospitality & Food
39-1013.00,First-Line Supervisors of Gambling Services Workers,Hospitality and Food
39-1013.00,First-Line Supervisors of Gambling Services Workers,Hospitality & Food
39-1013.00,First-Line Supervisors of Gambling Services Workers,Hospitality&Food
39-1014.00,"First-Line Supervisors of Entertainment and Recreation Workers, Except Gambling Services",First-Line Supervisors of Entertainment and Recreation Workers Except Gambling Services
39-1014.00,"First-Line Supervisors of Entertainment and Recreation Workers, Except Gambling Services","First-Line Supervisors of Entertainment and Recreation Workers, Except Gambling Service"
39-1014.00,"First-Line Supervisors of Entertainment and Recreation Workers, Except Gambling Services","First-Line Supervisors of Entertainment & Recreation Workers, Except Gambling Services"
39-1014.00,"First-Line Supervisors of Entertainment and Recreation Workers, Except Gambling Services","First-Line Supervisors of Entertainment / Recreation Workers, Except Gambling Services"
39-1014.00,"First-Line Supervisors of Entertainment and Recreation Workers, Except Gambling Services","First-Line Sups of Entertainment and Recreation Workers, Except Gambling Services"
39-1014.00,"First-Line Supervisors of Entertainment and Recreation Workers, Except Gambling Services",Category: Business & Management
39-1014.00,"First-Line Supervisors of Entertainment and Recreation Workers, Except Gambling Services",Business and Management
39-1014.00,"First-Line Supervisors of Entertainment and Recreation Workers, Except Gambling Services",Business & Management
39-1014.00,"First-Line Supervisors of Entertainment and Recreation Workers, Except Gambling Services",Business&Management
39-1022.00,First-Line Supervisors of Personal Service Workers,First-Line Supervisors of Personal Service Worker
39-1022.00,First-Line Supervisors of Personal Service Workers,First-Line Sups of Personal Service Workers
39-1022.00,First-Line Supervisors of Personal Service Workers,Category: Business & Management
39-1022.00,First-Line Supervisors of Personal Service Workers,Business and Management
39-1022.00,First-Line Supervisors of Personal Service Workers,Business & Management
39-1022.00,First-Line Supervisors of Personal Service Workers,Business&Management
39-2011.00,Animal Trainers,A.T.
39-2011.00,Animal Trainers,AT
39-2011.00,Animal Trainers,Category: Information Technology
39-2011.00,Animal Trainers,Information Technology
39-2011.00,Animal Trainers,InformationTechnology
39-2011.00,Animal Trainers,Animal Trainer
39-2021.00,Animal Caretakers,A.C.
39-2021.00,Animal Caretakers,AC
39-2021.00,Animal Caretakers,Category: Agriculture
39-2021.00,Animal Caretakers,Animal Caretaker
39-2021.00,Animal Caretakers,Agriculture
39-3011.00,Gambling Dealers,G.D.
39-3011.00,Gambling Dealers,GD
39-3011.00,Gambling Dealers,Category: Other
39-3011.00,Gambling Dealers,Gambling Dealer
39-3011.00,Gambling Dealers,Other
39-3012.00,Gambling and Sports Book Writers and Runners,G.S.B.W.R.
39-3012.00,Gambling and Sports Book Writers and Runners,GSBWR
39-3012.00,Gambling and Sports Book Writers and Runners,Gambling and Sports Book Writers and Runner
39-3012.00,Gambling and Sports Book Writers and Runners,Gambling & Sports Book Writers & Runners
39-3012.00,Gambling and Sports Book Writers and Runners,Gambling / Sports Book Writers / Runners
39-3012.00,Gambling and Sports Book Writers and Runners,Category: Arts & Media
39-3012.00,Gambling and Sports Book Writers and Runners,Arts and Media
39-3012.00,Gambling and Sports Book Writers and Runners,Arts & Media
39-3012.00,Gambling and Sports Book Writers and Runners,Arts&Media
39-3019.00,"Gambling Service Workers, All Other",G.S.W.A.O.
39-3019.00,"Gambling Service Workers, All Other",GSWAO
39-3019.00,"Gambling Service Workers, All Other","Gambling Service Workers, All Others"
39-3019.00,"Gambling Service Workers, All Other",Gambling Service Workers All Other
39-3019.00,"Gambling Service Workers, All Other",Category: Other
39-3019.00,"Gambling Service Workers, All Other",Other
39-3021.00,Motion Picture Projectionists,M.P.P.
39-3021.00,Motion Picture Projectionists,MPP
39-3021.00,Motion Picture Projectionists,Motion Picture Projectionist
39-3021.00,Motion Picture Projectionists,Category: Manufacturing
39-3021.00,Motion Picture Projectionists,Manufacturing
39-3031.00,"Ushers, Lobby Attendants, and Ticket Takers",U.L.A.T.T.
39-3031.00,"Ushers, Lobby Attendants, and Ticket Takers",ULATT
39-3031.00,"Ushers, Lobby Attendants, and Ticket Takers","Ushers, Lobby Attendants, and Ticket Taker"
39-3031.00,"Ushers, Lobby Attendants, and Ticket Takers",Ushers Lobby Attendants and Ticket Takers
39-3031.00,"Ushers, Lobby Attendants, and Ticket Takers","Ushers, Lobby Attendants, & Ticket Takers"
39-3031.00,"Ushers, Lobby Attendants, and Ticket Takers","Ushers, Lobby Attendants, / Ticket Takers"
39-3031.00,"Ushers, Lobby Attendants, and Ticket Takers",Category: Other
39-3031.00,"Ushers, Lobby Attendants, and Ticket Takers",Other
39-3091.00,Amusement and Recreation Attendants,A.R.A.
39-3091.00,Amusement and Recreation Attendants,ARA
39-3091.00,Amusement and Recreation Attendants,Amusement and Recreation Attendant
39-3091.00,Amusement and Recreation Attendants,Amusement & Recreation Attendants
39-3091.00,Amusement and Recreation Attendants,Amusement / Recreation Attendants
39-3091.00,Amusement and Recreation Attendants,Category: Other
39-3091.00,Amusement and Recreation Attendants,Other
39-3092.00,Costume Attendants,C.A.
39-3092.00,Costume Attendants,CA
39-3092.00,Costume Attendants,Costume Attendant
39-3092.00,Costume Attendants,Category: Other
39-3092.00,Costume Attendants,Other
39-3093.00,"Locker Room, Coatroom, and Dressing Room Attendants","Locker Room, Coatroom, and Dressing Room Attendant"
39-3093.00,"Locker Room, Coatroom, and Dressing Room Attendants",Locker Room Coatroom and Dressing Room Attendants
39-3093.00,"Locker Room, Coatroom, and Dressing Room Attendants","Locker Room, Coatroom, & Dressing Room Attendants"
39-3093.00,"Locker Room, Coatroom, and Dressing Room Attendants","Locker Room, Coatroom, / Dressing Room Attendants"
39-3093.00,"Locker Room, Coatroom, and Dressing Room Attendants",Category: Other
39-3093.00,"Locker Room, Coatroom, and Dressing Room Attendants",Other
39-3099.00,"Entertainment Attendants and Related Workers, All Other","Entertainment Attendants and Related Workers, All Others"
39-3099.00,"Entertainment Attendants and Related Workers, All Other",Entertainment Attendants and Related Workers All Other
39-3099.00,"Entertainment Attendants and Related Workers, All Other","Entertainment Attendants & Related Workers, All Other"
39-3099.00,"Entertainment Attendants and Related Workers, All Other","Entertainment Attendants / Related Workers, All Other"
39-3099.00,"Entertainment Attendants and Related Workers, All Other",Category: Other
39-3099.00,"Entertainment Attendants and Related Workers, All Other",Other
39-4011.00,Embalmers,Category: Legal & Government
39-4011.00,Embalmers,Legal and Government
39-4011.00,Embalmers,Legal & Government
39-4011.00,Embalmers,Legal&Government
39-4011.00,Embalmers,Embalmer
39-4012.00,Crematory Operators,C.O.
39-4012.00,Crematory Operators,CO
39-4012.00,Crematory Operators,Crematory Operator
39-4012.00,Crematory Operators,Category: Other
39-4012.00,Crematory Operators,Other
39-4021.00,Funeral Attendants,F.A.
39-4021.00,Funeral Attendants,FA
39-4021.00,Funeral Attendants,Funeral Attendant
39-4021.00,Funeral Attendants,Category: Other
39-4021.00,Funeral Attendants,Other
39-4031.00,"Morticians, Undertakers, and Funeral Arrangers",M.U.F.A.
39-4031.00,"Morticians, Undertakers, and Funeral Arrangers",MUFA
39-4031.00,"Morticians, Undertakers, and Funeral Arrangers","Morticians, Undertakers, and Funeral Arranger"
39-4031.00,"Morticians, Undertakers, and Funeral Arrangers",Morticians Undertakers and Funeral Arrangers
39-4031.00,"Morticians, Undertakers, and Funeral Arrangers","Morticians, Undertakers, & Funeral Arrangers"
39-4031.00,"Morticians, Undertakers, and Funeral Arrangers","Morticians, Undertakers, / Funeral Arrangers"
39-4031.00,"Morticians, Undertakers, and Funeral Arrangers",Category: Transportation
39-4031.00,"Morticians, Undertakers, and Funeral Arrangers",Transportation
39-5011.00,Barbers,Category: Other
39-5011.00,Barbers,Barber
39-5011.00,Barbers,Other
39-5012.00,"Hairdressers, Hairstylists, and Cosmetologists",H.H.C.
39-5012.00,"Hairdressers, Hairstylists, and Cosmetologists",HHC
39-5012.00,"Hairdressers, Hairstylists, and Cosmetologists","Hairdressers, Hairstylists, and Cosmetologist"
39-5012.00,"Hairdressers, Hairstylists, and Cosmetologists",Hairdressers Hairstylists and Cosmetologists
39-5012.00,"Hairdressers, Hairstylists, and Cosmetologists","Hairdressers, Hairstylists, & Cosmetologists"
39-5012.00,"Hairdressers, Hairstylists, and Cosmetologists","Hairdressers, Hairstylists, / Cosmetologists"
39-5012.00,"Hairdressers, Hairstylists, and Cosmetologists",Category: Other
39-5012.00,"Hairdressers, Hairstylists, and Cosmetologists",Other
39-5091.00,"Makeup Artists, Theatrical and Performance",M.A.T.P.
39-5091.00,"Makeup Artists, Theatrical and Performance",MATP
39-5091.00,"Makeup Artists, Theatrical and Performance","Makeup Artists, Theatrical and Performances"
39-5091.00,"Makeup Artists, Theatrical and Performance",Makeup Artists Theatrical and Performance
39-5091.00,"Makeup Artists, Theatrical and Performance","Makeup Artists, Theatrical & Performance"
39-5091.00,"Makeup Artists, Theatrical and Performance","Makeup Artists, Theatrical / Performance"
39-5091.00,"Makeup Artists, Theatrical and Performance",Category: Arts & Media
39-5091.00,"Makeup Artists, Theatrical and Performance",Arts and Media
39-5091.00,"Makeup Artists, Theatrical and Performance",Arts & Media
39-5091.00,"Makeup Artists, Theatrical and Performance",Arts&Media
39-5092.00,Manicurists and Pedicurists,M.P.
39-5092.00,Manicurists and Pedicurists,MP
39-5092.00,Manicurists and Pedicurists,Manicurists and Pedicurist
39-5092.00,Manicurists and Pedicurists,Manicurists & Pedicurists
39-5092.00,Manicurists and Pedicurists,Manicurists / Pedicurists
39-5092.00,Manicurists and Pedicurists,Category: Other
39-5092.00,Manicurists and Pedicurists,Other
39-5093.00,Shampooers,Category: Other
39-5093.00,Shampooers,Shampooer
39-5093.00,Shampooers,Other
39-5094.00,Skincare Specialists,S.S.
39-5094.00,Skincare Specialists,SS
39-5094.00,Skincare Specialists,Skincare Specialist
39-5094.00,Skincare Specialists,Category: Other
39-5094.00,Skincare Specialists,Skincare Specs
39-5094.00,Skincare Specialists,Skincare
39-5094.00,Skincare Specialists,Other
39-6011.00,Baggage Porters and Bellhops,B.P.B.
39-6011.00,Baggage Porters and Bellhops,BPB
39-6011.00,Baggage Porters and Bellhops,Baggage Porters and Bellhop
39-6011.00,Baggage Porters and Bellhops,Baggage Porters & Bellhops
39-6011.00,Baggage Porters and Bellhops,Baggage Porters / Bellhops
39-6011.00,Baggage Porters and Bellhops,Category: Transportation
39-6011.00,Baggage Porters and Bellhops,Transportation
39-6012.00,Concierges,Category: Transportation
39-6012.00,Concierges,Transportation
39-6012.00,Concierges,Concierge
39-7011.00,Tour Guides and Escorts,T.G.E.
39-7011.00,Tour Guides and Escorts,TGE
39-7011.00,Tour Guides and Escorts,Tour Guides and Escort
39-7011.00,Tour Guides and Escorts,Tour Guides & Escorts
39-7011.00,Tour Guides and Escorts,Tour Guides / Escorts
39-7011.00,Tour Guides and Escorts,Category: Other
39-7011.00,Tour Guides and Escorts,Other
39-7012.00,Travel Guides,T.G.
39-7012.00,Travel Guides,TG
39-7012.00,Travel Guides,Category: Other
39-7012.00,Travel Guides,Travel Guide
39-7012.00,Travel Guides,Other
39-9011.00,Childcare Workers,C.W.
39-9011.00,Childcare Workers,CW
39-9011.00,Childcare Workers,Category: Education
39-9011.00,Childcare Workers,Childcare Worker
39-9011.00,Childcare Workers,Education
39-9011.01,Nannies,Category: Science & Research
39-9011.01,Nannies,Science and Research
39-9011.01,Nannies,Science & Research
39-9011.01,Nannies,Science&Research
39-9011.01,Nannies,Nanny
39-9031.00,Exercise Trainers and Group Fitness Instructors,E.T.G.F.I.
39-9031.00,Exercise Trainers and Group Fitness Instructors,ETGFI
39-9031.00,Exercise Trainers and Group Fitness Instructors,Exercise Trainers and Group Fitness Instructor
39-9031.00,Exercise Trainers and Group Fitness Instructors,Exercise Trainers & Group Fitness Instructors
39-9031.00,Exercise Trainers and Group Fitness Instructors,Exercise Trainers / Group Fitness Instructors
39-9031.00,Exercise Trainers and Group Fitness Instructors,Category: Education
39-9031.00,Exercise Trainers and Group Fitness Instructors,Education
39-9032.00,Recreation Workers,R.W.
39-9032.00,Recreation Workers,RW
39-9032.00,Recreation Workers,Category: Finance & Accounting
39-9032.00,Recreation Workers,Finance and Accounting
39-9032.00,Recreation Workers,Finance & Accounting
39-9032.00,Recreation Workers,Finance&Accounting
39-9032.00,Recreation Workers,Recreation Worker
39-9041.00,Residential Advisors,R.A.
39-9041.00,Residential Advisors,RA
39-9041.00,Residential Advisors,Category: Education
39-9041.00,Residential Advisors,Residential Advisor
39-9041.00,Residential Advisors,Education
39-9099.00,"Personal Care and Service Workers, All Other","Personal Care and Service Workers, All Others"
39-9099.00,"Personal Care and Service Workers, All Other",Personal Care and Service Workers All Other
39-9099.00,"Personal Care and Service Workers, All Other","Personal Care & Service Workers, All Other"
39-9099.00,"Personal Care and Service Workers, All Other","Personal Care / Service Workers, All Other"
39-9099.00,"Personal Care and Service Workers, All Other",Category: Other
39-9099.00,"Personal Care and Service Workers, All Other",Other
41-1011.00,First-Line Supervisors of Retail Sales Workers,First-Line Supervisors of Retail Sales Worker
41-1011.00,First-Line Supervisors of Retail Sales Workers,First-Line Sups of Retail Sales Workers
41-1011.00,First-Line Supervisors of Retail Sales Workers,Category: Finance & Accounting
41-1011.00,First-Line Supervisors of Retail Sales Workers,Finance and Accounting
41-1011.00,First-Line Supervisors of Retail Sales Workers,Finance & Accounting
41-1011.00,First-Line Supervisors of Retail Sales Workers,Finance&Accounting
41-1012.00,First-Line Supervisors of Non-Retail Sales Workers,First-Line Supervisors of Non-Retail Sales Worker
41-1012.00,First-Line Supervisors of Non-Retail Sales Workers,First-Line Sups of Non-Retail Sales Workers
41-1012.00,First-Line Supervisors of Non-Retail Sales Workers,Category: Finance & Accounting
41-1012.00,First-Line Supervisors of Non-Retail Sales Workers,Finance and Accounting
41-1012.00,First-Line Supervisors of Non-Retail Sales Workers,Finance & Accounting
41-1012.00,First-Line Supervisors of Non-Retail Sales Workers,Finance&Accounting
41-2011.00,Cashiers,Category: Finance & Accounting
41-2011.00,Cashiers,Finance and Accounting
41-2011.00,Cashiers,Finance & Accounting
41-2011.00,Cashiers,Finance&Accounting
41-2011.00,Cashiers,Cashier
41-2012.00,Gambling Change Persons and Booth Cashiers,G.C.P.B.C.
41-2012.00,Gambling Change Persons and Booth Cashiers,GCPBC
41-2012.00,Gambling Change Persons and Booth Cashiers,Gambling Change Persons and Booth Cashier
41-2012.00,Gambling Change Persons and Booth Cashiers,Gambling Change Persons & Booth Cashiers
41-2012.00,Gambling Change Persons and Booth Cashiers,Gambling Change Persons / Booth Cashiers
41-2012.00,Gambling Change Persons and Booth Cashiers,Category: Finance & Accounting
41-2012.00,Gambling Change Persons and Booth Cashiers,Finance and Accounting
41-2012.00,Gambling Change Persons and Booth Cashiers,Finance & Accounting
41-2012.00,Gambling Change Persons and Booth Cashiers,Finance&Accounting
41-2021.00,Counter and Rental Clerks,C.R.C.
41-2021.00,Counter and Rental Clerks,CRC
41-2021.00,Counter and Rental Clerks,Counter and Rental Clerk
41-2021.00,Counter and Rental Clerks,Counter & Rental Clerks
41-2021.00,Counter and Rental Clerks,Counter / Rental Clerks
41-2021.00,Counter and Rental Clerks,Category: Other
41-2021.00,Counter and Rental Clerks,Other
41-2022.00,Parts Salespersons,P.S.
41-2022.00,Parts Salespersons,PS
41-2022.00,Parts Salespersons,Parts Salesperson
41-2022.00,Parts Salespersons,Category: Sales
41-2022.00,Parts Salespersons,Sales
41-2031.00,Retail Salespersons,R.S.
41-2031.00,Retail Salespersons,RS
41-2031.00,Retail Salespersons,Retail Salesperson
41-2031.00,Retail Salespersons,Category: Sales
41-2031.00,Retail Salespersons,Sales
41-3011.00,Advertising Sales Agents,A.S.A.
41-3011.00,Advertising Sales Agents,ASA
41-3011.00,Advertising Sales Agents,Advertising Sales Agent
41-3011.00,Advertising Sales Agents,Category: Sales
41-3011.00,Advertising Sales Agents,Sales
41-3021.00,Insurance Sales Agents,I.S.A.
41-3021.00,Insurance Sales Agents,ISA
41-3021.00,Insurance Sales Agents,Insurance Sales Agent
41-3021.00,Insurance Sales Agents,Category: Healthcare
41-3021.00,Insurance Sales Agents,Healthcare
41-3031.00,"Securities, Commodities, and Financial Services Sales Agents","Securities, Commodities, and Financial Services Sales Agent"
41-3031.00,"Securities, Commodities, and Financial Services Sales Agents",Securities Commodities and Financial Services Sales Agents
41-3031.00,"Securities, Commodities, and Financial Services Sales Agents","Securities, Commodities, & Financial Services Sales Agents"
41-3031.00,"Securities, Commodities, and Financial Services Sales Agents","Securities, Commodities, / Financial Services Sales Agents"
41-3031.00,"Securities, Commodities, and Financial Services Sales Agents",Category: Sales
41-3031.00,"Securities, Commodities, and Financial Services Sales Agents",Sales
41-3041.00,Travel Agents,T.A.
41-3041.00,Travel Agents,TA
41-3041.00,Travel Agents,Category: Transportation
41-3041.00,Travel Agents,Transportation
41-3041.00,Travel Agents,Travel Agent
41-3091.00,"Sales Representatives of Services, Except Advertising, Insurance, Financial Services, and Travel","Sales Representatives of Services, Except Advertising, Insurance, Financial Services, and Travels"
41-3091.00,"Sales Representatives of Services, Except Advertising, Insurance, Financial Services, and Travel","Sales Representatives of Services, Except Advertising, Insurance, Financial Services, & Travel"
41-3091.00,"Sales Representatives of Services, Except Advertising, Insurance, Financial Services, and Travel","Sales Representatives of Services, Except Advertising, Insurance, Financial Services, / Travel"
41-3091.00,"Sales Representatives of Services, Except Advertising, Insurance, Financial Services, and Travel",Sales Representatives of Services Except Advertising Insurance Financial Services and Travel
41-3091.00,"Sales Representatives of Services, Except Advertising, Insurance, Financial Services, and Travel","Sales Reps of Services, Except Advertising, Insurance, Financial Services, and Travel"
41-3091.00,"Sales Representatives of Services, Except Advertising, Insurance, Financial Services, and Travel",Category: Sales
41-3091.00,"Sales Representatives of Services, Except Advertising, Insurance, Financial Services, and Travel",Sales
41-4011.00,"Sales Representatives, Wholesale and Manufacturing, Technical and Scientific Products","Sales Representatives, Wholesale and Manufacturing, Technical and Scientific Product"
41-4011.00,"Sales Representatives, Wholesale and Manufacturing, Technical and Scientific Products",Sales Representatives Wholesale and Manufacturing Technical and Scientific Products
41-4011.00,"Sales Representatives, Wholesale and Manufacturing, Technical and Scientific Products","Sales Representatives, Wholesale & Manufacturing, Technical & Scientific Products"
41-4011.00,"Sales Representatives, Wholesale and Manufacturing, Technical and Scientific Products","Sales Representatives, Wholesale / Manufacturing, Technical / Scientific Products"
41-4011.00,"Sales Representatives, Wholesale and Manufacturing, Technical and Scientific Products","Sales Reps Wholesale and Manufacturing, Technical and Scientific Products"
41-4011.00,"Sales Representatives, Wholesale and Manufacturing, Technical and Scientific Products",Category: Education
41-4011.00,"Sales Representatives, Wholesale and Manufacturing, Technical and Scientific Products",Education
41-4011.07,Solar Sales Representatives and Assessors,S.S.R.A.
41-4011.07,Solar Sales Representatives and Assessors,SSRA
41-4011.07,Solar Sales Representatives and Assessors,Solar Sales Representatives and Assessor
41-4011.07,Solar Sales Representatives and Assessors,Solar Sales Representatives & Assessors
41-4011.07,Solar Sales Representatives and Assessors,Solar Sales Representatives / Assessors
41-4011.07,Solar Sales Representatives and Assessors,Solar Sales Reps and Assessors
41-4011.07,Solar Sales Representatives and Assessors,Category: Sales
41-4011.07,Solar Sales Representatives and Assessors,Sales
41-4012.00,"Sales Representatives, Wholesale and Manufacturing, Except Technical and Scientific Products","Sales Representatives, Wholesale and Manufacturing, Except Technical and Scientific Product"
41-4012.00,"Sales Representatives, Wholesale and Manufacturing, Except Technical and Scientific Products",Sales Representatives Wholesale and Manufacturing Except Technical and Scientific Products
41-4012.00,"Sales Representatives, Wholesale and Manufacturing, Except Technical and Scientific Products","Sales Representatives, Wholesale & Manufacturing, Except Technical & Scientific Products"
41-4012.00,"Sales Representatives, Wholesale and Manufacturing, Except Technical and Scientific Products","Sales Representatives, Wholesale / Manufacturing, Except Technical / Scientific Products"
41-4012.00,"Sales Representatives, Wholesale and Manufacturing, Except Technical and Scientific Products","Sales Reps Wholesale and Manufacturing, Except Technical and Scientific Products"
41-4012.00,"Sales Representatives, Wholesale and Manufacturing, Except Technical and Scientific Products",Category: Sales
41-4012.00,"Sales Representatives, Wholesale and Manufacturing, Except Technical and Scientific Products",Sales
41-9011.00,Demonstrators and Product Promoters,D.P.P.
41-9011.00,Demonstrators and Product Promoters,DPP
41-9011.00,Demonstrators and Product Promoters,Demonstrators and Product Promoter
41-9011.00,Demonstrators and Product Promoters,Demonstrators & Product Promoters
41-9011.00,Demonstrators and Product Promoters,Demonstrators / Product Promoters
41-9011.00,Demonstrators and Product Promoters,Category: Other
41-9011.00,Demonstrators and Product Promoters,Other
41-9012.00,Models,Category: Marketing & Communications
41-9012.00,Models,Marketing and Communications
41-9012.00,Models,Marketing & Communications
41-9012.00,Models,Marketing&Communications
41-9012.00,Models,Model
41-9021.00,Real Estate Brokers,R.E.B.
41-9021.00,Real Estate Brokers,REB
41-9021.00,Real Estate Brokers,Real Estate Broker
41-9021.00,Real Estate Brokers,Category: Other
41-9021.00,Real Estate Brokers,Other
41-9022.00,Real Estate Sales Agents,R.E.S.A.
41-9022.00,Real Estate Sales Agents,RESA
41-9022.00,Real Estate Sales Agents,Real Estate Sales Agent
41-9022.00,Real Estate Sales Agents,Category: Sales
41-9022.00,Real Estate Sales Agents,Sales
41-9031.00,Sales Engineers,S.E.
41-9031.00,Sales Engineers,SE
41-9031.00,Sales Engineers,Category: Sales
41-9031.00,Sales Engineers,Sales Engineer
41-9031.00,Sales Engineers,Sales Engs
41-9031.00,Sales Engineers,Sales
41-9041.00,Telemarketers,Category: Other
41-9041.00,Telemarketers,Telemarketer
41-9041.00,Telemarketers,Other
41-9091.00,"Door-to-Door Sales Workers, News and Street Vendors, and Related Workers","Door-to-Door Sales Workers, News and Street Vendors, and Related Worker"
41-9091.00,"Door-to-Door Sales Workers, News and Street Vendors, and Related Workers",Door-to-Door Sales Workers News and Street Vendors and Related Workers
41-9091.00,"Door-to-Door Sales Workers, News and Street Vendors, and Related Workers","Door-to-Door Sales Workers, News & Street Vendors, & Related Workers"
41-9091.00,"Door-to-Door Sales Workers, News and Street Vendors, and Related Workers","Door-to-Door Sales Workers, News / Street Vendors, / Related Workers"
41-9091.00,"Door-to-Door Sales Workers, News and Street Vendors, and Related Workers",Category: Sales
41-9091.00,"Door-to-Door Sales Workers, News and Street Vendors, and Related Workers",Sales
41-9099.00,"Sales and Related Workers, All Other",S.R.W.A.O.
41-9099.00,"Sales and Related Workers, All Other",SRWAO
41-9099.00,"Sales and Related Workers, All Other","Sales and Related Workers, All Others"
41-9099.00,"Sales and Related Workers, All Other",Sales and Related Workers All Other
41-9099.00,"Sales and Related Workers, All Other","Sales & Related Workers, All Other"
41-9099.00,"Sales and Related Workers, All Other","Sales / Related Workers, All Other"
41-9099.00,"Sales and Related Workers, All Other",Category: Sales
41-9099.00,"Sales and Related Workers, All Other",Sales
43-1011.00,First-Line Supervisors of Office and Administrative Support Workers,First-Line Supervisors of Office and Administrative Support Worker
43-1011.00,First-Line Supervisors of Office and Administrative Support Workers,First-Line Supervisors of Office & Administrative Support Workers
43-1011.00,First-Line Supervisors of Office and Administrative Support Workers,First-Line Supervisors of Office / Administrative Support Workers
43-1011.00,First-Line Supervisors of Office and Administrative Support Workers,First-Line Sups of Office and Administrative Support Workers
43-1011.00,First-Line Supervisors of Office and Administrative Support Workers,Category: Business & Management
43-1011.00,First-Line Supervisors of Office and Administrative Support Workers,Business and Management
43-1011.00,First-Line Supervisors of Office and Administrative Support Workers,Business & Management
43-1011.00,First-Line Supervisors of Office and Administrative Support Workers,Business&Management
43-2011.00,"Switchboard Operators, Including Answering Service",S.O.I.A.S.
43-2011.00,"Switchboard Operators, Including Answering Service",SOIAS
43-2011.00,"Switchboard Operators, Including Answering Service","Switchboard Operators, Including Answering Services"
43-2011.00,"Switchboard Operators, Including Answering Service",Switchboard Operators Including Answering Service
43-2011.00,"Switchboard Operators, Including Answering Service",Category: Other
43-2011.00,"Switchboard Operators, Including Answering Service",Other
43-2021.00,Telephone Operators,T.O.
43-2021.00,Telephone Operators,TO
43-2021.00,Telephone Operators,Category: Finance & Accounting
43-2021.00,Telephone Operators,Finance and Accounting
43-2021.00,Telephone Operators,Finance & Accounting
43-2021.00,Telephone Operators,Finance&Accounting
43-2021.00,Telephone Operators,Telephone Operator
43-2099.00,"Communications Equipment Operators, All Other",C.E.O.A.O.
43-2099.00,"Communications Equipment Operators, All Other",CEOAO
43-2099.00,"Communications Equipment Operators, All Other","Communications Equipment Operators, All Others"
43-2099.00,"Communications Equipment Operators, All Other",Communications Equipment Operators All Other
43-2099.00,"Communications Equipment Operators, All Other",Category: Marketing & Communications
43-2099.00,"Communications Equipment Operators, All Other",Marketing and Communications
43-2099.00,"Communications Equipment Operators, All Other",Marketing & Communications
43-2099.00,"Communications Equipment Operators, All Other",Marketing&Communications
43-3011.00,Bill and Account Collectors,B.A.C.
43-3011.00,Bill and Account Collectors,BAC
43-3011.00,Bill and Account Collectors,Category: Finance & Accounting
43-3011.00,Bill and Account Collectors,Bill and Account Collector
43-3011.00,Bill and Account Collectors,Bill & Account Collectors
43-3011.00,Bill and Account Collectors,Bill / Account Collectors
43-3011.00,Bill and Account Collectors,Finance and Accounting
43-3011.00,Bill and Account Collectors,Finance & Accounting
43-3011.00,Bill and Account Collectors,Finance&Accounting
43-3021.00,Billing and Posting Clerks,B.P.C.
43-3021.00,Billing and Posting Clerks,BPC
43-3021.00,Billing and Posting Clerks,Category: Finance & Accounting
43-3021.00,Billing and Posting Clerks,Billing and Posting Clerk
43-3021.00,Billing and Posting Clerks,Billing & Posting Clerks
43-3021.00,Billing and Posting Clerks,Billing / Posting Clerks
43-3021.00,Billing and Posting Clerks,Finance and Accounting
43-3021.00,Billing and Posting Clerks,Finance & Accounting
43-3021.00,Billing and Posting Clerks,Finance&Accounting
43-3031.00,"Bookkeeping, Accounting, and Auditing Clerks",B.A.A.C.
43-3031.00,"Bookkeeping, Accounting, and Auditing Clerks",BAAC
43-3031.00,"Bookkeeping, Accounting, and Auditing Clerks","Bookkeeping, Accounting, and Auditing Clerk"
43-3031.00,"Bookkeeping, Accounting, and Auditing Clerks",Bookkeeping Accounting and Auditing Clerks
43-3031.00,"Bookkeeping, Accounting, and Auditing Clerks","Bookkeeping, Accounting, & Auditing Clerks"
43-3031.00,"Bookkeeping, Accounting, and Auditing Clerks","Bookkeeping, Accounting, / Auditing Clerks"
43-3031.00,"Bookkeeping, Accounting, and Auditing Clerks",Category: Finance & Accounting
43-3031.00,"Bookkeeping, Accounting, and Auditing Clerks",Finance and Accounting
43-3031.00,"Bookkeeping, Accounting, and Auditing Clerks",Finance & Accounting
43-3031.00,"Bookkeeping, Accounting, and Auditing Clerks",Finance&Accounting
43-3041.00,Gambling Cage Workers,G.C.W.
43-3041.00,Gambling Cage Workers,GCW
43-3041.00,Gambling Cage Workers,Category: Finance & Accounting
43-3041.00,Gambling Cage Workers,Finance and Accounting
43-3041.00,Gambling Cage Workers,Finance & Accounting
43-3041.00,Gambling Cage Workers,Gambling Cage Worker
43-3041.00,Gambling Cage Workers,Finance&Accounting
43-3051.00,Payroll and Timekeeping Clerks,P.T.C.
43-3051.00,Payroll and Timekeeping Clerks,PTC
43-3051.00,Payroll and Timekeeping Clerks,Payroll and Timekeeping Clerk
43-3051.00,Payroll and Timekeeping Clerks,Payroll & Timekeeping Clerks
43-3051.00,Payroll and Timekeeping Clerks,Payroll / Timekeeping Clerks
43-3051.00,Payroll and Timekeeping Clerks,Category: Manufacturing
43-3051.00,Payroll and Timekeeping Clerks,Manufacturing
43-3061.00,Procurement Clerks,P.C.
43-3061.00,Procurement Clerks,PC
43-3061.00,Procurement Clerks,Procurement Clerk
43-3061.00,Procurement Clerks,Category: Other
43-3061.00,Procurement Clerks,Other
43-3071.00,Tellers,Category: Other
43-3071.00,Tellers,Teller
43-3071.00,Tellers,Other
43-3099.00,"Financial Clerks, All Other",F.C.A.O.
43-3099.00,"Financial Clerks, All Other",FCAO
43-3099.00,"Financial Clerks, All Other","Financial Clerks, All Others"
43-3099.00,"Financial Clerks, All Other",Financial Clerks All Other
43-3099.00,"Financial Clerks, All Other",Category: Other
43-3099.00,"Financial Clerks, All Other",Other
43-4011.00,Brokerage Clerks,B.C.
43-4011.00,Brokerage Clerks,BC
43-4011.00,Brokerage Clerks,Category: Finance & Accounting
43-4011.00,Brokerage Clerks,Finance and Accounting
43-4011.00,Brokerage Clerks,Finance & Accounting
43-4011.00,Brokerage Clerks,Finance&Accounting
43-4011.00,Brokerage Clerks,Brokerage Clerk
43-4021.00,Correspondence Clerks,C.C.
43-4021.00,Correspondence Clerks,CC
43-4021.00,Correspondence Clerks,Category: Finance & Accounting
43-4021.00,Correspondence Clerks,Finance and Accounting
43-4021.00,Correspondence Clerks,Correspondence Clerk
43-4021.00,Correspondence Clerks,Finance & Accounting
43-4021.00,Correspondence Clerks,Finance&Accounting
43-4031.00,"Court, Municipal, and License Clerks",C.M.L.C.
43-4031.00,"Court, Municipal, and License Clerks",CMLC
43-4031.00,"Court, Municipal, and License Clerks","Court, Municipal, and License Clerk"
43-4031.00,"Court, Municipal, and License Clerks",Court Municipal and License Clerks
43-4031.00,"Court, Municipal, and License Clerks","Court, Municipal, & License Clerks"
43-4031.00,"Court, Municipal, and License Clerks","Court, Municipal, / License Clerks"
43-4031.00,"Court, Municipal, and License Clerks",Category: Finance & Accounting
43-4031.00,"Court, Municipal, and License Clerks",Finance and Accounting
43-4031.00,"Court, Municipal, and License Clerks",Finance & Accounting
43-4031.00,"Court, Municipal, and License Clerks",Finance&Accounting
43-4041.00,"Credit Authorizers, Checkers, and Clerks",C.A.C.C.
43-4041.00,"Credit Authorizers, Checkers, and Clerks",CACC
43-4041.00,"Credit Authorizers, Checkers, and Clerks","Credit Authorizers, Checkers, and Clerk"
43-4041.00,"Credit Authorizers, Checkers, and Clerks",Credit Authorizers Checkers and Clerks
43-4041.00,"Credit Authorizers, Checkers, and Clerks","Credit Authorizers, Checkers, & Clerks"
43-4041.00,"Credit Authorizers, Checkers, and Clerks","Credit Authorizers, Checkers, / Clerks"
43-4041.00,"Credit Authorizers, Checkers, and Clerks",Category: Finance & Accounting
43-4041.00,"Credit Authorizers, Checkers, and Clerks",Finance and Accounting
43-4041.00,"Credit Authorizers, Checkers, and Clerks",Finance & Accounting
43-4041.00,"Credit Authorizers, Checkers, and Clerks",Finance&Accounting
43-4051.00,Customer Service Representatives,C.S.R.
43-4051.00,Customer Service Representatives,C.S.
43-4051.00,Customer Service Representatives,CSR
43-4051.00,Customer Service Representatives,CS
43-4051.00,Customer Service Representatives,Customer Service Representative
43-4051.00,Customer Service Representatives,Customer Service Reps
43-4051.00,Customer Service Representatives,Customer Service
43-4051.00,Customer Service Representatives,Customer Support
43-4051.00,Customer Service Representatives,Category: Sales
43-4051.00,Customer Service Representatives,Sales
43-4061.00,"Eligibility Interviewers, Government Programs",E.I.G.P.
43-4061.00,"Eligibility Interviewers, Government Programs",EIGP
43-4061.00,"Eligibility Interviewers, Government Programs",Eligibility Interviewers Government Programs
43-4061.00,"Eligibility Interviewers, Government Programs","Eligibility Interviewers, Government Program"
43-4061.00,"Eligibility Interviewers, Government Programs",Category: Information Technology
43-4061.00,"Eligibility Interviewers, Government Programs",Information Technology
43-4061.00,"Eligibility Interviewers, Government Programs",InformationTechnology
43-4071.00,File Clerks,F.C.
43-4071.00,File Clerks,FC
43-4071.00,File Clerks,Category: Other
43-4071.00,File Clerks,File Clerk
43-4071.00,File Clerks,Other
43-4081.00,"Hotel, Motel, and Resort Desk Clerks",H.M.R.D.C.
43-4081.00,"Hotel, Motel, and Resort Desk Clerks",HMRDC
43-4081.00,"Hotel, Motel, and Resort Desk Clerks","Hotel, Motel, and Resort Desk Clerk"
43-4081.00,"Hotel, Motel, and Resort Desk Clerks",Hotel Motel and Resort Desk Clerks
43-4081.00,"Hotel, Motel, and Resort Desk Clerks","Hotel, Motel, & Resort Desk Clerks"
43-4081.00,"Hotel, Motel, and Resort Desk Clerks","Hotel, Motel, / Resort Desk Clerks"
43-4081.00,"Hotel, Motel, and Resort Desk Clerks",Category: Finance & Accounting
43-4081.00,"Hotel, Motel, and Resort Desk Clerks",Finance and Accounting
43-4081.00,"Hotel, Motel, and Resort Desk Clerks",Finance & Accounting
43-4081.00,"Hotel, Motel, and Resort Desk Clerks",Finance&Accounting
43-4111.00,"Interviewers, Except Eligibility and Loan",I.E.E.L.
43-4111.00,"Interviewers, Except Eligibility and Loan",IEEL
43-4111.00,"Interviewers, Except Eligibility and Loan","Interviewers, Except Eligibility and Loans"
43-4111.00,"Interviewers, Except Eligibility and Loan",Interviewers Except Eligibility and Loan
43-4111.00,"Interviewers, Except Eligibility and Loan","Interviewers, Except Eligibility & Loan"
43-4111.00,"Interviewers, Except Eligibility and Loan","Interviewers, Except Eligibility / Loan"
43-4111.00,"Interviewers, Except Eligibility and Loan",Category: Other
43-4111.00,"Interviewers, Except Eligibility and Loan",Other
43-4121.00,"Library Assistants, Clerical",L.A.C.
43-4121.00,"Library Assistants, Clerical",LAC
43-4121.00,"Library Assistants, Clerical","Library Assistants, Clericals"
43-4121.00,"Library Assistants, Clerical",Library Assistants Clerical
43-4121.00,"Library Assistants, Clerical",Category: Arts & Media
43-4121.00,"Library Assistants, Clerical",Library Assts Clerical
43-4121.00,"Library Assistants, Clerical",Arts and Media
43-4121.00,"Library Assistants, Clerical",Arts & Media
43-4121.00,"Library Assistants, Clerical",Arts&Media
43-4131.00,Loan Interviewers and Clerks,L.I.C.
43-4131.00,Loan Interviewers and Clerks,LIC
43-4131.00,Loan Interviewers and Clerks,Loan Interviewers and Clerk
43-4131.00,Loan Interviewers and Clerks,Loan Interviewers & Clerks
43-4131.00,Loan Interviewers and Clerks,Loan Interviewers / Clerks
43-4131.00,Loan Interviewers and Clerks,Category: Other
43-4131.00,Loan Interviewers and Clerks,Other
43-4141.00,New Accounts Clerks,N.A.C.
43-4141.00,New Accounts Clerks,NAC
43-4141.00,New Accounts Clerks,Category: Finance & Accounting
43-4141.00,New Accounts Clerks,Finance and Accounting
43-4141.00,New Accounts Clerks,Finance & Accounting
43-4141.00,New Accounts Clerks,Finance&Accounting
43-4141.00,New Accounts Clerks,New Accounts Clerk
43-4151.00,Order Clerks,O.C.
43-4151.00,Order Clerks,OC
43-4151.00,Order Clerks,Category: Other
43-4151.00,Order Clerks,Order Clerk
43-4151.00,Order Clerks,Other
43-4161.00,"Human Resources Assistants, Except Payroll and Timekeeping",H.R.
43-4161.00,"Human Resources Assistants, Except Payroll and Timekeeping",HR
43-4161.00,"Human Resources Assistants, Except Payroll and Timekeeping","Human Resources Assistants, Except Payroll and Timekeepings"
43-4161.00,"Human Resources Assistants, Except Payroll and Timekeeping",Human Resources Assistants Except Payroll and Timekeeping
43-4161.00,"Human Resources Assistants, Except Payroll and Timekeeping","Human Resources Assistants, Except Payroll & Timekeeping"
43-4161.00,"Human Resources Assistants, Except Payroll and Timekeeping","Human Resources Assistants, Except Payroll / Timekeeping"
43-4161.00,"Human Resources Assistants, Except Payroll and Timekeeping",Human Resources Assts Except Payroll and Timekeeping
43-4161.00,"Human Resources Assistants, Except Payroll and Timekeeping",Category: Sales
43-4161.00,"Human Resources Assistants, Except Payroll and Timekeeping",Sales
43-4171.00,Receptionists and Information Clerks,R.I.C.
43-4171.00,Receptionists and Information Clerks,RIC
43-4171.00,Receptionists and Information Clerks,Receptionists and Information Clerk
43-4171.00,Receptionists and Information Clerks,Receptionists & Information Clerks
43-4171.00,Receptionists and Information Clerks,Receptionists / Information Clerks
43-4171.00,Receptionists and Information Clerks,Category: Other
43-4171.00,Receptionists and Information Clerks,Other
43-4181.00,Reservation and Transportation Ticket Agents and Travel Clerks,Reservation and Transportation Ticket Agents and Travel Clerk
43-4181.00,Reservation and Transportation Ticket Agents and Travel Clerks,Reservation & Transportation Ticket Agents & Travel Clerks
43-4181.00,Reservation and Transportation Ticket Agents and Travel Clerks,Reservation / Transportation Ticket Agents / Travel Clerks
43-4181.00,Reservation and Transportation Ticket Agents and Travel Clerks,Category: Transportation
43-4181.00,Reservation and Transportation Ticket Agents and Travel Clerks,Transportation
43-4199.00,"Information and Record Clerks, All Other",I.R.C.A.O.
43-4199.00,"Information and Record Clerks, All Other",IRCAO
43-4199.00,"Information and Record Clerks, All Other","Information and Record Clerks, All Others"
43-4199.00,"Information and Record Clerks, All Other",Information and Record Clerks All Other
43-4199.00,"Information and Record Clerks, All Other","Information & Record Clerks, All Other"
43-4199.00,"Information and Record Clerks, All Other","Information / Record Clerks, All Other"
43-4199.00,"Information and Record Clerks, All Other",Category: Other
43-4199.00,"Information and Record Clerks, All Other",Other
43-5011.00,Cargo and Freight Agents,C.F.A.
43-5011.00,Cargo and Freight Agents,CFA
43-5011.00,Cargo and Freight Agents,Category: Transportation
43-5011.00,Cargo and Freight Agents,Cargo and Freight Agent
43-5011.00,Cargo and Freight Agents,Cargo & Freight Agents
43-5011.00,Cargo and Freight Agents,Cargo / Freight Agents
43-5011.00,Cargo and Freight Agents,Transportation
43-5011.01,Freight Forwarders,F.F.
43-5011.01,Freight Forwarders,FF
43-5011.01,Freight Forwarders,Category: Science & Research
43-5011.01,Freight Forwarders,Science and Research
43-5011.01,Freight Forwarders,Science & Research
43-5011.01,Freight Forwarders,Freight Forwarder
43-5011.01,Freight Forwarders,Science&Research
43-5021.00,Couriers and Messengers,C.M.
43-5021.00,Couriers and Messengers,CM
43-5021.00,Couriers and Messengers,Couriers and Messenger
43-5021.00,Couriers and Messengers,Couriers & Messengers
43-5021.00,Couriers and Messengers,Couriers / Messengers
43-5021.00,Couriers and Messengers,Category: Other
43-5021.00,Couriers and Messengers,Other
43-5031.00,Public Safety Telecommunicators,P.S.T.
43-5031.00,Public Safety Telecommunicators,PST
43-5031.00,Public Safety Telecommunicators,Category: Information Technology
43-5031.00,Public Safety Telecommunicators,Public Safety Telecommunicator
43-5031.00,Public Safety Telecommunicators,Information Technology
43-5031.00,Public Safety Telecommunicators,InformationTechnology
43-5032.00,"Dispatchers, Except Police, Fire, and Ambulance",D.E.P.F.A.
43-5032.00,"Dispatchers, Except Police, Fire, and Ambulance",DEPFA
43-5032.00,"Dispatchers, Except Police, Fire, and Ambulance","Dispatchers, Except Police, Fire, and Ambulances"
43-5032.00,"Dispatchers, Except Police, Fire, and Ambulance","Dispatchers, Except Police, Fire, & Ambulance"
43-5032.00,"Dispatchers, Except Police, Fire, and Ambulance","Dispatchers, Except Police, Fire, / Ambulance"
43-5032.00,"Dispatchers, Except Police, Fire, and Ambulance",Dispatchers Except Police Fire and Ambulance
43-5032.00,"Dispatchers, Except Police, Fire, and Ambulance",Category: Public Safety
43-5032.00,"Dispatchers, Except Police, Fire, and Ambulance",Public Safety
43-5032.00,"Dispatchers, Except Police, Fire, and Ambulance",PublicSafety
43-5041.00,"Meter Readers, Utilities",M.R.U.
43-5041.00,"Meter Readers, Utilities",MRU
43-5041.00,"Meter Readers, Utilities",Meter Readers Utilities
43-5041.00,"Meter Readers, Utilities","Meter Readers, Utility"
43-5041.00,"Meter Readers, Utilities",Category: Other
43-5041.00,"Meter Readers, Utilities",Other
43-5051.00,Postal Service Clerks,P.S.C.
43-5051.00,Postal Service Clerks,PSC
43-5051.00,Postal Service Clerks,Postal Service Clerk
43-5051.00,Postal Service Clerks,Category: Other
43-5051.00,Postal Service Clerks,Other
43-5052.00,Postal Service Mail Carriers,P.S.M.C.
43-5052.00,Postal Service Mail Carriers,PSMC
43-5052.00,Postal Service Mail Carriers,Postal Service Mail Carrier
43-5052.00,Postal Service Mail Carriers,Category: Other
43-5052.00,Postal Service Mail Carriers,Other
43-5053.00,"Postal Service Mail Sorters, Processors, and Processing Machine Operators","Postal Service Mail Sorters, Processors, and Processing Machine Operator"
43-5053.00,"Postal Service Mail Sorters, Processors, and Processing Machine Operators",Postal Service Mail Sorters Processors and Processing Machine Operators
43-5053.00,"Postal Service Mail Sorters, Processors, and Processing Machine Operators","Postal Service Mail Sorters, Processors, & Processing Machine Operators"
43-5053.00,"Postal Service Mail Sorters, Processors, and Processing Machine Operators","Postal Service Mail Sorters, Processors, / Processing Machine Operators"
43-5053.00,"Postal Service Mail Sorters, Processors, and Processing Machine Operators",Category: Manufacturing
43-5053.00,"Postal Service Mail Sorters, Processors, and Processing Machine Operators",Manufacturing
43-5061.00,"Production, Planning, and Expediting Clerks",P.P.E.C.
43-5061.00,"Production, Planning, and Expediting Clerks",PPEC
43-5061.00,"Production, Planning, and Expediting Clerks","Production, Planning, and Expediting Clerk"
43-5061.00,"Production, Planning, and Expediting Clerks",Production Planning and Expediting Clerks
43-5061.00,"Production, Planning, and Expediting Clerks","Production, Planning, & Expediting Clerks"
43-5061.00,"Production, Planning, and Expediting Clerks","Production, Planning, / Expediting Clerks"
43-5061.00,"Production, Planning, and Expediting Clerks",Category: Manufacturing
43-5061.00,"Production, Planning, and Expediting Clerks",Manufacturing
43-5071.00,"Shipping, Receiving, and Inventory Clerks",S.R.I.C.
43-5071.00,"Shipping, Receiving, and Inventory Clerks",SRIC
43-5071.00,"Shipping, Receiving, and Inventory Clerks","Shipping, Receiving, and Inventory Clerk"
43-5071.00,"Shipping, Receiving, and Inventory Clerks",Shipping Receiving and Inventory Clerks
43-5071.00,"Shipping, Receiving, and Inventory Clerks","Shipping, Receiving, & Inventory Clerks"
43-5071.00,"Shipping, Receiving, and Inventory Clerks","Shipping, Receiving, / Inventory Clerks"
43-5071.00,"Shipping, Receiving, and Inventory Clerks",Category: Transportation
43-5071.00,"Shipping, Receiving, and Inventory Clerks",Transportation
43-5111.00,"Weighers, Measurers, Checkers, and Samplers, Recordkeeping",W.M.C.S.R.
43-5111.00,"Weighers, Measurers, Checkers, and Samplers, Recordkeeping",WMCSR
43-5111.00,"Weighers, Measurers, Checkers, and Samplers, Recordkeeping","Weighers, Measurers, Checkers, and Samplers, Recordkeepings"
43-5111.00,"Weighers, Measurers, Checkers, and Samplers, Recordkeeping","Weighers, Measurers, Checkers, & Samplers, Recordkeeping"
43-5111.00,"Weighers, Measurers, Checkers, and Samplers, Recordkeeping","Weighers, Measurers, Checkers, / Samplers, Recordkeeping"
43-5111.00,"Weighers, Measurers, Checkers, and Samplers, Recordkeeping",Weighers Measurers Checkers and Samplers Recordkeeping
43-5111.00,"Weighers, Measurers, Checkers, and Samplers, Recordkeeping",Category: Other
43-5111.00,"Weighers, Measurers, Checkers, and Samplers, Recordkeeping",Other
43-6011.00,Executive Secretaries and Executive Administrative Assistants,E.S.E.A.A.
43-6011.00,Executive Secretaries and Executive Administrative Assistants,ESEAA
43-6011.00,Executive Secretaries and Executive Administrative Assistants,Executive Secretaries and Executive Administrative Assistant
43-6011.00,Executive Secretaries and Executive Administrative Assistants,Executive Secretaries & Executive Administrative Assistants
43-6011.00,Executive Secretaries and Executive Administrative Assistants,Executive Secretaries / Executive Administrative Assistants
43-6011.00,Executive Secretaries and Executive Administrative Assistants,Exec Secretaries and Executive Administrative Assistants
43-6011.00,Executive Secretaries and Executive Administrative Assistants,Executive Secretaries and Exec Administrative Assistants
43-6011.00,Executive Secretaries and Executive Administrative Assistants,Executive Secretaries and Executive Administrative Assts
43-6011.00,Executive Secretaries and Executive Administrative Assistants,Executive Secretaries and Executive Administrative
43-6011.00,Executive Secretaries and Executive Administrative Assistants,Category: Science & Research
43-6011.00,Executive Secretaries and Executive Administrative Assistants,Science and Research
43-6011.00,Executive Secretaries and Executive Administrative Assistants,Science & Research
43-6011.00,Executive Secretaries and Executive Administrative Assistants,Science&Research
43-6012.00,Legal Secretaries and Administrative Assistants,L.S.A.A.
43-6012.00,Legal Secretaries and Administrative Assistants,LSAA
43-6012.00,Legal Secretaries and Administrative Assistants,Legal Secretaries and Administrative Assistant
43-6012.00,Legal Secretaries and Administrative Assistants,Legal Secretaries & Administrative Assistants
43-6012.00,Legal Secretaries and Administrative Assistants,Legal Secretaries / Administrative Assistants
43-6012.00,Legal Secretaries and Administrative Assistants,Legal Secretaries and Administrative Assts
43-6012.00,Legal Secretaries and Administrative Assistants,Legal Secretaries and Administrative
43-6012.00,Legal Secretaries and Administrative Assistants,Category: Science & Research
43-6012.00,Legal Secretaries and Administrative Assistants,Science and Research
43-6012.00,Legal Secretaries and Administrative Assistants,Science & Research
43-6012.00,Legal Secretaries and Administrative Assistants,Science&Research
43-6013.00,Medical Secretaries and Administrative Assistants,M.S.A.A.
43-6013.00,Medical Secretaries and Administrative Assistants,MSAA
43-6013.00,Medical Secretaries and Administrative Assistants,Medical Secretaries and Administrative Assistant
43-6013.00,Medical Secretaries and Administrative Assistants,Medical Secretaries & Administrative Assistants
43-6013.00,Medical Secretaries and Administrative Assistants,Medical Secretaries / Administrative Assistants
43-6013.00,Medical Secretaries and Administrative Assistants,Medical Secretaries and Administrative Assts
43-6013.00,Medical Secretaries and Administrative Assistants,Medical Secretaries and Administrative
43-6013.00,Medical Secretaries and Administrative Assistants,Category: Healthcare
43-6013.00,Medical Secretaries and Administrative Assistants,Healthcare
43-6014.00,"Secretaries and Administrative Assistants, Except Legal, Medical, and Executive","Secretaries and Administrative Assistants, Except Legal, Medical, and Executives"
43-6014.00,"Secretaries and Administrative Assistants, Except Legal, Medical, and Executive",Secretaries and Administrative Assistants Except Legal Medical and Executive
43-6014.00,"Secretaries and Administrative Assistants, Except Legal, Medical, and Executive","Secretaries & Administrative Assistants, Except Legal, Medical, & Executive"
43-6014.00,"Secretaries and Administrative Assistants, Except Legal, Medical, and Executive","Secretaries / Administrative Assistants, Except Legal, Medical, / Executive"
43-6014.00,"Secretaries and Administrative Assistants, Except Legal, Medical, and Executive","Secretaries and Administrative Assistants, Except Legal, Medical, and Exec"
43-6014.00,"Secretaries and Administrative Assistants, Except Legal, Medical, and Executive","Secretaries and Administrative Assts Except Legal, Medical, and Executive"
43-6014.00,"Secretaries and Administrative Assistants, Except Legal, Medical, and Executive",Category: Healthcare
43-6014.00,"Secretaries and Administrative Assistants, Except Legal, Medical, and Executive",Healthcare
43-9021.00,Data Entry Keyers,D.E.K.
43-9021.00,Data Entry Keyers,DEK
43-9021.00,Data Entry Keyers,Data Entry Keyer
43-9021.00,Data Entry Keyers,Category: Other
43-9021.00,Data Entry Keyers,Other
43-9022.00,Word Processors and Typists,W.P.T.
43-9022.00,Word Processors and Typists,WPT
43-9022.00,Word Processors and Typists,Word Processors and Typist
43-9022.00,Word Processors and Typists,Word Processors & Typists
43-9022.00,Word Processors and Typists,Word Processors / Typists
43-9022.00,Word Processors and Typists,Category: Arts & Media
43-9022.00,Word Processors and Typists,Arts and Media
43-9022.00,Word Processors and Typists,Arts & Media
43-9022.00,Word Processors and Typists,Arts&Media
43-9031.00,Desktop Publishers,D.P.
43-9031.00,Desktop Publishers,DP
43-9031.00,Desktop Publishers,Category: Information Technology
43-9031.00,Desktop Publishers,Information Technology
43-9031.00,Desktop Publishers,InformationTechnology
43-9031.00,Desktop Publishers,Desktop Publisher
43-9041.00,Insurance Claims and Policy Processing Clerks,I.C.P.P.C.
43-9041.00,Insurance Claims and Policy Processing Clerks,ICPPC
43-9041.00,Insurance Claims and Policy Processing Clerks,Insurance Claims and Policy Processing Clerk
43-9041.00,Insurance Claims and Policy Processing Clerks,Insurance Claims & Policy Processing Clerks
43-9041.00,Insurance Claims and Policy Processing Clerks,Insurance Claims / Policy Processing Clerks
43-9041.00,Insurance Claims and Policy Processing Clerks,Category: Legal & Government
43-9041.00,Insurance Claims and Policy Processing Clerks,Legal and Government
43-9041.00,Insurance Claims and Policy Processing Clerks,Legal & Government
43-9041.00,Insurance Claims and Policy Processing Clerks,Legal&Government
43-9051.00,"Mail Clerks and Mail Machine Operators, Except Postal Service","Mail Clerks and Mail Machine Operators, Except Postal Services"
43-9051.00,"Mail Clerks and Mail Machine Operators, Except Postal Service",Mail Clerks and Mail Machine Operators Except Postal Service
43-9051.00,"Mail Clerks and Mail Machine Operators, Except Postal Service","Mail Clerks & Mail Machine Operators, Except Postal Service"
43-9051.00,"Mail Clerks and Mail Machine Operators, Except Postal Service","Mail Clerks / Mail Machine Operators, Except Postal Service"
43-9051.00,"Mail Clerks and Mail Machine Operators, Except Postal Service",Category: Manufacturing
43-9051.00,"Mail Clerks and Mail Machine Operators, Except Postal Service",Manufacturing
43-9061.00,"Office Clerks, General",O.C.G.
43-9061.00,"Office Clerks, General",OCG
43-9061.00,"Office Clerks, General",Category: Finance & Accounting
43-9061.00,"Office Clerks, General","Office Clerks, Generals"
43-9061.00,"Office Clerks, General",Finance and Accounting
43-9061.00,"Office Clerks, General",Office Clerks General
43-9061.00,"Office Clerks, General",Finance & Accounting
43-9061.00,"Office Clerks, General",Finance&Accounting
43-9071.00,"Office Machine Operators, Except Computer",O.M.O.E.C.
43-9071.00,"Office Machine Operators, Except Computer",OMOEC
43-9071.00,"Office Machine Operators, Except Computer","Office Machine Operators, Except Computers"
43-9071.00,"Office Machine Operators, Except Computer",Office Machine Operators Except Computer
43-9071.00,"Office Machine Operators, Except Computer",Category: Manufacturing
43-9071.00,"Office Machine Operators, Except Computer",Manufacturing
43-9081.00,Proofreaders and Copy Markers,P.C.M.
43-9081.00,Proofreaders and Copy Markers,PCM
43-9081.00,Proofreaders and Copy Markers,Proofreaders and Copy Marker
43-9081.00,Proofreaders and Copy Markers,Proofreaders & Copy Markers
43-9081.00,Proofreaders and Copy Markers,Proofreaders / Copy Markers
43-9081.00,Proofreaders and Copy Markers,Category: Transportation
43-9081.00,Proofreaders and Copy Markers,Transportation
43-9111.00,Statistical Assistants,S.A.
43-9111.00,Statistical Assistants,SA
43-9111.00,Statistical Assistants,Category: Finance & Accounting
43-9111.00,Statistical Assistants,Finance and Accounting
43-9111.00,Statistical Assistants,Statistical Assistant
43-9111.00,Statistical Assistants,Finance & Accounting
43-9111.00,Statistical Assistants,Finance&Accounting
43-9111.00,Statistical Assistants,Statistical Assts
43-9111.00,Statistical Assistants,Statistical
43-9199.00,"Office and Administrative Support Workers, All Other","Office and Administrative Support Workers, All Others"
43-9199.00,"Office and Administrative Support Workers, All Other",Office and Administrative Support Workers All Other
43-9199.00,"Office and Administrative Support Workers, All Other","Office & Administrative Support Workers, All Other"
43-9199.00,"Office and Administrative Support Workers, All Other","Office / Administrative Support Workers, All Other"
43-9199.00,"Office and Administrative Support Workers, All Other",Category: Other
43-9199.00,"Office and Administrative Support Workers, All Other",Other
45-1011.00,"First-Line Supervisors of Farming, Fishing, and Forestry Workers","First-Line Supervisors of Farming, Fishing, and Forestry Worker"
45-1011.00,"First-Line Supervisors of Farming, Fishing, and Forestry Workers",First-Line Supervisors of Farming Fishing and Forestry Workers
45-1011.00,"First-Line Supervisors of Farming, Fishing, and Forestry Workers","First-Line Supervisors of Farming, Fishing, & Forestry Workers"
45-1011.00,"First-Line Supervisors of Farming, Fishing, and Forestry Workers","First-Line Supervisors of Farming, Fishing, / Forestry Workers"
45-1011.00,"First-Line Supervisors of Farming, Fishing, and Forestry Workers","First-Line Sups of Farming, Fishing, and Forestry Workers"
45-1011.00,"First-Line Supervisors of Farming, Fishing, and Forestry Workers",Category: Business & Management
45-1011.00,"First-Line Supervisors of Farming, Fishing, and Forestry Workers",Business and Management
45-1011.00,"First-Line Supervisors of Farming, Fishing, and Forestry Workers",Business & Management
45-1011.00,"First-Line Supervisors of Farming, Fishing, and Forestry Workers",Business&Management
45-2011.00,Agricultural Inspectors,A.I.
45-2011.00,Agricultural Inspectors,AI
45-2011.00,Agricultural Inspectors,Agricultural Inspector
45-2011.00,Agricultural Inspectors,Category: Healthcare
45-2011.00,Agricultural Inspectors,Healthcare
45-2021.00,Animal Breeders,A.B.
45-2021.00,Animal Breeders,AB
45-2021.00,Animal Breeders,Category: Other
45-2021.00,Animal Breeders,Animal Breeder
45-2021.00,Animal Breeders,Other
45-2041.00,"Graders and Sorters, Agricultural Products",G.S.A.P.
45-2041.00,"Graders and Sorters, Agricultural Products",GSAP
45-2041.00,"Graders and Sorters, Agricultural Products",Graders and Sorters Agricultural Products
45-2041.00,"Graders and Sorters, Agricultural Products","Graders and Sorters, Agricultural Product"
45-2041.00,"Graders and Sorters, Agricultural Products","Graders & Sorters, Agricultural Products"
45-2041.00,"Graders and Sorters, Agricultural Products","Graders / Sorters, Agricultural Products"
45-2041.00,"Graders and Sorters, Agricultural Products",Category: Hospitality & Food
45-2041.00,"Graders and Sorters, Agricultural Products",Hospitality and Food
45-2041.00,"Graders and Sorters, Agricultural Products",Hospitality & Food
45-2041.00,"Graders and Sorters, Agricultural Products",Hospitality&Food
45-2091.00,Agricultural Equipment Operators,A.E.O.
45-2091.00,Agricultural Equipment Operators,AEO
45-2091.00,Agricultural Equipment Operators,Agricultural Equipment Operator
45-2091.00,Agricultural Equipment Operators,Category: Manufacturing
45-2091.00,Agricultural Equipment Operators,Manufacturing
45-2092.00,"Farmworkers and Laborers, Crop, Nursery, and Greenhouse",F.L.C.N.G.
45-2092.00,"Farmworkers and Laborers, Crop, Nursery, and Greenhouse",FLCNG
45-2092.00,"Farmworkers and Laborers, Crop, Nursery, and Greenhouse","Farmworkers and Laborers, Crop, Nursery, and Greenhouses"
45-2092.00,"Farmworkers and Laborers, Crop, Nursery, and Greenhouse",Farmworkers and Laborers Crop Nursery and Greenhouse
45-2092.00,"Farmworkers and Laborers, Crop, Nursery, and Greenhouse","Farmworkers & Laborers, Crop, Nursery, & Greenhouse"
45-2092.00,"Farmworkers and Laborers, Crop, Nursery, and Greenhouse","Farmworkers / Laborers, Crop, Nursery, / Greenhouse"
45-2092.00,"Farmworkers and Laborers, Crop, Nursery, and Greenhouse",Category: Healthcare
45-2092.00,"Farmworkers and Laborers, Crop, Nursery, and Greenhouse",Healthcare
45-2093.00,"Farmworkers, Farm, Ranch, and Aquacultural Animals",F.F.R.A.A.
45-2093.00,"Farmworkers, Farm, Ranch, and Aquacultural Animals",FFRAA
45-2093.00,"Farmworkers, Farm, Ranch, and Aquacultural Animals","Farmworkers, Farm, Ranch, and Aquacultural Animal"
45-2093.00,"Farmworkers, Farm, Ranch, and Aquacultural Animals","Farmworkers, Farm, Ranch, & Aquacultural Animals"
45-2093.00,"Farmworkers, Farm, Ranch, and Aquacultural Animals","Farmworkers, Farm, Ranch, / Aquacultural Animals"
45-2093.00,"Farmworkers, Farm, Ranch, and Aquacultural Animals",Farmworkers Farm Ranch and Aquacultural Animals
45-2093.00,"Farmworkers, Farm, Ranch, and Aquacultural Animals",Category: Marketing & Communications
45-2093.00,"Farmworkers, Farm, Ranch, and Aquacultural Animals",Marketing and Communications
45-2093.00,"Farmworkers, Farm, Ranch, and Aquacultural Animals",Marketing & Communications
45-2093.00,"Farmworkers, Farm, Ranch, and Aquacultural Animals",Marketing&Communications
45-2099.00,"Agricultural Workers, All Other",A.W.A.O.
45-2099.00,"Agricultural Workers, All Other",AWAO
45-2099.00,"Agricultural Workers, All Other","Agricultural Workers, All Others"
45-2099.00,"Agricultural Workers, All Other",Agricultural Workers All Other
45-2099.00,"Agricultural Workers, All Other",Category: Agriculture
45-2099.00,"Agricultural Workers, All Other",Agriculture
45-3031.00,Fishing and Hunting Workers,F.H.W.
45-3031.00,Fishing and Hunting Workers,FHW
45-3031.00,Fishing and Hunting Workers,Fishing and Hunting Worker
45-3031.00,Fishing and Hunting Workers,Fishing & Hunting Workers
45-3031.00,Fishing and Hunting Workers,Fishing / Hunting Workers
45-3031.00,Fishing and Hunting Workers,Category: Manufacturing
45-3031.00,Fishing and Hunting Workers,Manufacturing
45-4011.00,Forest and Conservation Workers,F.C.W.
45-4011.00,Forest and Conservation Workers,FCW
45-4011.00,Forest and Conservation Workers,Forest and Conservation Worker
45-4011.00,Forest and Conservation Workers,Forest & Conservation Workers
45-4011.00,Forest and Conservation Workers,Forest / Conservation Workers
45-4011.00,Forest and Conservation Workers,Category: Manufacturing
45-4011.00,Forest and Conservation Workers,Manufacturing
45-4021.00,Fallers,Category: Other
45-4021.00,Fallers,Faller
45-4021.00,Fallers,Other
45-4022.00,Logging Equipment Operators,L.E.O.
45-4022.00,Logging Equipment Operators,LEO
45-4022.00,Logging Equipment Operators,Logging Equipment Operator
45-4022.00,Logging Equipment Operators,Category: Other
45-4022.00,Logging Equipment Operators,Other
45-4023.00,Log Graders and Scalers,L.G.S.
45-4023.00,Log Graders and Scalers,LGS
45-4023.00,Log Graders and Scalers,Log Graders and Scaler
45-4023.00,Log Graders and Scalers,Log Graders & Scalers
45-4023.00,Log Graders and Scalers,Log Graders / Scalers
45-4023.00,Log Graders and Scalers,Category: Other
45-4023.00,Log Graders and Scalers,Other
45-4029.00,"Logging Workers, All Other",L.W.A.O.
45-4029.00,"Logging Workers, All Other",LWAO
45-4029.00,"Logging Workers, All Other","Logging Workers, All Others"
45-4029.00,"Logging Workers, All Other",Logging Workers All Other
45-4029.00,"Logging Workers, All Other",Category: Other
45-4029.00,"Logging Workers, All Other",Other
47-1011.00,First-Line Supervisors of Construction Trades and Extraction Workers,First-Line Supervisors of Construction Trades and Extraction Worker
47-1011.00,First-Line Supervisors of Construction Trades and Extraction Workers,First-Line Supervisors of Construction Trades & Extraction Workers
47-1011.00,First-Line Supervisors of Construction Trades and Extraction Workers,First-Line Supervisors of Construction Trades / Extraction Workers
47-1011.00,First-Line Supervisors of Construction Trades and Extraction Workers,First-Line Sups of Construction Trades and Extraction Workers
47-1011.00,First-Line Supervisors of Construction Trades and Extraction Workers,Category: Skilled Trades
47-1011.00,First-Line Supervisors of Construction Trades and Extraction Workers,Skilled Trades
47-1011.00,First-Line Supervisors of Construction Trades and Extraction Workers,SkilledTrades
47-1011.03,Solar Energy Installation Managers,S.E.I.M.
47-1011.03,Solar Energy Installation Managers,SEIM
47-1011.03,Solar Energy Installation Managers,Solar Energy Installation Manager
47-1011.03,Solar Energy Installation Managers,Category: Business & Management
47-1011.03,Solar Energy Installation Managers,Solar Energy Installation Mgrs
47-1011.03,Solar Energy Installation Managers,Solar Energy Installation
47-1011.03,Solar Energy Installation Managers,Business and Management
47-1011.03,Solar Energy Installation Managers,Business & Management
47-1011.03,Solar Energy Installation Managers,Business&Management
47-2011.00,Boilermakers,Category: Other
47-2011.00,Boilermakers,Boilermaker
47-2011.00,Boilermakers,Other
47-2021.00,Brickmasons and Blockmasons,B.B.
47-2021.00,Brickmasons and Blockmasons,BB
47-2021.00,Brickmasons and Blockmasons,Brickmasons and Blockmason
47-2021.00,Brickmasons and Blockmasons,Brickmasons & Blockmasons
47-2021.00,Brickmasons and Blockmasons,Brickmasons / Blockmasons
47-2021.00,Brickmasons and Blockmasons,Category: Other
47-2021.00,Brickmasons and Blockmasons,Other
47-2022.00,Stonemasons,Category: Other
47-2022.00,Stonemasons,Stonemason
47-2022.00,Stonemasons,Other
47-2031.00,Carpenters,Category: Skilled Trades
47-2031.00,Carpenters,Skilled Trades
47-2031.00,Carpenters,SkilledTrades
47-2031.00,Carpenters,Carpenter
47-2041.00,Carpet Installers,C.I.
47-2041.00,Carpet Installers,CI
47-2041.00,Carpet Installers,Carpet Installer
47-2041.00,Carpet Installers,Category: Other
47-2041.00,Carpet Installers,Other
47-2042.00,"Floor Layers, Except Carpet, Wood, and Hard Tiles","Floor Layers, Except Carpet, Wood, and Hard Tile"
47-2042.00,"Floor Layers, Except Carpet, Wood, and Hard Tiles","Floor Layers, Except Carpet, Wood, & Hard Tiles"
47-2042.00,"Floor Layers, Except Carpet, Wood, and Hard Tiles","Floor Layers, Except Carpet, Wood, / Hard Tiles"
47-2042.00,"Floor Layers, Except Carpet, Wood, and Hard Tiles",Floor Layers Except Carpet Wood and Hard Tiles
47-2042.00,"Floor Layers, Except Carpet, Wood, and Hard Tiles",Category: Other
47-2042.00,"Floor Layers, Except Carpet, Wood, and Hard Tiles",Other
47-2043.00,Floor Sanders and Finishers,F.S.F.
47-2043.00,Floor Sanders and Finishers,FSF
47-2043.00,Floor Sanders and Finishers,Floor Sanders and Finisher
47-2043.00,Floor Sanders and Finishers,Floor Sanders & Finishers
47-2043.00,Floor Sanders and Finishers,Floor Sanders / Finishers
47-2043.00,Floor Sanders and Finishers,Category: Other
47-2043.00,Floor Sanders and Finishers,Other
47-2044.00,Tile and Stone Setters,T.S.S.
47-2044.00,Tile and Stone Setters,TSS
47-2044.00,Tile and Stone Setters,Tile and Stone Setter
47-2044.00,Tile and Stone Setters,Tile & Stone Setters
47-2044.00,Tile and Stone Setters,Tile / Stone Setters
47-2044.00,Tile and Stone Setters,Category: Other
47-2044.00,Tile and Stone Setters,Other
47-2051.00,Cement Masons and Concrete Finishers,C.M.C.F.
47-2051.00,Cement Masons and Concrete Finishers,CMCF
47-2051.00,Cement Masons and Concrete Finishers,Cement Masons and Concrete Finisher
47-2051.00,Cement Masons and Concrete Finishers,Cement Masons & Concrete Finishers
47-2051.00,Cement Masons and Concrete Finishers,Cement Masons / Concrete Finishers
47-2051.00,Cement Masons and Concrete Finishers,Category: Other
47-2051.00,Cement Masons and Concrete Finishers,Other
47-2053.00,Terrazzo Workers and Finishers,T.W.F.
47-2053.00,Terrazzo Workers and Finishers,TWF
47-2053.00,Terrazzo Workers and Finishers,Terrazzo Workers and Finisher
47-2053.00,Terrazzo Workers and Finishers,Terrazzo Workers & Finishers
47-2053.00,Terrazzo Workers and Finishers,Terrazzo Workers / Finishers
47-2053.00,Terrazzo Workers and Finishers,Category: Other
47-2053.00,Terrazzo Workers and Finishers,Other
47-2061.00,Construction Laborers,C.L.
47-2061.00,Construction Laborers,CL
47-2061.00,Construction Laborers,Category: Engineering
47-2061.00,Construction Laborers,Construction Laborer
47-2061.00,Construction Laborers,Engineering
47-2071.00,"Paving, Surfacing, and Tamping Equipment Operators",P.S.T.E.O.
47-2071.00,"Paving, Surfacing, and Tamping Equipment Operators",PSTEO
47-2071.00,"Paving, Surfacing, and Tamping Equipment Operators","Paving, Surfacing, and Tamping Equipment Operator"
47-2071.00,"Paving, Surfacing, and Tamping Equipment Operators",Paving Surfacing and Tamping Equipment Operators
47-2071.00,"Paving, Surfacing, and Tamping Equipment Operators","Paving, Surfacing, & Tamping Equipment Operators"
47-2071.00,"Paving, Surfacing, and Tamping Equipment Operators","Paving, Surfacing, / Tamping Equipment Operators"
47-2071.00,"Paving, Surfacing, and Tamping Equipment Operators",Category: Finance & Accounting
47-2071.00,"Paving, Surfacing, and Tamping Equipment Operators",Finance and Accounting
47-2071.00,"Paving, Surfacing, and Tamping Equipment Operators",Finance & Accounting
47-2071.00,"Paving, Surfacing, and Tamping Equipment Operators",Finance&Accounting
47-2072.00,Pile Driver Operators,P.D.O.
47-2072.00,Pile Driver Operators,PDO
47-2072.00,Pile Driver Operators,Category: Transportation
47-2072.00,Pile Driver Operators,Pile Driver Operator
47-2072.00,Pile Driver Operators,Transportation
47-2073.00,Operating Engineers and Other Construction Equipment Operators,Operating Engineers and Other Construction Equipment Operator
47-2073.00,Operating Engineers and Other Construction Equipment Operators,Operating Engineers & Other Construction Equipment Operators
47-2073.00,Operating Engineers and Other Construction Equipment Operators,Operating Engineers / Other Construction Equipment Operators
47-2073.00,Operating Engineers and Other Construction Equipment Operators,Operating Engs and Other Construction Equipment Operators
47-2073.00,Operating Engineers and Other Construction Equipment Operators,Category: Engineering
47-2073.00,Operating Engineers and Other Construction Equipment Operators,Engineering
47-2081.00,Drywall and Ceiling Tile Installers,D.C.T.I.
47-2081.00,Drywall and Ceiling Tile Installers,DCTI
47-2081.00,Drywall and Ceiling Tile Installers,Drywall and Ceiling Tile Installer
47-2081.00,Drywall and Ceiling Tile Installers,Drywall & Ceiling Tile Installers
47-2081.00,Drywall and Ceiling Tile Installers,Drywall / Ceiling Tile Installers
47-2081.00,Drywall and Ceiling Tile Installers,Category: Other
47-2081.00,Drywall and Ceiling Tile Installers,Other
47-2082.00,Tapers,Category: Other
47-2082.00,Tapers,Other
47-2082.00,Tapers,Taper
47-2111.00,Electricians,Category: Engineering
47-2111.00,Electricians,Electrician
47-2111.00,Electricians,Engineering
47-2121.00,Glaziers,Category: Other
47-2121.00,Glaziers,Glazier
47-2121.00,Glaziers,Other
47-2131.00,"Insulation Workers, Floor, Ceiling, and Wall",I.W.F.C.W.
47-2131.00,"Insulation Workers, Floor, Ceiling, and Wall",IWFCW
47-2131.00,"Insulation Workers, Floor, Ceiling, and Wall","Insulation Workers, Floor, Ceiling, and Walls"
47-2131.00,"Insulation Workers, Floor, Ceiling, and Wall","Insulation Workers, Floor, Ceiling, & Wall"
47-2131.00,"Insulation Workers, Floor, Ceiling, and Wall","Insulation Workers, Floor, Ceiling, / Wall"
47-2131.00,"Insulation Workers, Floor, Ceiling, and Wall",Insulation Workers Floor Ceiling and Wall
47-2131.00,"Insulation Workers, Floor, Ceiling, and Wall",Category: Other
47-2131.00,"Insulation Workers, Floor, Ceiling, and Wall",Other
47-2132.00,"Insulation Workers, Mechanical",I.W.M.
47-2132.00,"Insulation Workers, Mechanical",IWM
47-2132.00,"Insulation Workers, Mechanical","Insulation Workers, Mechanicals"
47-2132.00,"Insulation Workers, Mechanical",Insulation Workers Mechanical
47-2132.00,"Insulation Workers, Mechanical",Category: Engineering
47-2132.00,"Insulation Workers, Mechanical",Engineering
47-2141.00,"Painters, Construction and Maintenance",P.C.M.
47-2141.00,"Painters, Construction and Maintenance",PCM
47-2141.00,"Painters, Construction and Maintenance","Painters, Construction and Maintenances"
47-2141.00,"Painters, Construction and Maintenance",Painters Construction and Maintenance
47-2141.00,"Painters, Construction and Maintenance","Painters, Construction & Maintenance"
47-2141.00,"Painters, Construction and Maintenance","Painters, Construction / Maintenance"
47-2141.00,"Painters, Construction and Maintenance",Category: Skilled Trades
47-2141.00,"Painters, Construction and Maintenance",Skilled Trades
47-2141.00,"Painters, Construction and Maintenance",SkilledTrades
47-2142.00,Paperhangers,Category: Marketing & Communications
47-2142.00,Paperhangers,Marketing and Communications
47-2142.00,Paperhangers,Marketing & Communications
47-2142.00,Paperhangers,Marketing&Communications
47-2142.00,Paperhangers,Paperhanger
47-2151.00,Pipelayers,Category: Other
47-2151.00,Pipelayers,Pipelayer
47-2151.00,Pipelayers,Other
47-2152.00,"Plumbers, Pipefitters, and Steamfitters",P.P.S.
47-2152.00,"Plumbers, Pipefitters, and Steamfitters",PPS
47-2152.00,"Plumbers, Pipefitters, and Steamfitters","Plumbers, Pipefitters, and Steamfitter"
47-2152.00,"Plumbers, Pipefitters, and Steamfitters",Plumbers Pipefitters and Steamfitters
47-2152.00,"Plumbers, Pipefitters, and Steamfitters","Plumbers, Pipefitters, & Steamfitters"
47-2152.00,"Plumbers, Pipefitters, and Steamfitters","Plumbers, Pipefitters, / Steamfitters"
47-2152.00,"Plumbers, Pipefitters, and Steamfitters",Category: Engineering
47-2152.00,"Plumbers, Pipefitters, and Steamfitters",Engineering
47-2152.04,Solar Thermal Installers and Technicians,S.T.I.T.
47-2152.04,Solar Thermal Installers and Technicians,STIT
47-2152.04,Solar Thermal Installers and Technicians,Solar Thermal Installers and Technician
47-2152.04,Solar Thermal Installers and Technicians,Solar Thermal Installers & Technicians
47-2152.04,Solar Thermal Installers and Technicians,Solar Thermal Installers / Technicians
47-2152.04,Solar Thermal Installers and Technicians,Solar Thermal Installers and Techs
47-2152.04,Solar Thermal Installers and Technicians,Solar Thermal Installers and
47-2152.04,Solar Thermal Installers and Technicians,Category: Other
47-2152.04,Solar Thermal Installers and Technicians,Other
47-2161.00,Plasterers and Stucco Masons,P.S.M.
47-2161.00,Plasterers and Stucco Masons,PSM
47-2161.00,Plasterers and Stucco Masons,Plasterers and Stucco Mason
47-2161.00,Plasterers and Stucco Masons,Plasterers & Stucco Masons
47-2161.00,Plasterers and Stucco Masons,Plasterers / Stucco Masons
47-2161.00,Plasterers and Stucco Masons,Category: Other
47-2161.00,Plasterers and Stucco Masons,Other
47-2171.00,Reinforcing Iron and Rebar Workers,R.I.R.W.
47-2171.00,Reinforcing Iron and Rebar Workers,RIRW
47-2171.00,Reinforcing Iron and Rebar Workers,Reinforcing Iron and Rebar Worker
47-2171.00,Reinforcing Iron and Rebar Workers,Reinforcing Iron & Rebar Workers
47-2171.00,Reinforcing Iron and Rebar Workers,Reinforcing Iron / Rebar Workers
47-2171.00,Reinforcing Iron and Rebar Workers,Category: Other
47-2171.00,Reinforcing Iron and Rebar Workers,Other
47-2181.00,Roofers,Category: Other
47-2181.00,Roofers,Roofer
47-2181.00,Roofers,Other
47-2211.00,Sheet Metal Workers,S.M.W.
47-2211.00,Sheet Metal Workers,SMW
47-2211.00,Sheet Metal Workers,Category: Manufacturing
47-2211.00,Sheet Metal Workers,Sheet Metal Worker
47-2211.00,Sheet Metal Workers,Manufacturing
47-2221.00,Structural Iron and Steel Workers,S.I.S.W.
47-2221.00,Structural Iron and Steel Workers,SISW
47-2221.00,Structural Iron and Steel Workers,Structural Iron and Steel Worker
47-2221.00,Structural Iron and Steel Workers,Structural Iron & Steel Workers
47-2221.00,Structural Iron and Steel Workers,Structural Iron / Steel Workers
47-2221.00,Structural Iron and Steel Workers,Category: Manufacturing
47-2221.00,Structural Iron and Steel Workers,Manufacturing
47-2231.00,Solar Photovoltaic Installers,S.P.I.
47-2231.00,Solar Photovoltaic Installers,SPI
47-2231.00,Solar Photovoltaic Installers,Solar Photovoltaic Installer
47-2231.00,Solar Photovoltaic Installers,Category: Engineering
47-2231.00,Solar Photovoltaic Installers,Engineering
47-3011.00,"Helpers--Brickmasons, Blockmasons, Stonemasons, and Tile and Marble Setters","Helpers--Brickmasons, Blockmasons, Stonemasons, and Tile and Marble Setter"
47-3011.00,"Helpers--Brickmasons, Blockmasons, Stonemasons, and Tile and Marble Setters",Helpers--Brickmasons Blockmasons Stonemasons and Tile and Marble Setters
47-3011.00,"Helpers--Brickmasons, Blockmasons, Stonemasons, and Tile and Marble Setters","Helpers--Brickmasons, Blockmasons, Stonemasons, & Tile & Marble Setters"
47-3011.00,"Helpers--Brickmasons, Blockmasons, Stonemasons, and Tile and Marble Setters","Helpers--Brickmasons, Blockmasons, Stonemasons, / Tile / Marble Setters"
47-3011.00,"Helpers--Brickmasons, Blockmasons, Stonemasons, and Tile and Marble Setters",Category: Other
47-3011.00,"Helpers--Brickmasons, Blockmasons, Stonemasons, and Tile and Marble Setters",Other
47-3012.00,Helpers--Carpenters,H.C.
47-3012.00,Helpers--Carpenters,HC
47-3012.00,Helpers--Carpenters,Category: Skilled Trades
47-3012.00,Helpers--Carpenters,Helpers--Carpenter
47-3012.00,Helpers--Carpenters,Skilled Trades
47-3012.00,Helpers--Carpenters,SkilledTrades
47-3013.00,Helpers--Electricians,H.E.
47-3013.00,Helpers--Electricians,HE
47-3013.00,Helpers--Electricians,Category: Skilled Trades
47-3013.00,Helpers--Electricians,Helpers--Electrician
47-3013.00,Helpers--Electricians,Skilled Trades
47-3013.00,Helpers--Electricians,SkilledTrades
47-3014.00,"Helpers--Painters, Paperhangers, Plasterers, and Stucco Masons","Helpers--Painters, Paperhangers, Plasterers, and Stucco Mason"
47-3014.00,"Helpers--Painters, Paperhangers, Plasterers, and Stucco Masons","Helpers--Painters, Paperhangers, Plasterers, & Stucco Masons"
47-3014.00,"Helpers--Painters, Paperhangers, Plasterers, and Stucco Masons","Helpers--Painters, Paperhangers, Plasterers, / Stucco Masons"
47-3014.00,"Helpers--Painters, Paperhangers, Plasterers, and Stucco Masons",Helpers--Painters Paperhangers Plasterers and Stucco Masons
47-3014.00,"Helpers--Painters, Paperhangers, Plasterers, and Stucco Masons",Category: Other
47-3014.00,"Helpers--Painters, Paperhangers, Plasterers, and Stucco Masons",Other
47-3015.00,"Helpers--Pipelayers, Plumbers, Pipefitters, and Steamfitters",H.P.P.P.S.
47-3015.00,"Helpers--Pipelayers, Plumbers, Pipefitters, and Steamfitters",HPPPS
47-3015.00,"Helpers--Pipelayers, Plumbers, Pipefitters, and Steamfitters","Helpers--Pipelayers, Plumbers, Pipefitters, and Steamfitter"
47-3015.00,"Helpers--Pipelayers, Plumbers, Pipefitters, and Steamfitters","Helpers--Pipelayers, Plumbers, Pipefitters, & Steamfitters"
47-3015.00,"Helpers--Pipelayers, Plumbers, Pipefitters, and Steamfitters","Helpers--Pipelayers, Plumbers, Pipefitters, / Steamfitters"
47-3015.00,"Helpers--Pipelayers, Plumbers, Pipefitters, and Steamfitters",Helpers--Pipelayers Plumbers Pipefitters and Steamfitters
47-3015.00,"Helpers--Pipelayers, Plumbers, Pipefitters, and Steamfitters",Category: Skilled Trades
47-3015.00,"Helpers--Pipelayers, Plumbers, Pipefitters, and Steamfitters",Skilled Trades
47-3015.00,"Helpers--Pipelayers, Plumbers, Pipefitters, and Steamfitters",SkilledTrades
47-3016.00,Helpers--Roofers,H.R.
47-3016.00,Helpers--Roofers,HR
47-3016.00,Helpers--Roofers,Category: Other
47-3016.00,Helpers--Roofers,Helpers--Roofer
47-3016.00,Helpers--Roofers,Other
47-3019.00,"Helpers, Construction Trades, All Other",H.C.T.A.O.
47-3019.00,"Helpers, Construction Trades, All Other",HCTAO
47-3019.00,"Helpers, Construction Trades, All Other","Helpers, Construction Trades, All Others"
47-3019.00,"Helpers, Construction Trades, All Other",Helpers Construction Trades All Other
47-3019.00,"Helpers, Construction Trades, All Other",Category: Skilled Trades
47-3019.00,"Helpers, Construction Trades, All Other",Skilled Trades
47-3019.00,"Helpers, Construction Trades, All Other",SkilledTrades
47-4011.00,Construction and Building Inspectors,C.B.I.
47-4011.00,Construction and Building Inspectors,CBI
47-4011.00,Construction and Building Inspectors,Construction and Building Inspector
47-4011.00,Construction and Building Inspectors,Construction & Building Inspectors
47-4011.00,Construction and Building Inspectors,Construction / Building Inspectors
47-4011.00,Construction and Building Inspectors,Category: Engineering
47-4011.00,Construction and Building Inspectors,Engineering
47-4011.01,Energy Auditors,E.A.
47-4011.01,Energy Auditors,EA
47-4011.01,Energy Auditors,Category: Finance & Accounting
47-4011.01,Energy Auditors,Finance and Accounting
47-4011.01,Energy Auditors,Finance & Accounting
47-4011.01,Energy Auditors,Finance&Accounting
47-4011.01,Energy Auditors,Energy Auditor
47-4021.00,Elevator and Escalator Installers and Repairers,E.E.I.R.
47-4021.00,Elevator and Escalator Installers and Repairers,EEIR
47-4021.00,Elevator and Escalator Installers and Repairers,Elevator and Escalator Installers and Repairer
47-4021.00,Elevator and Escalator Installers and Repairers,Elevator & Escalator Installers & Repairers
47-4021.00,Elevator and Escalator Installers and Repairers,Elevator / Escalator Installers / Repairers
47-4021.00,Elevator and Escalator Installers and Repairers,Category: Other
47-4021.00,Elevator and Escalator Installers and Repairers,Other
47-4031.00,Fence Erectors,F.E.
47-4031.00,Fence Erectors,FE
47-4031.00,Fence Erectors,Category: Other
47-4031.00,Fence Erectors,Fence Erector
47-4031.00,Fence Erectors,Other
47-4041.00,Hazardous Materials Removal Workers,H.M.R.W.
47-4041.00,Hazardous Materials Removal Workers,HMRW
47-4041.00,Hazardous Materials Removal Workers,Hazardous Materials Removal Worker
47-4041.00,Hazardous Materials Removal Workers,Category: Transportation
47-4041.00,Hazardous Materials Removal Workers,Transportation
47-4051.00,Highway Maintenance Workers,H.M.W.
47-4051.00,Highway Maintenance Workers,HMW
47-4051.00,Highway Maintenance Workers,Highway Maintenance Worker
47-4051.00,Highway Maintenance Workers,Category: Transportation
47-4051.00,Highway Maintenance Workers,Transportation
47-4061.00,Rail-Track Laying and Maintenance Equipment Operators,Rail-Track Laying and Maintenance Equipment Operator
47-4061.00,Rail-Track Laying and Maintenance Equipment Operators,Rail-Track Laying & Maintenance Equipment Operators
47-4061.00,Rail-Track Laying and Maintenance Equipment Operators,Rail-Track Laying / Maintenance Equipment Operators
47-4061.00,Rail-Track Laying and Maintenance Equipment Operators,Category: Transportation
47-4061.00,Rail-Track Laying and Maintenance Equipment Operators,Transportation
47-4071.00,Septic Tank Servicers and Sewer Pipe Cleaners,Septic Tank Servicers and Sewer Pipe Cleaner
47-4071.00,Septic Tank Servicers and Sewer Pipe Cleaners,Septic Tank Servicers & Sewer Pipe Cleaners
47-4071.00,Septic Tank Servicers and Sewer Pipe Cleaners,Septic Tank Servicers / Sewer Pipe Cleaners
47-4071.00,Septic Tank Servicers and Sewer Pipe Cleaners,Category: Other
47-4071.00,Septic Tank Servicers and Sewer Pipe Cleaners,Other
47-4091.00,Segmental Pavers,S.P.
47-4091.00,Segmental Pavers,SP
47-4091.00,Segmental Pavers,Category: Other
47-4091.00,Segmental Pavers,Segmental Paver
47-4091.00,Segmental Pavers,Other
47-4099.00,"Construction and Related Workers, All Other",C.R.W.A.O.
47-4099.00,"Construction and Related Workers, All Other",CRWAO
47-4099.00,"Construction and Related Workers, All Other","Construction and Related Workers, All Others"
47-4099.00,"Construction and Related Workers, All Other",Construction and Related Workers All Other
47-4099.00,"Construction and Related Workers, All Other","Construction & Related Workers, All Other"
47-4099.00,"Construction and Related Workers, All Other","Construction / Related Workers, All Other"
47-4099.00,"Construction and Related Workers, All Other",Category: Skilled Trades
47-4099.00,"Construction and Related Workers, All Other",Skilled Trades
47-4099.00,"Construction and Related Workers, All Other",SkilledTrades
47-4099.03,Weatherization Installers and Technicians,W.I.T.
47-4099.03,Weatherization Installers and Technicians,WIT
47-4099.03,Weatherization Installers and Technicians,Weatherization Installers and Technician
47-4099.03,Weatherization Installers and Technicians,Weatherization Installers & Technicians
47-4099.03,Weatherization Installers and Technicians,Weatherization Installers / Technicians
47-4099.03,Weatherization Installers and Technicians,Weatherization Installers and Techs
47-4099.03,Weatherization Installers and Technicians,Category: Finance & Accounting
47-4099.03,Weatherization Installers and Technicians,Weatherization Installers and
47-4099.03,Weatherization Installers and Technicians,Finance and Accounting
47-4099.03,Weatherization Installers and Technicians,Finance & Accounting
47-4099.03,Weatherization Installers and Technicians,Finance&Accounting
47-5011.00,"Derrick Operators, Oil and Gas",D.O.O.G.
47-5011.00,"Derrick Operators, Oil and Gas",DOOG
47-5011.00,"Derrick Operators, Oil and Gas",Derrick Operators Oil and Gas
47-5011.00,"Derrick Operators, Oil and Gas","Derrick Operators, Oil and Ga"
47-5011.00,"Derrick Operators, Oil and Gas","Derrick Operators, Oil & Gas"
47-5011.00,"Derrick Operators, Oil and Gas","Derrick Operators, Oil / Gas"
47-5011.00,"Derrick Operators, Oil and Gas",Category: Other
47-5011.00,"Derrick Operators, Oil and Gas",Other
47-5012.00,"Rotary Drill Operators, Oil and Gas",R.D.O.O.G.
47-5012.00,"Rotary Drill Operators, Oil and Gas",RDOOG
47-5012.00,"Rotary Drill Operators, Oil and Gas",Rotary Drill Operators Oil and Gas
47-5012.00,"Rotary Drill Operators, Oil and Gas","Rotary Drill Operators, Oil and Ga"
47-5012.00,"Rotary Drill Operators, Oil and Gas","Rotary Drill Operators, Oil & Gas"
47-5012.00,"Rotary Drill Operators, Oil and Gas","Rotary Drill Operators, Oil / Gas"
47-5012.00,"Rotary Drill Operators, Oil and Gas",Category: Other
47-5012.00,"Rotary Drill Operators, Oil and Gas",Other
47-5013.00,"Service Unit Operators, Oil and Gas",S.U.O.O.G.
47-5013.00,"Service Unit Operators, Oil and Gas",SUOOG
47-5013.00,"Service Unit Operators, Oil and Gas",Service Unit Operators Oil and Gas
47-5013.00,"Service Unit Operators, Oil and Gas","Service Unit Operators, Oil and Ga"
47-5013.00,"Service Unit Operators, Oil and Gas","Service Unit Operators, Oil & Gas"
47-5013.00,"Service Unit Operators, Oil and Gas","Service Unit Operators, Oil / Gas"
47-5013.00,"Service Unit Operators, Oil and Gas",Category: Agriculture
47-5013.00,"Service Unit Operators, Oil and Gas",Agriculture
47-5022.00,"Excavating and Loading Machine and Dragline Operators, Surface Mining","Excavating and Loading Machine and Dragline Operators, Surface Minings"
47-5022.00,"Excavating and Loading Machine and Dragline Operators, Surface Mining",Excavating and Loading Machine and Dragline Operators Surface Mining
47-5022.00,"Excavating and Loading Machine and Dragline Operators, Surface Mining","Excavating & Loading Machine & Dragline Operators, Surface Mining"
47-5022.00,"Excavating and Loading Machine and Dragline Operators, Surface Mining","Excavating / Loading Machine / Dragline Operators, Surface Mining"
47-5022.00,"Excavating and Loading Machine and Dragline Operators, Surface Mining",Category: Other
47-5022.00,"Excavating and Loading Machine and Dragline Operators, Surface Mining",Other
47-5023.00,"Earth Drillers, Except Oil and Gas",E.D.E.O.G.
47-5023.00,"Earth Drillers, Except Oil and Gas",EDEOG
47-5023.00,"Earth Drillers, Except Oil and Gas",Earth Drillers Except Oil and Gas
47-5023.00,"Earth Drillers, Except Oil and Gas","Earth Drillers, Except Oil and Ga"
47-5023.00,"Earth Drillers, Except Oil and Gas","Earth Drillers, Except Oil & Gas"
47-5023.00,"Earth Drillers, Except Oil and Gas","Earth Drillers, Except Oil / Gas"
47-5023.00,"Earth Drillers, Except Oil and Gas",Category: Skilled Trades
47-5023.00,"Earth Drillers, Except Oil and Gas",Skilled Trades
47-5023.00,"Earth Drillers, Except Oil and Gas",SkilledTrades
47-5032.00,"Explosives Workers, Ordnance Handling Experts, and Blasters","Explosives Workers, Ordnance Handling Experts, and Blaster"
47-5032.00,"Explosives Workers, Ordnance Handling Experts, and Blasters",Explosives Workers Ordnance Handling Experts and Blasters
47-5032.00,"Explosives Workers, Ordnance Handling Experts, and Blasters","Explosives Workers, Ordnance Handling Experts, & Blasters"
47-5032.00,"Explosives Workers, Ordnance Handling Experts, and Blasters","Explosives Workers, Ordnance Handling Experts, / Blasters"
47-5032.00,"Explosives Workers, Ordnance Handling Experts, and Blasters",Category: Finance & Accounting
47-5032.00,"Explosives Workers, Ordnance Handling Experts, and Blasters",Finance and Accounting
47-5032.00,"Explosives Workers, Ordnance Handling Experts, and Blasters",Finance & Accounting
47-5032.00,"Explosives Workers, Ordnance Handling Experts, and Blasters",Finance&Accounting
47-5041.00,Continuous Mining Machine Operators,C.M.M.O.
47-5041.00,Continuous Mining Machine Operators,CMMO
47-5041.00,Continuous Mining Machine Operators,Continuous Mining Machine Operator
47-5041.00,Continuous Mining Machine Operators,Category: Transportation
47-5041.00,Continuous Mining Machine Operators,Transportation
47-5043.00,"Roof Bolters, Mining",R.B.M.
47-5043.00,"Roof Bolters, Mining",RBM
47-5043.00,"Roof Bolters, Mining","Roof Bolters, Minings"
47-5043.00,"Roof Bolters, Mining",Roof Bolters Mining
47-5043.00,"Roof Bolters, Mining",Category: Other
47-5043.00,"Roof Bolters, Mining",Other
47-5044.00,"Loading and Moving Machine Operators, Underground Mining","Loading and Moving Machine Operators, Underground Minings"
47-5044.00,"Loading and Moving Machine Operators, Underground Mining",Loading and Moving Machine Operators Underground Mining
47-5044.00,"Loading and Moving Machine Operators, Underground Mining","Loading & Moving Machine Operators, Underground Mining"
47-5044.00,"Loading and Moving Machine Operators, Underground Mining","Loading / Moving Machine Operators, Underground Mining"
47-5044.00,"Loading and Moving Machine Operators, Underground Mining",Category: Manufacturing
47-5044.00,"Loading and Moving Machine Operators, Underground Mining",Manufacturing
47-5049.00,"Underground Mining Machine Operators, All Other","Underground Mining Machine Operators, All Others"
47-5049.00,"Underground Mining Machine Operators, All Other",Underground Mining Machine Operators All Other
47-5049.00,"Underground Mining Machine Operators, All Other",Category: Manufacturing
47-5049.00,"Underground Mining Machine Operators, All Other",Manufacturing
47-5051.00,"Rock Splitters, Quarry",R.S.Q.
47-5051.00,"Rock Splitters, Quarry",RSQ
47-5051.00,"Rock Splitters, Quarry","Rock Splitters, Quarries"
47-5051.00,"Rock Splitters, Quarry",Rock Splitters Quarry
47-5051.00,"Rock Splitters, Quarry",Category: Other
47-5051.00,"Rock Splitters, Quarry",Other
47-5071.00,"Roustabouts, Oil and Gas",R.O.G.
47-5071.00,"Roustabouts, Oil and Gas",ROG
47-5071.00,"Roustabouts, Oil and Gas",Roustabouts Oil and Gas
47-5071.00,"Roustabouts, Oil and Gas","Roustabouts, Oil and Ga"
47-5071.00,"Roustabouts, Oil and Gas","Roustabouts, Oil & Gas"
47-5071.00,"Roustabouts, Oil and Gas","Roustabouts, Oil / Gas"
47-5071.00,"Roustabouts, Oil and Gas",Category: Other
47-5071.00,"Roustabouts, Oil and Gas",Other
47-5081.00,Helpers--Extraction Workers,H.E.W.
47-5081.00,Helpers--Extraction Workers,HEW
47-5081.00,Helpers--Extraction Workers,Helpers--Extraction Worker
47-5081.00,Helpers--Extraction Workers,Category: Manufacturing
47-5081.00,Helpers--Extraction Workers,Manufacturing
47-5099.00,"Extraction Workers, All Other",E.W.A.O.
47-5099.00,"Extraction Workers, All Other",EWAO
47-5099.00,"Extraction Workers, All Other","Extraction Workers, All Others"
47-5099.00,"Extraction Workers, All Other",Extraction Workers All Other
47-5099.00,"Extraction Workers, All Other",Category: Other
47-5099.00,"Extraction Workers, All Other",Other
49-1011.00,"First-Line Supervisors of Mechanics, Installers, and Repairers","First-Line Supervisors of Mechanics, Installers, and Repairer"
49-1011.00,"First-Line Supervisors of Mechanics, Installers, and Repairers",First-Line Supervisors of Mechanics Installers and Repairers
49-1011.00,"First-Line Supervisors of Mechanics, Installers, and Repairers","First-Line Supervisors of Mechanics, Installers, & Repairers"
49-1011.00,"First-Line Supervisors of Mechanics, Installers, and Repairers","First-Line Supervisors of Mechanics, Installers, / Repairers"
49-1011.00,"First-Line Supervisors of Mechanics, Installers, and Repairers","First-Line Sups of Mechanics, Installers, and Repairers"
49-1011.00,"First-Line Supervisors of Mechanics, Installers, and Repairers",Category: Business & Management
49-1011.00,"First-Line Supervisors of Mechanics, Installers, and Repairers",Business and Management
49-1011.00,"First-Line Supervisors of Mechanics, Installers, and Repairers",Business & Management
49-1011.00,"First-Line Supervisors of Mechanics, Installers, and Repairers",Business&Management
49-2011.00,"Computer, Automated Teller, and Office Machine Repairers","Computer, Automated Teller, and Office Machine Repairer"
49-2011.00,"Computer, Automated Teller, and Office Machine Repairers",Computer Automated Teller and Office Machine Repairers
49-2011.00,"Computer, Automated Teller, and Office Machine Repairers","Computer, Automated Teller, & Office Machine Repairers"
49-2011.00,"Computer, Automated Teller, and Office Machine Repairers","Computer, Automated Teller, / Office Machine Repairers"
49-2011.00,"Computer, Automated Teller, and Office Machine Repairers",Category: Other
49-2011.00,"Computer, Automated Teller, and Office Machine Repairers",Other
49-2021.00,"Radio, Cellular, and Tower Equipment Installers and Repairers","Radio, Cellular, and Tower Equipment Installers and Repairer"
49-2021.00,"Radio, Cellular, and Tower Equipment Installers and Repairers",Radio Cellular and Tower Equipment Installers and Repairers
49-2021.00,"Radio, Cellular, and Tower Equipment Installers and Repairers","Radio, Cellular, & Tower Equipment Installers & Repairers"
49-2021.00,"Radio, Cellular, and Tower Equipment Installers and Repairers","Radio, Cellular, / Tower Equipment Installers / Repairers"
49-2021.00,"Radio, Cellular, and Tower Equipment Installers and Repairers",Category: Information Technology
49-2021.00,"Radio, Cellular, and Tower Equipment Installers and Repairers",Information Technology
49-2021.00,"Radio, Cellular, and Tower Equipment Installers and Repairers",InformationTechnology
49-2022.00,"Telecommunications Equipment Installers and Repairers, Except Line Installers",Telecommunications Equipment Installers and Repairers Except Line Installers
49-2022.00,"Telecommunications Equipment Installers and Repairers, Except Line Installers","Telecommunications Equipment Installers and Repairers, Except Line Installer"
49-2022.00,"Telecommunications Equipment Installers and Repairers, Except Line Installers","Telecommunications Equipment Installers & Repairers, Except Line Installers"
49-2022.00,"Telecommunications Equipment Installers and Repairers, Except Line Installers","Telecommunications Equipment Installers / Repairers, Except Line Installers"
49-2022.00,"Telecommunications Equipment Installers and Repairers, Except Line Installers",Category: Marketing & Communications
49-2022.00,"Telecommunications Equipment Installers and Repairers, Except Line Installers",Marketing and Communications
49-2022.00,"Telecommunications Equipment Installers and Repairers, Except Line Installers",Marketing & Communications
49-2022.00,"Telecommunications Equipment Installers and Repairers, Except Line Installers",Marketing&Communications
49-2091.00,Avionics Technicians,A.T.
49-2091.00,Avionics Technicians,AT
49-2091.00,Avionics Technicians,Avionics Technician
49-2091.00,Avionics Technicians,Category: Other
49-2091.00,Avionics Technicians,Avionics Techs
49-2091.00,Avionics Technicians,Avionics
49-2091.00,Avionics Technicians,Other
49-2092.00,"Electric Motor, Power Tool, and Related Repairers","Electric Motor, Power Tool, and Related Repairer"
49-2092.00,"Electric Motor, Power Tool, and Related Repairers",Electric Motor Power Tool and Related Repairers
49-2092.00,"Electric Motor, Power Tool, and Related Repairers","Electric Motor, Power Tool, & Related Repairers"
49-2092.00,"Electric Motor, Power Tool, and Related Repairers","Electric Motor, Power Tool, / Related Repairers"
49-2092.00,"Electric Motor, Power Tool, and Related Repairers",Category: Other
49-2092.00,"Electric Motor, Power Tool, and Related Repairers",Other
49-2093.00,"Electrical and Electronics Installers and Repairers, Transportation Equipment","Electrical and Electronics Installers and Repairers, Transportation Equipments"
49-2093.00,"Electrical and Electronics Installers and Repairers, Transportation Equipment",Electrical and Electronics Installers and Repairers Transportation Equipment
49-2093.00,"Electrical and Electronics Installers and Repairers, Transportation Equipment","Electrical & Electronics Installers & Repairers, Transportation Equipment"
49-2093.00,"Electrical and Electronics Installers and Repairers, Transportation Equipment","Electrical / Electronics Installers / Repairers, Transportation Equipment"
49-2093.00,"Electrical and Electronics Installers and Repairers, Transportation Equipment",Category: Information Technology
49-2093.00,"Electrical and Electronics Installers and Repairers, Transportation Equipment",Information Technology
49-2093.00,"Electrical and Electronics Installers and Repairers, Transportation Equipment",InformationTechnology
49-2094.00,"Electrical and Electronics Repairers, Commercial and Industrial Equipment","Electrical and Electronics Repairers, Commercial and Industrial Equipments"
49-2094.00,"Electrical and Electronics Repairers, Commercial and Industrial Equipment",Electrical and Electronics Repairers Commercial and Industrial Equipment
49-2094.00,"Electrical and Electronics Repairers, Commercial and Industrial Equipment","Electrical & Electronics Repairers, Commercial & Industrial Equipment"
49-2094.00,"Electrical and Electronics Repairers, Commercial and Industrial Equipment","Electrical / Electronics Repairers, Commercial / Industrial Equipment"
49-2094.00,"Electrical and Electronics Repairers, Commercial and Industrial Equipment",Category: Engineering
49-2094.00,"Electrical and Electronics Repairers, Commercial and Industrial Equipment",Engineering
49-2095.00,"Electrical and Electronics Repairers, Powerhouse, Substation, and Relay","Electrical and Electronics Repairers, Powerhouse, Substation, and Relays"
49-2095.00,"Electrical and Electronics Repairers, Powerhouse, Substation, and Relay",Electrical and Electronics Repairers Powerhouse Substation and Relay
49-2095.00,"Electrical and Electronics Repairers, Powerhouse, Substation, and Relay","Electrical & Electronics Repairers, Powerhouse, Substation, & Relay"
49-2095.00,"Electrical and Electronics Repairers, Powerhouse, Substation, and Relay","Electrical / Electronics Repairers, Powerhouse, Substation, / Relay"
49-2095.00,"Electrical and Electronics Repairers, Powerhouse, Substation, and Relay",Category: Engineering
49-2095.00,"Electrical and Electronics Repairers, Powerhouse, Substation, and Relay",Engineering
49-2096.00,"Electronic Equipment Installers and Repairers, Motor Vehicles",Electronic Equipment Installers and Repairers Motor Vehicles
49-2096.00,"Electronic Equipment Installers and Repairers, Motor Vehicles","Electronic Equipment Installers and Repairers, Motor Vehicle"
49-2096.00,"Electronic Equipment Installers and Repairers, Motor Vehicles","Electronic Equipment Installers & Repairers, Motor Vehicles"
49-2096.00,"Electronic Equipment Installers and Repairers, Motor Vehicles","Electronic Equipment Installers / Repairers, Motor Vehicles"
49-2096.00,"Electronic Equipment Installers and Repairers, Motor Vehicles",Category: Information Technology
49-2096.00,"Electronic Equipment Installers and Repairers, Motor Vehicles",Information Technology
49-2096.00,"Electronic Equipment Installers and Repairers, Motor Vehicles",InformationTechnology
49-2097.00,Audiovisual Equipment Installers and Repairers,A.E.I.R.
49-2097.00,Audiovisual Equipment Installers and Repairers,AEIR
49-2097.00,Audiovisual Equipment Installers and Repairers,Audiovisual Equipment Installers and Repairer
49-2097.00,Audiovisual Equipment Installers and Repairers,Audiovisual Equipment Installers & Repairers
49-2097.00,Audiovisual Equipment Installers and Repairers,Audiovisual Equipment Installers / Repairers
49-2097.00,Audiovisual Equipment Installers and Repairers,Category: Other
49-2097.00,Audiovisual Equipment Installers and Repairers,Other
49-2098.00,Security and Fire Alarm Systems Installers,S.F.A.S.I.
49-2098.00,Security and Fire Alarm Systems Installers,SFASI
49-2098.00,Security and Fire Alarm Systems Installers,Security and Fire Alarm Systems Installer
49-2098.00,Security and Fire Alarm Systems Installers,Security & Fire Alarm Systems Installers
49-2098.00,Security and Fire Alarm Systems Installers,Security / Fire Alarm Systems Installers
49-2098.00,Security and Fire Alarm Systems Installers,Category: Information Technology
49-2098.00,Security and Fire Alarm Systems Installers,Information Technology
49-2098.00,Security and Fire Alarm Systems Installers,InformationTechnology
49-3011.00,Aircraft Mechanics and Service Technicians,A.M.S.T.
49-3011.00,Aircraft Mechanics and Service Technicians,AMST
49-3011.00,Aircraft Mechanics and Service Technicians,Aircraft Mechanics and Service Technician
49-3011.00,Aircraft Mechanics and Service Technicians,Aircraft Mechanics & Service Technicians
49-3011.00,Aircraft Mechanics and Service Technicians,Aircraft Mechanics / Service Technicians
49-3011.00,Aircraft Mechanics and Service Technicians,Aircraft Mechanics and Service Techs
49-3011.00,Aircraft Mechanics and Service Technicians,Aircraft Mechanics and Service
49-3011.00,Aircraft Mechanics and Service Technicians,Category: Other
49-3011.00,Aircraft Mechanics and Service Technicians,Other
49-3021.00,Automotive Body and Related Repairers,A.B.R.R.
49-3021.00,Automotive Body and Related Repairers,ABRR
49-3021.00,Automotive Body and Related Repairers,Automotive Body and Related Repairer
49-3021.00,Automotive Body and Related Repairers,Automotive Body & Related Repairers
49-3021.00,Automotive Body and Related Repairers,Automotive Body / Related Repairers
49-3021.00,Automotive Body and Related Repairers,Category: Other
49-3021.00,Automotive Body and Related Repairers,Other
49-3022.00,Automotive Glass Installers and Repairers,A.G.I.R.
49-3022.00,Automotive Glass Installers and Repairers,AGIR
49-3022.00,Automotive Glass Installers and Repairers,Automotive Glass Installers and Repairer
49-3022.00,Automotive Glass Installers and Repairers,Automotive Glass Installers & Repairers
49-3022.00,Automotive Glass Installers and Repairers,Automotive Glass Installers / Repairers
49-3022.00,Automotive Glass Installers and Repairers,Category: Other
49-3022.00,Automotive Glass Installers and Repairers,Other
49-3023.00,Automotive Service Technicians and Mechanics,A.S.T.M.
49-3023.00,Automotive Service Technicians and Mechanics,ASTM
49-3023.00,Automotive Service Technicians and Mechanics,Automotive Service Technicians and Mechanic
49-3023.00,Automotive Service Technicians and Mechanics,Automotive Service Technicians & Mechanics
49-3023.00,Automotive Service Technicians and Mechanics,Automotive Service Technicians / Mechanics
49-3023.00,Automotive Service Technicians and Mechanics,Automotive Service Techs and Mechanics
49-3023.00,Automotive Service Technicians and Mechanics,Category: Other
49-3023.00,Automotive Service Technicians and Mechanics,Other
49-3031.00,Bus and Truck Mechanics and Diesel Engine Specialists,Bus and Truck Mechanics and Diesel Engine Specialist
49-3031.00,Bus and Truck Mechanics and Diesel Engine Specialists,Bus & Truck Mechanics & Diesel Engine Specialists
49-3031.00,Bus and Truck Mechanics and Diesel Engine Specialists,Bus / Truck Mechanics / Diesel Engine Specialists
49-3031.00,Bus and Truck Mechanics and Diesel Engine Specialists,Bus and Truck Mechanics and Diesel Engine Specs
49-3031.00,Bus and Truck Mechanics and Diesel Engine Specialists,Bus and Truck Mechanics and Diesel Engine
49-3031.00,Bus and Truck Mechanics and Diesel Engine Specialists,Category: Transportation
49-3031.00,Bus and Truck Mechanics and Diesel Engine Specialists,Transportation
49-3041.00,Farm Equipment Mechanics and Service Technicians,F.E.M.S.T.
49-3041.00,Farm Equipment Mechanics and Service Technicians,FEMST
49-3041.00,Farm Equipment Mechanics and Service Technicians,Farm Equipment Mechanics and Service Technician
49-3041.00,Farm Equipment Mechanics and Service Technicians,Farm Equipment Mechanics & Service Technicians
49-3041.00,Farm Equipment Mechanics and Service Technicians,Farm Equipment Mechanics / Service Technicians
49-3041.00,Farm Equipment Mechanics and Service Technicians,Farm Equipment Mechanics and Service Techs
49-3041.00,Farm Equipment Mechanics and Service Technicians,Farm Equipment Mechanics and Service
49-3041.00,Farm Equipment Mechanics and Service Technicians,Category: Agriculture
49-3041.00,Farm Equipment Mechanics and Service Technicians,Agriculture
49-3042.00,"Mobile Heavy Equipment Mechanics, Except Engines",Mobile Heavy Equipment Mechanics Except Engines
49-3042.00,"Mobile Heavy Equipment Mechanics, Except Engines","Mobile Heavy Equipment Mechanics, Except Engine"
49-3042.00,"Mobile Heavy Equipment Mechanics, Except Engines",Category: Engineering
49-3042.00,"Mobile Heavy Equipment Mechanics, Except Engines",Engineering
49-3043.00,Rail Car Repairers,R.C.R.
49-3043.00,Rail Car Repairers,RCR
49-3043.00,Rail Car Repairers,Category: Transportation
49-3043.00,Rail Car Repairers,Rail Car Repairer
49-3043.00,Rail Car Repairers,Transportation
49-3051.00,Motorboat Mechanics and Service Technicians,M.M.S.T.
49-3051.00,Motorboat Mechanics and Service Technicians,MMST
49-3051.00,Motorboat Mechanics and Service Technicians,Motorboat Mechanics and Service Technician
49-3051.00,Motorboat Mechanics and Service Technicians,Motorboat Mechanics & Service Technicians
49-3051.00,Motorboat Mechanics and Service Technicians,Motorboat Mechanics / Service Technicians
49-3051.00,Motorboat Mechanics and Service Technicians,Motorboat Mechanics and Service Techs
49-3051.00,Motorboat Mechanics and Service Technicians,Motorboat Mechanics and Service
49-3051.00,Motorboat Mechanics and Service Technicians,Category: Engineering
49-3051.00,Motorboat Mechanics and Service Technicians,Engineering
49-3052.00,Motorcycle Mechanics,M.M.
49-3052.00,Motorcycle Mechanics,MM
49-3052.00,Motorcycle Mechanics,Motorcycle Mechanic
49-3052.00,Motorcycle Mechanics,Category: Other
49-3052.00,Motorcycle Mechanics,Other
49-3053.00,Outdoor Power Equipment and Other Small Engine Mechanics,Outdoor Power Equipment and Other Small Engine Mechanic
49-3053.00,Outdoor Power Equipment and Other Small Engine Mechanics,Outdoor Power Equipment & Other Small Engine Mechanics
49-3053.00,Outdoor Power Equipment and Other Small Engine Mechanics,Outdoor Power Equipment / Other Small Engine Mechanics
49-3053.00,Outdoor Power Equipment and Other Small Engine Mechanics,Category: Legal & Government
49-3053.00,Outdoor Power Equipment and Other Small Engine Mechanics,Legal and Government
49-3053.00,Outdoor Power Equipment and Other Small Engine Mechanics,Legal & Government
49-3053.00,Outdoor Power Equipment and Other Small Engine Mechanics,Legal&Government
49-3091.00,Bicycle Repairers,B.R.
49-3091.00,Bicycle Repairers,BR
49-3091.00,Bicycle Repairers,Bicycle Repairer
49-3091.00,Bicycle Repairers,Category: Other
49-3091.00,Bicycle Repairers,Other
49-3092.00,Recreational Vehicle Service Technicians,R.V.S.T.
49-3092.00,Recreational Vehicle Service Technicians,RVST
49-3092.00,Recreational Vehicle Service Technicians,Recreational Vehicle Service Technician
49-3092.00,Recreational Vehicle Service Technicians,Recreational Vehicle Service Techs
49-3092.00,Recreational Vehicle Service Technicians,Recreational Vehicle Service
49-3092.00,Recreational Vehicle Service Technicians,Category: Engineering
49-3092.00,Recreational Vehicle Service Technicians,Engineering
49-3093.00,Tire Repairers and Changers,T.R.C.
49-3093.00,Tire Repairers and Changers,TRC
49-3093.00,Tire Repairers and Changers,Tire Repairers and Changer
49-3093.00,Tire Repairers and Changers,Tire Repairers & Changers
49-3093.00,Tire Repairers and Changers,Tire Repairers / Changers
49-3093.00,Tire Repairers and Changers,Category: Other
49-3093.00,Tire Repairers and Changers,Other
49-9011.00,Mechanical Door Repairers,M.D.R.
49-9011.00,Mechanical Door Repairers,MDR
49-9011.00,Mechanical Door Repairers,Mechanical Door Repairer
49-9011.00,Mechanical Door Repairers,Category: Engineering
49-9011.00,Mechanical Door Repairers,Engineering
49-9012.00,"Control and Valve Installers and Repairers, Except Mechanical Door","Control and Valve Installers and Repairers, Except Mechanical Doors"
49-9012.00,"Control and Valve Installers and Repairers, Except Mechanical Door",Control and Valve Installers and Repairers Except Mechanical Door
49-9012.00,"Control and Valve Installers and Repairers, Except Mechanical Door","Control & Valve Installers & Repairers, Except Mechanical Door"
49-9012.00,"Control and Valve Installers and Repairers, Except Mechanical Door","Control / Valve Installers / Repairers, Except Mechanical Door"
49-9012.00,"Control and Valve Installers and Repairers, Except Mechanical Door",Category: Engineering
49-9012.00,"Control and Valve Installers and Repairers, Except Mechanical Door",Engineering
49-9021.00,"Heating, Air Conditioning, and Refrigeration Mechanics and Installers","Heating, Air Conditioning, and Refrigeration Mechanics and Installer"
49-9021.00,"Heating, Air Conditioning, and Refrigeration Mechanics and Installers",Heating Air Conditioning and Refrigeration Mechanics and Installers
49-9021.00,"Heating, Air Conditioning, and Refrigeration Mechanics and Installers","Heating, Air Conditioning, & Refrigeration Mechanics & Installers"
49-9021.00,"Heating, Air Conditioning, and Refrigeration Mechanics and Installers","Heating, Air Conditioning, / Refrigeration Mechanics / Installers"
49-9021.00,"Heating, Air Conditioning, and Refrigeration Mechanics and Installers",Category: Skilled Trades
49-9021.00,"Heating, Air Conditioning, and Refrigeration Mechanics and Installers",Skilled Trades
49-9021.00,"Heating, Air Conditioning, and Refrigeration Mechanics and Installers",SkilledTrades
49-9031.00,Home Appliance Repairers,H.A.R.
49-9031.00,Home Appliance Repairers,HAR
49-9031.00,Home Appliance Repairers,Home Appliance Repairer
49-9031.00,Home Appliance Repairers,Category: Other
49-9031.00,Home Appliance Repairers,Other
49-9041.00,Industrial Machinery Mechanics,I.M.M.
49-9041.00,Industrial Machinery Mechanics,IMM
49-9041.00,Industrial Machinery Mechanics,Industrial Machinery Mechanic
49-9041.00,Industrial Machinery Mechanics,Category: Manufacturing
49-9041.00,Industrial Machinery Mechanics,Manufacturing
49-9043.00,"Maintenance Workers, Machinery",M.W.M.
49-9043.00,"Maintenance Workers, Machinery",MWM
49-9043.00,"Maintenance Workers, Machinery","Maintenance Workers, Machineries"
49-9043.00,"Maintenance Workers, Machinery",Maintenance Workers Machinery
49-9043.00,"Maintenance Workers, Machinery",Category: Other
49-9043.00,"Maintenance Workers, Machinery",Other
49-9044.00,Millwrights,Category: Other
49-9044.00,Millwrights,Millwright
49-9044.00,Millwrights,Other
49-9045.00,"Refractory Materials Repairers, Except Brickmasons",R.M.R.E.B.
49-9045.00,"Refractory Materials Repairers, Except Brickmasons",RMREB
49-9045.00,"Refractory Materials Repairers, Except Brickmasons",Refractory Materials Repairers Except Brickmasons
49-9045.00,"Refractory Materials Repairers, Except Brickmasons","Refractory Materials Repairers, Except Brickmason"
49-9045.00,"Refractory Materials Repairers, Except Brickmasons",Category: Other
49-9045.00,"Refractory Materials Repairers, Except Brickmasons",Other
49-9051.00,Electrical Power-Line Installers and Repairers,E.P.L.I.R.
49-9051.00,Electrical Power-Line Installers and Repairers,EPLIR
49-9051.00,Electrical Power-Line Installers and Repairers,Electrical Power-Line Installers and Repairer
49-9051.00,Electrical Power-Line Installers and Repairers,Electrical Power-Line Installers & Repairers
49-9051.00,Electrical Power-Line Installers and Repairers,Electrical Power-Line Installers / Repairers
49-9051.00,Electrical Power-Line Installers and Repairers,Category: Engineering
49-9051.00,Electrical Power-Line Installers and Repairers,Engineering
49-9052.00,Telecommunications Line Installers and Repairers,T.L.I.R.
49-9052.00,Telecommunications Line Installers and Repairers,TLIR
49-9052.00,Telecommunications Line Installers and Repairers,Telecommunications Line Installers and Repairer
49-9052.00,Telecommunications Line Installers and Repairers,Telecommunications Line Installers & Repairers
49-9052.00,Telecommunications Line Installers and Repairers,Telecommunications Line Installers / Repairers
49-9052.00,Telecommunications Line Installers and Repairers,Category: Marketing & Communications
49-9052.00,Telecommunications Line Installers and Repairers,Marketing and Communications
49-9052.00,Telecommunications Line Installers and Repairers,Marketing & Communications
49-9052.00,Telecommunications Line Installers and Repairers,Marketing&Communications
49-9061.00,Camera and Photographic Equipment Repairers,C.P.E.R.
49-9061.00,Camera and Photographic Equipment Repairers,CPER
49-9061.00,Camera and Photographic Equipment Repairers,Camera and Photographic Equipment Repairer
49-9061.00,Camera and Photographic Equipment Repairers,Camera & Photographic Equipment Repairers
49-9061.00,Camera and Photographic Equipment Repairers,Camera / Photographic Equipment Repairers
49-9061.00,Camera and Photographic Equipment Repairers,Category: Arts & Media
49-9061.00,Camera and Photographic Equipment Repairers,Arts and Media
49-9061.00,Camera and Photographic Equipment Repairers,Arts & Media
49-9061.00,Camera and Photographic Equipment Repairers,Arts&Media
49-9062.00,Medical Equipment Repairers,M.E.R.
49-9062.00,Medical Equipment Repairers,MER
49-9062.00,Medical Equipment Repairers,Medical Equipment Repairer
49-9062.00,Medical Equipment Repairers,Category: Healthcare
49-9062.00,Medical Equipment Repairers,Healthcare
49-9063.00,Musical Instrument Repairers and Tuners,M.I.R.T.
49-9063.00,Musical Instrument Repairers and Tuners,MIRT
49-9063.00,Musical Instrument Repairers and Tuners,Musical Instrument Repairers and Tuner
49-9063.00,Musical Instrument Repairers and Tuners,Musical Instrument Repairers & Tuners
49-9063.00,Musical Instrument Repairers and Tuners,Musical Instrument Repairers / Tuners
49-9063.00,Musical Instrument Repairers and Tuners,Category: Arts & Media
49-9063.00,Musical Instrument Repairers and Tuners,Arts and Media
49-9063.00,Musical Instrument Repairers and Tuners,Arts & Media
49-9063.00,Musical Instrument Repairers and Tuners,Arts&Media
49-9064.00,Watch and Clock Repairers,W.C.R.
49-9064.00,Watch and Clock Repairers,WCR
49-9064.00,Watch and Clock Repairers,Watch and Clock Repairer
49-9064.00,Watch and Clock Repairers,Watch & Clock Repairers
49-9064.00,Watch and Clock Repairers,Watch / Clock Repairers
49-9064.00,Watch and Clock Repairers,Category: Engineering
49-9064.00,Watch and Clock Repairers,Engineering
49-9069.00,"Precision Instrument and Equipment Repairers, All Other","Precision Instrument and Equipment Repairers, All Others"
49-9069.00,"Precision Instrument and Equipment Repairers, All Other",Precision Instrument and Equipment Repairers All Other
49-9069.00,"Precision Instrument and Equipment Repairers, All Other","Precision Instrument & Equipment Repairers, All Other"
49-9069.00,"Precision Instrument and Equipment Repairers, All Other","Precision Instrument / Equipment Repairers, All Other"
49-9069.00,"Precision Instrument and Equipment Repairers, All Other",Category: Other
49-9069.00,"Precision Instrument and Equipment Repairers, All Other",Other
49-9071.00,"Maintenance and Repair Workers, General",M.R.W.G.
49-9071.00,"Maintenance and Repair Workers, General",MRWG
49-9071.00,"Maintenance and Repair Workers, General","Maintenance and Repair Workers, Generals"
49-9071.00,"Maintenance and Repair Workers, General",Maintenance and Repair Workers General
49-9071.00,"Maintenance and Repair Workers, General","Maintenance & Repair Workers, General"
49-9071.00,"Maintenance and Repair Workers, General","Maintenance / Repair Workers, General"
49-9071.00,"Maintenance and Repair Workers, General",Category: Engineering
49-9071.00,"Maintenance and Repair Workers, General",Engineering
49-9081.00,Wind Turbine Service Technicians,W.T.S.T.
49-9081.00,Wind Turbine Service Technicians,WTST
49-9081.00,Wind Turbine Service Technicians,Wind Turbine Service Technician
49-9081.00,Wind Turbine Service Technicians,Wind Turbine Service Techs
49-9081.00,Wind Turbine Service Technicians,Category: Engineering
49-9081.00,Wind Turbine Service Technicians,Wind Turbine Service
49-9081.00,Wind Turbine Service Technicians,Engineering
49-9091.00,"Coin, Vending, and Amusement Machine Servicers and Repairers","Coin, Vending, and Amusement Machine Servicers and Repairer"
49-9091.00,"Coin, Vending, and Amusement Machine Servicers and Repairers",Coin Vending and Amusement Machine Servicers and Repairers
49-9091.00,"Coin, Vending, and Amusement Machine Servicers and Repairers","Coin, Vending, & Amusement Machine Servicers & Repairers"
49-9091.00,"Coin, Vending, and Amusement Machine Servicers and Repairers","Coin, Vending, / Amusement Machine Servicers / Repairers"
49-9091.00,"Coin, Vending, and Amusement Machine Servicers and Repairers",Category: Other
49-9091.00,"Coin, Vending, and Amusement Machine Servicers and Repairers",Other
49-9092.00,Commercial Divers,C.D.
49-9092.00,Commercial Divers,CD
49-9092.00,Commercial Divers,Category: Arts & Media
49-9092.00,Commercial Divers,Commercial Diver
49-9092.00,Commercial Divers,Arts and Media
49-9092.00,Commercial Divers,Arts & Media
49-9092.00,Commercial Divers,Arts&Media
49-9094.00,Locksmiths and Safe Repairers,L.S.R.
49-9094.00,Locksmiths and Safe Repairers,LSR
49-9094.00,Locksmiths and Safe Repairers,Locksmiths and Safe Repairer
49-9094.00,Locksmiths and Safe Repairers,Locksmiths & Safe Repairers
49-9094.00,Locksmiths and Safe Repairers,Locksmiths / Safe Repairers
49-9094.00,Locksmiths and Safe Repairers,Category: Other
49-9094.00,Locksmiths and Safe Repairers,Other
49-9095.00,Manufactured Building and Mobile Home Installers,M.B.M.H.I.
49-9095.00,Manufactured Building and Mobile Home Installers,MBMHI
49-9095.00,Manufactured Building and Mobile Home Installers,Manufactured Building and Mobile Home Installer
49-9095.00,Manufactured Building and Mobile Home Installers,Manufactured Building & Mobile Home Installers
49-9095.00,Manufactured Building and Mobile Home Installers,Manufactured Building / Mobile Home Installers
49-9095.00,Manufactured Building and Mobile Home Installers,Category: Manufacturing
49-9095.00,Manufactured Building and Mobile Home Installers,Manufacturing
49-9096.00,Riggers,Category: Skilled Trades
49-9096.00,Riggers,Skilled Trades
49-9096.00,Riggers,SkilledTrades
49-9096.00,Riggers,Rigger
49-9097.00,Signal and Track Switch Repairers,S.T.S.R.
49-9097.00,Signal and Track Switch Repairers,STSR
49-9097.00,Signal and Track Switch Repairers,Category: Marketing & Communications
49-9097.00,Signal and Track Switch Repairers,Signal and Track Switch Repairer
49-9097.00,Signal and Track Switch Repairers,Signal & Track Switch Repairers
49-9097.00,Signal and Track Switch Repairers,Signal / Track Switch Repairers
49-9097.00,Signal and Track Switch Repairers,Marketing and Communications
49-9097.00,Signal and Track Switch Repairers,Marketing & Communications
49-9097.00,Signal and Track Switch Repairers,Marketing&Communications
49-9098.00,"Helpers--Installation, Maintenance, and Repair Workers",H.I.M.R.W.
49-9098.00,"Helpers--Installation, Maintenance, and Repair Workers",HIMRW
49-9098.00,"Helpers--Installation, Maintenance, and Repair Workers","Helpers--Installation, Maintenance, and Repair Worker"
49-9098.00,"Helpers--Installation, Maintenance, and Repair Workers",Helpers--Installation Maintenance and Repair Workers
49-9098.00,"Helpers--Installation, Maintenance, and Repair Workers","Helpers--Installation, Maintenance, & Repair Workers"
49-9098.00,"Helpers--Installation, Maintenance, and Repair Workers","Helpers--Installation, Maintenance, / Repair Workers"
49-9098.00,"Helpers--Installation, Maintenance, and Repair Workers",Category: Engineering
49-9098.00,"Helpers--Installation, Maintenance, and Repair Workers",Engineering
49-9099.00,"Installation, Maintenance, and Repair Workers, All Other","Installation, Maintenance, and Repair Workers, All Others"
49-9099.00,"Installation, Maintenance, and Repair Workers, All Other","Installation, Maintenance, & Repair Workers, All Other"
49-9099.00,"Installation, Maintenance, and Repair Workers, All Other","Installation, Maintenance, / Repair Workers, All Other"
49-9099.00,"Installation, Maintenance, and Repair Workers, All Other",Installation Maintenance and Repair Workers All Other
49-9099.00,"Installation, Maintenance, and Repair Workers, All Other",Category: Other
49-9099.00,"Installation, Maintenance, and Repair Workers, All Other",Other
49-9099.01,Geothermal Technicians,G.T.
49-9099.01,Geothermal Technicians,GT
49-9099.01,Geothermal Technicians,Category: Manufacturing
49-9099.01,Geothermal Technicians,Geothermal Technician
49-9099.01,Geothermal Technicians,Geothermal Techs
49-9099.01,Geothermal Technicians,Manufacturing
49-9099.01,Geothermal Technicians,Geothermal
51-1011.00,First-Line Supervisors of Production and Operating Workers,First-Line Supervisors of Production and Operating Worker
51-1011.00,First-Line Supervisors of Production and Operating Workers,First-Line Supervisors of Production & Operating Workers
51-1011.00,First-Line Supervisors of Production and Operating Workers,First-Line Supervisors of Production / Operating Workers
51-1011.00,First-Line Supervisors of Production and Operating Workers,First-Line Sups of Production and Operating Workers
51-1011.00,First-Line Supervisors of Production and Operating Workers,Category: Manufacturing
51-1011.00,First-Line Supervisors of Production and Operating Workers,Manufacturing
51-2011.00,"Aircraft Structure, Surfaces, Rigging, and Systems Assemblers","Aircraft Structure, Surfaces, Rigging, and Systems Assembler"
51-2011.00,"Aircraft Structure, Surfaces, Rigging, and Systems Assemblers","Aircraft Structure, Surfaces, Rigging, & Systems Assemblers"
51-2011.00,"Aircraft Structure, Surfaces, Rigging, and Systems Assemblers","Aircraft Structure, Surfaces, Rigging, / Systems Assemblers"
51-2011.00,"Aircraft Structure, Surfaces, Rigging, and Systems Assemblers",Aircraft Structure Surfaces Rigging and Systems Assemblers
51-2011.00,"Aircraft Structure, Surfaces, Rigging, and Systems Assemblers",Category: Manufacturing
51-2011.00,"Aircraft Structure, Surfaces, Rigging, and Systems Assemblers",Manufacturing
51-2021.00,"Coil Winders, Tapers, and Finishers",C.W.T.F.
51-2021.00,"Coil Winders, Tapers, and Finishers",CWTF
51-2021.00,"Coil Winders, Tapers, and Finishers","Coil Winders, Tapers, and Finisher"
51-2021.00,"Coil Winders, Tapers, and Finishers",Coil Winders Tapers and Finishers
51-2021.00,"Coil Winders, Tapers, and Finishers","Coil Winders, Tapers, & Finishers"
51-2021.00,"Coil Winders, Tapers, and Finishers","Coil Winders, Tapers, / Finishers"
51-2021.00,"Coil Winders, Tapers, and Finishers",Category: Engineering
51-2021.00,"Coil Winders, Tapers, and Finishers",Engineering
51-2022.00,Electrical and Electronic Equipment Assemblers,E.E.E.A.
51-2022.00,Electrical and Electronic Equipment Assemblers,EEEA
51-2022.00,Electrical and Electronic Equipment Assemblers,Electrical and Electronic Equipment Assembler
51-2022.00,Electrical and Electronic Equipment Assemblers,Electrical & Electronic Equipment Assemblers
51-2022.00,Electrical and Electronic Equipment Assemblers,Electrical / Electronic Equipment Assemblers
51-2022.00,Electrical and Electronic Equipment Assemblers,Category: Engineering
51-2022.00,Electrical and Electronic Equipment Assemblers,Engineering
51-2023.00,Electromechanical Equipment Assemblers,E.E.A.
51-2023.00,Electromechanical Equipment Assemblers,EEA
51-2023.00,Electromechanical Equipment Assemblers,Electromechanical Equipment Assembler
51-2023.00,Electromechanical Equipment Assemblers,Category: Engineering
51-2023.00,Electromechanical Equipment Assemblers,Engineering
51-2031.00,Engine and Other Machine Assemblers,E.O.M.A.
51-2031.00,Engine and Other Machine Assemblers,EOMA
51-2031.00,Engine and Other Machine Assemblers,Engine and Other Machine Assembler
51-2031.00,Engine and Other Machine Assemblers,Engine & Other Machine Assemblers
51-2031.00,Engine and Other Machine Assemblers,Engine / Other Machine Assemblers
51-2031.00,Engine and Other Machine Assemblers,Category: Skilled Trades
51-2031.00,Engine and Other Machine Assemblers,Skilled Trades
51-2031.00,Engine and Other Machine Assemblers,SkilledTrades
51-2041.00,Structural Metal Fabricators and Fitters,S.M.F.F.
51-2041.00,Structural Metal Fabricators and Fitters,SMFF
51-2041.00,Structural Metal Fabricators and Fitters,Structural Metal Fabricators and Fitter
51-2041.00,Structural Metal Fabricators and Fitters,Structural Metal Fabricators & Fitters
51-2041.00,Structural Metal Fabricators and Fitters,Structural Metal Fabricators / Fitters
51-2041.00,Structural Metal Fabricators and Fitters,Category: Manufacturing
51-2041.00,Structural Metal Fabricators and Fitters,Manufacturing
51-2051.00,Fiberglass Laminators and Fabricators,F.L.F.
51-2051.00,Fiberglass Laminators and Fabricators,FLF
51-2051.00,Fiberglass Laminators and Fabricators,Fiberglass Laminators and Fabricator
51-2051.00,Fiberglass Laminators and Fabricators,Fiberglass Laminators & Fabricators
51-2051.00,Fiberglass Laminators and Fabricators,Fiberglass Laminators / Fabricators
51-2051.00,Fiberglass Laminators and Fabricators,Category: Manufacturing
51-2051.00,Fiberglass Laminators and Fabricators,Manufacturing
51-2061.00,Timing Device Assemblers and Adjusters,T.D.A.A.
51-2061.00,Timing Device Assemblers and Adjusters,TDAA
51-2061.00,Timing Device Assemblers and Adjusters,Timing Device Assemblers and Adjuster
51-2061.00,Timing Device Assemblers and Adjusters,Timing Device Assemblers & Adjusters
51-2061.00,Timing Device Assemblers and Adjusters,Timing Device Assemblers / Adjusters
51-2061.00,Timing Device Assemblers and Adjusters,Category: Engineering
51-2061.00,Timing Device Assemblers and Adjusters,Engineering
51-2092.00,Team Assemblers,T.A.
51-2092.00,Team Assemblers,TA
51-2092.00,Team Assemblers,Category: Manufacturing
51-2092.00,Team Assemblers,Team Assembler
51-2092.00,Team Assemblers,Manufacturing
51-2099.00,"Assemblers and Fabricators, All Other",A.F.A.O.
51-2099.00,"Assemblers and Fabricators, All Other",AFAO
51-2099.00,"Assemblers and Fabricators, All Other","Assemblers and Fabricators, All Others"
51-2099.00,"Assemblers and Fabricators, All Other",Assemblers and Fabricators All Other
51-2099.00,"Assemblers and Fabricators, All Other","Assemblers & Fabricators, All Other"
51-2099.00,"Assemblers and Fabricators, All Other","Assemblers / Fabricators, All Other"
51-2099.00,"Assemblers and Fabricators, All Other",Category: Manufacturing
51-2099.00,"Assemblers and Fabricators, All Other",Manufacturing
51-3011.00,Bakers,Category: Hospitality & Food
51-3011.00,Bakers,Hospitality and Food
51-3011.00,Bakers,Hospitality & Food
51-3011.00,Bakers,Hospitality&Food
51-3011.00,Bakers,Baker
51-3021.00,Butchers and Meat Cutters,B.M.C.
51-3021.00,Butchers and Meat Cutters,BMC
51-3021.00,Butchers and Meat Cutters,Butchers and Meat Cutter
51-3021.00,Butchers and Meat Cutters,Butchers & Meat Cutters
51-3021.00,Butchers and Meat Cutters,Butchers / Meat Cutters
51-3021.00,Butchers and Meat Cutters,Category: Other
51-3021.00,Butchers and Meat Cutters,Other
51-3022.00,"Meat, Poultry, and Fish Cutters and Trimmers",M.P.F.C.T.
51-3022.00,"Meat, Poultry, and Fish Cutters and Trimmers",MPFCT
51-3022.00,"Meat, Poultry, and Fish Cutters and Trimmers","Meat, Poultry, and Fish Cutters and Trimmer"
51-3022.00,"Meat, Poultry, and Fish Cutters and Trimmers",Meat Poultry and Fish Cutters and Trimmers
51-3022.00,"Meat, Poultry, and Fish Cutters and Trimmers","Meat, Poultry, & Fish Cutters & Trimmers"
51-3022.00,"Meat, Poultry, and Fish Cutters and Trimmers","Meat, Poultry, / Fish Cutters / Trimmers"
51-3022.00,"Meat, Poultry, and Fish Cutters and Trimmers",Category: Hospitality & Food
51-3022.00,"Meat, Poultry, and Fish Cutters and Trimmers",Hospitality and Food
51-3022.00,"Meat, Poultry, and Fish Cutters and Trimmers",Hospitality & Food
51-3022.00,"Meat, Poultry, and Fish Cutters and Trimmers",Hospitality&Food
51-3023.00,Slaughterers and Meat Packers,S.M.P.
51-3023.00,Slaughterers and Meat Packers,SMP
51-3023.00,Slaughterers and Meat Packers,Category: Marketing & Communications
51-3023.00,Slaughterers and Meat Packers,Marketing and Communications
51-3023.00,Slaughterers and Meat Packers,Slaughterers and Meat Packer
51-3023.00,Slaughterers and Meat Packers,Slaughterers & Meat Packers
51-3023.00,Slaughterers and Meat Packers,Slaughterers / Meat Packers
51-3023.00,Slaughterers and Meat Packers,Marketing & Communications
51-3023.00,Slaughterers and Meat Packers,Marketing&Communications
51-3091.00,"Food and Tobacco Roasting, Baking, and Drying Machine Operators and Tenders","Food and Tobacco Roasting, Baking, and Drying Machine Operators and Tender"
51-3091.00,"Food and Tobacco Roasting, Baking, and Drying Machine Operators and Tenders",Food and Tobacco Roasting Baking and Drying Machine Operators and Tenders
51-3091.00,"Food and Tobacco Roasting, Baking, and Drying Machine Operators and Tenders","Food & Tobacco Roasting, Baking, & Drying Machine Operators & Tenders"
51-3091.00,"Food and Tobacco Roasting, Baking, and Drying Machine Operators and Tenders","Food / Tobacco Roasting, Baking, / Drying Machine Operators / Tenders"
51-3091.00,"Food and Tobacco Roasting, Baking, and Drying Machine Operators and Tenders",Category: Manufacturing
51-3091.00,"Food and Tobacco Roasting, Baking, and Drying Machine Operators and Tenders",Manufacturing
51-3092.00,Food Batchmakers,F.B.
51-3092.00,Food Batchmakers,FB
51-3092.00,Food Batchmakers,Category: Manufacturing
51-3092.00,Food Batchmakers,Food Batchmaker
51-3092.00,Food Batchmakers,Manufacturing
51-3093.00,Food Cooking Machine Operators and Tenders,F.C.M.O.T.
51-3093.00,Food Cooking Machine Operators and Tenders,FCMOT
51-3093.00,Food Cooking Machine Operators and Tenders,Food Cooking Machine Operators and Tender
51-3093.00,Food Cooking Machine Operators and Tenders,Food Cooking Machine Operators & Tenders
51-3093.00,Food Cooking Machine Operators and Tenders,Food Cooking Machine Operators / Tenders
51-3093.00,Food Cooking Machine Operators and Tenders,Category: Manufacturing
51-3093.00,Food Cooking Machine Operators and Tenders,Manufacturing
51-3099.00,"Food Processing Workers, All Other",F.P.W.A.O.
51-3099.00,"Food Processing Workers, All Other",FPWAO
51-3099.00,"Food Processing Workers, All Other","Food Processing Workers, All Others"
51-3099.00,"Food Processing Workers, All Other",Food Processing Workers All Other
51-3099.00,"Food Processing Workers, All Other",Category: Hospitality & Food
51-3099.00,"Food Processing Workers, All Other",Hospitality and Food
51-3099.00,"Food Processing Workers, All Other",Hospitality & Food
51-3099.00,"Food Processing Workers, All Other",Hospitality&Food
51-4021.00,"Extruding and Drawing Machine Setters, Operators, and Tenders, Metal and Plastic","Extruding and Drawing Machine Setters, Operators, and Tenders, Metal and Plastics"
51-4021.00,"Extruding and Drawing Machine Setters, Operators, and Tenders, Metal and Plastic",Extruding and Drawing Machine Setters Operators and Tenders Metal and Plastic
51-4021.00,"Extruding and Drawing Machine Setters, Operators, and Tenders, Metal and Plastic","Extruding & Drawing Machine Setters, Operators, & Tenders, Metal & Plastic"
51-4021.00,"Extruding and Drawing Machine Setters, Operators, and Tenders, Metal and Plastic","Extruding / Drawing Machine Setters, Operators, / Tenders, Metal / Plastic"
51-4021.00,"Extruding and Drawing Machine Setters, Operators, and Tenders, Metal and Plastic",Category: Other
51-4021.00,"Extruding and Drawing Machine Setters, Operators, and Tenders, Metal and Plastic",Other
51-4022.00,"Forging Machine Setters, Operators, and Tenders, Metal and Plastic","Forging Machine Setters, Operators, and Tenders, Metal and Plastics"
51-4022.00,"Forging Machine Setters, Operators, and Tenders, Metal and Plastic",Forging Machine Setters Operators and Tenders Metal and Plastic
51-4022.00,"Forging Machine Setters, Operators, and Tenders, Metal and Plastic","Forging Machine Setters, Operators, & Tenders, Metal & Plastic"
51-4022.00,"Forging Machine Setters, Operators, and Tenders, Metal and Plastic","Forging Machine Setters, Operators, / Tenders, Metal / Plastic"
51-4022.00,"Forging Machine Setters, Operators, and Tenders, Metal and Plastic",Category: Other
51-4022.00,"Forging Machine Setters, Operators, and Tenders, Metal and Plastic",Other
51-4023.00,"Rolling Machine Setters, Operators, and Tenders, Metal and Plastic","Rolling Machine Setters, Operators, and Tenders, Metal and Plastics"
51-4023.00,"Rolling Machine Setters, Operators, and Tenders, Metal and Plastic",Rolling Machine Setters Operators and Tenders Metal and Plastic
51-4023.00,"Rolling Machine Setters, Operators, and Tenders, Metal and Plastic","Rolling Machine Setters, Operators, & Tenders, Metal & Plastic"
51-4023.00,"Rolling Machine Setters, Operators, and Tenders, Metal and Plastic","Rolling Machine Setters, Operators, / Tenders, Metal / Plastic"
51-4023.00,"Rolling Machine Setters, Operators, and Tenders, Metal and Plastic",Category: Other
51-4023.00,"Rolling Machine Setters, Operators, and Tenders, Metal and Plastic",Other
51-4031.00,"Cutting, Punching, and Press Machine Setters, Operators, and Tenders, Metal and Plastic","Cutting, Punching, and Press Machine Setters, Operators, and Tenders, Metal and Plastics"
51-4031.00,"Cutting, Punching, and Press Machine Setters, Operators, and Tenders, Metal and Plastic",Cutting Punching and Press Machine Setters Operators and Tenders Metal and Plastic
51-4031.00,"Cutting, Punching, and Press Machine Setters, Operators, and Tenders, Metal and Plastic","Cutting, Punching, & Press Machine Setters, Operators, & Tenders, Metal & Plastic"
51-4031.00,"Cutting, Punching, and Press Machine Setters, Operators, and Tenders, Metal and Plastic","Cutting, Punching, / Press Machine Setters, Operators, / Tenders, Metal / Plastic"
51-4031.00,"Cutting, Punching, and Press Machine Setters, Operators, and Tenders, Metal and Plastic",Category: Other
51-4031.00,"Cutting, Punching, and Press Machine Setters, Operators, and Tenders, Metal and Plastic",Other
51-4032.00,"Drilling and Boring Machine Tool Setters, Operators, and Tenders, Metal and Plastic","Drilling and Boring Machine Tool Setters, Operators, and Tenders, Metal and Plastics"
51-4032.00,"Drilling and Boring Machine Tool Setters, Operators, and Tenders, Metal and Plastic",Drilling and Boring Machine Tool Setters Operators and Tenders Metal and Plastic
51-4032.00,"Drilling and Boring Machine Tool Setters, Operators, and Tenders, Metal and Plastic","Drilling & Boring Machine Tool Setters, Operators, & Tenders, Metal & Plastic"
51-4032.00,"Drilling and Boring Machine Tool Setters, Operators, and Tenders, Metal and Plastic","Drilling / Boring Machine Tool Setters, Operators, / Tenders, Metal / Plastic"
51-4032.00,"Drilling and Boring Machine Tool Setters, Operators, and Tenders, Metal and Plastic",Category: Other
51-4032.00,"Drilling and Boring Machine Tool Setters, Operators, and Tenders, Metal and Plastic",Other
51-4033.00,"Grinding, Lapping, Polishing, and Buffing Machine Tool Setters, Operators, and Tenders, Metal and Plastic","Grinding, Lapping, Polishing, and Buffing Machine Tool Setters, Operators, and Tenders, Metal and Plastics"
51-4033.00,"Grinding, Lapping, Polishing, and Buffing Machine Tool Setters, Operators, and Tenders, Metal and Plastic",Grinding Lapping Polishing and Buffing Machine Tool Setters Operators and Tenders Metal and Plastic
51-4033.00,"Grinding, Lapping, Polishing, and Buffing Machine Tool Setters, Operators, and Tenders, Metal and Plastic","Grinding, Lapping, Polishing, & Buffing Machine Tool Setters, Operators, & Tenders, Metal & Plastic"
51-4033.00,"Grinding, Lapping, Polishing, and Buffing Machine Tool Setters, Operators, and Tenders, Metal and Plastic","Grinding, Lapping, Polishing, / Buffing Machine Tool Setters, Operators, / Tenders, Metal / Plastic"
51-4033.00,"Grinding, Lapping, Polishing, and Buffing Machine Tool Setters, Operators, and Tenders, Metal and Plastic",Category: Other
51-4033.00,"Grinding, Lapping, Polishing, and Buffing Machine Tool Setters, Operators, and Tenders, Metal and Plastic",Other
51-4034.00,"Lathe and Turning Machine Tool Setters, Operators, and Tenders, Metal and Plastic","Lathe and Turning Machine Tool Setters, Operators, and Tenders, Metal and Plastics"
51-4034.00,"Lathe and Turning Machine Tool Setters, Operators, and Tenders, Metal and Plastic",Lathe and Turning Machine Tool Setters Operators and Tenders Metal and Plastic
51-4034.00,"Lathe and Turning Machine Tool Setters, Operators, and Tenders, Metal and Plastic","Lathe & Turning Machine Tool Setters, Operators, & Tenders, Metal & Plastic"
51-4034.00,"Lathe and Turning Machine Tool Setters, Operators, and Tenders, Metal and Plastic","Lathe / Turning Machine Tool Setters, Operators, / Tenders, Metal / Plastic"
51-4034.00,"Lathe and Turning Machine Tool Setters, Operators, and Tenders, Metal and Plastic",Category: Other
51-4034.00,"Lathe and Turning Machine Tool Setters, Operators, and Tenders, Metal and Plastic",Other
51-4035.00,"Milling and Planing Machine Setters, Operators, and Tenders, Metal and Plastic","Milling and Planing Machine Setters, Operators, and Tenders, Metal and Plastics"
51-4035.00,"Milling and Planing Machine Setters, Operators, and Tenders, Metal and Plastic",Milling and Planing Machine Setters Operators and Tenders Metal and Plastic
51-4035.00,"Milling and Planing Machine Setters, Operators, and Tenders, Metal and Plastic","Milling & Planing Machine Setters, Operators, & Tenders, Metal & Plastic"
51-4035.00,"Milling and Planing Machine Setters, Operators, and Tenders, Metal and Plastic","Milling / Planing Machine Setters, Operators, / Tenders, Metal / Plastic"
51-4035.00,"Milling and Planing Machine Setters, Operators, and Tenders, Metal and Plastic",Category: Other
51-4035.00,"Milling and Planing Machine Setters, Operators, and Tenders, Metal and Plastic",Other
51-4041.00,Machinists,Category: Engineering
51-4041.00,Machinists,Engineering
51-4041.00,Machinists,Machinist
51-4051.00,Metal-Refining Furnace Operators and Tenders,M.R.F.O.T.
51-4051.00,Metal-Refining Furnace Operators and Tenders,MRFOT
51-4051.00,Metal-Refining Furnace Operators and Tenders,Metal-Refining Furnace Operators and Tender
51-4051.00,Metal-Refining Furnace Operators and Tenders,Metal-Refining Furnace Operators & Tenders
51-4051.00,Metal-Refining Furnace Operators and Tenders,Metal-Refining Furnace Operators / Tenders
51-4051.00,Metal-Refining Furnace Operators and Tenders,Category: Other
51-4051.00,Metal-Refining Furnace Operators and Tenders,Other
51-4052.00,"Pourers and Casters, Metal",P.C.M.
51-4052.00,"Pourers and Casters, Metal",PCM
51-4052.00,"Pourers and Casters, Metal","Pourers and Casters, Metals"
51-4052.00,"Pourers and Casters, Metal",Pourers and Casters Metal
51-4052.00,"Pourers and Casters, Metal","Pourers & Casters, Metal"
51-4052.00,"Pourers and Casters, Metal","Pourers / Casters, Metal"
51-4052.00,"Pourers and Casters, Metal",Category: Other
51-4052.00,"Pourers and Casters, Metal",Other
51-4061.00,"Model Makers, Metal and Plastic",M.M.M.P.
51-4061.00,"Model Makers, Metal and Plastic",MMMP
51-4061.00,"Model Makers, Metal and Plastic","Model Makers, Metal and Plastics"
51-4061.00,"Model Makers, Metal and Plastic",Model Makers Metal and Plastic
51-4061.00,"Model Makers, Metal and Plastic","Model Makers, Metal & Plastic"
51-4061.00,"Model Makers, Metal and Plastic","Model Makers, Metal / Plastic"
51-4061.00,"Model Makers, Metal and Plastic",Category: Other
51-4061.00,"Model Makers, Metal and Plastic",Other
51-4062.00,"Patternmakers, Metal and Plastic",P.M.P.
51-4062.00,"Patternmakers, Metal and Plastic",PMP
51-4062.00,"Patternmakers, Metal and Plastic","Patternmakers, Metal and Plastics"
51-4062.00,"Patternmakers, Metal and Plastic",Patternmakers Metal and Plastic
51-4062.00,"Patternmakers, Metal and Plastic","Patternmakers, Metal & Plastic"
51-4062.00,"Patternmakers, Metal and Plastic","Patternmakers, Metal / Plastic"
51-4062.00,"Patternmakers, Metal and Plastic",Category: Other
51-4062.00,"Patternmakers, Metal and Plastic",Other
51-4071.00,Foundry Mold and Coremakers,F.M.C.
51-4071.00,Foundry Mold and Coremakers,FMC
51-4071.00,Foundry Mold and Coremakers,Foundry Mold and Coremaker
51-4071.00,Foundry Mold and Coremakers,Foundry Mold & Coremakers
51-4071.00,Foundry Mold and Coremakers,Foundry Mold / Coremakers
51-4071.00,Foundry Mold and Coremakers,Category: Manufacturing
51-4071.00,Foundry Mold and Coremakers,Manufacturing
51-4072.00,"Molding, Coremaking, and Casting Machine Setters, Operators, and Tenders, Metal and Plastic","Molding, Coremaking, and Casting Machine Setters, Operators, and Tenders, Metal and Plastics"
51-4072.00,"Molding, Coremaking, and Casting Machine Setters, Operators, and Tenders, Metal and Plastic",Molding Coremaking and Casting Machine Setters Operators and Tenders Metal and Plastic
51-4072.00,"Molding, Coremaking, and Casting Machine Setters, Operators, and Tenders, Metal and Plastic","Molding, Coremaking, & Casting Machine Setters, Operators, & Tenders, Metal & Plastic"
51-4072.00,"Molding, Coremaking, and Casting Machine Setters, Operators, and Tenders, Metal and Plastic","Molding, Coremaking, / Casting Machine Setters, Operators, / Tenders, Metal / Plastic"
51-4072.00,"Molding, Coremaking, and Casting Machine Setters, Operators, and Tenders, Metal and Plastic",Category: Other
51-4072.00,"Molding, Coremaking, and Casting Machine Setters, Operators, and Tenders, Metal and Plastic",Other
51-4081.00,"Multiple Machine Tool Setters, Operators, and Tenders, Metal and Plastic","Multiple Machine Tool Setters, Operators, and Tenders, Metal and Plastics"
51-4081.00,"Multiple Machine Tool Setters, Operators, and Tenders, Metal and Plastic",Multiple Machine Tool Setters Operators and Tenders Metal and Plastic
51-4081.00,"Multiple Machine Tool Setters, Operators, and Tenders, Metal and Plastic","Multiple Machine Tool Setters, Operators, & Tenders, Metal & Plastic"
51-4081.00,"Multiple Machine Tool Setters, Operators, and Tenders, Metal and Plastic","Multiple Machine Tool Setters, Operators, / Tenders, Metal / Plastic"
51-4081.00,"Multiple Machine Tool Setters, Operators, and Tenders, Metal and Plastic",Category: Other
51-4081.00,"Multiple Machine Tool Setters, Operators, and Tenders, Metal and Plastic",Other
51-4111.00,Tool and Die Makers,T.D.M.
51-4111.00,Tool and Die Makers,TDM
51-4111.00,Tool and Die Makers,Category: Skilled Trades
51-4111.00,Tool and Die Makers,Tool and Die Maker
51-4111.00,Tool and Die Makers,Tool & Die Makers
51-4111.00,Tool and Die Makers,Tool / Die Makers
51-4111.00,Tool and Die Makers,Skilled Trades
51-4111.00,Tool and Die Makers,SkilledTrades
51-4121.00,"Welders, Cutters, Solderers, and Brazers",W.C.S.B.
51-4121.00,"Welders, Cutters, Solderers, and Brazers",WCSB
51-4121.00,"Welders, Cutters, Solderers, and Brazers","Welders, Cutters, Solderers, and Brazer"
51-4121.00,"Welders, Cutters, Solderers, and Brazers","Welders, Cutters, Solderers, & Brazers"
51-4121.00,"Welders, Cutters, Solderers, and Brazers","Welders, Cutters, Solderers, / Brazers"
51-4121.00,"Welders, Cutters, Solderers, and Brazers",Welders Cutters Solderers and Brazers
51-4121.00,"Welders, Cutters, Solderers, and Brazers",Category: Skilled Trades
51-4121.00,"Welders, Cutters, Solderers, and Brazers",Skilled Trades
51-4121.00,"Welders, Cutters, Solderers, and Brazers",SkilledTrades
51-4122.00,"Welding, Soldering, and Brazing Machine Setters, Operators, and Tenders","Welding, Soldering, and Brazing Machine Setters, Operators, and Tender"
51-4122.00,"Welding, Soldering, and Brazing Machine Setters, Operators, and Tenders",Welding Soldering and Brazing Machine Setters Operators and Tenders
51-4122.00,"Welding, Soldering, and Brazing Machine Setters, Operators, and Tenders","Welding, Soldering, & Brazing Machine Setters, Operators, & Tenders"
51-4122.00,"Welding, Soldering, and Brazing Machine Setters, Operators, and Tenders","Welding, Soldering, / Brazing Machine Setters, Operators, / Tenders"
51-4122.00,"Welding, Soldering, and Brazing Machine Setters, Operators, and Tenders",Category: Other
51-4122.00,"Welding, Soldering, and Brazing Machine Setters, Operators, and Tenders",Other
51-4191.00,"Heat Treating Equipment Setters, Operators, and Tenders, Metal and Plastic","Heat Treating Equipment Setters, Operators, and Tenders, Metal and Plastics"
51-4191.00,"Heat Treating Equipment Setters, Operators, and Tenders, Metal and Plastic",Heat Treating Equipment Setters Operators and Tenders Metal and Plastic
51-4191.00,"Heat Treating Equipment Setters, Operators, and Tenders, Metal and Plastic","Heat Treating Equipment Setters, Operators, & Tenders, Metal & Plastic"
51-4191.00,"Heat Treating Equipment Setters, Operators, and Tenders, Metal and Plastic","Heat Treating Equipment Setters, Operators, / Tenders, Metal / Plastic"
51-4191.00,"Heat Treating Equipment Setters, Operators, and Tenders, Metal and Plastic",Category: Other
51-4191.00,"Heat Treating Equipment Setters, Operators, and Tenders, Metal and Plastic",Other
51-4192.00,"Layout Workers, Metal and Plastic",L.W.M.P.
51-4192.00,"Layout Workers, Metal and Plastic",LWMP
51-4192.00,"Layout Workers, Metal and Plastic","Layout Workers, Metal and Plastics"
51-4192.00,"Layout Workers, Metal and Plastic",Layout Workers Metal and Plastic
51-4192.00,"Layout Workers, Metal and Plastic","Layout Workers, Metal & Plastic"
51-4192.00,"Layout Workers, Metal and Plastic","Layout Workers, Metal / Plastic"
51-4192.00,"Layout Workers, Metal and Plastic",Category: Other
51-4192.00,"Layout Workers, Metal and Plastic",Other
51-4193.00,"Plating Machine Setters, Operators, and Tenders, Metal and Plastic","Plating Machine Setters, Operators, and Tenders, Metal and Plastics"
51-4193.00,"Plating Machine Setters, Operators, and Tenders, Metal and Plastic",Plating Machine Setters Operators and Tenders Metal and Plastic
51-4193.00,"Plating Machine Setters, Operators, and Tenders, Metal and Plastic","Plating Machine Setters, Operators, & Tenders, Metal & Plastic"
51-4193.00,"Plating Machine Setters, Operators, and Tenders, Metal and Plastic","Plating Machine Setters, Operators, / Tenders, Metal / Plastic"
51-4193.00,"Plating Machine Setters, Operators, and Tenders, Metal and Plastic",Category: Other
51-4193.00,"Plating Machine Setters, Operators, and Tenders, Metal and Plastic",Other
51-4194.00,"Tool Grinders, Filers, and Sharpeners",T.G.F.S.
51-4194.00,"Tool Grinders, Filers, and Sharpeners",TGFS
51-4194.00,"Tool Grinders, Filers, and Sharpeners","Tool Grinders, Filers, and Sharpener"
51-4194.00,"Tool Grinders, Filers, and Sharpeners",Tool Grinders Filers and Sharpeners
51-4194.00,"Tool Grinders, Filers, and Sharpeners","Tool Grinders, Filers, & Sharpeners"
51-4194.00,"Tool Grinders, Filers, and Sharpeners","Tool Grinders, Filers, / Sharpeners"
51-4194.00,"Tool Grinders, Filers, and Sharpeners",Category: Other
51-4194.00,"Tool Grinders, Filers, and Sharpeners",Other
51-4199.00,"Metal Workers and Plastic Workers, All Other","Metal Workers and Plastic Workers, All Others"
51-4199.00,"Metal Workers and Plastic Workers, All Other",Metal Workers and Plastic Workers All Other
51-4199.00,"Metal Workers and Plastic Workers, All Other","Metal Workers & Plastic Workers, All Other"
51-4199.00,"Metal Workers and Plastic Workers, All Other","Metal Workers / Plastic Workers, All Other"
51-4199.00,"Metal Workers and Plastic Workers, All Other",Category: Other
51-4199.00,"Metal Workers and Plastic Workers, All Other",Other
51-5111.00,Prepress Technicians and Workers,P.T.W.
51-5111.00,Prepress Technicians and Workers,PTW
51-5111.00,Prepress Technicians and Workers,Prepress Technicians and Worker
51-5111.00,Prepress Technicians and Workers,Prepress Technicians & Workers
51-5111.00,Prepress Technicians and Workers,Prepress Technicians / Workers
51-5111.00,Prepress Technicians and Workers,Prepress Techs and Workers
51-5111.00,Prepress Technicians and Workers,Category: Arts & Media
51-5111.00,Prepress Technicians and Workers,Arts and Media
51-5111.00,Prepress Technicians and Workers,Arts & Media
51-5111.00,Prepress Technicians and Workers,Arts&Media
51-5112.00,Printing Press Operators,P.P.O.
51-5112.00,Printing Press Operators,PPO
51-5112.00,Printing Press Operators,Printing Press Operator
51-5112.00,Printing Press Operators,Category: Other
51-5112.00,Printing Press Operators,Other
51-5113.00,Print Binding and Finishing Workers,P.B.F.W.
51-5113.00,Print Binding and Finishing Workers,PBFW
51-5113.00,Print Binding and Finishing Workers,Print Binding and Finishing Worker
51-5113.00,Print Binding and Finishing Workers,Print Binding & Finishing Workers
51-5113.00,Print Binding and Finishing Workers,Print Binding / Finishing Workers
51-5113.00,Print Binding and Finishing Workers,Category: Other
51-5113.00,Print Binding and Finishing Workers,Other
51-6011.00,Laundry and Dry-Cleaning Workers,L.D.C.W.
51-6011.00,Laundry and Dry-Cleaning Workers,LDCW
51-6011.00,Laundry and Dry-Cleaning Workers,Laundry and Dry-Cleaning Worker
51-6011.00,Laundry and Dry-Cleaning Workers,Laundry & Dry-Cleaning Workers
51-6011.00,Laundry and Dry-Cleaning Workers,Laundry / Dry-Cleaning Workers
51-6011.00,Laundry and Dry-Cleaning Workers,Category: Other
51-6011.00,Laundry and Dry-Cleaning Workers,Other
51-6021.00,"Pressers, Textile, Garment, and Related Materials",P.T.G.R.M.
51-6021.00,"Pressers, Textile, Garment, and Related Materials",PTGRM
51-6021.00,"Pressers, Textile, Garment, and Related Materials","Pressers, Textile, Garment, and Related Material"
51-6021.00,"Pressers, Textile, Garment, and Related Materials","Pressers, Textile, Garment, & Related Materials"
51-6021.00,"Pressers, Textile, Garment, and Related Materials","Pressers, Textile, Garment, / Related Materials"
51-6021.00,"Pressers, Textile, Garment, and Related Materials",Pressers Textile Garment and Related Materials
51-6021.00,"Pressers, Textile, Garment, and Related Materials",Category: Other
51-6021.00,"Pressers, Textile, Garment, and Related Materials",Other
51-6031.00,Sewing Machine Operators,S.M.O.
51-6031.00,Sewing Machine Operators,SMO
51-6031.00,Sewing Machine Operators,Category: Manufacturing
51-6031.00,Sewing Machine Operators,Sewing Machine Operator
51-6031.00,Sewing Machine Operators,Manufacturing
51-6041.00,Shoe and Leather Workers and Repairers,S.L.W.R.
51-6041.00,Shoe and Leather Workers and Repairers,SLWR
51-6041.00,Shoe and Leather Workers and Repairers,Shoe and Leather Workers and Repairer
51-6041.00,Shoe and Leather Workers and Repairers,Shoe & Leather Workers & Repairers
51-6041.00,Shoe and Leather Workers and Repairers,Shoe / Leather Workers / Repairers
51-6041.00,Shoe and Leather Workers and Repairers,Category: Other
51-6041.00,Shoe and Leather Workers and Repairers,Other
51-6042.00,Shoe Machine Operators and Tenders,S.M.O.T.
51-6042.00,Shoe Machine Operators and Tenders,SMOT
51-6042.00,Shoe Machine Operators and Tenders,Shoe Machine Operators and Tender
51-6042.00,Shoe Machine Operators and Tenders,Shoe Machine Operators & Tenders
51-6042.00,Shoe Machine Operators and Tenders,Shoe Machine Operators / Tenders
51-6042.00,Shoe Machine Operators and Tenders,Category: Manufacturing
51-6042.00,Shoe Machine Operators and Tenders,Manufacturing
51-6051.00,"Sewers, Hand",S.H.
51-6051.00,"Sewers, Hand",SH
51-6051.00,"Sewers, Hand",Category: Manufacturing
51-6051.00,"Sewers, Hand",Manufacturing
51-6051.00,"Sewers, Hand","Sewers, Hands"
51-6051.00,"Sewers, Hand",Sewers Hand
51-6052.00,"Tailors, Dressmakers, and Custom Sewers",T.D.C.S.
51-6052.00,"Tailors, Dressmakers, and Custom Sewers",TDCS
51-6052.00,"Tailors, Dressmakers, and Custom Sewers","Tailors, Dressmakers, and Custom Sewer"
51-6052.00,"Tailors, Dressmakers, and Custom Sewers",Tailors Dressmakers and Custom Sewers
51-6052.00,"Tailors, Dressmakers, and Custom Sewers","Tailors, Dressmakers, & Custom Sewers"
51-6052.00,"Tailors, Dressmakers, and Custom Sewers","Tailors, Dressmakers, / Custom Sewers"
51-6052.00,"Tailors, Dressmakers, and Custom Sewers",Category: Other
51-6052.00,"Tailors, Dressmakers, and Custom Sewers",Other
51-6061.00,Textile Bleaching and Dyeing Machine Operators and Tenders,Textile Bleaching and Dyeing Machine Operators and Tender
51-6061.00,Textile Bleaching and Dyeing Machine Operators and Tenders,Textile Bleaching & Dyeing Machine Operators & Tenders
51-6061.00,Textile Bleaching and Dyeing Machine Operators and Tenders,Textile Bleaching / Dyeing Machine Operators / Tenders
51-6061.00,Textile Bleaching and Dyeing Machine Operators and Tenders,Category: Manufacturing
51-6061.00,Textile Bleaching and Dyeing Machine Operators and Tenders,Manufacturing
51-6062.00,"Textile Cutting Machine Setters, Operators, and Tenders","Textile Cutting Machine Setters, Operators, and Tender"
51-6062.00,"Textile Cutting Machine Setters, Operators, and Tenders",Textile Cutting Machine Setters Operators and Tenders
51-6062.00,"Textile Cutting Machine Setters, Operators, and Tenders","Textile Cutting Machine Setters, Operators, & Tenders"
51-6062.00,"Textile Cutting Machine Setters, Operators, and Tenders","Textile Cutting Machine Setters, Operators, / Tenders"
51-6062.00,"Textile Cutting Machine Setters, Operators, and Tenders",Category: Other
51-6062.00,"Textile Cutting Machine Setters, Operators, and Tenders",Other
51-6063.00,"Textile Knitting and Weaving Machine Setters, Operators, and Tenders","Textile Knitting and Weaving Machine Setters, Operators, and Tender"
51-6063.00,"Textile Knitting and Weaving Machine Setters, Operators, and Tenders",Textile Knitting and Weaving Machine Setters Operators and Tenders
51-6063.00,"Textile Knitting and Weaving Machine Setters, Operators, and Tenders","Textile Knitting & Weaving Machine Setters, Operators, & Tenders"
51-6063.00,"Textile Knitting and Weaving Machine Setters, Operators, and Tenders","Textile Knitting / Weaving Machine Setters, Operators, / Tenders"
51-6063.00,"Textile Knitting and Weaving Machine Setters, Operators, and Tenders",Category: Other
51-6063.00,"Textile Knitting and Weaving Machine Setters, Operators, and Tenders",Other
51-6064.00,"Textile Winding, Twisting, and Drawing Out Machine Setters, Operators, and Tenders","Textile Winding, Twisting, and Drawing Out Machine Setters, Operators, and Tender"
51-6064.00,"Textile Winding, Twisting, and Drawing Out Machine Setters, Operators, and Tenders",Textile Winding Twisting and Drawing Out Machine Setters Operators and Tenders
51-6064.00,"Textile Winding, Twisting, and Drawing Out Machine Setters, Operators, and Tenders","Textile Winding, Twisting, & Drawing Out Machine Setters, Operators, & Tenders"
51-6064.00,"Textile Winding, Twisting, and Drawing Out Machine Setters, Operators, and Tenders","Textile Winding, Twisting, / Drawing Out Machine Setters, Operators, / Tenders"
51-6064.00,"Textile Winding, Twisting, and Drawing Out Machine Setters, Operators, and Tenders",Category: Other
51-6064.00,"Textile Winding, Twisting, and Drawing Out Machine Setters, Operators, and Tenders",Other
51-6091.00,"Extruding and Forming Machine Setters, Operators, and Tenders, Synthetic and Glass Fibers","Extruding and Forming Machine Setters, Operators, and Tenders, Synthetic and Glass Fiber"
51-6091.00,"Extruding and Forming Machine Setters, Operators, and Tenders, Synthetic and Glass Fibers",Extruding and Forming Machine Setters Operators and Tenders Synthetic and Glass Fibers
51-6091.00,"Extruding and Forming Machine Setters, Operators, and Tenders, Synthetic and Glass Fibers","Extruding & Forming Machine Setters, Operators, & Tenders, Synthetic & Glass Fibers"
51-6091.00,"Extruding and Forming Machine Setters, Operators, and Tenders, Synthetic and Glass Fibers","Extruding / Forming Machine Setters, Operators, / Tenders, Synthetic / Glass Fibers"
51-6091.00,"Extruding and Forming Machine Setters, Operators, and Tenders, Synthetic and Glass Fibers",Category: Other
51-6091.00,"Extruding and Forming Machine Setters, Operators, and Tenders, Synthetic and Glass Fibers",Other
51-6092.00,Fabric and Apparel Patternmakers,F.A.P.
51-6092.00,Fabric and Apparel Patternmakers,FAP
51-6092.00,Fabric and Apparel Patternmakers,Fabric and Apparel Patternmaker
51-6092.00,Fabric and Apparel Patternmakers,Fabric & Apparel Patternmakers
51-6092.00,Fabric and Apparel Patternmakers,Fabric / Apparel Patternmakers
51-6092.00,Fabric and Apparel Patternmakers,Category: Other
51-6092.00,Fabric and Apparel Patternmakers,Other
51-6093.00,Upholsterers,Category: Transportation
51-6093.00,Upholsterers,Transportation
51-6093.00,Upholsterers,Upholsterer
51-6099.00,"Textile, Apparel, and Furnishings Workers, All Other","Textile, Apparel, and Furnishings Workers, All Others"
51-6099.00,"Textile, Apparel, and Furnishings Workers, All Other","Textile, Apparel, & Furnishings Workers, All Other"
51-6099.00,"Textile, Apparel, and Furnishings Workers, All Other","Textile, Apparel, / Furnishings Workers, All Other"
51-6099.00,"Textile, Apparel, and Furnishings Workers, All Other",Textile Apparel and Furnishings Workers All Other
51-6099.00,"Textile, Apparel, and Furnishings Workers, All Other",Category: Other
51-6099.00,"Textile, Apparel, and Furnishings Workers, All Other",Other
51-7011.00,Cabinetmakers and Bench Carpenters,C.B.C.
51-7011.00,Cabinetmakers and Bench Carpenters,CBC
51-7011.00,Cabinetmakers and Bench Carpenters,Cabinetmakers and Bench Carpenter
51-7011.00,Cabinetmakers and Bench Carpenters,Cabinetmakers & Bench Carpenters
51-7011.00,Cabinetmakers and Bench Carpenters,Cabinetmakers / Bench Carpenters
51-7011.00,Cabinetmakers and Bench Carpenters,Category: Skilled Trades
51-7011.00,Cabinetmakers and Bench Carpenters,Skilled Trades
51-7011.00,Cabinetmakers and Bench Carpenters,SkilledTrades
51-7021.00,Furniture Finishers,F.F.
51-7021.00,Furniture Finishers,FF
51-7021.00,Furniture Finishers,Furniture Finisher
51-7021.00,Furniture Finishers,Category: Other
51-7021.00,Furniture Finishers,Other
51-7031.00,"Model Makers, Wood",M.M.W.
51-7031.00,"Model Makers, Wood",MMW
51-7031.00,"Model Makers, Wood","Model Makers, Woods"
51-7031.00,"Model Makers, Wood",Model Makers Wood
51-7031.00,"Model Makers, Wood",Category: Other
51-7031.00,"Model Makers, Wood",Other
51-7032.00,"Patternmakers, Wood",P.W.
51-7032.00,"Patternmakers, Wood",PW
51-7032.00,"Patternmakers, Wood","Patternmakers, Woods"
51-7032.00,"Patternmakers, Wood",Patternmakers Wood
51-7032.00,"Patternmakers, Wood",Category: Other
51-7032.00,"Patternmakers, Wood",Other
51-7041.00,"Sawing Machine Setters, Operators, and Tenders, Wood","Sawing Machine Setters, Operators, and Tenders, Woods"
51-7041.00,"Sawing Machine Setters, Operators, and Tenders, Wood","Sawing Machine Setters, Operators, & Tenders, Wood"
51-7041.00,"Sawing Machine Setters, Operators, and Tenders, Wood","Sawing Machine Setters, Operators, / Tenders, Wood"
51-7041.00,"Sawing Machine Setters, Operators, and Tenders, Wood",Sawing Machine Setters Operators and Tenders Wood
51-7041.00,"Sawing Machine Setters, Operators, and Tenders, Wood",Category: Other
51-7041.00,"Sawing Machine Setters, Operators, and Tenders, Wood",Other
51-7042.00,"Woodworking Machine Setters, Operators, and Tenders, Except Sawing","Woodworking Machine Setters, Operators, and Tenders, Except Sawings"
51-7042.00,"Woodworking Machine Setters, Operators, and Tenders, Except Sawing","Woodworking Machine Setters, Operators, & Tenders, Except Sawing"
51-7042.00,"Woodworking Machine Setters, Operators, and Tenders, Except Sawing","Woodworking Machine Setters, Operators, / Tenders, Except Sawing"
51-7042.00,"Woodworking Machine Setters, Operators, and Tenders, Except Sawing",Woodworking Machine Setters Operators and Tenders Except Sawing
51-7042.00,"Woodworking Machine Setters, Operators, and Tenders, Except Sawing",Category: Other
51-7042.00,"Woodworking Machine Setters, Operators, and Tenders, Except Sawing",Other
51-7099.00,"Woodworkers, All Other",W.A.O.
51-7099.00,"Woodworkers, All Other",WAO
51-7099.00,"Woodworkers, All Other","Woodworkers, All Others"
51-7099.00,"Woodworkers, All Other",Woodworkers All Other
51-7099.00,"Woodworkers, All Other",Category: Other
51-7099.00,"Woodworkers, All Other",Other
51-8011.00,Nuclear Power Reactor Operators,N.P.R.O.
51-8011.00,Nuclear Power Reactor Operators,NPRO
51-8011.00,Nuclear Power Reactor Operators,Nuclear Power Reactor Operator
51-8011.00,Nuclear Power Reactor Operators,Category: Public Safety
51-8011.00,Nuclear Power Reactor Operators,Public Safety
51-8011.00,Nuclear Power Reactor Operators,PublicSafety
51-8012.00,Power Distributors and Dispatchers,P.D.D.
51-8012.00,Power Distributors and Dispatchers,PDD
51-8012.00,Power Distributors and Dispatchers,Power Distributors and Dispatcher
51-8012.00,Power Distributors and Dispatchers,Power Distributors & Dispatchers
51-8012.00,Power Distributors and Dispatchers,Power Distributors / Dispatchers
51-8012.00,Power Distributors and Dispatchers,Category: Other
51-8012.00,Power Distributors and Dispatchers,Other
51-8013.00,Power Plant Operators,P.P.O.
51-8013.00,Power Plant Operators,PPO
51-8013.00,Power Plant Operators,Category: Manufacturing
51-8013.00,Power Plant Operators,Power Plant Operator
51-8013.00,Power Plant Operators,Manufacturing
51-8013.03,Biomass Plant Technicians,B.P.T.
51-8013.03,Biomass Plant Technicians,BPT
51-8013.03,Biomass Plant Technicians,Biomass Plant Technician
51-8013.03,Biomass Plant Technicians,Category: Manufacturing
51-8013.03,Biomass Plant Technicians,Biomass Plant Techs
51-8013.03,Biomass Plant Technicians,Biomass Plant
51-8013.03,Biomass Plant Technicians,Manufacturing
51-8013.04,Hydroelectric Plant Technicians,H.P.T.
51-8013.04,Hydroelectric Plant Technicians,HPT
51-8013.04,Hydroelectric Plant Technicians,Category: Finance & Accounting
51-8013.04,Hydroelectric Plant Technicians,Hydroelectric Plant Technician
51-8013.04,Hydroelectric Plant Technicians,Hydroelectric Plant Techs
51-8013.04,Hydroelectric Plant Technicians,Finance and Accounting
51-8013.04,Hydroelectric Plant Technicians,Finance & Accounting
51-8013.04,Hydroelectric Plant Technicians,Hydroelectric Plant
51-8013.04,Hydroelectric Plant Technicians,Finance&Accounting
51-8021.00,Stationary Engineers and Boiler Operators,S.E.B.O.
51-8021.00,Stationary Engineers and Boiler Operators,SEBO
51-8021.00,Stationary Engineers and Boiler Operators,Stationary Engineers and Boiler Operator
51-8021.00,Stationary Engineers and Boiler Operators,Stationary Engineers & Boiler Operators
51-8021.00,Stationary Engineers and Boiler Operators,Stationary Engineers / Boiler Operators
51-8021.00,Stationary Engineers and Boiler Operators,Stationary Engs and Boiler Operators
51-8021.00,Stationary Engineers and Boiler Operators,Category: Engineering
51-8021.00,Stationary Engineers and Boiler Operators,Engineering
51-8031.00,Water and Wastewater Treatment Plant and System Operators,Water and Wastewater Treatment Plant and System Operator
51-8031.00,Water and Wastewater Treatment Plant and System Operators,Water & Wastewater Treatment Plant & System Operators
51-8031.00,Water and Wastewater Treatment Plant and System Operators,Water / Wastewater Treatment Plant / System Operators
51-8031.00,Water and Wastewater Treatment Plant and System Operators,Category: Manufacturing
51-8031.00,Water and Wastewater Treatment Plant and System Operators,Manufacturing
51-8091.00,Chemical Plant and System Operators,C.P.S.O.
51-8091.00,Chemical Plant and System Operators,CPSO
51-8091.00,Chemical Plant and System Operators,Chemical Plant and System Operator
51-8091.00,Chemical Plant and System Operators,Chemical Plant & System Operators
51-8091.00,Chemical Plant and System Operators,Chemical Plant / System Operators
51-8091.00,Chemical Plant and System Operators,Category: Engineering
51-8091.00,Chemical Plant and System Operators,Engineering
51-8092.00,Gas Plant Operators,G.P.O.
51-8092.00,Gas Plant Operators,GPO
51-8092.00,Gas Plant Operators,Category: Manufacturing
51-8092.00,Gas Plant Operators,Gas Plant Operator
51-8092.00,Gas Plant Operators,Manufacturing
51-8093.00,"Petroleum Pump System Operators, Refinery Operators, and Gaugers","Petroleum Pump System Operators, Refinery Operators, and Gauger"
51-8093.00,"Petroleum Pump System Operators, Refinery Operators, and Gaugers",Petroleum Pump System Operators Refinery Operators and Gaugers
51-8093.00,"Petroleum Pump System Operators, Refinery Operators, and Gaugers","Petroleum Pump System Operators, Refinery Operators, & Gaugers"
51-8093.00,"Petroleum Pump System Operators, Refinery Operators, and Gaugers","Petroleum Pump System Operators, Refinery Operators, / Gaugers"
51-8093.00,"Petroleum Pump System Operators, Refinery Operators, and Gaugers",Category: Other
51-8093.00,"Petroleum Pump System Operators, Refinery Operators, and Gaugers",Other
51-8099.00,"Plant and System Operators, All Other",P.S.O.A.O.
51-8099.00,"Plant and System Operators, All Other",PSOAO
51-8099.00,"Plant and System Operators, All Other","Plant and System Operators, All Others"
51-8099.00,"Plant and System Operators, All Other",Plant and System Operators All Other
51-8099.00,"Plant and System Operators, All Other","Plant & System Operators, All Other"
51-8099.00,"Plant and System Operators, All Other","Plant / System Operators, All Other"
51-8099.00,"Plant and System Operators, All Other",Category: Manufacturing
51-8099.00,"Plant and System Operators, All Other",Manufacturing
51-8099.01,Biofuels Processing Technicians,B.P.T.
51-8099.01,Biofuels Processing Technicians,BPT
51-8099.01,Biofuels Processing Technicians,Biofuels Processing Technician
51-8099.01,Biofuels Processing Technicians,Biofuels Processing Techs
51-8099.01,Biofuels Processing Technicians,Category: Manufacturing
51-8099.01,Biofuels Processing Technicians,Biofuels Processing
51-8099.01,Biofuels Processing Technicians,Manufacturing
51-9011.00,Chemical Equipment Operators and Tenders,C.E.O.T.
51-9011.00,Chemical Equipment Operators and Tenders,CEOT
51-9011.00,Chemical Equipment Operators and Tenders,Chemical Equipment Operators and Tender
51-9011.00,Chemical Equipment Operators and Tenders,Chemical Equipment Operators & Tenders
51-9011.00,Chemical Equipment Operators and Tenders,Chemical Equipment Operators / Tenders
51-9011.00,Chemical Equipment Operators and Tenders,Category: Engineering
51-9011.00,Chemical Equipment Operators and Tenders,Engineering
51-9012.00,"Separating, Filtering, Clarifying, Precipitating, and Still Machine Setters, Operators, and Tenders","Separating, Filtering, Clarifying, Precipitating, and Still Machine Setters, Operators, and Tender"
51-9012.00,"Separating, Filtering, Clarifying, Precipitating, and Still Machine Setters, Operators, and Tenders","Separating, Filtering, Clarifying, Precipitating, & Still Machine Setters, Operators, & Tenders"
51-9012.00,"Separating, Filtering, Clarifying, Precipitating, and Still Machine Setters, Operators, and Tenders","Separating, Filtering, Clarifying, Precipitating, / Still Machine Setters, Operators, / Tenders"
51-9012.00,"Separating, Filtering, Clarifying, Precipitating, and Still Machine Setters, Operators, and Tenders",Separating Filtering Clarifying Precipitating and Still Machine Setters Operators and Tenders
51-9012.00,"Separating, Filtering, Clarifying, Precipitating, and Still Machine Setters, Operators, and Tenders",Category: Other
51-9012.00,"Separating, Filtering, Clarifying, Precipitating, and Still Machine Setters, Operators, and Tenders",Other
51-9021.00,"Crushing, Grinding, and Polishing Machine Setters, Operators, and Tenders","Crushing, Grinding, and Polishing Machine Setters, Operators, and Tender"
51-9021.00,"Crushing, Grinding, and Polishing Machine Setters, Operators, and Tenders",Crushing Grinding and Polishing Machine Setters Operators and Tenders
51-9021.00,"Crushing, Grinding, and Polishing Machine Setters, Operators, and Tenders","Crushing, Grinding, & Polishing Machine Setters, Operators, & Tenders"
51-9021.00,"Crushing, Grinding, and Polishing Machine Setters, Operators, and Tenders","Crushing, Grinding, / Polishing Machine Setters, Operators, / Tenders"
51-9021.00,"Crushing, Grinding, and Polishing Machine Setters, Operators, and Tenders",Category: Hospitality & Food
51-9021.00,"Crushing, Grinding, and Polishing Machine Setters, Operators, and Tenders",Hospitality and Food
51-9021.00,"Crushing, Grinding, and Polishing Machine Setters, Operators, and Tenders",Hospitality & Food
51-9021.00,"Crushing, Grinding, and Polishing Machine Setters, Operators, and Tenders",Hospitality&Food
51-9022.00,"Grinding and Polishing Workers, Hand",G.P.W.H.
51-9022.00,"Grinding and Polishing Workers, Hand",GPWH
51-9022.00,"Grinding and Polishing Workers, Hand","Grinding and Polishing Workers, Hands"
51-9022.00,"Grinding and Polishing Workers, Hand",Grinding and Polishing Workers Hand
51-9022.00,"Grinding and Polishing Workers, Hand","Grinding & Polishing Workers, Hand"
51-9022.00,"Grinding and Polishing Workers, Hand","Grinding / Polishing Workers, Hand"
51-9022.00,"Grinding and Polishing Workers, Hand",Category: Other
51-9022.00,"Grinding and Polishing Workers, Hand",Other
51-9023.00,"Mixing and Blending Machine Setters, Operators, and Tenders","Mixing and Blending Machine Setters, Operators, and Tender"
51-9023.00,"Mixing and Blending Machine Setters, Operators, and Tenders",Mixing and Blending Machine Setters Operators and Tenders
51-9023.00,"Mixing and Blending Machine Setters, Operators, and Tenders","Mixing & Blending Machine Setters, Operators, & Tenders"
51-9023.00,"Mixing and Blending Machine Setters, Operators, and Tenders","Mixing / Blending Machine Setters, Operators, / Tenders"
51-9023.00,"Mixing and Blending Machine Setters, Operators, and Tenders",Category: Engineering
51-9023.00,"Mixing and Blending Machine Setters, Operators, and Tenders",Engineering
51-9031.00,"Cutters and Trimmers, Hand",C.T.H.
51-9031.00,"Cutters and Trimmers, Hand",CTH
51-9031.00,"Cutters and Trimmers, Hand","Cutters and Trimmers, Hands"
51-9031.00,"Cutters and Trimmers, Hand",Cutters and Trimmers Hand
51-9031.00,"Cutters and Trimmers, Hand","Cutters & Trimmers, Hand"
51-9031.00,"Cutters and Trimmers, Hand","Cutters / Trimmers, Hand"
51-9031.00,"Cutters and Trimmers, Hand",Category: Manufacturing
51-9031.00,"Cutters and Trimmers, Hand",Manufacturing
51-9032.00,"Cutting and Slicing Machine Setters, Operators, and Tenders","Cutting and Slicing Machine Setters, Operators, and Tender"
51-9032.00,"Cutting and Slicing Machine Setters, Operators, and Tenders",Cutting and Slicing Machine Setters Operators and Tenders
51-9032.00,"Cutting and Slicing Machine Setters, Operators, and Tenders","Cutting & Slicing Machine Setters, Operators, & Tenders"
51-9032.00,"Cutting and Slicing Machine Setters, Operators, and Tenders","Cutting / Slicing Machine Setters, Operators, / Tenders"
51-9032.00,"Cutting and Slicing Machine Setters, Operators, and Tenders",Category: Hospitality & Food
51-9032.00,"Cutting and Slicing Machine Setters, Operators, and Tenders",Hospitality and Food
51-9032.00,"Cutting and Slicing Machine Setters, Operators, and Tenders",Hospitality & Food
51-9032.00,"Cutting and Slicing Machine Setters, Operators, and Tenders",Hospitality&Food
51-9041.00,"Extruding, Forming, Pressing, and Compacting Machine Setters, Operators, and Tenders","Extruding, Forming, Pressing, and Compacting Machine Setters, Operators, and Tender"
51-9041.00,"Extruding, Forming, Pressing, and Compacting Machine Setters, Operators, and Tenders","Extruding, Forming, Pressing, & Compacting Machine Setters, Operators, & Tenders"
51-9041.00,"Extruding, Forming, Pressing, and Compacting Machine Setters, Operators, and Tenders","Extruding, Forming, Pressing, / Compacting Machine Setters, Operators, / Tenders"
51-9041.00,"Extruding, Forming, Pressing, and Compacting Machine Setters, Operators, and Tenders",Extruding Forming Pressing and Compacting Machine Setters Operators and Tenders
51-9041.00,"Extruding, Forming, Pressing, and Compacting Machine Setters, Operators, and Tenders",Category: Hospitality & Food
51-9041.00,"Extruding, Forming, Pressing, and Compacting Machine Setters, Operators, and Tenders",Hospitality and Food
51-9041.00,"Extruding, Forming, Pressing, and Compacting Machine Setters, Operators, and Tenders",Hospitality & Food
51-9041.00,"Extruding, Forming, Pressing, and Compacting Machine Setters, Operators, and Tenders",Hospitality&Food
51-9051.00,"Furnace, Kiln, Oven, Drier, and Kettle Operators and Tenders","Furnace, Kiln, Oven, Drier, and Kettle Operators and Tender"
51-9051.00,"Furnace, Kiln, Oven, Drier, and Kettle Operators and Tenders",Furnace Kiln Oven Drier and Kettle Operators and Tenders
51-9051.00,"Furnace, Kiln, Oven, Drier, and Kettle Operators and Tenders","Furnace, Kiln, Oven, Drier, & Kettle Operators & Tenders"
51-9051.00,"Furnace, Kiln, Oven, Drier, and Kettle Operators and Tenders","Furnace, Kiln, Oven, Drier, / Kettle Operators / Tenders"
51-9051.00,"Furnace, Kiln, Oven, Drier, and Kettle Operators and Tenders",Category: Hospitality & Food
51-9051.00,"Furnace, Kiln, Oven, Drier, and Kettle Operators and Tenders",Hospitality and Food
51-9051.00,"Furnace, Kiln, Oven, Drier, and Kettle Operators and Tenders",Hospitality & Food
51-9051.00,"Furnace, Kiln, Oven, Drier, and Kettle Operators and Tenders",Hospitality&Food
51-9061.00,"Inspectors, Testers, Sorters, Samplers, and Weighers",I.T.S.S.W.
51-9061.00,"Inspectors, Testers, Sorters, Samplers, and Weighers",ITSSW
51-9061.00,"Inspectors, Testers, Sorters, Samplers, and Weighers","Inspectors, Testers, Sorters, Samplers, and Weigher"
51-9061.00,"Inspectors, Testers, Sorters, Samplers, and Weighers","Inspectors, Testers, Sorters, Samplers, & Weighers"
51-9061.00,"Inspectors, Testers, Sorters, Samplers, and Weighers","Inspectors, Testers, Sorters, Samplers, / Weighers"
51-9061.00,"Inspectors, Testers, Sorters, Samplers, and Weighers",Inspectors Testers Sorters Samplers and Weighers
51-9061.00,"Inspectors, Testers, Sorters, Samplers, and Weighers",Category: Manufacturing
51-9061.00,"Inspectors, Testers, Sorters, Samplers, and Weighers",Manufacturing
51-9071.00,Jewelers and Precious Stone and Metal Workers,J.P.S.M.W.
51-9071.00,Jewelers and Precious Stone and Metal Workers,JPSMW
51-9071.00,Jewelers and Precious Stone and Metal Workers,Jewelers and Precious Stone and Metal Worker
51-9071.00,Jewelers and Precious Stone and Metal Workers,Jewelers & Precious Stone & Metal Workers
51-9071.00,Jewelers and Precious Stone and Metal Workers,Jewelers / Precious Stone / Metal Workers
51-9071.00,Jewelers and Precious Stone and Metal Workers,Category: Manufacturing
51-9071.00,Jewelers and Precious Stone and Metal Workers,Manufacturing
51-9071.06,Gem and Diamond Workers,G.D.W.
51-9071.06,Gem and Diamond Workers,GDW
51-9071.06,Gem and Diamond Workers,Category: Manufacturing
51-9071.06,Gem and Diamond Workers,Gem and Diamond Worker
51-9071.06,Gem and Diamond Workers,Gem & Diamond Workers
51-9071.06,Gem and Diamond Workers,Gem / Diamond Workers
51-9071.06,Gem and Diamond Workers,Manufacturing
51-9081.00,Dental Laboratory Technicians,D.L.T.
51-9081.00,Dental Laboratory Technicians,DLT
51-9081.00,Dental Laboratory Technicians,Dental Laboratory Technician
51-9081.00,Dental Laboratory Technicians,Dental Laboratory Techs
51-9081.00,Dental Laboratory Technicians,Category: Healthcare
51-9081.00,Dental Laboratory Technicians,Dental Laboratory
51-9081.00,Dental Laboratory Technicians,Healthcare
51-9082.00,Medical Appliance Technicians,M.A.T.
51-9082.00,Medical Appliance Technicians,MAT
51-9082.00,Medical Appliance Technicians,Medical Appliance Technician
51-9082.00,Medical Appliance Technicians,Medical Appliance Techs
51-9082.00,Medical Appliance Technicians,Category: Healthcare
51-9082.00,Medical Appliance Technicians,Medical Appliance
51-9082.00,Medical Appliance Technicians,Healthcare
51-9083.00,Ophthalmic Laboratory Technicians,O.L.T.
51-9083.00,Ophthalmic Laboratory Technicians,OLT
51-9083.00,Ophthalmic Laboratory Technicians,Ophthalmic Laboratory Technician
51-9083.00,Ophthalmic Laboratory Technicians,Category: Science & Research
51-9083.00,Ophthalmic Laboratory Technicians,Ophthalmic Laboratory Techs
51-9083.00,Ophthalmic Laboratory Technicians,Ophthalmic Laboratory
51-9083.00,Ophthalmic Laboratory Technicians,Science and Research
51-9083.00,Ophthalmic Laboratory Technicians,Science & Research
51-9083.00,Ophthalmic Laboratory Technicians,Science&Research
51-9111.00,Packaging and Filling Machine Operators and Tenders,P.F.M.O.T.
51-9111.00,Packaging and Filling Machine Operators and Tenders,PFMOT
51-9111.00,Packaging and Filling Machine Operators and Tenders,Packaging and Filling Machine Operators and Tender
51-9111.00,Packaging and Filling Machine Operators and Tenders,Packaging & Filling Machine Operators & Tenders
51-9111.00,Packaging and Filling Machine Operators and Tenders,Packaging / Filling Machine Operators / Tenders
51-9111.00,Packaging and Filling Machine Operators and Tenders,Category: Manufacturing
51-9111.00,Packaging and Filling Machine Operators and Tenders,Manufacturing
51-9123.00,"Painting, Coating, and Decorating Workers",P.C.D.W.
51-9123.00,"Painting, Coating, and Decorating Workers",PCDW
51-9123.00,"Painting, Coating, and Decorating Workers","Painting, Coating, and Decorating Worker"
51-9123.00,"Painting, Coating, and Decorating Workers",Painting Coating and Decorating Workers
51-9123.00,"Painting, Coating, and Decorating Workers","Painting, Coating, & Decorating Workers"
51-9123.00,"Painting, Coating, and Decorating Workers","Painting, Coating, / Decorating Workers"
51-9123.00,"Painting, Coating, and Decorating Workers",Category: Other
51-9123.00,"Painting, Coating, and Decorating Workers",Other
51-9124.00,"Coating, Painting, and Spraying Machine Setters, Operators, and Tenders","Coating, Painting, and Spraying Machine Setters, Operators, and Tender"
51-9124.00,"Coating, Painting, and Spraying Machine Setters, Operators, and Tenders",Coating Painting and Spraying Machine Setters Operators and Tenders
51-9124.00,"Coating, Painting, and Spraying Machine Setters, Operators, and Tenders","Coating, Painting, & Spraying Machine Setters, Operators, & Tenders"
51-9124.00,"Coating, Painting, and Spraying Machine Setters, Operators, and Tenders","Coating, Painting, / Spraying Machine Setters, Operators, / Tenders"
51-9124.00,"Coating, Painting, and Spraying Machine Setters, Operators, and Tenders",Category: Transportation
51-9124.00,"Coating, Painting, and Spraying Machine Setters, Operators, and Tenders",Transportation
51-9141.00,Semiconductor Processing Technicians,S.P.T.
51-9141.00,Semiconductor Processing Technicians,SPT
51-9141.00,Semiconductor Processing Technicians,Semiconductor Processing Technician
51-9141.00,Semiconductor Processing Technicians,Semiconductor Processing Techs
51-9141.00,Semiconductor Processing Technicians,Semiconductor Processing
51-9141.00,Semiconductor Processing Technicians,Category: Engineering
51-9141.00,Semiconductor Processing Technicians,Engineering
51-9151.00,Photographic Process Workers and Processing Machine Operators,Photographic Process Workers and Processing Machine Operator
51-9151.00,Photographic Process Workers and Processing Machine Operators,Photographic Process Workers & Processing Machine Operators
51-9151.00,Photographic Process Workers and Processing Machine Operators,Photographic Process Workers / Processing Machine Operators
51-9151.00,Photographic Process Workers and Processing Machine Operators,Category: Manufacturing
51-9151.00,Photographic Process Workers and Processing Machine Operators,Manufacturing
51-9161.00,Computer Numerically Controlled Tool Operators,C.N.C.T.O.
51-9161.00,Computer Numerically Controlled Tool Operators,CNCTO
51-9161.00,Computer Numerically Controlled Tool Operators,Computer Numerically Controlled Tool Operator
51-9161.00,Computer Numerically Controlled Tool Operators,Category: Other
51-9161.00,Computer Numerically Controlled Tool Operators,Other
51-9162.00,Computer Numerically Controlled Tool Programmers,C.N.C.T.P.
51-9162.00,Computer Numerically Controlled Tool Programmers,CNCTP
51-9162.00,Computer Numerically Controlled Tool Programmers,Computer Numerically Controlled Tool Programmer
51-9162.00,Computer Numerically Controlled Tool Programmers,Category: Information Technology
51-9162.00,Computer Numerically Controlled Tool Programmers,Information Technology
51-9162.00,Computer Numerically Controlled Tool Programmers,InformationTechnology
51-9191.00,Adhesive Bonding Machine Operators and Tenders,A.B.M.O.T.
51-9191.00,Adhesive Bonding Machine Operators and Tenders,ABMOT
51-9191.00,Adhesive Bonding Machine Operators and Tenders,Adhesive Bonding Machine Operators and Tender
51-9191.00,Adhesive Bonding Machine Operators and Tenders,Adhesive Bonding Machine Operators & Tenders
51-9191.00,Adhesive Bonding Machine Operators and Tenders,Adhesive Bonding Machine Operators / Tenders
51-9191.00,Adhesive Bonding Machine Operators and Tenders,Category: Manufacturing
51-9191.00,Adhesive Bonding Machine Operators and Tenders,Manufacturing
51-9192.00,"Cleaning, Washing, and Metal Pickling Equipment Operators and Tenders","Cleaning, Washing, and Metal Pickling Equipment Operators and Tender"
51-9192.00,"Cleaning, Washing, and Metal Pickling Equipment Operators and Tenders",Cleaning Washing and Metal Pickling Equipment Operators and Tenders
51-9192.00,"Cleaning, Washing, and Metal Pickling Equipment Operators and Tenders","Cleaning, Washing, & Metal Pickling Equipment Operators & Tenders"
51-9192.00,"Cleaning, Washing, and Metal Pickling Equipment Operators and Tenders","Cleaning, Washing, / Metal Pickling Equipment Operators / Tenders"
51-9192.00,"Cleaning, Washing, and Metal Pickling Equipment Operators and Tenders",Category: Hospitality & Food
51-9192.00,"Cleaning, Washing, and Metal Pickling Equipment Operators and Tenders",Hospitality and Food
51-9192.00,"Cleaning, Washing, and Metal Pickling Equipment Operators and Tenders",Hospitality & Food
51-9192.00,"Cleaning, Washing, and Metal Pickling Equipment Operators and Tenders",Hospitality&Food
51-9193.00,Cooling and Freezing Equipment Operators and Tenders,C.F.E.O.T.
51-9193.00,Cooling and Freezing Equipment Operators and Tenders,CFEOT
51-9193.00,Cooling and Freezing Equipment Operators and Tenders,Cooling and Freezing Equipment Operators and Tender
51-9193.00,Cooling and Freezing Equipment Operators and Tenders,Cooling & Freezing Equipment Operators & Tenders
51-9193.00,Cooling and Freezing Equipment Operators and Tenders,Cooling / Freezing Equipment Operators / Tenders
51-9193.00,Cooling and Freezing Equipment Operators and Tenders,Category: Engineering
51-9193.00,Cooling and Freezing Equipment Operators and Tenders,Engineering
51-9194.00,Etchers and Engravers,E.E.
51-9194.00,Etchers and Engravers,EE
51-9194.00,Etchers and Engravers,Etchers and Engraver
51-9194.00,Etchers and Engravers,Etchers & Engravers
51-9194.00,Etchers and Engravers,Etchers / Engravers
51-9194.00,Etchers and Engravers,Category: Other
51-9194.00,Etchers and Engravers,Other
51-9195.00,"Molders, Shapers, and Casters, Except Metal and Plastic","Molders, Shapers, and Casters, Except Metal and Plastics"
51-9195.00,"Molders, Shapers, and Casters, Except Metal and Plastic",Molders Shapers and Casters Except Metal and Plastic
51-9195.00,"Molders, Shapers, and Casters, Except Metal and Plastic","Molders, Shapers, & Casters, Except Metal & Plastic"
51-9195.00,"Molders, Shapers, and Casters, Except Metal and Plastic","Molders, Shapers, / Casters, Except Metal / Plastic"
51-9195.00,"Molders, Shapers, and Casters, Except Metal and Plastic",Category: Hospitality & Food
51-9195.00,"Molders, Shapers, and Casters, Except Metal and Plastic",Hospitality and Food
51-9195.00,"Molders, Shapers, and Casters, Except Metal and Plastic",Hospitality & Food
51-9195.00,"Molders, Shapers, and Casters, Except Metal and Plastic",Hospitality&Food
51-9195.03,"Stone Cutters and Carvers, Manufacturing",S.C.C.M.
51-9195.03,"Stone Cutters and Carvers, Manufacturing",SCCM
51-9195.03,"Stone Cutters and Carvers, Manufacturing","Stone Cutters and Carvers, Manufacturings"
51-9195.03,"Stone Cutters and Carvers, Manufacturing",Stone Cutters and Carvers Manufacturing
51-9195.03,"Stone Cutters and Carvers, Manufacturing","Stone Cutters & Carvers, Manufacturing"
51-9195.03,"Stone Cutters and Carvers, Manufacturing","Stone Cutters / Carvers, Manufacturing"
51-9195.03,"Stone Cutters and Carvers, Manufacturing",Category: Manufacturing
51-9195.03,"Stone Cutters and Carvers, Manufacturing",Manufacturing
51-9195.04,"Glass Blowers, Molders, Benders, and Finishers",G.B.M.B.F.
51-9195.04,"Glass Blowers, Molders, Benders, and Finishers",GBMBF
51-9195.04,"Glass Blowers, Molders, Benders, and Finishers","Glass Blowers, Molders, Benders, and Finisher"
51-9195.04,"Glass Blowers, Molders, Benders, and Finishers","Glass Blowers, Molders, Benders, & Finishers"
51-9195.04,"Glass Blowers, Molders, Benders, and Finishers","Glass Blowers, Molders, Benders, / Finishers"
51-9195.04,"Glass Blowers, Molders, Benders, and Finishers",Glass Blowers Molders Benders and Finishers
51-9195.04,"Glass Blowers, Molders, Benders, and Finishers",Category: Other
51-9195.04,"Glass Blowers, Molders, Benders, and Finishers",Other
51-9195.05,"Potters, Manufacturing",P.M.
51-9195.05,"Potters, Manufacturing",PM
51-9195.05,"Potters, Manufacturing",Category: Manufacturing
51-9195.05,"Potters, Manufacturing","Potters, Manufacturings"
51-9195.05,"Potters, Manufacturing",Potters Manufacturing
51-9195.05,"Potters, Manufacturing",Manufacturing
51-9196.00,"Paper Goods Machine Setters, Operators, and Tenders","Paper Goods Machine Setters, Operators, and Tender"
51-9196.00,"Paper Goods Machine Setters, Operators, and Tenders",Paper Goods Machine Setters Operators and Tenders
51-9196.00,"Paper Goods Machine Setters, Operators, and Tenders","Paper Goods Machine Setters, Operators, & Tenders"
51-9196.00,"Paper Goods Machine Setters, Operators, and Tenders","Paper Goods Machine Setters, Operators, / Tenders"
51-9196.00,"Paper Goods Machine Setters, Operators, and Tenders",Category: Other
51-9196.00,"Paper Goods Machine Setters, Operators, and Tenders",Other
51-9197.00,Tire Builders,T.B.
51-9197.00,Tire Builders,TB
51-9197.00,Tire Builders,Category: Other
51-9197.00,Tire Builders,Tire Builder
51-9197.00,Tire Builders,Other
51-9198.00,Helpers--Production Workers,H.P.W.
51-9198.00,Helpers--Production Workers,HPW
51-9198.00,Helpers--Production Workers,Helpers--Production Worker
51-9198.00,Helpers--Production Workers,Category: Manufacturing
51-9198.00,Helpers--Production Workers,Manufacturing
51-9199.00,"Production Workers, All Other",P.W.A.O.
51-9199.00,"Production Workers, All Other",PWAO
51-9199.00,"Production Workers, All Other","Production Workers, All Others"
51-9199.00,"Production Workers, All Other",Production Workers All Other
51-9199.00,"Production Workers, All Other",Category: Manufacturing
51-9199.00,"Production Workers, All Other",Manufacturing
53-1041.00,Aircraft Cargo Handling Supervisors,A.C.H.S.
53-1041.00,Aircraft Cargo Handling Supervisors,ACHS
53-1041.00,Aircraft Cargo Handling Supervisors,Aircraft Cargo Handling Supervisor
53-1041.00,Aircraft Cargo Handling Supervisors,Aircraft Cargo Handling Sups
53-1041.00,Aircraft Cargo Handling Supervisors,Aircraft Cargo Handling
53-1041.00,Aircraft Cargo Handling Supervisors,Category: Public Safety
53-1041.00,Aircraft Cargo Handling Supervisors,Public Safety
53-1041.00,Aircraft Cargo Handling Supervisors,PublicSafety
53-1042.00,"First-Line Supervisors of Helpers, Laborers, and Material Movers, Hand","First-Line Supervisors of Helpers, Laborers, and Material Movers, Hands"
53-1042.00,"First-Line Supervisors of Helpers, Laborers, and Material Movers, Hand","First-Line Supervisors of Helpers, Laborers, & Material Movers, Hand"
53-1042.00,"First-Line Supervisors of Helpers, Laborers, and Material Movers, Hand","First-Line Supervisors of Helpers, Laborers, / Material Movers, Hand"
53-1042.00,"First-Line Supervisors of Helpers, Laborers, and Material Movers, Hand",First-Line Supervisors of Helpers Laborers and Material Movers Hand
53-1042.00,"First-Line Supervisors of Helpers, Laborers, and Material Movers, Hand","First-Line Sups of Helpers, Laborers, and Material Movers, Hand"
53-1042.00,"First-Line Supervisors of Helpers, Laborers, and Material Movers, Hand",Category: Business & Management
53-1042.00,"First-Line Supervisors of Helpers, Laborers, and Material Movers, Hand",Business and Management
53-1042.00,"First-Line Supervisors of Helpers, Laborers, and Material Movers, Hand",Business & Management
53-1042.00,"First-Line Supervisors of Helpers, Laborers, and Material Movers, Hand",Business&Management
53-1042.01,Recycling Coordinators,R.C.
53-1042.01,Recycling Coordinators,RC
53-1042.01,Recycling Coordinators,Category: Legal & Government
53-1042.01,Recycling Coordinators,Recycling Coordinator
53-1042.01,Recycling Coordinators,Legal and Government
53-1042.01,Recycling Coordinators,Legal & Government
53-1042.01,Recycling Coordinators,Legal&Government
53-1042.01,Recycling Coordinators,Recycling Coords
53-1043.00,First-Line Supervisors of Material-Moving Machine and Vehicle Operators,First-Line Supervisors of Material-Moving Machine and Vehicle Operator
53-1043.00,First-Line Supervisors of Material-Moving Machine and Vehicle Operators,First-Line Supervisors of Material-Moving Machine & Vehicle Operators
53-1043.00,First-Line Supervisors of Material-Moving Machine and Vehicle Operators,First-Line Supervisors of Material-Moving Machine / Vehicle Operators
53-1043.00,First-Line Supervisors of Material-Moving Machine and Vehicle Operators,First-Line Sups of Material-Moving Machine and Vehicle Operators
53-1043.00,First-Line Supervisors of Material-Moving Machine and Vehicle Operators,Category: Business & Management
53-1043.00,First-Line Supervisors of Material-Moving Machine and Vehicle Operators,Business and Management
53-1043.00,First-Line Supervisors of Material-Moving Machine and Vehicle Operators,Business & Management
53-1043.00,First-Line Supervisors of Material-Moving Machine and Vehicle Operators,Business&Management
53-1044.00,First-Line Supervisors of Passenger Attendants,F.L.S.P.A.
53-1044.00,First-Line Supervisors of Passenger Attendants,FLSPA
53-1044.00,First-Line Supervisors of Passenger Attendants,First-Line Supervisors of Passenger Attendant
53-1044.00,First-Line Supervisors of Passenger Attendants,First-Line Sups of Passenger Attendants
53-1044.00,First-Line Supervisors of Passenger Attendants,Category: Business & Management
53-1044.00,First-Line Supervisors of Passenger Attendants,Business and Management
53-1044.00,First-Line Supervisors of Passenger Attendants,Business & Management
53-1044.00,First-Line Supervisors of Passenger Attendants,Business&Management
53-1049.00,"First-Line Supervisors of Transportation Workers, All Other","First-Line Supervisors of Transportation Workers, All Others"
53-1049.00,"First-Line Supervisors of Transportation Workers, All Other",First-Line Supervisors of Transportation Workers All Other
53-1049.00,"First-Line Supervisors of Transportation Workers, All Other","First-Line Sups of Transportation Workers, All Other"
53-1049.00,"First-Line Supervisors of Transportation Workers, All Other",Category: Transportation
53-1049.00,"First-Line Supervisors of Transportation Workers, All Other",Transportation
53-2011.00,"Airline Pilots, Copilots, and Flight Engineers",A.P.C.F.E.
53-2011.00,"Airline Pilots, Copilots, and Flight Engineers",APCFE
53-2011.00,"Airline Pilots, Copilots, and Flight Engineers","Airline Pilots, Copilots, and Flight Engineer"
53-2011.00,"Airline Pilots, Copilots, and Flight Engineers",Airline Pilots Copilots and Flight Engineers
53-2011.00,"Airline Pilots, Copilots, and Flight Engineers","Airline Pilots, Copilots, & Flight Engineers"
53-2011.00,"Airline Pilots, Copilots, and Flight Engineers","Airline Pilots, Copilots, / Flight Engineers"
53-2011.00,"Airline Pilots, Copilots, and Flight Engineers","Airline Pilots, Copilots, and Flight Engs"
53-2011.00,"Airline Pilots, Copilots, and Flight Engineers","Airline Pilots, Copilots, and Flight"
53-2011.00,"Airline Pilots, Copilots, and Flight Engineers",Category: Education
53-2011.00,"Airline Pilots, Copilots, and Flight Engineers",Education
53-2012.00,Commercial Pilots,C.P.
53-2012.00,Commercial Pilots,CP
53-2012.00,Commercial Pilots,Category: Transportation
53-2012.00,Commercial Pilots,Commercial Pilot
53-2012.00,Commercial Pilots,Transportation
53-2021.00,Air Traffic Controllers,A.T.C.
53-2021.00,Air Traffic Controllers,ATC
53-2021.00,Air Traffic Controllers,Category: Legal & Government
53-2021.00,Air Traffic Controllers,Air Traffic Controller
53-2021.00,Air Traffic Controllers,Legal and Government
53-2021.00,Air Traffic Controllers,Legal & Government
53-2021.00,Air Traffic Controllers,Legal&Government
53-2022.00,Airfield Operations Specialists,A.O.S.
53-2022.00,Airfield Operations Specialists,AOS
53-2022.00,Airfield Operations Specialists,Category: Business & Management
53-2022.00,Airfield Operations Specialists,Airfield Operations Specialist
53-2022.00,Airfield Operations Specialists,Airfield Operations Specs
53-2022.00,Airfield Operations Specialists,Business and Management
53-2022.00,Airfield Operations Specialists,Business & Management
53-2022.00,Airfield Operations Specialists,Airfield Operations
53-2022.00,Airfield Operations Specialists,Business&Management
53-2031.00,Flight Attendants,F.A.
53-2031.00,Flight Attendants,FA
53-2031.00,Flight Attendants,Category: Hospitality & Food
53-2031.00,Flight Attendants,Hospitality and Food
53-2031.00,Flight Attendants,Hospitality & Food
53-2031.00,Flight Attendants,Flight Attendant
53-2031.00,Flight Attendants,Hospitality&Food
53-3011.00,"Ambulance Drivers and Attendants, Except Emergency Medical Technicians",E.M.T.
53-3011.00,"Ambulance Drivers and Attendants, Except Emergency Medical Technicians",EMT
53-3011.00,"Ambulance Drivers and Attendants, Except Emergency Medical Technicians",Ambulance Drivers and Attendants Except Emergency Medical Technicians
53-3011.00,"Ambulance Drivers and Attendants, Except Emergency Medical Technicians","Ambulance Drivers and Attendants, Except Emergency Medical Technician"
53-3011.00,"Ambulance Drivers and Attendants, Except Emergency Medical Technicians","Ambulance Drivers & Attendants, Except Emergency Medical Technicians"
53-3011.00,"Ambulance Drivers and Attendants, Except Emergency Medical Technicians","Ambulance Drivers / Attendants, Except Emergency Medical Technicians"
53-3011.00,"Ambulance Drivers and Attendants, Except Emergency Medical Technicians","Ambulance Drivers and Attendants, Except Emergency Medical Techs"
53-3011.00,"Ambulance Drivers and Attendants, Except Emergency Medical Technicians","Ambulance Drivers and Attendants, Except Emergency Medical"
53-3011.00,"Ambulance Drivers and Attendants, Except Emergency Medical Technicians",Category: Healthcare
53-3011.00,"Ambulance Drivers and Attendants, Except Emergency Medical Technicians",Healthcare
53-3031.00,Driver/Sales Workers,D.S.W.
53-3031.00,Driver/Sales Workers,DSW
53-3031.00,Driver/Sales Workers,Driver/Sales Worker
53-3031.00,Driver/Sales Workers,Category: Sales
53-3031.00,Driver/Sales Workers,Sales
53-3032.00,Heavy and Tractor-Trailer Truck Drivers,H.T.T.T.D.
53-3032.00,Heavy and Tractor-Trailer Truck Drivers,HTTTD
53-3032.00,Heavy and Tractor-Trailer Truck Drivers,Heavy and Tractor-Trailer Truck Driver
53-3032.00,Heavy and Tractor-Trailer Truck Drivers,Heavy & Tractor-Trailer Truck Drivers
53-3032.00,Heavy and Tractor-Trailer Truck Drivers,Heavy / Tractor-Trailer Truck Drivers
53-3032.00,Heavy and Tractor-Trailer Truck Drivers,Category: Transportation
53-3032.00,Heavy and Tractor-Trailer Truck Drivers,Transportation
53-3033.00,Light Truck Drivers,L.T.D.
53-3033.00,Light Truck Drivers,LTD
53-3033.00,Light Truck Drivers,Category: Transportation
53-3033.00,Light Truck Drivers,Light Truck Driver
53-3033.00,Light Truck Drivers,Transportation
53-3051.00,"Bus Drivers, School",B.D.S.
53-3051.00,"Bus Drivers, School",BDS
53-3051.00,"Bus Drivers, School","Bus Drivers, Schools"
53-3051.00,"Bus Drivers, School",Category: Education
53-3051.00,"Bus Drivers, School",Bus Drivers School
53-3051.00,"Bus Drivers, School",Education
53-3052.00,"Bus Drivers, Transit and Intercity",B.D.T.I.
53-3052.00,"Bus Drivers, Transit and Intercity",BDTI
53-3052.00,"Bus Drivers, Transit and Intercity","Bus Drivers, Transit and Intercities"
53-3052.00,"Bus Drivers, Transit and Intercity",Bus Drivers Transit and Intercity
53-3052.00,"Bus Drivers, Transit and Intercity","Bus Drivers, Transit & Intercity"
53-3052.00,"Bus Drivers, Transit and Intercity","Bus Drivers, Transit / Intercity"
53-3052.00,"Bus Drivers, Transit and Intercity",Category: Transportation
53-3052.00,"Bus Drivers, Transit and Intercity",Transportation
53-3053.00,Shuttle Drivers and Chauffeurs,S.D.C.
53-3053.00,Shuttle Drivers and Chauffeurs,SDC
53-3053.00,Shuttle Drivers and Chauffeurs,Shuttle Drivers and Chauffeur
53-3053.00,Shuttle Drivers and Chauffeurs,Shuttle Drivers & Chauffeurs
53-3053.00,Shuttle Drivers and Chauffeurs,Shuttle Drivers / Chauffeurs
53-3053.00,Shuttle Drivers and Chauffeurs,Category: Healthcare
53-3053.00,Shuttle Drivers and Chauffeurs,Healthcare
53-3054.00,Taxi Drivers,T.D.
53-3054.00,Taxi Drivers,TD
53-3054.00,Taxi Drivers,Category: Finance & Accounting
53-3054.00,Taxi Drivers,Finance and Accounting
53-3054.00,Taxi Drivers,Finance & Accounting
53-3054.00,Taxi Drivers,Finance&Accounting
53-3054.00,Taxi Drivers,Taxi Driver
53-3099.00,"Motor Vehicle Operators, All Other",M.V.O.A.O.
53-3099.00,"Motor Vehicle Operators, All Other",MVOAO
53-3099.00,"Motor Vehicle Operators, All Other","Motor Vehicle Operators, All Others"
53-3099.00,"Motor Vehicle Operators, All Other",Motor Vehicle Operators All Other
53-3099.00,"Motor Vehicle Operators, All Other",Category: Other
53-3099.00,"Motor Vehicle Operators, All Other",Other
53-4011.00,Locomotive Engineers,L.E.
53-4011.00,Locomotive Engineers,LE
53-4011.00,Locomotive Engineers,Category: Engineering
53-4011.00,Locomotive Engineers,Locomotive Engineer
53-4011.00,Locomotive Engineers,Locomotive Engs
53-4011.00,Locomotive Engineers,Engineering
53-4011.00,Locomotive Engineers,Locomotive
53-4013.00,"Rail Yard Engineers, Dinkey Operators, and Hostlers","Rail Yard Engineers, Dinkey Operators, and Hostler"
53-4013.00,"Rail Yard Engineers, Dinkey Operators, and Hostlers",Rail Yard Engineers Dinkey Operators and Hostlers
53-4013.00,"Rail Yard Engineers, Dinkey Operators, and Hostlers","Rail Yard Engineers, Dinkey Operators, & Hostlers"
53-4013.00,"Rail Yard Engineers, Dinkey Operators, and Hostlers","Rail Yard Engineers, Dinkey Operators, / Hostlers"
53-4013.00,"Rail Yard Engineers, Dinkey Operators, and Hostlers","Rail Yard Engs Dinkey Operators, and Hostlers"
53-4013.00,"Rail Yard Engineers, Dinkey Operators, and Hostlers",Category: Engineering
53-4013.00,"Rail Yard Engineers, Dinkey Operators, and Hostlers",Engineering
53-4022.00,"Railroad Brake, Signal, and Switch Operators and Locomotive Firers","Railroad Brake, Signal, and Switch Operators and Locomotive Firer"
53-4022.00,"Railroad Brake, Signal, and Switch Operators and Locomotive Firers",Railroad Brake Signal and Switch Operators and Locomotive Firers
53-4022.00,"Railroad Brake, Signal, and Switch Operators and Locomotive Firers","Railroad Brake, Signal, & Switch Operators & Locomotive Firers"
53-4022.00,"Railroad Brake, Signal, and Switch Operators and Locomotive Firers","Railroad Brake, Signal, / Switch Operators / Locomotive Firers"
53-4022.00,"Railroad Brake, Signal, and Switch Operators and Locomotive Firers",Category: Transportation
53-4022.00,"Railroad Brake, Signal, and Switch Operators and Locomotive Firers",Transportation
53-4031.00,Railroad Conductors and Yardmasters,R.C.Y.
53-4031.00,Railroad Conductors and Yardmasters,RCY
53-4031.00,Railroad Conductors and Yardmasters,Railroad Conductors and Yardmaster
53-4031.00,Railroad Conductors and Yardmasters,Railroad Conductors & Yardmasters
53-4031.00,Railroad Conductors and Yardmasters,Railroad Conductors / Yardmasters
53-4031.00,Railroad Conductors and Yardmasters,Category: Transportation
53-4031.00,Railroad Conductors and Yardmasters,Transportation
53-4041.00,Subway and Streetcar Operators,S.S.O.
53-4041.00,Subway and Streetcar Operators,SSO
53-4041.00,Subway and Streetcar Operators,Subway and Streetcar Operator
53-4041.00,Subway and Streetcar Operators,Subway & Streetcar Operators
53-4041.00,Subway and Streetcar Operators,Subway / Streetcar Operators
53-4041.00,Subway and Streetcar Operators,Category: Other
53-4041.00,Subway and Streetcar Operators,Other
53-4099.00,"Rail Transportation Workers, All Other",R.T.W.A.O.
53-4099.00,"Rail Transportation Workers, All Other",RTWAO
53-4099.00,"Rail Transportation Workers, All Other","Rail Transportation Workers, All Others"
53-4099.00,"Rail Transportation Workers, All Other",Rail Transportation Workers All Other
53-4099.00,"Rail Transportation Workers, All Other",Category: Transportation
53-4099.00,"Rail Transportation Workers, All Other",Transportation
53-5011.00,Sailors and Marine Oilers,S.M.O.
53-5011.00,Sailors and Marine Oilers,SMO
53-5011.00,Sailors and Marine Oilers,Category: Legal & Government
53-5011.00,Sailors and Marine Oilers,Sailors and Marine Oiler
53-5011.00,Sailors and Marine Oilers,Sailors & Marine Oilers
53-5011.00,Sailors and Marine Oilers,Sailors / Marine Oilers
53-5011.00,Sailors and Marine Oilers,Legal and Government
53-5011.00,Sailors and Marine Oilers,Legal & Government
53-5011.00,Sailors and Marine Oilers,Legal&Government
53-5021.00,"Captains, Mates, and Pilots of Water Vessels",C.M.P.W.V.
53-5021.00,"Captains, Mates, and Pilots of Water Vessels",CMPWV
53-5021.00,"Captains, Mates, and Pilots of Water Vessels","Captains, Mates, and Pilots of Water Vessel"
53-5021.00,"Captains, Mates, and Pilots of Water Vessels",Captains Mates and Pilots of Water Vessels
53-5021.00,"Captains, Mates, and Pilots of Water Vessels","Captains, Mates, & Pilots of Water Vessels"
53-5021.00,"Captains, Mates, and Pilots of Water Vessels","Captains, Mates, / Pilots of Water Vessels"
53-5021.00,"Captains, Mates, and Pilots of Water Vessels",Category: Transportation
53-5021.00,"Captains, Mates, and Pilots of Water Vessels",Transportation
53-5022.00,Motorboat Operators,M.O.
53-5022.00,Motorboat Operators,MO
53-5022.00,Motorboat Operators,Motorboat Operator
53-5022.00,Motorboat Operators,Category: Other
53-5022.00,Motorboat Operators,Other
53-5031.00,Ship Engineers,S.E.
53-5031.00,Ship Engineers,SE
53-5031.00,Ship Engineers,Category: Engineering
53-5031.00,Ship Engineers,Ship Engineer
53-5031.00,Ship Engineers,Engineering
53-5031.00,Ship Engineers,Ship Engs
53-5031.00,Ship Engineers,Ship
53-6011.00,Bridge and Lock Tenders,B.L.T.
53-6011.00,Bridge and Lock Tenders,BLT
53-6011.00,Bridge and Lock Tenders,Category: Business & Management
53-6011.00,Bridge and Lock Tenders,Business and Management
53-6011.00,Bridge and Lock Tenders,Bridge and Lock Tender
53-6011.00,Bridge and Lock Tenders,Bridge & Lock Tenders
53-6011.00,Bridge and Lock Tenders,Bridge / Lock Tenders
53-6011.00,Bridge and Lock Tenders,Business & Management
53-6011.00,Bridge and Lock Tenders,Business&Management
53-6021.00,Parking Attendants,P.A.
53-6021.00,Parking Attendants,PA
53-6021.00,Parking Attendants,Parking Attendant
53-6021.00,Parking Attendants,Category: Other
53-6021.00,Parking Attendants,Other
53-6031.00,Automotive and Watercraft Service Attendants,A.W.S.A.
53-6031.00,Automotive and Watercraft Service Attendants,AWSA
53-6031.00,Automotive and Watercraft Service Attendants,Automotive and Watercraft Service Attendant
53-6031.00,Automotive and Watercraft Service Attendants,Automotive & Watercraft Service Attendants
53-6031.00,Automotive and Watercraft Service Attendants,Automotive / Watercraft Service Attendants
53-6031.00,Automotive and Watercraft Service Attendants,Category: Transportation
53-6031.00,Automotive and Watercraft Service Attendants,Transportation
53-6032.00,Aircraft Service Attendants,A.S.A.
53-6032.00,Aircraft Service Attendants,ASA
53-6032.00,Aircraft Service Attendants,Aircraft Service Attendant
53-6032.00,Aircraft Service Attendants,Category: Other
53-6032.00,Aircraft Service Attendants,Other
53-6041.00,Traffic Technicians,T.T.
53-6041.00,Traffic Technicians,TT
53-6041.00,Traffic Technicians,Category: Engineering
53-6041.00,Traffic Technicians,Traffic Technician
53-6041.00,Traffic Technicians,Traffic Techs
53-6041.00,Traffic Technicians,Engineering
53-6041.00,Traffic Technicians,Traffic
53-6051.00,Transportation Inspectors,T.I.
53-6051.00,Transportation Inspectors,TI
53-6051.00,Transportation Inspectors,Category: Transportation
53-6051.00,Transportation Inspectors,Transportation Inspector
53-6051.00,Transportation Inspectors,Transportation
53-6051.01,Aviation Inspectors,A.I.
53-6051.01,Aviation Inspectors,AI
53-6051.01,Aviation Inspectors,Category: Marketing & Communications
53-6051.01,Aviation Inspectors,Marketing and Communications
53-6051.01,Aviation Inspectors,Marketing & Communications
53-6051.01,Aviation Inspectors,Marketing&Communications
53-6051.01,Aviation Inspectors,Aviation Inspector
53-6051.07,"Transportation Vehicle, Equipment and Systems Inspectors, Except Aviation","Transportation Vehicle, Equipment and Systems Inspectors, Except Aviations"
53-6051.07,"Transportation Vehicle, Equipment and Systems Inspectors, Except Aviation",Transportation Vehicle Equipment and Systems Inspectors Except Aviation
53-6051.07,"Transportation Vehicle, Equipment and Systems Inspectors, Except Aviation","Transportation Vehicle, Equipment & Systems Inspectors, Except Aviation"
53-6051.07,"Transportation Vehicle, Equipment and Systems Inspectors, Except Aviation","Transportation Vehicle, Equipment / Systems Inspectors, Except Aviation"
53-6051.07,"Transportation Vehicle, Equipment and Systems Inspectors, Except Aviation",Category: Transportation
53-6051.07,"Transportation Vehicle, Equipment and Systems Inspectors, Except Aviation",Transportation
53-6061.00,Passenger Attendants,P.A.
53-6061.00,Passenger Attendants,PA
53-6061.00,Passenger Attendants,Passenger Attendant
53-6061.00,Passenger Attendants,Category: Other
53-6061.00,Passenger Attendants,Other
53-6099.00,"Transportation Workers, All Other",T.W.A.O.
53-6099.00,"Transportation Workers, All Other",TWAO
53-6099.00,"Transportation Workers, All Other","Transportation Workers, All Others"
53-6099.00,"Transportation Workers, All Other",Transportation Workers All Other
53-6099.00,"Transportation Workers, All Other",Category: Transportation
53-6099.00,"Transportation Workers, All Other",Transportation
53-7011.00,Conveyor Operators and Tenders,C.O.T.
53-7011.00,Conveyor Operators and Tenders,COT
53-7011.00,Conveyor Operators and Tenders,Conveyor Operators and Tender
53-7011.00,Conveyor Operators and Tenders,Conveyor Operators & Tenders
53-7011.00,Conveyor Operators and Tenders,Conveyor Operators / Tenders
53-7011.00,Conveyor Operators and Tenders,Category: Other
53-7011.00,Conveyor Operators and Tenders,Other
53-7021.00,Crane and Tower Operators,C.T.O.
53-7021.00,Crane and Tower Operators,CTO
53-7021.00,Crane and Tower Operators,Crane and Tower Operator
53-7021.00,Crane and Tower Operators,Crane & Tower Operators
53-7021.00,Crane and Tower Operators,Crane / Tower Operators
53-7021.00,Crane and Tower Operators,Category: Engineering
53-7021.00,Crane and Tower Operators,Engineering
53-7031.00,Dredge Operators,D.O.
53-7031.00,Dredge Operators,DO
53-7031.00,Dredge Operators,Category: Other
53-7031.00,Dredge Operators,Dredge Operator
53-7031.00,Dredge Operators,Other
53-7041.00,Hoist and Winch Operators,H.W.O.
53-7041.00,Hoist and Winch Operators,HWO
53-7041.00,Hoist and Winch Operators,Hoist and Winch Operator
53-7041.00,Hoist and Winch Operators,Hoist & Winch Operators
53-7041.00,Hoist and Winch Operators,Hoist / Winch Operators
53-7041.00,Hoist and Winch Operators,Category: Other
53-7041.00,Hoist and Winch Operators,Other
53-7051.00,Industrial Truck and Tractor Operators,I.T.T.O.
53-7051.00,Industrial Truck and Tractor Operators,ITTO
53-7051.00,Industrial Truck and Tractor Operators,Industrial Truck and Tractor Operator
53-7051.00,Industrial Truck and Tractor Operators,Industrial Truck & Tractor Operators
53-7051.00,Industrial Truck and Tractor Operators,Industrial Truck / Tractor Operators
53-7051.00,Industrial Truck and Tractor Operators,Category: Skilled Trades
53-7051.00,Industrial Truck and Tractor Operators,Skilled Trades
53-7051.00,Industrial Truck and Tractor Operators,SkilledTrades
53-7061.00,Cleaners of Vehicles and Equipment,C.V.E.
53-7061.00,Cleaners of Vehicles and Equipment,CVE
53-7061.00,Cleaners of Vehicles and Equipment,Cleaners of Vehicles and Equipments
53-7061.00,Cleaners of Vehicles and Equipment,Cleaners of Vehicles & Equipment
53-7061.00,Cleaners of Vehicles and Equipment,Cleaners of Vehicles / Equipment
53-7061.00,Cleaners of Vehicles and Equipment,Category: Other
53-7061.00,Cleaners of Vehicles and Equipment,Other
53-7062.00,"Laborers and Freight, Stock, and Material Movers, Hand","Laborers and Freight, Stock, and Material Movers, Hands"
53-7062.00,"Laborers and Freight, Stock, and Material Movers, Hand",Laborers and Freight Stock and Material Movers Hand
53-7062.00,"Laborers and Freight, Stock, and Material Movers, Hand","Laborers & Freight, Stock, & Material Movers, Hand"
53-7062.00,"Laborers and Freight, Stock, and Material Movers, Hand","Laborers / Freight, Stock, / Material Movers, Hand"
53-7062.00,"Laborers and Freight, Stock, and Material Movers, Hand",Category: Other
53-7062.00,"Laborers and Freight, Stock, and Material Movers, Hand",Other
53-7062.04,Recycling and Reclamation Workers,R.R.W.
53-7062.04,Recycling and Reclamation Workers,RRW
53-7062.04,Recycling and Reclamation Workers,Recycling and Reclamation Worker
53-7062.04,Recycling and Reclamation Workers,Recycling & Reclamation Workers
53-7062.04,Recycling and Reclamation Workers,Recycling / Reclamation Workers
53-7062.04,Recycling and Reclamation Workers,Category: Other
53-7062.04,Recycling and Reclamation Workers,Other
53-7063.00,Machine Feeders and Offbearers,M.F.O.
53-7063.00,Machine Feeders and Offbearers,MFO
53-7063.00,Machine Feeders and Offbearers,Machine Feeders and Offbearer
53-7063.00,Machine Feeders and Offbearers,Machine Feeders & Offbearers
53-7063.00,Machine Feeders and Offbearers,Machine Feeders / Offbearers
53-7063.00,Machine Feeders and Offbearers,Category: Other
53-7063.00,Machine Feeders and Offbearers,Other
53-7064.00,"Packers and Packagers, Hand",P.P.H.
53-7064.00,"Packers and Packagers, Hand",PPH
53-7064.00,"Packers and Packagers, Hand","Packers and Packagers, Hands"
53-7064.00,"Packers and Packagers, Hand",Packers and Packagers Hand
53-7064.00,"Packers and Packagers, Hand","Packers & Packagers, Hand"
53-7064.00,"Packers and Packagers, Hand","Packers / Packagers, Hand"
53-7064.00,"Packers and Packagers, Hand",Category: Other
53-7064.00,"Packers and Packagers, Hand",Other
53-7065.00,Stockers and Order Fillers,S.O.F.
53-7065.00,Stockers and Order Fillers,SOF
53-7065.00,Stockers and Order Fillers,Stockers and Order Filler
53-7065.00,Stockers and Order Fillers,Stockers & Order Fillers
53-7065.00,Stockers and Order Fillers,Stockers / Order Fillers
53-7065.00,Stockers and Order Fillers,Category: Sales
53-7065.00,Stockers and Order Fillers,Sales
53-7071.00,Gas Compressor and Gas Pumping Station Operators,Gas Compressor and Gas Pumping Station Operator
53-7071.00,Gas Compressor and Gas Pumping Station Operators,Gas Compressor & Gas Pumping Station Operators
53-7071.00,Gas Compressor and Gas Pumping Station Operators,Gas Compressor / Gas Pumping Station Operators
53-7071.00,Gas Compressor and Gas Pumping Station Operators,Category: Other
53-7071.00,Gas Compressor and Gas Pumping Station Operators,Other
53-7072.00,"Pump Operators, Except Wellhead Pumpers",P.O.E.W.P.
53-7072.00,"Pump Operators, Except Wellhead Pumpers",POEWP
53-7072.00,"Pump Operators, Except Wellhead Pumpers",Pump Operators Except Wellhead Pumpers
53-7072.00,"Pump Operators, Except Wellhead Pumpers","Pump Operators, Except Wellhead Pumper"
53-7072.00,"Pump Operators, Except Wellhead Pumpers",Category: Other
53-7072.00,"Pump Operators, Except Wellhead Pumpers",Other
53-7073.00,Wellhead Pumpers,W.P.
53-7073.00,Wellhead Pumpers,WP
53-7073.00,Wellhead Pumpers,Category: Other
53-7073.00,Wellhead Pumpers,Wellhead Pumper
53-7073.00,Wellhead Pumpers,Other
53-7081.00,Refuse and Recyclable Material Collectors,R.R.M.C.
53-7081.00,Refuse and Recyclable Material Collectors,RRMC
53-7081.00,Refuse and Recyclable Material Collectors,Refuse and Recyclable Material Collector
53-7081.00,Refuse and Recyclable Material Collectors,Refuse & Recyclable Material Collectors
53-7081.00,Refuse and Recyclable Material Collectors,Refuse / Recyclable Material Collectors
53-7081.00,Refuse and Recyclable Material Collectors,Category: Transportation
53-7081.00,Refuse and Recyclable Material Collectors,Transportation
53-7121.00,"Tank Car, Truck, and Ship Loaders",T.C.T.S.L.
53-7121.00,"Tank Car, Truck, and Ship Loaders",TCTSL
53-7121.00,"Tank Car, Truck, and Ship Loaders","Tank Car, Truck, and Ship Loader"
53-7121.00,"Tank Car, Truck, and Ship Loaders",Tank Car Truck and Ship Loaders
53-7121.00,"Tank Car, Truck, and Ship Loaders","Tank Car, Truck, & Ship Loaders"
53-7121.00,"Tank Car, Truck, and Ship Loaders","Tank Car, Truck, / Ship Loaders"
53-7121.00,"Tank Car, Truck, and Ship Loaders",Category: Engineering
53-7121.00,"Tank Car, Truck, and Ship Loaders",Engineering
53-7199.00,"Material Moving Workers, All Other",M.M.W.A.O.
53-7199.00,"Material Moving Workers, All Other",MMWAO
53-7199.00,"Material Moving Workers, All Other","Material Moving Workers, All Others"
53-7199.00,"Material Moving Workers, All Other",Material Moving Workers All Other
53-7199.00,"Material Moving Workers, All Other",Category: Other
53-7199.00,"Material Moving Workers, All Other",Other
55-1011.00,Air Crew Officers,A.C.O.
55-1011.00,Air Crew Officers,ACO
55-1011.00,Air Crew Officers,Category: Marketing & Communications
55-1011.00,Air Crew Officers,Marketing and Communications
55-1011.00,Air Crew Officers,Marketing & Communications
55-1011.00,Air Crew Officers,Marketing&Communications
55-1011.00,Air Crew Officers,Air Crew Officer
55-1011.00,Air Crew Officers,Air Crew
55-1012.00,Aircraft Launch and Recovery Officers,A.L.R.O.
55-1012.00,Aircraft Launch and Recovery Officers,ALRO
55-1012.00,Aircraft Launch and Recovery Officers,Aircraft Launch and Recovery Officer
55-1012.00,Aircraft Launch and Recovery Officers,Aircraft Launch & Recovery Officers
55-1012.00,Aircraft Launch and Recovery Officers,Aircraft Launch / Recovery Officers
55-1012.00,Aircraft Launch and Recovery Officers,Aircraft Launch and Recovery
55-1012.00,Aircraft Launch and Recovery Officers,Category: Engineering
55-1012.00,Aircraft Launch and Recovery Officers,Engineering
55-1013.00,Armored Assault Vehicle Officers,A.A.V.O.
55-1013.00,Armored Assault Vehicle Officers,AAVO
55-1013.00,Armored Assault Vehicle Officers,Category: Marketing & Communications
55-1013.00,Armored Assault Vehicle Officers,Armored Assault Vehicle Officer
55-1013.00,Armored Assault Vehicle Officers,Marketing and Communications
55-1013.00,Armored Assault Vehicle Officers,Marketing & Communications
55-1013.00,Armored Assault Vehicle Officers,Marketing&Communications
55-1013.00,Armored Assault Vehicle Officers,Armored Assault Vehicle
55-1014.00,Artillery and Missile Officers,A.M.O.
55-1014.00,Artillery and Missile Officers,AMO
55-1014.00,Artillery and Missile Officers,Category: Information Technology
55-1014.00,Artillery and Missile Officers,Artillery and Missile Officer
55-1014.00,Artillery and Missile Officers,Artillery & Missile Officers
55-1014.00,Artillery and Missile Officers,Artillery / Missile Officers
55-1014.00,Artillery and Missile Officers,Information Technology
55-1014.00,Artillery and Missile Officers,Artillery and Missile
55-1014.00,Artillery and Missile Officers,InformationTechnology
55-1015.00,Command and Control Center Officers,C.C.C.O.
55-1015.00,Command and Control Center Officers,CCCO
55-1015.00,Command and Control Center Officers,Category: Marketing & Communications
55-1015.00,Command and Control Center Officers,Command and Control Center Officer
55-1015.00,Command and Control Center Officers,Command & Control Center Officers
55-1015.00,Command and Control Center Officers,Command / Control Center Officers
55-1015.00,Command and Control Center Officers,Marketing and Communications
55-1015.00,Command and Control Center Officers,Command and Control Center
55-1015.00,Command and Control Center Officers,Marketing & Communications
55-1015.00,Command and Control Center Officers,Marketing&Communications
55-1016.00,Infantry Officers,I.O.
55-1016.00,Infantry Officers,IO
55-1016.00,Infantry Officers,Category: Marketing & Communications
55-1016.00,Infantry Officers,Marketing and Communications
55-1016.00,Infantry Officers,Marketing & Communications
55-1016.00,Infantry Officers,Marketing&Communications
55-1016.00,Infantry Officers,Infantry Officer
55-1016.00,Infantry Officers,Infantry
55-1017.00,Special Forces Officers,S.F.O.
55-1017.00,Special Forces Officers,SFO
55-1017.00,Special Forces Officers,Category: Marketing & Communications
55-1017.00,Special Forces Officers,Marketing and Communications
55-1017.00,Special Forces Officers,Marketing & Communications
55-1017.00,Special Forces Officers,Marketing&Communications
55-1017.00,Special Forces Officers,Special Forces Officer
55-1017.00,Special Forces Officers,Special Forces
55-1019.00,"Military Officer Special and Tactical Operations Leaders, All Other","Military Officer Special and Tactical Operations Leaders, All Others"
55-1019.00,"Military Officer Special and Tactical Operations Leaders, All Other",Military Officer Special and Tactical Operations Leaders All Other
55-1019.00,"Military Officer Special and Tactical Operations Leaders, All Other","Military Officer Special & Tactical Operations Leaders, All Other"
55-1019.00,"Military Officer Special and Tactical Operations Leaders, All Other","Military Officer Special / Tactical Operations Leaders, All Other"
55-1019.00,"Military Officer Special and Tactical Operations Leaders, All Other",Category: Business & Management
55-1019.00,"Military Officer Special and Tactical Operations Leaders, All Other",Business and Management
55-1019.00,"Military Officer Special and Tactical Operations Leaders, All Other",Business & Management
55-1019.00,"Military Officer Special and Tactical Operations Leaders, All Other",Business&Management
55-2011.00,First-Line Supervisors of Air Crew Members,First-Line Supervisors of Air Crew Member
55-2011.00,First-Line Supervisors of Air Crew Members,First-Line Sups of Air Crew Members
55-2011.00,First-Line Supervisors of Air Crew Members,Category: Business & Management
55-2011.00,First-Line Supervisors of Air Crew Members,Business and Management
55-2011.00,First-Line Supervisors of Air Crew Members,Business & Management
55-2011.00,First-Line Supervisors of Air Crew Members,Business&Management
55-2012.00,First-Line Supervisors of Weapons Specialists/Crew Members,First-Line Supervisors of Weapons Specialists/Crew Member
55-2012.00,First-Line Supervisors of Weapons Specialists/Crew Members,First-Line Sups of Weapons Specialists/Crew Members
55-2012.00,First-Line Supervisors of Weapons Specialists/Crew Members,Category: Business & Management
55-2012.00,First-Line Supervisors of Weapons Specialists/Crew Members,Business and Management
55-2012.00,First-Line Supervisors of Weapons Specialists/Crew Members,Business & Management
55-2012.00,First-Line Supervisors of Weapons Specialists/Crew Members,Business&Management
55-2013.00,First-Line Supervisors of All Other Tactical Operations Specialists,First-Line Supervisors of All Other Tactical Operations Specialist
55-2013.00,First-Line Supervisors of All Other Tactical Operations Specialists,First-Line Supervisors of All Other Tactical Operations Specs
55-2013.00,First-Line Supervisors of All Other Tactical Operations Specialists,First-Line Sups of All Other Tactical Operations Specialists
55-2013.00,First-Line Supervisors of All Other Tactical Operations Specialists,First-Line Supervisors of All Other Tactical Operations
55-2013.00,First-Line Supervisors of All Other Tactical Operations Specialists,Category: Business & Management
55-2013.00,First-Line Supervisors of All Other Tactical Operations Specialists,Business and Management
55-2013.00,First-Line Supervisors of All Other Tactical Operations Specialists,Business & Management
55-2013.00,First-Line Supervisors of All Other Tactical Operations Specialists,Business&Management
55-3011.00,Air Crew Members,A.C.M.
55-3011.00,Air Crew Members,ACM
55-3011.00,Air Crew Members,Category: Marketing & Communications
55-3011.00,Air Crew Members,Marketing and Communications
55-3011.00,Air Crew Members,Marketing & Communications
55-3011.00,Air Crew Members,Marketing&Communications
55-3011.00,Air Crew Members,Air Crew Member
55-3012.00,Aircraft Launch and Recovery Specialists,A.L.R.S.
55-3012.00,Aircraft Launch and Recovery Specialists,ALRS
55-3012.00,Aircraft Launch and Recovery Specialists,Aircraft Launch and Recovery Specialist
55-3012.00,Aircraft Launch and Recovery Specialists,Aircraft Launch & Recovery Specialists
55-3012.00,Aircraft Launch and Recovery Specialists,Aircraft Launch / Recovery Specialists
55-3012.00,Aircraft Launch and Recovery Specialists,Aircraft Launch and Recovery Specs
55-3012.00,Aircraft Launch and Recovery Specialists,Aircraft Launch and Recovery
55-3012.00,Aircraft Launch and Recovery Specialists,Category: Engineering
55-3012.00,Aircraft Launch and Recovery Specialists,Engineering
55-3013.00,Armored Assault Vehicle Crew Members,A.A.V.C.M.
55-3013.00,Armored Assault Vehicle Crew Members,AAVCM
55-3013.00,Armored Assault Vehicle Crew Members,Category: Marketing & Communications
55-3013.00,Armored Assault Vehicle Crew Members,Armored Assault Vehicle Crew Member
55-3013.00,Armored Assault Vehicle Crew Members,Marketing and Communications
55-3013.00,Armored Assault Vehicle Crew Members,Marketing & Communications
55-3013.00,Armored Assault Vehicle Crew Members,Marketing&Communications
55-3014.00,Artillery and Missile Crew Members,A.M.C.M.
55-3014.00,Artillery and Missile Crew Members,AMCM
55-3014.00,Artillery and Missile Crew Members,Category: Marketing & Communications
55-3014.00,Artillery and Missile Crew Members,Artillery and Missile Crew Member
55-3014.00,Artillery and Missile Crew Members,Artillery & Missile Crew Members
55-3014.00,Artillery and Missile Crew Members,Artillery / Missile Crew Members
55-3014.00,Artillery and Missile Crew Members,Marketing and Communications
55-3014.00,Artillery and Missile Crew Members,Marketing & Communications
55-3014.00,Artillery and Missile Crew Members,Marketing&Communications
55-3015.00,Command and Control Center Specialists,C.C.C.S.
55-3015.00,Command and Control Center Specialists,CCCS
55-3015.00,Command and Control Center Specialists,Command and Control Center Specialist
55-3015.00,Command and Control Center Specialists,Category: Marketing & Communications
55-3015.00,Command and Control Center Specialists,Command & Control Center Specialists
55-3015.00,Command and Control Center Specialists,Command / Control Center Specialists
55-3015.00,Command and Control Center Specialists,Command and Control Center Specs
55-3015.00,Command and Control Center Specialists,Marketing and Communications
55-3015.00,Command and Control Center Specialists,Command and Control Center
55-3015.00,Command and Control Center Specialists,Marketing & Communications
55-3015.00,Command and Control Center Specialists,Marketing&Communications
55-3016.00,Infantry,Category: Marketing & Communications
55-3016.00,Infantry,Marketing and Communications
55-3016.00,Infantry,Marketing & Communications
55-3016.00,Infantry,Marketing&Communications
55-3016.00,Infantry,Infantries
55-3018.00,Special Forces,S.F.
55-3018.00,Special Forces,SF
55-3018.00,Special Forces,Category: Marketing & Communications
55-3018.00,Special Forces,Marketing and Communications
55-3018.00,Special Forces,Marketing & Communications
55-3018.00,Special Forces,Marketing&Communications
55-3018.00,Special Forces,Special Force
55-3019.00,"Military Enlisted Tactical Operations and Air/Weapons Specialists and Crew Members, All Other","Military Enlisted Tactical Operations and Air/Weapons Specialists and Crew Members, All Others"
55-3019.00,"Military Enlisted Tactical Operations and Air/Weapons Specialists and Crew Members, All Other",Military Enlisted Tactical Operations and Air/Weapons Specialists and Crew Members All Other
55-3019.00,"Military Enlisted Tactical Operations and Air/Weapons Specialists and Crew Members, All Other","Military Enlisted Tactical Operations & Air/Weapons Specialists & Crew Members, All Other"
55-3019.00,"Military Enlisted Tactical Operations and Air/Weapons Specialists and Crew Members, All Other","Military Enlisted Tactical Operations / Air/Weapons Specialists / Crew Members, All Other"
55-3019.00,"Military Enlisted Tactical Operations and Air/Weapons Specialists and Crew Members, All Other","Military Enlisted Tactical Operations and Air/Weapons Specs and Crew Members, All Other"
55-3019.00,"Military Enlisted Tactical Operations and Air/Weapons Specialists and Crew Members, All Other",Category: Business & Management
55-3019.00,"Military Enlisted Tactical Operations and Air/Weapons Specialists and Crew Members, All Other",Business and Management
55-3019.00,"Military Enlisted Tactical Operations and Air/Weapons Specialists and Crew Members, All Other",Business & Management
55-3019.00,"Military Enlisted Tactical Operations and Air/Weapons Specialists and Crew Members, All Other",Business&Management
