O*NET-SOC Code,Title,Conflict Situations,Contact With Others,Coordinate or Lead Others in Accomplishing Work Activities,Deal With External Customers or the Public in General,"Dealing With Unpleasant, Angry, or Discourteous People",Dealing with Violent or Physically Aggressive People,Face-to-Face Discussions with Individuals and Within Teams,Public Speaking,Work With or Contribute to a Work Group or Team,"Communicating with Supervisors, Peers, or Subordinates Combined",Instructing Combined,Performing for or Working Directly with the Public Combined,Negotiation Combined,Coaching and Developing Others Combined,Training and Teaching Others Combined,Resolving Conflicts and Negotiating with Others Combined,Social Perceptiveness Combined,Developing and Building Teams Combined,Communicating with People Outside the Organization Combined,Service Orientation Combined,Persuasion Combined
11-1011.00,Chief Executives,3.86,4.58,4.29,4.33,3.24,1.46,4.9,3.07,4.36,4.117857142857143,2.3192,2.822857142857143,3.117142857142857,4.1005,3.0468,3.8454,2.894285714285714,3.789914285714286,3.774071428571428,2.023657142857143,3.0357142857142856
11-1011.03,Chief Sustainability Officers,3.04,4.41,4.22,3.85,2.41,1.19,4.67,2.93,4.78,4.227614285714285,2.086428571428572,2.6128,1.9842857142857144,3.000771428571429,2.585514285714286,2.6382857142857143,2.596342857142857,3.1919857142857144,4.037542857142857,2.044642857142857,2.645714285714285
11-1021.00,General and Operations Managers,3.35,4.63,4.48,4.49,3.24,1.62,4.86,2.46,4.62,3.314142857142857,1.9285714285714288,1.5126,2.2928571428571427,2.8831857142857142,2.3048428571428574,3.011885714285714,2.571428571428571,2.557542857142857,2.6227714285714283,2.0028571428571427,2.4035714285714285
11-2011.00,Advertising and Promotions Managers,3.15,4.68,4.11,4.19,2.92,1.14,4.87,2.55,4.47,3.3910714285714287,1.8057142857142856,2.1865428571428573,2.1357142857142857,1.7590857142857144,1.7034571428571432,1.9022,2.7142857142857144,1.8708,3.744142857142857,1.9842857142857144,2.3192
11-2021.00,Marketing Managers,3.18,4.61,4.32,4.25,2.74,1.16,4.76,3.35,4.67,3.828571428571429,2.0,1.7938142857142858,2.4522285714285714,2.2609142857142857,2.0210857142857144,2.891314285714286,2.645714285714285,2.8744,3.56,1.9842857142857144,2.7207142857142856
11-2022.00,Sales Managers,3.52,4.86,4.1,4.71,3.35,1.24,4.65,2.71,4.65,3.9177142857142857,2.524285714285714,2.5021714285714287,2.7142857142857144,3.835,3.468957142857143,3.628628571428571,2.645714285714285,3.674285714285714,3.779142857142858,2.4522285714285714,2.645714285714285
11-2033.00,Fundraising Managers,2.71,4.96,4.3,4.5,2.64,1.34,4.84,3.14,4.79,3.4192,1.5508,2.131428571428572,2.2308,1.8585142857142856,2.008857142857143,1.8926857142857143,2.765714285714286,2.0812,3.121,2.19,2.5
11-3012.00,Administrative Services Managers,3.2,4.5,3.9,4.12,3.08,1.75,4.9,2.28,4.57,3.5062857142857147,1.9285714285714288,1.9093428571428568,2.216428571428572,2.6481142857142856,2.2301714285714285,2.775428571428572,2.205357142857143,2.3666142857142853,2.5822857142857143,2.044642857142857,1.8914285714285717
11-3013.00,Facilities Managers,3.32,4.72,4.31,4.13,3.15,1.81,4.81,2.63,4.41,3.4620571428571427,2.044642857142857,1.8595,2.0,2.5254,2.4324285714285714,3.0280857142857145,2.354914285714286,2.6861428571428574,3.0976000000000004,1.822857142857143,2.023657142857143
11-3013.01,Security Managers,3.53,4.5,3.84,3.6,3.53,2.74,4.61,2.55,4.39,3.8339285714285714,2.0608,2.4228571428571426,2.0608,3.5848571428571425,3.192142857142857,3.623214285714286,2.607142857142857,3.3800000000000003,3.0439285714285718,2.105,2.19
11-3021.00,Computer and Information Systems Managers,3.3,4.58,4.55,3.02,2.95,1.09,4.63,2.08,4.75,3.5200000000000005,2.1750857142857143,1.1758857142857142,1.9285714285714288,2.9714285714285715,2.2005714285714286,2.6714285714285717,2.4035714285714285,3.139428571428572,1.9737142857142855,1.837942857142857,2.06
11-3031.00,Financial Managers,3.09,4.19,3.82,3.34,2.65,1.36,4.91,2.65,4.77,3.277257142857143,1.9077714285714285,2.205214285714286,2.1357142857142857,3.135257142857143,2.3659428571428576,2.1902285714285714,2.4035714285714285,2.2698285714285715,2.3534571428571427,2.354914285714286,2.275
11-3031.01,Treasurers and Controllers,3.12,4.52,4.21,3.04,2.44,1.12,4.92,2.48,4.44,4.001828571428572,1.837942857142857,1.233142857142857,1.9449142857142856,3.057142857142857,2.28,2.771428571428572,2.096342857142857,2.902857142857143,3.643885714285715,1.6875,2.071428571428571
11-3031.03,Investment Fund Managers,2.9,4.23,3.43,3.25,2.62,1.14,4.77,2.69,3.99,3.265342857142857,1.822857142857143,1.2520857142857142,2.0,2.176685714285714,2.221,1.7498,1.9657142857142855,2.0193571428571437,3.253942857142857,1.8057142857142856,2.06
11-3051.00,Industrial Production Managers,3.18,4.69,4.14,2.88,3.0,1.44,4.79,2.79,4.52,3.132742857142857,2.096342857142857,1.3857142857142857,2.205357142857143,2.7315428571428573,2.3020428571428573,2.591542857142857,2.3857142857142857,2.432628571428572,2.116914285714285,1.8914285714285717,2.096342857142857
11-3051.01,Quality Control Systems Managers,3.58,4.83,4.45,3.57,2.99,1.42,4.76,2.76,4.8,3.996571428571428,2.1635714285714283,1.1242,1.8914285714285717,2.800342857142857,2.890885714285714,2.722785714285714,2.205357142857143,2.6416000000000004,2.677,1.9285714285714288,2.125
11-3051.02,Geothermal Production Managers,3.43,4.47,4.02,3.54,2.57,1.4,4.96,3.12,4.67,3.820657142857143,2.125,1.2262857142857142,1.9657142857142855,2.7745,2.667828571428571,2.7352,2.2928571428571427,3.155428571428572,2.806228571428571,1.8057142857142856,1.9657142857142855
11-3051.03,Biofuels Production Managers,3.43,4.64,3.85,3.64,2.93,1.31,4.93,2.54,4.76,3.362285714285714,2.1635714285714283,1.221,1.9285714285714288,2.8683428571428573,2.6874,2.644685714285714,2.275,2.724285714285714,2.0767857142857142,2.044642857142857,2.023657142857143
11-3051.04,Biomass Power Plant Managers,2.95,4.43,4.16,3.6,2.58,1.56,4.85,3.01,4.67,2.9687714285714284,2.125,1.1234714285714285,1.7734857142857143,3.2345714285714284,2.4763,2.5036571428571426,2.1635714285714283,3.0993142857142857,1.8320714285714288,1.6875,1.9285714285714288
11-3051.06,Hydroelectric Production Managers,3.13,4.41,3.98,3.6,2.67,1.27,4.81,2.71,4.42,3.520514285714285,2.3192,1.7963714285714287,2.1635714285714283,2.7952000000000004,2.5361714285714285,3.153785714285714,2.1635714285714283,2.7081142857142857,2.274442857142857,2.1492,2.19
11-3061.00,Purchasing Managers,3.32,4.58,4.0,4.16,2.95,1.53,4.61,2.79,4.53,3.758442857142857,2.3192,2.015814285714286,2.645714285714285,3.1918285714285712,2.826014285714286,3.318,2.645714285714285,2.761428571428572,3.4030857142857145,2.3857142857142857,2.542057142857143
11-3071.00,"Transportation, Storage, and Distribution Managers",3.63,4.62,3.92,3.72,3.35,1.64,4.79,2.62,4.44,3.464642857142857,2.265085714285714,1.746371428571429,2.354914285714286,2.8005714285714287,2.543628571428571,3.0333714285714284,2.086428571428572,2.885714285714286,2.9924,2.0028571428571427,2.2928571428571427
11-3071.04,Supply Chain Managers,3.81,4.57,4.1,3.71,3.35,1.3,4.9,2.76,4.6,3.621914285714286,1.9842857142857144,1.516,2.4732142857142856,3.224285714285714,2.752,3.408571428571429,2.524285714285714,3.402357142857143,2.9719999999999995,1.9449142857142856,2.354914285714286
11-3111.00,Compensation and Benefits Managers,3.1,4.43,3.71,3.1,3.29,1.24,4.74,2.48,4.19,3.838685714285715,1.8914285714285717,1.0781714285714286,1.9842857142857144,2.682142857142857,2.2954,3.092714285714285,2.3857142857142857,2.3885714285714283,3.1800571428571427,1.9449142857142856,1.9657142857142855
11-3121.00,Human Resources Managers,4.05,4.68,3.86,3.5,3.64,2.05,4.81,2.77,4.5,4.271742857142858,2.645714285714285,1.984,2.645714285714285,3.632285714285714,3.366057142857143,4.367657142857144,2.765714285714286,3.5332857142857144,3.0224285714285712,2.524285714285714,2.524285714285714
11-3131.00,Training and Development Managers,2.86,4.5,4.25,2.21,2.5,1.14,4.78,3.32,4.93,4.519285714285715,3.0357142857142856,1.092142857142857,1.8571428571428568,3.9124571428571424,4.587528571428571,2.810014285714286,2.5428571428571427,3.5258000000000003,2.205357142857143,2.4035714285714285,2.4035714285714285
11-9013.00,"Farmers, Ranchers, and Other Agricultural Managers",2.61,4.27,4.02,3.28,2.22,1.16,4.83,1.93,4.45,2.9069714285714285,1.837942857142857,1.924342857142857,2.096342857142857,2.3068,2.2789714285714284,2.466742857142857,2.2308,2.0048000000000004,2.486628571428572,1.837942857142857,2.1357142857142857
11-9021.00,Construction Managers,3.2,4.6,4.15,3.9,2.75,1.79,4.68,3.15,4.6,3.4528571428571437,1.9842857142857144,1.822857142857143,2.596342857142857,3.0439285714285718,3.052857142857143,3.128214285714286,2.3857142857142857,3.031428571428572,3.047857142857143,1.872228571428572,2.1750857142857143
11-9031.00,"Education and Childcare Administrators, Preschool and Daycare",3.69,4.98,4.35,3.77,3.22,1.65,4.88,2.2,4.54,3.3807142857142853,2.596342857142857,3.050428571428571,2.354914285714286,3.0178857142857143,3.1744000000000003,3.112342857142857,2.596342857142857,2.6014285714285714,3.2050000000000005,2.645714285714285,2.19
11-9032.00,"Education Administrators, Kindergarten through Secondary",3.81,4.87,4.46,4.14,3.36,2.18,4.76,3.48,4.9,4.201571428571429,2.765714285714286,3.1201428571428567,2.7142857142857144,4.0445714285714285,4.112942857142857,3.702857142857143,3.205357142857143,3.5948,4.0358,2.748571428571428,2.6185714285714288
11-9033.00,"Education Administrators, Postsecondary",3.18,4.51,4.19,3.64,2.98,1.28,4.77,3.21,4.46,3.744142857142857,2.7142857142857144,1.8469285714285717,2.4035714285714285,3.032,2.4722,3.0042285714285715,2.571428571428571,2.8944,2.8915,2.3857142857142857,2.4035714285714285
11-9041.00,Architectural and Engineering Managers,3.29,4.54,4.21,4.21,2.6,1.13,4.88,2.97,4.88,3.628,2.205357142857143,1.5410285714285714,2.1750857142857143,3.090057142857143,2.948885714285714,2.669714285714286,2.2928571428571427,2.5675428571428576,3.7342,2.044642857142857,2.1357142857142857
11-9041.01,Biofuels/Biodiesel Technology and Product Development Managers,2.75,4.08,3.97,2.69,2.55,1.32,4.83,2.63,4.52,3.5256000000000003,1.9285714285714288,1.3342857142857143,1.9077714285714285,2.078042857142857,2.2128000000000005,2.0307142857142857,1.837942857142857,2.8656,2.701171428571429,1.7734857142857143,1.9657142857142855
11-9051.00,Food Service Managers,3.63,4.84,4.51,4.51,3.69,1.71,4.93,2.59,4.96,2.5857142857142854,1.9085714285714288,2.311242857142857,2.06,3.013371428571429,2.458,2.4695714285714283,2.4522285714285714,2.3450571428571427,1.962742857142857,2.4732142857142856,1.8914285714285717
11-9071.00,Gambling Managers,3.93,4.78,4.63,4.67,3.94,1.9,4.89,2.72,4.77,3.2397142857142853,2.2928571428571427,3.2196571428571428,2.125,2.752685714285714,2.452,3.142,2.571428571428571,2.2406571428571427,1.7819285714285713,2.4732142857142856,2.2928571428571427
11-9072.00,"Entertainment and Recreation Managers, Except Gambling",2.96,4.57,4.02,4.81,2.94,1.66,4.63,3.81,4.78,3.5480285714285715,2.2928571428571427,3.0475,1.9842857142857144,2.8942,3.0678857142857145,3.056785714285714,2.4732142857142856,2.6633714285714287,3.2906714285714287,2.4732142857142856,2.096342857142857
11-9081.00,Lodging Managers,3.72,4.89,4.51,4.49,3.57,1.6,4.83,3.67,4.8,3.4141285714285714,2.4732142857142856,3.2390857142857143,2.645714285714285,2.9371142857142853,3.0821,3.234757142857143,2.662857142857143,2.4703,3.121714285714286,2.8363428571428573,2.571428571428571
11-9111.00,Medical and Health Services Managers,3.71,4.82,3.96,4.07,3.39,2.11,4.61,2.96,4.86,3.8832571428571434,2.596342857142857,2.2182142857142857,2.44,3.82,3.3104714285714287,3.485085714285714,2.7142857142857144,3.140357142857143,2.824,2.4732142857142856,2.645714285714285
11-9121.00,Natural Sciences Managers,2.28,4.05,4.07,3.54,2.32,1.23,4.84,2.91,4.68,3.868342857142856,2.2471428571428573,1.3716428571428572,1.9449142857142856,2.8358000000000003,2.5016142857142856,2.0872571428571427,2.3192,2.9581,3.1547857142857145,1.822857142857143,2.205357142857143
11-9121.01,Clinical Research Coordinators,2.57,4.63,4.12,3.36,2.32,1.09,4.86,2.16,4.42,3.088157142857143,1.9085714285714288,2.0780000000000003,1.9077714285714285,1.9685714285714289,2.2990285714285714,1.527057142857143,2.4035714285714285,1.5678,2.1380285714285714,2.071428571428571,1.9285714285714288
11-9121.02,Water Resource Specialists,2.86,4.05,3.57,3.59,2.35,1.32,4.65,2.68,4.47,3.22,1.9285714285714288,2.113671428571428,1.8571428571428568,2.6273142857142853,2.3054,2.2241428571428568,2.0342857142857143,2.6835,3.1794571428571428,1.8571428571428568,2.06
11-9131.00,Postmasters and Mail Superintendents,4.15,4.96,4.59,4.54,4.28,2.04,4.92,3.79,4.66,3.6224857142857134,2.044642857142857,2.3179142857142856,2.216428571428572,3.0917285714285714,2.3841142857142854,3.6257,2.5,2.657857142857143,2.501028571428572,2.0608,2.125
11-9141.00,"Property, Real Estate, and Community Association Managers",3.6,4.7,3.8,4.1,3.7,1.9,4.84,2.5,4.15,3.345,1.78,2.309285714285714,2.3392857142857144,2.626428571428572,2.58,3.132571428571429,2.086428571428572,2.607142857142857,2.992857142857143,1.8571428571428568,2.125
11-9151.00,Social and Community Service Managers,3.51,4.67,4.23,4.11,3.77,2.11,4.88,2.98,4.71,3.711428571428572,2.3857142857142857,2.5990857142857147,2.205357142857143,2.3124571428571428,2.4126857142857143,2.9301142857142857,2.98,2.592914285714285,3.0703714285714288,2.7142857142857144,2.205357142857143
11-9161.00,Emergency Management Directors,3.09,4.41,4.05,4.14,2.64,1.77,4.52,2.91,4.41,3.75,2.6185714285714288,3.3902,2.19,2.9851,3.1728571428571426,3.200528571428572,2.765714285714286,3.5382,3.737457142857143,3.4375,2.4971428571428573
11-9171.00,Funeral Home Managers,3.28,4.85,4.27,4.72,3.2,2.1,4.75,3.62,4.79,3.447742857142857,1.8571428571428568,4.172771428571428,1.9842857142857144,2.8702428571428573,2.963857142857143,2.8850714285714285,2.5428571428571427,2.3877999999999995,3.477128571428571,2.7142857142857144,2.06
11-9179.01,Fitness and Wellness Coordinators,3.42,4.6,3.88,3.85,3.08,1.5,4.84,3.23,4.56,3.5488,2.19,2.2060571428571425,1.8914285714285717,3.3370285714285712,3.1149142857142853,2.4190000000000005,2.4732142857142856,2.48,2.7055285714285717,2.375,2.0
11-9179.02,Spa Managers,3.14,5.0,4.43,4.62,3.19,1.15,4.97,1.88,4.83,3.4480857142857144,2.1607142857142856,3.274014285714286,2.086428571428572,3.0394,2.188,3.134428571428572,2.645714285714285,2.7696,2.407342857142857,2.4893714285714283,2.4732142857142856
11-9199.01,Regulatory Affairs Managers,2.96,4.17,4.04,2.3,2.36,1.13,4.59,2.43,4.65,3.9137857142857135,1.9642857142857144,1.1408571428571428,1.8571428571428568,2.6128,2.5336,2.8468,2.1635714285714283,2.4142857142857146,3.9721428571428574,1.8057142857142856,1.8571428571428568
11-9199.02,Compliance Managers,3.43,4.66,4.13,3.93,3.19,2.2,4.78,2.87,4.76,3.981314285714286,2.275,2.200614285714286,1.9449142857142856,2.696,2.902857142857143,3.04,2.2928571428571427,2.4091428571428573,3.0672,1.822857142857143,2.4035714285714285
11-9199.08,Loss Prevention Managers,3.95,4.82,3.65,4.0,3.48,2.77,4.67,2.95,4.4,3.6852,2.596342857142857,1.7813285714285714,2.2071428571428573,2.9722857142857144,3.0412000000000003,3.1164,2.4035714285714285,2.577085714285714,2.907142857142857,2.4035714285714285,2.524285714285714
11-9199.09,Wind Energy Operations Managers,3.14,4.52,4.1,3.13,2.36,1.23,4.99,3.3,4.57,3.6904,2.096342857142857,2.1375,2.1750857142857143,3.6782857142857135,2.9555285714285717,3.0690285714285714,2.571428571428571,3.105742857142857,2.64,1.837942857142857,2.4035714285714285
11-9199.10,Wind Energy Development Managers,3.09,4.0,3.77,3.79,2.47,1.16,4.2,2.75,4.35,3.4837857142857143,1.8728571428571428,2.78,2.275,1.7634285714285711,1.7968142857142857,2.9417714285714283,2.2928571428571427,2.894685714285714,3.965028571428571,1.837942857142857,2.205357142857143
11-9199.11,Brownfield Redevelopment Specialists and Site Managers,2.59,4.32,3.68,3.95,2.05,1.18,4.35,2.32,4.09,3.4141142857142857,1.8914285714285717,2.6506,2.3392857142857144,1.9169,1.7359428571428572,2.8687571428571426,2.0028571428571427,2.600342857142857,3.716328571428572,1.8057142857142856,2.06
13-1011.00,"Agents and Business Managers of Artists, Performers, and Athletes",3.33,4.88,3.59,2.91,3.03,1.22,4.55,2.0,4.17,2.6709428571428573,1.7734857142857143,1.6017142857142856,2.7142857142857144,1.5861142857142858,1.1926428571428571,2.790228571428571,2.44,1.6834285714285713,3.081857142857143,1.9657142857142855,2.765714285714286
13-1021.00,"Buyers and Purchasing Agents, Farm Products",3.2,4.79,3.83,4.17,2.71,1.22,4.98,2.01,4.63,2.997742857142857,1.6171428571428572,2.0354,2.2308,1.9787857142857144,2.287,2.5366857142857144,1.9449142857142856,2.1632285714285717,3.0104571428571427,1.7485714285714289,2.275
13-1022.00,"Wholesale and Retail Buyers, Except Farm Products",3.4,4.83,3.7,3.83,3.2,1.3,4.76,2.4,4.27,3.1453714285714285,1.8914285714285717,1.4501428571428572,2.7142857142857144,1.9356142857142855,1.649,2.6411285714285717,2.125,1.7110714285714286,2.669914285714285,1.9449142857142856,2.571428571428571
13-1023.00,"Purchasing Agents, Except Wholesale, Retail, and Farm Products",2.9,4.53,3.89,4.15,3.0,1.5,4.53,3.0,4.32,3.565,2.044642857142857,2.1,2.912857142857143,2.9607857142857146,2.5404285714285715,3.2500714285714283,2.1635714285714283,2.455857142857143,3.552928571428571,1.9842857142857144,2.571428571428571
13-1031.00,"Claims Adjusters, Examiners, and Investigators",4.03,4.67,3.18,4.43,4.13,1.39,4.29,1.76,3.87,3.0569714285714285,1.6171428571428572,2.3915714285714285,1.9842857142857144,1.4902,1.7574999999999998,3.4252,2.1492,1.7271999999999998,3.454857142857143,1.9085714285714288,1.8057142857142856
13-1032.00,"Insurance Appraisers, Auto Damage",3.87,4.96,2.97,4.92,3.6,1.78,4.29,1.77,3.77,2.9588,1.3571428571428572,3.5473428571428567,1.7734857142857143,1.4191,1.9202,3.221371428571429,1.8571428571428568,1.5239,2.755742857142857,1.8571428571428568,1.7734857142857143
13-1041.00,Compliance Officers,3.57,4.79,3.56,4.75,4.04,2.45,4.49,2.4,4.4,2.895771428571429,1.7734857142857143,3.1068,1.9449142857142856,1.8056857142857143,1.6424714285714286,2.3405714285714287,2.2071428571428573,1.6574285714285717,3.0087714285714284,1.9449142857142856,2.0028571428571427
13-1041.01,Environmental Compliance Inspectors,3.0,4.45,3.3,4.25,2.8,1.42,4.65,2.15,4.0,3.3071428571428574,1.8914285714285717,2.77,1.8057142857142856,1.977142857142857,2.185,2.464285714285714,2.086428571428572,1.9114285714285717,3.037142857142857,1.7734857142857143,1.7200000000000002
13-1041.03,Equal Opportunity Representatives and Officers,3.68,4.43,3.24,3.97,3.46,1.94,4.6,2.56,3.69,3.764928571428572,1.9077714285714285,2.941942857142857,2.0342857142857143,1.7042285714285716,2.047428571428572,3.7734,2.765714285714286,1.8040857142857143,3.421342857142857,2.023657142857143,2.2857142857142856
13-1041.04,Government Property Inspectors and Investigators,3.98,4.75,3.96,4.44,3.6,2.22,4.59,1.94,4.36,3.2722857142857142,1.9842857142857144,2.620514285714286,1.9285714285714288,1.6632571428571428,1.598,2.920228571428571,2.105,1.8416571428571429,3.4575142857142858,1.9449142857142856,2.0
13-1041.06,Coroners,3.55,4.75,3.85,4.85,4.05,2.85,4.78,3.25,4.25,3.758928571428572,1.8914285714285717,3.55,1.6364285714285711,2.9131428571428573,3.069642857142857,2.893214285714285,2.4522285714285714,2.1246428571428573,3.946071428571429,1.9449142857142856,1.6364285714285711
13-1041.07,Regulatory Affairs Specialists,2.85,4.2,3.55,2.5,2.35,1.26,4.42,2.4,4.45,3.5875000000000004,1.8571428571428568,1.1067857142857145,1.9842857142857144,2.186071428571428,2.333928571428572,2.9131428571428573,2.105,2.5664285714285717,3.4514285714285715,1.8571428571428568,2.071428571428571
13-1041.08,Customs Brokers,3.25,4.7,3.35,3.85,3.5,1.4,4.72,2.3,4.2,3.245371428571429,1.8571428571428568,1.6155142857142857,1.8914285714285717,2.3091428571428567,2.514828571428572,2.2559142857142858,1.8571428571428568,2.139685714285714,3.1988000000000003,1.9642857142857144,1.8057142857142856
13-1051.00,Cost Estimators,2.45,3.68,3.43,2.77,2.14,1.18,4.45,2.73,4.14,3.270314285714285,1.6875,1.124342857142857,1.9285714285714288,2.378914285714286,2.113671428571428,2.025142857142857,1.9085714285714288,2.331714285714286,2.7451,1.7200000000000002,2.0
13-1071.00,Human Resources Specialists,3.93,4.77,4.06,3.71,3.39,2.19,4.92,3.33,4.72,3.2116857142857147,1.9449142857142856,1.8714857142857144,1.8571428571428568,2.4267571428571437,2.274742857142857,3.034828571428572,2.3192,2.0248,2.270157142857143,2.105,1.8057142857142856
13-1074.00,Farm Labor Contractors,2.93,4.49,4.42,2.59,2.76,1.38,4.55,2.04,3.68,1.6340714285714286,1.6665142857142858,1.2816,1.75,1.6185142857142858,1.8021857142857145,1.6373714285714285,1.8571428571428568,1.361042857142857,1.1022,1.6063428571428573,1.6665142857142858
13-1075.00,Labor Relations Specialists,4.0,4.48,3.11,2.9,3.58,1.9,4.53,2.57,4.05,3.258571428571428,1.822857142857143,1.8087142857142855,2.9522285714285714,2.1567857142857143,2.1713,4.127028571428571,2.571428571428571,2.460828571428572,2.5708,2.2308,2.8020571428571426
13-1081.00,Logisticians,3.08,4.54,3.71,3.96,3.0,1.5,4.61,2.42,4.58,3.4037714285714284,1.9085714285714288,1.550028571428571,2.125,2.669314285714286,2.436914285714286,2.762885714285714,2.354914285714286,3.0064,3.1750857142857143,2.086428571428572,2.1635714285714283
13-1081.01,Logistics Engineers,3.27,4.39,3.83,3.52,2.87,1.91,4.43,2.7,4.3,3.407742857142857,1.9285714285714288,1.2837714285714286,1.8057142857142856,2.4427000000000003,2.297142857142857,2.3732999999999995,1.9657142857142855,2.4219,2.916314285714286,1.8571428571428568,1.8914285714285717
13-1081.02,Logistics Analysts,3.23,4.59,3.64,3.41,3.0,1.55,4.27,2.5,4.32,3.2896,1.7734857142857143,1.281742857142857,1.7734857142857143,2.4132571428571428,2.2425,2.3603,1.8571428571428568,2.118785714285714,3.1410285714285715,1.822857142857143,1.7734857142857143
13-1111.00,Management Analysts,2.95,4.25,4.11,3.62,2.79,1.5,4.74,2.76,4.35,3.998214285714286,2.125,1.9445714285714284,1.9449142857142856,2.9714285714285715,2.932,3.2293571428571437,2.645714285714285,2.856,3.6973,2.044642857142857,2.3857142857142857
13-1121.00,"Meeting, Convention, and Event Planners",3.53,4.91,4.63,4.7,3.1,1.11,4.91,1.81,4.81,3.3817857142857144,1.8914285714285717,3.5813428571428574,2.2308,2.789542857142857,2.331714285714286,3.4894857142857143,2.5428571428571427,2.7952000000000004,3.711557142857143,2.596342857142857,2.25
13-1131.00,Fundraisers,2.71,4.62,3.81,4.67,2.52,1.1,5.0,3.14,4.4,3.187428571428572,1.8571428571428568,2.9131428571428573,2.596342857142857,2.992714285714285,2.36,2.749,2.4522285714285714,2.786428571428571,4.0528,2.1607142857142856,2.877142857142857
13-1141.00,"Compensation, Benefits, and Job Analysis Specialists",2.71,4.38,3.14,3.05,2.81,1.1,4.57,2.29,4.14,3.365157142857143,1.8057142857142856,1.2985714285714285,1.8914285714285717,1.8610428571428568,1.8658571428571429,2.370728571428572,2.0342857142857143,1.9905142857142857,2.814571428571428,1.8571428571428568,1.9657142857142855
13-1151.00,Training and Development Specialists,3.22,4.57,3.65,3.13,2.65,1.52,4.43,3.83,4.27,4.073657142857144,2.989371428571429,1.8103428571428573,1.9449142857142856,3.4608571428571424,3.861100000000001,2.410642857142857,2.7142857142857144,2.4538857142857142,2.626442857142857,2.4035714285714285,2.023657142857143
13-1161.00,Market Research Analysts and Marketing Specialists,2.7,4.22,3.52,3.57,2.48,1.13,4.22,2.65,4.0,3.2821857142857143,1.75,1.8202857142857145,1.6364285714285711,2.2085714285714286,1.9202285714285716,2.069242857142857,2.023657142857143,2.2992142857142857,3.6818,1.7734857142857143,1.9842857142857144
13-1161.01,Search Marketing Strategists,2.35,3.57,3.0,2.09,2.09,1.0,4.0,2.13,3.65,3.192142857142857,1.9449142857142856,1.1392857142857142,1.8914285714285717,2.117142857142857,2.228857142857142,1.951028571428572,1.9285714285714288,1.8828571428571428,3.0016,1.8571428571428568,2.1635714285714283
13-1199.04,Business Continuity Planners,2.57,4.35,3.95,2.78,2.1,1.22,3.9,2.48,4.36,3.8704,2.1635714285714283,1.1608,1.9449142857142856,2.493542857142857,2.8571714285714283,2.285642857142857,2.2308,2.4948,2.1433714285714287,1.9842857142857144,2.06
13-1199.05,Sustainability Specialists,3.0,4.17,3.96,3.22,2.43,1.17,4.59,2.77,4.39,3.9937,1.8571428571428568,1.9643857142857144,1.8571428571428568,2.281257142857143,2.932485714285715,2.4049428571428573,1.9842857142857144,2.770942857142857,3.528628571428572,1.8057142857142856,1.9842857142857144
13-1199.06,Online Merchants,2.92,4.46,3.72,4.16,3.2,1.15,4.5,1.58,3.98,2.3195,1.467857142857143,1.937442857142857,1.9449142857142856,1.4585142857142857,1.6696,2.021114285714286,1.8328571428571427,1.3790285714285715,2.562742857142857,2.105,2.0608
13-1199.07,Security Management Specialists,3.2,4.3,3.84,3.95,3.0,2.5,4.56,2.95,4.05,3.513714285714286,2.1492,2.4174285714285717,1.9449142857142856,2.895142857142857,2.865185714285714,3.086071428571429,2.25,2.6696428571428568,3.536428571428571,2.19,2.275
13-2011.00,Accountants and Auditors,2.75,4.55,3.47,3.77,2.44,1.04,4.7,2.0,4.21,3.481942857142857,1.75,1.5193142857142856,1.7734857142857143,2.436114285714286,2.6424571428571437,2.298,2.023657142857143,2.478285714285714,2.684,2.023657142857143,1.9285714285714288
13-2022.00,Appraisers of Personal and Business Property,2.35,4.09,2.91,3.59,2.35,1.3,3.86,1.91,2.95,2.371085714285714,1.4464285714285716,1.950057142857143,1.7036571428571428,1.8973428571428568,1.9744,1.8509285714285717,1.8057142857142856,1.8361571428571424,2.9493714285714283,1.8057142857142856,1.837942857142857
13-2023.00,Appraisers and Assessors of Real Estate,2.5,3.96,2.04,3.17,2.35,1.25,4.19,1.46,2.61,2.2824,1.6171428571428572,1.7157142857142855,1.6665142857142858,1.7428857142857144,1.8513714285714284,1.6465285714285711,1.7200000000000002,1.3342857142857143,2.6706571428571424,1.7200000000000002,1.7200000000000002
13-2031.00,Budget Analysts,3.01,4.42,4.45,4.08,2.26,1.0,4.33,1.86,4.68,3.3902,1.6063428571428573,1.2178714285714285,1.6364285714285711,1.3744,1.3968,1.6026428571428573,1.8571428571428568,1.4021714285714284,1.914057142857143,1.5892857142857142,1.6665142857142858
13-2041.00,Credit Analysts,2.5,3.7,2.4,2.4,2.0,1.0,4.68,2.35,3.39,3.1589285714285715,1.3808,1.1457142857142857,1.542142857142857,1.975,1.9142857142857144,1.5981428571428573,1.822857142857143,1.5942857142857143,1.8635714285714289,1.8571428571428568,1.4928571428571429
13-2052.00,Personal Financial Advisors,2.32,3.92,2.92,3.85,2.0,1.04,4.12,2.0,3.25,2.7094857142857145,1.8571428571428568,2.364,1.8571428571428568,2.3053142857142856,2.3184000000000005,2.1085714285714285,2.354914285714286,1.8736,3.476285714285714,2.4522285714285714,2.19
13-2053.00,Insurance Underwriters,3.52,4.5,2.8,3.57,3.27,1.07,4.38,1.9,3.8,2.898571428571429,1.655,1.38,1.7200000000000002,1.7336714285714283,1.7594714285714288,2.5873,1.8571428571428568,1.7719999999999998,2.798142857142857,1.8571428571428568,1.7385714285714284
13-2061.00,Financial Examiners,2.74,4.61,4.04,3.22,2.35,1.04,4.78,2.35,4.7,3.6149714285714287,2.275,1.146942857142857,1.8057142857142856,2.468142857142857,2.147,2.2679,2.354914285714286,2.677,3.3236,1.8571428571428568,1.837942857142857
13-2071.00,Credit Counselors,2.71,4.48,2.88,3.58,3.52,1.36,3.96,2.6,3.76,2.5344,1.8057142857142856,2.671542857142857,2.044642857142857,2.1222,1.9584142857142857,2.133942857142857,2.096342857142857,1.552857142857143,3.0057142857142853,2.31,2.19
13-2072.00,Loan Officers,3.19,4.83,3.9,4.55,3.32,1.45,4.89,2.34,4.53,3.023971428571428,1.7385714285714284,2.600542857142857,1.8057142857142856,1.5401714285714283,1.456342857142857,2.1237142857142857,1.9642857142857144,2.121142857142857,2.919314285714286,2.0,1.8057142857142856
13-2081.00,"Tax Examiners and Collectors, and Revenue Agents",2.77,4.52,3.06,4.53,3.61,1.64,4.11,1.56,4.23,3.080342857142857,1.837942857142857,3.618,1.8914285714285717,1.6054285714285714,2.1892571428571426,2.153028571428571,1.8571428571428568,2.1328571428571426,3.549714285714286,1.8057142857142856,1.7734857142857143
13-2082.00,Tax Preparers,2.48,4.0,2.19,3.67,2.55,1.3,4.1,1.62,2.86,2.5694857142857144,1.7200000000000002,2.3994285714285715,1.5357142857142858,1.7378999999999998,2.063885714285714,2.115785714285714,1.7385714285714284,1.617914285714286,2.4246,1.8571428571428568,1.6063428571428573
13-2099.01,Financial Quantitative Analysts,2.25,3.65,3.17,2.25,2.0,1.05,4.28,2.45,4.11,3.200357142857143,1.9285714285714288,1.0425,1.7734857142857143,2.185714285714286,2.1839285714285714,1.48,1.8571428571428568,1.922857142857143,2.474285714285714,1.7734857142857143,2.023657142857143
13-2099.04,"Fraud Examiners, Investigators and Analysts",3.2,4.12,3.8,3.88,3.16,1.88,4.33,2.76,4.36,3.5645714285714294,1.8571428571428568,1.7666285714285714,1.9449142857142856,2.3638857142857144,2.6342857142857143,2.659428571428572,2.1492,2.4832,3.1824,1.8571428571428568,2.086428571428572
15-1211.00,Computer Systems Analysts,2.36,4.49,3.55,2.84,2.42,1.17,4.21,2.32,4.35,3.0967285714285717,1.9722285714285717,1.0689,1.5357142857142858,1.6861714285714289,1.7748142857142857,1.9585,1.9449142857142856,1.7337142857142858,2.1674285714285717,1.8571428571428568,1.75
15-1211.01,Health Informatics Specialists,2.9,4.38,4.42,3.38,2.76,1.52,4.3,2.76,4.85,3.8512,2.3192,1.406214285714286,1.8571428571428568,2.6768,3.086071428571429,2.537842857142857,2.096342857142857,3.1978,2.7292,2.06,2.0342857142857143
15-1212.00,Information Security Analysts,2.92,4.32,3.43,2.87,2.62,1.1,4.47,2.08,4.18,3.262857142857144,1.837942857142857,1.1703571428571429,1.6364285714285711,1.710942857142857,1.7883857142857145,1.7541142857142855,1.6875,1.7372285714285711,2.1654142857142857,1.7385714285714284,1.6665142857142858
15-1221.00,Computer and Information Research Scientists,2.59,4.44,3.56,3.66,2.12,1.0,4.69,3.13,4.44,3.244,1.9657142857142855,1.2563571428571427,1.5614285714285714,1.5129142857142857,2.1149142857142857,1.7727999999999997,1.8914285714285717,1.6768,2.955,1.7200000000000002,1.875
15-1231.00,Computer Network Support Specialists,2.58,4.72,3.46,3.51,2.77,1.05,4.8,1.93,4.61,3.1782428571428567,1.7521428571428572,1.0597857142857143,1.3571428571428572,1.7140000000000002,1.922257142857143,1.9750857142857143,1.7734857142857143,1.5674428571428571,1.9345285714285712,1.6171428571428572,1.467857142857143
15-1232.00,Computer User Support Specialists,2.33,4.38,4.25,2.01,2.93,1.33,4.83,2.03,4.07,3.7888000000000006,2.0342857142857143,1.2108285714285714,1.4691999999999998,1.928428571428572,2.0914,1.7556571428571428,1.8328571428571427,1.8736,2.614471428571428,1.9449142857142856,1.5508
15-1241.00,Computer Network Architects,2.4,4.15,3.6,2.9,2.65,1.2,4.45,2.5,3.95,3.164285714285714,2.071428571428571,1.402857142857143,1.8914285714285717,1.9642857142857144,2.396571428571429,2.2592857142857143,1.8571428571428568,1.8192857142857144,2.446428571428571,1.8914285714285717,1.9285714285714288
15-1241.01,Telecommunications Engineering Specialists,2.86,4.52,3.71,3.71,2.57,1.38,4.68,2.29,4.43,3.346685714285714,1.75,1.5539428571428573,1.6875,2.0477142857142856,2.0191428571428567,2.23,1.9449142857142856,2.2464142857142857,2.7285714285714286,1.8571428571428568,1.8914285714285717
15-1242.00,Database Administrators,2.44,4.13,3.58,2.13,2.24,1.23,3.19,1.6,4.58,3.0082857142857145,2.071428571428571,1.004457142857143,1.2857142857142856,1.3859,2.142857142857143,2.4105142857142856,1.8057142857142856,1.8577142857142857,1.6071714285714287,1.8057142857142856,1.6364285714285711
15-1243.00,Database Architects,2.9,3.81,3.67,2.38,2.24,1.14,4.29,2.43,4.19,3.3355,1.9722285714285717,1.0814285714285714,1.6665142857142858,2.3390285714285715,2.3084285714285717,2.2062142857142857,1.8571428571428568,2.1800571428571427,2.060142857142857,1.8571428571428568,1.8057142857142856
15-1243.01,Data Warehousing Specialists,2.61,3.43,3.04,1.91,2.04,1.0,4.45,1.91,4.3,3.0411571428571427,1.7822285714285715,1.0147857142857142,1.6063428571428573,1.9018,2.0472,1.7401428571428572,1.8571428571428568,2.031528571428572,1.6991999999999998,1.6063428571428573,1.78
15-1244.00,Network and Computer Systems Administrators,2.41,4.46,2.71,1.8,3.08,1.21,4.51,1.53,4.2,2.765371428571428,1.9722285714285717,1.0530428571428572,1.6171428571428572,1.719642857142857,1.9167142857142856,1.534157142857143,1.8571428571428568,1.512,1.9051428571428568,1.8571428571428568,1.75
15-1251.00,Computer Programmers,2.48,4.15,2.9,2.28,2.21,1.0,4.58,2.48,4.21,3.2580714285714283,1.6685714285714286,1.1517142857142857,1.3392000000000002,1.8175,1.7032142857142856,1.4212,1.9085714285714288,2.173,1.9282857142857144,1.5142857142857142,1.6364285714285711
15-1252.00,Software Developers,1.72,3.88,3.74,1.93,1.46,1.0,3.0,1.62,4.56,2.9010857142857147,1.837942857142857,1.0041142857142855,1.6665142857142858,1.6033857142857144,1.6457285714285714,1.4805428571428572,1.9077714285714285,1.244,1.4581714285714285,1.8057142857142856,1.78
15-1253.00,Software Quality Assurance Analysts and Testers,3.03,4.0,2.97,2.12,2.39,1.24,4.69,2.44,4.42,3.516114285714286,1.6665142857142858,1.032457142857143,1.3392000000000002,2.186114285714286,1.9918,2.0423142857142857,1.7734857142857143,2.2845,1.6886285714285714,1.5892857142857142,1.5614285714285714
15-1254.00,Web Developers,2.88,3.88,3.04,2.46,2.5,1.17,4.33,1.96,4.0,2.8020571428571426,1.8125,1.1647714285714286,1.6875,1.6342857142857143,1.8601,1.8272,1.7385714285714284,2.0317857142857143,2.0812,1.7734857142857143,1.837942857142857
15-1255.01,Video Game Designers,2.8,4.05,3.85,2.05,2.05,1.05,4.7,2.35,4.75,3.4514285714285715,1.8728571428571428,1.14,1.8571428571428568,1.752857142857143,1.7542857142857144,2.392,1.8914285714285717,2.347142857142857,1.8985714285714288,1.6875,1.8914285714285717
15-1299.01,Web Administrators,2.3,3.6,3.78,2.75,2.2,1.1,4.45,2.15,4.2,3.5405714285714285,2.0342857142857143,1.48,1.5892857142857142,2.393214285714285,2.4935714285714283,1.7892857142857144,1.8057142857142856,2.588857142857143,2.112857142857143,1.7734857142857143,1.5614285714285714
15-1299.02,Geographic Information Systems Technologists and Technicians,1.99,3.69,3.56,3.13,1.92,1.26,4.39,2.45,4.29,3.3322,1.5677714285714286,1.6799428571428572,1.32,1.962742857142857,2.3290285714285712,1.4035,1.7485714285714289,1.6292,2.5107714285714287,1.655,1.5785714285714287
15-1299.03,Document Management Specialists,2.55,3.79,3.61,2.89,2.44,1.3,4.59,2.63,4.22,3.3807142857142853,1.8571428571428568,1.2907142857142857,1.7200000000000002,2.275714285714286,2.3200000000000003,2.2439285714285715,1.8914285714285717,2.2857142857142856,2.2321428571428568,1.8571428571428568,1.7734857142857143
15-1299.05,Information Security Engineers,2.47,4.11,3.67,3.0,2.79,1.32,3.79,2.53,4.32,3.4263714285714286,2.06,1.1602571428571429,1.75,2.462628571428572,2.9258571428571427,1.7824,1.9285714285714288,2.3726142857142856,2.730114285714286,1.6665142857142858,1.8728571428571428
15-1299.08,Computer Systems Engineers/Architects,3.05,4.09,3.2,3.14,2.9,1.36,4.3,1.91,4.0,2.98,1.8914285714285717,1.2524285714285714,1.75,2.1865428571428573,2.3727,1.8066142857142855,1.8571428571428568,1.9673714285714283,2.229685714285714,1.8571428571428568,1.8057142857142856
15-1299.09,Information Technology Project Managers,3.76,4.57,4.2,3.57,3.25,1.29,4.35,3.33,4.75,4.071000000000001,1.9842857142857144,1.6728571428571428,2.275,2.965228571428571,2.552142857142857,3.5364571428571434,2.3192,3.7048,3.328085714285714,2.0028571428571427,2.096342857142857
15-2011.00,Actuaries,2.21,3.79,2.81,2.43,1.67,1.11,4.6,2.21,4.19,3.5234,1.845,1.116442857142857,1.8125,2.439942857142857,2.0520571428571426,1.8427,1.8571428571428568,2.057771428571429,2.5725,1.8571428571428568,1.9722285714285717
15-2021.00,Mathematicians,1.9,3.35,2.35,2.0,2.05,1.25,4.26,2.95,3.39,2.7142857142857144,2.1085714285714285,1.175,1.268571428571429,2.4692857142857143,3.623214285714286,1.3535714285714286,1.8057142857142856,1.8257142857142856,2.625928571428572,1.25,1.7200000000000002
15-2031.00,Operations Research Analysts,2.29,3.62,3.43,2.38,1.81,1.24,4.29,2.52,4.33,3.3223571428571432,1.8571428571428568,1.2327142857142857,1.3808,1.8610428571428568,2.143,1.9851571428571428,1.7734857142857143,2.268185714285714,2.517428571428572,1.7200000000000002,1.837942857142857
15-2041.00,Statisticians,2.48,3.38,3.15,2.24,2.2,1.19,4.33,2.81,4.42,3.681142857142857,1.837942857142857,1.157,1.2857142857142856,2.0857142857142854,2.5188571428571427,1.6942857142857144,1.75,2.1567857142857143,2.5642,1.3785714285714286,1.5614285714285714
15-2041.01,Biostatisticians,2.46,3.71,3.38,2.75,2.12,1.04,4.25,2.5,4.38,3.4000000000000004,2.211428571428572,1.2088571428571429,1.3571428571428572,2.0812,2.1654142857142857,1.7990714285714289,1.7734857142857143,2.158671428571428,2.7812714285714284,1.6875,1.7200000000000002
15-2051.01,Business Intelligence Analysts,2.32,3.32,3.29,2.0,1.86,1.0,4.21,2.59,4.14,3.413271428571429,1.8571428571428568,1.1070428571428572,1.6171428571428572,2.1532857142857145,2.1142857142857143,1.7041428571428572,1.7734857142857143,1.7416,2.1685714285714286,1.7734857142857143,1.8057142857142856
15-2051.02,Clinical Data Managers,2.8,4.25,4.15,2.8,2.47,1.11,4.1,2.25,4.35,3.1942857142857144,2.071428571428571,1.0814285714285714,1.51,2.086428571428572,2.1410714285714283,2.0542857142857143,2.06,2.217142857142857,2.7648571428571422,1.655,1.655
15-2099.01,Bioinformatics Technicians,2.0,3.88,2.91,2.85,1.85,1.62,4.21,2.2,4.33,3.3788,1.8728571428571428,1.3729142857142858,1.5892857142857142,1.7954285714285714,1.9567142857142856,1.2716,1.8057142857142856,1.4646857142857144,1.6340571428571429,1.6171428571428572,1.7200000000000002
17-1011.00,"Architects, Except Landscape and Naval",2.95,4.57,4.1,3.62,2.75,1.35,4.6,2.71,4.58,3.268,1.822857142857143,1.969,2.06,2.589728571428571,2.6717714285714287,2.6962,2.044642857142857,2.867171428571429,3.3605714285714288,1.9077714285714285,2.06
17-1012.00,Landscape Architects,2.65,4.05,3.89,3.65,2.6,1.21,4.47,2.45,4.42,3.295,1.8571428571428568,2.162857142857143,1.9449142857142856,2.359642857142857,2.337357142857143,1.8937142857142857,2.354914285714286,2.56,3.234571428571429,2.086428571428572,2.06
17-1021.00,Cartographers and Photogrammetrists,2.58,4.2,4.06,4.24,2.12,1.18,4.58,2.26,4.43,2.828842857142857,1.75,2.4436,1.4179428571428572,1.3785571428571428,2.0767714285714285,2.057657142857143,1.822857142857143,1.9597714285714285,2.9548571428571435,1.6875,1.4179428571428572
17-1022.00,Surveyors,2.9,4.35,3.65,3.7,2.8,1.65,4.55,2.3,4.3,3.057142857142857,2.0,2.2375,1.5357142857142858,2.741428571428571,2.5814285714285714,2.662857142857143,1.8571428571428568,2.258928571428571,2.9,1.7200000000000002,1.5892857142857142
17-1022.01,Geodetic Surveyors,2.19,3.81,3.32,3.37,2.28,1.37,4.33,2.52,3.96,2.9257857142857144,1.8571428571428568,1.9302857142857144,1.268571428571429,1.9461428571428567,2.297142857142857,1.6118,1.7200000000000002,1.6985714285714286,2.7394,1.625,1.3785714285714286
17-2011.00,Aerospace Engineers,2.97,4.24,3.9,3.43,2.41,1.07,4.92,2.41,4.47,3.2307714285714284,1.9285714285714288,1.003,1.8571428571428568,2.004457142857143,2.4431857142857147,1.598642857142857,1.8914285714285717,1.8627142857142855,2.4032714285714287,1.7385714285714284,1.9449142857142856
17-2021.00,Agricultural Engineers,2.6,3.75,3.5,3.25,2.3,1.25,4.3,2.3,4.15,3.4685714285714284,1.8571428571428568,1.7425,1.75,1.9988571428571429,2.2439285714285715,2.083571428571428,1.9449142857142856,2.4771428571428578,2.9053571428571425,1.75,1.7734857142857143
17-2031.00,Bioengineers and Biomedical Engineers,2.35,3.78,3.39,2.83,2.22,1.22,4.3,2.52,4.39,3.2816,2.211428571428572,1.1749428571428573,1.8057142857142856,2.1714285714285717,2.6452,1.7361142857142855,1.9285714285714288,2.4475857142857143,2.685314285714285,1.8057142857142856,1.78
17-2041.00,Chemical Engineers,2.48,3.96,3.22,2.43,2.04,1.17,4.83,2.22,4.35,3.4451714285714283,1.8571428571428568,1.0661857142857143,1.7734857142857143,2.3206,2.1433714285714287,2.1914285714285717,1.9285714285714288,2.4198142857142857,2.0221857142857145,1.75,1.8057142857142856
17-2051.00,Civil Engineers,2.9,4.19,3.57,3.57,2.29,1.29,4.76,2.33,4.38,3.3265,1.8571428571428568,1.9942857142857144,1.8571428571428568,2.4579142857142857,2.2758571428571432,2.2670714285714286,2.0,2.8427999999999995,3.1175714285714284,1.8571428571428568,1.9285714285714288
17-2051.01,Transportation Engineers,3.0,4.27,3.86,3.95,2.48,1.23,4.73,2.36,4.5,3.59,1.8571428571428568,2.9707142857142856,1.9449142857142856,2.8447000000000005,2.6287,2.690285714285714,1.8057142857142856,2.827,3.294142857142857,1.8571428571428568,2.096342857142857
17-2051.02,Water/Wastewater Engineers,2.87,4.17,3.57,3.43,2.13,1.17,4.68,2.78,4.35,3.4696,2.096342857142857,1.8153142857142857,1.8571428571428568,2.926428571428572,2.4544,2.3463142857142856,1.8571428571428568,2.8308285714285715,3.2824,1.822857142857143,1.8914285714285717
17-2061.00,Computer Hardware Engineers,2.55,3.97,3.52,2.62,1.93,1.03,4.46,2.34,4.36,3.5303571428571425,2.0,1.1527857142857143,1.3785714285714286,2.171785714285714,2.3795,2.0070571428571427,1.6875,2.55,2.247314285714286,1.6364285714285711,1.6364285714285711
17-2071.00,Electrical Engineers,3.23,4.34,3.68,3.1,2.59,1.29,4.7,2.26,4.3,3.4454285714285717,1.8571428571428568,1.1542857142857144,1.7200000000000002,2.118785714285714,2.3672285714285715,2.080685714285714,1.8571428571428568,2.2573,2.894514285714286,1.6875,1.8057142857142856
17-2072.00,"Electronics Engineers, Except Computer",2.02,3.72,2.94,2.17,1.66,1.06,4.5,2.3,4.25,2.862628571428571,1.9285714285714288,1.0178571428571428,1.75,1.6827142857142858,1.8103857142857145,1.4570285714285716,1.8057142857142856,1.8686,2.582057142857143,1.7734857142857143,1.8057142857142856
17-2072.01,Radio Frequency Identification Device Specialists,3.19,4.34,4.12,3.71,2.69,1.03,4.66,2.28,4.45,3.286928571428571,2.0,1.4964285714285714,1.5892857142857142,1.8617571428571429,2.003257142857142,2.1763714285714286,1.8914285714285717,2.0905714285714287,2.888457142857143,1.7200000000000002,1.9077714285714285
17-2081.00,Environmental Engineers,2.62,4.05,3.65,4.0,2.45,1.29,4.42,2.57,4.4,3.325,1.8571428571428568,2.5264,1.8571428571428568,2.6038,2.7218285714285715,2.567757142857143,1.8571428571428568,2.7240571428571427,3.1015428571428574,1.7734857142857143,1.9285714285714288
17-2111.00,"Health and Safety Engineers, Except Mining Safety Engineers and Inspectors",2.96,4.26,3.69,3.42,2.72,1.35,4.71,3.08,4.24,3.4384857142857137,2.2308,1.4795000000000005,1.8571428571428568,2.6900000000000004,3.0057142857142853,2.545342857142857,2.06,2.2373142857142856,2.741757142857143,1.9449142857142856,2.0
17-2111.02,Fire-Prevention and Protection Engineers,2.73,4.23,3.5,3.77,2.38,1.15,4.32,2.42,4.12,3.1142857142857143,1.9842857142857144,1.6424,1.8571428571428568,2.7028,2.7298285714285715,2.53,1.9085714285714288,2.4623714285714287,3.232,1.8571428571428568,2.06
17-2112.00,Industrial Engineers,3.36,4.53,3.86,3.87,2.86,1.18,4.88,3.11,4.6,2.9977142857142858,1.8571428571428568,1.0364714285714285,1.4691999999999998,1.6888,2.030885714285714,1.5828571428571427,1.8571428571428568,1.895457142857143,2.2382285714285715,1.6875,1.6063428571428573
17-2112.01,Human Factors Engineers and Ergonomists,2.53,3.95,3.53,3.4,2.32,1.3,4.58,2.8,4.11,3.5500000000000003,2.1357142857142857,1.27,1.8057142857142856,2.367142857142857,3.107142857142857,2.2592857142857143,2.19,2.3915,2.436714285714286,1.8571428571428568,1.8057142857142856
17-2112.02,Validation Engineers,3.1,4.1,3.6,3.35,2.55,1.1,4.68,2.7,4.45,3.427857142857143,1.78,1.1764,1.6875,2.2592857142857143,2.3982142857142854,2.394742857142857,1.9085714285714288,2.314285714285714,2.5535714285714284,1.7200000000000002,1.7734857142857143
17-2112.03,Manufacturing Engineers,3.08,4.23,3.88,2.35,2.96,1.54,4.88,2.58,4.27,3.3763571428571435,2.1357142857142857,1.0672,1.8914285714285717,2.1,2.2265,2.1417714285714284,2.0,2.5023428571428568,1.9270857142857143,1.822857142857143,2.096342857142857
17-2121.00,Marine Engineers and Naval Architects,2.35,3.95,3.5,3.28,2.12,1.24,4.67,2.21,3.71,2.514828571428572,1.8728571428571428,1.8208428571428572,1.6665142857142858,1.7879714285714288,2.033785714285714,2.0225142857142857,1.9285714285714288,1.8397,2.7534857142857145,1.7036571428571428,1.75
17-2131.00,Materials Engineers,2.71,3.86,3.52,3.05,2.14,1.1,4.67,2.81,4.43,2.92,2.1750857142857143,1.6308571428571428,1.8914285714285717,2.692,2.853142857142857,2.0585714285714287,1.8914285714285717,2.615428571428572,2.928571428571429,1.9085714285714288,1.8914285714285717
17-2141.00,Mechanical Engineers,2.79,4.73,3.37,3.16,2.05,1.05,4.41,2.92,4.4,2.936628571428572,1.94,1.1344,1.722057142857143,1.7247142857142856,1.7662285714285717,1.6168,1.8057142857142856,1.822085714285714,2.1328,1.7734857142857143,1.78
17-2141.01,Fuel Cell Engineers,2.36,3.86,3.14,2.55,1.67,1.0,4.64,2.5,4.55,3.167414285714285,1.8914285714285717,1.1068571428571428,1.6364285714285711,2.2960000000000003,2.625,1.8410857142857144,1.8057142857142856,2.346157142857143,2.401428571428572,1.6063428571428573,1.7200000000000002
17-2141.02,Automotive Engineers,2.7,3.86,3.8,3.14,2.4,1.45,4.7,2.9,4.65,3.1214285714285714,2.0342857142857143,1.1060714285714286,1.8571428571428568,2.4016,2.394671428571429,2.4950428571428573,1.8571428571428568,2.423285714285714,2.6038,1.7385714285714284,1.9842857142857144
17-2151.00,"Mining and Geological Engineers, Including Mining Safety Engineers",2.7,3.95,3.67,2.63,2.51,1.18,4.79,2.12,4.22,3.639828571428571,2.06,1.3001714285714283,1.8728571428571428,2.2431,2.6441714285714286,2.5228,1.8728571428571428,2.4265428571428576,2.5383285714285715,1.6063428571428573,1.9077714285714285
17-2161.00,Nuclear Engineers,2.6,3.67,3.37,2.43,2.21,1.33,4.4,2.14,3.89,3.602285714285714,1.9285714285714288,1.2985428571428572,1.8571428571428568,2.3602857142857143,2.853742857142857,2.329857142857142,1.8057142857142856,2.2192,2.489242857142857,1.8057142857142856,1.9085714285714288
17-2171.00,Petroleum Engineers,2.83,4.54,4.27,3.21,2.01,1.21,4.99,2.52,4.89,3.3294285714285707,1.8571428571428568,1.1275857142857142,1.9077714285714285,1.7358285714285715,1.5845857142857145,2.664,2.354914285714286,2.229014285714286,2.975142857142857,1.8571428571428568,1.8914285714285717
17-2199.03,"Energy Engineers, Except Wind and Solar",2.95,4.36,3.48,3.55,2.38,1.29,4.45,2.55,4.23,3.4378285714285712,1.8571428571428568,1.5551428571428572,1.8057142857142856,2.7168,2.463,2.2360857142857142,2.125,2.647685714285714,3.173757142857143,1.8571428571428568,1.8571428571428568
17-2199.05,Mechatronics Engineers,2.64,3.76,3.79,3.02,2.18,1.09,4.72,2.51,4.37,3.039828571428571,1.8914285714285717,1.1046571428571428,1.6665142857142858,1.9243142857142856,2.0688571428571425,1.8965,1.7200000000000002,1.8671,2.5185142857142857,1.7734857142857143,1.8057142857142856
17-2199.06,Microsystems Engineers,2.23,3.91,4.15,3.3,2.1,1.35,4.73,2.58,4.47,3.086071428571429,2.06,1.0313714285714286,1.9285714285714288,1.8401714285714283,1.6812142857142856,1.5410714285714286,1.9657142857142855,1.7169142857142858,2.4911,1.8571428571428568,1.8057142857142856
17-2199.07,Photonics Engineers,2.61,4.35,3.41,2.78,2.23,1.26,4.83,2.64,4.61,2.8163285714285715,2.0,1.063842857142857,1.5614285714285714,1.876,1.9537,1.7357714285714283,1.6875,1.9942857142857144,2.386571428571429,1.5614285714285714,1.6364285714285711
17-2199.08,Robotics Engineers,2.9,3.97,3.5,3.0,2.3,1.14,4.8,2.8,4.43,2.9844285714285714,2.0,1.165,1.7734857142857143,2.239,2.5163,2.266571428571429,2.0,2.3761428571428573,2.359228571428571,1.4435714285714285,1.9657142857142855
17-2199.09,Nanosystems Engineers,2.52,3.9,3.38,3.14,2.33,1.0,4.62,2.81,4.33,3.372942857142857,1.9657142857142855,1.3893,1.8571428571428568,2.6190857142857142,3.1128571428571425,1.6818285714285717,1.9842857142857144,2.3399714285714284,2.7041142857142857,1.8057142857142856,1.9657142857142855
17-2199.10,Wind Energy Engineers,2.43,3.69,3.38,2.99,2.08,1.05,4.19,2.24,4.06,3.0092857142857143,1.845,1.2110571428571428,1.7200000000000002,2.033357142857142,1.936742857142857,1.7013714285714283,1.9085714285714288,2.3167,2.602,1.6875,1.9657142857142855
17-2199.11,Solar Energy Systems Engineers,2.89,4.11,3.68,3.54,2.5,1.29,4.61,2.32,4.25,2.877142857142857,1.8571428571428568,1.5519142857142856,1.75,2.0764,2.3399714285714284,1.9457,1.9285714285714288,2.0965,2.6939285714285712,1.7200000000000002,1.8571428571428568
17-3011.00,Architectural and Civil Drafters,2.47,4.0,3.7,3.08,2.19,1.0,4.86,2.53,4.45,2.7133571428571432,2.023657142857143,1.3260857142857143,1.655,1.6024857142857143,1.6590857142857145,1.5805714285714283,1.822857142857143,1.6632285714285713,2.212085714285714,1.7734857142857143,1.6875
17-3012.00,Electrical and Electronics Drafters,2.92,4.15,3.15,2.98,2.69,1.31,4.62,1.98,4.35,3.1519857142857144,1.8125,1.1232,1.6171428571428572,1.4857142857142858,1.6325,1.517857142857143,1.8057142857142856,1.4078285714285714,1.9469142857142856,1.655,1.6665142857142858
17-3013.00,Mechanical Drafters,2.4,3.7,3.39,2.68,2.19,1.02,4.63,1.95,3.89,2.8729714285714287,1.8914285714285717,1.0826,1.4017857142857142,1.4594285714285715,1.478557142857143,1.3238857142857143,1.8571428571428568,1.2505,1.9505428571428567,1.4691999999999998,1.4435714285714285
17-3021.00,Aerospace Engineering and Operations Technologists and Technicians,2.8,4.02,3.88,3.69,2.35,1.05,4.69,1.72,4.48,3.1976000000000004,1.75,1.0001714285714285,1.5614285714285714,1.7070142857142858,1.92,1.5455714285714284,1.8057142857142856,1.839742857142857,2.3838,1.6364285714285711,1.6665142857142858
17-3022.00,Civil Engineering Technologists and Technicians,2.83,4.54,3.79,4.01,2.71,1.25,4.95,2.15,4.45,2.9992857142857146,1.4691999999999998,1.616857142857143,1.5892857142857142,1.5311428571428571,1.5015428571428573,1.969,1.7734857142857143,1.4228571428571428,2.305542857142857,1.655,1.51
17-3023.00,Electrical and Electronic Engineering Technologists and Technicians,2.62,4.03,3.56,2.94,2.58,1.28,4.71,2.03,4.24,2.975942857142857,1.6665142857142858,1.3070285714285714,1.4017857142857142,1.8884571428571428,2.2160714285714285,1.6902857142857144,1.7036571428571428,1.8393142857142857,2.1795714285714283,1.7734857142857143,1.4821428571428572
17-3024.00,Electro-Mechanical and Mechatronics Technologists and Technicians,3.37,4.31,3.68,2.73,3.4,1.75,4.74,1.96,4.3,3.0523857142857143,1.837942857142857,1.1855142857142855,1.25,1.98,2.136,1.4388571428571428,1.7734857142857143,1.889628571428572,1.678942857142857,1.4017857142857142,1.268571428571429
17-3024.01,Robotics Technicians,2.5,3.91,3.23,2.82,2.1,1.09,4.73,2.18,4.14,3.152285714285714,1.837942857142857,1.0192857142857144,1.4435714285714285,1.9672,2.2192,1.4953,1.7385714285714284,1.7037857142857145,1.9342142857142857,1.8057142857142856,1.5614285714285714
17-3025.00,Environmental Engineering Technologists and Technicians,2.76,4.42,3.5,3.57,2.56,1.2,4.72,1.87,3.95,2.883771428571429,1.7734857142857143,1.6252714285714287,1.7385714285714284,1.5033571428571428,1.6278857142857144,1.9459428571428568,1.8571428571428568,1.3205714285714285,1.8485714285714288,1.7200000000000002,1.7734857142857143
17-3026.00,Industrial Engineering Technologists and Technicians,3.07,4.51,3.97,2.78,2.73,1.09,4.73,2.39,4.51,2.9631000000000003,1.8914285714285717,1.1100714285714286,1.6665142857142858,1.7773714285714286,1.9102857142857144,1.3755428571428574,1.837942857142857,1.7450571428571429,2.135942857142857,1.6364285714285711,1.8728571428571428
17-3026.01,Nanotechnology Engineering Technologists and Technicians,2.1,4.3,3.7,3.05,2.0,1.1,4.65,2.45,4.3,3.247,1.8728571428571428,1.378,1.3785714285714286,2.570214285714286,3.516142857142857,1.6869285714285716,1.655,1.7415714285714283,2.3398571428571424,1.4821428571428572,1.4928571428571429
17-3027.00,Mechanical Engineering Technologists and Technicians,2.77,4.56,3.76,3.14,2.76,1.4,4.71,2.15,4.02,2.9862857142857147,1.75,1.264442857142857,1.625,1.8458571428571429,2.1102857142857143,1.8749714285714283,1.8914285714285717,1.9342857142857144,2.362857142857143,1.7385714285714284,1.8571428571428568
17-3027.01,Automotive Engineering Technicians,2.89,4.19,3.07,2.85,2.67,1.44,4.89,2.37,4.3,2.9080000000000004,1.5165142857142857,1.2372571428571428,1.4435714285714285,1.8799428571428567,2.198542857142857,1.707142857142857,1.7142857142857144,1.9632,1.8288,1.4542857142857144,1.5165142857142857
17-3029.01,Non-Destructive Testing Specialists,2.77,3.95,3.67,3.95,2.62,1.59,4.67,2.36,3.86,3.086071428571429,1.8571428571428568,1.7206428571428574,1.4821428571428572,2.900457142857143,3.0391428571428567,2.3952,1.8571428571428568,2.331714285714286,2.9325428571428573,1.5785714285714287,1.5357142857142858
17-3029.08,Photonics Technicians,2.45,3.9,3.18,2.5,2.41,1.32,4.5,1.86,4.05,2.671057142857143,1.6364285714285711,1.26,1.2857142857142856,1.9334,1.7971428571428572,1.7414285714285715,1.6875,1.6489714285714283,1.78,1.4928571428571429,1.32
17-3031.00,Surveying and Mapping Technicians,2.38,4.02,3.05,2.97,2.29,1.42,4.57,1.82,3.82,2.6500857142857144,1.6665142857142858,1.2704,1.4691999999999998,1.5493714285714286,1.8146285714285717,1.4454,1.7734857142857143,1.4473142857142856,1.9716571428571428,1.7734857142857143,1.7036571428571428
19-1011.00,Animal Scientists,2.65,4.22,3.61,3.57,2.39,1.26,4.45,3.04,4.17,3.3657142857142857,1.9285714285714288,1.8502,1.8571428571428568,2.676671428571429,3.246871428571428,2.3510285714285715,1.9842857142857144,2.6585714285714284,3.361642857142857,1.8571428571428568,1.8914285714285717
19-1012.00,Food Scientists and Technologists,2.86,3.91,3.33,3.14,2.5,1.45,4.9,2.45,4.33,3.335757142857142,1.9285714285714288,1.2958571428571428,1.9085714285714288,2.6835,2.4785714285714286,2.261285714285714,2.0028571428571427,2.4467,2.425342857142857,1.8571428571428568,2.023657142857143
19-1013.00,Soil and Plant Scientists,2.5,3.95,3.65,3.38,2.4,1.29,4.48,2.76,4.05,3.4289571428571435,1.9449142857142856,2.251428571428572,1.6875,2.474557142857143,2.853742857142857,2.0362857142857145,1.8571428571428568,2.2032,3.1128571428571425,1.7734857142857143,1.837942857142857
19-1021.00,Biochemists and Biophysicists,2.55,3.75,3.16,1.8,2.16,1.35,4.44,2.65,4.21,3.608214285714285,2.6393714285714287,1.2985714285714285,1.4821428571428572,3.003571428571429,3.385,1.8485714285714288,1.8914285714285717,2.276,2.7466428571428576,1.5614285714285714,1.8571428571428568
19-1022.00,Microbiologists,2.68,3.77,3.29,2.95,2.45,1.23,4.74,2.64,4.1,3.067,2.0342857142857143,1.3759142857142856,1.6665142857142858,2.1793571428571425,2.723071428571429,1.7336714285714283,1.8914285714285717,1.9643857142857144,2.737642857142857,1.8914285714285717,1.6665142857142858
19-1023.00,Zoologists and Wildlife Biologists,2.47,4.36,4.17,3.89,2.4,1.25,4.52,2.36,4.34,3.404628571428572,1.8914285714285717,3.036914285714286,1.9449142857142856,2.1325857142857143,2.2032,2.6350857142857143,2.086428571428572,2.5425142857142857,3.422,1.8571428571428568,1.9842857142857144
19-1029.01,Bioinformatics Scientists,2.23,3.71,4.08,2.39,1.98,1.07,4.87,3.15,4.71,3.0519,1.9285714285714288,1.2124857142857142,1.75,2.2151,2.5772714285714287,1.8610428571428568,2.125,2.1004857142857145,3.293257142857143,1.8057142857142856,1.94
19-1029.02,Molecular and Cellular Biologists,2.27,3.69,3.36,2.15,2.08,1.28,4.62,2.96,4.08,3.298342857142857,2.6185714285714288,1.2971428571428572,1.8571428571428568,2.787571428571429,3.1482857142857146,1.915342857142857,2.086428571428572,2.0960857142857146,2.7444571428571427,1.5207142857142857,1.9085714285714288
19-1029.03,Geneticists,2.2,3.68,3.04,1.88,1.92,1.08,4.6,2.84,4.04,3.1929142857142856,2.4732142857142856,1.4507428571428571,1.8571428571428568,2.6580571428571425,3.376,1.8528,2.3392857142857144,2.2688,3.0502857142857143,1.822857142857143,1.9449142857142856
19-1029.04,Biologists,2.53,4.0,3.66,3.41,2.15,1.12,4.37,2.67,4.49,3.59,2.1085714285714285,1.504742857142857,1.5357142857142858,2.2865714285714285,2.8404,2.410342857142857,1.8571428571428568,2.3005,2.603,1.6364285714285711,1.75
19-1031.00,Conservation Scientists,2.13,3.91,3.61,3.87,2.3,1.22,4.43,2.5,3.91,3.0469142857142857,1.837942857142857,2.6065,1.7857142857142856,2.357,2.431314285714285,2.152542857142857,2.044642857142857,2.0193571428571437,2.899814285714286,1.9085714285714288,1.9449142857142856
19-1031.02,Range Managers,3.16,4.6,4.24,4.45,2.71,1.24,4.9,3.05,4.6,3.525142857142857,1.8571428571428568,2.9897714285714283,2.1635714285714283,2.1502,2.066057142857143,3.1432,1.9085714285714288,2.2502,3.162157142857143,1.9657142857142855,1.8571428571428568
19-1031.03,Park Naturalists,2.61,4.43,4.01,4.64,2.67,1.33,4.53,3.86,4.31,3.6889142857142856,2.044642857142857,4.242571428571429,1.6063428571428573,2.7802857142857147,3.0768,2.638,2.375,2.666842857142857,3.933642857142857,2.2071428571428573,1.7734857142857143
19-1032.00,Foresters,2.54,4.44,3.86,3.9,2.2,1.07,4.4,2.11,3.69,3.3376,1.8571428571428568,2.6630857142857147,2.205357142857143,2.0248,2.031657142857143,2.5553142857142856,2.044642857142857,2.2648,3.352314285714286,1.8914285714285717,2.023657142857143
19-1041.00,Epidemiologists,2.68,4.21,3.89,3.42,2.22,1.21,4.67,2.95,4.5,3.5490285714285714,2.2471428571428573,2.2685714285714287,1.7734857142857143,2.6478428571428574,3.073085714285714,1.9230571428571428,2.6950857142857143,2.8826285714285715,3.750657142857143,2.1635714285714283,2.096342857142857
19-1042.00,"Medical Scientists, Except Epidemiologists",2.79,4.67,3.83,2.44,2.38,1.05,4.84,2.45,4.81,3.820614285714286,2.2857142857142856,1.0596571428571429,1.7734857142857143,2.402757142857143,2.486285714285714,1.2506285714285714,1.9285714285714288,2.225828571428571,1.507085714285714,1.9085714285714288,1.8057142857142856
19-2011.00,Astronomers,2.04,3.57,3.3,2.04,1.74,1.04,4.14,2.83,4.0,3.0785714285714287,2.0342857142857143,1.4845000000000002,1.6063428571428573,2.117142857142857,2.7255714285714285,1.3924857142857143,1.9449142857142856,2.04,2.9536,1.8057142857142856,1.8914285714285717
19-2012.00,Physicists,2.13,3.39,3.6,2.16,2.04,1.12,4.36,3.13,4.13,3.230857142857143,2.7292,1.3764571428571428,1.6875,2.1733857142857143,2.675214285714285,1.5506285714285712,2.0028571428571427,1.8521857142857143,3.011428571428572,1.8571428571428568,2.06
19-2021.00,Atmospheric and Space Scientists,2.4,3.9,3.5,3.5,2.45,1.25,4.6,3.05,3.95,2.9746428571428574,2.0,1.8742857142857143,1.5892857142857142,2.1275,2.5225,1.6732142857142858,1.9842857142857144,2.2321428571428568,3.25,1.7734857142857143,1.7734857142857143
19-2031.00,Chemists,2.45,3.82,3.55,2.98,2.43,1.25,4.74,1.82,3.96,3.0411571428571427,2.0,1.066857142857143,1.32,2.1473714285714287,2.598442857142857,2.133514285714286,1.7857142857142856,2.275714285714286,1.6966,1.51,1.51
19-2032.00,Materials Scientists,2.24,3.81,3.48,3.05,2.05,1.33,4.48,2.67,4.05,3.04,1.837942857142857,1.2514285714285711,1.6063428571428573,2.2670714285714286,2.5198857142857145,1.5434,1.8571428571428568,2.230057142857143,2.853742857142857,1.6875,1.9449142857142856
19-2041.00,"Environmental Scientists and Specialists, Including Health",2.94,4.05,3.46,4.18,2.56,1.18,4.62,2.53,4.35,3.594028571428572,2.1357142857142857,2.071085714285714,1.8571428571428568,2.2270714285714286,2.0986857142857143,2.394057142857143,2.06,1.991742857142857,3.732871428571429,1.8914285714285717,1.8571428571428568
19-2041.01,Climate Change Policy Analysts,2.22,4.13,3.65,3.13,1.96,1.09,4.59,2.74,4.48,3.4214285714285717,1.9842857142857144,1.6578,1.8571428571428568,1.8967,1.941357142857143,1.9751285714285716,2.096342857142857,2.0385,3.765085714285714,1.8914285714285717,2.096342857142857
19-2041.02,Environmental Restoration Planners,2.86,4.18,3.68,3.55,2.32,1.23,4.64,2.59,4.67,3.4059,1.8057142857142856,2.4261142857142857,1.9449142857142856,2.167828571428571,2.297142857142857,2.824428571428572,2.0608,2.661785714285714,3.5688571428571425,1.9842857142857144,1.8914285714285717
19-2041.03,Industrial Ecologists,2.39,3.57,3.09,2.65,2.0,1.17,4.38,2.78,3.91,2.8357142857142854,2.0342857142857143,1.6427428571428573,1.6063428571428573,1.881571428571429,2.363714285714286,1.6925285714285716,1.9842857142857144,2.0520571428571426,2.9572142857142856,1.7200000000000002,1.8914285714285717
19-2042.00,"Geoscientists, Except Hydrologists and Geographers",2.38,3.75,3.22,2.91,2.25,1.28,4.53,2.91,4.0,3.5182857142857142,1.8571428571428568,2.025142857142857,1.6063428571428573,2.372142857142857,3.1229714285714287,1.9179285714285716,1.8914285714285717,2.110642857142857,3.211428571428572,1.5785714285714287,1.7734857142857143
19-2043.00,Hydrologists,2.22,3.91,3.22,3.04,1.83,1.27,4.55,2.39,4.22,3.2414285714285715,1.8914285714285717,1.8832,1.8057142857142856,2.3585000000000003,2.4301,1.862242857142857,1.8571428571428568,2.2583571428571427,3.063285714285714,1.7734857142857143,1.9285714285714288
19-2099.01,Remote Sensing Scientists and Technologists,2.04,3.64,3.21,2.84,1.92,1.04,4.21,2.56,4.25,3.3005142857142857,1.9657142857142855,1.503085714285714,1.5614285714285714,2.2096,2.703314285714286,1.6948571428571428,1.8057142857142856,2.3037714285714284,2.8029714285714284,1.7734857142857143,1.6665142857142858
19-3011.00,Economists,2.25,3.5,3.21,2.79,1.83,1.12,4.43,3.04,3.78,3.659228571428572,2.0028571428571427,1.6328285714285715,1.4464285714285716,2.5048571428571424,2.9571428571428573,1.9028571428571428,1.8571428571428568,1.9292571428571428,3.7714857142857134,1.8571428571428568,2.0
19-3011.01,Environmental Economists,2.04,2.85,2.58,2.44,1.74,1.07,4.08,2.93,3.22,3.109157142857143,2.125,1.4255,1.5892857142857142,1.8755571428571427,3.192228571428571,1.263185714285714,1.8914285714285717,1.4463142857142857,2.95,1.7200000000000002,1.9285714285714288
19-3022.00,Survey Researchers,2.32,3.92,3.81,4.0,2.44,1.08,4.38,2.35,4.46,3.366742857142857,1.8914285714285717,1.7392,1.7385714285714284,2.4586,2.559057142857143,1.8946571428571424,2.023657142857143,2.4190000000000005,3.537857142857143,1.9449142857142856,1.8571428571428568
19-3032.00,Industrial-Organizational Psychologists,2.73,4.23,4.12,3.23,2.35,1.12,4.76,3.08,4.5,4.054514285714286,2.4522285714285714,1.3328000000000002,2.044642857142857,3.646514285714286,3.537028571428572,2.673142857142857,2.6950857142857143,2.860457142857143,3.271314285714286,2.19,2.524285714285714
19-3033.00,Clinical and Counseling Psychologists,3.28,4.52,2.56,3.44,3.48,2.28,4.8,2.44,3.08,2.807142857142857,2.205357142857143,2.308114285714286,1.9449142857142856,2.7586142857142857,2.8144,3.0690285714285714,3.414285714285714,1.96,2.258971428571429,2.524285714285714,2.3392857142857144
19-3034.00,School Psychologists,2.87,4.38,3.46,3.65,2.88,2.38,4.84,2.22,4.57,3.315785714285714,2.125,1.2634857142857143,2.1492,2.0013428571428573,2.078342857142857,2.09,3.142857142857143,2.145,2.6008571428571425,2.524285714285714,2.25
19-3039.02,Neuropsychologists,2.76,3.92,2.6,3.44,2.84,2.04,4.48,2.28,3.2,2.818514285714285,2.3192,2.4105142857142856,1.822857142857143,2.235657142857143,3.020571428571429,2.020342857142857,3.1750857142857143,1.6640285714285716,3.136685714285714,2.4971428571428573,2.125
19-3039.03,Clinical Neuropsychologists,2.54,4.29,2.75,4.21,2.92,2.04,4.91,2.33,3.65,3.4863000000000004,2.3192,2.5603571428571428,2.0,2.5695428571428574,3.5588285714285712,2.0612000000000004,3.1750857142857143,1.8121142857142856,3.359385714285714,2.571428571428571,2.3192
19-3041.00,Sociologists,2.89,3.65,3.16,2.65,2.74,1.65,4.5,3.75,3.42,3.2335714285714285,2.4035714285714285,2.2358571428571423,1.7200000000000002,2.4625000000000004,3.6399999999999992,1.981857142857143,2.8020571428571426,1.9117857142857144,3.278571428571428,1.8571428571428568,1.8057142857142856
19-3051.00,Urban and Regional Planners,3.17,4.04,3.83,4.28,3.0,1.46,4.88,3.28,4.44,3.7243428571428576,1.822857142857143,3.2957714285714284,2.1492,2.248,2.0416,3.6660571428571433,2.4035714285714285,3.037857142857143,4.065142857142857,1.9642857142857144,2.1357142857142857
19-3091.00,Anthropologists and Archeologists,2.55,4.0,3.05,3.15,2.53,1.5,4.29,3.5,3.44,3.1132142857142857,2.1635714285714283,2.357142857142857,1.6364285714285711,2.661785714285714,3.507142857142857,2.235,2.023657142857143,2.017857142857143,3.4442857142857144,1.595,1.8057142857142856
19-3092.00,Geographers,2.4,3.4,3.05,3.1,2.2,1.15,4.3,3.0,3.75,3.322857142857143,2.06,2.482,1.6875,1.9642857142857144,2.730114285714286,1.837857142857143,1.8571428571428568,1.7965000000000002,2.6075714285714287,1.822857142857143,1.6364285714285711
19-3093.00,Historians,2.95,4.04,3.77,4.2,2.63,1.16,4.39,2.64,4.4,2.673357142857143,1.9842857142857144,1.8652,1.51,1.3828,1.5244,1.6711714285714283,1.9449142857142856,1.6251142857142855,3.028342857142857,1.4435714285714285,1.7200000000000002
19-3094.00,Political Scientists,2.5,3.92,2.83,2.62,2.72,1.19,4.5,4.19,3.08,3.4157714285714285,2.25,1.6921428571428572,1.75,2.517942857142857,3.9082857142857135,1.7671428571428571,2.4732142857142856,1.6512,3.2230000000000003,1.822857142857143,1.8057142857142856
19-3099.01,Transportation Planners,2.75,3.95,3.75,3.8,2.32,1.22,4.78,2.75,4.5,3.367857142857143,1.7734857142857143,2.371428571428571,1.8571428571428568,2.608357142857143,2.314285714285714,2.935,1.8571428571428568,2.7875,3.632142857142856,1.8571428571428568,1.9657142857142855
19-4012.00,Agricultural Technicians,2.55,3.95,3.8,2.86,2.26,1.08,4.6,1.81,3.83,2.488,1.8571428571428568,1.5032,1.51,1.4042285714285714,1.6994285714285713,1.5128999999999997,1.7734857142857143,1.3424285714285715,1.7942857142857145,1.6364285714285711,1.5357142857142858
19-4012.01,Precision Agriculture Technicians,2.7,4.35,3.35,4.09,2.39,1.22,4.48,2.43,4.14,2.7835,1.7200000000000002,2.0659,1.6063428571428573,2.2049714285714286,2.352057142857143,2.0121571428571428,1.75,1.9703,2.8732571428571427,1.78,1.75
19-4013.00,Food Science Technicians,2.46,4.56,3.65,1.79,2.02,1.0,4.93,2.0,4.58,2.9154,1.8571428571428568,1.2756,1.2857142857142856,2.4472,2.8244285714285717,1.8558714285714288,1.7734857142857143,1.8712857142857144,1.4554,1.3785714285714286,1.25
19-4021.00,Biological Technicians,1.92,4.15,3.09,1.91,1.58,1.09,4.82,2.3,3.94,2.664542857142857,1.4928571428571429,1.5635,1.1734857142857142,1.2392,1.923142857142857,1.2793857142857143,1.6875,1.3002571428571428,1.5282142857142855,1.3785714285714286,1.302857142857143
19-4031.00,Chemical Technicians,2.46,3.9,3.65,2.64,2.71,1.29,4.99,1.86,4.57,3.052,1.8914285714285717,1.1071857142857142,1.6063428571428573,1.5259428571428573,2.167714285714286,1.296957142857143,1.7734857142857143,1.557514285714286,1.5051428571428571,1.6875,1.5207142857142857
19-4042.00,"Environmental Science and Protection Technicians, Including Health",3.0,3.91,3.27,3.82,2.64,1.41,4.36,2.45,3.82,2.9175000000000004,1.837942857142857,2.2627714285714284,1.7200000000000002,2.1714285714285717,2.1403142857142856,2.235785714285714,1.8914285714285717,1.999,2.4823000000000004,1.8571428571428568,1.8057142857142856
19-4043.00,"Geological Technicians, Except Hydrologic Technicians",2.41,3.59,3.2,2.73,2.3,1.4,4.49,1.8,4.0,2.600071428571429,1.6063428571428573,1.2185,1.4691999999999998,1.632,1.5668571428571427,1.2729142857142857,1.7036571428571428,1.3733142857142857,1.7425142857142857,1.5357142857142858,1.6942857142857144
19-4051.00,Nuclear Technicians,3.22,4.33,4.03,1.74,2.62,1.22,5.0,2.56,4.83,3.31,1.8914285714285717,1.1368,1.6063428571428573,1.9741,2.5483571428571428,1.3834285714285717,1.9285714285714288,1.6214285714285717,1.585714285714286,1.6875,1.7734857142857143
19-4051.02,Nuclear Monitoring Technicians,3.05,4.4,4.14,2.76,2.8,1.27,4.98,2.87,4.61,3.363314285714285,1.9642857142857144,1.1956285714285717,1.6875,2.2214285714285715,1.987457142857143,1.7280285714285717,1.822857142857143,1.9446571428571429,1.7488,1.7385714285714284,1.7385714285714284
19-4061.00,Social Science Research Assistants,1.82,3.67,3.08,2.66,1.93,1.14,4.28,1.85,4.15,3.3060571428571426,1.6665142857142858,1.6422,1.4691999999999998,1.6216,2.0863,1.468,1.7734857142857143,1.5828571428571427,2.3959,1.4928571428571429,1.5357142857142858
19-4071.00,Forest and Conservation Technicians,3.04,4.41,3.91,3.83,3.09,1.54,4.98,2.76,4.87,3.096742857142857,1.9085714285714288,2.325,1.4249999999999998,2.4115714285714285,2.486928571428571,2.6247142857142856,1.9449142857142856,2.4763,2.7081142857142857,1.822857142857143,1.837942857142857
19-4092.00,Forensic Science Technicians,3.14,4.2,3.78,4.33,3.17,2.62,4.79,3.2,4.11,2.9890000000000003,1.845,2.662857142857143,1.4435714285714285,2.005428571428572,1.878542857142857,1.573257142857143,2.044642857142857,1.697142857142857,2.8392,1.8571428571428568,1.6875
19-4099.01,Quality Control Analysts,2.68,3.98,3.0,2.16,2.52,1.32,4.48,2.1,3.72,2.465714285714286,1.6942857142857144,1.0092857142857143,1.5165142857142857,1.4435714285714285,1.9339428571428567,1.3364571428571428,1.8571428571428568,1.206357142857143,1.0904,1.7200000000000002,1.4464285714285716
19-4099.03,Remote Sensing Technicians,2.8,4.04,3.34,2.56,2.22,1.0,4.51,1.24,4.14,2.9694285714285718,1.7521428571428572,1.2517428571428573,1.5357142857142858,1.7239428571428572,2.1432571428571427,1.6700714285714289,1.7385714285714284,1.7032142857142856,2.5722142857142853,1.5614285714285714,1.6171428571428572
19-5011.00,Occupational Health and Safety Specialists,3.04,4.26,3.87,3.13,2.7,1.65,4.59,2.91,4.17,3.323,2.086428571428572,1.6807999999999998,1.7734857142857143,2.839714285714286,3.1206,2.696,2.4732142857142856,2.527428571428572,2.9874285714285715,1.8571428571428568,2.096342857142857
19-5012.00,Occupational Health and Safety Technicians,3.05,4.43,3.7,3.62,2.7,1.52,4.63,3.0,4.35,3.7948,1.8571428571428568,1.6230714285714285,1.9085714285714288,2.6768,3.2032,2.8739285714285714,1.9449142857142856,2.6056857142857144,2.6448,1.8571428571428568,1.9449142857142856
21-1011.00,Substance Abuse and Behavioral Disorder Counselors,3.6,4.93,3.92,4.1,3.94,3.4,4.81,3.47,4.68,2.571142857142857,2.105,2.8020571428571426,2.044642857142857,2.5048000000000004,2.2912428571428576,3.2218,3.2285714285714286,2.5562857142857145,2.950171428571429,2.645714285714285,2.5428571428571427
21-1012.00,"Educational, Guidance, and Career Counselors and Advisors",4.11,4.87,4.6,4.09,3.76,2.03,4.98,2.69,4.85,3.775,2.354914285714286,2.837214285714286,2.0608,2.564985714285714,2.2800571428571432,2.616914285714286,3.1750857142857143,2.0520571428571426,3.096371428571429,2.7142857142857144,2.4035714285714285
21-1013.00,Marriage and Family Therapists,3.65,4.66,3.04,3.68,3.75,2.72,4.96,1.71,3.55,3.214771428571429,2.2928571428571427,2.424314285714286,2.4035714285714285,2.678857142857143,1.8354142857142857,3.182771428571429,3.7764285714285712,1.5905714285714283,2.6840714285714284,2.821428571428571,2.4035714285714285
21-1014.00,Mental Health Counselors,3.79,4.79,2.82,3.82,3.64,2.64,4.88,2.46,3.11,3.1800571428571427,1.8914285714285717,3.335028571428571,2.071428571428571,3.172857142857143,2.4256,3.154057142857143,4.285714285714286,1.5175,3.0085714285714285,2.645714285714285,2.4522285714285714
21-1015.00,Rehabilitation Counselors,3.2,4.56,3.93,4.24,3.23,2.18,4.79,2.52,4.37,3.465,1.9085714285714288,2.3345714285714285,1.8914285714285717,2.525614285714286,2.3405714285714287,2.5871,3.091428571428572,2.1819571428571427,3.0916,2.7142857142857144,2.1357142857142857
21-1021.00,"Child, Family, and School Social Workers",4.53,4.95,3.97,4.27,4.48,3.32,4.95,2.87,4.77,3.6005714285714285,1.9842857142857144,3.5063714285714287,2.571428571428571,2.5872571428571427,2.4454857142857147,3.2441714285714283,3.0592,2.618328571428572,3.2669714285714284,2.765714285714286,2.524285714285714
21-1022.00,Healthcare Social Workers,3.93,4.81,3.74,4.04,3.89,2.56,4.96,2.48,4.73,3.4030857142857145,1.8571428571428568,3.010742857142857,1.9842857142857144,2.575542857142857,2.5624,3.369,3.377142857142857,2.3024,3.2345714285714284,2.9522285714285714,2.205357142857143
21-1023.00,Mental Health and Substance Abuse Social Workers,3.52,4.79,3.69,3.93,4.05,2.99,4.97,2.68,4.49,3.4582,2.205357142857143,1.9315,2.275,2.725257142857143,2.6958,2.9626857142857146,3.377142857142857,1.993,3.059285714285714,2.6950857142857143,2.571428571428571
21-1091.00,Health Education Specialists,3.51,4.73,3.79,3.91,3.06,1.88,4.88,3.6,4.26,3.947714285714286,2.105,3.695,1.8914285714285717,2.2288,3.693028571428572,2.844028571428572,2.596342857142857,3.2702285714285715,3.8219142857142874,2.044642857142857,1.9842857142857144
21-1092.00,Probation Officers and Correctional Treatment Specialists,4.47,4.96,3.47,4.65,4.31,3.91,4.71,2.55,4.27,3.648800000000001,1.8571428571428568,2.626842857142857,1.9449142857142856,2.342742857142857,2.2222857142857144,2.996,2.877142857142857,2.1125714285714285,2.8774,2.0,2.1357142857142857
21-1093.00,Social and Human Service Assistants,3.79,4.88,4.31,4.5,3.57,2.21,4.97,3.24,4.61,3.372228571428572,1.837942857142857,2.9735714285714288,1.8571428571428568,2.4811428571428573,2.3891428571428577,2.5517,2.765714285714286,2.005428571428572,2.608214285714286,2.645714285714285,2.1492
21-1094.00,Community Health Workers,3.03,4.58,3.67,3.88,3.07,2.1,4.76,3.42,4.2,3.7074285714285713,2.2928571428571427,3.492628571428572,1.8571428571428568,2.495,2.912171428571429,2.4347142857142856,2.894285714285714,2.564285714285714,4.2508,2.596342857142857,2.3392857142857144
21-2011.00,Clergy,3.41,4.59,4.21,3.76,2.87,1.51,4.73,3.78,4.23,3.048142857142857,2.7142857142857144,2.643828571428571,2.524285714285714,2.488457142857144,2.5084,2.8987571428571437,3.2285714285714286,3.0217142857142854,2.0220714285714285,2.821428571428571,2.645714285714285
21-2021.00,"Directors, Religious Activities and Education",2.51,4.09,3.87,3.26,2.1,1.01,4.21,3.32,4.02,3.550342857142857,2.337142857142857,2.939714285714286,1.8571428571428568,2.565142857142857,2.7337857142857143,2.8932857142857147,2.928571428571429,2.9908,2.9313714285714285,2.5428571428571427,2.1357142857142857
23-1011.00,Lawyers,3.44,4.75,3.77,3.86,3.35,1.71,4.44,2.73,3.58,3.5283857142857142,1.9449142857142856,2.1353714285714287,2.877142857142857,2.146514285714286,1.97,4.036300000000001,2.571428571428571,2.1345714285714283,3.471657142857143,2.06,3.142857142857143
23-1012.00,Judicial Law Clerks,2.41,4.09,3.0,3.38,2.93,1.59,4.63,1.81,3.83,3.2081,1.6364285714285711,1.2884,1.7200000000000002,1.041157142857143,1.0512,1.3101142857142858,1.8914285714285717,1.0351,1.2251285714285711,1.6665142857142858,1.8125
23-1021.00,"Administrative Law Judges, Adjudicators, and Hearing Officers",3.75,4.36,3.45,4.78,3.81,2.0,4.2,2.64,3.54,2.692,1.7200000000000002,2.675942857142857,2.125,1.336,1.3268285714285717,3.1966,2.645714285714285,1.1210714285714285,2.8610285714285717,1.822857142857143,2.0342857142857143
23-1022.00,"Arbitrators, Mediators, and Conciliators",3.85,3.65,2.25,2.26,2.8,1.75,3.67,2.05,2.15,1.6749999999999998,1.8057142857142856,1.4483142857142857,3.523657142857143,1.5657142857142858,1.7307142857142856,4.329228571428572,2.4732142857142856,1.2907142857142857,1.822857142857143,1.8571428571428568,2.6696428571428568
23-1023.00,"Judges, Magistrate Judges, and Magistrates",4.68,4.68,4.41,4.68,4.31,3.37,4.89,4.24,4.75,2.821028571428571,1.8914285714285717,3.9848,2.2471428571428573,1.4357142857142855,1.5271428571428571,2.7244,2.7142857142857144,1.6753571428571428,2.5066,1.822857142857143,2.0342857142857143
23-2011.00,Paralegals and Legal Assistants,2.14,4.53,3.28,3.22,1.97,1.19,4.69,1.77,4.25,3.0455714285714284,1.4017857142857142,1.9019285714285716,1.655,1.4106999999999998,1.2355,1.8532857142857144,1.8571428571428568,1.5208,2.9706,1.8571428571428568,1.7200000000000002
23-2093.00,"Title Examiners, Abstractors, and Searchers",2.59,3.65,3.89,4.18,2.6,1.21,4.73,1.43,4.29,2.8675428571428574,1.32,1.4096571428571427,1.36,1.443142857142857,1.6168,1.7794285714285714,1.7385714285714284,1.4525714285714286,2.0019,1.7734857142857143,1.51
25-1011.00,"Business Teachers, Postsecondary",2.63,4.11,3.75,2.78,2.67,1.41,4.14,4.25,3.52,3.0690285714285714,3.0592,2.5518571428571426,1.6875,2.7862,4.138514285714285,1.5814,2.086428571428572,1.7032142857142856,2.539685714285714,1.75,1.7734857142857143
25-1021.00,"Computer Science Teachers, Postsecondary",2.41,4.46,3.98,3.41,2.5,1.1,4.63,3.86,4.34,3.286257142857143,3.117142857142857,1.7102142857142857,1.822857142857143,2.810442857142857,4.0910714285714285,1.765,2.4035714285714285,2.321485714285714,2.6848,1.9842857142857144,1.8571428571428568
25-1022.00,"Mathematical Science Teachers, Postsecondary",2.39,4.31,3.05,3.24,2.64,1.16,4.59,4.54,3.71,3.063542857142857,2.821428571428571,2.1018428571428576,1.5614285714285714,2.7101714285714285,3.676857142857143,1.6994285714285715,1.9285714285714288,1.6262857142857143,1.8093285714285716,1.8571428571428568,1.6364285714285711
25-1031.00,"Architecture Teachers, Postsecondary",2.6,4.29,4.13,2.93,2.27,1.44,4.55,4.42,3.99,3.1468857142857143,3.1750857142857143,2.137714285714286,1.8571428571428568,3.002357142857143,3.894685714285715,2.7353,2.354914285714286,2.6066285714285717,3.391085714285715,1.9842857142857144,1.8571428571428568
25-1032.00,"Engineering Teachers, Postsecondary",3.03,4.25,3.6,2.47,2.17,1.11,4.8,4.16,3.67,3.144257142857142,3.0592,1.2418428571428572,1.8057142857142856,3.0064,4.062799999999999,1.9256857142857144,2.0,2.1252714285714287,2.731242857142857,1.7200000000000002,1.7734857142857143
25-1041.00,"Agricultural Sciences Teachers, Postsecondary",2.31,4.16,3.59,2.98,2.39,1.11,4.89,4.53,4.35,3.718142857142857,3.2935714285714286,2.2804,1.5614285714285714,3.4317285714285712,3.997,2.305,2.023657142857143,2.6254,3.5133142857142863,1.8057142857142856,1.7200000000000002
25-1042.00,"Biological Science Teachers, Postsecondary",2.88,4.41,4.2,3.54,2.57,1.1,4.87,4.76,4.24,3.538014285714286,2.9522285714285714,1.9099,1.7734857142857143,3.2928571428571427,4.171428571428572,1.8010285714285714,2.086428571428572,2.1725714285714286,2.186114285714286,1.9449142857142856,1.7734857142857143
25-1043.00,"Forestry and Conservation Science Teachers, Postsecondary",2.82,4.49,4.34,4.02,2.29,1.42,4.79,4.29,4.57,3.5488,3.265714285714286,2.111242857142857,1.822857142857143,3.2301999999999995,3.873485714285714,2.0095714285714283,2.205357142857143,2.246214285714286,2.9672857142857145,1.8571428571428568,1.822857142857143
25-1051.00,"Atmospheric, Earth, Marine, and Space Sciences Teachers, Postsecondary",2.83,4.29,3.44,3.22,2.68,1.36,4.64,4.21,3.86,2.859142857142857,2.821428571428571,2.3384,1.8057142857142856,2.742142857142857,3.752842857142857,1.9171428571428573,2.096342857142857,1.678942857142857,1.9836285714285715,1.9285714285714288,1.8057142857142856
25-1052.00,"Chemistry Teachers, Postsecondary",2.88,4.3,3.54,2.57,2.63,1.67,4.74,4.45,4.06,2.972928571428572,2.9008000000000003,1.561,1.4691999999999998,3.0683,4.0146428571428565,1.7894714285714284,2.086428571428572,1.975857142857143,2.1509714285714283,1.8571428571428568,1.8571428571428568
25-1053.00,"Environmental Science Teachers, Postsecondary",2.65,4.26,4.06,3.01,2.4,1.15,4.64,4.22,4.12,3.302028571428571,2.877142857142857,1.7776,1.7200000000000002,2.865142857142857,3.7710428571428567,1.867514285714286,2.0342857142857143,2.1106285714285717,2.3576428571428574,1.8914285714285717,1.8057142857142856
25-1054.00,"Physics Teachers, Postsecondary",2.59,4.41,3.42,3.72,2.41,1.16,4.55,4.25,3.36,3.1801,3.0335714285714284,1.914057142857143,1.5357142857142858,2.928928571428571,4.137599999999999,1.7450571428571429,1.9449142857142856,1.892128571428572,2.3747,1.8571428571428568,1.8571428571428568
25-1061.00,"Anthropology and Archeology Teachers, Postsecondary",2.71,4.09,3.76,3.27,2.57,1.38,4.55,3.86,4.05,3.747485714285714,3.375,2.230142857142857,1.7734857142857143,3.1214285714285714,4.042857142857143,2.1953428571428573,2.3392857142857144,2.205,3.3206857142857142,1.8914285714285717,1.8571428571428568
25-1062.00,"Area, Ethnic, and Cultural Studies Teachers, Postsecondary",2.79,4.47,4.28,3.16,2.7,1.47,4.69,4.48,4.19,3.5109714285714286,2.729371428571429,1.8555428571428567,1.5508,3.0812000000000004,3.948928571428571,2.0850285714285715,2.19,1.9388571428571428,2.7846571428571423,1.9085714285714288,1.9449142857142856
25-1063.00,"Economics Teachers, Postsecondary",2.41,4.24,2.7,3.41,2.36,1.11,4.45,4.22,3.32,1.9597714285714285,2.821428571428571,1.6222142857142856,1.4179428571428572,2.6074571428571427,3.819057142857143,1.2442857142857142,2.0,1.4066,2.2198,1.6875,1.5785714285714287
25-1064.00,"Geography Teachers, Postsecondary",2.7,4.35,3.85,2.94,2.72,1.28,4.79,4.36,3.91,3.4012,3.117142857142857,2.1883142857142857,1.8057142857142856,2.6291714285714285,3.661428571428572,1.8452285714285712,1.9842857142857144,1.8317142857142856,2.970657142857143,1.8057142857142856,1.8914285714285717
25-1065.00,"Political Science Teachers, Postsecondary",2.74,4.13,3.36,3.54,2.94,1.1,4.49,4.19,3.63,2.8938571428571427,2.821428571428571,1.7920571428571428,1.7734857142857143,2.5626285714285717,3.7394285714285713,2.057142857142857,2.06,1.8514,2.2685714285714287,1.8914285714285717,1.9449142857142856
25-1066.00,"Psychology Teachers, Postsecondary",2.45,4.37,3.44,3.26,2.47,1.03,4.96,4.02,3.87,3.584714285714285,2.894285714285714,2.7,1.5357142857142858,3.533485714285714,4.600142857142858,2.5526142857142853,2.7678571428571432,1.937142857142857,2.836071428571429,1.8571428571428568,1.6665142857142858
25-1067.00,"Sociology Teachers, Postsecondary",2.76,4.24,3.7,2.79,2.64,1.1,4.62,4.19,3.52,3.5147857142857144,2.98,1.2885142857142855,1.6364285714285711,1.8569142857142855,3.8318857142857135,1.7428142857142856,2.4522285714285714,1.4662857142857142,2.616085714285714,1.8571428571428568,1.7200000000000002
25-1071.00,"Health Specialties Teachers, Postsecondary",3.1,4.76,3.96,3.66,2.95,1.58,4.92,4.12,4.45,2.833214285714285,2.9522285714285714,2.7043714285714286,1.8571428571428568,2.906257142857143,3.807314285714285,1.8976,2.1635714285714283,2.6084285714285715,2.8083571428571426,1.8571428571428568,1.8914285714285717
25-1072.00,"Nursing Instructors and Teachers, Postsecondary",3.44,4.65,4.46,4.51,3.44,2.08,4.59,3.95,4.69,3.4142857142857146,3.321428571428572,2.280357142857143,1.8571428571428568,3.3175000000000003,4.360257142857143,2.9308714285714283,2.571428571428571,2.8858571428571427,2.9122857142857144,2.044642857142857,1.9449142857142856
25-1081.00,"Education Teachers, Postsecondary",2.72,4.53,4.17,4.02,2.41,1.43,4.71,4.05,4.48,3.364285714285714,2.894285714285714,1.677342857142857,1.7734857142857143,3.3497142857142856,4.130914285714287,1.9541285714285717,2.1635714285714283,2.140857142857143,2.6869571428571426,1.822857142857143,1.7734857142857143
25-1082.00,"Library Science Teachers, Postsecondary",2.82,4.34,4.07,3.22,2.72,1.38,4.21,3.25,4.3,3.1827428571428573,2.912857142857143,1.7971428571428572,1.6063428571428573,3.189314285714286,4.465142857142857,1.5381142857142858,2.1635714285714283,1.9844,2.9879999999999995,1.822857142857143,1.6875
25-1111.00,"Criminal Justice and Law Enforcement Teachers, Postsecondary",2.87,4.46,3.98,4.19,2.71,1.52,4.49,4.15,3.46,2.525642857142857,2.765714285714286,2.180771428571429,1.6875,2.8282857142857143,3.479,1.7132285714285715,2.1357142857142857,1.4412142857142858,2.4942571428571427,1.8571428571428568,1.8057142857142856
25-1112.00,"Law Teachers, Postsecondary",2.67,4.51,3.36,3.02,2.25,1.13,4.45,4.2,3.17,2.8649714285714287,2.9522285714285714,1.7266857142857144,1.837942857142857,3.773942857142857,4.535528571428571,1.5261142857142858,1.9449142857142856,1.6119999999999997,2.3172571428571427,1.75,2.071428571428571
25-1113.00,"Social Work Teachers, Postsecondary",2.8,4.19,4.12,3.88,2.73,1.42,4.65,3.84,4.31,3.7566,3.6142857142857134,1.8775,1.8057142857142856,2.9578857142857142,3.835542857142858,2.801428571428572,2.524285714285714,2.1482714285714284,3.347857142857143,2.1635714285714283,1.8057142857142856
25-1121.00,"Art, Drama, and Music Teachers, Postsecondary",2.65,4.72,4.14,3.17,2.35,1.34,4.43,4.32,4.16,4.271857142857144,3.2935714285714286,2.525,1.5892857142857142,3.89,4.047499999999999,2.454871428571429,2.4035714285714285,2.1319142857142857,3.036685714285714,1.7734857142857143,1.75
25-1122.00,"Communications Teachers, Postsecondary",2.84,4.53,3.5,2.87,2.32,1.3,4.59,4.28,3.62,3.3684571428571437,3.0592,2.615571428571428,1.8571428571428568,3.368428571428572,3.2561714285714287,2.2524,2.1635714285714283,1.9847285714285716,2.4046857142857143,1.8571428571428568,1.8571428571428568
25-1123.00,"English Language and Literature Teachers, Postsecondary",2.25,4.42,3.92,3.29,2.58,1.12,4.2,4.33,3.63,3.695,3.265085714285714,1.9280428571428567,1.8571428571428568,3.398328571428572,4.069257142857143,2.475357142857143,2.1357142857142857,2.1533714285714285,2.2298285714285715,1.9449142857142856,1.8571428571428568
25-1124.00,"Foreign Language and Literature Teachers, Postsecondary",2.8,4.0,3.41,1.88,2.39,1.15,4.11,4.26,3.65,2.427957142857143,2.765714285714286,1.9,1.6875,2.5902857142857143,3.879771428571429,1.273,2.1635714285714283,1.4157714285714285,1.8308285714285717,1.8057142857142856,1.6875
25-1125.00,"History Teachers, Postsecondary",2.29,4.08,3.67,2.64,2.35,1.1,4.45,4.24,3.03,2.9092,2.821428571428571,1.729,1.822857142857143,2.359642857142857,4.042714285714286,1.7498,2.2471428571428573,1.4194,2.5009428571428574,1.9449142857142856,1.8571428571428568
25-1126.00,"Philosophy and Religion Teachers, Postsecondary",2.34,4.3,3.03,2.46,2.3,1.04,4.27,4.03,3.42,2.8737714285714286,2.9522285714285714,2.167828571428571,1.4928571428571429,2.8189285714285712,4.287314285714286,2.3814571428571427,2.1492,1.8184,2.161,1.8571428571428568,1.837942857142857
25-1192.00,"Family and Consumer Sciences Teachers, Postsecondary",2.67,4.75,4.07,3.63,2.28,1.3,4.26,3.05,4.14,3.0732,2.821428571428571,1.8087142857142855,1.4928571428571429,3.1164,3.878514285714286,2.184914285714286,1.9842857142857144,1.882,2.5140571428571428,1.8057142857142856,1.7200000000000002
25-1193.00,"Recreation and Fitness Studies Teachers, Postsecondary",3.11,4.76,4.25,3.61,2.64,1.34,4.78,4.14,4.41,3.284071428571429,2.894285714285714,2.7058285714285715,1.8571428571428568,3.477128571428571,3.677628571428572,2.1648,2.1750857142857143,2.2189,2.685185714285714,1.8571428571428568,1.9449142857142856
25-1194.00,"Career/Technical Education Teachers, Postsecondary",2.68,4.65,4.07,3.78,2.46,1.41,4.38,4.51,3.86,2.8810285714285717,2.7142857142857144,2.466557142857143,1.8571428571428568,3.320985714285715,3.828657142857143,2.038857142857143,2.044642857142857,2.1334857142857144,2.6409,1.8571428571428568,1.8571428571428568
25-2011.00,"Preschool Teachers, Except Special Education",3.43,4.8,3.82,3.25,3.17,1.98,4.29,2.53,4.37,2.1592,2.392857142857143,1.666285714285714,1.7734857142857143,1.8455142857142857,2.127657142857143,2.2206,2.422142857142857,2.0812857142857144,1.702,2.1228571428571428,1.8571428571428568
25-2012.00,"Kindergarten Teachers, Except Special Education",3.3,4.64,4.1,4.34,2.87,1.81,4.58,3.82,4.57,2.512,2.4485714285714284,2.128214285714286,1.9449142857142856,2.626857142857143,2.8013714285714286,2.3055714285714286,2.782857142857143,2.298357142857143,2.1098285714285714,2.1677714285714287,2.0028571428571427
25-2021.00,"Elementary School Teachers, Except Special Education",4.05,4.89,4.67,4.53,4.04,2.38,4.87,4.59,4.97,2.805885714285714,2.8571428571428568,2.2428714285714286,1.8571428571428568,3.180657142857142,3.381314285714286,2.538742857142857,2.7142857142857144,2.4148,2.376857142857143,2.44,1.9085714285714288
25-2022.00,"Middle School Teachers, Except Special and Career/Technical Education",3.15,4.77,4.04,2.83,3.4,2.06,4.8,4.13,4.62,3.157628571428571,2.8571428571428568,2.131142857142857,1.8571428571428568,3.4793571428571437,3.658114285714285,3.0502857142857143,2.645714285714285,2.4508,2.341814285714286,2.044642857142857,1.9085714285714288
25-2023.00,"Career/Technical Education Teachers, Middle School",3.71,4.64,4.22,3.83,3.89,2.42,4.55,3.59,4.24,2.7655000000000003,2.7142857142857144,1.990642857142857,1.6875,2.821657142857143,3.1288142857142858,2.5597142857142856,2.596342857142857,2.1265857142857145,2.4779714285714283,2.0028571428571427,1.8057142857142856
25-2031.00,"Secondary School Teachers, Except Special and Career/Technical Education",3.43,4.78,4.09,3.34,3.41,1.94,4.73,4.52,4.24,3.107885714285714,2.782857142857143,2.202571428571429,1.822857142857143,3.419928571428572,3.612357142857143,2.620342857142857,2.645714285714285,2.3099142857142856,2.081371428571428,1.9657142857142855,1.8571428571428568
25-2032.00,"Career/Technical Education Teachers, Secondary School",3.51,4.53,4.01,3.06,3.8,2.41,4.4,4.45,3.8,3.260342857142857,3.125,2.654714285714286,1.9085714285714288,3.433028571428572,3.7302,2.871257142857143,2.607142857142857,2.9592,2.616457142857143,2.327857142857143,2.06
25-2051.00,"Special Education Teachers, Preschool",2.89,4.98,3.42,2.91,2.72,1.68,5.0,1.67,4.66,3.2043000000000004,2.216428571428572,1.9454,1.7734857142857143,2.474685714285714,2.8958857142857144,1.9188571428571428,2.645714285714285,2.1766428571428573,2.052914285714285,2.31,1.8914285714285717
25-2056.00,"Special Education Teachers, Elementary School",3.11,4.78,3.99,3.02,3.15,2.13,4.75,2.65,4.4,3.018057142857143,2.6807142857142856,2.014,1.625,2.5281,2.7228571428571438,1.8274285714285716,2.894285714285714,2.3508571428571425,2.733228571428572,2.216428571428572,1.9085714285714288
25-2057.00,"Special Education Teachers, Middle School",4.59,4.14,4.21,2.95,3.96,2.55,4.62,3.19,4.65,2.348157142857143,2.7142857142857144,1.9466714285714288,1.8571428571428568,2.435528571428572,2.4337142857142857,2.3759571428571427,2.7142857142857144,2.186514285714286,2.2084,2.337142857142857,1.9449142857142856
25-2058.00,"Special Education Teachers, Secondary School",4.31,4.99,4.61,3.37,3.8,2.21,4.94,3.85,4.89,3.688428571428572,2.782857142857143,2.3048,1.8571428571428568,2.6554857142857147,3.0589857142857144,2.2985,2.645714285714285,2.3817142857142857,2.187828571428572,2.596342857142857,1.8571428571428568
25-2059.01,Adapted Physical Education Specialists,3.29,4.38,3.76,3.33,3.24,3.1,4.81,3.33,4.43,2.952,2.613485714285714,2.088742857142857,1.837942857142857,2.76,2.549542857142857,2.0045,2.765714285714286,2.240942857142857,1.874714285714286,2.5428571428571427,2.096342857142857
25-3011.00,"Adult Basic Education, Adult Secondary Education, and English as a Second Language Instructors",2.6,4.27,4.33,3.22,2.29,1.6,4.41,3.59,3.75,2.5732,2.8571428571428568,2.418614285714286,1.8914285714285717,2.7748142857142857,2.627542857142857,1.7417142857142858,2.3392857142857144,1.517885714285714,1.2886714285714285,2.0608,1.8057142857142856
25-3021.00,Self-Enrichment Teachers,2.14,4.75,3.81,3.24,2.17,1.01,4.66,2.64,3.82,2.4144,2.105,1.9512,1.32,3.6767714285714286,3.731114285714286,1.995,1.9842857142857144,1.5731428571428574,1.972,1.8571428571428568,1.6665142857142858
25-3031.00,"Substitute Teachers, Short-Term",2.94,4.63,4.32,2.17,2.82,1.81,4.06,3.77,4.16,2.249242857142857,2.0608,1.3924571428571428,1.6063428571428573,1.611157142857143,1.654185714285714,2.0726714285714287,2.2928571428571427,1.3168,1.169857142857143,1.8571428571428568,1.7734857142857143
25-3041.00,Tutors,2.82,4.59,3.81,3.76,2.76,1.36,4.76,2.27,3.57,2.9154,2.729371428571429,2.2860571428571426,1.822857142857143,3.351485714285715,3.4327,1.6747,2.225714285714286,1.520342857142857,1.5535714285714286,2.0608,1.8914285714285717
25-4011.00,Archivists,2.06,4.1,3.21,4.16,2.25,1.19,4.66,2.61,4.0,3.3922142857142856,1.7734857142857143,2.8245000000000005,1.5357142857142858,2.4939285714285715,2.5811714285714285,2.1142857142857143,1.7200000000000002,2.1711714285714288,3.3692857142857138,1.9449142857142856,1.6364285714285711
25-4012.00,Curators,2.69,4.31,3.82,4.09,2.31,1.05,4.56,2.92,4.3,3.1816,1.9657142857142855,2.942028571428571,1.9657142857142855,2.0997571428571424,2.556685714285714,1.885357142857143,2.086428571428572,2.0544857142857142,3.286571428571428,1.8057142857142856,2.0342857142857143
25-4013.00,Museum Technicians and Conservators,2.3,3.76,3.4,3.49,2.05,1.12,4.52,2.25,4.14,2.693957142857143,1.8914285714285717,1.8960714285714289,1.5357142857142858,1.5142857142857142,1.642142857142857,1.6076285714285712,1.8057142857142856,1.694885714285714,2.226857142857143,1.6875,1.5357142857142858
25-4022.00,Librarians and Media Collections Specialists,3.1,4.44,3.63,3.96,3.13,1.71,4.75,3.34,4.31,3.0891428571428574,1.9449142857142856,2.3893571428571425,1.5357142857142858,2.130357142857143,2.497228571428572,2.011542857142857,2.0028571428571427,1.8449714285714287,2.4632,2.105,1.6063428571428573
25-4031.00,Library Technicians,3.25,4.05,3.04,3.7,2.89,1.61,4.78,2.0,4.08,2.602857142857143,1.6665142857142858,2.1326714285714288,1.1607142857142858,1.2654857142857143,1.3642857142857143,1.6355428571428572,1.822857142857143,1.2217857142857145,1.5689285714285712,1.9842857142857144,1.32
25-9021.00,Farm and Home Management Educators,2.74,4.44,3.85,4.7,2.59,1.41,4.69,3.07,4.33,3.454128571428571,2.596342857142857,3.4552,1.9842857142857144,2.564285714285714,3.273914285714286,2.1605,2.645714285714285,2.5606,3.981942857142856,2.4522285714285714,2.3857142857142857
25-9031.00,Instructional Coordinators,3.05,4.83,4.15,3.6,2.95,1.39,4.95,3.64,4.82,3.978657142857143,2.894285714285714,2.182942857142857,2.023657142857143,3.485085714285714,4.025714285714287,2.382828571428571,2.645714285714285,3.0592,2.4208285714285718,2.354914285714286,2.086428571428572
25-9042.00,"Teaching Assistants, Preschool, Elementary, Middle, and Secondary School, Except Special Education",3.05,4.9,4.17,3.15,2.74,2.1,3.78,2.07,4.64,2.9440000000000004,2.02,2.3124,1.7734857142857143,2.1235428571428567,2.048914285714286,3.468314285714285,2.327857142857143,1.6274857142857142,2.0904,2.2071428571428573,1.8571428571428568
25-9043.00,"Teaching Assistants, Special Education",3.47,4.86,3.58,2.65,2.95,2.21,4.49,1.91,4.32,2.5867,2.071428571428572,1.5612,1.7036571428571428,2.325385714285714,2.202571428571429,2.3764000000000003,2.327857142857143,1.6885714285714286,1.4100285714285714,2.1677714285714287,1.9085714285714288
25-9044.00,"Teaching Assistants, Postsecondary",2.49,4.59,3.74,2.73,2.19,1.12,4.62,3.88,4.17,3.449642857142857,2.25,1.4150142857142856,1.4435714285714285,2.1532857142857145,3.093928571428571,1.7712142857142856,1.9449142857142856,1.4686285714285716,1.559885714285714,1.9449142857142856,1.5165142857142857
27-1011.00,Art Directors,2.27,4.54,3.66,2.71,2.07,1.42,5.0,1.93,4.78,3.639357142857142,2.023657142857143,1.6985714285714286,1.9285714285714288,1.678942857142857,2.400657142857143,2.564285714285714,2.086428571428572,2.3214428571428574,2.941042857142857,1.8914285714285717,2.275
27-1012.00,Craft Artists,1.78,2.57,1.73,3.27,2.0,1.04,3.1,2.09,1.91,1.3555428571428572,1.077942857142857,2.301142857142857,1.2857142857142856,1.6291857142857142,1.8876,1.427,1.8057142857142856,1.1207142857142858,2.3316285714285714,1.7200000000000002,1.75
27-1013.00,"Fine Artists, Including Painters, Sculptors, and Illustrators",1.95,3.04,2.24,2.67,1.42,1.0,3.23,1.48,2.6,1.4333999999999998,1.0942857142857143,1.646628571428571,1.25,1.1192,1.0594428571428571,1.1275428571428572,1.7385714285714284,1.0442857142857145,1.8967,1.5357142857142858,1.394285714285714
27-1014.00,Special Effects Artists and Animators,2.16,4.06,3.58,3.62,2.11,1.0,4.6,1.97,4.49,3.884457142857143,1.75,1.408,1.6942857142857144,1.874,1.6677142857142857,1.5842285714285715,1.7734857142857143,1.708357142857143,1.766142857142857,1.7200000000000002,1.8057142857142856
27-1021.00,Commercial and Industrial Designers,2.75,4.38,3.62,4.01,2.62,1.09,4.99,2.49,4.71,3.3253000000000004,1.7200000000000002,1.0969,1.7385714285714284,1.3616,1.7911,1.8812857142857144,1.9842857142857144,1.2077714285714285,2.4516,1.6391999999999998,2.096342857142857
27-1022.00,Fashion Designers,2.41,3.95,3.23,3.17,2.94,1.33,3.88,1.99,3.5,3.091728571428572,2.071428571428572,1.3468,2.1677714285714287,2.7355,2.338514285714286,2.338685714285714,2.4732142857142856,2.5048000000000004,2.5697142857142854,2.0285714285714285,2.354914285714286
27-1023.00,Floral Designers,2.79,4.53,4.19,4.8,3.4,1.25,4.74,1.17,4.41,1.3317142857142856,1.4017857142857142,2.5429142857142857,1.4928571428571429,1.2116,1.2368,1.8854857142857144,2.02,1.0996,1.601157142857143,2.02,1.7734857142857143
27-1024.00,Graphic Designers,2.45,4.25,3.42,3.05,2.32,1.25,4.26,2.65,4.44,3.148571428571429,1.75,1.624642857142857,1.8914285714285717,1.9714285714285715,2.0292285714285714,2.0982142857142856,1.9085714285714288,1.936785714285714,2.980714285714286,1.8571428571428568,1.8914285714285717
27-1025.00,Interior Designers,2.92,4.52,3.78,4.0,2.62,1.04,4.75,2.68,4.46,3.416628571428572,1.8571428571428568,2.200614285714286,2.096342857142857,2.4001714285714284,2.1957142857142857,2.726285714285714,2.2767857142857144,2.556228571428571,3.492742857142857,2.524285714285714,2.2928571428571427
27-1026.00,Merchandise Displayers and Window Trimmers,2.93,4.57,3.5,3.94,3.23,1.25,4.62,1.75,4.16,2.647,1.4249999999999998,2.155,1.4435714285714285,1.7539857142857145,1.6912999999999998,1.9664,1.822857142857143,1.7836857142857143,1.2157714285714285,1.7734857142857143,1.8057142857142856
27-1027.00,Set and Exhibit Designers,2.81,4.05,3.48,2.76,2.33,1.38,4.58,2.95,4.67,3.6117,1.8571428571428568,1.357,1.8571428571428568,1.8869,1.766857142857143,1.996142857142857,1.8914285714285717,1.975228571428572,2.112857142857143,1.8914285714285717,1.9285714285714288
27-2011.00,Actors,2.7,4.71,3.16,3.65,2.67,1.48,4.39,4.54,5.0,3.052357142857143,1.655,3.040457142857143,1.5614285714285714,1.4444285714285716,1.5380714285714283,1.3649285714285715,2.4732142857142856,1.4054285714285717,2.2954857142857144,1.36,1.5892857142857142
27-2012.00,Producers and Directors,3.42,4.79,4.39,3.61,3.26,1.33,4.6,2.72,4.88,3.353285714285714,1.8728571428571428,2.0330857142857144,2.086428571428572,2.0307142857142857,2.0352571428571427,2.2748285714285714,2.596342857142857,2.3392,2.7240571428571427,1.822857142857143,2.0
27-2012.03,Media Programming Directors,2.29,4.51,3.41,3.78,2.72,1.19,4.45,2.74,4.19,3.173328571428572,1.9657142857142855,3.5162285714285715,2.216428571428572,3.1434285714285712,2.7226,2.8655,2.524285714285714,2.644,2.654071428571429,1.8571428571428568,2.125
27-2012.04,Talent Directors,2.93,4.57,3.75,3.96,2.42,1.0,4.43,2.47,4.22,2.9114285714285715,1.8571428571428568,2.453542857142857,2.275,1.9673714285714283,1.553114285714286,2.544314285714286,2.5428571428571427,1.5169428571428571,3.337885714285714,1.75,1.9842857142857144
27-2012.05,Media Technical Directors/Managers,3.6,4.94,4.53,3.35,2.63,1.17,4.68,2.97,4.76,3.189028571428571,2.0342857142857143,1.663642857142857,1.8057142857142856,1.960057142857143,2.2480285714285717,1.705857142857143,2.2308,2.0812,1.571642857142857,1.7200000000000002,2.105
27-2021.00,Athletes and Sports Competitors,3.1,4.32,3.38,3.33,2.98,1.73,4.75,2.54,4.47,2.986857142857143,1.8571428571428568,2.588457142857143,1.6391999999999998,2.742142857142857,2.218,2.027085714285714,1.9085714285714288,2.458685714285714,2.4496285714285717,1.7385714285714284,1.7142857142857144
27-2022.00,Coaches and Scouts,3.67,4.75,3.56,2.96,2.94,1.54,4.22,3.98,4.44,2.7818,3.544642857142857,1.842057142857143,2.4971428571428573,3.394857142857143,2.1653571428571428,2.3068857142857144,2.7142857142857144,2.859557142857143,2.7514000000000003,2.524285714285714,2.6950857142857143
27-2023.00,"Umpires, Referees, and Other Sports Officials",3.19,3.9,3.05,2.9,3.14,2.05,3.95,2.43,4.0,2.6228571428571428,1.7385714285714284,1.568914285714286,1.6875,2.071,2.2349,2.349828571428572,1.7857142857142856,1.9324285714285716,1.6139714285714286,1.6875,1.655
27-2031.00,Dancers,3.04,4.76,3.37,3.03,3.31,2.01,4.66,2.68,4.48,1.9716428571428573,1.5892857142857142,3.0692142857142857,1.302857142857143,1.2512,1.4497428571428572,1.2763428571428572,1.8057142857142856,1.7298,1.3977142857142857,1.655,1.5614285714285714
27-2032.00,Choreographers,3.14,4.71,3.95,3.05,2.52,1.43,4.75,3.33,4.52,3.200357142857143,2.7142857142857144,3.3485714285714288,1.8571428571428568,3.82,3.5434,2.836,2.4522285714285714,3.063285714285714,2.6128,2.044642857142857,1.8914285714285717
27-2041.00,Music Directors and Composers,2.7,4.17,3.81,3.92,2.42,1.29,4.34,3.84,4.2,2.8042857142857143,1.8057142857142856,2.690971428571429,1.8914285714285717,2.351714285714285,2.456457142857143,2.0366857142857144,2.096342857142857,2.2682,2.7235428571428573,1.655,2.044642857142857
27-2042.00,Musicians and Singers,2.11,4.23,3.16,2.76,2.13,1.07,3.71,1.84,4.58,2.2435428571428573,1.6428571428571428,3.351485714285715,1.5785714285714287,1.4826428571428572,1.5222285714285717,1.6032571428571427,1.9449142857142856,1.9300571428571427,1.664285714285714,1.7036571428571428,1.595
27-3011.00,Broadcast Announcers and Radio Disc Jockeys,2.48,4.39,3.64,4.2,2.68,1.44,4.67,3.92,4.52,3.5182857142857142,1.32,3.8896,1.5892857142857142,1.8394857142857144,1.6734857142857145,1.8016,2.4732142857142856,1.897514285714286,3.8282285714285713,1.8571428571428568,1.7734857142857143
27-3023.00,"News Analysts, Reporters, and Journalists",2.8,4.63,3.17,3.71,2.98,1.43,4.49,2.78,3.88,3.0108,1.51,3.0034,1.655,1.546,1.5046857142857142,1.8601,2.2928571428571427,1.6430285714285713,3.911342857142857,1.8914285714285717,1.9842857142857144
27-3031.00,Public Relations Specialists,3.14,4.43,4.0,3.77,3.09,1.45,4.82,2.95,4.5,4.3553,1.8571428571428568,3.3940857142857133,2.086428571428572,2.7649,2.261285714285714,2.8346714285714283,2.765714285714286,2.7626285714285714,4.614971428571429,1.9449142857142856,2.6185714285714288
27-3041.00,Editors,2.9,4.55,4.24,3.71,3.17,1.14,4.81,2.44,4.58,3.1375,1.8914285714285717,1.7587000000000002,2.0,1.9499285714285717,1.7882857142857145,2.1542,2.06,1.6265,2.894285714285714,1.6364285714285711,1.9657142857142855
27-3042.00,Technical Writers,2.75,4.13,3.3,3.19,2.2,1.08,4.39,2.16,4.58,2.991142857142857,1.5892857142857142,1.1310571428571428,1.5508,1.2094857142857145,2.1450714285714287,1.7488,1.6875,1.7844571428571427,1.9551571428571428,1.3008,1.7734857142857143
27-3043.00,Writers and Authors,3.1,4.88,4.17,3.87,2.79,1.0,4.53,2.62,3.8,3.2952,1.6391999999999998,1.174,1.8057142857142856,1.785,1.7574999999999998,1.6720000000000002,2.0608,2.043742857142857,3.600228571428572,2.023657142857143,2.19
27-3043.05,"Poets, Lyricists and Creative Writers",1.95,2.68,1.62,1.91,1.9,1.18,2.86,2.32,1.86,1.660685714285714,1.3392000000000002,2.3442142857142856,1.4928571428571429,1.4978285714285715,1.4844142857142857,1.3830571428571428,2.06,1.1124571428571428,2.0495714285714284,1.4542857142857144,1.78
27-3091.00,Interpreters and Translators,2.92,4.56,3.15,2.9,3.18,1.81,4.64,2.75,4.71,3.010685714285714,1.8571428571428568,3.0076,1.4435714285714285,1.9236428571428568,2.3123714285714287,1.8668571428571423,2.096342857142857,1.8232857142857144,2.606642857142857,1.9449142857142856,1.6391999999999998
27-3092.00,Court Reporters and Simultaneous Captioners,2.57,4.81,3.01,4.28,3.47,2.38,4.8,2.46,4.47,2.6662857142857144,1.0271428571428571,2.007314285714286,1.077942857142857,1.1606,1.1947142857142856,1.0848,1.5207142857142857,1.0638857142857143,2.232557142857143,1.22,1.0942857142857143
27-4011.00,Audio and Video Technicians,2.8,3.86,4.69,3.78,2.85,1.11,4.85,2.3,4.61,2.9707142857142856,1.8057142857142856,2.1493714285714285,1.5357142857142858,1.8925714285714283,1.7367142857142857,1.5436571428571426,1.8571428571428568,1.3788571428571428,1.9345285714285712,1.9449142857142856,1.5785714285714287
27-4012.00,Broadcast Technicians,2.37,4.2,2.82,3.01,2.57,1.1,4.79,1.98,4.53,3.290285714285714,1.6171428571428572,1.7731285714285714,1.4179428571428572,1.9192857142857145,1.9797857142857145,2.0572142857142857,1.8571428571428568,1.964857142857143,2.3733571428571425,1.4435714285714285,1.4691999999999998
27-4014.00,Sound Engineering Technicians,2.83,4.08,3.52,2.48,2.74,1.42,4.43,1.88,4.0,3.1028571428571428,1.6665142857142858,1.5794285714285716,1.6063428571428573,1.9024,1.8832,2.3577142857142857,1.8571428571428568,1.789942857142857,2.2781714285714285,1.9449142857142856,1.8057142857142856
27-4021.00,Photographers,2.5,4.45,3.32,4.32,2.41,1.27,4.43,1.95,3.36,2.1953428571428573,1.7734857142857143,3.641714285714286,1.7200000000000002,2.4718857142857145,2.1596,2.7451,1.9085714285714288,1.868842857142857,3.2292142857142854,2.0028571428571427,1.8057142857142856
27-4031.00,"Camera Operators, Television, Video, and Film",2.97,4.7,3.68,3.54,2.91,1.37,4.95,1.74,4.59,3.3358,1.542142857142857,1.7367142857142857,1.51,1.925814285714286,1.8601142857142856,1.9,1.9449142857142856,1.7643142857142855,2.4097857142857144,1.7734857142857143,1.7734857142857143
27-4032.00,Film and Video Editors,2.68,4.1,3.36,3.0,2.51,1.14,4.87,2.2,4.5,3.1236857142857146,1.5165142857142857,1.9107857142857143,1.5614285714285714,1.7084857142857144,1.7952857142857144,1.825885714285714,1.7734857142857143,1.7185857142857144,2.523642857142857,1.5614285714285714,1.75
29-1011.00,Chiropractors,2.99,5.0,3.37,3.6,2.7,1.1,4.98,1.97,3.97,2.806285714285714,1.837942857142857,3.061285714285715,1.5785714285714287,2.0262714285714285,2.040314285714285,2.4059285714285714,2.524285714285714,2.2,2.471714285714285,2.3392857142857144,1.9285714285714288
29-1021.00,"Dentists, General",3.53,4.75,4.26,4.48,3.43,1.56,5.0,1.92,4.87,3.0296,2.2471428571428573,3.8363857142857145,1.9449142857142856,2.098,2.1945714285714284,2.6709428571428573,2.5428571428571427,2.707114285714286,2.3068857142857144,2.5428571428571427,2.524285714285714
29-1022.00,Oral and Maxillofacial Surgeons,3.51,4.84,4.65,4.44,3.42,1.66,4.94,2.66,4.75,2.944,1.94,3.5842000000000005,1.6364285714285711,2.906257142857143,3.058828571428572,2.269,2.524285714285714,2.4960000000000004,2.824942857142857,2.2471428571428573,1.8125
29-1023.00,Orthodontists,2.97,4.96,4.79,4.65,3.07,1.31,5.0,2.25,4.99,2.8777142857142857,2.1635714285714283,2.828171428571429,1.8571428571428568,2.6009714285714285,2.4764285714285714,1.7696999999999998,2.596342857142857,2.889828571428572,2.4393,2.105,2.044642857142857
29-1024.00,Prosthodontists,3.2,4.84,4.67,3.98,3.26,1.45,4.95,1.68,4.7,2.735857142857143,1.9449142857142856,3.785,1.6875,2.9250000000000003,3.1816,2.8827,2.31,3.0579142857142854,2.625657142857143,1.9842857142857144,1.8057142857142856
29-1031.00,Dietitians and Nutritionists,2.57,4.59,3.2,3.7,3.13,1.73,4.89,2.76,3.87,2.6343,2.524285714285714,2.3545,2.096342857142857,2.626442857142857,2.968,1.8905571428571428,2.821428571428571,1.6747,2.6855714285714285,2.6950857142857143,2.36
29-1041.00,Optometrists,3.43,4.76,3.79,4.43,3.45,1.67,5.0,2.05,4.32,2.9694285714285718,2.044642857142857,3.5245,1.8571428571428568,2.4059285714285714,2.835285714285714,2.3022857142857145,2.596342857142857,2.4208142857142856,2.2758571428571432,2.205357142857143,2.086428571428572
29-1051.00,Pharmacists,3.52,4.91,4.12,4.68,3.7,1.61,4.99,1.28,4.98,2.543071428571429,2.275,2.1680714285714284,1.7734857142857143,2.0841142857142856,2.049514285714286,2.1403142857142856,2.4971428571428573,1.6781428571428572,1.854614285714285,2.4035714285714285,1.837942857142857
29-1071.00,Physician Assistants,3.65,4.92,4.03,4.32,3.89,2.62,5.0,2.24,4.69,3.8520571428571424,2.211428571428572,2.9782,1.9449142857142856,2.3745142857142856,2.9680714285714287,2.6897285714285712,2.765714285714286,2.2872714285714286,2.724171428571428,2.765714285714286,2.125
29-1071.01,Anesthesiologist Assistants,3.37,4.27,4.33,3.97,3.12,2.06,4.7,2.34,4.57,2.8562857142857148,1.8125,2.127,1.5677714285714286,2.2169714285714286,2.433742857142857,1.5422857142857145,2.096342857142857,1.9019,1.8332857142857144,2.125,1.6171428571428572
29-1081.00,Podiatrists,3.55,4.84,4.13,3.86,3.71,1.92,4.99,2.28,4.42,3.259757142857143,2.0,3.1305285714285715,1.6942857142857144,2.0934857142857144,2.1951142857142854,1.350142857142857,2.6950857142857143,2.2288,2.6880571428571427,2.1635714285714283,1.837942857142857
29-1122.00,Occupational Therapists,2.77,4.82,3.59,3.64,2.95,2.09,4.91,2.27,4.36,3.3123571428571426,2.7142857142857144,2.5505714285714287,1.822857142857143,3.0428571428571427,2.8853714285714283,2.2809285714285714,2.7142857142857144,2.2565,2.5133,2.782857142857143,1.8914285714285717
29-1122.01,"Low Vision Therapists, Orientation and Mobility Specialists, and Vision Rehabilitation Therapists",2.09,4.3,2.91,3.65,2.41,1.64,4.7,2.22,3.7,2.4694285714285718,2.5428571428571427,2.4094,1.8571428571428568,2.5582857142857147,3.0020571428571428,1.9798,2.645714285714285,1.7820142857142856,2.428042857142857,2.44,1.9449142857142856
29-1123.00,Physical Therapists,3.2,4.94,4.29,4.63,3.75,2.0,4.78,2.16,4.54,2.9573285714285715,2.2308,3.1364,1.8571428571428568,2.643828571428571,2.892242857142857,2.052828571428571,2.7142857142857144,1.793157142857143,2.1462857142857144,2.7142857142857144,1.8914285714285717
29-1124.00,Radiation Therapists,3.43,4.97,3.71,3.38,3.72,1.99,4.72,1.75,4.39,3.428571428571429,1.9657142857142855,3.646642857142857,1.5785714285714287,2.050942857142857,2.6740000000000004,2.3361428571428573,2.2308,2.2702857142857145,2.3001714285714283,2.044642857142857,1.6364285714285711
29-1125.00,Recreational Therapists,3.45,4.82,4.0,3.95,3.51,2.59,4.95,3.5,4.65,3.276742857142857,2.5428571428571427,2.5429142857142857,1.9449142857142856,2.7892,2.5445714285714285,2.6614,2.765714285714286,2.3455000000000004,2.3827857142857143,2.894285714285714,2.275
29-1126.00,Respiratory Therapists,3.4,4.85,3.95,4.24,3.5,2.46,4.91,1.93,4.55,3.0502,1.9642857142857144,2.770342857142857,1.7734857142857143,2.2824285714285715,2.3008428571428574,2.005,2.4035714285714285,2.0923,1.614785714285714,2.354914285714286,1.7734857142857143
29-1127.00,Speech-Language Pathologists,2.78,4.99,3.65,3.8,2.65,1.83,5.0,2.06,4.89,3.1430285714285717,2.645714285714285,2.7990571428571425,1.7734857142857143,2.6492,2.5613714285714284,2.034,2.894285714285714,1.7897714285714286,1.6212714285714285,2.4732142857142856,1.8057142857142856
29-1128.00,Exercise Physiologists,2.68,4.82,3.32,4.05,3.18,1.64,4.95,2.82,4.45,2.8385714285714285,2.607142857142857,2.744714285714286,1.8571428571428568,3.0203714285714285,2.742,1.9554285714285715,2.524285714285714,2.232142857142857,2.337,2.571428571428571,2.0342857142857143
29-1129.01,Art Therapists,3.42,4.59,3.19,3.19,4.03,3.0,4.94,2.62,4.25,3.565257142857144,1.9085714285714288,2.4957714285714285,1.8571428571428568,3.198828571428572,2.5246,3.185714285714285,3.265714285714286,2.182142857142857,2.4868,2.6185714285714288,1.9842857142857144
29-1129.02,Music Therapists,3.04,4.69,3.38,3.46,3.48,3.28,4.81,2.46,4.27,2.9977142857142858,2.1635714285714283,2.5748571428571427,2.044642857142857,2.760357142857143,2.9095000000000004,2.490057142857143,3.0892857142857144,2.237028571428572,2.4623714285714287,2.662857142857143,2.044642857142857
29-1131.00,Veterinarians,3.59,4.86,4.54,4.65,3.61,1.49,5.0,2.29,4.82,2.554428571428572,2.0342857142857143,3.205357142857143,1.7734857142857143,1.8376,2.044714285714286,1.9776,2.2471428571428573,2.055742857142857,2.078457142857143,2.2308,1.8057142857142856
29-1141.00,Registered Nurses,3.82,4.89,4.44,4.52,4.14,2.63,4.94,2.32,4.9,3.165142857142857,2.205357142857143,2.441071428571429,1.7200000000000002,2.6359000000000004,2.734171428571429,2.5428571428571427,2.9522285714285714,2.4742,2.1809000000000003,2.7142857142857144,1.7734857142857143
29-1141.01,Acute Care Nurses,4.05,4.67,4.25,3.71,4.45,3.48,4.95,2.48,4.85,3.3657142857142857,2.4714285714285715,2.7357142857142858,1.8571428571428568,2.62,3.040642857142857,2.617257142857143,3.0357142857142856,2.542857142857143,2.1142857142857143,2.894285714285714,1.9842857142857144
29-1141.02,Advanced Practice Psychiatric Nurses,3.39,4.55,3.5,3.3,3.87,2.96,5.0,2.17,3.91,3.3,2.2767857142857144,2.2670714285714286,2.4522285714285714,2.657142857142857,2.9216285714285712,3.541,3.265714285714286,2.3274285714285714,3.0271428571428576,2.524285714285714,2.4035714285714285
29-1141.03,Critical Care Nurses,4.04,4.78,4.29,4.5,4.32,3.29,5.0,2.79,4.75,3.0715428571428567,2.205357142857143,3.4696,1.9449142857142856,2.8282857142857143,2.8207,2.744371428571428,2.765714285714286,2.6792285714285717,1.92,2.7142857142857144,2.096342857142857
29-1141.04,Clinical Nurse Specialists,3.62,4.38,4.14,3.81,3.24,2.29,4.86,3.0,4.65,4.0375,2.4714285714285715,2.301785714285714,1.8571428571428568,3.3985000000000007,3.913257142857143,2.823442857142857,2.821428571428571,3.0270714285714284,2.6448,2.7142857142857144,2.4522285714285714
29-1151.00,Nurse Anesthetists,3.78,4.67,4.36,4.04,3.85,2.33,5.0,2.37,4.85,3.705,2.205357142857143,2.969328571428571,1.8914285714285717,2.7279,3.401614285714285,2.744657142857143,2.596342857142857,2.7213571428571424,2.1016,2.645714285714285,1.9449142857142856
29-1161.00,Nurse Midwives,3.73,4.91,4.19,4.48,3.53,2.03,5.0,2.06,4.59,3.670171428571428,2.205357142857143,3.277,1.655,2.9078857142857144,3.140928571428572,3.2457142857142856,2.8363428571428573,2.7098714285714287,2.457028571428572,2.6950857142857143,1.7200000000000002
29-1171.00,Nurse Practitioners,3.3,4.74,4.09,4.26,3.52,2.83,5.0,2.22,4.75,3.2461714285714285,2.1750857142857143,3.110028571428572,1.8914285714285717,2.772571428571429,3.107142857142857,2.477371428571429,2.98,2.5951,2.8018857142857145,2.645714285714285,2.2471428571428573
29-1181.00,Audiologists,2.95,4.73,3.45,4.64,3.35,1.38,4.95,2.59,4.25,3.3265,2.1750857142857143,3.9040714285714286,1.7385714285714284,2.6191,3.0391428571428567,2.8491142857142853,2.928571428571429,2.1136,3.311971428571429,2.4035714285714285,1.9085714285714288
29-1211.00,Anesthesiologists,3.21,4.8,4.28,3.7,3.03,2.04,4.93,2.51,4.65,3.3874,2.1357142857142857,2.5246,1.7734857142857143,2.232028571428572,2.8492,2.174485714285715,2.4732142857142856,1.9942428571428568,2.101257142857143,2.205357142857143,1.9657142857142855
29-1213.00,Dermatologists,2.89,4.88,4.31,4.79,3.49,1.22,4.97,2.34,4.5,3.0304,2.2471428571428573,2.5429142857142857,1.9449142857142856,2.106,2.991085714285714,2.179428571428572,2.645714285714285,2.1105714285714283,2.6492,2.7142857142857144,2.1635714285714283
29-1214.00,Emergency Medicine Physicians,4.5,4.97,4.43,4.73,4.77,4.13,4.93,2.47,4.83,3.5234,2.542057142857143,3.7613,2.086428571428572,2.6173714285714285,3.223257142857143,2.7692428571428573,3.205357142857143,2.717842857142857,2.665571428571429,2.894285714285714,2.4971428571428573
29-1215.00,Family Medicine Physicians,3.57,5.0,4.29,4.6,3.64,1.67,5.0,1.26,4.98,2.744285714285714,2.36,2.801142857142857,1.8057142857142856,1.178057142857143,1.5880571428571428,1.5529857142857142,2.596342857142857,1.9362142857142857,2.408,2.596342857142857,2.0342857142857143
29-1216.00,General Internal Medicine Physicians,2.76,4.59,3.72,4.07,3.3,2.29,4.58,2.16,3.96,3.1513,2.096342857142857,3.081742857142857,1.8914285714285717,2.044257142857143,2.222857142857143,2.0286714285714287,2.7142857142857144,1.9936,2.281428571428571,2.571428571428571,2.096342857142857
29-1217.00,Neurologists,3.02,4.91,4.2,4.24,3.33,1.72,5.0,2.34,4.57,3.707157142857142,2.6500000000000004,2.6914857142857143,1.7200000000000002,2.9899142857142857,3.448714285714286,2.5046857142857144,3.0592,2.418485714285714,3.1798,2.2928571428571427,2.3392857142857144
29-1218.00,Obstetricians and Gynecologists,3.27,4.98,4.62,4.44,3.09,2.09,5.0,2.35,4.84,3.126428571428572,2.1357142857142857,3.423942857142857,1.837942857142857,2.730514285714285,3.268814285714285,2.646428571428572,2.645714285714285,2.3552714285714287,2.7425,2.4035714285714285,1.8914285714285717
29-1221.00,"Pediatricians, General",3.18,4.95,4.39,3.75,3.76,1.67,4.56,2.41,4.92,3.351642857142857,2.3192,3.0718142857142863,1.8571428571428568,1.7852,2.6616,1.6010857142857144,2.7142857142857144,2.060714285714286,2.5618000000000003,2.596342857142857,2.044642857142857
29-1222.00,"Physicians, Pathologists",2.71,4.1,3.72,2.35,2.5,1.14,4.98,2.58,4.34,3.307685714285714,2.407857142857143,1.3440571428571428,1.8571428571428568,1.8731714285714285,2.4632,2.085971428571429,2.06,2.025857142857143,2.581,1.8571428571428568,1.8914285714285717
29-1223.00,Psychiatrists,3.89,4.47,4.31,3.8,4.28,3.48,4.92,2.04,4.81,3.3427714285714285,2.4285714285714284,1.9734,2.2471428571428573,2.2962571428571428,3.1586,2.8638142857142856,3.69,2.464914285714286,2.217085714285714,2.6950857142857143,2.4285714285714284
29-1224.00,Radiologists,2.84,4.04,4.25,4.48,3.29,1.51,4.6,1.73,4.45,3.754,2.4008000000000003,2.719028571428572,1.7200000000000002,2.386,2.509114285714286,1.5881714285714286,2.765714285714286,1.892242857142857,2.8813142857142857,2.354914285714286,1.7734857142857143
29-1229.01,Allergists and Immunologists,3.3,4.78,4.02,4.16,3.37,1.48,4.92,2.04,4.82,3.263642857142857,2.2928571428571427,2.8500857142857146,1.8571428571428568,2.3471714285714285,2.2426000000000004,1.7206428571428574,2.6185714285714288,2.1533714285714285,2.6753142857142858,2.4732142857142856,2.0342857142857143
29-1229.02,Hospitalists,4.2,4.84,4.28,4.12,4.28,3.08,5.0,3.0,4.76,3.728685714285714,2.407857142857143,3.358857142857143,1.8571428571428568,2.4025142857142856,2.2960000000000003,3.136685714285714,3.1750857142857143,2.7394857142857143,2.2992,2.765714285714286,2.1635714285714283
29-1229.03,Urologists,3.33,5.0,4.37,4.36,4.08,1.67,4.7,2.43,4.54,4.027199999999999,2.211428571428572,3.653714285714286,1.837942857142857,2.5645,2.745714285714286,2.6793142857142858,2.596342857142857,2.1262857142857143,3.164014285714286,2.3192,1.9285714285714288
29-1229.04,Physical Medicine and Rehabilitation Physicians,3.44,4.62,4.61,4.58,3.24,2.15,4.81,2.21,4.83,3.293485714285714,2.4971428571428573,2.6157142857142857,1.6665142857142858,3.1955142857142858,3.2365,2.2992142857142857,2.928571428571429,2.610228571428572,3.1085714285714285,2.4971428571428573,2.1635714285714283
29-1229.05,Preventive Medicine Physicians,3.32,4.53,4.0,3.95,3.0,1.89,4.94,2.89,4.67,3.524171428571428,2.8150000000000004,2.874942857142857,1.8914285714285717,2.878571428571429,3.37,2.914085714285714,3.091428571428572,3.137628571428571,3.5438,2.8150000000000004,2.4971428571428573
29-1229.06,Sports Medicine Physicians,3.56,4.96,3.91,4.01,3.2,1.64,4.95,2.35,4.17,3.6651428571428566,2.524285714285714,3.277,1.9657142857142855,2.8414857142857146,3.7531142857142856,2.2656,2.748571428571428,2.505,2.670857142857143,2.571428571428571,2.3857142857142857
29-1241.00,"Ophthalmologists, Except Pediatric",3.52,4.99,4.45,4.7,3.42,1.46,5.0,1.65,4.24,3.724885714285715,2.8150000000000004,2.755,1.8914285714285717,2.1030285714285712,2.6502142857142856,2.907342857142857,2.765714285714286,2.5158571428571426,2.7532,2.645714285714285,2.4035714285714285
29-1291.00,Acupuncturists,2.31,4.59,2.21,3.83,2.64,1.59,4.67,2.17,2.78,1.834342857142857,1.6875,3.2078285714285717,1.2857142857142856,2.0342857142857143,1.8237142857142856,1.7185428571428571,2.524285714285714,1.2795714285714284,2.2312857142857143,2.327857142857143,1.6364285714285711
29-1292.00,Dental Hygienists,2.06,4.97,2.95,3.89,3.25,1.29,4.97,1.06,3.97,2.7178,1.8571428571428568,2.9886,1.4435714285714285,1.9733714285714283,1.8339,2.384714285714286,1.9085714285714288,1.7795714285714288,2.302657142857143,1.9085714285714288,1.8571428571428568
29-1299.01,Naturopathic Physicians,3.16,4.6,3.16,4.24,2.8,1.52,4.96,2.04,3.28,2.456,1.9449142857142856,2.9456,1.7734857142857143,2.285942857142857,2.3952,2.28,2.98,1.7021714285714284,2.765028571428571,2.645714285714285,2.1357142857142857
29-1299.02,Orthoptists,2.68,4.82,3.7,4.21,3.48,1.82,5.0,2.07,4.63,3.105028571428571,2.2471428571428573,2.986914285714286,1.467857142857143,2.126171428571429,3.2464,1.7419571428571428,2.571428571428571,1.9557142857142855,1.9485714285714284,2.36,1.8057142857142856
29-2011.00,Medical and Clinical Laboratory Technologists,2.96,4.59,3.64,3.6,3.14,1.39,4.6,1.47,4.45,3.252057142857143,2.1357142857142857,1.6325,1.4691999999999998,2.3737000000000004,3.115257142857143,1.8755428571428567,1.9285714285714288,1.749142857142857,1.873,1.8057142857142856,1.7200000000000002
29-2011.01,Cytogenetic Technologists,2.38,3.43,2.81,2.1,2.15,1.05,4.86,1.62,3.95,3.0473142857142856,1.837942857142857,1.0942857142857143,1.3392000000000002,2.0485714285714285,2.191985714285714,1.6332857142857145,1.8571428571428568,1.7159285714285717,1.5137714285714288,1.7200000000000002,1.4691999999999998
29-2011.02,Cytotechnologists,2.05,3.36,2.52,2.41,2.18,1.14,4.57,1.68,3.52,2.700271428571429,1.8057142857142856,1.1628,1.2857142857142856,1.7541142857142855,1.7712142857142856,1.4146857142857143,1.8571428571428568,1.4585714285714286,1.5993142857142857,1.6391999999999998,1.3571428571428572
29-2011.04,Histotechnologists,2.76,3.76,3.1,2.38,2.38,1.05,4.43,1.6,3.9,2.551428571428572,1.6665142857142858,1.0116714285714286,1.5614285714285714,1.834342857142857,2.061814285714286,1.6974999999999998,1.7734857142857143,1.928,1.2983,1.6665142857142858,1.6364285714285711
29-2012.00,Medical and Clinical Laboratory Technicians,2.87,4.42,3.45,2.8,3.14,1.34,4.93,1.43,4.21,2.909071428571429,1.9085714285714288,1.7367142857142857,1.4906285714285716,2.164,2.6701428571428574,1.571057142857143,1.822857142857143,2.0261,1.7618,1.8571428571428568,1.4821428571428572
29-2012.01,Histology Technicians,2.56,3.88,3.04,2.16,2.56,1.2,4.52,1.6,4.08,2.4646857142857144,1.3785714285714286,1.0329142857142857,1.2036571428571428,1.648,2.092342857142857,1.4322285714285714,1.6391999999999998,1.477942857142857,1.396342857142857,1.3785714285714286,1.25
29-2031.00,Cardiovascular Technologists and Technicians,3.38,4.94,3.62,4.23,3.73,1.92,4.74,1.5,4.64,2.68,1.9285714285714288,2.652057142857143,1.5785714285714287,1.6656142857142855,1.8527285714285715,1.6317142857142857,2.216428571428572,1.7907142857142857,1.5568,2.044642857142857,1.5625
29-2032.00,Diagnostic Medical Sonographers,2.95,4.85,3.42,4.23,3.61,1.83,4.31,1.37,4.43,3.0548,1.9285714285714288,2.7287,1.5892857142857142,1.8414857142857144,2.1121,1.9676285714285715,2.225714285714286,1.7504285714285714,1.9752,1.9449142857142856,1.8571428571428568
29-2033.00,Nuclear Medicine Technologists,3.22,4.83,3.9,4.65,3.68,2.17,4.65,1.52,4.37,2.725214285714286,1.9077714285714285,3.0394,1.4691999999999998,1.8609142857142855,2.1913,1.8522857142857143,2.2308,1.9353571428571428,1.7559999999999998,2.044642857142857,1.6875
29-2034.00,Radiologic Technologists and Technicians,3.13,4.97,3.73,4.55,3.97,2.66,4.5,1.94,4.65,2.6779714285714284,1.78,2.7531428571428576,1.4435714285714285,2.2064000000000004,2.4347142857142856,2.0018857142857143,2.1677714285714287,1.7935714285714286,1.5507428571428572,2.1607142857142856,1.4017857142857142
29-2035.00,Magnetic Resonance Imaging Technologists,3.09,4.61,3.26,3.48,4.0,2.26,4.61,2.13,3.87,2.89,1.8571428571428568,3.0736000000000003,1.6063428571428573,2.4934857142857143,2.6778571428571425,1.9359,1.9449142857142856,1.868842857142857,2.2531857142857143,1.872228571428572,1.8057142857142856
29-2036.00,Medical Dosimetrists,2.6,3.9,3.47,2.45,1.95,1.2,4.8,1.65,4.1,3.445,2.0342857142857143,1.15,1.5357142857142858,1.9125,2.1567857142857143,1.5592857142857142,2.2308,2.209142857142857,1.75,2.125,1.837942857142857
29-2051.00,Dietetic Technicians,3.74,4.78,4.39,4.1,3.57,1.62,4.64,2.51,4.72,2.541671428571429,1.9085714285714288,2.0513571428571424,1.7036571428571428,2.115357142857143,2.417585714285714,2.1628,1.9449142857142856,2.224357142857143,1.7618285714285715,2.06,1.8057142857142856
29-2052.00,Pharmacy Technicians,3.63,4.84,3.79,3.75,4.3,1.68,4.56,1.68,4.45,2.4412857142857143,1.3785714285714286,2.661728571428572,1.25,2.0872571428571427,2.2692,2.1632285714285717,1.9449142857142856,1.671357142857143,2.0076,1.9449142857142856,1.4285714285714286
29-2053.00,Psychiatric Technicians,4.17,4.68,4.25,1.96,4.47,3.51,4.88,2.35,4.42,3.3648571428571428,2.086428571428572,1.454057142857143,1.8571428571428568,2.4193,2.334857142857143,3.195,2.894285714285714,2.110585714285714,1.8351428571428572,2.31,1.9449142857142856
29-2055.00,Surgical Technologists,2.99,4.67,3.97,4.05,3.13,1.52,4.5,1.57,4.82,3.3857142857142857,1.8571428571428568,1.8314285714285716,1.5207142857142857,2.2773000000000003,2.5717,1.9263142857142856,1.8571428571428568,2.113,1.496,1.8914285714285717,1.5785714285714287
29-2056.00,Veterinary Technologists and Technicians,2.98,4.67,4.0,3.86,3.35,1.36,4.31,1.49,4.57,2.7717714285714288,1.7734857142857143,3.0917285714285714,1.6665142857142858,1.9011428571428568,2.440542857142857,1.951,1.9085714285714288,1.941314285714285,2.3262714285714283,1.9085714285714288,1.7734857142857143
29-2057.00,Ophthalmic Medical Technicians,2.76,4.91,3.64,4.55,3.5,1.73,4.68,1.59,4.82,2.4960714285714287,1.6063428571428573,3.2111428571428573,1.22,2.033942857142857,2.477257142857143,2.045,1.9085714285714288,1.805,1.7657142857142858,1.9449142857142856,1.3125
29-2061.00,Licensed Practical and Licensed Vocational Nurses,3.48,4.83,4.04,3.62,4.0,2.88,4.62,1.76,4.69,2.9878857142857145,1.9449142857142856,1.9906428571428572,1.8057142857142856,2.150057142857143,2.370571428571429,2.610228571428572,2.821428571428571,2.176685714285714,1.9863142857142857,2.782857142857143,1.7734857142857143
29-2081.00,"Opticians, Dispensing",3.0,4.79,3.26,4.79,3.71,1.62,5.0,2.0,3.83,2.87,1.8057142857142856,3.9491,1.78,2.9475,2.821428571428571,2.818514285714285,1.9642857142857144,2.114028571428572,2.7314285714285718,2.25,1.9642857142857144
29-2091.00,Orthotists and Prosthetists,2.86,4.52,3.42,3.86,3.19,1.71,4.9,2.33,4.1,3.2050000000000005,1.9842857142857144,3.5543142857142858,1.6875,2.3546714285714287,2.343,2.36,2.6185714285714288,2.0656,2.7664,2.524285714285714,1.8914285714285717
29-2092.00,Hearing Aid Specialists,3.09,4.68,3.27,4.9,3.23,1.1,4.1,2.33,3.98,2.5907142857142857,2.1607142857142856,3.301228571428572,1.6875,1.4285571428571429,1.6697571428571427,2.2333285714285718,2.044642857142857,1.5114571428571428,2.474,2.4035714285714285,1.9842857142857144
29-2099.01,Neurodiagnostic Technologists,2.77,4.61,3.19,4.32,3.58,2.58,4.97,1.87,4.52,3.036571428571429,1.9449142857142856,2.8699428571428576,1.32,2.4036,2.7179,2.1098,2.0028571428571427,2.1620714285714286,1.8269428571428568,1.9449142857142856,1.25
29-2099.05,Ophthalmic Medical Technologists,3.15,4.65,3.6,4.05,3.8,2.0,4.9,1.8,4.5,2.9485714285714284,1.9085714285714288,2.9800000000000004,1.4179428571428572,2.5357142857142856,2.552142857142857,2.333928571428572,2.216428571428572,2.1335714285714285,2.1,2.0608,1.6875
29-2099.08,Patient Representatives,3.7,5.0,3.8,4.92,3.91,1.91,4.83,1.67,4.76,3.4767857142857146,1.9077714285714285,2.644,1.8914285714285717,1.841685714285714,2.1746857142857143,2.382142857142857,2.7142857142857144,2.1041714285714286,2.7080571428571427,2.662857142857143,2.354914285714286
29-9091.00,Athletic Trainers,3.59,4.87,3.59,3.94,3.63,2.29,4.88,3.38,4.8,2.6,2.4035714285714285,1.754457142857143,1.625,2.6445,2.2208,1.8496,2.571428571428571,1.825942857142857,2.111814285714286,2.354914285714286,1.9285714285714288
29-9092.00,Genetic Counselors,2.65,4.57,2.77,4.17,2.91,1.3,5.0,2.61,3.91,3.1775857142857142,1.9842857142857144,2.7275714285714283,1.8571428571428568,1.9741,2.7944285714285715,2.02,2.645714285714285,1.5949714285714287,3.1873,1.9449142857142856,1.8571428571428568
29-9093.00,Surgical Assistants,3.33,4.76,4.25,3.99,3.15,1.98,4.43,1.96,4.7,3.438285714285714,1.6665142857142858,2.8934285714285712,1.655,2.1045,2.6517571428571425,2.146142857142857,2.023657142857143,2.128,1.9857142857142855,2.105,1.655
29-9099.01,Midwives,2.71,4.52,3.7,4.25,2.69,1.37,4.71,2.52,4.59,3.182871428571429,2.125,2.932571428571429,1.6063428571428573,2.6391,2.8925714285714283,2.8079714285714283,3.1750857142857143,2.5352571428571427,3.0494714285714286,2.4732142857142856,1.8571428571428568
31-1121.00,Home Health Aides,2.82,4.37,3.76,3.33,2.96,2.13,4.21,1.63,4.21,3.1573,1.9085714285714288,2.053,1.7385714285714284,1.96,1.7158857142857142,2.0528571428571434,2.1607142857142856,1.650957142857143,1.426214285714286,2.265085714285714,1.872228571428572
31-1122.00,Personal Care Aides,3.0,4.3,3.14,3.62,2.74,1.93,4.27,1.94,3.95,2.943314285714286,1.7142857142857144,2.9554285714285715,1.4179428571428572,2.4948,3.0286,2.2696428571428573,2.283657142857143,2.734857142857143,2.747285714285714,2.662857142857143,1.4691999999999998
31-1131.00,Nursing Assistants,3.18,4.83,4.16,3.67,4.04,3.49,3.85,2.23,4.66,2.5963000000000003,1.5614285714285714,1.6102,1.22,1.7039428571428572,2.073828571428572,2.038685714285714,2.216428571428572,1.9916,1.2649142857142857,2.662857142857143,1.25
31-1132.00,Orderlies,3.72,4.91,3.96,3.39,4.05,2.84,4.42,2.33,4.51,2.217828571428571,1.36,1.8857142857142857,1.3193714285714284,1.7202285714285714,1.6389428571428573,1.8086285714285717,1.85,1.4602857142857144,1.3082857142857145,1.8908,1.2678571428571428
31-1133.00,Psychiatric Aides,4.06,4.81,4.03,3.19,4.08,3.69,4.5,2.81,4.52,3.4417714285714287,1.872228571428572,1.8181,1.822857142857143,2.251428571428572,3.349785714285714,3.1409285714285717,2.6950857142857143,2.2099,1.406,2.337142857142857,1.8571428571428568
31-2011.00,Occupational Therapy Assistants,3.37,4.85,4.25,2.97,4.05,2.81,4.67,2.24,4.6,3.517642857142857,2.044642857142857,2.5751714285714287,1.8057142857142856,2.139542857142857,2.4131285714285715,2.2744,2.596342857142857,2.071428571428572,2.201885714285714,2.337142857142857,1.8057142857142856
31-2012.00,Occupational Therapy Aides,2.87,4.95,3.8,3.05,3.95,2.45,4.77,1.91,4.55,2.918571428571429,1.8571428571428568,3.2113,1.4821428571428572,2.4858,2.3515428571428574,2.791728571428571,2.31,2.256,2.183114285714286,2.4732142857142856,1.7734857142857143
31-2021.00,Physical Therapist Assistants,3.25,4.95,4.11,4.09,3.37,2.16,4.92,2.46,4.62,3.597357142857143,2.023657142857143,3.5060285714285717,1.3785714285714286,2.1086285714285715,2.152,1.7645857142857144,2.4732142857142856,1.9717285714285715,2.097714285714286,2.205357142857143,1.8914285714285717
31-2022.00,Physical Therapist Aides,2.53,4.8,3.57,3.64,3.09,1.61,4.55,1.53,4.69,3.058,1.822857142857143,3.245,1.3785714285714286,1.7369285714285714,2.021428571428572,1.6827142857142856,2.023657142857143,2.0855714285714284,2.2119285714285715,1.9642857142857144,1.604285714285714
31-9011.00,Massage Therapists,2.31,4.62,1.73,4.15,2.19,1.35,4.77,1.4,2.5,1.8342857142857143,1.4017857142857142,3.614857142857143,1.25,1.5678571428571428,1.6880714285714284,2.0176,2.044642857142857,1.4906285714285716,2.025828571428572,2.0028571428571427,1.231428571428571
31-9091.00,Dental Assistants,3.54,4.81,4.3,3.82,3.68,1.8,4.42,3.19,4.6,3.0415714285714284,1.9085714285714288,3.200885714285714,1.51,2.402485714285714,2.2554857142857143,2.117085714285714,1.9085714285714288,2.0207999999999995,1.8372571428571427,1.9449142857142856,1.5614285714285714
31-9092.00,Medical Assistants,3.19,5.0,3.61,4.0,3.97,1.65,4.27,2.09,4.46,3.5333,1.9085714285714288,2.5451428571428574,1.51,1.936785714285714,2.284428571428572,2.148357142857143,2.662857142857143,1.7999999999999998,2.614342857142857,2.1607142857142856,1.7200000000000002
31-9093.00,Medical Equipment Preparers,3.04,4.54,3.52,4.04,3.69,1.28,4.68,1.55,4.33,3.0970285714285715,1.36,1.8422285714285715,1.147857142857143,1.8003428571428572,2.122,2.1485142857142856,1.655,1.9208857142857143,1.8112,1.625,1.231428571428571
31-9094.00,Medical Transcriptionists,2.46,4.38,3.64,3.74,2.83,1.44,4.92,1.39,4.56,2.848,1.2592,1.4158,1.157142857142857,1.2406857142857142,1.4906285714285716,1.4198285714285714,1.6875,1.2187428571428571,1.2465,1.32,1.1734857142857142
31-9095.00,Pharmacy Aides,3.22,4.85,3.79,4.53,3.93,1.84,4.36,1.24,4.66,3.484385714285714,1.2857142857142856,3.055085714285714,1.2036571428571428,1.727428571428571,3.0247428571428574,2.331185714285714,1.9257142857142855,2.790642857142857,2.3959,2.0608,1.3125
31-9096.00,Veterinary Assistants and Laboratory Animal Caretakers,3.24,4.48,3.46,3.73,3.17,1.61,4.52,2.06,4.3,2.903242857142857,1.7734857142857143,2.7464,1.36,2.047657142857143,2.282514285714286,2.3594285714285714,1.8571428571428568,1.8053714285714284,1.9344285714285716,1.9449142857142856,1.36
31-9097.00,Phlebotomists,3.64,4.82,3.82,4.27,4.14,3.05,4.82,2.45,4.59,3.260342857142857,1.8571428571428568,3.145342857142857,1.25,2.6497,2.899714285714285,2.540314285714285,2.1607142857142856,2.4406857142857143,2.0766285714285715,2.216428571428572,1.5357142857142858
31-9099.01,Speech-Language Pathology Assistants,1.95,4.77,3.7,3.4,2.13,1.59,4.74,1.58,4.02,3.579671428571429,1.8571428571428568,2.2576,1.5785714285714287,1.814,1.5833142857142857,1.6749999999999998,2.3857142857142857,1.4362142857142857,2.091514285714286,2.1492,1.6063428571428573
31-9099.02,Endoscopy Technicians,2.54,4.73,3.52,3.46,2.96,1.77,4.87,1.85,4.62,3.0862,1.8571428571428568,2.015142857142857,1.2857142857142856,2.411057142857143,2.694,2.2440571428571428,2.0028571428571427,2.0575,1.5600571428571428,1.8571428571428568,1.4435714285714285
33-1011.00,First-Line Supervisors of Correctional Officers,4.51,4.77,4.04,3.38,4.57,4.31,4.72,3.96,4.66,3.766828571428572,2.023657142857143,2.3605428571428573,2.1142857142857143,3.468642857142857,3.356914285714286,3.873185714285714,2.7142857142857144,2.758642857142857,2.338514285714286,1.8571428571428568,2.2928571428571427
33-1012.00,First-Line Supervisors of Police and Detectives,4.23,4.7,4.1,4.79,4.37,3.44,4.95,3.09,4.35,3.620828571428572,2.596342857142857,3.5469142857142857,2.0028571428571427,2.9672857142857145,3.0092857142857143,3.4581714285714287,2.7142857142857144,2.8505857142857143,3.3123142857142853,2.25,2.645714285714285
33-1021.00,First-Line Supervisors of Firefighting and Prevention Workers,3.28,4.74,4.51,4.59,3.28,2.6,4.65,3.13,4.74,3.5275,2.2071428571428573,3.986742857142857,1.9842857142857144,3.3542857142857145,3.5574857142857144,3.401614285714285,2.375,3.337814285714286,3.2822571428571425,2.31,2.023657142857143
33-1091.00,First-Line Supervisors of Security Workers,3.84,4.98,4.47,4.77,3.25,2.23,4.57,2.41,4.86,3.6,2.044642857142857,2.3335,1.872228571428572,2.904857142857143,2.130171428571429,2.9321714285714284,2.31,2.9199714285714284,2.3804,1.9085714285714288,2.044642857142857
33-2011.00,Firefighters,3.39,4.73,4.15,4.52,3.52,2.88,4.85,2.76,4.71,2.8666,1.822857142857143,3.1415285714285712,1.5785714285714287,2.390257142857143,2.7060857142857144,2.328942857142857,2.2308,2.483342857142857,2.5850285714285715,2.265085714285714,1.7734857142857143
33-2021.00,Fire Inspectors and Investigators,3.43,4.92,3.89,4.68,3.23,1.79,4.95,2.58,4.19,3.350028571428572,2.0028571428571427,3.712657142857143,1.7385714285714284,2.120228571428572,2.248214285714286,2.561,2.0608,2.106228571428572,3.6727142857142856,2.086428571428572,2.044642857142857
33-2022.00,Forest Fire Inspectors and Prevention Specialists,3.33,4.79,4.4,4.36,3.47,2.22,4.87,3.21,4.86,3.530742857142857,1.9642857142857144,3.230857142857143,1.7734857142857143,2.805,2.8395,2.550628571428572,1.822857142857143,2.8838285714285714,2.9230285714285715,1.8057142857142856,1.8914285714285717
33-3011.00,Bailiffs,3.4,4.62,3.68,4.4,3.97,3.02,4.37,2.66,4.42,3.249,1.3785714285714286,3.1842,1.6875,2.7,2.2556714285714285,3.6325,2.4485714285714284,1.9318857142857144,2.769271428571429,1.6714285714285717,1.7734857142857143
33-3012.00,Correctional Officers and Jailers,4.37,4.67,3.88,4.17,4.75,4.33,4.93,3.27,4.57,3.0635714285714286,1.822857142857143,1.9984,1.9642857142857144,2.7664,2.7506285714285714,3.2332428571428573,2.607142857142857,2.4135,2.3668,1.8571428571428568,2.02
33-3021.00,Detectives and Criminal Investigators,4.17,4.82,4.31,4.86,4.12,3.42,4.83,2.46,4.51,3.490657142857143,1.837942857142857,3.5456000000000003,1.822857142857143,2.1997,2.412185714285714,3.325,2.596342857142857,2.141928571428571,3.648057142857143,2.1142857142857143,1.9085714285714288
33-3021.02,Police Identification and Records Officers,2.67,3.66,3.26,3.45,3.19,2.34,4.37,2.16,3.93,3.1748857142857143,1.8057142857142856,2.2667,1.6428571428571428,2.0944571428571432,2.3933714285714287,2.2255714285714285,1.8571428571428568,1.6786,2.376857142857143,1.75,1.75
33-3021.06,Intelligence Analysts,2.35,4.35,3.52,3.17,2.05,1.39,4.52,2.61,4.59,3.9177142857142857,1.8914285714285717,1.1628,1.8571428571428568,2.416714285714286,2.0788,1.9163,1.8914285714285717,2.1877857142857144,3.2759571428571426,1.7734857142857143,1.8914285714285717
33-3031.00,Fish and Game Wardens,3.94,4.67,4.0,4.84,3.79,2.56,4.68,2.93,4.06,3.469785714285714,1.8914285714285717,3.4264,1.7734857142857143,2.057142857142857,2.3003857142857145,3.0466285714285712,2.19,1.8452857142857144,3.910857142857143,1.9449142857142856,2.1492
33-3041.00,Parking Enforcement Workers,3.73,3.92,3.16,4.45,4.47,2.76,4.09,1.58,4.11,3.540285714285715,1.7385714285714284,2.793014285714286,1.5300000000000002,1.9225,2.7990714285714287,2.534885714285714,1.872228571428572,1.7693714285714286,2.9530000000000003,1.822857142857143,1.5300000000000002
33-3051.00,Police and Sheriff's Patrol Officers,4.43,4.76,4.08,4.85,4.64,3.98,4.77,2.49,4.58,3.4438714285714283,1.9842857142857144,4.172185714285714,2.1492,2.423285714285714,3.019428571428572,4.109014285714284,2.645714285714285,2.5504,3.4143428571428567,2.25,2.4035714285714285
33-3051.04,Customs and Border Protection Officers,3.82,4.83,3.95,4.8,4.33,2.97,4.63,2.45,4.58,3.6197142857142857,1.75,3.5231285714285714,1.8571428571428568,2.2369000000000003,2.3208571428571423,2.4171714285714283,2.3906285714285715,1.9955714285714288,2.7405142857142857,1.8571428571428568,1.9449142857142856
33-3052.00,Transit and Railroad Police,4.21,4.7,4.33,4.71,4.11,3.64,4.29,2.66,4.1,3.214857142857143,1.8571428571428568,3.665000000000001,1.9449142857142856,2.4593857142857143,2.2698285714285715,3.5696,2.105,1.7128,2.6738714285714287,1.9085714285714288,1.9657142857142855
33-9011.00,Animal Control Workers,4.35,4.58,3.27,4.77,4.64,3.0,4.96,2.69,4.0,3.330485714285714,1.6063428571428573,3.639485714285714,1.655,2.3562857142857143,2.6068,3.2528,1.8571428571428568,2.233942857142857,3.624657142857143,1.8571428571428568,1.8057142857142856
33-9021.00,Private Detectives and Investigators,2.82,4.33,3.09,4.19,3.02,1.69,4.16,2.0,3.31,2.9522285714285714,1.4017857142857142,2.1195142857142857,1.7734857142857143,1.6306857142857143,1.7097142857142855,2.075657142857142,2.25,1.4668571428571429,3.0203857142857147,1.822857142857143,1.8057142857142856
33-9031.00,Gambling Surveillance Officers and Gambling Investigators,3.87,4.65,3.75,3.32,2.97,2.24,4.7,1.76,4.46,3.848657142857143,1.8571428571428568,1.2933571428571429,1.4691999999999998,2.286057142857143,2.467857142857143,1.9164571428571429,1.872228571428572,1.6762285714285712,2.0914,1.5508,1.51
33-9032.00,Security Guards,4.04,4.89,3.5,4.91,3.28,2.35,4.42,1.96,4.21,3.361685714285714,1.4017857142857142,3.1953142857142853,1.5508,2.4535714285714287,3.101371428571429,3.0962857142857145,1.8914285714285717,2.3986857142857145,2.860571428571429,1.7036571428571428,1.8057142857142856
33-9091.00,Crossing Guards and Flaggers,2.53,4.1,2.32,4.46,3.29,1.46,3.72,1.18,3.33,2.037042857142857,1.1885714285714286,2.087542857142857,1.2208,1.4916571428571428,1.4557142857142855,1.8844,1.7142857142857144,1.3043,1.6287142857142856,1.655,1.28
33-9092.00,"Lifeguards, Ski Patrol, and Other Recreational Protective Service Workers",2.98,4.5,3.21,3.94,3.42,1.43,4.55,2.4,4.59,2.6154571428571427,1.625,2.771428571428572,1.2857142857142856,2.390357142857143,2.4498571428571427,2.0178857142857143,2.105,2.146057142857143,2.0998,2.0028571428571427,1.5357142857142858
33-9093.00,Transportation Security Screeners,3.74,4.54,3.07,4.22,4.63,2.78,4.41,2.59,4.58,2.7077714285714287,1.7734857142857143,2.855714285714286,1.5785714285714287,2.1882714285714284,2.2276,2.0278714285714283,1.9642857142857144,1.961557142857143,1.6309142857142858,1.7857142857142856,1.8571428571428568
33-9099.02,Retail Loss Prevention Specialists,3.63,4.76,3.56,4.25,3.74,3.21,4.56,3.0,4.76,3.5488,1.8057142857142856,1.7576142857142858,1.655,2.0902857142857143,2.4532571428571432,2.3587857142857143,2.0608,2.179742857142857,1.991342857142857,1.7385714285714284,1.7200000000000002
35-1011.00,Chefs and Head Cooks,3.75,4.58,3.88,3.79,3.88,2.04,4.87,3.21,4.46,2.7258142857142857,2.31,2.3294,2.1357142857142857,3.132614285714286,2.922714285714285,2.7576285714285715,2.5428571428571427,2.7197714285714287,2.0828571428571427,2.327857142857143,2.0342857142857143
35-1012.00,First-Line Supervisors of Food Preparation and Serving Workers,3.16,4.58,3.92,4.1,3.46,1.98,3.85,3.58,4.43,2.636228571428572,2.225714285714286,2.8144,1.9449142857142856,2.853357142857143,2.6562142857142863,2.663428571428571,2.096342857142857,2.5542857142857143,2.2678857142857143,2.354914285714286,1.8914285714285717
35-2011.00,"Cooks, Fast Food",2.94,3.27,3.16,3.54,3.68,2.27,4.93,3.41,3.87,1.8485714285714288,1.32,1.5904,1.3392000000000002,1.6119999999999997,1.7009714285714286,1.6058285714285714,1.655,1.5491714285714286,1.4557000000000002,1.605714285714286,1.3785714285714286
35-2012.00,"Cooks, Institution and Cafeteria",2.81,4.62,3.73,3.21,3.31,1.54,4.8,1.79,4.47,2.478485714285714,1.6875,1.5970857142857144,1.4285714285714286,1.8619142857142856,1.9794571428571428,1.940742857142857,1.7734857142857143,1.5893571428571427,1.4720428571428572,1.9085714285714288,1.5785714285714287
35-2013.00,"Cooks, Private Household",2.19,3.62,2.04,2.96,1.88,1.04,3.62,1.88,2.42,1.5882,1.2208,1.954,1.36,1.5935714285714284,1.608142857142857,1.6321428571428571,1.8571428571428568,1.2565428571428572,2.011428571428572,2.06,1.7200000000000002
35-2014.00,"Cooks, Restaurant",2.48,4.11,3.63,2.67,2.59,1.19,3.42,1.34,4.08,1.506057142857143,1.2857142857142856,1.2305285714285714,1.3392000000000002,1.3203571428571428,1.4822142857142857,1.1988571428571428,1.5614285714285714,1.216,1.090857142857143,1.4179428571428572,1.28
35-2015.00,"Cooks, Short Order",2.0,3.66,3.52,2.42,2.35,1.11,4.66,1.38,3.92,1.8774,1.4435714285714285,1.6705285714285714,1.3571428571428572,1.3582857142857143,1.4849714285714286,1.3081857142857145,1.5785714285714287,1.4186285714285716,1.1634142857142855,1.7857142857142856,1.3785714285714286
35-2021.00,Food Preparation Workers,1.65,4.18,3.61,2.27,1.94,1.28,4.1,1.78,3.89,1.7683999999999995,1.2857142857142856,1.4610571428571428,1.2036571428571428,1.822085714285714,1.6348571428571428,1.2383428571428572,1.4906285714285716,1.5487857142857142,1.080128571428571,1.5714285714285714,1.25
35-3011.00,Bartenders,2.89,4.7,3.21,4.25,3.93,2.31,4.2,1.69,3.64,2.010228571428572,1.8571428571428568,2.868314285714286,1.7734857142857143,2.148357142857143,2.2996,2.0435857142857143,1.9642857142857144,1.8331428571428567,1.9085714285714288,2.1677714285714287,1.9085714285714288
35-3023.00,Fast Food and Counter Workers,3.23,4.89,3.64,4.43,4.41,2.66,4.36,2.35,4.71,1.8787428571428573,1.2857142857142856,2.176,1.2036571428571428,1.3232142857142857,1.614428571428571,1.8328857142857145,1.5714285714285714,1.4145142857142858,1.1723428571428571,1.7857142857142856,1.2857142857142856
35-3023.01,Baristas,3.17,4.67,3.22,4.34,3.86,1.58,4.28,2.47,4.11,2.530914285714285,1.4464285714285716,3.1375428571428574,1.5357142857142858,1.6591,2.064,1.957642857142857,1.7934857142857146,1.457542857142857,2.032,1.9792,1.625
35-3031.00,Waiters and Waitresses,2.65,4.82,3.91,3.46,3.12,1.23,4.52,2.83,4.46,2.422285714285714,1.3008,2.8580714285714284,1.32,1.4269571428571428,1.3712285714285717,1.8207,1.85,1.5824,1.3297857142857143,2.2342857142857144,1.595
35-3041.00,"Food Servers, Nonrestaurant",2.9,4.31,3.92,3.66,3.83,1.97,4.68,2.45,4.36,2.591285714285714,1.3008,3.030571428571428,1.2208,2.0702714285714285,2.08,1.9881857142857144,1.7036571428571428,1.6153857142857144,2.0260714285714285,1.605714285714286,1.32
35-9011.00,Dining Room and Cafeteria Attendants and Bartender Helpers,2.96,4.76,2.78,3.94,3.57,1.52,4.46,2.71,4.62,2.753814285714286,1.268571428571429,2.3728,1.25,1.787142857142857,1.8824285714285716,1.8626,1.537142857142857,1.8215,1.4619285714285717,1.605714285714286,1.268571428571429
35-9021.00,Dishwashers,2.09,3.85,3.38,2.3,1.54,1.28,4.39,1.96,3.77,1.6994285714285713,1.1428571428571428,1.2833714285714286,1.1885714285714286,1.548657142857143,1.6771857142857145,1.3935428571428572,1.4285714285714286,1.3584571428571428,1.1723142857142856,1.32,1.2036571428571428
35-9031.00,"Hosts and Hostesses, Restaurant, Lounge, and Coffee Shop",2.97,4.81,3.61,3.93,3.6,1.4,4.72,2.1,4.66,1.8401,1.394285714285714,2.267714285714286,1.5785714285714287,1.7927142857142857,1.6422571428571429,2.2126,1.822857142857143,1.501,1.8967,1.9085714285714288,1.6063428571428573
37-1011.00,First-Line Supervisors of Housekeeping and Janitorial Workers,3.19,4.45,4.07,3.08,2.41,1.65,4.81,3.0,4.62,3.4495,1.9449142857142856,2.5486714285714287,1.8571428571428568,2.7864,3.0274,2.513114285714286,2.023657142857143,2.6244571428571426,1.4902857142857142,1.9449142857142856,1.837942857142857
37-1012.00,"First-Line Supervisors of Landscaping, Lawn Service, and Groundskeeping Workers",3.51,4.57,4.53,4.1,3.29,1.79,4.78,1.91,4.65,3.172228571428572,1.9642857142857144,2.549542857142857,1.8057142857142856,2.9393,2.647685714285714,2.539285714285714,2.1635714285714283,2.6632,2.323771428571429,1.9449142857142856,1.9085714285714288
37-2011.00,"Janitors and Cleaners, Except Maids and Housekeeping Cleaners",1.98,3.71,3.02,2.22,2.7,1.79,4.4,1.54,3.15,2.6965000000000003,1.2208,1.6656,1.268571428571429,1.635142857142857,1.925814285714286,1.7185857142857144,1.4906285714285716,1.9396,1.3443142857142858,1.4821428571428572,1.32
37-2012.00,Maids and Housekeeping Cleaners,2.06,3.76,2.9,3.29,2.97,1.44,4.41,1.5,3.91,1.792,1.3392000000000002,1.9471,1.3392000000000002,1.3697857142857142,1.4140714285714284,1.4843428571428572,1.5693714285714286,1.4101714285714286,1.3186857142857142,1.7934857142857146,1.3392000000000002
37-2021.00,Pest Control Workers,2.72,4.38,2.48,4.0,2.89,1.52,4.7,1.56,3.17,2.7528571428571427,1.7734857142857143,2.6431714285714287,1.872228571428572,1.5092714285714286,1.6948,1.887142857142857,1.9792,1.5475,2.5908,1.9642857142857144,1.9085714285714288
37-3011.00,Landscaping and Groundskeeping Workers,3.2,3.19,2.89,2.26,3.3,1.77,3.98,1.29,3.98,1.6692571428571428,1.25,1.3492,1.1734857142857142,1.859057142857143,1.605785714285714,1.2586285714285714,1.4285714285714286,1.6035714285714286,1.0814857142857144,1.4542857142857144,1.231428571428571
37-3012.00,"Pesticide Handlers, Sprayers, and Applicators, Vegetation",2.77,3.62,3.58,3.99,3.04,1.51,4.23,2.0,3.6,2.52,1.4179428571428572,2.9565,1.345,1.8617142857142857,2.0622857142857143,2.1087857142857143,1.7142857142857144,1.6059714285714286,2.4045,1.4821428571428572,1.4691999999999998
37-3013.00,Tree Trimmers and Pruners,2.52,4.22,3.04,3.43,2.38,1.56,4.72,1.46,4.23,2.2393,1.8571428571428568,1.5916,1.3571428571428572,1.7762714285714285,2.097657142857143,1.5981428571428573,1.5785714285714287,1.3529714285714285,1.4669714285714286,1.6714285714285717,1.4179428571428572
39-1013.00,First-Line Supervisors of Gambling Services Workers,4.28,4.85,3.78,4.9,4.4,2.48,4.42,2.12,4.73,2.482,2.086428571428572,3.537228571428571,1.9449142857142856,2.1914571428571428,1.8142857142857145,2.382485714285714,2.25,1.8688857142857145,1.5436,2.44,1.8914285714285717
39-1022.00,First-Line Supervisors of Personal Service Workers,3.64,5.0,4.7,4.0,3.77,1.75,4.53,2.39,4.83,3.4217142857142857,1.9642857142857144,2.068342857142857,1.8571428571428568,2.377042857142857,2.3588714285714287,2.3690285714285717,2.524285714285714,1.876,2.152957142857143,2.1228571428571428,2.071428571428572
39-2011.00,Animal Trainers,2.97,4.23,3.73,3.9,2.71,1.5,4.52,2.87,3.62,2.819928571428572,2.225714285714286,3.016114285714286,1.4821428571428572,2.299428571428572,3.008457142857143,2.1978285714285715,1.8571428571428568,1.7113428571428573,2.8117857142857146,1.8571428571428568,1.7734857142857143
39-2021.00,Animal Caretakers,3.21,4.76,3.36,3.62,3.23,1.37,4.88,2.28,4.56,2.7572,1.32,2.213714285714285,1.231428571428571,1.5724,1.8316,1.822857142857143,1.5625,1.5115857142857143,2.0496,1.822857142857143,1.22
39-3011.00,Gambling Dealers,3.1,4.62,3.2,4.41,4.33,2.16,4.53,2.76,4.39,2.1664000000000003,1.6063428571428573,2.646071428571429,1.4435714285714285,1.5623714285714287,1.510857142857143,1.6131571428571427,1.8328571428571427,1.3983571428571429,1.6279,1.872228571428572,1.5508
39-3012.00,Gambling and Sports Book Writers and Runners,2.45,4.62,3.15,4.14,3.34,1.41,4.21,2.82,4.44,2.3986,1.4017857142857142,3.2241142857142857,1.3571428571428572,1.5519571428571428,1.9147714285714288,1.725485714285714,1.822857142857143,1.4485714285714284,2.035,1.7036571428571428,1.5357142857142858
39-3021.00,Motion Picture Projectionists,2.55,3.52,2.56,2.87,2.47,1.13,4.33,1.53,3.46,2.393885714285714,1.268571428571429,1.9122142857142856,1.2857142857142856,1.4031714285714283,1.7379571428571428,1.3651428571428572,1.604285714285714,1.1436714285714285,1.3693428571428572,1.5357142857142858,1.32
39-3031.00,"Ushers, Lobby Attendants, and Ticket Takers",3.32,4.86,3.14,4.54,3.93,2.61,4.69,1.97,3.95,1.7874,1.0992,2.626228571428572,1.604285714285714,1.4914,1.637,1.8470142857142855,2.02,1.4665142857142857,1.7228571428571429,1.9642857142857144,1.6714285714285717
39-3091.00,Amusement and Recreation Attendants,2.82,4.94,3.64,4.85,3.48,1.61,4.99,3.47,4.18,2.210628571428572,1.32,3.370642857142857,1.302857142857143,1.718557142857143,1.9059142857142857,1.7603142857142855,1.68,1.6121285714285714,1.7739714285714283,1.8328571428571427,1.4928571428571429
39-3092.00,Costume Attendants,2.59,4.47,3.82,2.75,2.42,1.29,4.73,1.76,4.83,2.640571428571429,1.4285714285714286,1.09,1.595,1.6835714285714285,1.648685714285714,1.9192857142857145,1.8571428571428568,1.6954571428571428,1.194071428571429,1.7385714285714284,1.595
39-3093.00,"Locker Room, Coatroom, and Dressing Room Attendants",2.76,4.73,3.06,4.42,3.46,1.39,4.43,1.19,3.95,1.6647142857142858,1.231428571428571,2.7058857142857144,1.4285714285714286,1.2562285714285717,1.2651428571428571,1.6496,1.7934857142857146,1.283957142857143,1.4359142857142857,1.935714285714286,1.4017857142857142
39-4011.00,Embalmers,4.02,4.56,4.39,4.62,3.38,1.67,4.97,3.39,4.14,2.647685714285714,1.6063428571428573,2.777285714285714,1.5165142857142857,1.5742857142857145,1.7592,1.8245142857142855,2.1750857142857143,1.5333142857142856,2.8321428571428573,1.9085714285714288,1.3785714285714286
39-4021.00,Funeral Attendants,2.02,4.21,3.21,4.0,2.2,1.31,4.53,2.2,4.22,2.776342857142857,1.2142857142857144,3.206757142857143,1.1885714285714286,1.4831857142857143,1.5635,1.4500000000000002,2.044642857142857,1.7148857142857143,2.1454,2.0028571428571427,1.2857142857142856
39-4031.00,"Morticians, Undertakers, and Funeral Arrangers",2.85,4.73,3.85,4.56,2.89,1.65,4.78,2.9,4.25,3.3643,1.8571428571428568,3.809671428571429,2.06,1.8489714285714285,1.7258285714285715,2.902857142857143,2.9522285714285714,2.025828571428572,3.017428571428572,2.645714285714285,2.06
39-5011.00,Barbers,2.24,4.81,2.94,3.37,2.56,1.68,4.29,2.28,3.23,1.360642857142857,1.0664285714285715,3.768228571428572,1.2142857142857144,1.1878857142857142,1.2252571428571428,1.664857142857143,1.872228571428572,1.3503142857142858,2.0329428571428574,1.9085714285714288,1.3571428571428572
39-5012.00,"Hairdressers, Hairstylists, and Cosmetologists",2.64,4.82,3.42,4.48,2.71,1.07,4.83,1.85,3.91,2.2206,1.8057142857142856,3.3777571428571425,1.595,2.0388,2.2446,2.3811142857142857,1.9449142857142856,1.968457142857143,2.492114285714286,2.216428571428572,1.7385714285714284
39-5091.00,"Makeup Artists, Theatrical and Performance",2.48,4.62,3.19,3.05,2.67,1.33,4.86,1.95,4.57,3.2295,1.6364285714285711,1.8609142857142855,1.4435714285714285,1.975,2.162928571428572,2.445,1.8571428571428568,2.178571428571429,1.9517857142857145,1.8571428571428568,1.7385714285714284
39-5092.00,Manicurists and Pedicurists,1.44,4.5,2.88,2.4,1.95,1.18,3.84,1.11,3.47,1.3285714285714287,1.32,2.155,1.4542857142857144,1.385557142857143,1.2652,1.7235999999999998,1.7485714285714289,1.125357142857143,1.2712,1.7485714285714289,1.4906285714285716
39-5093.00,Shampooers,1.9,4.92,3.38,4.03,2.89,1.24,4.54,1.38,4.45,2.359285714285714,1.32,2.537,1.289285714285714,1.6336,1.8034285714285716,1.875114285714286,1.655,1.4641000000000002,1.7029999999999998,1.7857142857142856,1.3193714285714284
39-5094.00,Skincare Specialists,2.45,4.99,3.3,4.58,2.41,1.25,5.0,1.71,3.9,2.7231428571428573,1.7036571428571428,2.6140714285714286,1.5508,2.317857142857143,2.353142857142857,2.1399142857142857,1.9085714285714288,2.3579,2.107428571428572,2.31,1.625
39-6011.00,Baggage Porters and Bellhops,2.98,4.41,3.27,4.35,3.64,1.67,4.15,1.55,4.28,2.6944285714285714,1.5357142857142858,3.728457142857143,1.3785714285714286,2.186142857142857,2.139685714285714,2.095757142857143,1.6391999999999998,2.1090142857142857,2.544,2.178571428571429,1.3785714285714286
39-6012.00,Concierges,3.14,4.73,3.5,4.27,3.27,1.82,4.82,2.91,4.0,2.9175000000000004,1.2857142857142856,3.0988,1.7200000000000002,2.3257142857142856,2.2206,2.222557142857143,2.2857142857142856,1.927042857142857,3.021571428571429,2.7142857142857144,1.8571428571428568
39-7011.00,Tour Guides and Escorts,2.3,4.45,3.99,4.37,2.34,1.4,4.49,4.49,4.21,2.373628571428571,1.4435714285714285,3.2701,1.32,1.5391428571428571,1.9183571428571429,1.3320142857142858,1.9642857142857144,1.3156857142857143,2.761428571428572,1.872228571428572,1.4906285714285716
39-7012.00,Travel Guides,2.76,4.81,4.16,4.34,2.96,1.61,4.41,2.87,4.38,2.145057142857143,1.75,3.7356857142857143,2.023657142857143,1.6314285714285717,2.331542857142857,2.6011285714285712,2.337142857142857,1.9057142857142857,3.770742857142857,2.729371428571429,2.327857142857143
39-9011.00,Childcare Workers,3.42,4.76,3.61,3.39,2.93,2.22,4.55,2.09,4.46,2.1256,1.822857142857143,1.8854714285714285,1.655,1.5816571428571429,1.771,2.109742857142857,2.044642857142857,1.785685714285714,1.6521285714285714,2.105,1.7734857142857143
39-9011.01,Nannies,3.16,4.38,2.96,1.96,2.92,1.76,4.67,1.08,3.24,2.4016,1.9642857142857144,1.1088,1.8571428571428568,2.0845714285714285,2.059542857142857,2.402971428571429,2.5428571428571427,1.312,1.294857142857143,2.375,2.1677714285714287
39-9031.00,Exercise Trainers and Group Fitness Instructors,2.67,4.76,3.71,4.38,2.95,1.45,4.76,3.67,3.52,2.3998428571428567,2.607142857142857,3.068142857142857,1.2857142857142856,2.711914285714286,2.817142857142857,1.762714285714286,1.9085714285714288,1.5983999999999998,1.504,2.2767857142857144,1.7734857142857143
39-9032.00,Recreation Workers,3.02,4.81,3.88,3.54,3.54,2.28,4.59,2.94,4.49,3.1294,2.327857142857143,2.6560571428571427,1.822857142857143,2.436914285714286,2.4556571428571425,2.8637714285714284,2.7142857142857144,2.6068571428571428,2.573457142857143,2.607142857142857,1.9449142857142856
39-9041.00,Residential Advisors,4.13,4.57,3.62,3.43,3.42,2.55,4.49,2.81,4.33,2.8943714285714286,1.8057142857142856,2.051514285714286,2.1228571428571428,2.3589714285714285,2.33,2.778142857142857,2.5,2.245342857142857,2.3695000000000004,2.1677714285714287,2.02
41-1011.00,First-Line Supervisors of Retail Sales Workers,3.55,4.85,4.38,4.55,3.59,1.37,4.95,1.95,4.76,2.7081142857142857,2.1635714285714283,3.024,2.1635714285714283,2.857857142857143,2.8893142857142857,2.8702428571428573,2.3392857142857144,2.3468,2.6325142857142856,2.4732142857142856,2.1635714285714283
41-1012.00,First-Line Supervisors of Non-Retail Sales Workers,3.51,4.7,4.56,4.23,3.14,1.25,4.91,3.45,4.66,3.6877,2.2857142857142856,1.8414285714285712,2.4035714285714285,3.297428571428572,2.788428571428572,2.693657142857143,2.645714285714285,2.616357142857143,2.5732,1.9449142857142856,2.524285714285714
41-2011.00,Cashiers,2.43,4.96,3.51,3.72,4.11,1.74,4.56,2.83,4.02,1.8003999999999998,1.394285714285714,2.4452857142857143,1.394285714285714,1.4004,1.4986142857142857,1.4073142857142855,1.7857142857142856,1.2719714285714283,1.6264,1.872228571428572,1.394285714285714
41-2012.00,Gambling Change Persons and Booth Cashiers,3.35,4.87,2.82,4.28,4.61,2.27,4.71,1.86,3.67,2.738657142857143,1.4179428571428572,3.117714285714286,1.4906285714285716,2.122,2.019857142857143,2.5772571428571425,1.605714285714286,1.7888,1.7426428571428572,1.822857142857143,1.5207142857142857
41-2021.00,Counter and Rental Clerks,3.8,4.91,3.53,4.43,4.03,1.63,5.0,1.66,4.52,2.3672571428571425,1.5614285714285714,3.1672,1.7734857142857143,1.8431285714285717,1.8323,2.0191,1.872228571428572,1.5375285714285716,2.0584285714285717,2.105,1.7734857142857143
41-2022.00,Parts Salespersons,3.72,5.0,3.96,4.84,3.99,1.97,4.24,1.91,4.88,2.9765,1.6714285714285717,3.324114285714286,1.8057142857142856,2.047714285714286,2.354285714285714,2.733485714285714,1.9792,2.1664,3.4137142857142857,2.1677714285714287,2.2767857142857144
41-2031.00,Retail Salespersons,3.08,4.89,3.61,4.6,3.88,1.55,4.88,1.98,4.35,2.1622142857142856,1.7385714285714284,3.5758,2.3392857142857144,1.4228,1.477942857142857,2.2355,2.1142857142857143,1.4858571428571428,1.6551999999999998,2.524285714285714,2.645714285714285
41-3011.00,Advertising Sales Agents,3.01,4.79,3.04,4.81,3.15,1.08,4.71,2.91,4.34,3.0860000000000003,1.4910714285714284,3.405785714285714,2.524285714285714,1.5427714285714282,1.4216,3.254142857142857,2.4893714285714283,1.641142857142857,3.991942857142857,2.5428571428571427,2.7142857142857144
41-3021.00,Insurance Sales Agents,3.45,4.73,3.26,4.97,3.14,1.13,4.93,2.22,3.67,2.1842571428571427,1.6665142857142858,2.363371428571429,2.086428571428572,1.3210285714285717,1.3662285714285716,1.9840285714285717,1.9085714285714288,1.5428000000000002,1.9964285714285717,2.19,2.4522285714285714
41-3031.00,"Securities, Commodities, and Financial Services Sales Agents",2.9,4.69,3.07,4.28,2.81,1.23,4.71,2.27,4.11,2.787357142857143,1.8728571428571428,2.2699,1.9285714285714288,1.742257142857143,1.6473571428571427,2.298757142857143,2.105,1.6239142857142856,2.843342857142857,2.1635714285714283,2.2928571428571427
41-3041.00,Travel Agents,3.07,4.45,3.19,4.43,2.6,1.31,4.05,1.54,3.43,2.489285714285714,1.6063428571428573,2.9560285714285714,1.9842857142857144,1.7197428571428572,1.8271428571428572,2.2826,2.225714285714286,1.233142857142857,2.8364857142857147,2.782857142857143,2.31
41-4011.00,"Sales Representatives, Wholesale and Manufacturing, Technical and Scientific Products",3.54,4.57,3.78,3.81,3.52,1.2,4.56,2.07,4.26,2.5012,1.837942857142857,1.2921857142857145,2.7142857142857144,1.251742857142857,1.328242857142857,2.1804,2.5428571428571427,1.3714285714285714,2.3615000000000004,2.327857142857143,2.8571428571428568
41-4011.07,Solar Sales Representatives and Assessors,2.43,4.95,3.86,4.94,2.33,1.33,3.78,1.75,4.57,2.644857142857143,1.8057142857142856,1.6917142857142855,2.1635714285714283,1.8452285714285712,2.0012857142857143,1.9343428571428567,2.1142857142857143,1.6886285714285716,2.6772857142857145,2.4035714285714285,2.4522285714285714
41-4012.00,"Sales Representatives, Wholesale and Manufacturing, Except Technical and Scientific Products",3.31,5.0,4.32,4.91,3.58,1.11,4.65,2.08,4.91,3.07,1.6875,2.514571428571428,2.524285714285714,1.6139428571428571,1.3642571428571428,2.6226000000000003,2.375,1.1853,2.3608,1.9449142857142856,2.571428571428571
41-9011.00,Demonstrators and Product Promoters,2.87,4.82,3.2,4.44,3.45,1.14,4.27,3.0,3.85,2.2685142857142857,1.5914285714285714,3.6286857142857145,1.5677714285714286,1.5505714285714287,1.8398285714285716,1.386742857142857,1.9285714285714288,1.7425714285714284,2.723585714285715,2.0028571428571427,2.3857142857142857
41-9012.00,Models,1.73,4.69,2.66,2.16,1.6,1.17,3.98,2.12,3.32,1.3955714285714285,1.0135714285714286,1.5425,1.25,1.0268714285714289,1.0726857142857142,1.1165714285714283,1.7036571428571428,1.0675,1.1110285714285717,1.2036571428571428,1.25
41-9021.00,Real Estate Brokers,3.14,4.69,3.9,4.46,3.2,1.24,4.78,2.76,4.26,2.480242857142857,1.4821428571428572,2.2834,2.4971428571428573,1.8848285714285715,1.7441285714285717,2.6517285714285714,2.0608,1.479942857142857,2.6142142857142856,2.044642857142857,2.4285714285714284
41-9022.00,Real Estate Sales Agents,3.29,4.95,3.84,3.86,3.21,1.62,4.72,2.67,3.63,3.0560714285714288,1.6942857142857144,3.153142857142857,2.596342857142857,2.276,2.1016000000000004,4.0295000000000005,2.4732142857142856,2.37,3.3807142857142853,2.3392857142857144,2.542057142857143
41-9031.00,Sales Engineers,2.95,4.56,4.01,4.57,2.31,1.0,4.46,2.69,4.19,3.0973714285714284,2.275,1.688242857142857,2.645714285714285,1.7193999999999998,2.383942857142857,1.9523571428571431,2.662857142857143,1.4747428571428571,3.422742857142857,2.524285714285714,2.894285714285714
41-9041.00,Telemarketers,2.51,4.88,2.54,4.45,4.17,1.25,3.62,1.79,3.28,3.1461142857142854,1.2232142857142858,1.8514285714285716,1.7485714285714289,1.378857142857143,1.7559999999999998,2.7325,1.9642857142857144,1.6040285714285714,3.422,2.1142857142857143,2.613485714285714
41-9091.00,"Door-to-Door Sales Workers, News and Street Vendors, and Related Workers",2.54,4.48,2.92,4.7,2.71,1.25,4.14,3.7,3.05,2.0415714285714284,1.4179428571428572,3.1204857142857145,2.086428571428572,2.5142857142857142,2.0994,1.7428571428571429,2.225714285714286,2.1822,2.5645857142857142,2.1677714285714287,2.7142857142857144
43-1011.00,First-Line Supervisors of Office and Administrative Support Workers,3.44,4.7,4.07,4.0,3.15,1.24,4.93,2.04,4.53,3.029714285714286,2.422142857142857,1.9107857142857143,2.354914285714286,2.9474714285714287,2.386385714285714,2.936628571428572,2.662857142857143,2.3794000000000004,2.4578,2.31,2.31
43-2011.00,"Switchboard Operators, Including Answering Service",3.59,4.98,3.31,4.39,4.34,1.75,4.6,1.61,4.35,2.402742857142857,1.268571428571429,2.5561142857142856,1.3392000000000002,1.2054571428571428,1.205657142857143,1.5654142857142856,2.071428571428572,1.344,1.6226285714285713,1.872228571428572,1.4435714285714285
43-2021.00,Telephone Operators,3.14,5.0,3.92,4.68,3.9,1.72,4.6,2.69,4.67,2.434214285714286,1.268571428571429,3.0037285714285717,1.22,1.641142857142857,1.869657142857143,1.6640285714285716,1.872228571428572,1.2432571428571428,2.0296000000000003,2.1142857142857143,1.25
43-3011.00,Bill and Account Collectors,3.57,4.9,3.34,3.97,4.63,1.38,3.8,1.77,3.5,2.3961428571428574,1.4691999999999998,1.4028571428571428,1.8914285714285717,1.4285714285714286,1.6392571428571427,2.3072,2.02,1.428742857142857,1.785057142857143,1.7857142857142856,2.2308
43-3021.00,Billing and Posting Clerks,2.26,4.32,2.58,3.33,2.96,1.26,4.0,1.07,4.03,2.274514285714286,1.3808,1.2473714285714286,1.4017857142857142,1.4616857142857145,1.4224,1.6128285714285715,1.7036571428571428,1.2231571428571428,2.0841142857142856,1.7385714285714284,1.3392000000000002
43-3031.00,"Bookkeeping, Accounting, and Auditing Clerks",2.99,4.48,3.38,3.61,2.68,1.09,4.55,1.89,3.92,2.5671142857142857,1.32,1.9211428571428573,1.4249999999999998,1.3808,1.4048714285714283,1.9274714285714285,1.6875,1.3824571428571428,2.3400714285714286,1.7734857142857143,1.3785714285714286
43-3041.00,Gambling Cage Workers,3.22,4.96,3.63,4.6,4.07,1.63,3.88,1.95,4.28,2.4897142857142858,1.7385714285714284,2.603285714285714,1.7036571428571428,1.875257142857143,2.2307714285714284,1.957,1.8571428571428568,1.828,1.685714285714286,1.8571428571428568,1.604285714285714
43-3051.00,Payroll and Timekeeping Clerks,2.35,3.82,2.36,2.29,2.73,1.32,4.83,1.88,4.5,2.8042857142857143,1.3785714285714286,1.0971142857142857,1.2857142857142856,1.1672,1.617142857142857,1.7382857142857144,1.7734857142857143,1.5258285714285715,1.6567714285714286,1.7857142857142856,1.2857142857142856
43-3061.00,Procurement Clerks,2.55,4.58,3.13,3.4,2.37,1.0,4.29,1.22,4.26,3.1635714285714287,1.4821428571428572,1.5125714285714285,1.94,1.7857,1.782,2.046742857142857,2.1228571428571428,1.2835,2.579414285714286,1.9085714285714288,1.6391999999999998
43-3071.00,Tellers,3.36,4.96,3.8,4.06,3.91,2.29,4.88,2.42,4.53,2.900514285714286,1.7734857142857143,3.2338857142857145,1.4542857142857144,1.641057142857143,1.5682857142857145,2.5863857142857145,1.9085714285714288,1.6892285714285715,2.088028571428572,1.9085714285714288,1.595
43-4011.00,Brokerage Clerks,3.21,4.84,3.12,4.44,2.82,1.11,4.67,1.32,4.35,1.9742857142857144,1.4285714285714286,1.161142857142857,1.6714285714285717,1.3408,1.4051285714285715,1.5867857142857142,1.8571428571428568,1.2557285714285715,2.6146,1.8914285714285717,1.4542857142857144
43-4021.00,Correspondence Clerks,3.17,4.79,3.32,3.82,3.04,1.17,4.76,1.49,4.38,2.7438571428571428,1.3571428571428572,1.8973714285714287,1.6364285714285711,1.3732142857142855,1.5434,1.7975,1.872228571428572,1.4774,2.422142857142857,1.8571428571428568,1.7200000000000002
43-4031.00,"Court, Municipal, and License Clerks",3.2,4.79,3.44,4.41,3.88,2.02,4.74,2.34,4.2,2.794914285714286,1.4691999999999998,2.8045,1.36,1.6677142857142857,1.8556,1.8319428571428569,1.8839285714285712,1.4576714285714285,2.320157142857143,1.9085714285714288,1.4179428571428572
43-4041.00,"Credit Authorizers, Checkers, and Clerks",4.13,4.88,3.77,4.66,3.84,1.4,4.7,1.63,4.63,2.9647,1.625,1.662285714285714,1.4928571428571429,1.7755428571428569,2.007142857142857,2.386785714285714,1.9085714285714288,1.9237142857142857,2.9979285714285715,1.8571428571428568,1.6364285714285711
43-4051.00,Customer Service Representatives,3.32,4.85,3.6,4.79,4.21,1.71,3.61,1.65,4.03,3.246314285714285,1.7200000000000002,2.9546,1.8571428571428568,1.6788571428571428,2.350371428571428,2.5652,1.8571428571428568,1.6631428571428573,2.840242857142857,2.551428571428572,1.8571428571428568
43-4061.00,"Eligibility Interviewers, Government Programs",2.38,4.42,3.01,4.28,2.96,1.63,3.95,1.83,4.25,3.225142857142857,1.3808,3.723271428571428,1.822857142857143,1.342657142857143,1.3435714285714284,2.213457142857143,2.524285714285714,1.7339857142857145,2.661828571428572,2.354914285714286,1.7734857142857143
43-4071.00,File Clerks,2.86,4.65,3.19,3.89,2.88,1.43,4.78,1.66,4.11,2.8937285714285714,1.3571428571428572,1.85,1.394285714285714,1.7517428571428573,2.1433,2.4206142857142856,1.7142857142857144,2.3249714285714287,2.3735,1.872228571428572,1.3785714285714286
43-4081.00,"Hotel, Motel, and Resort Desk Clerks",3.81,4.95,3.97,4.72,4.27,1.84,4.84,2.43,4.8,2.8329142857142857,1.7734857142857143,3.3626428571428573,1.7734857142857143,1.8916857142857144,1.972985714285714,2.6808,2.2767857142857144,1.768571428571429,2.058,2.354914285714286,1.7734857142857143
43-4111.00,"Interviewers, Except Eligibility and Loan",3.8,5.0,3.85,4.36,3.97,1.98,4.78,2.14,4.92,3.399542857142857,1.7734857142857143,2.9918,1.8914285714285717,2.626857142857143,3.0101714285714283,2.596,2.105,2.403657142857143,3.1690428571428573,2.044642857142857,1.8914285714285717
43-4121.00,"Library Assistants, Clerical",3.12,4.54,3.28,3.84,3.15,1.37,4.82,2.78,4.35,2.7026285714285714,1.625,2.4586,1.302857142857143,1.7493142857142856,1.551742857142857,1.842057142857143,1.7385714285714284,1.4074,1.578285714285714,2.02,1.3392000000000002
43-4131.00,Loan Interviewers and Clerks,3.63,4.97,3.74,4.73,3.72,1.27,4.64,2.16,4.11,2.9477714285714285,1.8571428571428568,3.5688,1.8057142857142856,1.483042857142857,1.3128714285714285,2.2824,2.0608,1.8757714285714289,2.2950285714285714,1.9285714285714288,1.8914285714285717
43-4141.00,New Accounts Clerks,3.08,4.89,3.83,4.47,3.25,1.31,4.69,1.8,4.1,2.6518571428571427,1.394285714285714,2.517085714285714,1.394285714285714,1.854,1.6140571428571429,2.3845857142857145,1.9642857142857144,1.5314571428571426,1.9035714285714285,2.1492,1.822857142857143
43-4151.00,Order Clerks,2.81,4.32,3.67,4.01,2.96,1.21,4.6,1.32,4.01,3.621257142857143,1.394285714285714,1.637,1.7734857142857143,1.6511999999999998,2.5204,2.6652142857142858,1.8571428571428568,1.8400000000000003,2.498285714285714,2.1607142857142856,1.8571428571428568
43-4161.00,"Human Resources Assistants, Except Payroll and Timekeeping",3.76,4.91,3.89,3.99,3.5,1.94,4.53,1.77,4.63,3.466357142857144,1.6171428571428572,1.918128571428572,1.5785714285714287,1.8391857142857144,1.8652,2.458,2.1492,1.7594714285714288,2.782857142857143,1.8571428571428568,1.7385714285714284
43-4171.00,Receptionists and Information Clerks,3.25,4.88,2.67,4.32,3.45,1.57,4.38,2.05,4.13,2.4533714285714283,1.4628571428571429,2.8095,1.4249999999999998,1.560857142857143,1.4609142857142856,2.3072,1.872228571428572,1.3302857142857143,2.178228571428572,2.216428571428572,1.5785714285714287
43-4181.00,Reservation and Transportation Ticket Agents and Travel Clerks,3.64,4.99,3.23,4.62,4.02,1.54,4.6,3.47,4.44,3.237857142857143,1.7385714285714284,3.699657142857143,1.7734857142857143,1.4192285714285715,1.8034,2.87,2.1677714285714287,1.5646285714285717,2.981514285714286,2.607142857142857,1.9642857142857144
43-5011.00,Cargo and Freight Agents,2.65,4.48,2.96,3.37,3.67,1.94,4.57,2.4,3.85,2.166628571428572,1.5357142857142858,1.8607857142857145,1.9449142857142856,1.4148571428571428,1.382657142857143,2.087085714285714,1.8571428571428568,1.1687285714285711,2.3379142857142856,1.8571428571428568,1.7734857142857143
43-5011.01,Freight Forwarders,4.05,4.69,3.51,4.5,3.42,1.16,4.34,1.8,4.17,3.3177,1.7200000000000002,2.743128571428572,2.086428571428572,2.6806428571428573,2.7225,3.2073142857142853,2.044642857142857,2.9810000000000003,2.992714285714285,2.0028571428571427,1.9842857142857144
43-5021.00,Couriers and Messengers,2.98,4.69,3.01,3.37,3.42,2.35,4.72,1.62,4.11,2.2822857142857145,1.2036571428571428,1.7115714285714287,1.28,1.0538857142857143,1.1216,1.423857142857143,1.595,1.0490285714285714,1.8025857142857145,1.7485714285714289,1.345
43-5031.00,Public Safety Telecommunicators,4.68,4.99,3.95,4.99,4.71,3.33,4.17,1.18,4.82,3.557028571428572,1.8571428571428568,3.438428571428571,1.8057142857142856,2.6110857142857142,2.601357142857143,3.0507142857142857,2.645714285714285,2.140142857142857,3.997,2.327857142857143,1.9449142857142856
43-5032.00,"Dispatchers, Except Police, Fire, and Ambulance",3.86,4.92,4.79,3.86,4.44,1.91,4.97,1.7,4.69,2.407842857142857,1.625,2.2222857142857144,1.6364285714285711,2.039028571428571,2.0302285714285717,2.2408,1.9085714285714288,1.6213857142857144,2.092457142857143,1.872228571428572,1.7200000000000002
43-5041.00,"Meter Readers, Utilities",3.26,3.76,3.4,4.06,3.92,2.44,3.58,1.39,3.91,2.3965,1.51,2.3482857142857143,1.4179428571428572,1.3968000000000005,1.7346857142857144,1.6225,1.5300000000000002,1.5857428571428571,2.303714285714286,1.7857142857142856,1.4542857142857144
43-5051.00,Postal Service Clerks,3.45,4.61,2.98,4.43,3.96,2.1,3.73,1.92,4.06,2.6211857142857142,1.2857142857142856,2.7357142857142858,1.3571428571428572,1.598857142857143,1.8272714285714289,1.9225,1.68,1.5183571428571427,2.3870285714285715,1.9085714285714288,1.5785714285714287
43-5052.00,Postal Service Mail Carriers,2.73,3.78,1.96,4.05,3.01,1.44,4.24,1.5,2.87,1.6957857142857145,1.0020571428571428,2.2440571428571428,1.2857142857142856,1.1848,1.2618285714285715,1.3005428571428572,1.7857142857142856,1.0429857142857144,2.034,1.4906285714285716,1.302857142857143
43-5053.00,"Postal Service Mail Sorters, Processors, and Processing Machine Operators",2.95,3.8,3.02,1.41,3.43,1.47,4.25,1.29,4.04,2.240828571428572,1.4249999999999998,1.1382857142857143,1.147857142857143,1.7174285714285713,1.5553142857142856,1.3257142857142856,1.595,1.2741142857142858,1.1015714285714286,1.4028571428571428,1.2142857142857144
43-5061.00,"Production, Planning, and Expediting Clerks",3.07,4.29,3.56,3.46,2.91,1.4,4.92,2.18,4.72,3.0101714285714287,1.3392000000000002,1.0828,1.6364285714285711,1.4079714285714284,1.3962571428571429,1.1986857142857144,1.7734857142857143,1.386742857142857,1.4540714285714285,1.5785714285714287,1.6364285714285711
43-5071.00,"Shipping, Receiving, and Inventory Clerks",3.32,4.48,3.96,4.19,2.86,1.25,4.86,1.64,4.26,2.84,1.4821428571428572,1.6988285714285714,1.4179428571428572,1.7762285714285715,2.095985714285715,1.9903428571428567,1.6714285714285717,1.6612,1.7038,1.5207142857142857,1.5300000000000002
43-5111.00,"Weighers, Measurers, Checkers, and Samplers, Recordkeeping",2.87,4.42,3.55,3.24,2.58,1.26,4.61,2.48,4.11,3.0642857142857145,1.51,1.5938714285714286,1.4542857142857144,2.035342857142857,2.160285714285714,1.8844285714285716,1.822857142857143,2.328057142857143,1.7092571428571428,1.8571428571428568,1.604285714285714
43-6011.00,Executive Secretaries and Executive Administrative Assistants,2.89,4.7,4.23,3.86,2.54,1.23,4.65,1.41,4.6,3.6311999999999993,1.7734857142857143,2.011,1.7485714285714289,1.789042857142857,1.4197142857142857,2.051657142857142,2.0028571428571427,1.7333714285714286,3.2277142857142858,2.4732142857142856,1.7734857142857143
43-6012.00,Legal Secretaries and Administrative Assistants,2.74,4.38,2.9,3.56,3.06,1.41,4.06,1.33,3.71,3.0265142857142857,1.32,1.8850428571428572,1.3392000000000002,1.815728571428572,1.7354285714285718,1.495085714285714,1.8571428571428568,1.473142857142857,2.260942857142857,1.8571428571428568,1.4179428571428572
43-6013.00,Medical Secretaries and Administrative Assistants,3.45,4.73,3.89,3.6,3.93,1.53,4.84,2.21,4.4,2.7442,1.3392000000000002,2.9646,1.22,1.5191428571428571,1.6129,2.1616,1.8571428571428568,1.4988571428571429,2.1410285714285715,2.216428571428572,1.32
43-6014.00,"Secretaries and Administrative Assistants, Except Legal, Medical, and Executive",3.02,4.87,3.67,3.98,3.35,1.4,4.65,1.58,4.59,2.7842571428571428,1.3808,1.8602,1.4179428571428572,1.3816000000000002,1.4768,1.8289,1.8571428571428568,1.3343714285714283,2.083271428571429,2.1142857142857143,1.3785714285714286
43-9021.00,Data Entry Keyers,2.78,4.24,2.75,2.34,3.15,1.28,4.44,1.46,4.05,3.200242857142857,1.5508,1.6168,1.3392000000000002,1.6886428571428571,2.1432571428571427,1.5636571428571429,1.5785714285714287,1.6624857142857143,2.169314285714285,1.5300000000000002,1.4179428571428572
43-9022.00,Word Processors and Typists,2.96,4.69,3.71,4.46,3.47,1.94,4.61,1.34,4.05,2.862342857142857,1.1339285714285714,1.8927285714285715,1.25,1.3851571428571428,1.3906,1.8270428571428567,1.5785714285714287,1.289057142857143,2.185485714285714,1.6714285714285717,1.2592
43-9031.00,Desktop Publishers,2.5,4.14,3.06,3.08,2.1,1.0,4.69,1.51,3.9,2.6101714285714284,1.905,1.4909285714285714,1.5892857142857142,1.6980142857142857,1.7559999999999998,1.5261428571428572,1.8571428571428568,1.646957142857143,2.2669428571428574,1.8057142857142856,1.6665142857142858
43-9041.00,Insurance Claims and Policy Processing Clerks,2.82,4.33,3.03,3.58,3.04,1.27,3.87,1.35,4.05,2.6764,1.4821428571428572,1.4982857142857142,1.7734857142857143,1.3072428571428572,1.5715142857142856,1.7448,1.872228571428572,1.3982,2.385,1.9842857142857144,1.6875
43-9051.00,"Mail Clerks and Mail Machine Operators, Except Postal Service",2.81,4.63,3.39,3.64,3.41,1.32,4.49,2.04,4.34,1.7511,1.268571428571429,1.1682285714285714,1.12,1.3703714285714286,1.5620714285714286,1.6571714285714283,1.655,1.2545142857142857,1.1993142857142858,1.4350857142857143,1.1885714285714286
43-9061.00,"Office Clerks, General",2.74,4.73,3.37,4.29,3.09,1.64,4.63,1.83,4.46,2.579928571428572,1.6875,1.7967142857142857,1.4906285714285716,1.3489714285714285,1.4212571428571428,1.5759571428571428,1.8571428571428568,1.2941714285714283,2.0585714285714287,1.822857142857143,1.4906285714285716
43-9071.00,"Office Machine Operators, Except Computer",2.25,4.06,3.32,3.67,2.66,1.08,3.82,1.28,3.78,2.036714285714286,1.3392000000000002,1.5950285714285712,1.3785714285714286,1.5304285714285717,1.5606428571428572,1.6118285714285716,1.604285714285714,1.4485,1.6911999999999998,1.6875,1.3785714285714286
43-9081.00,Proofreaders and Copy Markers,2.39,4.73,3.04,2.6,2.22,1.0,4.24,1.31,4.53,1.8214,1.1339285714285714,1.044,1.1071428571428572,1.022,1.0278857142857143,1.012757142857143,1.335714285714286,1.1296857142857142,1.3387857142857142,1.0942857142857143,1.1885714285714286
43-9111.00,Statistical Assistants,2.28,4.02,3.45,3.0,2.66,1.13,4.73,2.19,4.09,3.269428571428572,1.7200000000000002,1.5731428571428574,1.6063428571428573,2.071,1.7775142857142856,1.6869285714285716,1.7734857142857143,1.843,2.371085714285714,1.7385714285714284,1.655
45-1011.00,"First-Line Supervisors of Farming, Fishing, and Forestry Workers",2.75,4.34,3.6,3.23,2.57,1.42,4.64,2.15,4.13,2.855142857142857,2.1492,1.4242857142857142,1.8914285714285717,2.125142857142857,2.1094285714285714,2.301785714285714,2.19,2.0640285714285715,1.8932,1.6364285714285711,1.9285714285714288
45-2011.00,Agricultural Inspectors,2.76,4.61,3.61,4.29,3.16,1.67,4.34,1.67,3.96,3.419928571428572,1.822857142857143,2.237714285714285,1.7385714285714284,1.6616285714285717,2.665,2.5555,1.6875,1.6239428571428571,2.571142857142857,1.7734857142857143,1.7734857142857143
45-2021.00,Animal Breeders,1.65,3.33,1.58,2.88,1.5,1.16,3.14,1.33,2.77,1.578285714285714,1.2036571428571428,1.3981714285714286,1.1607142857142858,1.2910714285714286,1.3921428571428571,1.3906571428571428,1.5508,1.2262857142857144,1.6450142857142858,1.4179428571428572,1.4691999999999998
45-2041.00,"Graders and Sorters, Agricultural Products",2.33,3.6,2.35,1.75,2.71,1.18,4.57,1.49,3.79,3.0851428571428574,1.077942857142857,1.0403142857142855,1.12,1.6821714285714284,1.5269714285714286,1.5869285714285717,1.28,1.2938142857142858,1.386742857142857,1.157142857142857,1.1885714285714286
45-2091.00,Agricultural Equipment Operators,2.2,3.68,2.85,1.88,1.86,1.62,4.17,1.42,3.79,2.0762285714285715,1.3571428571428572,1.1693714285714285,1.2208,1.6774857142857142,1.785685714285714,2.271571428571429,1.5693714285714286,2.012,1.1393142857142855,1.289285714285714,1.25
45-2092.00,"Farmworkers and Laborers, Crop, Nursery, and Greenhouse",1.84,3.48,2.8,2.39,2.53,1.34,4.62,1.54,3.43,2.3502571428571426,1.3571428571428572,1.7090285714285716,1.32,1.846857142857143,1.9174,1.6285714285714286,1.595,1.6494,1.9135428571428568,1.4435714285714285,1.4821428571428572
45-2093.00,"Farmworkers, Farm, Ranch, and Aquacultural Animals",2.42,4.12,3.04,3.07,2.25,1.35,4.19,1.16,3.65,2.2445714285714287,1.4928571428571429,1.8290285714285717,1.32,1.5978571428571429,2.0116857142857145,1.6882857142857142,1.4906285714285716,1.9051428571428568,1.7189285714285714,1.394285714285714,1.4285714285714286
45-3031.00,Fishing and Hunting Workers,2.67,4.1,3.15,3.19,2.35,1.48,4.42,2.24,3.25,1.7200000000000002,1.5300000000000002,1.6757142857142855,1.24,1.8148571428571427,1.9428571428571428,1.833628571428572,1.6063428571428573,1.4095,1.5245714285714285,1.335714285714286,1.32
45-4011.00,Forest and Conservation Workers,2.25,4.32,3.95,3.91,2.35,1.36,4.78,2.39,4.33,2.6435714285714287,1.4017857142857142,2.348128571428571,1.25,1.6995999999999998,1.6761142857142857,1.5136428571428573,1.6875,1.5766142857142855,1.9019,1.4691999999999998,1.4179428571428572
45-4021.00,Fallers,1.77,2.84,2.88,1.84,1.62,1.09,3.79,1.27,3.38,1.9025714285714288,1.2142857142857144,1.043642857142857,1.25,1.0933428571428572,1.1546142857142858,1.1272857142857142,1.335714285714286,1.102542857142857,1.0786857142857142,1.2000000000000002,1.3785714285714286
45-4022.00,Logging Equipment Operators,2.39,4.13,3.04,2.49,2.96,1.6,4.42,1.4,4.36,2.7317142857142853,1.4017857142857142,1.3830571428571428,1.3785714285714286,2.012342857142857,1.7183714285714284,1.6815571428571428,1.5625,2.2132,1.9446571428571429,1.3785714285714286,1.4179428571428572
45-4023.00,Log Graders and Scalers,2.66,3.8,3.01,3.29,2.47,1.05,4.55,1.63,3.5,2.6652142857142858,1.5357142857142858,1.9877714285714283,1.6063428571428573,1.7242857142857142,1.8569285714285717,2.031085714285714,1.6875,1.701485714285714,1.9982,1.5785714285714287,1.6875
47-1011.00,First-Line Supervisors of Construction Trades and Extraction Workers,3.71,4.96,3.93,3.74,3.27,1.61,5.0,2.73,4.69,3.202828571428572,1.8571428571428568,1.8329285714285717,1.8571428571428568,1.866228571428572,2.104,2.1927714285714286,2.023657142857143,1.9750857142857143,2.71,1.8057142857142856,1.8914285714285717
47-1011.03,Solar Energy Installation Managers,2.95,4.85,4.52,3.95,2.85,1.11,4.39,2.3,4.05,2.606014285714286,2.105,1.6262857142857143,2.096342857142857,2.442857142857143,2.484342857142857,2.1712,2.06,2.261285714285714,2.6407857142857143,1.9449142857142856,2.1492
47-2011.00,Boilermakers,2.29,4.67,4.25,3.78,2.95,1.9,4.9,2.13,4.43,2.198757142857142,1.4906285714285716,1.3509,1.2857142857142856,1.2414999999999998,1.5393142857142856,1.2562,1.655,1.3640285714285716,1.6551999999999998,1.4285714285714286,1.2857142857142856
47-2021.00,Brickmasons and Blockmasons,3.13,3.92,3.25,2.74,3.35,2.0,4.04,2.23,4.27,2.9206000000000003,1.3785714285714286,1.427542857142857,1.3785714285714286,2.1538571428571425,2.2288,2.0476,1.5625,2.3863142857142856,1.6161714285714286,1.3785714285714286,1.4821428571428572
47-2022.00,Stonemasons,2.6,4.18,4.43,4.11,2.72,1.27,4.53,2.67,4.85,3.0871714285714287,1.5508,1.5680999999999998,1.6063428571428573,2.0412857142857144,2.1429142857142858,2.12,1.5508,1.8121142857142856,1.779,1.5508,1.6063428571428573
47-2031.00,Carpenters,3.32,4.74,3.62,2.97,3.04,1.7,4.92,2.08,4.48,2.754314285714286,1.6942857142857144,1.7174285714285713,1.5357142857142858,1.9475714285714285,1.9746285714285716,2.0824857142857143,1.6875,2.2215857142857143,1.9865142857142857,1.625,1.51
47-2041.00,Carpet Installers,3.0,4.33,3.49,3.35,2.53,1.19,4.61,1.46,3.8,2.4074714285714283,1.5614285714285714,1.8674571428571427,1.3125,1.7613571428571428,1.882,1.4686285714285716,1.604285714285714,1.4335857142857142,1.9556571428571423,1.6665142857142858,1.3706285714285715
47-2042.00,"Floor Layers, Except Carpet, Wood, and Hard Tiles",1.84,4.65,3.65,3.32,2.25,1.01,4.98,1.04,3.61,2.737942857142857,1.4928571428571429,2.2094714285714288,1.4821428571428572,1.5406428571428572,1.7634285714285711,1.6747428571428573,1.604285714285714,1.8922285714285716,2.3284,1.4691999999999998,1.4928571428571429
47-2043.00,Floor Sanders and Finishers,1.9,3.95,3.5,3.12,2.35,1.66,4.74,1.3,3.66,2.6775,1.3392000000000002,2.5109142857142857,1.231428571428571,1.9388571428571428,2.3638857142857144,2.039028571428571,1.394285714285714,1.8685,2.1286428571428573,1.4821428571428572,1.28
47-2044.00,Tile and Stone Setters,1.72,3.81,3.12,2.56,1.82,1.05,4.55,1.14,3.75,2.4811428571428573,1.6364285714285711,1.3839285714285714,1.4179428571428572,1.6089285714285713,1.9349714285714288,1.492457142857143,1.4821428571428572,1.5328,1.5338285714285715,1.5508,1.3571428571428572
47-2051.00,Cement Masons and Concrete Finishers,3.52,3.95,4.05,2.69,3.45,2.27,4.34,1.69,4.32,2.2854142857142854,1.4285714285714286,1.3865714285714286,1.2142857142857144,1.8957142857142857,1.7504,1.9805714285714289,1.4028571428571428,2.3872857142857145,1.5371428571428574,1.289285714285714,1.2592
47-2053.00,Terrazzo Workers and Finishers,2.35,3.55,3.52,2.14,2.61,1.74,4.29,1.55,4.31,2.442828571428572,1.32,1.5417142857142858,1.2036571428571428,1.8091428571428567,2.0296,1.8695,1.4628571428571429,1.7869142857142857,1.5518714285714283,1.3706285714285715,1.25
47-2061.00,Construction Laborers,2.9,4.55,3.12,2.21,2.95,1.35,4.8,1.38,4.16,2.2770571428571427,1.32,2.18,1.2857142857142856,1.911342857142857,2.5834,1.9045,1.4906285714285716,2.3923,2.197628571428571,1.3008,1.2857142857142856
47-2071.00,"Paving, Surfacing, and Tamping Equipment Operators",2.85,3.53,3.04,3.07,3.06,2.16,4.3,1.98,3.7,2.4826428571428574,1.2857142857142856,1.5515714285714286,1.2036571428571428,2.0338857142857147,2.2058714285714287,1.4585142857142857,1.375,1.9486,2.038685714285714,1.268571428571429,1.22
47-2072.00,Pile Driver Operators,2.96,4.52,4.27,2.44,2.65,1.44,4.6,2.61,4.6,2.3872714285714283,1.3392000000000002,1.2811428571428571,1.2036571428571428,1.4632857142857143,1.8753571428571427,1.517857142857143,1.4285714285714286,1.399142857142857,1.3311714285714285,1.25,1.2036571428571428
47-2073.00,Operating Engineers and Other Construction Equipment Operators,2.82,4.65,3.52,3.49,2.83,1.23,4.84,1.9,4.04,3.141342857142857,1.4691999999999998,2.649228571428571,1.302857142857143,2.2152857142857143,2.148185714285714,2.191342857142857,1.595,1.778542857142857,2.502614285714285,1.4017857142857142,1.3785714285714286
47-2081.00,Drywall and Ceiling Tile Installers,2.45,3.69,3.08,2.95,2.7,1.56,4.53,2.03,3.9,2.1086285714285715,1.3392000000000002,1.1604857142857143,1.1607142857142858,1.548542857142857,1.7121571428571427,1.2700714285714283,1.4821428571428572,1.481042857142857,1.351,1.231428571428571,1.231428571428571
47-2082.00,Tapers,2.49,3.34,3.1,2.23,2.26,1.06,4.55,1.27,3.79,1.9847142857142857,1.3008,1.2614285714285716,1.25,1.3436285714285714,1.575,1.274857142857143,1.4906285714285716,1.2234285714285713,1.3666857142857145,1.3392000000000002,1.2857142857142856
47-2111.00,Electricians,3.13,4.76,4.3,3.84,3.26,1.73,4.93,1.9,4.54,3.364685714285714,1.8571428571428568,1.7939285714285715,1.4249999999999998,2.058,2.637914285714285,2.377985714285715,1.837942857142857,2.248,2.5037714285714285,1.8571428571428568,1.9285714285714288
47-2121.00,Glaziers,3.06,4.39,4.11,2.93,2.88,1.38,4.72,1.53,4.38,2.803714285714286,1.3392000000000002,1.9442285714285716,1.24,2.004342857142857,2.2011142857142856,1.9299428571428567,1.7385714285714284,1.6677142857142857,2.1517,1.4821428571428572,1.3785714285714286
47-2131.00,"Insulation Workers, Floor, Ceiling, and Wall",2.95,3.72,3.49,2.91,2.58,1.11,4.23,1.3,3.92,2.356,1.3785714285714286,1.6878714285714287,1.4285714285714286,1.6422142857142858,1.762942857142857,1.774914285714286,1.5625,1.5103,1.6270857142857142,1.4179428571428572,1.4906285714285716
47-2132.00,"Insulation Workers, Mechanical",2.88,3.92,3.62,3.31,2.85,1.4,4.34,1.48,4.18,2.7864,1.4285714285714286,1.1764285714285714,1.28,1.8944,2.074057142857143,1.7057714285714285,1.5508,1.5032285714285714,1.6696,1.32,1.25
47-2141.00,"Painters, Construction and Maintenance",3.0,4.29,3.77,3.93,3.01,1.38,4.81,1.53,4.13,2.900642857142857,1.1785714285714286,2.340742857142857,1.2363428571428572,1.7710857142857144,2.6862142857142857,2.069757142857142,1.7036571428571428,1.5236,2.658057142857143,1.394285714285714,1.2857142857142856
47-2142.00,Paperhangers,2.06,3.84,2.76,2.48,2.29,1.14,3.83,1.37,3.35,1.9075,1.2857142857142856,1.572142857142857,1.231428571428571,1.442742857142857,1.4509,1.5102857142857142,1.4906285714285716,1.4136,1.6785714285714288,1.394285714285714,1.3008
47-2151.00,Pipelayers,2.88,4.51,4.06,3.15,2.01,1.27,4.94,2.08,4.59,2.5004285714285714,1.2857142857142856,1.6791571428571428,1.268571428571429,1.9525142857142856,1.8130857142857144,1.5225142857142857,1.5785714285714287,1.754357142857143,1.9188571428571428,1.268571428571429,1.2857142857142856
47-2152.00,"Plumbers, Pipefitters, and Steamfitters",2.69,4.11,3.64,3.04,2.66,1.44,4.54,1.34,4.05,2.509371428571429,1.5785714285714287,1.5191428571428571,1.25,1.7705714285714285,2.132142857142857,1.6864,1.625,1.6722571428571429,1.7398000000000002,1.5625,1.335714285714286
47-2152.04,Solar Thermal Installers and Technicians,2.85,4.03,3.92,4.18,2.48,1.35,4.12,2.06,4.16,3.052642857142857,1.9285714285714288,2.0106,1.7200000000000002,2.025442857142857,2.198542857142857,2.2693142857142856,1.7734857142857143,2.097714285714286,1.999,1.8571428571428568,1.7200000000000002
47-2161.00,Plasterers and Stucco Masons,2.23,4.11,2.96,2.1,2.17,1.17,4.65,1.2,4.33,2.2621714285714285,1.4542857142857144,1.9852571428571428,1.3785714285714286,2.025142857142857,2.0180285714285717,1.749242857142857,1.5300000000000002,1.7999714285714288,1.7938,1.604285714285714,1.3785714285714286
47-2171.00,Reinforcing Iron and Rebar Workers,2.61,4.43,4.05,2.62,3.16,1.69,4.18,2.39,4.18,2.3968,1.3785714285714286,1.1254857142857142,1.2036571428571428,1.9585428571428567,2.204,1.646628571428571,1.4542857142857144,1.9889285714285716,1.6055,1.231428571428571,1.2036571428571428
47-2181.00,Roofers,2.97,4.5,3.78,3.37,2.92,1.5,4.64,1.65,4.16,2.754785714285714,1.4542857142857144,1.8657428571428567,1.25,2.411057142857143,2.280571428571429,2.274,1.625,2.1136,2.211785714285714,1.4435714285714285,1.335714285714286
47-2211.00,Sheet Metal Workers,2.62,3.68,3.23,2.96,2.86,2.03,4.1,1.67,3.71,2.644914285714286,1.7385714285714284,2.4491571428571426,1.3008,2.8307714285714285,2.573714285714286,2.501714285714286,1.4285714285714286,2.2014142857142858,2.807842857142857,1.3571428571428572,1.3008
47-2221.00,Structural Iron and Steel Workers,3.37,4.39,3.64,3.03,2.98,1.88,4.31,2.27,4.4,2.7085714285714286,1.7734857142857143,1.1162285714285711,1.32,1.4821428571428572,1.7298,1.4647857142857144,1.7385714285714284,1.9018571428571431,1.4070714285714283,1.5625,1.4179428571428572
47-2231.00,Solar Photovoltaic Installers,3.75,4.31,4.07,3.34,2.79,1.28,4.93,3.27,4.78,2.3872714285714283,1.6665142857142858,1.5035,1.3785714285714286,1.9353,2.3908428571428573,1.6152571428571427,1.5625,1.7208571428571429,2.1517,1.4542857142857144,1.5207142857142857
47-3011.00,"Helpers--Brickmasons, Blockmasons, Stonemasons, and Tile and Marble Setters",2.61,3.58,3.67,3.28,2.24,1.38,4.88,1.88,4.27,2.5618000000000003,1.51,1.2879999999999998,1.1885714285714286,1.4585714285714286,2.051285714285714,1.3514285714285714,1.5625,1.8674285714285717,1.4147428571428573,1.25,1.2036571428571428
47-3012.00,Helpers--Carpenters,3.27,4.36,3.42,2.54,2.73,1.55,4.66,1.75,4.07,2.2993428571428574,1.4179428571428572,1.1961142857142857,1.32,1.4109142857142856,1.4321142857142857,1.5950285714285717,1.6428571428571428,1.5157000000000005,1.4384285714285714,1.3785714285714286,1.3571428571428572
47-3013.00,Helpers--Electricians,1.95,4.26,3.69,2.94,2.2,1.62,4.89,1.98,4.42,3.1396857142857137,1.335714285714286,2.4335142857142857,1.197142857142857,2.308114285714286,2.568,2.5891428571428574,1.4542857142857144,2.190114285714285,2.2622857142857145,1.3785714285714286,1.28
47-3014.00,"Helpers--Painters, Paperhangers, Plasterers, and Stucco Masons",2.32,4.43,3.21,2.5,2.19,1.18,4.76,2.0,4.51,2.491428571428571,1.3571428571428572,1.0865571428571428,1.3125,1.2928571428571427,1.6616285714285717,1.4821428571428572,1.5207142857142857,1.3111428571428572,1.2887428571428572,1.4821428571428572,1.3125
47-3015.00,"Helpers--Pipelayers, Plumbers, Pipefitters, and Steamfitters",2.29,4.14,3.36,3.39,3.0,1.28,4.22,1.08,3.92,2.26,1.302857142857143,2.1499428571428574,1.231428571428571,1.344,1.4104285714285716,1.547214285714286,1.4542857142857144,1.4125714285714284,1.5053,1.345,1.231428571428571
47-3016.00,Helpers--Roofers,2.39,3.5,3.6,3.01,2.93,1.81,4.35,2.3,4.14,2.569828571428572,1.4179428571428572,1.8946857142857143,1.28,2.026814285714286,2.1259571428571427,2.381114285714286,1.4906285714285716,1.946942857142857,2.2665714285714285,1.4906285714285716,1.25
47-4011.00,Construction and Building Inspectors,3.52,4.36,3.08,4.36,3.56,1.84,4.71,2.2,4.0,2.9629714285714286,1.8571428571428568,2.8102857142857145,1.8571428571428568,2.152914285714286,2.254857142857143,2.7046857142857146,1.8571428571428568,1.9328,3.2116571428571428,1.6364285714285711,1.9085714285714288
47-4011.01,Energy Auditors,2.62,4.03,3.24,3.76,2.48,1.48,4.43,2.07,3.93,2.5456714285714286,1.8057142857142856,1.993,1.7734857142857143,2.1222,2.1904000000000003,1.9065714285714288,1.7734857142857143,1.8085714285714287,2.8156857142857143,1.822857142857143,1.8571428571428568
47-4021.00,Elevator and Escalator Installers and Repairers,3.13,4.39,3.96,4.4,3.84,1.48,4.54,1.46,3.81,2.2491142857142856,1.3785714285714286,1.695357142857143,1.25,1.7854857142857146,2.159057142857143,1.4630285714285711,1.5508,1.6384714285714286,1.78,1.5357142857142858,1.4435714285714285
47-4031.00,Fence Erectors,3.22,4.34,3.75,3.66,2.27,1.87,4.71,1.91,4.03,2.397428571428572,1.3785714285714286,1.7493714285714288,1.25,2.0828571428571427,1.9068571428571424,2.0455428571428573,1.4906285714285716,1.7499428571428572,1.7582142857142855,1.4017857142857142,1.2857142857142856
47-4041.00,Hazardous Materials Removal Workers,3.18,3.97,3.56,3.37,2.54,1.97,4.78,2.25,4.09,2.9472571428571435,1.7734857142857143,1.6192,1.6875,1.7780571428571428,1.9154,1.8046,1.7857142857142856,2.209428571428572,2.1004857142857145,1.7385714285714284,1.7385714285714284
47-4051.00,Highway Maintenance Workers,3.67,4.25,3.52,3.73,3.39,2.12,4.8,1.91,4.64,3.6199857142857135,1.4179428571428572,3.1062857142857143,1.4179428571428572,1.7849285714285716,2.3055,2.3910857142857145,1.7036571428571428,2.9039714285714284,2.788828571428572,1.4435714285714285,1.51
47-4061.00,Rail-Track Laying and Maintenance Equipment Operators,2.71,4.56,4.03,2.59,2.42,1.56,4.89,2.3,4.34,2.6338857142857144,1.5165142857142857,1.7084857142857144,1.22,1.942857142857143,1.8307,1.7039428571428572,1.5,1.827171428571429,1.6310857142857142,1.335714285714286,1.3008
47-4071.00,Septic Tank Servicers and Sewer Pipe Cleaners,2.95,4.6,4.08,4.44,3.15,1.53,4.71,1.87,4.46,2.2155142857142858,1.51,2.156,1.394285714285714,1.4205714285714286,1.601057142857143,1.3081999999999998,1.655,1.0686,1.9698571428571428,1.5625,1.4691999999999998
47-4091.00,Segmental Pavers,3.91,4.63,4.33,4.73,3.22,1.96,4.96,2.21,4.39,2.763,1.7036571428571428,2.0504,1.6063428571428573,2.295,2.312414285714285,2.063657142857143,1.8328571428571427,2.351714285714285,2.1558571428571427,1.7857142857142856,1.7857142857142856
47-4099.03,Weatherization Installers and Technicians,2.95,4.57,3.83,3.74,2.59,1.57,4.73,1.83,4.26,2.8083571428571426,1.655,2.292342857142857,1.5625,2.476514285714286,2.5334000000000003,2.164742857142857,1.6391999999999998,2.397942857142857,2.127,1.8571428571428568,1.6875
47-5011.00,"Derrick Operators, Oil and Gas",3.38,4.56,3.53,3.0,2.9,1.97,4.32,1.76,4.54,2.422728571428572,1.7734857142857143,1.2899714285714283,1.4542857142857144,1.9429285714285716,2.015,1.499428571428571,1.7385714285714284,1.8988,1.8151,1.3706285714285715,1.4285714285714286
47-5012.00,"Rotary Drill Operators, Oil and Gas",3.29,4.36,3.86,3.26,3.16,1.53,4.94,2.55,4.86,3.0449714285714284,2.1492,1.3192,1.7385714285714284,2.2788571428571425,2.639042857142857,1.8086,1.7385714285714284,2.331542857142857,1.6683428571428571,1.4435714285714285,1.7734857142857143
47-5013.00,"Service Unit Operators, Oil and Gas",2.43,4.83,3.97,3.03,2.88,1.5,4.67,2.19,4.58,3.280985714285714,1.6714285714285717,1.3270285714285714,1.595,2.8612,3.0324857142857145,2.5286857142857144,1.7857142857142856,2.769657142857143,2.877142857142857,1.625,1.655
47-5022.00,"Excavating and Loading Machine and Dragline Operators, Surface Mining",2.35,4.4,3.6,2.21,2.45,1.18,4.51,2.02,4.47,2.8727,1.4821428571428572,1.5235142857142856,1.4435714285714285,2.3615000000000004,2.3092571428571427,1.9793714285714288,1.7485714285714289,2.1066857142857143,1.6537428571428572,1.4821428571428572,1.7857142857142856
47-5023.00,"Earth Drillers, Except Oil and Gas",2.23,3.99,2.84,2.61,2.35,1.36,4.53,1.41,3.26,2.4491571428571426,1.6875,1.943285714285714,1.3785714285714286,1.6094285714285714,2.082842857142857,1.9073714285714285,1.4906285714285716,1.6911999999999998,1.5654142857142856,1.4435714285714285,1.4179428571428572
47-5032.00,"Explosives Workers, Ordnance Handling Experts, and Blasters",3.13,4.38,3.33,2.96,2.54,1.29,4.79,2.0,4.29,2.761685714285714,1.9657142857142855,2.0108,1.6063428571428573,2.496942857142857,2.919542857142857,2.057142857142857,1.7385714285714284,2.3535714285714286,2.3462,1.5508,1.5614285714285714
47-5041.00,Continuous Mining Machine Operators,2.94,4.44,3.71,1.22,3.11,1.59,4.84,1.66,4.61,2.6927142857142856,1.4691999999999998,1.0861,1.302857142857143,1.5721857142857143,2.386385714285714,1.405357142857143,1.5625,1.9495,1.1665571428571428,1.4179428571428572,1.36
47-5043.00,"Roof Bolters, Mining",3.42,4.51,3.55,1.09,3.53,2.05,4.95,1.58,4.61,3.0175714285714283,1.7036571428571428,1.0021714285714285,1.3392000000000002,1.7301428571428572,2.912,1.3118285714285711,1.604285714285714,1.6063428571428573,1.1397,1.4179428571428572,1.3785714285714286
47-5044.00,"Loading and Moving Machine Operators, Underground Mining",2.65,3.67,3.27,1.65,3.35,1.39,4.55,2.04,4.45,2.2686571428571427,1.4017857142857142,1.077257142857143,1.3392000000000002,1.5665428571428572,1.7503571428571427,1.4626428571428571,1.6391999999999998,1.5975,1.1272857142857142,1.36,1.3785714285714286
47-5051.00,"Rock Splitters, Quarry",1.43,3.18,2.67,2.17,1.37,1.11,3.48,1.43,3.79,2.056,1.25,1.039,1.2036571428571428,1.3328,1.5931428571428572,1.2485714285714289,1.4821428571428572,1.2584,1.1110857142857142,1.3392000000000002,1.2857142857142856
47-5071.00,"Roustabouts, Oil and Gas",2.4,4.58,3.23,2.86,2.62,1.14,4.86,1.63,4.44,2.459714285714286,1.3571428571428572,1.5437714285714286,1.25,1.9936,2.068771428571429,1.9438285714285717,1.604285714285714,1.8814,1.9293714285714287,1.3008,1.2142857142857144
47-5081.00,Helpers--Extraction Workers,3.04,4.3,4.22,2.77,3.06,1.21,4.82,2.46,4.46,3.4516571428571425,1.4435714285714285,1.3798,1.268571428571429,2.773257142857142,2.0840571428571426,2.387314285714286,1.595,2.536671428571428,2.1185714285714283,1.394285714285714,1.32
49-1011.00,"First-Line Supervisors of Mechanics, Installers, and Repairers",2.87,4.81,4.24,3.38,2.73,1.51,4.53,2.35,4.35,3.0295,2.0,1.3265714285714283,1.9657142857142855,2.595485714285714,2.3989857142857143,2.221257142857143,2.1357142857142857,2.499271428571429,2.4714142857142862,1.8571428571428568,2.0
49-2011.00,"Computer, Automated Teller, and Office Machine Repairers",3.2,4.1,3.11,4.2,2.92,1.42,4.34,1.68,3.55,1.999685714285714,1.6665142857142858,1.8409285714285717,1.5300000000000002,1.346642857142857,1.6095,1.4896571428571428,1.8057142857142856,1.1381714285714286,2.9599,1.822857142857143,1.5892857142857142
49-2021.00,"Radio, Cellular, and Tower Equipment Installers and Repairers",2.31,4.11,3.7,3.66,2.3,1.27,4.77,1.46,4.29,3.1744000000000003,1.7200000000000002,1.990514285714286,1.4435714285714285,2.0560857142857145,2.332,2.110857142857143,1.7142857142857144,1.844957142857143,2.6792285714285717,1.51,1.5508
49-2022.00,"Telecommunications Equipment Installers and Repairers, Except Line Installers",3.0,4.54,3.01,4.23,3.23,1.39,4.29,1.71,3.81,2.741128571428572,1.8057142857142856,2.456514285714285,1.4821428571428572,1.5464571428571428,2.1682,1.7817142857142856,1.7857142857142856,1.3725,2.3609285714285715,1.8057142857142856,1.6063428571428573
49-2091.00,Avionics Technicians,3.01,4.08,3.68,2.96,2.51,1.22,4.58,1.44,4.05,2.8742714285714284,1.7734857142857143,1.3257142857142856,1.4435714285714285,1.995,2.664028571428571,1.5507142857142855,1.8057142857142856,1.9358285714285717,1.9507714285714288,1.655,1.7385714285714284
49-2092.00,"Electric Motor, Power Tool, and Related Repairers",2.88,3.93,3.91,3.16,2.86,1.22,4.68,1.55,4.03,2.855642857142857,1.6171428571428572,1.2622857142857145,1.3125,2.204,2.114028571428572,1.6942857142857144,1.6875,1.908,1.9985714285714289,1.6875,1.51
49-2093.00,"Electrical and Electronics Installers and Repairers, Transportation Equipment",2.62,4.04,3.58,2.1,2.67,1.47,4.48,1.91,3.5,3.202828571428572,1.4,1.4599285714285717,1.3785714285714286,1.9751,2.3299000000000003,1.3931428571428572,1.8571428571428568,1.7134428571428573,1.473,1.4017857142857142,1.7385714285714284
49-2094.00,"Electrical and Electronics Repairers, Commercial and Industrial Equipment",3.02,4.36,3.38,2.65,2.78,1.25,4.63,2.28,4.26,2.609057142857143,1.7734857142857143,1.07,1.467857142857143,2.0152857142857146,2.509857142857143,1.4658,1.8571428571428568,1.3900714285714286,1.5905714285714283,1.7734857142857143,1.7734857142857143
49-2095.00,"Electrical and Electronics Repairers, Powerhouse, Substation, and Relay",2.84,4.73,4.44,2.52,2.7,1.22,4.89,1.96,4.61,2.6373571428571427,1.7200000000000002,1.0928571428571427,1.4821428571428572,2.026,2.0960714285714284,1.5397,1.6364285714285711,1.2436571428571428,1.3977142857142857,1.7385714285714284,1.4179428571428572
49-2096.00,"Electronic Equipment Installers and Repairers, Motor Vehicles",3.12,3.69,3.38,3.42,3.38,1.49,4.34,2.04,4.24,2.24,1.5508,2.3200000000000003,1.625,2.266971428571429,2.4005714285714284,1.6737142857142857,1.7734857142857143,1.8161428571428573,1.9553000000000005,1.822857142857143,1.595
49-2097.00,Audiovisual Equipment Installers and Repairers,2.23,3.62,3.5,4.47,2.58,1.5,4.48,2.04,3.93,2.371085714285714,1.6875,2.2600857142857143,1.32,1.6316714285714284,1.824,2.2441,1.625,1.592457142857143,2.4402,1.8571428571428568,1.51
49-2098.00,Security and Fire Alarm Systems Installers,3.14,4.55,4.07,4.3,3.13,1.16,4.74,2.22,4.05,2.8054,1.6063428571428573,2.1066857142857143,1.268571428571429,1.48,1.8830285714285715,1.5912142857142857,1.7734857142857143,1.2800571428571428,2.788342857142857,1.7734857142857143,1.3008
49-3011.00,Aircraft Mechanics and Service Technicians,2.98,4.45,3.57,3.17,2.41,1.29,4.69,1.66,4.13,3.106814285714285,1.7734857142857143,1.387,1.32,2.130285714285714,2.197,1.9325714285714288,1.8057142857142856,1.8729142857142855,1.8955,1.655,1.7200000000000002
49-3021.00,Automotive Body and Related Repairers,2.66,3.56,2.7,2.32,2.07,1.12,4.43,1.53,3.11,2.558414285714286,1.467857142857143,1.6462285714285714,1.3785714285714286,1.8845,1.9032142857142855,1.6897142857142855,1.7734857142857143,1.4966857142857144,1.649142857142857,1.7385714285714284,1.5207142857142857
49-3022.00,Automotive Glass Installers and Repairers,2.47,4.52,2.46,3.79,2.52,1.35,4.86,1.07,3.6,1.9418857142857144,1.4435714285714285,2.330285714285714,1.394285714285714,1.1521428571428571,1.4389,1.6359999999999997,1.7036571428571428,1.2622857142857145,1.5704285714285713,1.7036571428571428,1.4179428571428572
49-3023.00,Automotive Service Technicians and Mechanics,3.1,4.42,3.26,3.65,3.21,1.5,4.59,1.66,3.65,2.254857142857143,1.5892857142857142,1.705857142857143,1.3785714285714286,1.7913,1.817457142857143,1.6826285714285716,1.7485714285714289,1.4532,1.7023428571428572,1.7734857142857143,1.5785714285714287
49-3031.00,Bus and Truck Mechanics and Diesel Engine Specialists,2.39,4.27,3.7,2.91,2.93,1.01,4.72,1.91,3.84,2.326857142857143,1.44,1.1421571428571429,1.2857142857142856,1.783,1.5993142857142857,1.1834285714285715,1.6875,1.258142857142857,1.3220714285714286,1.3392000000000002,1.3214285714285714
49-3041.00,Farm Equipment Mechanics and Service Technicians,1.91,4.38,3.29,3.52,2.55,1.25,4.45,1.47,3.98,2.4462571428571427,1.4017857142857142,2.470857142857143,1.2142857142857144,1.6788571428571428,1.737142857142857,1.7618857142857145,1.595,1.4546285714285714,2.343385714285714,1.4821428571428572,1.4435714285714285
49-3042.00,"Mobile Heavy Equipment Mechanics, Except Engines",2.39,4.27,3.62,3.4,2.76,1.4,4.66,1.78,4.3,2.5797142857142856,1.75,1.4515,1.4179428571428572,1.7057714285714285,1.9218285714285717,1.8306285714285715,1.7385714285714284,1.6058285714285714,1.758057142857143,1.6063428571428573,1.5357142857142858
49-3043.00,Rail Car Repairers,2.62,3.98,3.73,2.84,2.62,1.23,4.5,1.92,4.02,2.307428571428572,1.4821428571428572,1.1830571428571428,1.3392000000000002,1.8657428571428567,2.1914,1.369142857142857,1.5625,1.5492571428571429,1.5095428571428573,1.4179428571428572,1.3785714285714286
49-3051.00,Motorboat Mechanics and Service Technicians,3.03,4.3,3.12,3.83,3.04,1.51,4.72,1.25,3.75,2.2915,1.2363428571428572,2.056,1.1885714285714286,1.4073142857142855,1.5235142857142856,1.256457142857143,1.6063428571428573,1.3053714285714286,1.8563714285714283,1.4906285714285716,1.231428571428571
49-3052.00,Motorcycle Mechanics,3.02,4.6,3.39,3.63,3.6,1.87,4.37,1.86,4.37,2.804,1.6063428571428573,2.4203428571428574,1.32,1.4968571428571429,1.9488571428571428,1.7627857142857144,1.655,1.8683714285714288,2.3908428571428573,1.8057142857142856,1.5357142857142858
49-3053.00,Outdoor Power Equipment and Other Small Engine Mechanics,2.34,4.42,2.61,3.57,2.31,1.06,3.67,1.23,2.92,2.2985,1.36,1.6041714285714286,1.231428571428571,1.762142857142857,1.8576,1.4967142857142857,1.595,1.3021,1.614428571428571,1.4928571428571429,1.3392000000000002
49-3091.00,Bicycle Repairers,3.23,4.38,2.48,4.82,2.96,1.3,4.31,2.01,3.26,2.767,1.6875,3.1449142857142856,1.7036571428571428,1.5705142857142858,1.762,2.0116857142857145,2.0028571428571427,1.5347142857142857,1.7428571428571429,2.02,1.7036571428571428
49-3092.00,Recreational Vehicle Service Technicians,2.4,3.8,3.03,3.39,2.57,1.23,4.61,1.88,3.27,2.284185714285714,1.5357142857142858,1.7399714285714285,1.5357142857142858,1.351314285714286,1.5005000000000002,1.3041857142857145,1.7200000000000002,1.269542857142857,1.5333142857142856,1.8571428571428568,1.5357142857142858
49-3093.00,Tire Repairers and Changers,3.3,4.51,3.7,4.17,3.42,1.69,4.58,1.79,4.4,2.467314285714286,1.4017857142857142,2.2565,1.3785714285714286,1.9599,1.9629285714285716,1.512457142857143,1.5625,1.4199142857142857,1.7757142857142858,1.7485714285714289,1.3571428571428572
49-9011.00,Mechanical Door Repairers,1.93,4.38,3.08,3.88,2.65,1.54,4.49,2.03,3.91,2.228857142857142,1.7485714285714289,2.342857142857143,1.5207142857142857,1.4998857142857145,1.9257142857142855,1.8875714285714285,1.822857142857143,1.4486857142857144,2.1712,1.822857142857143,1.7385714285714284
49-9012.00,"Control and Valve Installers and Repairers, Except Mechanical Door",2.83,4.51,3.49,3.7,3.31,1.84,4.94,1.66,4.4,3.154871428571429,1.4249999999999998,1.3894714285714285,1.3008,1.9956571428571428,2.2474285714285718,1.6279999999999997,1.7385714285714284,1.6688,2.032742857142857,1.51,1.25
49-9021.00,"Heating, Air Conditioning, and Refrigeration Mechanics and Installers",2.31,4.61,3.68,3.89,2.51,1.28,4.43,1.78,4.21,2.2294857142857145,1.7385714285714284,1.6749142857142858,1.4691999999999998,2.0318571428571426,2.0472,1.9088,1.7857142857142856,1.653142857142857,2.1913428571428573,1.7734857142857143,1.655
49-9031.00,Home Appliance Repairers,3.04,4.84,3.25,4.65,3.56,1.49,4.73,1.66,3.58,1.9608571428571429,1.4464285714285716,3.013042857142857,1.3785714285714286,1.6302285714285716,1.9672857142857143,1.598857142857143,1.6875,1.4876857142857145,2.4135,1.822857142857143,1.5300000000000002
49-9041.00,Industrial Machinery Mechanics,2.53,4.22,3.25,1.74,2.68,1.39,4.56,1.26,4.36,2.662,1.6364285714285711,1.0116285714285715,1.22,1.7532,1.9812142857142856,1.3837857142857142,1.5300000000000002,1.3919285714285714,1.3749,1.4017857142857142,1.28
49-9043.00,"Maintenance Workers, Machinery",2.68,4.27,3.47,2.42,2.42,1.33,4.25,1.83,4.14,2.708928571428572,1.3571428571428572,1.0630857142857142,1.32,1.749242857142857,2.1502857142857144,1.4954285714285716,1.4906285714285716,1.6513,1.2388571428571429,1.32,1.32
49-9044.00,Millwrights,3.05,4.41,3.73,2.77,2.73,1.77,4.91,2.45,4.64,3.3123571428571426,1.8057142857142856,1.407657142857143,1.7036571428571428,2.905514285714286,2.960714285714286,2.371728571428571,1.7857142857142856,2.449,1.9049285714285715,1.7485714285714289,1.7036571428571428
49-9045.00,"Refractory Materials Repairers, Except Brickmasons",2.5,4.23,3.1,1.64,3.47,2.14,3.69,1.28,4.16,2.3369285714285715,1.51,1.0238,1.268571428571429,1.6457285714285714,2.0771428571428574,1.382,1.595,1.5293142857142858,1.1895142857142855,1.394285714285714,1.25
49-9051.00,Electrical Power-Line Installers and Repairers,3.23,4.56,4.14,3.68,3.14,2.13,4.91,1.63,4.86,2.3455000000000004,1.5614285714285714,1.7971428571428572,1.302857142857143,2.128214285714286,2.321085714285714,1.5805714285714283,1.655,1.7039999999999995,1.6451714285714285,1.5785714285714287,1.6364285714285711
49-9052.00,Telecommunications Line Installers and Repairers,3.19,4.79,3.58,3.99,3.21,1.6,4.44,2.21,4.28,2.3794285714285714,1.3392000000000002,2.4377142857142857,1.3392000000000002,1.6475142857142857,2.0972285714285714,1.8073714285714289,1.7734857142857143,1.5571428571428572,2.3495714285714286,1.7200000000000002,1.4017857142857142
49-9061.00,Camera and Photographic Equipment Repairers,2.3,3.44,2.64,3.13,2.37,1.23,4.38,1.13,2.69,1.6908571428571428,1.077942857142857,1.6285714285714286,1.2857142857142856,1.2578571428571428,1.3918857142857144,1.2976,1.625,1.0384,1.5518285714285716,1.4435714285714285,1.3392000000000002
49-9062.00,Medical Equipment Repairers,1.96,4.44,3.76,3.83,2.34,1.13,4.66,1.98,4.33,2.6343,1.6665142857142858,1.305742857142857,1.3808,1.5369142857142857,1.5669714285714285,1.3472000000000002,1.7734857142857143,1.3102857142857145,2.023928571428572,1.7200000000000002,1.5892857142857142
49-9063.00,Musical Instrument Repairers and Tuners,2.0,3.19,1.67,3.81,2.24,1.09,4.55,1.48,2.15,1.5164285714285717,1.4435714285714285,2.3642857142857143,1.3008,1.5468571428571432,1.7712142857142856,1.4515000000000002,1.7036571428571428,1.1095,1.9228571428571428,1.8328571428571427,1.4928571428571429
49-9064.00,Watch and Clock Repairers,1.86,3.67,1.97,3.27,2.35,1.01,4.34,1.14,3.19,1.366857142857143,1.231428571428571,2.87,1.289285714285714,1.1001142857142856,1.165,1.6347285714285715,1.625,1.0282285714285715,1.871985714285714,1.6875,1.3392000000000002
49-9071.00,"Maintenance and Repair Workers, General",3.02,4.73,3.83,3.53,3.33,2.03,4.76,1.93,4.3,3.448,1.4691999999999998,1.8329285714285717,1.4691999999999998,1.828,2.032514285714285,2.1036,1.655,1.7851857142857144,2.181342857142857,1.4435714285714285,1.4017857142857142
49-9081.00,Wind Turbine Service Technicians,3.29,4.67,4.4,2.41,3.52,1.28,4.87,2.62,4.51,3.1645,1.822857142857143,1.0373285714285714,1.3008,2.234285714285714,2.6640999999999995,1.8522571428571428,1.6875,2.2350000000000003,1.4751142857142856,1.3785714285714286,1.25
49-9091.00,"Coin, Vending, and Amusement Machine Servicers and Repairers",2.52,4.12,2.84,3.58,3.55,1.62,3.66,1.36,2.76,1.7792714285714284,1.2036571428571428,1.9226285714285716,1.1885714285714286,1.1978,1.2074714285714283,1.245142857142857,1.5785714285714287,1.1218,1.3891428571428572,1.7036571428571428,1.25
49-9092.00,Commercial Divers,2.91,4.59,3.86,2.98,2.52,1.38,4.55,1.98,4.52,2.9755000000000003,1.9449142857142856,1.758142857142857,1.7485714285714289,2.123942857142857,2.4781000000000004,1.7084285714285714,1.8571428571428568,2.016642857142857,2.1105714285714283,1.595,1.7036571428571428
49-9094.00,Locksmiths and Safe Repairers,2.54,4.54,3.15,4.31,2.88,1.81,4.46,2.08,3.6,2.518642857142857,1.394285714285714,3.1467714285714283,1.3392000000000002,2.201014285714286,2.258114285714286,2.252214285714285,1.5300000000000002,1.7504,2.6303428571428573,1.6814285714285715,1.4017857142857142
49-9095.00,Manufactured Building and Mobile Home Installers,3.79,3.75,2.56,2.46,3.3,1.99,3.76,1.02,3.81,3.913257142857143,2.0028571428571427,3.4428428571428578,1.8328571428571427,3.28,2.9923714285714285,3.028,1.7857142857142856,3.652114285714287,3.3414,1.8328571428571427,1.8571428571428568
49-9096.00,Riggers,3.51,4.59,4.06,3.08,3.51,1.82,4.77,3.07,4.41,3.085857142857143,1.3392000000000002,1.1705,1.3392000000000002,1.5757142857142856,1.8835142857142857,1.441257142857143,1.625,1.8654285714285717,1.4328857142857143,1.4435714285714285,1.3785714285714286
49-9097.00,Signal and Track Switch Repairers,1.98,4.02,3.51,2.97,2.76,1.41,4.55,1.96,4.57,2.4756,1.6364285714285711,1.1066714285714283,1.3785714285714286,1.6257142857142857,1.735428571428571,1.3582857142857143,1.5300000000000002,1.5086285714285714,1.426214285714286,1.3392000000000002,1.3392000000000002
49-9098.00,"Helpers--Installation, Maintenance, and Repair Workers",2.54,3.99,3.34,3.38,2.61,1.26,4.72,1.64,4.17,2.5853714285714284,1.32,1.2622857142857142,1.1885714285714286,1.6958285714285717,1.486514285714286,1.3710285714285717,1.4628571428571429,1.76,1.7799999999999998,1.394285714285714,1.22
49-9099.01,Geothermal Technicians,2.37,4.34,4.07,2.49,2.36,1.17,4.89,2.82,4.28,3.126442857142857,1.6063428571428573,1.0795,1.4179428571428572,2.309,2.196,1.6716,1.604285714285714,2.1583428571428573,1.5632,1.6391999999999998,1.4017857142857142
51-1011.00,First-Line Supervisors of Production and Operating Workers,3.7,4.83,4.11,2.92,3.64,1.75,4.76,3.4,4.52,3.171,1.8914285714285717,1.2535857142857143,1.8914285714285717,2.714114285714286,2.4014,2.5876,2.524285714285714,2.5086000000000004,1.7992,1.822857142857143,1.8914285714285717
51-2011.00,"Aircraft Structure, Surfaces, Rigging, and Systems Assemblers",2.47,3.97,3.01,2.29,2.29,1.26,4.78,1.91,4.06,2.589257142857143,1.7734857142857143,1.1470285714285715,1.4017857142857142,1.7666285714285714,2.1450285714285715,1.4567714285714286,1.5625,1.7457142857142856,1.9057142857142857,1.4691999999999998,1.4017857142857142
51-2021.00,"Coil Winders, Tapers, and Finishers",2.45,3.65,2.78,2.04,2.66,1.36,4.33,1.92,3.86,2.0695428571428574,1.302857142857143,1.3016285714285714,1.12,2.0726,1.9042857142857144,1.4946428571428572,1.5207142857142857,1.837,1.2139,1.1885714285714286,1.157142857142857
51-2022.00,Electrical and Electronic Equipment Assemblers,3.04,3.39,3.67,2.28,2.5,1.06,3.98,1.43,3.7,2.5483,1.5357142857142858,1.4355999999999998,1.3008,1.8815285714285717,2.0042285714285715,1.571057142857143,1.5785714285714287,1.8907142857142856,1.2495142857142856,1.4249999999999998,1.3008
51-2023.00,Electromechanical Equipment Assemblers,2.28,4.02,3.24,2.35,2.2,1.17,4.94,1.49,4.19,1.9548,1.1885714285714286,1.0604571428571428,1.2036571428571428,1.4031714285714283,1.364,1.2093142857142858,1.375,1.506642857142857,1.2483428571428572,1.25,1.2036571428571428
51-2031.00,Engine and Other Machine Assemblers,2.43,4.15,2.98,2.79,2.81,1.32,4.73,1.82,4.21,2.1720571428571427,1.36,1.116642857142857,1.32,1.5341714285714283,1.6448571428571428,1.2841428571428573,1.5693714285714286,1.6009285714285717,1.1302857142857143,1.3571428571428572,1.3571428571428572
51-2041.00,Structural Metal Fabricators and Fitters,2.15,4.24,2.96,1.8,2.55,1.19,4.6,2.8,3.95,2.9563428571428574,1.3571428571428572,1.1395428571428572,1.2857142857142856,1.9171428571428573,2.505985714285714,1.4895714285714283,1.5508,1.8343,1.1460571428571429,1.32,1.32
51-2051.00,Fiberglass Laminators and Fabricators,2.22,4.19,3.27,2.4,2.69,1.83,4.59,1.96,4.36,2.307485714285714,1.7385714285714284,1.2265285714285714,1.4435714285714285,1.7822857142857145,2.1357142857142857,1.4237714285714285,1.595,1.8082285714285715,1.1349,1.4179428571428572,1.4928571428571429
51-2061.00,Timing Device Assemblers and Adjusters,1.88,4.18,3.08,1.45,2.39,1.04,4.63,1.24,3.63,2.124057142857143,1.36,1.5272428571428571,1.077942857142857,1.3387714285714285,1.4988,1.3633,1.595,1.155771428571429,1.5092714285714286,1.5508,1.268571428571429
51-2092.00,Team Assemblers,2.45,4.12,3.65,2.0,2.53,1.12,4.81,2.14,4.26,2.2591428571428573,1.822857142857143,1.1389857142857145,1.4017857142857142,2.0098714285714285,2.0902857142857143,1.4258285714285714,1.8571428571428568,1.5569714285714285,1.0997714285714286,1.4017857142857142,1.4691999999999998
51-3011.00,Bakers,2.41,4.42,3.54,3.41,2.23,1.22,4.25,1.76,3.89,1.8920571428571429,1.2857142857142856,1.376342857142857,1.3008,1.6776,1.8544,1.4905714285714289,1.655,1.2227714285714286,1.208457142857143,1.4821428571428572,1.25
51-3021.00,Butchers and Meat Cutters,2.87,4.52,3.78,4.48,3.85,1.58,4.33,1.58,4.4,2.3442142857142856,1.5207142857142857,2.9197714285714285,1.6875,2.0982,2.0255,2.0957142857142856,1.822857142857143,2.0004285714285714,1.7176,1.822857142857143,1.7200000000000002
51-3022.00,"Meat, Poultry, and Fish Cutters and Trimmers",3.03,2.85,3.86,3.43,4.01,2.14,3.82,1.43,4.31,2.403714285714286,1.4906285714285716,1.3171428571428572,1.3785714285714286,2.0296000000000003,2.2558857142857143,1.6911428571428573,1.6391999999999998,1.9339428571428567,1.4350857142857143,1.595,1.3785714285714286
51-3023.00,Slaughterers and Meat Packers,1.71,3.93,3.55,3.3,2.06,1.09,4.12,2.1,4.56,1.9522857142857144,1.2036571428571428,1.2079,1.12,1.3921142857142856,1.5404142857142855,1.28,1.345,1.4126571428571428,1.1131142857142855,1.25,1.1106285714285715
51-3091.00,"Food and Tobacco Roasting, Baking, and Drying Machine Operators and Tenders",2.72,3.95,3.22,2.52,2.8,1.33,4.39,2.03,3.72,2.9404000000000003,1.6063428571428573,1.6285714285714286,1.3785714285714286,1.9206857142857143,2.2336,1.8910857142857145,1.605714285714286,1.8756,1.512,1.4906285714285716,1.4821428571428572
51-3092.00,Food Batchmakers,1.73,3.74,3.73,1.99,1.58,1.0,4.55,2.32,4.22,2.710285714285715,1.3392000000000002,1.114142857142857,1.2857142857142856,1.6882857142857142,2.038685714285714,1.4197142857142857,1.655,1.418,1.0586857142857142,1.3392000000000002,1.302857142857143
51-3093.00,Food Cooking Machine Operators and Tenders,2.42,4.4,3.34,3.0,2.29,1.13,4.49,1.39,4.56,2.74,1.302857142857143,1.017742857142857,1.2036571428571428,1.647357142857143,1.976928571428572,1.2360571428571427,1.5508,1.2124714285714284,1.109371428571429,1.302857142857143,1.231428571428571
51-4021.00,"Extruding and Drawing Machine Setters, Operators, and Tenders, Metal and Plastic",2.48,3.45,2.5,1.32,3.51,1.46,3.98,1.93,3.47,2.6757142857142857,1.4017857142857142,1.0539,1.1607142857142858,1.9176,2.2656428571428573,1.3937,1.595,1.887157142857143,1.1673142857142855,1.3125,1.3706285714285715
51-4022.00,"Forging Machine Setters, Operators, and Tenders, Metal and Plastic",3.01,4.33,3.58,2.02,3.05,1.41,4.73,2.76,4.34,2.5700857142857148,1.4017857142857142,1.0059142857142858,1.3785714285714286,1.7050285714285716,1.9286714285714288,1.3095142857142856,1.6391999999999998,1.6229714285714285,1.0719285714285711,1.3392000000000002,1.4179428571428572
51-4023.00,"Rolling Machine Setters, Operators, and Tenders, Metal and Plastic",2.24,4.37,4.01,3.18,2.16,1.03,4.55,1.83,4.7,2.9722857142857144,1.7200000000000002,1.3445714285714288,1.231428571428571,1.9057142857142857,2.518642857142857,1.3923142857142856,1.6714285714285717,1.8684571428571428,1.1926428571428571,1.394285714285714,1.22
51-4031.00,"Cutting, Punching, and Press Machine Setters, Operators, and Tenders, Metal and Plastic",3.03,3.12,2.26,1.71,2.86,1.86,4.04,1.17,3.16,2.0837714285714286,1.3214285714285714,1.1014857142857142,1.2036571428571428,1.3547142857142858,1.4458857142857142,1.1967142857142856,1.4628571428571429,1.2638285714285715,1.0775285714285714,1.2036571428571428,1.2857142857142856
51-4032.00,"Drilling and Boring Machine Tool Setters, Operators, and Tenders, Metal and Plastic",2.38,4.11,3.81,2.39,2.58,1.11,4.39,2.02,4.31,2.7198857142857147,1.4017857142857142,1.0024,1.2857142857142856,1.5988142857142855,1.9917571428571428,1.1436714285714285,1.5300000000000002,1.1029714285714285,1.036,1.268571428571429,1.32
51-4033.00,"Grinding, Lapping, Polishing, and Buffing Machine Tool Setters, Operators, and Tenders, Metal and Plastic",2.65,3.47,3.25,2.47,2.52,1.23,3.87,1.91,3.59,2.4744,1.3785714285714286,1.0915,1.197142857142857,1.852128571428572,2.105714285714286,1.6485999999999998,1.5207142857142857,1.7094285714285715,1.2430428571428571,1.28,1.231428571428571
51-4034.00,"Lathe and Turning Machine Tool Setters, Operators, and Tenders, Metal and Plastic",1.78,3.39,3.13,2.82,1.72,1.19,3.72,2.42,3.6,2.512,1.32,1.3479142857142858,1.1257142857142857,2.2138857142857145,2.8565714285714283,2.1836714285714285,1.4285714285714286,1.9034285714285717,1.6132285714285717,1.231428571428571,1.1785714285714286
51-4035.00,"Milling and Planing Machine Setters, Operators, and Tenders, Metal and Plastic",2.83,3.49,2.63,1.88,3.36,1.43,4.26,1.38,3.53,2.477371428571429,1.32,1.0113142857142856,1.147857142857143,1.7817142857142856,2.0656,1.303928571428571,1.4628571428571429,1.3,1.1302571428571428,1.25,1.2036571428571428
51-4041.00,Machinists,2.17,3.77,3.52,2.65,1.91,1.05,4.52,1.36,3.78,2.3821142857142856,1.5892857142857142,1.0291428571428571,1.4179428571428572,1.8142,2.246928571428572,1.6782285714285714,1.7385714285714284,1.5797285714285714,1.1479285714285714,1.3785714285714286,1.3785714285714286
51-4051.00,Metal-Refining Furnace Operators and Tenders,2.47,3.48,2.37,1.69,2.76,1.1,4.02,2.05,4.18,2.5530285714285714,1.4906285714285716,1.0679,1.32,1.7408285714285712,1.990757142857143,1.5181428571428572,1.6391999999999998,1.451257142857143,1.1394285714285717,1.3392000000000002,1.4017857142857142
51-4052.00,"Pourers and Casters, Metal",2.22,3.44,2.43,1.11,2.09,1.1,4.41,1.28,3.24,2.3960285714285714,1.2857142857142856,1.043928571428571,1.268571428571429,2.018028571428572,1.8717142857142852,1.4416,1.4542857142857144,1.6274285714285712,1.1146285714285715,1.268571428571429,1.2857142857142856
51-4061.00,"Model Makers, Metal and Plastic",1.92,3.31,2.91,1.31,2.27,1.11,4.61,1.25,3.46,2.3197,1.2036571428571428,1.0240428571428573,1.12,1.2020142857142857,1.4551,1.1897714285714285,1.4017857142857142,1.1817142857142855,1.2226,1.0442857142857145,1.1885714285714286
51-4062.00,"Patternmakers, Metal and Plastic",3.09,4.48,3.34,2.07,2.23,1.35,5.0,1.58,4.14,2.4265428571428576,1.4435714285714285,1.0128,1.25,1.5405285714285712,1.9719428571428568,1.2347142857142857,1.5785714285714287,1.1712571428571428,1.2658857142857145,1.25,1.25
51-4071.00,Foundry Mold and Coremakers,2.32,4.31,3.19,1.89,2.8,1.56,4.27,1.67,3.94,2.333785714285714,1.32,1.0046,1.2142857142857144,1.35,1.563314285714286,1.3299285714285711,1.3785714285714286,1.5177142857142858,1.102142857142857,1.231428571428571,1.2142857142857144
51-4072.00,"Molding, Coremaking, and Casting Machine Setters, Operators, and Tenders, Metal and Plastic",2.57,3.93,2.94,1.15,2.82,1.28,4.63,1.92,3.47,2.3767,1.3785714285714286,1.0068,1.32,1.633857142857143,1.6758714285714285,1.2262,1.5693714285714286,1.4400571428571427,1.0326857142857142,1.2592,1.32
51-4081.00,"Multiple Machine Tool Setters, Operators, and Tenders, Metal and Plastic",2.75,3.97,3.18,2.24,1.87,1.16,4.86,1.78,3.78,2.748628571428571,1.7200000000000002,1.2926428571428572,1.3785714285714286,2.5873,2.406157142857143,1.6850285714285715,1.68,2.1191,1.4806,1.4179428571428572,1.4691999999999998
51-4111.00,Tool and Die Makers,2.31,4.2,2.99,1.84,2.13,1.1,4.67,1.7,3.99,2.616371428571429,1.3392000000000002,1.0,1.157142857142857,1.6771428571428573,2.056,1.2475,1.4285714285714286,1.4578,1.1141714285714286,1.1071428571428572,1.2036571428571428
51-4121.00,"Welders, Cutters, Solderers, and Brazers",2.4,3.79,2.99,1.99,2.23,1.19,4.35,1.46,3.85,1.7105,1.302857142857143,1.025,1.1734857142857142,1.408,1.488057142857143,1.1291428571428572,1.3785714285714286,1.2200285714285717,1.0393428571428571,1.24,1.1885714285714286
51-4122.00,"Welding, Soldering, and Brazing Machine Setters, Operators, and Tenders",2.58,3.71,3.99,2.09,1.97,1.1,4.69,1.57,4.17,2.5462857142857143,1.3392000000000002,1.1743,1.268571428571429,1.6571714285714283,1.8010000000000002,1.5245714285714285,1.4691999999999998,1.660685714285714,1.3165142857142855,1.25,1.268571428571429
51-4191.00,"Heat Treating Equipment Setters, Operators, and Tenders, Metal and Plastic",2.79,4.01,3.17,1.63,2.92,1.25,4.11,1.42,4.01,2.358257142857143,1.8057142857142856,1.1326,1.2036571428571428,1.8957428571428572,1.88,1.4773857142857143,1.5785714285714287,1.41,1.0328,1.3008,1.2363428571428572
51-4192.00,"Layout Workers, Metal and Plastic",2.91,3.77,3.39,2.21,2.5,1.15,4.59,1.83,3.47,2.9695,1.4928571428571429,1.455,1.2036571428571428,2.2647285714285714,2.0976857142857144,1.9004285714285716,1.6875,2.1734285714285715,1.5378571428571428,1.2857142857142856,1.28
51-4193.00,"Plating Machine Setters, Operators, and Tenders, Metal and Plastic",2.2,3.91,3.52,2.17,2.99,1.44,4.58,1.3,4.15,2.8925714285714283,1.4249999999999998,1.1089428571428572,1.4179428571428572,1.8888571428571428,2.3287142857142857,1.6545714285714286,1.5207142857142857,1.5821142857142856,1.2461142857142855,1.3785714285714286,1.4179428571428572
51-4194.00,"Tool Grinders, Filers, and Sharpeners",2.45,3.64,3.64,2.13,2.55,1.1,4.49,1.55,3.94,2.147771428571428,1.51,1.0636,1.3571428571428572,1.4219428571428572,1.8327142857142853,1.493842857142857,1.4542857142857144,1.1892571428571428,1.2808,1.32,1.3785714285714286
51-5111.00,Prepress Technicians and Workers,2.56,4.1,3.15,2.6,3.02,1.42,4.69,1.18,3.96,2.7865,1.625,1.2406857142857142,1.4906285714285716,1.839742857142857,1.9945142857142857,1.5554285714285716,1.7385714285714284,1.6183,1.8916857142857144,1.6063428571428573,1.6391999999999998
51-5112.00,Printing Press Operators,2.4,4.02,3.84,3.05,2.35,1.48,4.6,1.55,4.28,2.4871857142857143,1.4910714285714284,1.872757142857143,1.2857142857142856,2.200614285714286,2.513114285714286,2.1847,1.6875,1.7896,1.8884571428571428,1.4192,1.4691999999999998
51-5113.00,Print Binding and Finishing Workers,2.28,3.57,3.29,2.51,2.23,1.18,4.7,1.12,4.55,2.3848571428571432,1.7385714285714284,1.2413142857142856,1.3008,1.8628285714285715,1.888,1.4176,1.6063428571428573,1.6384714285714286,1.4686285714285716,1.5207142857142857,1.36
51-6011.00,Laundry and Dry-Cleaning Workers,2.09,3.23,2.82,2.49,2.57,1.49,3.85,1.8,3.72,1.9888857142857144,1.4179428571428572,1.4240285714285714,1.3785714285714286,1.6522428571428571,1.7504285714285714,1.6,1.604285714285714,1.6788571428571428,1.2461142857142855,1.4691999999999998,1.3785714285714286
51-6021.00,"Pressers, Textile, Garment, and Related Materials",2.05,3.43,2.24,2.58,2.65,1.35,4.08,1.9,3.46,2.1716571428571427,1.0135714285714286,1.3111000000000002,1.12,1.4106142857142858,1.394285714285714,1.5112,1.25,1.1872857142857145,1.071842857142857,1.1885714285714286,1.1339285714285714
51-6031.00,Sewing Machine Operators,2.05,3.55,2.32,1.48,2.66,1.07,3.52,1.79,3.42,2.0261714285714287,1.268571428571429,1.094757142857143,1.1607142857142858,1.354142857142857,1.547642857142857,1.3436571428571429,1.3706285714285715,1.2497142857142858,1.1010857142857142,1.1607142857142858,1.1607142857142858
51-6041.00,Shoe and Leather Workers and Repairers,2.21,4.25,2.25,3.51,2.75,1.01,4.72,1.02,2.51,1.863357142857143,1.3785714285714286,1.4874571428571428,1.2142857142857144,1.604457142857143,1.8555,1.7546857142857144,1.604285714285714,1.8161142857142856,1.3660714285714284,1.604285714285714,1.3785714285714286
51-6042.00,Shoe Machine Operators and Tenders,2.61,4.23,3.08,1.68,3.26,1.93,4.21,1.53,3.87,2.0944000000000003,1.24,1.3483714285714286,1.2208,1.7557,1.8575714285714284,1.5945142857142856,1.3571428571428572,1.6138000000000003,1.2694857142857143,1.24,1.32
51-6051.00,"Sewers, Hand",2.08,3.36,3.51,3.15,1.95,1.16,4.47,1.87,4.13,1.7832142857142856,1.2857142857142856,1.1682857142857144,1.2036571428571428,1.17,1.4685714285714286,1.174642857142857,1.3008,1.026957142857143,1.0704142857142858,1.32,1.1885714285714286
51-6052.00,"Tailors, Dressmakers, and Custom Sewers",2.0,3.8,3.24,3.98,2.42,1.16,3.74,1.65,3.67,1.5881142857142858,1.3008,1.9599,1.3392000000000002,1.1098,1.21,1.5097857142857145,1.7734857142857143,1.23,1.3667142857142858,1.6364285714285711,1.32
51-6061.00,Textile Bleaching and Dyeing Machine Operators and Tenders,1.97,4.17,2.94,2.08,2.64,1.23,4.58,1.81,4.05,2.317171428571428,1.302857142857143,1.0846,1.268571428571429,1.4089,1.7360285714285713,1.422942857142857,1.5207142857142857,1.354857142857143,1.0613142857142857,1.25,1.268571428571429
51-6062.00,"Textile Cutting Machine Setters, Operators, and Tenders",2.48,3.35,2.43,1.54,3.14,1.1,4.7,1.04,3.53,2.1954,1.467857142857143,1.0375285714285714,1.2036571428571428,1.5790428571428572,1.9010285714285715,1.4337142857142855,1.4028571428571428,1.5139857142857145,1.1272857142857142,1.2036571428571428,1.2036571428571428
51-6063.00,"Textile Knitting and Weaving Machine Setters, Operators, and Tenders",2.19,3.75,2.62,1.44,2.38,1.04,4.25,1.87,3.65,2.4968571428571424,1.32,1.2048285714285714,1.1106285714285715,1.4004571428571428,1.9446571428571429,1.278,1.3571428571428572,1.6095714285714284,1.170057142857143,1.2592,1.1222285714285714
51-6064.00,"Textile Winding, Twisting, and Drawing Out Machine Setters, Operators, and Tenders",1.98,3.67,2.58,1.65,2.54,1.28,3.8,1.62,4.01,2.216757142857143,1.4928571428571429,1.071742857142857,1.2036571428571428,1.3000571428571428,1.7577142857142858,1.2542857142857142,1.4285714285714286,1.351785714285714,1.1331714285714285,1.2857142857142856,1.2036571428571428
51-6091.00,"Extruding and Forming Machine Setters, Operators, and Tenders, Synthetic and Glass Fibers",3.08,4.45,3.63,2.21,2.81,1.18,4.92,2.35,4.56,2.5329714285714284,1.4249999999999998,1.0398571428571428,1.3392000000000002,1.8555428571428567,2.0984285714285718,1.4950714285714286,1.6063428571428573,1.6939428571428572,1.1037,1.3392000000000002,1.3785714285714286
51-6092.00,Fabric and Apparel Patternmakers,2.88,4.52,4.24,2.54,2.34,1.06,4.78,1.52,4.53,2.950457142857143,1.8057142857142856,1.0161142857142855,1.5614285714285714,1.5236,1.8626285714285715,1.359357142857143,1.7734857142857143,1.598,1.8398,1.7385714285714284,1.6063428571428573
51-6093.00,Upholsterers,2.38,3.65,3.15,2.59,2.78,1.54,3.79,1.53,3.08,1.9311142857142856,1.5614285714285714,1.7215,1.4435714285714285,1.6901714285714289,1.6763428571428571,1.7186285714285714,1.6714285714285717,1.504,1.931914285714286,1.7734857142857143,1.5357142857142858
51-7011.00,Cabinetmakers and Bench Carpenters,2.27,4.03,3.39,3.23,3.25,1.0,4.88,1.21,3.85,1.9507142857142856,1.4017857142857142,1.8416,1.2857142857142856,1.2816,1.4140714285714284,1.6,1.5508,1.3583571428571428,1.5243428571428572,1.394285714285714,1.4017857142857142
51-7021.00,Furniture Finishers,2.83,3.3,3.18,1.45,2.39,1.18,3.88,1.77,3.75,2.353942857142857,1.655,1.3464142857142858,1.3785714285714286,1.6525999999999998,1.9083,1.8440714285714288,1.655,1.630628571428571,1.3921142857142856,1.7036571428571428,1.4285714285714286
51-7031.00,"Model Makers, Wood",2.47,3.77,3.26,2.26,2.16,1.4,4.21,1.54,3.51,2.7275714285714283,1.3571428571428572,1.0131428571428571,1.1607142857142858,2.2815000000000003,1.7008,1.402,1.595,1.2447857142857144,1.2442857142857142,1.4435714285714285,1.32
51-7032.00,"Patternmakers, Wood",3.0,4.2,3.82,3.36,2.37,1.38,4.4,2.01,4.14,2.1270285714285717,1.3392000000000002,1.042342857142857,1.1607142857142858,1.6033285714285714,1.5751428571428572,1.1773714285714283,1.7036571428571428,1.222942857142857,1.814142857142857,1.3008,1.22
51-7041.00,"Sawing Machine Setters, Operators, and Tenders, Wood",2.03,3.94,3.17,1.2,2.21,1.15,4.3,1.41,3.73,2.1912285714285717,1.302857142857143,1.0434571428571429,1.2036571428571428,1.4370714285714286,1.7967,1.394342857142857,1.4821428571428572,1.4498285714285717,1.102,1.2036571428571428,1.2036571428571428
51-7042.00,"Woodworking Machine Setters, Operators, and Tenders, Except Sawing",2.58,3.64,3.18,2.28,2.76,1.23,4.85,1.55,4.19,1.9433428571428573,1.22,1.0235714285714286,1.1734857142857142,1.2499,1.3811428571428572,1.1476,1.3571428571428572,1.3220714285714286,1.0432,1.1734857142857142,1.22
51-8011.00,Nuclear Power Reactor Operators,3.48,4.69,4.4,2.13,2.89,1.12,5.0,2.99,4.89,3.4642,1.8571428571428568,1.0648,1.6875,2.2331,2.523928571428571,1.4197142857142857,1.8914285714285717,2.0092,1.5421428571428573,1.7734857142857143,1.7734857142857143
51-8012.00,Power Distributors and Dispatchers,2.9,4.61,4.15,3.58,2.93,1.57,4.44,1.91,4.24,3.6719999999999993,1.7200000000000002,1.3771142857142855,1.6063428571428573,1.624942857142857,2.1432571428571427,1.6358,1.655,1.3094,3.0925857142857143,1.6665142857142858,1.6063428571428573
51-8013.00,Power Plant Operators,3.01,4.56,3.65,2.3,2.69,1.16,4.64,1.72,4.59,2.853357142857143,1.4,1.1310857142857142,1.2857142857142856,1.9564285714285716,2.455542857142857,1.6768,1.7734857142857143,1.7371,1.3006428571428572,1.5165142857142857,1.3392000000000002
51-8013.03,Biomass Plant Technicians,2.66,4.27,3.94,2.39,2.92,1.05,4.8,1.2,4.45,2.8786,1.6875,1.2413714285714286,1.5300000000000002,2.2660142857142858,2.4738285714285717,1.8037,1.7200000000000002,1.7592,1.638,1.7200000000000002,1.5785714285714287
51-8013.04,Hydroelectric Plant Technicians,3.01,4.42,3.75,2.81,3.11,1.4,4.88,1.52,4.61,2.636228571428572,1.6063428571428573,1.2086,1.3392000000000002,1.7674285714285718,2.0034,1.556,1.7385714285714284,1.7291714285714286,1.5137714285714288,1.5207142857142857,1.5357142857142858
51-8021.00,Stationary Engineers and Boiler Operators,3.26,4.73,4.23,3.36,3.28,2.29,4.64,2.15,4.67,2.9241714285714284,1.7200000000000002,1.440142857142857,1.4435714285714285,2.4544,2.5517,2.1232,1.5625,2.243314285714286,1.835,1.32,1.4285714285714286
51-8031.00,Water and Wastewater Treatment Plant and System Operators,2.54,4.0,3.26,3.46,2.61,1.58,4.81,2.08,4.09,3.001428571428572,1.7200000000000002,2.2455,1.268571428571429,2.4926,2.734385714285714,1.9463714285714289,1.6875,2.035771428571429,2.099285714285714,1.4542857142857144,1.2857142857142856
51-8091.00,Chemical Plant and System Operators,2.41,4.36,3.81,1.68,2.77,1.21,4.99,1.34,4.1,2.200142857142857,1.6063428571428573,1.0254571428571428,1.3785714285714286,1.3963142857142858,2.454857142857143,1.3293142857142857,1.6063428571428573,1.3043857142857145,1.021728571428571,1.4542857142857144,1.4179428571428572
51-8092.00,Gas Plant Operators,2.75,4.2,3.72,2.81,2.44,1.14,4.49,1.81,4.41,2.860371428571429,1.6875,1.1687285714285711,1.5357142857142858,1.867942857142857,2.245,1.4605714285714284,1.8057142857142856,1.4939714285714285,1.6446142857142858,1.3785714285714286,1.6063428571428573
51-8093.00,"Petroleum Pump System Operators, Refinery Operators, and Gaugers",2.52,4.28,3.86,2.63,2.62,1.13,4.44,1.42,4.5,2.6297,1.6665142857142858,1.0274285714285714,1.4464285714285716,1.8229,1.8487,1.2653714285714286,1.7734857142857143,1.4909714285714286,1.3469714285714285,1.3785714285714286,1.3808
51-8099.01,Biofuels Processing Technicians,2.54,4.73,3.69,2.65,2.94,1.21,4.87,1.74,4.67,3.2719428571428577,1.8571428571428568,1.2431,1.7036571428571428,1.984,2.3716,1.8192857142857144,1.9449142857142856,2.0013,1.3235142857142856,1.7857142857142856,1.6714285714285717
51-9011.00,Chemical Equipment Operators and Tenders,2.82,4.15,4.03,1.68,2.86,1.58,4.71,1.4,4.41,2.936128571428571,1.6063428571428573,1.1588857142857143,1.231428571428571,2.1662,2.6031000000000004,1.7332857142857143,1.655,1.9737142857142855,1.3645,1.4821428571428572,1.3008
51-9012.00,"Separating, Filtering, Clarifying, Precipitating, and Still Machine Setters, Operators, and Tenders",3.52,3.21,3.0,1.39,3.43,1.52,4.57,1.4,3.82,2.6644,1.6063428571428573,1.1018285714285714,1.32,1.4489714285714286,1.9042857142857144,1.3992142857142855,1.655,1.3061714285714283,1.0928,1.4179428571428572,1.4542857142857144
51-9021.00,"Crushing, Grinding, and Polishing Machine Setters, Operators, and Tenders",2.07,3.47,3.29,2.24,1.75,1.04,4.83,1.99,3.55,2.300628571428572,1.7734857142857143,1.0064,1.231428571428571,1.4693714285714286,1.6411428571428572,1.3228571428571427,1.6875,1.4784,1.0442857142857145,1.394285714285714,1.5357142857142858
51-9022.00,"Grinding and Polishing Workers, Hand",2.49,3.92,2.38,2.03,1.99,1.18,4.64,1.19,3.68,3.383714285714286,1.3785714285714286,1.243342857142857,1.3008,3.019428571428571,2.8759,2.367457142857143,1.5207142857142857,1.4468571428571426,1.585142857142857,1.3785714285714286,1.4017857142857142
51-9023.00,"Mixing and Blending Machine Setters, Operators, and Tenders",2.77,3.92,4.25,1.69,2.7,1.1,4.63,1.42,4.47,2.377,1.36,1.1789714285714286,1.22,1.9858,2.2178571428571425,1.3732142857142855,1.6063428571428573,1.8310857142857144,1.225,1.2857142857142856,1.22
51-9031.00,"Cutters and Trimmers, Hand",1.42,3.39,2.99,1.16,1.24,1.02,2.89,1.28,3.47,1.9928285714285716,1.32,1.1885714285714286,1.2857142857142856,1.653142857142857,1.6762285714285712,1.4630285714285716,1.6875,1.5006428571428572,1.1793571428571428,1.3785714285714286,1.32
51-9032.00,"Cutting and Slicing Machine Setters, Operators, and Tenders",2.59,3.75,3.66,1.8,2.6,1.33,4.54,1.35,4.21,2.2921428571428573,1.3392000000000002,1.1799428571428572,1.231428571428571,2.0496,2.192285714285714,1.8339142857142856,1.625,1.692857142857143,1.1788,1.25,1.231428571428571
51-9041.00,"Extruding, Forming, Pressing, and Compacting Machine Setters, Operators, and Tenders",2.73,4.05,3.06,2.15,3.02,1.29,4.36,1.65,4.16,2.499271428571429,1.4249999999999998,1.0757142857142856,1.1607142857142858,1.684,2.0509714285714287,1.381857142857143,1.5693714285714286,1.5810000000000002,1.0824,1.25,1.25
51-9051.00,"Furnace, Kiln, Oven, Drier, and Kettle Operators and Tenders",1.93,3.65,2.87,1.46,2.47,1.03,4.38,1.47,3.81,2.801028571428572,1.3392000000000002,1.0584857142857145,1.3008,1.5785714285714287,1.8475428571428572,1.4796,1.3785714285714286,1.4965714285714289,1.0640571428571428,1.28,1.24
51-9061.00,"Inspectors, Testers, Sorters, Samplers, and Weighers",2.84,4.54,3.97,2.96,2.82,1.49,4.9,2.13,4.5,3.056785714285714,1.302857142857143,1.1805,1.36,1.6929142857142856,1.7342857142857142,1.7313428571428573,1.604285714285714,1.6642,1.3128,1.394285714285714,1.4017857142857142
51-9071.00,Jewelers and Precious Stone and Metal Workers,3.08,4.24,3.57,3.46,3.01,1.65,4.72,1.79,4.16,2.320428571428572,1.5357142857142858,2.3494857142857146,1.4017857142857142,1.702942857142857,1.9966857142857144,1.7543428571428574,1.7734857142857143,1.570857142857143,1.8064857142857145,1.6364285714285711,1.4017857142857142
51-9071.06,Gem and Diamond Workers,2.92,4.75,4.24,4.42,2.1,1.14,4.81,1.88,4.35,1.5313,1.25,1.3755428571428574,1.335714285714286,1.3240857142857143,1.2662714285714285,1.2545714285714284,1.655,1.1386,1.6613142857142855,1.75,1.6171428571428572
51-9081.00,Dental Laboratory Technicians,2.12,3.24,3.36,2.63,2.38,1.0,4.4,1.55,4.06,2.6620428571428576,1.7200000000000002,1.2402142857142855,1.4179428571428572,2.095885714285714,2.389842857142857,1.9517857142857145,1.6714285714285717,1.8555857142857144,1.9980142857142855,1.4435714285714285,1.4435714285714285
51-9082.00,Medical Appliance Technicians,2.74,4.27,3.81,3.76,2.72,1.82,4.39,2.53,3.94,2.6778571428571425,1.8914285714285717,2.055871428571429,1.5300000000000002,1.6551999999999998,2.0221714285714287,1.6906857142857143,2.071428571428572,1.7328571428571429,1.7467428571428574,1.9085714285714288,1.6391999999999998
51-9083.00,Ophthalmic Laboratory Technicians,2.82,3.4,3.22,3.31,3.48,1.3,4.18,1.43,4.06,1.8229285714285717,1.4017857142857142,1.4249714285714286,1.2592,1.4285714285714286,1.7233428571428573,1.581942857142857,1.5785714285714287,1.4524428571428571,1.202057142857143,1.655,1.3571428571428572
51-9111.00,Packaging and Filling Machine Operators and Tenders,2.51,4.4,3.77,1.95,3.29,1.4,4.18,1.81,4.04,2.3413,1.5207142857142857,1.1599,1.3571428571428572,1.7212857142857143,1.993242857142857,1.6314857142857142,1.7036571428571428,1.386542857142857,1.236,1.4179428571428572,1.3785714285714286
51-9123.00,"Painting, Coating, and Decorating Workers",2.02,3.77,3.68,3.21,2.1,1.11,4.76,1.6,3.95,3.166857142857143,1.28,1.2955857142857143,1.268571428571429,1.5349857142857144,2.0156428571428573,1.424542857142857,1.7385714285714284,1.3529714285714285,1.3075428571428571,1.4179428571428572,1.2857142857142856
51-9124.00,"Coating, Painting, and Spraying Machine Setters, Operators, and Tenders",2.37,3.52,3.28,2.01,2.35,1.23,4.48,1.89,4.1,2.1502857142857144,1.32,1.0786857142857142,1.22,1.6991999999999998,2.08,1.6852428571428573,1.595,1.8916571428571425,1.239442857142857,1.32,1.22
51-9141.00,Semiconductor Processing Technicians,2.77,3.73,3.75,1.72,2.8,1.16,3.92,1.6,4.01,2.8688,1.4017857142857142,1.1687857142857143,1.268571428571429,1.9547142857142856,2.352657142857143,1.3298285714285716,1.7385714285714284,1.7494428571428569,1.1123571428571428,1.32,1.3785714285714286
51-9151.00,Photographic Process Workers and Processing Machine Operators,2.84,4.27,2.91,4.03,3.11,1.47,4.86,1.77,3.8,2.012142857142857,1.6875,2.4455,1.7036571428571428,1.6035714285714286,1.9293714285714287,1.668742857142857,1.8057142857142856,1.1481142857142856,2.035,1.9642857142857144,1.7385714285714284
51-9161.00,Computer Numerically Controlled Tool Operators,2.6,4.03,3.48,1.91,2.41,1.28,4.22,1.66,3.75,2.469785714285714,1.7200000000000002,1.038857142857143,1.231428571428571,1.7896,1.953457142857143,1.7695999999999998,1.7036571428571428,1.3652571428571427,1.1869,1.25,1.22
51-9162.00,Computer Numerically Controlled Tool Programmers,2.62,3.44,3.28,2.22,2.54,1.15,4.55,1.73,3.74,2.6342857142857143,1.6171428571428572,1.1271428571428572,1.1607142857142858,1.627442857142857,2.0008142857142857,1.3504,1.6063428571428573,1.4122142857142856,1.5807857142857142,1.268571428571429,1.3214285714285714
51-9191.00,Adhesive Bonding Machine Operators and Tenders,2.82,4.61,3.27,2.32,2.99,2.08,4.43,2.36,3.74,2.3665571428571432,1.4249999999999998,1.0048285714285714,1.2036571428571428,1.5814,2.040714285714285,1.1690571428571428,1.6391999999999998,2.111485714285714,1.0172714285714286,1.3571428571428572,1.268571428571429
51-9192.00,"Cleaning, Washing, and Metal Pickling Equipment Operators and Tenders",2.5,3.69,2.97,1.25,2.6,1.05,4.25,1.96,4.11,2.7496,1.32,1.1979571428571427,1.2857142857142856,1.5784000000000002,1.8772857142857144,1.8748142857142855,1.5300000000000002,1.6195857142857142,1.0909285714285717,1.32,1.2857142857142856
51-9193.00,Cooling and Freezing Equipment Operators and Tenders,2.27,3.83,3.74,1.96,2.22,1.05,4.69,2.13,4.02,2.8666142857142862,1.6875,1.2418857142857145,1.394285714285714,1.9136285714285712,2.269,1.5088,1.595,1.7328571428571429,1.4114285714285713,1.4179428571428572,1.4285714285714286
51-9194.00,Etchers and Engravers,1.98,3.41,3.03,2.76,2.25,1.14,4.93,1.2,3.36,2.265371428571428,1.3785714285714286,1.3876,1.25,1.5610000000000002,1.9835714285714283,1.4599,1.5625,1.4221,1.7599999999999998,1.3785714285714286,1.32
51-9195.00,"Molders, Shapers, and Casters, Except Metal and Plastic",2.22,3.99,3.61,2.26,2.17,1.24,3.79,1.68,4.1,2.525428571428572,1.3785714285714286,1.1709714285714286,1.3008,1.424642857142857,1.624,1.444257142857143,1.5508,1.3840571428571429,1.1417428571428572,1.3571428571428572,1.2857142857142856
51-9195.03,"Stone Cutters and Carvers, Manufacturing",2.36,3.38,3.22,2.67,1.92,1.29,4.36,1.56,3.74,2.940157142857143,1.36,1.5691428571428572,1.2592,2.213557142857143,2.3502,2.1260571428571424,1.625,2.0020571428571428,1.420742857142857,1.289285714285714,1.2142857142857144
51-9195.04,"Glass Blowers, Molders, Benders, and Finishers",2.03,3.27,2.51,2.38,1.95,1.04,4.22,1.28,3.83,2.1901714285714284,1.3808,1.0105,1.3008,1.1721714285714286,1.4408285714285716,1.0379285714285715,1.5614285714285714,1.0816,1.0204,1.25,1.394285714285714
51-9195.05,"Potters, Manufacturing",2.15,3.69,2.83,4.32,1.89,1.08,4.28,2.26,3.25,1.3483,1.22,1.9820285714285717,1.147857142857143,1.0925714285714283,1.1617,1.1560714285714284,1.7385714285714284,1.0632,1.8415,1.394285714285714,1.2857142857142856
51-9196.00,"Paper Goods Machine Setters, Operators, and Tenders",2.91,4.43,3.52,2.2,2.5,1.15,4.72,2.66,4.52,2.5265142857142857,1.3392000000000002,1.1023,1.3785714285714286,2.136,2.194042857142857,1.561,1.6714285714285717,2.017857142857143,1.2185857142857142,1.4179428571428572,1.4179428571428572
51-9197.00,Tire Builders,2.82,3.79,2.12,2.09,2.86,1.6,4.4,1.37,2.98,2.324,1.268571428571429,1.358742857142857,1.1339285714285714,1.6139428571428571,1.8053571428571429,1.7202285714285714,1.394285714285714,1.7295285714285713,1.1335,1.28,1.1734857142857142
51-9198.00,Helpers--Production Workers,2.15,3.84,2.99,1.99,2.1,1.39,4.31,1.58,3.89,2.301614285714286,1.2857142857142856,1.2341428571428572,1.1257142857142857,1.4039285714285714,1.5110714285714284,1.3846857142857143,1.4628571428571429,1.4961571428571427,1.324757142857143,1.24,1.1734857142857142
53-1041.00,Aircraft Cargo Handling Supervisors,4.03,4.89,3.97,4.25,3.73,1.99,4.94,2.73,4.85,3.1936000000000004,1.9085714285714288,2.4482285714285714,1.5357142857142858,2.5122857142857145,2.5390000000000006,2.47,2.044642857142857,2.576657142857143,2.3747714285714285,1.7036571428571428,1.6875
53-1042.00,"First-Line Supervisors of Helpers, Laborers, and Material Movers, Hand",3.66,4.93,4.34,4.0,3.03,1.51,4.97,2.91,4.92,3.115,1.9085714285714288,1.2854571428571429,1.8571428571428568,2.8257142857142856,2.608,2.5488,1.9657142857142855,2.672457142857143,2.2016142857142857,1.6875,1.837942857142857
53-1042.01,Recycling Coordinators,3.19,4.69,4.11,4.31,3.44,1.56,4.89,2.65,4.4,3.6645000000000008,1.7734857142857143,2.8505857142857143,1.6942857142857144,2.6792285714285717,2.5910714285714285,3.199942857142857,2.0028571428571427,2.5726714285714287,3.553857142857143,1.822857142857143,1.9842857142857144
53-1043.00,First-Line Supervisors of Material-Moving Machine and Vehicle Operators,4.01,4.89,4.05,4.6,3.83,1.51,4.96,2.64,4.66,3.471885714285715,1.9449142857142856,2.191985714285714,1.872228571428572,3.058828571428572,2.370142857142857,2.673285714285714,2.31,2.8522,2.3345714285714285,1.8571428571428568,1.8571428571428568
53-2011.00,"Airline Pilots, Copilots, and Flight Engineers",3.47,4.43,3.68,3.34,3.14,1.63,4.62,3.73,4.55,2.6242857142857146,2.142857142857143,1.6192857142857144,1.6063428571428573,1.9061,1.8133285714285716,2.1271,2.044642857142857,1.8569,1.4963428571428572,1.7734857142857143,1.655
53-2012.00,Commercial Pilots,2.94,4.39,3.9,2.89,2.79,1.2,4.39,2.0,4.68,3.8026,1.9657142857142855,2.8689142857142853,1.4,1.9231285714285715,3.526942857142857,2.121314285714286,1.8571428571428568,2.4554,3.0494857142857144,1.7734857142857143,1.8057142857142856
53-2021.00,Air Traffic Controllers,4.4,4.71,4.14,4.25,3.49,1.36,4.12,1.94,4.81,3.4258428571428574,2.023657142857143,2.562971428571428,1.5207142857142857,2.7722999999999995,3.304342857142857,1.7291142857142858,2.105,1.7115428571428573,2.113771428571429,2.023657142857143,1.7734857142857143
53-2022.00,Airfield Operations Specialists,3.62,4.92,4.37,4.77,3.66,1.69,4.86,2.66,4.75,3.4214285714285717,2.0028571428571427,2.3857142857142857,1.8057142857142856,2.5227142857142857,2.5405,2.571371428571428,1.9085714285714288,2.250542857142857,2.3408571428571427,1.8571428571428568,1.7200000000000002
53-2031.00,Flight Attendants,4.39,4.87,3.99,4.87,4.6,2.79,4.73,4.94,4.53,2.176685714285714,1.7734857142857143,3.6942142857142857,1.7385714285714284,1.330857142857143,1.5051428571428571,2.638285714285714,2.2767857142857144,1.3243,1.6571285714285715,2.422142857142857,1.822857142857143
53-3011.00,"Ambulance Drivers and Attendants, Except Emergency Medical Technicians",2.93,4.66,3.81,4.06,3.61,2.51,4.3,2.35,4.17,2.2722285714285717,1.8571428571428568,3.1002571428571426,1.655,1.6439999999999997,1.9592,1.8701714285714288,1.9449142857142856,1.6124571428571428,1.7047857142857143,2.1142857142857143,1.655
53-3031.00,Driver/Sales Workers,2.85,4.37,2.55,4.3,3.35,1.19,4.6,2.92,3.28,2.3182,1.3008,3.023142857142857,1.7200000000000002,1.1222285714285714,1.1604857142857143,1.3948428571428573,1.822857142857143,1.3934285714285712,1.7820285714285715,1.9085714285714288,1.8057142857142856
53-3032.00,Heavy and Tractor-Trailer Truck Drivers,2.47,4.17,3.06,3.75,3.17,1.63,4.06,1.8,3.6,2.4454857142857147,1.22,1.7611428571428571,1.2857142857142856,1.3694857142857144,1.426885714285714,1.626642857142857,1.595,1.2074571428571428,2.0234571428571426,1.4285714285714286,1.22
53-3033.00,Light Truck Drivers,2.25,4.56,3.06,4.08,2.6,1.1,3.68,1.88,3.47,3.0223,1.289285714285714,2.1226857142857143,1.1885714285714286,1.6692571428571428,1.866442857142857,2.2865714285714285,1.595,1.5599999999999998,2.111214285714285,1.5,1.25
53-3051.00,"Bus Drivers, School",3.01,4.26,2.69,3.3,2.75,1.62,4.13,1.46,3.42,2.2482285714285712,1.4691999999999998,1.739442857142857,1.3571428571428572,1.3861142857142856,1.8057142857142856,2.0379571428571426,1.9642857142857144,1.4594285714285715,1.2276571428571428,1.7485714285714289,1.4928571428571429
53-3052.00,"Bus Drivers, Transit and Intercity",3.15,4.53,2.71,3.87,3.61,2.17,3.93,2.1,3.2,2.773942857142857,1.2142857142857144,3.0022857142857142,1.2592,1.6821142857142857,2.3083714285714283,2.0480714285714288,1.68,1.3084857142857145,2.364342857142857,1.7934857142857146,1.375
53-3053.00,Shuttle Drivers and Chauffeurs,3.2,4.27,2.89,4.38,3.48,2.24,3.71,1.69,3.86,2.901714285714286,1.3808,2.7174857142857145,1.4249999999999998,2.008514285714286,1.839742857142857,2.057257142857143,1.9085714285714288,1.7057142857142855,1.8865714285714288,1.8328571428571427,1.4691999999999998
53-4011.00,Locomotive Engineers,3.17,4.6,4.34,3.23,3.13,2.02,4.79,1.87,4.76,2.9032,1.5165142857142857,1.429,1.25,1.9387714285714288,2.2566571428571427,1.5066285714285717,1.655,1.5588571428571427,1.3819,1.3706285714285715,1.25
53-4013.00,"Rail Yard Engineers, Dinkey Operators, and Hostlers",3.07,4.31,4.16,2.66,2.81,1.18,4.7,2.28,4.89,3.307257142857143,1.7200000000000002,1.6877142857142855,1.22,2.7238,2.4541428571428567,2.0738,1.4906285714285716,2.075142857142857,2.064571428571429,1.4628571428571429,1.345
53-4022.00,"Railroad Brake, Signal, and Switch Operators and Locomotive Firers",2.79,4.28,3.5,2.6,2.75,1.79,4.7,1.36,4.36,2.571428571428571,1.625,1.3967428571428573,1.3392000000000002,1.864957142857143,1.8685714285714283,1.4714285714285715,1.7485714285714289,1.5159285714285713,1.3788571428571428,1.4821428571428572,1.51
53-4031.00,Railroad Conductors and Yardmasters,3.09,4.52,3.96,3.27,2.77,1.51,4.91,1.3,4.49,2.677314285714285,1.8057142857142856,1.4588,1.4542857142857144,1.6194285714285714,1.742457142857143,1.4454,1.8057142857142856,1.318857142857143,1.4789285714285714,1.7036571428571428,1.8571428571428568
53-4041.00,Subway and Streetcar Operators,3.47,4.39,2.9,4.36,4.25,3.24,3.46,2.38,3.98,2.9414285714285717,1.4928571428571429,3.694342857142857,1.4906285714285716,1.6136,1.859942857142857,1.7938,1.822857142857143,1.1126285714285715,2.2074857142857143,1.872228571428572,1.5300000000000002
53-5011.00,Sailors and Marine Oilers,2.82,4.41,3.6,2.81,3.08,1.62,4.33,2.08,4.05,2.7645142857142857,1.6942857142857144,1.3529285714285717,1.5357142857142858,1.8812285714285717,2.4706857142857137,1.9715,1.7734857142857143,1.6009142857142855,1.484714285714286,1.7734857142857143,1.655
53-5021.00,"Captains, Mates, and Pilots of Water Vessels",3.21,4.58,3.91,3.49,2.93,1.61,4.81,2.54,4.43,2.7303428571428574,1.9085714285714288,1.7782999999999998,1.7036571428571428,2.380585714285714,2.5445714285714285,2.007428571428571,1.9085714285714288,2.0246,2.1564,1.7734857142857143,1.7857142857142856
53-5022.00,Motorboat Operators,2.81,4.29,3.91,4.38,3.51,1.7,4.47,2.69,3.86,2.539257142857143,1.7734857142857143,2.3817142857142857,1.5508,1.5527142857142855,1.9875714285714283,1.9689142857142856,1.8571428571428568,1.772257142857143,2.288142857142857,1.8571428571428568,1.4691999999999998
53-5031.00,Ship Engineers,3.11,3.97,3.65,2.84,2.83,1.29,4.53,1.67,4.36,2.9771714285714284,1.7200000000000002,1.6591,1.2857142857142856,1.939085714285714,2.4857142857142858,2.006457142857143,1.8057142857142856,1.689,2.1776142857142853,1.6875,1.2857142857142856
53-6011.00,Bridge and Lock Tenders,2.16,4.2,2.63,3.55,2.63,1.15,3.89,1.65,3.47,2.692857142857143,1.655,2.083428571428572,1.4542857142857144,1.9411428571428573,2.2210714285714284,1.6054285714285714,1.5207142857142857,1.3955714285714285,1.6965714285714286,1.7036571428571428,1.5207142857142857
53-6021.00,Parking Attendants,2.72,4.6,3.54,4.25,3.53,1.34,4.26,2.23,3.8,2.2057857142857142,1.394285714285714,2.3688714285714285,1.394285714285714,1.2513571428571428,1.4920571428571427,1.42,1.68,1.2166,1.7979142857142856,1.85,1.3125
53-6031.00,Automotive and Watercraft Service Attendants,3.43,4.51,3.34,4.41,3.64,1.43,4.96,2.09,4.13,2.0492,1.3571428571428572,2.740342857142857,1.4906285714285716,1.745714285714286,1.8057142857142856,1.5814,1.604285714285714,1.3610285714285717,2.541714285714286,1.9085714285714288,1.5207142857142857
53-6041.00,Traffic Technicians,2.69,3.82,3.66,3.82,2.59,1.16,4.27,1.74,4.07,2.458342857142857,1.7734857142857143,2.0896,1.7200000000000002,1.2792571428571429,1.4657714285714285,1.6885,1.8571428571428568,1.3846857142857143,2.1438428571428574,1.7734857142857143,1.7734857142857143
53-6051.00,Transportation Inspectors,2.59,4.49,3.46,3.68,2.85,1.19,4.13,1.94,3.38,3.1483428571428576,1.655,1.4753714285714286,1.51,1.3830571428571428,1.7904571428571427,2.035557142857143,1.9085714285714288,1.260042857142857,2.7262000000000004,1.6665142857142858,1.6063428571428573
53-6051.01,Aviation Inspectors,3.13,4.39,4.21,4.23,2.57,1.44,4.86,2.14,4.12,3.1816,1.837942857142857,2.184,1.7734857142857143,2.283657142857143,2.7078285714285717,2.6247142857142856,1.8571428571428568,1.9466714285714288,2.841828571428572,1.8571428571428568,1.8057142857142856
53-6051.07,"Transportation Vehicle, Equipment and Systems Inspectors, Except Aviation",3.11,4.72,3.8,2.66,3.04,1.42,4.9,1.41,3.87,2.310257142857143,1.32,1.040857142857143,1.3008,1.1754571428571428,1.1839857142857144,1.205128571428571,1.6875,1.3211285714285714,1.132,1.394285714285714,1.3392000000000002
53-6061.00,Passenger Attendants,2.54,4.14,1.9,3.23,4.03,2.58,3.65,1.39,3.38,1.8024,1.4821428571428572,1.645,1.5693714285714286,1.3545142857142856,1.313942857142857,2.2597,2.225714285714286,1.4628428571428571,1.2227,2.5428571428571427,1.7857142857142856
53-7011.00,Conveyor Operators and Tenders,2.65,3.43,3.53,1.76,2.29,1.41,3.48,2.7,4.09,2.6420714285714286,1.6875,1.289157142857143,1.3392000000000002,1.7475999999999998,1.9522,1.7194571428571428,1.655,1.7090285714285716,1.5525,1.5625,1.4542857142857144
53-7021.00,Crane and Tower Operators,2.57,4.55,3.37,2.21,2.64,1.08,4.54,1.91,4.36,2.6195,1.4017857142857142,1.3885714285714286,1.32,1.7319999999999998,1.68,1.4929428571428571,1.4285714285714286,1.9417,1.620857142857143,1.32,1.3571428571428572
53-7031.00,Dredge Operators,2.53,4.26,2.86,1.5,1.58,1.14,4.91,1.6,3.88,2.2294857142857145,1.5165142857142857,1.2781428571428572,1.335714285714286,1.5294285714285714,1.6448,1.2005571428571429,1.595,1.3579428571428571,1.2150285714285716,1.3008,1.3571428571428572
53-7041.00,Hoist and Winch Operators,3.2,4.08,3.36,2.51,3.37,1.72,4.76,1.3,4.74,3.2761857142857145,1.7142857142857144,1.0971142857142857,1.4906285714285716,1.6134857142857142,2.6206571428571426,1.315,1.6814285714285715,1.847171428571429,1.0704142857142858,1.5625,1.5625
53-7051.00,Industrial Truck and Tractor Operators,2.14,4.08,3.68,2.48,2.56,1.36,4.42,1.61,3.98,2.5282142857142857,1.2857142857142856,1.5856571428571429,1.231428571428571,2.391657142857143,2.1883857142857144,1.7979999999999998,1.4628571428571429,1.778857142857143,1.6990142857142856,1.28,1.25
53-7061.00,Cleaners of Vehicles and Equipment,2.71,3.57,2.9,2.45,2.0,1.23,4.05,1.27,3.72,2.4672,1.16,2.0775428571428574,1.16,2.200342857142857,2.2118857142857147,1.933142857142857,1.32,2.134642857142857,1.813428571428572,1.3706285714285715,1.1257142857142857
53-7062.00,"Laborers and Freight, Stock, and Material Movers, Hand",2.4,3.76,3.47,2.83,3.1,1.17,4.08,2.41,4.13,2.26,1.335714285714286,1.232,1.25,1.8436,1.8056,1.6464285714285716,1.394285714285714,1.681942857142857,1.1574285714285717,1.2857142857142856,1.268571428571429
53-7062.04,Recycling and Reclamation Workers,2.11,4.02,3.33,2.33,2.25,1.33,3.94,1.82,3.67,3.1461999999999994,1.32,1.8376857142857144,1.1885714285714286,1.9455,2.277257142857142,1.5986285714285713,1.6063428571428573,1.9504,1.5565000000000002,1.4821428571428572,1.2142857142857144
53-7063.00,Machine Feeders and Offbearers,2.54,3.87,3.21,1.87,2.51,1.33,4.06,1.96,3.85,1.9330571428571428,1.268571428571429,1.0272,1.2036571428571428,1.3611857142857142,1.4784,1.2446714285714284,1.4542857142857144,1.355457142857143,1.0490142857142857,1.268571428571429,1.268571428571429
53-7064.00,"Packers and Packagers, Hand",1.93,4.26,3.64,2.69,2.19,1.59,4.56,1.77,4.03,2.375114285714286,1.1257142857142857,1.4117142857142857,1.0549142857142857,2.3176,2.2678857142857143,1.7506,1.3008,1.8177,1.4885714285714284,1.32,1.0549142857142857
53-7065.00,Stockers and Order Fillers,2.5,4.5,3.4,4.09,3.31,1.49,4.87,2.28,4.18,2.3488,1.335714285714286,2.0605714285714285,1.28,1.6598714285714284,1.7047857142857143,1.5746714285714285,1.7036571428571428,1.6769285714285715,1.678257142857143,1.6714285714285717,1.335714285714286
53-7071.00,Gas Compressor and Gas Pumping Station Operators,2.59,4.07,3.42,2.36,2.5,1.17,4.45,2.45,4.51,2.789142857142857,1.4821428571428572,1.394342857142857,1.3785714285714286,1.7806857142857142,2.6458,1.6902857142857144,1.595,1.7035,1.7810285714285716,1.3785714285714286,1.3785714285714286
53-7072.00,"Pump Operators, Except Wellhead Pumpers",1.92,4.25,3.11,2.9,2.21,1.15,4.58,1.62,3.85,3.0691428571428574,1.7036571428571428,1.1405714285714286,1.3785714285714286,1.7147714285714286,1.9337142857142855,2.0512,1.5625,1.5901999999999998,1.745714285714286,1.4179428571428572,1.4179428571428572
53-7073.00,Wellhead Pumpers,2.62,4.12,3.13,3.43,2.52,1.38,4.34,1.59,3.81,2.8363428571428573,1.32,1.4767,1.1428571428571428,2.0213714285714284,2.261257142857142,1.6636857142857142,1.4542857142857144,1.9824,1.5995428571428572,1.157142857142857,1.1785714285714286
53-7081.00,Refuse and Recyclable Material Collectors,2.44,3.61,2.56,2.78,2.91,1.34,3.73,1.06,2.93,2.042828571428571,1.1885714285714286,1.4085,1.268571428571429,1.282857142857143,1.1202571428571428,1.0637,1.4542857142857144,1.431742857142857,1.4845142857142857,1.3706285714285715,1.2857142857142856
53-7121.00,"Tank Car, Truck, and Ship Loaders",3.71,4.47,4.07,3.05,2.82,1.3,4.84,2.11,4.61,3.1842,1.5614285714285714,1.1918857142857142,1.3785714285714286,1.969942857142857,2.3475,1.9004285714285716,1.4906285714285716,1.8078428571428573,1.5680999999999998,1.3785714285714286,1.302857142857143
